datetime,open,high,low,close,volume
2026-08-03 00:00:00+00:00,587.8499755859375,587.8499755859375,583.6900024414062,584.5499877929688,0
2026-08-03 01:00:00+00:00,584.5499877929688,584.9299926757812,583.3699951171875,583.8900146484375,0
2026-08-03 02:00:00+00:00,583.6799926757812,585.6699829101562,583.3699951171875,585.1199951171875,0
2026-08-03 03:00:00+00:00,585.0900268554688,585.280029296875,582.0900268554688,582.47998046875,0
2026-08-03 04:00:00+00:00,582.47998046875,583.6099853515625,581.9199829101562,581.9199829101562,0
2026-08-03 05:00:00+00:00,581.8400268554688,582.8800048828125,581.52001953125,582.25,0
2026-08-03 06:00:00+00:00,582.25,582.760009765625,581.219970703125,581.75,109376
2026-08-03 07:00:00+00:00,581.75,583.2899780273438,581.3099975585938,583.0599975585938,1224832
2026-08-03 08:00:00+00:00,583.0599975585938,583.6400146484375,580.3300170898438,583.510009765625,4142720
2026-08-03 09:00:00+00:00,583.510009765625,585.969970703125,583.2899780273438,585.969970703125,15125504
2026-08-03 10:00:00+00:00,585.9199829101562,587.010009765625,585.4000244140625,586.5499877929688,13445696
2026-08-03 11:00:00+00:00,586.5499877929688,586.989990234375,585.0,585.0999755859375,3700032
2026-08-03 12:00:00+00:00,585.2999877929688,586.8800048828125,584.5999755859375,585.9500122070312,1931648
2026-08-03 13:00:00+00:00,586.1699829101562,587.6400146484375,583.6199951171875,587.6400146484375,24717952
2026-08-03 14:00:00+00:00,587.6400146484375,589.4400024414062,585.9600219726562,588.72998046875,29991552
2026-08-03 15:00:00+00:00,588.72998046875,593.010009765625,588.72998046875,591.8499755859375,22252736
2026-08-03 16:00:00+00:00,591.8499755859375,593.5700073242188,591.27001953125,591.9099731445312,7796224
2026-08-03 17:00:00+00:00,591.489990234375,593.0399780273438,590.6599731445312,591.5499877929688,17704832
2026-08-03 18:00:00+00:00,591.5499877929688,592.0399780273438,590.5800170898438,591.0,0
2026-08-03 19:00:00+00:00,591.0,592.030029296875,590.9099731445312,591.0399780273438,2766080
2026-08-03 20:00:00+00:00,591.0399780273438,592.010009765625,590.3099975585938,590.5999755859375,1412544
2026-08-03 21:00:00+00:00,590.6300048828125,590.6300048828125,589.25,589.2899780273438,0
2026-08-03 22:00:00+00:00,589.2899780273438,590.0499877929688,588.6599731445312,589.2100219726562,0
2026-08-03 23:00:00+00:00,589.239990234375,589.5399780273438,588.4199829101562,588.739990234375,206144
2026-08-04 00:00:00+00:00,588.8599853515625,589.77001953125,588.25,588.3800048828125,0
2026-08-04 01:00:00+00:00,588.3800048828125,591.6300048828125,588.3599853515625,591.4600219726562,16539328
2026-08-04 02:00:00+00:00,591.6699829101562,591.8599853515625,590.0,590.47998046875,0
2026-08-04 03:00:00+00:00,590.489990234375,590.9500122070312,589.6199951171875,590.4000244140625,0
2026-08-04 04:00:00+00:00,590.4000244140625,592.489990234375,590.0399780273438,591.489990234375,0
2026-08-04 05:00:00+00:00,591.489990234375,591.489990234375,589.0,589.1500244140625,0
2026-08-04 06:00:00+00:00,589.1500244140625,591.0700073242188,588.9500122070312,590.22998046875,5757184
2026-08-04 07:00:00+00:00,590.22998046875,590.4000244140625,589.0499877929688,589.8699951171875,0
2026-08-04 08:00:00+00:00,589.8699951171875,590.4600219726562,588.3099975585938,589.1199951171875,0
2026-08-04 09:00:00+00:00,589.52001953125,589.52001953125,587.7000122070312,588.47998046875,0
2026-08-04 10:00:00+00:00,588.6199951171875,590.0399780273438,587.4400024414062,589.3499755859375,0
2026-08-04 11:00:00+00:00,589.3499755859375,591.2999877929688,588.8699951171875,591.0700073242188,0
2026-08-04 12:00:00+00:00,591.1400146484375,591.3800048828125,589.7000122070312,591.3699951171875,2222720
2026-08-04 13:00:00+00:00,591.1199951171875,591.4199829101562,588.239990234375,588.25,0
2026-08-04 14:00:00+00:00,588.25,594.25,588.1900024414062,593.5499877929688,1919680
2026-08-04 15:00:00+00:00,593.5499877929688,594.0,590.9400024414062,592.5700073242188,0
2026-08-04 16:00:00+00:00,592.8599853515625,593.6699829101562,591.6599731445312,592.5599975585938,1177792
2026-08-04 17:00:00+00:00,592.5,593.5700073242188,591.7899780273438,592.239990234375,0
2026-08-04 18:00:00+00:00,592.239990234375,594.5900268554688,592.239990234375,593.5800170898438,6867392
2026-08-04 19:00:00+00:00,593.5999755859375,593.8499755859375,592.8099975585938,593.2100219726562,2933056
2026-08-04 20:00:00+00:00,593.0999755859375,594.260009765625,592.0499877929688,593.1199951171875,4783552
2026-08-04 21:00:00+00:00,593.239990234375,593.6500244140625,592.6099853515625,593.510009765625,0
2026-08-04 22:00:00+00:00,593.510009765625,593.5999755859375,592.719970703125,593.25,0
2026-08-04 23:00:00+00:00,593.4099731445312,594.219970703125,592.469970703125,592.72998046875,4358720
2026-08-05 00:00:00+00:00,592.6500244140625,602.0999755859375,592.6500244140625,595.469970703125,102399872
2026-08-05 01:00:00+00:00,595.9099731445312,603.739990234375,595.9099731445312,602.9299926757812,27428160
2026-08-05 02:00:00+00:00,603.1500244140625,604.739990234375,600.1199951171875,603.02001953125,31480832
2026-08-05 03:00:00+00:00,603.010009765625,603.1099853515625,597.5599975585938,598.3800048828125,18993408
2026-08-05 04:00:00+00:00,598.4099731445312,599.1300048828125,597.510009765625,598.8599853515625,4824192
2026-08-05 05:00:00+00:00,598.6799926757812,602.3699951171875,598.5900268554688,601.75,18205184
2026-08-05 06:00:00+00:00,601.739990234375,601.739990234375,600.25,600.6799926757812,1674880
2026-08-05 07:00:00+00:00,600.6799926757812,600.7000122070312,598.1500244140625,599.489990234375,4729344
2026-08-05 08:00:00+00:00,599.5,600.6300048828125,598.6900024414062,598.6900024414062,2620416
2026-08-05 09:00:00+00:00,598.6699829101562,599.0599975585938,597.469970703125,597.7100219726562,13672704
2026-08-05 10:00:00+00:00,597.030029296875,597.0800170898438,595.4299926757812,596.7899780273438,11542016
2026-08-05 11:00:00+00:00,596.7899780273438,597.8900146484375,595.7999877929688,596.260009765625,16230528
2026-08-05 12:00:00+00:00,596.260009765625,599.510009765625,595.97998046875,598.8900146484375,15676032
2026-08-05 13:00:00+00:00,598.7999877929688,600.1400146484375,597.27001953125,600.0,14786688
2026-08-05 14:00:00+00:00,600.0800170898438,602.2999877929688,598.239990234375,602.260009765625,0
2026-08-05 15:00:00+00:00,602.22998046875,603.239990234375,599.280029296875,599.280029296875,209920
2026-08-05 16:00:00+00:00,599.280029296875,601.8400268554688,598.3200073242188,598.6699829101562,0
2026-08-05 17:00:00+00:00,598.8499755859375,600.4299926757812,596.719970703125,600.3300170898438,19867904
2026-08-05 18:00:00+00:00,600.4600219726562,601.27001953125,599.3599853515625,599.6699829101562,10327040
2026-08-05 19:00:00+00:00,599.6699829101562,600.260009765625,599.1500244140625,599.1500244140625,2376832
2026-08-05 20:00:00+00:00,599.1500244140625,599.27001953125,596.9600219726562,597.030029296875,3756544
2026-08-05 21:00:00+00:00,596.8800048828125,596.8800048828125,594.6799926757812,594.6799926757812,11266688
2026-08-05 22:00:00+00:00,595.0,595.219970703125,591.8400268554688,592.1300048828125,17193856
2026-08-05 23:00:00+00:00,591.760009765625,593.8200073242188,591.4400024414062,593.280029296875,14643840
2026-08-06 00:00:00+00:00,593.3599853515625,596.22998046875,593.3599853515625,595.2000122070312,0
2026-08-06 01:00:00+00:00,595.1199951171875,595.2000122070312,593.469970703125,593.469970703125,0
2026-08-06 02:00:00+00:00,593.4600219726562,593.8900146484375,591.4400024414062,593.010009765625,0
2026-08-06 03:00:00+00:00,592.9600219726562,593.969970703125,592.6099853515625,593.9000244140625,0
2026-08-06 04:00:00+00:00,593.8200073242188,595.3499755859375,593.5999755859375,594.8499755859375,1923072
2026-08-06 05:00:00+00:00,594.8499755859375,597.72998046875,594.8499755859375,596.1699829101562,0
2026-08-06 06:00:00+00:00,596.1699829101562,596.1699829101562,594.3699951171875,594.5599975585938,0
2026-08-06 07:00:00+00:00,594.5599975585938,595.5499877929688,594.2100219726562,594.72998046875,0
2026-08-06 08:00:00+00:00,595.260009765625,595.3599853515625,594.0,594.780029296875,0
2026-08-06 09:00:00+00:00,594.739990234375,595.0399780273438,592.7000122070312,593.9400024414062,0
2026-08-06 10:00:00+00:00,594.0999755859375,594.3099975585938,592.3699951171875,592.47998046875,0
2026-08-06 11:00:00+00:00,592.6099853515625,593.8300170898438,591.9199829101562,593.3900146484375,0
2026-08-06 12:00:00+00:00,593.3900146484375,593.9400024414062,592.25,592.5399780273438,0
2026-08-06 13:00:00+00:00,592.52001953125,592.8800048828125,590.7100219726562,592.3599853515625,0
2026-08-06 14:00:00+00:00,592.7100219726562,593.6699829101562,591.25,593.1699829101562,0
2026-08-06 15:00:00+00:00,593.1500244140625,594.1400146484375,591.9600219726562,591.9600219726562,0
2026-08-06 16:00:00+00:00,592.22998046875,592.5599975585938,591.1199951171875,592.4400024414062,0
2026-08-06 17:00:00+00:00,592.4299926757812,593.2000122070312,592.1599731445312,592.5499877929688,0
2026-08-06 18:00:00+00:00,592.5900268554688,592.8900146484375,590.1500244140625,591.0700073242188,0
2026-08-06 19:00:00+00:00,591.1400146484375,591.1500244140625,589.52001953125,589.9099731445312,0
2026-08-06 20:00:00+00:00,590.010009765625,591.1900024414062,589.97998046875,591.02001953125,0
2026-08-06 21:00:00+00:00,591.02001953125,592.0900268554688,591.02001953125,591.6300048828125,0
2026-08-06 22:00:00+00:00,591.6300048828125,592.280029296875,591.0800170898438,591.4199829101562,0
2026-08-06 23:00:00+00:00,591.4199829101562,591.8599853515625,590.5599975585938,591.5700073242188,0
2026-08-07 00:00:00+00:00,591.760009765625,593.030029296875,591.4099731445312,592.3699951171875,0
2026-08-07 01:00:00+00:00,592.47998046875,593.5499877929688,592.3300170898438,592.8099975585938,0
2026-08-07 02:00:00+00:00,592.8099975585938,593.6400146484375,591.8400268554688,592.8800048828125,0
2026-08-07 03:00:00+00:00,593.1500244140625,594.1199951171875,592.2999877929688,592.2999877929688,5202048
2026-08-07 04:00:00+00:00,592.25,592.25,586.6199951171875,587.02001953125,39375424
2026-08-07 05:00:00+00:00,586.6900024414062,587.6900024414062,585.760009765625,587.239990234375,94580992
2026-08-07 06:00:00+00:00,587.1199951171875,587.5499877929688,586.0800170898438,586.5800170898438,8044160
2026-08-07 07:00:00+00:00,586.5800170898438,587.8400268554688,584.9600219726562,584.9600219726562,10763648
2026-08-07 08:00:00+00:00,585.1699829101562,588.6199951171875,585.1199951171875,588.3800048828125,13827072
2026-08-07 09:00:00+00:00,588.3800048828125,590.0800170898438,588.3800048828125,589.7999877929688,11926016
2026-08-07 10:00:00+00:00,589.7100219726562,590.4600219726562,589.2999877929688,589.8499755859375,0
2026-08-07 11:00:00+00:00,590.0499877929688,591.4500122070312,590.0499877929688,590.8699951171875,4678144
2026-08-07 12:00:00+00:00,591.1300048828125,592.780029296875,590.3699951171875,592.5,32517760
2026-08-07 13:00:00+00:00,592.5,593.0599975585938,590.8699951171875,592.1500244140625,1739904
2026-08-07 14:00:00+00:00,592.4500122070312,592.7899780273438,590.0399780273438,590.489990234375,88005632
2026-08-07 15:00:00+00:00,590.7100219726562,592.27001953125,590.5999755859375,591.8900146484375,4773632
2026-08-07 16:00:00+00:00,591.8900146484375,593.7999877929688,591.8900146484375,592.280029296875,169663744
2026-08-07 17:00:00+00:00,592.2000122070312,592.5,590.7000122070312,591.4299926757812,0
2026-08-07 18:00:00+00:00,591.4299926757812,592.3200073242188,590.6400146484375,591.0599975585938,0
2026-08-07 19:00:00+00:00,591.0599975585938,593.1099853515625,591.0599975585938,593.0,0
2026-08-07 20:00:00+00:00,593.0,593.3499755859375,592.1199951171875,592.530029296875,0
2026-08-07 21:00:00+00:00,592.52001953125,592.9099731445312,591.8900146484375,592.260009765625,825216
2026-08-07 22:00:00+00:00,592.260009765625,592.6400146484375,591.75,592.1599731445312,0
2026-08-07 23:00:00+00:00,592.2100219726562,592.8499755859375,591.8099975585938,592.3699951171875,0
2026-08-08 00:00:00+00:00,592.3699951171875,592.3900146484375,590.47998046875,590.5700073242188,1990784
2026-08-08 01:00:00+00:00,590.6599731445312,590.9400024414062,590.3699951171875,590.5999755859375,0
2026-08-08 02:00:00+00:00,590.5999755859375,591.52001953125,590.4400024414062,591.3200073242188,0
2026-08-08 03:00:00+00:00,591.3200073242188,593.280029296875,591.3200073242188,593.0599975585938,2656000
2026-08-08 04:00:00+00:00,593.1199951171875,593.3499755859375,592.47998046875,593.3200073242188,0
2026-08-08 05:00:00+00:00,593.3499755859375,593.510009765625,592.72998046875,592.9000244140625,0
2026-08-08 06:00:00+00:00,592.9000244140625,594.6900024414062,592.9000244140625,594.3800048828125,0
2026-08-08 07:00:00+00:00,594.47998046875,594.780029296875,593.9000244140625,593.9000244140625,0
2026-08-08 08:00:00+00:00,593.9000244140625,594.5,593.3499755859375,594.1900024414062,0
2026-08-08 09:00:00+00:00,594.3200073242188,595.0999755859375,593.9099731445312,594.3499755859375,0
2026-08-08 10:00:00+00:00,594.3699951171875,595.6599731445312,594.3099975585938,594.8200073242188,0
2026-08-08 11:00:00+00:00,594.8200073242188,596.0499877929688,594.6500244140625,596.0499877929688,0
2026-08-08 12:00:00+00:00,596.0499877929688,596.1300048828125,595.02001953125,595.7000122070312,0
2026-08-08 13:00:00+00:00,595.7000122070312,598.7000122070312,595.4500122070312,597.9199829101562,0
2026-08-08 14:00:00+00:00,597.8499755859375,610.780029296875,597.8499755859375,603.0999755859375,43456384
2026-08-08 15:00:00+00:00,603.5999755859375,605.7999877929688,603.5999755859375,604.7899780273438,54931840
2026-08-08 16:00:00+00:00,604.7999877929688,606.5999755859375,602.97998046875,605.0700073242188,0
2026-08-08 17:00:00+00:00,605.0499877929688,605.469970703125,603.4400024414062,604.1799926757812,0
2026-08-08 18:00:00+00:00,603.8900146484375,604.52001953125,603.3599853515625,603.4400024414062,4785856
2026-08-08 19:00:00+00:00,603.0399780273438,603.3499755859375,602.3200073242188,602.8099975585938,1559936
2026-08-08 20:00:00+00:00,602.7999877929688,602.8200073242188,601.489990234375,601.9000244140625,1854080
2026-08-08 21:00:00+00:00,601.9000244140625,602.2999877929688,601.0399780273438,601.4099731445312,662912
2026-08-08 22:00:00+00:00,601.280029296875,601.280029296875,599.0399780273438,599.7999877929688,13256640
2026-08-08 23:00:00+00:00,599.77001953125,601.260009765625,599.5800170898438,600.25,6873152
2026-08-09 00:00:00+00:00,600.239990234375,603.3099975585938,600.239990234375,602.8900146484375,7023360
2026-08-09 01:00:00+00:00,602.8900146484375,603.760009765625,601.8300170898438,602.1500244140625,6219136
2026-08-09 02:00:00+00:00,602.3900146484375,602.3900146484375,600.22998046875,600.6300048828125,0
2026-08-09 03:00:00+00:00,600.5599975585938,601.6199951171875,599.8400268554688,600.0800170898438,0
2026-08-09 04:00:00+00:00,599.969970703125,601.5399780273438,599.9099731445312,600.72998046875,5241088
2026-08-09 05:00:00+00:00,600.72998046875,601.5900268554688,600.719970703125,601.5599975585938,1095296
2026-08-09 06:00:00+00:00,601.5599975585938,603.2100219726562,601.5599975585938,603.2100219726562,0
2026-08-09 07:00:00+00:00,603.2100219726562,603.2100219726562,601.3599853515625,602.6400146484375,20196736
2026-08-09 08:00:00+00:00,602.739990234375,603.25,601.2100219726562,601.8400268554688,5940992
2026-08-09 09:00:00+00:00,601.8400268554688,601.9500122070312,600.7999877929688,601.9500122070312,0
2026-08-09 10:00:00+00:00,601.989990234375,604.2899780273438,601.989990234375,603.8400268554688,4826496
2026-08-09 11:00:00+00:00,603.9000244140625,604.2899780273438,603.469970703125,603.5900268554688,0
2026-08-09 12:00:00+00:00,603.510009765625,604.5900268554688,602.7899780273438,603.9400024414062,0
2026-08-09 13:00:00+00:00,603.9400024414062,608.4299926757812,603.9000244140625,606.7899780273438,20026368
2026-08-09 14:00:00+00:00,607.0399780273438,610.6599731445312,606.5999755859375,607.6099853515625,0
2026-08-09 15:00:00+00:00,607.6099853515625,608.8699951171875,606.8800048828125,608.0700073242188,0
2026-08-09 16:00:00+00:00,608.0599975585938,608.5999755859375,606.9199829101562,608.25,0
2026-08-09 17:00:00+00:00,608.25,608.7999877929688,607.969970703125,607.969970703125,0
2026-08-09 18:00:00+00:00,607.97998046875,608.6099853515625,607.219970703125,607.9600219726562,2636992
2026-08-09 19:00:00+00:00,607.8200073242188,608.3200073242188,607.1199951171875,607.1199951171875,0
2026-08-09 20:00:00+00:00,607.1199951171875,607.760009765625,607.010009765625,607.6599731445312,2358784
2026-08-09 21:00:00+00:00,607.6599731445312,608.3699951171875,607.2000122070312,608.2000122070312,0
2026-08-09 22:00:00+00:00,608.2000122070312,610.1300048828125,603.77001953125,604.8699951171875,68165184
2026-08-09 23:00:00+00:00,604.5599975585938,605.3599853515625,601.4400024414062,601.8400268554688,7287104
2026-08-10 00:00:00+00:00,601.6400146484375,606.1500244140625,601.6400146484375,603.4199829101562,21351936
2026-08-10 01:00:00+00:00,603.4199829101562,606.1599731445312,603.1500244140625,604.1599731445312,602816
2026-08-10 02:00:00+00:00,604.1599731445312,604.1599731445312,601.8499755859375,602.719970703125,3712832
2026-08-10 03:00:00+00:00,602.719970703125,603.1799926757812,600.9600219726562,602.0800170898438,718016
2026-08-10 04:00:00+00:00,602.0800170898438,602.6599731445312,600.75,601.0999755859375,0
2026-08-10 05:00:00+00:00,601.0999755859375,603.2000122070312,601.0999755859375,602.6699829101562,3677440
2026-08-10 06:00:00+00:00,602.6699829101562,603.8200073242188,602.5599975585938,603.5800170898438,1119488
2026-08-10 07:00:00+00:00,603.2999877929688,604.510009765625,602.6099853515625,603.9000244140625,0
2026-08-10 08:00:00+00:00,603.9000244140625,604.7100219726562,603.3200073242188,604.0900268554688,0
2026-08-10 09:00:00+00:00,604.0900268554688,604.1799926757812,603.280029296875,603.760009765625,3708352
2026-08-10 10:00:00+00:00,603.760009765625,606.1799926757812,603.760009765625,605.9199829101562,9005632
2026-08-10 11:00:00+00:00,605.9600219726562,605.9600219726562,604.1699829101562,604.7000122070312,6771328
2026-08-10 12:00:00+00:00,604.8900146484375,605.0999755859375,601.989990234375,601.989990234375,3308864
2026-08-10 13:00:00+00:00,602.1500244140625,602.5900268554688,599.1900024414062,599.760009765625,22595072
2026-08-10 14:00:00+00:00,599.6699829101562,602.0800170898438,599.6699829101562,600.8400268554688,12390144
2026-08-10 15:00:00+00:00,600.8400268554688,601.27001953125,599.2899780273438,600.6599731445312,16255232
2026-08-10 16:00:00+00:00,600.2999877929688,601.8499755859375,597.8699951171875,598.1799926757812,20733312
2026-08-10 17:00:00+00:00,598.0499877929688,600.0,597.0800170898438,599.52001953125,12576256
2026-08-10 18:00:00+00:00,599.6699829101562,600.0900268554688,598.7000122070312,599.6300048828125,0
2026-08-10 19:00:00+00:00,599.5599975585938,600.489990234375,599.5599975585938,600.0900268554688,10287488
2026-08-10 20:00:00+00:00,600.02001953125,600.9099731445312,599.9400024414062,600.1500244140625,0
2026-08-10 21:00:00+00:00,600.1500244140625,600.1500244140625,598.6599731445312,598.7000122070312,871680
2026-08-10 22:00:00+00:00,598.5999755859375,599.6300048828125,598.27001953125,598.5900268554688,0
2026-08-10 23:00:00+00:00,598.6199951171875,599.25,597.7999877929688,598.5399780273438,0
2026-08-11 00:00:00+00:00,598.6900024414062,599.6799926757812,598.4400024414062,599.4400024414062,0
2026-08-11 01:00:00+00:00,599.3099975585938,600.1300048828125,598.8599853515625,599.5900268554688,0
2026-08-11 02:00:00+00:00,599.5900268554688,600.1199951171875,599.2000122070312,599.9299926757812,0
2026-08-11 03:00:00+00:00,599.9199829101562,600.2899780273438,599.3499755859375,599.6900024414062,0
2026-08-11 04:00:00+00:00,599.6900024414062,600.1199951171875,599.1400146484375,599.1400146484375,0
2026-08-11 05:00:00+00:00,598.9500122070312,600.0999755859375,598.72998046875,599.1300048828125,0
2026-08-11 06:00:00+00:00,599.1300048828125,600.0700073242188,598.0599975585938,598.239990234375,0
2026-08-11 07:00:00+00:00,598.1099853515625,601.969970703125,597.9500122070312,601.969970703125,44239296
2026-08-11 08:00:00+00:00,602.0,605.7000122070312,601.8900146484375,604.9299926757812,72528256
2026-08-11 09:00:00+00:00,604.8599853515625,607.3599853515625,604.3499755859375,606.7000122070312,18452096
2026-08-11 10:00:00+00:00,606.7999877929688,607.9500122070312,606.2100219726562,607.6300048828125,3796736
2026-08-11 11:00:00+00:00,607.5499877929688,607.9000244140625,605.8499755859375,607.8300170898438,8766464
2026-08-11 12:00:00+00:00,607.9199829101562,614.4000244140625,607.9199829101562,611.5,70538496
2026-08-11 13:00:00+00:00,611.7100219726562,612.9000244140625,609.6099853515625,611.4000244140625,0
2026-08-11 14:00:00+00:00,611.0999755859375,611.0999755859375,606.0499877929688,607.1599731445312,0
2026-08-11 15:00:00+00:00,606.5399780273438,609.0599975585938,605.1400146484375,607.9500122070312,6840960
2026-08-11 16:00:00+00:00,607.7899780273438,609.8099975585938,607.3699951171875,608.989990234375,12997760
2026-08-11 17:00:00+00:00,608.989990234375,609.989990234375,608.7999877929688,609.9099731445312,708352
2026-08-11 18:00:00+00:00,609.6099853515625,610.1599731445312,607.5,609.3900146484375,8753152
2026-08-11 19:00:00+00:00,609.52001953125,611.219970703125,608.489990234375,611.1699829101562,5021312
2026-08-11 20:00:00+00:00,611.1699829101562,612.530029296875,610.739990234375,612.0900268554688,21770880
2026-08-11 21:00:00+00:00,612.1799926757812,612.8900146484375,611.510009765625,612.030029296875,20999936
2026-08-11 22:00:00+00:00,612.1799926757812,614.2000122070312,611.9500122070312,614.1199951171875,10366592
2026-08-11 23:00:00+00:00,614.0399780273438,617.1400146484375,613.0599975585938,616.2000122070312,41529856
2026-08-12 00:00:00+00:00,616.239990234375,617.0700073242188,614.1599731445312,617.030029296875,26724608
2026-08-12 01:00:00+00:00,617.1199951171875,619.75,615.4299926757812,617.8400268554688,43238016
2026-08-12 02:00:00+00:00,618.0900268554688,618.780029296875,615.0999755859375,615.4199829101562,28270464
2026-08-12 03:00:00+00:00,615.4199829101562,615.4199829101562,612.3699951171875,612.5499877929688,13166336
2026-08-12 04:00:00+00:00,612.52001953125,615.239990234375,612.1900024414062,614.0700073242188,11775488
2026-08-12 05:00:00+00:00,614.0700073242188,614.25,612.219970703125,612.6500244140625,19560960
2026-08-12 06:00:00+00:00,612.6400146484375,612.8300170898438,609.4199829101562,610.8800048828125,47852032
2026-08-12 07:00:00+00:00,611.6400146484375,611.7999877929688,610.5599975585938,611.6699829101562,0
2026-08-12 08:00:00+00:00,611.4400024414062,612.2899780273438,609.4000244140625,609.8499755859375,0
2026-08-12 09:00:00+00:00,609.8499755859375,613.1699829101562,609.760009765625,613.1699829101562,0
2026-08-12 10:00:00+00:00,613.1099853515625,614.0700073242188,612.489990234375,613.3400268554688,3832320
2026-08-12 11:00:00+00:00,613.3400268554688,614.22998046875,612.760009765625,614.22998046875,0
2026-08-12 12:00:00+00:00,614.22998046875,614.9400024414062,609.8300170898438,612.3499755859375,0
2026-08-12 13:00:00+00:00,612.3400268554688,613.2100219726562,611.6400146484375,611.9099731445312,0
2026-08-12 14:00:00+00:00,611.8200073242188,613.280029296875,608.5399780273438,608.6400146484375,0
2026-08-12 15:00:00+00:00,608.4600219726562,610.780029296875,608.4000244140625,610.2000122070312,0
2026-08-12 16:00:00+00:00,610.2000122070312,610.6599731445312,609.739990234375,609.8499755859375,0
2026-08-12 17:00:00+00:00,609.8699951171875,611.0,609.8099975585938,610.0,0
2026-08-12 18:00:00+00:00,609.97998046875,610.6199951171875,609.4000244140625,609.8400268554688,0
2026-08-12 19:00:00+00:00,609.8400268554688,610.22998046875,608.530029296875,609.1599731445312,0
2026-08-12 20:00:00+00:00,609.1599731445312,611.47998046875,609.1599731445312,611.1900024414062,0
2026-08-12 21:00:00+00:00,611.1900024414062,611.6099853515625,608.3800048828125,609.1500244140625,0
2026-08-12 22:00:00+00:00,609.1500244140625,610.2000122070312,608.7999877929688,609.1500244140625,0
2026-08-12 23:00:00+00:00,609.1500244140625,610.4199829101562,609.1500244140625,609.8300170898438,5504
2026-08-13 00:00:00+00:00,609.8300170898438,611.0399780273438,609.4099731445312,609.9199829101562,0
2026-08-13 01:00:00+00:00,609.9000244140625,610.9600219726562,609.1699829101562,610.6500244140625,0
2026-08-13 02:00:00+00:00,610.6500244140625,610.6599731445312,609.3900146484375,610.4099731445312,0
2026-08-13 03:00:00+00:00,610.4099731445312,611.8300170898438,609.969970703125,611.6400146484375,0
2026-08-13 04:00:00+00:00,611.6400146484375,612.25,610.9099731445312,611.8800048828125,1912320
2026-08-13 05:00:00+00:00,612.0,614.0999755859375,612.0,613.2100219726562,0
2026-08-13 06:00:00+00:00,613.2000122070312,613.2000122070312,610.1500244140625,612.0999755859375,0
2026-08-13 07:00:00+00:00,612.0999755859375,613.469970703125,612.0599975585938,613.0,0
2026-08-13 08:00:00+00:00,613.1500244140625,613.72998046875,612.6300048828125,613.5599975585938,0
2026-08-13 09:00:00+00:00,613.5599975585938,613.6199951171875,610.75,611.5800170898438,0
2026-08-13 10:00:00+00:00,611.5800170898438,611.5800170898438,609.739990234375,610.0700073242188,0
2026-08-13 11:00:00+00:00,609.8499755859375,610.5499877929688,607.2899780273438,608.280029296875,14390144
2026-08-13 12:00:00+00:00,608.280029296875,609.4000244140625,608.0,609.260009765625,0
2026-08-13 13:00:00+00:00,609.27001953125,610.75,608.8599853515625,610.1699829101562,0
2026-08-13 14:00:00+00:00,610.1699829101562,611.010009765625,609.219970703125,609.219970703125,0
2026-08-13 15:00:00+00:00,609.219970703125,609.7899780273438,606.719970703125,607.0800170898438,3375168
2026-08-13 16:00:00+00:00,606.8400268554688,608.969970703125,604.8099975585938,606.47998046875,26672256
2026-08-13 17:00:00+00:00,606.47998046875,608.27001953125,606.469970703125,607.4000244140625,2405376
2026-08-13 18:00:00+00:00,607.4299926757812,609.1900024414062,607.0999755859375,608.9199829101562,3891520
2026-08-13 19:00:00+00:00,608.9199829101562,609.5499877929688,608.6400146484375,609.1300048828125,7540352
2026-08-13 20:00:00+00:00,609.1300048828125,610.47998046875,608.9099731445312,609.8200073242188,1391232
2026-08-13 21:00:00+00:00,609.7999877929688,611.3400268554688,609.7999877929688,610.239990234375,0
2026-08-13 22:00:00+00:00,610.239990234375,611.489990234375,610.1900024414062,610.1900024414062,0
2026-08-13 23:00:00+00:00,610.1900024414062,610.7000122070312,609.8599853515625,610.0800170898438,0
2026-08-14 00:00:00+00:00,610.0800170898438,611.030029296875,609.9600219726562,610.489990234375,0
2026-08-14 01:00:00+00:00,610.489990234375,610.77001953125,609.6099853515625,610.5800170898438,0
2026-08-14 02:00:00+00:00,610.5800170898438,611.9400024414062,609.2899780273438,611.719970703125,1734976
2026-08-14 03:00:00+00:00,611.7100219726562,612.25,610.6500244140625,611.0900268554688,1742720
2026-08-14 04:00:00+00:00,611.0900268554688,611.9199829101562,610.0900268554688,610.280029296875,0
2026-08-14 05:00:00+00:00,610.280029296875,610.4199829101562,609.52001953125,609.6699829101562,0
2026-08-14 06:00:00+00:00,609.6699829101562,609.6699829101562,607.2899780273438,607.719970703125,0
2026-08-14 07:00:00+00:00,607.6799926757812,608.5599975585938,606.8400268554688,607.0,0
2026-08-14 08:00:00+00:00,606.760009765625,607.9000244140625,605.9000244140625,607.8900146484375,0
2026-08-14 09:00:00+00:00,608.0499877929688,608.2999877929688,606.8699951171875,606.8699951171875,0
2026-08-14 10:00:00+00:00,606.6900024414062,607.2999877929688,604.6500244140625,605.260009765625,0
2026-08-14 11:00:00+00:00,604.7999877929688,605.52001953125,603.0,604.260009765625,0
2026-08-14 12:00:00+00:00,604.260009765625,605.2999877929688,603.8300170898438,604.0700073242188,0
2026-08-14 13:00:00+00:00,604.0700073242188,604.3800048828125,602.8900146484375,603.4299926757812,0
2026-08-14 14:00:00+00:00,603.4299926757812,604.9099731445312,602.3499755859375,603.2100219726562,0
2026-08-14 15:00:00+00:00,603.2100219726562,606.469970703125,603.2100219726562,606.0499877929688,0
2026-08-14 16:00:00+00:00,606.0499877929688,606.5900268554688,605.5399780273438,606.47998046875,0
2026-08-14 17:00:00+00:00,606.510009765625,606.7999877929688,605.260009765625,605.489990234375,0
2026-08-14 18:00:00+00:00,605.5,606.2100219726562,605.0,605.5700073242188,0
2026-08-14 19:00:00+00:00,605.530029296875,605.9299926757812,604.469970703125,605.8099975585938,0
2026-08-14 20:00:00+00:00,605.8099975585938,606.489990234375,605.72998046875,606.1599731445312,0
2026-08-14 21:00:00+00:00,606.3499755859375,606.6300048828125,605.9099731445312,606.3400268554688,0
2026-08-14 22:00:00+00:00,606.3400268554688,606.6599731445312,605.8900146484375,606.1599731445312,2138112
2026-08-14 23:00:00+00:00,606.1599731445312,607.9600219726562,606.0700073242188,607.4600219726562,7109248
2026-08-15 00:00:00+00:00,607.4400024414062,607.52001953125,606.5,607.2899780273438,0
2026-08-15 01:00:00+00:00,607.5499877929688,607.9000244140625,606.9500122070312,607.1300048828125,3378368
2026-08-15 02:00:00+00:00,607.1699829101562,608.0499877929688,607.010009765625,607.8499755859375,0
2026-08-15 03:00:00+00:00,607.8499755859375,610.2000122070312,607.8499755859375,609.7999877929688,4637056
2026-08-15 04:00:00+00:00,609.9000244140625,611.760009765625,609.7000122070312,610.9400024414062,15188928
2026-08-15 05:00:00+00:00,610.9400024414062,611.1400146484375,609.8099975585938,610.1300048828125,3451712
2026-08-15 06:00:00+00:00,610.1300048828125,611.5399780273438,610.1300048828125,611.2999877929688,0
2026-08-15 07:00:00+00:00,611.2999877929688,611.5900268554688,610.3499755859375,610.8300170898438,0
2026-08-15 08:00:00+00:00,610.8300170898438,611.3699951171875,609.8099975585938,610.1900024414062,13906688
2026-08-15 09:00:00+00:00,610.22998046875,611.5999755859375,609.2899780273438,611.3200073242188,3680448
2026-08-15 10:00:00+00:00,611.3699951171875,611.5599975585938,610.5599975585938,610.8499755859375,0
2026-08-15 11:00:00+00:00,610.8499755859375,611.489990234375,610.7100219726562,611.22998046875,0
2026-08-15 12:00:00+00:00,611.22998046875,612.1599731445312,609.760009765625,610.5999755859375,0
2026-08-15 13:00:00+00:00,610.5999755859375,610.5999755859375,608.7999877929688,609.1599731445312,0
2026-08-15 14:00:00+00:00,609.1599731445312,610.02001953125,608.030029296875,609.9199829101562,0
2026-08-15 15:00:00+00:00,609.9199829101562,611.219970703125,609.8800048828125,611.0900268554688,0
2026-08-15 16:00:00+00:00,611.1400146484375,611.27001953125,610.5900268554688,611.0700073242188,486592
2026-08-15 17:00:00+00:00,610.6199951171875,611.1500244140625,610.030029296875,610.5399780273438,920896
2026-08-15 18:00:00+00:00,610.5399780273438,610.5399780273438,609.5,609.5,0
2026-08-15 19:00:00+00:00,609.4500122070312,610.8300170898438,609.3800048828125,610.5,0
2026-08-15 20:00:00+00:00,610.7999877929688,610.989990234375,609.9000244140625,610.0800170898438,1826368
2026-08-15 21:00:00+00:00,609.9600219726562,610.3099975585938,609.5399780273438,609.5399780273438,2894400
2026-08-15 22:00:00+00:00,609.719970703125,609.7999877929688,608.6099853515625,608.6699829101562,0
2026-08-15 23:00:00+00:00,608.6900024414062,608.7000122070312,606.760009765625,607.0800170898438,2051520
2026-08-16 00:00:00+00:00,607.0800170898438,607.260009765625,606.3200073242188,607.030029296875,12244288
2026-08-16 01:00:00+00:00,606.989990234375,607.2999877929688,606.0800170898438,606.3900146484375,2454336
2026-08-16 02:00:00+00:00,606.5599975585938,607.030029296875,605.8400268554688,606.6799926757812,9547584
2026-08-16 03:00:00+00:00,606.6799926757812,606.6799926757812,605.77001953125,605.8499755859375,1050368
2026-08-16 04:00:00+00:00,605.8499755859375,605.9600219726562,605.1799926757812,605.25,0
2026-08-16 05:00:00+00:00,605.25,605.969970703125,605.25,605.4600219726562,383616
2026-08-16 06:00:00+00:00,605.4500122070312,605.4500122070312,603.8400268554688,604.6900024414062,0
2026-08-16 07:00:00+00:00,604.6900024414062,605.1300048828125,604.510009765625,604.8800048828125,800320
2026-08-16 08:00:00+00:00,604.8800048828125,606.739990234375,604.219970703125,606.72998046875,0
2026-08-16 09:00:00+00:00,606.72998046875,607.52001953125,606.2899780273438,606.8499755859375,8282304
2026-08-16 10:00:00+00:00,606.8499755859375,606.8499755859375,605.780029296875,606.219970703125,0
2026-08-16 11:00:00+00:00,606.219970703125,606.530029296875,605.780029296875,606.280029296875,666944
2026-08-16 12:00:00+00:00,606.280029296875,606.9500122070312,606.1400146484375,606.6199951171875,0
2026-08-16 13:00:00+00:00,606.7100219726562,607.760009765625,606.6400146484375,606.8099975585938,2456960
2026-08-16 14:00:00+00:00,606.8099975585938,607.75,606.6199951171875,607.0499877929688,9508480
2026-08-16 15:00:00+00:00,607.0499877929688,607.3300170898438,606.4199829101562,606.6300048828125,0
2026-08-16 16:00:00+00:00,606.6300048828125,607.3499755859375,606.25,606.6099853515625,3100672
2026-08-16 17:00:00+00:00,606.6699829101562,607.1900024414062,605.510009765625,605.510009765625,9407808
2026-08-16 18:00:00+00:00,605.530029296875,605.739990234375,604.72998046875,604.72998046875,7580608
2026-08-16 19:00:00+00:00,604.719970703125,605.6400146484375,604.5599975585938,605.3099975585938,4909504
2026-08-16 20:00:00+00:00,605.3099975585938,605.3400268554688,604.3200073242188,604.8300170898438,2910528
2026-08-16 21:00:00+00:00,604.7100219726562,604.7899780273438,602.6599731445312,603.3900146484375,7175104
2026-08-16 22:00:00+00:00,603.2899780273438,603.8400268554688,600.8099975585938,601.6699829101562,13452544
2026-08-16 23:00:00+00:00,601.6599731445312,603.4299926757812,601.1300048828125,602.3800048828125,2262336
2026-08-17 00:00:00+00:00,602.1400146484375,602.22998046875,600.530029296875,601.8400268554688,0
2026-08-17 01:00:00+00:00,601.8400268554688,604.3599853515625,601.8400268554688,602.7100219726562,348819328
2026-08-17 02:00:00+00:00,602.72998046875,604.8900146484375,601.6799926757812,604.0399780273438,8782080
2026-08-17 03:00:00+00:00,604.1400146484375,605.010009765625,603.5700073242188,604.5499877929688,6111488
2026-08-17 04:00:00+00:00,604.6300048828125,605.6799926757812,604.0999755859375,605.6799926757812,1376000
2026-08-17 05:00:00+00:00,605.7000122070312,606.3200073242188,604.739990234375,604.9500122070312,1027456
2026-08-17 06:00:00+00:00,604.9400024414062,606.6699829101562,604.9000244140625,605.8900146484375,7613056
2026-08-17 07:00:00+00:00,605.9299926757812,605.9299926757812,604.239990234375,604.3400268554688,4977472
2026-08-17 08:00:00+00:00,604.4000244140625,604.8499755859375,603.469970703125,604.3200073242188,1859328
2026-08-17 09:00:00+00:00,604.3200073242188,604.5499877929688,603.0499877929688,603.510009765625,0
2026-08-17 10:00:00+00:00,603.510009765625,604.9199829101562,603.0999755859375,604.489990234375,16392192
2026-08-17 11:00:00+00:00,604.47998046875,604.7899780273438,604.0,604.280029296875,1339584
2026-08-17 12:00:00+00:00,604.280029296875,604.3300170898438,603.239990234375,603.3499755859375,0
2026-08-17 13:00:00+00:00,603.3099975585938,606.22998046875,603.1199951171875,605.2999877929688,5027968
2026-08-17 14:00:00+00:00,605.2999877929688,606.8400268554688,604.25,606.5999755859375,9504832
2026-08-17 15:00:00+00:00,606.5800170898438,607.1099853515625,605.3900146484375,606.4600219726562,14738624
2026-08-17 16:00:00+00:00,606.6300048828125,607.3099975585938,606.3599853515625,607.0399780273438,4785984
2026-08-17 17:00:00+00:00,607.0399780273438,607.3200073242188,605.3499755859375,605.5900268554688,0
2026-08-17 18:00:00+00:00,605.5399780273438,606.5800170898438,605.3599853515625,605.8800048828125,0
2026-08-17 19:00:00+00:00,605.8800048828125,605.8800048828125,604.3800048828125,604.6599731445312,0
2026-08-17 20:00:00+00:00,604.6599731445312,605.2899780273438,604.4500122070312,604.9000244140625,0
2026-08-17 21:00:00+00:00,605.0800170898438,605.5700073242188,604.4400024414062,604.5999755859375,0
2026-08-17 22:00:00+00:00,604.5999755859375,604.97998046875,604.0499877929688,604.2000122070312,0
2026-08-17 23:00:00+00:00,604.1500244140625,605.8400268554688,603.9299926757812,605.1500244140625,0
2026-08-18 00:00:00+00:00,605.3400268554688,605.3800048828125,604.4099731445312,604.7100219726562,0
2026-08-18 01:00:00+00:00,604.7100219726562,605.25,602.969970703125,603.4299926757812,0
2026-08-18 02:00:00+00:00,603.4299926757812,603.530029296875,601.6400146484375,602.4600219726562,0
2026-08-18 03:00:00+00:00,602.4099731445312,603.0800170898438,602.2999877929688,603.02001953125,0
2026-08-18 04:00:00+00:00,603.02001953125,603.280029296875,602.4299926757812,602.8099975585938,0
2026-08-18 05:00:00+00:00,602.7999877929688,603.3599853515625,602.4099731445312,603.1699829101562,0
2026-08-18 06:00:00+00:00,602.97998046875,604.5499877929688,602.739990234375,603.4099731445312,0
2026-08-18 07:00:00+00:00,603.5399780273438,603.6199951171875,602.5399780273438,602.739990234375,0
2026-08-18 08:00:00+00:00,602.739990234375,602.739990234375,601.4600219726562,602.3400268554688,0
2026-08-18 09:00:00+00:00,602.1599731445312,602.27001953125,600.510009765625,600.719970703125,2128000
2026-08-18 10:00:00+00:00,600.5900268554688,601.02001953125,600.4199829101562,600.6400146484375,0
2026-08-18 11:00:00+00:00,600.5599975585938,601.9199829101562,600.5599975585938,601.4500122070312,9879488
2026-08-18 12:00:00+00:00,601.52001953125,601.52001953125,600.47998046875,600.5399780273438,0
2026-08-18 13:00:00+00:00,600.5399780273438,600.5399780273438,599.260009765625,599.5700073242188,7670720
2026-08-18 14:00:00+00:00,599.5700073242188,603.5499877929688,599.5700073242188,602.1300048828125,16845888
2026-08-18 15:00:00+00:00,602.219970703125,603.4500122070312,602.1900024414062,602.97998046875,0
2026-08-18 16:00:00+00:00,603.0,603.8599853515625,602.719970703125,603.5399780273438,0
2026-08-18 17:00:00+00:00,603.5399780273438,603.5399780273438,602.1599731445312,602.3499755859375,0
2026-08-18 18:00:00+00:00,602.2899780273438,603.5700073242188,602.2899780273438,602.9299926757812,0
2026-08-18 19:00:00+00:00,602.9299926757812,603.3400268554688,602.4600219726562,602.6599731445312,0
2026-08-18 20:00:00+00:00,602.6599731445312,602.6599731445312,602.1699829101562,602.5,0
2026-08-18 21:00:00+00:00,602.5,602.6300048828125,602.010009765625,602.1599731445312,0
2026-08-18 22:00:00+00:00,602.0399780273438,603.1199951171875,601.989990234375,602.8599853515625,6702848
2026-08-18 23:00:00+00:00,602.75,603.9099731445312,602.6599731445312,603.5499877929688,262144
2026-08-19 00:00:00+00:00,603.5499877929688,604.3200073242188,602.47998046875,603.5599975585938,6123328
2026-08-19 01:00:00+00:00,603.4000244140625,604.3300170898438,603.1199951171875,603.1300048828125,1216832
2026-08-19 02:00:00+00:00,603.1199951171875,603.1300048828125,601.0999755859375,601.4000244140625,0
2026-08-19 03:00:00+00:00,601.4000244140625,602.3900146484375,601.3099975585938,601.5,0
2026-08-19 04:00:00+00:00,601.4099731445312,602.1400146484375,601.1400146484375,601.3200073242188,1329664
2026-08-19 05:00:00+00:00,601.3200073242188,601.5900268554688,600.8800048828125,600.989990234375,0
2026-08-19 06:00:00+00:00,600.989990234375,601.9299926757812,600.9000244140625,601.9000244140625,0
2026-08-19 07:00:00+00:00,602.1400146484375,602.1400146484375,601.3200073242188,601.4099731445312,728512
2026-08-19 08:00:00+00:00,601.4099731445312,602.7999877929688,601.2999877929688,602.3200073242188,0
2026-08-19 09:00:00+00:00,602.3200073242188,602.6099853515625,602.010009765625,602.02001953125,0
2026-08-19 10:00:00+00:00,602.02001953125,602.280029296875,601.5999755859375,602.1500244140625,0
2026-08-19 11:00:00+00:00,602.2999877929688,602.8900146484375,601.8400268554688,602.3499755859375,0
2026-08-19 12:00:00+00:00,602.4000244140625,604.6900024414062,602.3400268554688,603.75,10849664
2026-08-19 13:00:00+00:00,603.8099975585938,605.2899780273438,603.489990234375,603.8400268554688,16153472
2026-08-19 14:00:00+00:00,603.75,608.8099975585938,603.7000122070312,608.2000122070312,5551616
2026-08-19 15:00:00+00:00,608.4000244140625,619.760009765625,608.4000244140625,616.22998046875,270737664
2026-08-19 16:00:00+00:00,616.6799926757812,620.1400146484375,616.1500244140625,618.4500122070312,112176768
2026-08-19 17:00:00+00:00,618.5999755859375,618.8200073242188,614.25,617.1199951171875,44867968
2026-08-19 18:00:00+00:00,617.1900024414062,617.77001953125,615.8499755859375,616.8900146484375,28109184
2026-08-19 19:00:00+00:00,616.8900146484375,617.4400024414062,614.0800170898438,616.3900146484375,61112320
2026-08-19 20:00:00+00:00,616.3900146484375,624.25,616.27001953125,624.0599975585938,61990784
2026-08-19 21:00:00+00:00,624.1199951171875,636.4600219726562,623.4199829101562,634.2999877929688,187807232
2026-08-19 22:00:00+00:00,634.7899780273438,635.0,626.760009765625,627.72998046875,80251904
2026-08-19 23:00:00+00:00,627.7899780273438,628.6599731445312,625.510009765625,627.4099731445312,45831808
2026-08-20 00:00:00+00:00,627.2999877929688,629.8200073242188,626.9600219726562,628.3599853515625,67979392
2026-08-20 01:00:00+00:00,628.47998046875,628.8800048828125,624.0,625.3300170898438,46319488
2026-08-20 02:00:00+00:00,625.3200073242188,626.3099975585938,623.7999877929688,623.9500122070312,17102080
2026-08-20 03:00:00+00:00,623.8400268554688,628.0499877929688,622.0800170898438,626.260009765625,58659456
2026-08-20 04:00:00+00:00,626.1500244140625,627.2000122070312,624.3099975585938,626.3200073242188,32100608
2026-08-20 05:00:00+00:00,626.3800048828125,627.280029296875,624.25,624.6400146484375,27819264
2026-08-20 06:00:00+00:00,624.6300048828125,629.9000244140625,624.1699829101562,629.72998046875,38374016
2026-08-20 07:00:00+00:00,629.7899780273438,632.0,627.4400024414062,629.8900146484375,42539264
2026-08-20 08:00:00+00:00,630.0,643.97998046875,629.719970703125,640.1699829101562,205019136
2026-08-20 09:00:00+00:00,640.0999755859375,644.3800048828125,639.8400268554688,642.27001953125,119413248
2026-08-20 10:00:00+00:00,642.4000244140625,646.0599975585938,641.5,643.4000244140625,92654336
2026-08-20 11:00:00+00:00,643.4500122070312,648.469970703125,642.2999877929688,645.3699951171875,81220608
2026-08-20 12:00:00+00:00,645.739990234375,645.739990234375,639.3699951171875,642.52001953125,57816320
2026-08-20 13:00:00+00:00,642.7000122070312,644.2999877929688,637.8400268554688,640.97998046875,34455552
2026-08-20 14:00:00+00:00,641.0999755859375,644.5900268554688,640.2899780273438,641.780029296875,19233792
2026-08-20 15:00:00+00:00,641.9000244140625,652.4000244140625,641.9000244140625,652.1900024414062,0
2026-08-20 16:00:00+00:00,652.4600219726562,653.8699951171875,647.719970703125,653.6099853515625,0
2026-08-20 17:00:00+00:00,653.5999755859375,654.22998046875,651.3699951171875,653.1099853515625,0
2026-08-20 18:00:00+00:00,653.4000244140625,653.6900024414062,647.1300048828125,647.4000244140625,4081664
2026-08-20 19:00:00+00:00,647.3800048828125,650.6799926757812,646.8800048828125,650.1699829101562,0
2026-08-20 20:00:00+00:00,650.3400268554688,654.0900268554688,650.0999755859375,653.5800170898438,0
2026-08-20 21:00:00+00:00,653.5700073242188,654.8099975585938,652.6799926757812,653.9000244140625,0
2026-08-20 22:00:00+00:00,653.719970703125,655.8699951171875,651.9000244140625,653.7100219726562,0
2026-08-20 23:00:00+00:00,653.969970703125,658.2000122070312,653.7000122070312,654.6599731445312,0
2026-08-21 00:00:00+00:00,654.6300048828125,658.0800170898438,653.1199951171875,656.8800048828125,0
2026-08-21 01:00:00+00:00,656.52001953125,666.280029296875,656.010009765625,661.6300048828125,70728960
2026-08-21 02:00:00+00:00,661.2999877929688,663.489990234375,658.6099853515625,658.6099853515625,46159104
2026-08-21 03:00:00+00:00,658.9000244140625,662.3800048828125,657.0999755859375,660.9000244140625,0
2026-08-21 04:00:00+00:00,661.0900268554688,662.0,658.8499755859375,659.8800048828125,0
2026-08-21 05:00:00+00:00,659.8800048828125,664.3499755859375,659.8800048828125,664.3499755859375,0
2026-08-21 06:00:00+00:00,664.260009765625,672.469970703125,663.8099975585938,666.5,45896960
2026-08-21 07:00:00+00:00,666.5,673.0,666.5,669.5,98286848
2026-08-21 08:00:00+00:00,669.3400268554688,685.75,668.989990234375,684.8800048828125,25778176
2026-08-21 09:00:00+00:00,684.9299926757812,685.2000122070312,668.0999755859375,678.0499877929688,156297728
2026-08-21 10:00:00+00:00,678.1699829101562,680.0399780273438,675.5999755859375,678.3599853515625,4793344
2026-08-21 11:00:00+00:00,678.1199951171875,679.7999877929688,671.0399780273438,674.1099853515625,9310208
2026-08-21 12:00:00+00:00,674.1699829101562,679.9099731445312,672.739990234375,678.5399780273438,0
2026-08-21 13:00:00+00:00,678.719970703125,680.469970703125,673.6199951171875,679.6699829101562,5715968
2026-08-21 14:00:00+00:00,679.1500244140625,679.6799926757812,674.97998046875,678.4299926757812,1990144
2026-08-21 15:00:00+00:00,678.3499755859375,681.8599853515625,677.9500122070312,678.8599853515625,0
2026-08-21 16:00:00+00:00,678.9400024414062,680.6400146484375,673.9500122070312,679.5999755859375,0
2026-08-21 17:00:00+00:00,679.5999755859375,681.3099975585938,676.6599731445312,679.1199951171875,0
2026-08-21 18:00:00+00:00,679.22998046875,681.8499755859375,673.4600219726562,676.5,0
2026-08-21 19:00:00+00:00,676.1400146484375,676.8499755859375,672.77001953125,672.8200073242188,19319808
2026-08-21 20:00:00+00:00,672.1699829101562,676.1300048828125,671.719970703125,675.969970703125,50181120
2026-08-21 21:00:00+00:00,675.969970703125,684.8499755859375,675.6099853515625,684.8499755859375,92687104
2026-08-21 22:00:00+00:00,684.8800048828125,691.9099731445312,683.6699829101562,691.3400268554688,84860416
2026-08-21 23:00:00+00:00,691.1199951171875,691.8599853515625,686.1400146484375,686.9199829101562,21921536
2026-08-22 00:00:00+00:00,686.7899780273438,688.6099853515625,682.0599975585938,688.4299926757812,1937664
2026-08-22 01:00:00+00:00,688.4299926757812,691.8599853515625,686.6599731445312,688.5499877929688,0
2026-08-22 02:00:00+00:00,688.47998046875,714.4400024414062,688.219970703125,712.1599731445312,146312192
2026-08-22 03:00:00+00:00,712.4199829101562,721.530029296875,710.3099975585938,717.9500122070312,196574976
2026-08-22 04:00:00+00:00,718.6799926757812,725.0,714.6599731445312,724.5399780273438,148452096
2026-08-22 05:00:00+00:00,724.5599975585938,725.760009765625,684.1199951171875,698.739990234375,388750080
2026-08-22 06:00:00+00:00,698.4000244140625,700.7899780273438,692.47998046875,700.6699829101562,21386496
2026-08-22 07:00:00+00:00,700.6699829101562,707.7899780273438,697.7899780273438,705.760009765625,21251072
2026-08-22 08:00:00+00:00,706.0700073242188,709.6799926757812,696.0,697.8900146484375,0
2026-08-22 09:00:00+00:00,698.1599731445312,704.0399780273438,693.1199951171875,697.489990234375,0
2026-08-22 10:00:00+00:00,697.5999755859375,697.7000122070312,684.2000122070312,690.7999877929688,25899264
2026-08-22 11:00:00+00:00,691.3200073242188,695.25,689.2999877929688,694.3200073242188,0
2026-08-22 12:00:00+00:00,694.0800170898438,697.7899780273438,693.1199951171875,694.7999877929688,0
2026-08-22 13:00:00+00:00,694.7999877929688,695.8800048828125,691.8499755859375,694.9400024414062,0
2026-08-22 14:00:00+00:00,695.1599731445312,695.52001953125,690.0,691.9199829101562,16353280
2026-08-22 15:00:00+00:00,691.8499755859375,692.8800048828125,688.3499755859375,688.5399780273438,0
2026-08-22 16:00:00+00:00,688.5399780273438,697.4600219726562,688.2000122070312,696.52001953125,0
2026-08-22 17:00:00+00:00,696.52001953125,697.969970703125,694.02001953125,696.3499755859375,0
2026-08-22 18:00:00+00:00,696.3499755859375,698.7899780273438,696.1599731445312,698.52001953125,0
2026-08-22 19:00:00+00:00,698.5999755859375,699.7100219726562,696.8499755859375,698.7899780273438,0
2026-08-22 20:00:00+00:00,698.77001953125,700.3599853515625,697.22998046875,698.0399780273438,0
2026-08-22 21:00:00+00:00,697.7899780273438,698.0800170898438,692.0999755859375,693.1400146484375,0
2026-08-22 22:00:00+00:00,692.7899780273438,696.9299926757812,691.8599853515625,693.530029296875,0
2026-08-22 23:00:00+00:00,693.5900268554688,696.0,691.3499755859375,695.2999877929688,0
2026-08-23 00:00:00+00:00,695.1799926757812,701.6900024414062,693.7999877929688,700.6099853515625,0
2026-08-23 01:00:00+00:00,700.4000244140625,700.780029296875,697.1900024414062,698.1199951171875,0
2026-08-23 02:00:00+00:00,698.0999755859375,698.0999755859375,692.3400268554688,693.9099731445312,0
2026-08-23 03:00:00+00:00,694.27001953125,695.0900268554688,688.4299926757812,689.3699951171875,0
2026-08-23 04:00:00+00:00,689.3699951171875,690.0800170898438,681.3499755859375,682.0900268554688,0
2026-08-23 05:00:00+00:00,681.7000122070312,685.1900024414062,677.0999755859375,682.9500122070312,0
2026-08-23 06:00:00+00:00,683.2000122070312,686.9000244140625,680.989990234375,684.760009765625,0
2026-08-23 07:00:00+00:00,684.7999877929688,688.7899780273438,683.4199829101562,683.7000122070312,0
2026-08-23 08:00:00+00:00,683.72998046875,689.6300048828125,683.5999755859375,689.0,0
2026-08-23 09:00:00+00:00,689.0,689.7000122070312,687.5,689.1799926757812,0
2026-08-23 10:00:00+00:00,689.22998046875,692.280029296875,689.0999755859375,689.6199951171875,0
2026-08-23 11:00:00+00:00,689.6199951171875,695.489990234375,689.6199951171875,695.1400146484375,0
2026-08-23 12:00:00+00:00,695.1400146484375,695.1400146484375,692.4000244140625,694.3200073242188,0
2026-08-23 13:00:00+00:00,694.3200073242188,699.719970703125,694.2000122070312,698.4199829101562,1985024
2026-08-23 14:00:00+00:00,698.4199829101562,699.3900146484375,690.1199951171875,695.52001953125,0
2026-08-23 15:00:00+00:00,695.52001953125,697.3200073242188,693.5399780273438,695.1500244140625,0
2026-08-23 16:00:00+00:00,695.1599731445312,698.9500122070312,695.0499877929688,698.780029296875,0
2026-08-23 17:00:00+00:00,698.780029296875,700.0599975585938,696.0999755859375,697.6199951171875,27452032
2026-08-23 18:00:00+00:00,697.6199951171875,700.27001953125,696.8099975585938,699.6799926757812,136064
2026-08-23 19:00:00+00:00,699.6099853515625,700.1199951171875,697.5,698.8900146484375,2281088
2026-08-23 20:00:00+00:00,698.9199829101562,700.1599731445312,698.0,699.989990234375,0
2026-08-23 21:00:00+00:00,700.0,707.0999755859375,700.0,703.5,0
2026-08-23 22:00:00+00:00,703.9000244140625,704.9000244140625,700.1400146484375,703.0700073242188,38634368
2026-08-23 23:00:00+00:00,703.0900268554688,704.510009765625,699.8400268554688,702.2999877929688,11039872
2026-08-24 00:00:00+00:00,702.3599853515625,704.7100219726562,698.8800048828125,704.7100219726562,3442304
2026-08-24 01:00:00+00:00,704.760009765625,704.8800048828125,694.9199829101562,695.4000244140625,10149760
2026-08-24 02:00:00+00:00,695.4299926757812,701.8400268554688,693.719970703125,699.97998046875,8450688
2026-08-24 03:00:00+00:00,700.010009765625,700.4199829101562,695.5999755859375,695.5999755859375,0
2026-08-24 04:00:00+00:00,696.0,698.22998046875,694.5999755859375,696.5399780273438,0
2026-08-24 05:00:00+00:00,696.5800170898438,700.0700073242188,695.8900146484375,699.25,0
2026-08-24 06:00:00+00:00,699.25,700.4600219726562,696.77001953125,699.8400268554688,0
2026-08-24 07:00:00+00:00,699.719970703125,703.3099975585938,698.0399780273438,698.530029296875,5130368
2026-08-24 08:00:00+00:00,698.8200073242188,698.8300170898438,693.0,695.9099731445312,0
2026-08-24 09:00:00+00:00,695.75,699.6699829101562,695.4199829101562,699.4400024414062,10828672
2026-08-24 10:00:00+00:00,699.489990234375,701.9199829101562,698.5700073242188,699.239990234375,0
2026-08-24 11:00:00+00:00,699.239990234375,706.8200073242188,697.3200073242188,703.719970703125,21840640
2026-08-24 12:00:00+00:00,703.2100219726562,707.1500244140625,700.280029296875,705.5999755859375,47376128
2026-08-24 13:00:00+00:00,705.5700073242188,707.8300170898438,696.3200073242188,699.6599731445312,78511360
2026-08-24 14:00:00+00:00,699.9000244140625,708.8200073242188,699.5800170898438,706.8200073242188,42122880
2026-08-24 15:00:00+00:00,706.9400024414062,716.52001953125,703.8300170898438,705.7999877929688,100099584
2026-08-24 16:00:00+00:00,706.239990234375,712.280029296875,704.2999877929688,704.72998046875,51884416
2026-08-24 17:00:00+00:00,704.780029296875,705.8400268554688,698.8599853515625,702.530029296875,26944256
2026-08-24 18:00:00+00:00,703.3200073242188,705.1500244140625,701.530029296875,702.6500244140625,11143168
2026-08-24 19:00:00+00:00,702.9600219726562,704.2000122070312,700.9299926757812,702.3599853515625,14732288
2026-08-24 20:00:00+00:00,702.0800170898438,704.2000122070312,700.9400024414062,703.1500244140625,14432384
2026-08-24 21:00:00+00:00,703.3200073242188,705.030029296875,702.8200073242188,703.8400268554688,0
2026-08-24 22:00:00+00:00,703.8400268554688,703.9199829101562,701.280029296875,701.3300170898438,0
2026-08-24 23:00:00+00:00,701.6300048828125,704.3300170898438,700.0800170898438,704.280029296875,31616
2026-08-25 00:00:00+00:00,704.280029296875,711.1099853515625,703.6199951171875,709.8099975585938,23340160
2026-08-25 01:00:00+00:00,709.9500122070312,712.4199829101562,708.4299926757812,710.510009765625,0
2026-08-25 02:00:00+00:00,710.6300048828125,718.9000244140625,708.3900146484375,714.1400146484375,50850816
2026-08-25 03:00:00+00:00,714.4000244140625,718.02001953125,713.97998046875,715.5800170898438,25013248
2026-08-25 04:00:00+00:00,715.52001953125,718.0700073242188,713.3400268554688,714.0,18871040
2026-08-25 05:00:00+00:00,714.4099731445312,718.219970703125,713.8699951171875,716.3900146484375,4074880
2026-08-25 06:00:00+00:00,716.3300170898438,717.3800048828125,711.22998046875,712.72998046875,9919360
2026-08-25 07:00:00+00:00,712.7100219726562,715.6099853515625,702.719970703125,706.219970703125,30308096
2026-08-25 08:00:00+00:00,706.27001953125,708.3699951171875,703.5999755859375,704.02001953125,21899520
2026-08-25 09:00:00+00:00,704.1500244140625,704.1500244140625,697.0399780273438,698.75,25671168
2026-08-25 10:00:00+00:00,698.75,700.4099731445312,697.3300170898438,699.47998046875,29163392
2026-08-25 11:00:00+00:00,699.2999877929688,699.8300170898438,696.5800170898438,696.5999755859375,0
2026-08-25 12:00:00+00:00,697.010009765625,698.0700073242188,693.0800170898438,697.6300048828125,0
2026-08-25 13:00:00+00:00,697.6300048828125,698.0900268554688,690.5599975585938,694.2999877929688,0
2026-08-25 14:00:00+00:00,694.4600219726562,699.1099853515625,693.4199829101562,698.1199951171875,0
2026-08-25 15:00:00+00:00,698.0700073242188,700.4199829101562,696.47998046875,700.1400146484375,0
2026-08-25 16:00:00+00:00,700.1400146484375,700.5599975585938,697.6799926757812,698.510009765625,0
2026-08-25 17:00:00+00:00,698.8499755859375,700.4199829101562,696.72998046875,700.1699829101562,0
2026-08-25 18:00:00+00:00,700.1699829101562,701.2899780273438,699.239990234375,699.6400146484375,0
2026-08-25 19:00:00+00:00,699.6199951171875,700.1300048828125,696.7999877929688,698.2000122070312,0
2026-08-25 20:00:00+00:00,698.1699829101562,698.22998046875,692.25,692.25,0
2026-08-25 21:00:00+00:00,692.2999877929688,693.52001953125,688.47998046875,692.8599853515625,19464576
2026-08-25 22:00:00+00:00,693.280029296875,697.2899780273438,693.1900024414062,697.22998046875,2203776
2026-08-25 23:00:00+00:00,696.9299926757812,697.47998046875,693.030029296875,694.0499877929688,43648
2026-08-26 00:00:00+00:00,694.4000244140625,694.5999755859375,691.3499755859375,693.8400268554688,0
2026-08-26 01:00:00+00:00,693.6099853515625,696.510009765625,693.4099731445312,694.780029296875,0
2026-08-26 02:00:00+00:00,694.8900146484375,697.969970703125,693.8400268554688,697.5499877929688,0
2026-08-26 03:00:00+00:00,697.1099853515625,697.8499755859375,694.9600219726562,696.0999755859375,0
2026-08-26 04:00:00+00:00,696.0999755859375,697.1900024414062,694.1300048828125,694.1599731445312,0
2026-08-26 05:00:00+00:00,694.1599731445312,696.5399780273438,692.719970703125,696.0800170898438,0
2026-08-26 06:00:00+00:00,696.1099853515625,697.5399780273438,695.0800170898438,697.3900146484375,0
2026-08-26 07:00:00+00:00,697.3900146484375,700.0,697.0900268554688,698.9299926757812,0
2026-08-26 08:00:00+00:00,698.9299926757812,698.97998046875,696.239990234375,696.8800048828125,0
2026-08-26 09:00:00+00:00,696.8800048828125,698.5499877929688,694.3200073242188,695.1799926757812,0
2026-08-26 10:00:00+00:00,695.1699829101562,707.760009765625,694.6900024414062,706.6699829101562,8198784
2026-08-26 11:00:00+00:00,706.6699829101562,707.27001953125,701.1400146484375,702.0999755859375,40109056
2026-08-26 12:00:00+00:00,702.0999755859375,703.6300048828125,697.9000244140625,701.4299926757812,0
2026-08-26 13:00:00+00:00,701.4299926757812,702.1199951171875,696.7000122070312,701.260009765625,0
2026-08-26 14:00:00+00:00,700.5599975585938,702.3200073242188,693.3599853515625,693.9099731445312,4194304
2026-08-26 15:00:00+00:00,693.4600219726562,697.719970703125,692.1599731445312,696.9400024414062,14271488
2026-08-26 16:00:00+00:00,697.3200073242188,698.0399780273438,694.719970703125,696.1400146484375,0
2026-08-26 17:00:00+00:00,696.1400146484375,701.9099731445312,695.6500244140625,699.2000122070312,8419584
2026-08-26 18:00:00+00:00,699.1599731445312,699.5999755859375,697.2100219726562,698.27001953125,2229376
2026-08-26 19:00:00+00:00,698.27001953125,700.5599975585938,697.969970703125,699.4400024414062,0
2026-08-26 20:00:00+00:00,699.4400024414062,700.4000244140625,697.6900024414062,698.9400024414062,0
2026-08-26 21:00:00+00:00,699.0999755859375,703.4299926757812,698.510009765625,703.1099853515625,0
2026-08-26 22:00:00+00:00,703.1099853515625,707.4600219726562,703.1099853515625,704.510009765625,17605888
2026-08-26 23:00:00+00:00,704.6900024414062,708.1900024414062,703.969970703125,707.6099853515625,24948992
2026-08-27 00:00:00+00:00,707.6099853515625,707.6099853515625,703.2999877929688,703.3699951171875,0
2026-08-27 01:00:00+00:00,703.530029296875,705.47998046875,702.239990234375,704.7999877929688,0
2026-08-27 02:00:00+00:00,704.8300170898438,705.6500244140625,702.6400146484375,702.6400146484375,0
2026-08-27 03:00:00+00:00,702.6400146484375,703.8499755859375,702.1699829101562,703.2899780273438,0
2026-08-27 04:00:00+00:00,703.4199829101562,704.02001953125,700.9199829101562,701.989990234375,5457024
2026-08-27 05:00:00+00:00,702.0,705.3200073242188,701.47998046875,705.2899780273438,4030592
2026-08-27 06:00:00+00:00,705.010009765625,705.7999877929688,703.25,705.7999877929688,0
2026-08-27 07:00:00+00:00,705.7000122070312,707.510009765625,705.0999755859375,707.1099853515625,0
2026-08-27 08:00:00+00:00,707.1099853515625,712.5,707.0599975585938,709.9500122070312,55934464
2026-08-27 09:00:00+00:00,709.5800170898438,715.4500122070312,709.239990234375,712.6599731445312,45393664
2026-08-27 10:00:00+00:00,712.6599731445312,713.760009765625,705.0499877929688,706.97998046875,0
2026-08-27 11:00:00+00:00,706.6500244140625,708.52001953125,705.6799926757812,706.7000122070312,0
2026-08-27 12:00:00+00:00,707.1500244140625,707.3900146484375,705.1799926757812,705.6699829101562,0
2026-08-27 13:00:00+00:00,705.6699829101562,708.739990234375,705.0499877929688,708.739990234375,0
2026-08-27 14:00:00+00:00,708.4600219726562,711.8900146484375,705.8499755859375,709.97998046875,0
2026-08-27 15:00:00+00:00,710.1199951171875,713.8300170898438,709.5,711.3400268554688,0
2026-08-27 16:00:00+00:00,711.9199829101562,713.5800170898438,710.97998046875,711.989990234375,20945024
2026-08-27 17:00:00+00:00,711.9400024414062,713.989990234375,710.0999755859375,710.739990234375,0
2026-08-27 18:00:00+00:00,710.739990234375,711.0800170898438,706.8599853515625,710.8400268554688,13697536
2026-08-27 19:00:00+00:00,711.0399780273438,711.8800048828125,710.010009765625,710.0700073242188,0
2026-08-27 20:00:00+00:00,710.0700073242188,710.77001953125,709.0399780273438,709.9299926757812,0
2026-08-27 21:00:00+00:00,710.1300048828125,710.7000122070312,709.25,710.489990234375,0
2026-08-27 22:00:00+00:00,710.75,712.6699829101562,710.75,712.6400146484375,0
2026-08-27 23:00:00+00:00,712.530029296875,712.9299926757812,711.760009765625,711.97998046875,0
2026-08-28 00:00:00+00:00,712.2100219726562,714.7999877929688,711.1199951171875,713.1799926757812,1756800
2026-08-28 01:00:00+00:00,713.239990234375,718.6599731445312,713.239990234375,713.760009765625,70824064
2026-08-28 02:00:00+00:00,713.760009765625,714.280029296875,706.6599731445312,707.989990234375,20975232
2026-08-28 03:00:00+00:00,707.989990234375,711.1199951171875,707.1400146484375,709.5599975585938,5818624
2026-08-28 04:00:00+00:00,709.5599975585938,711.0,707.2100219726562,709.52001953125,0
2026-08-28 05:00:00+00:00,709.280029296875,713.1699829101562,708.4199829101562,712.0,0
2026-08-28 06:00:00+00:00,712.3099975585938,714.239990234375,711.9099731445312,712.5499877929688,0
2026-08-28 07:00:00+00:00,712.6300048828125,712.6300048828125,706.4099731445312,707.1300048828125,6781312
2026-08-28 08:00:00+00:00,706.969970703125,709.510009765625,705.3699951171875,705.5800170898438,0
2026-08-28 09:00:00+00:00,705.6799926757812,706.5599975585938,704.4600219726562,704.4600219726562,0
2026-08-28 10:00:00+00:00,704.4600219726562,707.02001953125,703.0,706.7999877929688,0
2026-08-28 11:00:00+00:00,706.7899780273438,707.760009765625,705.9199829101562,706.030029296875,0
2026-08-28 12:00:00+00:00,706.239990234375,706.9500122070312,704.3300170898438,705.3699951171875,0
2026-08-28 13:00:00+00:00,705.1500244140625,706.0499877929688,703.510009765625,705.9299926757812,0
2026-08-28 14:00:00+00:00,704.6599731445312,706.9500122070312,695.9099731445312,704.719970703125,40311680
2026-08-28 15:00:00+00:00,705.010009765625,705.8400268554688,696.1400146484375,696.239990234375,0
2026-08-28 16:00:00+00:00,696.1099853515625,696.469970703125,686.5700073242188,693.3200073242188,61143680
2026-08-28 17:00:00+00:00,693.260009765625,695.97998046875,692.5800170898438,693.7000122070312,4274816
2026-08-28 18:00:00+00:00,693.7000122070312,693.7000122070312,685.5,688.1099853515625,28000256
2026-08-28 19:00:00+00:00,688.0399780273438,690.239990234375,688.0399780273438,688.6400146484375,4107264
2026-08-28 20:00:00+00:00,688.6699829101562,689.5,687.9299926757812,688.1599731445312,0
2026-08-28 21:00:00+00:00,688.27001953125,689.1400146484375,686.8699951171875,687.1799926757812,0
2026-08-28 22:00:00+00:00,687.02001953125,690.8800048828125,686.8800048828125,690.0399780273438,8608896
2026-08-28 23:00:00+00:00,690.0399780273438,691.4299926757812,689.52001953125,691.4299926757812,5350272
2026-08-29 00:00:00+00:00,691.3300170898438,692.3900146484375,690.989990234375,691.1400146484375,0
2026-08-29 01:00:00+00:00,691.1400146484375,691.8300170898438,690.3599853515625,691.030029296875,0
2026-08-29 02:00:00+00:00,691.030029296875,691.1900024414062,689.530029296875,690.239990234375,0
2026-08-29 03:00:00+00:00,690.239990234375,690.72998046875,688.3900146484375,688.52001953125,0
2026-08-29 04:00:00+00:00,688.52001953125,690.4500122070312,688.0800170898438,690.4000244140625,0
2026-08-29 05:00:00+00:00,690.4000244140625,691.4299926757812,690.2000122070312,690.97998046875,21465600
2026-08-29 06:00:00+00:00,690.97998046875,690.97998046875,687.2899780273438,687.510009765625,0
2026-08-29 07:00:00+00:00,687.6799926757812,688.280029296875,687.239990234375,688.27001953125,0
2026-08-29 08:00:00+00:00,688.27001953125,688.6900024414062,687.1699829101562,688.1300048828125,0
2026-08-29 09:00:00+00:00,688.25,688.9000244140625,687.6900024414062,688.8099975585938,0
2026-08-29 10:00:00+00:00,688.719970703125,689.8599853515625,688.010009765625,688.9000244140625,0
2026-08-29 11:00:00+00:00,689.0,689.8099975585938,688.6699829101562,689.3499755859375,0
2026-08-29 12:00:00+00:00,689.0900268554688,689.5900268554688,687.6099853515625,688.47998046875,0
2026-08-29 13:00:00+00:00,688.47998046875,688.7899780273438,687.6099853515625,688.5700073242188,0
2026-08-29 14:00:00+00:00,688.5700073242188,692.4299926757812,688.4199829101562,691.8300170898438,0
2026-08-29 15:00:00+00:00,691.8300170898438,691.8300170898438,689.9400024414062,690.739990234375,0
2026-08-29 16:00:00+00:00,690.739990234375,692.3200073242188,690.739990234375,691.239990234375,0
2026-08-29 17:00:00+00:00,691.239990234375,692.1599731445312,690.6900024414062,690.97998046875,0
2026-08-29 18:00:00+00:00,690.97998046875,693.97998046875,690.77001953125,693.6099853515625,0
2026-08-29 19:00:00+00:00,693.6099853515625,694.3800048828125,692.9199829101562,693.510009765625,0
2026-08-29 20:00:00+00:00,693.510009765625,693.760009765625,692.4199829101562,692.6900024414062,0
2026-08-29 21:00:00+00:00,692.6900024414062,693.1699829101562,692.0499877929688,692.6699829101562,0
2026-08-29 22:00:00+00:00,692.7100219726562,693.260009765625,692.1900024414062,693.0399780273438,0
2026-08-29 23:00:00+00:00,693.1300048828125,693.25,692.27001953125,692.6699829101562,0
2026-08-30 00:00:00+00:00,692.4099731445312,693.3300170898438,691.9400024414062,692.260009765625,0
2026-08-30 01:00:00+00:00,692.260009765625,692.739990234375,690.6199951171875,691.75,9497408
2026-08-30 02:00:00+00:00,691.75,694.6500244140625,691.510009765625,694.0800170898438,11645824
2026-08-30 03:00:00+00:00,693.7000122070312,695.52001953125,693.6799926757812,694.719970703125,3723712
2026-08-30 04:00:00+00:00,694.5700073242188,695.3800048828125,692.4000244140625,693.3599853515625,0
2026-08-30 05:00:00+00:00,693.3599853515625,694.5499877929688,693.3599853515625,694.5499877929688,700608
2026-08-30 06:00:00+00:00,694.4099731445312,694.5700073242188,693.5499877929688,694.5700073242188,0
2026-08-30 07:00:00+00:00,694.530029296875,694.97998046875,693.1300048828125,693.260009765625,1098880
2026-08-30 08:00:00+00:00,693.0900268554688,694.260009765625,692.1799926757812,694.02001953125,1794496
2026-08-30 09:00:00+00:00,693.8699951171875,695.030029296875,691.4500122070312,691.8200073242188,16870912
2026-08-30 10:00:00+00:00,691.8200073242188,692.3900146484375,691.4500122070312,692.3099975585938,0
2026-08-30 11:00:00+00:00,692.3099975585938,694.0599975585938,692.260009765625,692.8200073242188,7851328
2026-08-30 12:00:00+00:00,692.8200073242188,696.3800048828125,692.8200073242188,696.3800048828125,13389184
2026-08-30 13:00:00+00:00,696.22998046875,699.989990234375,695.2899780273438,699.4400024414062,29343360
2026-08-30 14:00:00+00:00,699.1199951171875,699.3800048828125,697.4400024414062,698.5700073242188,2167040
2026-08-30 15:00:00+00:00,698.6300048828125,699.6900024414062,696.719970703125,699.3300170898438,12072256
2026-08-30 16:00:00+00:00,699.3300170898438,703.9400024414062,699.1199951171875,703.530029296875,40789696
2026-08-30 17:00:00+00:00,703.530029296875,703.530029296875,698.4199829101562,700.9199829101562,15612288
2026-08-30 18:00:00+00:00,700.9500122070312,702.4400024414062,699.6199951171875,701.8499755859375,0
2026-08-30 19:00:00+00:00,701.8499755859375,701.8499755859375,698.510009765625,699.75,0
2026-08-30 20:00:00+00:00,699.780029296875,700.2000122070312,696.5,697.6900024414062,11123584
2026-08-30 21:00:00+00:00,697.6900024414062,697.6900024414062,693.5,696.5800170898438,21634560
2026-08-30 22:00:00+00:00,696.6199951171875,697.760009765625,692.719970703125,693.75,7568896
2026-08-30 23:00:00+00:00,693.75,693.780029296875,679.719970703125,685.3300170898438,60728960
2026-08-31 00:00:00+00:00,684.4000244140625,688.260009765625,682.5399780273438,686.2999877929688,37391360
2026-08-31 01:00:00+00:00,686.2999877929688,686.6599731445312,682.5800170898438,682.8300170898438,5502208
2026-08-31 02:00:00+00:00,682.6199951171875,685.77001953125,682.1900024414062,683.25,0
2026-08-31 03:00:00+00:00,683.2000122070312,686.780029296875,682.969970703125,685.4400024414062,14306560
2026-08-31 04:00:00+00:00,685.260009765625,685.260009765625,682.7000122070312,683.4000244140625,12929408
2026-08-31 05:00:00+00:00,683.4000244140625,687.1300048828125,683.1699829101562,687.0,22812416
2026-08-31 06:00:00+00:00,686.4400024414062,688.0800170898438,685.97998046875,686.4500122070312,8111872
2026-08-31 07:00:00+00:00,686.260009765625,688.0599975585938,686.260009765625,686.7899780273438,18701824
2026-08-31 08:00:00+00:00,686.7000122070312,687.9400024414062,684.8400268554688,687.5599975585938,17898624
2026-08-31 09:00:00+00:00,687.5599975585938,689.3900146484375,686.280029296875,686.2899780273438,8457216
2026-08-31 10:00:00+00:00,686.2899780273438,689.260009765625,685.1500244140625,688.8800048828125,13538944
2026-08-31 11:00:00+00:00,688.5999755859375,688.5999755859375,686.72998046875,687.0800170898438,3933696
2026-08-31 12:00:00+00:00,687.0800170898438,688.9099731445312,684.4199829101562,685.9099731445312,0
2026-08-31 13:00:00+00:00,686.0999755859375,687.52001953125,685.2000122070312,685.4600219726562,0
2026-08-31 14:00:00+00:00,685.6699829101562,691.1599731445312,684.9600219726562,690.5999755859375,16992512
2026-08-31 15:00:00+00:00,690.8599853515625,691.0900268554688,687.969970703125,689.489990234375,4400384
2026-08-31 16:00:00+00:00,689.489990234375,690.3099975585938,687.780029296875,689.260009765625,0
2026-08-31 17:00:00+00:00,689.260009765625,693.0700073242188,688.719970703125,692.9400024414062,0
2026-08-31 18:00:00+00:00,692.9400024414062,694.3400268554688,691.9400024414062,692.760009765625,9577984
2026-08-31 19:00:00+00:00,693.02001953125,694.3699951171875,691.25,691.9600219726562,10493312
2026-08-31 20:00:00+00:00,691.9600219726562,692.8400268554688,690.2999877929688,691.219970703125,0
2026-08-31 21:00:00+00:00,691.219970703125,692.8699951171875,690.4199829101562,692.530029296875,0
2026-08-31 22:00:00+00:00,692.7000122070312,692.9099731445312,690.4199829101562,690.969970703125,0
2026-08-31 23:00:00+00:00,690.969970703125,691.3099975585938,690.0,691.1799926757812,0
2026-09-01 00:00:00+00:00,691.1799926757812,693.7899780273438,691.1799926757812,692.969970703125,0
2026-09-01 01:00:00+00:00,693.2899780273438,693.6699829101562,690.6099853515625,691.1799926757812,0
2026-09-01 02:00:00+00:00,691.1799926757812,691.7999877929688,690.0900268554688,691.7999877929688,0
2026-09-01 03:00:00+00:00,691.7999877929688,694.4099731445312,691.7999877929688,693.2999877929688,0
2026-09-01 04:00:00+00:00,693.2999877929688,693.72998046875,691.8300170898438,692.0399780273438,0
2026-09-01 05:00:00+00:00,692.0399780273438,694.010009765625,691.1300048828125,693.6199951171875,0
2026-09-01 06:00:00+00:00,693.3900146484375,693.47998046875,690.010009765625,690.1699829101562,4928640
2026-09-01 07:00:00+00:00,690.1699829101562,690.510009765625,688.760009765625,690.1900024414062,0
2026-09-01 08:00:00+00:00,690.1900024414062,690.4099731445312,685.7899780273438,686.2899780273438,0
2026-09-01 09:00:00+00:00,686.2899780273438,686.7100219726562,685.4400024414062,686.010009765625,0
2026-09-01 10:00:00+00:00,686.010009765625,688.3400268554688,685.4400024414062,686.530029296875,0
2026-09-01 11:00:00+00:00,686.530029296875,687.989990234375,685.72998046875,687.0499877929688,0
2026-09-01 12:00:00+00:00,687.0499877929688,687.4000244140625,684.6900024414062,686.5499877929688,0
2026-09-01 13:00:00+00:00,686.5499877929688,687.1500244140625,683.5900268554688,687.1300048828125,5837056
2026-09-01 14:00:00+00:00,687.1300048828125,688.6199951171875,686.6099853515625,687.0,0
2026-09-01 15:00:00+00:00,687.1199951171875,687.280029296875,684.8900146484375,686.9299926757812,0
2026-09-01 16:00:00+00:00,686.75,686.75,682.6599731445312,683.6099853515625,1770240
2026-09-01 17:00:00+00:00,683.6900024414062,685.8800048828125,682.5999755859375,682.6099853515625,0
2026-09-01 18:00:00+00:00,682.9199829101562,682.9500122070312,674.4099731445312,679.22998046875,40569856
2026-09-01 19:00:00+00:00,679.1099853515625,681.1699829101562,678.97998046875,679.510009765625,595584
2026-09-01 20:00:00+00:00,679.8499755859375,681.0,678.97998046875,680.5599975585938,7858816
2026-09-01 21:00:00+00:00,680.5700073242188,681.3200073242188,677.2899780273438,680.3099975585938,5167360
2026-09-01 22:00:00+00:00,680.3099975585938,681.0599975585938,678.969970703125,680.6599731445312,6026496
2026-09-01 23:00:00+00:00,680.530029296875,683.7000122070312,680.1699829101562,682.5700073242188,10806656
2026-09-02 00:00:00+00:00,682.5700073242188,686.9199829101562,682.4099731445312,683.5399780273438,53197312
2026-09-02 01:00:00+00:00,683.6099853515625,684.7100219726562,679.4000244140625,682.5399780273438,25843968
2026-09-02 02:00:00+00:00,682.3599853515625,685.4400024414062,681.2999877929688,685.22998046875,23419520
2026-09-02 03:00:00+00:00,685.22998046875,689.0700073242188,685.22998046875,687.25,10362368
2026-09-02 04:00:00+00:00,687.25,687.5399780273438,685.77001953125,687.3400268554688,6650112
2026-09-02 05:00:00+00:00,687.4600219726562,689.280029296875,686.0900268554688,688.5900268554688,966528
2026-09-02 06:00:00+00:00,688.780029296875,689.239990234375,686.5599975585938,687.9299926757812,0
2026-09-02 07:00:00+00:00,687.9299926757812,688.8800048828125,687.2999877929688,687.4600219726562,0
2026-09-02 08:00:00+00:00,687.4600219726562,687.760009765625,682.72998046875,683.3099975585938,0
2026-09-02 09:00:00+00:00,683.5599975585938,686.1599731445312,681.4299926757812,682.9199829101562,6123008
2026-09-02 10:00:00+00:00,682.9199829101562,683.719970703125,680.3400268554688,682.7899780273438,0
2026-09-02 11:00:00+00:00,682.6300048828125,683.9099731445312,680.6900024414062,683.5399780273438,14234752
2026-09-02 12:00:00+00:00,683.47998046875,685.1300048828125,682.510009765625,682.8599853515625,1742592
2026-09-02 13:00:00+00:00,682.8599853515625,688.8900146484375,682.8599853515625,687.0900268554688,3145088
2026-09-02 14:00:00+00:00,687.280029296875,688.739990234375,685.6699829101562,685.6699829101562,10940800
2026-09-02 15:00:00+00:00,685.6300048828125,687.6900024414062,683.6099853515625,687.1699829101562,9564928
2026-09-02 16:00:00+00:00,687.1699829101562,688.6900024414062,686.0,686.010009765625,7539584
2026-09-02 17:00:00+00:00,686.010009765625,687.7100219726562,684.5800170898438,687.4500122070312,2014080
2026-09-02 18:00:00+00:00,687.4199829101562,687.47998046875,685.8300170898438,686.6599731445312,0
2026-09-02 19:00:00+00:00,686.6599731445312,687.510009765625,685.1699829101562,686.4000244140625,0
2026-09-02 20:00:00+00:00,686.4000244140625,687.8300170898438,686.1500244140625,687.4099731445312,576256
2026-09-02 21:00:00+00:00,687.4099731445312,688.5399780273438,686.97998046875,687.010009765625,0
2026-09-02 22:00:00+00:00,686.9199829101562,687.27001953125,685.22998046875,685.9500122070312,0
2026-09-02 23:00:00+00:00,685.9500122070312,688.5700073242188,685.6199951171875,688.5700073242188,0
2026-09-03 00:00:00+00:00,688.5700073242188,689.5599975585938,686.3599853515625,687.0499877929688,0
2026-09-03 01:00:00+00:00,686.9199829101562,691.6900024414062,686.010009765625,689.7899780273438,0
2026-09-03 02:00:00+00:00,689.9099731445312,694.7100219726562,689.4400024414062,694.030029296875,0
2026-09-03 03:00:00+00:00,693.9199829101562,693.9199829101562,691.6099853515625,692.3800048828125,0
2026-09-03 04:00:00+00:00,692.3800048828125,694.4500122070312,691.6699829101562,694.22998046875,0
2026-09-03 05:00:00+00:00,694.530029296875,695.280029296875,689.780029296875,694.9099731445312,867072
2026-09-03 06:00:00+00:00,694.8099975585938,698.4299926757812,694.5700073242188,697.4500122070312,3584128
2026-09-03 07:00:00+00:00,697.4500122070312,699.0,696.780029296875,697.8400268554688,24953600
2026-09-03 08:00:00+00:00,697.5999755859375,702.8200073242188,697.5999755859375,700.969970703125,34475136
2026-09-03 09:00:00+00:00,700.8400268554688,702.5599975585938,700.3200073242188,700.530029296875,0
2026-09-03 10:00:00+00:00,700.4000244140625,705.4600219726562,700.4000244140625,704.8699951171875,21695872
2026-09-03 11:00:00+00:00,705.6699829101562,715.1900024414062,704.5499877929688,711.2999877929688,99846656
2026-09-03 12:00:00+00:00,711.3800048828125,714.75,710.2899780273438,713.4000244140625,50242944
2026-09-03 13:00:00+00:00,713.77001953125,714.47998046875,708.97998046875,711.760009765625,31049344
2026-09-03 14:00:00+00:00,711.2999877929688,722.4500122070312,710.8900146484375,722.2999877929688,67117952
2026-09-03 15:00:00+00:00,722.3699951171875,726.9600219726562,718.3300170898438,726.8300170898438,76517760
2026-09-03 16:00:00+00:00,728.0,728.0,718.9600219726562,722.219970703125,65949184
2026-09-03 17:00:00+00:00,722.0900268554688,723.1400146484375,719.6900024414062,721.7999877929688,25154304
2026-09-03 18:00:00+00:00,722.1599731445312,723.219970703125,720.0700073242188,722.3599853515625,10038784
2026-09-03 19:00:00+00:00,722.1500244140625,725.0800170898438,721.4000244140625,724.6199951171875,20347648
2026-09-03 20:00:00+00:00,724.969970703125,724.969970703125,722.5900268554688,724.2000122070312,11893248
2026-09-03 21:00:00+00:00,724.2100219726562,727.6699829101562,723.52001953125,725.25,18177536
2026-09-03 22:00:00+00:00,725.3699951171875,725.6900024414062,720.72998046875,723.760009765625,20415616
2026-09-03 23:00:00+00:00,723.719970703125,725.47998046875,723.4099731445312,725.3200073242188,15605376
2026-09-04 00:00:00+00:00,725.22998046875,729.8400268554688,721.6099853515625,721.760009765625,38040192
2026-09-04 01:00:00+00:00,722.030029296875,723.780029296875,719.0700073242188,722.2000122070312,28483968
2026-09-04 02:00:00+00:00,722.22998046875,724.1500244140625,720.47998046875,724.0800170898438,6500352
2026-09-04 03:00:00+00:00,724.2000122070312,725.0999755859375,723.5800170898438,723.5800170898438,5803136
2026-09-04 04:00:00+00:00,723.530029296875,728.9199829101562,723.52001953125,726.0599975585938,28307584
2026-09-04 05:00:00+00:00,725.8699951171875,726.469970703125,723.010009765625,724.7000122070312,3974016
2026-09-04 06:00:00+00:00,724.760009765625,725.1900024414062,719.6599731445312,720.1799926757812,831232
2026-09-04 07:00:00+00:00,720.1799926757812,722.1400146484375,714.0,714.1799926757812,13394688
2026-09-04 08:00:00+00:00,714.1799926757812,719.4000244140625,713.8400268554688,719.0499877929688,6246528
2026-09-04 09:00:00+00:00,719.0499877929688,720.27001953125,717.2999877929688,718.8800048828125,6152576
2026-09-04 10:00:00+00:00,718.6699829101562,722.6300048828125,716.0999755859375,722.6300048828125,0
2026-09-04 11:00:00+00:00,722.6300048828125,725.030029296875,721.8599853515625,724.2100219726562,0
2026-09-04 12:00:00+00:00,724.47998046875,727.1199951171875,710.760009765625,715.739990234375,52914688
2026-09-04 13:00:00+00:00,714.8800048828125,718.280029296875,712.22998046875,715.02001953125,9508352
2026-09-04 14:00:00+00:00,715.02001953125,716.3400268554688,708.7899780273438,712.0999755859375,0
2026-09-04 15:00:00+00:00,711.530029296875,717.780029296875,710.7899780273438,716.489990234375,0
2026-09-04 16:00:00+00:00,716.489990234375,721.4099731445312,715.9400024414062,719.4000244140625,0
2026-09-04 17:00:00+00:00,719.4000244140625,719.4000244140625,716.6900024414062,717.0800170898438,0
2026-09-04 18:00:00+00:00,717.1799926757812,719.219970703125,716.5700073242188,719.1799926757812,0
2026-09-04 19:00:00+00:00,719.1699829101562,721.469970703125,719.0499877929688,720.2899780273438,0
2026-09-04 20:00:00+00:00,720.1099853515625,721.27001953125,718.3200073242188,718.510009765625,0
2026-09-04 21:00:00+00:00,718.280029296875,719.5499877929688,716.6799926757812,717.7999877929688,0
2026-09-04 22:00:00+00:00,717.6900024414062,719.27001953125,717.6900024414062,718.9400024414062,0
2026-09-04 23:00:00+00:00,718.9199829101562,721.6400146484375,718.739990234375,721.6400146484375,0
2026-09-05 00:00:00+00:00,721.6199951171875,722.22998046875,719.6599731445312,719.72998046875,0
2026-09-05 01:00:00+00:00,720.1099853515625,723.7999877929688,719.510009765625,720.469970703125,0
2026-09-05 02:00:00+00:00,720.4400024414062,721.8699951171875,719.9099731445312,720.9400024414062,55168
2026-09-05 03:00:00+00:00,720.9299926757812,725.0,720.8099975585938,723.8699951171875,8524928
2026-09-05 04:00:00+00:00,723.8699951171875,723.8699951171875,721.4099731445312,721.6099853515625,0
2026-09-05 05:00:00+00:00,721.6500244140625,723.0499877929688,720.8099975585938,722.7000122070312,0
2026-09-05 06:00:00+00:00,722.7000122070312,727.6799926757812,721.9199829101562,727.4600219726562,7756288
2026-09-05 07:00:00+00:00,727.4600219726562,739.469970703125,726.5700073242188,738.3099975585938,92034048
2026-09-05 08:00:00+00:00,738.3099975585938,752.5700073242188,738.260009765625,749.2000122070312,244679680
2026-09-05 09:00:00+00:00,750.2999877929688,751.6699829101562,744.52001953125,747.8499755859375,119388544
2026-09-05 10:00:00+00:00,747.969970703125,750.6799926757812,746.9000244140625,748.1599731445312,38760576
2026-09-05 11:00:00+00:00,748.1500244140625,757.0800170898438,746.1900024414062,748.0800170898438,65072384
2026-09-05 12:00:00+00:00,748.2999877929688,765.719970703125,748.1599731445312,763.280029296875,33539712
2026-09-05 13:00:00+00:00,763.6199951171875,767.47998046875,759.2999877929688,761.02001953125,116350976
2026-09-05 14:00:00+00:00,760.8300170898438,770.0599975585938,760.4600219726562,770.0,154961152
2026-09-05 15:00:00+00:00,769.6599731445312,772.239990234375,765.8099975585938,770.5,66445568
2026-09-05 16:00:00+00:00,770.0399780273438,777.4299926757812,767.9400024414062,773.3599853515625,88363264
2026-09-05 17:00:00+00:00,774.97998046875,780.6300048828125,774.239990234375,776.4299926757812,126973184
2026-09-05 18:00:00+00:00,776.510009765625,779.0399780273438,775.239990234375,776.7999877929688,37882112
2026-09-05 19:00:00+00:00,777.030029296875,779.7100219726562,773.4000244140625,773.6500244140625,34888448
2026-09-05 20:00:00+00:00,773.489990234375,774.1900024414062,769.9199829101562,770.3900146484375,30513664
2026-09-05 21:00:00+00:00,770.719970703125,772.1699829101562,769.72998046875,771.4500122070312,17520384
2026-09-05 22:00:00+00:00,771.489990234375,772.1099853515625,769.3499755859375,770.4000244140625,42742272
2026-09-05 23:00:00+00:00,770.6199951171875,770.8800048828125,764.3499755859375,766.719970703125,40709376
2026-09-06 00:00:00+00:00,766.719970703125,769.1500244140625,766.3400268554688,767.0800170898438,13494016
2026-09-06 01:00:00+00:00,766.72998046875,768.489990234375,763.7000122070312,765.3099975585938,43963904
2026-09-06 02:00:00+00:00,765.3499755859375,765.9199829101562,761.0,763.8699951171875,47347712
2026-09-06 03:00:00+00:00,763.8900146484375,766.02001953125,763.5599975585938,765.1699829101562,2291200
2026-09-06 04:00:00+00:00,765.1699829101562,765.22998046875,762.239990234375,763.0599975585938,2037504
2026-09-06 05:00:00+00:00,763.239990234375,764.7000122070312,761.0399780273438,761.6500244140625,25631744
2026-09-06 06:00:00+00:00,762.0599975585938,763.510009765625,759.7000122070312,760.22998046875,23923456
2026-09-06 07:00:00+00:00,760.239990234375,760.97998046875,755.280029296875,756.5399780273438,0
2026-09-06 08:00:00+00:00,756.489990234375,757.6300048828125,754.3800048828125,757.0399780273438,0
2026-09-06 09:00:00+00:00,756.97998046875,758.8300170898438,756.8599853515625,757.4099731445312,0
2026-09-06 10:00:00+00:00,757.7999877929688,758.5700073242188,756.5900268554688,757.8400268554688,0
2026-09-06 11:00:00+00:00,757.8400268554688,758.9400024414062,756.719970703125,758.1900024414062,0
2026-09-06 12:00:00+00:00,758.1900024414062,758.3599853515625,754.3599853515625,755.760009765625,0
2026-09-06 13:00:00+00:00,755.760009765625,755.760009765625,750.3599853515625,750.8900146484375,0
2026-09-06 14:00:00+00:00,750.8900146484375,750.8900146484375,741.4600219726562,741.6900024414062,0
2026-09-06 15:00:00+00:00,741.77001953125,746.1500244140625,740.5,746.1300048828125,0
2026-09-06 16:00:00+00:00,746.1300048828125,748.5700073242188,745.2000122070312,747.6199951171875,0
2026-09-06 17:00:00+00:00,747.5900268554688,748.3200073242188,746.6400146484375,748.010009765625,0
2026-09-06 18:00:00+00:00,748.1099853515625,749.9099731445312,747.6099853515625,749.6300048828125,0
2026-09-06 19:00:00+00:00,749.52001953125,750.510009765625,748.5,749.02001953125,0
2026-09-06 20:00:00+00:00,748.8499755859375,751.760009765625,748.8499755859375,751.3800048828125,0
2026-09-06 21:00:00+00:00,751.3499755859375,753.8499755859375,751.219970703125,751.4000244140625,4448640
2026-09-06 22:00:00+00:00,751.0,751.7000122070312,748.510009765625,751.0900268554688,0
2026-09-06 23:00:00+00:00,751.0900268554688,754.6300048828125,751.030029296875,752.8800048828125,305664
2026-09-07 00:00:00+00:00,752.969970703125,756.1599731445312,749.8499755859375,750.3300170898438,9922176
2026-09-07 01:00:00+00:00,750.22998046875,750.739990234375,745.6500244140625,748.6900024414062,0
2026-09-07 02:00:00+00:00,748.4099731445312,755.3300170898438,747.219970703125,748.1599731445312,0
2026-09-07 03:00:00+00:00,748.1699829101562,749.8800048828125,745.0999755859375,745.97998046875,9678336
2026-09-07 04:00:00+00:00,746.0900268554688,747.3200073242188,745.4199829101562,746.8400268554688,800768
2026-09-07 05:00:00+00:00,746.5599975585938,749.97998046875,746.5599975585938,748.3699951171875,0
2026-09-07 06:00:00+00:00,748.239990234375,749.1699829101562,744.8900146484375,745.3499755859375,0
2026-09-07 07:00:00+00:00,745.239990234375,745.4099731445312,740.5,743.6799926757812,0
2026-09-07 08:00:00+00:00,743.6900024414062,745.3800048828125,743.6900024414062,744.989990234375,0
2026-09-07 09:00:00+00:00,744.9299926757812,746.239990234375,742.6199951171875,742.6199951171875,49728128
2026-09-07 10:00:00+00:00,743.0800170898438,744.8900146484375,742.47998046875,743.6099853515625,20344320
2026-09-07 11:00:00+00:00,743.6099853515625,744.77001953125,743.0700073242188,744.77001953125,0
2026-09-07 12:00:00+00:00,744.8599853515625,747.3400268554688,744.530029296875,747.1900024414062,0
2026-09-07 13:00:00+00:00,746.97998046875,747.5800170898438,744.3499755859375,745.72998046875,0
2026-09-07 14:00:00+00:00,745.4500122070312,745.6799926757812,741.0,743.719970703125,0
2026-09-07 15:00:00+00:00,743.4099731445312,743.530029296875,734.0900268554688,734.4400024414062,36228224
2026-09-07 16:00:00+00:00,734.530029296875,739.9400024414062,734.4500122070312,739.780029296875,27334144
2026-09-07 17:00:00+00:00,739.72998046875,741.280029296875,739.1599731445312,740.7000122070312,0
2026-09-07 18:00:00+00:00,740.7000122070312,741.1400146484375,738.6400146484375,739.780029296875,0
2026-09-07 19:00:00+00:00,739.780029296875,741.9400024414062,738.760009765625,741.5800170898438,0
2026-09-07 20:00:00+00:00,741.5800170898438,741.8599853515625,738.9400024414062,739.9400024414062,0
2026-09-07 21:00:00+00:00,739.8499755859375,740.0700073242188,738.7000122070312,739.469970703125,0
2026-09-07 22:00:00+00:00,739.27001953125,739.75,736.1900024414062,738.2999877929688,5176704
2026-09-07 23:00:00+00:00,738.510009765625,740.6300048828125,737.97998046875,739.760009765625,0
2026-09-08 00:00:00+00:00,739.760009765625,741.1400146484375,738.280029296875,740.3400268554688,0
2026-09-08 01:00:00+00:00,740.3400268554688,742.8400268554688,740.0399780273438,742.4400024414062,0
2026-09-08 02:00:00+00:00,742.510009765625,743.1099853515625,738.1799926757812,738.3900146484375,0
2026-09-08 03:00:00+00:00,738.4199829101562,744.9500122070312,736.8099975585938,742.719970703125,1192576
2026-09-08 04:00:00+00:00,742.5700073242188,746.6500244140625,741.719970703125,745.3699951171875,27770752
2026-09-08 05:00:00+00:00,745.3900146484375,754.0,743.4000244140625,750.5399780273438,84455680
2026-09-08 06:00:00+00:00,750.5399780273438,750.9500122070312,745.77001953125,747.5599975585938,39928320
2026-09-08 07:00:00+00:00,747.719970703125,757.2000122070312,747.5,754.6400146484375,53662848
2026-09-08 08:00:00+00:00,754.510009765625,761.010009765625,753.5999755859375,754.8400268554688,91940480
2026-09-08 09:00:00+00:00,754.9099731445312,756.989990234375,750.5900268554688,754.530029296875,0
2026-09-08 10:00:00+00:00,754.6500244140625,758.010009765625,753.510009765625,755.6900024414062,0
2026-09-08 11:00:00+00:00,755.6900024414062,756.5599975585938,750.5700073242188,752.6400146484375,34165120
2026-09-08 12:00:00+00:00,752.1300048828125,752.2100219726562,749.4000244140625,751.719970703125,31498880
2026-09-08 13:00:00+00:00,751.3300170898438,752.6900024414062,742.2999877929688,746.6900024414062,21611520
2026-09-08 14:00:00+00:00,746.9500122070312,751.0700073242188,746.1199951171875,750.5999755859375,46588032
2026-09-08 15:00:00+00:00,750.5999755859375,756.8200073242188,749.1500244140625,756.1699829101562,0
2026-09-08 16:00:00+00:00,756.260009765625,757.6199951171875,753.219970703125,755.9000244140625,0
2026-09-08 17:00:00+00:00,755.760009765625,756.4500122070312,751.8300170898438,751.8400268554688,25693184
2026-09-08 18:00:00+00:00,752.0599975585938,754.1199951171875,747.760009765625,749.1300048828125,2330624
2026-09-08 19:00:00+00:00,749.4600219726562,750.27001953125,747.6900024414062,748.7999877929688,19123712
2026-09-08 20:00:00+00:00,749.0599975585938,751.6199951171875,748.97998046875,750.8300170898438,32839296
2026-09-08 21:00:00+00:00,751.1500244140625,752.4600219726562,751.0399780273438,751.8499755859375,15346816
2026-09-08 22:00:00+00:00,752.1400146484375,754.719970703125,751.02001953125,754.7000122070312,2595072
2026-09-08 23:00:00+00:00,754.7000122070312,754.7000122070312,751.9400024414062,752.260009765625,600960
2026-09-09 00:00:00+00:00,752.030029296875,756.489990234375,751.77001953125,754.6400146484375,19743488
2026-09-09 01:00:00+00:00,754.6400146484375,755.97998046875,749.97998046875,754.6099853515625,10560896
2026-09-09 02:00:00+00:00,754.4099731445312,754.989990234375,751.4600219726562,751.8200073242188,6648576
2026-09-09 03:00:00+00:00,751.4099731445312,751.5,747.25,749.75,0
2026-09-09 04:00:00+00:00,749.75,755.2899780273438,749.75,754.3699951171875,0
2026-09-09 05:00:00+00:00,754.260009765625,754.780029296875,750.3599853515625,751.3300170898438,0
2026-09-09 06:00:00+00:00,751.6099853515625,755.8200073242188,751.02001953125,754.47998046875,0
2026-09-09 07:00:00+00:00,754.47998046875,757.0800170898438,752.7100219726562,754.3800048828125,0
2026-09-09 08:00:00+00:00,754.3800048828125,757.469970703125,753.8499755859375,757.4400024414062,0
2026-09-09 09:00:00+00:00,757.22998046875,757.469970703125,750.7999877929688,751.2100219726562,0
2026-09-09 10:00:00+00:00,751.2100219726562,752.280029296875,749.22998046875,750.5900268554688,0
2026-09-09 11:00:00+00:00,750.510009765625,751.5,747.4099731445312,750.1099853515625,0
2026-09-09 12:00:00+00:00,750.0800170898438,751.52001953125,749.4000244140625,750.280029296875,0
2026-09-09 13:00:00+00:00,750.0599975585938,750.9299926757812,745.0499877929688,745.0499877929688,0
2026-09-09 14:00:00+00:00,744.9500122070312,746.7100219726562,741.52001953125,743.0700073242188,20166144
2026-09-09 15:00:00+00:00,743.4299926757812,745.9299926757812,734.719970703125,738.8599853515625,30420864
2026-09-09 16:00:00+00:00,738.989990234375,741.780029296875,737.719970703125,740.4199829101562,6308992
2026-09-09 17:00:00+00:00,740.6199951171875,742.219970703125,740.1500244140625,741.280029296875,0
2026-09-09 18:00:00+00:00,741.4000244140625,741.7999877929688,739.5399780273438,739.6799926757812,0
2026-09-09 19:00:00+00:00,739.780029296875,741.6500244140625,736.3699951171875,737.280029296875,0
2026-09-09 20:00:00+00:00,737.1500244140625,737.8800048828125,732.4299926757812,733.8599853515625,7397632
2026-09-09 21:00:00+00:00,733.4099731445312,733.530029296875,723.4000244140625,725.4000244140625,44367360
2026-09-09 22:00:00+00:00,725.6599731445312,725.9000244140625,717.6900024414062,718.8900146484375,95113216
2026-09-09 23:00:00+00:00,719.4000244140625,723.6199951171875,719.0,722.5599975585938,29141248
2026-09-10 00:00:00+00:00,722.280029296875,724.3900146484375,720.5399780273438,720.77001953125,10204672
2026-09-10 01:00:00+00:00,720.719970703125,724.6099853515625,716.5900268554688,720.8200073242188,21132672
2026-09-10 02:00:00+00:00,720.8200073242188,725.0599975585938,720.3900146484375,725.02001953125,2575232
2026-09-10 03:00:00+00:00,724.989990234375,725.9199829101562,722.75,723.3699951171875,5837440
2026-09-10 04:00:00+00:00,723.1799926757812,723.5700073242188,721.6799926757812,722.239990234375,0
2026-09-10 05:00:00+00:00,722.239990234375,723.3200073242188,720.5999755859375,723.3200073242188,6347904
2026-09-10 06:00:00+00:00,723.3200073242188,723.3200073242188,718.22998046875,720.7000122070312,26279552
2026-09-10 07:00:00+00:00,720.969970703125,720.969970703125,715.510009765625,718.8300170898438,15343360
2026-09-10 08:00:00+00:00,718.5499877929688,719.5999755859375,718.0399780273438,718.0700073242188,0
2026-09-10 09:00:00+00:00,718.0700073242188,718.7899780273438,715.5499877929688,717.1300048828125,0
2026-09-10 10:00:00+00:00,717.1400146484375,718.3099975585938,716.4299926757812,717.010009765625,0
2026-09-10 11:00:00+00:00,716.8200073242188,718.6400146484375,715.6099853515625,716.2100219726562,0
2026-09-10 12:00:00+00:00,716.52001953125,717.5999755859375,704.2000122070312,705.4000244140625,83200768
2026-09-10 13:00:00+00:00,705.8300170898438,710.3599853515625,704.8599853515625,710.219970703125,46934144
2026-09-10 14:00:00+00:00,710.47998046875,711.5499877929688,707.0,709.5399780273438,0
2026-09-10 15:00:00+00:00,709.530029296875,710.3599853515625,706.4500122070312,707.6599731445312,0
2026-09-10 16:00:00+00:00,707.6599731445312,708.9400024414062,704.27001953125,708.52001953125,2008704
2026-09-10 17:00:00+00:00,708.0499877929688,713.4299926757812,707.6900024414062,712.530029296875,31426432
2026-09-10 18:00:00+00:00,712.4600219726562,713.75,710.1400146484375,713.75,12788224
2026-09-10 19:00:00+00:00,713.6699829101562,715.719970703125,713.0499877929688,714.0999755859375,7570688
2026-09-10 20:00:00+00:00,714.469970703125,716.0,713.739990234375,714.9099731445312,0
2026-09-10 21:00:00+00:00,714.77001953125,715.0399780273438,713.530029296875,714.1799926757812,0
2026-09-10 22:00:00+00:00,714.0999755859375,715.4400024414062,711.3499755859375,711.739990234375,0
2026-09-10 23:00:00+00:00,711.75,712.4199829101562,708.219970703125,708.5,0
2026-09-11 00:00:00+00:00,708.5,713.3300170898438,708.5,713.3300170898438,0
2026-09-11 01:00:00+00:00,713.4099731445312,714.6900024414062,710.6400146484375,713.3599853515625,0
2026-09-11 02:00:00+00:00,712.9600219726562,713.219970703125,710.0,710.8200073242188,0
2026-09-11 03:00:00+00:00,710.6699829101562,712.0700073242188,709.7999877929688,711.8800048828125,0
2026-09-11 04:00:00+00:00,711.8800048828125,717.0,711.6599731445312,716.4199829101562,5721728
2026-09-11 05:00:00+00:00,716.4199829101562,717.1099853515625,714.9299926757812,716.4299926757812,0
2026-09-11 06:00:00+00:00,716.4299926757812,716.6900024414062,713.97998046875,714.9400024414062,0
2026-09-11 07:00:00+00:00,714.9400024414062,715.739990234375,712.7000122070312,713.530029296875,0
2026-09-11 08:00:00+00:00,713.6300048828125,715.5999755859375,712.4299926757812,713.8400268554688,0
2026-09-11 09:00:00+00:00,713.8400268554688,714.27001953125,710.9400024414062,712.6900024414062,0
2026-09-11 10:00:00+00:00,712.6900024414062,714.8499755859375,712.2999877929688,712.4099731445312,0
2026-09-11 11:00:00+00:00,712.3499755859375,712.969970703125,710.0700073242188,712.9500122070312,0
2026-09-11 12:00:00+00:00,712.9099731445312,724.0599975585938,708.1699829101562,723.02001953125,0
2026-09-11 13:00:00+00:00,723.3200073242188,736.7899780273438,717.0599975585938,736.4099731445312,59075456
2026-09-11 14:00:00+00:00,736.760009765625,741.1400146484375,729.989990234375,732.7100219726562,127576832
2026-09-11 15:00:00+00:00,733.1099853515625,740.1500244140625,726.3400268554688,728.530029296875,46704000
2026-09-11 16:00:00+00:00,728.0399780273438,733.1599731445312,727.47998046875,730.3599853515625,27642112
2026-09-11 17:00:00+00:00,730.3599853515625,731.1699829101562,726.8400268554688,727.489990234375,0
2026-09-11 18:00:00+00:00,727.510009765625,727.8200073242188,721.2999877929688,722.3200073242188,8582272
2026-09-11 19:00:00+00:00,722.4600219726562,725.7899780273438,721.2899780273438,725.0599975585938,1042048
2026-09-11 20:00:00+00:00,725.3699951171875,727.4099731445312,724.27001953125,726.030029296875,6104448
2026-09-11 21:00:00+00:00,726.010009765625,727.5999755859375,722.9600219726562,723.3699951171875,0
2026-09-11 22:00:00+00:00,723.1199951171875,725.6300048828125,721.8400268554688,724.1599731445312,8635520
2026-09-11 23:00:00+00:00,724.2100219726562,727.5,723.8699951171875,726.7000122070312,49280
2026-09-12 00:00:00+00:00,726.5599975585938,728.4099731445312,726.0700073242188,726.719970703125,0
2026-09-12 01:00:00+00:00,726.47998046875,730.5599975585938,726.1199951171875,730.1199951171875,11355648
2026-09-12 02:00:00+00:00,730.1199951171875,731.9500122070312,729.3599853515625,731.6599731445312,3776640
2026-09-12 03:00:00+00:00,731.760009765625,736.0,731.5999755859375,733.3099975585938,39713024
2026-09-12 04:00:00+00:00,733.3099975585938,735.219970703125,732.8900146484375,733.5,2734080
2026-09-12 05:00:00+00:00,733.5,735.22998046875,732.4299926757812,733.219970703125,0
2026-09-12 06:00:00+00:00,733.219970703125,733.219970703125,731.489990234375,731.6799926757812,0
2026-09-12 07:00:00+00:00,731.5800170898438,734.3900146484375,731.5800170898438,733.4600219726562,0
2026-09-12 08:00:00+00:00,733.4600219726562,734.8400268554688,732.3599853515625,734.5,0
2026-09-12 09:00:00+00:00,734.5,736.3200073242188,734.1699829101562,734.8200073242188,1365504
2026-09-12 10:00:00+00:00,735.0999755859375,739.4400024414062,735.0999755859375,737.6900024414062,20479744
2026-09-12 11:00:00+00:00,737.8599853515625,737.97998046875,735.9500122070312,736.260009765625,0
2026-09-12 12:00:00+00:00,736.75,737.27001953125,735.5700073242188,736.0999755859375,0
2026-09-12 13:00:00+00:00,736.0999755859375,736.6099853515625,734.8800048828125,736.6099853515625,0
2026-09-12 14:00:00+00:00,736.6099853515625,736.6099853515625,734.469970703125,735.1199951171875,0
2026-09-12 15:00:00+00:00,735.5999755859375,737.0399780273438,735.0499877929688,735.0499877929688,0
2026-09-12 16:00:00+00:00,735.0499877929688,735.0999755859375,731.6500244140625,732.0700073242188,0
2026-09-12 17:00:00+00:00,732.0700073242188,732.2899780273438,730.2899780273438,730.8400268554688,0
2026-09-12 18:00:00+00:00,730.8400268554688,730.8400268554688,728.7100219726562,729.3200073242188,0
2026-09-12 19:00:00+00:00,729.3200073242188,729.3200073242188,724.780029296875,725.7899780273438,98816
2026-09-12 20:00:00+00:00,725.7899780273438,727.1400146484375,725.780029296875,726.3800048828125,0
2026-09-12 21:00:00+00:00,726.3800048828125,727.1300048828125,725.97998046875,726.6199951171875,0
2026-09-12 22:00:00+00:00,726.6199951171875,727.02001953125,725.4600219726562,725.9600219726562,0
2026-09-12 23:00:00+00:00,725.8400268554688,727.6699829101562,725.8400268554688,727.52001953125,0
2026-09-13 00:00:00+00:00,727.52001953125,727.9400024414062,726.719970703125,727.9099731445312,0
2026-09-13 01:00:00+00:00,727.8900146484375,729.6599731445312,727.8900146484375,728.1099853515625,0
2026-09-13 02:00:00+00:00,728.27001953125,728.760009765625,727.4600219726562,727.7100219726562,0
2026-09-13 03:00:00+00:00,727.77001953125,728.4099731445312,726.780029296875,726.780029296875,0
2026-09-13 04:00:00+00:00,726.780029296875,727.0800170898438,726.239990234375,726.27001953125,0
2026-09-13 05:00:00+00:00,726.1400146484375,726.510009765625,725.760009765625,726.030029296875,0
2026-09-13 06:00:00+00:00,725.969970703125,726.0700073242188,721.4400024414062,721.780029296875,0
2026-09-13 07:00:00+00:00,721.780029296875,723.3699951171875,721.489990234375,722.1099853515625,2036544
2026-09-13 08:00:00+00:00,722.1099853515625,722.469970703125,717.1300048828125,717.7000122070312,29710720
2026-09-13 09:00:00+00:00,717.5900268554688,718.6400146484375,714.1500244140625,716.0700073242188,12393088
2026-09-13 10:00:00+00:00,715.9299926757812,716.219970703125,714.239990234375,714.6599731445312,0
2026-09-13 11:00:00+00:00,714.5,716.52001953125,713.969970703125,715.9299926757812,548224
2026-09-13 12:00:00+00:00,715.9400024414062,716.75,714.8099975585938,715.2000122070312,2526848
2026-09-13 13:00:00+00:00,715.2000122070312,717.969970703125,712.9000244140625,717.7899780273438,0
2026-09-13 14:00:00+00:00,717.6799926757812,719.989990234375,717.6699829101562,718.239990234375,2004224
2026-09-13 15:00:00+00:00,718.1400146484375,719.3400268554688,717.010009765625,718.5,0
2026-09-13 16:00:00+00:00,718.5900268554688,721.1799926757812,718.5900268554688,720.8099975585938,0
2026-09-13 17:00:00+00:00,720.77001953125,721.7899780273438,720.5,720.8599853515625,0
2026-09-13 18:00:00+00:00,720.8599853515625,722.1099853515625,720.489990234375,721.8800048828125,0
2026-09-13 19:00:00+00:00,721.8800048828125,722.6400146484375,720.4600219726562,720.7899780273438,0
2026-09-13 20:00:00+00:00,720.8699951171875,722.4400024414062,720.8699951171875,722.1500244140625,0
2026-09-13 21:00:00+00:00,721.9400024414062,722.5900268554688,721.469970703125,721.9000244140625,0
2026-09-13 22:00:00+00:00,720.989990234375,721.2999877929688,715.0499877929688,715.5999755859375,15196352
2026-09-13 23:00:00+00:00,715.4299926757812,716.7899780273438,715.25,716.1199951171875,20036352
2026-09-14 00:00:00+00:00,716.1699829101562,720.0,713.6699829101562,718.760009765625,22950080
2026-09-14 01:00:00+00:00,718.47998046875,719.8800048828125,714.5499877929688,719.7999877929688,20475648
2026-09-14 02:00:00+00:00,719.7999877929688,724.5399780273438,718.760009765625,723.0599975585938,69024256
2026-09-14 03:00:00+00:00,723.27001953125,724.7899780273438,721.260009765625,722.1699829101562,4189440
2026-09-14 04:00:00+00:00,722.1699829101562,725.280029296875,721.8499755859375,724.1099853515625,0
2026-09-14 05:00:00+00:00,724.1099853515625,725.510009765625,723.7999877929688,724.8099975585938,67294464
2026-09-14 06:00:00+00:00,724.8099975585938,726.260009765625,722.239990234375,723.0800170898438,62592
2026-09-14 07:00:00+00:00,723.3200073242188,724.9099731445312,722.9400024414062,724.5800170898438,1160448
2026-09-14 08:00:00+00:00,724.5800170898438,725.4500122070312,723.3200073242188,723.5399780273438,0
2026-09-14 09:00:00+00:00,723.760009765625,728.0,721.6099853515625,724.6400146484375,4337792
2026-09-14 10:00:00+00:00,724.9299926757812,725.02001953125,722.5999755859375,722.9199829101562,19763200
2026-09-14 11:00:00+00:00,722.9199829101562,722.9199829101562,720.8499755859375,721.6099853515625,6253312
2026-09-14 12:00:00+00:00,721.6099853515625,722.8900146484375,719.739990234375,719.8099975585938,9979136
2026-09-14 13:00:00+00:00,719.9099731445312,723.1900024414062,716.9099731445312,720.9600219726562,40955904
2026-09-14 14:00:00+00:00,720.9600219726562,723.3599853515625,719.7000122070312,721.6799926757812,37496192
2026-09-14 15:00:00+00:00,720.97998046875,722.7999877929688,720.0,722.3800048828125,34793216
2026-09-14 16:00:00+00:00,722.510009765625,726.2999877929688,721.8400268554688,724.780029296875,35175552
2026-09-14 17:00:00+00:00,724.780029296875,726.8800048828125,723.8400268554688,726.0700073242188,28784384
2026-09-14 18:00:00+00:00,726.0700073242188,728.239990234375,725.780029296875,727.2999877929688,28833024
2026-09-14 19:00:00+00:00,726.97998046875,726.97998046875,724.969970703125,725.489990234375,17232768
2026-09-14 20:00:00+00:00,725.2899780273438,733.510009765625,725.2899780273438,726.72998046875,54749952
2026-09-14 21:00:00+00:00,727.010009765625,727.010009765625,723.2999877929688,723.5399780273438,28454272
2026-09-14 22:00:00+00:00,723.5999755859375,724.77001953125,718.4299926757812,722.4199829101562,31189504
2026-09-14 23:00:00+00:00,722.4099731445312,722.5499877929688,719.3599853515625,720.3499755859375,8441984
2026-09-15 00:00:00+00:00,720.3499755859375,720.5999755859375,718.760009765625,719.02001953125,0
2026-09-15 01:00:00+00:00,719.02001953125,721.0599975585938,718.22998046875,720.1400146484375,0
2026-09-15 02:00:00+00:00,720.1400146484375,722.2000122070312,719.9000244140625,721.7899780273438,0
2026-09-15 03:00:00+00:00,721.7899780273438,722.260009765625,718.9600219726562,721.030029296875,0
2026-09-15 04:00:00+00:00,721.030029296875,721.5399780273438,719.8699951171875,720.510009765625,2703360
2026-09-15 05:00:00+00:00,720.72998046875,721.8300170898438,718.4000244140625,721.4099731445312,6146304
2026-09-15 06:00:00+00:00,721.4099731445312,723.27001953125,717.4600219726562,718.0,0
2026-09-15 07:00:00+00:00,718.3200073242188,719.0,714.5800170898438,714.75,16106368
2026-09-15 08:00:00+00:00,714.75,717.219970703125,713.75,717.219970703125,4153984
2026-09-15 09:00:00+00:00,717.1300048828125,718.2899780273438,716.489990234375,717.6400146484375,0
2026-09-15 10:00:00+00:00,717.4000244140625,719.9600219726562,717.25,719.3900146484375,0
2026-09-15 11:00:00+00:00,719.3900146484375,720.0,717.1599731445312,718.8900146484375,0
2026-09-15 12:00:00+00:00,718.739990234375,721.2899780273438,717.8200073242188,719.8200073242188,0
2026-09-15 13:00:00+00:00,719.8200073242188,721.9000244140625,714.7999877929688,720.030029296875,0
2026-09-15 14:00:00+00:00,720.239990234375,720.969970703125,711.0,714.9099731445312,11145088
2026-09-15 15:00:00+00:00,715.1099853515625,719.280029296875,714.239990234375,718.0999755859375,11831296
2026-09-15 16:00:00+00:00,717.9099731445312,720.260009765625,715.6300048828125,719.030029296875,0
2026-09-15 17:00:00+00:00,719.0700073242188,724.3200073242188,716.989990234375,722.7100219726562,961664
2026-09-15 18:00:00+00:00,722.7100219726562,724.1500244140625,706.47998046875,717.8800048828125,79352576
2026-09-15 19:00:00+00:00,718.0599975585938,722.0,716.969970703125,718.9600219726562,37569408
2026-09-15 20:00:00+00:00,718.9600219726562,719.989990234375,711.7999877929688,714.780029296875,0
2026-09-15 21:00:00+00:00,714.77001953125,714.9600219726562,710.27001953125,710.8599853515625,0
2026-09-15 22:00:00+00:00,710.8800048828125,714.0,708.4099731445312,713.0399780273438,0
2026-09-15 23:00:00+00:00,713.0399780273438,714.9500122070312,711.5,711.8400268554688,15744
2026-09-16 00:00:00+00:00,711.8400268554688,715.489990234375,711.3699951171875,713.6599731445312,9216
2026-09-16 01:00:00+00:00,713.3699951171875,714.4600219726562,708.3400268554688,708.3800048828125,2051328
2026-09-16 02:00:00+00:00,708.6099853515625,714.3300170898438,707.9500122070312,712.5499877929688,16249728
2026-09-16 03:00:00+00:00,712.5499877929688,715.3099975585938,712.5499877929688,713.8200073242188,0
2026-09-16 04:00:00+00:00,713.8200073242188,715.780029296875,713.52001953125,714.989990234375,0
2026-09-16 05:00:00+00:00,714.989990234375,715.3499755859375,712.77001953125,714.47998046875,0
2026-09-16 06:00:00+00:00,714.780029296875,714.9600219726562,711.3599853515625,713.75,0
2026-09-16 07:00:00+00:00,713.75,714.25,708.8599853515625,709.0599975585938,3526784
2026-09-16 08:00:00+00:00,709.0599975585938,709.22998046875,703.6799926757812,706.6699829101562,21746816
2026-09-16 09:00:00+00:00,706.6699829101562,710.27001953125,706.6699829101562,710.1500244140625,14323712
2026-09-16 10:00:00+00:00,710.1500244140625,711.3400268554688,710.1099853515625,710.8900146484375,0
2026-09-16 11:00:00+00:00,710.7999877929688,715.4000244140625,710.5900268554688,713.8099975585938,11685504
2026-09-16 12:00:00+00:00,713.7000122070312,714.0800170898438,711.47998046875,712.3599853515625,0
2026-09-16 13:00:00+00:00,712.0599975585938,712.7000122070312,709.77001953125,710.8599853515625,0
2026-09-16 14:00:00+00:00,710.6400146484375,711.4600219726562,707.8200073242188,708.969970703125,0
2026-09-16 15:00:00+00:00,709.2000122070312,713.2999877929688,708.3099975585938,711.530029296875,0
2026-09-16 16:00:00+00:00,711.530029296875,713.6599731445312,710.3099975585938,712.9500122070312,0
2026-09-16 17:00:00+00:00,712.8099975585938,713.5,708.8800048828125,713.0900268554688,0
2026-09-16 18:00:00+00:00,712.5900268554688,720.6199951171875,710.4299926757812,714.7000122070312,7001600
2026-09-16 19:00:00+00:00,715.7000122070312,719.5800170898438,712.3200073242188,718.5999755859375,3174912
2026-09-16 20:00:00+00:00,718.510009765625,721.2000122070312,718.280029296875,720.030029296875,0
2026-09-16 21:00:00+00:00,719.97998046875,720.5900268554688,719.0599975585938,720.280029296875,0
2026-09-16 22:00:00+00:00,720.4400024414062,720.5599975585938,717.8599853515625,718.3800048828125,0
2026-09-16 23:00:00+00:00,718.3900146484375,726.0599975585938,717.8499755859375,725.219970703125,30788096
2026-09-17 00:00:00+00:00,725.7000122070312,728.25,723.760009765625,723.760009765625,27187200
2026-09-17 01:00:00+00:00,723.6699829101562,728.4000244140625,722.5900268554688,725.2100219726562,15254528
2026-09-17 02:00:00+00:00,725.219970703125,725.219970703125,721.8599853515625,723.0700073242188,0
2026-09-17 03:00:00+00:00,723.280029296875,725.8800048828125,723.280029296875,724.77001953125,2547968
2026-09-17 04:00:00+00:00,724.77001953125,725.0700073242188,721.8900146484375,724.52001953125,0
2026-09-17 05:00:00+00:00,725.0,726.0599975585938,724.1900024414062,724.1900024414062,3475968
2026-09-17 06:00:00+00:00,724.0999755859375,725.75,723.2899780273438,724.9199829101562,4478976
2026-09-17 07:00:00+00:00,724.9199829101562,726.8599853515625,723.4099731445312,723.4099731445312,0
2026-09-17 08:00:00+00:00,723.6199951171875,726.0999755859375,723.4299926757812,725.52001953125,0
2026-09-17 09:00:00+00:00,725.4099731445312,726.7999877929688,724.780029296875,724.8400268554688,0
2026-09-17 10:00:00+00:00,724.8400268554688,724.8400268554688,721.9600219726562,722.9099731445312,6740096
2026-09-17 11:00:00+00:00,722.9099731445312,723.8400268554688,720.3200073242188,723.5800170898438,0
2026-09-17 12:00:00+00:00,723.7999877929688,731.8900146484375,723.7999877929688,728.9099731445312,45788288
2026-09-17 13:00:00+00:00,728.9099731445312,729.6799926757812,722.9600219726562,726.77001953125,21400832
2026-09-17 14:00:00+00:00,726.8200073242188,728.8200073242188,724.3599853515625,725.0599975585938,36865408
2026-09-17 15:00:00+00:00,725.0599975585938,727.9400024414062,723.8800048828125,727.0499877929688,1792896
2026-09-17 16:00:00+00:00,727.1900024414062,727.9199829101562,725.760009765625,727.9199829101562,3866880
2026-09-17 17:00:00+00:00,728.4000244140625,729.75,727.75,728.5700073242188,770432
2026-09-17 18:00:00+00:00,728.6699829101562,728.9600219726562,726.8499755859375,727.4299926757812,0
2026-09-17 19:00:00+00:00,727.3099975585938,733.3800048828125,727.2100219726562,731.9400024414062,0
2026-09-17 20:00:00+00:00,732.0999755859375,736.0,731.02001953125,734.25,6465152
2026-09-17 21:00:00+00:00,734.25,734.9099731445312,733.0499877929688,733.489990234375,478592
2026-09-17 22:00:00+00:00,733.239990234375,735.260009765625,732.9000244140625,734.8800048828125,9070720
2026-09-17 23:00:00+00:00,734.8300170898438,738.719970703125,734.760009765625,737.75,2227712
2026-09-18 00:00:00+00:00,737.5399780273438,739.219970703125,734.6599731445312,737.5800170898438,0
2026-09-18 01:00:00+00:00,737.6599731445312,743.72998046875,736.989990234375,742.9099731445312,20779520
2026-09-18 02:00:00+00:00,743.0399780273438,751.3599853515625,743.0399780273438,747.8200073242188,63601152
2026-09-18 03:00:00+00:00,747.8200073242188,753.1900024414062,746.780029296875,750.5399780273438,44971520
2026-09-18 04:00:00+00:00,750.7999877929688,752.3099975585938,748.4400024414062,751.0399780273438,32986496
2026-09-18 05:00:00+00:00,751.0999755859375,753.969970703125,750.4000244140625,751.52001953125,30902528
2026-09-18 06:00:00+00:00,752.0900268554688,754.4199829101562,751.3800048828125,754.4099731445312,28899072
2026-09-18 07:00:00+00:00,754.3800048828125,758.5399780273438,752.4400024414062,752.7999877929688,71811328
2026-09-18 08:00:00+00:00,752.5999755859375,754.2100219726562,750.719970703125,754.2100219726562,37978112
2026-09-18 09:00:00+00:00,754.1699829101562,755.3400268554688,749.5999755859375,750.9500122070312,37226752
2026-09-18 10:00:00+00:00,751.02001953125,753.47998046875,748.7899780273438,752.0499877929688,42380672
2026-09-18 11:00:00+00:00,752.030029296875,753.2100219726562,748.2100219726562,748.5499877929688,16784256
2026-09-18 12:00:00+00:00,748.8900146484375,749.02001953125,744.6199951171875,745.8300170898438,0
2026-09-18 13:00:00+00:00,745.9199829101562,761.5999755859375,745.1699829101562,757.9000244140625,70614272
2026-09-18 14:00:00+00:00,757.9600219726562,761.2000122070312,755.0999755859375,759.97998046875,52521984
2026-09-18 15:00:00+00:00,759.9000244140625,760.8900146484375,753.3800048828125,756.530029296875,60055040
2026-09-18 16:00:00+00:00,756.760009765625,761.0,755.8800048828125,758.2999877929688,55973632
2026-09-18 17:00:00+00:00,758.1300048828125,761.6099853515625,756.3599853515625,761.280029296875,13235712
2026-09-18 18:00:00+00:00,761.1099853515625,764.6699829101562,760.4600219726562,764.0800170898438,44758400
2026-09-18 19:00:00+00:00,764.3400268554688,768.1799926757812,763.97998046875,766.0700073242188,21874944
2026-09-18 20:00:00+00:00,766.1699829101562,766.1699829101562,762.8800048828125,763.469970703125,0
2026-09-18 21:00:00+00:00,764.1300048828125,764.9500122070312,763.1799926757812,763.7100219726562,8978176
2026-09-18 22:00:00+00:00,763.780029296875,764.6099853515625,761.5900268554688,764.0,2314496
2026-09-18 23:00:00+00:00,764.1900024414062,764.5999755859375,760.5399780273438,761.0499877929688,0
2026-09-19 00:00:00+00:00,761.3400268554688,764.3499755859375,759.8800048828125,763.8699951171875,0
2026-09-19 01:00:00+00:00,764.1599731445312,764.1599731445312,759.52001953125,762.1799926757812,0
2026-09-19 02:00:00+00:00,762.1799926757812,764.3599853515625,761.260009765625,761.6900024414062,0
2026-09-19 03:00:00+00:00,761.6599731445312,762.47998046875,758.5399780273438,759.3800048828125,0
2026-09-19 04:00:00+00:00,759.3599853515625,767.280029296875,759.1300048828125,760.2100219726562,9840896
2026-09-19 05:00:00+00:00,760.2100219726562,764.52001953125,760.2000122070312,763.5,0
2026-09-19 06:00:00+00:00,763.7899780273438,764.3200073242188,761.030029296875,761.9199829101562,0
2026-09-19 07:00:00+00:00,761.9199829101562,762.719970703125,759.739990234375,760.469970703125,0
2026-09-19 08:00:00+00:00,760.7999877929688,766.9600219726562,760.0800170898438,765.8400268554688,0
2026-09-19 09:00:00+00:00,765.8499755859375,769.6799926757812,764.3599853515625,766.5599975585938,0
2026-09-19 10:00:00+00:00,766.0900268554688,767.47998046875,764.8900146484375,764.97998046875,0
2026-09-19 11:00:00+00:00,764.8099975585938,767.989990234375,764.6400146484375,767.7100219726562,0
2026-09-19 12:00:00+00:00,767.7100219726562,773.4299926757812,766.9199829101562,773.260009765625,2592896
2026-09-19 13:00:00+00:00,772.4000244140625,772.8499755859375,768.47998046875,769.4400024414062,0
2026-09-19 14:00:00+00:00,769.2999877929688,772.7999877929688,769.1300048828125,769.8800048828125,0
2026-09-19 15:00:00+00:00,769.780029296875,771.260009765625,766.47998046875,766.8099975585938,0
2026-09-19 16:00:00+00:00,766.6799926757812,768.4000244140625,764.6300048828125,768.010009765625,0
2026-09-19 17:00:00+00:00,768.1599731445312,768.739990234375,761.9000244140625,762.5700073242188,1563392
2026-09-19 18:00:00+00:00,762.7100219726562,763.8800048828125,761.280029296875,763.1400146484375,0
2026-09-19 19:00:00+00:00,763.4400024414062,763.9099731445312,762.6400146484375,762.9500122070312,0
2026-09-19 20:00:00+00:00,762.9000244140625,763.1199951171875,760.7999877929688,761.2999877929688,0
2026-09-19 21:00:00+00:00,761.760009765625,762.1099853515625,757.1500244140625,759.5700073242188,4445568
2026-09-19 22:00:00+00:00,759.260009765625,761.52001953125,757.5399780273438,761.52001953125,0
2026-09-19 23:00:00+00:00,761.4099731445312,763.4400024414062,761.4099731445312,762.0,0
2026-09-20 00:00:00+00:00,762.0,763.0499877929688,760.7999877929688,762.9299926757812,0
2026-09-20 01:00:00+00:00,762.9299926757812,763.97998046875,759.52001953125,760.4400024414062,0
2026-09-20 02:00:00+00:00,760.4400024414062,762.739990234375,746.7000122070312,748.1099853515625,18670080
2026-09-20 03:00:00+00:00,747.739990234375,752.6199951171875,745.9199829101562,750.4299926757812,55826176
2026-09-20 04:00:00+00:00,750.4299926757812,750.4299926757812,747.0,748.9199829101562,0
2026-09-20 05:00:00+00:00,748.97998046875,751.219970703125,748.6900024414062,751.0,8026752
2026-09-20 06:00:00+00:00,751.0700073242188,753.22998046875,749.8900146484375,751.7999877929688,11012224
2026-09-20 07:00:00+00:00,751.7999877929688,751.989990234375,747.719970703125,747.9500122070312,835200
2026-09-20 08:00:00+00:00,747.9500122070312,750.6799926757812,747.5399780273438,749.0499877929688,0
2026-09-20 09:00:00+00:00,749.1699829101562,752.8499755859375,749.1699829101562,750.469970703125,0
2026-09-20 10:00:00+00:00,750.469970703125,751.239990234375,747.8900146484375,748.6199951171875,2386944
2026-09-20 11:00:00+00:00,748.6199951171875,752.8599853515625,748.1699829101562,752.4000244140625,6456960
2026-09-20 12:00:00+00:00,752.4000244140625,753.6699829101562,751.010009765625,752.5999755859375,0
2026-09-20 13:00:00+00:00,752.5999755859375,753.510009765625,749.5399780273438,751.7899780273438,0
2026-09-20 14:00:00+00:00,751.5900268554688,754.7899780273438,751.5900268554688,753.0999755859375,0
2026-09-20 15:00:00+00:00,753.0999755859375,757.3099975585938,753.0999755859375,757.280029296875,0
2026-09-20 16:00:00+00:00,757.280029296875,764.6699829101562,756.1799926757812,763.739990234375,15987456
2026-09-20 17:00:00+00:00,763.75,766.8300170898438,760.2000122070312,763.8900146484375,6043904
2026-09-20 18:00:00+00:00,763.8699951171875,771.6199951171875,763.760009765625,766.0599975585938,41549568
2026-09-20 19:00:00+00:00,766.4600219726562,770.6799926757812,766.4299926757812,769.5,8741760
2026-09-20 20:00:00+00:00,769.27001953125,771.4000244140625,765.3099975585938,768.1500244140625,0
2026-09-20 21:00:00+00:00,768.0,768.239990234375,762.719970703125,765.7899780273438,0
2026-09-20 22:00:00+00:00,765.77001953125,777.47998046875,764.9600219726562,774.1599731445312,54958336
2026-09-20 23:00:00+00:00,774.6199951171875,775.7999877929688,771.4299926757812,772.3200073242188,18777984
2026-09-21 00:00:00+00:00,772.1500244140625,782.6900024414062,772.1500244140625,779.75,70111360
2026-09-21 01:00:00+00:00,779.3499755859375,784.5800170898438,774.2899780273438,774.2899780273438,70195328
2026-09-21 02:00:00+00:00,774.3200073242188,783.1199951171875,773.6400146484375,777.5599975585938,22038272
2026-09-21 03:00:00+00:00,777.719970703125,779.3800048828125,775.7100219726562,776.6199951171875,0
2026-09-21 04:00:00+00:00,776.6199951171875,777.239990234375,772.3099975585938,773.280029296875,14027392
2026-09-21 05:00:00+00:00,773.280029296875,775.2999877929688,770.6300048828125,772.239990234375,8417664
2026-09-21 06:00:00+00:00,772.239990234375,774.4400024414062,770.72998046875,772.4500122070312,735488
2026-09-21 07:00:00+00:00,771.8800048828125,773.8800048828125,766.22998046875,768.7100219726562,31630080
2026-09-21 08:00:00+00:00,768.719970703125,782.6699829101562,768.719970703125,781.77001953125,101702528
2026-09-21 09:00:00+00:00,781.3800048828125,786.510009765625,779.719970703125,783.6699829101562,148737280
2026-09-21 10:00:00+00:00,784.0,786.5700073242188,781.8599853515625,784.77001953125,59273856
2026-09-21 11:00:00+00:00,784.530029296875,793.7999877929688,784.280029296875,790.5399780273438,75027456
2026-09-21 12:00:00+00:00,789.510009765625,791.4099731445312,787.739990234375,790.3800048828125,56709120
2026-09-21 13:00:00+00:00,790.510009765625,796.1699829101562,785.9299926757812,794.1099853515625,61255424
2026-09-21 14:00:00+00:00,794.1799926757812,799.0,791.4600219726562,797.0700073242188,146103296
2026-09-21 15:00:00+00:00,797.3599853515625,807.1199951171875,797.3599853515625,802.719970703125,167378176
2026-09-21 16:00:00+00:00,803.3900146484375,803.3900146484375,794.5900268554688,798.1400146484375,45111808
2026-09-21 17:00:00+00:00,797.780029296875,799.3900146484375,793.5,795.7899780273438,1631744
2026-09-21 18:00:00+00:00,795.9099731445312,801.3599853515625,794.989990234375,801.1400146484375,0
2026-09-21 19:00:00+00:00,801.02001953125,801.7999877929688,798.780029296875,800.0499877929688,21373184
2026-09-21 20:00:00+00:00,800.47998046875,806.5499877929688,799.9199829101562,805.1099853515625,26140928
2026-09-21 21:00:00+00:00,805.280029296875,806.9600219726562,802.2000122070312,804.3099975585938,14583808
2026-09-21 22:00:00+00:00,804.3099975585938,806.9600219726562,798.8099975585938,801.0599975585938,0
2026-09-21 23:00:00+00:00,800.8200073242188,803.3300170898438,797.6400146484375,799.219970703125,0
2026-09-22 00:00:00+00:00,799.22998046875,800.7000122070312,793.760009765625,794.2899780273438,0
2026-09-22 01:00:00+00:00,794.3900146484375,795.75,785.72998046875,788.77001953125,42148096
2026-09-22 02:00:00+00:00,789.1400146484375,792.8699951171875,787.3599853515625,790.6599731445312,0
2026-09-22 03:00:00+00:00,790.72998046875,792.0,787.6599731445312,789.52001953125,0
2026-09-22 04:00:00+00:00,789.5,789.969970703125,785.4000244140625,786.8300170898438,1961216
2026-09-22 05:00:00+00:00,787.25,788.8699951171875,783.1699829101562,787.0800170898438,16309248
2026-09-22 06:00:00+00:00,787.1900024414062,788.1500244140625,785.5,786.7899780273438,0
2026-09-22 07:00:00+00:00,786.5999755859375,787.719970703125,783.1699829101562,784.6199951171875,0
2026-09-22 08:00:00+00:00,785.0499877929688,789.0999755859375,783.6400146484375,787.5,0
2026-09-22 09:00:00+00:00,787.52001953125,788.0599975585938,783.3300170898438,788.0599975585938,0
2026-09-22 10:00:00+00:00,787.6599731445312,788.5999755859375,785.5399780273438,786.6199951171875,0
2026-09-22 11:00:00+00:00,786.6199951171875,787.969970703125,784.9400024414062,786.6599731445312,0
2026-09-22 12:00:00+00:00,786.5900268554688,791.030029296875,784.72998046875,791.030029296875,0
2026-09-22 13:00:00+00:00,791.030029296875,792.75,786.5999755859375,791.260009765625,0
2026-09-22 14:00:00+00:00,791.25,791.3300170898438,781.2100219726562,786.77001953125,0
2026-09-22 15:00:00+00:00,786.8400268554688,790.4400024414062,786.239990234375,787.6500244140625,0
2026-09-22 16:00:00+00:00,787.719970703125,791.030029296875,785.0399780273438,789.3900146484375,0
2026-09-22 17:00:00+00:00,789.2999877929688,790.0700073242188,786.8900146484375,788.6500244140625,0
2026-09-22 18:00:00+00:00,788.6500244140625,788.739990234375,785.489990234375,787.530029296875,0
2026-09-22 19:00:00+00:00,787.739990234375,789.9500122070312,785.3400268554688,786.0599975585938,0
2026-09-22 20:00:00+00:00,786.0599975585938,787.3800048828125,784.0800170898438,784.7899780273438,0
2026-09-22 21:00:00+00:00,784.7999877929688,785.9000244140625,784.0599975585938,784.3699951171875,0
2026-09-22 22:00:00+00:00,784.0999755859375,788.0900268554688,782.6400146484375,787.3200073242188,0
2026-09-22 23:00:00+00:00,787.780029296875,791.22998046875,786.9099731445312,788.2999877929688,3022208
2026-09-23 00:00:00+00:00,788.2999877929688,793.0499877929688,787.5700073242188,790.4199829101562,0
2026-09-23 01:00:00+00:00,790.1900024414062,792.6300048828125,787.25,788.739990234375,0
2026-09-23 02:00:00+00:00,788.75,792.9199829101562,787.0900268554688,792.9199829101562,0
2026-09-23 03:00:00+00:00,793.030029296875,797.25,792.260009765625,796.260009765625,23683712
2026-09-23 04:00:00+00:00,796.3300170898438,798.8300170898438,794.219970703125,794.3599853515625,0
2026-09-23 05:00:00+00:00,794.7899780273438,794.7899780273438,789.7100219726562,790.4400024414062,0
2026-09-23 06:00:00+00:00,790.4400024414062,792.8099975585938,790.1599731445312,791.8200073242188,0
2026-09-23 07:00:00+00:00,791.8099975585938,791.8099975585938,786.8300170898438,788.4600219726562,0
2026-09-23 08:00:00+00:00,788.4600219726562,790.9600219726562,784.280029296875,786.25,0
2026-09-23 09:00:00+00:00,786.260009765625,788.4099731445312,782.0,782.8300170898438,0
2026-09-23 10:00:00+00:00,782.260009765625,785.4199829101562,781.22998046875,785.4199829101562,1757440
2026-09-23 11:00:00+00:00,785.3699951171875,786.1599731445312,780.989990234375,782.969970703125,0
2026-09-23 12:00:00+00:00,782.969970703125,782.969970703125,776.280029296875,779.4600219726562,33774848
2026-09-23 13:00:00+00:00,779.4600219726562,783.3599853515625,776.739990234375,781.010009765625,0
2026-09-23 14:00:00+00:00,780.9199829101562,782.2999877929688,758.969970703125,766.969970703125,157682816
2026-09-23 15:00:00+00:00,766.530029296875,768.8400268554688,761.0,761.1199951171875,48818304
2026-09-23 16:00:00+00:00,761.4000244140625,766.2000122070312,756.8400268554688,765.22998046875,27303680
2026-09-23 17:00:00+00:00,765.0999755859375,767.8400268554688,762.22998046875,766.8900146484375,3384448
2026-09-23 18:00:00+00:00,766.72998046875,768.5999755859375,765.0900268554688,766.4299926757812,0
2026-09-23 19:00:00+00:00,766.469970703125,768.3099975585938,765.3400268554688,767.760009765625,0
2026-09-23 20:00:00+00:00,768.1699829101562,768.4299926757812,764.5599975585938,765.3599853515625,0
2026-09-23 21:00:00+00:00,765.3900146484375,766.5800170898438,764.6400146484375,766.510009765625,0
2026-09-23 22:00:00+00:00,766.5,768.8499755859375,765.8099975585938,767.77001953125,0
2026-09-23 23:00:00+00:00,767.530029296875,767.530029296875,765.4099731445312,767.1900024414062,0
2026-09-24 00:00:00+00:00,767.27001953125,768.8800048828125,766.0700073242188,767.25,0
2026-09-24 01:00:00+00:00,767.25,768.22998046875,765.8200073242188,766.3099975585938,0
2026-09-24 02:00:00+00:00,766.1900024414062,775.6300048828125,763.489990234375,772.3699951171875,38870016
2026-09-24 03:00:00+00:00,772.4000244140625,774.0599975585938,766.1799926757812,766.6699829101562,0
2026-09-24 04:00:00+00:00,766.6699829101562,770.9000244140625,765.1099853515625,770.8599853515625,0
2026-09-24 05:00:00+00:00,770.8599853515625,775.4000244140625,770.8599853515625,772.719970703125,0
2026-09-24 06:00:00+00:00,773.0499877929688,773.52001953125,771.010009765625,772.6199951171875,0
2026-09-24 07:00:00+00:00,772.2100219726562,777.469970703125,770.7000122070312,775.8400268554688,4005120
2026-09-24 08:00:00+00:00,776.010009765625,776.010009765625,766.760009765625,769.6400146484375,0
2026-09-24 09:00:00+00:00,769.7999877929688,770.8099975585938,763.1599731445312,766.25,5212928
2026-09-24 10:00:00+00:00,766.5700073242188,769.219970703125,765.2100219726562,768.3599853515625,0
2026-09-24 11:00:00+00:00,768.4500122070312,770.77001953125,768.22998046875,770.0399780273438,0
2026-09-24 12:00:00+00:00,769.5900268554688,771.3200073242188,768.719970703125,771.1599731445312,0
2026-09-24 13:00:00+00:00,771.6300048828125,777.8400268554688,771.5399780273438,776.8200073242188,0
2026-09-24 14:00:00+00:00,776.97998046875,783.5999755859375,774.4199829101562,776.9500122070312,0
2026-09-24 15:00:00+00:00,775.989990234375,782.6099853515625,775.780029296875,780.1900024414062,0
2026-09-24 16:00:00+00:00,780.4500122070312,785.8800048828125,778.27001953125,781.1599731445312,1624192
2026-09-24 17:00:00+00:00,780.52001953125,781.22998046875,777.6799926757812,777.969970703125,0
2026-09-24 18:00:00+00:00,778.2100219726562,781.8099975585938,776.219970703125,781.5499877929688,4427008
2026-09-24 19:00:00+00:00,781.489990234375,781.5999755859375,778.6799926757812,779.5399780273438,4756992
2026-09-24 20:00:00+00:00,778.77001953125,780.0800170898438,776.8099975585938,779.239990234375,2192896
2026-09-24 21:00:00+00:00,779.239990234375,780.75,778.4500122070312,778.8099975585938,0
2026-09-24 22:00:00+00:00,778.4000244140625,778.469970703125,775.3200073242188,776.4299926757812,0
2026-09-24 23:00:00+00:00,776.4299926757812,777.7100219726562,775.97998046875,776.3599853515625,0
2026-09-25 00:00:00+00:00,776.719970703125,779.6799926757812,776.719970703125,777.1599731445312,0
2026-09-25 01:00:00+00:00,777.010009765625,778.6799926757812,775.8200073242188,778.1199951171875,386944
2026-09-25 02:00:00+00:00,778.1099853515625,779.7999877929688,773.3699951171875,773.9000244140625,0
2026-09-25 03:00:00+00:00,773.22998046875,774.75,770.8800048828125,772.8099975585938,0
2026-09-25 04:00:00+00:00,772.719970703125,774.0499877929688,771.010009765625,773.0999755859375,8100608
2026-09-25 05:00:00+00:00,773.0999755859375,775.010009765625,772.469970703125,774.739990234375,0
2026-09-25 06:00:00+00:00,774.8099975585938,775.9600219726562,772.75,773.1300048828125,0
2026-09-25 07:00:00+00:00,773.1300048828125,774.2100219726562,770.780029296875,773.6099853515625,0
2026-09-25 08:00:00+00:00,773.6099853515625,776.469970703125,773.3800048828125,775.3599853515625,0
2026-09-25 09:00:00+00:00,775.3599853515625,779.5499877929688,774.8900146484375,776.7899780273438,0
2026-09-25 10:00:00+00:00,776.6900024414062,777.3200073242188,774.3900146484375,776.7899780273438,9554816
2026-09-25 11:00:00+00:00,776.7899780273438,784.3400268554688,776.75,779.4500122070312,118409216
2026-09-25 12:00:00+00:00,779.1699829101562,780.3900146484375,774.0999755859375,777.530029296875,54068352
2026-09-25 13:00:00+00:00,777.5399780273438,778.489990234375,771.0,773.8699951171875,13159936
2026-09-25 14:00:00+00:00,774.0800170898438,775.8499755859375,768.47998046875,775.8499755859375,0
2026-09-25 15:00:00+00:00,775.8300170898438,776.8699951171875,771.1199951171875,774.4299926757812,0
2026-09-25 16:00:00+00:00,774.47998046875,776.77001953125,772.4500122070312,772.4500122070312,0
2026-09-25 17:00:00+00:00,772.52001953125,774.3200073242188,771.0800170898438,773.2100219726562,0
2026-09-25 18:00:00+00:00,773.2100219726562,776.27001953125,773.2100219726562,774.8499755859375,0
2026-09-25 19:00:00+00:00,774.97998046875,775.9199829101562,774.1599731445312,774.989990234375,0
2026-09-25 20:00:00+00:00,775.1099853515625,776.1799926757812,772.780029296875,773.1500244140625,0
2026-09-25 21:00:00+00:00,773.1500244140625,773.1500244140625,771.2899780273438,772.7100219726562,0
2026-09-25 22:00:00+00:00,772.7100219726562,776.9299926757812,772.7100219726562,776.2999877929688,0
2026-09-25 23:00:00+00:00,776.4199829101562,777.6199951171875,776.0399780273438,776.8599853515625,3118848
2026-09-26 00:00:00+00:00,776.9000244140625,777.7999877929688,774.760009765625,775.6900024414062,3657088
2026-09-26 01:00:00+00:00,775.7899780273438,776.97998046875,775.4099731445312,775.9299926757812,0
2026-09-26 02:00:00+00:00,775.9299926757812,776.6599731445312,774.719970703125,775.0,0
2026-09-26 03:00:00+00:00,775.0,775.9000244140625,773.9600219726562,774.280029296875,0
2026-09-26 04:00:00+00:00,774.280029296875,775.2999877929688,773.0499877929688,774.0499877929688,0
2026-09-26 05:00:00+00:00,774.0499877929688,774.22998046875,772.6400146484375,772.760009765625,0
2026-09-26 06:00:00+00:00,772.760009765625,772.8099975585938,771.969970703125,772.1300048828125,0
2026-09-26 07:00:00+00:00,772.1300048828125,773.6900024414062,772.0999755859375,773.6900024414062,4380928
2026-09-26 08:00:00+00:00,773.3200073242188,774.510009765625,772.5700073242188,773.4000244140625,0
2026-09-26 09:00:00+00:00,773.4000244140625,773.6400146484375,770.2899780273438,771.25,0
2026-09-26 10:00:00+00:00,771.22998046875,774.030029296875,771.22998046875,773.8900146484375,0
2026-09-26 11:00:00+00:00,773.8800048828125,775.9500122070312,773.72998046875,775.1199951171875,0
2026-09-26 12:00:00+00:00,775.1199951171875,775.75,773.8499755859375,774.010009765625,0
2026-09-26 13:00:00+00:00,773.9000244140625,774.47998046875,771.4500122070312,772.22998046875,0
2026-09-26 14:00:00+00:00,772.1699829101562,774.0,772.1099853515625,773.8800048828125,0
2026-09-26 15:00:00+00:00,773.8499755859375,774.5900268554688,773.5,774.1500244140625,0
2026-09-26 16:00:00+00:00,774.2000122070312,774.5,773.4500122070312,774.260009765625,0
2026-09-26 17:00:00+00:00,774.260009765625,774.4000244140625,772.1900024414062,772.6199951171875,0
2026-09-26 18:00:00+00:00,772.6199951171875,773.0900268554688,770.5399780273438,771.2100219726562,0
2026-09-26 19:00:00+00:00,771.2100219726562,771.4199829101562,770.5800170898438,770.8599853515625,3236864
2026-09-26 20:00:00+00:00,770.8599853515625,770.8599853515625,766.22998046875,769.3900146484375,7817600
2026-09-26 21:00:00+00:00,769.3900146484375,773.0,769.27001953125,772.1199951171875,555520
2026-09-26 22:00:00+00:00,772.0499877929688,773.5499877929688,771.8800048828125,772.8699951171875,4982272
2026-09-26 23:00:00+00:00,772.8699951171875,773.6500244140625,772.6900024414062,773.5599975585938,4476160
2026-09-27 00:00:00+00:00,773.5599975585938,773.5800170898438,772.0800170898438,772.489990234375,0
2026-09-27 01:00:00+00:00,772.489990234375,774.2000122070312,771.9600219726562,773.5499877929688,1497472
2026-09-27 02:00:00+00:00,773.5499877929688,774.3300170898438,772.010009765625,772.219970703125,6324736
2026-09-27 03:00:00+00:00,772.47998046875,773.0700073242188,771.3300170898438,771.7000122070312,0
2026-09-27 04:00:00+00:00,771.7000122070312,772.7100219726562,770.6799926757812,770.969970703125,0
2026-09-27 05:00:00+00:00,770.969970703125,774.7000122070312,770.780029296875,773.1699829101562,4359808
2026-09-27 06:00:00+00:00,773.1199951171875,774.8300170898438,773.1199951171875,774.5800170898438,2248960
2026-09-27 07:00:00+00:00,774.6799926757812,778.4000244140625,774.6799926757812,778.3900146484375,0
2026-09-27 08:00:00+00:00,778.5900268554688,779.8900146484375,777.6599731445312,778.4400024414062,25554688
2026-09-27 09:00:00+00:00,778.260009765625,780.0999755859375,776.6799926757812,779.8900146484375,9287680
2026-09-27 10:00:00+00:00,779.8900146484375,780.47998046875,778.219970703125,778.77001953125,7390720
2026-09-27 11:00:00+00:00,778.8599853515625,780.2100219726562,778.3599853515625,779.5800170898438,1851520
2026-09-27 12:00:00+00:00,779.5800170898438,782.8499755859375,779.5800170898438,780.5499877929688,12400896
2026-09-27 13:00:00+00:00,780.5499877929688,781.0700073242188,776.6099853515625,780.9199829101562,0
2026-09-27 14:00:00+00:00,780.9299926757812,781.3200073242188,776.5599975585938,776.8099975585938,13742720
2026-09-27 15:00:00+00:00,776.8099975585938,776.8099975585938,773.8300170898438,774.8499755859375,5871872
2026-09-27 16:00:00+00:00,774.8499755859375,775.8599853515625,773.260009765625,775.7000122070312,15569536
2026-09-27 17:00:00+00:00,775.7000122070312,777.47998046875,775.2000122070312,777.280029296875,0
2026-09-27 18:00:00+00:00,777.280029296875,779.1900024414062,777.27001953125,779.0499877929688,0
2026-09-27 19:00:00+00:00,779.0800170898438,779.3699951171875,777.7899780273438,778.1599731445312,0
2026-09-27 20:00:00+00:00,778.1599731445312,779.0900268554688,777.0700073242188,777.25,0
2026-09-27 21:00:00+00:00,777.25,779.6300048828125,776.52001953125,779.6300048828125,0
2026-09-27 22:00:00+00:00,779.6300048828125,780.0499877929688,773.8400268554688,774.719970703125,1954944
2026-09-27 23:00:00+00:00,775.260009765625,779.3800048828125,774.8599853515625,778.4600219726562,1182464
2026-09-28 00:00:00+00:00,778.4500122070312,784.2999877929688,777.8499755859375,778.4299926757812,59734528
2026-09-28 01:00:00+00:00,778.4299926757812,779.989990234375,772.7999877929688,773.9199829101562,24659584
2026-09-28 02:00:00+00:00,774.0900268554688,776.2100219726562,771.27001953125,771.5800170898438,20202112
2026-09-28 03:00:00+00:00,772.4199829101562,772.72998046875,767.8099975585938,770.6900024414062,27059328
2026-09-28 04:00:00+00:00,770.6900024414062,772.9099731445312,768.239990234375,771.3599853515625,13018880
2026-09-28 05:00:00+00:00,771.6400146484375,772.3599853515625,761.0,765.760009765625,39979264
2026-09-28 06:00:00+00:00,765.530029296875,766.9000244140625,761.6500244140625,763.5,21591424
2026-09-28 07:00:00+00:00,763.72998046875,765.260009765625,759.4500122070312,760.0999755859375,17558144
2026-09-28 08:00:00+00:00,760.1199951171875,763.72998046875,759.4400024414062,761.7999877929688,0
2026-09-28 09:00:00+00:00,762.0800170898438,762.8800048828125,758.0,759.4000244140625,19985920
2026-09-28 10:00:00+00:00,759.4000244140625,762.510009765625,759.4000244140625,761.2000122070312,15219456
2026-09-28 11:00:00+00:00,761.7000122070312,763.739990234375,761.7000122070312,763.739990234375,15171584
2026-09-28 12:00:00+00:00,763.5700073242188,770.1099853515625,763.1900024414062,769.6099853515625,26932608
2026-09-28 13:00:00+00:00,769.2000122070312,769.2000122070312,764.52001953125,766.5900268554688,22779392
2026-09-28 14:00:00+00:00,766.3400268554688,766.3400268554688,756.1099853515625,758.7000122070312,27852288
2026-09-28 15:00:00+00:00,758.9000244140625,763.3499755859375,756.9199829101562,762.8499755859375,44394112
2026-09-28 16:00:00+00:00,762.6799926757812,770.5599975585938,761.5700073242188,766.8400268554688,23648000
2026-09-28 17:00:00+00:00,766.77001953125,772.9199829101562,765.260009765625,769.6300048828125,96589440
2026-09-28 18:00:00+00:00,769.6300048828125,770.6699829101562,768.0999755859375,770.1599731445312,14199168
2026-09-28 19:00:00+00:00,770.1300048828125,770.1300048828125,761.4299926757812,762.5599975585938,3777280
2026-09-28 20:00:00+00:00,762.5599975585938,765.2000122070312,761.0499877929688,764.510009765625,12136320
2026-09-28 21:00:00+00:00,765.3400268554688,766.0900268554688,760.97998046875,761.3900146484375,4427136
2026-09-28 22:00:00+00:00,761.2999877929688,762.2899780273438,759.0900268554688,762.1500244140625,4029056
2026-09-28 23:00:00+00:00,762.1500244140625,764.030029296875,760.22998046875,763.969970703125,3734528
2026-09-29 00:00:00+00:00,763.6599731445312,765.0,760.3800048828125,760.3800048828125,0
2026-09-29 01:00:00+00:00,760.2000122070312,761.1900024414062,754.0499877929688,757.27001953125,28934400
2026-09-29 02:00:00+00:00,757.27001953125,757.8599853515625,753.7000122070312,755.9199829101562,0
2026-09-29 03:00:00+00:00,756.0499877929688,759.5499877929688,755.52001953125,758.4099731445312,0
2026-09-29 04:00:00+00:00,758.469970703125,759.8400268554688,756.1400146484375,756.5499877929688,0
2026-09-29 05:00:00+00:00,756.8300170898438,759.3400268554688,754.8200073242188,759.2100219726562,0
2026-09-29 06:00:00+00:00,759.2100219726562,766.0800170898438,759.2000122070312,766.0800170898438,998528
2026-09-29 07:00:00+00:00,766.0,769.0,763.7999877929688,765.5599975585938,34991360
2026-09-29 08:00:00+00:00,765.72998046875,767.8400268554688,763.25,763.5399780273438,12787968
2026-09-29 09:00:00+00:00,763.47998046875,765.4600219726562,762.7999877929688,764.6300048828125,0
2026-09-29 10:00:00+00:00,764.260009765625,765.0999755859375,762.9400024414062,763.780029296875,0
2026-09-29 11:00:00+00:00,764.0800170898438,767.0,763.0,766.5700073242188,0
2026-09-29 12:00:00+00:00,766.3200073242188,767.3099975585938,764.4000244140625,765.780029296875,0
2026-09-29 13:00:00+00:00,765.6900024414062,766.9400024414062,763.4400024414062,765.1300048828125,0
2026-09-29 14:00:00+00:00,765.0700073242188,765.9400024414062,761.719970703125,763.7100219726562,0
2026-09-29 15:00:00+00:00,763.72998046875,763.72998046875,752.9600219726562,753.5,0
2026-09-29 16:00:00+00:00,753.739990234375,756.9099731445312,751.9199829101562,753.52001953125,128640
2026-09-29 17:00:00+00:00,753.5700073242188,754.3200073242188,750.47998046875,751.3800048828125,0
2026-09-29 18:00:00+00:00,751.52001953125,756.6500244140625,751.52001953125,755.4199829101562,12941952
2026-09-29 19:00:00+00:00,755.6799926757812,756.3400268554688,753.510009765625,754.989990234375,0
2026-09-29 20:00:00+00:00,754.97998046875,758.1699829101562,754.510009765625,757.7999877929688,2019840
2026-09-29 21:00:00+00:00,757.8099975585938,758.2000122070312,755.5900268554688,756.6500244140625,0
2026-09-29 22:00:00+00:00,756.6500244140625,759.4299926757812,756.6500244140625,758.7000122070312,0
2026-09-29 23:00:00+00:00,758.75,761.22998046875,755.8800048828125,758.4199829101562,8276608
2026-09-30 00:00:00+00:00,758.52001953125,760.239990234375,756.9400024414062,759.52001953125,8709760
2026-09-30 01:00:00+00:00,759.260009765625,761.4199829101562,758.6500244140625,760.1599731445312,0
2026-09-30 02:00:00+00:00,759.9199829101562,763.0700073242188,759.6400146484375,762.239990234375,0
2026-09-30 03:00:00+00:00,762.239990234375,762.2899780273438,758.22998046875,760.1699829101562,0
2026-09-30 04:00:00+00:00,760.1699829101562,763.8099975585938,760.1699829101562,761.8800048828125,703872
2026-09-30 05:00:00+00:00,761.8900146484375,765.030029296875,761.8900146484375,763.9099731445312,4551424
2026-09-30 06:00:00+00:00,763.9099731445312,764.1900024414062,756.5399780273438,756.8200073242188,0
2026-09-30 07:00:00+00:00,756.8200073242188,760.3200073242188,756.0,759.1400146484375,0
2026-09-30 08:00:00+00:00,759.2899780273438,759.969970703125,757.2899780273438,759.719970703125,256747008
2026-09-30 09:00:00+00:00,759.719970703125,765.7100219726562,759.5399780273438,764.4000244140625,19699712
2026-09-30 10:00:00+00:00,765.030029296875,770.260009765625,764.6500244140625,769.8400268554688,40154624
2026-09-30 11:00:00+00:00,770.280029296875,770.5599975585938,767.3900146484375,769.8400268554688,16962176
2026-09-30 12:00:00+00:00,769.8400268554688,777.5700073242188,767.4600219726562,776.5599975585938,41932288
2026-09-30 13:00:00+00:00,776.52001953125,779.0,766.4099731445312,771.4099731445312,57695744
2026-09-30 14:00:00+00:00,770.5599975585938,771.7899780273438,763.0,766.0800170898438,15514624
2026-09-30 15:00:00+00:00,765.9199829101562,769.8800048828125,764.8800048828125,769.2999877929688,0
2026-09-30 16:00:00+00:00,769.4299926757812,771.2999877929688,768.0700073242188,769.7100219726562,0
2026-09-30 17:00:00+00:00,769.7100219726562,770.4400024414062,767.260009765625,769.1300048828125,0
2026-09-30 18:00:00+00:00,769.1300048828125,769.239990234375,766.6099853515625,768.27001953125,0
2026-09-30 19:00:00+00:00,768.6199951171875,768.6199951171875,764.4000244140625,765.1799926757812,0
2026-09-30 20:00:00+00:00,765.1799926757812,767.780029296875,764.4000244140625,767.1300048828125,0
2026-09-30 21:00:00+00:00,767.3400268554688,768.0599975585938,766.3099975585938,766.3099975585938,0
2026-09-30 22:00:00+00:00,766.3099975585938,769.1099853515625,765.3200073242188,769.0700073242188,0
2026-09-30 23:00:00+00:00,769.0700073242188,770.3200073242188,767.9099731445312,768.780029296875,0
2026-10-01 00:00:00+00:00,768.9099731445312,770.1699829101562,767.3400268554688,770.1199951171875,5243136
2026-10-01 01:00:00+00:00,770.1199951171875,770.8800048828125,768.4099731445312,768.4099731445312,510464
2026-10-01 02:00:00+00:00,768.4099731445312,769.0,766.3599853515625,767.2000122070312,3142016
