datetime,open,high,low,close,volume
2026-08-03 00:00:00+00:00,73.55000305175781,73.5999984741211,73.0999984741211,73.16000366210938,0
2026-08-03 01:00:00+00:00,73.13999938964844,73.19000244140625,72.86000061035156,72.93000030517578,0
2026-08-03 02:00:00+00:00,72.91000366210938,73.05999755859375,72.83000183105469,72.94999694824219,0
2026-08-03 03:00:00+00:00,72.91999816894531,73.04000091552734,72.63999938964844,72.81999969482422,0
2026-08-03 04:00:00+00:00,72.80000305175781,72.98999786376953,72.75,72.7699966430664,0
2026-08-03 05:00:00+00:00,72.77999877929688,72.94999694824219,72.73999786376953,72.83999633789062,0
2026-08-03 06:00:00+00:00,72.83999633789062,72.88999938964844,72.43000030517578,72.51000213623047,30467776
2026-08-03 07:00:00+00:00,72.51000213623047,72.61000061035156,72.36000061035156,72.43000030517578,18903936
2026-08-03 08:00:00+00:00,72.43000030517578,72.4800033569336,71.9000015258789,72.2699966430664,22920832
2026-08-03 09:00:00+00:00,72.2699966430664,72.69999694824219,72.2300033569336,72.6500015258789,0
2026-08-03 10:00:00+00:00,72.63999938964844,72.70999908447266,72.44000244140625,72.5199966430664,29061312
2026-08-03 11:00:00+00:00,72.52999877929688,72.55999755859375,72.30999755859375,72.36000061035156,6440128
2026-08-03 12:00:00+00:00,72.36000061035156,72.47000122070312,72.25,72.33000183105469,6333056
2026-08-03 13:00:00+00:00,72.33000183105469,73.19999694824219,72.23999786376953,73.16999816894531,42331328
2026-08-03 14:00:00+00:00,73.19000244140625,73.70999908447266,72.94000244140625,73.69999694824219,139268992
2026-08-03 15:00:00+00:00,73.70999908447266,73.72000122070312,73.4000015258789,73.54000091552734,86266496
2026-08-03 16:00:00+00:00,73.56999969482422,73.73999786376953,73.1500015258789,73.33999633789062,39504256
2026-08-03 17:00:00+00:00,73.3499984741211,73.75,73.2300033569336,73.62000274658203,32083712
2026-08-03 18:00:00+00:00,73.62999725341797,74.19999694824219,73.62000274658203,73.9000015258789,44577664
2026-08-03 19:00:00+00:00,73.94000244140625,74.12999725341797,73.88999938964844,73.95999908447266,31586176
2026-08-03 20:00:00+00:00,73.93000030517578,74.08999633789062,73.70999908447266,73.80999755859375,24512896
2026-08-03 21:00:00+00:00,73.80999755859375,73.81999969482422,73.5999984741211,73.63999938964844,0
2026-08-03 22:00:00+00:00,73.63999938964844,73.66999816894531,73.30999755859375,73.4800033569336,0
2026-08-03 23:00:00+00:00,73.45999908447266,73.5,73.33000183105469,73.48999786376953,0
2026-08-04 00:00:00+00:00,73.5,73.55999755859375,72.9800033569336,72.98999786376953,7674112
2026-08-04 01:00:00+00:00,73.01000213623047,73.69999694824219,72.9800033569336,73.68000030517578,15000064
2026-08-04 02:00:00+00:00,73.73999786376953,74.01000213623047,73.5999984741211,73.80000305175781,28820096
2026-08-04 03:00:00+00:00,73.80000305175781,73.81999969482422,73.41000366210938,73.62999725341797,2995200
2026-08-04 04:00:00+00:00,73.61000061035156,74.0199966430664,73.52999877929688,73.76000213623047,11900672
2026-08-04 05:00:00+00:00,73.80999755859375,73.81999969482422,73.62000274658203,73.68000030517578,0
2026-08-04 06:00:00+00:00,73.68000030517578,73.8499984741211,73.33999633789062,73.3499984741211,0
2026-08-04 07:00:00+00:00,73.3499984741211,73.66000366210938,73.12999725341797,73.5999984741211,14688896
2026-08-04 08:00:00+00:00,73.62000274658203,73.68000030517578,73.2300033569336,73.27999877929688,0
2026-08-04 09:00:00+00:00,73.2699966430664,73.2699966430664,73.08000183105469,73.22000122070312,14117504
2026-08-04 10:00:00+00:00,73.20999908447266,73.62000274658203,73.0199966430664,73.54000091552734,0
2026-08-04 11:00:00+00:00,73.55000305175781,73.9000015258789,73.45999908447266,73.87000274658203,33515904
2026-08-04 12:00:00+00:00,73.86000061035156,73.9800033569336,73.68000030517578,73.75,15348736
2026-08-04 13:00:00+00:00,73.73999786376953,73.97000122070312,73.5199966430664,73.55999755859375,0
2026-08-04 14:00:00+00:00,73.56999969482422,73.86000061035156,73.2699966430664,73.73999786376953,0
2026-08-04 15:00:00+00:00,73.76000213623047,74.12000274658203,73.33999633789062,73.91999816894531,0
2026-08-04 16:00:00+00:00,73.93000030517578,73.94000244140625,73.54000091552734,73.66000366210938,0
2026-08-04 17:00:00+00:00,73.66999816894531,74.16999816894531,73.63999938964844,73.70999908447266,11962368
2026-08-04 18:00:00+00:00,73.72000122070312,74.33000183105469,73.72000122070312,74.0999984741211,0
2026-08-04 19:00:00+00:00,74.0999984741211,74.33999633789062,74.05999755859375,74.12000274658203,0
2026-08-04 20:00:00+00:00,74.13999938964844,74.37000274658203,73.81999969482422,74.20999908447266,36395392
2026-08-04 21:00:00+00:00,74.22000122070312,74.2300033569336,73.97000122070312,74.06999969482422,13828224
2026-08-04 22:00:00+00:00,74.08000183105469,74.16999816894531,73.93000030517578,74.04000091552734,0
2026-08-04 23:00:00+00:00,74.05000305175781,74.22000122070312,73.68000030517578,73.69999694824219,23369728
2026-08-05 00:00:00+00:00,73.69000244140625,73.73999786376953,73.41999816894531,73.44999694824219,7702272
2026-08-05 01:00:00+00:00,73.44999694824219,74.05999755859375,73.33999633789062,74.05999755859375,12475520
2026-08-05 02:00:00+00:00,74.05999755859375,74.43000030517578,74.01000213623047,74.16000366210938,36342272
2026-08-05 03:00:00+00:00,74.16000366210938,74.23999786376953,73.66000366210938,73.7300033569336,26998400
2026-08-05 04:00:00+00:00,73.7300033569336,73.80000305175781,73.55999755859375,73.7300033569336,13054208
2026-08-05 05:00:00+00:00,73.72000122070312,74.2300033569336,73.69000244140625,74.08999633789062,64663296
2026-08-05 06:00:00+00:00,74.08000183105469,74.19000244140625,73.91999816894531,73.94999694824219,4128512
2026-08-05 07:00:00+00:00,73.95999908447266,73.9800033569336,73.62000274658203,73.91000366210938,0
2026-08-05 08:00:00+00:00,73.94999694824219,74.0999984741211,73.88999938964844,74.0199966430664,1883008
2026-08-05 09:00:00+00:00,74.0199966430664,74.12999725341797,73.93000030517578,73.94999694824219,0
2026-08-05 10:00:00+00:00,73.94000244140625,74.05000305175781,73.7300033569336,73.7699966430664,0
2026-08-05 11:00:00+00:00,73.77999877929688,73.94999694824219,73.66999816894531,73.69999694824219,0
2026-08-05 12:00:00+00:00,73.72000122070312,74.31999969482422,73.6500015258789,74.0,31112320
2026-08-05 13:00:00+00:00,74.01000213623047,74.04000091552734,73.22000122070312,73.91000366210938,54756224
2026-08-05 14:00:00+00:00,73.91000366210938,74.06999969482422,73.55999755859375,73.88999938964844,21945472
2026-08-05 15:00:00+00:00,73.91000366210938,74.2300033569336,73.80000305175781,73.88999938964844,55499264
2026-08-05 16:00:00+00:00,73.87999725341797,74.36000061035156,73.87000274658203,74.20999908447266,25710720
2026-08-05 17:00:00+00:00,74.2300033569336,74.58000183105469,74.05999755859375,74.47000122070312,11195392
2026-08-05 18:00:00+00:00,74.4800033569336,74.72000122070312,74.36000061035156,74.45999908447266,15871488
2026-08-05 19:00:00+00:00,74.44000244140625,74.55999755859375,74.36000061035156,74.41000366210938,0
2026-08-05 20:00:00+00:00,74.43000030517578,74.5,74.25,74.31999969482422,0
2026-08-05 21:00:00+00:00,74.31999969482422,74.33000183105469,74.0,74.05000305175781,0
2026-08-05 22:00:00+00:00,74.05999755859375,74.12999725341797,73.93000030517578,73.94999694824219,5169408
2026-08-05 23:00:00+00:00,73.91999816894531,74.04000091552734,73.79000091552734,73.97000122070312,0
2026-08-06 00:00:00+00:00,74.0,74.19000244140625,73.97000122070312,74.01000213623047,0
2026-08-06 01:00:00+00:00,74.01000213623047,74.05000305175781,73.66000366210938,73.68000030517578,0
2026-08-06 02:00:00+00:00,73.66000366210938,73.70999908447266,73.30999755859375,73.47000122070312,0
2026-08-06 03:00:00+00:00,73.44000244140625,73.5199966430664,73.37000274658203,73.41999816894531,0
2026-08-06 04:00:00+00:00,73.41999816894531,73.80000305175781,73.33000183105469,73.80000305175781,0
2026-08-06 05:00:00+00:00,73.79000091552734,74.27999877929688,73.79000091552734,74.1500015258789,0
2026-08-06 06:00:00+00:00,74.13999938964844,74.18000030517578,73.87999725341797,73.9800033569336,2866176
2026-08-06 07:00:00+00:00,73.97000122070312,74.05000305175781,73.77999877929688,73.80000305175781,0
2026-08-06 08:00:00+00:00,73.80000305175781,74.02999877929688,73.62999725341797,73.91000366210938,25082752
2026-08-06 09:00:00+00:00,73.91999816894531,73.91999816894531,73.13999938964844,73.22000122070312,62760704
2026-08-06 10:00:00+00:00,73.20999908447266,73.36000061035156,73.08999633789062,73.22000122070312,9621632
2026-08-06 11:00:00+00:00,73.25,73.48999786376953,73.0999984741211,73.37999725341797,1190528
2026-08-06 12:00:00+00:00,73.37000274658203,73.38999938964844,73.06999969482422,73.06999969482422,0
2026-08-06 13:00:00+00:00,73.05999755859375,73.25,72.79000091552734,73.16999816894531,0
2026-08-06 14:00:00+00:00,73.16000366210938,73.5,73.0199966430664,73.38999938964844,0
2026-08-06 15:00:00+00:00,73.4000015258789,73.55999755859375,73.23999786376953,73.25,0
2026-08-06 16:00:00+00:00,73.25,73.41999816894531,73.02999877929688,73.37000274658203,0
2026-08-06 17:00:00+00:00,73.38999938964844,73.4800033569336,72.98999786376953,73.12000274658203,0
2026-08-06 18:00:00+00:00,73.11000061035156,73.1500015258789,72.6500015258789,72.75,0
2026-08-06 19:00:00+00:00,72.76000213623047,72.87999725341797,72.4800033569336,72.73999786376953,12510592
2026-08-06 20:00:00+00:00,72.73999786376953,72.93000030517578,72.73999786376953,72.79000091552734,0
2026-08-06 21:00:00+00:00,72.77999877929688,72.93000030517578,72.7300033569336,72.80000305175781,0
2026-08-06 22:00:00+00:00,72.80000305175781,72.80999755859375,72.58999633789062,72.62999725341797,2325760
2026-08-06 23:00:00+00:00,72.62000274658203,72.66000366210938,72.27999877929688,72.62999725341797,18522112
2026-08-07 00:00:00+00:00,72.62000274658203,72.75,72.5,72.58999633789062,14459264
2026-08-07 01:00:00+00:00,72.62000274658203,72.80999755859375,72.5199966430664,72.66999816894531,0
2026-08-07 02:00:00+00:00,72.66000366210938,72.86000061035156,72.44000244140625,72.63999938964844,0
2026-08-07 03:00:00+00:00,72.63999938964844,72.69999694824219,72.48999786376953,72.55999755859375,0
2026-08-07 04:00:00+00:00,72.55000305175781,72.7300033569336,72.44999694824219,72.61000061035156,0
2026-08-07 05:00:00+00:00,72.61000061035156,72.88999938964844,72.37999725341797,72.80999755859375,0
2026-08-07 06:00:00+00:00,72.80999755859375,73.0,72.75,72.77999877929688,2014336
2026-08-07 07:00:00+00:00,72.76000213623047,72.95999908447266,72.69000244140625,72.87000274658203,0
2026-08-07 08:00:00+00:00,72.87000274658203,73.26000213623047,72.86000061035156,73.12999725341797,0
2026-08-07 09:00:00+00:00,73.13999938964844,73.66999816894531,73.12999725341797,73.55999755859375,629632
2026-08-07 10:00:00+00:00,73.62000274658203,73.69999694824219,73.43000030517578,73.4800033569336,14293760
2026-08-07 11:00:00+00:00,73.4800033569336,73.70999908447266,73.4800033569336,73.58000183105469,2960512
2026-08-07 12:00:00+00:00,73.56999969482422,74.1500015258789,73.55999755859375,73.86000061035156,117394304
2026-08-07 13:00:00+00:00,73.8499984741211,74.30000305175781,73.73999786376953,74.08999633789062,27115648
2026-08-07 14:00:00+00:00,74.0999984741211,74.18000030517578,73.5199966430664,73.66999816894531,41908864
2026-08-07 15:00:00+00:00,73.66999816894531,73.91999816894531,73.63999938964844,73.83000183105469,6948864
2026-08-07 16:00:00+00:00,73.86000061035156,74.08000183105469,73.5199966430664,73.5199966430664,5692928
2026-08-07 17:00:00+00:00,73.47000122070312,73.5199966430664,73.12999725341797,73.37000274658203,72359168
2026-08-07 18:00:00+00:00,73.36000061035156,73.5199966430664,73.22000122070312,73.33999633789062,4562048
2026-08-07 19:00:00+00:00,73.38999938964844,73.98999786376953,73.36000061035156,73.98999786376953,14138368
2026-08-07 20:00:00+00:00,73.98999786376953,74.05000305175781,73.75,73.77999877929688,23643520
2026-08-07 21:00:00+00:00,73.77999877929688,73.83999633789062,73.56999969482422,73.62999725341797,0
2026-08-07 22:00:00+00:00,73.5999984741211,73.69000244140625,73.55000305175781,73.61000061035156,4678272
2026-08-07 23:00:00+00:00,73.62000274658203,73.73999786376953,73.56999969482422,73.62999725341797,0
2026-08-08 00:00:00+00:00,73.61000061035156,73.69000244140625,73.54000091552734,73.66999816894531,0
2026-08-08 01:00:00+00:00,73.68000030517578,73.91999816894531,73.6500015258789,73.8499984741211,0
2026-08-08 02:00:00+00:00,73.8499984741211,73.94000244140625,73.80999755859375,73.83000183105469,0
2026-08-08 03:00:00+00:00,73.81999969482422,74.93000030517578,73.81999969482422,74.79000091552734,54333440
2026-08-08 04:00:00+00:00,74.83000183105469,75.06999969482422,74.55000305175781,74.5999984741211,114781056
2026-08-08 05:00:00+00:00,74.5999984741211,74.70999908447266,74.45999908447266,74.62000274658203,0
2026-08-08 06:00:00+00:00,74.62000274658203,74.77999877929688,74.52999877929688,74.66999816894531,0
2026-08-08 07:00:00+00:00,74.66999816894531,74.79000091552734,74.61000061035156,74.77999877929688,0
2026-08-08 08:00:00+00:00,74.80000305175781,74.87000274658203,74.6500015258789,74.76000213623047,0
2026-08-08 09:00:00+00:00,74.75,74.9800033569336,74.75,74.83000183105469,0
2026-08-08 10:00:00+00:00,74.81999969482422,75.11000061035156,74.81999969482422,75.02999877929688,0
2026-08-08 11:00:00+00:00,75.0199966430664,75.6500015258789,75.01000213623047,75.55000305175781,52723328
2026-08-08 12:00:00+00:00,75.55000305175781,75.62000274658203,75.30999755859375,75.38999938964844,0
2026-08-08 13:00:00+00:00,75.37999725341797,75.51000213623047,75.37000274658203,75.4800033569336,0
2026-08-08 14:00:00+00:00,75.48999786376953,76.54000091552734,75.4800033569336,76.43000030517578,0
2026-08-08 15:00:00+00:00,76.44999694824219,76.72000122070312,76.19000244140625,76.33000183105469,91912064
2026-08-08 16:00:00+00:00,76.33000183105469,76.44000244140625,76.11000061035156,76.33000183105469,12229504
2026-08-08 17:00:00+00:00,76.33000183105469,76.43000030517578,76.22000122070312,76.33000183105469,0
2026-08-08 18:00:00+00:00,76.31999969482422,76.33000183105469,76.02999877929688,76.08000183105469,0
2026-08-08 19:00:00+00:00,76.06999969482422,76.20999908447266,75.91999816894531,76.08999633789062,0
2026-08-08 20:00:00+00:00,76.08000183105469,76.20999908447266,76.08000183105469,76.19999694824219,0
2026-08-08 21:00:00+00:00,76.19999694824219,76.30999755859375,76.11000061035156,76.1500015258789,0
2026-08-08 22:00:00+00:00,76.16000366210938,76.2300033569336,75.80000305175781,75.83000183105469,0
2026-08-08 23:00:00+00:00,75.8499984741211,76.05000305175781,75.72000122070312,75.95999908447266,21108352
2026-08-09 00:00:00+00:00,75.94000244140625,75.98999786376953,75.80999755859375,75.95999908447266,6146816
2026-08-09 01:00:00+00:00,75.94999694824219,76.0199966430664,75.69999694824219,75.80999755859375,1044224
2026-08-09 02:00:00+00:00,75.80999755859375,75.94000244140625,75.75,75.80999755859375,0
2026-08-09 03:00:00+00:00,75.80000305175781,75.98999786376953,75.72000122070312,75.93000030517578,0
2026-08-09 04:00:00+00:00,75.93000030517578,76.06999969482422,75.87000274658203,75.91000366210938,0
2026-08-09 05:00:00+00:00,75.9000015258789,75.97000122070312,75.81999969482422,75.94000244140625,0
2026-08-09 06:00:00+00:00,75.93000030517578,76.43000030517578,75.9000015258789,76.3499984741211,13546240
2026-08-09 07:00:00+00:00,76.3499984741211,76.41999816894531,76.16999816894531,76.29000091552734,23228928
2026-08-09 08:00:00+00:00,76.27999877929688,76.5,76.05999755859375,76.26000213623047,14129152
2026-08-09 09:00:00+00:00,76.25,76.44000244140625,76.19000244140625,76.38999938964844,6309888
2026-08-09 10:00:00+00:00,76.38999938964844,76.58000183105469,76.30999755859375,76.31999969482422,0
2026-08-09 11:00:00+00:00,76.30999755859375,76.4800033569336,76.29000091552734,76.43000030517578,0
2026-08-09 12:00:00+00:00,76.43000030517578,76.54000091552734,76.25,76.30999755859375,0
2026-08-09 13:00:00+00:00,76.30000305175781,76.75,76.29000091552734,76.52999877929688,8313344
2026-08-09 14:00:00+00:00,76.52999877929688,77.0,76.52999877929688,76.95999908447266,0
2026-08-09 15:00:00+00:00,76.98999786376953,77.4000015258789,76.80000305175781,77.36000061035156,0
2026-08-09 16:00:00+00:00,77.41999816894531,77.48999786376953,77.02999877929688,77.27999877929688,39430912
2026-08-09 17:00:00+00:00,77.2699966430664,77.27999877929688,77.05000305175781,77.12000274658203,0
2026-08-09 18:00:00+00:00,77.12000274658203,77.19999694824219,77.02999877929688,77.1500015258789,0
2026-08-09 19:00:00+00:00,77.13999938964844,77.30999755859375,77.08999633789062,77.16999816894531,0
2026-08-09 20:00:00+00:00,77.18000030517578,77.22000122070312,77.01000213623047,77.20999908447266,0
2026-08-09 21:00:00+00:00,77.20999908447266,77.45999908447266,77.08999633789062,77.29000091552734,0
2026-08-09 22:00:00+00:00,77.33999633789062,77.7300033569336,76.61000061035156,76.7699966430664,42561024
2026-08-09 23:00:00+00:00,76.76000213623047,76.8499984741211,76.16000366210938,76.20999908447266,30015360
2026-08-10 00:00:00+00:00,76.18000030517578,76.94000244140625,76.16000366210938,76.4800033569336,45086208
2026-08-10 01:00:00+00:00,76.4800033569336,77.08000183105469,76.3499984741211,76.8499984741211,22473344
2026-08-10 02:00:00+00:00,76.86000061035156,76.86000061035156,76.37999725341797,76.75,14614016
2026-08-10 03:00:00+00:00,76.75,76.86000061035156,76.31999969482422,76.58000183105469,19671552
2026-08-10 04:00:00+00:00,76.56999969482422,76.69000244140625,76.37999725341797,76.48999786376953,18575360
2026-08-10 05:00:00+00:00,76.4800033569336,76.9000015258789,76.4800033569336,76.80999755859375,9204864
2026-08-10 06:00:00+00:00,76.83000183105469,77.0,76.7699966430664,76.94000244140625,0
2026-08-10 07:00:00+00:00,76.94000244140625,77.04000091552734,76.7699966430664,76.91999816894531,0
2026-08-10 08:00:00+00:00,76.93000030517578,77.08000183105469,76.62000274658203,76.88999938964844,2279168
2026-08-10 09:00:00+00:00,76.87999725341797,76.97000122070312,76.5199966430664,76.5199966430664,6699264
2026-08-10 10:00:00+00:00,76.51000213623047,76.80000305175781,76.4800033569336,76.76000213623047,49164160
2026-08-10 11:00:00+00:00,76.76000213623047,76.98999786376953,76.61000061035156,76.97000122070312,8758528
2026-08-10 12:00:00+00:00,76.9800033569336,77.05999755859375,76.55000305175781,76.58999633789062,26805248
2026-08-10 13:00:00+00:00,76.58000183105469,76.70999908447266,76.0999984741211,76.25,57859072
2026-08-10 14:00:00+00:00,76.2300033569336,76.62999725341797,76.19000244140625,76.19999694824219,6041856
2026-08-10 15:00:00+00:00,76.19999694824219,76.36000061035156,75.76000213623047,75.91000366210938,27450496
2026-08-10 16:00:00+00:00,75.88999938964844,76.04000091552734,75.52999877929688,75.62999725341797,15820800
2026-08-10 17:00:00+00:00,75.62999725341797,76.02999877929688,75.54000091552734,75.9000015258789,38734080
2026-08-10 18:00:00+00:00,75.9000015258789,75.9800033569336,75.62999725341797,75.7300033569336,25700352
2026-08-10 19:00:00+00:00,75.73999786376953,76.19999694824219,75.73999786376953,76.11000061035156,18897152
2026-08-10 20:00:00+00:00,76.12000274658203,76.4000015258789,76.08999633789062,76.36000061035156,16511104
2026-08-10 21:00:00+00:00,76.3499984741211,76.41999816894531,76.22000122070312,76.22000122070312,8343552
2026-08-10 22:00:00+00:00,76.2300033569336,76.30999755859375,75.9800033569336,76.13999938964844,0
2026-08-10 23:00:00+00:00,76.1500015258789,76.1500015258789,75.9000015258789,75.91999816894531,0
2026-08-11 00:00:00+00:00,75.91999816894531,75.97000122070312,75.72000122070312,75.80999755859375,0
2026-08-11 01:00:00+00:00,75.79000091552734,76.02999877929688,75.6500015258789,76.0199966430664,0
2026-08-11 02:00:00+00:00,76.0199966430664,76.06999969482422,75.91000366210938,75.9800033569336,0
2026-08-11 03:00:00+00:00,75.9800033569336,76.16999816894531,75.97000122070312,76.0,0
2026-08-11 04:00:00+00:00,76.0,76.1500015258789,75.98999786376953,76.0199966430664,0
2026-08-11 05:00:00+00:00,76.01000213623047,76.0199966430664,75.72000122070312,75.7300033569336,9758208
2026-08-11 06:00:00+00:00,75.73999786376953,75.9800033569336,75.58999633789062,75.73999786376953,14892544
2026-08-11 07:00:00+00:00,75.75,75.80000305175781,75.36000061035156,75.62000274658203,30426624
2026-08-11 08:00:00+00:00,75.62999725341797,75.91000366210938,75.55999755859375,75.87000274658203,0
2026-08-11 09:00:00+00:00,75.87000274658203,75.87000274658203,75.5999984741211,75.81999969482422,19716224
2026-08-11 10:00:00+00:00,75.80000305175781,76.0,75.69999694824219,75.88999938964844,0
2026-08-11 11:00:00+00:00,75.88999938964844,76.27999877929688,75.88999938964844,76.13999938964844,37834752
2026-08-11 12:00:00+00:00,76.16999816894531,76.18000030517578,75.7300033569336,75.80000305175781,0
2026-08-11 13:00:00+00:00,75.79000091552734,76.02999877929688,75.66999816894531,75.94999694824219,0
2026-08-11 14:00:00+00:00,75.94000244140625,76.08999633789062,75.0199966430664,75.13999938964844,4247552
2026-08-11 15:00:00+00:00,75.0999984741211,75.3499984741211,74.58999633789062,74.87000274658203,0
2026-08-11 16:00:00+00:00,74.83999633789062,75.01000213623047,74.73999786376953,74.86000061035156,0
2026-08-11 17:00:00+00:00,74.87999725341797,75.13999938964844,74.8499984741211,75.08999633789062,0
2026-08-11 18:00:00+00:00,75.08999633789062,75.27999877929688,75.05000305175781,75.19999694824219,2582912
2026-08-11 19:00:00+00:00,75.19000244140625,75.63999938964844,75.0,75.56999969482422,2523520
2026-08-11 20:00:00+00:00,75.62000274658203,76.19000244140625,75.58000183105469,75.9800033569336,50125568
2026-08-11 21:00:00+00:00,75.97000122070312,76.38999938964844,75.94999694824219,76.38999938964844,23331200
2026-08-11 22:00:00+00:00,76.41000366210938,76.5999984741211,76.16999816894531,76.3499984741211,35009408
2026-08-11 23:00:00+00:00,76.3499984741211,76.3499984741211,76.13999938964844,76.2300033569336,6028544
2026-08-12 00:00:00+00:00,76.2300033569336,76.30999755859375,76.16000366210938,76.30999755859375,0
2026-08-12 01:00:00+00:00,76.30000305175781,76.5199966430664,76.23999786376953,76.36000061035156,0
2026-08-12 02:00:00+00:00,76.37000274658203,76.54000091552734,76.3499984741211,76.36000061035156,13340544
2026-08-12 03:00:00+00:00,76.36000061035156,76.45999908447266,76.19999694824219,76.3499984741211,1936128
2026-08-12 04:00:00+00:00,76.36000061035156,76.5,76.20999908447266,76.22000122070312,2745984
2026-08-12 05:00:00+00:00,76.22000122070312,76.30999755859375,76.12000274658203,76.26000213623047,0
2026-08-12 06:00:00+00:00,76.25,76.29000091552734,75.91000366210938,75.97000122070312,0
2026-08-12 07:00:00+00:00,75.9800033569336,76.20999908447266,75.87999725341797,76.18000030517578,0
2026-08-12 08:00:00+00:00,76.18000030517578,76.38999938964844,76.08000183105469,76.11000061035156,4886016
2026-08-12 09:00:00+00:00,76.0999984741211,76.80999755859375,76.05999755859375,76.69000244140625,16102912
2026-08-12 10:00:00+00:00,76.69999694824219,76.80999755859375,76.61000061035156,76.70999908447266,7618048
2026-08-12 11:00:00+00:00,76.7300033569336,76.80000305175781,76.63999938964844,76.7699966430664,0
2026-08-12 12:00:00+00:00,76.77999877929688,77.18000030517578,76.30999755859375,76.58000183105469,105866112
2026-08-12 13:00:00+00:00,76.58999633789062,76.61000061035156,76.04000091552734,76.16999816894531,21579648
2026-08-12 14:00:00+00:00,76.12999725341797,76.16999816894531,75.36000061035156,75.4000015258789,34153856
2026-08-12 15:00:00+00:00,75.37999725341797,75.79000091552734,75.30000305175781,75.68000030517578,0
2026-08-12 16:00:00+00:00,75.66000366210938,75.77999877929688,75.48999786376953,75.61000061035156,0
2026-08-12 17:00:00+00:00,75.61000061035156,75.98999786376953,75.5999984741211,75.8499984741211,2887552
2026-08-12 18:00:00+00:00,75.83999633789062,76.0199966430664,75.7699966430664,75.81999969482422,0
2026-08-12 19:00:00+00:00,75.81999969482422,75.93000030517578,75.51000213623047,75.69000244140625,0
2026-08-12 20:00:00+00:00,75.68000030517578,75.93000030517578,75.66000366210938,75.86000061035156,0
2026-08-12 21:00:00+00:00,75.86000061035156,75.93000030517578,75.36000061035156,75.4000015258789,0
2026-08-12 22:00:00+00:00,75.37999725341797,75.5999984741211,75.27999877929688,75.45999908447266,0
2026-08-12 23:00:00+00:00,75.44999694824219,75.56999969482422,75.30000305175781,75.55999755859375,0
2026-08-13 00:00:00+00:00,75.54000091552734,75.79000091552734,75.48999786376953,75.55000305175781,5971456
2026-08-13 01:00:00+00:00,75.5199966430664,75.7300033569336,75.41999816894531,75.55999755859375,0
2026-08-13 02:00:00+00:00,75.56999969482422,75.9000015258789,75.44999694824219,75.9000015258789,0
2026-08-13 03:00:00+00:00,75.9000015258789,76.23999786376953,75.87999725341797,76.18000030517578,52751616
2026-08-13 04:00:00+00:00,76.18000030517578,76.19999694824219,75.94999694824219,76.05000305175781,12979968
2026-08-13 05:00:00+00:00,76.05999755859375,76.54000091552734,76.01000213623047,76.44000244140625,17784064
2026-08-13 06:00:00+00:00,76.43000030517578,76.4800033569336,76.25,76.44999694824219,4140800
2026-08-13 07:00:00+00:00,76.45999908447266,76.45999908447266,76.31999969482422,76.37000274658203,0
2026-08-13 08:00:00+00:00,76.37000274658203,76.41000366210938,76.11000061035156,76.13999938964844,0
2026-08-13 09:00:00+00:00,76.1500015258789,76.1500015258789,75.83999633789062,76.08000183105469,0
2026-08-13 10:00:00+00:00,76.11000061035156,76.11000061035156,75.62999725341797,75.68000030517578,0
2026-08-13 11:00:00+00:00,75.66999816894531,75.68000030517578,75.48999786376953,75.5999984741211,0
2026-08-13 12:00:00+00:00,75.58999633789062,76.05999755859375,75.55999755859375,76.05999755859375,0
2026-08-13 13:00:00+00:00,76.06999969482422,76.27999877929688,75.97000122070312,76.11000061035156,0
2026-08-13 14:00:00+00:00,76.12999725341797,76.51000213623047,76.05999755859375,76.38999938964844,0
2026-08-13 15:00:00+00:00,76.4000015258789,76.47000122070312,75.58000183105469,75.58000183105469,0
2026-08-13 16:00:00+00:00,75.55999755859375,75.80000305175781,75.04000091552734,75.51000213623047,105452416
2026-08-13 17:00:00+00:00,75.5,75.86000061035156,75.48999786376953,75.69999694824219,7813248
2026-08-13 18:00:00+00:00,75.68000030517578,76.0,75.61000061035156,75.94000244140625,1989504
2026-08-13 19:00:00+00:00,75.94999694824219,76.19999694824219,75.91000366210938,76.12999725341797,13302016
2026-08-13 20:00:00+00:00,76.12999725341797,76.2699966430664,76.06999969482422,76.1500015258789,26384896
2026-08-13 21:00:00+00:00,76.1500015258789,76.23999786376953,76.05000305175781,76.13999938964844,0
2026-08-13 22:00:00+00:00,76.13999938964844,76.37999725341797,76.12999725341797,76.19000244140625,5029504
2026-08-13 23:00:00+00:00,76.19000244140625,76.23999786376953,76.08000183105469,76.20999908447266,761216
2026-08-14 00:00:00+00:00,76.20999908447266,76.26000213623047,75.91999816894531,76.0,10603904
2026-08-14 01:00:00+00:00,75.98999786376953,76.12000274658203,75.8499984741211,76.0199966430664,10201472
2026-08-14 02:00:00+00:00,76.01000213623047,76.12999725341797,75.91999816894531,75.94999694824219,0
2026-08-14 03:00:00+00:00,75.94999694824219,75.98999786376953,75.66000366210938,75.69000244140625,0
2026-08-14 04:00:00+00:00,75.66999816894531,75.95999908447266,75.66999816894531,75.7699966430664,0
2026-08-14 05:00:00+00:00,75.7699966430664,75.91999816894531,75.72000122070312,75.83999633789062,0
2026-08-14 06:00:00+00:00,75.83000183105469,75.83999633789062,75.45999908447266,75.47000122070312,0
2026-08-14 07:00:00+00:00,75.44999694824219,75.6500015258789,75.41999816894531,75.51000213623047,13137920
2026-08-14 08:00:00+00:00,75.51000213623047,75.79000091552734,75.48999786376953,75.79000091552734,10706432
2026-08-14 09:00:00+00:00,75.79000091552734,75.79000091552734,75.36000061035156,75.4000015258789,0
2026-08-14 10:00:00+00:00,75.37000274658203,75.58000183105469,75.2699966430664,75.30999755859375,0
2026-08-14 11:00:00+00:00,75.31999969482422,75.5199966430664,75.30999755859375,75.44999694824219,4066560
2026-08-14 12:00:00+00:00,75.45999908447266,75.5199966430664,75.2699966430664,75.37999725341797,0
2026-08-14 13:00:00+00:00,75.37999725341797,75.4000015258789,75.19000244140625,75.26000213623047,5317248
2026-08-14 14:00:00+00:00,75.26000213623047,75.33000183105469,74.97000122070312,75.19000244140625,0
2026-08-14 15:00:00+00:00,75.18000030517578,75.69000244140625,75.12000274658203,75.58000183105469,11341696
2026-08-14 16:00:00+00:00,75.55999755859375,75.62999725341797,75.37999725341797,75.4000015258789,0
2026-08-14 17:00:00+00:00,75.4000015258789,75.5999984741211,75.08999633789062,75.20999908447266,0
2026-08-14 18:00:00+00:00,75.2300033569336,75.2300033569336,74.87000274658203,74.88999938964844,50097152
2026-08-14 19:00:00+00:00,74.87999725341797,75.0199966430664,74.5999984741211,74.91999816894531,38650752
2026-08-14 20:00:00+00:00,74.93000030517578,75.16999816894531,74.9000015258789,75.06999969482422,0
2026-08-14 21:00:00+00:00,75.08000183105469,75.16000366210938,75.02999877929688,75.12000274658203,6280704
2026-08-14 22:00:00+00:00,75.12000274658203,75.19999694824219,74.9000015258789,75.12000274658203,0
2026-08-14 23:00:00+00:00,75.12000274658203,75.33999633789062,75.08000183105469,75.33000183105469,3348096
2026-08-15 00:00:00+00:00,75.31999969482422,75.36000061035156,75.26000213623047,75.2699966430664,0
2026-08-15 01:00:00+00:00,75.30000305175781,75.4000015258789,75.2300033569336,75.3499984741211,0
2026-08-15 02:00:00+00:00,75.3499984741211,75.61000061035156,75.31999969482422,75.58999633789062,13904768
2026-08-15 03:00:00+00:00,75.5999984741211,75.63999938964844,75.33999633789062,75.3499984741211,0
2026-08-15 04:00:00+00:00,75.37000274658203,75.54000091552734,75.30000305175781,75.45999908447266,7396480
2026-08-15 05:00:00+00:00,75.44999694824219,75.5199966430664,75.23999786376953,75.27999877929688,12160256
2026-08-15 06:00:00+00:00,75.27999877929688,75.43000030517578,75.20999908447266,75.36000061035156,0
2026-08-15 07:00:00+00:00,75.3499984741211,75.3499984741211,75.13999938964844,75.16999816894531,0
2026-08-15 08:00:00+00:00,75.18000030517578,75.23999786376953,74.9800033569336,74.98999786376953,0
2026-08-15 09:00:00+00:00,75.0199966430664,75.18000030517578,74.95999908447266,75.16000366210938,0
2026-08-15 10:00:00+00:00,75.16999816894531,75.2699966430664,75.12999725341797,75.22000122070312,0
2026-08-15 11:00:00+00:00,75.20999908447266,75.23999786376953,75.13999938964844,75.18000030517578,0
2026-08-15 12:00:00+00:00,75.18000030517578,75.3499984741211,75.12999725341797,75.3499984741211,0
2026-08-15 13:00:00+00:00,75.33000183105469,75.5,75.31999969482422,75.4800033569336,0
2026-08-15 14:00:00+00:00,75.48999786376953,75.51000213623047,75.37000274658203,75.37000274658203,0
2026-08-15 15:00:00+00:00,75.37999725341797,75.45999908447266,75.30999755859375,75.44999694824219,0
2026-08-15 16:00:00+00:00,75.44000244140625,75.44999694824219,75.33000183105469,75.41000366210938,0
2026-08-15 17:00:00+00:00,75.41000366210938,75.5999984741211,75.4000015258789,75.58000183105469,0
2026-08-15 18:00:00+00:00,75.58000183105469,75.5999984741211,75.43000030517578,75.4800033569336,0
2026-08-15 19:00:00+00:00,75.4800033569336,75.48999786376953,75.44000244140625,75.4800033569336,0
2026-08-15 20:00:00+00:00,75.4800033569336,75.48999786376953,75.33999633789062,75.44000244140625,0
2026-08-15 21:00:00+00:00,75.43000030517578,75.66000366210938,75.43000030517578,75.55000305175781,0
2026-08-15 22:00:00+00:00,75.55000305175781,75.5999984741211,75.5,75.51000213623047,0
2026-08-15 23:00:00+00:00,75.51000213623047,75.51000213623047,75.23999786376953,75.27999877929688,77248
2026-08-16 00:00:00+00:00,75.25,75.43000030517578,75.19999694824219,75.4000015258789,0
2026-08-16 01:00:00+00:00,75.4000015258789,75.41999816894531,75.2300033569336,75.3499984741211,0
2026-08-16 02:00:00+00:00,75.3499984741211,75.58000183105469,75.19000244140625,75.48999786376953,0
2026-08-16 03:00:00+00:00,75.51000213623047,75.58000183105469,75.48999786376953,75.51000213623047,0
2026-08-16 04:00:00+00:00,75.51000213623047,75.55000305175781,75.36000061035156,75.37000274658203,0
2026-08-16 05:00:00+00:00,75.37000274658203,75.44999694824219,75.2699966430664,75.29000091552734,0
2026-08-16 06:00:00+00:00,75.29000091552734,75.44999694824219,75.20999908447266,75.30000305175781,1300736
2026-08-16 07:00:00+00:00,75.29000091552734,75.41000366210938,75.2699966430664,75.38999938964844,0
2026-08-16 08:00:00+00:00,75.37000274658203,75.41000366210938,75.33000183105469,75.38999938964844,0
2026-08-16 09:00:00+00:00,75.38999938964844,75.4000015258789,75.19000244140625,75.2300033569336,0
2026-08-16 10:00:00+00:00,75.23999786376953,75.23999786376953,75.08999633789062,75.18000030517578,5791936
2026-08-16 11:00:00+00:00,75.19000244140625,75.23999786376953,75.1500015258789,75.20999908447266,5677696
2026-08-16 12:00:00+00:00,75.20999908447266,75.22000122070312,75.12000274658203,75.1500015258789,3375872
2026-08-16 13:00:00+00:00,75.1500015258789,75.3499984741211,75.13999938964844,75.2300033569336,0
2026-08-16 14:00:00+00:00,75.2300033569336,75.3499984741211,75.18000030517578,75.31999969482422,0
2026-08-16 15:00:00+00:00,75.31999969482422,75.55999755859375,75.30999755859375,75.48999786376953,5915008
2026-08-16 16:00:00+00:00,75.48999786376953,75.62000274658203,75.43000030517578,75.4800033569336,45997824
2026-08-16 17:00:00+00:00,75.51000213623047,75.54000091552734,75.19999694824219,75.20999908447266,5321024
2026-08-16 18:00:00+00:00,75.19999694824219,75.22000122070312,74.97000122070312,75.11000061035156,27072448
2026-08-16 19:00:00+00:00,75.11000061035156,75.29000091552734,75.0999984741211,75.16000366210938,7494912
2026-08-16 20:00:00+00:00,75.1500015258789,75.2300033569336,74.91999816894531,74.94999694824219,9597632
2026-08-16 21:00:00+00:00,74.9000015258789,75.0199966430664,74.0999984741211,74.2699966430664,64867584
2026-08-16 22:00:00+00:00,74.26000213623047,74.44999694824219,74.08999633789062,74.44000244140625,35890112
2026-08-16 23:00:00+00:00,74.41999816894531,74.58000183105469,74.38999938964844,74.54000091552734,4542016
2026-08-17 00:00:00+00:00,74.51000213623047,74.66000366210938,74.36000061035156,74.55000305175781,23351040
2026-08-17 01:00:00+00:00,74.5199966430664,75.2699966430664,74.5199966430664,75.0199966430664,55441920
2026-08-17 02:00:00+00:00,75.05000305175781,75.5,74.9800033569336,75.4000015258789,21136576
2026-08-17 03:00:00+00:00,75.41999816894531,75.5,75.37000274658203,75.43000030517578,43157952
2026-08-17 04:00:00+00:00,75.44000244140625,75.55000305175781,75.41999816894531,75.4800033569336,26068608
2026-08-17 05:00:00+00:00,75.47000122070312,75.54000091552734,75.31999969482422,75.33999633789062,4392192
2026-08-17 06:00:00+00:00,75.33999633789062,75.91000366210938,75.30999755859375,75.7699966430664,41949056
2026-08-17 07:00:00+00:00,75.8499984741211,75.8499984741211,75.66000366210938,75.70999908447266,38484480
2026-08-17 08:00:00+00:00,75.7300033569336,75.7300033569336,75.11000061035156,75.16000366210938,57454272
2026-08-17 09:00:00+00:00,75.16000366210938,75.33999633789062,75.1500015258789,75.2699966430664,45814464
2026-08-17 10:00:00+00:00,75.2699966430664,75.70999908447266,75.2300033569336,75.69000244140625,26835200
2026-08-17 11:00:00+00:00,75.68000030517578,75.8499984741211,75.5999984741211,75.62000274658203,50343424
2026-08-17 12:00:00+00:00,75.62000274658203,75.62999725341797,75.2699966430664,75.36000061035156,48747136
2026-08-17 13:00:00+00:00,75.36000061035156,75.69999694824219,75.19999694824219,75.55000305175781,51529984
2026-08-17 14:00:00+00:00,75.55000305175781,75.94999694824219,75.43000030517578,75.9000015258789,45572992
2026-08-17 15:00:00+00:00,75.9000015258789,76.1500015258789,75.73999786376953,76.04000091552734,63241856
2026-08-17 16:00:00+00:00,76.05000305175781,76.06999969482422,75.86000061035156,75.94999694824219,1386496
2026-08-17 17:00:00+00:00,75.97000122070312,76.05999755859375,75.63999938964844,75.86000061035156,26015232
2026-08-17 18:00:00+00:00,75.8499984741211,76.0999984741211,75.80000305175781,75.83999633789062,0
2026-08-17 19:00:00+00:00,75.83999633789062,75.9000015258789,75.68000030517578,75.73999786376953,12367616
2026-08-17 20:00:00+00:00,75.73999786376953,76.04000091552734,75.58000183105469,75.93000030517578,17324160
2026-08-17 21:00:00+00:00,75.93000030517578,76.01000213623047,75.81999969482422,75.9000015258789,0
2026-08-17 22:00:00+00:00,75.91000366210938,75.9800033569336,75.66000366210938,75.68000030517578,0
2026-08-17 23:00:00+00:00,75.68000030517578,76.05000305175781,75.6500015258789,75.94999694824219,9707904
2026-08-18 00:00:00+00:00,75.95999908447266,76.02999877929688,75.80999755859375,75.9800033569336,0
2026-08-18 01:00:00+00:00,75.9800033569336,75.98999786376953,75.5199966430664,75.54000091552734,0
2026-08-18 02:00:00+00:00,75.54000091552734,75.58999633789062,75.1500015258789,75.20999908447266,42474624
2026-08-18 03:00:00+00:00,75.18000030517578,75.45999908447266,75.18000030517578,75.43000030517578,0
2026-08-18 04:00:00+00:00,75.43000030517578,75.7699966430664,75.33999633789062,75.76000213623047,26647552
2026-08-18 05:00:00+00:00,75.76000213623047,75.88999938964844,75.51000213623047,75.66000366210938,42910336
2026-08-18 06:00:00+00:00,75.6500015258789,75.97000122070312,75.58999633789062,75.93000030517578,0
2026-08-18 07:00:00+00:00,75.94000244140625,76.13999938964844,75.88999938964844,76.0199966430664,23617408
2026-08-18 08:00:00+00:00,76.02999877929688,76.11000061035156,75.79000091552734,76.08999633789062,0
2026-08-18 09:00:00+00:00,76.06999969482422,76.08000183105469,75.80999755859375,75.87999725341797,0
2026-08-18 10:00:00+00:00,75.87000274658203,75.91000366210938,75.7300033569336,75.7699966430664,0
2026-08-18 11:00:00+00:00,75.73999786376953,76.37000274658203,75.73999786376953,76.25,13774592
2026-08-18 12:00:00+00:00,76.30000305175781,76.44999694824219,76.16000366210938,76.18000030517578,0
2026-08-18 13:00:00+00:00,76.12999725341797,76.22000122070312,75.9800033569336,76.13999938964844,0
2026-08-18 14:00:00+00:00,76.12000274658203,77.27999877929688,76.05999755859375,76.7300033569336,107271808
2026-08-18 15:00:00+00:00,76.75,77.19999694824219,76.73999786376953,77.13999938964844,14362624
2026-08-18 16:00:00+00:00,77.16000366210938,77.2699966430664,76.79000091552734,77.02999877929688,8340608
2026-08-18 17:00:00+00:00,77.02999877929688,77.02999877929688,76.83999633789062,76.8499984741211,0
2026-08-18 18:00:00+00:00,76.83999633789062,77.25,76.83000183105469,77.22000122070312,0
2026-08-18 19:00:00+00:00,77.16999816894531,77.33999633789062,77.04000091552734,77.12999725341797,15809280
2026-08-18 20:00:00+00:00,77.13999938964844,77.16999816894531,76.69999694824219,76.81999969482422,11476736
2026-08-18 21:00:00+00:00,76.83000183105469,77.05000305175781,76.83000183105469,76.94000244140625,5526272
2026-08-18 22:00:00+00:00,76.93000030517578,77.13999938964844,76.83000183105469,76.88999938964844,23224704
2026-08-18 23:00:00+00:00,76.88999938964844,77.18000030517578,76.88999938964844,77.0,9990528
2026-08-19 00:00:00+00:00,77.0199966430664,77.05000305175781,76.7699966430664,76.87000274658203,0
2026-08-19 01:00:00+00:00,76.87000274658203,77.0,76.66000366210938,76.75,30872960
2026-08-19 02:00:00+00:00,76.73999786376953,76.86000061035156,76.6500015258789,76.75,0
2026-08-19 03:00:00+00:00,76.76000213623047,77.04000091552734,76.66999816894531,76.93000030517578,0
2026-08-19 04:00:00+00:00,76.93000030517578,77.08000183105469,76.73999786376953,76.80999755859375,0
2026-08-19 05:00:00+00:00,76.80999755859375,76.98999786376953,76.70999908447266,76.75,0
2026-08-19 06:00:00+00:00,76.77999877929688,77.08000183105469,76.58000183105469,77.01000213623047,12643712
2026-08-19 07:00:00+00:00,77.02999877929688,77.02999877929688,76.87999725341797,76.88999938964844,0
2026-08-19 08:00:00+00:00,76.87999725341797,77.55000305175781,76.83999633789062,77.33000183105469,36935424
2026-08-19 09:00:00+00:00,77.31999969482422,77.41999816894531,77.16000366210938,77.25,12305536
2026-08-19 10:00:00+00:00,77.26000213623047,77.31999969482422,77.16999816894531,77.30999755859375,0
2026-08-19 11:00:00+00:00,77.30999755859375,77.55000305175781,77.30000305175781,77.4800033569336,0
2026-08-19 12:00:00+00:00,77.4800033569336,78.66999816894531,77.36000061035156,78.3499984741211,187393920
2026-08-19 13:00:00+00:00,78.33999633789062,78.62999725341797,78.11000061035156,78.33999633789062,122383104
2026-08-19 14:00:00+00:00,78.37000274658203,80.94999694824219,78.30000305175781,80.80000305175781,98658176
2026-08-19 15:00:00+00:00,80.91999816894531,82.9000015258789,80.62999725341797,81.79000091552734,923080064
2026-08-19 16:00:00+00:00,81.9000015258789,82.29000091552734,81.54000091552734,81.58000183105469,188636928
2026-08-19 17:00:00+00:00,81.55000305175781,81.68000030517578,81.0,81.61000061035156,141513472
2026-08-19 18:00:00+00:00,81.6500015258789,82.29000091552734,81.23999786376953,82.27999877929688,116851200
2026-08-19 19:00:00+00:00,82.23999786376953,82.4800033569336,82.0199966430664,82.33000183105469,160685056
2026-08-19 20:00:00+00:00,82.37000274658203,84.19999694824219,82.25,83.7300033569336,139706368
2026-08-19 21:00:00+00:00,83.72000122070312,87.1500015258789,83.70999908447266,86.58999633789062,640665344
2026-08-19 22:00:00+00:00,86.73999786376953,86.7699966430664,84.94999694824219,85.44000244140625,258193152
2026-08-19 23:00:00+00:00,85.45999908447266,85.69000244140625,85.0199966430664,85.33999633789062,116098048
2026-08-20 00:00:00+00:00,85.3499984741211,85.7300033569336,84.86000061035156,84.94999694824219,171007488
2026-08-20 01:00:00+00:00,84.9000015258789,85.36000061035156,84.62999725341797,85.29000091552734,121052672
2026-08-20 02:00:00+00:00,85.30999755859375,85.4000015258789,84.62999725341797,84.73999786376953,52057600
2026-08-20 03:00:00+00:00,84.7300033569336,84.7300033569336,83.95999908447266,84.41999816894531,91676160
2026-08-20 04:00:00+00:00,84.43000030517578,84.86000061035156,84.36000061035156,84.77999877929688,50636800
2026-08-20 05:00:00+00:00,84.7699966430664,85.0199966430664,84.73999786376953,84.9000015258789,30612992
2026-08-20 06:00:00+00:00,84.9000015258789,85.86000061035156,84.66000366210938,85.86000061035156,123448832
2026-08-20 07:00:00+00:00,85.83000183105469,86.12999725341797,85.72000122070312,86.12000274658203,92015616
2026-08-20 08:00:00+00:00,86.12000274658203,87.91000366210938,86.01000213623047,87.43000030517578,327030784
2026-08-20 09:00:00+00:00,87.44999694824219,87.72000122070312,87.04000091552734,87.27999877929688,209647104
2026-08-20 10:00:00+00:00,87.30000305175781,87.7300033569336,86.98999786376953,87.4000015258789,106837504
2026-08-20 11:00:00+00:00,87.37999725341797,88.0,87.02999877929688,87.16999816894531,134506496
2026-08-20 12:00:00+00:00,87.19000244140625,87.33999633789062,86.48999786376953,87.0,0
2026-08-20 13:00:00+00:00,87.04000091552734,87.38999938964844,86.22000122070312,86.48999786376953,95468032
2026-08-20 14:00:00+00:00,86.4800033569336,86.80000305175781,86.11000061035156,86.52999877929688,0
2026-08-20 15:00:00+00:00,86.54000091552734,87.41000366210938,86.48999786376953,87.31999969482422,0
2026-08-20 16:00:00+00:00,87.31999969482422,87.77999877929688,86.83999633789062,87.70999908447266,0
2026-08-20 17:00:00+00:00,87.70999908447266,87.9000015258789,87.26000213623047,87.4800033569336,147391488
2026-08-20 18:00:00+00:00,87.51000213623047,87.63999938964844,86.6500015258789,86.83999633789062,0
2026-08-20 19:00:00+00:00,86.87000274658203,87.51000213623047,86.86000061035156,87.30000305175781,0
2026-08-20 20:00:00+00:00,87.27999877929688,87.62999725341797,87.22000122070312,87.55999755859375,0
2026-08-20 21:00:00+00:00,87.56999969482422,87.83999633789062,87.4000015258789,87.4800033569336,0
2026-08-20 22:00:00+00:00,87.4800033569336,87.55000305175781,87.16999816894531,87.20999908447266,0
2026-08-20 23:00:00+00:00,87.19999694824219,87.95999908447266,87.19999694824219,87.63999938964844,0
2026-08-21 00:00:00+00:00,87.62999725341797,88.73999786376953,87.55999755859375,88.2300033569336,62697472
2026-08-21 01:00:00+00:00,88.19999694824219,89.44999694824219,88.0999984741211,88.9800033569336,142772224
2026-08-21 02:00:00+00:00,89.01000213623047,90.12999725341797,88.47000122070312,89.2300033569336,330860032
2026-08-21 03:00:00+00:00,89.2300033569336,89.47000122070312,88.70999908447266,89.08000183105469,72487936
2026-08-21 04:00:00+00:00,89.08000183105469,89.45999908447266,88.8499984741211,89.41999816894531,0
2026-08-21 05:00:00+00:00,89.37999725341797,90.66000366210938,89.13999938964844,90.37999725341797,151012352
2026-08-21 06:00:00+00:00,90.3499984741211,91.2300033569336,89.7300033569336,90.19000244140625,140669952
2026-08-21 07:00:00+00:00,90.13999938964844,91.08999633789062,89.95999908447266,90.37999725341797,136829440
2026-08-21 08:00:00+00:00,90.41000366210938,93.37000274658203,90.33000183105469,93.25,99624448
2026-08-21 09:00:00+00:00,93.23999786376953,93.23999786376953,90.30999755859375,91.66999816894531,424565760
2026-08-21 10:00:00+00:00,91.6500015258789,91.72000122070312,90.8499984741211,91.44000244140625,263169024
2026-08-21 11:00:00+00:00,91.4800033569336,91.61000061035156,89.97000122070312,90.26000213623047,117869056
2026-08-21 12:00:00+00:00,90.33999633789062,91.12999725341797,90.01000213623047,90.83000183105469,115642880
2026-08-21 13:00:00+00:00,90.8499984741211,91.30999755859375,89.81999969482422,91.02999877929688,0
2026-08-21 14:00:00+00:00,91.0199966430664,91.94000244140625,90.52999877929688,91.87000274658203,102620672
2026-08-21 15:00:00+00:00,91.86000061035156,92.08000183105469,91.20999908447266,91.30999755859375,0
2026-08-21 16:00:00+00:00,91.37000274658203,91.88999938964844,90.76000213623047,91.5999984741211,0
2026-08-21 17:00:00+00:00,91.61000061035156,91.94999694824219,91.1500015258789,91.76000213623047,0
2026-08-21 18:00:00+00:00,91.77999877929688,92.0199966430664,91.06999969482422,91.54000091552734,0
2026-08-21 19:00:00+00:00,91.54000091552734,91.56999969482422,90.73999786376953,90.94000244140625,17791488
2026-08-21 20:00:00+00:00,90.93000030517578,91.93000030517578,90.61000061035156,91.8499984741211,72049152
2026-08-21 21:00:00+00:00,91.8499984741211,93.81999969482422,91.6500015258789,93.69999694824219,279863296
2026-08-21 22:00:00+00:00,93.7300033569336,94.61000061035156,93.31999969482422,94.29000091552734,253473792
2026-08-21 23:00:00+00:00,94.19999694824219,94.94999694824219,93.37999725341797,93.72000122070312,173543424
2026-08-22 00:00:00+00:00,93.73999786376953,94.38999938964844,92.87999725341797,93.87000274658203,18427392
2026-08-22 01:00:00+00:00,93.86000061035156,94.41000366210938,93.47000122070312,93.68000030517578,0
2026-08-22 02:00:00+00:00,93.76000213623047,95.73999786376953,93.69000244140625,95.62999725341797,0
2026-08-22 03:00:00+00:00,95.63999938964844,97.52999877929688,95.4800033569336,96.76000213623047,311845376
2026-08-22 04:00:00+00:00,96.80000305175781,102.6500015258789,96.16000366210938,99.0999984741211,889795072
2026-08-22 05:00:00+00:00,99.0999984741211,99.93000030517578,88.05999755859375,94.19999694824219,1918846464
2026-08-22 06:00:00+00:00,94.16999816894531,95.04000091552734,93.08999633789062,94.2699966430664,257771520
2026-08-22 07:00:00+00:00,94.2699966430664,95.4800033569336,94.04000091552734,94.43000030517578,18427904
2026-08-22 08:00:00+00:00,94.5,94.98999786376953,93.08000183105469,94.06999969482422,0
2026-08-22 09:00:00+00:00,94.08000183105469,94.55999755859375,93.06999969482422,93.87999725341797,0
2026-08-22 10:00:00+00:00,93.94999694824219,93.94999694824219,91.33999633789062,92.86000061035156,167880704
2026-08-22 11:00:00+00:00,92.86000061035156,93.4800033569336,92.55999755859375,93.2699966430664,0
2026-08-22 12:00:00+00:00,93.27999877929688,94.30999755859375,93.12000274658203,93.81999969482422,0
2026-08-22 13:00:00+00:00,93.80999755859375,94.20999908447266,93.5199966430664,94.11000061035156,0
2026-08-22 14:00:00+00:00,94.08999633789062,94.26000213623047,92.93000030517578,93.20999908447266,0
2026-08-22 15:00:00+00:00,93.23999786376953,93.56999969482422,92.81999969482422,93.06999969482422,0
2026-08-22 16:00:00+00:00,93.05999755859375,94.61000061035156,93.05999755859375,94.29000091552734,17544192
2026-08-22 17:00:00+00:00,94.30999755859375,94.52999877929688,93.76000213623047,94.25,0
2026-08-22 18:00:00+00:00,94.25,94.51000213623047,94.02999877929688,94.44999694824219,0
2026-08-22 19:00:00+00:00,94.44000244140625,94.79000091552734,94.26000213623047,94.4800033569336,0
2026-08-22 20:00:00+00:00,94.51000213623047,94.79000091552734,94.30000305175781,94.43000030517578,0
2026-08-22 21:00:00+00:00,94.37999725341797,94.37999725341797,92.70999908447266,92.81999969482422,0
2026-08-22 22:00:00+00:00,92.87000274658203,94.0,92.62999725341797,93.58999633789062,0
2026-08-22 23:00:00+00:00,93.56999969482422,93.9800033569336,93.36000061035156,93.80000305175781,0
2026-08-23 00:00:00+00:00,93.83999633789062,97.1500015258789,93.56999969482422,96.33000183105469,153432064
2026-08-23 01:00:00+00:00,96.3499984741211,96.55999755859375,95.6500015258789,96.0,68147200
2026-08-23 02:00:00+00:00,96.02999877929688,96.25,94.1500015258789,94.87999725341797,38188032
2026-08-23 03:00:00+00:00,94.9000015258789,95.01000213623047,93.43000030517578,93.69999694824219,0
2026-08-23 04:00:00+00:00,93.70999908447266,94.08000183105469,92.16000366210938,92.61000061035156,0
2026-08-23 05:00:00+00:00,92.5199966430664,93.30000305175781,91.61000061035156,92.30000305175781,0
2026-08-23 06:00:00+00:00,92.33999633789062,92.75,91.77999877929688,92.2300033569336,0
2026-08-23 07:00:00+00:00,92.22000122070312,92.95999908447266,92.12000274658203,92.43000030517578,0
2026-08-23 08:00:00+00:00,92.44000244140625,93.41000366210938,92.30000305175781,93.18000030517578,0
2026-08-23 09:00:00+00:00,93.1500015258789,93.5199966430664,92.91999816894531,93.30999755859375,0
2026-08-23 10:00:00+00:00,93.29000091552734,94.08000183105469,93.27999877929688,93.62000274658203,0
2026-08-23 11:00:00+00:00,93.5999984741211,94.77999877929688,93.52999877929688,94.5999984741211,0
2026-08-23 12:00:00+00:00,94.56999969482422,94.7699966430664,94.0999984741211,94.56999969482422,0
2026-08-23 13:00:00+00:00,94.55999755859375,95.77999877929688,94.55999755859375,95.37000274658203,76600832
2026-08-23 14:00:00+00:00,95.38999938964844,95.66000366210938,93.4800033569336,95.04000091552734,107334144
2026-08-23 15:00:00+00:00,95.08000183105469,95.86000061035156,94.69000244140625,95.33000183105469,60610048
2026-08-23 16:00:00+00:00,95.37000274658203,95.68000030517578,95.13999938964844,95.37999725341797,0
2026-08-23 17:00:00+00:00,95.4000015258789,95.5,94.83000183105469,95.0999984741211,0
2026-08-23 18:00:00+00:00,95.11000061035156,95.41999816894531,94.94000244140625,95.27999877929688,0
2026-08-23 19:00:00+00:00,95.30000305175781,95.44000244140625,94.83999633789062,95.05000305175781,0
2026-08-23 20:00:00+00:00,95.06999969482422,95.37999725341797,94.80999755859375,95.05000305175781,0
2026-08-23 21:00:00+00:00,95.05999755859375,96.25,95.05999755859375,95.3499984741211,0
2026-08-23 22:00:00+00:00,95.48999786376953,95.72000122070312,94.83999633789062,95.5999984741211,79383040
2026-08-23 23:00:00+00:00,95.61000061035156,95.8499984741211,95.0199966430664,95.41999816894531,33205248
2026-08-24 00:00:00+00:00,95.44000244140625,95.54000091552734,94.13999938964844,95.54000091552734,0
2026-08-24 01:00:00+00:00,95.55999755859375,95.55999755859375,93.7699966430664,93.8499984741211,0
2026-08-24 02:00:00+00:00,93.9000015258789,95.04000091552734,93.66999816894531,94.58999633789062,0
2026-08-24 03:00:00+00:00,94.55999755859375,94.66000366210938,93.5199966430664,93.66000366210938,0
2026-08-24 04:00:00+00:00,93.66999816894531,94.3499984741211,93.66000366210938,94.22000122070312,0
2026-08-24 05:00:00+00:00,94.16999816894531,94.62999725341797,93.48999786376953,94.2699966430664,0
2026-08-24 06:00:00+00:00,94.26000213623047,94.62000274658203,93.80999755859375,94.54000091552734,0
2026-08-24 07:00:00+00:00,94.54000091552734,95.41000366210938,93.9800033569336,94.05000305175781,90117376
2026-08-24 08:00:00+00:00,94.12999725341797,94.33000183105469,93.2300033569336,93.91999816894531,16747008
2026-08-24 09:00:00+00:00,93.9000015258789,94.87000274658203,93.87000274658203,94.6500015258789,36906496
2026-08-24 10:00:00+00:00,94.63999938964844,95.02999877929688,94.55999755859375,94.68000030517578,52487936
2026-08-24 11:00:00+00:00,94.66000366210938,96.2699966430664,94.2699966430664,95.81999969482422,122980608
2026-08-24 12:00:00+00:00,95.80000305175781,96.61000061035156,94.5199966430664,96.26000213623047,221410816
2026-08-24 13:00:00+00:00,96.30000305175781,96.51000213623047,94.30999755859375,95.0,184890368
2026-08-24 14:00:00+00:00,95.0199966430664,96.68000030517578,94.86000061035156,96.08000183105469,38486016
2026-08-24 15:00:00+00:00,96.08000183105469,97.55000305175781,96.0,96.43000030517578,155177472
2026-08-24 16:00:00+00:00,96.47000122070312,97.58999633789062,95.83000183105469,96.05000305175781,188018688
2026-08-24 17:00:00+00:00,96.05000305175781,96.19000244140625,94.81999969482422,95.37000274658203,242730496
2026-08-24 18:00:00+00:00,95.41999816894531,96.41999816894531,95.38999938964844,95.91000366210938,172781056
2026-08-24 19:00:00+00:00,95.94999694824219,96.63999938964844,95.43000030517578,96.5199966430664,168845312
2026-08-24 20:00:00+00:00,96.5999984741211,96.76000213623047,95.73999786376953,96.5,84946944
2026-08-24 21:00:00+00:00,96.52999877929688,97.55000305175781,96.52999877929688,97.47000122070312,0
2026-08-24 22:00:00+00:00,97.52999877929688,98.62999725341797,97.18000030517578,97.44000244140625,127032320
2026-08-24 23:00:00+00:00,97.45999908447266,98.9800033569336,97.27999877929688,98.9800033569336,126519296
2026-08-25 00:00:00+00:00,98.91999816894531,102.61000061035156,98.55999755859375,101.75,815753728
2026-08-25 01:00:00+00:00,101.79000091552734,102.45999908447266,100.08000183105469,100.45999908447266,241430016
2026-08-25 02:00:00+00:00,100.45999908447266,102.2699966430664,100.2300033569336,100.93000030517578,323461632
2026-08-25 03:00:00+00:00,100.94000244140625,102.01000213623047,100.87999725341797,101.5999984741211,131926016
2026-08-25 04:00:00+00:00,101.55999755859375,101.69000244140625,100.81999969482422,101.30000305175781,111881728
2026-08-25 05:00:00+00:00,101.31999969482422,102.93000030517578,101.20999908447266,101.87000274658203,101349888
2026-08-25 06:00:00+00:00,101.87999725341797,102.02999877929688,100.41999816894531,100.72000122070312,19023872
2026-08-25 07:00:00+00:00,100.66000366210938,101.91000366210938,99.56999969482422,100.19999694824219,103505408
2026-08-25 08:00:00+00:00,100.22000122070312,101.08000183105469,99.70999908447266,100.37000274658203,108531712
2026-08-25 09:00:00+00:00,100.37000274658203,100.58999633789062,99.30000305175781,99.79000091552734,41577984
2026-08-25 10:00:00+00:00,99.77999877929688,99.87000274658203,99.1500015258789,99.63999938964844,24434176
2026-08-25 11:00:00+00:00,99.62999725341797,99.68000030517578,98.48999786376953,98.58999633789062,0
2026-08-25 12:00:00+00:00,98.5999984741211,98.80999755859375,97.47000122070312,98.58999633789062,0
2026-08-25 13:00:00+00:00,98.61000061035156,98.80000305175781,96.27999877929688,97.12000274658203,0
2026-08-25 14:00:00+00:00,97.12999725341797,98.37999725341797,96.91000366210938,98.19999694824219,0
2026-08-25 15:00:00+00:00,98.19999694824219,98.41999816894531,97.62000274658203,98.37999725341797,0
2026-08-25 16:00:00+00:00,98.27999877929688,98.66000366210938,97.79000091552734,98.20999908447266,0
2026-08-25 17:00:00+00:00,98.18000030517578,98.20999908447266,97.45999908447266,98.19999694824219,0
2026-08-25 18:00:00+00:00,98.22000122070312,98.81999969482422,98.08000183105469,98.51000213623047,0
2026-08-25 19:00:00+00:00,98.5,98.62999725341797,97.4800033569336,97.97000122070312,0
2026-08-25 20:00:00+00:00,98.0,98.05999755859375,96.66000366210938,96.66000366210938,6830592
2026-08-25 21:00:00+00:00,96.66000366210938,97.2699966430664,95.63999938964844,97.16999816894531,115002880
2026-08-25 22:00:00+00:00,97.19999694824219,97.75,97.16000366210938,97.22000122070312,0
2026-08-25 23:00:00+00:00,97.19000244140625,97.4000015258789,96.4000015258789,96.58999633789062,0
2026-08-26 00:00:00+00:00,96.68000030517578,96.9000015258789,96.16999816894531,96.63999938964844,0
2026-08-26 01:00:00+00:00,96.62000274658203,97.26000213623047,96.62000274658203,97.0199966430664,0
2026-08-26 02:00:00+00:00,97.05000305175781,97.54000091552734,96.79000091552734,97.27999877929688,0
2026-08-26 03:00:00+00:00,97.26000213623047,97.37000274658203,96.80999755859375,97.04000091552734,0
2026-08-26 04:00:00+00:00,97.0199966430664,97.30000305175781,96.55999755859375,96.62000274658203,0
2026-08-26 05:00:00+00:00,96.63999938964844,97.18000030517578,96.23999786376953,97.06999969482422,0
2026-08-26 06:00:00+00:00,97.05999755859375,97.2699966430664,96.51000213623047,96.80000305175781,0
2026-08-26 07:00:00+00:00,96.79000091552734,97.16000366210938,96.66999816894531,96.93000030517578,0
2026-08-26 08:00:00+00:00,96.94000244140625,97.37000274658203,96.69999694824219,96.80999755859375,0
2026-08-26 09:00:00+00:00,96.79000091552734,97.0,95.80000305175781,96.18000030517578,0
2026-08-26 10:00:00+00:00,96.13999938964844,97.87000274658203,96.0,97.5,0
2026-08-26 11:00:00+00:00,97.5,97.6500015258789,96.70999908447266,97.0199966430664,0
2026-08-26 12:00:00+00:00,97.06999969482422,97.54000091552734,96.38999938964844,97.0,0
2026-08-26 13:00:00+00:00,97.01000213623047,97.22000122070312,95.83999633789062,96.55000305175781,0
2026-08-26 14:00:00+00:00,96.44000244140625,96.95999908447266,95.43000030517578,95.4800033569336,0
2026-08-26 15:00:00+00:00,95.45999908447266,96.33000183105469,95.0,95.94000244140625,22859776
2026-08-26 16:00:00+00:00,95.94999694824219,96.16999816894531,95.4800033569336,95.94000244140625,0
2026-08-26 17:00:00+00:00,95.94000244140625,97.2300033569336,95.87000274658203,96.95999908447266,31192576
2026-08-26 18:00:00+00:00,96.98999786376953,97.13999938964844,96.62999725341797,96.83000183105469,0
2026-08-26 19:00:00+00:00,96.77999877929688,96.91999816894531,96.33999633789062,96.80000305175781,0
2026-08-26 20:00:00+00:00,96.79000091552734,97.04000091552734,96.33000183105469,96.94000244140625,0
2026-08-26 21:00:00+00:00,96.93000030517578,98.33000183105469,96.88999938964844,98.2699966430664,0
2026-08-26 22:00:00+00:00,98.22000122070312,100.91000366210938,98.08000183105469,99.70999908447266,293450496
2026-08-26 23:00:00+00:00,99.66000366210938,102.41000366210938,99.5199966430664,102.0999984741211,290514432
2026-08-27 00:00:00+00:00,102.13999938964844,102.13999938964844,100.62000274658203,100.62000274658203,127989248
2026-08-27 01:00:00+00:00,100.58999633789062,101.91000366210938,100.55000305175781,101.47000122070312,82273536
2026-08-27 02:00:00+00:00,101.44999694824219,101.94999694824219,100.86000061035156,101.16000366210938,67845120
2026-08-27 03:00:00+00:00,101.1500015258789,101.77999877929688,100.87999725341797,101.05000305175781,64135424
2026-08-27 04:00:00+00:00,101.0999984741211,101.5199966430664,100.69000244140625,101.05999755859375,58180352
2026-08-27 05:00:00+00:00,101.06999969482422,102.22000122070312,100.7699966430664,102.0,76844032
2026-08-27 06:00:00+00:00,102.01000213623047,102.01000213623047,100.91000366210938,101.29000091552734,149822720
2026-08-27 07:00:00+00:00,101.2699966430664,102.05999755859375,101.04000091552734,101.7699966430664,41328128
2026-08-27 08:00:00+00:00,101.83000183105469,105.02999877929688,101.70999908447266,104.66000366210938,633748992
2026-08-27 09:00:00+00:00,104.62999725341797,105.70999908447266,104.12999725341797,104.38999938964844,305004032
2026-08-27 10:00:00+00:00,104.4000015258789,105.01000213623047,103.19999694824219,104.0999984741211,194320384
2026-08-27 11:00:00+00:00,104.08999633789062,104.86000061035156,103.41999816894531,103.94000244140625,120563200
2026-08-27 12:00:00+00:00,103.94000244140625,104.75,103.94000244140625,104.41999816894531,0
2026-08-27 13:00:00+00:00,104.4000015258789,106.2699966430664,104.19000244140625,106.06999969482422,57354752
2026-08-27 14:00:00+00:00,105.97000122070312,107.91999816894531,105.22000122070312,106.83000183105469,499900928
2026-08-27 15:00:00+00:00,106.83000183105469,107.91000366210938,106.58999633789062,107.22000122070312,349138944
2026-08-27 16:00:00+00:00,107.23999786376953,109.44000244140625,106.91000366210938,108.94999694824219,367351808
2026-08-27 17:00:00+00:00,108.98999786376953,109.62999725341797,107.80999755859375,108.19999694824219,247178752
2026-08-27 18:00:00+00:00,108.2300033569336,108.37999725341797,106.70999908447266,108.37999725341797,175633920
2026-08-27 19:00:00+00:00,108.37999725341797,109.87000274658203,108.31999969482422,109.41999816894531,195144192
2026-08-27 20:00:00+00:00,109.26000213623047,109.77999877929688,108.44999694824219,109.05999755859375,138960896
2026-08-27 21:00:00+00:00,109.12000274658203,109.1500015258789,108.26000213623047,108.7699966430664,23963648
2026-08-27 22:00:00+00:00,108.79000091552734,110.41999816894531,108.79000091552734,109.22000122070312,0
2026-08-27 23:00:00+00:00,109.19000244140625,110.05999755859375,108.9000015258789,109.18000030517578,0
2026-08-28 00:00:00+00:00,109.19999694824219,110.05999755859375,108.77999877929688,109.1500015258789,0
2026-08-28 01:00:00+00:00,109.16999816894531,109.70999908447266,107.76000213623047,107.87999725341797,25079296
2026-08-28 02:00:00+00:00,107.87999725341797,107.98999786376953,106.19999694824219,106.55000305175781,91834368
2026-08-28 03:00:00+00:00,106.58000183105469,107.31999969482422,105.9000015258789,106.87999725341797,73751552
2026-08-28 04:00:00+00:00,106.86000061035156,107.62999725341797,106.30000305175781,106.76000213623047,0
2026-08-28 05:00:00+00:00,106.77999877929688,107.48999786376953,106.66999816894531,107.25,0
2026-08-28 06:00:00+00:00,107.23999786376953,107.86000061035156,107.19999694824219,107.56999969482422,0
2026-08-28 07:00:00+00:00,107.56999969482422,107.56999969482422,106.33000183105469,106.36000061035156,0
2026-08-28 08:00:00+00:00,106.38999938964844,106.9000015258789,105.83000183105469,106.05000305175781,0
2026-08-28 09:00:00+00:00,106.08000183105469,106.62999725341797,105.56999969482422,105.95999908447266,0
2026-08-28 10:00:00+00:00,105.9800033569336,106.25,104.58000183105469,106.20999908447266,0
2026-08-28 11:00:00+00:00,106.19000244140625,106.70999908447266,105.58000183105469,105.8499984741211,0
2026-08-28 12:00:00+00:00,105.83999633789062,106.01000213623047,104.55999755859375,104.9000015258789,89785856
2026-08-28 13:00:00+00:00,104.86000061035156,105.58999633789062,104.6500015258789,105.5199966430664,0
2026-08-28 14:00:00+00:00,105.08000183105469,106.62999725341797,103.6500015258789,106.29000091552734,191005696
2026-08-28 15:00:00+00:00,106.29000091552734,107.94000244140625,105.23999786376953,105.29000091552734,47451136
2026-08-28 16:00:00+00:00,105.43000030517578,105.70999908447266,102.98999786376953,105.18000030517578,278476800
2026-08-28 17:00:00+00:00,105.16000366210938,105.25,104.30000305175781,104.69999694824219,0
2026-08-28 18:00:00+00:00,104.66999816894531,104.69999694824219,102.30999755859375,103.0199966430664,0
2026-08-28 19:00:00+00:00,103.06999969482422,103.86000061035156,103.0,103.37999725341797,0
2026-08-28 20:00:00+00:00,103.3499984741211,104.19000244140625,102.88999938964844,103.86000061035156,0
2026-08-28 21:00:00+00:00,103.88999938964844,104.02999877929688,103.31999969482422,103.41999816894531,0
2026-08-28 22:00:00+00:00,103.45999908447266,104.22000122070312,103.41000366210938,104.1500015258789,0
2026-08-28 23:00:00+00:00,104.12000274658203,104.38999938964844,103.97000122070312,104.1500015258789,0
2026-08-29 00:00:00+00:00,104.12000274658203,104.55999755859375,103.9000015258789,103.9000015258789,0
2026-08-29 01:00:00+00:00,103.91000366210938,104.37000274658203,103.80999755859375,104.16999816894531,0
2026-08-29 02:00:00+00:00,104.16999816894531,104.4000015258789,103.63999938964844,103.94000244140625,0
2026-08-29 03:00:00+00:00,103.95999908447266,104.25,103.8499984741211,103.87000274658203,0
2026-08-29 04:00:00+00:00,103.87000274658203,104.05999755859375,103.47000122070312,103.87999725341797,0
2026-08-29 05:00:00+00:00,103.87999725341797,104.20999908447266,103.83000183105469,104.02999877929688,0
2026-08-29 06:00:00+00:00,104.02999877929688,104.02999877929688,103.33000183105469,103.5999984741211,0
2026-08-29 07:00:00+00:00,103.5999984741211,103.97000122070312,103.5999984741211,103.75,0
2026-08-29 08:00:00+00:00,103.7300033569336,103.7300033569336,103.20999908447266,103.4800033569336,0
2026-08-29 09:00:00+00:00,103.48999786376953,103.63999938964844,103.30000305175781,103.33999633789062,0
2026-08-29 10:00:00+00:00,103.30999755859375,103.61000061035156,103.02999877929688,103.45999908447266,0
2026-08-29 11:00:00+00:00,103.44000244140625,103.70999908447266,103.41000366210938,103.51000213623047,0
2026-08-29 12:00:00+00:00,103.51000213623047,104.0199966430664,103.37999725341797,103.62999725341797,0
2026-08-29 13:00:00+00:00,103.62999725341797,103.97000122070312,103.52999877929688,103.81999969482422,0
2026-08-29 14:00:00+00:00,103.81999969482422,105.51000213623047,103.79000091552734,105.36000061035156,0
2026-08-29 15:00:00+00:00,105.4000015258789,105.51000213623047,104.62999725341797,105.0199966430664,0
2026-08-29 16:00:00+00:00,105.0199966430664,105.33000183105469,104.83999633789062,104.87999725341797,0
2026-08-29 17:00:00+00:00,104.91999816894531,105.16000366210938,104.43000030517578,104.87999725341797,0
2026-08-29 18:00:00+00:00,104.87999725341797,105.2699966430664,104.75,105.12999725341797,0
2026-08-29 19:00:00+00:00,105.12000274658203,105.83999633789062,105.12000274658203,105.37000274658203,0
2026-08-29 20:00:00+00:00,105.4000015258789,105.51000213623047,105.08999633789062,105.2300033569336,0
2026-08-29 21:00:00+00:00,105.23999786376953,105.4000015258789,104.87999725341797,105.04000091552734,0
2026-08-29 22:00:00+00:00,105.01000213623047,105.55999755859375,104.91000366210938,105.5199966430664,0
2026-08-29 23:00:00+00:00,105.51000213623047,105.79000091552734,105.47000122070312,105.61000061035156,0
2026-08-30 00:00:00+00:00,105.62999725341797,105.72000122070312,105.2300033569336,105.27999877929688,0
2026-08-30 01:00:00+00:00,105.27999877929688,105.37000274658203,105.0199966430664,105.25,0
2026-08-30 02:00:00+00:00,105.26000213623047,105.48999786376953,105.18000030517578,105.23999786376953,0
2026-08-30 03:00:00+00:00,105.23999786376953,105.36000061035156,105.01000213623047,105.06999969482422,0
2026-08-30 04:00:00+00:00,105.05000305175781,105.13999938964844,104.66999816894531,105.12999725341797,0
2026-08-30 05:00:00+00:00,105.06999969482422,105.2699966430664,104.88999938964844,105.06999969482422,0
2026-08-30 06:00:00+00:00,105.08000183105469,105.41999816894531,104.93000030517578,105.41999816894531,0
2026-08-30 07:00:00+00:00,105.44999694824219,105.44999694824219,104.7300033569336,104.81999969482422,0
2026-08-30 08:00:00+00:00,104.83999633789062,105.05999755859375,104.52999877929688,104.75,0
2026-08-30 09:00:00+00:00,104.73999786376953,104.97000122070312,104.47000122070312,104.61000061035156,0
2026-08-30 10:00:00+00:00,104.5999984741211,105.2300033569336,104.48999786376953,105.11000061035156,0
2026-08-30 11:00:00+00:00,105.13999938964844,105.30999755859375,104.93000030517578,105.12000274658203,21489024
2026-08-30 12:00:00+00:00,105.11000061035156,106.13999938964844,105.06999969482422,106.0999984741211,71855488
2026-08-30 13:00:00+00:00,106.0999984741211,107.41999816894531,105.88999938964844,107.12000274658203,174994048
2026-08-30 14:00:00+00:00,107.12000274658203,107.23999786376953,106.6500015258789,106.73999786376953,0
2026-08-30 15:00:00+00:00,106.7300033569336,106.80000305175781,105.98999786376953,106.2699966430664,0
2026-08-30 16:00:00+00:00,106.29000091552734,107.13999938964844,106.13999938964844,106.91000366210938,29435392
2026-08-30 17:00:00+00:00,106.8499984741211,106.87000274658203,105.4800033569336,106.38999938964844,100531584
2026-08-30 18:00:00+00:00,106.41000366210938,106.86000061035156,106.04000091552734,106.68000030517578,25571584
2026-08-30 19:00:00+00:00,106.69000244140625,106.80999755859375,105.44999694824219,105.81999969482422,0
2026-08-30 20:00:00+00:00,105.86000061035156,106.0,104.41999816894531,104.76000213623047,104845056
2026-08-30 21:00:00+00:00,104.7699966430664,104.7699966430664,103.44000244140625,104.45999908447266,132074240
2026-08-30 22:00:00+00:00,104.33999633789062,104.75,103.33999633789062,103.79000091552734,84055296
2026-08-30 23:00:00+00:00,103.79000091552734,103.79000091552734,100.37000274658203,101.76000213623047,302199040
2026-08-31 00:00:00+00:00,101.56999969482422,102.58999633789062,101.11000061035156,102.13999938964844,137054464
2026-08-31 01:00:00+00:00,102.12999725341797,102.2300033569336,101.4000015258789,101.51000213623047,53993984
2026-08-31 02:00:00+00:00,101.48999786376953,102.33000183105469,101.19999694824219,101.44000244140625,40497152
2026-08-31 03:00:00+00:00,101.44000244140625,102.19999694824219,101.29000091552734,101.94999694824219,54515712
2026-08-31 04:00:00+00:00,102.01000213623047,102.01000213623047,100.88999938964844,101.44000244140625,66704128
2026-08-31 05:00:00+00:00,101.43000030517578,103.0,101.23999786376953,102.63999938964844,146604032
2026-08-31 06:00:00+00:00,102.62999725341797,102.88999938964844,102.33999633789062,102.70999908447266,103487744
2026-08-31 07:00:00+00:00,102.69999694824219,103.13999938964844,102.63999938964844,102.9800033569336,68996352
2026-08-31 08:00:00+00:00,102.94000244140625,103.43000030517578,102.47000122070312,103.2300033569336,68173312
2026-08-31 09:00:00+00:00,103.2300033569336,103.47000122070312,102.9800033569336,103.06999969482422,55722752
2026-08-31 10:00:00+00:00,103.08999633789062,104.0,102.63999938964844,103.6500015258789,49329408
2026-08-31 11:00:00+00:00,103.6500015258789,104.13999938964844,103.23999786376953,103.37999725341797,56355328
2026-08-31 12:00:00+00:00,103.37000274658203,103.73999786376953,102.4800033569336,102.75,0
2026-08-31 13:00:00+00:00,102.75,103.02999877929688,102.16999816894531,102.31999969482422,0
2026-08-31 14:00:00+00:00,102.33000183105469,103.83999633789062,102.19000244140625,103.4800033569336,36479488
2026-08-31 15:00:00+00:00,103.52999877929688,103.62999725341797,102.72000122070312,102.87000274658203,2689536
2026-08-31 16:00:00+00:00,102.83999633789062,103.29000091552734,102.41999816894531,102.81999969482422,0
2026-08-31 17:00:00+00:00,102.79000091552734,103.7699966430664,102.63999938964844,103.61000061035156,0
2026-08-31 18:00:00+00:00,103.62999725341797,104.97000122070312,103.4000015258789,104.45999908447266,59511808
2026-08-31 19:00:00+00:00,104.45999908447266,104.75,103.52999877929688,103.62000274658203,5867520
2026-08-31 20:00:00+00:00,103.5999984741211,104.27999877929688,103.52999877929688,103.72000122070312,0
2026-08-31 21:00:00+00:00,103.7300033569336,103.95999908447266,103.2300033569336,103.63999938964844,0
2026-08-31 22:00:00+00:00,103.70999908447266,103.77999877929688,103.0999984741211,103.19999694824219,0
2026-08-31 23:00:00+00:00,103.19000244140625,103.19999694824219,102.86000061035156,103.05000305175781,0
2026-09-01 00:00:00+00:00,103.02999877929688,103.52999877929688,102.93000030517578,103.16999816894531,0
2026-09-01 01:00:00+00:00,103.19999694824219,103.51000213623047,102.7699966430664,103.2300033569336,0
2026-09-01 02:00:00+00:00,103.13999938964844,103.41999816894531,102.80000305175781,103.37000274658203,0
2026-09-01 03:00:00+00:00,103.37000274658203,104.16999816894531,103.25,103.62000274658203,0
2026-09-01 04:00:00+00:00,103.5999984741211,104.05000305175781,103.51000213623047,103.58999633789062,0
2026-09-01 05:00:00+00:00,103.62000274658203,104.3499984741211,103.58000183105469,104.29000091552734,0
2026-09-01 06:00:00+00:00,104.23999786376953,104.2699966430664,103.33999633789062,103.36000061035156,0
2026-09-01 07:00:00+00:00,103.30999755859375,103.54000091552734,102.87000274658203,103.12999725341797,17927936
2026-09-01 08:00:00+00:00,103.12999725341797,103.19999694824219,101.80000305175781,102.04000091552734,45555712
2026-09-01 09:00:00+00:00,102.08999633789062,102.26000213623047,101.83999633789062,101.94999694824219,0
2026-09-01 10:00:00+00:00,101.93000030517578,102.69999694824219,101.91999816894531,102.3499984741211,19673856
2026-09-01 11:00:00+00:00,102.3499984741211,102.56999969482422,102.05999755859375,102.26000213623047,10886144
2026-09-01 12:00:00+00:00,102.2699966430664,102.43000030517578,101.4800033569336,101.91000366210938,0
2026-09-01 13:00:00+00:00,101.87999725341797,102.44000244140625,101.36000061035156,101.93000030517578,28596480
2026-09-01 14:00:00+00:00,101.94000244140625,102.54000091552734,101.86000061035156,101.97000122070312,0
2026-09-01 15:00:00+00:00,101.98999786376953,102.30999755859375,101.01000213623047,102.0,21021440
2026-09-01 16:00:00+00:00,102.02999877929688,102.02999877929688,100.58999633789062,100.88999938964844,26653184
2026-09-01 17:00:00+00:00,100.9000015258789,101.20999908447266,100.45999908447266,100.56999969482422,9806080
2026-09-01 18:00:00+00:00,100.5999984741211,100.68000030517578,98.33999633789062,99.58000183105469,188440064
2026-09-01 19:00:00+00:00,99.58000183105469,100.30000305175781,99.5,100.02999877929688,58714624
2026-09-01 20:00:00+00:00,100.04000091552734,100.30000305175781,99.62999725341797,100.05999755859375,29502720
2026-09-01 21:00:00+00:00,100.08000183105469,100.18000030517578,98.9000015258789,99.55000305175781,23136768
2026-09-01 22:00:00+00:00,99.56999969482422,99.87999725341797,99.33000183105469,99.62000274658203,39299328
2026-09-01 23:00:00+00:00,99.63999938964844,100.19999694824219,99.56999969482422,99.94000244140625,23517440
2026-09-02 00:00:00+00:00,99.95999908447266,100.20999908447266,99.56999969482422,99.62000274658203,12769536
2026-09-02 01:00:00+00:00,99.56999969482422,99.88999938964844,98.45999908447266,99.05999755859375,29608960
2026-09-02 02:00:00+00:00,99.05000305175781,99.88999938964844,98.72000122070312,99.88999938964844,98186496
2026-09-02 03:00:00+00:00,99.87999725341797,100.6500015258789,99.80999755859375,100.25,35570432
2026-09-02 04:00:00+00:00,100.22000122070312,100.23999786376953,99.68000030517578,100.04000091552734,9462528
2026-09-02 05:00:00+00:00,100.05999755859375,100.3499984741211,99.73999786376953,100.2300033569336,0
2026-09-02 06:00:00+00:00,100.23999786376953,100.31999969482422,99.62999725341797,100.05000305175781,0
2026-09-02 07:00:00+00:00,100.05000305175781,100.37999725341797,99.77999877929688,99.80000305175781,0
2026-09-02 08:00:00+00:00,99.83000183105469,99.97000122070312,98.80000305175781,98.94000244140625,0
2026-09-02 09:00:00+00:00,98.95999908447266,99.27999877929688,98.18000030517578,98.5999984741211,27962880
2026-09-02 10:00:00+00:00,98.55999755859375,98.62000274658203,97.45999908447266,98.16999816894531,0
2026-09-02 11:00:00+00:00,98.12999725341797,98.2300033569336,97.3499984741211,98.06999969482422,12320256
2026-09-02 12:00:00+00:00,98.01000213623047,98.4000015258789,97.58999633789062,97.6500015258789,0
2026-09-02 13:00:00+00:00,97.6500015258789,99.58000183105469,97.6500015258789,99.16000366210938,0
2026-09-02 14:00:00+00:00,99.1500015258789,99.73999786376953,98.87000274658203,98.88999938964844,5138944
2026-09-02 15:00:00+00:00,98.87000274658203,99.45999908447266,98.4000015258789,99.25,2212096
2026-09-02 16:00:00+00:00,99.23999786376953,99.76000213623047,98.72000122070312,98.75,0
2026-09-02 17:00:00+00:00,98.79000091552734,99.29000091552734,98.16000366210938,99.26000213623047,14599168
2026-09-02 18:00:00+00:00,99.29000091552734,99.58999633789062,99.13999938964844,99.48999786376953,0
2026-09-02 19:00:00+00:00,99.44000244140625,99.5999984741211,99.05000305175781,99.37999725341797,0
2026-09-02 20:00:00+00:00,99.4000015258789,99.9800033569336,99.30999755859375,99.66000366210938,11176192
2026-09-02 21:00:00+00:00,99.69000244140625,99.81999969482422,99.4000015258789,99.62999725341797,0
2026-09-02 22:00:00+00:00,99.62000274658203,99.72000122070312,99.19000244140625,99.51000213623047,0
2026-09-02 23:00:00+00:00,99.51000213623047,100.48999786376953,99.38999938964844,100.4000015258789,2604800
2026-09-03 00:00:00+00:00,100.37999725341797,100.43000030517578,99.4800033569336,99.48999786376953,205312
2026-09-03 01:00:00+00:00,99.45999908447266,100.55000305175781,99.19999694824219,100.13999938964844,20102400
2026-09-03 02:00:00+00:00,100.11000061035156,101.2699966430664,99.91000366210938,101.05000305175781,0
2026-09-03 03:00:00+00:00,101.0999984741211,101.16000366210938,100.16000366210938,100.4800033569336,90693632
2026-09-03 04:00:00+00:00,100.51000213623047,100.93000030517578,100.04000091552734,100.93000030517578,12605440
2026-09-03 05:00:00+00:00,100.94000244140625,101.01000213623047,99.66000366210938,100.81999969482422,69517056
2026-09-03 06:00:00+00:00,100.83999633789062,100.95999908447266,100.55000305175781,100.83999633789062,20414976
2026-09-03 07:00:00+00:00,100.83000183105469,101.33000183105469,100.2300033569336,100.36000061035156,80174592
2026-09-03 08:00:00+00:00,100.36000061035156,101.08000183105469,100.36000061035156,100.58999633789062,12844800
2026-09-03 09:00:00+00:00,100.58000183105469,100.75,100.0999984741211,100.12999725341797,0
2026-09-03 10:00:00+00:00,100.12000274658203,100.44000244140625,99.87999725341797,100.41000366210938,0
2026-09-03 11:00:00+00:00,100.38999938964844,100.95999908447266,100.27999877929688,100.76000213623047,0
2026-09-03 12:00:00+00:00,100.73999786376953,101.79000091552734,100.58000183105469,101.6500015258789,65831936
2026-09-03 13:00:00+00:00,101.63999938964844,102.0,101.0999984741211,101.45999908447266,51692800
2026-09-03 14:00:00+00:00,101.41999816894531,104.83000183105469,101.2300033569336,104.83000183105469,216511488
2026-09-03 15:00:00+00:00,104.80000305175781,105.62999725341797,103.7699966430664,105.16999816894531,362143488
2026-09-03 16:00:00+00:00,105.08000183105469,105.18000030517578,103.8499984741211,104.55000305175781,142351360
2026-09-03 17:00:00+00:00,104.55999755859375,105.22000122070312,104.4000015258789,105.0999984741211,23482624
2026-09-03 18:00:00+00:00,105.16000366210938,105.2699966430664,104.62999725341797,105.22000122070312,8789248
2026-09-03 19:00:00+00:00,105.19999694824219,105.79000091552734,105.04000091552734,105.29000091552734,78008064
2026-09-03 20:00:00+00:00,105.30000305175781,105.47000122070312,104.76000213623047,104.93000030517578,9812480
2026-09-03 21:00:00+00:00,104.93000030517578,105.68000030517578,104.79000091552734,105.22000122070312,95545856
2026-09-03 22:00:00+00:00,105.20999908447266,105.33000183105469,103.73999786376953,104.18000030517578,89459456
2026-09-03 23:00:00+00:00,104.18000030517578,104.23999786376953,103.8499984741211,103.94000244140625,46136064
2026-09-04 00:00:00+00:00,103.94000244140625,104.31999969482422,103.44000244140625,103.4800033569336,86326016
2026-09-04 01:00:00+00:00,103.5,103.87999725341797,103.26000213623047,103.81999969482422,0
2026-09-04 02:00:00+00:00,103.83999633789062,103.83999633789062,103.33999633789062,103.79000091552734,0
2026-09-04 03:00:00+00:00,103.80999755859375,104.13999938964844,103.70999908447266,103.70999908447266,0
2026-09-04 04:00:00+00:00,103.72000122070312,104.3499984741211,103.58000183105469,103.91000366210938,0
2026-09-04 05:00:00+00:00,103.86000061035156,104.05999755859375,103.45999908447266,103.69999694824219,0
2026-09-04 06:00:00+00:00,103.66999816894531,104.05999755859375,103.3499984741211,103.62000274658203,0
2026-09-04 07:00:00+00:00,103.62000274658203,104.05000305175781,103.54000091552734,103.5999984741211,0
2026-09-04 08:00:00+00:00,103.61000061035156,104.48999786376953,103.23999786376953,104.37000274658203,82420480
2026-09-04 09:00:00+00:00,104.37000274658203,104.75,103.9800033569336,104.04000091552734,95517440
2026-09-04 10:00:00+00:00,104.05999755859375,104.13999938964844,103.54000091552734,104.13999938964844,9125120
2026-09-04 11:00:00+00:00,104.11000061035156,104.5199966430664,103.95999908447266,104.08000183105469,0
2026-09-04 12:00:00+00:00,104.08000183105469,104.43000030517578,100.37999725341797,101.58000183105469,394120960
2026-09-04 13:00:00+00:00,101.55999755859375,102.26000213623047,101.04000091552734,101.66000366210938,125632512
2026-09-04 14:00:00+00:00,101.62000274658203,101.81999969482422,100.30999755859375,100.77999877929688,0
2026-09-04 15:00:00+00:00,100.77999877929688,101.68000030517578,100.66000366210938,101.44999694824219,0
2026-09-04 16:00:00+00:00,101.43000030517578,102.05999755859375,101.33999633789062,101.81999969482422,0
2026-09-04 17:00:00+00:00,101.8499984741211,101.86000061035156,101.0999984741211,101.25,0
2026-09-04 18:00:00+00:00,101.2699966430664,101.70999908447266,101.20999908447266,101.66000366210938,0
2026-09-04 19:00:00+00:00,101.66000366210938,101.97000122070312,101.62000274658203,101.70999908447266,0
2026-09-04 20:00:00+00:00,101.68000030517578,101.9000015258789,101.62000274658203,101.77999877929688,0
2026-09-04 21:00:00+00:00,101.79000091552734,101.98999786376953,101.5199966430664,101.61000061035156,0
2026-09-04 22:00:00+00:00,101.61000061035156,101.87999725341797,101.61000061035156,101.7699966430664,0
2026-09-04 23:00:00+00:00,101.7699966430664,102.0,101.66999816894531,101.94000244140625,0
2026-09-05 00:00:00+00:00,101.94999694824219,102.0199966430664,101.73999786376953,101.83999633789062,0
2026-09-05 01:00:00+00:00,101.87000274658203,102.19999694824219,101.75,101.87000274658203,0
2026-09-05 02:00:00+00:00,101.86000061035156,101.98999786376953,101.70999908447266,101.97000122070312,0
2026-09-05 03:00:00+00:00,101.9800033569336,102.04000091552734,101.77999877929688,101.88999938964844,0
2026-09-05 04:00:00+00:00,101.91999816894531,101.94999694824219,101.72000122070312,101.7699966430664,0
2026-09-05 05:00:00+00:00,101.79000091552734,101.95999908447266,101.5999984741211,101.88999938964844,0
2026-09-05 06:00:00+00:00,101.9000015258789,102.4000015258789,101.83000183105469,102.30999755859375,0
2026-09-05 07:00:00+00:00,102.30000305175781,102.61000061035156,102.19000244140625,102.25,0
2026-09-05 08:00:00+00:00,102.2300033569336,102.5999984741211,102.12000274658203,102.58000183105469,0
2026-09-05 09:00:00+00:00,102.5999984741211,102.83000183105469,102.51000213623047,102.54000091552734,0
2026-09-05 10:00:00+00:00,102.55999755859375,102.72000122070312,102.38999938964844,102.54000091552734,0
2026-09-05 11:00:00+00:00,102.54000091552734,102.62000274658203,102.19999694824219,102.33999633789062,0
2026-09-05 12:00:00+00:00,102.3499984741211,103.23999786376953,102.30999755859375,103.23999786376953,0
2026-09-05 13:00:00+00:00,103.26000213623047,103.43000030517578,102.58999633789062,102.66000366210938,0
2026-09-05 14:00:00+00:00,102.66000366210938,102.9800033569336,102.66000366210938,102.87999725341797,0
2026-09-05 15:00:00+00:00,102.87000274658203,102.98999786376953,102.66000366210938,102.95999908447266,0
2026-09-05 16:00:00+00:00,102.95999908447266,103.52999877929688,102.80999755859375,103.41999816894531,0
2026-09-05 17:00:00+00:00,103.4000015258789,104.29000091552734,103.33000183105469,104.26000213623047,128167936
2026-09-05 18:00:00+00:00,104.27999877929688,104.30999755859375,103.75,103.91999816894531,47816064
2026-09-05 19:00:00+00:00,103.88999938964844,103.95999908447266,103.22000122070312,103.41999816894531,11146240
2026-09-05 20:00:00+00:00,103.43000030517578,103.62999725341797,103.12000274658203,103.25,44435584
2026-09-05 21:00:00+00:00,103.2300033569336,103.9800033569336,103.22000122070312,103.73999786376953,0
2026-09-05 22:00:00+00:00,103.76000213623047,103.88999938964844,103.19999694824219,103.37999725341797,13659648
2026-09-05 23:00:00+00:00,103.36000061035156,103.4000015258789,103.04000091552734,103.19000244140625,37526016
2026-09-06 00:00:00+00:00,103.18000030517578,103.52999877929688,103.16999816894531,103.30000305175781,5844992
2026-09-06 01:00:00+00:00,103.31999969482422,104.2300033569336,103.26000213623047,104.05999755859375,54332928
2026-09-06 02:00:00+00:00,104.08000183105469,104.75,103.87999725341797,104.37000274658203,67504384
2026-09-06 03:00:00+00:00,104.38999938964844,107.01000213623047,104.36000061035156,105.97000122070312,271160064
2026-09-06 04:00:00+00:00,106.06999969482422,106.33000183105469,105.62000274658203,105.73999786376953,127263488
2026-09-06 05:00:00+00:00,105.75,106.83000183105469,105.4800033569336,106.37000274658203,106568448
2026-09-06 06:00:00+00:00,106.44999694824219,106.44999694824219,105.30999755859375,105.37999725341797,60461312
2026-09-06 07:00:00+00:00,105.37999725341797,105.56999969482422,104.72000122070312,105.29000091552734,76362240
2026-09-06 08:00:00+00:00,105.2699966430664,105.4000015258789,105.0,105.19999694824219,20922112
2026-09-06 09:00:00+00:00,105.18000030517578,107.22000122070312,105.16000366210938,106.5,255680256
2026-09-06 10:00:00+00:00,106.48999786376953,106.9000015258789,106.36000061035156,106.68000030517578,127566336
2026-09-06 11:00:00+00:00,106.63999938964844,106.7300033569336,106.25,106.45999908447266,46904576
2026-09-06 12:00:00+00:00,106.47000122070312,107.33000183105469,106.38999938964844,106.80000305175781,54153216
2026-09-06 13:00:00+00:00,106.8499984741211,107.16000366210938,105.94000244140625,107.08000183105469,45970688
2026-09-06 14:00:00+00:00,107.05000305175781,107.05000305175781,105.33999633789062,105.72000122070312,142000640
2026-09-06 15:00:00+00:00,105.73999786376953,105.98999786376953,104.91999816894531,105.73999786376953,81596672
2026-09-06 16:00:00+00:00,105.76000213623047,106.38999938964844,105.48999786376953,106.08000183105469,0
2026-09-06 17:00:00+00:00,106.08999633789062,106.41999816894531,105.56999969482422,106.19999694824219,0
2026-09-06 18:00:00+00:00,106.19999694824219,106.56999969482422,105.8499984741211,105.98999786376953,0
2026-09-06 19:00:00+00:00,105.9800033569336,105.98999786376953,105.4000015258789,105.48999786376953,6207744
2026-09-06 20:00:00+00:00,105.5,105.87999725341797,105.37000274658203,105.69000244140625,0
2026-09-06 21:00:00+00:00,105.73999786376953,106.25,105.73999786376953,105.91999816894531,26991872
2026-09-06 22:00:00+00:00,105.94000244140625,106.0199966430664,105.0199966430664,105.8499984741211,56995584
2026-09-06 23:00:00+00:00,105.87999725341797,106.7300033569336,105.80999755859375,106.55999755859375,72180992
2026-09-07 00:00:00+00:00,106.54000091552734,106.63999938964844,105.8499984741211,106.1500015258789,99121408
2026-09-07 01:00:00+00:00,106.11000061035156,106.3499984741211,105.05999755859375,105.33000183105469,19407616
2026-09-07 02:00:00+00:00,105.30999755859375,107.06999969482422,104.91999816894531,105.75,54211328
2026-09-07 03:00:00+00:00,105.79000091552734,105.87999725341797,104.94000244140625,104.94999694824219,0
2026-09-07 04:00:00+00:00,104.91999816894531,105.30000305175781,104.80000305175781,105.08999633789062,0
2026-09-07 05:00:00+00:00,105.05000305175781,105.80000305175781,105.02999877929688,105.13999938964844,0
2026-09-07 06:00:00+00:00,105.12000274658203,105.38999938964844,104.86000061035156,105.05000305175781,0
2026-09-07 07:00:00+00:00,105.06999969482422,105.5199966430664,103.83000183105469,104.47000122070312,86882048
2026-09-07 08:00:00+00:00,104.47000122070312,104.88999938964844,104.41999816894531,104.69999694824219,38587392
2026-09-07 09:00:00+00:00,104.72000122070312,105.18000030517578,104.58999633789062,104.6500015258789,0
2026-09-07 10:00:00+00:00,104.6500015258789,105.1500015258789,104.6500015258789,105.0,0
2026-09-07 11:00:00+00:00,105.0199966430664,105.1500015258789,104.72000122070312,104.91999816894531,0
2026-09-07 12:00:00+00:00,104.93000030517578,105.91999816894531,104.9000015258789,105.7300033569336,0
2026-09-07 13:00:00+00:00,105.72000122070312,105.80000305175781,104.88999938964844,105.08999633789062,0
2026-09-07 14:00:00+00:00,105.05000305175781,105.16999816894531,104.02999877929688,104.6500015258789,0
2026-09-07 15:00:00+00:00,104.63999938964844,104.66000366210938,103.04000091552734,103.22000122070312,20250880
2026-09-07 16:00:00+00:00,103.20999908447266,103.87999725341797,103.20999908447266,103.86000061035156,6707712
2026-09-07 17:00:00+00:00,103.83000183105469,104.2300033569336,103.77999877929688,103.98999786376953,0
2026-09-07 18:00:00+00:00,103.98999786376953,104.08000183105469,103.55999755859375,103.91000366210938,0
2026-09-07 19:00:00+00:00,103.91000366210938,104.41000366210938,103.80999755859375,104.37000274658203,0
2026-09-07 20:00:00+00:00,104.33999633789062,104.4000015258789,103.9000015258789,104.08000183105469,2830080
2026-09-07 21:00:00+00:00,104.08999633789062,104.1500015258789,103.73999786376953,103.88999938964844,0
2026-09-07 22:00:00+00:00,103.87999725341797,104.04000091552734,103.18000030517578,103.52999877929688,46325504
2026-09-07 23:00:00+00:00,103.48999786376953,104.01000213623047,103.48999786376953,103.79000091552734,0
2026-09-08 00:00:00+00:00,103.75,104.1500015258789,103.44000244140625,104.08000183105469,0
2026-09-08 01:00:00+00:00,104.05000305175781,104.41000366210938,103.98999786376953,104.3499984741211,0
2026-09-08 02:00:00+00:00,104.37999725341797,104.48999786376953,103.2699966430664,103.27999877929688,0
2026-09-08 03:00:00+00:00,103.29000091552734,103.43000030517578,102.7300033569336,103.33000183105469,4003584
2026-09-08 04:00:00+00:00,103.30000305175781,103.43000030517578,102.95999908447266,102.98999786376953,0
2026-09-08 05:00:00+00:00,102.98999786376953,103.48999786376953,102.83000183105469,102.94999694824219,25450496
2026-09-08 06:00:00+00:00,102.94000244140625,103.08000183105469,102.41999816894531,102.6500015258789,32277760
2026-09-08 07:00:00+00:00,102.68000030517578,103.11000061035156,102.5999984741211,102.91999816894531,0
2026-09-08 08:00:00+00:00,102.87999725341797,103.22000122070312,102.4800033569336,102.98999786376953,0
2026-09-08 09:00:00+00:00,103.01000213623047,103.80999755859375,102.91000366210938,103.68000030517578,0
2026-09-08 10:00:00+00:00,103.63999938964844,104.02999877929688,103.3499984741211,103.3499984741211,1788928
2026-09-08 11:00:00+00:00,103.36000061035156,103.41000366210938,102.61000061035156,102.83999633789062,9670656
2026-09-08 12:00:00+00:00,102.81999969482422,103.27999877929688,102.4800033569336,103.05000305175781,5758976
2026-09-08 13:00:00+00:00,103.05000305175781,103.11000061035156,101.72000122070312,102.66999816894531,25342208
2026-09-08 14:00:00+00:00,102.62000274658203,103.41000366210938,102.41000366210938,103.31999969482422,0
2026-09-08 15:00:00+00:00,103.30999755859375,104.36000061035156,103.19999694824219,104.27999877929688,0
2026-09-08 16:00:00+00:00,104.22000122070312,104.79000091552734,103.58000183105469,104.19000244140625,0
2026-09-08 17:00:00+00:00,104.20999908447266,104.41999816894531,103.66000366210938,103.69000244140625,43769600
2026-09-08 18:00:00+00:00,103.69000244140625,104.44999694824219,103.2300033569336,103.36000061035156,24110848
2026-09-08 19:00:00+00:00,103.38999938964844,103.58999633789062,102.87999725341797,103.2300033569336,80368896
2026-09-08 20:00:00+00:00,103.26000213623047,103.77999877929688,103.05999755859375,103.11000061035156,13138944
2026-09-08 21:00:00+00:00,103.08000183105469,103.3499984741211,102.80000305175781,103.02999877929688,19136000
2026-09-08 22:00:00+00:00,103.0199966430664,103.47000122070312,102.9800033569336,103.4000015258789,0
2026-09-08 23:00:00+00:00,103.41999816894531,103.58999633789062,103.2699966430664,103.37000274658203,0
2026-09-09 00:00:00+00:00,103.37999725341797,103.88999938964844,103.3499984741211,103.7699966430664,0
2026-09-09 01:00:00+00:00,103.7699966430664,103.94000244140625,103.37999725341797,103.77999877929688,0
2026-09-09 02:00:00+00:00,103.77999877929688,104.01000213623047,103.4000015258789,103.44999694824219,0
2026-09-09 03:00:00+00:00,103.4800033569336,103.4800033569336,102.9800033569336,103.30999755859375,0
2026-09-09 04:00:00+00:00,103.30000305175781,104.41999816894531,103.30000305175781,104.41000366210938,53652480
2026-09-09 05:00:00+00:00,104.41999816894531,104.69999694824219,103.76000213623047,104.08000183105469,4845824
2026-09-09 06:00:00+00:00,104.08999633789062,104.75,103.98999786376953,104.5199966430664,0
2026-09-09 07:00:00+00:00,104.5199966430664,105.16999816894531,104.4800033569336,104.55999755859375,0
2026-09-09 08:00:00+00:00,104.5999984741211,105.04000091552734,104.54000091552734,104.81999969482422,0
2026-09-09 09:00:00+00:00,104.80000305175781,104.80000305175781,103.44000244140625,103.5,881920
2026-09-09 10:00:00+00:00,103.48999786376953,104.05000305175781,103.4800033569336,103.79000091552734,864512
2026-09-09 11:00:00+00:00,103.7699966430664,104.30000305175781,103.29000091552734,104.22000122070312,16446208
2026-09-09 12:00:00+00:00,104.23999786376953,104.80000305175781,104.11000061035156,104.63999938964844,34255104
2026-09-09 13:00:00+00:00,104.6500015258789,104.66999816894531,103.5999984741211,103.7699966430664,0
2026-09-09 14:00:00+00:00,103.7699966430664,104.1500015258789,103.3499984741211,103.4800033569336,8915200
2026-09-09 15:00:00+00:00,103.5199966430664,104.0999984741211,102.08000183105469,103.05000305175781,140716288
2026-09-09 16:00:00+00:00,103.04000091552734,103.5,102.73999786376953,103.38999938964844,0
2026-09-09 17:00:00+00:00,103.37000274658203,103.79000091552734,103.19999694824219,103.5199966430664,0
2026-09-09 18:00:00+00:00,103.5199966430664,103.7300033569336,103.20999908447266,103.2699966430664,0
2026-09-09 19:00:00+00:00,103.26000213623047,103.37000274658203,102.16000366210938,102.33000183105469,0
2026-09-09 20:00:00+00:00,102.33999633789062,102.66000366210938,101.87000274658203,102.55000305175781,67806976
2026-09-09 21:00:00+00:00,102.55999755859375,102.5999984741211,101.81999969482422,102.08000183105469,44311552
2026-09-09 22:00:00+00:00,102.0999984741211,102.16999816894531,100.45999908447266,100.80000305175781,140748544
2026-09-09 23:00:00+00:00,100.7300033569336,101.7300033569336,100.7300033569336,101.54000091552734,38750976
2026-09-10 00:00:00+00:00,101.5,101.69000244140625,100.91999816894531,100.9800033569336,43231488
2026-09-10 01:00:00+00:00,101.0,101.70999908447266,100.4800033569336,101.0199966430664,73943296
2026-09-10 02:00:00+00:00,101.0,101.87000274658203,100.9800033569336,101.8499984741211,0
2026-09-10 03:00:00+00:00,101.9000015258789,102.02999877929688,101.63999938964844,101.80999755859375,5540864
2026-09-10 04:00:00+00:00,101.80000305175781,102.18000030517578,101.7699966430664,101.94999694824219,0
2026-09-10 05:00:00+00:00,101.94999694824219,102.12999725341797,101.61000061035156,102.08999633789062,0
2026-09-10 06:00:00+00:00,102.04000091552734,102.0999984741211,101.37999725341797,101.91999816894531,0
2026-09-10 07:00:00+00:00,101.91000366210938,101.91000366210938,100.80000305175781,101.29000091552734,0
2026-09-10 08:00:00+00:00,101.29000091552734,101.38999938964844,101.0199966430664,101.13999938964844,41268736
2026-09-10 09:00:00+00:00,101.13999938964844,101.37999725341797,100.79000091552734,101.04000091552734,0
2026-09-10 10:00:00+00:00,101.06999969482422,101.3499984741211,100.83000183105469,101.0199966430664,0
2026-09-10 11:00:00+00:00,101.01000213623047,101.5,100.80000305175781,100.9800033569336,0
2026-09-10 12:00:00+00:00,101.0,101.37000274658203,98.62000274658203,98.88999938964844,246578176
2026-09-10 13:00:00+00:00,98.91000366210938,99.80000305175781,98.87999725341797,99.72000122070312,165211136
2026-09-10 14:00:00+00:00,99.75,100.31999969482422,99.23999786376953,100.16999816894531,0
2026-09-10 15:00:00+00:00,100.16000366210938,100.16000366210938,99.4000015258789,99.69999694824219,0
2026-09-10 16:00:00+00:00,99.62000274658203,99.86000061035156,98.79000091552734,99.62999725341797,0
2026-09-10 17:00:00+00:00,99.58999633789062,100.41000366210938,99.51000213623047,99.93000030517578,44404736
2026-09-10 18:00:00+00:00,99.91999816894531,99.94999694824219,99.19000244140625,99.88999938964844,0
2026-09-10 19:00:00+00:00,99.87000274658203,100.08999633789062,99.55000305175781,99.62999725341797,0
2026-09-10 20:00:00+00:00,99.61000061035156,100.12000274658203,99.5999984741211,100.0199966430664,0
2026-09-10 21:00:00+00:00,100.0199966430664,100.12000274658203,99.73999786376953,99.77999877929688,0
2026-09-10 22:00:00+00:00,99.79000091552734,100.06999969482422,99.22000122070312,99.25,0
2026-09-10 23:00:00+00:00,99.23999786376953,99.3499984741211,98.58999633789062,98.61000061035156,241920
2026-09-11 00:00:00+00:00,98.62000274658203,99.37000274658203,98.55999755859375,99.12000274658203,18400768
2026-09-11 01:00:00+00:00,99.12999725341797,99.47000122070312,98.69999694824219,99.41999816894531,0
2026-09-11 02:00:00+00:00,99.41000366210938,99.4800033569336,99.0199966430664,99.27999877929688,2549760
2026-09-11 03:00:00+00:00,99.25,99.44000244140625,98.9000015258789,99.27999877929688,0
2026-09-11 04:00:00+00:00,99.29000091552734,99.9000015258789,99.19999694824219,99.63999938964844,16601088
2026-09-11 05:00:00+00:00,99.6500015258789,99.86000061035156,99.5,99.8499984741211,0
2026-09-11 06:00:00+00:00,99.87000274658203,99.94999694824219,99.5,99.79000091552734,10571776
2026-09-11 07:00:00+00:00,99.7699966430664,100.08999633789062,99.63999938964844,99.72000122070312,0
2026-09-11 08:00:00+00:00,99.69000244140625,100.25,99.44999694824219,99.88999938964844,0
2026-09-11 09:00:00+00:00,99.87999725341797,99.91999816894531,98.97000122070312,99.37000274658203,93869824
2026-09-11 10:00:00+00:00,99.36000061035156,99.69999694824219,99.13999938964844,99.16000366210938,5176064
2026-09-11 11:00:00+00:00,99.12000274658203,99.5,98.55999755859375,99.47000122070312,14724096
2026-09-11 12:00:00+00:00,99.41999816894531,101.77999877929688,98.2300033569336,101.63999938964844,157210624
2026-09-11 13:00:00+00:00,101.58000183105469,104.8499984741211,100.5999984741211,104.79000091552734,159241984
2026-09-11 14:00:00+00:00,104.87000274658203,105.7699966430664,102.80000305175781,103.2699966430664,565889024
2026-09-11 15:00:00+00:00,103.20999908447266,103.58999633789062,101.23999786376953,101.58000183105469,137208320
2026-09-11 16:00:00+00:00,101.55999755859375,102.38999938964844,101.27999877929688,102.31999969482422,162143232
2026-09-11 17:00:00+00:00,102.33000183105469,102.45999908447266,101.80000305175781,101.94000244140625,0
2026-09-11 18:00:00+00:00,101.93000030517578,102.0,100.43000030517578,101.02999877929688,154892800
2026-09-11 19:00:00+00:00,101.05000305175781,102.0999984741211,100.80000305175781,102.0,42812160
2026-09-11 20:00:00+00:00,101.98999786376953,102.9800033569336,101.98999786376953,102.44999694824219,123516416
2026-09-11 21:00:00+00:00,102.4800033569336,103.0,102.02999877929688,102.05999755859375,74898944
2026-09-11 22:00:00+00:00,102.05000305175781,102.44000244140625,101.51000213623047,101.83999633789062,105134592
2026-09-11 23:00:00+00:00,101.83000183105469,102.4800033569336,101.7699966430664,102.44999694824219,5841920
2026-09-12 00:00:00+00:00,102.41000366210938,102.55999755859375,101.7699966430664,101.9000015258789,0
2026-09-12 01:00:00+00:00,101.8499984741211,102.26000213623047,101.83000183105469,101.9800033569336,0
2026-09-12 02:00:00+00:00,101.9800033569336,102.05999755859375,101.62000274658203,101.87000274658203,915968
2026-09-12 03:00:00+00:00,101.83000183105469,101.91999816894531,101.44999694824219,101.62000274658203,0
2026-09-12 04:00:00+00:00,101.61000061035156,101.88999938964844,101.54000091552734,101.58999633789062,0
2026-09-12 05:00:00+00:00,101.58999633789062,101.72000122070312,101.41000366210938,101.63999938964844,0
2026-09-12 06:00:00+00:00,101.6500015258789,101.87999725341797,101.48999786376953,101.68000030517578,0
2026-09-12 07:00:00+00:00,101.68000030517578,101.9000015258789,101.5999984741211,101.6500015258789,0
2026-09-12 08:00:00+00:00,101.63999938964844,101.83999633789062,101.55999755859375,101.81999969482422,0
2026-09-12 09:00:00+00:00,101.81999969482422,102.20999908447266,101.75,101.9800033569336,13912576
2026-09-12 10:00:00+00:00,102.0,102.23999786376953,101.94000244140625,102.12000274658203,0
2026-09-12 11:00:00+00:00,102.12999725341797,102.22000122070312,101.95999908447266,102.11000061035156,0
2026-09-12 12:00:00+00:00,102.11000061035156,102.38999938964844,101.91999816894531,102.05000305175781,0
2026-09-12 13:00:00+00:00,102.02999877929688,102.18000030517578,101.72000122070312,101.94999694824219,0
2026-09-12 14:00:00+00:00,101.95999908447266,102.0999984741211,101.87999725341797,101.9800033569336,0
2026-09-12 15:00:00+00:00,102.0,102.12999725341797,101.83999633789062,102.04000091552734,0
2026-09-12 16:00:00+00:00,102.05999755859375,102.0999984741211,101.9000015258789,102.05999755859375,0
2026-09-12 17:00:00+00:00,102.06999969482422,102.12999725341797,101.93000030517578,101.93000030517578,0
2026-09-12 18:00:00+00:00,101.94000244140625,101.94000244140625,101.55000305175781,101.62999725341797,0
2026-09-12 19:00:00+00:00,101.62999725341797,101.70999908447266,101.20999908447266,101.26000213623047,0
2026-09-12 20:00:00+00:00,101.25,101.55999755859375,101.2300033569336,101.33999633789062,0
2026-09-12 21:00:00+00:00,101.33999633789062,101.58999633789062,101.33000183105469,101.47000122070312,0
2026-09-12 22:00:00+00:00,101.44000244140625,101.7699966430664,101.38999938964844,101.6500015258789,0
2026-09-12 23:00:00+00:00,101.68000030517578,101.8499984741211,101.62000274658203,101.73999786376953,0
2026-09-13 00:00:00+00:00,101.75,101.7699966430664,101.55999755859375,101.70999908447266,0
2026-09-13 01:00:00+00:00,101.72000122070312,102.31999969482422,101.72000122070312,102.2699966430664,21268736
2026-09-13 02:00:00+00:00,102.2699966430664,102.30999755859375,101.75,101.87999725341797,642432
2026-09-13 03:00:00+00:00,101.87999725341797,102.0199966430664,101.5199966430664,101.5999984741211,0
2026-09-13 04:00:00+00:00,101.5999984741211,101.77999877929688,101.5199966430664,101.69999694824219,0
2026-09-13 05:00:00+00:00,101.69999694824219,101.9000015258789,101.66000366210938,101.79000091552734,0
2026-09-13 06:00:00+00:00,101.79000091552734,101.80000305175781,101.06999969482422,101.22000122070312,0
2026-09-13 07:00:00+00:00,101.19000244140625,101.37000274658203,100.63999938964844,100.69000244140625,42772352
2026-09-13 08:00:00+00:00,100.62999725341797,100.83999633789062,99.88999938964844,99.97000122070312,70685952
2026-09-13 09:00:00+00:00,99.9800033569336,100.13999938964844,99.38999938964844,99.83000183105469,31866368
2026-09-13 10:00:00+00:00,99.80999755859375,99.87000274658203,99.41000366210938,99.5,1724928
2026-09-13 11:00:00+00:00,99.52999877929688,99.83000183105469,99.48999786376953,99.79000091552734,11111936
2026-09-13 12:00:00+00:00,99.76000213623047,99.80000305175781,99.5199966430664,99.69000244140625,0
2026-09-13 13:00:00+00:00,99.66999816894531,100.1500015258789,99.43000030517578,100.08000183105469,0
2026-09-13 14:00:00+00:00,100.08999633789062,100.79000091552734,100.08000183105469,100.63999938964844,22510336
2026-09-13 15:00:00+00:00,100.62999725341797,100.63999938964844,100.1500015258789,100.22000122070312,0
2026-09-13 16:00:00+00:00,100.22000122070312,100.93000030517578,100.22000122070312,100.79000091552734,28881280
2026-09-13 17:00:00+00:00,100.79000091552734,101.19999694824219,100.77999877929688,100.97000122070312,20182400
2026-09-13 18:00:00+00:00,100.94000244140625,101.2699966430664,100.91000366210938,101.18000030517578,0
2026-09-13 19:00:00+00:00,101.18000030517578,101.29000091552734,100.80999755859375,100.91999816894531,0
2026-09-13 20:00:00+00:00,100.97000122070312,101.4800033569336,100.91999816894531,101.43000030517578,2751872
2026-09-13 21:00:00+00:00,101.44999694824219,101.58000183105469,101.18000030517578,101.30000305175781,23695360
2026-09-13 22:00:00+00:00,101.16000366210938,101.16000366210938,99.41999816894531,99.69000244140625,118405632
2026-09-13 23:00:00+00:00,99.69000244140625,99.97000122070312,99.16000366210938,99.25,73227776
2026-09-14 00:00:00+00:00,99.33999633789062,99.80999755859375,98.95999908447266,99.62999725341797,56301952
2026-09-14 01:00:00+00:00,99.58999633789062,100.16999816894531,99.16999816894531,100.12000274658203,0
2026-09-14 02:00:00+00:00,100.08000183105469,101.0199966430664,99.93000030517578,100.95999908447266,37179392
2026-09-14 03:00:00+00:00,100.95999908447266,101.29000091552734,100.73999786376953,100.94999694824219,37873024
2026-09-14 04:00:00+00:00,100.93000030517578,101.33999633789062,100.83000183105469,101.12999725341797,35863424
2026-09-14 05:00:00+00:00,101.1500015258789,101.19000244140625,100.91000366210938,101.06999969482422,32490240
2026-09-14 06:00:00+00:00,101.11000061035156,101.94000244140625,101.05999755859375,101.5,82411520
2026-09-14 07:00:00+00:00,101.5,101.69000244140625,101.38999938964844,101.55999755859375,0
2026-09-14 08:00:00+00:00,101.56999969482422,101.77999877929688,101.27999877929688,101.45999908447266,0
2026-09-14 09:00:00+00:00,101.45999908447266,102.29000091552734,101.16999816894531,101.91000366210938,10047872
2026-09-14 10:00:00+00:00,101.91000366210938,101.9800033569336,101.69000244140625,101.7300033569336,52112000
2026-09-14 11:00:00+00:00,101.73999786376953,101.86000061035156,101.2699966430664,101.33000183105469,25102464
2026-09-14 12:00:00+00:00,101.33999633789062,101.94000244140625,101.16999816894531,101.31999969482422,38800256
2026-09-14 13:00:00+00:00,101.31999969482422,101.86000061035156,100.6500015258789,101.33000183105469,113304832
2026-09-14 14:00:00+00:00,101.30999755859375,101.9800033569336,101.22000122070312,101.5999984741211,77597952
2026-09-14 15:00:00+00:00,101.54000091552734,102.23999786376953,101.33000183105469,101.94999694824219,125000704
2026-09-14 16:00:00+00:00,101.94000244140625,102.81999969482422,101.83000183105469,102.58999633789062,110496000
2026-09-14 17:00:00+00:00,102.58000183105469,103.27999877929688,102.51000213623047,103.05000305175781,85866496
2026-09-14 18:00:00+00:00,103.05000305175781,103.86000061035156,102.91000366210938,103.61000061035156,134914048
2026-09-14 19:00:00+00:00,103.56999969482422,103.5999984741211,102.95999908447266,103.26000213623047,74736128
2026-09-14 20:00:00+00:00,103.27999877929688,104.80999755859375,103.2300033569336,103.9800033569336,212579840
2026-09-14 21:00:00+00:00,104.0199966430664,104.0199966430664,103.19000244140625,103.20999908447266,122116352
2026-09-14 22:00:00+00:00,103.2300033569336,103.58000183105469,102.79000091552734,102.8499984741211,0
2026-09-14 23:00:00+00:00,102.83999633789062,103.0,102.43000030517578,102.5199966430664,0
2026-09-15 00:00:00+00:00,102.52999877929688,102.83999633789062,102.4000015258789,102.45999908447266,0
2026-09-15 01:00:00+00:00,102.47000122070312,102.58000183105469,102.13999938964844,102.23999786376953,21082368
2026-09-15 02:00:00+00:00,102.25,102.38999938964844,101.94000244140625,101.94000244140625,0
2026-09-15 03:00:00+00:00,101.94000244140625,101.94000244140625,101.23999786376953,101.54000091552734,2382848
2026-09-15 04:00:00+00:00,101.48999786376953,101.68000030517578,101.13999938964844,101.2699966430664,2542336
2026-09-15 05:00:00+00:00,101.23999786376953,101.38999938964844,100.58000183105469,101.30999755859375,76928000
2026-09-15 06:00:00+00:00,101.31999969482422,101.56999969482422,100.72000122070312,100.8499984741211,0
2026-09-15 07:00:00+00:00,100.86000061035156,101.0199966430664,100.31999969482422,100.41999816894531,31872256
2026-09-15 08:00:00+00:00,100.37999725341797,100.62000274658203,100.06999969482422,100.62000274658203,34681088
2026-09-15 09:00:00+00:00,100.61000061035156,101.05999755859375,100.4800033569336,100.79000091552734,0
2026-09-15 10:00:00+00:00,100.79000091552734,101.06999969482422,100.62999725341797,100.93000030517578,0
2026-09-15 11:00:00+00:00,100.93000030517578,100.97000122070312,100.4000015258789,100.81999969482422,2019072
2026-09-15 12:00:00+00:00,100.7699966430664,101.16000366210938,100.7699966430664,100.95999908447266,28849152
2026-09-15 13:00:00+00:00,100.94000244140625,101.33999633789062,99.7300033569336,100.5199966430664,19536384
2026-09-15 14:00:00+00:00,100.54000091552734,100.72000122070312,97.98999786376953,98.80000305175781,117347840
2026-09-15 15:00:00+00:00,98.76000213623047,99.68000030517578,98.5199966430664,99.31999969482422,79170816
2026-09-15 16:00:00+00:00,99.31999969482422,99.4000015258789,98.83000183105469,99.04000091552734,0
2026-09-15 17:00:00+00:00,99.01000213623047,100.62999725341797,98.63999938964844,100.1500015258789,14866432
2026-09-15 18:00:00+00:00,100.16000366210938,100.25,95.72000122070312,98.12999725341797,386106112
2026-09-15 19:00:00+00:00,98.08999633789062,98.55000305175781,97.44999694824219,97.80999755859375,246450432
2026-09-15 20:00:00+00:00,97.79000091552734,98.01000213623047,96.5999984741211,97.36000061035156,0
2026-09-15 21:00:00+00:00,97.36000061035156,97.36000061035156,96.45999908447266,96.47000122070312,0
2026-09-15 22:00:00+00:00,96.58000183105469,97.23999786376953,96.23999786376953,97.08000183105469,31308800
2026-09-15 23:00:00+00:00,97.06999969482422,97.5999984741211,96.81999969482422,96.81999969482422,55001856
2026-09-16 00:00:00+00:00,96.81999969482422,97.26000213623047,96.7699966430664,97.02999877929688,4906496
2026-09-16 01:00:00+00:00,97.01000213623047,97.2300033569336,96.33000183105469,96.41999816894531,0
2026-09-16 02:00:00+00:00,96.41999816894531,97.51000213623047,96.37000274658203,97.18000030517578,50273792
2026-09-16 03:00:00+00:00,97.18000030517578,97.5199966430664,96.95999908447266,97.19000244140625,0
2026-09-16 04:00:00+00:00,97.19000244140625,97.62000274658203,97.06999969482422,97.19999694824219,25021696
2026-09-16 05:00:00+00:00,97.20999908447266,97.26000213623047,96.80999755859375,97.16000366210938,0
2026-09-16 06:00:00+00:00,97.16999816894531,97.33999633789062,96.80000305175781,97.33999633789062,0
2026-09-16 07:00:00+00:00,97.30999755859375,97.44999694824219,96.8499984741211,96.9000015258789,0
2026-09-16 08:00:00+00:00,96.83999633789062,96.97000122070312,96.33000183105469,96.97000122070312,0
2026-09-16 09:00:00+00:00,96.94999694824219,97.2699966430664,96.94999694824219,97.20999908447266,8505856
2026-09-16 10:00:00+00:00,97.2300033569336,97.30000305175781,97.05000305175781,97.1500015258789,0
2026-09-16 11:00:00+00:00,97.22000122070312,98.22000122070312,96.94999694824219,97.93000030517578,33452288
2026-09-16 12:00:00+00:00,97.93000030517578,98.0199966430664,97.11000061035156,97.5,0
2026-09-16 13:00:00+00:00,97.4800033569336,97.55999755859375,96.81999969482422,97.0999984741211,0
2026-09-16 14:00:00+00:00,97.08999633789062,97.19999694824219,96.55999755859375,96.97000122070312,0
2026-09-16 15:00:00+00:00,96.94999694824219,97.5199966430664,96.77999877929688,97.0199966430664,0
2026-09-16 16:00:00+00:00,97.04000091552734,97.44000244140625,96.9000015258789,97.1500015258789,0
2026-09-16 17:00:00+00:00,97.13999938964844,97.25,96.02999877929688,97.08999633789062,0
2026-09-16 18:00:00+00:00,96.98999786376953,98.81999969482422,96.31999969482422,97.68000030517578,0
2026-09-16 19:00:00+00:00,97.80000305175781,98.62999725341797,96.80000305175781,97.97000122070312,0
2026-09-16 20:00:00+00:00,98.04000091552734,98.77999877929688,97.91999816894531,98.61000061035156,0
2026-09-16 21:00:00+00:00,98.61000061035156,98.69999694824219,98.04000091552734,98.30999755859375,0
2026-09-16 22:00:00+00:00,98.36000061035156,98.36000061035156,97.36000061035156,97.41000366210938,0
2026-09-16 23:00:00+00:00,97.38999938964844,98.7699966430664,97.31999969482422,98.56999969482422,8505600
2026-09-17 00:00:00+00:00,98.55000305175781,99.12999725341797,98.37999725341797,98.62000274658203,5224192
2026-09-17 01:00:00+00:00,98.63999938964844,99.55000305175781,98.4000015258789,99.16999816894531,23693312
2026-09-17 02:00:00+00:00,99.16999816894531,99.6500015258789,98.75,99.29000091552734,0
2026-09-17 03:00:00+00:00,99.29000091552734,99.95999908447266,99.29000091552734,99.87999725341797,1992448
2026-09-17 04:00:00+00:00,99.87999725341797,99.91000366210938,99.05000305175781,99.83000183105469,0
2026-09-17 05:00:00+00:00,99.83000183105469,99.9800033569336,99.4000015258789,99.45999908447266,0
2026-09-17 06:00:00+00:00,99.44999694824219,99.88999938964844,99.37999725341797,99.6500015258789,17790208
2026-09-17 07:00:00+00:00,99.6500015258789,100.2699966430664,99.62999725341797,99.94000244140625,30072832
2026-09-17 08:00:00+00:00,99.94000244140625,100.25,99.80000305175781,100.23999786376953,0
2026-09-17 09:00:00+00:00,100.2300033569336,100.7699966430664,100.08999633789062,100.16000366210938,36009216
2026-09-17 10:00:00+00:00,100.16000366210938,100.16000366210938,99.4800033569336,99.76000213623047,49400064
2026-09-17 11:00:00+00:00,99.75,100.13999938964844,99.44999694824219,100.0199966430664,0
2026-09-17 12:00:00+00:00,100.0199966430664,101.31999969482422,100.0,100.63999938964844,118616320
2026-09-17 13:00:00+00:00,100.63999938964844,100.88999938964844,99.58000183105469,100.63999938964844,31350528
2026-09-17 14:00:00+00:00,100.66999816894531,101.68000030517578,99.9800033569336,100.95999908447266,129193728
2026-09-17 15:00:00+00:00,101.0199966430664,101.26000213623047,100.16000366210938,101.19999694824219,40408832
2026-09-17 16:00:00+00:00,101.16000366210938,101.41999816894531,100.6500015258789,101.30999755859375,66510592
2026-09-17 17:00:00+00:00,101.33000183105469,101.94999694824219,101.12000274658203,101.44000244140625,73505024
2026-09-17 18:00:00+00:00,101.44999694824219,101.55000305175781,100.75,100.7699966430664,0
2026-09-17 19:00:00+00:00,100.73999786376953,101.04000091552734,100.63999938964844,100.9000015258789,0
2026-09-17 20:00:00+00:00,100.87000274658203,101.30999755859375,100.81999969482422,101.22000122070312,0
2026-09-17 21:00:00+00:00,101.22000122070312,101.37999725341797,101.01000213623047,101.06999969482422,14972672
2026-09-17 22:00:00+00:00,101.08999633789062,101.45999908447266,100.70999908447266,101.37000274658203,22603520
2026-09-17 23:00:00+00:00,101.3499984741211,101.66999816894531,101.23999786376953,101.54000091552734,0
2026-09-18 00:00:00+00:00,101.54000091552734,101.62000274658203,100.80000305175781,101.33000183105469,19824128
2026-09-18 01:00:00+00:00,101.33999633789062,102.79000091552734,101.30999755859375,102.41000366210938,41096448
2026-09-18 02:00:00+00:00,102.41999816894531,102.81999969482422,102.08000183105469,102.66999816894531,57689344
2026-09-18 03:00:00+00:00,102.66000366210938,104.98999786376953,102.56999969482422,104.4800033569336,275181056
2026-09-18 04:00:00+00:00,104.54000091552734,105.83000183105469,104.33999633789062,105.72000122070312,219713792
2026-09-18 05:00:00+00:00,105.58999633789062,105.98999786376953,105.23999786376953,105.27999877929688,221596672
2026-09-18 06:00:00+00:00,105.30000305175781,105.7300033569336,105.22000122070312,105.4800033569336,108605696
2026-09-18 07:00:00+00:00,105.41999816894531,106.0,105.37999725341797,105.69000244140625,96329472
2026-09-18 08:00:00+00:00,105.72000122070312,106.27999877929688,105.2699966430664,106.27999877929688,128081408
2026-09-18 09:00:00+00:00,106.16999816894531,106.4800033569336,105.83000183105469,106.33000183105469,62307072
2026-09-18 10:00:00+00:00,106.31999969482422,106.56999969482422,106.16000366210938,106.19000244140625,24736768
2026-09-18 11:00:00+00:00,106.16999816894531,106.27999877929688,105.3499984741211,105.63999938964844,96078080
2026-09-18 12:00:00+00:00,105.68000030517578,106.05000305175781,105.33000183105469,105.69000244140625,0
2026-09-18 13:00:00+00:00,105.68000030517578,109.29000091552734,105.37000274658203,108.47000122070312,249587456
2026-09-18 14:00:00+00:00,108.45999908447266,110.93000030517578,108.37999725341797,110.70999908447266,499321856
2026-09-18 15:00:00+00:00,110.76000213623047,111.5199966430664,109.36000061035156,111.12999725341797,381039104
2026-09-18 16:00:00+00:00,111.16999816894531,112.23999786376953,110.98999786376953,111.66000366210938,318252032
2026-09-18 17:00:00+00:00,111.69000244140625,112.66000366210938,111.36000061035156,112.56999969482422,84466176
2026-09-18 18:00:00+00:00,112.55999755859375,112.8499984741211,112.02999877929688,112.12999725341797,116041728
2026-09-18 19:00:00+00:00,112.16000366210938,114.33000183105469,112.16000366210938,114.33000183105469,264199168
2026-09-18 20:00:00+00:00,114.1500015258789,114.1500015258789,113.0999984741211,113.51000213623047,153565696
2026-09-18 21:00:00+00:00,113.52999877929688,113.76000213623047,113.0199966430664,113.16999816894531,76560384
2026-09-18 22:00:00+00:00,113.19000244140625,113.56999969482422,112.7699966430664,113.11000061035156,28256256
2026-09-18 23:00:00+00:00,113.16999816894531,113.44999694824219,112.48999786376953,112.69999694824219,24940544
2026-09-19 00:00:00+00:00,112.75,113.75,112.37999725341797,113.62999725341797,69678592
2026-09-19 01:00:00+00:00,113.66000366210938,114.0199966430664,112.87000274658203,113.38999938964844,0
2026-09-19 02:00:00+00:00,113.37000274658203,113.80999755859375,113.31999969482422,113.58000183105469,0
2026-09-19 03:00:00+00:00,113.58999633789062,113.80000305175781,113.11000061035156,113.20999908447266,0
2026-09-19 04:00:00+00:00,113.20999908447266,113.41999816894531,112.05000305175781,112.33000183105469,0
2026-09-19 05:00:00+00:00,112.31999969482422,112.95999908447266,111.86000061035156,111.87999725341797,0
2026-09-19 06:00:00+00:00,111.9000015258789,112.0199966430664,111.19000244140625,111.79000091552734,0
2026-09-19 07:00:00+00:00,111.79000091552734,112.18000030517578,111.54000091552734,111.55999755859375,0
2026-09-19 08:00:00+00:00,111.58000183105469,112.41000366210938,111.4800033569336,112.23999786376953,0
2026-09-19 09:00:00+00:00,112.2300033569336,112.43000030517578,111.44000244140625,111.79000091552734,0
2026-09-19 10:00:00+00:00,111.76000213623047,112.08999633789062,111.56999969482422,111.58000183105469,0
2026-09-19 11:00:00+00:00,111.58000183105469,112.02999877929688,111.55999755859375,111.8499984741211,0
2026-09-19 12:00:00+00:00,111.8499984741211,112.0,111.58000183105469,111.7300033569336,0
2026-09-19 13:00:00+00:00,111.72000122070312,111.80000305175781,111.25,111.58000183105469,0
2026-09-19 14:00:00+00:00,111.58000183105469,112.16000366210938,111.44999694824219,111.75,0
2026-09-19 15:00:00+00:00,111.76000213623047,112.08999633789062,111.47000122070312,111.62999725341797,0
2026-09-19 16:00:00+00:00,111.62999725341797,111.98999786376953,111.19000244140625,111.95999908447266,0
2026-09-19 17:00:00+00:00,111.93000030517578,112.33999633789062,111.31999969482422,111.37000274658203,0
2026-09-19 18:00:00+00:00,111.37000274658203,111.62000274658203,110.68000030517578,111.12000274658203,0
2026-09-19 19:00:00+00:00,111.11000061035156,111.55999755859375,110.75,111.13999938964844,0
2026-09-19 20:00:00+00:00,111.08000183105469,111.31999969482422,110.93000030517578,111.06999969482422,0
2026-09-19 21:00:00+00:00,111.0999984741211,111.25,110.19999694824219,110.5,0
2026-09-19 22:00:00+00:00,110.5,110.72000122070312,110.04000091552734,110.62000274658203,0
2026-09-19 23:00:00+00:00,110.62000274658203,111.1500015258789,110.56999969482422,111.0199966430664,0
2026-09-20 00:00:00+00:00,111.02999877929688,111.12000274658203,110.58000183105469,110.91999816894531,0
2026-09-20 01:00:00+00:00,110.9000015258789,110.94999694824219,109.7300033569336,110.12000274658203,0
2026-09-20 02:00:00+00:00,110.12000274658203,110.47000122070312,107.38999938964844,107.62000274658203,128865280
2026-09-20 03:00:00+00:00,107.62999725341797,109.05000305175781,107.37999725341797,108.86000061035156,151069952
2026-09-20 04:00:00+00:00,108.88999938964844,109.18000030517578,108.62000274658203,108.9800033569336,0
2026-09-20 05:00:00+00:00,109.01000213623047,109.20999908447266,108.55999755859375,108.72000122070312,4438784
2026-09-20 06:00:00+00:00,108.70999908447266,108.87000274658203,108.08000183105469,108.41000366210938,0
2026-09-20 07:00:00+00:00,108.41999816894531,108.77999877929688,108.41999816894531,108.43000030517578,0
2026-09-20 08:00:00+00:00,108.41999816894531,108.68000030517578,107.68000030517578,108.02999877929688,0
2026-09-20 09:00:00+00:00,108.0199966430664,108.80999755859375,108.0199966430664,108.25,0
2026-09-20 10:00:00+00:00,108.27999877929688,108.37000274658203,107.86000061035156,107.9800033569336,0
2026-09-20 11:00:00+00:00,107.9800033569336,108.62000274658203,107.87999725341797,108.41000366210938,0
2026-09-20 12:00:00+00:00,108.41999816894531,108.80000305175781,108.08000183105469,108.3499984741211,0
2026-09-20 13:00:00+00:00,108.29000091552734,108.54000091552734,107.91000366210938,108.19999694824219,0
2026-09-20 14:00:00+00:00,108.18000030517578,108.61000061035156,107.94000244140625,108.11000061035156,0
2026-09-20 15:00:00+00:00,108.12000274658203,108.80000305175781,108.0,108.77999877929688,32660736
2026-09-20 16:00:00+00:00,108.79000091552734,110.69000244140625,108.48999786376953,110.30999755859375,212366848
2026-09-20 17:00:00+00:00,110.16999816894531,110.48999786376953,109.47000122070312,109.88999938964844,67748864
2026-09-20 18:00:00+00:00,109.87000274658203,110.33999633789062,109.18000030517578,109.37000274658203,0
2026-09-20 19:00:00+00:00,109.44999694824219,110.83000183105469,109.30999755859375,110.41999816894531,10944000
2026-09-20 20:00:00+00:00,110.44000244140625,110.61000061035156,110.08000183105469,110.0999984741211,8739584
2026-09-20 21:00:00+00:00,110.0999984741211,110.11000061035156,109.0999984741211,109.86000061035156,0
2026-09-20 22:00:00+00:00,109.91000366210938,111.02999877929688,109.55000305175781,111.0199966430664,16927488
2026-09-20 23:00:00+00:00,110.95999908447266,111.43000030517578,110.55000305175781,111.13999938964844,76111616
2026-09-21 00:00:00+00:00,111.1500015258789,112.81999969482422,111.12999725341797,112.27999877929688,226554624
2026-09-21 01:00:00+00:00,112.27999877929688,113.30999755859375,110.75,110.93000030517578,132626432
2026-09-21 02:00:00+00:00,110.94999694824219,111.95999908447266,110.72000122070312,111.19000244140625,0
2026-09-21 03:00:00+00:00,111.2699966430664,111.9000015258789,111.1500015258789,111.5199966430664,0
2026-09-21 04:00:00+00:00,111.54000091552734,111.79000091552734,111.01000213623047,111.44999694824219,17697024
2026-09-21 05:00:00+00:00,111.44000244140625,112.19999694824219,111.25,111.73999786376953,34193664
2026-09-21 06:00:00+00:00,111.76000213623047,112.51000213623047,111.48999786376953,112.16999816894531,57887232
2026-09-21 07:00:00+00:00,112.0999984741211,112.36000061035156,111.37999725341797,112.08999633789062,67105792
2026-09-21 08:00:00+00:00,112.06999969482422,116.30999755859375,112.06999969482422,115.30000305175781,487685120
2026-09-21 09:00:00+00:00,115.27999877929688,116.81999969482422,114.93000030517578,115.94000244140625,446832896
2026-09-21 10:00:00+00:00,115.9000015258789,116.05999755859375,115.48999786376953,115.98999786376953,237335552
2026-09-21 11:00:00+00:00,115.87999725341797,117.12000274658203,115.81999969482422,116.7699966430664,190692864
2026-09-21 12:00:00+00:00,116.76000213623047,117.0199966430664,116.16000366210938,116.79000091552734,201469440
2026-09-21 13:00:00+00:00,116.80000305175781,118.37999725341797,116.69999694824219,118.01000213623047,490915840
2026-09-21 14:00:00+00:00,118.0199966430664,118.83000183105469,117.4000015258789,118.0199966430664,473498112
2026-09-21 15:00:00+00:00,118.01000213623047,119.05999755859375,117.36000061035156,117.93000030517578,338377728
2026-09-21 16:00:00+00:00,117.93000030517578,118.31999969482422,116.77999877929688,117.5199966430664,0
2026-09-21 17:00:00+00:00,117.52999877929688,117.91000366210938,116.69999694824219,117.19000244140625,16423936
2026-09-21 18:00:00+00:00,117.16000366210938,117.86000061035156,116.8499984741211,117.7300033569336,28424704
2026-09-21 19:00:00+00:00,117.75,118.4800033569336,117.25,118.37999725341797,46716928
2026-09-21 20:00:00+00:00,118.37999725341797,119.51000213623047,118.19999694824219,119.20999908447266,198510080
2026-09-21 21:00:00+00:00,119.16000366210938,119.97000122070312,118.66000366210938,119.11000061035156,74056192
2026-09-21 22:00:00+00:00,119.1500015258789,119.80000305175781,118.80999755859375,119.44999694824219,70549504
2026-09-21 23:00:00+00:00,119.3499984741211,119.88999938964844,118.4000015258789,118.88999938964844,0
2026-09-22 00:00:00+00:00,118.87000274658203,119.43000030517578,118.06999969482422,118.33999633789062,0
2026-09-22 01:00:00+00:00,118.38999938964844,118.41000366210938,117.08999633789062,117.55999755859375,6036480
2026-09-22 02:00:00+00:00,117.58999633789062,118.06999969482422,116.51000213623047,116.88999938964844,0
2026-09-22 03:00:00+00:00,116.87000274658203,117.01000213623047,116.27999877929688,116.77999877929688,103448064
2026-09-22 04:00:00+00:00,116.81999969482422,117.08999633789062,116.2300033569336,116.33000183105469,116888576
2026-09-22 05:00:00+00:00,116.41999816894531,117.1500015258789,115.54000091552734,116.80999755859375,139149312
2026-09-22 06:00:00+00:00,116.8499984741211,117.0199966430664,116.37999725341797,116.51000213623047,0
2026-09-22 07:00:00+00:00,116.5199966430664,116.80000305175781,115.98999786376953,116.29000091552734,30874112
2026-09-22 08:00:00+00:00,116.30000305175781,117.95999908447266,115.79000091552734,117.48999786376953,0
2026-09-22 09:00:00+00:00,117.45999908447266,117.51000213623047,116.66999816894531,117.44000244140625,0
2026-09-22 10:00:00+00:00,117.44999694824219,117.45999908447266,116.37000274658203,116.83999633789062,0
2026-09-22 11:00:00+00:00,116.81999969482422,117.45999908447266,116.44000244140625,117.30999755859375,0
2026-09-22 12:00:00+00:00,117.30999755859375,117.72000122070312,116.83000183105469,117.41999816894531,0
2026-09-22 13:00:00+00:00,117.44999694824219,117.95999908447266,116.7699966430664,117.94000244140625,0
2026-09-22 14:00:00+00:00,117.94999694824219,117.94999694824219,115.94000244140625,116.9000015258789,0
2026-09-22 15:00:00+00:00,116.91000366210938,117.87999725341797,116.80999755859375,117.37000274658203,0
2026-09-22 16:00:00+00:00,117.36000061035156,117.8499984741211,116.72000122070312,117.45999908447266,0
2026-09-22 17:00:00+00:00,117.51000213623047,118.19999694824219,117.3499984741211,117.9800033569336,0
2026-09-22 18:00:00+00:00,117.98999786376953,118.44000244140625,117.6500015258789,118.16000366210938,21812736
2026-09-22 19:00:00+00:00,118.12999725341797,118.70999908447266,117.80999755859375,118.22000122070312,0
2026-09-22 20:00:00+00:00,118.26000213623047,118.4000015258789,117.81999969482422,118.0199966430664,0
2026-09-22 21:00:00+00:00,118.01000213623047,118.2699966430664,117.7300033569336,118.0999984741211,0
2026-09-22 22:00:00+00:00,118.08999633789062,118.79000091552734,117.62999725341797,118.47000122070312,0
2026-09-22 23:00:00+00:00,118.51000213623047,119.30000305175781,118.2300033569336,118.55999755859375,19782656
2026-09-23 00:00:00+00:00,118.52999877929688,119.19999694824219,118.30000305175781,118.80999755859375,0
2026-09-23 01:00:00+00:00,118.81999969482422,119.3499984741211,117.83000183105469,118.33999633789062,0
2026-09-23 02:00:00+00:00,118.3499984741211,118.52999877929688,117.9000015258789,118.48999786376953,0
2026-09-23 03:00:00+00:00,118.45999908447266,119.61000061035156,118.26000213623047,119.12999725341797,0
2026-09-23 04:00:00+00:00,119.13999938964844,119.73999786376953,118.7699966430664,119.48999786376953,0
2026-09-23 05:00:00+00:00,119.5,119.51000213623047,118.25,118.41000366210938,0
2026-09-23 06:00:00+00:00,118.41999816894531,119.27999877929688,118.36000061035156,118.93000030517578,13292800
2026-09-23 07:00:00+00:00,118.9000015258789,119.08000183105469,117.58000183105469,117.87999725341797,62671360
2026-09-23 08:00:00+00:00,117.94000244140625,118.22000122070312,116.9800033569336,117.38999938964844,66636288
2026-09-23 09:00:00+00:00,117.37999725341797,117.70999908447266,117.08000183105469,117.36000061035156,16233472
2026-09-23 10:00:00+00:00,117.41999816894531,117.62000274658203,116.8499984741211,117.62000274658203,63894528
2026-09-23 11:00:00+00:00,117.62999725341797,117.68000030517578,116.4800033569336,117.08000183105469,46541824
2026-09-23 12:00:00+00:00,117.11000061035156,117.2300033569336,116.55999755859375,116.88999938964844,23257600
2026-09-23 13:00:00+00:00,116.91999816894531,117.16000366210938,115.94000244140625,116.79000091552734,0
2026-09-23 14:00:00+00:00,116.7699966430664,117.01000213623047,113.05999755859375,115.1500015258789,615127040
2026-09-23 15:00:00+00:00,115.16000366210938,115.91999816894531,113.7699966430664,113.86000061035156,203988480
2026-09-23 16:00:00+00:00,113.91000366210938,115.26000213623047,113.20999908447266,114.37999725341797,203981312
2026-09-23 17:00:00+00:00,114.37999725341797,114.83000183105469,113.56999969482422,114.55000305175781,14090752
2026-09-23 18:00:00+00:00,114.55000305175781,114.58999633789062,113.95999908447266,114.27999877929688,0
2026-09-23 19:00:00+00:00,114.2699966430664,114.87999725341797,113.9800033569336,114.51000213623047,0
2026-09-23 20:00:00+00:00,114.52999877929688,114.69000244140625,113.9800033569336,114.02999877929688,0
2026-09-23 21:00:00+00:00,114.02999877929688,114.75,113.94000244140625,114.69999694824219,8615936
2026-09-23 22:00:00+00:00,114.69999694824219,115.63999938964844,114.62999725341797,115.12999725341797,4966912
2026-09-23 23:00:00+00:00,115.06999969482422,115.19999694824219,114.72000122070312,114.98999786376953,0
2026-09-24 00:00:00+00:00,114.95999908447266,115.66000366210938,114.8499984741211,115.12999725341797,0
2026-09-24 01:00:00+00:00,115.13999938964844,115.51000213623047,114.56999969482422,114.69999694824219,0
2026-09-24 02:00:00+00:00,114.73999786376953,115.44000244140625,114.06999969482422,115.30000305175781,29941248
2026-09-24 03:00:00+00:00,115.27999877929688,115.66999816894531,114.52999877929688,114.69000244140625,0
2026-09-24 04:00:00+00:00,114.66000366210938,115.44999694824219,114.37999725341797,115.4000015258789,0
2026-09-24 05:00:00+00:00,115.37999725341797,116.0999984741211,114.81999969482422,114.81999969482422,0
2026-09-24 06:00:00+00:00,114.83000183105469,115.26000213623047,114.70999908447266,114.80999755859375,0
2026-09-24 07:00:00+00:00,114.81999969482422,115.6500015258789,114.48999786376953,115.51000213623047,0
2026-09-24 08:00:00+00:00,115.51000213623047,115.62000274658203,113.33999633789062,114.08999633789062,0
2026-09-24 09:00:00+00:00,114.13999938964844,114.2699966430664,112.54000091552734,113.12000274658203,32686592
2026-09-24 10:00:00+00:00,113.06999969482422,113.54000091552734,112.72000122070312,113.36000061035156,0
2026-09-24 11:00:00+00:00,113.33000183105469,113.52999877929688,113.01000213623047,113.33000183105469,0
2026-09-24 12:00:00+00:00,113.30000305175781,113.87999725341797,113.08999633789062,113.79000091552734,0
2026-09-24 13:00:00+00:00,113.80999755859375,115.37999725341797,113.80999755859375,114.94999694824219,1529344
2026-09-24 14:00:00+00:00,114.94000244140625,116.4000015258789,114.0999984741211,114.58000183105469,0
2026-09-24 15:00:00+00:00,114.44999694824219,116.56999969482422,114.37999725341797,116.27999877929688,0
2026-09-24 16:00:00+00:00,116.30000305175781,117.72000122070312,115.91999816894531,117.05999755859375,0
2026-09-24 17:00:00+00:00,116.94999694824219,117.33999633789062,116.45999908447266,116.73999786376953,11557632
2026-09-24 18:00:00+00:00,116.73999786376953,117.5199966430664,116.26000213623047,117.37000274658203,53130752
2026-09-24 19:00:00+00:00,117.4000015258789,117.66000366210938,117.06999969482422,117.2699966430664,31730944
2026-09-24 20:00:00+00:00,117.23999786376953,117.41999816894531,116.6500015258789,116.81999969482422,21966592
2026-09-24 21:00:00+00:00,116.81999969482422,117.19000244140625,116.62999725341797,116.83999633789062,0
2026-09-24 22:00:00+00:00,116.80000305175781,116.93000030517578,116.12999725341797,116.58000183105469,0
2026-09-24 23:00:00+00:00,116.58000183105469,117.22000122070312,116.52999877929688,117.0199966430664,35340544
2026-09-25 00:00:00+00:00,117.01000213623047,117.66999816894531,117.01000213623047,117.4000015258789,19763968
2026-09-25 01:00:00+00:00,117.3499984741211,117.9000015258789,117.12999725341797,117.45999908447266,5539840
2026-09-25 02:00:00+00:00,117.47000122070312,118.41000366210938,116.80999755859375,116.86000061035156,34708992
2026-09-25 03:00:00+00:00,116.80999755859375,117.29000091552734,116.47000122070312,116.83999633789062,25028352
2026-09-25 04:00:00+00:00,116.8499984741211,117.31999969482422,116.33999633789062,116.36000061035156,24408064
2026-09-25 05:00:00+00:00,116.38999938964844,116.62999725341797,116.12999725341797,116.4000015258789,26430208
2026-09-25 06:00:00+00:00,116.41000366210938,116.7300033569336,116.06999969482422,116.25,12920064
2026-09-25 07:00:00+00:00,116.22000122070312,116.5999984741211,115.87000274658203,116.36000061035156,0
2026-09-25 08:00:00+00:00,116.38999938964844,117.51000213623047,116.30000305175781,117.29000091552734,0
2026-09-25 09:00:00+00:00,117.27999877929688,118.8499984741211,117.2699966430664,118.37999725341797,0
2026-09-25 10:00:00+00:00,118.33000183105469,119.52999877929688,117.9000015258789,119.16000366210938,115621376
2026-09-25 11:00:00+00:00,119.16999816894531,122.16999816894531,119.13999938964844,120.80999755859375,611461376
2026-09-25 12:00:00+00:00,120.83999633789062,121.13999938964844,118.61000061035156,120.62999725341797,410207744
2026-09-25 13:00:00+00:00,120.72000122070312,121.08000183105469,118.5,119.4800033569336,224147456
2026-09-25 14:00:00+00:00,119.58999633789062,120.44999694824219,118.36000061035156,120.41999816894531,226318848
2026-09-25 15:00:00+00:00,120.33999633789062,121.44999694824219,118.98999786376953,120.11000061035156,150867968
2026-09-25 16:00:00+00:00,120.12999725341797,121.81999969482422,120.06999969482422,120.8499984741211,73139712
2026-09-25 17:00:00+00:00,120.87999725341797,121.61000061035156,120.27999877929688,121.0,22036480
2026-09-25 18:00:00+00:00,121.0,122.73999786376953,120.91000366210938,121.91999816894531,122255872
2026-09-25 19:00:00+00:00,121.94999694824219,122.16999816894531,121.44000244140625,121.87999725341797,17244160
2026-09-25 20:00:00+00:00,121.9000015258789,122.9000015258789,121.4800033569336,121.5999984741211,66989056
2026-09-25 21:00:00+00:00,121.55999755859375,121.7300033569336,120.87000274658203,120.98999786376953,27165184
2026-09-25 22:00:00+00:00,120.94999694824219,122.41999816894531,120.83999633789062,122.19000244140625,0
2026-09-25 23:00:00+00:00,122.19999694824219,122.36000061035156,121.9000015258789,122.1500015258789,0
2026-09-26 00:00:00+00:00,122.12000274658203,122.41000366210938,121.20999908447266,121.5199966430664,0
2026-09-26 01:00:00+00:00,121.48999786376953,122.25,121.4800033569336,122.02999877929688,0
2026-09-26 02:00:00+00:00,122.06999969482422,122.27999877929688,121.55000305175781,121.58999633789062,0
2026-09-26 03:00:00+00:00,121.55000305175781,121.58000183105469,120.55999755859375,120.62999725341797,0
2026-09-26 04:00:00+00:00,120.62999725341797,120.95999908447266,120.2699966430664,120.66000366210938,0
2026-09-26 05:00:00+00:00,120.66000366210938,120.7300033569336,120.30999755859375,120.51000213623047,0
2026-09-26 06:00:00+00:00,120.48999786376953,120.51000213623047,120.16000366210938,120.20999908447266,0
2026-09-26 07:00:00+00:00,120.20999908447266,120.79000091552734,120.13999938964844,120.75,0
2026-09-26 08:00:00+00:00,120.73999786376953,121.23999786376953,120.30000305175781,120.68000030517578,0
2026-09-26 09:00:00+00:00,120.69999694824219,120.69999694824219,119.8499984741211,119.97000122070312,0
2026-09-26 10:00:00+00:00,119.95999908447266,120.70999908447266,119.95999908447266,120.5999984741211,0
2026-09-26 11:00:00+00:00,120.61000061035156,121.44000244140625,120.29000091552734,121.2699966430664,0
2026-09-26 12:00:00+00:00,121.2699966430664,121.55999755859375,120.91999816894531,121.05999755859375,0
2026-09-26 13:00:00+00:00,121.05999755859375,121.30000305175781,120.25,120.76000213623047,0
2026-09-26 14:00:00+00:00,120.76000213623047,121.0999984741211,120.5999984741211,120.93000030517578,0
2026-09-26 15:00:00+00:00,120.93000030517578,122.05999755859375,120.80000305175781,121.86000061035156,0
2026-09-26 16:00:00+00:00,121.86000061035156,121.87000274658203,121.37000274658203,121.62000274658203,0
2026-09-26 17:00:00+00:00,121.58000183105469,121.62000274658203,120.9800033569336,121.47000122070312,0
2026-09-26 18:00:00+00:00,121.47000122070312,121.6500015258789,120.80000305175781,121.04000091552734,0
2026-09-26 19:00:00+00:00,121.05000305175781,121.30000305175781,120.91000366210938,121.12000274658203,0
2026-09-26 20:00:00+00:00,121.13999938964844,121.48999786376953,120.08000183105469,120.33999633789062,0
2026-09-26 21:00:00+00:00,120.33999633789062,121.6500015258789,120.27999877929688,121.30000305175781,0
2026-09-26 22:00:00+00:00,121.30999755859375,121.7699966430664,121.06999969482422,121.12000274658203,0
2026-09-26 23:00:00+00:00,121.12000274658203,121.80999755859375,121.12000274658203,121.37000274658203,0
2026-09-27 00:00:00+00:00,121.37000274658203,121.41000366210938,120.69999694824219,120.83000183105469,0
2026-09-27 01:00:00+00:00,120.80000305175781,121.55999755859375,120.66999816894531,121.41999816894531,0
2026-09-27 02:00:00+00:00,121.41999816894531,121.66000366210938,121.06999969482422,121.12999725341797,0
2026-09-27 03:00:00+00:00,121.12999725341797,121.3499984741211,120.5199966430664,120.56999969482422,0
2026-09-27 04:00:00+00:00,120.55999755859375,120.83999633789062,120.08999633789062,120.13999938964844,9998592
2026-09-27 05:00:00+00:00,120.12999725341797,121.44999694824219,120.11000061035156,121.0999984741211,37619456
2026-09-27 06:00:00+00:00,121.06999969482422,121.55000305175781,121.06999969482422,121.30999755859375,0
2026-09-27 07:00:00+00:00,121.29000091552734,124.20999908447266,121.27999877929688,123.9800033569336,46354688
2026-09-27 08:00:00+00:00,124.38999938964844,124.9000015258789,123.91999816894531,124.08999633789062,429388032
2026-09-27 09:00:00+00:00,124.05000305175781,124.4800033569336,123.4000015258789,124.44000244140625,128152832
2026-09-27 10:00:00+00:00,124.3499984741211,124.73999786376953,123.83000183105469,124.0,53103360
2026-09-27 11:00:00+00:00,123.97000122070312,124.16999816894531,123.6500015258789,123.9000015258789,0
2026-09-27 12:00:00+00:00,123.93000030517578,124.36000061035156,123.30999755859375,123.31999969482422,0
2026-09-27 13:00:00+00:00,123.30000305175781,123.62999725341797,122.37000274658203,123.13999938964844,178908160
2026-09-27 14:00:00+00:00,123.18000030517578,123.20999908447266,121.44999694824219,121.69000244140625,139581952
2026-09-27 15:00:00+00:00,121.69000244140625,121.86000061035156,121.29000091552734,121.75,18987264
2026-09-27 16:00:00+00:00,121.75,122.30000305175781,121.69999694824219,121.80999755859375,37977088
2026-09-27 17:00:00+00:00,121.80999755859375,122.16999816894531,121.69999694824219,122.05000305175781,0
2026-09-27 18:00:00+00:00,122.02999877929688,123.27999877929688,121.9000015258789,123.27999877929688,29080064
2026-09-27 19:00:00+00:00,123.27999877929688,123.4000015258789,122.8499984741211,123.0199966430664,38397952
2026-09-27 20:00:00+00:00,123.01000213623047,123.41999816894531,122.55000305175781,122.69000244140625,0
2026-09-27 21:00:00+00:00,122.69999694824219,123.2699966430664,122.19999694824219,122.83000183105469,0
2026-09-27 22:00:00+00:00,122.83000183105469,122.9800033569336,120.94000244140625,121.37000274658203,123999232
2026-09-27 23:00:00+00:00,121.37000274658203,122.19000244140625,121.30999755859375,121.9800033569336,64562944
2026-09-28 00:00:00+00:00,121.9800033569336,122.87000274658203,121.41999816894531,121.66000366210938,91075072
2026-09-28 01:00:00+00:00,121.62000274658203,122.19000244140625,120.38999938964844,120.70999908447266,147667200
2026-09-28 02:00:00+00:00,120.69999694824219,121.4000015258789,119.87000274658203,120.0,159426560
2026-09-28 03:00:00+00:00,120.04000091552734,120.41999816894531,119.47000122070312,119.81999969482422,50326272
2026-09-28 04:00:00+00:00,119.83999633789062,120.19999694824219,119.19000244140625,119.95999908447266,15569664
2026-09-28 05:00:00+00:00,119.93000030517578,120.13999938964844,118.13999938964844,119.12000274658203,75854336
2026-09-28 06:00:00+00:00,119.11000061035156,119.45999908447266,118.27999877929688,118.69000244140625,56391424
2026-09-28 07:00:00+00:00,118.69999694824219,119.11000061035156,117.91999816894531,117.98999786376953,0
2026-09-28 08:00:00+00:00,118.0,118.55999755859375,117.94999694824219,118.30000305175781,0
2026-09-28 09:00:00+00:00,118.30000305175781,118.63999938964844,117.52999877929688,117.72000122070312,0
2026-09-28 10:00:00+00:00,117.73999786376953,118.7300033569336,117.73999786376953,118.43000030517578,0
2026-09-28 11:00:00+00:00,118.41999816894531,118.77999877929688,118.33000183105469,118.69000244140625,22260224
2026-09-28 12:00:00+00:00,118.63999938964844,120.19999694824219,118.45999908447266,119.98999786376953,152780288
2026-09-28 13:00:00+00:00,119.98999786376953,120.33000183105469,119.36000061035156,119.80999755859375,0
2026-09-28 14:00:00+00:00,119.76000213623047,119.76000213623047,117.41000366210938,118.0,49184256
2026-09-28 15:00:00+00:00,118.05999755859375,118.80999755859375,117.45999908447266,118.70999908447266,47312640
2026-09-28 16:00:00+00:00,118.68000030517578,120.36000061035156,118.23999786376953,119.26000213623047,125989376
2026-09-28 17:00:00+00:00,119.16999816894531,120.69000244140625,118.55000305175781,119.69999694824219,161657856
2026-09-28 18:00:00+00:00,119.69000244140625,120.05999755859375,119.33999633789062,119.94999694824219,0
2026-09-28 19:00:00+00:00,119.94999694824219,119.94999694824219,117.9800033569336,118.31999969482422,19852544
2026-09-28 20:00:00+00:00,118.37999725341797,119.0199966430664,118.08999633789062,118.77999877929688,0
2026-09-28 21:00:00+00:00,118.80000305175781,119.08999633789062,117.6500015258789,117.68000030517578,0
2026-09-28 22:00:00+00:00,117.68000030517578,118.56999969482422,117.22000122070312,118.54000091552734,0
2026-09-28 23:00:00+00:00,118.55000305175781,118.94000244140625,118.48999786376953,118.81999969482422,0
2026-09-29 00:00:00+00:00,118.7699966430664,119.06999969482422,118.01000213623047,118.06999969482422,0
2026-09-29 01:00:00+00:00,118.0199966430664,118.38999938964844,116.38999938964844,117.05999755859375,6651136
2026-09-29 02:00:00+00:00,117.08999633789062,117.30000305175781,116.38999938964844,116.9000015258789,0
2026-09-29 03:00:00+00:00,116.91000366210938,118.0,116.87999725341797,117.80999755859375,0
2026-09-29 04:00:00+00:00,117.79000091552734,118.04000091552734,117.20999908447266,117.6500015258789,0
2026-09-29 05:00:00+00:00,117.63999938964844,118.20999908447266,117.08000183105469,118.20999908447266,0
2026-09-29 06:00:00+00:00,118.22000122070312,119.23999786376953,118.18000030517578,119.19999694824219,2844160
2026-09-29 07:00:00+00:00,119.12000274658203,119.8499984741211,118.94000244140625,119.48999786376953,0
2026-09-29 08:00:00+00:00,119.5,119.94000244140625,118.86000061035156,119.13999938964844,0
2026-09-29 09:00:00+00:00,119.08000183105469,120.05999755859375,118.83000183105469,119.87999725341797,0
2026-09-29 10:00:00+00:00,119.86000061035156,119.9800033569336,119.16000366210938,119.38999938964844,0
2026-09-29 11:00:00+00:00,119.38999938964844,120.33999633789062,119.16999816894531,120.12000274658203,0
2026-09-29 12:00:00+00:00,120.12000274658203,120.97000122070312,119.91000366210938,120.86000061035156,34929664
2026-09-29 13:00:00+00:00,120.81999969482422,121.6500015258789,120.69000244140625,120.94999694824219,101385728
2026-09-29 14:00:00+00:00,120.9800033569336,121.27999877929688,120.1500015258789,120.19000244140625,0
2026-09-29 15:00:00+00:00,120.18000030517578,120.2300033569336,117.94000244140625,118.19000244140625,157255424
2026-09-29 16:00:00+00:00,118.23999786376953,118.69999694824219,117.54000091552734,118.0199966430664,0
2026-09-29 17:00:00+00:00,118.08999633789062,118.33000183105469,117.37000274658203,117.69999694824219,0
2026-09-29 18:00:00+00:00,117.77999877929688,119.2699966430664,117.77999877929688,119.12000274658203,53842688
2026-09-29 19:00:00+00:00,119.13999938964844,119.5,118.52999877929688,118.77999877929688,0
2026-09-29 20:00:00+00:00,118.76000213623047,119.20999908447266,118.58000183105469,119.0199966430664,0
2026-09-29 21:00:00+00:00,119.01000213623047,119.18000030517578,118.5,118.91999816894531,0
2026-09-29 22:00:00+00:00,118.91000366210938,119.56999969482422,118.80999755859375,119.08999633789062,0
2026-09-29 23:00:00+00:00,119.08000183105469,119.6500015258789,118.83000183105469,119.08000183105469,7134208
2026-09-30 00:00:00+00:00,119.12000274658203,119.2699966430664,118.47000122070312,118.91000366210938,0
2026-09-30 01:00:00+00:00,118.87000274658203,119.62999725341797,118.77999877929688,119.41000366210938,0
2026-09-30 02:00:00+00:00,119.44999694824219,119.98999786376953,119.19000244140625,119.6500015258789,0
2026-09-30 03:00:00+00:00,119.68000030517578,119.83999633789062,118.88999938964844,119.11000061035156,0
2026-09-30 04:00:00+00:00,119.08000183105469,119.5999984741211,118.69999694824219,118.73999786376953,12112896
2026-09-30 05:00:00+00:00,118.7699966430664,119.5999984741211,118.43000030517578,119.05000305175781,17791488
2026-09-30 06:00:00+00:00,119.0199966430664,119.19000244140625,118.02999877929688,118.05000305175781,0
2026-09-30 07:00:00+00:00,118.08000183105469,118.9000015258789,117.86000061035156,118.43000030517578,17790976
2026-09-30 08:00:00+00:00,118.38999938964844,118.4800033569336,117.7699966430664,118.16999816894531,0
2026-09-30 09:00:00+00:00,118.16999816894531,119.72000122070312,118.1500015258789,119.27999877929688,47091456
2026-09-30 10:00:00+00:00,119.27999877929688,119.86000061035156,119.19000244140625,119.83000183105469,46333952
2026-09-30 11:00:00+00:00,119.80000305175781,119.81999969482422,119.18000030517578,119.45999908447266,84308992
2026-09-30 12:00:00+00:00,119.4800033569336,122.45999908447266,119.33999633789062,121.87000274658203,225629952
2026-09-30 13:00:00+00:00,121.91999816894531,122.75,119.81999969482422,121.01000213623047,251736832
2026-09-30 14:00:00+00:00,120.9800033569336,121.26000213623047,118.38999938964844,118.77999877929688,183569152
2026-09-30 15:00:00+00:00,118.73999786376953,119.4800033569336,118.0,119.26000213623047,0
2026-09-30 16:00:00+00:00,119.25,120.33999633789062,119.1500015258789,120.2699966430664,0
2026-09-30 17:00:00+00:00,120.27999877929688,120.5199966430664,118.87000274658203,119.1500015258789,31924480
2026-09-30 18:00:00+00:00,119.08999633789062,119.29000091552734,118.22000122070312,118.66999816894531,2642176
2026-09-30 19:00:00+00:00,118.68000030517578,118.75,117.01000213623047,117.18000030517578,126422784
2026-09-30 20:00:00+00:00,117.27999877929688,118.12000274658203,117.1500015258789,117.9800033569336,126401024
2026-09-30 21:00:00+00:00,118.06999969482422,118.2300033569336,117.7699966430664,118.0,14141440
2026-09-30 22:00:00+00:00,118.0,118.47000122070312,117.5999984741211,118.0999984741211,0
2026-09-30 23:00:00+00:00,118.0999984741211,118.45999908447266,117.91999816894531,118.05999755859375,23855872
2026-10-01 00:00:00+00:00,118.08999633789062,118.18000030517578,117.81999969482422,117.94000244140625,15286272
2026-10-01 01:00:00+00:00,117.91999816894531,118.41999816894531,117.86000061035156,118.02999877929688,18377728
2026-10-01 02:00:00+00:00,118.02999877929688,118.30000305175781,117.72000122070312,117.94000244140625,7357440
