datetime,open,high,low,close,volume
2026-08-03 00:00:00+00:00,1.0858999490737915,1.0866999626159668,1.0789999961853027,1.0800000429153442,0
2026-08-03 01:00:00+00:00,1.0794999599456787,1.080399990081787,1.0736000537872314,1.0743999481201172,0
2026-08-03 02:00:00+00:00,1.0742000341415405,1.0758999586105347,1.0720000267028809,1.0729999542236328,0
2026-08-03 03:00:00+00:00,1.0724999904632568,1.073099970817566,1.0679999589920044,1.0700000524520874,0
2026-08-03 04:00:00+00:00,1.0699000358581543,1.0721999406814575,1.0687999725341797,1.069000005722046,0
2026-08-03 05:00:00+00:00,1.069000005722046,1.0715999603271484,1.0687999725341797,1.0709999799728394,0
2026-08-03 06:00:00+00:00,1.0709999799728394,1.0716999769210815,1.0667999982833862,1.0670000314712524,869696
2026-08-03 07:00:00+00:00,1.0671000480651855,1.0684000253677368,1.0650999546051025,1.0669000148773193,17688256
2026-08-03 08:00:00+00:00,1.0667999982833862,1.0674999952316284,1.0616999864578247,1.0663000345230103,2837888
2026-08-03 09:00:00+00:00,1.066499948501587,1.0707000494003296,1.065500020980835,1.0702999830245972,0
2026-08-03 10:00:00+00:00,1.070199966430664,1.0707999467849731,1.0670000314712524,1.0687999725341797,5778112
2026-08-03 11:00:00+00:00,1.0687999725341797,1.069100022315979,1.0622999668121338,1.063099980354309,27566528
2026-08-03 12:00:00+00:00,1.063099980354309,1.0651999711990356,1.0628999471664429,1.0645999908447266,8410240
2026-08-03 13:00:00+00:00,1.0647000074386597,1.0750000476837158,1.0641000270843506,1.0748000144958496,32715264
2026-08-03 14:00:00+00:00,1.0758999586105347,1.0823999643325806,1.0714999437332153,1.0817999839782715,88051072
2026-08-03 15:00:00+00:00,1.0819000005722046,1.0860999822616577,1.0772000551223755,1.0827000141143799,59436800
2026-08-03 16:00:00+00:00,1.082900047302246,1.0841000080108643,1.0779999494552612,1.080899953842163,26160384
2026-08-03 17:00:00+00:00,1.080899953842163,1.083400011062622,1.0791000127792358,1.080199956893921,25755648
2026-08-03 18:00:00+00:00,1.080199956893921,1.083400011062622,1.079699993133545,1.0808000564575195,4489728
2026-08-03 19:00:00+00:00,1.0812000036239624,1.082200050354004,1.0781999826431274,1.0789999961853027,1106304
2026-08-03 20:00:00+00:00,1.079200029373169,1.0830999612808228,1.0782999992370605,1.0830999612808228,20243200
2026-08-03 21:00:00+00:00,1.0830999612808228,1.083299994468689,1.0789999961853027,1.079200029373169,0
2026-08-03 22:00:00+00:00,1.0793999433517456,1.0793999433517456,1.0734000205993652,1.0750000476837158,0
2026-08-03 23:00:00+00:00,1.0750000476837158,1.0750000476837158,1.0721999406814575,1.0748000144958496,328448
2026-08-04 00:00:00+00:00,1.0749000310897827,1.075600028038025,1.069100022315979,1.069599986076355,0
2026-08-04 01:00:00+00:00,1.069700002670288,1.0779999494552612,1.069000005722046,1.0772000551223755,3521728
2026-08-04 02:00:00+00:00,1.0776000022888184,1.0791000127792358,1.0741000175476074,1.0771000385284424,0
2026-08-04 03:00:00+00:00,1.0772000551223755,1.0777000188827515,1.0733000040054321,1.0765000581741333,0
2026-08-04 04:00:00+00:00,1.0764000415802002,1.0809999704360962,1.0751999616622925,1.0782999992370605,2062208
2026-08-04 05:00:00+00:00,1.0782999992370605,1.0791000127792358,1.0750999450683594,1.0753999948501587,0
2026-08-04 06:00:00+00:00,1.0752999782562256,1.076200008392334,1.0719000101089478,1.0729000568389893,0
2026-08-04 07:00:00+00:00,1.0729999542236328,1.0784000158309937,1.0707999467849731,1.0777000188827515,0
2026-08-04 08:00:00+00:00,1.0777000188827515,1.0786000490188599,1.0729999542236328,1.0740000009536743,0
2026-08-04 09:00:00+00:00,1.073699951171875,1.073799967765808,1.0714000463485718,1.072100043296814,0
2026-08-04 10:00:00+00:00,1.0722999572753906,1.0759999752044678,1.0693000555038452,1.0742000341415405,18888704
2026-08-04 11:00:00+00:00,1.0742000341415405,1.0782999992370605,1.0729000568389893,1.0782999992370605,0
2026-08-04 12:00:00+00:00,1.0780999660491943,1.0782999992370605,1.0743999481201172,1.0755000114440918,0
2026-08-04 13:00:00+00:00,1.0753999948501587,1.0779000520706177,1.0706000328063965,1.0709999799728394,4725888
2026-08-04 14:00:00+00:00,1.0713000297546387,1.0760999917984009,1.0700000524520874,1.0751999616622925,0
2026-08-04 15:00:00+00:00,1.0752999782562256,1.079200029373169,1.0714000463485718,1.0764000415802002,0
2026-08-04 16:00:00+00:00,1.0765999555587769,1.07669997215271,1.0728000402450562,1.073699951171875,0
2026-08-04 17:00:00+00:00,1.073699951171875,1.0773999691009521,1.072100043296814,1.0729999542236328,0
2026-08-04 18:00:00+00:00,1.0729999542236328,1.0791000127792358,1.0729999542236328,1.0764000415802002,1700416
2026-08-04 19:00:00+00:00,1.076200008392334,1.0820000171661377,1.0753999948501587,1.0794999599456787,13730944
2026-08-04 20:00:00+00:00,1.0788999795913696,1.0795999765396118,1.073699951171875,1.077299952507019,19767168
2026-08-04 21:00:00+00:00,1.0773999691009521,1.0776000022888184,1.0751999616622925,1.0753999948501587,0
2026-08-04 22:00:00+00:00,1.0752999782562256,1.07669997215271,1.073699951171875,1.0753999948501587,0
2026-08-04 23:00:00+00:00,1.0755000114440918,1.0781999826431274,1.072700023651123,1.073099970817566,5709504
2026-08-05 00:00:00+00:00,1.0729999542236328,1.0736000537872314,1.068600058555603,1.069599986076355,6433600
2026-08-05 01:00:00+00:00,1.0694999694824219,1.0728000402450562,1.0676000118255615,1.0723999738693237,0
2026-08-05 02:00:00+00:00,1.0724999904632568,1.0759999752044678,1.0719000101089478,1.0733000040054321,10674048
2026-08-05 03:00:00+00:00,1.073099970817566,1.0741000175476074,1.0652999877929688,1.0667999982833862,25123072
2026-08-05 04:00:00+00:00,1.0669000148773193,1.0672999620437622,1.0657000541687012,1.0664000511169434,0
2026-08-05 05:00:00+00:00,1.066100001335144,1.0720000267028809,1.066100001335144,1.069000005722046,0
2026-08-05 06:00:00+00:00,1.0688999891281128,1.0699000358581543,1.0674999952316284,1.0679999589920044,0
2026-08-05 07:00:00+00:00,1.0679999589920044,1.0683000087738037,1.062999963760376,1.0663000345230103,0
2026-08-05 08:00:00+00:00,1.0664000511169434,1.0669000148773193,1.0642999410629272,1.0649000406265259,0
2026-08-05 09:00:00+00:00,1.0649000406265259,1.066100001335144,1.0636999607086182,1.0637999773025513,2806656
2026-08-05 10:00:00+00:00,1.063599944114685,1.0640000104904175,1.0604000091552734,1.0607999563217163,7681856
2026-08-05 11:00:00+00:00,1.0609999895095825,1.061900019645691,1.0592999458312988,1.0602999925613403,4699392
2026-08-05 12:00:00+00:00,1.0601999759674072,1.0679999589920044,1.0598000288009644,1.0628999471664429,17878464
2026-08-05 13:00:00+00:00,1.062999963760376,1.0635000467300415,1.0537999868392944,1.0609999895095825,22909312
2026-08-05 14:00:00+00:00,1.0609999895095825,1.0649000406265259,1.058899998664856,1.0644999742507935,4026688
2026-08-05 15:00:00+00:00,1.0645999908447266,1.0664000511169434,1.0595999956130981,1.0599000453948975,5191936
2026-08-05 16:00:00+00:00,1.0599000453948975,1.0680999755859375,1.0597000122070312,1.0664000511169434,17125952
2026-08-05 17:00:00+00:00,1.06659996509552,1.0707999467849731,1.0657999515533447,1.069200038909912,6816704
2026-08-05 18:00:00+00:00,1.069200038909912,1.0722999572753906,1.0676000118255615,1.06850004196167,4808512
2026-08-05 19:00:00+00:00,1.0681999921798706,1.0712000131607056,1.0673999786376953,1.069200038909912,0
2026-08-05 20:00:00+00:00,1.069100022315979,1.0716999769210815,1.0669000148773193,1.0687999725341797,0
2026-08-05 21:00:00+00:00,1.0688999891281128,1.069000005722046,1.0631999969482422,1.0640000104904175,12339328
2026-08-05 22:00:00+00:00,1.0642000436782837,1.0645999908447266,1.0613000392913818,1.0613000392913818,3873536
2026-08-05 23:00:00+00:00,1.0605000257492065,1.062600016593933,1.0595999956130981,1.0612000226974487,2460800
2026-08-06 00:00:00+00:00,1.061400055885315,1.062600016593933,1.0602999925613403,1.0616999864578247,0
2026-08-06 01:00:00+00:00,1.0615999698638916,1.0616999864578247,1.0527000427246094,1.0529999732971191,15521600
2026-08-06 02:00:00+00:00,1.0520000457763672,1.0539000034332275,1.0418000221252441,1.0463000535964966,102192640
2026-08-06 03:00:00+00:00,1.0462000370025635,1.0469000339508057,1.0407999753952026,1.0425000190734863,10203776
2026-08-06 04:00:00+00:00,1.0426000356674194,1.0472999811172485,1.0392999649047852,1.0470999479293823,46872704
2026-08-06 05:00:00+00:00,1.0473999977111816,1.051300048828125,1.0471999645233154,1.051300048828125,42092800
2026-08-06 06:00:00+00:00,1.0507999658584595,1.051200032234192,1.048699975013733,1.0508999824523926,16269184
2026-08-06 07:00:00+00:00,1.0506000518798828,1.0507999658584595,1.0471999645233154,1.048200011253357,7673344
2026-08-06 08:00:00+00:00,1.04830002784729,1.055999994277954,1.0473999977111816,1.054800033569336,36831744
2026-08-06 09:00:00+00:00,1.054800033569336,1.0555000305175781,1.041200041770935,1.0442999601364136,58023296
2026-08-06 10:00:00+00:00,1.044100046157837,1.0463999509811401,1.0414999723434448,1.0462000370025635,0
2026-08-06 11:00:00+00:00,1.0465999841690063,1.0506000518798828,1.044700026512146,1.0494999885559082,0
2026-08-06 12:00:00+00:00,1.049399971961975,1.049399971961975,1.045199990272522,1.0456000566482544,0
2026-08-06 13:00:00+00:00,1.0455000400543213,1.0463000535964966,1.041700005531311,1.044600009918213,0
2026-08-06 14:00:00+00:00,1.044700026512146,1.0471999645233154,1.0413999557495117,1.0468000173568726,11421056
2026-08-06 15:00:00+00:00,1.0467000007629395,1.0534000396728516,1.0464999675750732,1.04830002784729,10952960
2026-08-06 16:00:00+00:00,1.0485999584197998,1.0491000413894653,1.0424000024795532,1.0450999736785889,14765184
2026-08-06 17:00:00+00:00,1.0454000234603882,1.0479999780654907,1.0394999980926514,1.0406999588012695,11729152
2026-08-06 18:00:00+00:00,1.0405999422073364,1.0420000553131104,1.0334999561309814,1.035099983215332,40412032
2026-08-06 19:00:00+00:00,1.0348999500274658,1.0379999876022339,1.031999945640564,1.0343999862670898,42677376
2026-08-06 20:00:00+00:00,1.0348999500274658,1.0365999937057495,1.0319000482559204,1.0321999788284302,17917952
2026-08-06 21:00:00+00:00,1.0324000120162964,1.0357999801635742,1.031999945640564,1.0351999998092651,6702848
2026-08-06 22:00:00+00:00,1.0355000495910645,1.0367000102996826,1.0341999530792236,1.0365999937057495,2143616
2026-08-06 23:00:00+00:00,1.0362999439239502,1.0364999771118164,1.0295000076293945,1.0341999530792236,10150912
2026-08-07 00:00:00+00:00,1.03410005569458,1.0361000299453735,1.0305999517440796,1.0353000164031982,19055488
2026-08-07 01:00:00+00:00,1.035599946975708,1.0384999513626099,1.034600019454956,1.0369999408721924,0
2026-08-07 02:00:00+00:00,1.0369999408721924,1.0371999740600586,1.0268000364303589,1.0295000076293945,0
2026-08-07 03:00:00+00:00,1.0295000076293945,1.0303000211715698,1.0189000368118286,1.0202000141143799,18065920
2026-08-07 04:00:00+00:00,1.0202000141143799,1.0226999521255493,1.017300009727478,1.019700050354004,22097152
2026-08-07 05:00:00+00:00,1.019700050354004,1.0218000411987305,1.014299988746643,1.020400047302246,31097088
2026-08-07 06:00:00+00:00,1.0200999975204468,1.027999997138977,1.0197999477386475,1.0253000259399414,19030656
2026-08-07 07:00:00+00:00,1.0254000425338745,1.0283000469207764,1.0240999460220337,1.0276999473571777,4574464
2026-08-07 08:00:00+00:00,1.027500033378601,1.031000018119812,1.0262999534606934,1.030400037765503,0
2026-08-07 09:00:00+00:00,1.030400037765503,1.0367000102996826,1.030400037765503,1.0351999998092651,0
2026-08-07 10:00:00+00:00,1.035599946975708,1.0364999771118164,1.0336999893188477,1.034000039100647,19762432
2026-08-07 11:00:00+00:00,1.03410005569458,1.0362000465393066,1.0313999652862549,1.0331000089645386,24811648
2026-08-07 12:00:00+00:00,1.0332000255584717,1.0400999784469604,1.0327999591827393,1.0372999906539917,93032064
2026-08-07 13:00:00+00:00,1.0372999906539917,1.0405999422073364,1.034999966621399,1.0354000329971313,17516672
2026-08-07 14:00:00+00:00,1.0351999998092651,1.0356999635696411,1.024999976158142,1.0263999700546265,28648704
2026-08-07 15:00:00+00:00,1.0261000394821167,1.0296000242233276,1.0255000591278076,1.0269999504089355,423808
2026-08-07 16:00:00+00:00,1.0273000001907349,1.0298999547958374,1.0149999856948853,1.0149999856948853,12494848
2026-08-07 17:00:00+00:00,1.013100028038025,1.0182000398635864,1.0125000476837158,1.0159000158309937,47486720
2026-08-07 18:00:00+00:00,1.0159000158309937,1.0210000276565552,1.013800024986267,1.017899990081787,0
2026-08-07 19:00:00+00:00,1.017799973487854,1.024899959564209,1.0175000429153442,1.0227999687194824,0
2026-08-07 20:00:00+00:00,1.0232000350952148,1.0259000062942505,1.0226000547409058,1.024999976158142,0
2026-08-07 21:00:00+00:00,1.024899959564209,1.0270999670028687,1.0216000080108643,1.0226999521255493,0
2026-08-07 22:00:00+00:00,1.0226999521255493,1.0232000350952148,1.018399953842163,1.0198999643325806,1021696
2026-08-07 23:00:00+00:00,1.0199999809265137,1.023300051689148,1.0199999809265137,1.0205999612808228,0
2026-08-08 00:00:00+00:00,1.0202000141143799,1.0252000093460083,1.019700050354004,1.0245000123977661,0
2026-08-08 01:00:00+00:00,1.024399995803833,1.030900001525879,1.0242999792099,1.0295000076293945,0
2026-08-08 02:00:00+00:00,1.0295000076293945,1.0312999486923218,1.029099941253662,1.030400037765503,0
2026-08-08 03:00:00+00:00,1.030400037765503,1.0383000373840332,1.030400037765503,1.0365999937057495,0
2026-08-08 04:00:00+00:00,1.0369000434875488,1.0388000011444092,1.0338000059127808,1.034500002861023,0
2026-08-08 05:00:00+00:00,1.0348999500274658,1.035099983215332,1.031499981880188,1.0326999425888062,0
2026-08-08 06:00:00+00:00,1.0327999591827393,1.0355000495910645,1.0324000120162964,1.0342999696731567,0
2026-08-08 07:00:00+00:00,1.0342999696731567,1.0347000360488892,1.0326000452041626,1.0341999530792236,0
2026-08-08 08:00:00+00:00,1.03410005569458,1.035599946975708,1.0329999923706055,1.0355000495910645,0
2026-08-08 09:00:00+00:00,1.0355000495910645,1.0371999740600586,1.0347000360488892,1.0354000329971313,0
2026-08-08 10:00:00+00:00,1.0351999998092651,1.0398000478744507,1.035099983215332,1.038699984550476,0
2026-08-08 11:00:00+00:00,1.038699984550476,1.0396000146865845,1.0360000133514404,1.0371999740600586,0
2026-08-08 12:00:00+00:00,1.0371999740600586,1.0427000522613525,1.0365999937057495,1.0405999422073364,0
2026-08-08 13:00:00+00:00,1.0405999422073364,1.0426000356674194,1.0398999452590942,1.0410000085830688,0
2026-08-08 14:00:00+00:00,1.0413000583648682,1.0450999736785889,1.041200041770935,1.044100046157837,0
2026-08-08 15:00:00+00:00,1.0443999767303467,1.0460000038146973,1.041599988937378,1.044700026512146,0
2026-08-08 16:00:00+00:00,1.0448999404907227,1.0479999780654907,1.0448999404907227,1.0468000173568726,0
2026-08-08 17:00:00+00:00,1.0464999675750732,1.0471999645233154,1.044800043106079,1.045300006866455,0
2026-08-08 18:00:00+00:00,1.045300006866455,1.045300006866455,1.0410000085830688,1.0413999557495117,0
2026-08-08 19:00:00+00:00,1.0413999557495117,1.042799949645996,1.0394999980926514,1.0418000221252441,0
2026-08-08 20:00:00+00:00,1.041599988937378,1.0429999828338623,1.0413000583648682,1.041700005531311,0
2026-08-08 21:00:00+00:00,1.0418000221252441,1.0430999994277954,1.041599988937378,1.0424000024795532,0
2026-08-08 22:00:00+00:00,1.0426000356674194,1.0429999828338623,1.0377999544143677,1.0377999544143677,0
2026-08-08 23:00:00+00:00,1.0377999544143677,1.0389000177383423,1.0362999439239502,1.0388000011444092,0
2026-08-09 00:00:00+00:00,1.0389000177383423,1.0398000478744507,1.0368000268936157,1.0388000011444092,0
2026-08-09 01:00:00+00:00,1.0389000177383423,1.0398999452590942,1.0348000526428223,1.035099983215332,0
2026-08-09 02:00:00+00:00,1.035099983215332,1.0360000133514404,1.0333000421524048,1.0343999862670898,0
2026-08-09 03:00:00+00:00,1.0342999696731567,1.0371999740600586,1.0333000421524048,1.0362000465393066,0
2026-08-09 04:00:00+00:00,1.0361000299453735,1.0384000539779663,1.0360000133514404,1.0369000434875488,0
2026-08-09 05:00:00+00:00,1.0368000268936157,1.0377000570297241,1.0335999727249146,1.0356999635696411,0
2026-08-09 06:00:00+00:00,1.0356999635696411,1.0405000448226929,1.0354000329971313,1.0401999950408936,0
2026-08-09 07:00:00+00:00,1.0400999784469604,1.0405999422073364,1.0356999635696411,1.0363999605178833,16733248
2026-08-09 08:00:00+00:00,1.0362999439239502,1.0383000373840332,1.030500054359436,1.0327999591827393,9116800
2026-08-09 09:00:00+00:00,1.0326999425888062,1.034999966621399,1.0318000316619873,1.0348999500274658,0
2026-08-09 10:00:00+00:00,1.034999966621399,1.0370999574661255,1.0348999500274658,1.0361000299453735,0
2026-08-09 11:00:00+00:00,1.0356999635696411,1.0362999439239502,1.034600019454956,1.0361000299453735,0
2026-08-09 12:00:00+00:00,1.0360000133514404,1.0369000434875488,1.034500002861023,1.0363999605178833,0
2026-08-09 13:00:00+00:00,1.0362000465393066,1.0398999452590942,1.0362000465393066,1.0377999544143677,0
2026-08-09 14:00:00+00:00,1.0378999710083008,1.042199969291687,1.0374000072479248,1.041599988937378,0
2026-08-09 15:00:00+00:00,1.0418000221252441,1.0433000326156616,1.0403000116348267,1.0425000190734863,0
2026-08-09 16:00:00+00:00,1.0433000326156616,1.0448999404907227,1.0413999557495117,1.0433000326156616,0
2026-08-09 17:00:00+00:00,1.0432000160217285,1.0436999797821045,1.0404000282287598,1.0405000448226929,0
2026-08-09 18:00:00+00:00,1.0405000448226929,1.041700005531311,1.038699984550476,1.0392999649047852,0
2026-08-09 19:00:00+00:00,1.0392999649047852,1.0413999557495117,1.0390000343322754,1.041100025177002,0
2026-08-09 20:00:00+00:00,1.041100025177002,1.041700005531311,1.0391000509262085,1.0413999557495117,0
2026-08-09 21:00:00+00:00,1.0413999557495117,1.0443999767303467,1.0405000448226929,1.042199969291687,37502848
2026-08-09 22:00:00+00:00,1.0425000190734863,1.0468000173568726,1.0348999500274658,1.0367000102996826,42780288
2026-08-09 23:00:00+00:00,1.0363999605178833,1.0377000570297241,1.0277999639511108,1.0291999578475952,33602752
2026-08-10 00:00:00+00:00,1.0286999940872192,1.0364999771118164,1.0270999670028687,1.030500054359436,33468544
2026-08-10 01:00:00+00:00,1.0303000211715698,1.0398000478744507,1.0277999639511108,1.0369999408721924,25665408
2026-08-10 02:00:00+00:00,1.0372999906539917,1.0374000072479248,1.0276999473571777,1.034000039100647,27096512
2026-08-10 03:00:00+00:00,1.034000039100647,1.0355000495910645,1.0276999473571777,1.0306999683380127,19671424
2026-08-10 04:00:00+00:00,1.030400037765503,1.0335999727249146,1.028499960899353,1.030900001525879,9638720
2026-08-10 05:00:00+00:00,1.030900001525879,1.0355000495910645,1.0305999517440796,1.034600019454956,10575680
2026-08-10 06:00:00+00:00,1.0348000526428223,1.0377999544143677,1.0341999530792236,1.0377000570297241,5047552
2026-08-10 07:00:00+00:00,1.0377999544143677,1.0393999814987183,1.0360000133514404,1.0367000102996826,0
2026-08-10 08:00:00+00:00,1.0367000102996826,1.0378999710083008,1.0312000513076782,1.0333000421524048,13444416
2026-08-10 09:00:00+00:00,1.0332000255584717,1.0339000225067139,1.0293999910354614,1.0298000574111938,20362496
2026-08-10 10:00:00+00:00,1.0295000076293945,1.031999945640564,1.0292999744415283,1.031499981880188,16754560
2026-08-10 11:00:00+00:00,1.031499981880188,1.0338000059127808,1.0303000211715698,1.0338000059127808,12126720
2026-08-10 12:00:00+00:00,1.0338000059127808,1.0348999500274658,1.0273000001907349,1.0281000137329102,20084480
2026-08-10 13:00:00+00:00,1.0276999473571777,1.0288000106811523,1.0226999521255493,1.024999976158142,49203264
2026-08-10 14:00:00+00:00,1.024899959564209,1.031599998474121,1.024899959564209,1.0261000394821167,39927936
2026-08-10 15:00:00+00:00,1.0254000425338745,1.0262999534606934,1.020400047302246,1.0221999883651733,49015808
2026-08-10 16:00:00+00:00,1.0214999914169312,1.0245000123977661,1.0159000158309937,1.0175000429153442,80443712
2026-08-10 17:00:00+00:00,1.017899990081787,1.0211999416351318,1.0166000127792358,1.0190000534057617,30039424
2026-08-10 18:00:00+00:00,1.0190000534057617,1.0197999477386475,1.0152000188827515,1.0164999961853027,6348032
2026-08-10 19:00:00+00:00,1.0162999629974365,1.0226000547409058,1.0162999629974365,1.0192999839782715,18243968
2026-08-10 20:00:00+00:00,1.0196000337600708,1.0202000141143799,1.0182000398635864,1.0188000202178955,7789056
2026-08-10 21:00:00+00:00,1.0187000036239624,1.020799994468689,1.0156999826431274,1.0161000490188599,0
2026-08-10 22:00:00+00:00,1.0161999464035034,1.0164999961853027,1.0049999952316284,1.0110000371932983,28108672
2026-08-10 23:00:00+00:00,1.0109000205993652,1.0128999948501587,1.0096999406814575,1.0113999843597412,1234304
2026-08-11 00:00:00+00:00,1.0115000009536743,1.0124000310897827,1.0091999769210815,1.0120999813079834,0
2026-08-11 01:00:00+00:00,1.0118000507354736,1.0154000520706177,1.01010000705719,1.0148999691009521,0
2026-08-11 02:00:00+00:00,1.014799952507019,1.0157999992370605,1.0120999813079834,1.0124000310897827,0
2026-08-11 03:00:00+00:00,1.0125999450683594,1.0140999555587769,1.0120999813079834,1.013800024986267,0
2026-08-11 04:00:00+00:00,1.013700008392334,1.0144000053405762,1.0120999813079834,1.0120999813079834,0
2026-08-11 05:00:00+00:00,1.0119999647140503,1.0128999948501587,1.0089999437332153,1.0089999437332153,1996160
2026-08-11 06:00:00+00:00,1.0089999437332153,1.0109000205993652,1.0017999410629272,1.0054999589920044,46454912
2026-08-11 07:00:00+00:00,1.0054999589920044,1.0063999891281128,1.0023000240325928,1.0039000511169434,32426112
2026-08-11 08:00:00+00:00,1.00409996509552,1.0055999755859375,1.0015000104904175,1.0049999952316284,0
2026-08-11 09:00:00+00:00,1.0049999952316284,1.006700038909912,1.003600001335144,1.0062999725341797,0
2026-08-11 10:00:00+00:00,1.006100058555603,1.0061999559402466,1.0010000467300415,1.004699945449829,7020928
2026-08-11 11:00:00+00:00,1.0049999952316284,1.0091999769210815,1.004699945449829,1.0074000358581543,19981952
2026-08-11 12:00:00+00:00,1.0080000162124634,1.0087000131607056,1.0033999681472778,1.003600001335144,1575680
2026-08-11 13:00:00+00:00,1.0033999681472778,1.0090999603271484,1.0027999877929688,1.0080000162124634,0
2026-08-11 14:00:00+00:00,1.0078999996185303,1.0103000402450562,0.9908000230789185,0.9937000274658203,54492416
2026-08-11 15:00:00+00:00,0.9930999875068665,1.0068999528884888,0.9930999875068665,1.0032999515533447,101365120
2026-08-11 16:00:00+00:00,1.0024000406265259,1.0099999904632568,1.0016000270843506,1.0089000463485718,0
2026-08-11 17:00:00+00:00,1.0091999769210815,1.0153000354766846,1.0083999633789062,1.0133999586105347,34021504
2026-08-11 18:00:00+00:00,1.0134999752044678,1.0169999599456787,1.0082999467849731,1.0118999481201172,30390272
2026-08-11 19:00:00+00:00,1.0115000009536743,1.0149999856948853,1.0082999467849731,1.014299988746643,18131456
2026-08-11 20:00:00+00:00,1.0147000551223755,1.0235999822616577,1.0144000053405762,1.016700029373169,54500736
2026-08-11 21:00:00+00:00,1.0166000127792358,1.0252000093460083,1.0163999795913696,1.0234999656677246,44925952
2026-08-11 22:00:00+00:00,1.023800015449524,1.024999976158142,1.0194000005722046,1.020400047302246,0
2026-08-11 23:00:00+00:00,1.0202000141143799,1.0227999687194824,1.017799973487854,1.0219000577926636,0
2026-08-12 00:00:00+00:00,1.0219999551773071,1.0224000215530396,1.020400047302246,1.0214999914169312,0
2026-08-12 01:00:00+00:00,1.0214999914169312,1.023900032043457,1.021399974822998,1.0220999717712402,0
2026-08-12 02:00:00+00:00,1.0221999883651733,1.024399995803833,1.0187000036239624,1.020400047302246,14046848
2026-08-12 03:00:00+00:00,1.020300030708313,1.0210000276565552,1.0185999870300293,1.0192999839782715,0
2026-08-12 04:00:00+00:00,1.0194000005722046,1.020799994468689,1.0184999704360962,1.0196000337600708,7312384
2026-08-12 05:00:00+00:00,1.0196000337600708,1.0221999883651733,1.0181000232696533,1.020799994468689,5186176
2026-08-12 06:00:00+00:00,1.0206999778747559,1.020799994468689,1.0169999599456787,1.0189000368118286,0
2026-08-12 07:00:00+00:00,1.0189000368118286,1.0214999914169312,1.0169999599456787,1.019700050354004,0
2026-08-12 08:00:00+00:00,1.0194000005722046,1.020400047302246,1.0161999464035034,1.0163999795913696,0
2026-08-12 09:00:00+00:00,1.0161999464035034,1.0245000123977661,1.0161000490188599,1.023300051689148,18333184
2026-08-12 10:00:00+00:00,1.0232000350952148,1.0246000289916992,1.0199999809265137,1.0204999446868896,2412928
2026-08-12 11:00:00+00:00,1.020799994468689,1.0218000411987305,1.0192999839782715,1.0218000411987305,0
2026-08-12 12:00:00+00:00,1.0217000246047974,1.023800015449524,1.0154999494552612,1.0163999795913696,64595328
2026-08-12 13:00:00+00:00,1.0164999961853027,1.017699956893921,1.0125999450683594,1.0140000581741333,3020288
2026-08-12 14:00:00+00:00,1.0135999917984009,1.0154000520706177,1.0077999830245972,1.0081000328063965,0
2026-08-12 15:00:00+00:00,1.0080000162124634,1.0118999481201172,1.0073000192642212,1.0117000341415405,0
2026-08-12 16:00:00+00:00,1.0116000175476074,1.0121999979019165,1.0074000358581543,1.0077999830245972,0
2026-08-12 17:00:00+00:00,1.0077999830245972,1.0099999904632568,1.0053999423980713,1.0094000101089478,0
2026-08-12 18:00:00+00:00,1.0092999935150146,1.0115000009536743,1.0077999830245972,1.0082000494003296,0
2026-08-12 19:00:00+00:00,1.0082000494003296,1.0088000297546387,1.0056999921798706,1.0061999559402466,0
2026-08-12 20:00:00+00:00,1.0061999559402466,1.0095000267028809,1.0058000087738037,1.0082000494003296,0
2026-08-12 21:00:00+00:00,1.0082999467849731,1.0091999769210815,1.0020999908447266,1.003600001335144,0
2026-08-12 22:00:00+00:00,1.0032999515533447,1.0068000555038452,1.0019999742507935,1.003100037574768,0
2026-08-12 23:00:00+00:00,1.003000020980835,1.0049999952316284,1.0,1.0046000480651855,3894336
2026-08-13 00:00:00+00:00,1.0041999816894531,1.006700038909912,1.0017000436782837,1.003499984741211,2583360
2026-08-13 01:00:00+00:00,1.0032999515533447,1.0049999952316284,1.0010000467300415,1.0038000345230103,0
2026-08-13 02:00:00+00:00,1.0038000345230103,1.0062999725341797,1.0017000436782837,1.006100058555603,3694784
2026-08-13 03:00:00+00:00,1.006100058555603,1.0119999647140503,1.00600004196167,1.0098999738693237,26295296
2026-08-13 04:00:00+00:00,1.010200023651123,1.0115000009536743,1.0094000101089478,1.0098999738693237,5966976
2026-08-13 05:00:00+00:00,1.0099999904632568,1.013800024986267,1.0084999799728394,1.0125999450683594,7822656
2026-08-13 06:00:00+00:00,1.0127999782562256,1.0140000581741333,1.0108000040054321,1.013700008392334,0
2026-08-13 07:00:00+00:00,1.013700008392334,1.01419997215271,1.0121999979019165,1.0121999979019165,0
2026-08-13 08:00:00+00:00,1.0123000144958496,1.0125999450683594,1.010699987411499,1.0117000341415405,0
2026-08-13 09:00:00+00:00,1.0118999481201172,1.0120999813079834,1.0087000131607056,1.0117000341415405,0
2026-08-13 10:00:00+00:00,1.0119999647140503,1.0119999647140503,1.0053000450134277,1.0068999528884888,0
2026-08-13 11:00:00+00:00,1.0068000555038452,1.0077999830245972,1.0022000074386597,1.0032999515533447,17636096
2026-08-13 12:00:00+00:00,1.003100037574768,1.0068000555038452,1.002500057220459,1.0047999620437622,0
2026-08-13 13:00:00+00:00,1.0047999620437622,1.0084999799728394,1.0046000480651855,1.0053999423980713,0
2026-08-13 14:00:00+00:00,1.0053999423980713,1.0096999406814575,1.0032000541687012,1.0089000463485718,0
2026-08-13 15:00:00+00:00,1.0089000463485718,1.010599970817566,1.0023000240325928,1.0023000240325928,1235776
2026-08-13 16:00:00+00:00,1.0023000240325928,1.006600022315979,0.9976000189781189,1.00409996509552,37250944
2026-08-13 17:00:00+00:00,1.0039000511169434,1.007599949836731,1.003600001335144,1.0055999755859375,0
2026-08-13 18:00:00+00:00,1.0056999921798706,1.0094000101089478,1.0037000179290771,1.0078999996185303,10287808
2026-08-13 19:00:00+00:00,1.0081000328063965,1.0094000101089478,1.006700038909912,1.0089999437332153,11558400
2026-08-13 20:00:00+00:00,1.0090999603271484,1.010599970817566,1.0078999996185303,1.0080000162124634,2246400
2026-08-13 21:00:00+00:00,1.0078999996185303,1.0092999935150146,1.006700038909912,1.0075000524520874,0
2026-08-13 22:00:00+00:00,1.0075000524520874,1.0110000371932983,1.007099986076355,1.0082000494003296,0
2026-08-13 23:00:00+00:00,1.0082000494003296,1.0087000131607056,1.0069999694824219,1.0084999799728394,142720
2026-08-14 00:00:00+00:00,1.0087000131607056,1.0115000009536743,1.0082000494003296,1.011299967765808,0
2026-08-14 01:00:00+00:00,1.011299967765808,1.0118999481201172,1.0095000267028809,1.010599970817566,0
2026-08-14 02:00:00+00:00,1.010699987411499,1.0132999420166016,1.0104999542236328,1.010599970817566,0
2026-08-14 03:00:00+00:00,1.010599970817566,1.0111000537872314,1.0083999633789062,1.0089999437332153,0
2026-08-14 04:00:00+00:00,1.0088000297546387,1.0118000507354736,1.0081000328063965,1.0082999467849731,0
2026-08-14 05:00:00+00:00,1.0082000494003296,1.0089999437332153,1.007200002670288,1.0087000131607056,0
2026-08-14 06:00:00+00:00,1.0087000131607056,1.0087000131607056,1.0051000118255615,1.0051000118255615,0
2026-08-14 07:00:00+00:00,1.0046000480651855,1.004699945449829,1.0027999877929688,1.003600001335144,8753664
2026-08-14 08:00:00+00:00,1.003600001335144,1.006100058555603,1.003000020980835,1.0058000087738037,13051840
2026-08-14 09:00:00+00:00,1.0059000253677368,1.0059000253677368,1.0003000497817993,1.0027999877929688,19181056
2026-08-14 10:00:00+00:00,1.002500057220459,1.0032000541687012,1.0010000467300415,1.0016000270843506,0
2026-08-14 11:00:00+00:00,1.0016000270843506,1.0032000541687012,1.0003999471664429,1.0015000104904175,0
2026-08-14 12:00:00+00:00,1.0017000436782837,1.0022000074386597,0.9988999962806702,0.9998999834060669,10070208
2026-08-14 13:00:00+00:00,1.0002000331878662,1.0042999982833862,0.9994999766349792,1.0016000270843506,11267904
2026-08-14 14:00:00+00:00,1.0016000270843506,1.0037000179290771,0.9994999766349792,1.000499963760376,0
2026-08-14 15:00:00+00:00,1.0002000331878662,1.0082999467849731,0.9998999834060669,1.0055999755859375,17851456
2026-08-14 16:00:00+00:00,1.0055999755859375,1.0062999725341797,1.0,1.0013999938964844,0
2026-08-14 17:00:00+00:00,1.0013999938964844,1.0037000179290771,0.9987999796867371,1.0,9936320
2026-08-14 18:00:00+00:00,0.9997000098228455,1.0024000406265259,0.9980000257492065,0.9987000226974487,21672128
2026-08-14 19:00:00+00:00,0.9986000061035156,0.9998999834060669,0.9975000023841858,0.9980999827384949,15254528
2026-08-14 20:00:00+00:00,0.9979000091552734,0.9990000128746033,0.9961000084877014,0.9977999925613403,29655616
2026-08-14 21:00:00+00:00,0.9977999925613403,0.9988999962806702,0.9950000047683716,0.9972000122070312,21206016
2026-08-14 22:00:00+00:00,0.9970999956130981,0.9976999759674072,0.9876000285148621,0.9919999837875366,79784896
2026-08-14 23:00:00+00:00,0.9918000102043152,0.9986000061035156,0.9914000034332275,0.9986000061035156,19204864
2026-08-15 00:00:00+00:00,0.9986000061035156,1.000499963760376,0.9973000288009644,0.9997000098228455,10262208
2026-08-15 01:00:00+00:00,0.9998000264167786,1.0010000467300415,0.9988999962806702,1.0008000135421753,437248
2026-08-15 02:00:00+00:00,1.0008000135421753,1.0051000118255615,1.0008000135421753,1.0048999786376953,9047168
2026-08-15 03:00:00+00:00,1.0051000118255615,1.0069999694824219,1.003000020980835,1.0037000179290771,9339904
2026-08-15 04:00:00+00:00,1.003999948501587,1.0055999755859375,1.003100037574768,1.00409996509552,0
2026-08-15 05:00:00+00:00,1.003999948501587,1.0055999755859375,1.0015000104904175,1.003499984741211,2187520
2026-08-15 06:00:00+00:00,1.0033999681472778,1.0055999755859375,1.002500057220459,1.0046000480651855,0
2026-08-15 07:00:00+00:00,1.0045000314712524,1.0048999786376953,1.0016000270843506,1.0017999410629272,0
2026-08-15 08:00:00+00:00,1.0017999410629272,1.003000020980835,1.0,1.000499963760376,0
2026-08-15 09:00:00+00:00,1.0008000135421753,1.0018999576568604,0.9998999834060669,1.0017999410629272,0
2026-08-15 10:00:00+00:00,1.0018999576568604,1.0024000406265259,1.0009000301361084,1.0022000074386597,0
2026-08-15 11:00:00+00:00,1.0019999742507935,1.003100037574768,1.0010000467300415,1.0015000104904175,0
2026-08-15 12:00:00+00:00,1.0015000104904175,1.0017999410629272,1.0,1.0017000436782837,0
2026-08-15 13:00:00+00:00,1.0017999410629272,1.0019999742507935,1.0003999471664429,1.0008000135421753,0
2026-08-15 14:00:00+00:00,1.0006999969482422,1.0016000270843506,0.9987000226974487,1.0008000135421753,0
2026-08-15 15:00:00+00:00,1.0008000135421753,1.0016000270843506,1.0003999471664429,1.0011999607086182,0
2026-08-15 16:00:00+00:00,1.0011999607086182,1.0023000240325928,1.0003999471664429,1.0017000436782837,0
2026-08-15 17:00:00+00:00,1.0018999576568604,1.0026999711990356,1.001099944114685,1.0013999938964844,0
2026-08-15 18:00:00+00:00,1.0012999773025513,1.0017999410629272,0.9994999766349792,1.0012999773025513,0
2026-08-15 19:00:00+00:00,1.0012999773025513,1.003100037574768,1.001099944114685,1.003000020980835,0
2026-08-15 20:00:00+00:00,1.003000020980835,1.0032999515533447,1.0019999742507935,1.0027999877929688,0
2026-08-15 21:00:00+00:00,1.0025999546051025,1.00409996509552,1.002500057220459,1.0032000541687012,0
2026-08-15 22:00:00+00:00,1.0032000541687012,1.0052000284194946,1.0032000541687012,1.0032000541687012,0
2026-08-15 23:00:00+00:00,1.0032999515533447,1.003499984741211,1.000499963760376,1.0016000270843506,0
2026-08-16 00:00:00+00:00,1.0017000436782837,1.0017999410629272,1.0002000331878662,1.0008000135421753,0
2026-08-16 01:00:00+00:00,1.000599980354309,1.0012999773025513,0.9991000294685364,1.0003000497817993,0
2026-08-16 02:00:00+00:00,1.0003000497817993,1.0024000406265259,0.9990000128746033,1.0013999938964844,0
2026-08-16 03:00:00+00:00,1.0013999938964844,1.0019999742507935,1.0008000135421753,1.0010000467300415,0
2026-08-16 04:00:00+00:00,1.001099944114685,1.0011999607086182,0.9997000098228455,0.9998999834060669,0
2026-08-16 05:00:00+00:00,0.9998999834060669,1.000100016593933,0.9984999895095825,0.9993000030517578,0
2026-08-16 06:00:00+00:00,0.9993000030517578,1.0010000467300415,0.9986000061035156,0.9994000196456909,117152
2026-08-16 07:00:00+00:00,0.9993000030517578,1.0016000270843506,0.9993000030517578,1.0013999938964844,0
2026-08-16 08:00:00+00:00,1.0013999938964844,1.0015000104904175,1.0003999471664429,1.000599980354309,0
2026-08-16 09:00:00+00:00,1.000599980354309,1.0016000270843506,0.9991000294685364,0.9993000030517578,0
2026-08-16 10:00:00+00:00,0.9993000030517578,0.9994000196456909,0.9962000250816345,0.9991000294685364,10472832
2026-08-16 11:00:00+00:00,0.9991999864578247,0.9998000264167786,0.9983000159263611,0.9988999962806702,933344
2026-08-16 12:00:00+00:00,0.9988999962806702,1.0002000331878662,0.9983000159263611,0.9990000128746033,2245280
2026-08-16 13:00:00+00:00,0.9990000128746033,1.0,0.9990000128746033,0.9991000294685364,0
2026-08-16 14:00:00+00:00,0.9990000128746033,1.0002000331878662,0.9990000128746033,1.0002000331878662,0
2026-08-16 15:00:00+00:00,1.0003000497817993,1.0015000104904175,1.0,1.0008000135421753,3558848
2026-08-16 16:00:00+00:00,1.0010000467300415,1.0025999546051025,1.0003999471664429,1.0017999410629272,3887232
2026-08-16 17:00:00+00:00,1.0020999908447266,1.0020999908447266,0.9997000098228455,0.9998000264167786,9826848
2026-08-16 18:00:00+00:00,0.9998999834060669,0.9998999834060669,0.9969000220298767,0.9983000159263611,23555808
2026-08-16 19:00:00+00:00,0.9983999729156494,1.0015000104904175,0.9980000257492065,1.000100016593933,8633312
2026-08-16 20:00:00+00:00,1.0003000497817993,1.0009000301361084,0.9973999857902527,0.9984999895095825,7135136
2026-08-16 21:00:00+00:00,0.9983999729156494,0.9991999864578247,0.9907000064849854,0.994700014591217,21738144
2026-08-16 22:00:00+00:00,0.9944000244140625,0.9959999918937683,0.9907000064849854,0.9929999709129333,24200064
2026-08-16 23:00:00+00:00,0.9929999709129333,0.9940999746322632,0.9904000163078308,0.9925000071525574,7763840
2026-08-17 00:00:00+00:00,0.9925000071525574,0.9932000041007996,0.9879999756813049,0.9926000237464905,35283712
2026-08-17 01:00:00+00:00,0.9922999739646912,1.000499963760376,0.9922999739646912,0.9976999759674072,39275520
2026-08-17 02:00:00+00:00,0.9980999827384949,1.0038000345230103,0.9966999888420105,1.0013999938964844,24122304
2026-08-17 03:00:00+00:00,1.0017000436782837,1.0022000074386597,0.9998999834060669,1.0012999773025513,20402752
2026-08-17 04:00:00+00:00,1.0017999410629272,1.0029000043869019,1.000499963760376,1.0010000467300415,15312896
2026-08-17 05:00:00+00:00,1.0010000467300415,1.0027999877929688,1.000100016593933,1.0002000331878662,14250368
2026-08-17 06:00:00+00:00,1.000499963760376,1.00600004196167,1.0,1.0049999952316284,30649088
2026-08-17 07:00:00+00:00,1.0052000284194946,1.0055999755859375,1.0017000436782837,1.0019999742507935,21899392
2026-08-17 08:00:00+00:00,1.0019999742507935,1.0022000074386597,0.9965999722480774,0.9972000122070312,22908992
2026-08-17 09:00:00+00:00,0.9970999956130981,0.998199999332428,0.9955000281333923,0.9958999752998352,18798464
2026-08-17 10:00:00+00:00,0.9958000183105469,1.0012999773025513,0.9954000115394592,1.0010000467300415,7243584
2026-08-17 11:00:00+00:00,1.0009000301361084,1.0011999607086182,0.9987999796867371,0.9993000030517578,7202176
2026-08-17 12:00:00+00:00,0.9993000030517578,1.000499963760376,0.9959999918937683,0.9969000220298767,18036096
2026-08-17 13:00:00+00:00,0.9968000054359436,1.0026999711990356,0.9958999752998352,0.9995999932289124,26902272
2026-08-17 14:00:00+00:00,0.9995999932289124,1.0039000511169434,0.9970999956130981,1.0032999515533447,32974272
2026-08-17 15:00:00+00:00,1.0033999681472778,1.007599949836731,1.001099944114685,1.0056999921798706,48681088
2026-08-17 16:00:00+00:00,1.006100058555603,1.006100058555603,1.0019999742507935,1.0020999908447266,19166656
2026-08-17 17:00:00+00:00,1.0022000074386597,1.0041999816894531,0.9993000030517578,1.0006999969482422,10678592
2026-08-17 18:00:00+00:00,1.000499963760376,1.0023000240325928,0.9998000264167786,1.0006999969482422,0
2026-08-17 19:00:00+00:00,1.000499963760376,1.0010000467300415,0.9984999895095825,1.0003999471664429,18668672
2026-08-17 20:00:00+00:00,1.000499963760376,1.00409996509552,0.9987000226974487,1.0027999877929688,10810624
2026-08-17 21:00:00+00:00,1.0029000043869019,1.003499984741211,1.0010000467300415,1.0011999607086182,0
2026-08-17 22:00:00+00:00,1.0011999607086182,1.0023000240325928,0.9991999864578247,0.9995999932289124,0
2026-08-17 23:00:00+00:00,0.9993000030517578,1.0038000345230103,0.9993000030517578,1.0022000074386597,37760
2026-08-18 00:00:00+00:00,1.0024000406265259,1.0039000511169434,0.9998000264167786,1.0019999742507935,0
2026-08-18 01:00:00+00:00,1.0020999908447266,1.0022000074386597,0.9944000244140625,0.9955999851226807,0
2026-08-18 02:00:00+00:00,0.9954000115394592,0.9965000152587891,0.9883000254631042,0.9898999929428101,37385280
2026-08-18 03:00:00+00:00,0.9891999959945679,0.9915000200271606,0.9884999990463257,0.9904999732971191,17380800
2026-08-18 04:00:00+00:00,0.9904000163078308,0.9951000213623047,0.989300012588501,0.9940000176429749,10507648
2026-08-18 05:00:00+00:00,0.9940000176429749,0.9962999820709229,0.9919999837875366,0.9944000244140625,12646976
2026-08-18 06:00:00+00:00,0.9941999912261963,0.9997000098228455,0.9930999875068665,0.9975000023841858,0
2026-08-18 07:00:00+00:00,0.9976000189781189,0.9980999827384949,0.9943000078201294,0.9955000281333923,0
2026-08-18 08:00:00+00:00,0.9957000017166138,0.9975000023841858,0.9915000200271606,0.9962000250816345,0
2026-08-18 09:00:00+00:00,0.9958999752998352,0.996399998664856,0.9937999844551086,0.9951000213623047,0
2026-08-18 10:00:00+00:00,0.9948999881744385,0.9955000281333923,0.9940000176429749,0.9952999949455261,0
2026-08-18 11:00:00+00:00,0.995199978351593,1.000499963760376,0.995199978351593,0.9976999759674072,13066752
2026-08-18 12:00:00+00:00,0.9976000189781189,0.9983000159263611,0.9966999888420105,0.9969000220298767,0
2026-08-18 13:00:00+00:00,0.9966999888420105,0.9983999729156494,0.9950000047683716,0.9973999857902527,0
2026-08-18 14:00:00+00:00,0.9975000023841858,1.0054999589920044,0.9961000084877014,1.000100016593933,21360832
2026-08-18 15:00:00+00:00,1.0003999471664429,1.003999948501587,0.9995999932289124,1.0032999515533447,0
2026-08-18 16:00:00+00:00,1.0032999515533447,1.003600001335144,0.9998999834060669,1.0017000436782837,0
2026-08-18 17:00:00+00:00,1.0016000270843506,1.0017000436782837,0.9997000098228455,0.9998999834060669,0
2026-08-18 18:00:00+00:00,0.9997000098228455,1.0019999742507935,0.9997000098228455,1.000599980354309,0
2026-08-18 19:00:00+00:00,1.000499963760376,1.002500057220459,1.0002000331878662,1.0022000074386597,0
2026-08-18 20:00:00+00:00,1.0022000074386597,1.0029000043869019,0.9983000159263611,0.9994999766349792,4094720
2026-08-18 21:00:00+00:00,0.9994000196456909,1.0017000436782837,0.9994000196456909,0.9997000098228455,0
2026-08-18 22:00:00+00:00,0.9997000098228455,1.0017000436782837,0.9983999729156494,0.9998999834060669,11106048
2026-08-18 23:00:00+00:00,0.9998000264167786,1.0027999877929688,0.9998000264167786,1.0011999607086182,9877376
2026-08-19 00:00:00+00:00,1.0015000104904175,1.0015000104904175,0.9958000183105469,0.9958000183105469,16098176
2026-08-19 01:00:00+00:00,0.9955999851226807,0.9994999766349792,0.9952999949455261,0.9980999827384949,4492224
2026-08-19 02:00:00+00:00,0.9977999925613403,0.9983999729156494,0.996999979019165,0.9977999925613403,0
2026-08-19 03:00:00+00:00,0.9976999759674072,1.0006999969482422,0.996999979019165,0.9994000196456909,0
2026-08-19 04:00:00+00:00,0.9994000196456909,1.0002000331878662,0.9987000226974487,0.9991999864578247,0
2026-08-19 05:00:00+00:00,0.9991000294685364,1.0010000467300415,0.9987000226974487,0.9993000030517578,0
2026-08-19 06:00:00+00:00,0.9993000030517578,1.0045000314712524,0.9983000159263611,1.003499984741211,11632640
2026-08-19 07:00:00+00:00,1.003600001335144,1.0053999423980713,1.0023000240325928,1.0025999546051025,0
2026-08-19 08:00:00+00:00,1.0025999546051025,1.0085999965667725,1.0023000240325928,1.0055999755859375,14121216
2026-08-19 09:00:00+00:00,1.0056999921798706,1.007200002670288,1.0027999877929688,1.0033999681472778,11661248
2026-08-19 10:00:00+00:00,1.0032999515533447,1.0047999620437622,1.002500057220459,1.0045000314712524,8257472
2026-08-19 11:00:00+00:00,1.0044000148773193,1.0059000253677368,1.003600001335144,1.0049999952316284,0
2026-08-19 12:00:00+00:00,1.0049999952316284,1.0116000175476074,1.0047999620437622,1.0103000402450562,36379648
2026-08-19 13:00:00+00:00,1.01010000705719,1.0228999853134155,1.0092999935150146,1.0161999464035034,97450176
2026-08-19 14:00:00+00:00,1.0163999795913696,1.0341999530792236,1.0146000385284424,1.0324000120162964,21816384
2026-08-19 15:00:00+00:00,1.0338000059127808,1.073799967765808,1.030500054359436,1.0672999620437622,489142272
2026-08-19 16:00:00+00:00,1.0684000253677368,1.0703999996185303,1.0636999607086182,1.0636999607086182,215005312
2026-08-19 17:00:00+00:00,1.0637999773025513,1.0642000436782837,1.0515999794006348,1.0613000392913818,143723392
2026-08-19 18:00:00+00:00,1.0615999698638916,1.069700002670288,1.0555000305175781,1.069100022315979,69459328
2026-08-19 19:00:00+00:00,1.0688999891281128,1.0705000162124634,1.0640000104904175,1.067199945449829,109383808
2026-08-19 20:00:00+00:00,1.067199945449829,1.103700041770935,1.067199945449829,1.0989999771118164,225983488
2026-08-19 21:00:00+00:00,1.0999000072479248,1.1325000524520874,1.0959999561309814,1.1318999528884888,457928448
2026-08-19 22:00:00+00:00,1.1327999830245972,1.1347999572753906,1.0990999937057495,1.1018999814987183,348334592
2026-08-19 23:00:00+00:00,1.1018999814987183,1.1055999994277954,1.0944000482559204,1.1053999662399292,158374912
2026-08-20 00:00:00+00:00,1.1051000356674194,1.1126999855041504,1.1038999557495117,1.1069999933242798,74010368
2026-08-20 01:00:00+00:00,1.107100009918213,1.1157000064849854,1.1060999631881714,1.111299991607666,63535872
2026-08-20 02:00:00+00:00,1.1116000413894653,1.1134999990463257,1.0986000299453735,1.0987999439239502,38703616
2026-08-20 03:00:00+00:00,1.0994000434875488,1.0995999574661255,1.0870000123977661,1.092900037765503,80124928
2026-08-20 04:00:00+00:00,1.093000054359436,1.100100040435791,1.0923000574111938,1.0989999771118164,40597504
2026-08-20 05:00:00+00:00,1.0994000434875488,1.1093000173568726,1.0990999937057495,1.103700041770935,30026240
2026-08-20 06:00:00+00:00,1.1030999422073364,1.111299991607666,1.0996999740600586,1.110700011253357,44017664
2026-08-20 07:00:00+00:00,1.1101000308990479,1.1125999689102173,1.1067999601364136,1.111199975013733,44089600
2026-08-20 08:00:00+00:00,1.111299991607666,1.1548999547958374,1.1103999614715576,1.152400016784668,282217472
2026-08-20 09:00:00+00:00,1.1526000499725342,1.162500023841858,1.1449999809265137,1.1484999656677246,201027328
2026-08-20 10:00:00+00:00,1.148900032043457,1.1656999588012695,1.1466000080108643,1.1598000526428223,157707520
2026-08-20 11:00:00+00:00,1.159000039100647,1.195099949836731,1.1562999486923218,1.1899000406265259,290894592
2026-08-20 12:00:00+00:00,1.1904000043869019,1.1959999799728394,1.1777000427246094,1.1919000148773193,275842560
2026-08-20 13:00:00+00:00,1.1922999620437622,1.222100019454956,1.188099980354309,1.219099998474121,324509696
2026-08-20 14:00:00+00:00,1.2188999652862549,1.2453999519348145,1.2143000364303589,1.2265000343322754,460558336
2026-08-20 15:00:00+00:00,1.226699948310852,1.2633999586105347,1.2252999544143677,1.2616000175476074,10243072
2026-08-20 16:00:00+00:00,1.2611000537872314,1.3152999877929688,1.2524000406265259,1.3138999938964844,377429504
2026-08-20 17:00:00+00:00,1.3122999668121338,1.3436000347137451,1.305400013923645,1.3101999759674072,616301056
2026-08-20 18:00:00+00:00,1.3113000392913818,1.3172999620437622,1.2282999753952026,1.2288000583648682,419851776
2026-08-20 19:00:00+00:00,1.2317999601364136,1.239300012588501,1.2202999591827393,1.2323999404907227,307913216
2026-08-20 20:00:00+00:00,1.2325999736785889,1.2470999956130981,1.2301000356674194,1.243299961090088,71028224
2026-08-20 21:00:00+00:00,1.243399977684021,1.2716000080108643,1.242900013923645,1.257699966430664,0
2026-08-20 22:00:00+00:00,1.2574000358581543,1.2655999660491943,1.2538000345230103,1.25600004196167,0
2026-08-20 23:00:00+00:00,1.25600004196167,1.2747000455856323,1.2547999620437622,1.267699956893921,2830336
2026-08-21 00:00:00+00:00,1.2687000036239624,1.2726999521255493,1.2589000463485718,1.2654000520706177,82240000
2026-08-21 01:00:00+00:00,1.2653000354766846,1.3020999431610107,1.2634999752044678,1.295799970626831,291944448
2026-08-21 02:00:00+00:00,1.2960000038146973,1.2999000549316406,1.2817000150680542,1.288699984550476,190290432
2026-08-21 03:00:00+00:00,1.2898999452590942,1.3181999921798706,1.2836999893188477,1.3083000183105469,231704576
2026-08-21 04:00:00+00:00,1.3092000484466553,1.3205000162124634,1.2967000007629395,1.3138999938964844,187398656
2026-08-21 05:00:00+00:00,1.313599944114685,1.3138999938964844,1.3035999536514282,1.309499979019165,56363520
2026-08-21 06:00:00+00:00,1.30840003490448,1.3198000192642212,1.2965999841690063,1.29830002784729,93428736
2026-08-21 07:00:00+00:00,1.2976000308990479,1.3207999467849731,1.2976000308990479,1.3142000436782837,119848448
2026-08-21 08:00:00+00:00,1.3127000331878662,1.3984999656677246,1.3127000331878662,1.3983999490737915,447657472
2026-08-21 09:00:00+00:00,1.3991999626159668,1.4290000200271606,1.3391000032424927,1.419700026512146,748514304
2026-08-21 10:00:00+00:00,1.4218000173568726,1.42330002784729,1.368299961090088,1.3844000101089478,460095488
2026-08-21 11:00:00+00:00,1.3854999542236328,1.4038000106811523,1.355299949645996,1.3568999767303467,149996544
2026-08-21 12:00:00+00:00,1.3579000234603882,1.3868000507354736,1.348099946975708,1.3806999921798706,181390336
2026-08-21 13:00:00+00:00,1.3796000480651855,1.4220000505447388,1.3666000366210938,1.4179999828338623,187062272
2026-08-21 14:00:00+00:00,1.4163999557495117,1.417799949645996,1.3889000415802002,1.4002000093460083,0
2026-08-21 15:00:00+00:00,1.4004000425338745,1.4194999933242798,1.3955999612808228,1.4033000469207764,0
2026-08-21 16:00:00+00:00,1.4038000106811523,1.4063999652862549,1.386199951171875,1.3992999792099,0
2026-08-21 17:00:00+00:00,1.3992999792099,1.4119000434875488,1.374500036239624,1.3867000341415405,0
2026-08-21 18:00:00+00:00,1.3863999843597412,1.399899959564209,1.3681000471115112,1.3777999877929688,0
2026-08-21 19:00:00+00:00,1.3775999546051025,1.3875000476837158,1.3628000020980835,1.3708000183105469,0
2026-08-21 20:00:00+00:00,1.3722000122070312,1.3823000192642212,1.3664000034332275,1.374500036239624,0
2026-08-21 21:00:00+00:00,1.3738000392913818,1.4101999998092651,1.3722000122070312,1.4062999486923218,95121408
2026-08-21 22:00:00+00:00,1.4053000211715698,1.45169997215271,1.399399995803833,1.4449000358581543,470468608
2026-08-21 23:00:00+00:00,1.4457999467849731,1.475100040435791,1.4357999563217163,1.4545999765396118,399410176
2026-08-22 00:00:00+00:00,1.4550000429153442,1.481600046157837,1.423799991607666,1.4599000215530396,329459712
2026-08-22 01:00:00+00:00,1.4575999975204468,1.51010000705719,1.4574999809265137,1.4758000373840332,351858688
2026-08-22 02:00:00+00:00,1.4780000448226929,1.5540000200271606,1.475000023841858,1.5492000579833984,487444480
2026-08-22 03:00:00+00:00,1.5475000143051147,1.597599983215332,1.5432000160217285,1.5640000104904175,532131840
2026-08-22 04:00:00+00:00,1.5638999938964844,1.6717000007629395,1.5530999898910522,1.662500023841858,961988608
2026-08-22 05:00:00+00:00,1.6634999513626099,1.6990000009536743,1.374400019645691,1.5263999700546265,3165630464
2026-08-22 06:00:00+00:00,1.526900053024292,1.5913000106811523,1.5160000324249268,1.580299973487854,1008269312
2026-08-22 07:00:00+00:00,1.5789999961853027,1.6260000467300415,1.5598000288009644,1.5631999969482422,670458880
2026-08-22 08:00:00+00:00,1.5634000301361084,1.5667999982833862,1.4864000082015991,1.52839994430542,44978176
2026-08-22 09:00:00+00:00,1.527500033378601,1.5307999849319458,1.4915000200271606,1.5020999908447266,0
2026-08-22 10:00:00+00:00,1.4996000528335571,1.5038000345230103,1.4244999885559082,1.4843000173568726,112340992
2026-08-22 11:00:00+00:00,1.48580002784729,1.4982000589370728,1.4746999740600586,1.4879000186920166,0
2026-08-22 12:00:00+00:00,1.4876999855041504,1.529099941253662,1.4845999479293823,1.503499984741211,36195328
2026-08-22 13:00:00+00:00,1.5024000406265259,1.5098999738693237,1.4891999959945679,1.5006999969482422,0
2026-08-22 14:00:00+00:00,1.5009000301361084,1.5018999576568604,1.4355000257492065,1.451300024986267,0
2026-08-22 15:00:00+00:00,1.4508999586105347,1.4545999765396118,1.4300999641418457,1.4390000104904175,173985792
2026-08-22 16:00:00+00:00,1.4381999969482422,1.489300012588501,1.4347000122070312,1.4809000492095947,140419072
2026-08-22 17:00:00+00:00,1.482300043106079,1.4859999418258667,1.4666999578475952,1.4809000492095947,0
2026-08-22 18:00:00+00:00,1.480299949645996,1.4984999895095825,1.4782999753952026,1.4895999431610107,0
2026-08-22 19:00:00+00:00,1.4889999628067017,1.5062999725341797,1.4837000370025635,1.5012999773025513,0
2026-08-22 20:00:00+00:00,1.5011999607086182,1.5163999795913696,1.4952000379562378,1.5019999742507935,5702656
2026-08-22 21:00:00+00:00,1.5015000104904175,1.5015000104904175,1.451200008392334,1.454800009727478,0
2026-08-22 22:00:00+00:00,1.4585000276565552,1.475600004196167,1.4467999935150146,1.467900037765503,0
2026-08-22 23:00:00+00:00,1.4692000150680542,1.4696999788284302,1.4509999752044678,1.4617999792099,0
2026-08-23 00:00:00+00:00,1.4630999565124512,1.5191999673843384,1.4630999565124512,1.513800024986267,0
2026-08-23 01:00:00+00:00,1.510200023651123,1.510200023651123,1.48580002784729,1.4914000034332275,0
2026-08-23 02:00:00+00:00,1.4909000396728516,1.4945000410079956,1.472100019454956,1.4846999645233154,0
2026-08-23 03:00:00+00:00,1.4842000007629395,1.4938000440597534,1.4629000425338745,1.4749000072479248,0
2026-08-23 04:00:00+00:00,1.4740999937057495,1.4888999462127686,1.4467999935150146,1.454300045967102,0
2026-08-23 05:00:00+00:00,1.4537999629974365,1.4771000146865845,1.4400999546051025,1.447700023651123,0
2026-08-23 06:00:00+00:00,1.4467999935150146,1.461899995803833,1.4348000288009644,1.444700002670288,0
2026-08-23 07:00:00+00:00,1.4438999891281128,1.4735000133514404,1.4393999576568604,1.461300015449524,0
2026-08-23 08:00:00+00:00,1.4596999883651733,1.4850000143051147,1.4574999809265137,1.475100040435791,0
2026-08-23 09:00:00+00:00,1.4746999740600586,1.4846999645233154,1.4681999683380127,1.4771000146865845,0
2026-08-23 10:00:00+00:00,1.4780999422073364,1.4979000091552734,1.475100040435791,1.4754999876022339,0
2026-08-23 11:00:00+00:00,1.4757000207901,1.503100037574768,1.4757000207901,1.4943000078201294,0
2026-08-23 12:00:00+00:00,1.4944000244140625,1.4988000392913818,1.4838999509811401,1.4946000576019287,0
2026-08-23 13:00:00+00:00,1.4943000078201294,1.5241999626159668,1.493499994277954,1.520300030708313,76748288
2026-08-23 14:00:00+00:00,1.520300030708313,1.5499000549316406,1.4639999866485596,1.5151000022888184,220793856
2026-08-23 15:00:00+00:00,1.516700029373169,1.517199993133545,1.4874000549316406,1.496399998664856,0
2026-08-23 16:00:00+00:00,1.4977999925613403,1.5109000205993652,1.4946000576019287,1.5073000192642212,0
2026-08-23 17:00:00+00:00,1.5084999799728394,1.523900032043457,1.499500036239624,1.5051000118255615,0
2026-08-23 18:00:00+00:00,1.5051000118255615,1.5197999477386475,1.5026999711990356,1.5087000131607056,0
2026-08-23 19:00:00+00:00,1.509600043296814,1.5110000371932983,1.4888999462127686,1.4973000288009644,0
2026-08-23 20:00:00+00:00,1.4979000091552734,1.5080000162124634,1.4905999898910522,1.5009000301361084,0
2026-08-23 21:00:00+00:00,1.5011999607086182,1.5465999841690063,1.5011999607086182,1.5256999731063843,48128
2026-08-23 22:00:00+00:00,1.5269999504089355,1.5317000150680542,1.5113999843597412,1.5174000263214111,113041408
2026-08-23 23:00:00+00:00,1.516800045967102,1.5292999744415283,1.5095000267028809,1.520300030708313,97506816
2026-08-24 00:00:00+00:00,1.5206999778747559,1.5226999521255493,1.4818999767303467,1.5044000148773193,0
2026-08-24 01:00:00+00:00,1.5056999921798706,1.5056999921798706,1.4658000469207764,1.46589994430542,0
2026-08-24 02:00:00+00:00,1.4674999713897705,1.4936000108718872,1.462499976158142,1.4859999418258667,20110336
2026-08-24 03:00:00+00:00,1.4871000051498413,1.489400029182434,1.4635000228881836,1.4648000001907349,0
2026-08-24 04:00:00+00:00,1.4666999578475952,1.4836000204086304,1.46589994430542,1.479099988937378,0
2026-08-24 05:00:00+00:00,1.478600025177002,1.4859999418258667,1.4645999670028687,1.4802000522613525,0
2026-08-24 06:00:00+00:00,1.479099988937378,1.4903000593185425,1.4681999683380127,1.4833999872207642,0
2026-08-24 07:00:00+00:00,1.4833999872207642,1.5032000541687012,1.4743000268936157,1.4749000072479248,64195584
2026-08-24 08:00:00+00:00,1.475100040435791,1.476699948310852,1.4532999992370605,1.4601999521255493,20612608
2026-08-24 09:00:00+00:00,1.4594000577926636,1.4848999977111816,1.4594000577926636,1.4795000553131104,17361920
2026-08-24 10:00:00+00:00,1.4788999557495117,1.4895999431610107,1.4772000312805176,1.4833999872207642,0
2026-08-24 11:00:00+00:00,1.4831000566482544,1.5087000131607056,1.4716999530792236,1.4972000122070312,108171264
2026-08-24 12:00:00+00:00,1.4951000213623047,1.5182000398635864,1.4819999933242798,1.516800045967102,190015488
2026-08-24 13:00:00+00:00,1.5166000127792358,1.5227999687194824,1.4783999919891357,1.4909000396728516,194006016
2026-08-24 14:00:00+00:00,1.4905999898910522,1.5298000574111938,1.488800048828125,1.51010000705719,0
2026-08-24 15:00:00+00:00,1.51010000705719,1.5286999940872192,1.4958000183105469,1.5010000467300415,20765184
2026-08-24 16:00:00+00:00,1.5019999742507935,1.5226999521255493,1.4981000423431396,1.498900055885315,134897664
2026-08-24 17:00:00+00:00,1.4996999502182007,1.5017999410629272,1.4652999639511108,1.4763000011444092,221834240
2026-08-24 18:00:00+00:00,1.4775999784469604,1.4904999732971191,1.4680999517440796,1.4726999998092651,87996416
2026-08-24 19:00:00+00:00,1.4722000360488892,1.485200047492981,1.4660999774932861,1.4839999675750732,93219840
2026-08-24 20:00:00+00:00,1.4837000370025635,1.4837000370025635,1.4694000482559204,1.4788000583648682,46114816
2026-08-24 21:00:00+00:00,1.478700041770935,1.4891999959945679,1.4759000539779663,1.4814000129699707,0
2026-08-24 22:00:00+00:00,1.4824999570846558,1.4850000143051147,1.4765000343322754,1.4778000116348267,0
2026-08-24 23:00:00+00:00,1.4780000448226929,1.4845999479293823,1.4666999578475952,1.4812999963760376,0
2026-08-25 00:00:00+00:00,1.4809999465942383,1.5160000324249268,1.4752000570297241,1.507099986076355,16991232
2026-08-25 01:00:00+00:00,1.5078999996185303,1.5157999992370605,1.496500015258789,1.5098999738693237,0
2026-08-25 02:00:00+00:00,1.5087000131607056,1.548799991607666,1.5041999816894531,1.5217000246047974,257084928
2026-08-25 03:00:00+00:00,1.521399974822998,1.5318000316619873,1.5077999830245972,1.5130000114440918,41537536
2026-08-25 04:00:00+00:00,1.5130000114440918,1.516800045967102,1.5039000511169434,1.5134999752044678,21884416
2026-08-25 05:00:00+00:00,1.5135999917984009,1.5269999504089355,1.5113999843597412,1.5182000398635864,0
2026-08-25 06:00:00+00:00,1.5194000005722046,1.5202000141143799,1.4976999759674072,1.5025999546051025,0
2026-08-25 07:00:00+00:00,1.5023000240325928,1.5113999843597412,1.4758000373840332,1.4854999780654907,0
2026-08-25 08:00:00+00:00,1.48580002784729,1.4967000484466553,1.4845999479293823,1.4900000095367432,0
2026-08-25 09:00:00+00:00,1.490399956703186,1.49590003490448,1.4702999591827393,1.479699969291687,0
2026-08-25 10:00:00+00:00,1.4794000387191772,1.486299991607666,1.4771000146865845,1.4842000007629395,0
2026-08-25 11:00:00+00:00,1.4840999841690063,1.4869999885559082,1.4772000312805176,1.4805999994277954,0
2026-08-25 12:00:00+00:00,1.4805999994277954,1.483199954032898,1.4636000394821167,1.4739999771118164,0
2026-08-25 13:00:00+00:00,1.4743000268936157,1.476099967956543,1.444100022315979,1.4570000171661377,0
2026-08-25 14:00:00+00:00,1.4573999643325806,1.4788000583648682,1.454300045967102,1.4723999500274658,0
2026-08-25 15:00:00+00:00,1.4735000133514404,1.4800000190734863,1.4651999473571777,1.4788999557495117,0
2026-08-25 16:00:00+00:00,1.478700041770935,1.4836000204086304,1.4666999578475952,1.4716999530792236,0
2026-08-25 17:00:00+00:00,1.4718999862670898,1.4778000116348267,1.4616999626159668,1.4765000343322754,0
2026-08-25 18:00:00+00:00,1.4765000343322754,1.482200026512146,1.472000002861023,1.4759999513626099,0
2026-08-25 19:00:00+00:00,1.4759999513626099,1.4782999753952026,1.4651000499725342,1.4714000225067139,0
2026-08-25 20:00:00+00:00,1.4722000360488892,1.4723000526428223,1.4428999423980713,1.4434000253677368,11750400
2026-08-25 21:00:00+00:00,1.4431999921798706,1.4488999843597412,1.4081000089645386,1.4378999471664429,322271232
2026-08-25 22:00:00+00:00,1.4386999607086182,1.4528000354766846,1.4378000497817993,1.4471999406814575,51435008
2026-08-25 23:00:00+00:00,1.4469000101089478,1.4499000310897827,1.427299976348877,1.4342999458312988,2897920
2026-08-26 00:00:00+00:00,1.4354000091552734,1.437000036239624,1.4235999584197998,1.4332000017166138,0
2026-08-26 01:00:00+00:00,1.4327000379562378,1.4469000101089478,1.4327000379562378,1.4419000148773193,0
2026-08-26 02:00:00+00:00,1.4424999952316284,1.4502999782562256,1.437399983406067,1.4431999921798706,0
2026-08-26 03:00:00+00:00,1.4429999589920044,1.4456000328063965,1.434999942779541,1.4393999576568604,0
2026-08-26 04:00:00+00:00,1.4392000436782837,1.4471999406814575,1.43340003490448,1.4347000122070312,0
2026-08-26 05:00:00+00:00,1.4347000122070312,1.4458999633789062,1.4255000352859497,1.4426000118255615,0
2026-08-26 06:00:00+00:00,1.4424999952316284,1.4469000101089478,1.4316999912261963,1.4371000528335571,0
2026-08-26 07:00:00+00:00,1.4371000528335571,1.4428000450134277,1.4322999715805054,1.432800054550171,0
2026-08-26 08:00:00+00:00,1.432800054550171,1.4401999711990356,1.4253000020980835,1.4289000034332275,0
2026-08-26 09:00:00+00:00,1.4289000034332275,1.4327000379562378,1.4077999591827393,1.410599946975708,33289472
2026-08-26 10:00:00+00:00,1.409500002861023,1.434499979019165,1.4036999940872192,1.4306999444961548,44932096
2026-08-26 11:00:00+00:00,1.430899977684021,1.4313000440597534,1.4079999923706055,1.4114999771118164,40299008
2026-08-26 12:00:00+00:00,1.4119000434875488,1.423799991607666,1.398300051689148,1.4093999862670898,57905920
2026-08-26 13:00:00+00:00,1.408400058746338,1.4118000268936157,1.378000020980835,1.3941999673843384,0
2026-08-26 14:00:00+00:00,1.3912999629974365,1.3990999460220337,1.3703999519348145,1.3712999820709229,0
2026-08-26 15:00:00+00:00,1.37090003490448,1.3799999952316284,1.357699990272522,1.3726999759674072,211015424
2026-08-26 16:00:00+00:00,1.3734999895095825,1.3806999921798706,1.3675999641418457,1.374400019645691,44848384
2026-08-26 17:00:00+00:00,1.3753999471664429,1.3968000411987305,1.3734999895095825,1.3863999843597412,75028480
2026-08-26 18:00:00+00:00,1.3867000341415405,1.3897000551223755,1.3777999877929688,1.3840999603271484,24092672
2026-08-26 19:00:00+00:00,1.3831000328063965,1.3875000476837158,1.3774000406265259,1.3787000179290771,5432832
2026-08-26 20:00:00+00:00,1.378600001335144,1.3801000118255615,1.364400029182434,1.3794000148773193,0
2026-08-26 21:00:00+00:00,1.3791999816894531,1.4013999700546265,1.378100037574768,1.4012000560760498,0
2026-08-26 22:00:00+00:00,1.3995000123977661,1.4158999919891357,1.398300051689148,1.4036999940872192,14769408
2026-08-26 23:00:00+00:00,1.4023000001907349,1.426900029182434,1.4002000093460083,1.422700047492981,56022016
2026-08-27 00:00:00+00:00,1.4217000007629395,1.4217000007629395,1.4038000106811523,1.4048000574111938,0
2026-08-27 01:00:00+00:00,1.4041999578475952,1.4169000387191772,1.3980000019073486,1.40910005569458,0
2026-08-27 02:00:00+00:00,1.409500002861023,1.4172999858856201,1.4019999504089355,1.4053000211715698,0
2026-08-27 03:00:00+00:00,1.405500054359436,1.4127999544143677,1.4005000591278076,1.406499981880188,12633856
2026-08-27 04:00:00+00:00,1.406999945640564,1.4098999500274658,1.3976000547409058,1.4026999473571777,0
2026-08-27 05:00:00+00:00,1.402999997138977,1.410599946975708,1.392799973487854,1.4098000526428223,0
2026-08-27 06:00:00+00:00,1.4093999862670898,1.4093999862670898,1.3981000185012817,1.405900001525879,0
2026-08-27 07:00:00+00:00,1.4049999713897705,1.413699984550476,1.402400016784668,1.4113999605178833,0
2026-08-27 08:00:00+00:00,1.4118000268936157,1.440999984741211,1.4098999500274658,1.4345999956130981,253634048
2026-08-27 09:00:00+00:00,1.4337999820709229,1.4524999856948853,1.43149995803833,1.4357999563217163,82762240
2026-08-27 10:00:00+00:00,1.4358999729156494,1.444100022315979,1.4179999828338623,1.4234000444412231,3083520
2026-08-27 11:00:00+00:00,1.42330002784729,1.4328999519348145,1.4205000400543213,1.4255000352859497,0
2026-08-27 12:00:00+00:00,1.4254000186920166,1.4342999458312988,1.4210000038146973,1.4214999675750732,0
2026-08-27 13:00:00+00:00,1.4215999841690063,1.440500020980835,1.4199999570846558,1.4387999773025513,0
2026-08-27 14:00:00+00:00,1.438599944114685,1.4703999757766724,1.437000036239624,1.4609999656677246,123355648
2026-08-27 15:00:00+00:00,1.461899995803833,1.4708000421524048,1.4523999691009521,1.465999960899353,0
2026-08-27 16:00:00+00:00,1.4681999683380127,1.4742000102996826,1.4610999822616577,1.4658000469207764,64289024
2026-08-27 17:00:00+00:00,1.46589994430542,1.4713000059127808,1.4549000263214111,1.4586999416351318,0
2026-08-27 18:00:00+00:00,1.4586000442504883,1.4586999416351318,1.436900019645691,1.452299952507019,33985792
2026-08-27 19:00:00+00:00,1.4519000053405762,1.457900047302246,1.4463000297546387,1.4575999975204468,36758272
2026-08-27 20:00:00+00:00,1.4562000036239624,1.4616999626159668,1.4491000175476074,1.4550000429153442,33664768
2026-08-27 21:00:00+00:00,1.4550000429153442,1.4564000368118286,1.4458999633789062,1.450600028038025,0
2026-08-27 22:00:00+00:00,1.450600028038025,1.4586999416351318,1.4493000507354736,1.4541000127792358,0
2026-08-27 23:00:00+00:00,1.4536999464035034,1.4591000080108643,1.4509999752044678,1.4536999464035034,0
2026-08-28 00:00:00+00:00,1.4534000158309937,1.4550000429153442,1.4426000118255615,1.4478000402450562,0
2026-08-28 01:00:00+00:00,1.448199987411499,1.4723999500274658,1.447700023651123,1.4508999586105347,36664832
2026-08-28 02:00:00+00:00,1.4507999420166016,1.4507999420166016,1.4257999658584595,1.4330999851226807,118275328
2026-08-28 03:00:00+00:00,1.4332000017166138,1.4363000392913818,1.4257999658584595,1.4312000274658203,44187648
2026-08-28 04:00:00+00:00,1.430899977684021,1.43340003490448,1.4204000234603882,1.4218000173568726,50763520
2026-08-28 05:00:00+00:00,1.4213000535964966,1.4270999431610107,1.4183000326156616,1.4223999977111816,0
2026-08-28 06:00:00+00:00,1.4223999977111816,1.4283000230789185,1.4223999977111816,1.4257999658584595,0
2026-08-28 07:00:00+00:00,1.4258999824523926,1.4259999990463257,1.417199969291687,1.420799970626831,18008320
2026-08-28 08:00:00+00:00,1.4208999872207642,1.4270000457763672,1.4186999797821045,1.4204000234603882,0
2026-08-28 09:00:00+00:00,1.420799970626831,1.420799970626831,1.4093999862670898,1.4107999801635742,0
2026-08-28 10:00:00+00:00,1.4107999801635742,1.4215999841690063,1.402400016784668,1.4213999509811401,0
2026-08-28 11:00:00+00:00,1.4217000007629395,1.4315999746322632,1.419600009918213,1.4198999404907227,0
2026-08-28 12:00:00+00:00,1.419700026512146,1.4240000247955322,1.413699984550476,1.4240000247955322,0
2026-08-28 13:00:00+00:00,1.4234999418258667,1.4259999990463257,1.4151999950408936,1.4199999570846558,0
2026-08-28 14:00:00+00:00,1.4190000295639038,1.4390000104904175,1.388700008392334,1.4318000078201294,368973568
2026-08-28 15:00:00+00:00,1.4332000017166138,1.4383000135421753,1.40339994430542,1.4041999578475952,0
2026-08-28 16:00:00+00:00,1.405400037765503,1.4119999408721924,1.3756999969482422,1.392799973487854,150749440
2026-08-28 17:00:00+00:00,1.3937000036239624,1.3938000202178955,1.3813999891281128,1.3882999420166016,0
2026-08-28 18:00:00+00:00,1.3884999752044678,1.3890000581741333,1.3634999990463257,1.3738000392913818,25336832
2026-08-28 19:00:00+00:00,1.3734999895095825,1.3837000131607056,1.3733999729156494,1.3783999681472778,0
2026-08-28 20:00:00+00:00,1.3782999515533447,1.3834999799728394,1.375100016593933,1.3799999952316284,0
2026-08-28 21:00:00+00:00,1.3802000284194946,1.3839999437332153,1.3700000047683716,1.3723000288009644,0
2026-08-28 22:00:00+00:00,1.371999979019165,1.3838000297546387,1.3707000017166138,1.3830000162124634,2877952
2026-08-28 23:00:00+00:00,1.3825000524520874,1.3841999769210815,1.3803999423980713,1.3837000131607056,0
2026-08-29 00:00:00+00:00,1.3838000297546387,1.38919997215271,1.3812999725341797,1.3833999633789062,0
2026-08-29 01:00:00+00:00,1.3830000162124634,1.3874000310897827,1.3772000074386597,1.3849999904632568,0
2026-08-29 02:00:00+00:00,1.3849999904632568,1.3870999813079834,1.379699945449829,1.3830000162124634,0
2026-08-29 03:00:00+00:00,1.3830000162124634,1.385200023651123,1.3782999515533447,1.3794000148773193,0
2026-08-29 04:00:00+00:00,1.3794000148773193,1.3866000175476074,1.378999948501587,1.3865000009536743,0
2026-08-29 05:00:00+00:00,1.386299967765808,1.392899990081787,1.3849999904632568,1.3896000385284424,0
2026-08-29 06:00:00+00:00,1.389799952507019,1.389799952507019,1.3772000074386597,1.3806999921798706,0
2026-08-29 07:00:00+00:00,1.3808000087738037,1.3867000341415405,1.3802000284194946,1.3832000494003296,0
2026-08-29 08:00:00+00:00,1.3825000524520874,1.3842999935150146,1.3788000345230103,1.3832999467849731,0
2026-08-29 09:00:00+00:00,1.3832000494003296,1.3863999843597412,1.3818000555038452,1.3839999437332153,0
2026-08-29 10:00:00+00:00,1.3840999603271484,1.3894000053405762,1.3795000314712524,1.3854999542236328,0
2026-08-29 11:00:00+00:00,1.385200023651123,1.3869999647140503,1.3819999694824219,1.3833999633789062,0
2026-08-29 12:00:00+00:00,1.3831000328063965,1.3868000507354736,1.381100058555603,1.3846999406814575,0
2026-08-29 13:00:00+00:00,1.3846999406814575,1.3878999948501587,1.3831000328063965,1.3870999813079834,0
2026-08-29 14:00:00+00:00,1.3869999647140503,1.4033000469207764,1.3858000040054321,1.4005999565124512,0
2026-08-29 15:00:00+00:00,1.4012000560760498,1.4012000560760498,1.3903000354766846,1.3933000564575195,0
2026-08-29 16:00:00+00:00,1.3934999704360962,1.396299958229065,1.3896000385284424,1.3920999765396118,0
2026-08-29 17:00:00+00:00,1.3925000429153442,1.3948999643325806,1.386299967765808,1.3925000429153442,0
2026-08-29 18:00:00+00:00,1.392300009727478,1.3969999551773071,1.3904999494552612,1.3944000005722046,0
2026-08-29 19:00:00+00:00,1.3941999673843384,1.3996000289916992,1.393399953842163,1.3976000547409058,0
2026-08-29 20:00:00+00:00,1.3982000350952148,1.401900053024292,1.394700050354004,1.3976999521255493,0
2026-08-29 21:00:00+00:00,1.3977999687194824,1.3980000019073486,1.3911000490188599,1.3924000263214111,0
2026-08-29 22:00:00+00:00,1.3924000263214111,1.3956999778747559,1.3905999660491943,1.3933000564575195,0
2026-08-29 23:00:00+00:00,1.3932000398635864,1.3971999883651733,1.3931000232696533,1.3966000080108643,0
2026-08-30 00:00:00+00:00,1.3960000276565552,1.3991999626159668,1.3930000066757202,1.395900011062622,0
2026-08-30 01:00:00+00:00,1.3956999778747559,1.395799994468689,1.389299988746643,1.3918999433517456,0
2026-08-30 02:00:00+00:00,1.3918999433517456,1.3964999914169312,1.3910000324249268,1.3938000202178955,1286656
2026-08-30 03:00:00+00:00,1.3938000202178955,1.3954999446868896,1.3910000324249268,1.3930000066757202,0
2026-08-30 04:00:00+00:00,1.392899990081787,1.3947999477386475,1.3874000310897827,1.392799973487854,0
2026-08-30 05:00:00+00:00,1.392199993133545,1.3974000215530396,1.3920999765396118,1.3961000442504883,0
2026-08-30 06:00:00+00:00,1.395900011062622,1.4035999774932861,1.3939000368118286,1.4016000032424927,3257600
2026-08-30 07:00:00+00:00,1.4019999504089355,1.4019999504089355,1.3914999961853027,1.391700029373169,0
2026-08-30 08:00:00+00:00,1.3918999433517456,1.3944000005722046,1.388800024986267,1.392199993133545,0
2026-08-30 09:00:00+00:00,1.3916000127792358,1.392799973487854,1.382599949836731,1.3861000537872314,23179520
2026-08-30 10:00:00+00:00,1.3866000175476074,1.3913999795913696,1.384600043296814,1.3890000581741333,2559616
2026-08-30 11:00:00+00:00,1.3894000053405762,1.392799973487854,1.3889000415802002,1.3924000263214111,21908864
2026-08-30 12:00:00+00:00,1.392199993133545,1.4031000137329102,1.391700029373169,1.402899980545044,54250752
2026-08-30 13:00:00+00:00,1.402999997138977,1.4107999801635742,1.3966000080108643,1.4088000059127808,57582080
2026-08-30 14:00:00+00:00,1.4085999727249146,1.4088000059127808,1.4021999835968018,1.4040000438690186,5898240
2026-08-30 15:00:00+00:00,1.404099941253662,1.4056999683380127,1.3955999612808228,1.3983999490737915,0
2026-08-30 16:00:00+00:00,1.3983999490737915,1.4256000518798828,1.3968000411987305,1.4223999977111816,35721728
2026-08-30 17:00:00+00:00,1.4220000505447388,1.4242000579833984,1.4083000421524048,1.4189000129699707,87313280
2026-08-30 18:00:00+00:00,1.419100046157837,1.4333000183105469,1.412500023841858,1.424399971961975,56467072
2026-08-30 19:00:00+00:00,1.4244999885559082,1.4244999885559082,1.4083000421524048,1.4110000133514404,15711488
2026-08-30 20:00:00+00:00,1.4118000268936157,1.4140000343322754,1.3924000263214111,1.395400047302246,63441152
2026-08-30 21:00:00+00:00,1.395799994468689,1.3982000350952148,1.3830000162124634,1.3952000141143799,98485760
2026-08-30 22:00:00+00:00,1.392699956893921,1.403499960899353,1.382099986076355,1.3860000371932983,60776704
2026-08-30 23:00:00+00:00,1.3858000040054321,1.3867000341415405,1.3365000486373901,1.357800006866455,301744256
2026-08-31 00:00:00+00:00,1.3569999933242798,1.3708000183105469,1.3526999950408936,1.3650000095367432,120900736
2026-08-31 01:00:00+00:00,1.36489999294281,1.3662999868392944,1.3427000045776367,1.3436000347137451,96635648
2026-08-31 02:00:00+00:00,1.3430999517440796,1.357200026512146,1.3392000198364258,1.3446999788284302,76542208
2026-08-31 03:00:00+00:00,1.3449000120162964,1.3568999767303467,1.343400001525879,1.354599952697754,52348416
2026-08-31 04:00:00+00:00,1.3549000024795532,1.3552000522613525,1.3452999591827393,1.3514000177383423,25626368
2026-08-31 05:00:00+00:00,1.3509000539779663,1.367799997329712,1.3489999771118164,1.3638999462127686,68619264
2026-08-31 06:00:00+00:00,1.3631000518798828,1.367900013923645,1.3597999811172485,1.364400029182434,54528512
2026-08-31 07:00:00+00:00,1.3634999990463257,1.3732000589370728,1.3633999824523926,1.3725999593734741,62087424
2026-08-31 08:00:00+00:00,1.3725999593734741,1.3775999546051025,1.3659000396728516,1.3732999563217163,61166848
2026-08-31 09:00:00+00:00,1.3729000091552734,1.3796000480651855,1.3698999881744385,1.3726999759674072,18953728
2026-08-31 10:00:00+00:00,1.3725999593734741,1.3824000358581543,1.3674999475479126,1.38100004196167,35265280
2026-08-31 11:00:00+00:00,1.3809000253677368,1.3813999891281128,1.370300054550171,1.37090003490448,15922944
2026-08-31 12:00:00+00:00,1.371000051498413,1.3782000541687012,1.3574999570846558,1.361899971961975,24347392
2026-08-31 13:00:00+00:00,1.3621000051498413,1.3730000257492065,1.3601000308990479,1.3622000217437744,39851776
2026-08-31 14:00:00+00:00,1.3625999689102173,1.3808000087738037,1.3592000007629395,1.3759000301361084,79546624
2026-08-31 15:00:00+00:00,1.3762999773025513,1.378999948501587,1.36489999294281,1.372499942779541,30745600
2026-08-31 16:00:00+00:00,1.3725999593734741,1.3832000494003296,1.367900013923645,1.3760000467300415,0
2026-08-31 17:00:00+00:00,1.3752000331878662,1.3869999647140503,1.3717999458312988,1.3848999738693237,0
2026-08-31 18:00:00+00:00,1.3845000267028809,1.3955999612808228,1.3804999589920044,1.3861000537872314,0
2026-08-31 19:00:00+00:00,1.3863999843597412,1.3925000429153442,1.3845000267028809,1.3875000476837158,0
2026-08-31 20:00:00+00:00,1.3876999616622925,1.3947999477386475,1.384600043296814,1.3865000009536743,0
2026-08-31 21:00:00+00:00,1.3867000341415405,1.3906999826431274,1.3802000284194946,1.386299967765808,0
2026-08-31 22:00:00+00:00,1.3869999647140503,1.3875999450683594,1.3792999982833862,1.3805999755859375,0
2026-08-31 23:00:00+00:00,1.3802000284194946,1.3803999423980713,1.375100016593933,1.379699945449829,0
2026-09-01 00:00:00+00:00,1.3792999982833862,1.388200044631958,1.378000020980835,1.3839999437332153,0
2026-09-01 01:00:00+00:00,1.3846999406814575,1.3873000144958496,1.3741999864578247,1.3762999773025513,0
2026-09-01 02:00:00+00:00,1.3758000135421753,1.3766000270843506,1.3696000576019287,1.3752000331878662,0
2026-09-01 03:00:00+00:00,1.3753000497817993,1.3916000127792358,1.374400019645691,1.3865000009536743,0
2026-09-01 04:00:00+00:00,1.3865000009536743,1.388200044631958,1.3787000179290771,1.3806999921798706,0
2026-09-01 05:00:00+00:00,1.3803000450134277,1.3961999416351318,1.3799999952316284,1.3944000005722046,0
2026-09-01 06:00:00+00:00,1.3939000368118286,1.3947999477386475,1.3838000297546387,1.3839000463485718,0
2026-09-01 07:00:00+00:00,1.3840999603271484,1.3861000537872314,1.3776999711990356,1.3799999952316284,0
2026-09-01 08:00:00+00:00,1.3801000118255615,1.3802000284194946,1.3617000579833984,1.3626999855041504,15476608
2026-09-01 09:00:00+00:00,1.3630000352859497,1.3680000305175781,1.3615000247955322,1.3669999837875366,2245248
2026-09-01 10:00:00+00:00,1.3667999505996704,1.3835999965667725,1.365399956703186,1.3773000240325928,15354752
2026-09-01 11:00:00+00:00,1.3772000074386597,1.3871999979019165,1.374400019645691,1.3818000555038452,19084800
2026-09-01 12:00:00+00:00,1.3818000555038452,1.3832000494003296,1.3687000274658203,1.3693000078201294,0
2026-09-01 13:00:00+00:00,1.3690999746322632,1.3770999908447266,1.3595999479293823,1.3753000497817993,66657792
2026-09-01 14:00:00+00:00,1.3753999471664429,1.3833999633789062,1.3739999532699585,1.3779000043869019,0
2026-09-01 15:00:00+00:00,1.378100037574768,1.3818000555038452,1.3667000532150269,1.3777999877929688,0
2026-09-01 16:00:00+00:00,1.3782999515533447,1.3788000345230103,1.3581000566482544,1.3650000095367432,25215232
2026-09-01 17:00:00+00:00,1.3653000593185425,1.3724000453948975,1.361199975013733,1.361899971961975,0
2026-09-01 18:00:00+00:00,1.3625999689102173,1.3645999431610107,1.3387000560760498,1.3558000326156616,106570240
2026-09-01 19:00:00+00:00,1.3559000492095947,1.3645000457763672,1.3528000116348267,1.354200005531311,42533376
2026-09-01 20:00:00+00:00,1.3550000190734863,1.3557000160217285,1.3467999696731567,1.3538000583648682,37137920
2026-09-01 21:00:00+00:00,1.3539999723434448,1.3551000356674194,1.3384000062942505,1.3486000299453735,29190400
2026-09-01 22:00:00+00:00,1.3486000299453735,1.3522000312805176,1.3394999504089355,1.344499945640564,47741184
2026-09-01 23:00:00+00:00,1.344499945640564,1.3550000190734863,1.3436000347137451,1.3513000011444092,41348864
2026-09-02 00:00:00+00:00,1.3517999649047852,1.3528000116348267,1.3407000303268433,1.3408000469207764,15175936
2026-09-02 01:00:00+00:00,1.340499997138977,1.3442000150680542,1.32669997215271,1.3344999551773071,63087360
2026-09-02 02:00:00+00:00,1.3339999914169312,1.3461999893188477,1.3309999704360962,1.3442000150680542,49328384
2026-09-02 03:00:00+00:00,1.3444000482559204,1.3567999601364136,1.3430999517440796,1.351199984550476,37152768
2026-09-02 04:00:00+00:00,1.3508000373840332,1.3513000011444092,1.3422000408172607,1.347599983215332,28534272
2026-09-02 05:00:00+00:00,1.347499966621399,1.3532999753952026,1.342900037765503,1.3507000207901,0
2026-09-02 06:00:00+00:00,1.3509999513626099,1.3517999649047852,1.3414000272750854,1.3461999893188477,13105920
2026-09-02 07:00:00+00:00,1.3461999893188477,1.3519999980926514,1.3446999788284302,1.3449000120162964,0
2026-09-02 08:00:00+00:00,1.3451999425888062,1.345900058746338,1.3252999782562256,1.330399990081787,9412608
2026-09-02 09:00:00+00:00,1.3301000595092773,1.3360999822616577,1.3216999769210815,1.3269000053405762,63021568
2026-09-02 10:00:00+00:00,1.32669997215271,1.3272000551223755,1.3099000453948975,1.319599986076355,23527168
2026-09-02 11:00:00+00:00,1.319000005722046,1.3250000476837158,1.3144999742507935,1.3248000144958496,37778432
2026-09-02 12:00:00+00:00,1.3241000175476074,1.330899953842163,1.3170000314712524,1.3172999620437622,4895488
2026-09-02 13:00:00+00:00,1.3173999786376953,1.3449000120162964,1.3173999786376953,1.34089994430542,0
2026-09-02 14:00:00+00:00,1.340000033378601,1.3461999893188477,1.3313000202178955,1.3315999507904053,31669504
2026-09-02 15:00:00+00:00,1.3315999507904053,1.339400053024292,1.3250999450683594,1.3360999822616577,35576576
2026-09-02 16:00:00+00:00,1.3357000350952148,1.3417999744415283,1.3313000202178955,1.3316999673843384,0
2026-09-02 17:00:00+00:00,1.3312000036239624,1.3379000425338745,1.3264000415802002,1.3375999927520752,0
2026-09-02 18:00:00+00:00,1.3379000425338745,1.343500018119812,1.3365999460220337,1.3418999910354614,0
2026-09-02 19:00:00+00:00,1.3413000106811523,1.3482999801635742,1.3396999835968018,1.343500018119812,0
2026-09-02 20:00:00+00:00,1.3442000150680542,1.3553999662399292,1.3430999517440796,1.3504999876022339,62512896
2026-09-02 21:00:00+00:00,1.3509999513626099,1.3528000116348267,1.3459999561309814,1.3480000495910645,0
2026-09-02 22:00:00+00:00,1.3476999998092651,1.3482999801635742,1.3416999578475952,1.3442000150680542,0
2026-09-02 23:00:00+00:00,1.3442000150680542,1.3517999649047852,1.3421000242233276,1.3507000207901,0
2026-09-03 00:00:00+00:00,1.350000023841858,1.354200005531311,1.3430999517440796,1.343999981880188,8067840
2026-09-03 01:00:00+00:00,1.3438999652862549,1.3658000230789185,1.339900016784668,1.3554999828338623,43727872
2026-09-03 02:00:00+00:00,1.355299949645996,1.372499942779541,1.3530000448226929,1.368899941444397,55150336
2026-09-03 03:00:00+00:00,1.3694000244140625,1.3737000226974487,1.3631999492645264,1.3664000034332275,56111872
2026-09-03 04:00:00+00:00,1.3665000200271606,1.3693000078201294,1.3609000444412231,1.368899941444397,9167360
2026-09-03 05:00:00+00:00,1.36899995803833,1.3703999519348145,1.3513000011444092,1.368399977684021,42902528
2026-09-03 06:00:00+00:00,1.3688000440597534,1.3688000440597534,1.3622000217437744,1.3641999959945679,0
2026-09-03 07:00:00+00:00,1.3636000156402588,1.375,1.3621000051498413,1.3652000427246094,95878656
2026-09-03 08:00:00+00:00,1.3653000593185425,1.3783999681472778,1.3653000593185425,1.3686000108718872,0
2026-09-03 09:00:00+00:00,1.368899941444397,1.371999979019165,1.3609000444412231,1.3609999418258667,0
2026-09-03 10:00:00+00:00,1.3610999584197998,1.3662999868392944,1.3583999872207642,1.364400029182434,0
2026-09-03 11:00:00+00:00,1.3645999431610107,1.3741999864578247,1.3631999492645264,1.3727999925613403,6938624
2026-09-03 12:00:00+00:00,1.3730000257492065,1.3890999555587769,1.3694000244140625,1.386199951171875,48701184
2026-09-03 13:00:00+00:00,1.3869999647140503,1.4012000560760498,1.382699966430664,1.393399953842163,158636288
2026-09-03 14:00:00+00:00,1.3925000429153442,1.4502999782562256,1.388700008392334,1.4502999782562256,250487040
2026-09-03 15:00:00+00:00,1.4483000040054321,1.4672000408172607,1.4383000135421753,1.465000033378601,539748352
2026-09-03 16:00:00+00:00,1.4642000198364258,1.4658000469207764,1.4416999816894531,1.452299952507019,337283328
2026-09-03 17:00:00+00:00,1.4531999826431274,1.4643000364303589,1.448799967765808,1.4620000123977661,124199424
2026-09-03 18:00:00+00:00,1.462399959564209,1.468999981880188,1.455199956893921,1.4632999897003174,58060544
2026-09-03 19:00:00+00:00,1.4631999731063843,1.4752000570297241,1.4606000185012817,1.4718999862670898,92239104
2026-09-03 20:00:00+00:00,1.4710999727249146,1.4830000400543213,1.461300015449524,1.4711999893188477,69285888
2026-09-03 21:00:00+00:00,1.4711999893188477,1.4781999588012695,1.4644999504089355,1.465999960899353,136534528
2026-09-03 22:00:00+00:00,1.466599941253662,1.468000054359436,1.441499948501587,1.4557000398635864,135764992
2026-09-03 23:00:00+00:00,1.4556000232696533,1.4601000547409058,1.4486000537872314,1.451300024986267,77181440
2026-09-04 00:00:00+00:00,1.4509999752044678,1.4592000246047974,1.440999984741211,1.44159996509552,62168576
2026-09-04 01:00:00+00:00,1.4458999633789062,1.447100043296814,1.434399962425232,1.4444999694824219,0
2026-09-04 02:00:00+00:00,1.4443999528884888,1.4471999406814575,1.4378000497817993,1.4467999935150146,0
2026-09-04 03:00:00+00:00,1.4465999603271484,1.4535000324249268,1.4458999633789062,1.4467999935150146,0
2026-09-04 04:00:00+00:00,1.4469000101089478,1.4566999673843384,1.4436999559402466,1.4509999752044678,7688192
2026-09-04 05:00:00+00:00,1.4500000476837158,1.4537999629974365,1.442199945449829,1.4470000267028809,0
2026-09-04 06:00:00+00:00,1.4467999935150146,1.4529000520706177,1.4390000104904175,1.4462000131607056,9393152
2026-09-04 07:00:00+00:00,1.4462000131607056,1.4534000158309937,1.4426000118255615,1.4437999725341797,0
2026-09-04 08:00:00+00:00,1.444100022315979,1.4572999477386475,1.4387999773025513,1.4572999477386475,45135872
2026-09-04 09:00:00+00:00,1.4573999643325806,1.4622000455856323,1.44760000705719,1.4519000053405762,70691840
2026-09-04 10:00:00+00:00,1.451799988746643,1.4531999826431274,1.44350004196167,1.4494999647140503,49613312
2026-09-04 11:00:00+00:00,1.4495999813079834,1.455199956893921,1.4463000297546387,1.450700044631958,11449856
2026-09-04 12:00:00+00:00,1.450700044631958,1.4560999870300293,1.395400047302246,1.4091999530792236,501875712
2026-09-04 13:00:00+00:00,1.4088000059127808,1.4218000173568726,1.402500033378601,1.413599967956543,50651136
2026-09-04 14:00:00+00:00,1.4133000373840332,1.4155000448226929,1.3835999965667725,1.3896000385284424,0
2026-09-04 15:00:00+00:00,1.3889000415802002,1.401900053024292,1.3868000507354736,1.3990000486373901,0
2026-09-04 16:00:00+00:00,1.3985999822616577,1.4078999757766724,1.3975000381469727,1.4027999639511108,0
2026-09-04 17:00:00+00:00,1.4033000469207764,1.4033000469207764,1.3909000158309937,1.3941999673843384,0
2026-09-04 18:00:00+00:00,1.3944000005722046,1.4007999897003174,1.3944000005722046,1.3991999626159668,0
2026-09-04 19:00:00+00:00,1.399399995803833,1.4050999879837036,1.3990000486373901,1.3996000289916992,0
2026-09-04 20:00:00+00:00,1.399999976158142,1.401900053024292,1.3964999914169312,1.4003000259399414,0
2026-09-04 21:00:00+00:00,1.4002000093460083,1.402899980545044,1.3952000141143799,1.396299958229065,0
2026-09-04 22:00:00+00:00,1.396399974822998,1.3985999822616577,1.3940999507904053,1.395900011062622,0
2026-09-04 23:00:00+00:00,1.3955999612808228,1.399999976158142,1.3947999477386475,1.3990000486373901,0
2026-09-05 00:00:00+00:00,1.3990000486373901,1.4003000259399414,1.3952000141143799,1.3956999778747559,0
2026-09-05 01:00:00+00:00,1.3955999612808228,1.4026000499725342,1.3947999477386475,1.3969000577926636,0
2026-09-05 02:00:00+00:00,1.3968000411987305,1.3990999460220337,1.3940000534057617,1.398800015449524,0
2026-09-05 03:00:00+00:00,1.3985999822616577,1.4012999534606934,1.3975000381469727,1.3975000381469727,0
2026-09-05 04:00:00+00:00,1.3968000411987305,1.399399995803833,1.3955999612808228,1.3982000350952148,0
2026-09-05 05:00:00+00:00,1.3982000350952148,1.4005999565124512,1.3955999612808228,1.3995000123977661,0
2026-09-05 06:00:00+00:00,1.3991999626159668,1.4043999910354614,1.3990000486373901,1.403499960899353,0
2026-09-05 07:00:00+00:00,1.4035999774932861,1.4062999486923218,1.402400016784668,1.4048000574111938,0
2026-09-05 08:00:00+00:00,1.4041999578475952,1.4071999788284302,1.4004000425338745,1.4062000513076782,0
2026-09-05 09:00:00+00:00,1.4074000120162964,1.4112000465393066,1.4053000211715698,1.4072999954223633,0
2026-09-05 10:00:00+00:00,1.407099962234497,1.4075000286102295,1.4033000469207764,1.405500054359436,0
2026-09-05 11:00:00+00:00,1.4052000045776367,1.4074000120162964,1.4023000001907349,1.4042999744415283,0
2026-09-05 12:00:00+00:00,1.4043999910354614,1.417199969291687,1.4036999940872192,1.4150999784469604,0
2026-09-05 13:00:00+00:00,1.4154000282287598,1.4186999797821045,1.4097000360488892,1.4124000072479248,0
2026-09-05 14:00:00+00:00,1.4124000072479248,1.4205000400543213,1.4120999574661255,1.4149999618530273,0
2026-09-05 15:00:00+00:00,1.4143999814987183,1.4157999753952026,1.4106999635696411,1.412600040435791,0
2026-09-05 16:00:00+00:00,1.4127999544143677,1.4189000129699707,1.4115999937057495,1.4154000282287598,0
2026-09-05 17:00:00+00:00,1.4149999618530273,1.427899956703186,1.4149999618530273,1.4266999959945679,0
2026-09-05 18:00:00+00:00,1.42739999294281,1.42739999294281,1.4176000356674194,1.4180999994277954,35691392
2026-09-05 19:00:00+00:00,1.4178999662399292,1.4208999872207642,1.413699984550476,1.4163000583648682,3826176
2026-09-05 20:00:00+00:00,1.4163000583648682,1.4190000295639038,1.412600040435791,1.4149999618530273,4926592
2026-09-05 21:00:00+00:00,1.4150999784469604,1.4225000143051147,1.4147000312805176,1.420199990272522,0
2026-09-05 22:00:00+00:00,1.420799970626831,1.4227999448776245,1.413100004196167,1.4142999649047852,9197440
2026-09-05 23:00:00+00:00,1.4142999649047852,1.416599988937378,1.4074000120162964,1.412500023841858,58742912
2026-09-06 00:00:00+00:00,1.412600040435791,1.4178999662399292,1.4112000465393066,1.414199948310852,25777408
2026-09-06 01:00:00+00:00,1.4146000146865845,1.420699954032898,1.413100004196167,1.4178999662399292,40059776
2026-09-06 02:00:00+00:00,1.4178999662399292,1.420699954032898,1.4160000085830688,1.4185999631881714,0
2026-09-06 03:00:00+00:00,1.4186999797821045,1.4325000047683716,1.4178999662399292,1.4242000579833984,34012928
2026-09-06 04:00:00+00:00,1.424399971961975,1.4246000051498413,1.417799949645996,1.420300006866455,13876864
2026-09-06 05:00:00+00:00,1.4206000566482544,1.4291000366210938,1.4182000160217285,1.4247000217437744,25677952
2026-09-06 06:00:00+00:00,1.424399971961975,1.426200032234192,1.4172999858856201,1.4183000326156616,994816
2026-09-06 07:00:00+00:00,1.4184999465942383,1.4204000234603882,1.410099983215332,1.4168000221252441,39698816
2026-09-06 08:00:00+00:00,1.417099952697754,1.4187999963760376,1.4138000011444092,1.4157999753952026,0
2026-09-06 09:00:00+00:00,1.4155999422073364,1.4247000217437744,1.414199948310852,1.4193999767303467,15547520
2026-09-06 10:00:00+00:00,1.4191999435424805,1.422700047492981,1.4174000024795532,1.4217000007629395,0
2026-09-06 11:00:00+00:00,1.4214999675750732,1.422700047492981,1.4180999994277954,1.420799970626831,14447744
2026-09-06 12:00:00+00:00,1.4206000566482544,1.426900029182434,1.4179999828338623,1.4184999465942383,0
2026-09-06 13:00:00+00:00,1.4183000326156616,1.4219000339508057,1.413100004196167,1.4163999557495117,0
2026-09-06 14:00:00+00:00,1.416599988937378,1.417099952697754,1.4006999731063843,1.410099983215332,42838912
2026-09-06 15:00:00+00:00,1.4097000360488892,1.4124000072479248,1.4018000364303589,1.4112000465393066,1937792
2026-09-06 16:00:00+00:00,1.4110000133514404,1.4143999814987183,1.4084999561309814,1.4122999906539917,0
2026-09-06 17:00:00+00:00,1.4121999740600586,1.4138000011444092,1.4075000286102295,1.40910005569458,0
2026-09-06 18:00:00+00:00,1.4092999696731567,1.4157999753952026,1.4091999530792236,1.4127000570297241,0
2026-09-06 19:00:00+00:00,1.4128999710083008,1.4128999710083008,1.409000039100647,1.409999966621399,0
2026-09-06 20:00:00+00:00,1.410099983215332,1.4241000413894653,1.4093999862670898,1.4223999977111816,0
2026-09-06 21:00:00+00:00,1.4225000143051147,1.4270000457763672,1.420199990272522,1.4249999523162842,20307584
2026-09-06 22:00:00+00:00,1.4251999855041504,1.4251999855041504,1.4093999862670898,1.4186999797821045,21152000
2026-09-06 23:00:00+00:00,1.4190000295639038,1.4261000156402588,1.4182000160217285,1.4234000444412231,0
2026-09-07 00:00:00+00:00,1.4235999584197998,1.4256000518798828,1.4155999422073364,1.4184000492095947,18276992
2026-09-07 01:00:00+00:00,1.4175000190734863,1.4198999404907227,1.40339994430542,1.406599998474121,34198144
2026-09-07 02:00:00+00:00,1.4068000316619873,1.4305000305175781,1.4006999731063843,1.4138000011444092,107925888
2026-09-07 03:00:00+00:00,1.4132000207901,1.4172999858856201,1.4031000137329102,1.4061000347137451,32729728
2026-09-07 04:00:00+00:00,1.406599998474121,1.4104000329971313,1.403499960899353,1.4062999486923218,19640192
2026-09-07 05:00:00+00:00,1.406000018119812,1.416700005531311,1.405400037765503,1.4077999591827393,8163584
2026-09-07 06:00:00+00:00,1.4077999591827393,1.4127000570297241,1.405900001525879,1.4086999893188477,12565120
2026-09-07 07:00:00+00:00,1.4089000225067139,1.4127999544143677,1.3883999586105347,1.398900032043457,91047040
2026-09-07 08:00:00+00:00,1.3991999626159668,1.4082000255584717,1.3981000185012817,1.4035999774932861,63583104
2026-09-07 09:00:00+00:00,1.4036999940872192,1.4074000120162964,1.3966000080108643,1.3968000411987305,1770496
2026-09-07 10:00:00+00:00,1.3974000215530396,1.4027999639511108,1.3947999477386475,1.398900032043457,43210752
2026-09-07 11:00:00+00:00,1.398900032043457,1.4013999700546265,1.3969999551773071,1.398900032043457,4689024
2026-09-07 12:00:00+00:00,1.3986999988555908,1.4134000539779663,1.3986999988555908,1.4119999408721924,20487936
2026-09-07 13:00:00+00:00,1.4117000102996826,1.4134999513626099,1.4016000032424927,1.402999997138977,31224320
2026-09-07 14:00:00+00:00,1.4026000499725342,1.4043999910354614,1.3911999464035034,1.3983999490737915,14357888
2026-09-07 15:00:00+00:00,1.3983999490737915,1.398900032043457,1.3787000179290771,1.3835999965667725,103709952
2026-09-07 16:00:00+00:00,1.3833999633789062,1.3960000276565552,1.3833999633789062,1.3954999446868896,50264576
2026-09-07 17:00:00+00:00,1.395400047302246,1.3997999429702759,1.394700050354004,1.3982000350952148,0
2026-09-07 18:00:00+00:00,1.3982000350952148,1.399399995803833,1.392699956893921,1.394700050354004,0
2026-09-07 19:00:00+00:00,1.394700050354004,1.402899980545044,1.393399953842163,1.4017000198364258,15017984
2026-09-07 20:00:00+00:00,1.4021999835968018,1.402500033378601,1.3954999446868896,1.3983999490737915,17830400
2026-09-07 21:00:00+00:00,1.398900032043457,1.4003000259399414,1.3949999809265137,1.3968000411987305,0
2026-09-07 22:00:00+00:00,1.3966000080108643,1.3977999687194824,1.3832000494003296,1.388200044631958,39022848
2026-09-07 23:00:00+00:00,1.3877999782562256,1.3983999490737915,1.3877999782562256,1.396399974822998,0
2026-09-08 00:00:00+00:00,1.395799994468689,1.4016000032424927,1.3924000263214111,1.4014999866485596,11164928
2026-09-08 01:00:00+00:00,1.4000999927520752,1.4061000347137451,1.3986999988555908,1.4039000272750854,0
2026-09-08 02:00:00+00:00,1.4039000272750854,1.406599998474121,1.3913999795913696,1.3913999795913696,0
2026-09-08 03:00:00+00:00,1.3919999599456787,1.3978999853134155,1.388800024986267,1.3946000337600708,0
2026-09-08 04:00:00+00:00,1.3945000171661377,1.3968000411987305,1.3904999494552612,1.3904999494552612,0
2026-09-08 05:00:00+00:00,1.3909000158309937,1.3968000411987305,1.3866000175476074,1.3870999813079834,39059712
2026-09-08 06:00:00+00:00,1.3868000507354736,1.3890999555587769,1.3809000253677368,1.3830000162124634,42808064
2026-09-08 07:00:00+00:00,1.3832999467849731,1.3930000066757202,1.382699966430664,1.3878999948501587,0
2026-09-08 08:00:00+00:00,1.3868000507354736,1.392699956893921,1.3834999799728394,1.3894000053405762,0
2026-09-08 09:00:00+00:00,1.389299988746643,1.4007999897003174,1.388700008392334,1.3985999822616577,15943552
2026-09-08 10:00:00+00:00,1.3985999822616577,1.40339994430542,1.3969000577926636,1.3974000215530396,0
2026-09-08 11:00:00+00:00,1.3976000547409058,1.3984999656677246,1.3899999856948853,1.3944000005722046,0
2026-09-08 12:00:00+00:00,1.3939000368118286,1.3997999429702759,1.3875000476837158,1.3983999490737915,0
2026-09-08 13:00:00+00:00,1.3985999822616577,1.4074000120162964,1.3835999965667725,1.402899980545044,39095808
2026-09-08 14:00:00+00:00,1.4048000574111938,1.4184000492095947,1.399399995803833,1.417199969291687,73563008
2026-09-08 15:00:00+00:00,1.4175000190734863,1.4345999956130981,1.4119000434875488,1.4345999956130981,0
2026-09-08 16:00:00+00:00,1.4347000122070312,1.4500000476837158,1.4261000156402588,1.4359999895095825,169619456
2026-09-08 17:00:00+00:00,1.4358999729156494,1.4391000270843506,1.4250999689102173,1.4271999597549438,100069376
2026-09-08 18:00:00+00:00,1.4271999597549438,1.4463000297546387,1.4251999855041504,1.4306000471115112,95788288
2026-09-08 19:00:00+00:00,1.430999994277954,1.4345999956130981,1.4164999723434448,1.42330002784729,129204224
2026-09-08 20:00:00+00:00,1.4230999946594238,1.426800012588501,1.4134000539779663,1.4148999452590942,54672640
2026-09-08 21:00:00+00:00,1.4149999618530273,1.4234999418258667,1.414199948310852,1.4168000221252441,41234944
2026-09-08 22:00:00+00:00,1.4163000583648682,1.4230999946594238,1.4163000583648682,1.4184999465942383,0
2026-09-08 23:00:00+00:00,1.4184000492095947,1.4213000535964966,1.4150999784469604,1.4172999858856201,0
2026-09-09 00:00:00+00:00,1.4175000190734863,1.4251999855041504,1.4172999858856201,1.4205000400543213,0
2026-09-09 01:00:00+00:00,1.420199990272522,1.4225000143051147,1.4107999801635742,1.4176000356674194,18996992
2026-09-09 02:00:00+00:00,1.4177000522613525,1.4213000535964966,1.4119999408721924,1.4174000024795532,29871360
2026-09-09 03:00:00+00:00,1.4158999919891357,1.4179999828338623,1.410599946975708,1.416700005531311,0
2026-09-09 04:00:00+00:00,1.417199969291687,1.4371999502182007,1.417199969291687,1.4362000226974487,94579712
2026-09-09 05:00:00+00:00,1.4363000392913818,1.4363000392913818,1.4222999811172485,1.4275000095367432,0
2026-09-09 06:00:00+00:00,1.4276000261306763,1.440500020980835,1.426900029182434,1.4337999820709229,0
2026-09-09 07:00:00+00:00,1.433500051498413,1.4424999952316284,1.4332000017166138,1.441100001335144,27668224
2026-09-09 08:00:00+00:00,1.44159996509552,1.4452999830245972,1.4356000423431396,1.438099980354309,26946048
2026-09-09 09:00:00+00:00,1.437600016593933,1.437600016593933,1.419600009918213,1.4200999736785889,0
2026-09-09 10:00:00+00:00,1.4204000234603882,1.4254000186920166,1.4192999601364136,1.4227999448776245,25217280
2026-09-09 11:00:00+00:00,1.4227999448776245,1.4286999702453613,1.417099952697754,1.4270999431610107,45755648
2026-09-09 12:00:00+00:00,1.427299976348877,1.4393999576568604,1.4259999990463257,1.4365999698638916,43464704
2026-09-09 13:00:00+00:00,1.4364999532699585,1.4387999773025513,1.423200011253357,1.4289000034332275,0
2026-09-09 14:00:00+00:00,1.4282000064849854,1.4323999881744385,1.4213000535964966,1.4255000352859497,0
2026-09-09 15:00:00+00:00,1.4256999492645264,1.4332000017166138,1.405500054359436,1.417199969291687,85426176
2026-09-09 16:00:00+00:00,1.4170000553131104,1.4229999780654907,1.4110000133514404,1.422700047492981,0
2026-09-09 17:00:00+00:00,1.4226000308990479,1.424399971961975,1.4184000492095947,1.4221999645233154,0
2026-09-09 18:00:00+00:00,1.4221999645233154,1.4229999780654907,1.416599988937378,1.417199969291687,0
2026-09-09 19:00:00+00:00,1.417199969291687,1.4192999601364136,1.3991999626159668,1.4017000198364258,0
2026-09-09 20:00:00+00:00,1.401900053024292,1.4048999547958374,1.395900011062622,1.40339994430542,33250304
2026-09-09 21:00:00+00:00,1.40339994430542,1.40339994430542,1.391800045967102,1.3961000442504883,7519488
2026-09-09 22:00:00+00:00,1.3961999416351318,1.3973000049591064,1.3791999816894531,1.3840999603271484,91196416
2026-09-09 23:00:00+00:00,1.3839999437332153,1.395400047302246,1.3839999437332153,1.3950999975204468,15798784
2026-09-10 00:00:00+00:00,1.3940000534057617,1.396299958229065,1.3858000040054321,1.3871999979019165,11677696
2026-09-10 01:00:00+00:00,1.3871999979019165,1.3952000141143799,1.3763999938964844,1.3828999996185303,30226176
2026-09-10 02:00:00+00:00,1.3825000524520874,1.3919999599456787,1.3798999786376953,1.391700029373169,0
2026-09-10 03:00:00+00:00,1.3925000429153442,1.3940999507904053,1.3883999586105347,1.3903000354766846,5306368
2026-09-10 04:00:00+00:00,1.3902000188827515,1.392899990081787,1.3866000175476074,1.388200044631958,0
2026-09-10 05:00:00+00:00,1.3883999586105347,1.3931000232696533,1.385200023651123,1.3916000127792358,0
2026-09-10 06:00:00+00:00,1.3916000127792358,1.391800045967102,1.381700038909912,1.3884999752044678,0
2026-09-10 07:00:00+00:00,1.3882999420166016,1.3882999420166016,1.3765000104904175,1.382599949836731,0
2026-09-10 08:00:00+00:00,1.3824000358581543,1.3841999769210815,1.3792999982833862,1.381500005722046,4475904
2026-09-10 09:00:00+00:00,1.381500005722046,1.3842999935150146,1.374500036239624,1.3779000043869019,0
2026-09-10 10:00:00+00:00,1.3776999711990356,1.3801000118255615,1.371899962425232,1.3747999668121338,0
2026-09-10 11:00:00+00:00,1.3746000528335571,1.3819999694824219,1.3723000288009644,1.3759000301361084,6904064
2026-09-10 12:00:00+00:00,1.375599980354309,1.3798999786376953,1.3480000495910645,1.357800006866455,199696384
2026-09-10 13:00:00+00:00,1.3574999570846558,1.3662999868392944,1.3489999771118164,1.3638999462127686,94386944
2026-09-10 14:00:00+00:00,1.364400029182434,1.368399977684021,1.3573999404907227,1.3597999811172485,2722304
2026-09-10 15:00:00+00:00,1.3595000505447388,1.360200047492981,1.3514000177383423,1.3562999963760376,0
2026-09-10 16:00:00+00:00,1.3559999465942383,1.3586000204086304,1.3421000242233276,1.3538999557495117,31707136
2026-09-10 17:00:00+00:00,1.3531999588012695,1.3646999597549438,1.3516000509262085,1.3598999977111816,42238208
2026-09-10 18:00:00+00:00,1.3595999479293823,1.3601000308990479,1.3468999862670898,1.3554999828338623,18988288
2026-09-10 19:00:00+00:00,1.3552000522613525,1.358199954032898,1.3492000102996826,1.3499000072479248,0
2026-09-10 20:00:00+00:00,1.3504999876022339,1.357100009918213,1.3495999574661255,1.3532999753952026,0
2026-09-10 21:00:00+00:00,1.3535000085830688,1.3562999963760376,1.3494000434875488,1.3515000343322754,0
2026-09-10 22:00:00+00:00,1.3509000539779663,1.354599952697754,1.3422000408172607,1.3423000574111938,0
2026-09-10 23:00:00+00:00,1.3424999713897705,1.3438999652862549,1.3291000127792358,1.3339999914169312,33481472
2026-09-11 00:00:00+00:00,1.3339999914169312,1.3436000347137451,1.333799958229065,1.341599941253662,4248576
2026-09-11 01:00:00+00:00,1.3414000272750854,1.3461999893188477,1.336300015449524,1.3457000255584717,0
2026-09-11 02:00:00+00:00,1.3459999561309814,1.3463000059127808,1.3379000425338745,1.3422000408172607,0
2026-09-11 03:00:00+00:00,1.3415000438690186,1.3431999683380127,1.3371000289916992,1.3423000574111938,0
2026-09-11 04:00:00+00:00,1.3423999547958374,1.3495999574661255,1.3413000106811523,1.3479000329971313,9469696
2026-09-11 05:00:00+00:00,1.3480000495910645,1.3497999906539917,1.3461999893188477,1.3488999605178833,0
2026-09-11 06:00:00+00:00,1.3488999605178833,1.3529000282287598,1.3483999967575073,1.3529000282287598,7046656
2026-09-11 07:00:00+00:00,1.3530000448226929,1.3593000173568726,1.3504999876022339,1.3509000539779663,0
2026-09-11 08:00:00+00:00,1.3507000207901,1.3562999963760376,1.3476999998092651,1.3530000448226929,0
2026-09-11 09:00:00+00:00,1.3530999422073364,1.3538000583648682,1.3367999792099,1.340999960899353,0
2026-09-11 10:00:00+00:00,1.3406000137329102,1.3443000316619873,1.3323999643325806,1.3324999809265137,0
2026-09-11 11:00:00+00:00,1.3322999477386475,1.332800030708313,1.3205000162124634,1.3286000490188599,25765632
2026-09-11 12:00:00+00:00,1.3284000158309937,1.3707000017166138,1.3178000450134277,1.3662999868392944,127791616
2026-09-11 13:00:00+00:00,1.3658000230789185,1.4164999723434448,1.3533999919891357,1.4150999784469604,143420672
2026-09-11 14:00:00+00:00,1.4160000085830688,1.4322999715805054,1.3868000507354736,1.3947999477386475,393167104
2026-09-11 15:00:00+00:00,1.3938000202178955,1.4053000211715698,1.367300033569336,1.3746000528335571,127819008
2026-09-11 16:00:00+00:00,1.3736000061035156,1.3842999935150146,1.3687000274658203,1.3767000436782837,69858560
2026-09-11 17:00:00+00:00,1.3767999410629272,1.3779000043869019,1.3655999898910522,1.367400050163269,0
2026-09-11 18:00:00+00:00,1.3680000305175781,1.3686000108718872,1.3480000495910645,1.3517999649047852,71778560
2026-09-11 19:00:00+00:00,1.3522000312805176,1.3624000549316406,1.3466999530792236,1.3614000082015991,14609920
2026-09-11 20:00:00+00:00,1.3604999780654907,1.3681000471115112,1.357200026512146,1.361899971961975,37218048
2026-09-11 21:00:00+00:00,1.361899971961975,1.3666000366210938,1.3516000509262085,1.3525999784469604,16659712
2026-09-11 22:00:00+00:00,1.3530999422073364,1.357699990272522,1.3459999561309814,1.3497999906539917,41846528
2026-09-11 23:00:00+00:00,1.3494000434875488,1.3568999767303467,1.3486000299453735,1.3561999797821045,0
2026-09-12 00:00:00+00:00,1.3559999465942383,1.3593000173568726,1.3543000221252441,1.3568999767303467,0
2026-09-12 01:00:00+00:00,1.3562999963760376,1.3638999462127686,1.3558000326156616,1.36080002784729,0
2026-09-12 02:00:00+00:00,1.361199975013733,1.363700032234192,1.3596999645233154,1.3633999824523926,0
2026-09-12 03:00:00+00:00,1.3632999658584595,1.3660999536514282,1.3622000217437744,1.3640999794006348,0
2026-09-12 04:00:00+00:00,1.364400029182434,1.3655999898910522,1.3615000247955322,1.3632999658584595,0
2026-09-12 05:00:00+00:00,1.3631999492645264,1.365399956703186,1.361299991607666,1.363700032234192,0
2026-09-12 06:00:00+00:00,1.3636000156402588,1.3654999732971191,1.3619999885559082,1.3629000186920166,0
2026-09-12 07:00:00+00:00,1.3628000020980835,1.3702000379562378,1.3628000020980835,1.36899995803833,0
2026-09-12 08:00:00+00:00,1.36899995803833,1.3702000379562378,1.3645999431610107,1.3666000366210938,0
2026-09-12 09:00:00+00:00,1.3666000366210938,1.3702000379562378,1.3657000064849854,1.3694000244140625,0
2026-09-12 10:00:00+00:00,1.3691999912261963,1.3739999532699585,1.3691999912261963,1.3731000423431396,0
2026-09-12 11:00:00+00:00,1.3731000423431396,1.3739999532699585,1.3703999519348145,1.371999979019165,0
2026-09-12 12:00:00+00:00,1.371999979019165,1.3725999593734741,1.3680000305175781,1.3701000213623047,0
2026-09-12 13:00:00+00:00,1.3702000379562378,1.3707000017166138,1.3654999732971191,1.3680000305175781,0
2026-09-12 14:00:00+00:00,1.3680000305175781,1.3710999488830566,1.3674999475479126,1.3696000576019287,0
2026-09-12 15:00:00+00:00,1.3700000047683716,1.3739999532699585,1.368299961090088,1.372499942779541,0
2026-09-12 16:00:00+00:00,1.3725999593734741,1.3730000257492065,1.36899995803833,1.3696000576019287,0
2026-09-12 17:00:00+00:00,1.3696000576019287,1.3698999881744385,1.3660000562667847,1.3662999868392944,0
2026-09-12 18:00:00+00:00,1.3662999868392944,1.3664000034332275,1.3628000020980835,1.3631000518798828,0
2026-09-12 19:00:00+00:00,1.3634999990463257,1.3646999597549438,1.3609999418258667,1.3624000549316406,0
2026-09-12 20:00:00+00:00,1.3624999523162842,1.3667000532150269,1.3624000549316406,1.364300012588501,0
2026-09-12 21:00:00+00:00,1.3639999628067017,1.3666000366210938,1.3621000051498413,1.3629000186920166,0
2026-09-12 22:00:00+00:00,1.3629000186920166,1.3658000230789185,1.361199975013733,1.3631000518798828,0
2026-09-12 23:00:00+00:00,1.3631000518798828,1.3671000003814697,1.3629000186920166,1.3662999868392944,0
2026-09-13 00:00:00+00:00,1.3660999536514282,1.3681999444961548,1.3651000261306763,1.3671000003814697,0
2026-09-13 01:00:00+00:00,1.367300033569336,1.3681000471115112,1.363700032234192,1.367799997329712,0
2026-09-13 02:00:00+00:00,1.3675999641418457,1.3698999881744385,1.364300012588501,1.3675999641418457,0
2026-09-13 03:00:00+00:00,1.367799997329712,1.36899995803833,1.3624000549316406,1.3633999824523926,0
2026-09-13 04:00:00+00:00,1.3631999492645264,1.3651000261306763,1.3629000186920166,1.363800048828125,0
2026-09-13 05:00:00+00:00,1.363800048828125,1.3681999444961548,1.3636000156402588,1.367799997329712,0
2026-09-13 06:00:00+00:00,1.3676999807357788,1.367900013923645,1.3586000204086304,1.3604999780654907,0
2026-09-13 07:00:00+00:00,1.3602999448776245,1.3619999885559082,1.3569999933242798,1.3575999736785889,17079808
2026-09-13 08:00:00+00:00,1.3579000234603882,1.3590999841690063,1.3452999591827393,1.3473999500274658,20091520
2026-09-13 09:00:00+00:00,1.347499966621399,1.3502999544143677,1.3382999897003174,1.3438999652862549,36658048
2026-09-13 10:00:00+00:00,1.3437000513076782,1.3444000482559204,1.3380000591278076,1.3398000001907349,1311360
2026-09-13 11:00:00+00:00,1.340399980545044,1.343400001525879,1.3386000394821167,1.3428000211715698,17256640
2026-09-13 12:00:00+00:00,1.3427000045776367,1.343500018119812,1.3361999988555908,1.3401000499725342,9734656
2026-09-13 13:00:00+00:00,1.3401000499725342,1.3424999713897705,1.3322999477386475,1.3417999744415283,0
2026-09-13 14:00:00+00:00,1.3417999744415283,1.3539999723434448,1.3417999744415283,1.3502000570297241,33679168
2026-09-13 15:00:00+00:00,1.3502000570297241,1.3503999710083008,1.3428000211715698,1.3432999849319458,0
2026-09-13 16:00:00+00:00,1.343000054359436,1.3513000011444092,1.343000054359436,1.3508000373840332,2195072
2026-09-13 17:00:00+00:00,1.3509000539779663,1.3567999601364136,1.3509000539779663,1.3552000522613525,0
2026-09-13 18:00:00+00:00,1.3551000356674194,1.3601000308990479,1.3538000583648682,1.357699990272522,0
2026-09-13 19:00:00+00:00,1.3579000234603882,1.3595000505447388,1.3529000282287598,1.3549000024795532,0
2026-09-13 20:00:00+00:00,1.355299949645996,1.3617000579833984,1.3549000024795532,1.3604999780654907,12167936
2026-09-13 21:00:00+00:00,1.3605999946594238,1.361899971961975,1.3564000129699707,1.3568999767303467,16670592
2026-09-13 22:00:00+00:00,1.354200005531311,1.3559000492095947,1.3349000215530396,1.336899995803833,92375232
2026-09-13 23:00:00+00:00,1.3367999792099,1.3438999652862549,1.3367999792099,1.3408000469207764,62046208
2026-09-14 00:00:00+00:00,1.3423999547958374,1.3492000102996826,1.3350000381469727,1.3466999530792236,68461056
2026-09-14 01:00:00+00:00,1.3459999561309814,1.3528000116348267,1.3375999927520752,1.3513000011444092,41363456
2026-09-14 02:00:00+00:00,1.3509999513626099,1.3727999925613403,1.3492000102996826,1.3697999715805054,97051008
2026-09-14 03:00:00+00:00,1.3708000183105469,1.3799999952316284,1.367900013923645,1.3717999458312988,92453632
2026-09-14 04:00:00+00:00,1.3720999956130981,1.3794000148773193,1.3707000017166138,1.3765000104904175,79466496
2026-09-14 05:00:00+00:00,1.3766000270843506,1.3808000087738037,1.3738000392913818,1.3796000480651855,119122304
2026-09-14 06:00:00+00:00,1.3797999620437622,1.3882999420166016,1.375599980354309,1.3858000040054321,111950720
2026-09-14 07:00:00+00:00,1.386199951171875,1.3902000188827515,1.3839999437332153,1.3901000022888184,56785280
2026-09-14 08:00:00+00:00,1.3903000354766846,1.3931000232696533,1.3838000297546387,1.3846999406814575,72567552
2026-09-14 09:00:00+00:00,1.3848999738693237,1.4089000225067139,1.3806999921798706,1.4023000001907349,79516160
2026-09-14 10:00:00+00:00,1.4033000469207764,1.4083000421524048,1.3940999507904053,1.396399974822998,153833344
2026-09-14 11:00:00+00:00,1.3968000411987305,1.405900001525879,1.3935999870300293,1.3982000350952148,99501824
2026-09-14 12:00:00+00:00,1.3976000547409058,1.4038000106811523,1.391800045967102,1.3941999673843384,98498816
2026-09-14 13:00:00+00:00,1.3932000398635864,1.402500033378601,1.3825000524520874,1.3942999839782715,170207488
2026-09-14 14:00:00+00:00,1.3940999507904053,1.4050999879837036,1.3940999507904053,1.3992999792099,129879552
2026-09-14 15:00:00+00:00,1.3985999822616577,1.407099962234497,1.392300009727478,1.402999997138977,162212096
2026-09-14 16:00:00+00:00,1.402999997138977,1.4223999977111816,1.4012999534606934,1.419100046157837,172316160
2026-09-14 17:00:00+00:00,1.4189000129699707,1.4398000240325928,1.416700005531311,1.4345999956130981,187570176
2026-09-14 18:00:00+00:00,1.4347000122070312,1.4802000522613525,1.4306999444961548,1.4772000312805176,440425984
2026-09-14 19:00:00+00:00,1.4763000011444092,1.4763000011444092,1.454200029373169,1.4641000032424927,351903488
2026-09-14 20:00:00+00:00,1.4641000032424927,1.4910999536514282,1.4628000259399414,1.4630999565124512,380325120
2026-09-14 21:00:00+00:00,1.4634000062942505,1.4637999534606934,1.4423999786376953,1.4423999786376953,236358144
2026-09-14 22:00:00+00:00,1.4429999589920044,1.4521000385284424,1.434999942779541,1.4351999759674072,9047552
2026-09-14 23:00:00+00:00,1.4355000257492065,1.4375,1.4182000160217285,1.4234000444412231,53746176
2026-09-15 00:00:00+00:00,1.42330002784729,1.426800012588501,1.4155000448226929,1.4192999601364136,22756352
2026-09-15 01:00:00+00:00,1.4191999435424805,1.4257999658584595,1.4149999618530273,1.4220999479293823,27124736
2026-09-15 02:00:00+00:00,1.4220000505447388,1.430299997329712,1.4220000505447388,1.4229999780654907,0
2026-09-15 03:00:00+00:00,1.4227999448776245,1.4227999448776245,1.4113999605178833,1.4153000116348267,0
2026-09-15 04:00:00+00:00,1.4154000282287598,1.4180999994277954,1.408400058746338,1.4134000539779663,7486976
2026-09-15 05:00:00+00:00,1.4132000207901,1.413599967956543,1.4000999927520752,1.4081000089645386,32290816
2026-09-15 06:00:00+00:00,1.4085999727249146,1.4104000329971313,1.395900011062622,1.3991999626159668,1554432
2026-09-15 07:00:00+00:00,1.3992999792099,1.4038000106811523,1.3913999795913696,1.393399953842163,13557248
2026-09-15 08:00:00+00:00,1.3934999704360962,1.3975000381469727,1.3853000402450562,1.3975000381469727,0
2026-09-15 09:00:00+00:00,1.3975000381469727,1.4062999486923218,1.395300030708313,1.4017000198364258,0
2026-09-15 10:00:00+00:00,1.4019999504089355,1.4035999774932861,1.3967000246047974,1.401900053024292,0
2026-09-15 11:00:00+00:00,1.401900053024292,1.4031000137329102,1.3930000066757202,1.4005000591278076,0
2026-09-15 12:00:00+00:00,1.4004000425338745,1.4219000339508057,1.3991999626159668,1.416599988937378,38186496
2026-09-15 13:00:00+00:00,1.416700005531311,1.4591000080108643,1.3960000276565552,1.4144999980926514,346112512
2026-09-15 14:00:00+00:00,1.4144999980926514,1.416200041770935,1.371999979019165,1.3839999437332153,172663296
2026-09-15 15:00:00+00:00,1.3832000494003296,1.3967000246047974,1.379699945449829,1.388800024986267,77796864
2026-09-15 16:00:00+00:00,1.3890000581741333,1.3920999765396118,1.3809000253677368,1.3869999647140503,0
2026-09-15 17:00:00+00:00,1.3863999843597412,1.4129999876022339,1.37909996509552,1.4042999744415283,17798144
2026-09-15 18:00:00+00:00,1.4047000408172607,1.4063999652862549,1.2868000268936157,1.3245999813079834,963041792
2026-09-15 19:00:00+00:00,1.3238999843597412,1.3272000551223755,1.2926000356674194,1.294100046157837,401668096
2026-09-15 20:00:00+00:00,1.2949999570846558,1.3013999462127686,1.263700008392334,1.2928999662399292,113323520
2026-09-15 21:00:00+00:00,1.2926000356674194,1.2967000007629395,1.2763999700546265,1.2766000032424927,0
2026-09-15 22:00:00+00:00,1.2769999504089355,1.2898000478744507,1.2753000259399414,1.2882000207901,12475392
2026-09-15 23:00:00+00:00,1.288599967956543,1.2970999479293823,1.281999945640564,1.2825000286102295,1378304
2026-09-16 00:00:00+00:00,1.2826000452041626,1.2897000312805176,1.280400037765503,1.2864999771118164,28802560
2026-09-16 01:00:00+00:00,1.2857999801635742,1.2893999814987183,1.273900032043457,1.2742999792099,32230912
2026-09-16 02:00:00+00:00,1.274399995803833,1.29830002784729,1.2742999792099,1.2884000539779663,41272832
2026-09-16 03:00:00+00:00,1.2877999544143677,1.2990000247955322,1.2877999544143677,1.2963999509811401,36385280
2026-09-16 04:00:00+00:00,1.2963999509811401,1.311400055885315,1.295199990272522,1.2999999523162842,33110016
2026-09-16 05:00:00+00:00,1.3005000352859497,1.3006999492645264,1.2914999723434448,1.2954000234603882,0
2026-09-16 06:00:00+00:00,1.2962000370025635,1.2984999418258667,1.2890000343322754,1.2970000505447388,0
2026-09-16 07:00:00+00:00,1.2969000339508057,1.3005000352859497,1.2839000225067139,1.28410005569458,0
2026-09-16 08:00:00+00:00,1.2838000059127808,1.284600019454956,1.2760000228881836,1.2835999727249146,0
2026-09-16 09:00:00+00:00,1.2836999893188477,1.291100025177002,1.2819000482559204,1.2904000282287598,0
2026-09-16 10:00:00+00:00,1.2905999422073364,1.2914999723434448,1.284600019454956,1.2877000570297241,0
2026-09-16 11:00:00+00:00,1.2884000539779663,1.2970999479293823,1.2854000329971313,1.294700026512146,18050560
2026-09-16 12:00:00+00:00,1.295199990272522,1.295199990272522,1.277999997138977,1.2818000316619873,0
2026-09-16 13:00:00+00:00,1.2818000316619873,1.2818000316619873,1.2696000337600708,1.273900032043457,0
2026-09-16 14:00:00+00:00,1.2741999626159668,1.274899959564209,1.2624000310897827,1.264799952507019,0
2026-09-16 15:00:00+00:00,1.2657999992370605,1.2733999490737915,1.261199951171875,1.2654000520706177,0
2026-09-16 16:00:00+00:00,1.2654000520706177,1.2689000368118286,1.261199951171875,1.267300009727478,0
2026-09-16 17:00:00+00:00,1.2669999599456787,1.2689000368118286,1.250100016593933,1.2623000144958496,0
2026-09-16 18:00:00+00:00,1.2625000476837158,1.2962000370025635,1.250599980354309,1.2769999504089355,0
2026-09-16 19:00:00+00:00,1.277999997138977,1.3032000064849854,1.273800015449524,1.2994999885559082,0
2026-09-16 20:00:00+00:00,1.3009999990463257,1.316499948501587,1.295799970626831,1.3015999794006348,0
2026-09-16 21:00:00+00:00,1.301300048828125,1.3015999794006348,1.2862999439239502,1.2919000387191772,0
2026-09-16 22:00:00+00:00,1.2922999858856201,1.2927000522613525,1.2795000076293945,1.2856999635696411,0
2026-09-16 23:00:00+00:00,1.2860000133514404,1.30239999294281,1.28410005569458,1.2985999584197998,3774720
2026-09-17 00:00:00+00:00,1.2984000444412231,1.3020999431610107,1.2937999963760376,1.294100046157837,0
2026-09-17 01:00:00+00:00,1.294600009918213,1.3092999458312988,1.2901999950408936,1.299299955368042,0
2026-09-17 02:00:00+00:00,1.2998000383377075,1.3044999837875366,1.2930999994277954,1.2991000413894653,0
2026-09-17 03:00:00+00:00,1.2991000413894653,1.3066999912261963,1.2985999584197998,1.301900029182434,0
2026-09-17 04:00:00+00:00,1.3020000457763672,1.3020000457763672,1.292199969291687,1.2989000082015991,0
2026-09-17 05:00:00+00:00,1.2990000247955322,1.3007999658584595,1.2929999828338623,1.294600009918213,0
2026-09-17 06:00:00+00:00,1.2944999933242798,1.3028000593185425,1.2928999662399292,1.3001999855041504,0
2026-09-17 07:00:00+00:00,1.2999999523162842,1.3056999444961548,1.299399971961975,1.3011000156402588,673792
2026-09-17 08:00:00+00:00,1.3008999824523926,1.3032000064849854,1.2973999977111816,1.3027000427246094,0
2026-09-17 09:00:00+00:00,1.3028000593185425,1.3080999851226807,1.2977999448776245,1.298699975013733,19190272
2026-09-17 10:00:00+00:00,1.2985999584197998,1.2990000247955322,1.2913000583648682,1.294800043106079,8164608
2026-09-17 11:00:00+00:00,1.2943999767303467,1.2990000247955322,1.2907999753952026,1.298200011253357,0
2026-09-17 12:00:00+00:00,1.2984000444412231,1.3137999773025513,1.297700047492981,1.3040000200271606,72365312
2026-09-17 13:00:00+00:00,1.3044999837875366,1.3077000379562378,1.289199948310852,1.3026000261306763,0
2026-09-17 14:00:00+00:00,1.3035000562667847,1.3188999891281128,1.2958999872207642,1.2997000217437744,3182848
2026-09-17 15:00:00+00:00,1.2998000383377075,1.3092999458312988,1.2933000326156616,1.3066999912261963,0
2026-09-17 16:00:00+00:00,1.3066999912261963,1.3078999519348145,1.2979999780654907,1.3036999702453613,0
2026-09-17 17:00:00+00:00,1.3040000200271606,1.3082000017166138,1.2991000413894653,1.2997000217437744,0
2026-09-17 18:00:00+00:00,1.2998000383377075,1.2998000383377075,1.2933000326156616,1.294100046157837,0
2026-09-17 19:00:00+00:00,1.2942999601364136,1.2980999946594238,1.2913000583648682,1.2944999933242798,0
2026-09-17 20:00:00+00:00,1.2944999933242798,1.299399971961975,1.2933000326156616,1.297700047492981,0
2026-09-17 21:00:00+00:00,1.297700047492981,1.2996000051498413,1.2905999422073364,1.291100025177002,0
2026-09-17 22:00:00+00:00,1.2904000282287598,1.2950999736785889,1.2867000102996826,1.2950999736785889,5822208
2026-09-17 23:00:00+00:00,1.294700026512146,1.2973999977111816,1.2934000492095947,1.2949999570846558,0
2026-09-18 00:00:00+00:00,1.295300006866455,1.3003000020980835,1.2907999753952026,1.2994999885559082,0
2026-09-18 01:00:00+00:00,1.2999999523162842,1.3056999444961548,1.298200011253357,1.3040000200271606,0
2026-09-18 02:00:00+00:00,1.3041000366210938,1.309999942779541,1.2996000051498413,1.3051999807357788,0
2026-09-18 03:00:00+00:00,1.3049999475479126,1.3281999826431274,1.3040000200271606,1.325600028038025,118848768
2026-09-18 04:00:00+00:00,1.3250000476837158,1.326300024986267,1.3133000135421753,1.3243999481201172,81813760
2026-09-18 05:00:00+00:00,1.3246999979019165,1.325700044631958,1.315600037574768,1.3172999620437622,63923712
2026-09-18 06:00:00+00:00,1.3173999786376953,1.3236000537872314,1.3173999786376953,1.3214000463485718,54746624
2026-09-18 07:00:00+00:00,1.3207999467849731,1.3295999765396118,1.3199000358581543,1.3279999494552612,67133440
2026-09-18 08:00:00+00:00,1.3279999494552612,1.3366999626159668,1.3220000267028809,1.3359999656677246,81401344
2026-09-18 09:00:00+00:00,1.3357000350952148,1.3393000364303589,1.329699993133545,1.3343000411987305,48043264
2026-09-18 10:00:00+00:00,1.3341000080108643,1.3367999792099,1.3301000595092773,1.3306000232696533,24561920
2026-09-18 11:00:00+00:00,1.3307000398635864,1.3314000368118286,1.3149000406265259,1.32260000705719,96396288
2026-09-18 12:00:00+00:00,1.323199987411499,1.3270000219345093,1.31850004196167,1.3228000402450562,0
2026-09-18 13:00:00+00:00,1.3223999738693237,1.3727999925613403,1.318600058555603,1.3600000143051147,212336896
2026-09-18 14:00:00+00:00,1.361199975013733,1.4017000198364258,1.360700011253357,1.3996000289916992,383200256
2026-09-18 15:00:00+00:00,1.3990999460220337,1.4012999534606934,1.3710999488830566,1.3845000267028809,285911296
2026-09-18 16:00:00+00:00,1.3847999572753906,1.3925000429153442,1.3767999410629272,1.3801000118255615,135331328
2026-09-18 17:00:00+00:00,1.3803000450134277,1.3911999464035034,1.3740999698638916,1.3909000158309937,120495104
2026-09-18 18:00:00+00:00,1.3911000490188599,1.392899990081787,1.3844000101089478,1.3860000371932983,60659968
2026-09-18 19:00:00+00:00,1.386299967765808,1.412500023841858,1.3861000537872314,1.4119000434875488,135417856
2026-09-18 20:00:00+00:00,1.4098000526428223,1.4141000509262085,1.3982000350952148,1.4026000499725342,175431680
2026-09-18 21:00:00+00:00,1.402999997138977,1.408400058746338,1.3978999853134155,1.4005999565124512,121468928
2026-09-18 22:00:00+00:00,1.4007999897003174,1.4052000045776367,1.3925000429153442,1.3977999687194824,0
2026-09-18 23:00:00+00:00,1.398800015449524,1.4012000560760498,1.3937000036239624,1.395900011062622,19454464
2026-09-19 00:00:00+00:00,1.3967000246047974,1.4200999736785889,1.394700050354004,1.4084999561309814,166652416
2026-09-19 01:00:00+00:00,1.40910005569458,1.4140000343322754,1.393399953842163,1.4119999408721924,81084416
2026-09-19 02:00:00+00:00,1.4119999408721924,1.4270000457763672,1.4108999967575073,1.4124000072479248,70649344
2026-09-19 03:00:00+00:00,1.4132000207901,1.4205000400543213,1.4089000225067139,1.4177000522613525,0
2026-09-19 04:00:00+00:00,1.417799949645996,1.4264999628067017,1.4076999425888062,1.414199948310852,0
2026-09-19 05:00:00+00:00,1.4143999814987183,1.4383000135421753,1.4134999513626099,1.426300048828125,82838528
2026-09-19 06:00:00+00:00,1.4266999959945679,1.4293999671936035,1.416200041770935,1.4210000038146973,14971904
2026-09-19 07:00:00+00:00,1.4215999841690063,1.4229999780654907,1.409500002861023,1.4098000526428223,0
2026-09-19 08:00:00+00:00,1.4101999998092651,1.4213999509811401,1.4085999727249146,1.4144999980926514,0
2026-09-19 09:00:00+00:00,1.4142999649047852,1.4174000024795532,1.4083000421524048,1.4124000072479248,0
2026-09-19 10:00:00+00:00,1.4122999906539917,1.4226000308990479,1.4110000133514404,1.4172999858856201,0
2026-09-19 11:00:00+00:00,1.4170000553131104,1.437999963760376,1.4170000553131104,1.433899998664856,0
2026-09-19 12:00:00+00:00,1.4337999820709229,1.437999963760376,1.4261000156402588,1.433500051498413,34664448
2026-09-19 13:00:00+00:00,1.4321000576019287,1.448799967765808,1.430999994277954,1.436900019645691,0
2026-09-19 14:00:00+00:00,1.4364999532699585,1.4528000354766846,1.4355000257492065,1.4384000301361084,0
2026-09-19 15:00:00+00:00,1.4383000135421753,1.4413000345230103,1.4285999536514282,1.430400013923645,0
2026-09-19 16:00:00+00:00,1.4306000471115112,1.4372999668121338,1.4250999689102173,1.4337999820709229,0
2026-09-19 17:00:00+00:00,1.4335999488830566,1.4434000253677368,1.4223999977111816,1.427299976348877,0
2026-09-19 18:00:00+00:00,1.427899956703186,1.4323999881744385,1.420699954032898,1.429900050163269,0
2026-09-19 19:00:00+00:00,1.4300999641418457,1.4327000379562378,1.4253000020980835,1.4271999597549438,0
2026-09-19 20:00:00+00:00,1.4263999462127686,1.4347000122070312,1.4255000352859497,1.4285999536514282,0
2026-09-19 21:00:00+00:00,1.4289000034332275,1.4320000410079956,1.4026999473571777,1.4092999696731567,23413504
2026-09-19 22:00:00+00:00,1.4076000452041626,1.4176000356674194,1.3980000019073486,1.4158999919891357,25317888
2026-09-19 23:00:00+00:00,1.4157999753952026,1.4163999557495117,1.409000039100647,1.4098999500274658,0
2026-09-20 00:00:00+00:00,1.4098999500274658,1.4104000329971313,1.403499960899353,1.405400037765503,0
2026-09-20 01:00:00+00:00,1.4052000045776367,1.4062000513076782,1.395300030708313,1.3996000289916992,0
2026-09-20 02:00:00+00:00,1.399899959564209,1.405900001525879,1.367799997329712,1.3701000213623047,32917248
2026-09-20 03:00:00+00:00,1.3694000244140625,1.3849999904632568,1.3672000169754028,1.3819999694824219,51457536
2026-09-20 04:00:00+00:00,1.3818000555038452,1.3847999572753906,1.3770999908447266,1.3806999921798706,0
2026-09-20 05:00:00+00:00,1.3804999589920044,1.385200023651123,1.3782000541687012,1.3819999694824219,0
2026-09-20 06:00:00+00:00,1.3818000555038452,1.3845000267028809,1.3772000074386597,1.3803999423980713,0
2026-09-20 07:00:00+00:00,1.3805999755859375,1.3844000101089478,1.3788000345230103,1.378999948501587,0
2026-09-20 08:00:00+00:00,1.3792999982833862,1.3828999996185303,1.3732999563217163,1.3768999576568604,0
2026-09-20 09:00:00+00:00,1.3763999938964844,1.3897000551223755,1.3763999938964844,1.3824000358581543,6010112
2026-09-20 10:00:00+00:00,1.3825000524520874,1.3837000131607056,1.3734999895095825,1.3753999471664429,0
2026-09-20 11:00:00+00:00,1.3760000467300415,1.3805999755859375,1.3736000061035156,1.3799999952316284,0
2026-09-20 12:00:00+00:00,1.3801000118255615,1.3834999799728394,1.3731000423431396,1.3794000148773193,0
2026-09-20 13:00:00+00:00,1.3791999816894531,1.3818000555038452,1.3739999532699585,1.3769999742507935,0
2026-09-20 14:00:00+00:00,1.3773000240325928,1.3835999965667725,1.3738000392913818,1.3787000179290771,0
2026-09-20 15:00:00+00:00,1.378999948501587,1.3913999795913696,1.378999948501587,1.3910000324249268,0
2026-09-20 16:00:00+00:00,1.3911000490188599,1.417099952697754,1.3873000144958496,1.4101999998092651,85263104
2026-09-20 17:00:00+00:00,1.409000039100647,1.4140000343322754,1.3984999656677246,1.4026000499725342,0
2026-09-20 18:00:00+00:00,1.402400016784668,1.4122999906539917,1.3981000185012817,1.4035999774932861,0
2026-09-20 19:00:00+00:00,1.4041999578475952,1.413699984550476,1.4003000259399414,1.4089000225067139,0
2026-09-20 20:00:00+00:00,1.4086999893188477,1.4121999740600586,1.4056999683380127,1.405900001525879,0
2026-09-20 21:00:00+00:00,1.4056999683380127,1.405900001525879,1.391700029373169,1.4018000364303589,0
2026-09-20 22:00:00+00:00,1.4027999639511108,1.4120999574661255,1.3976000547409058,1.4097000360488892,0
2026-09-20 23:00:00+00:00,1.409600019454956,1.4153000116348267,1.4072999954223633,1.409999966621399,21344768
2026-09-21 00:00:00+00:00,1.4098999500274658,1.4323999881744385,1.4098999500274658,1.4256999492645264,154388736
2026-09-21 01:00:00+00:00,1.4251999855041504,1.4381999969482422,1.4038000106811523,1.4076000452041626,121641728
2026-09-21 02:00:00+00:00,1.4085999727249146,1.4208999872207642,1.4046000242233276,1.4154000282287598,0
2026-09-21 03:00:00+00:00,1.4148999452590942,1.4251999855041504,1.4148999452590942,1.422700047492981,0
2026-09-21 04:00:00+00:00,1.422700047492981,1.4234999418258667,1.4140000343322754,1.4187999963760376,17757952
2026-09-21 05:00:00+00:00,1.4184999465942383,1.4361000061035156,1.4150999784469604,1.429900050163269,82089216
2026-09-21 06:00:00+00:00,1.429800033569336,1.4413000345230103,1.4248000383377075,1.4359999895095825,91105536
2026-09-21 07:00:00+00:00,1.4349000453948975,1.444200038909912,1.430899977684021,1.4381999969482422,137165056
2026-09-21 08:00:00+00:00,1.4378000497817993,1.4855999946594238,1.4378000497817993,1.4754999876022339,464529408
2026-09-21 09:00:00+00:00,1.475600004196167,1.4859999418258667,1.4700000286102295,1.4740999937057495,350425600
2026-09-21 10:00:00+00:00,1.4744000434875488,1.49399995803833,1.469099998474121,1.4901000261306763,294949120
2026-09-21 11:00:00+00:00,1.4874999523162842,1.497499942779541,1.4839999675750732,1.4850000143051147,221866752
2026-09-21 12:00:00+00:00,1.4850000143051147,1.49590003490448,1.4837000370025635,1.4873000383377075,146776064
2026-09-21 13:00:00+00:00,1.4869999885559082,1.496999979019165,1.4717999696731567,1.489799976348877,332702720
2026-09-21 14:00:00+00:00,1.4895000457763672,1.506600022315979,1.4763000011444092,1.497499942779541,297091584
2026-09-21 15:00:00+00:00,1.497499942779541,1.5081000328063965,1.4847999811172485,1.4947999715805054,211353600
2026-09-21 16:00:00+00:00,1.4951000213623047,1.503499984741211,1.4810999631881714,1.4891999959945679,32807936
2026-09-21 17:00:00+00:00,1.489300012588501,1.4997999668121338,1.4875999689102173,1.4954999685287476,68802560
2026-09-21 18:00:00+00:00,1.4958000183105469,1.5140999555587769,1.4922000169754028,1.5094000101089478,175324160
2026-09-21 19:00:00+00:00,1.5095000267028809,1.5097999572753906,1.4972000122070312,1.5077999830245972,120058368
2026-09-21 20:00:00+00:00,1.507099986076355,1.537600040435791,1.5032999515533447,1.5338000059127808,338295296
2026-09-21 21:00:00+00:00,1.5333000421524048,1.5533000230789185,1.5180000066757202,1.5494999885559082,273400832
2026-09-21 22:00:00+00:00,1.5503000020980835,1.5743999481201172,1.544700026512146,1.5555000305175781,364968960
2026-09-21 23:00:00+00:00,1.5549999475479126,1.5687999725341797,1.5256999731063843,1.5358999967575073,147480064
2026-09-22 00:00:00+00:00,1.534500002861023,1.5400999784469604,1.518399953842163,1.5211000442504883,23774720
2026-09-22 01:00:00+00:00,1.5219999551773071,1.5225000381469727,1.503999948501587,1.5117000341415405,70960640
2026-09-22 02:00:00+00:00,1.5116000175476074,1.5263999700546265,1.5077999830245972,1.5149999856948853,45211136
2026-09-22 03:00:00+00:00,1.5145000219345093,1.5216000080108643,1.5099999904632568,1.5153000354766846,70929408
2026-09-22 04:00:00+00:00,1.5157999992370605,1.5259000062942505,1.5089000463485718,1.5110000371932983,131068416
2026-09-22 05:00:00+00:00,1.5127999782562256,1.5175000429153442,1.49399995803833,1.513200044631958,93499392
2026-09-22 06:00:00+00:00,1.5132999420166016,1.5255999565124512,1.5116000175476074,1.5190999507904053,766976
2026-09-22 07:00:00+00:00,1.5195000171661377,1.5253000259399414,1.5103000402450562,1.5187000036239624,0
2026-09-22 08:00:00+00:00,1.5184999704360962,1.5542000532150269,1.51419997215271,1.5467000007629395,0
2026-09-22 09:00:00+00:00,1.5461000204086304,1.5476000308990479,1.5271999835968018,1.542099952697754,0
2026-09-22 10:00:00+00:00,1.541200041770935,1.5413999557495117,1.5205999612808228,1.532099962234497,0
2026-09-22 11:00:00+00:00,1.5312000513076782,1.5454000234603882,1.5228999853134155,1.537600040435791,0
2026-09-22 12:00:00+00:00,1.5374000072479248,1.5458999872207642,1.5295000076293945,1.5427000522613525,16259584
2026-09-22 13:00:00+00:00,1.542799949645996,1.5951999425888062,1.5379999876022339,1.5887999534606934,61954560
2026-09-22 14:00:00+00:00,1.5884000062942505,1.5893000364303589,1.5342999696731567,1.5651999711990356,305601536
2026-09-22 15:00:00+00:00,1.5647000074386597,1.586300015449524,1.563599944114685,1.5721999406814575,101317120
2026-09-22 16:00:00+00:00,1.5724999904632568,1.5773999691009521,1.5478999614715576,1.5638999938964844,33349120
2026-09-22 17:00:00+00:00,1.5641000270843506,1.5760999917984009,1.5621999502182007,1.5721999406814575,64012288
2026-09-22 18:00:00+00:00,1.5720000267028809,1.5872999429702759,1.5680999755859375,1.5816999673843384,30424576
2026-09-22 19:00:00+00:00,1.5813000202178955,1.6092000007629395,1.5733000040054321,1.5893000364303589,248696320
2026-09-22 20:00:00+00:00,1.5891000032424927,1.5916999578475952,1.5679999589920044,1.5714999437332153,0
2026-09-22 21:00:00+00:00,1.5729999542236328,1.583299994468689,1.5678000450134277,1.5686999559402466,0
2026-09-22 22:00:00+00:00,1.5686999559402466,1.5801000595092773,1.555400013923645,1.572100043296814,0
2026-09-22 23:00:00+00:00,1.5721999406814575,1.5848000049591064,1.56850004196167,1.57260000705719,0
2026-09-23 00:00:00+00:00,1.5710999965667725,1.5911999940872192,1.569599986076355,1.5850000381469727,0
2026-09-23 01:00:00+00:00,1.5865000486373901,1.6008000373840332,1.576200008392334,1.586899995803833,0
2026-09-23 02:00:00+00:00,1.5859999656677246,1.601199984550476,1.5744999647140503,1.5987999439239502,0
2026-09-23 03:00:00+00:00,1.5993000268936157,1.6240999698638916,1.586899995803833,1.6176999807357788,237211648
2026-09-23 04:00:00+00:00,1.6190999746322632,1.6574000120162964,1.6097999811172485,1.638200044631958,383977984
2026-09-23 05:00:00+00:00,1.638700008392334,1.63919997215271,1.6026999950408936,1.6088000535964966,83053056
2026-09-23 06:00:00+00:00,1.608199954032898,1.6367000341415405,1.607699990272522,1.6263999938964844,93308928
2026-09-23 07:00:00+00:00,1.6252000331878662,1.628100037574768,1.6125999689102173,1.6167999505996704,94916608
2026-09-23 08:00:00+00:00,1.6181000471115112,1.6198999881744385,1.5857000350952148,1.597599983215332,52383744
2026-09-23 09:00:00+00:00,1.5973999500274658,1.603700041770935,1.5906000137329102,1.593999981880188,0
2026-09-23 10:00:00+00:00,1.5951999425888062,1.5986000299453735,1.5780999660491943,1.594099998474121,84457984
2026-09-23 11:00:00+00:00,1.594099998474121,1.5966999530792236,1.5680999755859375,1.5729999542236328,40738816
2026-09-23 12:00:00+00:00,1.573199987411499,1.573199987411499,1.5605000257492065,1.5670000314712524,7280128
2026-09-23 13:00:00+00:00,1.5666999816894531,1.5822999477386475,1.5550999641418457,1.5755000114440918,0
2026-09-23 14:00:00+00:00,1.5746999979019165,1.5823999643325806,1.5080000162124634,1.52839994430542,643569152
2026-09-23 15:00:00+00:00,1.5273000001907349,1.5348000526428223,1.5038000345230103,1.5061999559402466,0
2026-09-23 16:00:00+00:00,1.5049999952316284,1.5183000564575195,1.4847999811172485,1.5003000497817993,185713664
2026-09-23 17:00:00+00:00,1.500599980354309,1.5078999996185303,1.485200047492981,1.5032000541687012,10380800
2026-09-23 18:00:00+00:00,1.5032000541687012,1.5032000541687012,1.4866000413894653,1.496000051498413,0
2026-09-23 19:00:00+00:00,1.4958000183105469,1.5037000179290771,1.4903000593185425,1.4931999444961548,0
2026-09-23 20:00:00+00:00,1.4950000047683716,1.4989999532699585,1.4802000522613525,1.4831000566482544,0
2026-09-23 21:00:00+00:00,1.483199954032898,1.5038000345230103,1.4807000160217285,1.4991999864578247,0
2026-09-23 22:00:00+00:00,1.4991999864578247,1.5113999843597412,1.496899962425232,1.5017999410629272,0
2026-09-23 23:00:00+00:00,1.5013999938964844,1.5033999681472778,1.4957000017166138,1.5009000301361084,0
2026-09-24 00:00:00+00:00,1.5008000135421753,1.5088000297546387,1.497499942779541,1.5012999773025513,0
2026-09-24 01:00:00+00:00,1.5016000270843506,1.5045000314712524,1.4874999523162842,1.4896999597549438,0
2026-09-24 02:00:00+00:00,1.489799976348877,1.507699966430664,1.483299970626831,1.5039000511169434,0
2026-09-24 03:00:00+00:00,1.5046000480651855,1.510200023651123,1.4914000034332275,1.4940999746322632,0
2026-09-24 04:00:00+00:00,1.49399995803833,1.501099944114685,1.4878000020980835,1.500599980354309,0
2026-09-24 05:00:00+00:00,1.500599980354309,1.5189000368118286,1.500599980354309,1.5041999816894531,0
2026-09-24 06:00:00+00:00,1.5045000314712524,1.5095000267028809,1.5,1.5020999908447266,0
2026-09-24 07:00:00+00:00,1.5024000406265259,1.5104999542236328,1.4950000047683716,1.5068000555038452,0
2026-09-24 08:00:00+00:00,1.506700038909912,1.5082000494003296,1.4743000268936157,1.4831000566482544,0
2026-09-24 09:00:00+00:00,1.4836000204086304,1.4855999946594238,1.454699993133545,1.4574999809265137,0
2026-09-24 10:00:00+00:00,1.4573999643325806,1.469099998474121,1.4515000581741333,1.4671000242233276,0
2026-09-24 11:00:00+00:00,1.4674999713897705,1.4736000299453735,1.4666999578475952,1.469099998474121,0
2026-09-24 12:00:00+00:00,1.4687999486923218,1.4814000129699707,1.46589994430542,1.479200005531311,0
2026-09-24 13:00:00+00:00,1.4789999723434448,1.5087000131607056,1.4789999723434448,1.5022000074386597,128000
2026-09-24 14:00:00+00:00,1.5010000467300415,1.5262999534606934,1.489300012588501,1.4987000226974487,0
2026-09-24 15:00:00+00:00,1.4975999593734741,1.517199993133545,1.4930000305175781,1.5146000385284424,0
2026-09-24 16:00:00+00:00,1.5151000022888184,1.5364999771118164,1.5033999681472778,1.5327999591827393,0
2026-09-24 17:00:00+00:00,1.531000018119812,1.5429999828338623,1.5227999687194824,1.5276000499725342,66743808
2026-09-24 18:00:00+00:00,1.527500033378601,1.5400999784469604,1.5161999464035034,1.5365999937057495,61889024
2026-09-24 19:00:00+00:00,1.5374000072479248,1.5374000072479248,1.5247000455856323,1.527999997138977,0
2026-09-24 20:00:00+00:00,1.527899980545044,1.534000039100647,1.5220999717712402,1.5302000045776367,0
2026-09-24 21:00:00+00:00,1.530500054359436,1.5471999645233154,1.5297000408172607,1.5384999513626099,263168
2026-09-24 22:00:00+00:00,1.537600040435791,1.5426000356674194,1.5277999639511108,1.5326000452041626,0
2026-09-24 23:00:00+00:00,1.5325000286102295,1.5393999814987183,1.5298000574111938,1.5343999862670898,18606080
2026-09-25 00:00:00+00:00,1.53410005569458,1.5600999593734741,1.53410005569458,1.5442999601364136,156253696
2026-09-25 01:00:00+00:00,1.5437999963760376,1.5551999807357788,1.535599946975708,1.5413000583648682,0
2026-09-25 02:00:00+00:00,1.541599988937378,1.5534000396728516,1.5260000228881836,1.5282000303268433,51135488
2026-09-25 03:00:00+00:00,1.5264999866485596,1.5341999530792236,1.524399995803833,1.5303000211715698,43268608
2026-09-25 04:00:00+00:00,1.5303000211715698,1.5413999557495117,1.5266000032424927,1.5321999788284302,0
2026-09-25 05:00:00+00:00,1.532099962234497,1.5370999574661255,1.5266000032424927,1.527999997138977,0
2026-09-25 06:00:00+00:00,1.527899980545044,1.5357999801635742,1.5205999612808228,1.5298999547958374,11112448
2026-09-25 07:00:00+00:00,1.530400037765503,1.5393999814987183,1.5191999673843384,1.534000039100647,1272320
2026-09-25 08:00:00+00:00,1.5339000225067139,1.5490000247955322,1.5306999683380127,1.542799949645996,0
2026-09-25 09:00:00+00:00,1.542799949645996,1.562000036239624,1.5420000553131104,1.5535999536514282,0
2026-09-25 10:00:00+00:00,1.5526000261306763,1.5615999698638916,1.544800043106079,1.5568000078201294,0
2026-09-25 11:00:00+00:00,1.5566999912261963,1.5988999605178833,1.5562000274658203,1.5949000120162964,535149568
2026-09-25 12:00:00+00:00,1.5946999788284302,1.6294000148773193,1.5789999961853027,1.5996999740600586,1085649920
2026-09-25 13:00:00+00:00,1.6009000539779663,1.603600025177002,1.5750000476837158,1.5830999612808228,404725760
2026-09-25 14:00:00+00:00,1.583799958229065,1.597000002861023,1.5627000331878662,1.5891000032424927,383046656
2026-09-25 15:00:00+00:00,1.5886000394821167,1.5937999486923218,1.5585999488830566,1.5758999586105347,194724864
2026-09-25 16:00:00+00:00,1.5779000520706177,1.5858999490737915,1.5611000061035156,1.5621999502182007,61828608
2026-09-25 17:00:00+00:00,1.5621000528335571,1.5723999738693237,1.5520999431610107,1.5641000270843506,0
2026-09-25 18:00:00+00:00,1.5640000104904175,1.5788999795913696,1.5633000135421753,1.5681999921798706,0
2026-09-25 19:00:00+00:00,1.5683000087738037,1.5740000009536743,1.5654000043869019,1.5720000267028809,0
2026-09-25 20:00:00+00:00,1.5707000494003296,1.5743999481201172,1.559999942779541,1.5607000589370728,7314432
2026-09-25 21:00:00+00:00,1.5605000257492065,1.562000036239624,1.5504000186920166,1.5513999462127686,0
2026-09-25 22:00:00+00:00,1.5506000518798828,1.5717999935150146,1.5492000579833984,1.5687999725341797,0
2026-09-25 23:00:00+00:00,1.568600058555603,1.5708999633789062,1.566100001335144,1.5684000253677368,0
2026-09-26 00:00:00+00:00,1.5680999755859375,1.569000005722046,1.5550999641418457,1.563599944114685,0
2026-09-26 01:00:00+00:00,1.562999963760376,1.5805000066757202,1.562999963760376,1.575700044631958,0
2026-09-26 02:00:00+00:00,1.5759999752044678,1.576799988746643,1.5638999938964844,1.5647000074386597,0
2026-09-26 03:00:00+00:00,1.5643999576568604,1.5643999576568604,1.5566999912261963,1.5586999654769897,0
2026-09-26 04:00:00+00:00,1.55840003490448,1.5622999668121338,1.551900029182434,1.5566999912261963,0
2026-09-26 05:00:00+00:00,1.5568000078201294,1.5579999685287476,1.5479999780654907,1.5499000549316406,0
2026-09-26 06:00:00+00:00,1.5500999689102173,1.5515999794006348,1.5458999872207642,1.5484999418258667,0
2026-09-26 07:00:00+00:00,1.5485999584197998,1.554800033569336,1.5479999780654907,1.5525000095367432,0
2026-09-26 08:00:00+00:00,1.5526000261306763,1.55649995803833,1.5444999933242798,1.5492000579833984,0
2026-09-26 09:00:00+00:00,1.5492000579833984,1.5507999658584595,1.5367000102996826,1.5410000085830688,0
2026-09-26 10:00:00+00:00,1.5413999557495117,1.5520000457763672,1.5403000116348267,1.5515999794006348,0
2026-09-26 11:00:00+00:00,1.5516999959945679,1.5521999597549438,1.5465999841690063,1.5468000173568726,0
2026-09-26 12:00:00+00:00,1.5465999841690063,1.548799991607666,1.5389000177383423,1.5426000356674194,0
2026-09-26 13:00:00+00:00,1.5427000522613525,1.5480999946594238,1.5369000434875488,1.5413000583648682,0
2026-09-26 14:00:00+00:00,1.541200041770935,1.5465999841690063,1.5398999452590942,1.5460000038146973,0
2026-09-26 15:00:00+00:00,1.5458999872207642,1.5540000200271606,1.5442999601364136,1.5525000095367432,0
2026-09-26 16:00:00+00:00,1.5526000261306763,1.5526000261306763,1.5444999933242798,1.5463000535964966,0
2026-09-26 17:00:00+00:00,1.5465999841690063,1.5465999841690063,1.5338000059127808,1.5362000465393066,0
2026-09-26 18:00:00+00:00,1.535599946975708,1.5371999740600586,1.518399953842163,1.5211999416351318,0
2026-09-26 19:00:00+00:00,1.521399974822998,1.526900053024292,1.5197999477386475,1.5228999853134155,0
2026-09-26 20:00:00+00:00,1.5228999853134155,1.524999976158142,1.5025999546051025,1.5115000009536743,20538368
2026-09-26 21:00:00+00:00,1.511199951171875,1.5269999504089355,1.5110000371932983,1.5242999792099,0
2026-09-26 22:00:00+00:00,1.5242999792099,1.527400016784668,1.5202000141143799,1.5219999551773071,0
2026-09-26 23:00:00+00:00,1.5219000577926636,1.5303000211715698,1.5218000411987305,1.5271999835968018,8686336
2026-09-27 00:00:00+00:00,1.5270999670028687,1.527999997138977,1.5154999494552612,1.517300009727478,0
2026-09-27 01:00:00+00:00,1.517300009727478,1.5255000591278076,1.5145000219345093,1.5231000185012817,0
2026-09-27 02:00:00+00:00,1.5233999490737915,1.5290000438690186,1.5195000171661377,1.520300030708313,0
2026-09-27 03:00:00+00:00,1.520400047302246,1.5219000577926636,1.5147000551223755,1.5151000022888184,0
2026-09-27 04:00:00+00:00,1.5152000188827515,1.518399953842163,1.50600004196167,1.5069999694824219,0
2026-09-27 05:00:00+00:00,1.5069999694824219,1.5235999822616577,1.506600022315979,1.5189000368118286,0
2026-09-27 06:00:00+00:00,1.5189000368118286,1.524999976158142,1.5180000066757202,1.521399974822998,13075968
2026-09-27 07:00:00+00:00,1.520799994468689,1.5390000343322754,1.519700050354004,1.538699984550476,28513024
2026-09-27 08:00:00+00:00,1.5390000343322754,1.5424000024795532,1.5336999893188477,1.534500002861023,62350592
2026-09-27 09:00:00+00:00,1.534500002861023,1.5388000011444092,1.526900053024292,1.5383000373840332,0
2026-09-27 10:00:00+00:00,1.538100004196167,1.5424000024795532,1.5351999998092651,1.5379999876022339,21064192
2026-09-27 11:00:00+00:00,1.5377999544143677,1.5399999618530273,1.5328999757766724,1.537500023841858,0
2026-09-27 12:00:00+00:00,1.5377999544143677,1.5460000038146973,1.534999966621399,1.534999966621399,0
2026-09-27 13:00:00+00:00,1.5348000526428223,1.5374000072479248,1.520900011062622,1.5326000452041626,67832832
2026-09-27 14:00:00+00:00,1.5332000255584717,1.5338000059127808,1.5121999979019165,1.5164999961853027,82561536
2026-09-27 15:00:00+00:00,1.5168999433517456,1.5191999673843384,1.5090999603271484,1.5161999464035034,39921408
2026-09-27 16:00:00+00:00,1.5159000158309937,1.523900032043457,1.5145000219345093,1.5185999870300293,18702080
2026-09-27 17:00:00+00:00,1.5182000398635864,1.5255000591278076,1.5180000066757202,1.524399995803833,0
2026-09-27 18:00:00+00:00,1.5240999460220337,1.541200041770935,1.5235999822616577,1.538599967956543,0
2026-09-27 19:00:00+00:00,1.538699984550476,1.5390000343322754,1.52839994430542,1.5311000347137451,0
2026-09-27 20:00:00+00:00,1.5318000316619873,1.535099983215332,1.5225000381469727,1.5228999853134155,0
2026-09-27 21:00:00+00:00,1.5231000185012817,1.5295000076293945,1.5140999555587769,1.5220999717712402,0
2026-09-27 22:00:00+00:00,1.5220999717712402,1.523900032043457,1.5037000179290771,1.507699966430664,126756608
2026-09-27 23:00:00+00:00,1.5068000555038452,1.519700050354004,1.5068000555038452,1.5161000490188599,68481024
2026-09-28 00:00:00+00:00,1.5163999795913696,1.5324000120162964,1.5104999542236328,1.5145000219345093,107760640
2026-09-28 01:00:00+00:00,1.5144000053405762,1.520799994468689,1.4976999759674072,1.504699945449829,191897088
2026-09-28 02:00:00+00:00,1.5048999786376953,1.5161000490188599,1.49399995803833,1.49590003490448,158742272
2026-09-28 03:00:00+00:00,1.496999979019165,1.5027999877929688,1.4836000204086304,1.4922000169754028,132178432
2026-09-28 04:00:00+00:00,1.4924999475479126,1.4996999502182007,1.4840999841690063,1.4962999820709229,51677696
2026-09-28 05:00:00+00:00,1.496000051498413,1.4991999864578247,1.471500039100647,1.4838000535964966,116950528
2026-09-28 06:00:00+00:00,1.4836000204086304,1.490399956703186,1.4771000146865845,1.4797999858856201,25044480
2026-09-28 07:00:00+00:00,1.4794000387191772,1.4879000186920166,1.4700000286102295,1.470900058746338,35177728
2026-09-28 08:00:00+00:00,1.470900058746338,1.4842000007629395,1.4701000452041626,1.4804999828338623,24619008
2026-09-28 09:00:00+00:00,1.4814000129699707,1.486199975013733,1.4701999425888062,1.478600025177002,66398464
2026-09-28 10:00:00+00:00,1.479200005531311,1.4938000440597534,1.4788000583648682,1.488700032234192,44348928
2026-09-28 11:00:00+00:00,1.4890999794006348,1.495300054550171,1.4845000505447388,1.4931000471115112,83466240
2026-09-28 12:00:00+00:00,1.492300033569336,1.5259000062942505,1.4895999431610107,1.5235999822616577,260077312
2026-09-28 13:00:00+00:00,1.5233999490737915,1.5318000316619873,1.5145000219345093,1.5204999446868896,176441856
2026-09-28 14:00:00+00:00,1.5197999477386475,1.5197999477386475,1.4752999544143677,1.4850000143051147,234748672
2026-09-28 15:00:00+00:00,1.4855999946594238,1.4975999593734741,1.4745999574661255,1.4950000047683716,158736896
2026-09-28 16:00:00+00:00,1.4946999549865723,1.520799994468689,1.4900000095367432,1.4997999668121338,213119488
2026-09-28 17:00:00+00:00,1.4982000589370728,1.5192999839782715,1.4900000095367432,1.5062999725341797,162284544
2026-09-28 18:00:00+00:00,1.5063999891281128,1.5157999992370605,1.5032999515533447,1.5118000507354736,44551168
2026-09-28 19:00:00+00:00,1.5118999481201172,1.5118999481201172,1.4794000387191772,1.4838999509811401,67449856
2026-09-28 20:00:00+00:00,1.4852999448776245,1.495300054550171,1.4759999513626099,1.4944000244140625,83304448
2026-09-28 21:00:00+00:00,1.4952000379562378,1.499899983406067,1.4836000204086304,1.485200047492981,0
2026-09-28 22:00:00+00:00,1.485200047492981,1.493399977684021,1.4774999618530273,1.492400050163269,0
2026-09-28 23:00:00+00:00,1.492400050163269,1.500100016593933,1.4910999536514282,1.4960999488830566,541696
2026-09-29 00:00:00+00:00,1.4955999851226807,1.503000020980835,1.4879000186920166,1.4879000186920166,0
2026-09-29 01:00:00+00:00,1.4869999885559082,1.4946000576019287,1.46589994430542,1.4769999980926514,0
2026-09-29 02:00:00+00:00,1.4778000116348267,1.4809999465942383,1.4671000242233276,1.4754999876022339,0
2026-09-29 03:00:00+00:00,1.4752999544143677,1.4916000366210938,1.4744999408721924,1.488700032234192,0
2026-09-29 04:00:00+00:00,1.4889999628067017,1.4916000366210938,1.4789999723434448,1.485200047492981,0
2026-09-29 05:00:00+00:00,1.4845000505447388,1.4936000108718872,1.4738999605178833,1.4936000108718872,0
2026-09-29 06:00:00+00:00,1.493399977684021,1.5080000162124634,1.493299961090088,1.5052000284194946,12128256
2026-09-29 07:00:00+00:00,1.5042999982833862,1.5111000537872314,1.5020999908447266,1.5073000192642212,0
2026-09-29 08:00:00+00:00,1.507200002670288,1.5133999586105347,1.4973000288009644,1.5003999471664429,0
2026-09-29 09:00:00+00:00,1.499500036239624,1.514299988746643,1.4976999759674072,1.510599970817566,0
2026-09-29 10:00:00+00:00,1.5099999904632568,1.5118000507354736,1.5020999908447266,1.507599949836731,0
2026-09-29 11:00:00+00:00,1.5075000524520874,1.5199999809265137,1.5044000148773193,1.516700029373169,0
2026-09-29 12:00:00+00:00,1.516800045967102,1.5555000305175781,1.5121999979019165,1.5471999645233154,194996224
2026-09-29 13:00:00+00:00,1.5470000505447388,1.5555000305175781,1.5390000343322754,1.5477999448776245,109884928
2026-09-29 14:00:00+00:00,1.5480999946594238,1.5602999925613403,1.5413999557495117,1.5450999736785889,0
2026-09-29 15:00:00+00:00,1.545300006866455,1.545300006866455,1.5080000162124634,1.517699956893921,99743744
2026-09-29 16:00:00+00:00,1.517899990081787,1.523800015449524,1.480299949645996,1.4854999780654907,46710784
2026-09-29 17:00:00+00:00,1.48580002784729,1.48989999294281,1.476199984550476,1.482100009918213,15635456
2026-09-29 18:00:00+00:00,1.483299970626831,1.501099944114685,1.482699990272522,1.499400019645691,77938688
2026-09-29 19:00:00+00:00,1.4996000528335571,1.503499984741211,1.4912999868392944,1.492900013923645,0
2026-09-29 20:00:00+00:00,1.4930000305175781,1.500599980354309,1.489799976348877,1.4960999488830566,0
2026-09-29 21:00:00+00:00,1.49590003490448,1.4981000423431396,1.4895000457763672,1.495300054550171,0
2026-09-29 22:00:00+00:00,1.4953999519348145,1.4987000226974487,1.4909000396728516,1.4931999444961548,36899840
2026-09-29 23:00:00+00:00,1.4925999641418457,1.4986000061035156,1.4875999689102173,1.48989999294281,18186752
2026-09-30 00:00:00+00:00,1.4902000427246094,1.492400050163269,1.4848999977111816,1.4921000003814697,968192
2026-09-30 01:00:00+00:00,1.4917000532150269,1.5002000331878662,1.4909000396728516,1.4972000122070312,0
2026-09-30 02:00:00+00:00,1.4974000453948975,1.5039000511169434,1.49590003490448,1.500599980354309,0
2026-09-30 03:00:00+00:00,1.5009000301361084,1.5017999410629272,1.4901000261306763,1.4930000305175781,0
2026-09-30 04:00:00+00:00,1.492799997329712,1.4989999532699585,1.4921000003814697,1.4931000471115112,3337728
2026-09-30 05:00:00+00:00,1.4931000471115112,1.5049999952316284,1.4930000305175781,1.5025999546051025,10235392
2026-09-30 06:00:00+00:00,1.5026999711990356,1.5062999725341797,1.4914000034332275,1.492300033569336,0
2026-09-30 07:00:00+00:00,1.4919999837875366,1.5037000179290771,1.4890999794006348,1.4997999668121338,7438848
2026-09-30 08:00:00+00:00,1.499899983406067,1.5006999969482422,1.4916000366210938,1.496899962425232,0
2026-09-30 09:00:00+00:00,1.496899962425232,1.514799952507019,1.4962999820709229,1.5096999406814575,69684736
2026-09-30 10:00:00+00:00,1.5099999904632568,1.5148999691009521,1.5063999891281128,1.5121999979019165,24583680
2026-09-30 11:00:00+00:00,1.5120999813079834,1.519700050354004,1.506500005722046,1.5153000354766846,0
2026-09-30 12:00:00+00:00,1.5154000520706177,1.5398999452590942,1.506100058555603,1.53410005569458,0
2026-09-30 13:00:00+00:00,1.534999966621399,1.5436999797821045,1.5081000328063965,1.5195000171661377,0
2026-09-30 14:00:00+00:00,1.5191999673843384,1.5216000080108643,1.4915000200271606,1.496500015258789,46588928
2026-09-30 15:00:00+00:00,1.4962999820709229,1.5083999633789062,1.489300012588501,1.5045000314712524,0
2026-09-30 16:00:00+00:00,1.50409996509552,1.5135999917984009,1.503999948501587,1.5108000040054321,0
2026-09-30 17:00:00+00:00,1.511199951171875,1.513200044631958,1.49590003490448,1.499500036239624,0
2026-09-30 18:00:00+00:00,1.4982999563217163,1.5002000331878662,1.4891999959945679,1.4950000047683716,0
2026-09-30 19:00:00+00:00,1.4953999519348145,1.496500015258789,1.4845000505447388,1.4881999492645264,1143552
2026-09-30 20:00:00+00:00,1.489300012588501,1.49590003490448,1.4855999946594238,1.4908000230789185,49106176
2026-09-30 21:00:00+00:00,1.4917999505996704,1.493399977684021,1.4855999946594238,1.4882999658584595,0
2026-09-30 22:00:00+00:00,1.4883999824523926,1.4941999912261963,1.4844000339508057,1.4882999658584595,0
2026-09-30 23:00:00+00:00,1.4881000518798828,1.4931999444961548,1.4850000143051147,1.4890999794006348,10325248
2026-10-01 00:00:00+00:00,1.4896999597549438,1.4919999837875366,1.4850000143051147,1.4901000261306763,4144384
2026-10-01 01:00:00+00:00,1.490399956703186,1.4961999654769897,1.4883999824523926,1.488800048828125,2893824
2026-10-01 02:00:00+00:00,1.4888999462127686,1.4916000366210938,1.4853999614715576,1.4881999492645264,4704256
