time,open,high,low,close,volume
2026-06-04 04:00:00+00:00,73.06,73.31,72.33,72.49,3962.092
2026-06-04 05:00:00+00:00,72.5,72.5,71.08,71.66,8470.472
2026-06-04 06:00:00+00:00,71.65,72.84,71.56,72.21,6126.037
2026-06-04 07:00:00+00:00,72.22,72.34,71.08,71.09,7470.471
2026-06-04 08:00:00+00:00,71.08,71.48,70.4,71.07,9303.201
2026-06-04 09:00:00+00:00,71.07,71.1,69.54,70.83,12622.25
2026-06-04 10:00:00+00:00,70.83,70.89,69.56,69.86,17497.194
2026-06-04 11:00:00+00:00,69.86,70.7,69.5,70.68,11622.143
2026-06-04 12:00:00+00:00,70.69,72.31,70.22,72.0,11550.523
2026-06-04 13:00:00+00:00,72.01,72.36,70.88,72.13,8201.254
2026-06-04 14:00:00+00:00,72.14,72.59,71.64,72.09,8970.04
2026-06-04 15:00:00+00:00,72.08,72.87,71.93,72.5,6458.708
2026-06-04 16:00:00+00:00,72.49,72.52,71.77,72.24,3788.398
2026-06-04 17:00:00+00:00,72.23,72.49,71.34,72.08,7153.525
2026-06-04 18:00:00+00:00,72.08,72.75,71.43,72.45,4918.397
2026-06-04 19:00:00+00:00,72.45,72.77,71.9,72.1,5612.691
2026-06-04 20:00:00+00:00,72.1,72.13,71.45,71.78,2799.497
2026-06-04 21:00:00+00:00,71.77,72.17,70.27,70.27,4775.745
2026-06-04 22:00:00+00:00,70.26,71.02,69.88,70.94,6415.476
2026-06-04 23:00:00+00:00,70.93,71.36,70.37,71.35,3635.025
2026-06-05 00:00:00+00:00,71.34,71.75,70.84,70.88,6437.162
2026-06-05 01:00:00+00:00,70.87,71.18,70.12,70.78,9420.119
2026-06-05 02:00:00+00:00,70.78,70.83,69.05,69.19,11868.591
2026-06-05 03:00:00+00:00,69.2,69.87,68.79,68.95,9100.22
2026-06-05 04:00:00+00:00,68.96,70.1,68.57,69.99,8671.095
2026-06-05 05:00:00+00:00,70.0,70.17,67.69,67.83,14791.125
2026-06-05 06:00:00+00:00,67.83,67.86,64.23,67.48,177782.901
2026-06-05 07:00:00+00:00,67.47,69.47,66.36,69.41,30017.197
2026-06-05 08:00:00+00:00,69.42,69.45,67.36,67.66,34394.088
2026-06-05 09:00:00+00:00,67.67,69.16,67.6,68.51,14225.729
2026-06-05 10:00:00+00:00,68.52,68.63,67.03,67.32,16484.73
2026-06-05 11:00:00+00:00,67.32,67.36,66.14,66.17,10020.846
2026-06-05 12:00:00+00:00,66.17,66.52,64.85,65.32,13592.166
2026-06-05 13:00:00+00:00,65.32,65.71,62.15,62.15,37726.289
2026-06-05 14:00:00+00:00,62.17,63.97,61.61,61.96,36926.373
2026-06-05 15:00:00+00:00,61.96,62.45,60.45,62.27,29730.836
2026-06-05 16:00:00+00:00,62.27,63.65,61.21,63.09,36809.877
2026-06-05 17:00:00+00:00,63.09,63.62,62.52,63.14,7965.308
2026-06-05 18:00:00+00:00,63.15,63.46,60.53,60.57,11961.411
2026-06-05 19:00:00+00:00,60.57,61.35,59.3,60.31,25179.063
2026-06-05 20:00:00+00:00,60.3,63.38,59.84,62.51,30114.193
2026-06-05 21:00:00+00:00,62.5,63.72,62.31,63.33,15231.852
2026-06-05 22:00:00+00:00,63.33,63.66,62.28,63.11,11733.352
2026-06-05 23:00:00+00:00,63.11,63.59,61.83,62.27,12450.451
2026-06-06 00:00:00+00:00,62.28,63.26,62.28,63.04,12103.837
2026-06-06 01:00:00+00:00,63.05,63.29,61.48,61.51,13125.974
2026-06-06 02:00:00+00:00,61.51,61.52,60.4,60.6,11718.442
2026-06-06 03:00:00+00:00,60.6,60.62,59.67,59.98,15429.578
2026-06-06 04:00:00+00:00,59.98,60.35,58.1,58.52,17487.971
2026-06-06 05:00:00+00:00,58.52,61.16,57.83,61.12,15135.04
2026-06-06 06:00:00+00:00,61.13,61.79,60.54,60.61,9914.604
2026-06-06 07:00:00+00:00,60.61,61.97,60.41,61.3,7789.906
2026-06-06 08:00:00+00:00,61.29,62.44,61.08,62.04,9990.893
2026-06-06 09:00:00+00:00,62.04,62.5,61.28,61.49,3480.534
2026-06-06 10:00:00+00:00,61.49,61.49,59.96,60.63,7814.268
2026-06-06 11:00:00+00:00,60.62,61.52,60.6,61.36,5607.37
2026-06-06 12:00:00+00:00,61.37,62.27,60.96,62.18,5920.712
2026-06-06 13:00:00+00:00,62.2,62.33,60.52,60.83,14661.611
2026-06-06 14:00:00+00:00,60.84,61.56,60.78,60.95,5887.784
2026-06-06 15:00:00+00:00,60.96,61.08,59.63,60.39,6331.509
2026-06-06 16:00:00+00:00,60.38,60.84,59.91,60.61,5331.81
2026-06-06 17:00:00+00:00,60.61,60.87,60.06,60.24,4972.152
2026-06-06 18:00:00+00:00,60.23,61.05,60.08,60.53,3063.454
2026-06-06 19:00:00+00:00,60.52,60.78,59.87,59.94,5390.128
2026-06-06 20:00:00+00:00,59.93,60.18,59.74,60.14,4683.861
2026-06-06 21:00:00+00:00,60.15,60.97,60.15,60.36,3255.871
2026-06-06 22:00:00+00:00,60.36,60.6,60.09,60.29,2774.439
2026-06-06 23:00:00+00:00,60.29,61.05,60.26,60.96,2072.337
2026-06-07 00:00:00+00:00,60.96,61.14,60.65,60.97,6001.92
2026-06-07 01:00:00+00:00,60.96,62.45,60.91,62.33,14016.007
2026-06-07 02:00:00+00:00,62.34,62.55,61.79,62.32,10619.613
2026-06-07 03:00:00+00:00,62.33,62.54,61.98,62.13,7516.188
2026-06-07 04:00:00+00:00,62.12,62.37,61.73,62.18,5430.427
2026-06-07 05:00:00+00:00,62.18,62.76,62.01,62.61,6606.776
2026-06-07 06:00:00+00:00,62.61,63.22,61.97,62.96,9839.775
2026-06-07 07:00:00+00:00,62.95,63.86,62.67,63.51,15762.647
2026-06-07 08:00:00+00:00,63.51,64.3,63.0,64.01,16100.902
2026-06-07 09:00:00+00:00,64.02,64.29,63.51,63.63,10519.482
2026-06-07 10:00:00+00:00,63.64,63.73,62.89,63.03,5511.289
2026-06-07 11:00:00+00:00,63.04,63.54,62.84,63.34,3091.084
2026-06-07 12:00:00+00:00,63.34,63.41,61.88,62.43,10931.202
2026-06-07 13:00:00+00:00,62.42,62.64,62.16,62.36,6141.322
2026-06-07 14:00:00+00:00,62.35,63.57,62.34,63.21,5727.258
2026-06-07 15:00:00+00:00,63.2,63.45,62.66,63.06,4187.2
2026-06-07 16:00:00+00:00,63.06,63.2,62.61,62.93,4603.115
2026-06-07 17:00:00+00:00,62.93,63.27,62.56,62.81,4502.264
2026-06-07 18:00:00+00:00,62.8,63.13,62.2,62.29,15041.695
2026-06-07 19:00:00+00:00,62.29,62.31,61.09,61.48,26979.457
2026-06-07 20:00:00+00:00,61.47,62.52,61.25,62.3,9551.477
2026-06-07 21:00:00+00:00,62.31,62.41,61.95,62.36,3541.211
2026-06-07 22:00:00+00:00,62.37,65.45,62.35,63.59,25068.308
2026-06-07 23:00:00+00:00,63.58,63.87,63.14,63.72,8158.704
2026-06-08 00:00:00+00:00,63.72,64.4,63.42,63.94,7761.241
2026-06-08 01:00:00+00:00,63.94,64.11,62.54,62.99,10775.868
2026-06-08 02:00:00+00:00,63.0,63.34,62.81,63.07,6694.496
2026-06-08 03:00:00+00:00,63.07,63.6,62.82,63.08,3882.816
2026-06-08 04:00:00+00:00,63.07,63.17,62.28,62.28,3703.847
2026-06-08 05:00:00+00:00,62.28,62.47,61.83,62.29,7667.66
2026-06-08 06:00:00+00:00,62.29,63.0,62.29,62.55,8951.872
2026-06-08 07:00:00+00:00,62.54,62.99,62.22,62.72,3861.768
2026-06-08 08:00:00+00:00,62.72,63.04,62.35,62.54,6521.969
2026-06-08 09:00:00+00:00,62.54,63.44,62.54,63.44,5188.432
2026-06-08 10:00:00+00:00,63.45,63.66,62.9,63.3,5804.977
2026-06-08 11:00:00+00:00,63.29,64.59,63.08,64.29,9597.283
2026-06-08 12:00:00+00:00,64.29,64.69,63.44,64.59,10575.094
2026-06-08 13:00:00+00:00,64.6,64.64,63.84,64.16,5629.03
2026-06-08 14:00:00+00:00,64.15,64.66,63.89,64.61,7992.328
2026-06-08 15:00:00+00:00,64.62,65.12,64.03,64.2,6833.555
2026-06-08 16:00:00+00:00,64.21,64.67,63.95,64.05,7781.157
2026-06-08 17:00:00+00:00,64.05,64.58,63.72,64.56,3121.756
2026-06-08 18:00:00+00:00,64.56,64.76,63.96,64.22,2728.218
2026-06-08 19:00:00+00:00,64.22,64.41,63.96,64.1,3068.886
2026-06-08 20:00:00+00:00,64.11,64.3,63.66,64.29,2432.065
2026-06-08 21:00:00+00:00,64.29,65.0,64.29,64.37,4536.943
2026-06-08 22:00:00+00:00,64.35,64.35,63.7,64.03,4189.969
2026-06-08 23:00:00+00:00,64.04,64.29,63.2,63.47,4452.359
2026-06-09 00:00:00+00:00,63.47,63.57,61.97,62.14,10823.926
2026-06-09 01:00:00+00:00,62.13,62.49,61.94,62.32,6671.667
2026-06-09 02:00:00+00:00,62.31,62.48,61.69,62.13,7313.083
2026-06-09 03:00:00+00:00,62.14,62.24,61.72,62.09,3194.291
2026-06-09 04:00:00+00:00,62.08,62.92,61.62,62.63,10662.311
2026-06-09 05:00:00+00:00,62.62,63.2,62.4,62.91,2408.545
2026-06-09 06:00:00+00:00,62.92,63.25,62.71,62.82,2278.601
2026-06-09 07:00:00+00:00,62.83,63.32,62.63,62.98,3852.776
2026-06-09 08:00:00+00:00,62.98,63.02,62.44,62.73,4525.767
2026-06-09 09:00:00+00:00,62.74,62.92,62.22,62.42,2102.979
2026-06-09 10:00:00+00:00,62.43,62.52,61.92,62.29,11724.237
2026-06-09 11:00:00+00:00,62.28,62.43,62.0,62.36,3494.675
2026-06-09 12:00:00+00:00,62.35,62.69,62.17,62.51,5316.989
2026-06-09 13:00:00+00:00,62.51,62.73,61.9,62.26,4550.721
2026-06-09 14:00:00+00:00,62.27,62.41,60.38,60.99,14142.059
2026-06-09 15:00:00+00:00,61.0,61.23,60.13,60.19,7887.052
2026-06-09 16:00:00+00:00,60.18,60.64,59.69,60.27,10289.266
2026-06-09 17:00:00+00:00,60.27,61.69,60.25,61.33,8759.592
2026-06-09 18:00:00+00:00,61.33,61.89,61.13,61.69,3349.097
2026-06-09 19:00:00+00:00,61.69,62.11,61.51,61.92,2730.206
2026-06-09 20:00:00+00:00,61.92,62.39,61.86,62.39,1792.04
2026-06-09 21:00:00+00:00,62.4,62.55,62.15,62.2,3053.679
2026-06-09 22:00:00+00:00,62.2,62.81,62.01,62.09,2143.497
2026-06-09 23:00:00+00:00,62.1,62.23,61.72,62.1,2420.864
2026-06-10 00:00:00+00:00,62.1,62.43,61.57,62.32,6361.668
2026-06-10 01:00:00+00:00,62.31,62.66,61.87,62.09,5036.517
2026-06-10 02:00:00+00:00,62.09,62.37,61.35,61.57,5436.387
2026-06-10 03:00:00+00:00,61.56,61.97,61.55,61.64,3592.418
2026-06-10 04:00:00+00:00,61.65,61.7,61.15,61.31,3469.938
2026-06-10 05:00:00+00:00,61.32,61.44,60.99,61.16,4324.591
2026-06-10 06:00:00+00:00,61.16,61.66,61.07,61.46,3443.366
2026-06-10 07:00:00+00:00,61.46,62.12,61.44,62.05,2859.335
2026-06-10 08:00:00+00:00,62.06,62.07,60.82,61.1,7711.079
2026-06-10 09:00:00+00:00,61.11,61.36,60.62,61.24,5965.169
2026-06-10 10:00:00+00:00,61.23,61.5,60.91,61.31,1908.554
2026-06-10 11:00:00+00:00,61.31,61.39,60.37,60.62,6681.367
2026-06-10 12:00:00+00:00,60.62,62.18,60.43,61.73,9812.962
2026-06-10 13:00:00+00:00,61.73,63.04,61.68,62.54,12315.571
2026-06-10 14:00:00+00:00,62.54,63.65,62.28,62.84,17680.87
2026-06-10 15:00:00+00:00,62.85,64.05,62.35,63.5,15866.797
2026-06-10 16:00:00+00:00,63.51,63.73,62.23,62.69,10024.542
2026-06-10 17:00:00+00:00,62.69,63.07,61.85,62.39,8760.555
2026-06-10 18:00:00+00:00,62.4,62.66,61.63,62.17,8117.739
2026-06-10 19:00:00+00:00,62.18,62.22,61.45,61.69,5555.788
2026-06-10 20:00:00+00:00,61.69,61.95,61.24,61.38,3992.977
2026-06-10 21:00:00+00:00,61.37,61.4,60.09,60.44,4980.872
2026-06-10 22:00:00+00:00,60.45,61.11,60.11,60.69,6973.52
2026-06-10 23:00:00+00:00,60.7,61.42,60.41,61.29,3982.481
2026-06-11 00:00:00+00:00,61.31,62.03,61.29,61.81,6560.885
2026-06-11 01:00:00+00:00,61.81,62.8,61.81,62.57,5885.904
2026-06-11 02:00:00+00:00,62.58,62.75,62.15,62.64,6087.862
2026-06-11 03:00:00+00:00,62.63,63.98,62.44,63.79,7147.126
2026-06-11 04:00:00+00:00,63.79,63.82,63.15,63.32,2887.86
2026-06-11 05:00:00+00:00,63.32,63.51,63.04,63.11,1553.4
2026-06-11 06:00:00+00:00,63.11,63.6,62.82,63.31,4142.261
2026-06-11 07:00:00+00:00,63.3,63.61,63.16,63.45,3162.76
2026-06-11 08:00:00+00:00,63.46,64.15,63.45,63.96,5291.4
2026-06-11 09:00:00+00:00,63.95,64.07,63.01,63.31,10506.928
2026-06-11 10:00:00+00:00,63.31,63.52,62.97,63.19,4409.05
2026-06-11 11:00:00+00:00,63.18,63.5,62.98,63.19,6490.496
2026-06-11 12:00:00+00:00,63.2,63.21,62.28,62.87,8940.47
2026-06-11 13:00:00+00:00,62.86,63.46,62.64,63.19,5149.133
2026-06-11 14:00:00+00:00,63.19,63.46,62.92,63.04,6136.354
2026-06-11 15:00:00+00:00,63.05,63.76,62.72,63.76,6024.511
2026-06-11 16:00:00+00:00,63.77,63.83,63.12,63.15,4311.526
2026-06-11 17:00:00+00:00,63.14,65.04,62.63,64.74,15824.675
2026-06-11 18:00:00+00:00,64.73,65.0,64.24,64.63,3894.104
2026-06-11 19:00:00+00:00,64.62,64.97,64.38,64.66,6330.538
2026-06-11 20:00:00+00:00,64.67,64.71,64.06,64.28,3285.593
2026-06-11 21:00:00+00:00,64.29,64.84,64.29,64.57,2368.554
2026-06-11 22:00:00+00:00,64.56,64.69,64.26,64.38,4634.004
2026-06-11 23:00:00+00:00,64.37,64.57,64.11,64.34,3804.783
2026-06-12 00:00:00+00:00,64.35,64.55,64.16,64.22,1909.687
2026-06-12 01:00:00+00:00,64.21,64.31,63.9,64.3,1730.454
2026-06-12 02:00:00+00:00,64.31,64.69,64.29,64.48,1427.708
2026-06-12 03:00:00+00:00,64.48,64.63,64.29,64.57,970.237
2026-06-12 04:00:00+00:00,64.58,64.89,64.47,64.52,1434.289
2026-06-12 05:00:00+00:00,64.53,64.54,63.77,63.87,2414.967
2026-06-12 06:00:00+00:00,63.87,63.94,63.08,63.21,1945.078
2026-06-12 07:00:00+00:00,63.22,63.89,63.22,63.75,4129.199
2026-06-12 08:00:00+00:00,63.75,64.51,63.72,64.36,6391.71
2026-06-12 09:00:00+00:00,64.36,65.33,64.34,65.1,4886.085
2026-06-12 10:00:00+00:00,65.11,65.21,64.6,64.63,3198.323
2026-06-12 11:00:00+00:00,64.63,64.97,64.6,64.72,1365.283
2026-06-12 12:00:00+00:00,64.71,64.95,64.45,64.66,3908.229
2026-06-12 13:00:00+00:00,64.65,64.84,63.66,63.98,5652.622
2026-06-12 14:00:00+00:00,63.99,65.31,63.92,65.26,5581.987
2026-06-12 15:00:00+00:00,65.26,65.58,64.05,64.13,7802.121
2026-06-12 16:00:00+00:00,64.12,64.84,63.91,64.81,2863.129
2026-06-12 17:00:00+00:00,64.82,65.1,64.61,64.84,3050.652
2026-06-12 18:00:00+00:00,64.85,64.95,64.39,64.7,2609.344
2026-06-12 19:00:00+00:00,64.7,65.34,64.69,64.86,5129.906
2026-06-12 20:00:00+00:00,64.86,65.06,64.66,64.73,1704.403
2026-06-12 21:00:00+00:00,64.72,64.83,64.31,64.32,1669.972
2026-06-12 22:00:00+00:00,64.32,64.6,64.21,64.32,4948.623
2026-06-12 23:00:00+00:00,64.32,64.32,63.97,64.23,1341.327
2026-06-13 00:00:00+00:00,64.24,64.45,64.12,64.34,741.542
2026-06-13 01:00:00+00:00,64.34,64.99,64.34,64.96,1834.677
2026-06-13 02:00:00+00:00,64.97,65.59,64.68,65.26,4141.698
2026-06-13 03:00:00+00:00,65.25,65.55,64.94,65.3,2313.55
2026-06-13 04:00:00+00:00,65.3,65.45,64.97,65.01,960.422
2026-06-13 05:00:00+00:00,65.01,65.42,64.96,65.25,1521.031
2026-06-13 06:00:00+00:00,65.26,66.03,65.02,65.87,3855.822
2026-06-13 07:00:00+00:00,65.87,66.39,65.59,66.24,5911.517
2026-06-13 08:00:00+00:00,66.23,66.46,66.04,66.34,3543.514
2026-06-13 09:00:00+00:00,66.33,66.7,66.15,66.49,3359.88
2026-06-13 10:00:00+00:00,66.5,67.27,66.46,66.76,4686.156
2026-06-13 11:00:00+00:00,66.76,67.14,66.53,66.88,4058.954
2026-06-13 12:00:00+00:00,66.88,67.24,66.76,66.94,2587.576
2026-06-13 13:00:00+00:00,66.94,67.05,66.72,66.89,3767.989
2026-06-13 14:00:00+00:00,66.89,67.28,66.76,67.18,5868.176
2026-06-13 15:00:00+00:00,67.19,67.56,67.0,67.04,4655.056
2026-06-13 16:00:00+00:00,67.05,67.1,65.84,66.16,5318.384
2026-06-13 17:00:00+00:00,66.16,66.64,65.99,66.13,2878.18
2026-06-13 18:00:00+00:00,66.13,66.65,66.1,66.4,1663.523
2026-06-13 19:00:00+00:00,66.4,66.68,66.29,66.45,2270.674
2026-06-13 20:00:00+00:00,66.44,66.49,66.22,66.41,3056.762
2026-06-13 21:00:00+00:00,66.41,67.44,66.23,67.24,5962.123
2026-06-13 22:00:00+00:00,67.24,67.36,67.0,67.01,2867.686
2026-06-13 23:00:00+00:00,67.01,67.19,66.86,67.15,4799.06
2026-06-14 00:00:00+00:00,67.15,67.36,66.98,67.35,4277.295
2026-06-14 01:00:00+00:00,67.34,67.8,67.25,67.32,4851.737
2026-06-14 02:00:00+00:00,67.32,67.71,67.26,67.47,1767.593
2026-06-14 03:00:00+00:00,67.46,67.46,66.97,67.17,2288.108
2026-06-14 04:00:00+00:00,67.17,67.21,66.68,66.73,2111.298
2026-06-14 05:00:00+00:00,66.73,66.78,66.11,66.44,5395.198
2026-06-14 06:00:00+00:00,66.44,66.75,66.13,66.15,3683.618
2026-06-14 07:00:00+00:00,66.16,66.2,65.97,66.1,2880.373
2026-06-14 08:00:00+00:00,66.1,66.41,66.01,66.19,1038.27
2026-06-14 09:00:00+00:00,66.2,66.51,66.0,66.44,1587.27
2026-06-14 10:00:00+00:00,66.44,66.55,66.09,66.09,2250.567
2026-06-14 11:00:00+00:00,66.1,66.13,65.87,66.03,1934.272
2026-06-14 12:00:00+00:00,66.03,66.13,65.6,65.66,4371.298
2026-06-14 13:00:00+00:00,65.67,66.54,65.66,66.04,3121.204
2026-06-14 14:00:00+00:00,66.04,66.06,65.21,65.58,3735.398
2026-06-14 15:00:00+00:00,65.58,65.71,65.43,65.57,2441.157
2026-06-14 16:00:00+00:00,65.56,65.96,65.43,65.51,1644.462
2026-06-14 17:00:00+00:00,65.53,65.73,65.29,65.33,1517.945
2026-06-14 18:00:00+00:00,65.32,65.64,65.27,65.53,1011.208
2026-06-14 19:00:00+00:00,65.53,65.79,65.45,65.48,481.474
2026-06-14 20:00:00+00:00,65.49,66.16,65.35,65.88,764.95
2026-06-14 21:00:00+00:00,65.89,68.2,65.86,67.67,5108.655
2026-06-14 22:00:00+00:00,67.67,68.36,67.46,67.86,6635.469
2026-06-14 23:00:00+00:00,67.87,68.41,67.52,68.36,8058.728
2026-06-15 00:00:00+00:00,68.35,68.57,67.99,68.29,4939.066
2026-06-15 01:00:00+00:00,68.29,68.71,67.9,68.39,4041.163
2026-06-15 02:00:00+00:00,68.4,68.97,68.29,68.64,4114.983
2026-06-15 03:00:00+00:00,68.64,69.08,68.49,69.0,8069.969
2026-06-15 04:00:00+00:00,68.99,69.23,68.84,68.9,4808.337
2026-06-15 05:00:00+00:00,68.89,69.3,68.79,69.23,2498.948
2026-06-15 06:00:00+00:00,69.22,70.06,69.11,69.89,10042.947
2026-06-15 07:00:00+00:00,69.89,70.8,69.7,70.18,19344.757
2026-06-15 08:00:00+00:00,70.19,72.52,70.18,72.31,24258.86
2026-06-15 09:00:00+00:00,72.31,73.37,71.74,73.33,22353.89
2026-06-15 10:00:00+00:00,73.32,74.61,73.23,74.2,18331.429
2026-06-15 11:00:00+00:00,74.19,74.46,73.03,74.17,13639.673
2026-06-15 12:00:00+00:00,74.18,74.4,73.45,73.95,10201.729
2026-06-15 13:00:00+00:00,73.94,75.59,73.77,75.13,25067.743
2026-06-15 14:00:00+00:00,75.12,76.37,74.44,75.94,13419.336
2026-06-15 15:00:00+00:00,75.93,77.63,75.17,77.62,18236.011
2026-06-15 16:00:00+00:00,77.63,77.72,76.13,76.46,10768.622
2026-06-15 17:00:00+00:00,76.45,76.45,75.36,75.92,6939.097
2026-06-15 18:00:00+00:00,75.93,76.02,75.29,75.37,2299.47
2026-06-15 19:00:00+00:00,75.36,75.56,74.05,74.52,6916.273
2026-06-15 20:00:00+00:00,74.52,74.69,74.15,74.25,2545.67
2026-06-15 21:00:00+00:00,74.24,74.51,73.84,73.95,6517.282
2026-06-15 22:00:00+00:00,73.95,74.14,72.99,73.47,17272.208
2026-06-15 23:00:00+00:00,73.47,73.9,73.28,73.75,6519.709
2026-06-16 00:00:00+00:00,73.75,74.26,73.61,74.04,8354.693
2026-06-16 01:00:00+00:00,74.04,74.29,73.29,73.37,4995.985
2026-06-16 02:00:00+00:00,73.36,73.4,72.29,72.66,8869.864
2026-06-16 03:00:00+00:00,72.67,73.76,72.62,73.68,5498.468
2026-06-16 04:00:00+00:00,73.69,73.98,73.37,73.7,3521.529
2026-06-16 05:00:00+00:00,73.7,74.49,73.69,74.26,6587.736
2026-06-16 06:00:00+00:00,74.27,75.22,74.25,74.99,6367.425
2026-06-16 07:00:00+00:00,75.0,75.95,74.65,75.78,6947.586
2026-06-16 08:00:00+00:00,75.78,75.98,74.99,75.47,17275.935
2026-06-16 09:00:00+00:00,75.47,75.58,74.76,74.85,8052.015
2026-06-16 10:00:00+00:00,74.86,75.4,74.72,75.26,4370.841
2026-06-16 11:00:00+00:00,75.26,75.69,75.05,75.44,4422.997
2026-06-16 12:00:00+00:00,75.44,76.39,75.22,75.77,5592.9
2026-06-16 13:00:00+00:00,75.78,75.88,74.13,74.58,8797.498
2026-06-16 14:00:00+00:00,74.59,75.06,72.72,73.28,13437.257
2026-06-16 15:00:00+00:00,73.27,75.28,73.14,74.29,14682.42
2026-06-16 16:00:00+00:00,74.29,74.75,73.97,74.18,4054.068
2026-06-16 17:00:00+00:00,74.19,75.64,74.11,75.5,5844.028
2026-06-16 18:00:00+00:00,75.5,76.54,75.39,76.17,9136.395
2026-06-16 19:00:00+00:00,76.17,76.44,75.48,76.05,4650.591
2026-06-16 20:00:00+00:00,76.05,76.72,75.71,76.48,4427.008
2026-06-16 21:00:00+00:00,76.47,77.03,76.18,76.7,3409.801
2026-06-16 22:00:00+00:00,76.71,76.95,76.24,76.32,5550.276
2026-06-16 23:00:00+00:00,76.32,76.6,75.71,75.93,4936.93
2026-06-17 00:00:00+00:00,75.93,76.65,75.85,76.52,6300.598
2026-06-17 01:00:00+00:00,76.52,77.43,75.97,77.42,11768.926
2026-06-17 02:00:00+00:00,77.43,77.99,76.49,77.01,12209.651
2026-06-17 03:00:00+00:00,77.02,77.06,75.74,76.42,11127.243
2026-06-17 04:00:00+00:00,76.43,76.73,76.17,76.28,4516.238
2026-06-17 05:00:00+00:00,76.28,76.72,75.94,76.33,8655.447
2026-06-17 06:00:00+00:00,76.34,76.68,75.92,76.19,9640.189
2026-06-17 07:00:00+00:00,76.19,76.74,75.87,76.49,9486.931
2026-06-17 08:00:00+00:00,76.49,76.52,75.5,75.64,16156.374
2026-06-17 09:00:00+00:00,75.64,75.97,75.53,75.83,8980.192
2026-06-17 10:00:00+00:00,75.84,76.14,75.0,75.0,8291.429
2026-06-17 11:00:00+00:00,75.01,75.07,74.35,74.55,12430.375
2026-06-17 12:00:00+00:00,74.56,75.47,74.19,75.42,12685.792
2026-06-17 13:00:00+00:00,75.42,75.75,74.89,74.99,5708.016
2026-06-17 14:00:00+00:00,74.98,75.29,74.28,75.0,6531.15
2026-06-17 15:00:00+00:00,75.0,76.55,74.8,76.48,6271.778
2026-06-17 16:00:00+00:00,76.47,77.83,76.43,76.62,13469.356
2026-06-17 17:00:00+00:00,76.63,77.36,76.45,77.15,8244.689
2026-06-17 18:00:00+00:00,77.15,77.19,74.74,75.96,28450.68
2026-06-17 19:00:00+00:00,75.96,76.21,73.44,73.72,16021.958
2026-06-17 20:00:00+00:00,73.72,74.24,73.53,74.21,8212.853
2026-06-17 21:00:00+00:00,74.21,74.22,73.32,73.5,4003.111
2026-06-17 22:00:00+00:00,73.51,73.93,72.59,73.54,4754.57
2026-06-17 23:00:00+00:00,73.55,74.07,73.5,73.91,2325.736
2026-06-18 00:00:00+00:00,73.92,74.38,73.83,73.92,3947.546
2026-06-18 01:00:00+00:00,73.92,74.55,73.81,74.36,4723.934
2026-06-18 02:00:00+00:00,74.37,76.0,74.35,75.82,9177.913
2026-06-18 03:00:00+00:00,75.81,75.83,73.81,73.92,6879.472
2026-06-18 04:00:00+00:00,73.93,74.04,73.3,73.54,4059.47
2026-06-18 05:00:00+00:00,73.53,73.58,72.7,73.43,8055.848
2026-06-18 06:00:00+00:00,73.43,73.79,73.06,73.67,2898.176
2026-06-18 07:00:00+00:00,73.68,75.01,73.46,74.34,4157.608
2026-06-18 08:00:00+00:00,74.34,74.93,74.11,74.4,5040.305
2026-06-18 09:00:00+00:00,74.4,75.02,74.17,74.6,3161.692
2026-06-18 10:00:00+00:00,74.6,74.71,73.59,73.98,4327.774
2026-06-18 11:00:00+00:00,73.98,74.24,73.26,73.51,3222.638
2026-06-18 12:00:00+00:00,73.51,74.11,73.34,74.01,3296.165
2026-06-18 13:00:00+00:00,74.02,74.42,72.76,73.31,5182.73
2026-06-18 14:00:00+00:00,73.32,74.29,73.02,73.95,5503.314
2026-06-18 15:00:00+00:00,73.95,73.98,70.65,70.98,14633.011
2026-06-18 16:00:00+00:00,70.97,72.1,70.85,71.99,7744.022
2026-06-18 17:00:00+00:00,72.0,72.4,71.17,71.76,6612.834
2026-06-18 18:00:00+00:00,71.77,72.28,71.61,71.95,3977.332
2026-06-18 19:00:00+00:00,71.94,73.74,71.82,73.54,4504.819
2026-06-18 20:00:00+00:00,73.55,74.86,73.55,74.22,11201.718
2026-06-18 21:00:00+00:00,74.23,74.63,73.76,73.98,9109.801
2026-06-18 22:00:00+00:00,73.97,74.49,73.71,74.26,2819.393
2026-06-18 23:00:00+00:00,74.25,74.99,73.85,74.88,4206.011
2026-06-19 00:00:00+00:00,74.88,76.45,74.52,75.8,12083.696
2026-06-19 01:00:00+00:00,75.82,76.28,74.8,75.1,7932.202
2026-06-19 02:00:00+00:00,75.09,75.2,74.03,74.34,5446.865
2026-06-19 03:00:00+00:00,74.34,74.51,72.56,73.18,9837.192
2026-06-19 04:00:00+00:00,73.18,73.27,71.95,72.11,4548.768
2026-06-19 05:00:00+00:00,72.12,73.45,72.06,73.4,9750.623
2026-06-19 06:00:00+00:00,73.4,73.78,72.86,73.29,33525.271
2026-06-19 07:00:00+00:00,73.28,73.28,72.11,72.31,4277.557
2026-06-19 08:00:00+00:00,72.32,72.89,72.25,72.66,3205.601
2026-06-19 09:00:00+00:00,72.67,72.8,72.17,72.49,3665.546
2026-06-19 10:00:00+00:00,72.48,72.79,72.13,72.48,4809.398
2026-06-19 11:00:00+00:00,72.48,72.63,72.1,72.36,2558.831
2026-06-19 12:00:00+00:00,72.36,73.17,72.01,73.02,3693.701
2026-06-19 13:00:00+00:00,73.02,74.0,72.51,73.76,4462.925
2026-06-19 14:00:00+00:00,73.75,73.93,73.22,73.31,2496.324
2026-06-19 15:00:00+00:00,73.31,73.69,72.87,73.3,2260.054
2026-06-19 16:00:00+00:00,73.3,73.62,72.59,72.63,3168.452
2026-06-19 17:00:00+00:00,72.62,73.45,72.47,73.01,2325.966
2026-06-19 18:00:00+00:00,73.01,73.08,72.31,72.57,1997.118
2026-06-19 19:00:00+00:00,72.56,72.76,71.83,72.22,2224.811
2026-06-19 20:00:00+00:00,72.22,72.8,71.96,72.74,3334.316
2026-06-19 21:00:00+00:00,72.73,72.99,72.29,72.39,1925.188
2026-06-19 22:00:00+00:00,72.4,72.95,72.32,72.86,1926.856
2026-06-19 23:00:00+00:00,72.86,73.79,72.74,73.65,2828.566
2026-06-20 00:00:00+00:00,73.65,75.12,73.35,74.08,6262.582
2026-06-20 01:00:00+00:00,74.09,74.57,73.86,74.01,3112.82
2026-06-20 02:00:00+00:00,74.0,74.14,73.13,73.2,2280.54
2026-06-20 03:00:00+00:00,73.21,73.49,72.81,73.49,2694.793
2026-06-20 04:00:00+00:00,73.49,74.26,73.3,74.19,2468.919
2026-06-20 05:00:00+00:00,74.2,75.44,74.2,74.92,4290.713
2026-06-20 06:00:00+00:00,74.92,75.11,74.52,74.65,2070.683
2026-06-20 07:00:00+00:00,74.64,74.68,74.01,74.32,2790.566
2026-06-20 08:00:00+00:00,74.33,74.49,73.96,74.2,2016.13
2026-06-20 09:00:00+00:00,74.21,74.86,74.19,74.73,1611.443
2026-06-20 10:00:00+00:00,74.74,75.3,74.62,75.26,2096.124
2026-06-20 11:00:00+00:00,75.26,75.33,74.38,74.73,2420.313
2026-06-20 12:00:00+00:00,74.73,75.11,74.3,74.57,3073.303
2026-06-20 13:00:00+00:00,74.56,74.7,73.72,74.16,2133.468
2026-06-20 14:00:00+00:00,74.15,76.14,73.64,75.57,5650.098
2026-06-20 15:00:00+00:00,75.57,76.15,75.22,75.82,7923.612
2026-06-20 16:00:00+00:00,75.83,75.83,74.75,74.88,3122.358
2026-06-20 17:00:00+00:00,74.89,74.91,73.11,73.36,9599.58
2026-06-20 18:00:00+00:00,73.35,73.96,73.29,73.64,3078.241
2026-06-20 19:00:00+00:00,73.63,74.08,73.47,74.08,3905.17
2026-06-20 20:00:00+00:00,74.07,75.12,74.06,74.93,4809.481
2026-06-20 21:00:00+00:00,74.94,75.23,74.73,75.21,3586.229
2026-06-20 22:00:00+00:00,75.2,77.12,74.97,76.56,8202.155
2026-06-20 23:00:00+00:00,76.55,76.95,75.99,75.99,5227.437
2026-06-21 00:00:00+00:00,75.99,76.36,75.72,75.92,7460.193
2026-06-21 01:00:00+00:00,75.92,76.06,75.59,75.65,2456.335
2026-06-21 02:00:00+00:00,75.65,76.08,75.47,75.75,2720.241
2026-06-21 03:00:00+00:00,75.75,76.48,75.7,76.31,4479.104
2026-06-21 04:00:00+00:00,76.31,76.79,75.77,75.84,5187.651
2026-06-21 05:00:00+00:00,75.85,75.93,75.52,75.71,2404.181
2026-06-21 06:00:00+00:00,75.71,76.03,75.56,75.73,2016.42
2026-06-21 07:00:00+00:00,75.72,76.13,75.64,75.9,2599.069
2026-06-21 08:00:00+00:00,75.9,76.05,74.42,74.84,14234.819
2026-06-21 09:00:00+00:00,74.83,75.05,74.54,74.87,3773.356
2026-06-21 10:00:00+00:00,74.87,75.13,74.48,74.52,5664.432
2026-06-21 11:00:00+00:00,74.53,74.73,73.9,74.06,4374.982
2026-06-21 12:00:00+00:00,74.06,74.84,73.77,74.68,4795.689
2026-06-21 13:00:00+00:00,74.68,74.92,74.48,74.73,2623.021
2026-06-21 14:00:00+00:00,74.74,74.95,74.57,74.85,1099.418
2026-06-21 15:00:00+00:00,74.86,75.31,74.77,75.1,1826.118
2026-06-21 16:00:00+00:00,75.09,75.12,74.06,74.49,3562.463
2026-06-21 17:00:00+00:00,74.48,74.8,74.25,74.33,1526.239
2026-06-21 18:00:00+00:00,74.32,74.59,74.0,74.44,1991.46
2026-06-21 19:00:00+00:00,74.43,75.02,74.39,74.72,1374.728
2026-06-21 20:00:00+00:00,74.72,74.92,74.21,74.35,1760.171
2026-06-21 21:00:00+00:00,74.35,74.73,73.32,74.4,4629.65
2026-06-21 22:00:00+00:00,74.39,74.61,73.73,73.95,3726.968
2026-06-21 23:00:00+00:00,73.96,74.22,73.48,73.97,5354.875
2026-06-22 00:00:00+00:00,73.98,76.13,73.98,75.87,10104.123
2026-06-22 01:00:00+00:00,75.88,76.96,75.25,76.01,15481.986
2026-06-22 02:00:00+00:00,76.01,76.12,75.48,75.58,4663.671
2026-06-22 03:00:00+00:00,75.59,75.73,74.79,74.92,3915.592
2026-06-22 04:00:00+00:00,74.92,76.0,74.82,75.78,4169.077
2026-06-22 05:00:00+00:00,75.78,75.98,75.57,75.63,3264.671
2026-06-22 06:00:00+00:00,75.62,75.8,75.25,75.26,3726.975
2026-06-22 07:00:00+00:00,75.28,76.28,75.28,75.87,2656.011
2026-06-22 08:00:00+00:00,75.88,76.22,75.02,75.59,5520.602
2026-06-22 09:00:00+00:00,75.59,75.83,75.36,75.56,2279.7
2026-06-22 10:00:00+00:00,75.55,75.97,75.43,75.97,3406.364
2026-06-22 11:00:00+00:00,75.98,76.88,75.86,76.7,10164.467
2026-06-22 12:00:00+00:00,76.7,77.03,76.47,76.9,5684.257
2026-06-22 13:00:00+00:00,76.9,77.05,76.48,76.73,8098.657
2026-06-22 14:00:00+00:00,76.73,76.75,74.72,75.03,9705.616
2026-06-22 15:00:00+00:00,75.04,76.32,74.98,75.75,10705.503
2026-06-22 16:00:00+00:00,75.75,76.02,75.26,75.49,5794.515
2026-06-22 17:00:00+00:00,75.48,75.95,75.08,75.9,2785.277
2026-06-22 18:00:00+00:00,75.9,76.33,75.37,75.47,3263.504
2026-06-22 19:00:00+00:00,75.47,75.6,75.04,75.3,2694.118
2026-06-22 20:00:00+00:00,75.31,75.58,75.04,75.42,1525.075
2026-06-22 21:00:00+00:00,75.42,75.48,74.78,75.31,1786.931
2026-06-22 22:00:00+00:00,75.31,75.61,74.51,74.95,2689.14
2026-06-22 23:00:00+00:00,74.95,75.49,74.82,75.07,2539.883
2026-06-23 00:00:00+00:00,75.07,75.58,74.93,75.58,3607.358
2026-06-23 01:00:00+00:00,75.58,75.67,74.96,75.47,3489.11
2026-06-23 02:00:00+00:00,75.46,76.07,75.14,75.96,4172.321
2026-06-23 03:00:00+00:00,75.96,76.03,75.5,75.89,4536.423
2026-06-23 04:00:00+00:00,75.89,76.03,74.57,74.68,9249.138
2026-06-23 05:00:00+00:00,74.68,74.85,73.77,73.9,14381.241
2026-06-23 06:00:00+00:00,73.91,73.92,71.16,72.31,34474.452
2026-06-23 07:00:00+00:00,72.31,72.76,72.12,72.19,6819.712
2026-06-23 08:00:00+00:00,72.19,72.32,70.54,71.39,22822.597
2026-06-23 09:00:00+00:00,71.4,72.02,71.37,71.75,7563.269
2026-06-23 10:00:00+00:00,71.76,72.25,71.76,72.21,4438.644
2026-06-23 11:00:00+00:00,72.21,73.47,72.12,72.78,11075.761
2026-06-23 12:00:00+00:00,72.79,72.97,71.96,72.17,12982.34
2026-06-23 13:00:00+00:00,72.16,73.02,72.03,72.43,17839.857
2026-06-23 14:00:00+00:00,72.43,73.96,72.16,73.15,12208.611
2026-06-23 15:00:00+00:00,73.16,73.21,71.67,72.09,9423.215
2026-06-23 16:00:00+00:00,72.1,72.29,71.52,71.91,10103.75
2026-06-23 17:00:00+00:00,71.9,72.16,71.6,71.84,4556.573
2026-06-23 18:00:00+00:00,71.85,72.11,71.58,71.94,2516.365
2026-06-23 19:00:00+00:00,71.95,72.45,71.88,72.1,4229.929
2026-06-23 20:00:00+00:00,72.1,72.6,72.04,72.14,3007.265
2026-06-23 21:00:00+00:00,72.15,72.57,72.13,72.44,2314.181
2026-06-23 22:00:00+00:00,72.43,73.07,72.4,72.65,2248.555
2026-06-23 23:00:00+00:00,72.65,72.67,72.2,72.46,1053.453
2026-06-24 00:00:00+00:00,72.46,72.9,72.31,72.77,8804.54
2026-06-24 01:00:00+00:00,72.78,72.91,72.38,72.61,4769.03
2026-06-24 02:00:00+00:00,72.61,72.67,71.74,71.77,4089.609
2026-06-24 03:00:00+00:00,71.77,72.42,71.46,72.13,3012.024
2026-06-24 04:00:00+00:00,72.13,72.19,71.17,71.88,3476.819
2026-06-24 05:00:00+00:00,71.88,72.22,71.65,71.8,9386.127
2026-06-24 06:00:00+00:00,71.81,72.12,71.71,71.88,2113.499
2026-06-24 07:00:00+00:00,71.87,71.89,71.41,71.55,3237.881
2026-06-24 08:00:00+00:00,71.55,71.87,71.41,71.8,3695.137
2026-06-24 09:00:00+00:00,71.79,72.58,71.65,72.53,7272.606
2026-06-24 10:00:00+00:00,72.53,74.78,72.12,74.57,23081.258
2026-06-24 11:00:00+00:00,74.56,79.0,73.48,75.9,52147.83
2026-06-24 12:00:00+00:00,75.91,77.18,75.64,76.76,31959.586
2026-06-24 13:00:00+00:00,76.77,77.2,73.65,74.28,42619.861
2026-06-24 14:00:00+00:00,74.28,76.75,74.04,76.68,18729.442
2026-06-24 15:00:00+00:00,76.7,77.63,74.89,75.76,39023.241
2026-06-24 16:00:00+00:00,75.75,77.34,73.66,74.84,28826.062
2026-06-24 17:00:00+00:00,74.85,75.71,72.09,72.2,30422.611
2026-06-24 18:00:00+00:00,72.19,76.37,72.13,75.58,24452.564
2026-06-24 19:00:00+00:00,75.58,75.91,74.12,75.44,12796.745
2026-06-24 20:00:00+00:00,75.43,78.09,75.03,77.33,27743.82
2026-06-24 21:00:00+00:00,77.33,78.9,76.49,78.23,14455.262
2026-06-24 22:00:00+00:00,78.23,80.0,78.0,79.08,29666.341
2026-06-24 23:00:00+00:00,79.09,80.55,79.06,80.36,17665.449
2026-06-25 00:00:00+00:00,80.37,80.7,78.82,79.0,17871.915
2026-06-25 01:00:00+00:00,79.01,81.25,78.66,81.06,24627.921
2026-06-25 02:00:00+00:00,81.05,82.93,80.91,82.72,25885.184
2026-06-25 03:00:00+00:00,82.73,83.7,81.86,83.02,24987.65
2026-06-25 04:00:00+00:00,83.02,84.1,81.86,84.04,21607.627
2026-06-25 05:00:00+00:00,84.03,85.21,82.8,83.24,30700.992
2026-06-25 06:00:00+00:00,83.25,84.04,81.5,81.5,27175.845
2026-06-25 07:00:00+00:00,81.51,82.83,80.94,82.01,28869.823
2026-06-25 08:00:00+00:00,82.0,82.21,81.52,81.87,15431.473
2026-06-25 09:00:00+00:00,81.88,83.21,81.34,82.52,15297.865
2026-06-25 10:00:00+00:00,82.52,82.99,81.02,82.57,25977.266
2026-06-25 11:00:00+00:00,82.57,82.96,81.24,82.2,10488.143
2026-06-25 12:00:00+00:00,82.2,83.39,81.61,83.36,12076.104
2026-06-25 13:00:00+00:00,83.37,84.74,77.5,78.03,48488.527
2026-06-25 14:00:00+00:00,78.01,82.9,77.98,80.81,41583.952
2026-06-25 15:00:00+00:00,80.81,82.4,80.37,82.18,17077.721
2026-06-25 16:00:00+00:00,82.18,82.91,80.47,80.97,16637.302
2026-06-25 17:00:00+00:00,80.96,88.57,80.58,84.09,66759.681
2026-06-25 18:00:00+00:00,84.09,85.22,80.38,80.62,25413.517
2026-06-25 19:00:00+00:00,80.63,80.93,78.93,80.91,15219.975
2026-06-25 20:00:00+00:00,80.91,82.7,80.67,81.49,10902.844
2026-06-25 21:00:00+00:00,81.48,82.57,81.4,82.23,6852.469
2026-06-25 22:00:00+00:00,82.23,82.33,80.78,81.58,7081.396
2026-06-25 23:00:00+00:00,81.58,83.19,81.41,82.47,8369.195
2026-06-26 00:00:00+00:00,82.47,82.67,81.54,82.05,13560.302
2026-06-26 01:00:00+00:00,82.03,82.76,81.79,82.69,14278.169
2026-06-26 02:00:00+00:00,82.69,83.12,80.75,81.87,30751.606
2026-06-26 03:00:00+00:00,81.88,83.99,81.21,83.51,27906.822
2026-06-26 04:00:00+00:00,83.51,84.59,83.06,83.5,22985.68
2026-06-26 05:00:00+00:00,83.51,84.71,82.46,83.81,15877.564
2026-06-26 06:00:00+00:00,83.8,86.48,83.12,86.2,16664.871
2026-06-26 07:00:00+00:00,86.19,88.06,86.02,86.32,28599.83
2026-06-26 08:00:00+00:00,86.32,86.51,85.11,85.9,14387.882
2026-06-26 09:00:00+00:00,85.91,86.79,84.92,85.28,15921.111
2026-06-26 10:00:00+00:00,85.29,85.36,83.56,84.8,15850.553
2026-06-26 11:00:00+00:00,84.8,86.49,84.73,86.32,18609.747
2026-06-26 12:00:00+00:00,86.31,88.67,85.74,86.16,28857.752
2026-06-26 13:00:00+00:00,86.16,88.46,85.61,88.23,22371.519
2026-06-26 14:00:00+00:00,88.23,89.75,87.43,88.39,27933.62
2026-06-26 15:00:00+00:00,88.38,93.36,88.37,93.0,41581.284
2026-06-26 16:00:00+00:00,93.0,96.36,92.33,96.05,57391.456
2026-06-26 17:00:00+00:00,96.05,98.23,94.97,96.7,37389.25
2026-06-26 18:00:00+00:00,96.69,97.39,95.13,95.42,26318.806
2026-06-26 19:00:00+00:00,95.41,96.59,94.62,95.13,21002.301
2026-06-26 20:00:00+00:00,95.12,96.06,93.11,93.28,16833.083
2026-06-26 21:00:00+00:00,93.29,93.92,92.9,93.12,17432.926
2026-06-26 22:00:00+00:00,93.11,96.33,92.35,95.82,24220.88
2026-06-26 23:00:00+00:00,95.83,96.54,94.55,95.19,19933.93
2026-06-27 00:00:00+00:00,95.2,95.9,94.04,94.54,11840.819
2026-06-27 01:00:00+00:00,94.55,95.45,93.8,94.96,13588.558
2026-06-27 02:00:00+00:00,94.95,97.65,94.63,96.16,30073.131
2026-06-27 03:00:00+00:00,96.16,96.41,92.51,92.65,29949.143
2026-06-27 04:00:00+00:00,92.65,94.33,92.5,94.08,13815.907
2026-06-27 05:00:00+00:00,94.09,95.36,93.9,94.7,13242.514
2026-06-27 06:00:00+00:00,94.69,96.27,93.14,95.72,20677.274
2026-06-27 07:00:00+00:00,95.73,96.44,95.23,96.26,12019.046
2026-06-27 08:00:00+00:00,96.26,96.47,95.52,95.92,8774.486
2026-06-27 09:00:00+00:00,95.91,96.13,94.66,94.79,8614.833
2026-06-27 10:00:00+00:00,94.78,96.86,94.69,96.31,12621.734
2026-06-27 11:00:00+00:00,96.31,97.49,95.21,97.06,10942.009
2026-06-27 12:00:00+00:00,97.06,97.46,95.58,96.84,11851.046
2026-06-27 13:00:00+00:00,96.86,99.22,96.27,98.09,17749.097
2026-06-27 14:00:00+00:00,98.11,98.27,96.49,97.03,17576.821
2026-06-27 15:00:00+00:00,97.03,98.3,95.72,96.22,15655.23
2026-06-27 16:00:00+00:00,96.21,96.36,95.12,95.51,8215.191
2026-06-27 17:00:00+00:00,95.51,96.1,94.65,95.13,9662.274
2026-06-27 18:00:00+00:00,95.14,95.21,93.8,94.62,10056.492
2026-06-27 19:00:00+00:00,94.61,94.82,93.42,93.84,10144.833
2026-06-27 20:00:00+00:00,93.85,94.06,93.38,93.88,3548.672
2026-06-27 21:00:00+00:00,93.89,94.39,93.18,93.46,4386.641
2026-06-27 22:00:00+00:00,93.45,95.73,92.77,95.44,14632.468
2026-06-27 23:00:00+00:00,95.45,95.81,93.93,94.02,6193.095
2026-06-28 00:00:00+00:00,94.02,94.38,93.44,94.08,6079.323
2026-06-28 01:00:00+00:00,94.08,94.5,93.16,94.49,8476.864
2026-06-28 02:00:00+00:00,94.48,95.38,93.61,93.99,11078.358
2026-06-28 03:00:00+00:00,93.99,94.95,93.75,94.81,10510.613
2026-06-28 04:00:00+00:00,94.81,95.36,94.22,94.55,7848.796
2026-06-28 05:00:00+00:00,94.55,94.8,93.64,94.29,7143.651
2026-06-28 06:00:00+00:00,94.29,94.41,92.97,92.97,9251.174
2026-06-28 07:00:00+00:00,92.98,93.51,90.33,90.97,31150.339
2026-06-28 08:00:00+00:00,90.96,91.99,90.8,91.57,24467.754
2026-06-28 09:00:00+00:00,91.56,91.63,89.86,90.36,14199.997
2026-06-28 10:00:00+00:00,90.36,90.5,88.85,89.0,16462.639
2026-06-28 11:00:00+00:00,88.99,89.84,88.39,89.29,21140.496
2026-06-28 12:00:00+00:00,89.29,90.33,89.17,89.5,15907.3
2026-06-28 13:00:00+00:00,89.5,89.76,88.6,88.61,8324.114
2026-06-28 14:00:00+00:00,88.61,89.0,88.18,88.51,7988.986
2026-06-28 15:00:00+00:00,88.52,89.46,88.52,89.12,9331.233
2026-06-28 16:00:00+00:00,89.13,89.38,88.25,88.49,4431.709
2026-06-28 17:00:00+00:00,88.49,90.27,88.33,90.01,6754.372
2026-06-28 18:00:00+00:00,90.01,90.31,89.22,89.84,5216.573
2026-06-28 19:00:00+00:00,89.84,91.0,89.63,90.18,6498.479
2026-06-28 20:00:00+00:00,90.17,90.95,89.83,90.04,4305.156
2026-06-28 21:00:00+00:00,90.04,91.71,89.78,91.07,9089.411
2026-06-28 22:00:00+00:00,91.08,92.37,90.18,90.53,19019.104
2026-06-28 23:00:00+00:00,90.52,91.72,90.42,91.7,10593.779
2026-06-29 00:00:00+00:00,91.71,91.93,90.3,91.74,10020.727
2026-06-29 01:00:00+00:00,91.74,91.76,90.77,91.28,5985.843
2026-06-29 02:00:00+00:00,91.29,92.51,90.45,92.42,7175.584
2026-06-29 03:00:00+00:00,92.43,94.75,92.42,94.13,15237.521
2026-06-29 04:00:00+00:00,94.14,94.5,92.99,93.11,9462.182
2026-06-29 05:00:00+00:00,93.11,94.3,91.91,94.12,16672.03
2026-06-29 06:00:00+00:00,94.13,94.45,92.0,92.51,13540.112
2026-06-29 07:00:00+00:00,92.52,92.58,91.48,91.6,8091.206
2026-06-29 08:00:00+00:00,91.61,91.86,90.73,91.0,7616.412
2026-06-29 09:00:00+00:00,91.0,91.96,90.99,91.75,5203.203
2026-06-29 10:00:00+00:00,91.75,92.64,91.5,92.32,12178.482
2026-06-29 11:00:00+00:00,92.31,93.03,91.85,92.44,7565.818
2026-06-29 12:00:00+00:00,92.44,94.07,91.88,92.35,13782.773
2026-06-29 13:00:00+00:00,92.35,92.83,90.92,91.22,13551.888
2026-06-29 14:00:00+00:00,91.23,91.27,89.0,90.19,21610.673
2026-06-29 15:00:00+00:00,90.18,90.96,89.61,90.68,9293.537
2026-06-29 16:00:00+00:00,90.68,92.19,90.6,91.81,12111.562
2026-06-29 17:00:00+00:00,91.81,93.0,91.79,92.57,9940.72
2026-06-29 18:00:00+00:00,92.56,93.1,92.03,92.28,8160.421
2026-06-29 19:00:00+00:00,92.29,93.48,92.07,93.25,4762.172
2026-06-29 20:00:00+00:00,93.25,93.32,92.3,92.36,2646.303
2026-06-29 21:00:00+00:00,92.35,92.39,91.98,92.1,3770.714
2026-06-29 22:00:00+00:00,92.1,92.45,91.96,92.09,3562.456
2026-06-29 23:00:00+00:00,92.09,92.09,91.01,91.5,3295.007
2026-06-30 00:00:00+00:00,91.49,91.67,90.27,90.65,5693.32
2026-06-30 01:00:00+00:00,90.64,91.38,90.44,90.84,6933.188
2026-06-30 02:00:00+00:00,90.85,90.93,90.13,90.73,3807.797
2026-06-30 03:00:00+00:00,90.72,90.74,89.63,89.82,4935.44
2026-06-30 04:00:00+00:00,89.82,90.27,89.72,90.02,4293.749
2026-06-30 05:00:00+00:00,90.01,90.33,89.84,90.15,2625.916
2026-06-30 06:00:00+00:00,90.17,91.78,90.15,91.01,9589.711
2026-06-30 07:00:00+00:00,91.01,91.52,89.99,90.23,10032.26
2026-06-30 08:00:00+00:00,90.23,90.41,89.0,89.93,15615.521
2026-06-30 09:00:00+00:00,89.92,89.96,89.11,89.13,5424.472
2026-06-30 10:00:00+00:00,89.14,89.75,88.52,89.69,6082.06
2026-06-30 11:00:00+00:00,89.69,89.7,88.35,88.43,7381.532
2026-06-30 12:00:00+00:00,88.43,88.66,86.42,86.45,13141.47
2026-06-30 13:00:00+00:00,86.46,87.03,85.48,86.75,11910.139
2026-06-30 14:00:00+00:00,86.75,87.75,84.99,85.07,14738.491
2026-06-30 15:00:00+00:00,85.09,85.95,85.0,85.39,6439.419
2026-06-30 16:00:00+00:00,85.39,86.46,85.24,85.97,7369.592
2026-06-30 17:00:00+00:00,85.97,86.17,84.74,85.13,4209.561
2026-06-30 18:00:00+00:00,85.13,85.89,85.06,85.32,3531.307
2026-06-30 19:00:00+00:00,85.31,85.64,85.11,85.25,4071.557
2026-06-30 20:00:00+00:00,85.24,85.96,85.18,85.43,3187.646
2026-06-30 21:00:00+00:00,85.42,85.77,85.17,85.39,3178.659
2026-06-30 22:00:00+00:00,85.4,85.46,84.65,84.89,4876.396
2026-06-30 23:00:00+00:00,84.89,85.27,84.79,85.17,3367.652
2026-07-01 00:00:00+00:00,85.17,86.57,85.11,86.17,8898.829
2026-07-01 01:00:00+00:00,86.16,86.58,84.29,86.07,11008.912
2026-07-01 02:00:00+00:00,86.07,87.98,85.97,87.14,14866.126
2026-07-01 03:00:00+00:00,87.15,87.6,86.37,87.23,9828.591
2026-07-01 04:00:00+00:00,87.23,87.8,86.92,87.28,6719.853
2026-07-01 05:00:00+00:00,87.27,87.27,86.31,86.52,4732.131
2026-07-01 06:00:00+00:00,86.52,86.54,85.52,85.68,5833.49
2026-07-01 07:00:00+00:00,85.67,85.87,85.28,85.53,3797.001
2026-07-01 08:00:00+00:00,85.53,87.73,85.32,87.59,8513.277
2026-07-01 09:00:00+00:00,87.59,87.59,86.64,87.18,5862.669
2026-07-01 10:00:00+00:00,87.19,87.19,85.75,85.99,3852.109
2026-07-01 11:00:00+00:00,85.99,86.4,85.77,86.27,5972.647
2026-07-01 12:00:00+00:00,86.28,86.47,85.36,85.96,6732.053
2026-07-01 13:00:00+00:00,85.96,87.21,85.61,86.72,9508.894
2026-07-01 14:00:00+00:00,86.71,87.19,85.93,86.51,9874.415
2026-07-01 15:00:00+00:00,86.51,87.75,86.2,86.96,13744.072
2026-07-01 16:00:00+00:00,86.97,87.08,85.78,85.91,6586.408
2026-07-01 17:00:00+00:00,85.92,86.38,85.06,86.32,11916.803
2026-07-01 18:00:00+00:00,86.33,86.37,85.34,85.73,3865.578
2026-07-01 19:00:00+00:00,85.72,85.88,85.25,85.45,2259.598
2026-07-01 20:00:00+00:00,85.47,85.89,85.21,85.72,2961.514
2026-07-01 21:00:00+00:00,85.72,86.64,85.69,86.3,5446.478
2026-07-01 22:00:00+00:00,86.3,86.4,84.35,84.53,11124.177
2026-07-01 23:00:00+00:00,84.52,84.52,83.0,83.21,14284.572
2026-07-02 00:00:00+00:00,83.22,84.15,82.7,84.01,8774.997
2026-07-02 01:00:00+00:00,84.01,84.64,83.77,84.35,6057.375
2026-07-02 02:00:00+00:00,84.36,85.68,84.32,85.54,6339.907
2026-07-02 03:00:00+00:00,85.55,85.96,84.97,85.64,6685.988
2026-07-02 04:00:00+00:00,85.64,85.67,84.84,85.17,6134.239
2026-07-02 05:00:00+00:00,85.17,85.48,84.84,85.08,3529.959
2026-07-02 06:00:00+00:00,85.07,85.51,84.53,84.55,4473.481
2026-07-02 07:00:00+00:00,84.55,84.83,84.42,84.68,2628.822
2026-07-02 08:00:00+00:00,84.69,85.25,84.35,85.18,3832.435
2026-07-02 09:00:00+00:00,85.18,85.99,84.89,85.68,8233.159
2026-07-02 10:00:00+00:00,85.67,86.63,85.56,86.5,8573.44
2026-07-02 11:00:00+00:00,86.5,88.0,86.42,87.47,10100.534
2026-07-02 12:00:00+00:00,87.46,88.54,87.1,87.54,12166.089
2026-07-02 13:00:00+00:00,87.54,88.12,87.03,87.74,14616.029
2026-07-02 14:00:00+00:00,87.75,88.11,86.3,86.55,11934.395
2026-07-02 15:00:00+00:00,86.55,86.79,85.83,86.12,6663.059
2026-07-02 16:00:00+00:00,86.14,87.93,85.95,87.51,10649.837
2026-07-02 17:00:00+00:00,87.51,87.78,86.9,87.11,4722.447
2026-07-02 18:00:00+00:00,87.12,87.59,87.06,87.31,5216.181
2026-07-02 19:00:00+00:00,87.32,87.53,86.89,86.94,6212.856
2026-07-02 20:00:00+00:00,86.94,87.41,86.56,86.94,5254.938
2026-07-02 21:00:00+00:00,86.94,87.58,86.29,86.66,4242.002
2026-07-02 22:00:00+00:00,86.66,86.66,85.94,86.35,4292.255
2026-07-02 23:00:00+00:00,86.35,86.48,86.13,86.24,3051.347
2026-07-03 00:00:00+00:00,86.24,86.56,85.66,85.88,5903.218
2026-07-03 01:00:00+00:00,85.87,86.67,85.75,86.28,5064.947
2026-07-03 02:00:00+00:00,86.29,86.45,85.89,86.09,6565.713
2026-07-03 03:00:00+00:00,86.09,86.36,85.74,86.2,4665.254
2026-07-03 04:00:00+00:00,86.21,86.49,85.78,86.38,3588.84
2026-07-03 05:00:00+00:00,86.38,86.78,85.16,86.19,8443.715
2026-07-03 06:00:00+00:00,86.2,86.49,85.85,86.13,4610.723
2026-07-03 07:00:00+00:00,86.14,86.19,85.9,86.03,5005.244
2026-07-03 08:00:00+00:00,86.03,86.72,85.8,86.18,6924.457
2026-07-03 09:00:00+00:00,86.18,86.84,85.97,86.62,9108.759
2026-07-03 10:00:00+00:00,86.61,87.37,86.41,86.79,20721.759
2026-07-03 11:00:00+00:00,86.79,87.31,86.23,86.86,7259.788
2026-07-03 12:00:00+00:00,86.85,87.3,86.61,87.16,7799.961
2026-07-03 13:00:00+00:00,87.16,88.64,86.92,88.6,14175.754
2026-07-03 14:00:00+00:00,88.6,91.05,88.08,90.76,29237.16
2026-07-03 15:00:00+00:00,90.77,90.88,88.72,88.73,17160.367
2026-07-03 16:00:00+00:00,88.73,89.36,88.21,88.82,9588.187
2026-07-03 17:00:00+00:00,88.82,88.94,87.84,88.44,10522.688
2026-07-03 18:00:00+00:00,88.44,88.49,86.94,87.52,13262.429
2026-07-03 19:00:00+00:00,87.53,87.74,86.9,87.01,11589.144
2026-07-03 20:00:00+00:00,87.01,87.72,86.97,87.52,14524.829
2026-07-03 21:00:00+00:00,87.51,88.24,86.94,87.74,14137.525
2026-07-03 22:00:00+00:00,87.73,87.85,87.19,87.63,7955.305
2026-07-03 23:00:00+00:00,87.63,87.67,87.12,87.6,4019.268
2026-07-04 00:00:00+00:00,87.59,88.25,87.56,88.12,6554.003
2026-07-04 01:00:00+00:00,88.12,89.03,87.61,88.64,8249.489
2026-07-04 02:00:00+00:00,88.64,89.21,88.09,88.31,8786.72
2026-07-04 03:00:00+00:00,88.31,89.05,88.09,88.94,5142.883
2026-07-04 04:00:00+00:00,88.93,89.17,88.29,89.14,4827.539
2026-07-04 05:00:00+00:00,89.13,89.13,88.12,88.6,3835.947
2026-07-04 06:00:00+00:00,88.6,88.93,87.03,87.24,7842.957
2026-07-04 07:00:00+00:00,87.24,87.7,86.92,87.68,5369.565
2026-07-04 08:00:00+00:00,87.68,87.95,87.35,87.7,3204.633
2026-07-04 09:00:00+00:00,87.71,88.02,87.0,87.46,3547.616
2026-07-04 10:00:00+00:00,87.47,88.0,87.29,87.93,2721.239
2026-07-04 11:00:00+00:00,87.92,88.53,87.85,87.99,3803.309
2026-07-04 12:00:00+00:00,87.99,88.26,87.56,87.92,3016.108
2026-07-04 13:00:00+00:00,87.93,88.67,87.84,88.45,3431.044
2026-07-04 14:00:00+00:00,88.44,89.09,87.79,89.04,13779.272
2026-07-04 15:00:00+00:00,89.05,89.89,89.05,89.62,11274.767
2026-07-04 16:00:00+00:00,89.62,90.06,89.01,89.3,4675.752
2026-07-04 17:00:00+00:00,89.29,90.27,88.71,90.25,4950.692
2026-07-04 18:00:00+00:00,90.25,90.29,89.41,89.9,3017.701
2026-07-04 19:00:00+00:00,89.9,90.18,89.15,89.32,2838.673
2026-07-04 20:00:00+00:00,89.32,89.93,89.13,89.48,3579.135
2026-07-04 21:00:00+00:00,89.48,89.71,89.31,89.34,1127.056
2026-07-04 22:00:00+00:00,89.34,89.37,88.65,88.86,2505.81
2026-07-04 23:00:00+00:00,88.87,88.88,87.99,88.66,6030.585
2026-07-05 00:00:00+00:00,88.65,88.74,88.08,88.57,2512.352
2026-07-05 01:00:00+00:00,88.58,88.93,87.87,88.17,4095.406
2026-07-05 02:00:00+00:00,88.16,88.34,87.09,87.3,4530.563
2026-07-05 03:00:00+00:00,87.3,87.82,87.24,87.55,1183.837
2026-07-05 04:00:00+00:00,87.54,87.98,87.33,87.76,1737.26
2026-07-05 05:00:00+00:00,87.75,87.81,87.07,87.4,2593.176
2026-07-05 06:00:00+00:00,87.4,87.88,87.15,87.58,1960.267
2026-07-05 07:00:00+00:00,87.58,88.04,87.23,87.9,2149.589
2026-07-05 08:00:00+00:00,87.91,88.68,87.89,88.25,2658.038
2026-07-05 09:00:00+00:00,88.25,88.79,87.33,87.57,3032.265
2026-07-05 10:00:00+00:00,87.56,88.63,87.25,88.38,3206.27
2026-07-05 11:00:00+00:00,88.39,88.51,87.8,88.12,2045.66
2026-07-05 12:00:00+00:00,88.12,89.22,87.59,88.05,11085.478
2026-07-05 13:00:00+00:00,88.05,88.86,87.97,88.71,11616.564
2026-07-05 14:00:00+00:00,88.72,89.36,88.55,89.35,4475.146
2026-07-05 15:00:00+00:00,89.34,89.78,88.76,89.44,4691.954
2026-07-05 16:00:00+00:00,89.45,90.2,88.96,89.24,4730.904
2026-07-05 17:00:00+00:00,89.23,89.32,88.5,88.65,3188.557
2026-07-05 18:00:00+00:00,88.65,88.73,88.41,88.47,1294.525
2026-07-05 19:00:00+00:00,88.46,88.81,88.43,88.51,1338.773
2026-07-05 20:00:00+00:00,88.51,88.79,88.46,88.77,1748.352
2026-07-05 21:00:00+00:00,88.77,89.58,88.14,89.22,3611.673
2026-07-05 22:00:00+00:00,89.22,89.87,88.88,89.23,3709.821
2026-07-05 23:00:00+00:00,89.24,89.4,88.92,89.12,3093.469
2026-07-06 00:00:00+00:00,89.13,89.3,88.28,89.29,2921.766
2026-07-06 01:00:00+00:00,89.29,89.55,88.5,88.59,1684.376
2026-07-06 02:00:00+00:00,88.58,89.06,87.96,88.65,10415.754
2026-07-06 03:00:00+00:00,88.64,88.76,88.01,88.49,2723.837
2026-07-06 04:00:00+00:00,88.49,89.71,88.09,89.3,5205.545
2026-07-06 05:00:00+00:00,89.3,89.84,88.13,89.79,7021.983
2026-07-06 06:00:00+00:00,89.79,90.8,89.33,90.1,7831.621
2026-07-06 07:00:00+00:00,90.1,90.92,89.72,90.79,5431.566
2026-07-06 08:00:00+00:00,90.8,91.4,89.29,89.74,7744.949
2026-07-06 09:00:00+00:00,89.74,90.98,89.61,90.81,6090.264
2026-07-06 10:00:00+00:00,90.81,92.67,90.79,92.48,11200.38
2026-07-06 11:00:00+00:00,92.49,93.3,91.44,91.65,11503.798
2026-07-06 12:00:00+00:00,91.64,92.5,90.31,90.83,26848.96
2026-07-06 13:00:00+00:00,90.84,94.72,89.8,93.04,36575.226
2026-07-06 14:00:00+00:00,93.04,94.5,92.71,93.67,15869.716
2026-07-06 15:00:00+00:00,93.68,96.68,93.68,96.46,23666.193
2026-07-06 16:00:00+00:00,96.46,97.41,95.76,96.03,15492.413
2026-07-06 17:00:00+00:00,96.05,96.49,95.23,95.72,8654.669
2026-07-06 18:00:00+00:00,95.73,96.04,95.11,95.4,3527.989
2026-07-06 19:00:00+00:00,95.39,96.42,95.31,96.32,6999.838
2026-07-06 20:00:00+00:00,96.32,96.34,95.36,95.72,4386.751
2026-07-06 21:00:00+00:00,95.71,96.83,95.11,95.61,8757.728
2026-07-06 22:00:00+00:00,95.62,95.71,94.26,94.48,5871.173
2026-07-06 23:00:00+00:00,94.47,94.59,93.3,94.25,11981.845
2026-07-07 00:00:00+00:00,94.25,94.38,93.45,93.57,9689.54
2026-07-07 01:00:00+00:00,93.56,93.73,92.71,92.93,8070.002
2026-07-07 02:00:00+00:00,92.94,93.16,91.32,91.87,17376.494
2026-07-07 03:00:00+00:00,91.87,92.1,91.48,91.82,5264.759
2026-07-07 04:00:00+00:00,91.82,91.91,91.23,91.55,2657.177
2026-07-07 05:00:00+00:00,91.55,92.55,91.06,92.21,4957.379
2026-07-07 06:00:00+00:00,92.22,92.91,91.75,92.61,4498.392
2026-07-07 07:00:00+00:00,92.61,94.31,92.53,93.47,12567.721
2026-07-07 08:00:00+00:00,93.47,94.09,93.13,93.25,5907.917
2026-07-07 09:00:00+00:00,93.25,94.49,93.21,94.49,7643.016
2026-07-07 10:00:00+00:00,94.47,94.64,92.43,92.51,7896.856
2026-07-07 11:00:00+00:00,92.5,93.65,92.12,93.35,7365.583
2026-07-07 12:00:00+00:00,93.36,94.0,92.54,92.61,7034.529
2026-07-07 13:00:00+00:00,92.62,92.85,91.91,92.4,9356.165
2026-07-07 14:00:00+00:00,92.4,92.74,90.1,91.42,17076.893
2026-07-07 15:00:00+00:00,91.4,92.64,90.41,92.4,16317.431
2026-07-07 16:00:00+00:00,92.41,92.84,92.12,92.35,8466.433
2026-07-07 17:00:00+00:00,92.34,93.05,92.14,92.98,4958.738
2026-07-07 18:00:00+00:00,92.97,92.97,91.51,91.58,11113.91
2026-07-07 19:00:00+00:00,91.58,91.81,89.5,91.18,23463.986
2026-07-07 20:00:00+00:00,91.17,91.54,91.07,91.33,4354.638
2026-07-07 21:00:00+00:00,91.33,91.61,90.6,90.7,7828.226
2026-07-07 22:00:00+00:00,90.7,91.22,90.1,91.01,3818.663
2026-07-07 23:00:00+00:00,91.0,91.23,89.75,89.94,7948.417
2026-07-08 00:00:00+00:00,89.94,90.31,89.08,89.75,13208.854
2026-07-08 01:00:00+00:00,89.76,89.94,88.37,88.43,9427.004
2026-07-08 02:00:00+00:00,88.42,88.83,87.63,88.5,10275.368
2026-07-08 03:00:00+00:00,88.51,88.84,87.99,88.04,4819.074
2026-07-08 04:00:00+00:00,88.05,88.6,87.86,88.38,3220.712
2026-07-08 05:00:00+00:00,88.38,88.85,88.13,88.33,5015.237
2026-07-08 06:00:00+00:00,88.34,88.69,87.92,88.68,4738.058
2026-07-08 07:00:00+00:00,88.69,89.39,88.41,89.01,7388.65
2026-07-08 08:00:00+00:00,89.01,89.26,86.87,87.01,21823.981
2026-07-08 09:00:00+00:00,87.02,87.59,86.38,87.43,9188.684
2026-07-08 10:00:00+00:00,87.44,87.77,86.85,87.6,6668.746
2026-07-08 11:00:00+00:00,87.59,88.21,87.35,87.95,7340.523
2026-07-08 12:00:00+00:00,87.96,88.58,87.15,87.2,12967.035
2026-07-08 13:00:00+00:00,87.21,87.86,86.68,87.67,13349.368
2026-07-08 14:00:00+00:00,87.66,87.78,85.89,86.84,26593.629
2026-07-08 15:00:00+00:00,86.84,87.09,86.44,87.07,11769.6
2026-07-08 16:00:00+00:00,87.08,87.96,87.08,87.87,11807.148
2026-07-08 17:00:00+00:00,87.87,88.52,87.67,87.85,8284.504
2026-07-08 18:00:00+00:00,87.84,88.74,87.84,88.49,4825.709
2026-07-08 19:00:00+00:00,88.5,88.64,87.82,87.98,6105.039
2026-07-08 20:00:00+00:00,88.0,88.22,87.51,87.8,5507.076
2026-07-08 21:00:00+00:00,87.81,88.37,87.49,88.28,3462.994
2026-07-08 22:00:00+00:00,88.28,88.65,88.28,88.59,3029.56
2026-07-08 23:00:00+00:00,88.58,88.58,87.96,88.32,3746.148
2026-07-09 00:00:00+00:00,88.31,88.47,87.66,87.98,4567.266
2026-07-09 01:00:00+00:00,87.97,88.89,86.88,87.41,27707.95
2026-07-09 02:00:00+00:00,87.41,87.65,86.83,87.16,18805.543
2026-07-09 03:00:00+00:00,87.17,87.39,86.95,87.15,7020.994
2026-07-09 04:00:00+00:00,87.15,87.89,87.13,87.83,4767.332
2026-07-09 05:00:00+00:00,87.82,88.41,87.54,88.41,4476.883
2026-07-09 06:00:00+00:00,88.42,88.74,88.1,88.56,7351.962
2026-07-09 07:00:00+00:00,88.56,88.94,88.39,88.55,5255.251
2026-07-09 08:00:00+00:00,88.54,88.87,88.3,88.36,5113.775
2026-07-09 09:00:00+00:00,88.36,88.76,88.13,88.7,3569.989
2026-07-09 10:00:00+00:00,88.69,89.1,88.2,88.51,3031.617
2026-07-09 11:00:00+00:00,88.52,89.98,88.51,89.14,11894.746
2026-07-09 12:00:00+00:00,89.15,90.92,88.9,89.97,15757.77
2026-07-09 13:00:00+00:00,89.97,91.62,89.95,91.53,19108.793
2026-07-09 14:00:00+00:00,91.53,91.8,90.44,91.09,13915.024
2026-07-09 15:00:00+00:00,91.1,93.13,90.77,92.32,19631.243
2026-07-09 16:00:00+00:00,92.33,92.43,91.01,91.75,10124.135
2026-07-09 17:00:00+00:00,91.75,91.85,91.19,91.68,5440.425
2026-07-09 18:00:00+00:00,91.67,92.2,91.4,91.4,7315.868
2026-07-09 19:00:00+00:00,91.4,91.53,90.84,90.96,4581.859
2026-07-09 20:00:00+00:00,90.97,91.34,90.68,91.07,3797.312
2026-07-09 21:00:00+00:00,91.08,91.68,90.58,90.65,3959.253
2026-07-09 22:00:00+00:00,90.64,91.18,90.53,91.17,1745.188
2026-07-09 23:00:00+00:00,91.16,91.54,90.97,91.31,3420.98
2026-07-10 00:00:00+00:00,91.31,91.81,90.84,91.31,4350.622
2026-07-10 01:00:00+00:00,91.31,93.37,91.07,92.71,10942.938
2026-07-10 02:00:00+00:00,92.72,92.83,91.94,92.35,4878.79
2026-07-10 03:00:00+00:00,92.34,93.77,92.29,93.64,7267.369
2026-07-10 04:00:00+00:00,93.65,94.06,92.7,93.49,14253.218
2026-07-10 05:00:00+00:00,93.48,93.58,92.52,92.87,5641.194
2026-07-10 06:00:00+00:00,92.86,93.48,92.39,93.44,5446.596
2026-07-10 07:00:00+00:00,93.45,95.0,93.33,94.23,11939.309
2026-07-10 08:00:00+00:00,94.24,95.11,94.04,94.73,7891.423
2026-07-10 09:00:00+00:00,94.73,97.88,94.51,97.67,17587.921
2026-07-10 10:00:00+00:00,97.68,98.33,96.43,96.54,18620.741
2026-07-10 11:00:00+00:00,96.54,96.93,96.2,96.37,6652.458
2026-07-10 12:00:00+00:00,96.38,96.74,95.8,95.87,8533.485
2026-07-10 13:00:00+00:00,95.86,96.27,95.04,95.44,34588.12
2026-07-10 14:00:00+00:00,95.43,95.55,94.18,94.58,20590.179
2026-07-10 15:00:00+00:00,94.58,95.72,94.35,95.62,10407.388
2026-07-10 16:00:00+00:00,95.61,95.7,94.63,95.08,6945.994
2026-07-10 17:00:00+00:00,95.1,95.45,94.82,95.23,4200.457
2026-07-10 18:00:00+00:00,95.26,95.69,94.96,95.21,5426.606
2026-07-10 19:00:00+00:00,95.21,97.03,95.11,96.17,7724.232
2026-07-10 20:00:00+00:00,96.17,97.16,96.09,97.1,6194.595
2026-07-10 21:00:00+00:00,97.1,97.53,96.8,97.12,5893.393
2026-07-10 22:00:00+00:00,97.12,97.53,96.41,96.6,4912.7
2026-07-10 23:00:00+00:00,96.61,96.62,95.52,95.78,6091.913
2026-07-11 00:00:00+00:00,95.78,95.78,94.5,95.06,7851.031
2026-07-11 01:00:00+00:00,95.05,95.21,94.57,94.9,5058.267
2026-07-11 02:00:00+00:00,94.9,95.4,94.64,95.03,4988.614
2026-07-11 03:00:00+00:00,95.02,95.13,94.49,94.74,6362.078
2026-07-11 04:00:00+00:00,94.74,95.04,94.58,94.83,4992.225
2026-07-11 05:00:00+00:00,94.83,95.63,94.72,95.06,8586.394
2026-07-11 06:00:00+00:00,95.05,95.52,94.76,95.31,6300.713
2026-07-11 07:00:00+00:00,95.32,96.34,95.28,96.12,7268.94
2026-07-11 08:00:00+00:00,96.11,96.71,95.71,96.47,7191.028
2026-07-11 09:00:00+00:00,96.47,96.6,96.0,96.42,5310.026
2026-07-11 10:00:00+00:00,96.42,97.44,96.29,96.96,9773.522
2026-07-11 11:00:00+00:00,96.97,97.4,96.8,97.39,5289.353
2026-07-11 12:00:00+00:00,97.4,98.3,97.17,97.96,10959.478
2026-07-11 13:00:00+00:00,97.97,99.24,97.85,98.6,13620.021
2026-07-11 14:00:00+00:00,98.6,100.41,97.0,98.16,28970.11
2026-07-11 15:00:00+00:00,98.17,100.68,98.05,100.01,24813.949
2026-07-11 16:00:00+00:00,100.02,101.17,99.17,99.66,17419.584
2026-07-11 17:00:00+00:00,99.65,100.82,99.33,100.01,11081.676
2026-07-11 18:00:00+00:00,100.01,101.22,99.82,101.13,15499.424
2026-07-11 19:00:00+00:00,101.14,102.04,100.76,101.81,19310.636
2026-07-11 20:00:00+00:00,101.8,102.22,100.86,100.98,8364.572
2026-07-11 21:00:00+00:00,100.99,101.45,100.59,100.71,3955.746
2026-07-11 22:00:00+00:00,100.72,101.06,99.85,100.05,5725.615
2026-07-11 23:00:00+00:00,100.05,100.18,98.05,98.11,11426.031
2026-07-12 00:00:00+00:00,98.1,98.69,97.42,97.72,9993.379
2026-07-12 01:00:00+00:00,97.72,99.48,97.65,98.82,6659.031
2026-07-12 02:00:00+00:00,98.83,99.06,98.25,99.02,4347.4
2026-07-12 03:00:00+00:00,99.01,99.01,97.68,98.43,5458.334
2026-07-12 04:00:00+00:00,98.44,98.78,98.06,98.4,3020.781
2026-07-12 05:00:00+00:00,98.41,98.99,97.99,98.79,2912.748
2026-07-12 06:00:00+00:00,98.79,98.79,96.65,97.55,7687.561
2026-07-12 07:00:00+00:00,97.55,97.73,97.2,97.4,2384.837
2026-07-12 08:00:00+00:00,97.4,98.58,97.33,98.47,4530.299
2026-07-12 09:00:00+00:00,98.47,98.52,97.33,98.01,4949.399
2026-07-12 10:00:00+00:00,98.02,98.04,97.62,97.7,1947.925
2026-07-12 11:00:00+00:00,97.71,98.11,97.39,97.72,1794.406
2026-07-12 12:00:00+00:00,97.71,98.23,97.39,98.18,3469.25
2026-07-12 13:00:00+00:00,98.18,101.02,98.08,99.37,14500.416
2026-07-12 14:00:00+00:00,99.36,99.4,98.47,99.16,7265.143
2026-07-12 15:00:00+00:00,99.15,99.45,98.2,98.75,28133.912
2026-07-12 16:00:00+00:00,98.76,99.21,97.77,99.15,14739.303
2026-07-12 17:00:00+00:00,99.15,99.23,98.09,98.22,2712.73
2026-07-12 18:00:00+00:00,98.22,98.38,97.9,98.22,2639.559
2026-07-12 19:00:00+00:00,98.21,98.63,98.04,98.54,1539.451
2026-07-12 20:00:00+00:00,98.53,98.68,98.3,98.58,1829.354
2026-07-12 21:00:00+00:00,98.58,99.35,97.24,97.94,5180.832
2026-07-12 22:00:00+00:00,97.93,98.03,97.11,97.69,5375.899
2026-07-12 23:00:00+00:00,97.7,97.75,96.87,96.91,4969.985
2026-07-13 00:00:00+00:00,96.91,97.94,96.32,96.88,11593.931
2026-07-13 01:00:00+00:00,96.87,97.11,96.14,96.3,6318.066
2026-07-13 02:00:00+00:00,96.31,96.8,95.9,96.1,5853.041
2026-07-13 03:00:00+00:00,96.09,96.09,94.63,95.12,9432.335
2026-07-13 04:00:00+00:00,95.11,95.12,94.08,94.23,6394.281
2026-07-13 05:00:00+00:00,94.24,95.01,93.56,94.69,11416.111
2026-07-13 06:00:00+00:00,94.7,94.75,94.2,94.25,3081.986
2026-07-13 07:00:00+00:00,94.26,95.35,94.17,95.26,3947.083
2026-07-13 08:00:00+00:00,95.26,95.95,95.12,95.63,6696.583
2026-07-13 09:00:00+00:00,95.64,95.7,95.3,95.3,1820.121
2026-07-13 10:00:00+00:00,95.3,96.5,95.27,96.34,5571.93
2026-07-13 11:00:00+00:00,96.35,96.68,95.54,95.66,3892.803
2026-07-13 12:00:00+00:00,95.66,95.78,95.07,95.18,5386.411
2026-07-13 13:00:00+00:00,95.18,95.23,94.33,94.96,8891.156
2026-07-13 14:00:00+00:00,94.96,95.86,94.71,95.84,9283.896
2026-07-13 15:00:00+00:00,95.83,96.11,94.57,94.96,7636.322
2026-07-13 16:00:00+00:00,94.96,95.5,94.72,95.27,29896.948
2026-07-13 17:00:00+00:00,95.27,95.27,93.47,93.72,23571.88
2026-07-13 18:00:00+00:00,93.72,94.57,93.72,94.35,3471.956
2026-07-13 19:00:00+00:00,94.35,94.98,94.19,94.87,2099.912
2026-07-13 20:00:00+00:00,94.87,94.89,93.87,94.25,2076.451
2026-07-13 21:00:00+00:00,94.25,94.27,93.33,93.77,2290.326
2026-07-13 22:00:00+00:00,93.76,94.19,93.73,93.98,2154.74
2026-07-13 23:00:00+00:00,93.98,94.56,93.79,94.54,2588.136
2026-07-14 00:00:00+00:00,94.53,95.76,94.31,95.74,5813.216
2026-07-14 01:00:00+00:00,95.75,96.39,95.29,96.04,5977.952
2026-07-14 02:00:00+00:00,96.04,96.37,95.38,95.62,4165.57
2026-07-14 03:00:00+00:00,95.61,96.22,95.52,96.07,3544.396
2026-07-14 04:00:00+00:00,96.07,96.86,95.91,96.14,4114.263
2026-07-14 05:00:00+00:00,96.13,96.52,95.49,95.94,7210.273
2026-07-14 06:00:00+00:00,95.93,96.08,95.58,95.96,7088.153
2026-07-14 07:00:00+00:00,95.96,96.16,95.18,95.3,3159.404
2026-07-14 08:00:00+00:00,95.29,95.8,95.17,95.6,2718.856
2026-07-14 09:00:00+00:00,95.61,96.43,95.57,96.11,11246.235
2026-07-14 10:00:00+00:00,96.12,96.49,95.9,96.24,3873.9
2026-07-14 11:00:00+00:00,96.24,96.73,96.04,96.64,4237.105
2026-07-14 12:00:00+00:00,96.65,98.41,96.11,98.17,21927.719
2026-07-14 13:00:00+00:00,98.17,99.99,98.06,99.32,18909.859
2026-07-14 14:00:00+00:00,99.34,99.4,98.13,98.67,15849.853
2026-07-14 15:00:00+00:00,98.68,101.14,98.4,99.85,27227.179
2026-07-14 16:00:00+00:00,99.85,100.63,99.39,99.99,10835.327
2026-07-14 17:00:00+00:00,99.98,100.07,99.06,99.49,3894.341
2026-07-14 18:00:00+00:00,99.5,99.5,98.6,98.91,2759.551
2026-07-14 19:00:00+00:00,98.91,99.33,98.4,99.05,3327.563
2026-07-14 20:00:00+00:00,99.05,99.68,98.91,99.46,3849.106
2026-07-14 21:00:00+00:00,99.46,99.56,98.56,98.83,2496.553
2026-07-14 22:00:00+00:00,98.83,99.4,98.36,98.79,2289.761
2026-07-14 23:00:00+00:00,98.78,99.09,98.61,98.96,1732.721
2026-07-15 00:00:00+00:00,98.97,99.9,98.92,99.36,4946.57
2026-07-15 01:00:00+00:00,99.35,99.36,98.62,98.72,3542.187
2026-07-15 02:00:00+00:00,98.72,98.82,97.91,98.09,3372.964
2026-07-15 03:00:00+00:00,98.09,98.77,98.05,98.68,2691.889
2026-07-15 04:00:00+00:00,98.67,98.79,98.13,98.33,3389.165
2026-07-15 05:00:00+00:00,98.34,98.73,97.9,98.68,3016.113
2026-07-15 06:00:00+00:00,98.68,99.27,98.07,98.18,23767.736
2026-07-15 07:00:00+00:00,98.19,98.24,96.95,97.08,8579.888
2026-07-15 08:00:00+00:00,97.08,97.93,97.05,97.84,3712.848
2026-07-15 09:00:00+00:00,97.85,98.33,97.77,97.97,3130.331
2026-07-15 10:00:00+00:00,97.98,98.87,97.88,98.14,5062.087
2026-07-15 11:00:00+00:00,98.14,98.53,98.0,98.39,2940.573
2026-07-15 12:00:00+00:00,98.38,99.49,98.01,99.36,9091.309
2026-07-15 13:00:00+00:00,99.36,100.2,97.85,98.2,16098.897
2026-07-15 14:00:00+00:00,98.2,98.53,97.29,97.76,10533.698
2026-07-15 15:00:00+00:00,97.77,97.85,96.51,97.16,10977.206
2026-07-15 16:00:00+00:00,97.17,97.3,95.57,96.46,13163.16
2026-07-15 17:00:00+00:00,96.47,96.97,96.34,96.75,6287.765
2026-07-15 18:00:00+00:00,96.76,97.24,96.57,96.65,3646.894
2026-07-15 19:00:00+00:00,96.66,97.23,96.57,96.88,2500.79
2026-07-15 20:00:00+00:00,96.89,97.05,96.62,96.74,2141.021
2026-07-15 21:00:00+00:00,96.74,96.83,96.31,96.5,1330.211
2026-07-15 22:00:00+00:00,96.5,96.68,96.29,96.35,1673.572
2026-07-15 23:00:00+00:00,96.34,96.44,95.7,95.79,2506.751
2026-07-16 00:00:00+00:00,95.79,96.34,95.53,95.79,4176.301
2026-07-16 01:00:00+00:00,95.8,96.51,95.38,96.33,4161.232
2026-07-16 02:00:00+00:00,96.33,96.71,96.0,96.69,2987.612
2026-07-16 03:00:00+00:00,96.69,96.81,96.12,96.31,2805.081
2026-07-16 04:00:00+00:00,96.3,96.51,96.12,96.22,2391.083
2026-07-16 05:00:00+00:00,96.23,96.62,96.18,96.22,2406.593
2026-07-16 06:00:00+00:00,96.23,96.58,95.41,95.77,5448.611
2026-07-16 07:00:00+00:00,95.76,95.76,94.3,94.57,20655.736
2026-07-16 08:00:00+00:00,94.56,94.63,93.69,94.22,12289.823
2026-07-16 09:00:00+00:00,94.22,95.0,94.21,94.77,3577.698
2026-07-16 10:00:00+00:00,94.77,95.0,94.52,94.74,4051.482
2026-07-16 11:00:00+00:00,94.74,94.74,93.79,94.09,4791.004
2026-07-16 12:00:00+00:00,94.08,94.17,93.66,94.03,8073.984
2026-07-16 13:00:00+00:00,94.02,94.67,93.94,94.17,5257.003
2026-07-16 14:00:00+00:00,94.16,94.5,92.8,93.21,9405.773
2026-07-16 15:00:00+00:00,93.2,93.3,92.34,92.5,11084.289
2026-07-16 16:00:00+00:00,92.5,92.56,91.82,92.12,8245.821
2026-07-16 17:00:00+00:00,92.12,92.76,91.74,92.27,7182.442
2026-07-16 18:00:00+00:00,92.26,92.76,92.08,92.5,5120.385
2026-07-16 19:00:00+00:00,92.49,92.62,92.25,92.42,2472.482
2026-07-16 20:00:00+00:00,92.42,92.46,92.19,92.32,4631.279
2026-07-16 21:00:00+00:00,92.32,92.45,92.13,92.18,3376.447
2026-07-16 22:00:00+00:00,92.19,92.46,91.29,91.48,6327.127
2026-07-16 23:00:00+00:00,91.47,91.54,90.93,91.19,8104.197
2026-07-17 00:00:00+00:00,91.2,91.48,90.5,91.44,6330.135
2026-07-17 01:00:00+00:00,91.43,91.84,90.33,90.54,10035.937
2026-07-17 02:00:00+00:00,90.53,90.91,90.17,90.38,5002.497
2026-07-17 03:00:00+00:00,90.39,91.38,90.31,90.75,3664.675
2026-07-17 04:00:00+00:00,90.74,91.41,90.56,91.28,2981.931
2026-07-17 05:00:00+00:00,91.27,91.31,90.28,90.51,5507.157
2026-07-17 06:00:00+00:00,90.51,91.15,90.41,90.93,3520.588
2026-07-17 07:00:00+00:00,90.92,90.99,90.28,90.47,5405.528
2026-07-17 08:00:00+00:00,90.48,90.68,89.82,90.43,4002.442
2026-07-17 09:00:00+00:00,90.44,91.13,90.33,90.8,3347.45
2026-07-17 10:00:00+00:00,90.8,91.07,90.65,90.66,2548.383
2026-07-17 11:00:00+00:00,90.67,90.95,90.47,90.81,1920.755
2026-07-17 12:00:00+00:00,90.81,90.84,90.49,90.5,4091.222
2026-07-17 13:00:00+00:00,90.5,90.99,89.94,90.94,7911.514
2026-07-17 14:00:00+00:00,90.95,91.9,90.75,90.83,8017.076
2026-07-17 15:00:00+00:00,90.83,91.54,90.5,91.48,6589.055
2026-07-17 16:00:00+00:00,91.48,91.77,91.13,91.22,6150.19
2026-07-17 17:00:00+00:00,91.22,91.56,90.73,90.94,23168.606
2026-07-17 18:00:00+00:00,90.94,91.05,90.57,90.89,1688.154
2026-07-17 19:00:00+00:00,90.88,90.88,90.11,90.53,1944.238
2026-07-17 20:00:00+00:00,90.54,90.73,90.37,90.56,1440.614
2026-07-17 21:00:00+00:00,90.55,90.97,90.52,90.59,2370.718
2026-07-17 22:00:00+00:00,90.6,90.65,90.01,90.16,4217.238
2026-07-17 23:00:00+00:00,90.17,90.21,89.4,89.99,5196.008
2026-07-18 00:00:00+00:00,90.0,90.03,89.66,89.73,4933.999
2026-07-18 01:00:00+00:00,89.73,90.27,89.6,89.62,3802.859
2026-07-18 02:00:00+00:00,89.63,89.71,89.35,89.45,4238.037
2026-07-18 03:00:00+00:00,89.45,89.76,89.17,89.53,3113.697
2026-07-18 04:00:00+00:00,89.53,89.54,88.46,88.77,9114.513
2026-07-18 05:00:00+00:00,88.77,88.87,87.64,88.08,15256.847
2026-07-18 06:00:00+00:00,88.07,88.22,87.64,88.04,13395.522
2026-07-18 07:00:00+00:00,88.03,88.27,87.79,88.0,1874.797
2026-07-18 08:00:00+00:00,88.01,88.53,87.92,88.25,2665.695
2026-07-18 09:00:00+00:00,88.25,88.36,87.87,88.0,4671.628
2026-07-18 10:00:00+00:00,88.0,88.29,87.72,87.74,6895.104
2026-07-18 11:00:00+00:00,87.73,87.99,87.47,87.85,4735.797
2026-07-18 12:00:00+00:00,87.84,88.31,87.64,88.11,3221.719
2026-07-18 13:00:00+00:00,88.11,88.33,88.02,88.04,2510.159
2026-07-18 14:00:00+00:00,88.05,89.02,88.04,89.01,8822.655
2026-07-18 15:00:00+00:00,89.0,89.04,88.6,88.86,7735.531
2026-07-18 16:00:00+00:00,88.86,89.11,88.7,88.87,4214.995
2026-07-18 17:00:00+00:00,88.87,89.29,88.8,89.14,3197.7
2026-07-18 18:00:00+00:00,89.14,89.94,89.08,89.39,4559.466
2026-07-18 19:00:00+00:00,89.4,89.69,89.31,89.57,1719.728
2026-07-18 20:00:00+00:00,89.57,89.91,89.57,89.78,1478.991
2026-07-18 21:00:00+00:00,89.78,90.13,89.64,89.92,2978.637
2026-07-18 22:00:00+00:00,89.93,90.15,89.81,90.08,2069.932
2026-07-18 23:00:00+00:00,90.06,90.25,89.87,89.99,1990.76
2026-07-19 00:00:00+00:00,89.98,90.48,89.96,90.2,3914.008
2026-07-19 01:00:00+00:00,90.19,90.27,89.67,89.82,3417.54
2026-07-19 02:00:00+00:00,89.82,90.37,89.82,90.05,2623.918
2026-07-19 03:00:00+00:00,90.06,90.43,89.83,90.1,3048.71
2026-07-19 04:00:00+00:00,90.1,90.33,89.91,90.21,1273.196
2026-07-19 05:00:00+00:00,90.22,90.85,90.0,90.63,2807.844
2026-07-19 06:00:00+00:00,90.62,90.62,90.28,90.5,1762.479
2026-07-19 07:00:00+00:00,90.5,91.0,90.35,90.8,3498.038
2026-07-19 08:00:00+00:00,90.8,91.02,90.19,90.44,4401.739
2026-07-19 09:00:00+00:00,90.45,90.45,89.94,90.28,2644.797
2026-07-19 10:00:00+00:00,90.27,90.38,90.02,90.03,1155.777
2026-07-19 11:00:00+00:00,90.02,90.04,89.27,89.33,4290.534
2026-07-19 12:00:00+00:00,89.33,89.6,89.04,89.56,2580.739
2026-07-19 13:00:00+00:00,89.56,89.84,89.34,89.59,2999.31
2026-07-19 14:00:00+00:00,89.6,89.82,89.26,89.72,1901.737
2026-07-19 15:00:00+00:00,89.7,89.77,89.49,89.67,936.54
2026-07-19 16:00:00+00:00,89.66,89.75,89.01,89.17,4920.055
2026-07-19 17:00:00+00:00,89.18,89.67,88.67,89.19,3799.68
2026-07-19 18:00:00+00:00,89.19,89.31,88.73,88.98,3180.325
2026-07-19 19:00:00+00:00,88.99,89.13,88.8,89.13,1713.64
2026-07-19 20:00:00+00:00,89.12,89.42,88.94,89.06,1770.898
2026-07-19 21:00:00+00:00,89.06,89.2,88.72,88.95,1478.904
2026-07-19 22:00:00+00:00,88.94,89.6,88.86,89.27,3133.063
2026-07-19 23:00:00+00:00,89.28,89.59,89.0,89.56,2301.398
2026-07-20 00:00:00+00:00,89.56,90.37,89.16,89.41,5999.848
2026-07-20 01:00:00+00:00,89.42,90.23,88.75,89.02,4150.976
2026-07-20 02:00:00+00:00,89.01,89.78,88.99,89.64,3489.058
2026-07-20 03:00:00+00:00,89.64,89.82,89.44,89.82,3264.59
2026-07-20 04:00:00+00:00,89.82,89.99,89.37,89.57,2439.702
2026-07-20 05:00:00+00:00,89.57,89.96,89.02,89.16,4451.261
2026-07-20 06:00:00+00:00,89.17,89.79,89.03,89.79,4595.868
2026-07-20 07:00:00+00:00,89.8,90.61,89.71,90.25,3913.142
2026-07-20 08:00:00+00:00,90.24,90.49,89.71,89.92,5508.72
2026-07-20 09:00:00+00:00,89.91,91.36,89.85,90.78,3729.519
2026-07-20 10:00:00+00:00,90.79,90.92,90.45,90.51,3980.132
2026-07-20 11:00:00+00:00,90.51,91.08,90.24,91.0,5038.555
2026-07-20 12:00:00+00:00,91.0,91.02,90.28,90.43,3914.285
2026-07-20 13:00:00+00:00,90.44,90.96,89.42,89.65,7259.986
2026-07-20 14:00:00+00:00,89.66,89.66,88.22,88.56,11496.447
2026-07-20 15:00:00+00:00,88.57,89.89,88.42,89.67,8700.766
2026-07-20 16:00:00+00:00,89.68,89.93,89.04,89.35,7620.666
2026-07-20 17:00:00+00:00,89.34,89.73,89.09,89.19,11738.461
2026-07-20 18:00:00+00:00,89.19,90.1,89.18,89.49,8670.138
2026-07-20 19:00:00+00:00,89.49,89.79,89.15,89.64,3686.159
2026-07-20 20:00:00+00:00,89.65,90.05,89.43,89.85,2385.438
2026-07-20 21:00:00+00:00,89.85,89.93,89.52,89.6,1795.237
2026-07-20 22:00:00+00:00,89.6,89.73,89.27,89.63,2192.307
2026-07-20 23:00:00+00:00,89.62,89.95,89.57,89.86,1420.799
2026-07-21 00:00:00+00:00,89.86,90.94,89.69,90.75,4991.158
2026-07-21 01:00:00+00:00,90.74,91.15,90.64,90.67,4713.136
2026-07-21 02:00:00+00:00,90.66,91.1,90.19,90.87,2923.399
2026-07-21 03:00:00+00:00,90.87,92.76,90.87,92.57,11307.192
2026-07-21 04:00:00+00:00,92.57,93.17,92.14,92.88,10753.497
2026-07-21 05:00:00+00:00,92.88,93.34,92.53,93.07,5567.952
2026-07-21 06:00:00+00:00,93.08,93.71,92.7,93.64,9332.24
2026-07-21 07:00:00+00:00,93.64,94.98,93.52,94.92,12271.656
2026-07-21 08:00:00+00:00,94.9,95.6,94.56,94.78,10161.247
2026-07-21 09:00:00+00:00,94.78,95.54,94.66,95.33,10507.005
2026-07-21 10:00:00+00:00,95.33,95.49,94.38,94.39,6224.415
2026-07-21 11:00:00+00:00,94.39,95.07,94.19,94.81,7921.545
2026-07-21 12:00:00+00:00,94.82,94.85,93.84,94.23,7913.151
2026-07-21 13:00:00+00:00,94.24,94.83,94.18,94.73,4829.636
2026-07-21 14:00:00+00:00,94.73,94.89,94.16,94.6,5638.38
2026-07-21 15:00:00+00:00,94.6,96.27,94.3,96.17,19072.726
2026-07-21 16:00:00+00:00,96.16,96.66,95.68,96.23,11604.481
2026-07-21 17:00:00+00:00,96.23,96.45,94.96,95.07,6164.405
2026-07-21 18:00:00+00:00,95.06,95.84,95.06,95.68,4953.191
2026-07-21 19:00:00+00:00,95.67,95.68,95.08,95.34,3414.65
2026-07-21 20:00:00+00:00,95.33,95.33,94.7,94.96,2070.067
2026-07-21 21:00:00+00:00,94.97,95.38,94.89,95.14,1714.533
2026-07-21 22:00:00+00:00,95.14,95.87,94.73,95.83,3450.188
2026-07-21 23:00:00+00:00,95.82,95.82,95.3,95.7,3423.529
2026-07-22 00:00:00+00:00,95.7,96.09,95.56,95.77,4488.498
2026-07-22 01:00:00+00:00,95.77,97.48,95.7,96.77,7636.861
2026-07-22 02:00:00+00:00,96.78,97.43,96.73,96.99,4508.07
2026-07-22 03:00:00+00:00,96.98,97.19,95.95,96.09,7047.906
2026-07-22 04:00:00+00:00,96.1,97.14,96.09,97.03,4833.256
2026-07-22 05:00:00+00:00,97.03,98.24,95.51,96.08,18991.227
2026-07-22 06:00:00+00:00,96.09,96.15,95.07,95.71,20724.36
2026-07-22 07:00:00+00:00,95.72,96.63,94.98,95.63,17107.019
2026-07-22 08:00:00+00:00,95.64,96.48,95.27,96.3,27206.13
2026-07-22 09:00:00+00:00,96.3,96.64,95.2,95.46,8828.51
2026-07-22 10:00:00+00:00,95.46,96.37,95.27,96.1,8081.871
2026-07-22 11:00:00+00:00,96.09,96.31,95.91,96.07,5770.817
2026-07-22 12:00:00+00:00,96.06,96.95,95.7,96.74,10717.493
2026-07-22 13:00:00+00:00,96.74,98.35,96.28,97.91,18579.438
2026-07-22 14:00:00+00:00,97.92,98.69,95.82,97.27,24771.427
2026-07-22 15:00:00+00:00,97.27,98.25,97.09,97.51,10808.527
2026-07-22 16:00:00+00:00,97.51,98.6,97.23,98.58,25179.248
2026-07-22 17:00:00+00:00,98.57,98.63,97.34,97.38,6997.349
2026-07-22 18:00:00+00:00,97.38,98.25,97.14,97.89,11967.19
2026-07-22 19:00:00+00:00,97.89,98.14,97.32,97.83,3407.787
2026-07-22 20:00:00+00:00,97.83,98.27,97.64,98.24,4125.85
2026-07-22 21:00:00+00:00,98.24,98.96,97.96,98.07,6248.384
2026-07-22 22:00:00+00:00,98.08,98.21,97.25,97.51,3917.212
2026-07-22 23:00:00+00:00,97.51,97.54,96.84,97.43,3176.048
2026-07-23 00:00:00+00:00,97.43,98.57,97.42,98.04,3877.076
2026-07-23 01:00:00+00:00,98.03,98.72,97.96,98.27,4150.802
2026-07-23 02:00:00+00:00,98.26,98.32,97.35,97.91,4445.6
2026-07-23 03:00:00+00:00,97.9,98.12,96.65,96.94,5064.893
2026-07-23 04:00:00+00:00,96.93,97.29,96.64,96.88,2386.915
2026-07-23 05:00:00+00:00,96.87,97.5,96.6,97.25,2014.862
2026-07-23 06:00:00+00:00,97.24,97.71,97.08,97.44,2550.794
2026-07-23 07:00:00+00:00,97.44,97.44,96.39,97.15,4319.194
2026-07-23 08:00:00+00:00,97.15,97.5,96.86,97.36,2409.004
2026-07-23 09:00:00+00:00,97.36,97.63,97.13,97.32,2187.501
2026-07-23 10:00:00+00:00,97.32,98.21,97.03,97.04,4893.661
2026-07-23 11:00:00+00:00,97.05,97.39,96.56,96.65,5423.365
2026-07-23 12:00:00+00:00,96.64,97.0,95.87,96.2,6277.627
2026-07-23 13:00:00+00:00,96.2,96.62,95.54,96.11,9189.436
2026-07-23 14:00:00+00:00,96.1,96.77,95.89,95.94,4271.004
2026-07-23 15:00:00+00:00,95.94,96.03,95.34,95.88,5650.324
2026-07-23 16:00:00+00:00,95.89,96.15,95.22,96.01,4425.701
2026-07-23 17:00:00+00:00,96.0,96.38,95.27,95.38,3491.643
2026-07-23 18:00:00+00:00,95.38,95.88,95.32,95.51,2463.989
2026-07-23 19:00:00+00:00,95.52,95.8,95.11,95.43,3190.57
2026-07-23 20:00:00+00:00,95.43,96.28,95.35,96.21,2741.562
2026-07-23 21:00:00+00:00,96.22,96.43,95.72,95.82,2458.347
2026-07-23 22:00:00+00:00,95.83,95.9,95.42,95.85,1212.794
2026-07-23 23:00:00+00:00,95.85,95.97,94.94,94.97,3828.202
2026-07-24 00:00:00+00:00,94.98,95.36,94.51,95.27,3722.421
2026-07-24 01:00:00+00:00,95.28,95.72,95.21,95.52,1707.352
2026-07-24 02:00:00+00:00,95.52,95.61,94.7,94.88,2199.363
2026-07-24 03:00:00+00:00,94.87,95.58,94.77,95.47,1748.155
2026-07-24 04:00:00+00:00,95.47,95.7,95.24,95.26,1134.834
2026-07-24 05:00:00+00:00,95.27,96.43,95.14,95.75,4189.932
2026-07-24 06:00:00+00:00,95.74,96.4,95.7,96.31,2136.512
2026-07-24 07:00:00+00:00,96.31,96.81,95.81,96.33,4070.489
2026-07-24 08:00:00+00:00,96.32,96.32,95.6,95.76,10504.291
2026-07-24 09:00:00+00:00,95.76,96.42,95.35,96.22,7438.437
2026-07-24 10:00:00+00:00,96.23,96.29,95.43,95.58,2603.77
2026-07-24 11:00:00+00:00,95.58,95.82,95.41,95.73,1838.672
2026-07-24 12:00:00+00:00,95.73,95.82,94.72,94.72,2975.198
2026-07-24 13:00:00+00:00,94.73,94.8,93.5,94.38,13345.154
2026-07-24 14:00:00+00:00,94.39,94.8,93.97,94.71,7982.734
2026-07-24 15:00:00+00:00,94.72,95.21,94.44,94.76,4725.113
2026-07-24 16:00:00+00:00,94.76,95.12,94.25,94.71,2541.313
2026-07-24 17:00:00+00:00,94.71,94.74,93.78,94.27,5969.782
2026-07-24 18:00:00+00:00,94.26,94.26,93.82,94.04,2439.642
2026-07-24 19:00:00+00:00,94.04,94.08,93.73,93.81,1449.519
2026-07-24 20:00:00+00:00,93.82,94.01,93.6,93.73,1999.785
2026-07-24 21:00:00+00:00,93.73,93.74,92.68,92.72,3994.958
2026-07-24 22:00:00+00:00,92.72,93.17,92.63,93.05,3264.529
2026-07-24 23:00:00+00:00,93.06,93.24,92.97,93.13,1590.328
2026-07-25 00:00:00+00:00,93.14,93.16,91.65,92.01,9636.007
2026-07-25 01:00:00+00:00,92.01,92.15,90.91,91.09,7877.317
2026-07-25 02:00:00+00:00,91.09,91.49,90.99,91.12,3135.878
2026-07-25 03:00:00+00:00,91.1,91.75,91.09,91.59,3458.054
2026-07-25 04:00:00+00:00,91.58,91.85,91.44,91.71,2297.215
2026-07-25 05:00:00+00:00,91.72,92.22,91.49,91.61,9265.8
2026-07-25 06:00:00+00:00,91.62,91.75,91.11,91.39,3102.433
2026-07-25 07:00:00+00:00,91.39,91.45,90.79,90.99,6403.881
2026-07-25 08:00:00+00:00,90.98,91.41,90.77,90.95,2815.951
2026-07-25 09:00:00+00:00,90.95,91.28,90.76,91.2,2445.868
2026-07-25 10:00:00+00:00,91.19,91.23,90.84,91.0,4992.83
2026-07-25 11:00:00+00:00,91.01,91.19,90.78,90.86,1648.323
2026-07-25 12:00:00+00:00,90.87,91.06,90.76,90.85,2575.383
2026-07-25 13:00:00+00:00,90.86,91.22,90.73,90.85,3893.764
2026-07-25 14:00:00+00:00,90.85,91.57,90.78,91.47,3745.783
2026-07-25 15:00:00+00:00,91.47,92.12,91.41,91.82,2755.572
2026-07-25 16:00:00+00:00,91.81,92.06,91.54,91.98,2644.622
2026-07-25 17:00:00+00:00,91.99,92.63,91.94,92.43,3600.048
2026-07-25 18:00:00+00:00,92.44,92.67,92.01,92.06,2059.468
2026-07-25 19:00:00+00:00,92.05,92.11,91.76,91.78,1230.084
2026-07-25 20:00:00+00:00,91.78,91.87,91.41,91.42,1871.158
2026-07-25 21:00:00+00:00,91.42,91.65,91.27,91.55,1774.465
2026-07-25 22:00:00+00:00,91.56,92.4,91.47,92.17,3996.658
2026-07-25 23:00:00+00:00,92.18,92.42,91.92,92.02,1610.049
2026-07-26 00:00:00+00:00,92.03,92.39,92.0,92.19,3614.027
2026-07-26 01:00:00+00:00,92.2,92.36,92.0,92.28,832.104
2026-07-26 02:00:00+00:00,92.29,92.58,92.07,92.52,1459.377
2026-07-26 03:00:00+00:00,92.51,92.78,92.3,92.41,2159.537
2026-07-26 04:00:00+00:00,92.42,92.6,92.19,92.33,1737.812
2026-07-26 05:00:00+00:00,92.32,92.58,92.03,92.23,15547.458
2026-07-26 06:00:00+00:00,92.24,93.84,91.87,93.49,21926.454
2026-07-26 07:00:00+00:00,93.49,93.87,93.0,93.22,3825.661
2026-07-26 08:00:00+00:00,93.21,93.39,92.96,93.03,2021.178
2026-07-26 09:00:00+00:00,93.04,93.67,93.04,93.5,1988.137
2026-07-26 10:00:00+00:00,93.48,96.14,93.36,95.86,14886.134
2026-07-26 11:00:00+00:00,95.86,96.3,95.58,95.86,7275.332
2026-07-26 12:00:00+00:00,95.86,96.22,95.67,95.85,4168.738
2026-07-26 13:00:00+00:00,95.86,96.7,95.18,96.14,8284.846
2026-07-26 14:00:00+00:00,96.13,96.93,95.91,96.15,29755.704
2026-07-26 15:00:00+00:00,96.14,97.92,96.14,97.77,24633.612
2026-07-26 16:00:00+00:00,97.77,98.14,96.92,97.0,8005.825
2026-07-26 17:00:00+00:00,97.0,97.28,96.77,96.84,4288.235
2026-07-26 18:00:00+00:00,96.84,96.84,96.43,96.53,3233.536
2026-07-26 19:00:00+00:00,96.52,96.52,96.16,96.4,1882.72
2026-07-26 20:00:00+00:00,96.41,97.72,96.08,97.04,6042.431
2026-07-26 21:00:00+00:00,97.05,97.75,97.01,97.58,5264.942
2026-07-26 22:00:00+00:00,97.59,101.0,97.59,100.16,27221.404
2026-07-26 23:00:00+00:00,100.16,101.83,100.13,101.47,14151.909
2026-07-27 00:00:00+00:00,101.47,101.91,100.46,100.8,10049.048
2026-07-27 01:00:00+00:00,100.8,101.63,100.22,101.03,6111.289
2026-07-27 02:00:00+00:00,101.03,101.1,99.9,99.94,5094.09
2026-07-27 03:00:00+00:00,99.94,100.3,99.69,99.9,3166.253
2026-07-27 04:00:00+00:00,99.9,100.84,99.31,100.34,6485.275
2026-07-27 05:00:00+00:00,100.34,101.39,100.29,101.36,4738.309
2026-07-27 06:00:00+00:00,101.37,101.68,100.64,101.64,8332.531
2026-07-27 07:00:00+00:00,101.63,102.54,101.32,101.9,10845.385
2026-07-27 08:00:00+00:00,101.9,102.19,101.21,101.48,5777.323
2026-07-27 09:00:00+00:00,101.47,101.47,100.9,101.19,3260.501
2026-07-27 10:00:00+00:00,101.18,102.0,101.02,101.36,3375.855
2026-07-27 11:00:00+00:00,101.35,101.39,100.58,100.73,4172.889
2026-07-27 12:00:00+00:00,100.73,101.39,100.25,101.07,5968.057
2026-07-27 13:00:00+00:00,101.07,101.3,99.97,100.32,9499.343
2026-07-27 14:00:00+00:00,100.33,100.45,98.52,99.54,15527.519
2026-07-27 15:00:00+00:00,99.53,100.06,98.43,98.97,8903.212
2026-07-27 16:00:00+00:00,98.98,100.05,98.69,99.73,5382.906
2026-07-27 17:00:00+00:00,99.74,99.99,99.27,99.52,15337.32
2026-07-27 18:00:00+00:00,99.53,99.78,98.69,99.08,4119.723
2026-07-27 19:00:00+00:00,99.08,99.72,99.07,99.61,2402.552
2026-07-27 20:00:00+00:00,99.61,99.98,99.28,99.63,2592.695
2026-07-27 21:00:00+00:00,99.62,99.97,99.39,99.58,2571.975
2026-07-27 22:00:00+00:00,99.58,99.58,97.26,97.39,8983.353
2026-07-27 23:00:00+00:00,97.39,98.27,96.94,98.0,7772.696
2026-07-28 00:00:00+00:00,98.0,98.65,97.64,97.71,6727.077
2026-07-28 01:00:00+00:00,97.72,97.88,96.83,97.03,6195.426
2026-07-28 02:00:00+00:00,97.03,97.94,96.93,97.68,6548.16
2026-07-28 03:00:00+00:00,97.68,98.23,97.41,98.06,3086.8
2026-07-28 04:00:00+00:00,98.05,98.28,97.6,97.67,1957.499
2026-07-28 05:00:00+00:00,97.66,98.17,97.29,97.71,2339.67
2026-07-28 06:00:00+00:00,97.71,98.34,97.35,97.9,3838.268
2026-07-28 07:00:00+00:00,97.91,98.0,97.02,97.22,6475.637
2026-07-28 08:00:00+00:00,97.23,97.79,96.99,97.43,3116.184
2026-07-28 09:00:00+00:00,97.42,97.48,96.47,96.96,5880.459
2026-07-28 10:00:00+00:00,96.97,97.36,96.87,97.05,2629.933
2026-07-28 11:00:00+00:00,97.06,97.13,96.5,96.74,5615.433
2026-07-28 12:00:00+00:00,96.73,98.26,96.57,98.18,9447.471
2026-07-28 13:00:00+00:00,98.19,98.66,96.53,97.41,8953.859
2026-07-28 14:00:00+00:00,97.4,99.76,97.1,99.41,11458.4
2026-07-28 15:00:00+00:00,99.42,100.59,98.93,100.31,10618.399
2026-07-28 16:00:00+00:00,100.31,101.62,100.1,101.26,15566.812
2026-07-28 17:00:00+00:00,101.26,101.82,99.88,100.44,7960.648
2026-07-28 18:00:00+00:00,100.44,101.44,100.04,101.06,6915.561
2026-07-28 19:00:00+00:00,101.06,101.93,100.89,101.71,4739.479
2026-07-28 20:00:00+00:00,101.71,101.76,100.96,101.26,4150.42
2026-07-28 21:00:00+00:00,101.27,101.41,100.74,100.78,2690.533
2026-07-28 22:00:00+00:00,100.79,100.93,99.75,99.81,3434.364
2026-07-28 23:00:00+00:00,99.8,100.99,99.6,100.86,3552.687
2026-07-29 00:00:00+00:00,100.87,102.12,100.87,101.25,7796.366
2026-07-29 01:00:00+00:00,101.24,101.32,100.48,100.5,3484.659
2026-07-29 02:00:00+00:00,100.5,100.9,99.91,100.02,4639.783
2026-07-29 03:00:00+00:00,100.03,100.11,97.96,98.35,14417.203
2026-07-29 04:00:00+00:00,98.36,98.63,97.51,98.48,7513.916
2026-07-29 05:00:00+00:00,98.48,98.65,98.19,98.49,4007.827
2026-07-29 06:00:00+00:00,98.49,98.7,98.02,98.45,5612.253
2026-07-29 07:00:00+00:00,98.46,98.48,97.9,98.19,2528.558
2026-07-29 08:00:00+00:00,98.2,98.39,97.63,97.92,17118.011
2026-07-29 09:00:00+00:00,97.92,99.53,97.8,98.89,12126.99
2026-07-29 10:00:00+00:00,98.89,98.89,97.04,97.17,8905.944
2026-07-29 11:00:00+00:00,97.17,98.32,96.89,98.22,8627.675
2026-07-29 12:00:00+00:00,98.22,98.73,97.58,98.33,10710.738
2026-07-29 13:00:00+00:00,98.34,98.96,97.92,98.76,7354.342
2026-07-29 14:00:00+00:00,98.77,99.22,97.74,98.32,15871.346
2026-07-29 15:00:00+00:00,98.32,98.92,97.63,98.72,42902.471
2026-07-29 16:00:00+00:00,98.73,99.37,98.0,98.73,23475.236
2026-07-29 17:00:00+00:00,98.74,99.81,98.74,99.75,6382.871
2026-07-29 18:00:00+00:00,99.74,100.7,98.53,99.51,13114.104
2026-07-29 19:00:00+00:00,99.51,99.88,97.03,97.11,9572.788
2026-07-29 20:00:00+00:00,97.12,97.3,95.27,95.4,13424.36
2026-07-29 21:00:00+00:00,95.4,95.78,94.56,95.75,12558.829
2026-07-29 22:00:00+00:00,95.75,96.81,95.7,96.43,8201.715
2026-07-29 23:00:00+00:00,96.44,96.7,96.05,96.07,3640.506
2026-07-30 00:00:00+00:00,96.08,96.19,94.14,94.67,13398.688
2026-07-30 01:00:00+00:00,94.68,96.71,94.52,96.33,9509.176
2026-07-30 02:00:00+00:00,96.34,96.79,96.01,96.31,6462.858
2026-07-30 03:00:00+00:00,96.32,96.99,96.08,96.27,3704.623
2026-07-30 04:00:00+00:00,96.27,96.5,95.6,95.69,3544.709
2026-07-30 05:00:00+00:00,95.7,96.49,95.54,96.43,3518.061
2026-07-30 06:00:00+00:00,96.43,96.5,95.37,95.55,3501.239
2026-07-30 07:00:00+00:00,95.54,97.37,95.4,96.66,8064.734
2026-07-30 08:00:00+00:00,96.67,97.92,96.5,97.85,8113.438
2026-07-30 09:00:00+00:00,97.85,98.14,97.41,97.63,4772.555
2026-07-30 10:00:00+00:00,97.62,97.87,97.24,97.53,6345.561
2026-07-30 11:00:00+00:00,97.54,98.67,97.42,98.52,5742.534
2026-07-30 12:00:00+00:00,98.52,99.53,98.34,98.93,6918.784
2026-07-30 13:00:00+00:00,98.93,99.8,98.36,99.68,9808.149
2026-07-30 14:00:00+00:00,99.67,99.86,98.4,98.64,9848.066
2026-07-30 15:00:00+00:00,98.64,99.3,98.28,99.18,4261.583
2026-07-30 16:00:00+00:00,99.17,100.5,99.05,100.23,12143.466
2026-07-30 17:00:00+00:00,100.23,100.34,99.62,99.85,4768.896
2026-07-30 18:00:00+00:00,99.86,100.0,99.13,99.17,3365.653
2026-07-30 19:00:00+00:00,99.16,100.47,99.13,99.58,4275.418
2026-07-30 20:00:00+00:00,99.58,99.84,98.91,98.98,3706.054
2026-07-30 21:00:00+00:00,98.97,99.21,98.7,98.87,2660.799
2026-07-30 22:00:00+00:00,98.86,99.68,98.73,99.45,2466.767
2026-07-30 23:00:00+00:00,99.44,100.13,99.38,99.52,3600.875
2026-07-31 00:00:00+00:00,99.51,99.78,99.05,99.45,2947.545
2026-07-31 01:00:00+00:00,99.45,101.57,99.45,99.96,12982.801
2026-07-31 02:00:00+00:00,99.95,100.19,99.07,99.44,6604.641
2026-07-31 03:00:00+00:00,99.44,100.61,98.92,99.84,6875.279
2026-07-31 04:00:00+00:00,99.83,100.18,99.36,99.57,3161.8
2026-07-31 05:00:00+00:00,99.57,100.54,99.57,100.3,4712.274
2026-07-31 06:00:00+00:00,100.3,100.4,98.79,99.12,5733.984
2026-07-31 07:00:00+00:00,99.11,99.11,97.75,98.47,9682.681
2026-07-31 08:00:00+00:00,98.47,99.11,98.36,98.7,3819.874
2026-07-31 09:00:00+00:00,98.69,98.69,97.25,97.72,6979.938
2026-07-31 10:00:00+00:00,97.72,98.33,97.45,97.8,2813.701
2026-07-31 11:00:00+00:00,97.81,98.13,97.33,97.35,2962.023
2026-07-31 12:00:00+00:00,97.35,97.39,96.84,97.12,3642.518
2026-07-31 13:00:00+00:00,97.12,98.07,96.78,97.21,7752.838
2026-07-31 14:00:00+00:00,97.21,97.97,96.58,96.94,14373.32
2026-07-31 15:00:00+00:00,96.93,97.03,96.06,96.36,7441.58
2026-07-31 16:00:00+00:00,96.37,97.13,96.23,96.59,7687.911
2026-07-31 17:00:00+00:00,96.58,97.5,96.53,97.21,3450.591
2026-07-31 18:00:00+00:00,97.22,97.33,96.5,96.89,3150.677
2026-07-31 19:00:00+00:00,96.88,97.06,96.16,96.21,2840.788
2026-07-31 20:00:00+00:00,96.21,96.39,95.27,95.31,8850.207
2026-07-31 21:00:00+00:00,95.3,95.3,93.58,94.28,15192.867
2026-07-31 22:00:00+00:00,94.29,94.4,93.03,93.22,5712.602
2026-07-31 23:00:00+00:00,93.22,94.19,93.06,93.75,5455.871
2026-08-01 00:00:00+00:00,93.75,94.13,91.62,91.7,13500.163
2026-08-01 01:00:00+00:00,91.69,93.22,91.55,93.13,9612.906
2026-08-01 02:00:00+00:00,93.14,93.56,93.05,93.1,3685.266
2026-08-01 03:00:00+00:00,93.1,93.14,92.23,92.59,41513.889
2026-08-01 04:00:00+00:00,92.59,92.83,91.76,92.16,17048.016
2026-08-01 05:00:00+00:00,92.16,92.26,90.92,91.38,14409.021
2026-08-01 06:00:00+00:00,91.39,91.49,90.8,91.35,11169.1
2026-08-01 07:00:00+00:00,91.34,91.46,90.83,91.39,5192.204
2026-08-01 08:00:00+00:00,91.4,91.5,91.05,91.29,5121.655
2026-08-01 09:00:00+00:00,91.28,91.38,90.84,90.98,4912.184
2026-08-01 10:00:00+00:00,90.98,91.33,90.32,91.3,7183.574
2026-08-01 11:00:00+00:00,91.3,91.83,91.21,91.52,5162.411
2026-08-01 12:00:00+00:00,91.52,91.83,90.98,91.37,5474.913
2026-08-01 13:00:00+00:00,91.37,91.84,91.31,91.63,2689.411
2026-08-01 14:00:00+00:00,91.63,92.35,91.45,92.34,22213.53
2026-08-01 15:00:00+00:00,92.34,92.35,91.64,92.09,11699.164
2026-08-01 16:00:00+00:00,92.1,92.18,91.62,91.73,3355.437
2026-08-01 17:00:00+00:00,91.73,92.03,91.11,91.26,3532.818
2026-08-01 18:00:00+00:00,91.25,91.25,89.37,89.92,20887.786
2026-08-01 19:00:00+00:00,89.91,90.54,89.38,90.23,17886.795
2026-08-01 20:00:00+00:00,90.21,90.39,88.88,89.28,17127.008
2026-08-01 21:00:00+00:00,89.29,90.38,89.26,90.21,6836.631
2026-08-01 22:00:00+00:00,90.21,90.78,90.15,90.48,2465.771
2026-08-01 23:00:00+00:00,90.48,90.8,90.42,90.63,2675.129
2026-08-02 00:00:00+00:00,90.64,91.01,90.47,90.87,4280.083
2026-08-02 01:00:00+00:00,90.88,91.36,90.88,91.19,4669.258
2026-08-02 02:00:00+00:00,91.2,92.7,91.15,92.15,10712.214
2026-08-02 03:00:00+00:00,92.16,92.51,91.89,92.21,4652.167
2026-08-02 04:00:00+00:00,92.2,92.7,92.06,92.55,3900.459
2026-08-02 05:00:00+00:00,92.55,92.73,91.75,92.13,3986.009
2026-08-02 06:00:00+00:00,92.13,92.25,91.9,91.94,2295.664
2026-08-02 07:00:00+00:00,91.95,92.81,91.9,92.18,3145.543
2026-08-02 08:00:00+00:00,92.19,92.35,91.45,91.76,3537.676
2026-08-02 09:00:00+00:00,91.77,92.74,91.4,92.32,5495.846
2026-08-02 10:00:00+00:00,92.32,92.52,92.14,92.33,3027.245
2026-08-02 11:00:00+00:00,92.33,92.57,91.9,92.04,3329.302
2026-08-02 12:00:00+00:00,92.05,92.13,90.84,90.97,6205.749
2026-08-02 13:00:00+00:00,90.96,91.25,90.88,90.9,2911.135
2026-08-02 14:00:00+00:00,90.9,91.77,90.85,91.41,12420.965
2026-08-02 15:00:00+00:00,91.41,92.74,91.4,92.26,5434.68
2026-08-02 16:00:00+00:00,92.26,92.44,91.88,92.19,3270.921
2026-08-02 17:00:00+00:00,92.19,92.6,92.11,92.39,1710.767
2026-08-02 18:00:00+00:00,92.38,93.27,92.34,92.66,3463.333
2026-08-02 19:00:00+00:00,92.65,93.0,92.55,93.0,1248.132
2026-08-02 20:00:00+00:00,93.01,93.04,92.34,92.51,2821.953
2026-08-02 21:00:00+00:00,92.51,93.5,92.37,93.1,4265.998
2026-08-02 22:00:00+00:00,93.11,93.29,92.28,92.51,3152.662
2026-08-02 23:00:00+00:00,92.51,92.58,91.97,92.17,3552.438
2026-08-03 00:00:00+00:00,92.15,92.22,91.6,91.83,3376.18
2026-08-03 01:00:00+00:00,91.83,92.04,91.41,91.79,4761.026
2026-08-03 02:00:00+00:00,91.79,91.79,91.26,91.57,3776.93
2026-08-03 03:00:00+00:00,91.57,91.9,90.93,91.67,3998.776
2026-08-03 04:00:00+00:00,91.66,91.93,91.5,91.58,2115.716
2026-08-03 05:00:00+00:00,91.58,92.26,91.49,92.21,2549.788
2026-08-03 06:00:00+00:00,92.2,92.36,91.6,91.7,2746.266
2026-08-03 07:00:00+00:00,91.71,91.92,91.32,91.36,3635.196
2026-08-03 08:00:00+00:00,91.35,91.93,91.09,91.8,3102.293
2026-08-03 09:00:00+00:00,91.8,92.7,91.66,92.45,3559.478
2026-08-03 10:00:00+00:00,92.44,92.56,92.1,92.31,2028.55
2026-08-03 11:00:00+00:00,92.31,92.33,91.74,92.26,3143.633
2026-08-03 12:00:00+00:00,92.26,92.67,91.89,92.32,3679.172
2026-08-03 13:00:00+00:00,92.32,93.03,91.88,92.91,6601.282
2026-08-03 14:00:00+00:00,92.88,93.87,92.57,93.83,10184.85
2026-08-03 15:00:00+00:00,93.83,94.06,93.27,93.46,7644.905
2026-08-03 16:00:00+00:00,93.46,93.74,92.52,93.13,8112.586
2026-08-03 17:00:00+00:00,93.14,93.61,93.01,93.52,4836.138
2026-08-03 18:00:00+00:00,93.52,93.79,92.94,92.98,2025.395
2026-08-03 19:00:00+00:00,92.99,93.34,92.93,92.94,2106.701
2026-08-03 20:00:00+00:00,92.94,93.45,92.88,93.04,1449.072
2026-08-03 21:00:00+00:00,93.04,93.1,92.31,92.36,2186.208
2026-08-03 22:00:00+00:00,92.36,92.46,91.81,92.26,2680.902
2026-08-03 23:00:00+00:00,92.26,92.51,91.89,92.41,1741.509
2026-08-04 00:00:00+00:00,92.39,92.64,91.77,91.93,2836.1
2026-08-04 01:00:00+00:00,91.93,93.19,91.92,93.01,2986.853
2026-08-04 02:00:00+00:00,93.01,93.17,92.51,92.62,3437.795
2026-08-04 03:00:00+00:00,92.63,92.83,92.08,92.48,2198.635
2026-08-04 04:00:00+00:00,92.47,93.06,92.43,92.66,1558.918
2026-08-04 05:00:00+00:00,92.67,92.79,92.48,92.69,1672.77
2026-08-04 06:00:00+00:00,92.68,93.2,92.2,92.28,2768.193
2026-08-04 07:00:00+00:00,92.28,92.83,92.1,92.79,2265.143
2026-08-04 08:00:00+00:00,92.79,93.16,92.3,92.43,1589.366
2026-08-04 09:00:00+00:00,92.42,92.42,91.57,92.12,3218.504
2026-08-04 10:00:00+00:00,92.13,92.59,91.86,92.06,2074.8
2026-08-04 11:00:00+00:00,92.06,92.36,91.76,92.33,4292.536
2026-08-04 12:00:00+00:00,92.31,92.31,91.37,91.61,4867.256
2026-08-04 13:00:00+00:00,91.61,92.11,91.43,91.46,4337.992
2026-08-04 14:00:00+00:00,91.47,91.74,90.96,91.23,5624.297
2026-08-04 15:00:00+00:00,91.22,91.31,89.71,90.3,11628.372
2026-08-04 16:00:00+00:00,90.31,90.4,89.52,89.96,3855.247
2026-08-04 17:00:00+00:00,89.96,90.68,89.96,90.28,4193.293
2026-08-04 18:00:00+00:00,90.27,90.73,89.79,90.15,4216.663
2026-08-04 19:00:00+00:00,90.15,90.95,90.14,90.58,3175.237
2026-08-04 20:00:00+00:00,90.57,90.86,89.97,90.5,2367.134
2026-08-04 21:00:00+00:00,90.48,90.65,90.27,90.3,532.366
2026-08-04 22:00:00+00:00,90.3,90.83,90.23,90.83,1032.168
2026-08-04 23:00:00+00:00,90.83,90.9,90.37,90.48,1322.75
2026-08-05 00:00:00+00:00,90.49,90.99,90.0,90.03,3523.004
2026-08-05 01:00:00+00:00,90.03,90.56,89.6,90.52,3946.598
2026-08-05 02:00:00+00:00,90.52,91.4,90.52,91.32,4910.694
2026-08-05 03:00:00+00:00,91.32,91.45,90.79,90.9,2247.477
2026-08-05 04:00:00+00:00,90.9,91.29,90.9,91.27,2029.811
2026-08-05 05:00:00+00:00,91.26,92.0,91.22,91.96,3694.117
2026-08-05 06:00:00+00:00,91.96,92.23,91.81,91.99,2444.549
2026-08-05 07:00:00+00:00,91.99,92.08,91.49,91.86,1574.556
2026-08-05 08:00:00+00:00,91.87,92.05,91.31,91.37,2306.874
2026-08-05 09:00:00+00:00,91.35,91.89,91.25,91.54,1956.992
2026-08-05 10:00:00+00:00,91.53,91.68,90.87,91.27,7163.337
2026-08-05 11:00:00+00:00,91.27,91.58,91.05,91.19,1559.88
2026-08-05 12:00:00+00:00,91.19,92.22,91.07,91.73,5882.001
2026-08-05 13:00:00+00:00,91.72,91.81,90.58,91.57,4973.415
2026-08-05 14:00:00+00:00,91.57,91.69,91.06,91.35,3956.444
2026-08-05 15:00:00+00:00,91.36,91.66,90.03,90.11,7481.017
2026-08-05 16:00:00+00:00,90.11,91.09,90.07,90.83,5069.902
2026-08-05 17:00:00+00:00,90.85,91.2,90.58,90.81,2031.742
2026-08-05 18:00:00+00:00,90.8,91.06,90.08,90.17,4237.757
2026-08-05 19:00:00+00:00,90.16,90.61,89.77,89.88,3630.972
2026-08-05 20:00:00+00:00,89.88,90.41,89.72,89.94,4061.813
2026-08-05 21:00:00+00:00,89.95,90.2,89.7,90.07,1432.933
2026-08-05 22:00:00+00:00,90.07,90.27,89.89,89.89,1265.359
2026-08-05 23:00:00+00:00,89.88,90.17,89.62,89.83,1268.636
2026-08-06 00:00:00+00:00,89.84,90.5,89.79,90.25,2161.971
2026-08-06 01:00:00+00:00,90.26,90.33,88.76,89.13,11317.919
2026-08-06 02:00:00+00:00,89.12,89.22,88.26,88.53,18134.377
2026-08-06 03:00:00+00:00,88.52,88.71,88.0,88.64,7083.885
2026-08-06 04:00:00+00:00,88.64,89.29,88.34,89.29,4078.513
2026-08-06 05:00:00+00:00,89.29,89.74,89.22,89.47,4158.172
2026-08-06 06:00:00+00:00,89.47,89.47,88.65,88.71,4191.939
2026-08-06 07:00:00+00:00,88.71,88.79,88.33,88.43,3051.087
2026-08-06 08:00:00+00:00,88.43,88.87,88.37,88.81,3907.944
2026-08-06 09:00:00+00:00,88.82,88.82,88.12,88.28,5187.843
2026-08-06 10:00:00+00:00,88.27,88.31,87.19,87.75,7241.395
2026-08-06 11:00:00+00:00,87.76,88.69,87.5,88.46,3644.324
2026-08-06 12:00:00+00:00,88.46,88.54,87.91,88.0,2223.613
2026-08-06 13:00:00+00:00,88.01,88.51,87.81,88.43,3729.665
2026-08-06 14:00:00+00:00,88.43,89.3,88.32,89.27,4112.304
2026-08-06 15:00:00+00:00,89.27,89.5,88.45,88.47,1850.603
2026-08-06 16:00:00+00:00,88.48,89.06,88.38,89.06,2834.972
2026-08-06 17:00:00+00:00,89.06,89.39,88.95,89.26,2282.407
2026-08-06 18:00:00+00:00,89.28,89.32,88.62,88.87,1725.629
2026-08-06 19:00:00+00:00,88.87,89.21,88.84,89.1,1210.659
2026-08-06 20:00:00+00:00,89.11,89.35,88.79,89.12,1485.733
2026-08-06 21:00:00+00:00,89.13,89.63,89.13,89.4,1431.866
2026-08-06 22:00:00+00:00,89.4,89.65,89.22,89.46,1248.353
2026-08-06 23:00:00+00:00,89.46,89.8,89.14,89.78,2290.847
2026-08-07 00:00:00+00:00,89.78,90.18,89.36,90.16,4369.369
2026-08-07 01:00:00+00:00,90.17,91.26,90.17,90.55,12433.498
2026-08-07 02:00:00+00:00,90.55,90.94,90.39,90.79,3266.203
2026-08-07 03:00:00+00:00,90.78,90.85,90.13,90.41,3434.399
2026-08-07 04:00:00+00:00,90.41,90.64,89.95,90.19,2704.797
2026-08-07 05:00:00+00:00,90.18,90.34,89.4,90.05,3882.043
2026-08-07 06:00:00+00:00,90.02,90.62,89.9,89.98,2517.569
2026-08-07 07:00:00+00:00,89.97,90.46,89.85,90.33,2513.297
2026-08-07 08:00:00+00:00,90.32,91.16,90.02,90.97,3991.496
2026-08-07 09:00:00+00:00,90.97,91.24,90.61,90.63,3884.994
2026-08-07 10:00:00+00:00,90.64,91.0,89.71,89.88,5111.403
2026-08-07 11:00:00+00:00,89.88,90.33,89.64,89.74,3611.45
2026-08-07 12:00:00+00:00,89.74,90.74,89.71,90.19,8221.778
2026-08-07 13:00:00+00:00,90.2,90.31,89.76,89.89,4146.951
2026-08-07 14:00:00+00:00,89.9,90.12,88.92,89.16,7592.326
2026-08-07 15:00:00+00:00,89.17,89.78,89.03,89.62,2395.471
2026-08-07 16:00:00+00:00,89.62,90.2,89.24,89.32,2084.39
2026-08-07 17:00:00+00:00,89.31,89.97,89.09,89.83,1961.065
2026-08-07 18:00:00+00:00,89.83,90.0,89.19,89.3,3044.763
2026-08-07 19:00:00+00:00,89.3,90.5,89.28,90.5,2569.383
2026-08-07 20:00:00+00:00,90.49,90.71,89.96,90.18,2367.942
2026-08-07 21:00:00+00:00,90.18,90.41,89.9,89.92,625.169
2026-08-07 22:00:00+00:00,89.92,90.11,89.58,89.88,602.062
2026-08-07 23:00:00+00:00,89.89,90.14,89.86,89.93,710.989
2026-08-08 00:00:00+00:00,89.92,90.0,89.64,89.74,942.491
2026-08-08 01:00:00+00:00,89.75,89.85,89.53,89.59,1748.234
2026-08-08 02:00:00+00:00,89.59,89.66,89.25,89.25,1329.665
2026-08-08 03:00:00+00:00,89.24,89.95,89.24,89.94,1074.0
2026-08-08 04:00:00+00:00,89.95,90.3,89.79,90.14,1702.366
2026-08-08 05:00:00+00:00,90.14,90.51,90.04,90.5,1280.088
2026-08-08 06:00:00+00:00,90.5,90.75,90.16,90.28,1817.224
2026-08-08 07:00:00+00:00,90.28,90.59,90.0,90.37,1862.339
2026-08-08 08:00:00+00:00,90.38,90.53,90.19,90.2,1258.525
2026-08-08 09:00:00+00:00,90.19,90.37,90.03,90.23,1125.565
2026-08-08 10:00:00+00:00,90.24,90.51,90.14,90.29,1088.743
2026-08-08 11:00:00+00:00,90.29,90.58,90.16,90.41,981.173
2026-08-08 12:00:00+00:00,90.4,90.6,90.3,90.46,1202.506
2026-08-08 13:00:00+00:00,90.45,90.94,90.41,90.83,3028.533
2026-08-08 14:00:00+00:00,90.82,91.75,90.77,91.31,5623.694
2026-08-08 15:00:00+00:00,91.31,91.69,91.17,91.28,4170.981
2026-08-08 16:00:00+00:00,91.28,91.67,91.19,91.44,1962.713
2026-08-08 17:00:00+00:00,91.44,91.6,91.32,91.35,1484.025
2026-08-08 18:00:00+00:00,91.35,91.49,91.24,91.28,1334.752
2026-08-08 19:00:00+00:00,91.28,91.57,91.1,91.49,1403.127
2026-08-08 20:00:00+00:00,91.48,91.6,91.31,91.55,903.848
2026-08-08 21:00:00+00:00,91.56,92.08,91.55,91.75,2306.522
2026-08-08 22:00:00+00:00,91.75,91.8,91.23,91.3,1780.237
2026-08-08 23:00:00+00:00,91.3,91.6,91.15,91.24,1912.852
2026-08-09 00:00:00+00:00,91.25,91.41,90.91,91.05,1463.904
2026-08-09 01:00:00+00:00,91.04,91.12,90.77,90.92,1665.967
2026-08-09 02:00:00+00:00,90.91,91.04,90.77,90.77,1754.725
2026-08-09 03:00:00+00:00,90.76,90.8,90.39,90.69,3319.593
2026-08-09 04:00:00+00:00,90.68,91.0,90.63,90.92,1639.288
2026-08-09 05:00:00+00:00,90.91,91.12,90.55,91.11,2504.926
2026-08-09 06:00:00+00:00,91.11,91.81,91.05,91.65,3702.591
2026-08-09 07:00:00+00:00,91.65,91.86,91.53,91.78,3388.859
2026-08-09 08:00:00+00:00,91.78,91.91,91.2,91.26,2564.245
2026-08-09 09:00:00+00:00,91.25,91.51,91.0,91.38,1893.637
2026-08-09 10:00:00+00:00,91.38,91.4,90.95,90.96,2168.018
2026-08-09 11:00:00+00:00,90.95,91.29,90.85,91.12,2125.157
2026-08-09 12:00:00+00:00,91.12,91.29,90.99,91.08,1538.154
2026-08-09 13:00:00+00:00,91.07,91.62,91.05,91.61,2604.345
2026-08-09 14:00:00+00:00,91.61,91.83,91.46,91.76,3721.981
2026-08-09 15:00:00+00:00,91.76,91.89,91.6,91.83,1894.696
2026-08-09 16:00:00+00:00,91.83,91.93,91.24,91.53,2974.315
2026-08-09 17:00:00+00:00,91.54,91.62,91.09,91.13,2530.431
2026-08-09 18:00:00+00:00,91.13,91.41,91.02,91.12,3098.872
2026-08-09 19:00:00+00:00,91.12,91.47,91.0,91.35,2440.809
2026-08-09 20:00:00+00:00,91.35,91.58,91.32,91.56,1023.67
2026-08-09 21:00:00+00:00,91.57,91.96,91.35,91.78,1798.714
2026-08-09 22:00:00+00:00,91.78,92.35,90.73,91.01,4359.954
2026-08-09 23:00:00+00:00,91.01,91.17,90.2,90.65,3059.446
2026-08-10 00:00:00+00:00,90.65,91.72,90.44,91.18,3919.017
2026-08-10 01:00:00+00:00,91.18,92.22,91.17,92.1,5791.349
2026-08-10 02:00:00+00:00,92.09,92.09,91.33,91.9,2263.181
2026-08-10 03:00:00+00:00,91.89,91.92,91.15,91.45,1467.684
2026-08-10 04:00:00+00:00,91.44,91.85,91.37,91.62,1495.549
2026-08-10 05:00:00+00:00,91.61,92.16,91.52,91.91,1920.652
2026-08-10 06:00:00+00:00,91.91,92.77,91.73,92.77,3513.438
2026-08-10 07:00:00+00:00,92.78,92.88,92.16,92.2,2999.252
2026-08-10 08:00:00+00:00,92.2,92.42,91.93,92.09,2428.56
2026-08-10 09:00:00+00:00,92.08,92.16,91.18,91.2,2661.401
2026-08-10 10:00:00+00:00,91.2,91.46,91.17,91.28,1421.717
2026-08-10 11:00:00+00:00,91.27,91.68,91.12,91.55,1411.536
2026-08-10 12:00:00+00:00,91.56,91.75,91.2,91.24,1578.816
2026-08-10 13:00:00+00:00,91.23,91.56,90.85,91.02,3455.456
2026-08-10 14:00:00+00:00,91.01,91.35,90.33,90.45,2043.379
2026-08-10 15:00:00+00:00,90.46,90.6,89.56,90.08,6381.654
2026-08-10 16:00:00+00:00,90.08,90.14,89.15,89.22,3117.92
2026-08-10 17:00:00+00:00,89.24,89.98,88.99,89.72,3110.436
2026-08-10 18:00:00+00:00,89.72,89.84,89.48,89.75,1491.709
2026-08-10 19:00:00+00:00,89.74,90.11,89.68,89.78,1083.125
2026-08-10 20:00:00+00:00,89.78,89.95,89.71,89.77,1031.97
2026-08-10 21:00:00+00:00,89.76,89.76,89.36,89.36,735.112
2026-08-10 22:00:00+00:00,89.35,89.62,89.11,89.32,1216.555
2026-08-10 23:00:00+00:00,89.32,89.34,89.0,89.33,1392.992
2026-08-11 00:00:00+00:00,89.33,89.36,89.09,89.22,3060.695
2026-08-11 01:00:00+00:00,89.21,89.46,88.82,89.41,2111.906
2026-08-11 02:00:00+00:00,89.41,89.62,89.1,89.17,1400.108
2026-08-11 03:00:00+00:00,89.17,89.38,89.0,89.13,2351.176
2026-08-11 04:00:00+00:00,89.13,89.25,88.93,88.95,1093.562
2026-08-11 05:00:00+00:00,88.94,89.03,88.41,88.68,4759.204
2026-08-11 06:00:00+00:00,88.68,89.02,88.42,88.63,1804.247
2026-08-11 07:00:00+00:00,88.64,88.97,88.25,88.72,2727.619
2026-08-11 08:00:00+00:00,88.72,88.88,88.51,88.82,2078.93
2026-08-11 09:00:00+00:00,88.81,89.19,88.71,89.16,1743.782
2026-08-11 10:00:00+00:00,89.15,89.22,88.82,89.03,1596.475
2026-08-11 11:00:00+00:00,89.04,89.37,89.0,89.05,1557.37
2026-08-11 12:00:00+00:00,89.05,89.26,88.62,88.67,3402.864
2026-08-11 13:00:00+00:00,88.67,89.23,88.67,89.02,2989.628
2026-08-11 14:00:00+00:00,89.02,89.25,87.14,87.57,8614.951
2026-08-11 15:00:00+00:00,87.58,87.85,86.19,86.46,7061.826
2026-08-11 16:00:00+00:00,86.46,87.0,86.18,86.64,3117.083
2026-08-11 17:00:00+00:00,86.65,87.34,86.65,87.0,2068.681
2026-08-11 18:00:00+00:00,86.99,87.53,86.95,87.53,1416.461
2026-08-11 19:00:00+00:00,87.53,88.41,87.44,88.34,2454.561
2026-08-11 20:00:00+00:00,88.34,88.63,88.11,88.23,1225.091
2026-08-11 21:00:00+00:00,88.22,88.36,88.06,88.14,879.754
2026-08-11 22:00:00+00:00,88.14,88.5,88.13,88.23,837.144
2026-08-11 23:00:00+00:00,88.22,88.4,88.09,88.3,1019.994
2026-08-12 00:00:00+00:00,88.29,88.79,88.23,88.75,2153.5
2026-08-12 01:00:00+00:00,88.75,89.26,88.64,89.18,2920.793
2026-08-12 02:00:00+00:00,89.19,89.86,89.19,89.86,4409.457
2026-08-12 03:00:00+00:00,89.87,90.06,89.61,90.04,2131.646
2026-08-12 04:00:00+00:00,90.04,90.14,89.66,89.77,3617.753
2026-08-12 05:00:00+00:00,89.77,90.39,89.69,90.21,2832.726
2026-08-12 06:00:00+00:00,90.2,90.2,88.99,89.13,3472.713
2026-08-12 07:00:00+00:00,89.12,89.38,88.88,89.2,2570.098
2026-08-12 08:00:00+00:00,89.2,89.36,88.9,88.95,2095.385
2026-08-12 09:00:00+00:00,88.94,89.83,88.92,89.74,2596.021
2026-08-12 10:00:00+00:00,89.75,89.96,89.44,89.69,2860.215
2026-08-12 11:00:00+00:00,89.69,89.96,89.62,89.95,1125.107
2026-08-12 12:00:00+00:00,89.95,90.38,89.42,89.68,6459.178
2026-08-12 13:00:00+00:00,89.68,89.98,89.06,89.28,6172.066
2026-08-12 14:00:00+00:00,89.28,89.42,88.42,88.63,4435.484
2026-08-12 15:00:00+00:00,88.62,89.6,88.49,89.47,2451.769
2026-08-12 16:00:00+00:00,89.46,89.65,89.13,89.33,950.791
2026-08-12 17:00:00+00:00,89.34,89.48,88.95,89.29,725.782
2026-08-12 18:00:00+00:00,89.29,89.39,89.02,89.15,602.193
2026-08-12 19:00:00+00:00,89.15,89.18,88.4,88.55,1083.663
2026-08-12 20:00:00+00:00,88.55,88.92,88.55,88.79,1601.502
2026-08-12 21:00:00+00:00,88.8,88.92,87.6,87.8,2320.83
2026-08-12 22:00:00+00:00,87.79,88.16,87.6,87.76,2701.687
2026-08-12 23:00:00+00:00,87.76,88.37,87.57,88.0,4328.292
2026-08-13 00:00:00+00:00,88.0,88.54,87.78,88.01,2761.428
2026-08-13 01:00:00+00:00,88.0,88.29,87.88,88.1,1363.681
2026-08-13 02:00:00+00:00,88.1,88.18,87.59,88.05,1809.656
2026-08-13 03:00:00+00:00,88.05,88.41,88.05,88.25,1529.759
2026-08-13 04:00:00+00:00,88.26,88.48,88.22,88.35,843.193
2026-08-13 05:00:00+00:00,88.34,89.0,88.29,88.79,2216.379
2026-08-13 06:00:00+00:00,88.78,89.53,88.7,89.39,2650.554
2026-08-13 07:00:00+00:00,89.4,89.62,89.18,89.23,1671.502
2026-08-13 08:00:00+00:00,89.24,89.28,88.94,89.15,1813.47
2026-08-13 09:00:00+00:00,89.16,89.16,88.78,89.08,1833.035
2026-08-13 10:00:00+00:00,89.09,89.1,88.6,88.92,2237.414
2026-08-13 11:00:00+00:00,88.92,88.92,88.21,88.28,2284.458
2026-08-13 12:00:00+00:00,88.27,88.88,88.23,88.82,3202.46
2026-08-13 13:00:00+00:00,88.83,88.86,87.73,87.79,5775.283
2026-08-13 14:00:00+00:00,87.78,88.97,87.62,88.77,7510.48
2026-08-13 15:00:00+00:00,88.77,88.92,87.01,87.13,5416.544
2026-08-13 16:00:00+00:00,87.14,87.67,86.91,87.22,4302.654
2026-08-13 17:00:00+00:00,87.23,87.69,87.2,87.4,949.931
2026-08-13 18:00:00+00:00,87.41,87.82,87.24,87.71,2187.585
2026-08-13 19:00:00+00:00,87.72,87.96,87.63,87.66,906.937
2026-08-13 20:00:00+00:00,87.67,88.35,87.63,88.29,2655.814
2026-08-13 21:00:00+00:00,88.28,88.63,88.19,88.36,1640.721
2026-08-13 22:00:00+00:00,88.36,88.79,88.36,88.64,1919.08
2026-08-13 23:00:00+00:00,88.63,88.63,87.56,87.93,3353.402
2026-08-14 00:00:00+00:00,87.93,88.55,87.89,88.42,1935.411
2026-08-14 01:00:00+00:00,88.42,88.53,88.28,88.49,872.066
2026-08-14 02:00:00+00:00,88.49,88.57,87.94,87.99,1108.962
2026-08-14 03:00:00+00:00,87.99,88.05,87.4,87.41,1504.994
2026-08-14 04:00:00+00:00,87.41,87.81,87.33,87.65,1510.754
2026-08-14 05:00:00+00:00,87.65,88.03,87.64,87.99,1526.553
2026-08-14 06:00:00+00:00,87.99,88.03,87.33,87.33,1391.848
2026-08-14 07:00:00+00:00,87.32,87.38,87.08,87.31,3146.21
2026-08-14 08:00:00+00:00,87.33,87.53,87.21,87.36,2297.055
2026-08-14 09:00:00+00:00,87.35,87.35,86.64,86.65,2913.763
2026-08-14 10:00:00+00:00,86.66,87.26,86.28,86.48,8168.914
2026-08-14 11:00:00+00:00,86.48,86.63,86.12,86.19,5379.788
2026-08-14 12:00:00+00:00,86.19,86.26,85.44,85.66,8565.944
2026-08-14 13:00:00+00:00,85.65,86.01,85.53,85.84,5349.287
2026-08-14 14:00:00+00:00,85.84,85.92,85.12,85.24,4621.136
2026-08-14 15:00:00+00:00,85.23,86.41,85.16,86.24,3162.905
2026-08-14 16:00:00+00:00,86.24,86.91,86.24,86.72,3992.103
2026-08-14 17:00:00+00:00,86.72,86.88,86.49,86.6,1449.885
2026-08-14 18:00:00+00:00,86.61,86.72,86.24,86.27,1052.495
2026-08-14 19:00:00+00:00,86.28,86.48,85.67,86.33,1692.738
2026-08-14 20:00:00+00:00,86.33,86.38,85.63,85.72,2077.405
2026-08-14 21:00:00+00:00,85.73,85.85,85.35,85.49,2365.931
2026-08-14 22:00:00+00:00,85.48,85.69,85.29,85.45,1589.726
2026-08-14 23:00:00+00:00,85.44,86.5,85.44,86.5,1902.931
2026-08-15 00:00:00+00:00,86.5,86.56,86.29,86.45,1172.343
2026-08-15 01:00:00+00:00,86.46,86.57,86.31,86.43,1332.01
2026-08-15 02:00:00+00:00,86.42,86.72,86.41,86.72,1877.926
2026-08-15 03:00:00+00:00,86.73,86.94,86.6,86.87,2824.342
2026-08-15 04:00:00+00:00,86.88,87.24,86.83,87.03,1383.912
2026-08-15 05:00:00+00:00,87.03,87.17,86.74,86.89,1001.629
2026-08-15 06:00:00+00:00,86.9,87.15,86.71,87.06,1269.518
2026-08-15 07:00:00+00:00,87.05,87.1,86.58,86.65,1336.321
2026-08-15 08:00:00+00:00,86.65,86.9,86.54,86.79,1775.801
2026-08-15 09:00:00+00:00,86.79,87.27,86.71,87.07,1589.074
2026-08-15 10:00:00+00:00,87.07,87.24,86.92,87.16,1173.716
2026-08-15 11:00:00+00:00,87.15,87.17,86.83,86.85,891.597
2026-08-15 12:00:00+00:00,86.86,86.9,86.15,86.58,1544.843
2026-08-15 13:00:00+00:00,86.57,86.68,86.42,86.63,1262.114
2026-08-15 14:00:00+00:00,86.63,86.7,86.42,86.69,1192.844
2026-08-15 15:00:00+00:00,86.67,87.4,86.62,87.09,4183.674
2026-08-15 16:00:00+00:00,87.1,87.23,86.94,87.05,1072.327
2026-08-15 17:00:00+00:00,87.05,87.1,86.76,86.8,925.524
2026-08-15 18:00:00+00:00,86.79,86.79,86.53,86.57,1168.398
2026-08-15 19:00:00+00:00,86.57,86.74,86.54,86.69,578.322
2026-08-15 20:00:00+00:00,86.69,86.73,86.6,86.66,565.748
2026-08-15 21:00:00+00:00,86.65,86.71,86.58,86.6,455.283
2026-08-15 22:00:00+00:00,86.59,86.71,86.52,86.53,1505.36
2026-08-15 23:00:00+00:00,86.52,86.52,86.13,86.2,919.794
2026-08-16 00:00:00+00:00,86.19,86.29,86.03,86.17,685.222
2026-08-16 01:00:00+00:00,86.17,86.39,86.05,86.19,753.269
2026-08-16 02:00:00+00:00,86.2,86.4,85.99,86.38,859.156
2026-08-16 03:00:00+00:00,86.38,86.52,86.36,86.36,695.432
2026-08-16 04:00:00+00:00,86.35,86.46,86.27,86.33,840.495
2026-08-16 05:00:00+00:00,86.33,86.36,85.91,85.91,635.672
2026-08-16 06:00:00+00:00,85.91,86.02,85.76,85.85,898.825
2026-08-16 07:00:00+00:00,85.85,86.14,85.84,86.12,558.124
2026-08-16 08:00:00+00:00,86.11,86.11,85.98,86.02,540.513
2026-08-16 09:00:00+00:00,86.02,86.03,85.75,85.93,485.193
2026-08-16 10:00:00+00:00,85.92,85.94,85.68,85.9,1004.207
2026-08-16 11:00:00+00:00,85.91,86.27,85.91,86.26,1076.294
2026-08-16 12:00:00+00:00,86.27,86.39,85.63,86.14,2342.487
2026-08-16 13:00:00+00:00,86.13,86.39,85.65,86.16,2169.161
2026-08-16 14:00:00+00:00,86.16,86.73,86.1,86.63,1418.353
2026-08-16 15:00:00+00:00,86.64,86.99,86.61,86.89,1659.595
2026-08-16 16:00:00+00:00,86.88,87.3,86.87,86.97,1673.447
2026-08-16 17:00:00+00:00,86.97,87.02,86.72,86.85,1019.583
2026-08-16 18:00:00+00:00,86.85,86.89,86.5,86.66,861.704
2026-08-16 19:00:00+00:00,86.66,86.98,86.66,86.86,784.614
2026-08-16 20:00:00+00:00,86.86,86.88,86.45,86.5,881.922
2026-08-16 21:00:00+00:00,86.49,86.55,85.48,85.61,2871.896
2026-08-16 22:00:00+00:00,85.6,86.04,85.33,86.02,1689.024
2026-08-16 23:00:00+00:00,86.02,86.11,85.86,86.03,732.313
2026-08-17 00:00:00+00:00,86.03,86.12,85.68,86.01,1061.087
2026-08-17 01:00:00+00:00,86.01,86.94,86.0,86.46,3027.882
2026-08-17 02:00:00+00:00,86.46,87.04,86.33,87.04,4596.641
2026-08-17 03:00:00+00:00,87.05,87.06,86.61,86.72,1498.26
2026-08-17 04:00:00+00:00,86.73,86.94,86.73,86.89,1574.353
2026-08-17 05:00:00+00:00,86.9,86.92,86.41,86.48,1142.012
2026-08-17 06:00:00+00:00,86.47,86.79,86.23,86.45,2161.361
2026-08-17 07:00:00+00:00,86.45,86.51,86.2,86.27,1570.047
2026-08-17 08:00:00+00:00,86.27,86.27,85.69,85.79,2489.987
2026-08-17 09:00:00+00:00,85.79,86.08,85.76,86.08,1061.264
2026-08-17 10:00:00+00:00,86.07,86.67,85.91,86.63,2988.738
2026-08-17 11:00:00+00:00,86.62,86.85,86.61,86.67,1720.86
2026-08-17 12:00:00+00:00,86.68,86.88,86.36,86.74,3398.182
2026-08-17 13:00:00+00:00,86.74,87.26,86.44,86.91,2913.152
2026-08-17 14:00:00+00:00,86.9,88.01,86.74,87.93,4854.588
2026-08-17 15:00:00+00:00,87.93,88.41,87.65,88.17,4692.204
2026-08-17 16:00:00+00:00,88.18,88.55,87.66,87.66,2295.727
2026-08-17 17:00:00+00:00,87.66,88.1,87.63,87.91,2136.632
2026-08-17 18:00:00+00:00,87.91,88.22,87.84,88.18,1712.573
2026-08-17 19:00:00+00:00,88.19,88.21,87.84,87.9,1592.293
2026-08-17 20:00:00+00:00,87.9,88.38,87.67,88.19,1572.904
2026-08-17 21:00:00+00:00,88.19,89.1,88.1,89.04,4229.025
2026-08-17 22:00:00+00:00,89.05,89.17,88.42,88.82,10730.245
2026-08-17 23:00:00+00:00,88.81,89.62,88.58,89.27,3544.8
2026-08-18 00:00:00+00:00,89.27,89.45,89.08,89.27,2066.537
2026-08-18 01:00:00+00:00,89.28,89.31,88.21,88.37,2503.604
2026-08-18 02:00:00+00:00,88.38,88.55,87.65,87.85,3170.341
2026-08-18 03:00:00+00:00,87.84,88.26,87.69,88.19,2025.425
2026-08-18 04:00:00+00:00,88.19,88.42,88.01,88.38,1078.782
2026-08-18 05:00:00+00:00,88.37,88.54,88.02,88.41,1350.526
2026-08-18 06:00:00+00:00,88.4,89.2,88.25,88.88,2491.403
2026-08-18 07:00:00+00:00,88.88,88.95,88.38,88.54,2631.218
2026-08-18 08:00:00+00:00,88.54,88.76,88.04,88.74,2586.148
2026-08-18 09:00:00+00:00,88.73,88.93,88.5,88.84,1710.395
2026-08-18 10:00:00+00:00,88.84,89.17,88.62,89.05,1697.99
2026-08-18 11:00:00+00:00,89.04,89.47,88.94,89.09,1938.382
2026-08-18 12:00:00+00:00,89.08,89.65,89.04,89.25,3228.138
2026-08-18 13:00:00+00:00,89.25,89.39,88.9,89.31,2880.798
2026-08-18 14:00:00+00:00,89.32,90.02,89.15,89.15,5049.557
2026-08-18 15:00:00+00:00,89.16,89.58,89.09,89.5,10826.511
2026-08-18 16:00:00+00:00,89.51,89.64,89.16,89.48,8409.079
2026-08-18 17:00:00+00:00,89.48,89.54,89.19,89.28,2780.936
2026-08-18 18:00:00+00:00,89.28,89.77,89.26,89.67,2341.376
2026-08-18 19:00:00+00:00,89.66,89.71,89.37,89.4,731.919
2026-08-18 20:00:00+00:00,89.4,89.48,88.27,88.33,3078.551
2026-08-18 21:00:00+00:00,88.34,88.49,88.16,88.29,787.015
2026-08-18 22:00:00+00:00,88.28,88.38,86.86,86.96,6376.61
2026-08-18 23:00:00+00:00,86.96,87.64,86.78,87.53,1475.224
2026-08-19 00:00:00+00:00,87.54,87.58,87.05,87.27,1419.892
2026-08-19 01:00:00+00:00,87.27,87.54,87.15,87.22,1121.303
2026-08-19 02:00:00+00:00,87.22,87.4,87.01,87.22,2688.124
2026-08-19 03:00:00+00:00,87.21,87.77,87.16,87.76,1469.79
2026-08-19 04:00:00+00:00,87.76,87.79,87.3,87.38,1139.867
2026-08-19 05:00:00+00:00,87.37,87.68,87.35,87.42,1382.792
2026-08-19 06:00:00+00:00,87.43,88.13,87.32,88.13,1983.886
2026-08-19 07:00:00+00:00,88.14,88.4,87.97,88.11,1684.644
2026-08-19 08:00:00+00:00,88.11,88.64,88.05,88.38,3072.974
2026-08-19 09:00:00+00:00,88.38,88.43,87.68,87.93,2307.67
2026-08-19 10:00:00+00:00,87.93,88.2,87.78,88.15,1680.765
2026-08-19 11:00:00+00:00,88.14,89.16,88.09,89.12,3984.211
2026-08-19 12:00:00+00:00,89.12,89.9,88.97,89.54,4499.92
2026-08-19 13:00:00+00:00,89.55,89.7,89.14,89.35,5225.885
2026-08-19 14:00:00+00:00,89.35,91.28,89.31,91.09,7201.973
2026-08-19 15:00:00+00:00,91.15,94.49,91.14,92.92,44677.051
2026-08-19 16:00:00+00:00,92.91,93.49,92.54,92.61,9108.077
2026-08-19 17:00:00+00:00,92.6,92.61,91.87,92.47,5364.915
2026-08-19 18:00:00+00:00,92.46,92.52,91.97,92.38,2093.202
2026-08-19 19:00:00+00:00,92.38,93.0,92.24,92.94,3714.233
2026-08-19 20:00:00+00:00,92.95,95.3,92.94,94.95,13639.908
2026-08-19 21:00:00+00:00,94.96,97.55,94.89,96.5,23849.719
2026-08-19 22:00:00+00:00,96.51,96.76,94.86,95.29,7724.487
2026-08-19 23:00:00+00:00,95.3,95.79,95.09,95.34,3686.186
2026-08-20 00:00:00+00:00,95.35,96.0,95.33,95.63,7179.218
2026-08-20 01:00:00+00:00,95.63,96.52,95.0,96.38,4727.91
2026-08-20 02:00:00+00:00,96.37,97.21,96.09,96.13,6900.342
2026-08-20 03:00:00+00:00,96.12,96.12,94.86,95.35,8576.767
2026-08-20 04:00:00+00:00,95.35,96.07,95.34,95.94,2676.302
2026-08-20 05:00:00+00:00,95.93,96.04,95.65,95.98,2251.641
2026-08-20 06:00:00+00:00,95.98,96.89,95.82,96.75,4987.188
2026-08-20 07:00:00+00:00,96.74,97.17,96.34,97.16,3214.208
2026-08-20 08:00:00+00:00,97.17,98.66,97.02,98.47,12583.985
2026-08-20 09:00:00+00:00,98.47,98.69,97.26,97.36,7285.012
2026-08-20 10:00:00+00:00,97.35,98.11,97.25,97.87,7225.637
2026-08-20 11:00:00+00:00,97.87,98.8,97.5,98.04,4333.664
2026-08-20 12:00:00+00:00,98.03,98.11,96.63,97.29,5992.606
2026-08-20 13:00:00+00:00,97.3,97.44,95.96,96.32,9359.097
2026-08-20 14:00:00+00:00,96.33,96.82,96.11,96.5,4754.917
2026-08-20 15:00:00+00:00,96.51,97.31,96.49,97.13,5900.669
2026-08-20 16:00:00+00:00,97.14,97.36,96.05,97.33,20280.895
2026-08-20 17:00:00+00:00,97.33,97.88,97.09,97.46,4698.323
2026-08-20 18:00:00+00:00,97.46,97.52,96.26,96.67,3313.355
2026-08-20 19:00:00+00:00,96.66,97.16,96.52,96.83,3166.063
2026-08-20 20:00:00+00:00,96.82,97.5,96.77,97.34,3452.733
2026-08-20 21:00:00+00:00,97.33,97.88,97.22,97.83,2335.821
2026-08-20 22:00:00+00:00,97.81,98.68,97.24,98.5,3768.466
2026-08-20 23:00:00+00:00,98.5,99.38,98.33,99.2,6642.821
2026-08-21 00:00:00+00:00,99.2,99.42,98.53,99.29,7325.773
2026-08-21 01:00:00+00:00,99.28,100.23,98.64,99.89,15644.228
2026-08-21 02:00:00+00:00,99.9,101.02,99.16,100.51,10530.677
2026-08-21 03:00:00+00:00,100.51,101.58,100.22,100.99,9657.16
2026-08-21 04:00:00+00:00,101.0,101.68,100.89,101.38,5887.874
2026-08-21 05:00:00+00:00,101.39,101.39,100.22,100.97,5690.882
2026-08-21 06:00:00+00:00,100.98,101.2,100.12,100.36,7397.488
2026-08-21 07:00:00+00:00,100.35,105.87,100.29,105.8,25241.075
2026-08-21 08:00:00+00:00,105.8,110.3,105.09,109.86,51971.108
2026-08-21 09:00:00+00:00,109.86,109.96,105.43,109.37,40517.734
2026-08-21 10:00:00+00:00,109.37,113.21,108.32,112.57,36202.749
2026-08-21 11:00:00+00:00,112.56,113.69,109.23,109.44,31367.627
2026-08-21 12:00:00+00:00,109.45,111.04,108.65,109.77,11073.187
2026-08-21 13:00:00+00:00,109.77,111.49,108.22,110.95,15665.213
2026-08-21 14:00:00+00:00,110.94,112.46,110.28,112.09,13543.66
2026-08-21 15:00:00+00:00,112.09,113.33,110.2,110.5,17458.463
2026-08-21 16:00:00+00:00,110.51,111.74,109.23,111.74,9411.738
2026-08-21 17:00:00+00:00,111.74,112.59,110.76,112.44,8041.569
2026-08-21 18:00:00+00:00,112.43,112.56,108.67,109.72,8209.705
2026-08-21 19:00:00+00:00,109.71,110.3,108.82,110.04,3602.942
2026-08-21 20:00:00+00:00,110.04,116.85,109.87,116.45,23377.038
2026-08-21 21:00:00+00:00,116.45,122.0,115.96,121.72,41041.203
2026-08-21 22:00:00+00:00,121.74,122.25,119.46,120.61,22037.78
2026-08-21 23:00:00+00:00,120.62,122.99,120.05,122.69,9266.48
2026-08-22 00:00:00+00:00,122.7,124.91,121.47,124.11,23104.277
2026-08-22 01:00:00+00:00,124.11,124.87,122.78,124.19,11241.621
2026-08-22 02:00:00+00:00,124.16,125.98,122.4,125.88,12496.717
2026-08-22 03:00:00+00:00,125.88,129.02,125.58,126.25,23263.831
2026-08-22 04:00:00+00:00,126.26,128.08,125.06,126.7,20811.112
2026-08-22 05:00:00+00:00,126.69,126.81,111.49,120.18,76742.859
2026-08-22 06:00:00+00:00,120.19,121.96,118.08,121.73,12965.917
2026-08-22 07:00:00+00:00,121.72,123.47,121.09,122.85,9443.54
2026-08-22 08:00:00+00:00,122.86,124.04,120.94,122.24,10483.662
2026-08-22 09:00:00+00:00,122.25,125.2,121.01,122.56,11313.161
2026-08-22 10:00:00+00:00,122.56,122.64,118.52,121.31,16517.633
2026-08-22 11:00:00+00:00,121.31,124.87,120.67,124.23,7654.837
2026-08-22 12:00:00+00:00,124.23,126.93,123.53,125.61,14103.708
2026-08-22 13:00:00+00:00,125.6,126.49,123.77,124.83,10892.883
2026-08-22 14:00:00+00:00,124.82,125.01,122.37,123.08,7008.868
2026-08-22 15:00:00+00:00,123.09,123.46,121.0,121.84,13414.087
2026-08-22 16:00:00+00:00,121.82,125.16,121.04,124.61,25028.393
2026-08-22 17:00:00+00:00,124.61,127.27,123.88,126.15,13020.849
2026-08-22 18:00:00+00:00,126.16,126.8,124.1,125.88,8209.4
2026-08-22 19:00:00+00:00,125.88,127.52,125.58,125.87,8425.287
2026-08-22 20:00:00+00:00,125.88,127.47,125.8,127.07,7002.006
2026-08-22 21:00:00+00:00,127.06,128.18,124.7,125.47,11686.187
2026-08-22 22:00:00+00:00,125.48,127.18,125.17,125.51,5978.703
2026-08-22 23:00:00+00:00,125.52,126.98,124.27,126.44,4579.942
2026-08-23 00:00:00+00:00,126.43,128.09,125.83,127.3,11161.326
2026-08-23 01:00:00+00:00,127.3,127.39,125.01,125.48,7395.985
2026-08-23 02:00:00+00:00,125.48,126.27,123.29,124.93,10375.687
2026-08-23 03:00:00+00:00,124.95,125.46,122.91,124.08,5953.943
2026-08-23 04:00:00+00:00,124.08,124.57,121.29,121.42,7751.094
2026-08-23 05:00:00+00:00,121.41,124.66,120.87,122.15,15489.768
2026-08-23 06:00:00+00:00,122.15,122.91,121.18,122.19,4667.043
2026-08-23 07:00:00+00:00,122.2,123.52,121.12,121.18,5189.035
2026-08-23 08:00:00+00:00,121.17,124.55,121.09,124.05,7350.158
2026-08-23 09:00:00+00:00,124.04,125.82,123.12,125.2,7618.154
2026-08-23 10:00:00+00:00,125.2,128.1,124.79,126.24,18122.339
2026-08-23 11:00:00+00:00,126.24,129.39,125.53,127.76,14743.333
2026-08-23 12:00:00+00:00,127.75,134.76,127.1,134.43,37357.984
2026-08-23 13:00:00+00:00,134.44,141.46,134.15,141.18,50162.133
2026-08-23 14:00:00+00:00,141.18,142.16,134.57,137.0,35343.35
2026-08-23 15:00:00+00:00,137.0,140.69,135.94,139.83,29243.853
2026-08-23 16:00:00+00:00,139.84,140.81,138.7,139.06,11565.064
2026-08-23 17:00:00+00:00,139.04,140.33,137.81,140.09,8149.591
2026-08-23 18:00:00+00:00,140.09,141.75,138.99,140.67,16146.595
2026-08-23 19:00:00+00:00,140.67,140.99,138.44,139.17,8000.408
2026-08-23 20:00:00+00:00,139.18,140.06,138.39,139.9,4725.05
2026-08-23 21:00:00+00:00,139.91,145.09,139.8,143.43,30316.951
2026-08-23 22:00:00+00:00,143.43,144.2,140.58,141.77,9554.554
2026-08-23 23:00:00+00:00,141.76,143.03,140.36,141.51,8056.066
2026-08-24 00:00:00+00:00,141.5,142.12,138.35,140.26,12404.267
2026-08-24 01:00:00+00:00,140.27,140.35,136.39,136.7,16034.312
2026-08-24 02:00:00+00:00,136.69,140.9,135.76,139.44,15102.517
2026-08-24 03:00:00+00:00,139.44,140.39,138.36,139.35,14787.442
2026-08-24 04:00:00+00:00,139.35,144.12,139.3,141.91,30970.034
2026-08-24 05:00:00+00:00,141.9,144.64,141.08,144.07,19748.285
2026-08-24 06:00:00+00:00,144.07,144.68,141.03,141.86,15066.931
2026-08-24 07:00:00+00:00,141.86,143.59,138.66,139.89,21251.128
2026-08-24 08:00:00+00:00,139.89,140.85,137.19,138.28,23235.19
2026-08-24 09:00:00+00:00,138.27,141.65,137.32,137.54,28654.351
2026-08-24 10:00:00+00:00,137.54,138.24,135.16,135.37,22722.009
2026-08-24 11:00:00+00:00,135.37,138.36,133.6,137.25,15706.786
2026-08-24 12:00:00+00:00,137.25,138.24,135.23,137.72,24045.86
2026-08-24 13:00:00+00:00,137.71,138.03,133.87,135.71,21501.375
2026-08-24 14:00:00+00:00,135.7,136.92,134.67,135.86,11290.415
2026-08-24 15:00:00+00:00,135.87,137.35,133.17,134.58,20517.68
2026-08-24 16:00:00+00:00,134.57,136.73,134.14,135.11,10329.809
2026-08-24 17:00:00+00:00,135.12,135.14,132.62,133.49,9032.654
2026-08-24 18:00:00+00:00,133.49,135.17,133.49,134.02,3596.562
2026-08-24 19:00:00+00:00,134.03,134.74,133.42,134.5,3882.194
2026-08-24 20:00:00+00:00,134.51,135.07,133.37,135.0,4482.778
2026-08-24 21:00:00+00:00,135.0,135.32,133.62,133.75,4207.425
2026-08-24 22:00:00+00:00,133.73,133.74,130.62,130.9,8424.098
2026-08-24 23:00:00+00:00,130.91,132.82,130.36,132.32,5852.958
2026-08-25 00:00:00+00:00,132.32,133.67,131.37,133.23,12079.646
2026-08-25 01:00:00+00:00,133.24,134.8,132.87,134.5,8916.011
2026-08-25 02:00:00+00:00,134.49,136.41,133.43,133.85,13438.168
2026-08-25 03:00:00+00:00,133.86,134.8,126.32,127.98,43050.917
2026-08-25 04:00:00+00:00,127.99,130.1,127.72,130.1,15127.582
2026-08-25 05:00:00+00:00,130.1,132.41,129.9,131.71,10906.839
2026-08-25 06:00:00+00:00,131.7,132.77,130.49,130.84,9099.728
2026-08-25 07:00:00+00:00,130.85,132.2,128.93,129.77,10790.369
2026-08-25 08:00:00+00:00,129.77,131.96,129.57,130.61,11686.754
2026-08-25 09:00:00+00:00,130.62,130.69,128.75,129.23,8233.849
2026-08-25 10:00:00+00:00,129.21,129.74,128.28,129.0,5241.39
2026-08-25 11:00:00+00:00,129.0,129.0,127.91,128.2,5934.772
2026-08-25 12:00:00+00:00,128.2,130.0,127.47,129.75,6859.524
2026-08-25 13:00:00+00:00,129.75,131.0,128.02,129.73,9983.15
2026-08-25 14:00:00+00:00,129.72,129.82,128.28,128.68,6211.979
2026-08-25 15:00:00+00:00,128.69,129.4,127.92,129.37,3728.066
2026-08-25 16:00:00+00:00,129.38,129.87,128.31,129.33,5185.573
2026-08-25 17:00:00+00:00,129.34,129.43,126.34,128.77,11504.36
2026-08-25 18:00:00+00:00,128.78,128.86,127.84,128.23,3292.655
2026-08-25 19:00:00+00:00,128.23,129.9,127.11,127.51,7837.484
2026-08-25 20:00:00+00:00,127.51,127.88,125.38,125.67,6811.034
2026-08-25 21:00:00+00:00,125.66,127.12,124.35,126.8,5802.464
2026-08-25 22:00:00+00:00,126.8,127.29,126.75,126.97,2208.198
2026-08-25 23:00:00+00:00,126.97,127.27,125.87,126.6,2562.261
2026-08-26 00:00:00+00:00,126.61,127.03,125.59,126.68,5588.053
2026-08-26 01:00:00+00:00,126.68,127.52,126.62,126.98,4829.85
2026-08-26 02:00:00+00:00,126.99,128.75,126.58,127.8,5109.471
2026-08-26 03:00:00+00:00,127.79,128.33,127.26,128.27,3780.928
2026-08-26 04:00:00+00:00,128.26,128.35,126.61,126.79,3337.949
2026-08-26 05:00:00+00:00,126.79,129.32,126.45,128.45,5513.702
2026-08-26 06:00:00+00:00,128.43,128.98,127.51,128.6,4289.56
2026-08-26 07:00:00+00:00,128.61,128.9,127.29,127.39,2535.058
2026-08-26 08:00:00+00:00,127.39,127.74,125.92,126.08,5152.869
2026-08-26 09:00:00+00:00,126.09,126.65,125.29,125.57,4030.626
2026-08-26 10:00:00+00:00,125.56,127.01,124.55,126.91,3444.174
2026-08-26 11:00:00+00:00,126.92,127.3,125.89,126.44,2010.006
2026-08-26 12:00:00+00:00,126.45,127.29,125.5,125.83,3753.186
2026-08-26 13:00:00+00:00,125.82,126.09,123.51,124.4,10224.394
2026-08-26 14:00:00+00:00,124.4,124.99,122.26,122.62,10391.605
2026-08-26 15:00:00+00:00,122.63,123.91,122.08,123.32,8972.532
2026-08-26 16:00:00+00:00,123.32,123.61,121.2,122.97,13994.487
2026-08-26 17:00:00+00:00,122.97,124.6,122.64,123.34,3673.735
2026-08-26 18:00:00+00:00,123.35,123.98,122.93,123.8,2465.035
2026-08-26 19:00:00+00:00,123.81,124.35,123.45,123.56,1241.84
2026-08-26 20:00:00+00:00,123.55,123.66,122.28,123.6,2753.415
2026-08-26 21:00:00+00:00,123.61,125.92,123.37,125.18,4444.87
2026-08-26 22:00:00+00:00,125.18,127.26,124.95,125.95,7445.221
2026-08-26 23:00:00+00:00,125.94,127.24,125.82,127.05,4731.491
2026-08-27 00:00:00+00:00,127.04,127.04,125.53,125.53,4864.059
2026-08-27 01:00:00+00:00,125.52,126.37,125.0,125.76,5065.91
2026-08-27 02:00:00+00:00,125.76,126.13,124.82,125.36,3173.131
2026-08-27 03:00:00+00:00,125.37,125.82,124.5,124.75,3320.053
2026-08-27 04:00:00+00:00,124.76,125.49,124.0,124.3,4144.702
2026-08-27 05:00:00+00:00,124.31,125.54,123.81,125.2,3696.255
2026-08-27 06:00:00+00:00,125.2,127.08,124.4,126.58,5609.74
2026-08-27 07:00:00+00:00,126.56,127.65,126.23,126.78,7230.563
2026-08-27 08:00:00+00:00,126.8,130.46,126.6,128.99,11994.756
2026-08-27 09:00:00+00:00,129.0,130.05,128.38,129.21,10413.964
2026-08-27 10:00:00+00:00,129.21,129.73,125.56,126.02,14066.299
2026-08-27 11:00:00+00:00,126.02,126.71,125.78,126.58,3912.435
2026-08-27 12:00:00+00:00,126.57,126.91,125.66,126.09,3281.312
2026-08-27 13:00:00+00:00,126.1,128.21,126.02,127.37,8515.122
2026-08-27 14:00:00+00:00,127.37,128.92,123.0,128.42,14962.711
2026-08-27 15:00:00+00:00,128.42,129.26,127.61,128.0,7856.045
2026-08-27 16:00:00+00:00,128.0,130.47,127.83,129.01,8774.028
2026-08-27 17:00:00+00:00,129.01,129.52,128.19,128.99,6370.113
2026-08-27 18:00:00+00:00,128.99,129.16,126.77,128.61,6596.502
2026-08-27 19:00:00+00:00,128.62,128.96,127.66,127.72,4729.219
2026-08-27 20:00:00+00:00,127.72,128.64,127.25,128.34,2719.398
2026-08-27 21:00:00+00:00,128.34,128.35,127.09,127.73,2699.699
2026-08-27 22:00:00+00:00,127.72,129.1,127.71,128.65,3721.448
2026-08-27 23:00:00+00:00,128.64,128.71,127.8,128.09,2492.57
2026-08-28 00:00:00+00:00,128.09,130.1,127.66,128.96,5092.318
2026-08-28 01:00:00+00:00,128.95,131.79,128.71,129.08,12658.792
2026-08-28 02:00:00+00:00,129.09,129.21,125.66,126.24,13152.009
2026-08-28 03:00:00+00:00,126.24,126.57,125.06,125.96,5728.422
2026-08-28 04:00:00+00:00,125.95,126.92,125.46,126.17,5286.561
2026-08-28 05:00:00+00:00,126.16,126.53,125.5,126.11,3611.519
2026-08-28 06:00:00+00:00,126.11,127.18,126.11,126.76,2291.242
2026-08-28 07:00:00+00:00,126.76,126.8,125.61,125.77,2936.367
2026-08-28 08:00:00+00:00,125.78,126.22,124.82,125.2,3722.117
2026-08-28 09:00:00+00:00,125.2,125.79,124.84,125.09,3160.335
2026-08-28 10:00:00+00:00,125.1,125.78,124.0,125.73,5304.002
2026-08-28 11:00:00+00:00,125.74,127.0,125.47,125.51,6122.304
2026-08-28 12:00:00+00:00,125.5,125.91,125.06,125.27,2653.874
2026-08-28 13:00:00+00:00,125.3,125.44,124.13,124.7,5769.12
2026-08-28 14:00:00+00:00,124.7,126.8,122.82,125.67,14366.157
2026-08-28 15:00:00+00:00,125.68,126.15,123.02,123.22,17222.556
2026-08-28 16:00:00+00:00,123.22,123.43,119.72,123.07,27551.063
2026-08-28 17:00:00+00:00,123.07,123.31,122.24,122.46,7868.05
2026-08-28 18:00:00+00:00,122.45,122.56,120.85,121.68,4923.747
2026-08-28 19:00:00+00:00,121.68,122.32,121.23,121.52,2895.703
2026-08-28 20:00:00+00:00,121.51,121.93,121.17,121.7,3405.746
2026-08-28 21:00:00+00:00,121.71,121.87,120.63,120.78,1197.939
2026-08-28 22:00:00+00:00,120.78,122.26,120.7,122.11,2887.568
2026-08-28 23:00:00+00:00,122.1,122.35,121.88,122.22,2888.433
2026-08-29 00:00:00+00:00,122.22,122.6,121.38,121.92,3623.244
2026-08-29 01:00:00+00:00,121.92,122.03,121.33,121.81,1792.375
2026-08-29 02:00:00+00:00,121.83,121.91,120.41,121.07,5257.418
2026-08-29 03:00:00+00:00,121.07,121.52,120.61,120.69,2734.632
2026-08-29 04:00:00+00:00,120.7,121.37,120.64,121.19,1727.301
2026-08-29 05:00:00+00:00,121.2,121.87,121.1,121.71,2257.797
2026-08-29 06:00:00+00:00,121.71,121.92,121.1,121.84,3489.415
2026-08-29 07:00:00+00:00,121.84,122.52,121.66,121.82,3515.984
2026-08-29 08:00:00+00:00,121.81,121.84,121.1,121.29,2506.375
2026-08-29 09:00:00+00:00,121.3,121.71,121.26,121.57,2151.447
2026-08-29 10:00:00+00:00,121.56,122.08,121.27,121.74,3371.914
2026-08-29 11:00:00+00:00,121.73,122.17,121.55,121.69,1676.103
2026-08-29 12:00:00+00:00,121.7,122.23,121.7,122.15,1553.225
2026-08-29 13:00:00+00:00,122.15,123.34,121.83,123.17,2761.199
2026-08-29 14:00:00+00:00,123.17,124.92,122.83,124.75,7009.363
2026-08-29 15:00:00+00:00,124.76,124.8,122.99,123.22,7359.411
2026-08-29 16:00:00+00:00,123.2,123.9,123.01,123.39,5305.797
2026-08-29 17:00:00+00:00,123.4,123.43,122.71,123.35,1218.961
2026-08-29 18:00:00+00:00,123.35,124.26,123.2,123.88,1781.85
2026-08-29 19:00:00+00:00,123.88,124.48,123.82,124.35,1609.882
2026-08-29 20:00:00+00:00,124.35,124.93,124.22,124.65,1469.296
2026-08-29 21:00:00+00:00,124.64,125.55,124.48,124.92,3555.411
2026-08-29 22:00:00+00:00,124.93,125.76,124.89,125.57,2839.646
2026-08-29 23:00:00+00:00,125.57,126.98,125.43,126.75,4963.299
2026-08-30 00:00:00+00:00,126.75,127.01,125.53,125.53,4141.263
2026-08-30 01:00:00+00:00,125.54,125.74,125.03,125.21,2713.037
2026-08-30 02:00:00+00:00,125.22,126.34,125.09,125.74,2796.905
2026-08-30 03:00:00+00:00,125.74,126.29,125.41,126.04,3115.233
2026-08-30 04:00:00+00:00,126.03,126.37,125.14,125.79,2617.206
2026-08-30 05:00:00+00:00,125.8,126.12,125.39,125.63,1222.12
2026-08-30 06:00:00+00:00,125.63,125.7,124.9,125.69,1682.196
2026-08-30 07:00:00+00:00,125.69,125.69,123.95,124.12,4816.97
2026-08-30 08:00:00+00:00,124.13,124.3,123.83,124.03,2229.642
2026-08-30 09:00:00+00:00,124.03,124.26,123.35,123.61,3177.069
2026-08-30 10:00:00+00:00,123.6,125.24,123.41,125.21,3466.869
2026-08-30 11:00:00+00:00,125.22,126.8,125.04,126.67,8768.732
2026-08-30 12:00:00+00:00,126.66,127.63,125.74,126.52,21885.527
2026-08-30 13:00:00+00:00,126.52,126.79,125.7,126.11,13732.304
2026-08-30 14:00:00+00:00,126.11,126.51,125.78,126.33,4423.025
2026-08-30 15:00:00+00:00,126.34,126.39,125.5,125.95,2371.312
2026-08-30 16:00:00+00:00,125.96,128.9,125.92,128.87,10212.435
2026-08-30 17:00:00+00:00,128.85,130.18,127.74,128.76,9267.302
2026-08-30 18:00:00+00:00,128.77,129.1,128.02,128.56,3351.808
2026-08-30 19:00:00+00:00,128.57,128.86,127.3,127.68,3063.495
2026-08-30 20:00:00+00:00,127.69,128.27,125.86,126.43,5838.623
2026-08-30 21:00:00+00:00,126.43,126.43,124.81,126.05,3750.75
2026-08-30 22:00:00+00:00,126.06,126.49,124.46,124.78,3203.002
2026-08-30 23:00:00+00:00,124.78,124.9,120.89,122.43,16724.329
2026-08-31 00:00:00+00:00,122.41,124.53,122.1,123.71,5899.731
2026-08-31 01:00:00+00:00,123.7,123.9,122.32,122.39,4345.609
2026-08-31 02:00:00+00:00,122.39,123.73,121.0,121.72,9380.183
2026-08-31 03:00:00+00:00,121.72,122.65,121.47,122.41,3405.768
2026-08-31 04:00:00+00:00,122.42,122.47,121.78,122.24,3824.506
2026-08-31 05:00:00+00:00,122.23,123.71,122.06,123.17,4746.171
2026-08-31 06:00:00+00:00,123.16,123.75,122.9,123.36,5488.575
2026-08-31 07:00:00+00:00,123.35,123.85,123.07,123.64,2668.199
2026-08-31 08:00:00+00:00,123.64,124.47,123.12,123.98,2976.097
2026-08-31 09:00:00+00:00,123.98,124.46,123.44,123.48,2954.407
2026-08-31 10:00:00+00:00,123.49,124.12,123.03,123.86,1613.157
2026-08-31 11:00:00+00:00,123.87,123.89,122.97,123.09,1069.024
2026-08-31 12:00:00+00:00,123.09,123.78,122.81,123.34,12288.559
2026-08-31 13:00:00+00:00,123.35,124.05,122.38,122.66,4283.606
2026-08-31 14:00:00+00:00,122.67,125.42,122.59,124.99,5880.345
2026-08-31 15:00:00+00:00,125.0,125.12,123.76,123.79,3419.337
2026-08-31 16:00:00+00:00,123.8,124.15,122.7,122.97,7858.846
2026-08-31 17:00:00+00:00,122.98,123.85,122.49,123.66,3249.929
2026-08-31 18:00:00+00:00,123.65,124.53,123.36,123.95,3168.206
2026-08-31 19:00:00+00:00,123.95,124.37,123.59,124.19,1425.134
2026-08-31 20:00:00+00:00,124.19,124.56,124.0,124.19,2629.079
2026-08-31 21:00:00+00:00,124.19,125.04,123.79,124.58,2038.937
2026-08-31 22:00:00+00:00,124.58,124.73,123.98,124.18,761.745
2026-08-31 23:00:00+00:00,124.19,124.23,123.9,124.13,1246.595
2026-09-01 00:00:00+00:00,124.13,125.62,123.98,125.41,5756.548
2026-09-01 01:00:00+00:00,125.42,125.7,124.27,124.63,4263.903
2026-09-01 02:00:00+00:00,124.64,124.76,123.97,124.33,2308.851
2026-09-01 03:00:00+00:00,124.33,126.33,124.08,125.52,5779.129
2026-09-01 04:00:00+00:00,125.53,126.66,125.53,125.9,4889.464
2026-09-01 05:00:00+00:00,125.9,127.42,125.89,127.17,4589.903
2026-09-01 06:00:00+00:00,127.16,127.86,126.28,126.45,6505.752
2026-09-01 07:00:00+00:00,126.44,127.17,126.19,127.04,4731.387
2026-09-01 08:00:00+00:00,127.05,127.24,124.64,125.4,10975.175
2026-09-01 09:00:00+00:00,125.41,125.59,124.83,125.03,2521.375
2026-09-01 10:00:00+00:00,125.03,127.9,124.92,126.68,5999.263
2026-09-01 11:00:00+00:00,126.68,129.04,126.41,128.3,4215.916
2026-09-01 12:00:00+00:00,128.31,128.53,125.39,125.66,8798.344
2026-09-01 13:00:00+00:00,125.65,126.78,124.5,126.76,9850.375
2026-09-01 14:00:00+00:00,126.77,128.4,126.55,127.6,7258.209
2026-09-01 15:00:00+00:00,127.6,127.9,126.06,127.16,5883.192
2026-09-01 16:00:00+00:00,127.16,127.3,125.09,126.19,7454.108
2026-09-01 17:00:00+00:00,126.18,127.12,125.9,126.18,3493.618
2026-09-01 18:00:00+00:00,126.19,126.49,124.72,126.11,8200.18
2026-09-01 19:00:00+00:00,126.12,126.85,125.59,126.02,3046.987
2026-09-01 20:00:00+00:00,126.03,126.36,125.41,125.95,4004.623
2026-09-01 21:00:00+00:00,125.96,126.62,125.01,126.35,4303.837
2026-09-01 22:00:00+00:00,126.36,127.0,125.82,126.86,4375.792
2026-09-01 23:00:00+00:00,126.87,128.02,126.64,127.94,7470.275
2026-09-02 00:00:00+00:00,127.94,128.3,126.87,126.95,6413.567
2026-09-02 01:00:00+00:00,126.95,127.54,125.13,125.93,7298.22
2026-09-02 02:00:00+00:00,125.92,127.64,125.73,127.56,8872.161
2026-09-02 03:00:00+00:00,127.56,130.2,127.52,129.31,17621.489
2026-09-02 04:00:00+00:00,129.31,132.59,129.19,132.2,29206.478
2026-09-02 05:00:00+00:00,132.21,135.49,131.52,134.36,19593.669
2026-09-02 06:00:00+00:00,134.37,135.48,132.21,133.26,12591.247
2026-09-02 07:00:00+00:00,133.27,133.63,131.33,131.45,7179.324
2026-09-02 08:00:00+00:00,131.46,131.75,128.32,128.62,15720.846
2026-09-02 09:00:00+00:00,128.62,129.11,126.28,126.49,13407.501
2026-09-02 10:00:00+00:00,126.5,127.25,125.7,127.06,8532.72
2026-09-02 11:00:00+00:00,127.06,127.15,125.72,126.26,5764.321
2026-09-02 12:00:00+00:00,126.26,127.55,126.02,126.07,5754.953
2026-09-02 13:00:00+00:00,126.07,128.17,125.89,127.14,5443.836
2026-09-02 14:00:00+00:00,127.15,127.85,126.16,126.25,3304.059
2026-09-02 15:00:00+00:00,126.27,127.41,125.92,127.19,3718.712
2026-09-02 16:00:00+00:00,127.2,128.27,126.73,126.73,6893.363
2026-09-02 17:00:00+00:00,126.74,127.9,125.85,127.23,4983.993
2026-09-02 18:00:00+00:00,127.23,127.36,126.86,127.11,4518.201
2026-09-02 19:00:00+00:00,127.1,127.28,126.35,126.84,2166.562
2026-09-02 20:00:00+00:00,126.85,127.54,126.57,127.16,2185.737
2026-09-02 21:00:00+00:00,127.17,127.38,126.54,126.93,1023.257
2026-09-02 22:00:00+00:00,126.92,127.15,126.16,126.65,2874.219
2026-09-02 23:00:00+00:00,126.65,127.27,126.46,127.21,1040.39
2026-09-03 00:00:00+00:00,127.21,127.83,126.42,126.56,5086.235
2026-09-03 01:00:00+00:00,126.56,127.54,126.0,126.24,5330.469
2026-09-03 02:00:00+00:00,126.26,127.52,126.07,127.3,6035.847
2026-09-03 03:00:00+00:00,127.31,127.46,126.7,127.11,3883.991
2026-09-03 04:00:00+00:00,127.12,127.63,126.62,127.6,2801.616
2026-09-03 05:00:00+00:00,127.61,128.24,126.46,127.67,7509.399
2026-09-03 06:00:00+00:00,127.68,127.81,127.29,127.36,2016.646
2026-09-03 07:00:00+00:00,127.35,128.24,127.16,127.58,4869.071
2026-09-03 08:00:00+00:00,127.58,130.37,127.58,130.08,7454.084
2026-09-03 09:00:00+00:00,130.09,130.62,128.92,129.32,6014.818
2026-09-03 10:00:00+00:00,129.31,129.69,128.05,128.78,3203.813
2026-09-03 11:00:00+00:00,128.79,130.46,128.54,130.07,4629.755
2026-09-03 12:00:00+00:00,130.07,131.94,129.93,131.53,7183.495
2026-09-03 13:00:00+00:00,131.55,131.61,130.17,130.86,8224.399
2026-09-03 14:00:00+00:00,130.85,134.23,130.13,134.18,10112.955
2026-09-03 15:00:00+00:00,134.16,134.47,132.49,134.25,11907.029
2026-09-03 16:00:00+00:00,134.23,134.34,131.5,132.95,15765.331
2026-09-03 17:00:00+00:00,132.96,134.65,132.75,134.15,8031.531
2026-09-03 18:00:00+00:00,134.15,135.12,133.97,134.95,4076.305
2026-09-03 19:00:00+00:00,134.95,135.52,133.54,134.13,4821.236
2026-09-03 20:00:00+00:00,134.13,134.77,133.66,134.49,3544.002
2026-09-03 21:00:00+00:00,134.49,135.46,134.26,134.86,3519.49
2026-09-03 22:00:00+00:00,134.85,134.94,131.76,132.65,10464.374
2026-09-03 23:00:00+00:00,132.64,133.22,132.49,132.77,2741.2
2026-09-04 00:00:00+00:00,132.76,133.86,132.36,132.88,5216.722
2026-09-04 01:00:00+00:00,132.88,133.81,132.26,133.56,4394.032
2026-09-04 02:00:00+00:00,133.57,134.19,132.6,133.92,4345.462
2026-09-04 03:00:00+00:00,133.92,134.29,133.32,133.35,5826.749
2026-09-04 04:00:00+00:00,133.35,135.33,133.01,134.01,6173.384
2026-09-04 05:00:00+00:00,133.99,134.61,133.19,133.94,4336.684
2026-09-04 06:00:00+00:00,133.95,134.32,132.59,132.93,4868.409
2026-09-04 07:00:00+00:00,132.94,134.28,132.86,133.78,4368.968
2026-09-04 08:00:00+00:00,133.79,135.96,133.45,135.94,7063.511
2026-09-04 09:00:00+00:00,135.94,136.26,133.9,133.91,8001.806
2026-09-04 10:00:00+00:00,133.91,134.01,132.86,133.75,4258.443
2026-09-04 11:00:00+00:00,133.75,134.07,133.09,133.95,2806.436
2026-09-04 12:00:00+00:00,133.94,135.87,129.29,131.28,34456.725
2026-09-04 13:00:00+00:00,131.27,132.64,130.15,131.38,18142.635
2026-09-04 14:00:00+00:00,131.4,131.56,128.91,129.82,7384.588
2026-09-04 15:00:00+00:00,129.81,131.57,129.53,131.32,3269.632
2026-09-04 16:00:00+00:00,131.31,132.15,131.09,131.8,2052.004
2026-09-04 17:00:00+00:00,131.83,131.89,130.02,130.25,2021.525
2026-09-04 18:00:00+00:00,130.26,130.8,130.09,130.52,1402.62
2026-09-04 19:00:00+00:00,130.53,131.02,130.3,130.59,1340.996
2026-09-04 20:00:00+00:00,130.6,130.71,129.95,129.97,1675.731
2026-09-04 21:00:00+00:00,129.98,130.3,129.5,129.62,1606.927
2026-09-04 22:00:00+00:00,129.63,129.93,129.45,129.75,576.117
2026-09-04 23:00:00+00:00,129.74,130.51,129.62,130.37,871.252
2026-09-05 00:00:00+00:00,130.38,131.59,130.04,130.95,5538.251
2026-09-05 01:00:00+00:00,130.95,131.4,130.04,130.07,2944.825
2026-09-05 02:00:00+00:00,130.08,131.11,129.82,130.76,3350.737
2026-09-05 03:00:00+00:00,130.77,130.86,130.2,130.31,1860.884
2026-09-05 04:00:00+00:00,130.3,130.8,129.32,129.74,4200.39
2026-09-05 05:00:00+00:00,129.75,129.83,128.52,129.47,3705.314
2026-09-05 06:00:00+00:00,129.48,130.23,129.02,130.14,3657.25
2026-09-05 07:00:00+00:00,130.13,130.31,129.73,129.91,3651.722
2026-09-05 08:00:00+00:00,129.92,130.51,129.31,129.63,5255.279
2026-09-05 09:00:00+00:00,129.64,131.27,129.6,130.47,3868.156
2026-09-05 10:00:00+00:00,130.48,130.61,130.2,130.3,1559.229
2026-09-05 11:00:00+00:00,130.31,130.39,129.57,129.61,1391.244
2026-09-05 12:00:00+00:00,129.61,130.87,129.48,130.74,3145.198
2026-09-05 13:00:00+00:00,130.75,130.83,129.18,129.88,6122.289
2026-09-05 14:00:00+00:00,129.88,130.93,129.8,130.69,4390.938
2026-09-05 15:00:00+00:00,130.7,132.28,130.44,131.98,5054.414
2026-09-05 16:00:00+00:00,131.99,132.69,131.27,131.79,3115.609
2026-09-05 17:00:00+00:00,131.8,133.53,131.53,133.0,3451.528
2026-09-05 18:00:00+00:00,133.01,135.26,132.82,134.53,6452.816
2026-09-05 19:00:00+00:00,134.52,135.9,133.86,134.81,6839.864
2026-09-05 20:00:00+00:00,134.83,135.47,134.02,134.12,5262.933
2026-09-05 21:00:00+00:00,134.11,134.82,133.23,134.65,5673.388
2026-09-05 22:00:00+00:00,134.67,135.38,133.66,135.37,4100.137
2026-09-05 23:00:00+00:00,135.37,135.68,134.22,134.42,3277.003
2026-09-06 00:00:00+00:00,134.42,139.0,134.4,138.26,11420.554
2026-09-06 01:00:00+00:00,138.27,140.19,137.69,138.99,16744.843
2026-09-06 02:00:00+00:00,138.99,139.66,135.19,135.24,8988.198
2026-09-06 03:00:00+00:00,135.22,136.22,135.19,135.77,4015.742
2026-09-06 04:00:00+00:00,135.76,135.8,133.93,134.45,4883.369
2026-09-06 05:00:00+00:00,134.46,137.33,134.35,136.96,5930.054
2026-09-06 06:00:00+00:00,136.97,137.2,135.2,135.77,2817.473
2026-09-06 07:00:00+00:00,135.76,136.32,134.18,134.78,3336.059
2026-09-06 08:00:00+00:00,134.78,134.94,133.71,134.05,1928.435
2026-09-06 09:00:00+00:00,134.05,134.88,133.97,134.43,2512.517
2026-09-06 10:00:00+00:00,134.42,135.14,134.24,135.12,2307.791
2026-09-06 11:00:00+00:00,135.12,135.93,134.88,135.59,2711.361
2026-09-06 12:00:00+00:00,135.6,136.13,134.59,134.92,3860.054
2026-09-06 13:00:00+00:00,134.92,135.55,134.37,135.21,3709.79
2026-09-06 14:00:00+00:00,135.2,135.3,132.25,134.0,6878.341
2026-09-06 15:00:00+00:00,134.0,134.18,133.16,133.7,3885.995
2026-09-06 16:00:00+00:00,133.71,134.24,132.97,133.28,3111.598
2026-09-06 17:00:00+00:00,133.27,133.55,132.83,133.24,2008.842
2026-09-06 18:00:00+00:00,133.25,133.8,133.12,133.45,1763.915
2026-09-06 19:00:00+00:00,133.45,133.45,132.55,132.58,1898.806
2026-09-06 20:00:00+00:00,132.59,133.64,132.53,133.64,1777.404
2026-09-06 21:00:00+00:00,133.65,135.11,133.65,135.01,5071.804
2026-09-06 22:00:00+00:00,135.01,135.14,133.8,134.27,2549.327
2026-09-06 23:00:00+00:00,134.28,137.08,134.15,136.87,6986.841
2026-09-07 00:00:00+00:00,136.89,136.98,135.43,135.8,5453.005
2026-09-07 01:00:00+00:00,135.78,135.8,133.51,133.73,4630.824
2026-09-07 02:00:00+00:00,133.72,135.87,132.93,134.02,6951.864
2026-09-07 03:00:00+00:00,134.03,134.52,133.13,133.54,3972.943
2026-09-07 04:00:00+00:00,133.54,134.16,133.36,134.0,2684.193
2026-09-07 05:00:00+00:00,134.0,136.41,133.9,135.59,6338.505
2026-09-07 06:00:00+00:00,135.59,135.85,134.15,134.65,7107.523
2026-09-07 07:00:00+00:00,134.65,134.96,131.32,132.64,8631.69
2026-09-07 08:00:00+00:00,132.64,134.2,132.57,133.85,2923.836
2026-09-07 09:00:00+00:00,133.85,134.5,133.36,133.48,2602.501
2026-09-07 10:00:00+00:00,133.49,135.03,133.32,134.3,2541.169
2026-09-07 11:00:00+00:00,134.32,134.84,133.44,133.76,2426.512
2026-09-07 12:00:00+00:00,133.77,135.5,133.76,135.3,3513.893
2026-09-07 13:00:00+00:00,135.3,135.42,132.9,133.04,5309.913
2026-09-07 14:00:00+00:00,133.05,133.42,132.0,132.88,6493.766
2026-09-07 15:00:00+00:00,132.87,133.0,130.27,130.6,8530.385
2026-09-07 16:00:00+00:00,130.6,132.44,130.58,131.93,3730.82
2026-09-07 17:00:00+00:00,131.94,132.6,131.71,132.41,1463.554
2026-09-07 18:00:00+00:00,132.41,132.52,131.5,131.94,1776.176
2026-09-07 19:00:00+00:00,131.94,132.57,131.66,132.47,739.811
2026-09-07 20:00:00+00:00,132.48,132.65,131.84,132.48,1761.516
2026-09-07 21:00:00+00:00,132.47,132.9,132.11,132.17,1463.132
2026-09-07 22:00:00+00:00,132.16,132.16,130.49,131.18,4061.976
2026-09-07 23:00:00+00:00,131.17,132.49,131.15,132.16,1684.931
2026-09-08 00:00:00+00:00,132.17,132.69,131.49,132.67,4774.431
2026-09-08 01:00:00+00:00,132.66,133.03,132.01,132.74,3074.14
2026-09-08 02:00:00+00:00,132.75,132.9,130.85,130.92,3128.416
2026-09-08 03:00:00+00:00,130.91,131.44,130.68,131.08,3588.408
2026-09-08 04:00:00+00:00,131.09,131.51,130.76,130.99,2452.4
2026-09-08 05:00:00+00:00,130.99,132.13,130.81,131.6,4084.889
2026-09-08 06:00:00+00:00,131.61,131.74,130.6,130.88,2912.689
2026-09-08 07:00:00+00:00,130.88,131.9,130.66,131.14,2181.087
2026-09-08 08:00:00+00:00,131.13,131.2,130.31,130.7,5024.467
2026-09-08 09:00:00+00:00,130.7,132.15,130.38,131.74,5051.438
2026-09-08 10:00:00+00:00,131.72,132.18,130.75,130.76,2913.554
2026-09-08 11:00:00+00:00,130.76,130.95,129.4,129.98,5408.124
2026-09-08 12:00:00+00:00,129.97,129.97,128.74,129.42,12602.607
2026-09-08 13:00:00+00:00,129.41,129.51,126.51,127.76,10808.63
2026-09-08 14:00:00+00:00,127.76,129.5,127.55,129.17,4764.652
2026-09-08 15:00:00+00:00,129.17,130.99,129.16,130.98,6719.438
2026-09-08 16:00:00+00:00,130.99,131.05,129.65,130.36,4491.382
2026-09-08 17:00:00+00:00,130.35,130.71,129.04,129.08,2407.413
2026-09-08 18:00:00+00:00,129.08,130.51,128.51,128.91,3280.059
2026-09-08 19:00:00+00:00,128.92,129.46,128.67,129.02,2936.502
2026-09-08 20:00:00+00:00,129.03,129.66,128.73,129.15,1905.517
2026-09-08 21:00:00+00:00,129.15,129.32,128.3,128.59,1425.788
2026-09-08 22:00:00+00:00,128.58,129.44,128.46,129.43,1780.527
2026-09-08 23:00:00+00:00,129.42,129.5,128.69,128.81,968.362
2026-09-09 00:00:00+00:00,128.82,129.53,128.58,129.38,1730.565
2026-09-09 01:00:00+00:00,129.35,129.5,128.81,129.33,2161.757
2026-09-09 02:00:00+00:00,129.34,129.52,128.78,128.79,2287.077
2026-09-09 03:00:00+00:00,128.8,128.81,127.88,128.27,3313.791
2026-09-09 04:00:00+00:00,128.26,130.19,128.26,130.18,3452.713
2026-09-09 05:00:00+00:00,130.19,130.24,128.76,129.09,2523.52
2026-09-09 06:00:00+00:00,129.1,130.18,128.86,129.77,1416.008
2026-09-09 07:00:00+00:00,129.77,130.46,129.56,129.83,2205.347
2026-09-09 08:00:00+00:00,129.84,131.19,129.72,131.02,4525.078
2026-09-09 09:00:00+00:00,131.01,131.05,128.34,128.49,5651.286
2026-09-09 10:00:00+00:00,128.5,129.2,128.18,129.0,1973.832
2026-09-09 11:00:00+00:00,129.01,129.84,128.37,129.44,2245.654
2026-09-09 12:00:00+00:00,129.47,129.69,128.98,129.31,2687.251
2026-09-09 13:00:00+00:00,129.32,130.65,129.11,129.41,3647.839
2026-09-09 14:00:00+00:00,129.41,130.54,128.99,129.8,3064.706
2026-09-09 15:00:00+00:00,129.81,130.68,127.18,128.87,8700.794
2026-09-09 16:00:00+00:00,128.87,129.99,128.49,129.56,2004.077
2026-09-09 17:00:00+00:00,129.55,129.78,128.87,129.06,1383.819
2026-09-09 18:00:00+00:00,129.05,129.16,128.07,128.07,1597.765
2026-09-09 19:00:00+00:00,128.06,128.27,125.89,126.09,6496.336
2026-09-09 20:00:00+00:00,126.09,126.41,125.19,126.1,5299.927
2026-09-09 21:00:00+00:00,126.09,126.12,124.92,125.45,4322.814
2026-09-09 22:00:00+00:00,125.45,125.6,124.16,124.18,7390.865
2026-09-09 23:00:00+00:00,124.17,125.85,124.17,125.81,3670.699
2026-09-10 00:00:00+00:00,125.82,125.89,123.82,124.25,8796.916
2026-09-10 01:00:00+00:00,124.25,125.09,123.68,124.22,6381.277
2026-09-10 02:00:00+00:00,124.22,125.48,124.05,125.44,2427.227
2026-09-10 03:00:00+00:00,125.43,125.95,124.84,125.56,3502.794
2026-09-10 04:00:00+00:00,125.55,125.79,124.96,125.25,1351.125
2026-09-10 05:00:00+00:00,125.26,125.46,124.77,125.39,1943.839
2026-09-10 06:00:00+00:00,125.41,125.44,124.27,124.88,1357.537
2026-09-10 07:00:00+00:00,124.87,124.87,123.46,124.15,4346.52
2026-09-10 08:00:00+00:00,124.15,124.6,123.95,124.46,2242.35
2026-09-10 09:00:00+00:00,124.46,124.68,123.65,123.72,1608.311
2026-09-10 10:00:00+00:00,123.72,124.0,122.89,122.96,5678.73
2026-09-10 11:00:00+00:00,122.96,123.52,122.62,122.9,4987.428
2026-09-10 12:00:00+00:00,122.89,123.37,120.88,121.65,10448.981
2026-09-10 13:00:00+00:00,121.68,122.68,120.88,122.42,7793.383
2026-09-10 14:00:00+00:00,122.43,122.83,121.55,122.46,5246.13
2026-09-10 15:00:00+00:00,122.45,122.5,121.68,122.24,2410.777
2026-09-10 16:00:00+00:00,122.24,122.46,120.29,122.14,6389.928
2026-09-10 17:00:00+00:00,122.13,123.48,121.93,122.91,4365.926
2026-09-10 18:00:00+00:00,122.93,123.22,122.18,123.02,2317.527
2026-09-10 19:00:00+00:00,123.02,123.59,122.58,122.93,2752.387
2026-09-10 20:00:00+00:00,122.94,123.4,122.85,122.92,645.854
2026-09-10 21:00:00+00:00,122.93,123.02,122.52,122.76,926.18
2026-09-10 22:00:00+00:00,122.77,123.14,121.81,121.92,1194.893
2026-09-10 23:00:00+00:00,121.93,122.05,120.52,120.64,2723.69
2026-09-11 00:00:00+00:00,120.65,122.07,120.59,122.07,3131.581
2026-09-11 01:00:00+00:00,122.06,122.52,121.43,122.08,2231.51
2026-09-11 02:00:00+00:00,122.08,122.16,121.35,121.57,2558.571
2026-09-11 03:00:00+00:00,121.57,122.06,121.19,121.99,1257.949
2026-09-11 04:00:00+00:00,121.99,122.98,121.91,122.74,2374.87
2026-09-11 05:00:00+00:00,122.75,123.52,122.74,123.5,2574.324
2026-09-11 06:00:00+00:00,123.5,123.62,123.11,123.21,1633.516
2026-09-11 07:00:00+00:00,123.25,123.42,122.67,122.86,1484.955
2026-09-11 08:00:00+00:00,122.87,123.48,122.53,122.95,1076.971
2026-09-11 09:00:00+00:00,122.95,122.98,121.77,122.4,2188.118
2026-09-11 10:00:00+00:00,122.42,122.77,121.9,121.9,2374.667
2026-09-11 11:00:00+00:00,121.91,122.38,121.17,122.19,1622.937
2026-09-11 12:00:00+00:00,122.18,125.7,121.19,125.05,11857.87
2026-09-11 13:00:00+00:00,125.04,129.42,123.88,129.12,13794.111
2026-09-11 14:00:00+00:00,129.12,130.22,127.43,128.14,14742.381
2026-09-11 15:00:00+00:00,128.15,129.24,125.06,125.81,10421.775
2026-09-11 16:00:00+00:00,125.8,127.06,125.02,126.53,6240.058
2026-09-11 17:00:00+00:00,126.53,126.79,125.06,125.35,4938.246
2026-09-11 18:00:00+00:00,125.35,125.49,123.4,123.74,5528.102
2026-09-11 19:00:00+00:00,123.75,124.64,123.38,124.47,2674.325
2026-09-11 20:00:00+00:00,124.48,125.3,124.15,124.68,3603.818
2026-09-11 21:00:00+00:00,124.67,126.05,124.28,124.34,2762.492
2026-09-11 22:00:00+00:00,124.35,124.75,123.67,123.93,2856.401
2026-09-11 23:00:00+00:00,123.93,125.12,123.85,125.08,1237.934
2026-09-12 00:00:00+00:00,125.09,125.36,124.77,125.15,1842.82
2026-09-12 01:00:00+00:00,125.14,125.35,124.51,125.28,2466.999
2026-09-12 02:00:00+00:00,125.29,125.53,125.1,125.36,1723.124
2026-09-12 03:00:00+00:00,125.33,125.73,125.11,125.71,2207.956
2026-09-12 04:00:00+00:00,125.72,125.85,124.89,125.09,1587.343
2026-09-12 05:00:00+00:00,125.09,125.55,124.92,125.22,1020.729
2026-09-12 06:00:00+00:00,125.23,125.86,125.02,125.67,1105.942
2026-09-12 07:00:00+00:00,125.67,126.55,125.66,126.29,2412.064
2026-09-12 08:00:00+00:00,126.3,126.75,125.85,126.3,2424.506
2026-09-12 09:00:00+00:00,126.29,126.91,126.12,126.46,1981.13
2026-09-12 10:00:00+00:00,126.46,127.0,126.45,126.85,1141.382
2026-09-12 11:00:00+00:00,126.84,127.99,126.6,127.48,2390.884
2026-09-12 12:00:00+00:00,127.53,127.91,126.29,126.87,3346.59
2026-09-12 13:00:00+00:00,126.87,126.95,125.78,125.94,3521.521
2026-09-12 14:00:00+00:00,125.94,126.1,125.53,125.7,2048.883
2026-09-12 15:00:00+00:00,125.7,126.28,125.63,126.1,2847.268
2026-09-12 16:00:00+00:00,126.1,126.39,125.76,125.96,1153.37
2026-09-12 17:00:00+00:00,125.95,126.58,125.69,126.51,1328.626
2026-09-12 18:00:00+00:00,126.5,126.7,126.18,126.63,1724.118
2026-09-12 19:00:00+00:00,126.64,126.64,125.75,126.11,1065.82
2026-09-12 20:00:00+00:00,126.11,126.55,125.94,125.94,884.637
2026-09-12 21:00:00+00:00,125.94,126.24,125.37,125.49,721.651
2026-09-12 22:00:00+00:00,125.49,125.84,125.17,125.25,1014.729
2026-09-12 23:00:00+00:00,125.25,125.61,125.13,125.56,463.276
2026-09-13 00:00:00+00:00,125.55,126.12,125.52,125.91,938.259
2026-09-13 01:00:00+00:00,125.91,126.5,125.73,126.43,1471.373
2026-09-13 02:00:00+00:00,126.42,127.31,126.26,126.95,2731.569
2026-09-13 03:00:00+00:00,126.95,127.76,126.91,127.39,3137.404
2026-09-13 04:00:00+00:00,127.39,127.61,126.82,127.22,2281.679
2026-09-13 05:00:00+00:00,127.23,128.17,127.14,127.52,2438.722
2026-09-13 06:00:00+00:00,127.53,127.78,126.27,126.57,1920.569
2026-09-13 07:00:00+00:00,126.57,126.92,126.36,126.55,1903.457
2026-09-13 08:00:00+00:00,126.54,126.73,123.94,124.59,4502.403
2026-09-13 09:00:00+00:00,124.58,124.97,123.6,124.63,2917.076
2026-09-13 10:00:00+00:00,124.62,124.87,124.0,124.22,1680.483
2026-09-13 11:00:00+00:00,124.23,124.6,123.82,124.11,2325.882
2026-09-13 12:00:00+00:00,124.1,125.79,123.8,125.65,4707.857
2026-09-13 13:00:00+00:00,125.64,127.21,125.33,126.94,4871.417
2026-09-13 14:00:00+00:00,126.94,127.8,126.45,126.72,3684.767
2026-09-13 15:00:00+00:00,126.73,126.8,125.57,125.58,2777.261
2026-09-13 16:00:00+00:00,125.58,126.69,125.57,126.6,1078.19
2026-09-13 17:00:00+00:00,126.6,127.49,126.52,127.0,2226.658
2026-09-13 18:00:00+00:00,127.01,127.35,126.9,126.95,1134.674
2026-09-13 19:00:00+00:00,126.96,127.4,126.06,126.21,1019.078
2026-09-13 20:00:00+00:00,126.22,126.91,126.22,126.9,694.701
2026-09-13 21:00:00+00:00,126.91,126.97,126.17,126.22,639.559
2026-09-13 22:00:00+00:00,126.21,126.21,123.91,124.51,5542.285
2026-09-13 23:00:00+00:00,124.51,125.09,124.29,124.35,2580.669
2026-09-14 00:00:00+00:00,124.36,125.27,123.96,125.16,3223.592
2026-09-14 01:00:00+00:00,125.15,125.43,124.23,125.34,2396.089
2026-09-14 02:00:00+00:00,125.34,126.68,125.11,126.21,3762.671
2026-09-14 03:00:00+00:00,126.22,126.44,125.67,125.97,4344.265
2026-09-14 04:00:00+00:00,125.97,126.89,125.84,126.24,3060.895
2026-09-14 05:00:00+00:00,126.24,126.29,125.59,125.96,1162.116
2026-09-14 06:00:00+00:00,125.96,126.74,125.64,125.83,1938.098
2026-09-14 07:00:00+00:00,125.83,126.58,125.65,126.37,1388.482
2026-09-14 08:00:00+00:00,126.38,126.9,125.96,126.3,3197.445
2026-09-14 09:00:00+00:00,126.32,127.6,125.77,127.16,3822.229
2026-09-14 10:00:00+00:00,127.16,127.59,126.8,127.04,2798.444
2026-09-14 11:00:00+00:00,127.04,127.15,126.13,126.37,3729.181
2026-09-14 12:00:00+00:00,126.37,126.67,125.26,125.53,2725.587
2026-09-14 13:00:00+00:00,125.52,126.84,124.85,125.78,4838.028
2026-09-14 14:00:00+00:00,125.79,126.68,125.62,125.75,3220.673
2026-09-14 15:00:00+00:00,125.74,126.7,125.35,126.4,2829.364
2026-09-14 16:00:00+00:00,126.39,127.49,126.13,126.99,3457.465
2026-09-14 17:00:00+00:00,127.0,127.68,126.9,127.66,2161.946
2026-09-14 18:00:00+00:00,127.67,129.59,127.46,129.43,6640.273
2026-09-14 19:00:00+00:00,129.42,131.8,128.68,131.13,9202.676
2026-09-14 20:00:00+00:00,131.14,133.67,131.14,131.29,10083.206
2026-09-14 21:00:00+00:00,131.3,131.37,129.17,129.54,5817.42
2026-09-14 22:00:00+00:00,129.54,129.91,128.55,128.82,2967.061
2026-09-14 23:00:00+00:00,128.82,128.96,128.06,128.24,2339.453
2026-09-15 00:00:00+00:00,128.23,128.53,127.8,128.37,2628.396
2026-09-15 01:00:00+00:00,128.36,128.75,127.9,128.48,2556.208
2026-09-15 02:00:00+00:00,128.47,128.63,127.52,127.97,2643.89
2026-09-15 03:00:00+00:00,127.96,127.96,126.8,127.11,2386.349
2026-09-15 04:00:00+00:00,127.1,127.74,126.85,127.55,2900.902
2026-09-15 05:00:00+00:00,127.55,128.24,126.82,127.88,2813.668
2026-09-15 06:00:00+00:00,127.87,128.18,126.56,126.85,2610.257
2026-09-15 07:00:00+00:00,126.85,127.54,126.35,126.46,3193.29
2026-09-15 08:00:00+00:00,126.45,127.37,126.12,127.34,2487.989
2026-09-15 09:00:00+00:00,127.33,127.83,126.95,127.61,1860.795
2026-09-15 10:00:00+00:00,127.6,127.95,126.98,127.74,2097.528
2026-09-15 11:00:00+00:00,127.75,128.18,126.56,127.26,2242.119
2026-09-15 12:00:00+00:00,127.25,128.67,127.24,128.03,4995.213
2026-09-15 13:00:00+00:00,128.05,129.28,126.62,127.6,6164.426
2026-09-15 14:00:00+00:00,127.6,127.8,123.24,124.45,14423.109
2026-09-15 15:00:00+00:00,124.45,126.12,124.35,125.14,4503.387
2026-09-15 16:00:00+00:00,125.14,125.29,124.2,124.89,3495.893
2026-09-15 17:00:00+00:00,124.89,127.32,124.5,126.62,7031.894
2026-09-15 18:00:00+00:00,126.61,126.98,121.2,124.71,15572.742
2026-09-15 19:00:00+00:00,124.72,125.32,123.15,123.97,7945.18
2026-09-15 20:00:00+00:00,123.98,124.18,122.18,122.71,6952.808
2026-09-15 21:00:00+00:00,122.7,122.72,120.91,121.02,5819.908
2026-09-15 22:00:00+00:00,121.02,122.44,120.55,122.21,3476.428
2026-09-15 23:00:00+00:00,122.22,123.51,121.73,122.22,2561.705
2026-09-16 00:00:00+00:00,122.22,122.9,121.9,122.51,2431.867
2026-09-16 01:00:00+00:00,122.5,122.75,120.45,120.5,3982.689
2026-09-16 02:00:00+00:00,120.52,121.75,120.23,121.38,3462.472
2026-09-16 03:00:00+00:00,121.39,121.59,119.89,120.45,3178.184
2026-09-16 04:00:00+00:00,120.46,121.61,120.44,121.16,3393.191
2026-09-16 05:00:00+00:00,121.16,121.52,120.53,121.06,3304.375
2026-09-16 06:00:00+00:00,121.07,121.27,119.97,120.68,3065.578
2026-09-16 07:00:00+00:00,120.68,120.92,119.24,119.45,3713.625
2026-09-16 08:00:00+00:00,119.45,119.49,118.19,118.58,4604.832
2026-09-16 09:00:00+00:00,118.58,119.82,118.56,119.67,2489.085
2026-09-16 10:00:00+00:00,119.67,119.99,119.5,119.77,1776.592
2026-09-16 11:00:00+00:00,119.77,121.03,119.23,120.2,6465.106
2026-09-16 12:00:00+00:00,120.19,120.66,118.93,119.19,2781.284
2026-09-16 13:00:00+00:00,119.18,119.18,116.9,117.13,8582.991
2026-09-16 14:00:00+00:00,117.13,117.22,115.8,116.38,5473.21
2026-09-16 15:00:00+00:00,116.37,117.01,115.97,116.01,2902.636
2026-09-16 16:00:00+00:00,116.01,116.38,115.15,115.44,8987.514
2026-09-16 17:00:00+00:00,115.43,115.63,113.19,114.25,16942.165
2026-09-16 18:00:00+00:00,114.25,118.31,113.66,116.14,16063.0
2026-09-16 19:00:00+00:00,116.15,117.45,114.81,116.64,6412.939
2026-09-16 20:00:00+00:00,116.64,117.63,116.36,117.48,4704.028
2026-09-16 21:00:00+00:00,117.49,117.78,116.59,117.53,1978.121
2026-09-16 22:00:00+00:00,117.54,117.66,116.37,117.16,2639.323
2026-09-16 23:00:00+00:00,117.16,120.55,116.96,119.57,6623.513
2026-09-17 00:00:00+00:00,119.56,121.27,119.35,120.4,7013.538
2026-09-17 01:00:00+00:00,120.41,122.17,119.81,120.98,6474.027
2026-09-17 02:00:00+00:00,120.99,121.39,119.95,120.92,4431.677
2026-09-17 03:00:00+00:00,120.91,121.99,120.89,121.71,2740.851
2026-09-17 04:00:00+00:00,121.7,122.48,120.65,122.31,4116.057
2026-09-17 05:00:00+00:00,122.31,123.04,122.02,122.08,3081.477
2026-09-17 06:00:00+00:00,122.07,122.89,121.9,122.8,1991.348
2026-09-17 07:00:00+00:00,122.8,123.97,122.8,123.43,3877.997
2026-09-17 08:00:00+00:00,123.42,124.02,122.96,123.62,1958.443
2026-09-17 09:00:00+00:00,123.61,123.68,122.0,122.21,4696.105
2026-09-17 10:00:00+00:00,122.21,122.46,121.7,122.44,2532.885
2026-09-17 11:00:00+00:00,122.44,123.33,122.2,123.21,2917.435
2026-09-17 12:00:00+00:00,123.19,124.36,123.03,123.89,6106.495
2026-09-17 13:00:00+00:00,123.89,125.12,123.46,125.08,4946.902
2026-09-17 14:00:00+00:00,125.09,127.4,124.44,125.4,9093.791
2026-09-17 15:00:00+00:00,125.39,126.34,124.28,126.16,5156.303
2026-09-17 16:00:00+00:00,126.16,127.48,125.69,127.44,5337.73
2026-09-17 17:00:00+00:00,127.45,129.49,127.2,128.74,10138.393
2026-09-17 18:00:00+00:00,128.74,129.1,126.31,126.38,6872.675
2026-09-17 19:00:00+00:00,126.38,128.35,126.27,127.93,4551.162
2026-09-17 20:00:00+00:00,127.93,129.92,127.79,128.75,4908.643
2026-09-17 21:00:00+00:00,128.76,128.96,127.35,127.36,4028.423
2026-09-17 22:00:00+00:00,127.35,128.57,127.14,128.25,4689.06
2026-09-17 23:00:00+00:00,128.25,128.98,128.15,128.61,4018.42
2026-09-18 00:00:00+00:00,128.61,128.86,127.37,128.75,5216.975
2026-09-18 01:00:00+00:00,128.76,131.33,128.57,130.99,8538.554
2026-09-18 02:00:00+00:00,130.99,131.49,130.24,130.64,5715.334
2026-09-18 03:00:00+00:00,130.65,135.12,130.58,134.81,20083.192
2026-09-18 04:00:00+00:00,134.81,135.19,133.13,134.11,10844.138
2026-09-18 05:00:00+00:00,134.1,134.52,132.5,133.35,8907.262
2026-09-18 06:00:00+00:00,133.36,135.02,133.25,135.0,7177.204
2026-09-18 07:00:00+00:00,135.01,135.33,134.14,134.23,6215.992
2026-09-18 08:00:00+00:00,134.23,135.56,133.82,135.25,6906.884
2026-09-18 09:00:00+00:00,135.24,135.57,134.27,135.43,5887.224
2026-09-18 10:00:00+00:00,135.42,136.93,135.13,135.26,6566.853
2026-09-18 11:00:00+00:00,135.25,135.5,133.3,134.87,10389.612
2026-09-18 12:00:00+00:00,134.87,138.0,134.73,137.5,7966.161
2026-09-18 13:00:00+00:00,137.51,142.04,136.83,138.97,22430.298
2026-09-18 14:00:00+00:00,138.97,139.61,136.97,138.23,19138.74
2026-09-18 15:00:00+00:00,138.22,138.73,136.93,138.13,6942.413
2026-09-18 16:00:00+00:00,138.13,139.55,137.39,137.9,7880.397
2026-09-18 17:00:00+00:00,137.89,138.79,137.44,138.38,3368.955
2026-09-18 18:00:00+00:00,138.37,138.85,137.69,137.82,2861.431
2026-09-18 19:00:00+00:00,137.82,139.18,137.72,138.69,3109.974
2026-09-18 20:00:00+00:00,138.69,140.71,138.4,140.16,6517.459
2026-09-18 21:00:00+00:00,140.15,140.31,138.15,138.67,3701.419
2026-09-18 22:00:00+00:00,138.67,139.09,137.45,138.37,4773.305
2026-09-18 23:00:00+00:00,138.38,139.8,138.38,139.52,3940.577
2026-09-19 00:00:00+00:00,139.52,144.15,139.5,143.03,19765.599
2026-09-19 01:00:00+00:00,143.04,143.12,139.71,142.16,9463.016
2026-09-19 02:00:00+00:00,142.16,144.57,141.99,144.22,8933.077
2026-09-19 03:00:00+00:00,144.22,146.88,142.63,142.94,12500.642
2026-09-19 04:00:00+00:00,142.94,144.37,141.37,142.68,7134.519
2026-09-19 05:00:00+00:00,142.67,144.73,141.95,142.35,7824.399
2026-09-19 06:00:00+00:00,142.35,144.16,141.68,142.98,4079.443
2026-09-19 07:00:00+00:00,142.97,143.52,142.23,142.26,2161.592
2026-09-19 08:00:00+00:00,142.27,145.95,142.06,145.25,6496.199
2026-09-19 09:00:00+00:00,145.26,147.0,144.21,144.79,5191.561
2026-09-19 10:00:00+00:00,144.79,145.06,143.47,143.53,5312.926
2026-09-19 11:00:00+00:00,143.54,144.16,142.79,142.82,4398.151
2026-09-19 12:00:00+00:00,142.81,143.36,142.28,142.57,4411.328
2026-09-19 13:00:00+00:00,142.56,142.97,141.87,142.52,4975.619
2026-09-19 14:00:00+00:00,142.51,143.66,142.43,143.14,3339.217
2026-09-19 15:00:00+00:00,143.13,143.9,141.96,142.55,4538.912
2026-09-19 16:00:00+00:00,142.54,143.55,141.28,143.46,4191.735
2026-09-19 17:00:00+00:00,143.44,144.22,141.95,142.63,3716.437
2026-09-19 18:00:00+00:00,142.62,143.1,141.81,142.4,3290.786
2026-09-19 19:00:00+00:00,142.39,143.02,141.84,142.48,2217.817
2026-09-19 20:00:00+00:00,142.53,142.86,141.42,141.73,1858.961
2026-09-19 21:00:00+00:00,141.73,141.99,139.8,140.47,4679.936
2026-09-19 22:00:00+00:00,140.44,141.46,139.32,141.33,4579.198
2026-09-19 23:00:00+00:00,141.32,142.15,140.97,141.07,3739.019
2026-09-20 00:00:00+00:00,141.07,141.14,140.2,140.36,4305.484
2026-09-20 01:00:00+00:00,140.35,141.5,139.47,140.58,4341.275
2026-09-20 02:00:00+00:00,140.58,141.86,137.32,137.55,12788.701
2026-09-20 03:00:00+00:00,137.55,138.5,135.8,137.53,13718.858
2026-09-20 04:00:00+00:00,137.52,138.16,136.72,137.73,2192.48
2026-09-20 05:00:00+00:00,137.73,138.38,137.18,138.01,2051.868
2026-09-20 06:00:00+00:00,138.0,138.13,136.61,136.96,2253.271
2026-09-20 07:00:00+00:00,136.96,137.4,136.56,136.68,2225.213
2026-09-20 08:00:00+00:00,136.69,137.36,135.68,136.0,7126.157
2026-09-20 09:00:00+00:00,135.99,137.21,135.96,136.1,1828.944
2026-09-20 10:00:00+00:00,136.11,136.26,135.18,135.54,2160.119
2026-09-20 11:00:00+00:00,135.53,136.12,134.79,135.82,3309.226
2026-09-20 12:00:00+00:00,135.81,135.95,134.19,134.73,4152.43
2026-09-20 13:00:00+00:00,134.72,134.84,133.59,133.76,4163.008
2026-09-20 14:00:00+00:00,133.77,135.03,133.25,134.41,5773.959
2026-09-20 15:00:00+00:00,134.41,136.16,134.41,136.03,5942.5
2026-09-20 16:00:00+00:00,136.03,138.03,135.61,137.53,9516.61
2026-09-20 17:00:00+00:00,137.53,137.53,135.31,135.54,12006.802
2026-09-20 18:00:00+00:00,135.56,136.43,134.95,135.72,5085.178
2026-09-20 19:00:00+00:00,135.71,137.69,135.67,137.19,3234.576
2026-09-20 20:00:00+00:00,137.2,137.68,136.51,136.84,3433.752
2026-09-20 21:00:00+00:00,136.84,137.07,135.31,137.07,2757.09
2026-09-20 22:00:00+00:00,137.07,138.55,136.54,137.82,4746.453
2026-09-20 23:00:00+00:00,137.82,138.45,137.26,137.59,3423.937
2026-09-21 00:00:00+00:00,137.58,141.4,137.33,139.36,14043.398
2026-09-21 01:00:00+00:00,139.36,140.79,136.66,136.98,9921.47
2026-09-21 02:00:00+00:00,136.99,138.68,136.57,138.23,4958.8
2026-09-21 03:00:00+00:00,138.23,139.48,138.08,139.06,3134.578
2026-09-21 04:00:00+00:00,139.06,139.41,138.1,138.46,2740.69
2026-09-21 05:00:00+00:00,138.47,138.97,137.68,137.89,2705.937
2026-09-21 06:00:00+00:00,137.9,140.67,137.45,139.15,12080.187
2026-09-21 07:00:00+00:00,139.13,139.61,137.9,138.72,2626.301
2026-09-21 08:00:00+00:00,138.71,142.59,138.59,141.85,13132.338
2026-09-21 09:00:00+00:00,141.85,149.36,141.52,145.67,30827.829
2026-09-21 10:00:00+00:00,145.66,147.27,145.17,147.04,9354.679
2026-09-21 11:00:00+00:00,147.03,147.63,145.37,146.03,6898.905
2026-09-21 12:00:00+00:00,146.04,148.19,145.76,147.85,6588.551
2026-09-21 13:00:00+00:00,147.86,148.26,144.34,145.83,9716.052
2026-09-21 14:00:00+00:00,145.83,146.3,143.78,145.13,7588.797
2026-09-21 15:00:00+00:00,145.13,146.2,142.92,143.07,16759.464
2026-09-21 16:00:00+00:00,143.07,144.3,141.92,143.75,11716.28
2026-09-21 17:00:00+00:00,143.74,144.03,142.08,142.56,4840.796
2026-09-21 18:00:00+00:00,142.57,144.65,142.25,144.48,5789.722
2026-09-21 19:00:00+00:00,144.47,145.44,143.55,145.44,4333.725
2026-09-21 20:00:00+00:00,145.43,148.58,145.43,146.04,7565.318
2026-09-21 21:00:00+00:00,146.03,146.03,143.2,143.62,6156.493
2026-09-21 22:00:00+00:00,143.63,146.0,143.54,145.95,4121.738
2026-09-21 23:00:00+00:00,145.97,146.64,145.32,145.9,6416.15
2026-09-22 00:00:00+00:00,145.89,146.82,144.63,144.98,9189.868
2026-09-22 01:00:00+00:00,144.98,145.2,142.87,144.56,7421.408
2026-09-22 02:00:00+00:00,144.55,144.7,142.52,142.89,4566.472
2026-09-22 03:00:00+00:00,142.88,143.51,141.35,143.4,6883.709
2026-09-22 04:00:00+00:00,143.4,144.15,142.18,142.65,4600.579
2026-09-22 05:00:00+00:00,142.65,144.16,141.8,143.57,4426.701
2026-09-22 06:00:00+00:00,143.57,143.79,141.74,141.84,2721.651
2026-09-22 07:00:00+00:00,141.84,142.41,140.77,141.57,4322.336
2026-09-22 08:00:00+00:00,141.58,143.24,140.4,142.78,4211.113
2026-09-22 09:00:00+00:00,142.77,142.77,140.8,141.99,4647.713
2026-09-22 10:00:00+00:00,141.99,142.02,140.49,140.81,3479.041
2026-09-22 11:00:00+00:00,140.81,141.79,139.75,141.28,5398.005
2026-09-22 12:00:00+00:00,141.3,144.37,140.94,144.33,8366.833
2026-09-22 13:00:00+00:00,144.31,145.11,142.99,144.97,10036.763
2026-09-22 14:00:00+00:00,144.95,144.95,140.73,142.65,9194.228
2026-09-22 15:00:00+00:00,142.64,144.49,142.54,143.2,7396.544
2026-09-22 16:00:00+00:00,143.2,143.71,142.01,143.07,3910.477
2026-09-22 17:00:00+00:00,143.07,144.64,142.95,144.22,5224.121
2026-09-22 18:00:00+00:00,144.23,145.23,143.78,143.79,6775.731
2026-09-22 19:00:00+00:00,143.78,145.29,143.69,144.32,4309.803
2026-09-22 20:00:00+00:00,144.32,144.95,143.71,144.66,4055.105
2026-09-22 21:00:00+00:00,144.67,145.12,144.08,144.89,2774.309
2026-09-22 22:00:00+00:00,144.88,147.56,143.74,146.41,6561.811
2026-09-22 23:00:00+00:00,146.43,148.98,146.3,148.06,10506.777
2026-09-23 00:00:00+00:00,148.04,149.86,147.53,147.95,12146.574
2026-09-23 01:00:00+00:00,147.95,149.96,147.06,147.76,6235.925
2026-09-23 02:00:00+00:00,147.76,148.44,146.47,148.3,5735.826
2026-09-23 03:00:00+00:00,148.29,155.0,148.22,152.46,27324.027
2026-09-23 04:00:00+00:00,152.46,152.57,149.93,150.15,10147.629
2026-09-23 05:00:00+00:00,150.15,151.62,148.96,149.98,7563.975
2026-09-23 06:00:00+00:00,149.97,155.48,149.91,153.91,25611.463
2026-09-23 07:00:00+00:00,153.91,153.91,149.43,149.82,12792.743
2026-09-23 08:00:00+00:00,149.81,151.91,148.48,149.02,7303.745
2026-09-23 09:00:00+00:00,149.0,150.35,148.5,149.78,5640.871
2026-09-23 10:00:00+00:00,149.77,150.33,147.58,149.97,6972.316
2026-09-23 11:00:00+00:00,149.98,150.23,146.65,148.18,8673.805
2026-09-23 12:00:00+00:00,148.17,148.37,146.12,147.03,6515.028
2026-09-23 13:00:00+00:00,147.02,147.06,145.28,146.13,10403.857
2026-09-23 14:00:00+00:00,146.13,147.12,139.32,141.75,35981.714
2026-09-23 15:00:00+00:00,141.74,142.62,138.21,138.91,11508.535
2026-09-23 16:00:00+00:00,138.89,140.36,137.27,139.9,11942.811
2026-09-23 17:00:00+00:00,139.89,140.32,138.04,139.52,4745.709
2026-09-23 18:00:00+00:00,139.53,139.59,138.54,138.99,3574.179
2026-09-23 19:00:00+00:00,138.99,139.52,138.36,139.1,3217.695
2026-09-23 20:00:00+00:00,139.11,139.32,138.06,138.43,3865.189
2026-09-23 21:00:00+00:00,138.44,139.04,137.76,138.35,3421.9
2026-09-23 22:00:00+00:00,138.35,139.48,138.08,139.01,2470.858
2026-09-23 23:00:00+00:00,139.01,139.52,138.38,138.98,2861.153
2026-09-24 00:00:00+00:00,138.97,139.3,137.69,137.76,3692.989
2026-09-24 01:00:00+00:00,137.76,138.54,136.64,137.36,4892.731
2026-09-24 02:00:00+00:00,137.35,139.6,136.53,139.21,3934.046
2026-09-24 03:00:00+00:00,139.22,139.81,137.84,138.09,2301.123
2026-09-24 04:00:00+00:00,138.1,139.44,137.45,139.39,2313.335
2026-09-24 05:00:00+00:00,139.39,140.75,138.97,139.1,3758.264
2026-09-24 06:00:00+00:00,139.1,140.53,138.7,139.7,4119.9
2026-09-24 07:00:00+00:00,139.69,140.54,139.0,140.17,2987.962
2026-09-24 08:00:00+00:00,140.17,140.55,136.67,137.88,5489.173
2026-09-24 09:00:00+00:00,137.89,138.19,134.93,136.26,7478.268
2026-09-24 10:00:00+00:00,136.25,137.4,135.61,137.18,5453.759
2026-09-24 11:00:00+00:00,137.18,138.21,136.58,136.96,14893.435
2026-09-24 12:00:00+00:00,136.95,137.87,136.26,137.4,17215.588
2026-09-24 13:00:00+00:00,137.39,142.02,137.39,141.97,13727.981
2026-09-24 14:00:00+00:00,141.96,145.22,140.32,142.02,16170.38
2026-09-24 15:00:00+00:00,142.02,144.51,141.38,143.75,7047.102
2026-09-24 16:00:00+00:00,143.75,146.0,143.02,144.93,5970.077
2026-09-24 17:00:00+00:00,144.94,145.2,143.07,143.65,2574.484
2026-09-24 18:00:00+00:00,143.65,145.67,142.87,145.27,3248.732
2026-09-24 19:00:00+00:00,145.26,147.55,144.63,146.92,7273.559
2026-09-24 20:00:00+00:00,146.9,146.9,145.0,145.22,2413.444
2026-09-24 21:00:00+00:00,145.23,146.0,144.82,144.99,2127.246
2026-09-24 22:00:00+00:00,144.98,145.77,143.44,145.22,8535.699
2026-09-24 23:00:00+00:00,145.22,147.82,145.21,146.93,5244.292
2026-09-25 00:00:00+00:00,146.93,147.93,145.99,146.4,3126.795
2026-09-25 01:00:00+00:00,146.41,147.93,145.46,145.7,3031.202
2026-09-25 02:00:00+00:00,145.71,147.53,144.59,144.96,5656.729
2026-09-25 03:00:00+00:00,144.96,145.75,144.65,145.61,2714.214
2026-09-25 04:00:00+00:00,145.62,146.58,145.01,145.6,2195.463
2026-09-25 05:00:00+00:00,145.59,145.88,144.44,145.25,5684.477
2026-09-25 06:00:00+00:00,145.25,145.73,143.36,143.54,6828.525
2026-09-25 07:00:00+00:00,143.54,144.41,142.88,143.77,4888.402
2026-09-25 08:00:00+00:00,143.77,145.82,143.69,145.62,3273.126
2026-09-25 09:00:00+00:00,145.62,146.39,144.25,146.01,8136.98
2026-09-25 10:00:00+00:00,146.01,146.3,145.32,145.92,3458.475
2026-09-25 11:00:00+00:00,145.92,149.74,145.81,148.2,17127.979
2026-09-25 12:00:00+00:00,148.22,149.55,145.87,148.62,7897.783
2026-09-25 13:00:00+00:00,148.61,150.14,146.82,148.21,9143.934
2026-09-25 14:00:00+00:00,148.22,149.9,144.52,149.29,12592.692
2026-09-25 15:00:00+00:00,149.28,150.14,147.24,149.35,10640.396
2026-09-25 16:00:00+00:00,149.36,155.14,149.02,153.05,42588.263
2026-09-25 17:00:00+00:00,153.07,155.13,151.9,153.22,14781.445
2026-09-25 18:00:00+00:00,153.23,156.13,153.0,155.45,12549.002
2026-09-25 19:00:00+00:00,155.44,155.49,153.54,153.58,6806.87
2026-09-25 20:00:00+00:00,153.58,154.04,151.74,151.97,5178.96
2026-09-25 21:00:00+00:00,151.97,152.4,150.46,151.15,5393.927
2026-09-25 22:00:00+00:00,151.18,153.58,151.14,153.04,4674.438
2026-09-25 23:00:00+00:00,153.04,153.98,153.01,153.62,3901.263
2026-09-26 00:00:00+00:00,153.59,156.13,153.13,155.61,5623.471
2026-09-26 01:00:00+00:00,155.62,156.71,154.29,154.75,7280.18
2026-09-26 02:00:00+00:00,154.75,155.47,153.94,154.59,3038.125
2026-09-26 03:00:00+00:00,154.58,154.78,153.51,154.59,2653.443
2026-09-26 04:00:00+00:00,154.58,155.62,153.72,154.52,7455.698
2026-09-26 05:00:00+00:00,154.51,154.59,153.69,153.79,3669.853
2026-09-26 06:00:00+00:00,153.78,154.5,152.92,153.89,2389.434
2026-09-26 07:00:00+00:00,153.87,154.85,153.86,154.16,2328.476
2026-09-26 08:00:00+00:00,154.16,155.82,153.87,154.32,5353.972
2026-09-26 09:00:00+00:00,154.33,154.97,151.96,152.31,13124.117
2026-09-26 10:00:00+00:00,152.3,154.84,152.2,154.65,4770.342
2026-09-26 11:00:00+00:00,154.66,155.13,154.01,154.34,2659.093
2026-09-26 12:00:00+00:00,154.33,154.96,153.38,154.03,2377.396
2026-09-26 13:00:00+00:00,154.03,155.64,153.99,155.0,7049.619
2026-09-26 14:00:00+00:00,155.0,155.53,154.15,155.35,4132.071
2026-09-26 15:00:00+00:00,155.38,155.49,154.51,155.03,4214.048
2026-09-26 16:00:00+00:00,155.02,156.0,154.23,155.17,10575.124
2026-09-26 17:00:00+00:00,155.17,155.77,154.38,155.22,3659.47
2026-09-26 18:00:00+00:00,155.21,155.97,153.9,154.05,3033.093
2026-09-26 19:00:00+00:00,154.05,155.2,154.05,154.68,3090.666
2026-09-26 20:00:00+00:00,154.68,154.88,152.59,153.46,5867.282
2026-09-26 21:00:00+00:00,153.46,155.33,153.33,155.02,2955.301
2026-09-26 22:00:00+00:00,155.03,155.68,154.15,154.25,2583.415
2026-09-26 23:00:00+00:00,154.24,156.01,154.2,155.64,2946.007
2026-09-27 00:00:00+00:00,155.63,155.93,154.37,155.16,3120.015
2026-09-27 01:00:00+00:00,155.15,156.43,154.58,155.44,4590.216
2026-09-27 02:00:00+00:00,155.44,156.5,154.95,155.16,4343.554
2026-09-27 03:00:00+00:00,155.16,155.85,154.72,154.9,3425.282
2026-09-27 04:00:00+00:00,154.89,155.93,154.03,154.79,4885.165
2026-09-27 05:00:00+00:00,154.78,156.9,154.63,156.56,6852.095
2026-09-27 06:00:00+00:00,156.56,157.39,155.58,155.58,9282.401
2026-09-27 07:00:00+00:00,155.59,157.42,155.04,157.31,7341.099
2026-09-27 08:00:00+00:00,157.3,157.37,155.89,155.91,2830.027
2026-09-27 09:00:00+00:00,155.9,156.44,155.0,155.95,3654.347
2026-09-27 10:00:00+00:00,155.95,156.27,155.42,155.67,2226.387
2026-09-27 11:00:00+00:00,155.67,156.59,155.36,156.22,1778.52
2026-09-27 12:00:00+00:00,156.22,157.03,154.9,155.0,3536.632
2026-09-27 13:00:00+00:00,155.0,155.31,153.56,154.92,7392.829
2026-09-27 14:00:00+00:00,154.93,155.16,153.0,153.13,7074.945
2026-09-27 15:00:00+00:00,153.14,153.74,151.72,153.56,6064.205
2026-09-27 16:00:00+00:00,153.56,155.07,153.45,154.4,3762.253
2026-09-27 17:00:00+00:00,154.4,155.49,154.12,155.17,2160.414
2026-09-27 18:00:00+00:00,155.18,156.06,154.7,155.93,2651.295
2026-09-27 19:00:00+00:00,155.93,156.04,154.49,154.57,2389.849
2026-09-27 20:00:00+00:00,154.59,155.52,154.18,154.43,1313.173
2026-09-27 21:00:00+00:00,154.44,155.29,153.53,154.61,1884.434
2026-09-27 22:00:00+00:00,154.61,155.1,152.91,154.14,3526.954
2026-09-27 23:00:00+00:00,154.15,155.5,153.74,154.58,4256.306
2026-09-28 00:00:00+00:00,154.58,156.35,153.57,153.67,4857.165
2026-09-28 01:00:00+00:00,153.66,154.51,151.88,152.31,8366.278
2026-09-28 02:00:00+00:00,152.3,153.65,150.66,151.24,12089.396
2026-09-28 03:00:00+00:00,151.25,151.75,149.86,150.23,5927.487
2026-09-28 04:00:00+00:00,150.23,150.82,149.36,150.38,7642.249
2026-09-28 05:00:00+00:00,150.37,150.8,148.3,150.2,7515.813
2026-09-28 06:00:00+00:00,150.19,150.77,148.64,149.05,7956.694
2026-09-28 07:00:00+00:00,149.04,149.7,146.9,147.0,4964.783
2026-09-28 08:00:00+00:00,147.01,148.87,146.92,147.9,5335.085
2026-09-28 09:00:00+00:00,147.87,148.37,146.38,146.65,6600.872
2026-09-28 10:00:00+00:00,146.66,148.52,146.66,147.86,3373.113
2026-09-28 11:00:00+00:00,147.86,148.55,147.63,148.0,2799.247
2026-09-28 12:00:00+00:00,147.99,150.83,147.63,150.53,9457.77
2026-09-28 13:00:00+00:00,150.53,151.06,149.3,149.5,5328.433
2026-09-28 14:00:00+00:00,149.49,149.49,144.01,145.32,15912.337
2026-09-28 15:00:00+00:00,145.33,146.45,144.09,145.92,8459.221
2026-09-28 16:00:00+00:00,145.91,149.12,145.24,147.61,9238.838
2026-09-28 17:00:00+00:00,147.61,150.21,146.57,148.32,7534.529
2026-09-28 18:00:00+00:00,148.31,149.9,148.03,149.22,4201.418
2026-09-28 19:00:00+00:00,149.22,149.28,146.12,146.78,3427.06
2026-09-28 20:00:00+00:00,146.75,148.31,146.04,147.85,2679.78
2026-09-28 21:00:00+00:00,147.86,148.45,145.93,145.96,1979.986
2026-09-28 22:00:00+00:00,145.97,147.77,145.29,147.53,2269.175
2026-09-28 23:00:00+00:00,147.53,149.56,147.49,149.47,1914.388
2026-09-29 00:00:00+00:00,149.48,149.98,147.87,148.27,3204.997
2026-09-29 01:00:00+00:00,148.27,149.84,146.53,147.96,6522.693
2026-09-29 02:00:00+00:00,147.97,148.38,146.09,146.77,3856.627
2026-09-29 03:00:00+00:00,146.76,149.11,146.38,147.58,3597.133
2026-09-29 04:00:00+00:00,147.59,149.71,146.9,149.58,5332.638
2026-09-29 05:00:00+00:00,149.58,154.59,148.93,154.16,15408.674
2026-09-29 06:00:00+00:00,154.17,157.65,153.94,156.29,24900.179
2026-09-29 07:00:00+00:00,156.29,166.3,155.6,163.83,65013.315
2026-09-29 08:00:00+00:00,163.83,168.1,163.56,167.63,36646.25
2026-09-29 09:00:00+00:00,167.63,168.64,165.19,165.76,21388.333
2026-09-29 10:00:00+00:00,165.75,169.1,165.48,168.53,15082.011
2026-09-29 11:00:00+00:00,168.52,173.44,166.21,171.32,26708.078
2026-09-29 12:00:00+00:00,171.31,174.52,170.88,173.85,49439.855
2026-09-29 13:00:00+00:00,173.86,175.76,172.19,173.4,21328.535
2026-09-29 14:00:00+00:00,173.39,176.28,172.39,174.42,28870.095
2026-09-29 15:00:00+00:00,174.47,174.61,168.9,170.03,45120.852
2026-09-29 16:00:00+00:00,170.02,170.69,167.71,168.03,19557.528
2026-09-29 17:00:00+00:00,168.02,168.44,164.93,166.3,13453.45
2026-09-29 18:00:00+00:00,166.3,168.36,164.49,165.55,18618.272
2026-09-29 19:00:00+00:00,165.54,166.76,164.65,165.58,8109.338
2026-09-29 20:00:00+00:00,165.58,166.8,164.99,166.12,3208.722
2026-09-29 21:00:00+00:00,166.12,167.05,165.5,166.77,4436.48
2026-09-29 22:00:00+00:00,166.76,167.4,165.92,166.12,4051.617
2026-09-29 23:00:00+00:00,166.12,167.02,164.81,165.28,6544.812
2026-09-30 00:00:00+00:00,165.29,166.21,161.33,162.24,23326.596
2026-09-30 01:00:00+00:00,162.24,163.12,159.51,160.82,25692.03
2026-09-30 02:00:00+00:00,160.81,161.56,159.29,160.37,10265.197
2026-09-30 03:00:00+00:00,160.37,160.69,159.1,159.65,12448.336
2026-09-30 04:00:00+00:00,159.64,161.4,159.58,160.91,11018.554
2026-09-30 05:00:00+00:00,160.91,163.11,160.74,162.98,14934.07
2026-09-30 06:00:00+00:00,162.98,163.41,158.85,159.58,15223.78
2026-09-30 07:00:00+00:00,159.58,160.24,158.61,159.31,9955.441
2026-09-30 08:00:00+00:00,159.3,160.94,158.58,160.32,8053.602
2026-09-30 09:00:00+00:00,160.31,161.88,160.25,160.75,4113.894
2026-09-30 10:00:00+00:00,160.77,161.82,160.05,160.19,5707.082
2026-09-30 11:00:00+00:00,160.19,162.22,159.6,161.98,6712.412
2026-09-30 12:00:00+00:00,161.98,166.73,160.65,164.11,30806.521
2026-09-30 13:00:00+00:00,164.12,165.28,160.79,162.31,21890.721
2026-09-30 14:00:00+00:00,162.32,162.96,158.23,159.4,21599.731
2026-09-30 15:00:00+00:00,159.42,160.53,157.71,160.04,9648.164
2026-09-30 16:00:00+00:00,160.03,161.8,159.77,161.42,3870.01
2026-09-30 17:00:00+00:00,161.43,162.04,159.41,159.74,3789.487
2026-09-30 18:00:00+00:00,159.76,159.96,158.04,158.83,3232.834
2026-09-30 19:00:00+00:00,158.84,159.0,157.59,158.14,3953.865
2026-09-30 20:00:00+00:00,158.15,159.4,157.84,158.91,1816.413
2026-09-30 21:00:00+00:00,158.92,159.2,158.32,158.77,1332.292
2026-09-30 22:00:00+00:00,158.79,160.04,158.22,159.49,1345.126
2026-09-30 23:00:00+00:00,159.5,160.24,159.28,159.49,2028.059
2026-10-01 00:00:00+00:00,159.49,160.0,158.5,159.44,2358.976
2026-10-01 01:00:00+00:00,159.42,162.03,159.4,161.31,6066.554
2026-10-01 02:00:00+00:00,161.28,163.21,160.55,162.81,10913.884
2026-10-01 03:00:00+00:00,162.82,166.68,162.8,165.95,13235.343
2026-10-01 04:00:00+00:00,165.92,168.47,165.31,165.79,11507.445
2026-10-01 05:00:00+00:00,165.81,168.18,165.53,167.77,5423.67
2026-10-01 06:00:00+00:00,167.77,168.89,167.35,168.04,6066.961
2026-10-01 07:00:00+00:00,168.06,168.77,163.98,164.78,11290.283
2026-10-01 08:00:00+00:00,164.78,166.53,163.9,165.65,7751.918
2026-10-01 09:00:00+00:00,165.65,165.97,164.13,164.65,7859.959
2026-10-01 10:00:00+00:00,164.64,165.65,163.0,165.07,7433.778
2026-10-01 11:00:00+00:00,165.03,166.6,164.02,166.04,5056.549
2026-10-01 12:00:00+00:00,166.05,166.41,162.79,163.11,6747.127
2026-10-01 13:00:00+00:00,163.11,166.32,162.39,166.05,14424.588
2026-10-01 14:00:00+00:00,166.06,171.49,164.98,166.29,38306.368
2026-10-01 15:00:00+00:00,166.3,168.82,165.13,168.32,13955.544
2026-10-01 16:00:00+00:00,168.35,168.94,165.62,166.4,8935.593
2026-10-01 17:00:00+00:00,166.42,171.52,164.33,170.96,15051.094
2026-10-01 18:00:00+00:00,170.94,171.07,166.8,167.89,9701.347
2026-10-01 19:00:00+00:00,167.92,169.49,166.66,169.43,4044.38
2026-10-01 20:00:00+00:00,169.43,171.47,169.36,169.97,5701.382
2026-10-01 21:00:00+00:00,169.96,170.72,169.06,169.65,4083.887
2026-10-01 22:00:00+00:00,169.64,172.24,169.59,172.12,10960.663
2026-10-01 23:00:00+00:00,172.13,173.41,171.2,171.44,8152.716
2026-10-02 00:00:00+00:00,171.44,174.96,170.77,172.8,12701.483
2026-10-02 01:00:00+00:00,172.81,178.11,171.55,176.21,26125.115
2026-10-02 02:00:00+00:00,176.22,176.39,174.5,175.05,6621.21
2026-10-02 03:00:00+00:00,175.05,176.32,173.7,175.62,7739.22
