time,open,high,low,close,volume
2026-06-04 04:00:00+00:00,0.1999,0.2012,0.1988,0.199,11089259.0
2026-06-04 05:00:00+00:00,0.1989,0.199,0.1956,0.1967,11515495.9
2026-06-04 06:00:00+00:00,0.1966,0.1997,0.1963,0.1978,7967064.9
2026-06-04 07:00:00+00:00,0.1978,0.198,0.1947,0.1948,6050758.3
2026-06-04 08:00:00+00:00,0.1949,0.1957,0.1928,0.1936,7308750.8
2026-06-04 09:00:00+00:00,0.1936,0.1936,0.188,0.1906,21905904.8
2026-06-04 10:00:00+00:00,0.1906,0.1907,0.1871,0.1879,26054785.1
2026-06-04 11:00:00+00:00,0.1878,0.1905,0.1874,0.1903,10644627.1
2026-06-04 12:00:00+00:00,0.1902,0.1927,0.1882,0.1919,16017073.8
2026-06-04 13:00:00+00:00,0.1919,0.1921,0.1871,0.1892,17923169.3
2026-06-04 14:00:00+00:00,0.1893,0.1901,0.1878,0.1896,14218630.4
2026-06-04 15:00:00+00:00,0.1897,0.1923,0.1888,0.1889,11891055.6
2026-06-04 16:00:00+00:00,0.1889,0.189,0.186,0.1872,12918700.9
2026-06-04 17:00:00+00:00,0.1872,0.1896,0.1866,0.1883,9427290.3
2026-06-04 18:00:00+00:00,0.1884,0.1906,0.1857,0.1884,11574166.3
2026-06-04 19:00:00+00:00,0.1884,0.1896,0.1861,0.1866,10994909.8
2026-06-04 20:00:00+00:00,0.1866,0.1868,0.1838,0.1845,11715611.7
2026-06-04 21:00:00+00:00,0.1844,0.1845,0.1788,0.1805,22097404.8
2026-06-04 22:00:00+00:00,0.1804,0.1823,0.1799,0.1819,11991052.2
2026-06-04 23:00:00+00:00,0.1819,0.1834,0.1794,0.1798,11767435.4
2026-06-05 00:00:00+00:00,0.1798,0.1798,0.1742,0.1747,26969130.6
2026-06-05 01:00:00+00:00,0.1746,0.1748,0.1716,0.1723,27765021.1
2026-06-05 02:00:00+00:00,0.1722,0.1723,0.163,0.1636,47447287.8
2026-06-05 03:00:00+00:00,0.1636,0.1656,0.1581,0.1584,46617003.0
2026-06-05 04:00:00+00:00,0.1585,0.1689,0.1583,0.1687,36855464.4
2026-06-05 05:00:00+00:00,0.1688,0.1692,0.1637,0.1646,17888704.4
2026-06-05 06:00:00+00:00,0.1646,0.1654,0.16,0.1617,28759110.7
2026-06-05 07:00:00+00:00,0.1617,0.1658,0.1588,0.1635,26321236.7
2026-06-05 08:00:00+00:00,0.1634,0.1636,0.1587,0.1609,17766497.1
2026-06-05 09:00:00+00:00,0.161,0.1653,0.1605,0.164,20316938.4
2026-06-05 10:00:00+00:00,0.1641,0.1664,0.1629,0.164,12919659.4
2026-06-05 11:00:00+00:00,0.1639,0.1642,0.1614,0.1624,20582420.3
2026-06-05 12:00:00+00:00,0.1623,0.164,0.1606,0.1628,15197789.8
2026-06-05 13:00:00+00:00,0.1628,0.1652,0.1595,0.1598,20606678.2
2026-06-05 14:00:00+00:00,0.1598,0.1631,0.1578,0.1604,27690164.4
2026-06-05 15:00:00+00:00,0.1605,0.161,0.1564,0.1573,23805820.3
2026-06-05 16:00:00+00:00,0.1572,0.1634,0.1544,0.1629,43264207.2
2026-06-05 17:00:00+00:00,0.1629,0.1638,0.1597,0.161,13462324.4
2026-06-05 18:00:00+00:00,0.161,0.1627,0.1573,0.1577,13241575.0
2026-06-05 19:00:00+00:00,0.1576,0.1617,0.1551,0.1606,15661303.5
2026-06-05 20:00:00+00:00,0.1606,0.1634,0.1584,0.1624,18379211.4
2026-06-05 21:00:00+00:00,0.1624,0.1639,0.1616,0.1625,10131137.3
2026-06-05 22:00:00+00:00,0.1624,0.1624,0.1588,0.1597,16822136.2
2026-06-05 23:00:00+00:00,0.1597,0.1605,0.1551,0.1567,14113687.9
2026-06-06 00:00:00+00:00,0.1567,0.1619,0.1567,0.1613,10776754.8
2026-06-06 01:00:00+00:00,0.1614,0.1624,0.158,0.1586,9718641.1
2026-06-06 02:00:00+00:00,0.1585,0.1586,0.1552,0.1555,12719052.2
2026-06-06 03:00:00+00:00,0.1556,0.1561,0.1538,0.1552,15764309.4
2026-06-06 04:00:00+00:00,0.1551,0.156,0.1487,0.1498,43306309.3
2026-06-06 05:00:00+00:00,0.1499,0.1549,0.1486,0.1538,41502523.6
2026-06-06 06:00:00+00:00,0.1539,0.1564,0.1536,0.1541,18742287.9
2026-06-06 07:00:00+00:00,0.1541,0.1584,0.1541,0.1574,17291611.8
2026-06-06 08:00:00+00:00,0.1574,0.16,0.1566,0.1595,14120859.5
2026-06-06 09:00:00+00:00,0.1595,0.1603,0.1563,0.1567,11349410.1
2026-06-06 10:00:00+00:00,0.1567,0.1567,0.1536,0.1545,16934491.1
2026-06-06 11:00:00+00:00,0.1544,0.1567,0.1544,0.1563,7729022.1
2026-06-06 12:00:00+00:00,0.1564,0.1595,0.155,0.1584,9370814.7
2026-06-06 13:00:00+00:00,0.1583,0.1596,0.1578,0.1586,8726917.7
2026-06-06 14:00:00+00:00,0.1586,0.1617,0.1583,0.16,20219696.9
2026-06-06 15:00:00+00:00,0.1601,0.1604,0.1569,0.1585,16187048.6
2026-06-06 16:00:00+00:00,0.1584,0.1602,0.1575,0.16,8931399.2
2026-06-06 17:00:00+00:00,0.16,0.1601,0.1571,0.1577,8322662.5
2026-06-06 18:00:00+00:00,0.1576,0.1589,0.1567,0.1569,8572596.2
2026-06-06 19:00:00+00:00,0.1569,0.1582,0.1568,0.1569,7871591.0
2026-06-06 20:00:00+00:00,0.1569,0.1575,0.1561,0.1571,5654004.6
2026-06-06 21:00:00+00:00,0.157,0.1587,0.1569,0.157,4704600.4
2026-06-06 22:00:00+00:00,0.157,0.1573,0.1557,0.1559,5149883.0
2026-06-06 23:00:00+00:00,0.1559,0.1577,0.1556,0.1573,7459665.6
2026-06-07 00:00:00+00:00,0.1574,0.1585,0.1568,0.1575,3881120.6
2026-06-07 01:00:00+00:00,0.1575,0.162,0.1572,0.161,14356962.4
2026-06-07 02:00:00+00:00,0.161,0.1618,0.1595,0.1609,9181787.3
2026-06-07 03:00:00+00:00,0.1608,0.1622,0.1603,0.1614,7275651.7
2026-06-07 04:00:00+00:00,0.1614,0.1629,0.1597,0.1622,10594906.0
2026-06-07 05:00:00+00:00,0.1622,0.1623,0.1607,0.1612,7654830.0
2026-06-07 06:00:00+00:00,0.1612,0.1631,0.1601,0.1612,10599414.1
2026-06-07 07:00:00+00:00,0.1612,0.1626,0.1607,0.1624,8745809.6
2026-06-07 08:00:00+00:00,0.1624,0.1655,0.1617,0.1651,14407670.6
2026-06-07 09:00:00+00:00,0.165,0.167,0.1647,0.1651,18069116.1
2026-06-07 10:00:00+00:00,0.1651,0.1661,0.1635,0.1643,9649795.2
2026-06-07 11:00:00+00:00,0.1642,0.1656,0.1639,0.1647,10721942.7
2026-06-07 12:00:00+00:00,0.1647,0.165,0.1605,0.1616,14111784.7
2026-06-07 13:00:00+00:00,0.1616,0.1623,0.1609,0.1619,6739507.5
2026-06-07 14:00:00+00:00,0.162,0.1639,0.1618,0.1627,9435258.2
2026-06-07 15:00:00+00:00,0.1626,0.1629,0.1616,0.1622,7771916.8
2026-06-07 16:00:00+00:00,0.1623,0.1631,0.162,0.1626,4630663.7
2026-06-07 17:00:00+00:00,0.1626,0.164,0.1622,0.163,4986149.9
2026-06-07 18:00:00+00:00,0.163,0.1637,0.1619,0.1619,6014300.8
2026-06-07 19:00:00+00:00,0.162,0.162,0.158,0.1586,20138342.5
2026-06-07 20:00:00+00:00,0.1585,0.161,0.1581,0.1608,6584145.6
2026-06-07 21:00:00+00:00,0.1608,0.1615,0.1596,0.1607,6102229.6
2026-06-07 22:00:00+00:00,0.1608,0.1688,0.1606,0.1646,30743137.4
2026-06-07 23:00:00+00:00,0.1645,0.1662,0.1644,0.1653,8342012.9
2026-06-08 00:00:00+00:00,0.1653,0.1666,0.1642,0.1654,7805153.6
2026-06-08 01:00:00+00:00,0.1654,0.1654,0.1615,0.1633,7483646.1
2026-06-08 02:00:00+00:00,0.1634,0.1643,0.1628,0.1636,5409119.3
2026-06-08 03:00:00+00:00,0.1635,0.1651,0.1629,0.1641,6458257.8
2026-06-08 04:00:00+00:00,0.1641,0.1644,0.1611,0.1615,5592768.0
2026-06-08 05:00:00+00:00,0.1614,0.162,0.16,0.1608,7654504.3
2026-06-08 06:00:00+00:00,0.1609,0.1625,0.1607,0.1618,5119795.1
2026-06-08 07:00:00+00:00,0.1618,0.164,0.1609,0.1639,4338119.3
2026-06-08 08:00:00+00:00,0.1639,0.1639,0.1623,0.1634,11752793.2
2026-06-08 09:00:00+00:00,0.1634,0.1655,0.1628,0.1653,8679377.4
2026-06-08 10:00:00+00:00,0.1653,0.1659,0.1636,0.1645,6941216.1
2026-06-08 11:00:00+00:00,0.1644,0.1683,0.1641,0.1676,13935382.1
2026-06-08 12:00:00+00:00,0.1677,0.1684,0.1649,0.1677,10347139.4
2026-06-08 13:00:00+00:00,0.1678,0.1679,0.1656,0.1663,9125795.9
2026-06-08 14:00:00+00:00,0.1663,0.1684,0.1656,0.1681,10217445.1
2026-06-08 15:00:00+00:00,0.1681,0.1714,0.1681,0.1693,19122849.8
2026-06-08 16:00:00+00:00,0.1694,0.1723,0.1678,0.1679,13206021.7
2026-06-08 17:00:00+00:00,0.1678,0.17,0.1672,0.1699,8065306.2
2026-06-08 18:00:00+00:00,0.17,0.1727,0.17,0.171,8029676.6
2026-06-08 19:00:00+00:00,0.171,0.1726,0.1708,0.1719,6137112.5
2026-06-08 20:00:00+00:00,0.1719,0.1719,0.1688,0.1708,5512567.1
2026-06-08 21:00:00+00:00,0.1709,0.1745,0.1709,0.1718,8486077.7
2026-06-08 22:00:00+00:00,0.1717,0.1724,0.1705,0.1721,5741516.3
2026-06-08 23:00:00+00:00,0.1722,0.1732,0.1699,0.1704,4760451.9
2026-06-09 00:00:00+00:00,0.1704,0.1708,0.1661,0.1669,15496212.6
2026-06-09 01:00:00+00:00,0.1669,0.1673,0.1661,0.1668,4235767.5
2026-06-09 02:00:00+00:00,0.1668,0.1676,0.1659,0.1675,4362793.7
2026-06-09 03:00:00+00:00,0.1675,0.1676,0.1657,0.1664,4112904.3
2026-06-09 04:00:00+00:00,0.1663,0.169,0.1651,0.1686,8857386.7
2026-06-09 05:00:00+00:00,0.1686,0.1703,0.1677,0.17,4561710.4
2026-06-09 06:00:00+00:00,0.17,0.171,0.1693,0.1694,4572790.1
2026-06-09 07:00:00+00:00,0.1695,0.1711,0.169,0.1703,4179939.2
2026-06-09 08:00:00+00:00,0.1703,0.1705,0.1683,0.1689,5309370.2
2026-06-09 09:00:00+00:00,0.169,0.1693,0.1667,0.1678,4376513.3
2026-06-09 10:00:00+00:00,0.1678,0.1685,0.1669,0.1678,6447965.5
2026-06-09 11:00:00+00:00,0.1677,0.1679,0.1668,0.1674,3682528.3
2026-06-09 12:00:00+00:00,0.1674,0.1689,0.1672,0.1689,5306582.0
2026-06-09 13:00:00+00:00,0.1688,0.1698,0.1671,0.1684,6335029.4
2026-06-09 14:00:00+00:00,0.1683,0.1691,0.1643,0.1663,13422002.8
2026-06-09 15:00:00+00:00,0.1663,0.1671,0.1627,0.1631,12225237.2
2026-06-09 16:00:00+00:00,0.163,0.1636,0.1608,0.162,14598662.4
2026-06-09 17:00:00+00:00,0.1621,0.1662,0.162,0.1652,10281907.4
2026-06-09 18:00:00+00:00,0.1652,0.1677,0.1645,0.1669,7456951.6
2026-06-09 19:00:00+00:00,0.167,0.169,0.1662,0.1685,7473226.6
2026-06-09 20:00:00+00:00,0.1686,0.1699,0.168,0.1681,4748082.5
2026-06-09 21:00:00+00:00,0.1681,0.1682,0.1654,0.1661,4005423.5
2026-06-09 22:00:00+00:00,0.1661,0.1663,0.165,0.1651,3948139.1
2026-06-09 23:00:00+00:00,0.1652,0.1659,0.1649,0.1653,3320762.5
2026-06-10 00:00:00+00:00,0.1653,0.1665,0.1644,0.1663,4240948.6
2026-06-10 01:00:00+00:00,0.1663,0.1669,0.1646,0.1648,4163028.3
2026-06-10 02:00:00+00:00,0.1648,0.1653,0.1618,0.1619,6809489.2
2026-06-10 03:00:00+00:00,0.1619,0.163,0.1613,0.1624,7088535.5
2026-06-10 04:00:00+00:00,0.1624,0.163,0.1611,0.1615,4798041.1
2026-06-10 05:00:00+00:00,0.1616,0.1621,0.1602,0.1604,9806777.2
2026-06-10 06:00:00+00:00,0.1605,0.1613,0.1597,0.1605,7063865.6
2026-06-10 07:00:00+00:00,0.1605,0.1622,0.1605,0.1614,5812710.5
2026-06-10 08:00:00+00:00,0.1613,0.1616,0.1588,0.1595,8404689.6
2026-06-10 09:00:00+00:00,0.1595,0.1608,0.1586,0.1604,6035626.2
2026-06-10 10:00:00+00:00,0.1603,0.1609,0.1591,0.1607,4651413.8
2026-06-10 11:00:00+00:00,0.1607,0.1607,0.1586,0.1596,8190656.8
2026-06-10 12:00:00+00:00,0.1595,0.1636,0.1591,0.1621,12333420.7
2026-06-10 13:00:00+00:00,0.162,0.166,0.1613,0.1649,14693570.0
2026-06-10 14:00:00+00:00,0.1649,0.1652,0.1624,0.1639,8764663.2
2026-06-10 15:00:00+00:00,0.164,0.1668,0.1631,0.165,15641914.0
2026-06-10 16:00:00+00:00,0.165,0.1652,0.1606,0.162,11363333.3
2026-06-10 17:00:00+00:00,0.1621,0.1628,0.1603,0.1618,6070105.4
2026-06-10 18:00:00+00:00,0.1617,0.1647,0.1612,0.1647,6299969.5
2026-06-10 19:00:00+00:00,0.1647,0.1648,0.1604,0.1608,10428731.8
2026-06-10 20:00:00+00:00,0.1608,0.1617,0.1597,0.1603,5808523.5
2026-06-10 21:00:00+00:00,0.1603,0.1605,0.1582,0.1595,6441513.1
2026-06-10 22:00:00+00:00,0.1595,0.1616,0.1587,0.1602,5459761.0
2026-06-10 23:00:00+00:00,0.1601,0.1616,0.1593,0.1607,5769342.2
2026-06-11 00:00:00+00:00,0.1607,0.1624,0.1607,0.1613,5627834.3
2026-06-11 01:00:00+00:00,0.1613,0.1643,0.1612,0.1635,6542421.2
2026-06-11 02:00:00+00:00,0.1636,0.1638,0.1619,0.163,4867265.5
2026-06-11 03:00:00+00:00,0.163,0.1673,0.1621,0.1665,12254353.3
2026-06-11 04:00:00+00:00,0.1666,0.1678,0.1652,0.1668,10721691.0
2026-06-11 05:00:00+00:00,0.1668,0.1668,0.1654,0.1655,5541331.4
2026-06-11 06:00:00+00:00,0.1655,0.1663,0.1641,0.1647,6348181.9
2026-06-11 07:00:00+00:00,0.1647,0.1669,0.1644,0.1668,5723139.3
2026-06-11 08:00:00+00:00,0.1668,0.1681,0.1667,0.1669,7078112.0
2026-06-11 09:00:00+00:00,0.1669,0.1671,0.1656,0.1664,5018754.3
2026-06-11 10:00:00+00:00,0.1665,0.1666,0.1654,0.1662,5901134.3
2026-06-11 11:00:00+00:00,0.1662,0.1675,0.1656,0.1669,7660608.2
2026-06-11 12:00:00+00:00,0.1669,0.167,0.1647,0.1658,9997545.4
2026-06-11 13:00:00+00:00,0.1657,0.1663,0.1642,0.1658,6693132.3
2026-06-11 14:00:00+00:00,0.1659,0.1667,0.1647,0.1654,5684868.9
2026-06-11 15:00:00+00:00,0.1653,0.1674,0.1647,0.1662,8272923.2
2026-06-11 16:00:00+00:00,0.1662,0.1668,0.165,0.1651,7537214.5
2026-06-11 17:00:00+00:00,0.1652,0.1707,0.1641,0.1707,19060193.7
2026-06-11 18:00:00+00:00,0.1707,0.1719,0.1689,0.1692,14143997.6
2026-06-11 19:00:00+00:00,0.1691,0.171,0.1681,0.1694,8438912.4
2026-06-11 20:00:00+00:00,0.1694,0.1697,0.1675,0.1684,5118163.7
2026-06-11 21:00:00+00:00,0.1684,0.171,0.1684,0.1701,4339553.2
2026-06-11 22:00:00+00:00,0.1701,0.1715,0.17,0.1711,3452940.4
2026-06-11 23:00:00+00:00,0.1711,0.172,0.1701,0.1707,9502277.6
2026-06-12 00:00:00+00:00,0.1707,0.1713,0.1699,0.1702,8354884.1
2026-06-12 01:00:00+00:00,0.1701,0.1701,0.1688,0.1696,2711938.2
2026-06-12 02:00:00+00:00,0.1697,0.1715,0.1697,0.1711,4151487.0
2026-06-12 03:00:00+00:00,0.1711,0.1719,0.1707,0.1718,3371294.6
2026-06-12 04:00:00+00:00,0.1719,0.1736,0.1714,0.1723,6411028.6
2026-06-12 05:00:00+00:00,0.1723,0.1724,0.1702,0.1703,4161685.2
2026-06-12 06:00:00+00:00,0.1702,0.1708,0.1681,0.1684,6629936.1
2026-06-12 07:00:00+00:00,0.1684,0.1695,0.1683,0.1692,5361613.6
2026-06-12 08:00:00+00:00,0.1692,0.1706,0.1692,0.1704,5219131.2
2026-06-12 09:00:00+00:00,0.1704,0.1723,0.1699,0.1719,4339072.0
2026-06-12 10:00:00+00:00,0.172,0.1723,0.1708,0.1713,5811462.8
2026-06-12 11:00:00+00:00,0.1713,0.1716,0.1707,0.1714,6612635.4
2026-06-12 12:00:00+00:00,0.1713,0.1722,0.1706,0.1709,6745282.2
2026-06-12 13:00:00+00:00,0.1708,0.171,0.1677,0.1684,12103059.4
2026-06-12 14:00:00+00:00,0.1685,0.1733,0.1682,0.1729,17555362.2
2026-06-12 15:00:00+00:00,0.1729,0.1743,0.1703,0.1705,21680170.9
2026-06-12 16:00:00+00:00,0.1705,0.1735,0.1696,0.1734,10281333.9
2026-06-12 17:00:00+00:00,0.1734,0.1744,0.1715,0.1719,9228737.6
2026-06-12 18:00:00+00:00,0.1719,0.1723,0.17,0.1711,7346318.2
2026-06-12 19:00:00+00:00,0.171,0.1727,0.1705,0.1708,4812281.0
2026-06-12 20:00:00+00:00,0.1709,0.1713,0.1694,0.1696,6121964.2
2026-06-12 21:00:00+00:00,0.1697,0.1705,0.1687,0.1694,3314476.0
2026-06-12 22:00:00+00:00,0.1694,0.1703,0.1691,0.1696,3248037.4
2026-06-12 23:00:00+00:00,0.1696,0.1701,0.1687,0.1697,3693280.8
2026-06-13 00:00:00+00:00,0.1697,0.1706,0.1695,0.1701,3281360.7
2026-06-13 01:00:00+00:00,0.1701,0.1734,0.1699,0.1728,10122225.6
2026-06-13 02:00:00+00:00,0.1728,0.1731,0.1715,0.1719,4469550.8
2026-06-13 03:00:00+00:00,0.1719,0.1722,0.17,0.1704,6259164.4
2026-06-13 04:00:00+00:00,0.1705,0.1709,0.1697,0.1704,5343609.8
2026-06-13 05:00:00+00:00,0.1704,0.1709,0.169,0.1697,3297014.4
2026-06-13 06:00:00+00:00,0.1698,0.1721,0.1694,0.172,4257327.5
2026-06-13 07:00:00+00:00,0.172,0.1742,0.1713,0.1732,8591313.3
2026-06-13 08:00:00+00:00,0.1731,0.1738,0.1728,0.1729,4221169.9
2026-06-13 09:00:00+00:00,0.1729,0.1734,0.1723,0.1725,4228512.5
2026-06-13 10:00:00+00:00,0.1726,0.1731,0.1721,0.1724,2385325.0
2026-06-13 11:00:00+00:00,0.1724,0.1739,0.1724,0.1734,2862706.0
2026-06-13 12:00:00+00:00,0.1735,0.1744,0.1731,0.1737,3976945.0
2026-06-13 13:00:00+00:00,0.1737,0.1742,0.1734,0.1741,2655145.1
2026-06-13 14:00:00+00:00,0.1741,0.1748,0.1736,0.1746,3806110.5
2026-06-13 15:00:00+00:00,0.1746,0.1758,0.1742,0.175,4333814.2
2026-06-13 16:00:00+00:00,0.175,0.1751,0.1727,0.1734,5955096.7
2026-06-13 17:00:00+00:00,0.1734,0.174,0.1718,0.1722,4110671.8
2026-06-13 18:00:00+00:00,0.1723,0.1732,0.1718,0.1721,2059562.3
2026-06-13 19:00:00+00:00,0.1721,0.1728,0.1715,0.1722,3407274.0
2026-06-13 20:00:00+00:00,0.1721,0.1725,0.1712,0.1717,2755116.4
2026-06-13 21:00:00+00:00,0.1717,0.1735,0.1714,0.1728,4020147.9
2026-06-13 22:00:00+00:00,0.1728,0.1729,0.1716,0.1716,4089926.3
2026-06-13 23:00:00+00:00,0.1716,0.173,0.1715,0.1718,5312511.7
2026-06-14 00:00:00+00:00,0.1718,0.1725,0.1715,0.1715,3735644.0
2026-06-14 01:00:00+00:00,0.1715,0.1733,0.1714,0.1727,6680524.6
2026-06-14 02:00:00+00:00,0.1727,0.1737,0.1722,0.1723,2747898.3
2026-06-14 03:00:00+00:00,0.1724,0.1735,0.172,0.1731,2402418.9
2026-06-14 04:00:00+00:00,0.1731,0.1733,0.1716,0.1719,3644199.3
2026-06-14 05:00:00+00:00,0.172,0.1724,0.1713,0.1721,2434657.8
2026-06-14 06:00:00+00:00,0.1721,0.1727,0.1713,0.1715,1791093.3
2026-06-14 07:00:00+00:00,0.1715,0.1717,0.1709,0.1711,3265903.4
2026-06-14 08:00:00+00:00,0.1711,0.1716,0.1707,0.171,2576366.9
2026-06-14 09:00:00+00:00,0.1711,0.1719,0.17,0.1711,5107155.0
2026-06-14 10:00:00+00:00,0.1712,0.1712,0.1697,0.1699,5458676.3
2026-06-14 11:00:00+00:00,0.1698,0.1704,0.1695,0.1698,3566804.5
2026-06-14 12:00:00+00:00,0.1698,0.17,0.1678,0.1684,7493108.3
2026-06-14 13:00:00+00:00,0.1683,0.1686,0.167,0.1676,7566641.1
2026-06-14 14:00:00+00:00,0.1677,0.168,0.1654,0.1669,8432008.6
2026-06-14 15:00:00+00:00,0.167,0.1673,0.1664,0.167,5298411.9
2026-06-14 16:00:00+00:00,0.167,0.1677,0.1668,0.1671,4428457.4
2026-06-14 17:00:00+00:00,0.1672,0.1674,0.1664,0.1667,2999232.8
2026-06-14 18:00:00+00:00,0.1666,0.167,0.1659,0.1661,4371557.4
2026-06-14 19:00:00+00:00,0.166,0.1667,0.1658,0.1661,4136048.5
2026-06-14 20:00:00+00:00,0.1661,0.1674,0.1658,0.1669,2630891.3
2026-06-14 21:00:00+00:00,0.167,0.176,0.1667,0.1739,20638671.3
2026-06-14 22:00:00+00:00,0.174,0.1769,0.1728,0.175,17767821.8
2026-06-14 23:00:00+00:00,0.1751,0.1839,0.174,0.183,23608204.6
2026-06-15 00:00:00+00:00,0.183,0.187,0.1815,0.1831,30502859.5
2026-06-15 01:00:00+00:00,0.1832,0.1833,0.1801,0.1805,12162828.0
2026-06-15 02:00:00+00:00,0.1805,0.1825,0.1794,0.1801,11579336.5
2026-06-15 03:00:00+00:00,0.18,0.1821,0.1796,0.1813,6588239.0
2026-06-15 04:00:00+00:00,0.1812,0.1818,0.1796,0.1797,4189269.8
2026-06-15 05:00:00+00:00,0.1796,0.1815,0.1795,0.181,4536067.5
2026-06-15 06:00:00+00:00,0.181,0.182,0.1807,0.1813,4158425.9
2026-06-15 07:00:00+00:00,0.1812,0.182,0.18,0.1802,7597758.3
2026-06-15 08:00:00+00:00,0.1803,0.1818,0.18,0.1812,4774237.4
2026-06-15 09:00:00+00:00,0.1812,0.1819,0.1806,0.1814,6377264.7
2026-06-15 10:00:00+00:00,0.1815,0.183,0.1805,0.1828,9454958.3
2026-06-15 11:00:00+00:00,0.1828,0.1856,0.1823,0.1852,13718471.8
2026-06-15 12:00:00+00:00,0.1852,0.1895,0.1844,0.1873,18277582.4
2026-06-15 13:00:00+00:00,0.1873,0.19,0.1859,0.1893,23035879.7
2026-06-15 14:00:00+00:00,0.1893,0.1896,0.1872,0.1874,9425491.8
2026-06-15 15:00:00+00:00,0.1874,0.1894,0.1859,0.1889,12646834.3
2026-06-15 16:00:00+00:00,0.1889,0.1897,0.187,0.1877,10050407.5
2026-06-15 17:00:00+00:00,0.1878,0.1882,0.1857,0.1876,11102603.4
2026-06-15 18:00:00+00:00,0.1876,0.1887,0.1868,0.1873,4604193.1
2026-06-15 19:00:00+00:00,0.1873,0.1886,0.185,0.1862,8546289.4
2026-06-15 20:00:00+00:00,0.1862,0.1866,0.1798,0.1807,16569257.9
2026-06-15 21:00:00+00:00,0.1806,0.1814,0.1793,0.1794,9899382.1
2026-06-15 22:00:00+00:00,0.1794,0.1805,0.1768,0.1783,10874509.8
2026-06-15 23:00:00+00:00,0.1783,0.1788,0.1774,0.1786,4186024.7
2026-06-16 00:00:00+00:00,0.1785,0.1793,0.1776,0.1779,6684526.8
2026-06-16 01:00:00+00:00,0.178,0.1786,0.177,0.1773,4507527.8
2026-06-16 02:00:00+00:00,0.1772,0.1777,0.1755,0.1762,7255404.0
2026-06-16 03:00:00+00:00,0.1762,0.1775,0.1757,0.1772,2653832.6
2026-06-16 04:00:00+00:00,0.1773,0.1774,0.1757,0.176,2802792.0
2026-06-16 05:00:00+00:00,0.176,0.1773,0.1759,0.1769,3441717.9
2026-06-16 06:00:00+00:00,0.177,0.1787,0.1769,0.1783,5229823.4
2026-06-16 07:00:00+00:00,0.1784,0.1793,0.1775,0.1788,5473974.5
2026-06-16 08:00:00+00:00,0.1787,0.1814,0.1783,0.181,10688680.4
2026-06-16 09:00:00+00:00,0.181,0.1812,0.1792,0.1799,6660789.1
2026-06-16 10:00:00+00:00,0.1799,0.1806,0.1793,0.1795,3647264.7
2026-06-16 11:00:00+00:00,0.1794,0.1797,0.1783,0.1788,3161245.2
2026-06-16 12:00:00+00:00,0.1789,0.1814,0.1785,0.18,5085106.9
2026-06-16 13:00:00+00:00,0.1801,0.1803,0.1766,0.1771,7642961.2
2026-06-16 14:00:00+00:00,0.1772,0.1777,0.1728,0.1741,14507077.2
2026-06-16 15:00:00+00:00,0.1741,0.1749,0.1733,0.1741,5626741.7
2026-06-16 16:00:00+00:00,0.1741,0.1749,0.1729,0.1731,6486237.9
2026-06-16 17:00:00+00:00,0.1732,0.1747,0.1729,0.1747,4715578.1
2026-06-16 18:00:00+00:00,0.1747,0.1766,0.174,0.175,9356556.2
2026-06-16 19:00:00+00:00,0.1749,0.1749,0.1719,0.1732,9310295.8
2026-06-16 20:00:00+00:00,0.1733,0.1756,0.1723,0.175,6053616.7
2026-06-16 21:00:00+00:00,0.1751,0.1752,0.1733,0.1738,5824247.4
2026-06-16 22:00:00+00:00,0.1738,0.1742,0.1726,0.1734,6268865.7
2026-06-16 23:00:00+00:00,0.1734,0.1736,0.172,0.1724,8058684.9
2026-06-17 00:00:00+00:00,0.1723,0.1733,0.1718,0.172,7444010.6
2026-06-17 01:00:00+00:00,0.172,0.174,0.171,0.1736,7708091.6
2026-06-17 02:00:00+00:00,0.1736,0.175,0.1733,0.1744,7386140.9
2026-06-17 03:00:00+00:00,0.1744,0.1745,0.1724,0.173,5425532.3
2026-06-17 04:00:00+00:00,0.1731,0.1738,0.1725,0.1729,3272354.9
2026-06-17 05:00:00+00:00,0.1729,0.1734,0.1719,0.1727,4035692.5
2026-06-17 06:00:00+00:00,0.1728,0.1731,0.1712,0.1715,5338205.4
2026-06-17 07:00:00+00:00,0.1714,0.1721,0.1703,0.1713,10485637.2
2026-06-17 08:00:00+00:00,0.1713,0.1714,0.1686,0.1691,15425017.6
2026-06-17 09:00:00+00:00,0.169,0.1698,0.1686,0.1693,7254010.3
2026-06-17 10:00:00+00:00,0.1693,0.1698,0.1688,0.1692,3066215.2
2026-06-17 11:00:00+00:00,0.1692,0.1695,0.1678,0.1688,5608599.5
2026-06-17 12:00:00+00:00,0.1689,0.1697,0.1674,0.1695,7682393.5
2026-06-17 13:00:00+00:00,0.1694,0.1696,0.1682,0.1682,14022979.2
2026-06-17 14:00:00+00:00,0.1682,0.1693,0.167,0.168,16144295.7
2026-06-17 15:00:00+00:00,0.1679,0.1715,0.1678,0.1714,11961179.8
2026-06-17 16:00:00+00:00,0.1714,0.1729,0.1707,0.171,7669303.5
2026-06-17 17:00:00+00:00,0.1711,0.1725,0.1704,0.1724,7837792.2
2026-06-17 18:00:00+00:00,0.1724,0.1724,0.1675,0.1697,25372907.3
2026-06-17 19:00:00+00:00,0.1696,0.1701,0.1648,0.1656,19605847.9
2026-06-17 20:00:00+00:00,0.1655,0.1675,0.1651,0.1673,7031220.4
2026-06-17 21:00:00+00:00,0.1672,0.1673,0.1656,0.1661,3589372.3
2026-06-17 22:00:00+00:00,0.1661,0.1674,0.1637,0.1667,9883762.7
2026-06-17 23:00:00+00:00,0.1667,0.1674,0.1663,0.1669,4046870.3
2026-06-18 00:00:00+00:00,0.1669,0.168,0.1667,0.1672,2935016.0
2026-06-18 01:00:00+00:00,0.1671,0.1684,0.1671,0.1679,2414899.8
2026-06-18 02:00:00+00:00,0.168,0.1689,0.1676,0.1685,2644352.4
2026-06-18 03:00:00+00:00,0.1686,0.1687,0.1665,0.1669,2908507.6
2026-06-18 04:00:00+00:00,0.1669,0.167,0.1651,0.1655,5312370.2
2026-06-18 05:00:00+00:00,0.1655,0.1656,0.1639,0.165,6931738.7
2026-06-18 06:00:00+00:00,0.1651,0.1658,0.1644,0.1655,3194604.0
2026-06-18 07:00:00+00:00,0.1655,0.1673,0.1649,0.1669,4881574.3
2026-06-18 08:00:00+00:00,0.1669,0.1675,0.1663,0.1667,3103938.7
2026-06-18 09:00:00+00:00,0.1667,0.1675,0.1663,0.1673,3724237.3
2026-06-18 10:00:00+00:00,0.1673,0.1674,0.166,0.1666,5145484.7
2026-06-18 11:00:00+00:00,0.1665,0.1669,0.1646,0.165,5507809.3
2026-06-18 12:00:00+00:00,0.1651,0.1663,0.1647,0.1659,6155523.2
2026-06-18 13:00:00+00:00,0.1659,0.1665,0.1637,0.1648,7070628.8
2026-06-18 14:00:00+00:00,0.1649,0.1662,0.1639,0.1647,5494770.8
2026-06-18 15:00:00+00:00,0.1647,0.1647,0.1598,0.1604,22997189.6
2026-06-18 16:00:00+00:00,0.1603,0.1624,0.1601,0.1622,8509554.7
2026-06-18 17:00:00+00:00,0.1623,0.1625,0.1604,0.1614,7395921.9
2026-06-18 18:00:00+00:00,0.1614,0.1628,0.1608,0.1622,4696106.4
2026-06-18 19:00:00+00:00,0.1622,0.1634,0.1614,0.163,2642906.8
2026-06-18 20:00:00+00:00,0.1631,0.1642,0.163,0.1635,3694838.9
2026-06-18 21:00:00+00:00,0.1635,0.1636,0.1624,0.1632,2460414.8
2026-06-18 22:00:00+00:00,0.1632,0.1634,0.1624,0.1631,2573751.0
2026-06-18 23:00:00+00:00,0.1631,0.1639,0.1624,0.1637,1629951.7
2026-06-19 00:00:00+00:00,0.1637,0.1644,0.1633,0.164,2662613.4
2026-06-19 01:00:00+00:00,0.164,0.1651,0.1637,0.1646,5825038.1
2026-06-19 02:00:00+00:00,0.1646,0.1649,0.1635,0.1643,1708917.6
2026-06-19 03:00:00+00:00,0.1644,0.1645,0.1611,0.1621,7503686.5
2026-06-19 04:00:00+00:00,0.1622,0.1624,0.1596,0.1601,6279533.3
2026-06-19 05:00:00+00:00,0.1602,0.1612,0.16,0.161,3629219.1
2026-06-19 06:00:00+00:00,0.1609,0.1611,0.1602,0.1608,3298076.3
2026-06-19 07:00:00+00:00,0.1607,0.1609,0.1586,0.1596,6729798.8
2026-06-19 08:00:00+00:00,0.1597,0.1611,0.1596,0.1606,4331049.0
2026-06-19 09:00:00+00:00,0.1607,0.1608,0.1593,0.1597,3707319.0
2026-06-19 10:00:00+00:00,0.1597,0.1605,0.1591,0.1603,2234304.3
2026-06-19 11:00:00+00:00,0.1602,0.1605,0.1597,0.1599,2984301.3
2026-06-19 12:00:00+00:00,0.1599,0.1608,0.1587,0.1607,3636710.6
2026-06-19 13:00:00+00:00,0.1608,0.1629,0.1603,0.1623,5338306.0
2026-06-19 14:00:00+00:00,0.1623,0.1627,0.1615,0.1618,4678793.4
2026-06-19 15:00:00+00:00,0.1618,0.1622,0.161,0.1618,3343273.9
2026-06-19 16:00:00+00:00,0.1619,0.1624,0.1604,0.1605,4765182.0
2026-06-19 17:00:00+00:00,0.1606,0.1622,0.1603,0.1618,1712806.1
2026-06-19 18:00:00+00:00,0.1618,0.162,0.1603,0.1614,2403563.2
2026-06-19 19:00:00+00:00,0.1613,0.1616,0.1604,0.1608,2208383.5
2026-06-19 20:00:00+00:00,0.1609,0.1621,0.1604,0.1619,1825946.1
2026-06-19 21:00:00+00:00,0.162,0.162,0.1605,0.1608,2005933.6
2026-06-19 22:00:00+00:00,0.1607,0.162,0.1605,0.1618,1756661.8
2026-06-19 23:00:00+00:00,0.1618,0.1624,0.1611,0.1621,2350353.2
2026-06-20 00:00:00+00:00,0.1621,0.164,0.1618,0.1624,2858404.9
2026-06-20 01:00:00+00:00,0.1624,0.1629,0.1619,0.1624,2878985.1
2026-06-20 02:00:00+00:00,0.1624,0.1625,0.1616,0.1621,2354470.9
2026-06-20 03:00:00+00:00,0.1621,0.1626,0.1618,0.1625,1558740.0
2026-06-20 04:00:00+00:00,0.1625,0.1631,0.1623,0.1631,1632775.0
2026-06-20 05:00:00+00:00,0.1631,0.1651,0.1628,0.1636,4732858.3
2026-06-20 06:00:00+00:00,0.1636,0.1639,0.1631,0.1637,2302521.4
2026-06-20 07:00:00+00:00,0.1638,0.1639,0.1628,0.1629,2494864.4
2026-06-20 08:00:00+00:00,0.1629,0.1632,0.1622,0.1628,2536279.4
2026-06-20 09:00:00+00:00,0.1629,0.164,0.1629,0.1639,1804655.1
2026-06-20 10:00:00+00:00,0.1638,0.1638,0.1627,0.1631,1755393.0
2026-06-20 11:00:00+00:00,0.1632,0.1633,0.1624,0.1629,1637905.3
2026-06-20 12:00:00+00:00,0.1629,0.1632,0.1623,0.1627,2503027.5
2026-06-20 13:00:00+00:00,0.1627,0.1627,0.1611,0.1614,3702279.8
2026-06-20 14:00:00+00:00,0.1614,0.1632,0.16,0.162,7535199.7
2026-06-20 15:00:00+00:00,0.1621,0.1633,0.1616,0.1623,6651184.5
2026-06-20 16:00:00+00:00,0.1623,0.1625,0.1609,0.1618,3712920.8
2026-06-20 17:00:00+00:00,0.1619,0.162,0.1601,0.161,3084489.8
2026-06-20 18:00:00+00:00,0.1611,0.1615,0.1608,0.1609,3322584.5
2026-06-20 19:00:00+00:00,0.1609,0.1615,0.1607,0.1613,3692276.6
2026-06-20 20:00:00+00:00,0.1614,0.1617,0.1612,0.1614,2183921.0
2026-06-20 21:00:00+00:00,0.1615,0.1627,0.1614,0.1621,3447901.3
2026-06-20 22:00:00+00:00,0.1622,0.1636,0.1619,0.1632,2367634.3
2026-06-20 23:00:00+00:00,0.1632,0.1639,0.163,0.1633,1527804.7
2026-06-21 00:00:00+00:00,0.1633,0.1636,0.163,0.1634,2522804.5
2026-06-21 01:00:00+00:00,0.1635,0.1635,0.1625,0.163,1844185.6
2026-06-21 02:00:00+00:00,0.163,0.163,0.1623,0.1623,1442363.5
2026-06-21 03:00:00+00:00,0.1624,0.1633,0.162,0.1626,3177492.3
2026-06-21 04:00:00+00:00,0.1627,0.1628,0.1606,0.161,4838137.7
2026-06-21 05:00:00+00:00,0.161,0.161,0.1601,0.1606,5116929.2
2026-06-21 06:00:00+00:00,0.1606,0.1616,0.1605,0.1615,1588237.4
2026-06-21 07:00:00+00:00,0.1615,0.1623,0.1609,0.1616,4146631.0
2026-06-21 08:00:00+00:00,0.1616,0.1617,0.16,0.1611,2683155.6
2026-06-21 09:00:00+00:00,0.1611,0.162,0.1607,0.162,3479325.8
2026-06-21 10:00:00+00:00,0.1619,0.1626,0.1613,0.1614,4046950.6
2026-06-21 11:00:00+00:00,0.1615,0.162,0.1608,0.161,2867026.7
2026-06-21 12:00:00+00:00,0.1609,0.1613,0.1603,0.1612,3138303.1
2026-06-21 13:00:00+00:00,0.1612,0.1619,0.1609,0.1618,1319431.8
2026-06-21 14:00:00+00:00,0.1617,0.1622,0.1614,0.1621,1461713.4
2026-06-21 15:00:00+00:00,0.1622,0.1629,0.1621,0.1623,2913400.0
2026-06-21 16:00:00+00:00,0.1624,0.1624,0.1609,0.1616,2266354.9
2026-06-21 17:00:00+00:00,0.1615,0.1624,0.1612,0.1615,1321127.3
2026-06-21 18:00:00+00:00,0.1614,0.1621,0.1609,0.1621,1429768.8
2026-06-21 19:00:00+00:00,0.1622,0.1625,0.1617,0.162,1622128.7
2026-06-21 20:00:00+00:00,0.162,0.1623,0.1604,0.1607,2198141.9
2026-06-21 21:00:00+00:00,0.1606,0.1608,0.1585,0.1596,11973954.2
2026-06-21 22:00:00+00:00,0.1596,0.1599,0.1581,0.159,6639709.4
2026-06-21 23:00:00+00:00,0.159,0.1591,0.1563,0.1566,10747652.2
2026-06-22 00:00:00+00:00,0.1566,0.1597,0.1566,0.1595,8283384.6
2026-06-22 01:00:00+00:00,0.1595,0.163,0.1591,0.1612,8039596.8
2026-06-22 02:00:00+00:00,0.1612,0.1613,0.1597,0.1597,3451771.8
2026-06-22 03:00:00+00:00,0.1597,0.1602,0.1579,0.1582,3849525.5
2026-06-22 04:00:00+00:00,0.1582,0.1594,0.1579,0.1593,1945824.5
2026-06-22 05:00:00+00:00,0.1593,0.1607,0.1592,0.1606,3012280.0
2026-06-22 06:00:00+00:00,0.1607,0.1608,0.1598,0.1604,3908353.4
2026-06-22 07:00:00+00:00,0.1603,0.1621,0.1602,0.1618,3769562.0
2026-06-22 08:00:00+00:00,0.1618,0.1618,0.1607,0.1612,2481812.2
2026-06-22 09:00:00+00:00,0.1613,0.1613,0.1601,0.1604,2754743.4
2026-06-22 10:00:00+00:00,0.1604,0.1608,0.1598,0.1603,3375888.1
2026-06-22 11:00:00+00:00,0.1603,0.1624,0.16,0.1617,5982997.0
2026-06-22 12:00:00+00:00,0.1617,0.1625,0.1614,0.1619,5079680.8
2026-06-22 13:00:00+00:00,0.1619,0.1633,0.1613,0.163,5891931.0
2026-06-22 14:00:00+00:00,0.1631,0.1632,0.1595,0.1602,6520950.4
2026-06-22 15:00:00+00:00,0.1602,0.1606,0.1589,0.1595,5118082.3
2026-06-22 16:00:00+00:00,0.1596,0.1597,0.1586,0.1595,4663898.0
2026-06-22 17:00:00+00:00,0.1595,0.16,0.1583,0.1596,3577104.5
2026-06-22 18:00:00+00:00,0.1595,0.1601,0.1584,0.1584,2313385.2
2026-06-22 19:00:00+00:00,0.1585,0.1591,0.1577,0.159,4614059.5
2026-06-22 20:00:00+00:00,0.159,0.1597,0.1587,0.1591,1968765.4
2026-06-22 21:00:00+00:00,0.1592,0.1594,0.1582,0.1594,1304322.6
2026-06-22 22:00:00+00:00,0.1594,0.1601,0.1572,0.158,6532579.1
2026-06-22 23:00:00+00:00,0.158,0.1587,0.1577,0.1585,2421167.9
2026-06-23 00:00:00+00:00,0.1586,0.1593,0.158,0.1592,3462030.6
2026-06-23 01:00:00+00:00,0.1592,0.1597,0.1576,0.1589,4704494.7
2026-06-23 02:00:00+00:00,0.159,0.1595,0.1583,0.1593,2607935.1
2026-06-23 03:00:00+00:00,0.1593,0.16,0.1587,0.1599,2782430.2
2026-06-23 04:00:00+00:00,0.16,0.1601,0.1581,0.1583,3200912.3
2026-06-23 05:00:00+00:00,0.1584,0.1589,0.1574,0.1577,3498483.0
2026-06-23 06:00:00+00:00,0.1578,0.1578,0.1536,0.1548,21153251.1
2026-06-23 07:00:00+00:00,0.1547,0.1559,0.1546,0.1546,4955916.5
2026-06-23 08:00:00+00:00,0.1547,0.1548,0.1508,0.1525,18252092.4
2026-06-23 09:00:00+00:00,0.1526,0.1532,0.1521,0.1526,10691868.0
2026-06-23 10:00:00+00:00,0.1526,0.1534,0.1524,0.1528,4451506.8
2026-06-23 11:00:00+00:00,0.1528,0.1541,0.1527,0.1537,5003347.6
2026-06-23 12:00:00+00:00,0.1536,0.1537,0.1502,0.1503,19006150.6
2026-06-23 13:00:00+00:00,0.1503,0.1525,0.1498,0.1517,20430016.8
2026-06-23 14:00:00+00:00,0.1517,0.1526,0.1509,0.151,7702721.7
2026-06-23 15:00:00+00:00,0.151,0.1513,0.1501,0.151,7016301.3
2026-06-23 16:00:00+00:00,0.151,0.152,0.1506,0.151,12624668.4
2026-06-23 17:00:00+00:00,0.151,0.1512,0.15,0.1503,10051994.4
2026-06-23 18:00:00+00:00,0.1502,0.1508,0.1493,0.1501,8783781.9
2026-06-23 19:00:00+00:00,0.15,0.1507,0.1496,0.1501,5086421.7
2026-06-23 20:00:00+00:00,0.1502,0.1509,0.15,0.15,4401271.1
2026-06-23 21:00:00+00:00,0.1501,0.1515,0.1499,0.1515,3436337.0
2026-06-23 22:00:00+00:00,0.1514,0.1524,0.1514,0.1517,4326594.5
2026-06-23 23:00:00+00:00,0.1517,0.1518,0.1508,0.1515,3780743.3
2026-06-24 00:00:00+00:00,0.1514,0.1532,0.1512,0.1529,5766822.4
2026-06-24 01:00:00+00:00,0.153,0.1544,0.1524,0.153,6907067.4
2026-06-24 02:00:00+00:00,0.153,0.1531,0.1522,0.1526,4521304.0
2026-06-24 03:00:00+00:00,0.1526,0.1528,0.1514,0.1522,3025433.8
2026-06-24 04:00:00+00:00,0.1522,0.1525,0.1506,0.1524,3376831.0
2026-06-24 05:00:00+00:00,0.1524,0.1531,0.1521,0.1523,3660401.9
2026-06-24 06:00:00+00:00,0.1523,0.1523,0.1512,0.1515,3873182.8
2026-06-24 07:00:00+00:00,0.1515,0.1516,0.1502,0.1506,4550898.4
2026-06-24 08:00:00+00:00,0.1506,0.1513,0.1504,0.1512,2626104.0
2026-06-24 09:00:00+00:00,0.1512,0.1512,0.15,0.1504,4694764.0
2026-06-24 10:00:00+00:00,0.1503,0.1503,0.1458,0.1472,39512042.3
2026-06-24 11:00:00+00:00,0.1471,0.1497,0.1463,0.1483,12498839.2
2026-06-24 12:00:00+00:00,0.1483,0.1489,0.1479,0.148,7966416.3
2026-06-24 13:00:00+00:00,0.1481,0.1481,0.1445,0.1454,32082626.2
2026-06-24 14:00:00+00:00,0.1453,0.1463,0.145,0.1454,13984823.7
2026-06-24 15:00:00+00:00,0.1454,0.1455,0.1435,0.1439,9301043.5
2026-06-24 16:00:00+00:00,0.1439,0.1445,0.1407,0.1416,22628659.1
2026-06-24 17:00:00+00:00,0.1415,0.1425,0.1396,0.1401,21508794.1
2026-06-24 18:00:00+00:00,0.14,0.1427,0.1397,0.1417,11435661.6
2026-06-24 19:00:00+00:00,0.1417,0.1422,0.1401,0.1412,22553330.8
2026-06-24 20:00:00+00:00,0.1412,0.1456,0.1408,0.1452,23144679.5
2026-06-24 21:00:00+00:00,0.1453,0.1474,0.1448,0.1471,7404463.9
2026-06-24 22:00:00+00:00,0.1471,0.1494,0.1469,0.1472,13938325.4
2026-06-24 23:00:00+00:00,0.1472,0.1481,0.1469,0.1477,4490836.4
2026-06-25 00:00:00+00:00,0.1477,0.1492,0.1473,0.1476,12653581.5
2026-06-25 01:00:00+00:00,0.1477,0.1483,0.147,0.1478,3880971.2
2026-06-25 02:00:00+00:00,0.1477,0.1481,0.1473,0.1478,4266806.3
2026-06-25 03:00:00+00:00,0.1479,0.1482,0.1471,0.1475,3232093.4
2026-06-25 04:00:00+00:00,0.1475,0.1492,0.1471,0.1491,4792614.6
2026-06-25 05:00:00+00:00,0.1491,0.1508,0.1489,0.15,7695084.1
2026-06-25 06:00:00+00:00,0.1499,0.1505,0.1495,0.1498,2908617.8
2026-06-25 07:00:00+00:00,0.1498,0.1502,0.1491,0.1499,4729523.7
2026-06-25 08:00:00+00:00,0.1499,0.1501,0.1491,0.1493,3187878.5
2026-06-25 09:00:00+00:00,0.1493,0.1496,0.1489,0.1492,1951307.4
2026-06-25 10:00:00+00:00,0.1492,0.1495,0.148,0.1482,3812041.7
2026-06-25 11:00:00+00:00,0.1481,0.1484,0.1473,0.1476,5730402.6
2026-06-25 12:00:00+00:00,0.1477,0.1486,0.1462,0.1483,11177490.3
2026-06-25 13:00:00+00:00,0.1483,0.1489,0.1382,0.1389,29392806.2
2026-06-25 14:00:00+00:00,0.139,0.1456,0.139,0.1428,25130612.2
2026-06-25 15:00:00+00:00,0.1429,0.1434,0.1411,0.1432,8735682.2
2026-06-25 16:00:00+00:00,0.1432,0.1452,0.142,0.1428,6403073.8
2026-06-25 17:00:00+00:00,0.1428,0.1447,0.1424,0.1446,5406693.4
2026-06-25 18:00:00+00:00,0.1446,0.1447,0.1419,0.1423,6344721.5
2026-06-25 19:00:00+00:00,0.1422,0.1422,0.1406,0.1411,7517979.6
2026-06-25 20:00:00+00:00,0.1412,0.1421,0.1412,0.1415,4527624.5
2026-06-25 21:00:00+00:00,0.1415,0.1442,0.1415,0.1439,3414323.1
2026-06-25 22:00:00+00:00,0.144,0.1442,0.1431,0.1434,3312554.4
2026-06-25 23:00:00+00:00,0.1434,0.1444,0.1431,0.1438,3817848.4
2026-06-26 00:00:00+00:00,0.1438,0.1444,0.1431,0.1432,4450081.2
2026-06-26 01:00:00+00:00,0.1431,0.1434,0.1419,0.1422,3631668.5
2026-06-26 02:00:00+00:00,0.1422,0.1423,0.139,0.1396,12868908.9
2026-06-26 03:00:00+00:00,0.1396,0.1432,0.1385,0.1427,10028495.0
2026-06-26 04:00:00+00:00,0.1428,0.1433,0.1417,0.1418,3258968.7
2026-06-26 05:00:00+00:00,0.1418,0.1433,0.1415,0.1429,6858602.0
2026-06-26 06:00:00+00:00,0.1429,0.1453,0.1422,0.1452,8984429.3
2026-06-26 07:00:00+00:00,0.1452,0.1473,0.1451,0.1466,10467913.5
2026-06-26 08:00:00+00:00,0.1467,0.1469,0.1446,0.1449,5960905.1
2026-06-26 09:00:00+00:00,0.145,0.1453,0.1435,0.1438,5588123.8
2026-06-26 10:00:00+00:00,0.1438,0.1445,0.1434,0.1437,4048747.5
2026-06-26 11:00:00+00:00,0.1438,0.1446,0.1427,0.1433,3328865.6
2026-06-26 12:00:00+00:00,0.1434,0.1452,0.1425,0.1427,8635468.7
2026-06-26 13:00:00+00:00,0.1428,0.146,0.1412,0.1458,14192599.2
2026-06-26 14:00:00+00:00,0.1457,0.1463,0.1443,0.1446,12057251.9
2026-06-26 15:00:00+00:00,0.1445,0.1483,0.144,0.1481,11364358.9
2026-06-26 16:00:00+00:00,0.1481,0.15,0.147,0.148,12984147.6
2026-06-26 17:00:00+00:00,0.148,0.1491,0.1479,0.1481,6038034.4
2026-06-26 18:00:00+00:00,0.1481,0.1488,0.1467,0.1469,3764756.5
2026-06-26 19:00:00+00:00,0.1469,0.1485,0.1465,0.1477,6517699.3
2026-06-26 20:00:00+00:00,0.1477,0.1494,0.1471,0.1474,11184075.4
2026-06-26 21:00:00+00:00,0.1473,0.1482,0.1469,0.1472,2476905.1
2026-06-26 22:00:00+00:00,0.1471,0.1482,0.1464,0.148,3905742.4
2026-06-26 23:00:00+00:00,0.1481,0.1494,0.1479,0.1484,7156060.8
2026-06-27 00:00:00+00:00,0.1485,0.1491,0.1473,0.1482,4656663.6
2026-06-27 01:00:00+00:00,0.1482,0.1485,0.1477,0.1482,2431554.1
2026-06-27 02:00:00+00:00,0.1482,0.1497,0.1478,0.149,8685091.0
2026-06-27 03:00:00+00:00,0.149,0.1493,0.1481,0.1483,5576766.8
2026-06-27 04:00:00+00:00,0.1483,0.1491,0.1482,0.1483,4029849.2
2026-06-27 05:00:00+00:00,0.1483,0.1485,0.1473,0.1479,3331945.1
2026-06-27 06:00:00+00:00,0.1479,0.1483,0.1471,0.1479,3414586.5
2026-06-27 07:00:00+00:00,0.1479,0.1481,0.1476,0.1476,1928437.9
2026-06-27 08:00:00+00:00,0.1476,0.1478,0.1471,0.1473,3687720.2
2026-06-27 09:00:00+00:00,0.1473,0.1476,0.1467,0.1472,1776209.0
2026-06-27 10:00:00+00:00,0.1472,0.1475,0.1471,0.1475,1995420.3
2026-06-27 11:00:00+00:00,0.1474,0.1476,0.1464,0.1472,4301237.7
2026-06-27 12:00:00+00:00,0.1473,0.1474,0.1467,0.1474,2188305.8
2026-06-27 13:00:00+00:00,0.1474,0.1484,0.1472,0.1481,1890132.1
2026-06-27 14:00:00+00:00,0.1481,0.1491,0.1477,0.1485,5873419.6
2026-06-27 15:00:00+00:00,0.1486,0.1494,0.1484,0.1489,4482207.0
2026-06-27 16:00:00+00:00,0.1489,0.1491,0.1482,0.1484,2220709.2
2026-06-27 17:00:00+00:00,0.1485,0.1485,0.1466,0.1467,9191699.2
2026-06-27 18:00:00+00:00,0.1467,0.1471,0.1463,0.1469,3834010.1
2026-06-27 19:00:00+00:00,0.1469,0.147,0.1448,0.1453,3700467.4
2026-06-27 20:00:00+00:00,0.1453,0.1459,0.1453,0.1456,1104042.1
2026-06-27 21:00:00+00:00,0.1456,0.1461,0.1447,0.1449,2113296.5
2026-06-27 22:00:00+00:00,0.1449,0.1457,0.1438,0.1456,5467682.1
2026-06-27 23:00:00+00:00,0.1456,0.146,0.1451,0.1453,1723827.5
2026-06-28 00:00:00+00:00,0.1453,0.146,0.1451,0.1456,1278917.3
2026-06-28 01:00:00+00:00,0.1456,0.1456,0.1449,0.1455,1649680.8
2026-06-28 02:00:00+00:00,0.1455,0.1458,0.1446,0.1449,1710338.7
2026-06-28 03:00:00+00:00,0.1448,0.1455,0.1448,0.1454,1377530.9
2026-06-28 04:00:00+00:00,0.1454,0.1456,0.1449,0.1451,1314240.6
2026-06-28 05:00:00+00:00,0.1451,0.1452,0.1439,0.1445,2071241.4
2026-06-28 06:00:00+00:00,0.1446,0.1447,0.1434,0.1443,2905731.5
2026-06-28 07:00:00+00:00,0.1443,0.1453,0.1442,0.1452,2080567.8
2026-06-28 08:00:00+00:00,0.1453,0.1465,0.145,0.1458,2459884.0
2026-06-28 09:00:00+00:00,0.1459,0.1462,0.1447,0.1448,2521356.3
2026-06-28 10:00:00+00:00,0.1448,0.1452,0.1443,0.145,1543202.8
2026-06-28 11:00:00+00:00,0.145,0.1456,0.1446,0.1454,1535593.4
2026-06-28 12:00:00+00:00,0.1453,0.1457,0.1445,0.1449,1551043.8
2026-06-28 13:00:00+00:00,0.1448,0.1448,0.1441,0.1444,3987607.7
2026-06-28 14:00:00+00:00,0.1444,0.1454,0.1441,0.1446,2902038.8
2026-06-28 15:00:00+00:00,0.1446,0.1452,0.1441,0.1445,2541289.6
2026-06-28 16:00:00+00:00,0.1446,0.1447,0.1431,0.1437,4340289.9
2026-06-28 17:00:00+00:00,0.1437,0.1442,0.1427,0.1435,3678161.0
2026-06-28 18:00:00+00:00,0.1435,0.1439,0.1429,0.1433,2666590.6
2026-06-28 19:00:00+00:00,0.1432,0.1438,0.1422,0.1429,3543511.9
2026-06-28 20:00:00+00:00,0.1428,0.1439,0.1427,0.1433,1796543.5
2026-06-28 21:00:00+00:00,0.1434,0.1437,0.1415,0.1421,4043994.7
2026-06-28 22:00:00+00:00,0.1422,0.1442,0.1412,0.142,4835093.0
2026-06-28 23:00:00+00:00,0.1419,0.1445,0.1418,0.1438,3116378.9
2026-06-29 00:00:00+00:00,0.1438,0.1441,0.1419,0.1441,3601098.0
2026-06-29 01:00:00+00:00,0.1441,0.1443,0.1429,0.1437,1952095.4
2026-06-29 02:00:00+00:00,0.1436,0.1445,0.142,0.1443,4687380.3
2026-06-29 03:00:00+00:00,0.1443,0.146,0.1443,0.1452,5233377.2
2026-06-29 04:00:00+00:00,0.1451,0.1452,0.1437,0.144,2754162.4
2026-06-29 05:00:00+00:00,0.1441,0.1451,0.1427,0.145,6258359.9
2026-06-29 06:00:00+00:00,0.1451,0.1464,0.145,0.1452,2910496.3
2026-06-29 07:00:00+00:00,0.1452,0.1455,0.1446,0.1451,1409872.5
2026-06-29 08:00:00+00:00,0.145,0.1453,0.1437,0.1441,3402266.0
2026-06-29 09:00:00+00:00,0.1441,0.1452,0.144,0.1451,2745134.7
2026-06-29 10:00:00+00:00,0.1451,0.1459,0.1449,0.1454,3071850.8
2026-06-29 11:00:00+00:00,0.1454,0.146,0.1443,0.1449,7262693.8
2026-06-29 12:00:00+00:00,0.1449,0.1469,0.144,0.145,12238033.6
2026-06-29 13:00:00+00:00,0.145,0.1461,0.1436,0.1448,10787848.3
2026-06-29 14:00:00+00:00,0.1449,0.1453,0.1432,0.145,6553150.3
2026-06-29 15:00:00+00:00,0.1451,0.146,0.1436,0.1455,5912251.5
2026-06-29 16:00:00+00:00,0.1455,0.1459,0.1447,0.1454,2231288.9
2026-06-29 17:00:00+00:00,0.1455,0.1488,0.1454,0.1478,6388747.6
2026-06-29 18:00:00+00:00,0.1478,0.1482,0.1471,0.1473,3207094.8
2026-06-29 19:00:00+00:00,0.1473,0.148,0.1469,0.1477,3315230.6
2026-06-29 20:00:00+00:00,0.1476,0.1477,0.1469,0.1469,2065479.7
2026-06-29 21:00:00+00:00,0.1469,0.1478,0.1466,0.1473,1476249.4
2026-06-29 22:00:00+00:00,0.1473,0.1475,0.1462,0.1463,2634402.7
2026-06-29 23:00:00+00:00,0.1462,0.1464,0.1455,0.1458,2776768.1
2026-06-30 00:00:00+00:00,0.1458,0.146,0.1444,0.1444,3335580.0
2026-06-30 01:00:00+00:00,0.1444,0.1447,0.144,0.1444,3356522.9
2026-06-30 02:00:00+00:00,0.1444,0.145,0.1437,0.1446,2970403.7
2026-06-30 03:00:00+00:00,0.1446,0.1452,0.1443,0.1443,1614100.9
2026-06-30 04:00:00+00:00,0.1443,0.1449,0.1441,0.1447,3266572.9
2026-06-30 05:00:00+00:00,0.1447,0.145,0.144,0.1449,2817931.0
2026-06-30 06:00:00+00:00,0.145,0.1457,0.1447,0.1456,2385569.6
2026-06-30 07:00:00+00:00,0.1456,0.1457,0.1448,0.145,2684046.2
2026-06-30 08:00:00+00:00,0.1451,0.1452,0.1441,0.1446,3697485.9
2026-06-30 09:00:00+00:00,0.1446,0.145,0.1442,0.1448,4645587.5
2026-06-30 10:00:00+00:00,0.1449,0.145,0.1446,0.1448,3407884.3
2026-06-30 11:00:00+00:00,0.1448,0.1449,0.1438,0.144,2454784.1
2026-06-30 12:00:00+00:00,0.144,0.144,0.1421,0.1421,9160763.1
2026-06-30 13:00:00+00:00,0.1422,0.1442,0.1421,0.1441,7498972.3
2026-06-30 14:00:00+00:00,0.144,0.1456,0.1435,0.1438,8227280.6
2026-06-30 15:00:00+00:00,0.1438,0.1453,0.143,0.1444,11439881.9
2026-06-30 16:00:00+00:00,0.1444,0.1458,0.1436,0.1455,8033816.5
2026-06-30 17:00:00+00:00,0.1455,0.1465,0.1445,0.1446,6147327.8
2026-06-30 18:00:00+00:00,0.1446,0.1461,0.1442,0.1455,3922068.7
2026-06-30 19:00:00+00:00,0.1454,0.1457,0.1445,0.1449,4907001.3
2026-06-30 20:00:00+00:00,0.1448,0.145,0.1437,0.1439,4034950.1
2026-06-30 21:00:00+00:00,0.1438,0.1444,0.1435,0.1442,1600576.9
2026-06-30 22:00:00+00:00,0.1442,0.1447,0.1436,0.1442,2428605.2
2026-06-30 23:00:00+00:00,0.1442,0.1445,0.1439,0.1444,1807366.1
2026-07-01 00:00:00+00:00,0.1444,0.1446,0.1434,0.1445,3386050.9
2026-07-01 01:00:00+00:00,0.1446,0.1454,0.142,0.145,9186096.4
2026-07-01 02:00:00+00:00,0.145,0.1468,0.1447,0.1465,9579806.2
2026-07-01 03:00:00+00:00,0.1466,0.1509,0.1465,0.1495,24569064.8
2026-07-01 04:00:00+00:00,0.1495,0.153,0.149,0.151,24736789.5
2026-07-01 05:00:00+00:00,0.151,0.1524,0.1504,0.1515,13969166.5
2026-07-01 06:00:00+00:00,0.1516,0.1518,0.1488,0.1504,14068548.6
2026-07-01 07:00:00+00:00,0.1504,0.1508,0.1495,0.1501,7665445.9
2026-07-01 08:00:00+00:00,0.1501,0.1509,0.149,0.1507,11313903.7
2026-07-01 09:00:00+00:00,0.1506,0.1513,0.15,0.1504,5133443.2
2026-07-01 10:00:00+00:00,0.1504,0.1515,0.1499,0.1509,6095834.1
2026-07-01 11:00:00+00:00,0.1509,0.1524,0.1504,0.1508,7047193.5
2026-07-01 12:00:00+00:00,0.1508,0.1525,0.1503,0.1516,9703558.5
2026-07-01 13:00:00+00:00,0.1516,0.154,0.1509,0.1539,15403226.2
2026-07-01 14:00:00+00:00,0.1538,0.1575,0.1535,0.1557,25994733.2
2026-07-01 15:00:00+00:00,0.1556,0.1581,0.155,0.1553,17120314.3
2026-07-01 16:00:00+00:00,0.1553,0.1559,0.1545,0.1551,7742745.6
2026-07-01 17:00:00+00:00,0.1551,0.1552,0.1539,0.1549,8456822.4
2026-07-01 18:00:00+00:00,0.1548,0.155,0.1536,0.1541,4544411.1
2026-07-01 19:00:00+00:00,0.1541,0.1548,0.1527,0.1534,4719178.6
2026-07-01 20:00:00+00:00,0.1535,0.1541,0.1529,0.1541,4554438.4
2026-07-01 21:00:00+00:00,0.1541,0.158,0.154,0.1574,5810627.4
2026-07-01 22:00:00+00:00,0.1574,0.1579,0.1557,0.1559,11325572.8
2026-07-01 23:00:00+00:00,0.1559,0.1559,0.1539,0.1539,4818885.0
2026-07-02 00:00:00+00:00,0.1539,0.1541,0.1526,0.153,5576996.3
2026-07-02 01:00:00+00:00,0.1531,0.1554,0.153,0.1547,4438175.1
2026-07-02 02:00:00+00:00,0.1547,0.1553,0.1542,0.1547,7407420.0
2026-07-02 03:00:00+00:00,0.1547,0.1566,0.1538,0.1563,11268099.3
2026-07-02 04:00:00+00:00,0.1563,0.1563,0.1548,0.156,4482927.4
2026-07-02 05:00:00+00:00,0.156,0.156,0.1543,0.1544,1778557.2
2026-07-02 06:00:00+00:00,0.1545,0.1558,0.1542,0.1547,3072513.3
2026-07-02 07:00:00+00:00,0.1546,0.1559,0.1544,0.1551,5013716.7
2026-07-02 08:00:00+00:00,0.1552,0.1568,0.1549,0.1566,9109900.2
2026-07-02 09:00:00+00:00,0.1566,0.1585,0.1557,0.1578,8443339.0
2026-07-02 10:00:00+00:00,0.1577,0.1594,0.1576,0.1591,7381938.5
2026-07-02 11:00:00+00:00,0.1592,0.1603,0.1587,0.1597,11558530.2
2026-07-02 12:00:00+00:00,0.1596,0.1618,0.1594,0.1603,12020142.8
2026-07-02 13:00:00+00:00,0.1603,0.1628,0.1599,0.1618,8960564.6
2026-07-02 14:00:00+00:00,0.1619,0.1624,0.1595,0.16,8330388.0
2026-07-02 15:00:00+00:00,0.16,0.1613,0.1587,0.1608,4706226.8
2026-07-02 16:00:00+00:00,0.1608,0.1627,0.1594,0.1599,9809834.6
2026-07-02 17:00:00+00:00,0.1599,0.1602,0.1589,0.159,4687651.4
2026-07-02 18:00:00+00:00,0.159,0.1611,0.1589,0.1597,6303214.9
2026-07-02 19:00:00+00:00,0.1598,0.1603,0.1589,0.1597,3519057.6
2026-07-02 20:00:00+00:00,0.1598,0.1621,0.1596,0.1612,10348116.9
2026-07-02 21:00:00+00:00,0.1613,0.1619,0.1606,0.1611,2307873.2
2026-07-02 22:00:00+00:00,0.161,0.1622,0.1604,0.1615,4575649.7
2026-07-02 23:00:00+00:00,0.1614,0.163,0.1609,0.1615,9934439.4
2026-07-03 00:00:00+00:00,0.1615,0.1618,0.1606,0.1615,5184079.7
2026-07-03 01:00:00+00:00,0.1615,0.1661,0.1614,0.1658,12189381.7
2026-07-03 02:00:00+00:00,0.1658,0.1685,0.1646,0.1681,18451920.7
2026-07-03 03:00:00+00:00,0.168,0.1681,0.166,0.1668,17864062.0
2026-07-03 04:00:00+00:00,0.1668,0.167,0.1639,0.1641,10840530.5
2026-07-03 05:00:00+00:00,0.1641,0.1643,0.1632,0.1639,5200883.0
2026-07-03 06:00:00+00:00,0.1638,0.1665,0.1637,0.1649,6461217.3
2026-07-03 07:00:00+00:00,0.165,0.1658,0.1645,0.1651,7728578.5
2026-07-03 08:00:00+00:00,0.1651,0.1667,0.1648,0.1667,6108079.5
2026-07-03 09:00:00+00:00,0.1667,0.168,0.1659,0.1668,15131183.3
2026-07-03 10:00:00+00:00,0.1668,0.1692,0.1664,0.1682,14497320.9
2026-07-03 11:00:00+00:00,0.1683,0.17,0.1681,0.1696,6116506.7
2026-07-03 12:00:00+00:00,0.1696,0.1705,0.1679,0.1692,8392869.6
2026-07-03 13:00:00+00:00,0.1693,0.1712,0.169,0.1709,7264222.2
2026-07-03 14:00:00+00:00,0.1708,0.1716,0.1698,0.171,7803328.9
2026-07-03 15:00:00+00:00,0.171,0.1737,0.1707,0.1735,12461845.4
2026-07-03 16:00:00+00:00,0.1736,0.1749,0.1718,0.1743,22491585.3
2026-07-03 17:00:00+00:00,0.1743,0.177,0.174,0.1757,28606469.3
2026-07-03 18:00:00+00:00,0.1757,0.1809,0.1753,0.1788,22535302.1
2026-07-03 19:00:00+00:00,0.1787,0.1832,0.1782,0.1811,22390458.1
2026-07-03 20:00:00+00:00,0.181,0.183,0.18,0.1829,16912142.7
2026-07-03 21:00:00+00:00,0.1828,0.1829,0.1782,0.1792,11691023.9
2026-07-03 22:00:00+00:00,0.1792,0.1809,0.1784,0.1808,8627295.9
2026-07-03 23:00:00+00:00,0.1808,0.1812,0.1793,0.1798,7777800.3
2026-07-04 00:00:00+00:00,0.1798,0.1803,0.1783,0.1793,9029260.8
2026-07-04 01:00:00+00:00,0.1793,0.1799,0.1771,0.178,11105762.1
2026-07-04 02:00:00+00:00,0.1781,0.1784,0.177,0.1773,7786819.4
2026-07-04 03:00:00+00:00,0.1773,0.1777,0.1763,0.177,5408913.5
2026-07-04 04:00:00+00:00,0.1771,0.1801,0.1769,0.1794,9038040.9
2026-07-04 05:00:00+00:00,0.1794,0.1794,0.1773,0.1775,5931972.0
2026-07-04 06:00:00+00:00,0.1776,0.1785,0.1765,0.1768,4873372.8
2026-07-04 07:00:00+00:00,0.1768,0.1769,0.1751,0.1759,9103129.5
2026-07-04 08:00:00+00:00,0.1759,0.1766,0.1755,0.1762,5444437.8
2026-07-04 09:00:00+00:00,0.1762,0.1768,0.1753,0.1756,4176879.1
2026-07-04 10:00:00+00:00,0.1756,0.1763,0.175,0.1759,5817113.9
2026-07-04 11:00:00+00:00,0.176,0.1776,0.1758,0.1765,4303926.5
2026-07-04 12:00:00+00:00,0.1766,0.1784,0.1765,0.1779,4990895.1
2026-07-04 13:00:00+00:00,0.178,0.1791,0.177,0.179,9294157.9
2026-07-04 14:00:00+00:00,0.1789,0.1863,0.1788,0.1843,23653506.8
2026-07-04 15:00:00+00:00,0.1843,0.192,0.1843,0.1909,44005829.6
2026-07-04 16:00:00+00:00,0.1909,0.1988,0.1909,0.1955,68898847.6
2026-07-04 17:00:00+00:00,0.1955,0.2,0.1936,0.1998,39069936.3
2026-07-04 18:00:00+00:00,0.1999,0.2,0.1941,0.1955,15763989.8
2026-07-04 19:00:00+00:00,0.1955,0.1961,0.1925,0.1931,11392483.9
2026-07-04 20:00:00+00:00,0.1932,0.1943,0.1911,0.1915,5712417.5
2026-07-04 21:00:00+00:00,0.1915,0.1941,0.1914,0.1928,6608343.0
2026-07-04 22:00:00+00:00,0.1927,0.1929,0.1905,0.1923,6345336.6
2026-07-04 23:00:00+00:00,0.1923,0.1929,0.1907,0.1922,5614920.5
2026-07-05 00:00:00+00:00,0.1921,0.1936,0.1893,0.1931,14637497.8
2026-07-05 01:00:00+00:00,0.1932,0.1952,0.1907,0.1913,18570152.2
2026-07-05 02:00:00+00:00,0.1913,0.1916,0.1893,0.1915,10116346.4
2026-07-05 03:00:00+00:00,0.1916,0.1918,0.1893,0.1904,5543681.3
2026-07-05 04:00:00+00:00,0.1903,0.1925,0.1897,0.1905,7224826.0
2026-07-05 05:00:00+00:00,0.1904,0.1906,0.1882,0.189,5237794.2
2026-07-05 06:00:00+00:00,0.189,0.1902,0.1888,0.19,2906106.6
2026-07-05 07:00:00+00:00,0.1899,0.1943,0.1898,0.1931,11599020.2
2026-07-05 08:00:00+00:00,0.1931,0.1937,0.1915,0.1916,6254947.0
2026-07-05 09:00:00+00:00,0.1917,0.1929,0.1876,0.1876,10000534.6
2026-07-05 10:00:00+00:00,0.1877,0.1877,0.1851,0.1869,15793365.6
2026-07-05 11:00:00+00:00,0.187,0.1872,0.186,0.1868,3594401.9
2026-07-05 12:00:00+00:00,0.1867,0.1881,0.1853,0.1878,7767985.7
2026-07-05 13:00:00+00:00,0.1877,0.1893,0.1873,0.189,6208720.8
2026-07-05 14:00:00+00:00,0.189,0.1902,0.1881,0.1895,5643018.4
2026-07-05 15:00:00+00:00,0.1895,0.1908,0.1882,0.1892,6938099.6
2026-07-05 16:00:00+00:00,0.1892,0.1914,0.1888,0.1898,7045353.0
2026-07-05 17:00:00+00:00,0.1898,0.1912,0.1897,0.1903,5839174.2
2026-07-05 18:00:00+00:00,0.1904,0.1906,0.1893,0.1899,3875659.8
2026-07-05 19:00:00+00:00,0.1898,0.1904,0.1884,0.1891,5508318.1
2026-07-05 20:00:00+00:00,0.1891,0.1893,0.1875,0.1885,3681292.1
2026-07-05 21:00:00+00:00,0.1885,0.1915,0.188,0.1903,5422257.9
2026-07-05 22:00:00+00:00,0.1903,0.1927,0.1894,0.1904,12268251.5
2026-07-05 23:00:00+00:00,0.1905,0.1912,0.189,0.1895,8503251.6
2026-07-06 00:00:00+00:00,0.1895,0.1906,0.1876,0.1901,7971901.3
2026-07-06 01:00:00+00:00,0.1901,0.1907,0.1893,0.1894,4992115.0
2026-07-06 02:00:00+00:00,0.1893,0.1902,0.1883,0.1891,3617112.6
2026-07-06 03:00:00+00:00,0.189,0.1896,0.1874,0.1881,4639601.0
2026-07-06 04:00:00+00:00,0.1881,0.1885,0.1864,0.1867,2947781.7
2026-07-06 05:00:00+00:00,0.1866,0.1867,0.1836,0.1852,10041005.0
2026-07-06 06:00:00+00:00,0.1851,0.1853,0.1833,0.1837,4445321.3
2026-07-06 07:00:00+00:00,0.1837,0.1849,0.1829,0.1842,5955134.0
2026-07-06 08:00:00+00:00,0.1842,0.1864,0.1839,0.1846,5011119.5
2026-07-06 09:00:00+00:00,0.1847,0.185,0.1816,0.1822,8342956.2
2026-07-06 10:00:00+00:00,0.1821,0.1833,0.1819,0.1828,3238066.5
2026-07-06 11:00:00+00:00,0.1828,0.1838,0.1824,0.1825,2958617.8
2026-07-06 12:00:00+00:00,0.1824,0.1824,0.1789,0.1791,13014231.7
2026-07-06 13:00:00+00:00,0.179,0.1812,0.178,0.1798,11284308.8
2026-07-06 14:00:00+00:00,0.1798,0.1826,0.1794,0.182,8036328.8
2026-07-06 15:00:00+00:00,0.182,0.1865,0.1815,0.186,13395574.5
2026-07-06 16:00:00+00:00,0.1861,0.1865,0.184,0.1848,14096374.3
2026-07-06 17:00:00+00:00,0.1848,0.1849,0.183,0.1835,6305486.4
2026-07-06 18:00:00+00:00,0.1835,0.1848,0.1828,0.1835,6949505.5
2026-07-06 19:00:00+00:00,0.1835,0.1847,0.1833,0.1841,4200278.8
2026-07-06 20:00:00+00:00,0.1841,0.1842,0.1827,0.1831,2569256.3
2026-07-06 21:00:00+00:00,0.1832,0.1871,0.1832,0.1859,6864166.7
2026-07-06 22:00:00+00:00,0.1859,0.1859,0.1841,0.1843,4724886.7
2026-07-06 23:00:00+00:00,0.1844,0.1851,0.1839,0.1842,2704433.2
2026-07-07 00:00:00+00:00,0.1842,0.1852,0.1837,0.1848,2701199.4
2026-07-07 01:00:00+00:00,0.1848,0.1848,0.1828,0.1838,3811472.5
2026-07-07 02:00:00+00:00,0.1838,0.184,0.181,0.1813,3986670.8
2026-07-07 03:00:00+00:00,0.1814,0.1823,0.1807,0.1813,3832464.3
2026-07-07 04:00:00+00:00,0.1813,0.1813,0.1795,0.1797,3780301.7
2026-07-07 05:00:00+00:00,0.1797,0.1806,0.1788,0.1802,5708492.6
2026-07-07 06:00:00+00:00,0.1802,0.1815,0.1792,0.1812,4854942.3
2026-07-07 07:00:00+00:00,0.1811,0.1814,0.1795,0.1795,5197794.3
2026-07-07 08:00:00+00:00,0.1796,0.1799,0.1786,0.1792,4793688.2
2026-07-07 09:00:00+00:00,0.1793,0.1797,0.1784,0.1786,4522261.8
2026-07-07 10:00:00+00:00,0.1786,0.1797,0.1772,0.1773,7481765.2
2026-07-07 11:00:00+00:00,0.1773,0.178,0.1765,0.1774,6380728.2
2026-07-07 12:00:00+00:00,0.1775,0.1799,0.1774,0.1791,5944158.6
2026-07-07 13:00:00+00:00,0.1791,0.1792,0.1772,0.1775,4943686.6
2026-07-07 14:00:00+00:00,0.1775,0.1786,0.1755,0.177,9843544.0
2026-07-07 15:00:00+00:00,0.1771,0.1782,0.1757,0.1772,9444180.8
2026-07-07 16:00:00+00:00,0.1773,0.1785,0.1767,0.1773,5890164.3
2026-07-07 17:00:00+00:00,0.1774,0.1782,0.1762,0.178,4860578.3
2026-07-07 18:00:00+00:00,0.1781,0.1781,0.1756,0.1756,5751833.3
2026-07-07 19:00:00+00:00,0.1755,0.1769,0.1749,0.1767,3820542.7
2026-07-07 20:00:00+00:00,0.1766,0.177,0.1757,0.176,1813467.6
2026-07-07 21:00:00+00:00,0.176,0.1764,0.1743,0.1744,4060309.3
2026-07-07 22:00:00+00:00,0.1744,0.1749,0.1733,0.1747,2425723.1
2026-07-07 23:00:00+00:00,0.1746,0.1756,0.1743,0.1746,3282676.8
2026-07-08 00:00:00+00:00,0.1747,0.1759,0.1746,0.1759,2852644.2
2026-07-08 01:00:00+00:00,0.1759,0.1763,0.1725,0.1729,7070365.4
2026-07-08 02:00:00+00:00,0.1728,0.1729,0.1705,0.1714,7602497.9
2026-07-08 03:00:00+00:00,0.1714,0.1729,0.1706,0.1706,8276259.2
2026-07-08 04:00:00+00:00,0.1706,0.1715,0.1701,0.1706,4369100.9
2026-07-08 05:00:00+00:00,0.1707,0.1709,0.1696,0.1698,4585448.9
2026-07-08 06:00:00+00:00,0.1699,0.1699,0.1684,0.169,6707603.6
2026-07-08 07:00:00+00:00,0.1691,0.1698,0.1684,0.1696,3861003.8
2026-07-08 08:00:00+00:00,0.1696,0.1697,0.1658,0.166,9579117.6
2026-07-08 09:00:00+00:00,0.1661,0.1664,0.1651,0.1658,8526452.1
2026-07-08 10:00:00+00:00,0.1658,0.1673,0.1653,0.1671,5468070.0
2026-07-08 11:00:00+00:00,0.1672,0.1681,0.1658,0.1671,7998492.5
2026-07-08 12:00:00+00:00,0.1671,0.1676,0.1667,0.1668,4472318.8
2026-07-08 13:00:00+00:00,0.1667,0.1684,0.1662,0.1681,5374334.7
2026-07-08 14:00:00+00:00,0.1681,0.1696,0.166,0.1668,7882815.1
2026-07-08 15:00:00+00:00,0.1669,0.1669,0.1647,0.1656,6360760.2
2026-07-08 16:00:00+00:00,0.1656,0.1674,0.1655,0.1672,4106053.2
2026-07-08 17:00:00+00:00,0.1672,0.1674,0.1656,0.1658,3971270.3
2026-07-08 18:00:00+00:00,0.1658,0.1672,0.1657,0.1666,3250719.3
2026-07-08 19:00:00+00:00,0.1666,0.1671,0.1664,0.1668,2639243.2
2026-07-08 20:00:00+00:00,0.1667,0.1672,0.1659,0.166,3663080.1
2026-07-08 21:00:00+00:00,0.1661,0.1669,0.1653,0.1668,2838724.2
2026-07-08 22:00:00+00:00,0.1668,0.1672,0.1666,0.1669,791697.4
2026-07-08 23:00:00+00:00,0.1669,0.1672,0.1664,0.1671,2121106.1
2026-07-09 00:00:00+00:00,0.1671,0.1672,0.1666,0.167,1809593.9
2026-07-09 01:00:00+00:00,0.167,0.1689,0.166,0.1662,4520060.3
2026-07-09 02:00:00+00:00,0.1661,0.1671,0.1658,0.1665,3138834.4
2026-07-09 03:00:00+00:00,0.1665,0.167,0.166,0.1664,2703216.9
2026-07-09 04:00:00+00:00,0.1665,0.1685,0.1661,0.1684,5365612.5
2026-07-09 05:00:00+00:00,0.1684,0.1689,0.1672,0.1686,6086117.1
2026-07-09 06:00:00+00:00,0.1686,0.17,0.1682,0.1697,7269236.4
2026-07-09 07:00:00+00:00,0.1696,0.1699,0.168,0.1683,4809079.0
2026-07-09 08:00:00+00:00,0.1682,0.1684,0.1669,0.1672,4547270.7
2026-07-09 09:00:00+00:00,0.1672,0.1687,0.1669,0.1686,9966271.4
2026-07-09 10:00:00+00:00,0.1687,0.1687,0.1674,0.1684,8225807.5
2026-07-09 11:00:00+00:00,0.1685,0.1699,0.1681,0.1696,4429389.6
2026-07-09 12:00:00+00:00,0.1696,0.17,0.1685,0.169,6230204.0
2026-07-09 13:00:00+00:00,0.169,0.1699,0.1677,0.1696,3649799.5
2026-07-09 14:00:00+00:00,0.1696,0.1699,0.1681,0.1692,3113148.9
2026-07-09 15:00:00+00:00,0.1692,0.1693,0.1661,0.1667,15076809.9
2026-07-09 16:00:00+00:00,0.1667,0.1669,0.1652,0.1654,3692384.1
2026-07-09 17:00:00+00:00,0.1654,0.167,0.165,0.1666,7173705.2
2026-07-09 18:00:00+00:00,0.1666,0.1676,0.1662,0.1663,4384564.2
2026-07-09 19:00:00+00:00,0.1664,0.1665,0.1653,0.1658,5432455.7
2026-07-09 20:00:00+00:00,0.1658,0.1671,0.1655,0.167,1600426.3
2026-07-09 21:00:00+00:00,0.167,0.1676,0.1666,0.1669,2390171.4
2026-07-09 22:00:00+00:00,0.1669,0.1675,0.1666,0.1671,2170102.2
2026-07-09 23:00:00+00:00,0.167,0.1672,0.1661,0.1666,1540385.7
2026-07-10 00:00:00+00:00,0.1665,0.1668,0.1657,0.1666,2585187.6
2026-07-10 01:00:00+00:00,0.1667,0.1698,0.1663,0.1684,5170476.4
2026-07-10 02:00:00+00:00,0.1684,0.169,0.168,0.1689,2693173.5
2026-07-10 03:00:00+00:00,0.1688,0.1694,0.1671,0.1675,13174500.1
2026-07-10 04:00:00+00:00,0.1675,0.1683,0.1668,0.1674,10281407.7
2026-07-10 05:00:00+00:00,0.1674,0.1679,0.1667,0.1672,13435293.5
2026-07-10 06:00:00+00:00,0.1671,0.1673,0.166,0.1667,19629133.9
2026-07-10 07:00:00+00:00,0.1666,0.1671,0.1664,0.1665,2624066.8
2026-07-10 08:00:00+00:00,0.1666,0.1683,0.1666,0.1679,4079522.0
2026-07-10 09:00:00+00:00,0.1679,0.1692,0.1671,0.1688,5073426.7
2026-07-10 10:00:00+00:00,0.1688,0.1698,0.1681,0.1686,5608200.7
2026-07-10 11:00:00+00:00,0.1686,0.1691,0.1672,0.168,6309302.7
2026-07-10 12:00:00+00:00,0.1681,0.1684,0.1672,0.1677,9445605.5
2026-07-10 13:00:00+00:00,0.1677,0.1689,0.1674,0.1685,4646183.3
2026-07-10 14:00:00+00:00,0.1685,0.1685,0.1652,0.1658,9285239.0
2026-07-10 15:00:00+00:00,0.1657,0.1666,0.1655,0.1665,3418906.7
2026-07-10 16:00:00+00:00,0.1665,0.1675,0.1659,0.1674,2487425.2
2026-07-10 17:00:00+00:00,0.1674,0.1675,0.1664,0.1664,2202591.8
2026-07-10 18:00:00+00:00,0.1664,0.1672,0.1659,0.1661,1842810.3
2026-07-10 19:00:00+00:00,0.1661,0.1676,0.1659,0.1667,2078249.0
2026-07-10 20:00:00+00:00,0.1666,0.1672,0.1664,0.1666,1454977.8
2026-07-10 21:00:00+00:00,0.1667,0.1674,0.1667,0.1671,1121885.1
2026-07-10 22:00:00+00:00,0.1671,0.1674,0.1669,0.1672,1571884.3
2026-07-10 23:00:00+00:00,0.1672,0.1672,0.1664,0.1667,2097328.2
2026-07-11 00:00:00+00:00,0.1667,0.167,0.1662,0.1667,1829426.4
2026-07-11 01:00:00+00:00,0.1668,0.1672,0.1663,0.1666,2829779.9
2026-07-11 02:00:00+00:00,0.1665,0.1669,0.1664,0.1665,866820.5
2026-07-11 03:00:00+00:00,0.1666,0.1667,0.1662,0.1662,1288403.2
2026-07-11 04:00:00+00:00,0.1663,0.1667,0.1658,0.1664,2899548.7
2026-07-11 05:00:00+00:00,0.1664,0.1675,0.1664,0.1669,5760986.4
2026-07-11 06:00:00+00:00,0.167,0.1676,0.1667,0.1671,1380420.4
2026-07-11 07:00:00+00:00,0.1672,0.1679,0.1671,0.1678,1756135.6
2026-07-11 08:00:00+00:00,0.1678,0.1684,0.1674,0.1679,1945301.3
2026-07-11 09:00:00+00:00,0.1679,0.1685,0.1673,0.1674,1867936.3
2026-07-11 10:00:00+00:00,0.1673,0.1677,0.167,0.1675,1833829.5
2026-07-11 11:00:00+00:00,0.1675,0.168,0.1674,0.1679,1767807.1
2026-07-11 12:00:00+00:00,0.1678,0.1684,0.1675,0.1679,2207454.7
2026-07-11 13:00:00+00:00,0.1679,0.1684,0.1673,0.1679,1580593.5
2026-07-11 14:00:00+00:00,0.1679,0.1695,0.1676,0.1694,4041683.1
2026-07-11 15:00:00+00:00,0.1694,0.1745,0.1693,0.1719,22709124.2
2026-07-11 16:00:00+00:00,0.1719,0.1722,0.1702,0.1711,5718383.5
2026-07-11 17:00:00+00:00,0.1711,0.1717,0.1704,0.1707,2269451.4
2026-07-11 18:00:00+00:00,0.1708,0.1733,0.1706,0.1714,8101042.0
2026-07-11 19:00:00+00:00,0.1715,0.172,0.1711,0.1717,1490732.6
2026-07-11 20:00:00+00:00,0.1717,0.172,0.1707,0.1707,2872837.4
2026-07-11 21:00:00+00:00,0.1708,0.171,0.1695,0.17,2691276.6
2026-07-11 22:00:00+00:00,0.1701,0.1704,0.1685,0.1688,3813584.4
2026-07-11 23:00:00+00:00,0.1687,0.1691,0.1656,0.1658,9156804.5
2026-07-12 00:00:00+00:00,0.1657,0.1658,0.163,0.1637,10765812.9
2026-07-12 01:00:00+00:00,0.1637,0.1656,0.1635,0.1655,3557354.4
2026-07-12 02:00:00+00:00,0.1655,0.1655,0.1645,0.1652,2130399.3
2026-07-12 03:00:00+00:00,0.1651,0.1665,0.1647,0.1664,1975780.0
2026-07-12 04:00:00+00:00,0.1664,0.1665,0.1646,0.1648,5954798.4
2026-07-12 05:00:00+00:00,0.1648,0.1652,0.1639,0.164,3322156.7
2026-07-12 06:00:00+00:00,0.1641,0.1642,0.1623,0.1632,5211699.2
2026-07-12 07:00:00+00:00,0.1632,0.1643,0.1628,0.1637,3603438.0
2026-07-12 08:00:00+00:00,0.1638,0.1646,0.1636,0.1643,1246210.2
2026-07-12 09:00:00+00:00,0.1644,0.1653,0.1635,0.1645,3067288.0
2026-07-12 10:00:00+00:00,0.1646,0.1647,0.1637,0.164,1685473.5
2026-07-12 11:00:00+00:00,0.164,0.165,0.1633,0.1644,2544333.0
2026-07-12 12:00:00+00:00,0.1644,0.1655,0.1642,0.165,2306165.4
2026-07-12 13:00:00+00:00,0.1649,0.1654,0.1645,0.1647,1529715.2
2026-07-12 14:00:00+00:00,0.1647,0.1654,0.1639,0.165,2554634.0
2026-07-12 15:00:00+00:00,0.1651,0.1653,0.1643,0.1645,3216312.5
2026-07-12 16:00:00+00:00,0.1646,0.1647,0.164,0.1645,2673640.4
2026-07-12 17:00:00+00:00,0.1646,0.1649,0.1635,0.164,2341051.4
2026-07-12 18:00:00+00:00,0.1639,0.1646,0.1635,0.1644,1617014.6
2026-07-12 19:00:00+00:00,0.1644,0.1646,0.1639,0.1644,794700.3
2026-07-12 20:00:00+00:00,0.1644,0.1647,0.1638,0.164,1671077.1
2026-07-12 21:00:00+00:00,0.1641,0.1646,0.1632,0.1633,1909791.4
2026-07-12 22:00:00+00:00,0.1633,0.1633,0.161,0.162,7043223.8
2026-07-12 23:00:00+00:00,0.162,0.1623,0.1616,0.1621,1440674.3
2026-07-13 00:00:00+00:00,0.1621,0.1644,0.1614,0.1627,8056797.8
2026-07-13 01:00:00+00:00,0.1627,0.1628,0.16,0.1604,5779692.9
2026-07-13 02:00:00+00:00,0.1603,0.1609,0.1595,0.16,4333867.9
2026-07-13 03:00:00+00:00,0.16,0.1601,0.1573,0.1589,9630469.2
2026-07-13 04:00:00+00:00,0.1589,0.1595,0.1585,0.159,2456605.8
2026-07-13 05:00:00+00:00,0.159,0.1603,0.1585,0.16,3188445.8
2026-07-13 06:00:00+00:00,0.16,0.1606,0.1597,0.1603,3638300.4
2026-07-13 07:00:00+00:00,0.1603,0.1606,0.1599,0.1605,3306387.5
2026-07-13 08:00:00+00:00,0.1604,0.1607,0.1595,0.1603,2724680.8
2026-07-13 09:00:00+00:00,0.1603,0.1605,0.1598,0.1599,1251350.0
2026-07-13 10:00:00+00:00,0.1598,0.1603,0.1595,0.1596,1620352.8
2026-07-13 11:00:00+00:00,0.1596,0.1601,0.1594,0.1595,2105535.0
2026-07-13 12:00:00+00:00,0.1595,0.1599,0.1589,0.159,3895434.3
2026-07-13 13:00:00+00:00,0.1591,0.1591,0.1574,0.1582,6041014.1
2026-07-13 14:00:00+00:00,0.1582,0.1601,0.1574,0.16,6362937.0
2026-07-13 15:00:00+00:00,0.1601,0.1601,0.1588,0.1589,2516525.3
2026-07-13 16:00:00+00:00,0.1589,0.1592,0.1578,0.1582,2997727.8
2026-07-13 17:00:00+00:00,0.1582,0.1586,0.1565,0.1567,6239967.5
2026-07-13 18:00:00+00:00,0.1567,0.1579,0.1566,0.1574,2220519.6
2026-07-13 19:00:00+00:00,0.1574,0.1583,0.1571,0.1583,2457575.8
2026-07-13 20:00:00+00:00,0.1583,0.1584,0.1572,0.1575,1672305.6
2026-07-13 21:00:00+00:00,0.1575,0.1576,0.1554,0.1563,4899624.4
2026-07-13 22:00:00+00:00,0.1563,0.157,0.1562,0.1564,1380507.0
2026-07-13 23:00:00+00:00,0.1564,0.1576,0.1562,0.1576,1616967.7
2026-07-14 00:00:00+00:00,0.1575,0.1585,0.1569,0.1584,2542013.3
2026-07-14 01:00:00+00:00,0.1584,0.1585,0.1577,0.1578,1128056.4
2026-07-14 02:00:00+00:00,0.1577,0.158,0.1568,0.1575,1661388.2
2026-07-14 03:00:00+00:00,0.1575,0.1577,0.156,0.1576,5576962.6
2026-07-14 04:00:00+00:00,0.1577,0.1582,0.1573,0.1579,1727358.7
2026-07-14 05:00:00+00:00,0.1579,0.1604,0.1577,0.1594,8794209.3
2026-07-14 06:00:00+00:00,0.1595,0.1596,0.1587,0.1588,1450123.5
2026-07-14 07:00:00+00:00,0.1588,0.1592,0.1585,0.1588,1286112.2
2026-07-14 08:00:00+00:00,0.1587,0.1592,0.1584,0.1586,1297658.6
2026-07-14 09:00:00+00:00,0.1587,0.1591,0.1582,0.1585,1097027.5
2026-07-14 10:00:00+00:00,0.1586,0.1591,0.1582,0.1588,2922971.3
2026-07-14 11:00:00+00:00,0.1589,0.1594,0.1584,0.1592,1844895.9
2026-07-14 12:00:00+00:00,0.1593,0.1623,0.1583,0.1622,16087679.6
2026-07-14 13:00:00+00:00,0.1622,0.1646,0.1615,0.1638,11740258.3
2026-07-14 14:00:00+00:00,0.1637,0.1647,0.1626,0.1644,10159042.1
2026-07-14 15:00:00+00:00,0.1644,0.1682,0.164,0.1656,19047715.2
2026-07-14 16:00:00+00:00,0.1657,0.1666,0.1653,0.1654,5231603.8
2026-07-14 17:00:00+00:00,0.1654,0.1655,0.1636,0.1638,6094939.9
2026-07-14 18:00:00+00:00,0.1638,0.1638,0.1626,0.1633,5141318.9
2026-07-14 19:00:00+00:00,0.1633,0.1639,0.1629,0.1635,3240244.8
2026-07-14 20:00:00+00:00,0.1635,0.1636,0.1629,0.1634,2507047.4
2026-07-14 21:00:00+00:00,0.1634,0.1651,0.1633,0.1645,2513229.3
2026-07-14 22:00:00+00:00,0.1645,0.1653,0.1635,0.1645,3675080.5
2026-07-14 23:00:00+00:00,0.1646,0.1656,0.1642,0.1656,4185428.9
2026-07-15 00:00:00+00:00,0.1656,0.1659,0.1644,0.1648,4520275.9
2026-07-15 01:00:00+00:00,0.1648,0.1649,0.1631,0.1636,2817015.8
2026-07-15 02:00:00+00:00,0.1637,0.1637,0.162,0.1627,4450401.7
2026-07-15 03:00:00+00:00,0.1628,0.1642,0.1625,0.1641,3562101.4
2026-07-15 04:00:00+00:00,0.1642,0.1645,0.1632,0.1636,5842004.3
2026-07-15 05:00:00+00:00,0.1637,0.1645,0.1629,0.1645,1988638.6
2026-07-15 06:00:00+00:00,0.1645,0.1656,0.1642,0.1642,4370207.3
2026-07-15 07:00:00+00:00,0.1642,0.1642,0.1626,0.1632,4595260.7
2026-07-15 08:00:00+00:00,0.1632,0.1639,0.1627,0.1637,1829003.8
2026-07-15 09:00:00+00:00,0.1638,0.1655,0.1637,0.1642,5947709.0
2026-07-15 10:00:00+00:00,0.1641,0.1648,0.164,0.1645,2032126.6
2026-07-15 11:00:00+00:00,0.1645,0.1655,0.1644,0.1646,4896342.2
2026-07-15 12:00:00+00:00,0.1646,0.1672,0.1642,0.167,9304281.7
2026-07-15 13:00:00+00:00,0.167,0.1694,0.1658,0.1663,11672004.5
2026-07-15 14:00:00+00:00,0.1664,0.167,0.1654,0.1665,5431287.0
2026-07-15 15:00:00+00:00,0.1666,0.1666,0.1654,0.1657,6782568.3
2026-07-15 16:00:00+00:00,0.1658,0.1659,0.1625,0.1636,7280461.6
2026-07-15 17:00:00+00:00,0.1636,0.1654,0.1635,0.1649,4022410.2
2026-07-15 18:00:00+00:00,0.1649,0.1655,0.1635,0.1637,3132896.5
2026-07-15 19:00:00+00:00,0.1638,0.1645,0.1631,0.1637,3746724.0
2026-07-15 20:00:00+00:00,0.1637,0.1653,0.1635,0.1646,4848184.1
2026-07-15 21:00:00+00:00,0.1645,0.1651,0.1641,0.1646,1638785.1
2026-07-15 22:00:00+00:00,0.1646,0.1656,0.1644,0.1654,3041530.0
2026-07-15 23:00:00+00:00,0.1655,0.1663,0.165,0.1651,3192709.7
2026-07-16 00:00:00+00:00,0.1651,0.1656,0.164,0.1647,3532747.0
2026-07-16 01:00:00+00:00,0.1647,0.1655,0.1639,0.1654,2634079.6
2026-07-16 02:00:00+00:00,0.1655,0.1664,0.1649,0.1663,1955690.7
2026-07-16 03:00:00+00:00,0.1663,0.1663,0.1646,0.165,2485589.0
2026-07-16 04:00:00+00:00,0.1649,0.1652,0.1644,0.1647,4022495.0
2026-07-16 05:00:00+00:00,0.1648,0.1651,0.1643,0.1645,4289732.6
2026-07-16 06:00:00+00:00,0.1645,0.1651,0.1634,0.1641,5147006.6
2026-07-16 07:00:00+00:00,0.1641,0.1642,0.1624,0.163,4428813.5
2026-07-16 08:00:00+00:00,0.163,0.163,0.1611,0.1622,8742743.8
2026-07-16 09:00:00+00:00,0.1621,0.1624,0.1617,0.1617,2162709.1
2026-07-16 10:00:00+00:00,0.1617,0.1626,0.1616,0.1625,1299841.2
2026-07-16 11:00:00+00:00,0.1626,0.163,0.1621,0.1629,3373943.0
2026-07-16 12:00:00+00:00,0.163,0.1637,0.1616,0.1621,5314530.1
2026-07-16 13:00:00+00:00,0.162,0.1642,0.162,0.164,4807088.9
2026-07-16 14:00:00+00:00,0.164,0.1653,0.1634,0.1639,2886085.6
2026-07-16 15:00:00+00:00,0.164,0.1645,0.1626,0.1637,3551702.0
2026-07-16 16:00:00+00:00,0.1636,0.1638,0.1628,0.1635,1893099.5
2026-07-16 17:00:00+00:00,0.1636,0.1636,0.1619,0.1624,2909761.6
2026-07-16 18:00:00+00:00,0.1625,0.1631,0.1618,0.1624,1546215.7
2026-07-16 19:00:00+00:00,0.1623,0.163,0.1619,0.1629,1807418.8
2026-07-16 20:00:00+00:00,0.1629,0.163,0.1623,0.1627,933254.3
2026-07-16 21:00:00+00:00,0.1627,0.1636,0.1625,0.1631,1493600.5
2026-07-16 22:00:00+00:00,0.1631,0.1636,0.1605,0.1609,4950463.8
2026-07-16 23:00:00+00:00,0.1609,0.1612,0.1599,0.1609,5248499.0
2026-07-17 00:00:00+00:00,0.1609,0.1617,0.1601,0.1616,2781118.4
2026-07-17 01:00:00+00:00,0.1616,0.162,0.16,0.1602,2063965.6
2026-07-17 02:00:00+00:00,0.1602,0.1604,0.1592,0.1598,3641000.4
2026-07-17 03:00:00+00:00,0.1598,0.1614,0.1597,0.1604,2524269.3
2026-07-17 04:00:00+00:00,0.1604,0.1607,0.1595,0.1603,2699512.9
2026-07-17 05:00:00+00:00,0.1602,0.1602,0.1578,0.1582,4962144.4
2026-07-17 06:00:00+00:00,0.1582,0.1594,0.158,0.1592,3389605.3
2026-07-17 07:00:00+00:00,0.1591,0.1593,0.1588,0.159,2254847.7
2026-07-17 08:00:00+00:00,0.1589,0.1602,0.1583,0.16,4464269.9
2026-07-17 09:00:00+00:00,0.1601,0.161,0.1598,0.1609,3695770.6
2026-07-17 10:00:00+00:00,0.1608,0.1625,0.1608,0.1609,6732087.2
2026-07-17 11:00:00+00:00,0.1608,0.1612,0.1604,0.161,1246994.0
2026-07-17 12:00:00+00:00,0.1609,0.161,0.1596,0.1597,2075137.0
2026-07-17 13:00:00+00:00,0.1598,0.16,0.1578,0.16,6746909.6
2026-07-17 14:00:00+00:00,0.16,0.1631,0.16,0.1628,14658726.8
2026-07-17 15:00:00+00:00,0.1629,0.1642,0.1612,0.164,13412521.0
2026-07-17 16:00:00+00:00,0.1641,0.1669,0.1636,0.166,25585784.4
2026-07-17 17:00:00+00:00,0.1661,0.1671,0.165,0.1651,9675551.2
2026-07-17 18:00:00+00:00,0.1652,0.1665,0.165,0.166,6511452.3
2026-07-17 19:00:00+00:00,0.1659,0.1668,0.1649,0.166,8120921.5
2026-07-17 20:00:00+00:00,0.1661,0.1661,0.1649,0.1658,4846131.9
2026-07-17 21:00:00+00:00,0.1657,0.1669,0.1657,0.166,2697112.2
2026-07-17 22:00:00+00:00,0.166,0.1665,0.1655,0.1658,2501886.1
2026-07-17 23:00:00+00:00,0.1659,0.1676,0.1654,0.1667,11068848.6
2026-07-18 00:00:00+00:00,0.1667,0.1684,0.1665,0.1675,10768693.6
2026-07-18 01:00:00+00:00,0.1676,0.1683,0.1674,0.1674,3703478.7
2026-07-18 02:00:00+00:00,0.1675,0.1693,0.1675,0.1684,8424835.0
2026-07-18 03:00:00+00:00,0.1684,0.1687,0.1671,0.1679,4809287.9
2026-07-18 04:00:00+00:00,0.1679,0.1681,0.1663,0.1669,5131816.6
2026-07-18 05:00:00+00:00,0.1669,0.1674,0.1661,0.1667,2427217.1
2026-07-18 06:00:00+00:00,0.1666,0.167,0.1659,0.166,4078469.3
2026-07-18 07:00:00+00:00,0.1659,0.1667,0.1658,0.1662,3441143.8
2026-07-18 08:00:00+00:00,0.1661,0.1669,0.1659,0.1663,3170491.4
2026-07-18 09:00:00+00:00,0.1664,0.1665,0.165,0.1658,3197191.9
2026-07-18 10:00:00+00:00,0.1659,0.1664,0.1657,0.1659,2189159.9
2026-07-18 11:00:00+00:00,0.1658,0.1662,0.1658,0.1659,1392916.8
2026-07-18 12:00:00+00:00,0.1659,0.1666,0.1654,0.1659,3456601.1
2026-07-18 13:00:00+00:00,0.1659,0.1659,0.1642,0.1647,3559408.9
2026-07-18 14:00:00+00:00,0.1647,0.1651,0.1641,0.1651,3022784.9
2026-07-18 15:00:00+00:00,0.1651,0.1653,0.1643,0.1645,2371687.9
2026-07-18 16:00:00+00:00,0.1646,0.1646,0.1635,0.1643,5267476.3
2026-07-18 17:00:00+00:00,0.1643,0.1654,0.1641,0.1654,1962761.3
2026-07-18 18:00:00+00:00,0.1654,0.1662,0.1649,0.1653,2321765.4
2026-07-18 19:00:00+00:00,0.1653,0.1661,0.165,0.166,2091658.8
2026-07-18 20:00:00+00:00,0.1659,0.1668,0.1657,0.1663,2545476.6
2026-07-18 21:00:00+00:00,0.1662,0.1672,0.1659,0.1664,1738152.8
2026-07-18 22:00:00+00:00,0.1663,0.1672,0.1661,0.1671,1250294.6
2026-07-18 23:00:00+00:00,0.1671,0.1673,0.1666,0.1667,1454396.3
2026-07-19 00:00:00+00:00,0.1667,0.1672,0.1663,0.1671,2245340.3
2026-07-19 01:00:00+00:00,0.1672,0.1672,0.1666,0.1669,957142.2
2026-07-19 02:00:00+00:00,0.167,0.1688,0.1669,0.168,3070793.7
2026-07-19 03:00:00+00:00,0.1681,0.1682,0.1666,0.1668,2180520.1
2026-07-19 04:00:00+00:00,0.1668,0.1669,0.166,0.1662,975648.4
2026-07-19 05:00:00+00:00,0.1663,0.1667,0.1657,0.1661,2350309.0
2026-07-19 06:00:00+00:00,0.166,0.1668,0.1657,0.1663,1208762.1
2026-07-19 07:00:00+00:00,0.1663,0.1663,0.1655,0.1657,2468888.6
2026-07-19 08:00:00+00:00,0.1658,0.1662,0.1653,0.1658,2045305.4
2026-07-19 09:00:00+00:00,0.1659,0.166,0.1647,0.1649,2204213.2
2026-07-19 10:00:00+00:00,0.1649,0.1659,0.1646,0.1656,1940627.0
2026-07-19 11:00:00+00:00,0.1656,0.1659,0.1648,0.165,1837337.5
2026-07-19 12:00:00+00:00,0.1651,0.1655,0.1645,0.165,1900286.3
2026-07-19 13:00:00+00:00,0.1651,0.1657,0.1647,0.1656,943120.4
2026-07-19 14:00:00+00:00,0.1656,0.1671,0.1651,0.1667,1682744.8
2026-07-19 15:00:00+00:00,0.1667,0.1669,0.1659,0.1663,958182.3
2026-07-19 16:00:00+00:00,0.1663,0.1665,0.1652,0.1653,1274808.8
2026-07-19 17:00:00+00:00,0.1652,0.1657,0.1639,0.1652,2991950.7
2026-07-19 18:00:00+00:00,0.1652,0.1653,0.1639,0.1651,1788799.2
2026-07-19 19:00:00+00:00,0.1652,0.1661,0.1648,0.1661,1150036.4
2026-07-19 20:00:00+00:00,0.1661,0.1666,0.1659,0.1665,1952465.3
2026-07-19 21:00:00+00:00,0.1666,0.1667,0.1647,0.1651,1163585.5
2026-07-19 22:00:00+00:00,0.1651,0.167,0.1648,0.166,2133079.2
2026-07-19 23:00:00+00:00,0.1659,0.1666,0.1653,0.1663,986974.7
2026-07-20 00:00:00+00:00,0.1662,0.1684,0.1652,0.1656,5042462.5
2026-07-20 01:00:00+00:00,0.1657,0.1674,0.1643,0.1649,2903128.0
2026-07-20 02:00:00+00:00,0.1649,0.1666,0.1648,0.1659,2111567.6
2026-07-20 03:00:00+00:00,0.1659,0.1664,0.1649,0.1655,2094878.8
2026-07-20 04:00:00+00:00,0.1656,0.1656,0.1643,0.1644,2007135.5
2026-07-20 05:00:00+00:00,0.1644,0.1644,0.1621,0.1623,9472129.7
2026-07-20 06:00:00+00:00,0.1623,0.1626,0.1607,0.1614,5806964.9
2026-07-20 07:00:00+00:00,0.1615,0.1628,0.1612,0.1625,3406958.9
2026-07-20 08:00:00+00:00,0.1626,0.1632,0.1615,0.162,7716662.3
2026-07-20 09:00:00+00:00,0.1619,0.1631,0.1617,0.1629,1868102.5
2026-07-20 10:00:00+00:00,0.1628,0.1635,0.1626,0.1632,1196018.3
2026-07-20 11:00:00+00:00,0.1632,0.1662,0.1629,0.1655,6627157.8
2026-07-20 12:00:00+00:00,0.1656,0.1656,0.1639,0.1643,3197999.1
2026-07-20 13:00:00+00:00,0.1644,0.1645,0.1624,0.1629,4009391.8
2026-07-20 14:00:00+00:00,0.1628,0.1632,0.1617,0.1624,3076167.3
2026-07-20 15:00:00+00:00,0.1625,0.1671,0.1624,0.1669,6914305.2
2026-07-20 16:00:00+00:00,0.167,0.1675,0.1653,0.1663,12788558.1
2026-07-20 17:00:00+00:00,0.1662,0.1678,0.1659,0.1674,6969528.1
2026-07-20 18:00:00+00:00,0.1675,0.1707,0.1675,0.1684,15034694.4
2026-07-20 19:00:00+00:00,0.1683,0.1691,0.1676,0.1678,11672899.9
2026-07-20 20:00:00+00:00,0.1678,0.1699,0.1672,0.1699,7168301.1
2026-07-20 21:00:00+00:00,0.1699,0.172,0.1696,0.1699,9595024.8
2026-07-20 22:00:00+00:00,0.1699,0.1703,0.1689,0.1692,4553719.8
2026-07-20 23:00:00+00:00,0.1691,0.1712,0.1691,0.1698,3429813.3
2026-07-21 00:00:00+00:00,0.1697,0.1727,0.1694,0.1709,8207510.5
2026-07-21 01:00:00+00:00,0.1708,0.1715,0.17,0.1702,3699937.5
2026-07-21 02:00:00+00:00,0.1702,0.1708,0.1694,0.1705,2530586.5
2026-07-21 03:00:00+00:00,0.1705,0.1731,0.1705,0.1725,5644874.8
2026-07-21 04:00:00+00:00,0.1725,0.1734,0.1712,0.1723,9997130.3
2026-07-21 05:00:00+00:00,0.1722,0.1777,0.1722,0.1757,21188503.0
2026-07-21 06:00:00+00:00,0.1757,0.1776,0.1755,0.1763,10058657.8
2026-07-21 07:00:00+00:00,0.1762,0.1768,0.1749,0.1764,6773291.3
2026-07-21 08:00:00+00:00,0.1765,0.1765,0.1745,0.1745,4264404.7
2026-07-21 09:00:00+00:00,0.1746,0.1757,0.1743,0.1748,4639582.4
2026-07-21 10:00:00+00:00,0.1748,0.1758,0.1744,0.1747,6063855.8
2026-07-21 11:00:00+00:00,0.1747,0.175,0.1741,0.1747,3470104.3
2026-07-21 12:00:00+00:00,0.1748,0.1765,0.1744,0.1753,7020369.5
2026-07-21 13:00:00+00:00,0.1753,0.1761,0.175,0.1758,4878745.1
2026-07-21 14:00:00+00:00,0.1757,0.1769,0.1748,0.1757,8751349.4
2026-07-21 15:00:00+00:00,0.1758,0.1762,0.1745,0.1751,4816087.5
2026-07-21 16:00:00+00:00,0.1751,0.1753,0.172,0.1735,6517807.4
2026-07-21 17:00:00+00:00,0.1736,0.1742,0.172,0.1734,3993670.8
2026-07-21 18:00:00+00:00,0.1735,0.1737,0.1724,0.1734,2831321.1
2026-07-21 19:00:00+00:00,0.1734,0.1743,0.1729,0.1738,4136958.8
2026-07-21 20:00:00+00:00,0.1738,0.1743,0.1733,0.1735,1904915.7
2026-07-21 21:00:00+00:00,0.1735,0.1737,0.1727,0.173,1435868.4
2026-07-21 22:00:00+00:00,0.1729,0.1731,0.1724,0.1731,1066552.8
2026-07-21 23:00:00+00:00,0.1731,0.1739,0.1724,0.1737,1526464.5
2026-07-22 00:00:00+00:00,0.1737,0.1741,0.1734,0.1739,2808332.5
2026-07-22 01:00:00+00:00,0.1739,0.1747,0.1731,0.1742,2201187.0
2026-07-22 02:00:00+00:00,0.1743,0.1754,0.1738,0.1743,2039364.9
2026-07-22 03:00:00+00:00,0.1743,0.1745,0.1733,0.1734,2107323.1
2026-07-22 04:00:00+00:00,0.1734,0.1743,0.1732,0.1743,2052863.9
2026-07-22 05:00:00+00:00,0.1743,0.1744,0.1713,0.1715,5918855.4
2026-07-22 06:00:00+00:00,0.1714,0.1716,0.1706,0.1708,2579949.3
2026-07-22 07:00:00+00:00,0.1708,0.1713,0.1704,0.1711,2247147.9
2026-07-22 08:00:00+00:00,0.1711,0.1726,0.171,0.1725,2157829.2
2026-07-22 09:00:00+00:00,0.1726,0.1734,0.1723,0.1733,3034164.2
2026-07-22 10:00:00+00:00,0.1733,0.1739,0.173,0.1736,1821891.9
2026-07-22 11:00:00+00:00,0.1735,0.1736,0.1724,0.173,2034269.2
2026-07-22 12:00:00+00:00,0.173,0.1732,0.1716,0.1723,2563174.1
2026-07-22 13:00:00+00:00,0.1724,0.1759,0.1723,0.1755,5444033.7
2026-07-22 14:00:00+00:00,0.1755,0.178,0.1739,0.1754,8853930.5
2026-07-22 15:00:00+00:00,0.1755,0.1797,0.1755,0.1779,10169782.2
2026-07-22 16:00:00+00:00,0.1779,0.1808,0.1771,0.18,7621941.7
2026-07-22 17:00:00+00:00,0.1799,0.1801,0.1777,0.1779,2964290.8
2026-07-22 18:00:00+00:00,0.178,0.1784,0.1755,0.1758,4015692.2
2026-07-22 19:00:00+00:00,0.1758,0.176,0.1738,0.1746,7438347.4
2026-07-22 20:00:00+00:00,0.1745,0.1749,0.1738,0.1746,3210695.0
2026-07-22 21:00:00+00:00,0.1745,0.1755,0.1739,0.1751,1695584.0
2026-07-22 22:00:00+00:00,0.1752,0.1759,0.1745,0.1753,1645787.0
2026-07-22 23:00:00+00:00,0.1754,0.1755,0.1732,0.1745,2846405.6
2026-07-23 00:00:00+00:00,0.1745,0.1767,0.1742,0.1758,3060167.7
2026-07-23 01:00:00+00:00,0.1758,0.1761,0.1743,0.1747,1561169.9
2026-07-23 02:00:00+00:00,0.1747,0.1749,0.1736,0.1746,1215797.3
2026-07-23 03:00:00+00:00,0.1746,0.1748,0.1739,0.1741,1436868.7
2026-07-23 04:00:00+00:00,0.174,0.1755,0.1737,0.1744,2513002.3
2026-07-23 05:00:00+00:00,0.1744,0.175,0.1739,0.1743,1350030.6
2026-07-23 06:00:00+00:00,0.1743,0.1746,0.1738,0.1743,1220172.9
2026-07-23 07:00:00+00:00,0.1742,0.1742,0.1723,0.173,2920278.1
2026-07-23 08:00:00+00:00,0.1731,0.1742,0.1726,0.1739,1751779.2
2026-07-23 09:00:00+00:00,0.174,0.1746,0.1734,0.1734,1132978.5
2026-07-23 10:00:00+00:00,0.1735,0.1748,0.1733,0.1747,1206582.6
2026-07-23 11:00:00+00:00,0.1747,0.1759,0.1739,0.1744,3065559.7
2026-07-23 12:00:00+00:00,0.1744,0.1752,0.1721,0.173,3763216.8
2026-07-23 13:00:00+00:00,0.173,0.1732,0.1708,0.1715,5094381.6
2026-07-23 14:00:00+00:00,0.1715,0.1719,0.1688,0.1695,7855486.0
2026-07-23 15:00:00+00:00,0.1695,0.1708,0.1681,0.1705,8660698.1
2026-07-23 16:00:00+00:00,0.1705,0.1708,0.1691,0.1695,4537585.8
2026-07-23 17:00:00+00:00,0.1694,0.1701,0.1682,0.1686,2440164.2
2026-07-23 18:00:00+00:00,0.1686,0.1698,0.1685,0.1694,2049195.0
2026-07-23 19:00:00+00:00,0.1694,0.1699,0.1688,0.1697,2058443.9
2026-07-23 20:00:00+00:00,0.1696,0.1705,0.1695,0.1697,1339990.1
2026-07-23 21:00:00+00:00,0.1698,0.17,0.1687,0.169,1264018.6
2026-07-23 22:00:00+00:00,0.169,0.1694,0.1681,0.1693,1840593.1
2026-07-23 23:00:00+00:00,0.1693,0.1694,0.1683,0.1685,1141774.8
2026-07-24 00:00:00+00:00,0.1685,0.1685,0.1668,0.1673,4506917.0
2026-07-24 01:00:00+00:00,0.1672,0.1676,0.1664,0.167,3708815.6
2026-07-24 02:00:00+00:00,0.1671,0.1678,0.1664,0.1668,3611750.1
2026-07-24 03:00:00+00:00,0.1668,0.1679,0.1667,0.1674,1170045.9
2026-07-24 04:00:00+00:00,0.1675,0.1675,0.1669,0.1673,1657706.3
2026-07-24 05:00:00+00:00,0.1674,0.1677,0.1667,0.1668,1592920.0
2026-07-24 06:00:00+00:00,0.1668,0.1673,0.1665,0.1672,1816130.6
2026-07-24 07:00:00+00:00,0.1673,0.1686,0.167,0.1683,3306867.0
2026-07-24 08:00:00+00:00,0.1682,0.1683,0.1674,0.1679,1328496.6
2026-07-24 09:00:00+00:00,0.1679,0.168,0.1661,0.1674,3137387.4
2026-07-24 10:00:00+00:00,0.1674,0.1675,0.1662,0.1665,2103323.0
2026-07-24 11:00:00+00:00,0.1665,0.1667,0.1655,0.1664,2182734.5
2026-07-24 12:00:00+00:00,0.1664,0.1667,0.1654,0.1654,2020357.9
2026-07-24 13:00:00+00:00,0.1655,0.1657,0.1639,0.1646,7734406.5
2026-07-24 14:00:00+00:00,0.1647,0.1649,0.1634,0.1649,3103463.2
2026-07-24 15:00:00+00:00,0.1649,0.1652,0.1638,0.1648,2603531.7
2026-07-24 16:00:00+00:00,0.1648,0.1648,0.1629,0.1631,4525352.2
2026-07-24 17:00:00+00:00,0.1631,0.1641,0.1627,0.1638,2677219.7
2026-07-24 18:00:00+00:00,0.1637,0.1641,0.163,0.1639,2550148.7
2026-07-24 19:00:00+00:00,0.164,0.164,0.1633,0.1637,1235138.7
2026-07-24 20:00:00+00:00,0.1638,0.1639,0.1633,0.1636,958129.5
2026-07-24 21:00:00+00:00,0.1636,0.1638,0.1632,0.1632,1063512.0
2026-07-24 22:00:00+00:00,0.1633,0.1642,0.1632,0.164,614961.4
2026-07-24 23:00:00+00:00,0.164,0.1643,0.1636,0.164,560430.2
2026-07-25 00:00:00+00:00,0.164,0.1648,0.1638,0.1644,1496391.5
2026-07-25 01:00:00+00:00,0.1644,0.1646,0.1637,0.1638,927987.6
2026-07-25 02:00:00+00:00,0.1638,0.1643,0.1636,0.1641,871485.2
2026-07-25 03:00:00+00:00,0.1641,0.1644,0.1638,0.164,622638.7
2026-07-25 04:00:00+00:00,0.164,0.1642,0.1637,0.1638,1155359.0
2026-07-25 05:00:00+00:00,0.1638,0.164,0.1628,0.1631,1445289.6
2026-07-25 06:00:00+00:00,0.1632,0.1634,0.1615,0.1623,2743090.2
2026-07-25 07:00:00+00:00,0.1622,0.1622,0.1616,0.1616,1650390.1
2026-07-25 08:00:00+00:00,0.1617,0.1622,0.1615,0.1618,2123607.8
2026-07-25 09:00:00+00:00,0.1619,0.1628,0.1617,0.1624,1424820.5
2026-07-25 10:00:00+00:00,0.1625,0.1627,0.162,0.1623,1531012.4
2026-07-25 11:00:00+00:00,0.1622,0.1627,0.162,0.1627,791788.1
2026-07-25 12:00:00+00:00,0.1627,0.1634,0.1626,0.1633,802579.5
2026-07-25 13:00:00+00:00,0.1633,0.1643,0.1632,0.1636,1758502.2
2026-07-25 14:00:00+00:00,0.1637,0.1644,0.1631,0.1644,2209205.3
2026-07-25 15:00:00+00:00,0.1644,0.165,0.1643,0.1648,1643283.6
2026-07-25 16:00:00+00:00,0.1648,0.1658,0.1641,0.1652,2636890.1
2026-07-25 17:00:00+00:00,0.1652,0.167,0.1647,0.1656,3604899.0
2026-07-25 18:00:00+00:00,0.1657,0.1664,0.1655,0.166,1715379.8
2026-07-25 19:00:00+00:00,0.1659,0.166,0.1653,0.1656,1240404.9
2026-07-25 20:00:00+00:00,0.1656,0.1657,0.1645,0.1647,600849.0
2026-07-25 21:00:00+00:00,0.1647,0.165,0.1638,0.1647,1657110.5
2026-07-25 22:00:00+00:00,0.1648,0.1653,0.1645,0.1651,1245047.2
2026-07-25 23:00:00+00:00,0.1651,0.1651,0.1646,0.1648,524991.6
2026-07-26 00:00:00+00:00,0.1649,0.1656,0.1648,0.1653,1337242.3
2026-07-26 01:00:00+00:00,0.1654,0.1655,0.165,0.1651,594201.0
2026-07-26 02:00:00+00:00,0.1652,0.1655,0.1646,0.1655,789765.2
2026-07-26 03:00:00+00:00,0.1655,0.1659,0.1651,0.1654,887987.8
2026-07-26 04:00:00+00:00,0.1655,0.166,0.1651,0.1658,767687.3
2026-07-26 05:00:00+00:00,0.1658,0.166,0.1652,0.1654,985613.5
2026-07-26 06:00:00+00:00,0.1655,0.1664,0.165,0.1662,1187287.4
2026-07-26 07:00:00+00:00,0.1663,0.1667,0.1651,0.1651,2598661.9
2026-07-26 08:00:00+00:00,0.1651,0.1653,0.1646,0.1652,1584412.5
2026-07-26 09:00:00+00:00,0.1652,0.1654,0.1649,0.165,651791.5
2026-07-26 10:00:00+00:00,0.1649,0.1654,0.1648,0.1654,1664894.5
2026-07-26 11:00:00+00:00,0.1655,0.1655,0.1649,0.1651,1067870.4
2026-07-26 12:00:00+00:00,0.1651,0.1655,0.1648,0.1649,1014837.1
2026-07-26 13:00:00+00:00,0.1649,0.1649,0.1643,0.1646,1299496.6
2026-07-26 14:00:00+00:00,0.1646,0.1649,0.1641,0.1649,2098406.4
2026-07-26 15:00:00+00:00,0.1649,0.1656,0.1645,0.1655,2204796.5
2026-07-26 16:00:00+00:00,0.1655,0.1663,0.1651,0.1654,1377836.5
2026-07-26 17:00:00+00:00,0.1654,0.1655,0.1645,0.1647,1106439.6
2026-07-26 18:00:00+00:00,0.1647,0.1649,0.1644,0.1648,1166408.6
2026-07-26 19:00:00+00:00,0.1647,0.1648,0.1643,0.1645,1706071.4
2026-07-26 20:00:00+00:00,0.1645,0.1646,0.1642,0.1642,1185186.3
2026-07-26 21:00:00+00:00,0.1643,0.1652,0.1642,0.165,1329171.5
2026-07-26 22:00:00+00:00,0.165,0.1663,0.165,0.1658,3944362.6
2026-07-26 23:00:00+00:00,0.1657,0.1666,0.1651,0.166,1874597.1
2026-07-27 00:00:00+00:00,0.1661,0.1661,0.1652,0.1654,1578917.9
2026-07-27 01:00:00+00:00,0.1653,0.1656,0.1646,0.165,1397619.2
2026-07-27 02:00:00+00:00,0.165,0.1652,0.1646,0.1649,1390314.1
2026-07-27 03:00:00+00:00,0.165,0.1655,0.1647,0.1654,1379544.3
2026-07-27 04:00:00+00:00,0.1655,0.1665,0.1651,0.1654,1887582.9
2026-07-27 05:00:00+00:00,0.1654,0.1661,0.1651,0.1657,1594580.0
2026-07-27 06:00:00+00:00,0.1657,0.1673,0.1657,0.1662,2759612.7
2026-07-27 07:00:00+00:00,0.1661,0.1664,0.1649,0.165,2242433.8
2026-07-27 08:00:00+00:00,0.165,0.1655,0.1647,0.165,2366441.5
2026-07-27 09:00:00+00:00,0.1649,0.1657,0.1646,0.1654,3050367.6
2026-07-27 10:00:00+00:00,0.1654,0.1659,0.1651,0.1656,794498.4
2026-07-27 11:00:00+00:00,0.1656,0.1656,0.1645,0.1646,907055.3
2026-07-27 12:00:00+00:00,0.1646,0.1649,0.1626,0.164,7724219.4
2026-07-27 13:00:00+00:00,0.164,0.1657,0.163,0.1645,4332282.6
2026-07-27 14:00:00+00:00,0.1645,0.1647,0.158,0.159,17903269.8
2026-07-27 15:00:00+00:00,0.1589,0.1597,0.1579,0.158,7386527.2
2026-07-27 16:00:00+00:00,0.1579,0.1595,0.1571,0.159,9402477.0
2026-07-27 17:00:00+00:00,0.159,0.1596,0.1586,0.1593,2277970.4
2026-07-27 18:00:00+00:00,0.1592,0.1595,0.158,0.1585,5062775.7
2026-07-27 19:00:00+00:00,0.1586,0.1595,0.1584,0.159,2245691.8
2026-07-27 20:00:00+00:00,0.159,0.1592,0.1586,0.1592,1232562.6
2026-07-27 21:00:00+00:00,0.1592,0.1592,0.1585,0.1588,2006353.6
2026-07-27 22:00:00+00:00,0.1588,0.1588,0.1545,0.1547,13337533.0
2026-07-27 23:00:00+00:00,0.1547,0.1562,0.1537,0.1556,6496976.2
2026-07-28 00:00:00+00:00,0.1556,0.1564,0.1548,0.1549,5281137.8
2026-07-28 01:00:00+00:00,0.155,0.1557,0.1533,0.1543,6168574.5
2026-07-28 02:00:00+00:00,0.1543,0.1553,0.154,0.1551,5011464.9
2026-07-28 03:00:00+00:00,0.1551,0.1552,0.1546,0.1549,2312357.6
2026-07-28 04:00:00+00:00,0.1548,0.1556,0.1547,0.1553,2402249.3
2026-07-28 05:00:00+00:00,0.1553,0.1561,0.1552,0.156,5211119.4
2026-07-28 06:00:00+00:00,0.1561,0.1579,0.1557,0.1569,14187314.2
2026-07-28 07:00:00+00:00,0.1569,0.1575,0.1564,0.1572,5941751.2
2026-07-28 08:00:00+00:00,0.1571,0.1577,0.1566,0.1573,4664392.2
2026-07-28 09:00:00+00:00,0.1573,0.1582,0.1569,0.1573,3165907.4
2026-07-28 10:00:00+00:00,0.1572,0.1575,0.1569,0.157,1593611.7
2026-07-28 11:00:00+00:00,0.157,0.1576,0.1564,0.1571,5200076.5
2026-07-28 12:00:00+00:00,0.1572,0.1586,0.157,0.1583,5494644.1
2026-07-28 13:00:00+00:00,0.1584,0.1587,0.1553,0.1563,8832694.7
2026-07-28 14:00:00+00:00,0.1565,0.1571,0.156,0.1569,3096027.8
2026-07-28 15:00:00+00:00,0.1569,0.1594,0.1563,0.1591,9517598.5
2026-07-28 16:00:00+00:00,0.1591,0.16,0.1583,0.1593,4967820.7
2026-07-28 17:00:00+00:00,0.1593,0.1594,0.1584,0.1591,2523650.2
2026-07-28 18:00:00+00:00,0.1592,0.1597,0.1583,0.1586,2408087.7
2026-07-28 19:00:00+00:00,0.1587,0.1591,0.1582,0.159,1939257.9
2026-07-28 20:00:00+00:00,0.1591,0.1601,0.1588,0.1601,5675385.7
2026-07-28 21:00:00+00:00,0.1601,0.1609,0.1597,0.1607,3103464.0
2026-07-28 22:00:00+00:00,0.1607,0.1635,0.1606,0.1612,8637784.6
2026-07-28 23:00:00+00:00,0.1611,0.162,0.1605,0.162,3755151.0
2026-07-29 00:00:00+00:00,0.162,0.1637,0.162,0.1628,8474033.9
2026-07-29 01:00:00+00:00,0.1627,0.1631,0.1618,0.1619,3130542.9
2026-07-29 02:00:00+00:00,0.1619,0.1669,0.1616,0.1659,12697373.9
2026-07-29 03:00:00+00:00,0.1659,0.1662,0.1631,0.1635,12020473.9
2026-07-29 04:00:00+00:00,0.1636,0.1637,0.1619,0.1631,4794500.0
2026-07-29 05:00:00+00:00,0.1631,0.1642,0.1624,0.164,3700556.9
2026-07-29 06:00:00+00:00,0.1641,0.1651,0.163,0.1642,3957600.5
2026-07-29 07:00:00+00:00,0.1643,0.1646,0.1636,0.1646,2796784.8
2026-07-29 08:00:00+00:00,0.1646,0.165,0.1631,0.1644,3556995.3
2026-07-29 09:00:00+00:00,0.1644,0.1649,0.1641,0.1642,3257288.6
2026-07-29 10:00:00+00:00,0.1642,0.1644,0.1634,0.1637,2622736.9
2026-07-29 11:00:00+00:00,0.1638,0.1647,0.1636,0.1639,2588031.6
2026-07-29 12:00:00+00:00,0.164,0.1643,0.1633,0.164,3513315.4
2026-07-29 13:00:00+00:00,0.1641,0.1654,0.1635,0.1649,4660187.8
2026-07-29 14:00:00+00:00,0.165,0.1653,0.1625,0.163,5790021.5
2026-07-29 15:00:00+00:00,0.1629,0.1633,0.1623,0.1631,3602234.5
2026-07-29 16:00:00+00:00,0.163,0.164,0.1623,0.1633,3520585.8
2026-07-29 17:00:00+00:00,0.1633,0.1653,0.1632,0.1653,2987007.5
2026-07-29 18:00:00+00:00,0.1653,0.1691,0.1646,0.1679,15063690.9
2026-07-29 19:00:00+00:00,0.168,0.1686,0.1628,0.1632,8769367.8
2026-07-29 20:00:00+00:00,0.1632,0.164,0.1606,0.1611,6554246.2
2026-07-29 21:00:00+00:00,0.161,0.163,0.1604,0.1629,6677758.8
2026-07-29 22:00:00+00:00,0.1629,0.1637,0.1622,0.1624,3957608.3
2026-07-29 23:00:00+00:00,0.1624,0.1627,0.1616,0.1621,2191295.1
2026-07-30 00:00:00+00:00,0.1621,0.1627,0.1616,0.1621,2319332.2
2026-07-30 01:00:00+00:00,0.1622,0.1648,0.1621,0.1641,3069533.3
2026-07-30 02:00:00+00:00,0.1641,0.1643,0.1627,0.1628,2005995.7
2026-07-30 03:00:00+00:00,0.1628,0.1633,0.1624,0.1624,2558969.6
2026-07-30 04:00:00+00:00,0.1625,0.1627,0.1619,0.1621,2524030.8
2026-07-30 05:00:00+00:00,0.162,0.1628,0.1615,0.1627,1417145.5
2026-07-30 06:00:00+00:00,0.1628,0.1633,0.1624,0.1629,3062634.9
2026-07-30 07:00:00+00:00,0.1628,0.1636,0.1626,0.1633,3397001.8
2026-07-30 08:00:00+00:00,0.1632,0.1652,0.1631,0.1643,2934427.5
2026-07-30 09:00:00+00:00,0.1642,0.1655,0.1639,0.1642,5654465.7
2026-07-30 10:00:00+00:00,0.1642,0.1648,0.1636,0.1639,1906632.7
2026-07-30 11:00:00+00:00,0.164,0.1645,0.1638,0.1643,2394433.5
2026-07-30 12:00:00+00:00,0.1643,0.1667,0.1643,0.166,10852121.3
2026-07-30 13:00:00+00:00,0.166,0.169,0.1656,0.1682,9722032.1
2026-07-30 14:00:00+00:00,0.1682,0.1745,0.1675,0.1722,24060913.9
2026-07-30 15:00:00+00:00,0.1723,0.1763,0.171,0.172,31095788.1
2026-07-30 16:00:00+00:00,0.1719,0.1728,0.1699,0.1707,13014886.5
2026-07-30 17:00:00+00:00,0.1708,0.1723,0.1703,0.1719,4936062.5
2026-07-30 18:00:00+00:00,0.1719,0.1728,0.1711,0.1723,4690413.7
2026-07-30 19:00:00+00:00,0.1724,0.1732,0.1719,0.1728,4214198.3
2026-07-30 20:00:00+00:00,0.1728,0.1733,0.1704,0.1708,4890933.6
2026-07-30 21:00:00+00:00,0.1708,0.171,0.1701,0.1702,1385461.3
2026-07-30 22:00:00+00:00,0.1702,0.171,0.1695,0.1699,2634336.4
2026-07-30 23:00:00+00:00,0.1699,0.1708,0.1696,0.1697,2968120.8
2026-07-31 00:00:00+00:00,0.1697,0.1706,0.1693,0.1696,3845761.6
2026-07-31 01:00:00+00:00,0.1697,0.171,0.1694,0.1698,4048198.8
2026-07-31 02:00:00+00:00,0.1698,0.1709,0.1694,0.1705,2517545.4
2026-07-31 03:00:00+00:00,0.1705,0.1711,0.1697,0.1701,2421568.4
2026-07-31 04:00:00+00:00,0.17,0.1701,0.1686,0.1687,4269877.1
2026-07-31 05:00:00+00:00,0.1687,0.1691,0.168,0.169,3027441.1
2026-07-31 06:00:00+00:00,0.1689,0.1697,0.1683,0.1689,3089020.9
2026-07-31 07:00:00+00:00,0.1688,0.1704,0.1676,0.1699,4498556.1
2026-07-31 08:00:00+00:00,0.1699,0.1719,0.1698,0.1709,5903977.2
2026-07-31 09:00:00+00:00,0.1709,0.1714,0.1688,0.169,4863333.0
2026-07-31 10:00:00+00:00,0.169,0.1703,0.1684,0.1698,2243510.2
2026-07-31 11:00:00+00:00,0.1698,0.1708,0.1695,0.1699,3883285.5
2026-07-31 12:00:00+00:00,0.17,0.17,0.1687,0.1695,3339106.8
2026-07-31 13:00:00+00:00,0.1695,0.1714,0.1685,0.1686,6955806.9
2026-07-31 14:00:00+00:00,0.1686,0.169,0.1665,0.1679,9678739.6
2026-07-31 15:00:00+00:00,0.1678,0.1693,0.1673,0.1688,4945731.9
2026-07-31 16:00:00+00:00,0.1688,0.171,0.1685,0.1709,5699414.2
2026-07-31 17:00:00+00:00,0.1708,0.1715,0.1696,0.1713,4376514.9
2026-07-31 18:00:00+00:00,0.1712,0.1727,0.1709,0.1722,6173763.8
2026-07-31 19:00:00+00:00,0.1722,0.1727,0.1701,0.1705,4509357.9
2026-07-31 20:00:00+00:00,0.1705,0.1707,0.1686,0.1688,2897429.1
2026-07-31 21:00:00+00:00,0.1687,0.1694,0.1679,0.1682,1614501.8
2026-07-31 22:00:00+00:00,0.1682,0.1687,0.1678,0.168,2172323.5
2026-07-31 23:00:00+00:00,0.168,0.1687,0.1678,0.1682,2468838.0
2026-08-01 00:00:00+00:00,0.1683,0.1696,0.1682,0.169,1681077.9
2026-08-01 01:00:00+00:00,0.1691,0.1697,0.1687,0.1695,1776353.4
2026-08-01 02:00:00+00:00,0.1696,0.1705,0.1696,0.17,2699686.2
2026-08-01 03:00:00+00:00,0.1701,0.1711,0.1699,0.1711,1412969.8
2026-08-01 04:00:00+00:00,0.1711,0.1714,0.1703,0.1711,1355252.0
2026-08-01 05:00:00+00:00,0.171,0.1714,0.1698,0.1705,1930946.6
2026-08-01 06:00:00+00:00,0.1705,0.1707,0.1695,0.1698,1371570.0
2026-08-01 07:00:00+00:00,0.1699,0.1723,0.1698,0.1712,4016110.1
2026-08-01 08:00:00+00:00,0.1712,0.1735,0.1712,0.1726,4496353.6
2026-08-01 09:00:00+00:00,0.1726,0.1741,0.1716,0.1721,7015660.9
2026-08-01 10:00:00+00:00,0.1721,0.1728,0.1713,0.1725,3059564.6
2026-08-01 11:00:00+00:00,0.1725,0.1734,0.1723,0.1733,6482257.4
2026-08-01 12:00:00+00:00,0.1733,0.175,0.1724,0.1745,5597292.8
2026-08-01 13:00:00+00:00,0.1745,0.1769,0.1741,0.1749,8623908.6
2026-08-01 14:00:00+00:00,0.1749,0.1754,0.1728,0.1732,4969998.0
2026-08-01 15:00:00+00:00,0.1732,0.1733,0.1724,0.1727,3098855.6
2026-08-01 16:00:00+00:00,0.1727,0.1747,0.1718,0.1742,5029719.9
2026-08-01 17:00:00+00:00,0.1742,0.175,0.1726,0.1732,6757206.7
2026-08-01 18:00:00+00:00,0.1732,0.1738,0.1697,0.1714,9267739.8
2026-08-01 19:00:00+00:00,0.1714,0.173,0.1714,0.1726,5070678.4
2026-08-01 20:00:00+00:00,0.1726,0.1736,0.1722,0.1732,2646016.0
2026-08-01 21:00:00+00:00,0.1732,0.1744,0.1732,0.1743,2490007.9
2026-08-01 22:00:00+00:00,0.1744,0.1753,0.1734,0.1734,3887604.5
2026-08-01 23:00:00+00:00,0.1734,0.1746,0.1734,0.1744,4233512.7
2026-08-02 00:00:00+00:00,0.1744,0.175,0.1728,0.1735,3857025.8
2026-08-02 01:00:00+00:00,0.1735,0.1774,0.1735,0.1764,12516795.6
2026-08-02 02:00:00+00:00,0.1764,0.1808,0.176,0.1801,19014569.7
2026-08-02 03:00:00+00:00,0.1801,0.1808,0.1792,0.1802,8994084.6
2026-08-02 04:00:00+00:00,0.1802,0.1847,0.1799,0.1831,14050689.9
2026-08-02 05:00:00+00:00,0.1831,0.1859,0.1817,0.1852,13381441.7
2026-08-02 06:00:00+00:00,0.1852,0.1877,0.1844,0.1868,11991978.5
2026-08-02 07:00:00+00:00,0.1868,0.1876,0.1846,0.1861,16750188.4
2026-08-02 08:00:00+00:00,0.1861,0.1871,0.1851,0.1858,6891454.8
2026-08-02 09:00:00+00:00,0.1858,0.1887,0.1853,0.1883,11061595.5
2026-08-02 10:00:00+00:00,0.1883,0.189,0.1865,0.1867,7603804.4
2026-08-02 11:00:00+00:00,0.1867,0.1896,0.1861,0.1889,9094782.5
2026-08-02 12:00:00+00:00,0.1889,0.1907,0.1882,0.1893,17850055.1
2026-08-02 13:00:00+00:00,0.1894,0.1922,0.1865,0.1875,31486748.1
2026-08-02 14:00:00+00:00,0.1874,0.1906,0.1873,0.1899,13764463.7
2026-08-02 15:00:00+00:00,0.1899,0.1907,0.1888,0.1901,6914536.7
2026-08-02 16:00:00+00:00,0.1902,0.1913,0.1891,0.1895,8275322.9
2026-08-02 17:00:00+00:00,0.1895,0.1899,0.1887,0.1888,3127503.4
2026-08-02 18:00:00+00:00,0.1888,0.1902,0.1885,0.1891,3903449.0
2026-08-02 19:00:00+00:00,0.1891,0.1898,0.1885,0.1886,2239222.0
2026-08-02 20:00:00+00:00,0.1885,0.1892,0.1867,0.1874,6556357.1
2026-08-02 21:00:00+00:00,0.1875,0.1902,0.1874,0.1892,3788686.2
2026-08-02 22:00:00+00:00,0.1892,0.191,0.1891,0.1898,6259695.8
2026-08-02 23:00:00+00:00,0.1897,0.19,0.1883,0.1895,5029191.0
2026-08-03 00:00:00+00:00,0.1895,0.1898,0.1882,0.1884,2938104.7
2026-08-03 01:00:00+00:00,0.1883,0.1883,0.1848,0.1858,8530864.3
2026-08-03 02:00:00+00:00,0.1857,0.1875,0.185,0.1871,6590911.6
2026-08-03 03:00:00+00:00,0.1871,0.1872,0.1848,0.1855,6682983.3
2026-08-03 04:00:00+00:00,0.1855,0.187,0.184,0.184,5294583.0
2026-08-03 05:00:00+00:00,0.1841,0.1854,0.1839,0.1851,4329491.0
2026-08-03 06:00:00+00:00,0.185,0.1851,0.1835,0.1838,4131902.3
2026-08-03 07:00:00+00:00,0.1839,0.1843,0.1826,0.1827,5512052.0
2026-08-03 08:00:00+00:00,0.1827,0.1846,0.1815,0.1839,7920552.7
2026-08-03 09:00:00+00:00,0.184,0.1873,0.1837,0.187,8182547.0
2026-08-03 10:00:00+00:00,0.187,0.1884,0.1861,0.1874,6833545.8
2026-08-03 11:00:00+00:00,0.1873,0.1881,0.1859,0.1865,7113287.6
2026-08-03 12:00:00+00:00,0.1865,0.1899,0.1859,0.1891,11020879.4
2026-08-03 13:00:00+00:00,0.1891,0.1947,0.1888,0.1946,21206777.8
2026-08-03 14:00:00+00:00,0.1946,0.1959,0.1894,0.19,24248616.4
2026-08-03 15:00:00+00:00,0.19,0.1963,0.1896,0.1961,18426792.1
2026-08-03 16:00:00+00:00,0.196,0.1962,0.1921,0.1923,16676801.7
2026-08-03 17:00:00+00:00,0.1923,0.1927,0.1908,0.1915,6814485.9
2026-08-03 18:00:00+00:00,0.1916,0.1951,0.1916,0.1942,7984997.1
2026-08-03 19:00:00+00:00,0.1942,0.1953,0.1936,0.1937,5457342.3
2026-08-03 20:00:00+00:00,0.1938,0.195,0.1933,0.1945,4720722.4
2026-08-03 21:00:00+00:00,0.1945,0.1949,0.1931,0.194,3314186.0
2026-08-03 22:00:00+00:00,0.1939,0.1956,0.1926,0.195,11060301.4
2026-08-03 23:00:00+00:00,0.1951,0.1961,0.1933,0.1937,14620494.4
2026-08-04 00:00:00+00:00,0.1936,0.1943,0.1919,0.1921,5285663.8
2026-08-04 01:00:00+00:00,0.1921,0.193,0.1911,0.1929,4263093.9
2026-08-04 02:00:00+00:00,0.193,0.1959,0.1913,0.1953,18861413.4
2026-08-04 03:00:00+00:00,0.1954,0.1973,0.1935,0.1969,15527526.3
2026-08-04 04:00:00+00:00,0.1969,0.1994,0.1947,0.1956,11914592.7
2026-08-04 05:00:00+00:00,0.1955,0.1962,0.1945,0.1957,4000483.8
2026-08-04 06:00:00+00:00,0.1956,0.1974,0.1942,0.1955,7205211.0
2026-08-04 07:00:00+00:00,0.1954,0.1963,0.1936,0.1947,6421721.6
2026-08-04 08:00:00+00:00,0.1947,0.1954,0.1936,0.1948,4841633.3
2026-08-04 09:00:00+00:00,0.1949,0.1973,0.1948,0.1965,6817183.2
2026-08-04 10:00:00+00:00,0.1965,0.1967,0.1937,0.1951,13757830.6
2026-08-04 11:00:00+00:00,0.1952,0.1953,0.1943,0.1945,4142614.7
2026-08-04 12:00:00+00:00,0.1944,0.1953,0.1937,0.1949,3988947.1
2026-08-04 13:00:00+00:00,0.195,0.1953,0.1915,0.1919,9847463.6
2026-08-04 14:00:00+00:00,0.1919,0.1933,0.1913,0.1928,6969283.5
2026-08-04 15:00:00+00:00,0.1928,0.1938,0.1919,0.1931,4746503.5
2026-08-04 16:00:00+00:00,0.1932,0.1934,0.1918,0.1921,2677783.4
2026-08-04 17:00:00+00:00,0.1922,0.1928,0.1911,0.1912,2219437.4
2026-08-04 18:00:00+00:00,0.1912,0.1926,0.1911,0.1914,2989048.6
2026-08-04 19:00:00+00:00,0.1915,0.1937,0.1914,0.1924,4495994.3
2026-08-04 20:00:00+00:00,0.1924,0.194,0.192,0.1931,4187949.5
2026-08-04 21:00:00+00:00,0.1932,0.1949,0.1924,0.1938,4246459.8
2026-08-04 22:00:00+00:00,0.1938,0.1943,0.1926,0.193,3636825.5
2026-08-04 23:00:00+00:00,0.193,0.1933,0.1918,0.193,2600969.5
2026-08-05 00:00:00+00:00,0.1929,0.1933,0.1911,0.1914,4355904.3
2026-08-05 01:00:00+00:00,0.1914,0.1928,0.1912,0.1925,2406005.1
2026-08-05 02:00:00+00:00,0.1926,0.193,0.1914,0.1926,4054705.7
2026-08-05 03:00:00+00:00,0.1925,0.1928,0.1899,0.1907,6863351.3
2026-08-05 04:00:00+00:00,0.1906,0.1908,0.19,0.1903,3304939.6
2026-08-05 05:00:00+00:00,0.1903,0.1917,0.1902,0.1903,2972128.6
2026-08-05 06:00:00+00:00,0.1904,0.1911,0.1902,0.191,2488166.7
2026-08-05 07:00:00+00:00,0.191,0.194,0.191,0.1939,6807200.4
2026-08-05 08:00:00+00:00,0.1938,0.1949,0.1932,0.1939,5117602.6
2026-08-05 09:00:00+00:00,0.1939,0.199,0.1938,0.1969,15544163.1
2026-08-05 10:00:00+00:00,0.197,0.1971,0.1941,0.1947,9461922.3
2026-08-05 11:00:00+00:00,0.1946,0.1965,0.1946,0.1951,4609831.4
2026-08-05 12:00:00+00:00,0.1952,0.196,0.1932,0.1938,5903690.6
2026-08-05 13:00:00+00:00,0.1937,0.1943,0.1903,0.1921,9559430.8
2026-08-05 14:00:00+00:00,0.1921,0.1925,0.1904,0.1914,7224380.8
2026-08-05 15:00:00+00:00,0.1914,0.1921,0.1886,0.1891,8115542.9
2026-08-05 16:00:00+00:00,0.1892,0.1915,0.1892,0.1912,3520014.5
2026-08-05 17:00:00+00:00,0.1912,0.1917,0.1904,0.191,3628768.9
2026-08-05 18:00:00+00:00,0.191,0.1911,0.1896,0.1904,4665046.5
2026-08-05 19:00:00+00:00,0.1905,0.1908,0.1891,0.1895,3307676.1
2026-08-05 20:00:00+00:00,0.1896,0.1907,0.1888,0.1905,4408392.6
2026-08-05 21:00:00+00:00,0.1905,0.192,0.1901,0.1914,5778627.2
2026-08-05 22:00:00+00:00,0.1914,0.1923,0.1903,0.1914,2698236.1
2026-08-05 23:00:00+00:00,0.1914,0.1928,0.1911,0.1911,2251218.5
2026-08-06 00:00:00+00:00,0.1912,0.1919,0.1906,0.1916,1784860.7
2026-08-06 01:00:00+00:00,0.1915,0.1925,0.1905,0.1907,2018357.7
2026-08-06 02:00:00+00:00,0.1907,0.1916,0.1899,0.1908,2374756.3
2026-08-06 03:00:00+00:00,0.1908,0.1908,0.1867,0.1869,9400074.8
2026-08-06 04:00:00+00:00,0.1869,0.1886,0.1859,0.1878,5368543.5
2026-08-06 05:00:00+00:00,0.1878,0.1889,0.1878,0.1884,1788089.9
2026-08-06 06:00:00+00:00,0.1883,0.1891,0.1878,0.1883,2380073.7
2026-08-06 07:00:00+00:00,0.1884,0.1892,0.188,0.1888,4184591.4
2026-08-06 08:00:00+00:00,0.1889,0.1896,0.1887,0.1895,2747459.9
2026-08-06 09:00:00+00:00,0.1894,0.1896,0.1884,0.1893,3274361.8
2026-08-06 10:00:00+00:00,0.1893,0.1908,0.1878,0.1891,7452389.9
2026-08-06 11:00:00+00:00,0.1891,0.1927,0.1887,0.1923,7622400.8
2026-08-06 12:00:00+00:00,0.1923,0.1926,0.1905,0.1906,4467292.9
2026-08-06 13:00:00+00:00,0.1906,0.1947,0.1903,0.1939,9177358.0
2026-08-06 14:00:00+00:00,0.194,0.2036,0.1939,0.2002,39608154.9
2026-08-06 15:00:00+00:00,0.2003,0.2113,0.2003,0.2088,46910358.5
2026-08-06 16:00:00+00:00,0.2089,0.2117,0.2039,0.2068,33294256.7
2026-08-06 17:00:00+00:00,0.2069,0.2075,0.2033,0.2046,14881004.2
2026-08-06 18:00:00+00:00,0.2045,0.2077,0.2039,0.2052,14038333.1
2026-08-06 19:00:00+00:00,0.2053,0.2053,0.2008,0.2024,18860320.1
2026-08-06 20:00:00+00:00,0.2024,0.203,0.2015,0.2022,11870458.8
2026-08-06 21:00:00+00:00,0.2022,0.2049,0.2019,0.2047,13703772.9
2026-08-06 22:00:00+00:00,0.2048,0.2056,0.2011,0.2014,4589286.5
2026-08-06 23:00:00+00:00,0.2013,0.2015,0.1995,0.2012,5993032.2
2026-08-07 00:00:00+00:00,0.2012,0.2029,0.2005,0.2021,6734219.4
2026-08-07 01:00:00+00:00,0.2022,0.2029,0.1996,0.2003,4876710.8
2026-08-07 02:00:00+00:00,0.2003,0.2011,0.1988,0.2004,6352355.3
2026-08-07 03:00:00+00:00,0.2003,0.2011,0.1993,0.1994,4316209.7
2026-08-07 04:00:00+00:00,0.1994,0.2004,0.1987,0.1999,3357259.1
2026-08-07 05:00:00+00:00,0.1999,0.202,0.1995,0.2019,4784932.1
2026-08-07 06:00:00+00:00,0.2018,0.204,0.2004,0.2018,12038940.2
2026-08-07 07:00:00+00:00,0.2018,0.2025,0.2011,0.2017,4154200.9
2026-08-07 08:00:00+00:00,0.2017,0.2029,0.2007,0.2011,5765044.2
2026-08-07 09:00:00+00:00,0.201,0.2019,0.1999,0.2019,5242546.0
2026-08-07 10:00:00+00:00,0.2019,0.2027,0.2012,0.2025,4670989.8
2026-08-07 11:00:00+00:00,0.2026,0.2034,0.2013,0.2015,6345675.1
2026-08-07 12:00:00+00:00,0.2015,0.2031,0.1998,0.2013,7973762.8
2026-08-07 13:00:00+00:00,0.2013,0.2015,0.1989,0.1993,5637471.0
2026-08-07 14:00:00+00:00,0.1993,0.2002,0.1966,0.1971,8232877.6
2026-08-07 15:00:00+00:00,0.1971,0.2009,0.197,0.2009,4998475.7
2026-08-07 16:00:00+00:00,0.201,0.2018,0.1993,0.1993,4977791.6
2026-08-07 17:00:00+00:00,0.1992,0.1999,0.1976,0.198,4793585.5
2026-08-07 18:00:00+00:00,0.198,0.2008,0.1979,0.2006,5733527.3
2026-08-07 19:00:00+00:00,0.2006,0.2025,0.2003,0.201,6310155.5
2026-08-07 20:00:00+00:00,0.201,0.2033,0.2008,0.2024,4198925.5
2026-08-07 21:00:00+00:00,0.2023,0.2029,0.2007,0.201,2383732.0
2026-08-07 22:00:00+00:00,0.2011,0.2021,0.2003,0.2007,1294388.5
2026-08-07 23:00:00+00:00,0.2007,0.2019,0.2003,0.2008,1310833.7
2026-08-08 00:00:00+00:00,0.2009,0.201,0.1996,0.2004,1690260.0
2026-08-08 01:00:00+00:00,0.2004,0.2013,0.1995,0.2007,2414238.9
2026-08-08 02:00:00+00:00,0.2007,0.2015,0.1999,0.2005,1740091.8
2026-08-08 03:00:00+00:00,0.2005,0.2024,0.2005,0.201,2990811.8
2026-08-08 04:00:00+00:00,0.2011,0.2016,0.2005,0.2007,1293327.2
2026-08-08 05:00:00+00:00,0.2008,0.2014,0.2004,0.2007,1227623.9
2026-08-08 06:00:00+00:00,0.2008,0.2008,0.1997,0.1999,1878051.5
2026-08-08 07:00:00+00:00,0.1999,0.2003,0.1991,0.2003,2315448.7
2026-08-08 08:00:00+00:00,0.2003,0.2004,0.1993,0.2,1892649.7
2026-08-08 09:00:00+00:00,0.2001,0.2001,0.1985,0.1991,3205944.5
2026-08-08 10:00:00+00:00,0.1991,0.2002,0.1989,0.2,1564033.4
2026-08-08 11:00:00+00:00,0.1999,0.2005,0.1993,0.1994,1730513.7
2026-08-08 12:00:00+00:00,0.1994,0.2004,0.1988,0.1992,1884268.1
2026-08-08 13:00:00+00:00,0.1992,0.2002,0.199,0.2002,1661172.1
2026-08-08 14:00:00+00:00,0.2002,0.2009,0.1994,0.2004,3186801.5
2026-08-08 15:00:00+00:00,0.2004,0.2007,0.1995,0.1995,2056370.3
2026-08-08 16:00:00+00:00,0.1996,0.2011,0.1996,0.2004,2459570.2
2026-08-08 17:00:00+00:00,0.2003,0.2005,0.1996,0.1997,1612029.8
2026-08-08 18:00:00+00:00,0.1997,0.2009,0.1996,0.2007,2242224.2
2026-08-08 19:00:00+00:00,0.2008,0.2009,0.1999,0.2005,2447565.3
2026-08-08 20:00:00+00:00,0.2006,0.201,0.2,0.2005,1626137.8
2026-08-08 21:00:00+00:00,0.2006,0.2007,0.1992,0.1995,1099671.6
2026-08-08 22:00:00+00:00,0.1996,0.2002,0.1976,0.1989,4008766.2
2026-08-08 23:00:00+00:00,0.1989,0.1998,0.1986,0.1995,1151671.4
2026-08-09 00:00:00+00:00,0.1996,0.1996,0.198,0.1988,4090084.5
2026-08-09 01:00:00+00:00,0.1988,0.1998,0.1985,0.1991,2016143.8
2026-08-09 02:00:00+00:00,0.1991,0.1996,0.1985,0.1986,2375731.5
2026-08-09 03:00:00+00:00,0.1986,0.1991,0.1981,0.1983,2250873.3
2026-08-09 04:00:00+00:00,0.1983,0.199,0.1976,0.1978,3381778.0
2026-08-09 05:00:00+00:00,0.1978,0.1983,0.1968,0.1982,3473975.7
2026-08-09 06:00:00+00:00,0.1982,0.1994,0.1982,0.1986,2244895.1
2026-08-09 07:00:00+00:00,0.1986,0.2,0.1984,0.1987,3073901.5
2026-08-09 08:00:00+00:00,0.1986,0.1991,0.1973,0.1979,1876514.5
2026-08-09 09:00:00+00:00,0.1978,0.198,0.1961,0.1963,4417722.3
2026-08-09 10:00:00+00:00,0.1962,0.197,0.1956,0.1961,2708203.8
2026-08-09 11:00:00+00:00,0.1961,0.1971,0.1961,0.1965,1923815.3
2026-08-09 12:00:00+00:00,0.1965,0.1966,0.1958,0.1963,2155046.2
2026-08-09 13:00:00+00:00,0.1963,0.1979,0.1963,0.1974,2838918.8
2026-08-09 14:00:00+00:00,0.1975,0.1982,0.1972,0.1979,2450540.5
2026-08-09 15:00:00+00:00,0.198,0.1981,0.1972,0.1976,1174442.9
2026-08-09 16:00:00+00:00,0.1977,0.1982,0.1973,0.1979,1602136.7
2026-08-09 17:00:00+00:00,0.198,0.1988,0.1978,0.1981,2772778.6
2026-08-09 18:00:00+00:00,0.1982,0.1985,0.1976,0.1981,1246310.0
2026-08-09 19:00:00+00:00,0.1981,0.1984,0.1975,0.1977,798608.7
2026-08-09 20:00:00+00:00,0.1978,0.1983,0.1974,0.1982,571509.0
2026-08-09 21:00:00+00:00,0.1983,0.1994,0.1977,0.1982,1445909.6
2026-08-09 22:00:00+00:00,0.1983,0.1994,0.1969,0.1974,1489979.3
2026-08-09 23:00:00+00:00,0.1973,0.1976,0.1934,0.1945,7998458.5
2026-08-10 00:00:00+00:00,0.1944,0.1961,0.1936,0.1953,3473498.7
2026-08-10 01:00:00+00:00,0.1953,0.198,0.1952,0.1979,2824179.2
2026-08-10 02:00:00+00:00,0.198,0.1981,0.1963,0.1977,2497810.5
2026-08-10 03:00:00+00:00,0.1977,0.1978,0.1958,0.1959,1479978.0
2026-08-10 04:00:00+00:00,0.1959,0.1972,0.1957,0.1965,1250325.0
2026-08-10 05:00:00+00:00,0.1966,0.1982,0.1965,0.1975,1967676.4
2026-08-10 06:00:00+00:00,0.1976,0.1991,0.1974,0.1983,3150840.5
2026-08-10 07:00:00+00:00,0.1984,0.1993,0.1976,0.1982,3263818.1
2026-08-10 08:00:00+00:00,0.1981,0.1984,0.1963,0.1964,3291440.9
2026-08-10 09:00:00+00:00,0.1964,0.1964,0.1948,0.195,3071717.7
2026-08-10 10:00:00+00:00,0.195,0.1956,0.1946,0.1951,2322510.8
2026-08-10 11:00:00+00:00,0.1951,0.1965,0.1947,0.1965,2402858.7
2026-08-10 12:00:00+00:00,0.1966,0.1972,0.1958,0.196,2811910.2
2026-08-10 13:00:00+00:00,0.196,0.1969,0.1954,0.1967,3186241.0
2026-08-10 14:00:00+00:00,0.1967,0.1972,0.1957,0.1959,1621801.3
2026-08-10 15:00:00+00:00,0.1959,0.1967,0.1939,0.195,6904636.1
2026-08-10 16:00:00+00:00,0.195,0.1962,0.1945,0.196,4697378.5
2026-08-10 17:00:00+00:00,0.196,0.1965,0.1946,0.1955,3244248.8
2026-08-10 18:00:00+00:00,0.1955,0.1956,0.1925,0.1937,4529126.2
2026-08-10 19:00:00+00:00,0.1936,0.1952,0.1931,0.1938,1771788.7
2026-08-10 20:00:00+00:00,0.1939,0.1945,0.193,0.1934,1924178.6
2026-08-10 21:00:00+00:00,0.1934,0.1939,0.1916,0.1921,2972948.7
2026-08-10 22:00:00+00:00,0.192,0.1927,0.1916,0.1922,2016214.1
2026-08-10 23:00:00+00:00,0.1922,0.1924,0.1908,0.191,2073176.6
2026-08-11 00:00:00+00:00,0.1909,0.1909,0.189,0.1903,6415847.4
2026-08-11 01:00:00+00:00,0.1903,0.1916,0.1902,0.1913,2190604.5
2026-08-11 02:00:00+00:00,0.1913,0.1916,0.19,0.1906,1456630.4
2026-08-11 03:00:00+00:00,0.1906,0.1908,0.19,0.1905,2157709.4
2026-08-11 04:00:00+00:00,0.1906,0.1908,0.1894,0.1898,1444654.9
2026-08-11 05:00:00+00:00,0.1897,0.1897,0.1871,0.1875,7840161.2
2026-08-11 06:00:00+00:00,0.1874,0.1887,0.1873,0.1887,3180561.3
2026-08-11 07:00:00+00:00,0.1888,0.1892,0.1883,0.1887,2583193.2
2026-08-11 08:00:00+00:00,0.1887,0.189,0.1884,0.1888,1247169.7
2026-08-11 09:00:00+00:00,0.1888,0.189,0.1885,0.1889,2037500.5
2026-08-11 10:00:00+00:00,0.1889,0.1891,0.1877,0.1882,2581239.3
2026-08-11 11:00:00+00:00,0.1882,0.1891,0.188,0.1887,2389409.8
2026-08-11 12:00:00+00:00,0.1886,0.1886,0.1865,0.187,5047749.7
2026-08-11 13:00:00+00:00,0.187,0.1881,0.1863,0.1868,6467005.7
2026-08-11 14:00:00+00:00,0.1868,0.1873,0.1843,0.1849,10736115.7
2026-08-11 15:00:00+00:00,0.1849,0.1852,0.1837,0.185,4978104.8
2026-08-11 16:00:00+00:00,0.1849,0.1866,0.1848,0.1854,3266598.1
2026-08-11 17:00:00+00:00,0.1855,0.186,0.1851,0.1853,2267234.3
2026-08-11 18:00:00+00:00,0.1853,0.1859,0.1852,0.1855,1462311.3
2026-08-11 19:00:00+00:00,0.1855,0.1858,0.1843,0.1858,3419325.0
2026-08-11 20:00:00+00:00,0.1859,0.1866,0.1852,0.1852,1999179.2
2026-08-11 21:00:00+00:00,0.1852,0.1876,0.1846,0.1867,5676645.6
2026-08-11 22:00:00+00:00,0.1867,0.1874,0.1864,0.1868,1030817.3
2026-08-11 23:00:00+00:00,0.1867,0.1874,0.1859,0.1871,4049708.2
2026-08-12 00:00:00+00:00,0.1871,0.1872,0.1858,0.186,2646881.5
2026-08-12 01:00:00+00:00,0.186,0.1871,0.1859,0.187,1802925.4
2026-08-12 02:00:00+00:00,0.187,0.1885,0.1869,0.188,3750143.4
2026-08-12 03:00:00+00:00,0.188,0.1883,0.1874,0.1877,1728637.6
2026-08-12 04:00:00+00:00,0.1876,0.188,0.187,0.1871,1250183.7
2026-08-12 05:00:00+00:00,0.187,0.1877,0.1865,0.1866,1739574.1
2026-08-12 06:00:00+00:00,0.1866,0.1868,0.1852,0.1855,2620909.8
2026-08-12 07:00:00+00:00,0.1856,0.1859,0.1849,0.1853,1796630.8
2026-08-12 08:00:00+00:00,0.1852,0.1858,0.1851,0.1856,1844254.3
2026-08-12 09:00:00+00:00,0.1855,0.1875,0.1854,0.1873,3386111.3
2026-08-12 10:00:00+00:00,0.1872,0.1876,0.1866,0.1868,2010901.2
2026-08-12 11:00:00+00:00,0.1869,0.1871,0.1857,0.1858,1340090.4
2026-08-12 12:00:00+00:00,0.1858,0.1864,0.1833,0.1845,10864863.6
2026-08-12 13:00:00+00:00,0.1845,0.1847,0.1829,0.1835,3714477.7
2026-08-12 14:00:00+00:00,0.1834,0.1838,0.1821,0.1822,5346891.4
2026-08-12 15:00:00+00:00,0.1822,0.1837,0.1818,0.182,3114107.5
2026-08-12 16:00:00+00:00,0.1819,0.1825,0.1816,0.1823,3987540.9
2026-08-12 17:00:00+00:00,0.1823,0.1835,0.1821,0.1832,2908071.2
2026-08-12 18:00:00+00:00,0.1833,0.1839,0.1829,0.1834,1766470.6
2026-08-12 19:00:00+00:00,0.1834,0.1837,0.183,0.1832,908760.0
2026-08-12 20:00:00+00:00,0.1832,0.1836,0.1826,0.1829,939819.5
2026-08-12 21:00:00+00:00,0.1828,0.183,0.1806,0.1811,4877606.6
2026-08-12 22:00:00+00:00,0.181,0.1822,0.1808,0.1821,1167935.1
2026-08-12 23:00:00+00:00,0.182,0.1828,0.1817,0.1826,1051464.9
2026-08-13 00:00:00+00:00,0.1826,0.1836,0.1818,0.1818,1513431.0
2026-08-13 01:00:00+00:00,0.1818,0.1824,0.1813,0.1815,971327.5
2026-08-13 02:00:00+00:00,0.1815,0.1831,0.1813,0.1831,1038837.4
2026-08-13 03:00:00+00:00,0.1831,0.1843,0.1829,0.184,2066978.6
2026-08-13 04:00:00+00:00,0.1839,0.1843,0.1833,0.1834,1338629.7
2026-08-13 05:00:00+00:00,0.1834,0.1852,0.1829,0.1845,2160148.3
2026-08-13 06:00:00+00:00,0.1844,0.1852,0.184,0.1844,2295035.6
2026-08-13 07:00:00+00:00,0.1844,0.1858,0.184,0.1856,4564879.7
2026-08-13 08:00:00+00:00,0.1857,0.1867,0.1851,0.1865,6151587.8
2026-08-13 09:00:00+00:00,0.1865,0.1867,0.1852,0.1855,3688892.2
2026-08-13 10:00:00+00:00,0.1855,0.1856,0.1845,0.1848,2751830.8
2026-08-13 11:00:00+00:00,0.1849,0.1849,0.1831,0.1832,2070289.2
2026-08-13 12:00:00+00:00,0.1832,0.1839,0.1829,0.1835,1573597.3
2026-08-13 13:00:00+00:00,0.1834,0.1847,0.1829,0.1845,2122424.4
2026-08-13 14:00:00+00:00,0.1844,0.1854,0.184,0.1849,2930892.0
2026-08-13 15:00:00+00:00,0.1848,0.1851,0.1827,0.1827,2952119.8
2026-08-13 16:00:00+00:00,0.1826,0.1829,0.1804,0.1816,8025272.3
2026-08-13 17:00:00+00:00,0.1815,0.182,0.1812,0.1819,1461809.4
2026-08-13 18:00:00+00:00,0.1819,0.1822,0.1809,0.1815,2894091.8
2026-08-13 19:00:00+00:00,0.1815,0.1822,0.1813,0.1815,1977027.8
2026-08-13 20:00:00+00:00,0.1815,0.1824,0.1812,0.1821,1974888.6
2026-08-13 21:00:00+00:00,0.1821,0.1824,0.1816,0.1818,955767.3
2026-08-13 22:00:00+00:00,0.1818,0.1832,0.1818,0.1823,2175406.9
2026-08-13 23:00:00+00:00,0.1823,0.1825,0.1821,0.1825,460609.8
2026-08-14 00:00:00+00:00,0.1824,0.1834,0.1822,0.1832,1772892.7
2026-08-14 01:00:00+00:00,0.1832,0.1835,0.1826,0.1828,1659294.2
2026-08-14 02:00:00+00:00,0.1828,0.1832,0.1813,0.182,1961256.9
2026-08-14 03:00:00+00:00,0.182,0.183,0.1818,0.1823,869960.8
2026-08-14 04:00:00+00:00,0.1824,0.1832,0.1823,0.1823,2322552.4
2026-08-14 05:00:00+00:00,0.1823,0.1828,0.1814,0.1828,994488.7
2026-08-14 06:00:00+00:00,0.1828,0.1829,0.1816,0.1816,1959438.8
2026-08-14 07:00:00+00:00,0.1816,0.1823,0.1814,0.1818,1535152.1
2026-08-14 08:00:00+00:00,0.1818,0.1826,0.1815,0.1825,1143364.2
2026-08-14 09:00:00+00:00,0.1825,0.1836,0.1817,0.1819,2822824.0
2026-08-14 10:00:00+00:00,0.1819,0.1832,0.1791,0.1794,7840555.2
2026-08-14 11:00:00+00:00,0.1793,0.1804,0.1791,0.1801,2889636.0
2026-08-14 12:00:00+00:00,0.1801,0.1805,0.1792,0.1794,1983647.9
2026-08-14 13:00:00+00:00,0.1794,0.1798,0.1786,0.1797,2479643.8
2026-08-14 14:00:00+00:00,0.1797,0.1798,0.1781,0.1784,6796547.0
2026-08-14 15:00:00+00:00,0.1784,0.1802,0.1781,0.18,3910219.3
2026-08-14 16:00:00+00:00,0.18,0.1806,0.1797,0.18,1521545.3
2026-08-14 17:00:00+00:00,0.18,0.181,0.1796,0.1799,1111612.6
2026-08-14 18:00:00+00:00,0.1798,0.1799,0.1785,0.1792,3401818.5
2026-08-14 19:00:00+00:00,0.1792,0.1799,0.1787,0.1797,2574053.2
2026-08-14 20:00:00+00:00,0.1798,0.1802,0.1793,0.1794,1663964.9
2026-08-14 21:00:00+00:00,0.1795,0.1796,0.1783,0.1788,2422614.9
2026-08-14 22:00:00+00:00,0.1788,0.1792,0.1784,0.179,1534967.3
2026-08-14 23:00:00+00:00,0.1789,0.1802,0.1789,0.1802,1347029.3
2026-08-15 00:00:00+00:00,0.1802,0.1805,0.1797,0.18,930581.2
2026-08-15 01:00:00+00:00,0.18,0.1802,0.1796,0.1797,805480.7
2026-08-15 02:00:00+00:00,0.1798,0.1814,0.1798,0.1814,1404263.7
2026-08-15 03:00:00+00:00,0.1815,0.1818,0.1801,0.1804,2585033.2
2026-08-15 04:00:00+00:00,0.1805,0.1816,0.1804,0.1806,1430424.6
2026-08-15 05:00:00+00:00,0.1806,0.1806,0.1794,0.1797,1209340.3
2026-08-15 06:00:00+00:00,0.1798,0.1802,0.1795,0.1798,1064610.4
2026-08-15 07:00:00+00:00,0.1798,0.1798,0.179,0.179,870918.0
2026-08-15 08:00:00+00:00,0.1791,0.1792,0.1785,0.1787,1323096.9
2026-08-15 09:00:00+00:00,0.1786,0.1795,0.1786,0.1794,815101.5
2026-08-15 10:00:00+00:00,0.1795,0.1796,0.1787,0.179,1098970.8
2026-08-15 11:00:00+00:00,0.1791,0.1791,0.1784,0.1787,1057521.0
2026-08-15 12:00:00+00:00,0.1786,0.1793,0.1783,0.1792,1661022.1
2026-08-15 13:00:00+00:00,0.1792,0.1793,0.1786,0.179,917768.4
2026-08-15 14:00:00+00:00,0.1791,0.1792,0.1783,0.1788,1908261.6
2026-08-15 15:00:00+00:00,0.1788,0.1792,0.1783,0.1789,1199994.8
2026-08-15 16:00:00+00:00,0.1789,0.1791,0.1783,0.1783,819610.2
2026-08-15 17:00:00+00:00,0.1784,0.1784,0.1769,0.1776,3502784.2
2026-08-15 18:00:00+00:00,0.1776,0.1778,0.1772,0.1774,1183855.3
2026-08-15 19:00:00+00:00,0.1774,0.1781,0.1773,0.178,432929.7
2026-08-15 20:00:00+00:00,0.1781,0.1783,0.1777,0.178,830006.5
2026-08-15 21:00:00+00:00,0.178,0.1781,0.1776,0.1779,834690.0
2026-08-15 22:00:00+00:00,0.1778,0.1779,0.1772,0.1775,1029172.5
2026-08-15 23:00:00+00:00,0.1774,0.1774,0.1758,0.1765,4363371.3
2026-08-16 00:00:00+00:00,0.1764,0.1772,0.1761,0.177,1051581.5
2026-08-16 01:00:00+00:00,0.1769,0.1772,0.1763,0.1764,957493.7
2026-08-16 02:00:00+00:00,0.1765,0.1771,0.1761,0.1767,1218439.0
2026-08-16 03:00:00+00:00,0.1767,0.1774,0.1765,0.1771,872418.9
2026-08-16 04:00:00+00:00,0.1771,0.1773,0.1767,0.1769,786852.8
2026-08-16 05:00:00+00:00,0.177,0.1772,0.1766,0.177,742593.9
2026-08-16 06:00:00+00:00,0.1769,0.1772,0.1765,0.1769,833184.9
2026-08-16 07:00:00+00:00,0.1768,0.1778,0.1766,0.1777,1122608.3
2026-08-16 08:00:00+00:00,0.1778,0.1784,0.1775,0.1779,2568177.9
2026-08-16 09:00:00+00:00,0.1778,0.1779,0.1769,0.177,983433.9
2026-08-16 10:00:00+00:00,0.177,0.1771,0.1755,0.1767,2784695.9
2026-08-16 11:00:00+00:00,0.1768,0.1772,0.1766,0.1771,777961.7
2026-08-16 12:00:00+00:00,0.1771,0.1773,0.1762,0.1763,1533459.2
2026-08-16 13:00:00+00:00,0.1763,0.1765,0.1759,0.176,1265600.4
2026-08-16 14:00:00+00:00,0.1761,0.1767,0.176,0.1762,894759.9
2026-08-16 15:00:00+00:00,0.1762,0.1771,0.176,0.1768,876189.4
2026-08-16 16:00:00+00:00,0.1768,0.1773,0.1762,0.1763,1485035.2
2026-08-16 17:00:00+00:00,0.1764,0.1767,0.1762,0.1763,482403.0
2026-08-16 18:00:00+00:00,0.1764,0.1764,0.175,0.1759,8571266.3
2026-08-16 19:00:00+00:00,0.1758,0.1793,0.1757,0.1783,12711859.9
2026-08-16 20:00:00+00:00,0.1784,0.1792,0.177,0.1771,3247327.9
2026-08-16 21:00:00+00:00,0.177,0.1772,0.175,0.1759,3790534.0
2026-08-16 22:00:00+00:00,0.1759,0.1765,0.1746,0.1755,2997714.3
2026-08-16 23:00:00+00:00,0.1754,0.1758,0.1748,0.1749,2017960.1
2026-08-17 00:00:00+00:00,0.1749,0.176,0.1738,0.1759,3919494.9
2026-08-17 01:00:00+00:00,0.1758,0.1769,0.1757,0.1759,2207409.7
2026-08-17 02:00:00+00:00,0.1759,0.1771,0.1751,0.177,3456676.9
2026-08-17 03:00:00+00:00,0.1769,0.1773,0.1768,0.1771,1505018.9
2026-08-17 04:00:00+00:00,0.1771,0.1776,0.177,0.1772,1891199.8
2026-08-17 05:00:00+00:00,0.1772,0.1779,0.1765,0.1766,2133112.7
2026-08-17 06:00:00+00:00,0.1766,0.1778,0.1765,0.1774,2230192.5
2026-08-17 07:00:00+00:00,0.1774,0.1775,0.1758,0.1762,2163199.8
2026-08-17 08:00:00+00:00,0.1762,0.1763,0.1751,0.1752,1859302.4
2026-08-17 09:00:00+00:00,0.1751,0.1753,0.1743,0.1745,2248805.9
2026-08-17 10:00:00+00:00,0.1745,0.1748,0.1725,0.1748,7287811.9
2026-08-17 11:00:00+00:00,0.1748,0.1757,0.1746,0.1748,2277202.6
2026-08-17 12:00:00+00:00,0.1749,0.1749,0.1733,0.1735,2399218.4
2026-08-17 13:00:00+00:00,0.1735,0.175,0.173,0.1743,3192886.7
2026-08-17 14:00:00+00:00,0.1743,0.1747,0.1733,0.1747,3130291.4
2026-08-17 15:00:00+00:00,0.1748,0.1755,0.1738,0.1753,5084936.4
2026-08-17 16:00:00+00:00,0.1752,0.1758,0.1742,0.1743,3431571.9
2026-08-17 17:00:00+00:00,0.1743,0.1753,0.1736,0.1745,2790938.0
2026-08-17 18:00:00+00:00,0.1744,0.1753,0.1739,0.1741,2217283.5
2026-08-17 19:00:00+00:00,0.1741,0.1745,0.1736,0.1738,1888656.7
2026-08-17 20:00:00+00:00,0.1738,0.1749,0.1733,0.1742,2795130.9
2026-08-17 21:00:00+00:00,0.1742,0.1745,0.1737,0.1739,1404757.1
2026-08-17 22:00:00+00:00,0.1739,0.1741,0.1733,0.1735,1758920.9
2026-08-17 23:00:00+00:00,0.1735,0.1746,0.1734,0.1743,919794.4
2026-08-18 00:00:00+00:00,0.1743,0.1749,0.1738,0.1744,2753851.6
2026-08-18 01:00:00+00:00,0.1744,0.1747,0.173,0.1732,1644486.0
2026-08-18 02:00:00+00:00,0.1733,0.1734,0.1712,0.1719,4604366.4
2026-08-18 03:00:00+00:00,0.1719,0.1727,0.1716,0.1725,1998130.1
2026-08-18 04:00:00+00:00,0.1725,0.1747,0.1723,0.1739,3225923.0
2026-08-18 05:00:00+00:00,0.1739,0.1743,0.1727,0.1731,2017504.4
2026-08-18 06:00:00+00:00,0.1731,0.1741,0.1728,0.1734,1657178.4
2026-08-18 07:00:00+00:00,0.1735,0.1738,0.1731,0.1735,775926.1
2026-08-18 08:00:00+00:00,0.1736,0.1736,0.1725,0.173,1746781.1
2026-08-18 09:00:00+00:00,0.1729,0.1734,0.1726,0.1732,1558706.1
2026-08-18 10:00:00+00:00,0.1732,0.1738,0.1731,0.1733,1196055.1
2026-08-18 11:00:00+00:00,0.1734,0.1742,0.173,0.1737,2032431.7
2026-08-18 12:00:00+00:00,0.1738,0.1744,0.1732,0.174,2678982.0
2026-08-18 13:00:00+00:00,0.174,0.1752,0.1738,0.1745,2826195.1
2026-08-18 14:00:00+00:00,0.1746,0.177,0.1737,0.1756,8348646.5
2026-08-18 15:00:00+00:00,0.1757,0.176,0.175,0.1757,2056879.2
2026-08-18 16:00:00+00:00,0.1757,0.1758,0.1746,0.1747,2509232.2
2026-08-18 17:00:00+00:00,0.1747,0.1747,0.1741,0.1743,1976554.8
2026-08-18 18:00:00+00:00,0.1743,0.1746,0.1741,0.1743,1520707.3
2026-08-18 19:00:00+00:00,0.1744,0.1747,0.1733,0.1734,1909634.1
2026-08-18 20:00:00+00:00,0.1735,0.1738,0.1728,0.1729,1989105.3
2026-08-18 21:00:00+00:00,0.1728,0.1737,0.1728,0.1729,1165225.0
2026-08-18 22:00:00+00:00,0.1729,0.1734,0.1727,0.1729,1687965.2
2026-08-18 23:00:00+00:00,0.1729,0.1748,0.1728,0.1746,2554733.9
2026-08-19 00:00:00+00:00,0.1746,0.1747,0.1733,0.1738,1704160.7
2026-08-19 01:00:00+00:00,0.1738,0.1745,0.1736,0.1738,1655390.8
2026-08-19 02:00:00+00:00,0.1738,0.1743,0.1735,0.1741,1712697.7
2026-08-19 03:00:00+00:00,0.1741,0.1754,0.1737,0.1753,2017899.5
2026-08-19 04:00:00+00:00,0.1753,0.1755,0.1742,0.1742,2909597.2
2026-08-19 05:00:00+00:00,0.1742,0.1756,0.1742,0.1755,2532402.1
2026-08-19 06:00:00+00:00,0.1754,0.1762,0.1748,0.176,3521887.4
2026-08-19 07:00:00+00:00,0.176,0.1763,0.1751,0.1754,2555393.7
2026-08-19 08:00:00+00:00,0.1754,0.1758,0.1747,0.1748,1988813.5
2026-08-19 09:00:00+00:00,0.1748,0.1751,0.1737,0.1742,2399024.9
2026-08-19 10:00:00+00:00,0.1743,0.1743,0.1737,0.1743,1899602.4
2026-08-19 11:00:00+00:00,0.1742,0.1752,0.1742,0.1749,3152022.6
2026-08-19 12:00:00+00:00,0.175,0.1759,0.1746,0.1755,3233250.3
2026-08-19 13:00:00+00:00,0.1755,0.1757,0.1738,0.1741,4220088.4
2026-08-19 14:00:00+00:00,0.1742,0.1769,0.1739,0.1765,6506221.2
2026-08-19 15:00:00+00:00,0.1766,0.1834,0.176,0.1795,43341069.6
2026-08-19 16:00:00+00:00,0.1796,0.1814,0.1786,0.1794,15507023.5
2026-08-19 17:00:00+00:00,0.1794,0.1802,0.1779,0.1799,4936582.4
2026-08-19 18:00:00+00:00,0.1798,0.1806,0.1787,0.1802,5115801.0
2026-08-19 19:00:00+00:00,0.1801,0.1813,0.1795,0.1813,5005890.8
2026-08-19 20:00:00+00:00,0.1813,0.1857,0.1811,0.1851,15196554.0
2026-08-19 21:00:00+00:00,0.1851,0.1923,0.1849,0.1901,26933779.1
2026-08-19 22:00:00+00:00,0.1902,0.191,0.1878,0.1884,9819633.2
2026-08-19 23:00:00+00:00,0.1885,0.1886,0.1858,0.1871,8450337.2
2026-08-20 00:00:00+00:00,0.1871,0.1888,0.1854,0.1859,7135944.4
2026-08-20 01:00:00+00:00,0.1859,0.1879,0.1852,0.1872,5286042.1
2026-08-20 02:00:00+00:00,0.1872,0.1875,0.1854,0.1855,3856716.5
2026-08-20 03:00:00+00:00,0.1855,0.1855,0.182,0.1823,8849005.0
2026-08-20 04:00:00+00:00,0.1823,0.1838,0.1818,0.1835,5501045.3
2026-08-20 05:00:00+00:00,0.1835,0.1844,0.1832,0.1835,2729526.6
2026-08-20 06:00:00+00:00,0.1835,0.1848,0.1828,0.1847,3625205.4
2026-08-20 07:00:00+00:00,0.1846,0.1847,0.1833,0.1842,2536928.7
2026-08-20 08:00:00+00:00,0.1843,0.1902,0.1839,0.1898,17859570.6
2026-08-20 09:00:00+00:00,0.1898,0.1912,0.1883,0.1894,12939703.8
2026-08-20 10:00:00+00:00,0.1894,0.1922,0.1892,0.1902,17961915.2
2026-08-20 11:00:00+00:00,0.1902,0.1955,0.1898,0.1931,14435088.4
2026-08-20 12:00:00+00:00,0.1931,0.1937,0.19,0.1916,10124074.2
2026-08-20 13:00:00+00:00,0.1916,0.1953,0.191,0.1953,11569477.5
2026-08-20 14:00:00+00:00,0.1953,0.1972,0.1928,0.1943,14506204.2
2026-08-20 15:00:00+00:00,0.1943,0.198,0.194,0.1969,13850960.0
2026-08-20 16:00:00+00:00,0.197,0.1997,0.196,0.1995,13822092.6
2026-08-20 17:00:00+00:00,0.1996,0.2035,0.1994,0.2009,20180430.6
2026-08-20 18:00:00+00:00,0.2009,0.2026,0.1954,0.1954,17236954.7
2026-08-20 19:00:00+00:00,0.1954,0.1963,0.1933,0.1948,11851479.1
2026-08-20 20:00:00+00:00,0.1948,0.198,0.1945,0.198,5435244.7
2026-08-20 21:00:00+00:00,0.198,0.199,0.1969,0.1977,4152849.3
2026-08-20 22:00:00+00:00,0.1978,0.1982,0.1958,0.196,4120648.4
2026-08-20 23:00:00+00:00,0.1961,0.1999,0.1959,0.199,5118244.8
2026-08-21 00:00:00+00:00,0.199,0.2059,0.1985,0.2045,13444288.5
2026-08-21 01:00:00+00:00,0.2045,0.2087,0.2028,0.2084,13915385.1
2026-08-21 02:00:00+00:00,0.2084,0.2097,0.2048,0.2049,12026779.5
2026-08-21 03:00:00+00:00,0.205,0.2102,0.2046,0.2082,11562132.7
2026-08-21 04:00:00+00:00,0.2082,0.2101,0.207,0.2081,9618337.1
2026-08-21 05:00:00+00:00,0.208,0.2094,0.2062,0.2087,8318027.1
2026-08-21 06:00:00+00:00,0.2088,0.2108,0.2071,0.2074,9226863.0
2026-08-21 07:00:00+00:00,0.2074,0.2115,0.2071,0.2098,14473935.8
2026-08-21 08:00:00+00:00,0.2097,0.218,0.2092,0.218,21686248.0
2026-08-21 09:00:00+00:00,0.2179,0.218,0.2076,0.2157,33676248.2
2026-08-21 10:00:00+00:00,0.2157,0.2158,0.2123,0.2143,12580114.7
2026-08-21 11:00:00+00:00,0.2142,0.2167,0.211,0.2115,17917335.8
2026-08-21 12:00:00+00:00,0.2115,0.2173,0.2109,0.216,13328396.2
2026-08-21 13:00:00+00:00,0.216,0.218,0.2126,0.2175,14358484.1
2026-08-21 14:00:00+00:00,0.2175,0.2182,0.2135,0.2176,11804872.8
2026-08-21 15:00:00+00:00,0.2176,0.2202,0.2162,0.2195,20263279.5
2026-08-21 16:00:00+00:00,0.2196,0.2211,0.2171,0.2188,15133874.5
2026-08-21 17:00:00+00:00,0.2187,0.2215,0.2163,0.2193,13808038.1
2026-08-21 18:00:00+00:00,0.2194,0.2218,0.214,0.2164,17821117.2
2026-08-21 19:00:00+00:00,0.2164,0.2184,0.2143,0.2167,5956881.9
2026-08-21 20:00:00+00:00,0.2167,0.2204,0.2159,0.219,8384843.5
2026-08-21 21:00:00+00:00,0.2191,0.2267,0.2184,0.2264,14828205.8
2026-08-21 22:00:00+00:00,0.2264,0.2328,0.225,0.2316,22178831.4
2026-08-21 23:00:00+00:00,0.2317,0.2333,0.2283,0.2291,16178919.7
2026-08-22 00:00:00+00:00,0.2291,0.2308,0.2258,0.2292,11813970.5
2026-08-22 01:00:00+00:00,0.2293,0.2328,0.229,0.2297,12321892.2
2026-08-22 02:00:00+00:00,0.2298,0.2423,0.2298,0.2421,17600039.2
2026-08-22 03:00:00+00:00,0.2421,0.2488,0.2397,0.2439,23538675.5
2026-08-22 04:00:00+00:00,0.2439,0.2584,0.243,0.2541,39111683.1
2026-08-22 05:00:00+00:00,0.254,0.2572,0.2088,0.2326,121719906.1
2026-08-22 06:00:00+00:00,0.2326,0.2352,0.2286,0.2339,18251014.2
2026-08-22 07:00:00+00:00,0.2339,0.2366,0.2308,0.2314,14620021.5
2026-08-22 08:00:00+00:00,0.2314,0.2337,0.2243,0.227,21282168.5
2026-08-22 09:00:00+00:00,0.227,0.2276,0.2234,0.2259,14740303.9
2026-08-22 10:00:00+00:00,0.2259,0.226,0.2173,0.2225,23726887.3
2026-08-22 11:00:00+00:00,0.2225,0.2244,0.2208,0.2239,9915287.6
2026-08-22 12:00:00+00:00,0.2239,0.2276,0.2232,0.2257,11471541.9
2026-08-22 13:00:00+00:00,0.2257,0.228,0.2245,0.2265,9061891.8
2026-08-22 14:00:00+00:00,0.2266,0.2267,0.2228,0.2244,9737898.8
2026-08-22 15:00:00+00:00,0.2244,0.2254,0.2211,0.2223,6695251.2
2026-08-22 16:00:00+00:00,0.2224,0.2281,0.2223,0.2264,7405931.0
2026-08-22 17:00:00+00:00,0.2265,0.2297,0.2252,0.2281,4871100.1
2026-08-22 18:00:00+00:00,0.2282,0.23,0.2272,0.2294,4458459.6
2026-08-22 19:00:00+00:00,0.2294,0.2319,0.2285,0.2312,5040341.3
2026-08-22 20:00:00+00:00,0.2313,0.2342,0.2302,0.2306,7121494.8
2026-08-22 21:00:00+00:00,0.2306,0.2307,0.2234,0.2235,10237865.1
2026-08-22 22:00:00+00:00,0.2236,0.2276,0.2226,0.2268,5134915.3
2026-08-22 23:00:00+00:00,0.2269,0.2271,0.2245,0.226,2075792.0
2026-08-23 00:00:00+00:00,0.226,0.2296,0.2247,0.2288,6262982.5
2026-08-23 01:00:00+00:00,0.2287,0.2288,0.2255,0.2261,4986081.2
2026-08-23 02:00:00+00:00,0.2261,0.2263,0.2215,0.2233,8551987.8
2026-08-23 03:00:00+00:00,0.2233,0.2238,0.2178,0.2195,11450368.7
2026-08-23 04:00:00+00:00,0.2195,0.2209,0.215,0.2157,10010787.0
2026-08-23 05:00:00+00:00,0.2157,0.2187,0.2133,0.2148,13519395.6
2026-08-23 06:00:00+00:00,0.2148,0.2171,0.2137,0.2155,6784830.0
2026-08-23 07:00:00+00:00,0.2154,0.2182,0.215,0.2177,5623637.3
2026-08-23 08:00:00+00:00,0.2177,0.2207,0.2174,0.2197,7471880.3
2026-08-23 09:00:00+00:00,0.2197,0.2208,0.2189,0.2205,3574029.0
2026-08-23 10:00:00+00:00,0.2204,0.2232,0.2204,0.2215,6416494.7
2026-08-23 11:00:00+00:00,0.2215,0.2253,0.2214,0.225,8375126.9
2026-08-23 12:00:00+00:00,0.2249,0.2254,0.2233,0.2247,3687476.4
2026-08-23 13:00:00+00:00,0.2248,0.2301,0.2248,0.2294,14230284.6
2026-08-23 14:00:00+00:00,0.2294,0.2306,0.2208,0.2254,23079927.2
2026-08-23 15:00:00+00:00,0.2255,0.2263,0.2229,0.2246,8374014.7
2026-08-23 16:00:00+00:00,0.2246,0.2262,0.2237,0.2251,3520351.5
2026-08-23 17:00:00+00:00,0.225,0.2268,0.2236,0.2246,4466016.5
2026-08-23 18:00:00+00:00,0.2246,0.226,0.2242,0.2251,3178166.2
2026-08-23 19:00:00+00:00,0.2252,0.2255,0.2229,0.2236,7912200.5
2026-08-23 20:00:00+00:00,0.2236,0.2256,0.222,0.2255,5157148.8
2026-08-23 21:00:00+00:00,0.2256,0.2295,0.2255,0.2274,7191290.8
2026-08-23 22:00:00+00:00,0.2274,0.2282,0.225,0.2267,7240522.2
2026-08-23 23:00:00+00:00,0.2268,0.2277,0.225,0.227,4656691.8
2026-08-24 00:00:00+00:00,0.227,0.2272,0.2211,0.2243,6479703.0
2026-08-24 01:00:00+00:00,0.2243,0.2245,0.2182,0.2183,7068316.8
2026-08-24 02:00:00+00:00,0.2183,0.2218,0.2177,0.2205,6865153.4
2026-08-24 03:00:00+00:00,0.2204,0.2208,0.217,0.2181,4808390.2
2026-08-24 04:00:00+00:00,0.2181,0.2209,0.2181,0.22,5189093.6
2026-08-24 05:00:00+00:00,0.22,0.2219,0.2185,0.2199,6385391.3
2026-08-24 06:00:00+00:00,0.2198,0.2207,0.218,0.2197,5179999.3
2026-08-24 07:00:00+00:00,0.2198,0.2223,0.2187,0.2191,5037809.3
2026-08-24 08:00:00+00:00,0.2192,0.2199,0.2167,0.2189,8064346.8
2026-08-24 09:00:00+00:00,0.2188,0.2205,0.2187,0.22,5898141.5
2026-08-24 10:00:00+00:00,0.22,0.2215,0.2181,0.2188,8053418.8
2026-08-24 11:00:00+00:00,0.2188,0.2242,0.2173,0.2233,8768390.8
2026-08-24 12:00:00+00:00,0.2234,0.2265,0.2204,0.2263,14707889.2
2026-08-24 13:00:00+00:00,0.2264,0.2275,0.2193,0.2216,18751088.6
2026-08-24 14:00:00+00:00,0.2216,0.2257,0.2212,0.2238,13025982.8
2026-08-24 15:00:00+00:00,0.2237,0.2267,0.2202,0.2213,13377866.3
2026-08-24 16:00:00+00:00,0.2215,0.225,0.2209,0.2219,5884825.4
2026-08-24 17:00:00+00:00,0.222,0.2225,0.2171,0.2187,11678929.1
2026-08-24 18:00:00+00:00,0.2188,0.2211,0.2188,0.2198,4676617.5
2026-08-24 19:00:00+00:00,0.2198,0.2205,0.2178,0.2189,4627788.2
2026-08-24 20:00:00+00:00,0.2189,0.2203,0.2176,0.22,2773600.2
2026-08-24 21:00:00+00:00,0.2201,0.2216,0.22,0.2215,2188169.3
2026-08-24 22:00:00+00:00,0.2214,0.2216,0.2199,0.22,2247478.3
2026-08-24 23:00:00+00:00,0.2201,0.2219,0.2189,0.2215,2587321.3
2026-08-25 00:00:00+00:00,0.2214,0.2255,0.2208,0.2252,8881042.6
2026-08-25 01:00:00+00:00,0.2252,0.2259,0.2229,0.2242,4873189.6
2026-08-25 02:00:00+00:00,0.2241,0.2289,0.2231,0.2265,11212409.5
2026-08-25 03:00:00+00:00,0.2266,0.2285,0.2248,0.2258,5846528.1
2026-08-25 04:00:00+00:00,0.2258,0.2273,0.2247,0.2255,6931486.5
2026-08-25 05:00:00+00:00,0.2256,0.2284,0.225,0.2269,5012259.3
2026-08-25 06:00:00+00:00,0.227,0.2275,0.2226,0.2235,6041683.0
2026-08-25 07:00:00+00:00,0.2235,0.2256,0.2188,0.2209,12307020.8
2026-08-25 08:00:00+00:00,0.2209,0.2228,0.2205,0.221,6022931.3
2026-08-25 09:00:00+00:00,0.2211,0.222,0.2175,0.2184,6428757.0
2026-08-25 10:00:00+00:00,0.2184,0.22,0.2174,0.2195,5706866.2
2026-08-25 11:00:00+00:00,0.2195,0.2201,0.218,0.2186,4098499.1
2026-08-25 12:00:00+00:00,0.2186,0.2187,0.2158,0.2181,8889451.6
2026-08-25 13:00:00+00:00,0.2181,0.2184,0.2114,0.2146,14246777.4
2026-08-25 14:00:00+00:00,0.2147,0.2172,0.214,0.216,8534804.9
2026-08-25 15:00:00+00:00,0.2161,0.2163,0.214,0.2158,3981590.5
2026-08-25 16:00:00+00:00,0.2159,0.2164,0.2144,0.2156,3518817.6
2026-08-25 17:00:00+00:00,0.2155,0.2156,0.2129,0.2152,4467252.3
2026-08-25 18:00:00+00:00,0.2151,0.2159,0.2148,0.2152,2189705.0
2026-08-25 19:00:00+00:00,0.2151,0.2153,0.213,0.2143,2964152.6
2026-08-25 20:00:00+00:00,0.2144,0.2145,0.2092,0.2095,7562634.9
2026-08-25 21:00:00+00:00,0.2095,0.2104,0.2063,0.2098,8489404.5
2026-08-25 22:00:00+00:00,0.2099,0.2123,0.2098,0.2119,3054292.1
2026-08-25 23:00:00+00:00,0.2118,0.2125,0.2083,0.2091,4070138.8
2026-08-26 00:00:00+00:00,0.2091,0.2108,0.2078,0.2104,4952683.8
2026-08-26 01:00:00+00:00,0.2104,0.2114,0.21,0.2107,3313711.5
2026-08-26 02:00:00+00:00,0.2108,0.2131,0.2101,0.2121,2496233.2
2026-08-26 03:00:00+00:00,0.2121,0.2127,0.2108,0.2114,2441533.6
2026-08-26 04:00:00+00:00,0.2114,0.2118,0.2098,0.2098,3652244.2
2026-08-26 05:00:00+00:00,0.2099,0.2113,0.2087,0.2108,3062623.1
2026-08-26 06:00:00+00:00,0.2107,0.2116,0.2098,0.2108,2356368.7
2026-08-26 07:00:00+00:00,0.2108,0.2115,0.21,0.2103,2878746.5
2026-08-26 08:00:00+00:00,0.2102,0.2119,0.2097,0.2103,4379200.9
2026-08-26 09:00:00+00:00,0.2104,0.2109,0.2075,0.2089,5198466.1
2026-08-26 10:00:00+00:00,0.2089,0.2122,0.2085,0.2119,3828412.1
2026-08-26 11:00:00+00:00,0.2119,0.2124,0.2096,0.2104,2596298.2
2026-08-26 12:00:00+00:00,0.2105,0.2122,0.2083,0.2098,6654703.4
2026-08-26 13:00:00+00:00,0.2098,0.2102,0.207,0.2088,7424890.0
2026-08-26 14:00:00+00:00,0.2087,0.2098,0.2044,0.2048,7965043.2
2026-08-26 15:00:00+00:00,0.2048,0.2057,0.2026,0.2047,10590582.7
2026-08-26 16:00:00+00:00,0.2048,0.2054,0.2025,0.2037,4858172.7
2026-08-26 17:00:00+00:00,0.2037,0.207,0.2035,0.2055,4935476.6
2026-08-26 18:00:00+00:00,0.2054,0.2067,0.2047,0.2063,2053622.6
2026-08-26 19:00:00+00:00,0.2063,0.2067,0.2052,0.206,2018320.8
2026-08-26 20:00:00+00:00,0.206,0.2065,0.204,0.2059,3132679.4
2026-08-26 21:00:00+00:00,0.206,0.209,0.2057,0.2089,4560724.3
2026-08-26 22:00:00+00:00,0.2088,0.2116,0.2084,0.2103,7197533.9
2026-08-26 23:00:00+00:00,0.2102,0.213,0.2099,0.2124,4516692.6
2026-08-27 00:00:00+00:00,0.2124,0.2124,0.2106,0.2108,3544722.8
2026-08-27 01:00:00+00:00,0.2108,0.2119,0.2097,0.2109,2518006.6
2026-08-27 02:00:00+00:00,0.2108,0.2116,0.2085,0.2091,3019036.5
2026-08-27 03:00:00+00:00,0.209,0.21,0.2081,0.2092,3333166.3
2026-08-27 04:00:00+00:00,0.2092,0.2106,0.2084,0.209,4988840.9
2026-08-27 05:00:00+00:00,0.2091,0.21,0.2076,0.2096,2836014.1
2026-08-27 06:00:00+00:00,0.2097,0.2108,0.2084,0.2107,2269590.1
2026-08-27 07:00:00+00:00,0.2107,0.2117,0.2101,0.2112,3559839.5
2026-08-27 08:00:00+00:00,0.2112,0.2159,0.2111,0.2147,14310556.6
2026-08-27 09:00:00+00:00,0.2147,0.2168,0.2137,0.2148,8257280.7
2026-08-27 10:00:00+00:00,0.2148,0.2162,0.2108,0.213,10402394.9
2026-08-27 11:00:00+00:00,0.213,0.2139,0.2106,0.2116,4121122.9
2026-08-27 12:00:00+00:00,0.2115,0.2122,0.2105,0.2116,4555862.9
2026-08-27 13:00:00+00:00,0.2116,0.2133,0.2098,0.2133,5090767.0
2026-08-27 14:00:00+00:00,0.2133,0.2171,0.2127,0.2149,9769327.7
2026-08-27 15:00:00+00:00,0.2149,0.2164,0.2132,0.2146,8068698.3
2026-08-27 16:00:00+00:00,0.2146,0.2175,0.2138,0.2157,8700404.0
2026-08-27 17:00:00+00:00,0.2157,0.2175,0.2147,0.2157,3910451.7
2026-08-27 18:00:00+00:00,0.2157,0.2162,0.2124,0.2142,4841769.1
2026-08-27 19:00:00+00:00,0.2142,0.2153,0.2136,0.2137,3206205.8
2026-08-27 20:00:00+00:00,0.2138,0.2151,0.2129,0.214,3829931.8
2026-08-27 21:00:00+00:00,0.214,0.2146,0.2129,0.2141,2137390.4
2026-08-27 22:00:00+00:00,0.2142,0.2154,0.214,0.2144,1627099.5
2026-08-27 23:00:00+00:00,0.2143,0.2148,0.2135,0.2138,2910309.3
2026-08-28 00:00:00+00:00,0.2138,0.2151,0.2129,0.2144,3696399.9
2026-08-28 01:00:00+00:00,0.2144,0.218,0.2141,0.2145,6383694.3
2026-08-28 02:00:00+00:00,0.2145,0.2146,0.2083,0.21,9093274.9
2026-08-28 03:00:00+00:00,0.2101,0.2106,0.2085,0.2102,3786350.3
2026-08-28 04:00:00+00:00,0.2102,0.211,0.2087,0.2102,3038306.1
2026-08-28 05:00:00+00:00,0.2101,0.2105,0.209,0.2097,2771884.7
2026-08-28 06:00:00+00:00,0.2098,0.2114,0.2097,0.2111,1490878.2
2026-08-28 07:00:00+00:00,0.2112,0.2112,0.2086,0.2094,3289061.1
2026-08-28 08:00:00+00:00,0.2095,0.2103,0.2088,0.209,2617939.3
2026-08-28 09:00:00+00:00,0.2091,0.2095,0.2077,0.2079,3129803.8
2026-08-28 10:00:00+00:00,0.2078,0.2093,0.2061,0.2092,6131817.9
2026-08-28 11:00:00+00:00,0.2093,0.2102,0.2089,0.2093,3342821.4
2026-08-28 12:00:00+00:00,0.2092,0.2094,0.2075,0.2083,2749405.9
2026-08-28 13:00:00+00:00,0.2083,0.2087,0.2068,0.2077,4100273.1
2026-08-28 14:00:00+00:00,0.2077,0.2114,0.2038,0.2108,21317307.2
2026-08-28 15:00:00+00:00,0.2108,0.2116,0.2037,0.2045,8297173.0
2026-08-28 16:00:00+00:00,0.2045,0.2051,0.1994,0.2032,22598464.4
2026-08-28 17:00:00+00:00,0.2032,0.2037,0.2022,0.203,3401472.2
2026-08-28 18:00:00+00:00,0.2031,0.2032,0.1996,0.2012,5071166.2
2026-08-28 19:00:00+00:00,0.2013,0.2028,0.2013,0.2019,3219578.6
2026-08-28 20:00:00+00:00,0.2019,0.2025,0.2011,0.2017,2978699.5
2026-08-28 21:00:00+00:00,0.2017,0.2023,0.1999,0.2003,3138723.9
2026-08-28 22:00:00+00:00,0.2003,0.2025,0.2001,0.2024,2471047.9
2026-08-28 23:00:00+00:00,0.2025,0.2032,0.2021,0.2031,1659260.0
2026-08-29 00:00:00+00:00,0.2031,0.2035,0.2025,0.2027,1891806.7
2026-08-29 01:00:00+00:00,0.2027,0.2029,0.202,0.2025,1384492.5
2026-08-29 02:00:00+00:00,0.2025,0.2025,0.2013,0.2018,1546252.6
2026-08-29 03:00:00+00:00,0.2018,0.202,0.2007,0.2008,1951719.1
2026-08-29 04:00:00+00:00,0.2008,0.2014,0.2006,0.2012,2586089.4
2026-08-29 05:00:00+00:00,0.2012,0.2019,0.201,0.2014,1911089.7
2026-08-29 06:00:00+00:00,0.2014,0.2014,0.1997,0.2004,2402575.2
2026-08-29 07:00:00+00:00,0.2004,0.2008,0.2,0.2004,1256986.5
2026-08-29 08:00:00+00:00,0.2003,0.2003,0.1989,0.1994,3343410.9
2026-08-29 09:00:00+00:00,0.1995,0.2004,0.1991,0.2,1673146.6
2026-08-29 10:00:00+00:00,0.2001,0.2006,0.1994,0.2002,1435504.9
2026-08-29 11:00:00+00:00,0.2001,0.2005,0.1995,0.1998,2855339.5
2026-08-29 12:00:00+00:00,0.1999,0.2008,0.1998,0.2001,1404067.1
2026-08-29 13:00:00+00:00,0.2001,0.2005,0.1997,0.2004,781841.6
2026-08-29 14:00:00+00:00,0.2003,0.2029,0.2002,0.2026,3814361.8
2026-08-29 15:00:00+00:00,0.2027,0.2028,0.2005,0.2007,2501298.8
2026-08-29 16:00:00+00:00,0.2007,0.2016,0.2001,0.2006,3294765.6
2026-08-29 17:00:00+00:00,0.2006,0.201,0.1997,0.2007,1422565.5
2026-08-29 18:00:00+00:00,0.2007,0.2018,0.2005,0.2011,1989485.5
2026-08-29 19:00:00+00:00,0.2012,0.2022,0.2011,0.2017,1711998.2
2026-08-29 20:00:00+00:00,0.2017,0.202,0.2012,0.2014,1234928.4
2026-08-29 21:00:00+00:00,0.2014,0.2019,0.2012,0.2013,1589539.7
2026-08-29 22:00:00+00:00,0.2013,0.2016,0.201,0.2012,1047582.6
2026-08-29 23:00:00+00:00,0.2013,0.2018,0.201,0.2018,1592406.8
2026-08-30 00:00:00+00:00,0.2018,0.2023,0.201,0.2011,2799557.5
2026-08-30 01:00:00+00:00,0.201,0.2013,0.2002,0.2005,2139023.0
2026-08-30 02:00:00+00:00,0.2005,0.2013,0.2004,0.2009,1443037.1
2026-08-30 03:00:00+00:00,0.2009,0.2013,0.2003,0.2009,1891047.7
2026-08-30 04:00:00+00:00,0.2008,0.201,0.1999,0.2004,2126688.1
2026-08-30 05:00:00+00:00,0.2005,0.2012,0.2004,0.201,1474294.6
2026-08-30 06:00:00+00:00,0.201,0.2025,0.2004,0.2025,2554185.7
2026-08-30 07:00:00+00:00,0.2025,0.2026,0.2006,0.2007,2117499.3
2026-08-30 08:00:00+00:00,0.2006,0.2011,0.2002,0.2006,1340295.5
2026-08-30 09:00:00+00:00,0.2005,0.2009,0.2,0.2009,1189700.6
2026-08-30 10:00:00+00:00,0.2008,0.2017,0.2004,0.2016,1140531.9
2026-08-30 11:00:00+00:00,0.2016,0.2018,0.2007,0.2011,1907416.1
2026-08-30 12:00:00+00:00,0.2011,0.2034,0.2011,0.2032,4421483.1
2026-08-30 13:00:00+00:00,0.2032,0.205,0.2025,0.2047,5094947.2
2026-08-30 14:00:00+00:00,0.2048,0.2059,0.204,0.2047,5018997.6
2026-08-30 15:00:00+00:00,0.2048,0.2048,0.2025,0.2033,2732224.4
2026-08-30 16:00:00+00:00,0.2034,0.2061,0.2032,0.206,7401622.5
2026-08-30 17:00:00+00:00,0.206,0.2061,0.2035,0.2049,5501474.5
2026-08-30 18:00:00+00:00,0.205,0.206,0.2037,0.2052,3409457.1
2026-08-30 19:00:00+00:00,0.2052,0.2052,0.2027,0.2033,3365162.0
2026-08-30 20:00:00+00:00,0.2033,0.2039,0.2004,0.2013,4853535.2
2026-08-30 21:00:00+00:00,0.2013,0.2015,0.1985,0.2002,10672616.2
2026-08-30 22:00:00+00:00,0.2003,0.2015,0.1972,0.1984,7886140.2
2026-08-30 23:00:00+00:00,0.1984,0.1984,0.1894,0.1927,28692647.2
2026-08-31 00:00:00+00:00,0.1926,0.1951,0.1915,0.1941,8611901.7
2026-08-31 01:00:00+00:00,0.194,0.1946,0.1924,0.1926,4760799.1
2026-08-31 02:00:00+00:00,0.1926,0.1942,0.1916,0.1924,3456640.8
2026-08-31 03:00:00+00:00,0.1925,0.1944,0.192,0.1941,2124655.5
2026-08-31 04:00:00+00:00,0.1942,0.1943,0.1926,0.1936,2384750.6
2026-08-31 05:00:00+00:00,0.1936,0.1963,0.1933,0.1956,4377746.8
2026-08-31 06:00:00+00:00,0.1956,0.1965,0.195,0.1956,4618513.9
2026-08-31 07:00:00+00:00,0.1956,0.1965,0.1953,0.1961,3923434.1
2026-08-31 08:00:00+00:00,0.1962,0.197,0.1954,0.1966,3756353.9
2026-08-31 09:00:00+00:00,0.1965,0.1973,0.196,0.1964,3616424.1
2026-08-31 10:00:00+00:00,0.1965,0.1984,0.1957,0.1977,4754684.2
2026-08-31 11:00:00+00:00,0.1978,0.198,0.1962,0.1965,2543285.0
2026-08-31 12:00:00+00:00,0.1965,0.1979,0.1945,0.1951,4853011.3
2026-08-31 13:00:00+00:00,0.1951,0.1971,0.1937,0.1941,5569812.9
2026-08-31 14:00:00+00:00,0.1941,0.1972,0.1937,0.197,5756800.6
2026-08-31 15:00:00+00:00,0.1971,0.1973,0.1951,0.1959,3663682.6
2026-08-31 16:00:00+00:00,0.1959,0.1975,0.1948,0.1962,3710336.2
2026-08-31 17:00:00+00:00,0.1961,0.1981,0.1956,0.1977,4003851.7
2026-08-31 18:00:00+00:00,0.1978,0.2008,0.1972,0.2,6715092.7
2026-08-31 19:00:00+00:00,0.1999,0.2006,0.1985,0.1991,3857783.6
2026-08-31 20:00:00+00:00,0.1991,0.2006,0.1983,0.1986,3161432.3
2026-08-31 21:00:00+00:00,0.1987,0.2,0.1976,0.1993,4043788.9
2026-08-31 22:00:00+00:00,0.1993,0.1997,0.1985,0.1986,1146124.3
2026-08-31 23:00:00+00:00,0.1985,0.1988,0.1976,0.1978,2008501.1
2026-09-01 00:00:00+00:00,0.1978,0.2002,0.1976,0.1994,3910403.2
2026-09-01 01:00:00+00:00,0.1995,0.2002,0.1982,0.1993,2562496.3
2026-09-01 02:00:00+00:00,0.1992,0.2006,0.1985,0.2006,3947501.2
2026-09-01 03:00:00+00:00,0.2005,0.2019,0.1998,0.201,4026093.9
2026-09-01 04:00:00+00:00,0.201,0.2017,0.2004,0.201,3344334.8
2026-09-01 05:00:00+00:00,0.201,0.203,0.2008,0.2028,4992218.0
2026-09-01 06:00:00+00:00,0.2027,0.2028,0.2004,0.2005,3268537.5
2026-09-01 07:00:00+00:00,0.2004,0.2017,0.1997,0.2006,3138323.1
2026-09-01 08:00:00+00:00,0.2006,0.2006,0.1966,0.1967,6618523.7
2026-09-01 09:00:00+00:00,0.1968,0.1975,0.1961,0.1973,3730012.9
2026-09-01 10:00:00+00:00,0.1973,0.2001,0.1972,0.1991,3563890.6
2026-09-01 11:00:00+00:00,0.1991,0.2005,0.1985,0.1997,3603491.3
2026-09-01 12:00:00+00:00,0.1997,0.1999,0.1978,0.1984,3514631.1
2026-09-01 13:00:00+00:00,0.1983,0.1995,0.1965,0.1989,6472479.2
2026-09-01 14:00:00+00:00,0.199,0.2005,0.1987,0.1996,6054593.0
2026-09-01 15:00:00+00:00,0.1996,0.2003,0.1977,0.1995,3254066.0
2026-09-01 16:00:00+00:00,0.1994,0.1994,0.1955,0.1973,4933179.1
2026-09-01 17:00:00+00:00,0.1973,0.1992,0.1969,0.1973,4972380.4
2026-09-01 18:00:00+00:00,0.1974,0.1978,0.1936,0.1965,7682128.8
2026-09-01 19:00:00+00:00,0.1965,0.1975,0.1957,0.1964,4297685.7
2026-09-01 20:00:00+00:00,0.1965,0.1968,0.1953,0.1965,3763040.5
2026-09-01 21:00:00+00:00,0.1966,0.1969,0.1941,0.1956,4068805.9
2026-09-01 22:00:00+00:00,0.1956,0.1963,0.1945,0.1952,3022575.2
2026-09-01 23:00:00+00:00,0.1952,0.197,0.1952,0.1967,2378297.8
2026-09-02 00:00:00+00:00,0.1967,0.1975,0.1961,0.1963,2525239.0
2026-09-02 01:00:00+00:00,0.1962,0.1968,0.1931,0.1946,5553072.4
2026-09-02 02:00:00+00:00,0.1946,0.1975,0.1943,0.1973,3939096.9
2026-09-02 03:00:00+00:00,0.1974,0.1991,0.1972,0.1977,2931557.6
2026-09-02 04:00:00+00:00,0.1976,0.1977,0.1959,0.1974,4303291.0
2026-09-02 05:00:00+00:00,0.1974,0.1993,0.1964,0.1987,3983735.1
2026-09-02 06:00:00+00:00,0.1987,0.199,0.197,0.1976,2535115.5
2026-09-02 07:00:00+00:00,0.1977,0.1985,0.1966,0.1969,2154358.0
2026-09-02 08:00:00+00:00,0.1969,0.1972,0.1944,0.1947,3505347.5
2026-09-02 09:00:00+00:00,0.1948,0.1957,0.1934,0.1943,6013306.3
2026-09-02 10:00:00+00:00,0.1943,0.1943,0.192,0.1938,7612340.7
2026-09-02 11:00:00+00:00,0.1938,0.1951,0.193,0.195,2590270.6
2026-09-02 12:00:00+00:00,0.195,0.1955,0.1939,0.1941,4161818.7
2026-09-02 13:00:00+00:00,0.1941,0.1973,0.1937,0.1965,6527359.3
2026-09-02 14:00:00+00:00,0.1965,0.1973,0.1953,0.1953,3660183.1
2026-09-02 15:00:00+00:00,0.1953,0.1967,0.1943,0.1964,4019423.6
2026-09-02 16:00:00+00:00,0.1963,0.1971,0.1958,0.1958,3872397.7
2026-09-02 17:00:00+00:00,0.1959,0.197,0.1945,0.1966,3710436.0
2026-09-02 18:00:00+00:00,0.1966,0.1977,0.1963,0.1971,3811635.2
2026-09-02 19:00:00+00:00,0.197,0.1974,0.1964,0.1973,2363782.9
2026-09-02 20:00:00+00:00,0.1973,0.1991,0.1973,0.1984,6726513.4
2026-09-02 21:00:00+00:00,0.1983,0.1996,0.198,0.1989,3165376.3
2026-09-02 22:00:00+00:00,0.199,0.1991,0.1975,0.1989,3146392.4
2026-09-02 23:00:00+00:00,0.199,0.2012,0.1984,0.2012,4653270.7
2026-09-03 00:00:00+00:00,0.2012,0.2028,0.2002,0.2006,6252445.7
2026-09-03 01:00:00+00:00,0.2005,0.2078,0.1991,0.2048,19350927.4
2026-09-03 02:00:00+00:00,0.2048,0.2076,0.2039,0.207,7354801.7
2026-09-03 03:00:00+00:00,0.207,0.207,0.2043,0.2048,3725805.8
2026-09-03 04:00:00+00:00,0.2049,0.2073,0.2042,0.2073,4615008.2
2026-09-03 05:00:00+00:00,0.2074,0.2076,0.2035,0.2064,5363475.2
2026-09-03 06:00:00+00:00,0.2065,0.2065,0.2048,0.2049,3399851.1
2026-09-03 07:00:00+00:00,0.2049,0.2068,0.2048,0.2051,6611049.4
2026-09-03 08:00:00+00:00,0.2052,0.2096,0.2052,0.2081,10793616.6
2026-09-03 09:00:00+00:00,0.2082,0.2084,0.2062,0.2063,5356943.6
2026-09-03 10:00:00+00:00,0.2063,0.2078,0.2053,0.2078,7045275.9
2026-09-03 11:00:00+00:00,0.2078,0.2079,0.2066,0.2069,6455054.4
2026-09-03 12:00:00+00:00,0.2068,0.2096,0.2066,0.2089,8294267.4
2026-09-03 13:00:00+00:00,0.2089,0.211,0.2083,0.21,10587409.4
2026-09-03 14:00:00+00:00,0.21,0.2171,0.2095,0.2171,21142531.0
2026-09-03 15:00:00+00:00,0.2171,0.2209,0.2155,0.2206,23421245.3
2026-09-03 16:00:00+00:00,0.2207,0.2239,0.2196,0.2221,22075668.7
2026-09-03 17:00:00+00:00,0.2222,0.2238,0.221,0.2227,9250598.3
2026-09-03 18:00:00+00:00,0.2228,0.225,0.2213,0.2227,12882554.4
2026-09-03 19:00:00+00:00,0.2226,0.2235,0.2211,0.2226,5447463.6
2026-09-03 20:00:00+00:00,0.2225,0.2244,0.2213,0.2241,5471905.1
2026-09-03 21:00:00+00:00,0.224,0.2253,0.223,0.2233,6410316.5
2026-09-03 22:00:00+00:00,0.2234,0.2238,0.2186,0.221,12132699.2
2026-09-03 23:00:00+00:00,0.2211,0.2217,0.2202,0.2211,5584961.4
2026-09-04 00:00:00+00:00,0.2211,0.2219,0.2195,0.2196,8822589.1
2026-09-04 01:00:00+00:00,0.2197,0.2236,0.2182,0.2224,13939355.6
2026-09-04 02:00:00+00:00,0.2224,0.226,0.2212,0.2259,9918300.6
2026-09-04 03:00:00+00:00,0.2258,0.226,0.2236,0.224,8051361.9
2026-09-04 04:00:00+00:00,0.2241,0.2272,0.2226,0.2232,10741136.5
2026-09-04 05:00:00+00:00,0.2232,0.2232,0.2202,0.2213,8487703.6
2026-09-04 06:00:00+00:00,0.2212,0.2224,0.2202,0.2212,4354898.7
2026-09-04 07:00:00+00:00,0.2213,0.2226,0.2198,0.2201,6350414.0
2026-09-04 08:00:00+00:00,0.2202,0.223,0.2199,0.2229,6980514.6
2026-09-04 09:00:00+00:00,0.223,0.2249,0.2211,0.2211,10583654.2
2026-09-04 10:00:00+00:00,0.221,0.2213,0.2188,0.2211,7351282.0
2026-09-04 11:00:00+00:00,0.221,0.222,0.2207,0.2214,4430509.9
2026-09-04 12:00:00+00:00,0.2215,0.2222,0.2123,0.2145,38685183.6
2026-09-04 13:00:00+00:00,0.2146,0.2169,0.2133,0.2151,12823493.4
2026-09-04 14:00:00+00:00,0.215,0.2156,0.2092,0.2111,15926192.9
2026-09-04 15:00:00+00:00,0.2111,0.2141,0.2103,0.2129,11735326.0
2026-09-04 16:00:00+00:00,0.2129,0.2152,0.2127,0.2138,7678307.1
2026-09-04 17:00:00+00:00,0.2138,0.2138,0.2109,0.2115,5888247.3
2026-09-04 18:00:00+00:00,0.2115,0.213,0.2113,0.213,4443599.9
2026-09-04 19:00:00+00:00,0.213,0.2146,0.2126,0.2135,4524210.7
2026-09-04 20:00:00+00:00,0.2135,0.2139,0.2123,0.2129,3685262.7
2026-09-04 21:00:00+00:00,0.2129,0.2136,0.2111,0.2114,5301085.7
2026-09-04 22:00:00+00:00,0.2114,0.2117,0.2099,0.2099,5605551.9
2026-09-04 23:00:00+00:00,0.21,0.2115,0.2095,0.2113,3737124.8
2026-09-05 00:00:00+00:00,0.2112,0.2116,0.2103,0.2104,3965154.2
2026-09-05 01:00:00+00:00,0.2105,0.2116,0.21,0.21,4877106.7
2026-09-05 02:00:00+00:00,0.2101,0.2111,0.2091,0.2103,6527436.4
2026-09-05 03:00:00+00:00,0.2104,0.2111,0.2103,0.2105,5878909.1
2026-09-05 04:00:00+00:00,0.2106,0.2112,0.21,0.2107,4387666.8
2026-09-05 05:00:00+00:00,0.2107,0.2114,0.2101,0.2112,6509421.2
2026-09-05 06:00:00+00:00,0.2113,0.2133,0.2112,0.2133,7404048.7
2026-09-05 07:00:00+00:00,0.2132,0.2142,0.2128,0.2138,6476642.4
2026-09-05 08:00:00+00:00,0.2138,0.2139,0.2126,0.2135,5840722.3
2026-09-05 09:00:00+00:00,0.2136,0.2147,0.2131,0.2136,4357295.9
2026-09-05 10:00:00+00:00,0.2136,0.2136,0.2128,0.2129,3398985.4
2026-09-05 11:00:00+00:00,0.2129,0.2136,0.2124,0.2135,4662136.7
2026-09-05 12:00:00+00:00,0.2135,0.2171,0.2132,0.2164,9126429.7
2026-09-05 13:00:00+00:00,0.2165,0.2171,0.215,0.2155,8101484.6
2026-09-05 14:00:00+00:00,0.2156,0.2194,0.2152,0.2177,8149350.5
2026-09-05 15:00:00+00:00,0.2177,0.2187,0.2167,0.2174,7332426.7
2026-09-05 16:00:00+00:00,0.2173,0.2186,0.2171,0.218,6589536.1
2026-09-05 17:00:00+00:00,0.2181,0.2215,0.2175,0.2211,7305588.2
2026-09-05 18:00:00+00:00,0.2212,0.222,0.2196,0.2201,9965181.3
2026-09-05 19:00:00+00:00,0.22,0.2216,0.2192,0.2195,6246309.3
2026-09-05 20:00:00+00:00,0.2195,0.2205,0.219,0.219,6020692.6
2026-09-05 21:00:00+00:00,0.2191,0.2208,0.218,0.2205,9310525.0
2026-09-05 22:00:00+00:00,0.2206,0.2215,0.2192,0.2195,6025343.7
2026-09-05 23:00:00+00:00,0.2195,0.2199,0.2182,0.2183,4851693.4
2026-09-06 00:00:00+00:00,0.2183,0.2199,0.2183,0.2195,4304414.7
2026-09-06 01:00:00+00:00,0.2194,0.2229,0.2191,0.2213,11713770.6
2026-09-06 02:00:00+00:00,0.2214,0.222,0.2204,0.2212,4319305.7
2026-09-06 03:00:00+00:00,0.2212,0.2238,0.2206,0.2228,4567857.2
2026-09-06 04:00:00+00:00,0.2229,0.2231,0.2202,0.221,4483060.3
2026-09-06 05:00:00+00:00,0.221,0.223,0.2203,0.2215,5553575.6
2026-09-06 06:00:00+00:00,0.2215,0.2218,0.22,0.2202,2900269.7
2026-09-06 07:00:00+00:00,0.2202,0.2205,0.2173,0.2191,7683262.2
2026-09-06 08:00:00+00:00,0.219,0.2191,0.2174,0.2176,5828517.2
2026-09-06 09:00:00+00:00,0.2175,0.2201,0.2173,0.2196,6081231.4
2026-09-06 10:00:00+00:00,0.2197,0.2199,0.2185,0.2195,3134669.6
2026-09-06 11:00:00+00:00,0.2196,0.2218,0.2192,0.2209,10150770.0
2026-09-06 12:00:00+00:00,0.2209,0.2217,0.2202,0.2206,5734884.2
2026-09-06 13:00:00+00:00,0.2206,0.2206,0.2179,0.2194,7511753.7
2026-09-06 14:00:00+00:00,0.2194,0.2195,0.2154,0.2176,11217488.8
2026-09-06 15:00:00+00:00,0.2176,0.2181,0.216,0.2175,3550437.2
2026-09-06 16:00:00+00:00,0.2174,0.2192,0.2171,0.2186,2120333.8
2026-09-06 17:00:00+00:00,0.2187,0.2188,0.2175,0.2179,2640347.6
2026-09-06 18:00:00+00:00,0.218,0.2202,0.218,0.22,5451730.6
2026-09-06 19:00:00+00:00,0.2199,0.22,0.2185,0.2191,3763888.6
2026-09-06 20:00:00+00:00,0.2192,0.2221,0.2189,0.2207,3632231.9
2026-09-06 21:00:00+00:00,0.2208,0.2225,0.2208,0.2216,3815318.7
2026-09-06 22:00:00+00:00,0.2217,0.2218,0.2191,0.2213,5153154.5
2026-09-06 23:00:00+00:00,0.2213,0.2236,0.221,0.2234,4399706.4
2026-09-07 00:00:00+00:00,0.2235,0.2264,0.2231,0.224,12247792.0
2026-09-07 01:00:00+00:00,0.224,0.2244,0.2203,0.2215,10019991.2
2026-09-07 02:00:00+00:00,0.2216,0.2248,0.2201,0.2223,9973907.7
2026-09-07 03:00:00+00:00,0.2224,0.2228,0.219,0.2195,8924165.3
2026-09-07 04:00:00+00:00,0.2194,0.2198,0.218,0.2191,5552467.7
2026-09-07 05:00:00+00:00,0.219,0.2216,0.2189,0.2197,5155227.1
2026-09-07 06:00:00+00:00,0.2197,0.2218,0.2181,0.2185,7291071.4
2026-09-07 07:00:00+00:00,0.2184,0.2199,0.2143,0.2168,11648685.7
2026-09-07 08:00:00+00:00,0.2168,0.2191,0.2166,0.2185,5181503.0
2026-09-07 09:00:00+00:00,0.2186,0.2196,0.2165,0.2173,5083999.1
2026-09-07 10:00:00+00:00,0.2172,0.2198,0.2171,0.2187,6604228.5
2026-09-07 11:00:00+00:00,0.2187,0.2206,0.2187,0.2195,4174619.4
2026-09-07 12:00:00+00:00,0.2195,0.2244,0.2194,0.224,8711778.3
2026-09-07 13:00:00+00:00,0.2239,0.225,0.2215,0.2227,13960554.7
2026-09-07 14:00:00+00:00,0.2226,0.223,0.2189,0.2215,11042327.6
2026-09-07 15:00:00+00:00,0.2216,0.2219,0.2165,0.2173,12491158.5
2026-09-07 16:00:00+00:00,0.2173,0.2211,0.2173,0.2208,6059975.3
2026-09-07 17:00:00+00:00,0.2208,0.222,0.2199,0.2208,3474450.1
2026-09-07 18:00:00+00:00,0.2209,0.2217,0.2188,0.2199,3153495.0
2026-09-07 19:00:00+00:00,0.2198,0.2213,0.2189,0.221,3127565.5
2026-09-07 20:00:00+00:00,0.221,0.2214,0.2193,0.2209,4264867.7
2026-09-07 21:00:00+00:00,0.221,0.2218,0.2198,0.2205,2850149.6
2026-09-07 22:00:00+00:00,0.2205,0.2208,0.2169,0.2184,8611871.6
2026-09-07 23:00:00+00:00,0.2183,0.2211,0.2183,0.2205,4322176.2
2026-09-08 00:00:00+00:00,0.2205,0.2223,0.2197,0.2222,4619257.8
2026-09-08 01:00:00+00:00,0.2222,0.2228,0.2212,0.2224,4482913.1
2026-09-08 02:00:00+00:00,0.2224,0.223,0.2176,0.2176,6557024.5
2026-09-08 03:00:00+00:00,0.2176,0.2192,0.2174,0.2186,6413461.7
2026-09-08 04:00:00+00:00,0.2185,0.2187,0.2172,0.2174,3572836.0
2026-09-08 05:00:00+00:00,0.2174,0.2193,0.2169,0.2174,6246949.5
2026-09-08 06:00:00+00:00,0.2174,0.218,0.2158,0.2164,7180418.0
2026-09-08 07:00:00+00:00,0.2165,0.2183,0.2161,0.2171,3761547.5
2026-09-08 08:00:00+00:00,0.2171,0.2184,0.2158,0.2174,4233232.0
2026-09-08 09:00:00+00:00,0.2173,0.2211,0.2172,0.2205,10008764.7
2026-09-08 10:00:00+00:00,0.2205,0.2217,0.219,0.2191,8274021.0
2026-09-08 11:00:00+00:00,0.2191,0.2194,0.217,0.2178,7684374.7
2026-09-08 12:00:00+00:00,0.2178,0.2192,0.2165,0.2188,5635052.1
2026-09-08 13:00:00+00:00,0.2188,0.2203,0.215,0.2186,9755193.8
2026-09-08 14:00:00+00:00,0.2186,0.2217,0.2179,0.2213,12219086.2
2026-09-08 15:00:00+00:00,0.2213,0.2305,0.2212,0.2293,39201690.2
2026-09-08 16:00:00+00:00,0.2293,0.2321,0.2259,0.2266,25572688.7
2026-09-08 17:00:00+00:00,0.2266,0.2273,0.2236,0.2238,9505401.9
2026-09-08 18:00:00+00:00,0.2239,0.2264,0.2211,0.2217,10948930.1
2026-09-08 19:00:00+00:00,0.2218,0.2224,0.2199,0.2208,9283990.6
2026-09-08 20:00:00+00:00,0.2208,0.2227,0.2205,0.2209,5539293.5
2026-09-08 21:00:00+00:00,0.221,0.2218,0.2181,0.2192,7192284.0
2026-09-08 22:00:00+00:00,0.2192,0.2208,0.219,0.2206,3238350.6
2026-09-08 23:00:00+00:00,0.2206,0.2209,0.2191,0.2195,3235255.5
2026-09-09 00:00:00+00:00,0.2194,0.2211,0.2194,0.2206,4224577.2
2026-09-09 01:00:00+00:00,0.2205,0.2206,0.2182,0.2196,5343728.9
2026-09-09 02:00:00+00:00,0.2195,0.2197,0.2172,0.2177,8225786.1
2026-09-09 03:00:00+00:00,0.2177,0.2179,0.216,0.2166,7542313.3
2026-09-09 04:00:00+00:00,0.2165,0.2213,0.2162,0.2208,10094031.2
2026-09-09 05:00:00+00:00,0.2209,0.2213,0.2182,0.219,6264191.9
2026-09-09 06:00:00+00:00,0.2191,0.2212,0.2184,0.2204,4221300.8
2026-09-09 07:00:00+00:00,0.2205,0.222,0.2203,0.2216,4905753.1
2026-09-09 08:00:00+00:00,0.2216,0.2231,0.2213,0.2221,7996160.1
2026-09-09 09:00:00+00:00,0.2222,0.2222,0.2175,0.2181,7698434.8
2026-09-09 10:00:00+00:00,0.218,0.2193,0.2179,0.2188,6973137.8
2026-09-09 11:00:00+00:00,0.2188,0.2204,0.217,0.2203,8018381.0
2026-09-09 12:00:00+00:00,0.2203,0.2218,0.2197,0.2204,8979170.1
2026-09-09 13:00:00+00:00,0.2205,0.2213,0.2177,0.2182,7603415.2
2026-09-09 14:00:00+00:00,0.2182,0.2199,0.2173,0.2181,10490555.7
2026-09-09 15:00:00+00:00,0.2181,0.2195,0.2135,0.2157,20597429.9
2026-09-09 16:00:00+00:00,0.2156,0.2182,0.2153,0.2179,9054943.8
2026-09-09 17:00:00+00:00,0.2179,0.2184,0.2169,0.2175,4788033.1
2026-09-09 18:00:00+00:00,0.2175,0.218,0.2167,0.2168,3078574.7
2026-09-09 19:00:00+00:00,0.2167,0.2175,0.214,0.2147,5788754.8
2026-09-09 20:00:00+00:00,0.2147,0.2151,0.212,0.2144,9261232.4
2026-09-09 21:00:00+00:00,0.2144,0.2145,0.2113,0.2124,7732230.3
2026-09-09 22:00:00+00:00,0.2124,0.2128,0.2082,0.2098,11476576.3
2026-09-09 23:00:00+00:00,0.2098,0.2122,0.2097,0.2119,3401190.8
2026-09-10 00:00:00+00:00,0.2119,0.2128,0.2105,0.211,4990366.9
2026-09-10 01:00:00+00:00,0.2109,0.2128,0.2095,0.2109,6179007.0
2026-09-10 02:00:00+00:00,0.2108,0.2132,0.2103,0.2132,2431764.8
2026-09-10 03:00:00+00:00,0.2133,0.214,0.2129,0.2138,4113593.8
2026-09-10 04:00:00+00:00,0.2138,0.2142,0.213,0.2135,3504959.8
2026-09-10 05:00:00+00:00,0.2136,0.2147,0.2125,0.2144,2951401.5
2026-09-10 06:00:00+00:00,0.2145,0.215,0.2125,0.215,2438727.6
2026-09-10 07:00:00+00:00,0.2149,0.215,0.2119,0.2135,3726555.2
2026-09-10 08:00:00+00:00,0.2135,0.2143,0.2127,0.2127,5127613.0
2026-09-10 09:00:00+00:00,0.2127,0.2152,0.2122,0.2134,5557596.1
2026-09-10 10:00:00+00:00,0.2133,0.2139,0.2116,0.2122,5228765.6
2026-09-10 11:00:00+00:00,0.2121,0.2141,0.2108,0.2125,6397819.7
2026-09-10 12:00:00+00:00,0.2124,0.2136,0.2065,0.2083,18562017.9
2026-09-10 13:00:00+00:00,0.2083,0.2114,0.2082,0.211,8835231.2
2026-09-10 14:00:00+00:00,0.211,0.2122,0.2086,0.2116,6094765.2
2026-09-10 15:00:00+00:00,0.2117,0.2117,0.2088,0.2097,5888360.4
2026-09-10 16:00:00+00:00,0.2096,0.21,0.2056,0.2083,10854678.8
2026-09-10 17:00:00+00:00,0.2082,0.2115,0.2077,0.2099,9472893.1
2026-09-10 18:00:00+00:00,0.2099,0.2109,0.2079,0.2106,3679684.8
2026-09-10 19:00:00+00:00,0.2106,0.2106,0.2086,0.2092,4684103.9
2026-09-10 20:00:00+00:00,0.2092,0.2109,0.2088,0.2091,1876826.8
2026-09-10 21:00:00+00:00,0.2091,0.2097,0.2082,0.2084,1902010.2
2026-09-10 22:00:00+00:00,0.2085,0.2094,0.2064,0.2066,2527043.0
2026-09-10 23:00:00+00:00,0.2066,0.2068,0.2042,0.2047,7776229.8
2026-09-11 00:00:00+00:00,0.2046,0.2068,0.2041,0.2067,3502727.2
2026-09-11 01:00:00+00:00,0.2067,0.2071,0.2053,0.2068,3091383.2
2026-09-11 02:00:00+00:00,0.2068,0.2072,0.2056,0.2069,1807942.3
2026-09-11 03:00:00+00:00,0.2068,0.208,0.2059,0.2078,3796263.4
2026-09-11 04:00:00+00:00,0.2078,0.2105,0.2076,0.21,5499764.7
2026-09-11 05:00:00+00:00,0.2101,0.2104,0.2091,0.2098,5486315.6
2026-09-11 06:00:00+00:00,0.2098,0.2099,0.2077,0.2086,4442844.6
2026-09-11 07:00:00+00:00,0.2086,0.2097,0.2076,0.2078,2367188.3
2026-09-11 08:00:00+00:00,0.2079,0.2089,0.2072,0.2076,3905028.2
2026-09-11 09:00:00+00:00,0.2076,0.2077,0.2037,0.2038,9464615.3
2026-09-11 10:00:00+00:00,0.2038,0.2048,0.2024,0.2025,7753407.8
2026-09-11 11:00:00+00:00,0.2025,0.2028,0.2008,0.2024,13155796.8
2026-09-11 12:00:00+00:00,0.2023,0.2096,0.2004,0.2091,37473986.6
2026-09-11 13:00:00+00:00,0.209,0.2146,0.2056,0.2143,32130886.6
2026-09-11 14:00:00+00:00,0.2144,0.2163,0.2104,0.2114,29382213.8
2026-09-11 15:00:00+00:00,0.2115,0.2144,0.207,0.2083,17200969.2
2026-09-11 16:00:00+00:00,0.2083,0.2102,0.2071,0.21,8410935.9
2026-09-11 17:00:00+00:00,0.21,0.2104,0.2068,0.207,4899198.7
2026-09-11 18:00:00+00:00,0.2071,0.2076,0.203,0.2038,14204816.0
2026-09-11 19:00:00+00:00,0.2037,0.2065,0.2031,0.2062,5680629.4
2026-09-11 20:00:00+00:00,0.2061,0.2075,0.2046,0.2058,7926675.9
2026-09-11 21:00:00+00:00,0.2058,0.2073,0.2042,0.2046,2802914.9
2026-09-11 22:00:00+00:00,0.2046,0.2061,0.2039,0.2048,5374504.6
2026-09-11 23:00:00+00:00,0.2048,0.2064,0.2047,0.2064,1598204.3
2026-09-12 00:00:00+00:00,0.2063,0.2067,0.2059,0.2064,1332975.3
2026-09-12 01:00:00+00:00,0.2064,0.2084,0.2062,0.2077,3106402.4
2026-09-12 02:00:00+00:00,0.2076,0.2092,0.2072,0.2089,4786159.6
2026-09-12 03:00:00+00:00,0.209,0.2095,0.2084,0.209,3554739.8
2026-09-12 04:00:00+00:00,0.209,0.2092,0.2076,0.2078,3197573.7
2026-09-12 05:00:00+00:00,0.2078,0.2082,0.2071,0.2077,2716704.6
2026-09-12 06:00:00+00:00,0.2077,0.2085,0.2076,0.2078,2003634.1
2026-09-12 07:00:00+00:00,0.2079,0.2094,0.2078,0.209,2931812.6
2026-09-12 08:00:00+00:00,0.2089,0.2097,0.2084,0.2089,4011359.4
2026-09-12 09:00:00+00:00,0.2089,0.2093,0.2083,0.2086,3920961.4
2026-09-12 10:00:00+00:00,0.2087,0.209,0.2082,0.2085,1980982.8
2026-09-12 11:00:00+00:00,0.2084,0.2094,0.2083,0.2093,1619394.5
2026-09-12 12:00:00+00:00,0.2093,0.2097,0.2084,0.2087,2149192.2
2026-09-12 13:00:00+00:00,0.2087,0.209,0.208,0.2084,2996675.8
2026-09-12 14:00:00+00:00,0.2083,0.2091,0.208,0.2084,1580757.1
2026-09-12 15:00:00+00:00,0.2084,0.2093,0.2084,0.2086,3153072.2
2026-09-12 16:00:00+00:00,0.2085,0.2087,0.2077,0.2082,2473455.1
2026-09-12 17:00:00+00:00,0.2081,0.2086,0.2073,0.2081,2078405.9
2026-09-12 18:00:00+00:00,0.208,0.2081,0.2073,0.2074,2321754.8
2026-09-12 19:00:00+00:00,0.2074,0.2078,0.2069,0.2072,3699069.3
2026-09-12 20:00:00+00:00,0.2073,0.2083,0.2072,0.2078,1932732.5
2026-09-12 21:00:00+00:00,0.2077,0.2082,0.2068,0.207,2017955.7
2026-09-12 22:00:00+00:00,0.2071,0.2076,0.2064,0.2067,3635105.5
2026-09-12 23:00:00+00:00,0.2067,0.2076,0.2067,0.2074,660266.9
2026-09-13 00:00:00+00:00,0.2074,0.2082,0.2073,0.2079,1900399.5
2026-09-13 01:00:00+00:00,0.2078,0.2083,0.207,0.208,3715941.8
2026-09-13 02:00:00+00:00,0.208,0.2083,0.2074,0.2076,2417149.6
2026-09-13 03:00:00+00:00,0.2076,0.2081,0.2066,0.2066,2681152.3
2026-09-13 04:00:00+00:00,0.2067,0.2075,0.2065,0.2074,2002308.3
2026-09-13 05:00:00+00:00,0.2074,0.2084,0.2072,0.2082,1499474.6
2026-09-13 06:00:00+00:00,0.2082,0.2086,0.2067,0.2071,2110511.8
2026-09-13 07:00:00+00:00,0.2071,0.2078,0.2062,0.2062,3361869.4
2026-09-13 08:00:00+00:00,0.2062,0.2067,0.2035,0.2041,5441943.5
2026-09-13 09:00:00+00:00,0.2041,0.2052,0.2033,0.205,3335900.2
2026-09-13 10:00:00+00:00,0.2049,0.2053,0.2032,0.2036,3491943.4
2026-09-13 11:00:00+00:00,0.2037,0.205,0.2034,0.2048,2840668.2
2026-09-13 12:00:00+00:00,0.2047,0.2055,0.2042,0.2051,2091589.7
2026-09-13 13:00:00+00:00,0.2052,0.2069,0.2037,0.2067,2993592.4
2026-09-13 14:00:00+00:00,0.2068,0.2081,0.2066,0.2075,2814859.9
2026-09-13 15:00:00+00:00,0.2075,0.2076,0.2056,0.2058,1560336.7
2026-09-13 16:00:00+00:00,0.2058,0.2075,0.2057,0.2074,2427342.5
2026-09-13 17:00:00+00:00,0.2075,0.2089,0.2074,0.2085,2263972.2
2026-09-13 18:00:00+00:00,0.2085,0.2097,0.2083,0.2091,2990105.4
2026-09-13 19:00:00+00:00,0.2091,0.2093,0.2079,0.208,2017378.9
2026-09-13 20:00:00+00:00,0.2081,0.2093,0.2079,0.2092,1660490.0
2026-09-13 21:00:00+00:00,0.2093,0.2094,0.2075,0.2077,1171614.2
2026-09-13 22:00:00+00:00,0.2076,0.2076,0.2023,0.2026,9591103.4
2026-09-13 23:00:00+00:00,0.2027,0.2045,0.2025,0.2035,7375728.6
2026-09-14 00:00:00+00:00,0.2035,0.205,0.2023,0.204,6252222.3
2026-09-14 01:00:00+00:00,0.204,0.2056,0.203,0.2052,5195358.0
2026-09-14 02:00:00+00:00,0.2051,0.2086,0.2046,0.2076,6475069.7
2026-09-14 03:00:00+00:00,0.2077,0.2087,0.2066,0.2072,4425593.0
2026-09-14 04:00:00+00:00,0.2072,0.2076,0.2063,0.2072,3252172.5
2026-09-14 05:00:00+00:00,0.2073,0.2075,0.2067,0.2074,1849121.7
2026-09-14 06:00:00+00:00,0.2075,0.2095,0.2071,0.2089,6386530.6
2026-09-14 07:00:00+00:00,0.2089,0.2113,0.2083,0.2106,8954949.7
2026-09-14 08:00:00+00:00,0.2107,0.2114,0.2092,0.2103,7061597.6
2026-09-14 09:00:00+00:00,0.2104,0.2127,0.2089,0.2115,8899169.2
2026-09-14 10:00:00+00:00,0.2116,0.2119,0.2101,0.2107,4560485.8
2026-09-14 11:00:00+00:00,0.2108,0.2114,0.2094,0.2099,4765194.8
2026-09-14 12:00:00+00:00,0.21,0.2108,0.2084,0.2087,4661129.8
2026-09-14 13:00:00+00:00,0.2087,0.2104,0.2069,0.2083,8229330.8
2026-09-14 14:00:00+00:00,0.2083,0.211,0.2081,0.2084,6217544.2
2026-09-14 15:00:00+00:00,0.2084,0.2095,0.2074,0.209,7033380.6
2026-09-14 16:00:00+00:00,0.209,0.2118,0.2088,0.2109,6216407.8
2026-09-14 17:00:00+00:00,0.2109,0.2126,0.2104,0.2119,5815908.6
2026-09-14 18:00:00+00:00,0.2119,0.215,0.2111,0.2139,9636993.7
2026-09-14 19:00:00+00:00,0.2139,0.214,0.2118,0.2124,5057419.6
2026-09-14 20:00:00+00:00,0.2124,0.2159,0.2124,0.213,8473325.9
2026-09-14 21:00:00+00:00,0.2131,0.2132,0.2104,0.2107,6851618.4
2026-09-14 22:00:00+00:00,0.2107,0.2115,0.2094,0.2097,5424794.8
2026-09-14 23:00:00+00:00,0.2098,0.21,0.2083,0.2086,2544706.1
2026-09-15 00:00:00+00:00,0.2085,0.2088,0.2077,0.2085,2863247.2
2026-09-15 01:00:00+00:00,0.2084,0.2088,0.2074,0.2077,2748073.5
2026-09-15 02:00:00+00:00,0.2078,0.2081,0.2072,0.2076,2204710.3
2026-09-15 03:00:00+00:00,0.2077,0.2077,0.2051,0.2052,7401460.6
2026-09-15 04:00:00+00:00,0.2053,0.2058,0.2043,0.2051,4851696.4
2026-09-15 05:00:00+00:00,0.205,0.2054,0.2032,0.2052,5485003.1
2026-09-15 06:00:00+00:00,0.2052,0.2058,0.2038,0.2043,3262917.4
2026-09-15 07:00:00+00:00,0.2044,0.2049,0.2032,0.2036,4605722.2
2026-09-15 08:00:00+00:00,0.2037,0.2049,0.2032,0.2049,3610550.3
2026-09-15 09:00:00+00:00,0.2049,0.2052,0.2042,0.2049,2519585.2
2026-09-15 10:00:00+00:00,0.2049,0.2057,0.2048,0.2054,4294962.8
2026-09-15 11:00:00+00:00,0.2054,0.2059,0.2036,0.2047,4326835.2
2026-09-15 12:00:00+00:00,0.2046,0.2063,0.2044,0.2054,4836055.3
2026-09-15 13:00:00+00:00,0.2054,0.2076,0.2027,0.2053,7944769.0
2026-09-15 14:00:00+00:00,0.2053,0.2058,0.1981,0.2003,18420570.2
2026-09-15 15:00:00+00:00,0.2002,0.2034,0.1999,0.202,7049142.3
2026-09-15 16:00:00+00:00,0.202,0.2027,0.201,0.202,3430059.7
2026-09-15 17:00:00+00:00,0.202,0.2046,0.2009,0.2033,4456176.2
2026-09-15 18:00:00+00:00,0.2032,0.2037,0.193,0.1986,36544091.3
2026-09-15 19:00:00+00:00,0.1986,0.1996,0.1967,0.1982,14339259.5
2026-09-15 20:00:00+00:00,0.1981,0.1987,0.1949,0.1968,9451679.2
2026-09-15 21:00:00+00:00,0.1968,0.1972,0.1939,0.1943,8407970.7
2026-09-15 22:00:00+00:00,0.1942,0.1958,0.1935,0.1953,8578357.0
2026-09-15 23:00:00+00:00,0.1953,0.197,0.1952,0.1954,4443825.9
2026-09-16 00:00:00+00:00,0.1954,0.1956,0.1939,0.1942,4501238.9
2026-09-16 01:00:00+00:00,0.1942,0.1954,0.1922,0.1924,6456893.8
2026-09-16 02:00:00+00:00,0.1925,0.1954,0.1923,0.1945,3445725.1
2026-09-16 03:00:00+00:00,0.1945,0.1959,0.1943,0.1948,3676007.1
2026-09-16 04:00:00+00:00,0.1948,0.197,0.1948,0.1957,5191008.8
2026-09-16 05:00:00+00:00,0.1957,0.1962,0.1945,0.1957,3602264.1
2026-09-16 06:00:00+00:00,0.1957,0.1961,0.1943,0.196,1935208.0
2026-09-16 07:00:00+00:00,0.196,0.1963,0.194,0.1942,3806051.7
2026-09-16 08:00:00+00:00,0.1941,0.1941,0.1926,0.1932,4362266.8
2026-09-16 09:00:00+00:00,0.1933,0.1948,0.1932,0.1946,4130059.7
2026-09-16 10:00:00+00:00,0.1946,0.1948,0.1938,0.1946,3402936.4
2026-09-16 11:00:00+00:00,0.1945,0.1956,0.1942,0.1949,3665156.7
2026-09-16 12:00:00+00:00,0.1949,0.1951,0.1926,0.193,6628419.0
2026-09-16 13:00:00+00:00,0.193,0.1934,0.1915,0.1924,8442621.3
2026-09-16 14:00:00+00:00,0.1924,0.1929,0.1906,0.1912,9231360.2
2026-09-16 15:00:00+00:00,0.1912,0.1927,0.1906,0.1912,5871934.3
2026-09-16 16:00:00+00:00,0.1912,0.1928,0.1904,0.1924,3513759.7
2026-09-16 17:00:00+00:00,0.1924,0.1934,0.1906,0.1928,6602129.6
2026-09-16 18:00:00+00:00,0.1929,0.1972,0.1903,0.1922,19768296.4
2026-09-16 19:00:00+00:00,0.1922,0.1947,0.1907,0.1945,7854191.1
2026-09-16 20:00:00+00:00,0.1945,0.1962,0.194,0.1956,6609546.9
2026-09-16 21:00:00+00:00,0.1956,0.1956,0.1942,0.1949,2602261.6
2026-09-16 22:00:00+00:00,0.1949,0.1949,0.1925,0.1927,3542759.4
2026-09-16 23:00:00+00:00,0.1928,0.1966,0.1925,0.1965,6825066.8
2026-09-17 00:00:00+00:00,0.1964,0.197,0.1955,0.1958,3803126.5
2026-09-17 01:00:00+00:00,0.1958,0.1974,0.1949,0.1963,7432406.5
2026-09-17 02:00:00+00:00,0.1963,0.1964,0.1944,0.1954,5491455.8
2026-09-17 03:00:00+00:00,0.1954,0.1967,0.1952,0.196,2185500.2
2026-09-17 04:00:00+00:00,0.1961,0.1968,0.1949,0.1965,4442066.0
2026-09-17 05:00:00+00:00,0.1965,0.197,0.1959,0.1962,3878801.1
2026-09-17 06:00:00+00:00,0.1962,0.1979,0.1961,0.1978,2996425.6
2026-09-17 07:00:00+00:00,0.1978,0.1991,0.1977,0.1988,6357697.1
2026-09-17 08:00:00+00:00,0.1988,0.2004,0.1983,0.1998,5794311.1
2026-09-17 09:00:00+00:00,0.1999,0.2004,0.1985,0.1985,5602898.5
2026-09-17 10:00:00+00:00,0.1985,0.1986,0.1974,0.1983,4206964.2
2026-09-17 11:00:00+00:00,0.1982,0.1987,0.1974,0.1985,3213416.0
2026-09-17 12:00:00+00:00,0.1986,0.2022,0.1984,0.2008,6809895.4
2026-09-17 13:00:00+00:00,0.2008,0.2014,0.1985,0.2008,4944867.0
2026-09-17 14:00:00+00:00,0.2008,0.2043,0.1995,0.2017,11037881.3
2026-09-17 15:00:00+00:00,0.2017,0.2029,0.2001,0.2023,4591692.2
2026-09-17 16:00:00+00:00,0.2024,0.2029,0.201,0.2024,4205681.6
2026-09-17 17:00:00+00:00,0.2025,0.2035,0.2019,0.203,3845870.7
2026-09-17 18:00:00+00:00,0.203,0.2031,0.2011,0.2014,4250573.2
2026-09-17 19:00:00+00:00,0.2013,0.2023,0.2011,0.2018,4032762.6
2026-09-17 20:00:00+00:00,0.2018,0.2028,0.2015,0.2022,2059733.8
2026-09-17 21:00:00+00:00,0.2023,0.2025,0.2005,0.2008,5100314.1
2026-09-17 22:00:00+00:00,0.2007,0.2013,0.1999,0.2012,6000885.0
2026-09-17 23:00:00+00:00,0.2011,0.2029,0.2008,0.2026,4052152.7
2026-09-18 00:00:00+00:00,0.2026,0.2049,0.2014,0.2048,5051489.6
2026-09-18 01:00:00+00:00,0.2049,0.2098,0.2046,0.2095,10222597.8
2026-09-18 02:00:00+00:00,0.2096,0.2174,0.2096,0.2139,37785674.2
2026-09-18 03:00:00+00:00,0.214,0.2167,0.213,0.2164,17437583.2
2026-09-18 04:00:00+00:00,0.2165,0.2173,0.2125,0.2149,12637773.6
2026-09-18 05:00:00+00:00,0.215,0.2151,0.2121,0.2125,8704057.6
2026-09-18 06:00:00+00:00,0.2125,0.214,0.2125,0.2134,5601999.1
2026-09-18 07:00:00+00:00,0.2135,0.2149,0.2131,0.2144,5795027.0
2026-09-18 08:00:00+00:00,0.2144,0.2154,0.2138,0.215,7018256.8
2026-09-18 09:00:00+00:00,0.215,0.2168,0.2145,0.2164,8689699.9
2026-09-18 10:00:00+00:00,0.2165,0.2168,0.2149,0.215,5055638.2
2026-09-18 11:00:00+00:00,0.2151,0.2153,0.213,0.2142,8673558.8
2026-09-18 12:00:00+00:00,0.2142,0.2155,0.213,0.2149,5508920.5
2026-09-18 13:00:00+00:00,0.2148,0.2197,0.2144,0.2171,15686553.2
2026-09-18 14:00:00+00:00,0.2171,0.2213,0.2171,0.2209,17699855.4
2026-09-18 15:00:00+00:00,0.221,0.2217,0.2177,0.22,12535679.1
2026-09-18 16:00:00+00:00,0.2201,0.221,0.2182,0.2184,8003332.3
2026-09-18 17:00:00+00:00,0.2184,0.2212,0.2176,0.2211,6386663.6
2026-09-18 18:00:00+00:00,0.221,0.2218,0.2204,0.2207,5923885.7
2026-09-18 19:00:00+00:00,0.2208,0.2234,0.2207,0.2224,8762600.0
2026-09-18 20:00:00+00:00,0.2223,0.2239,0.2216,0.2235,6072472.8
2026-09-18 21:00:00+00:00,0.2236,0.2254,0.2233,0.2252,7158368.4
2026-09-18 22:00:00+00:00,0.2252,0.227,0.2242,0.2267,9746756.2
2026-09-18 23:00:00+00:00,0.2267,0.2271,0.2239,0.2244,8557328.0
2026-09-19 00:00:00+00:00,0.2244,0.2292,0.2244,0.2274,14926039.9
2026-09-19 01:00:00+00:00,0.2274,0.2295,0.2246,0.2292,7040431.1
2026-09-19 02:00:00+00:00,0.2291,0.235,0.2286,0.2346,18456247.6
2026-09-19 03:00:00+00:00,0.2347,0.2348,0.2308,0.2309,13694715.5
2026-09-19 04:00:00+00:00,0.231,0.2317,0.2253,0.2259,8411674.5
2026-09-19 05:00:00+00:00,0.2258,0.2275,0.2241,0.2244,6912553.6
2026-09-19 06:00:00+00:00,0.2245,0.225,0.2215,0.2232,7055755.7
2026-09-19 07:00:00+00:00,0.2233,0.2237,0.2214,0.2216,5176965.9
2026-09-19 08:00:00+00:00,0.2217,0.2246,0.2209,0.224,7024523.1
2026-09-19 09:00:00+00:00,0.224,0.2245,0.223,0.2237,5714325.1
2026-09-19 10:00:00+00:00,0.2237,0.2256,0.2234,0.2247,4859624.9
2026-09-19 11:00:00+00:00,0.2248,0.2273,0.2248,0.2271,8078320.3
2026-09-19 12:00:00+00:00,0.2271,0.2277,0.2253,0.2272,11506812.5
2026-09-19 13:00:00+00:00,0.2272,0.2284,0.2262,0.227,7521185.0
2026-09-19 14:00:00+00:00,0.2271,0.229,0.2269,0.2273,6854012.7
2026-09-19 15:00:00+00:00,0.2272,0.2282,0.2261,0.2271,6750816.7
2026-09-19 16:00:00+00:00,0.2272,0.2298,0.2256,0.2298,5579472.9
2026-09-19 17:00:00+00:00,0.2297,0.2312,0.2283,0.2297,7964782.7
2026-09-19 18:00:00+00:00,0.2297,0.2304,0.228,0.2299,6110859.0
2026-09-19 19:00:00+00:00,0.2299,0.2314,0.2293,0.2302,4991777.2
2026-09-19 20:00:00+00:00,0.2302,0.2313,0.2287,0.2291,5982163.2
2026-09-19 21:00:00+00:00,0.2292,0.2293,0.226,0.2272,9674551.6
2026-09-19 22:00:00+00:00,0.2272,0.2282,0.2249,0.2281,5793118.3
2026-09-19 23:00:00+00:00,0.228,0.2288,0.2268,0.2278,3327437.6
2026-09-20 00:00:00+00:00,0.2279,0.2301,0.2273,0.2288,6408385.9
2026-09-20 01:00:00+00:00,0.2288,0.2288,0.2259,0.2272,4229828.8
2026-09-20 02:00:00+00:00,0.2273,0.2291,0.2189,0.2197,14260941.0
2026-09-20 03:00:00+00:00,0.2197,0.2229,0.2188,0.2224,8528884.0
2026-09-20 04:00:00+00:00,0.2224,0.2226,0.2205,0.2212,4381548.7
2026-09-20 05:00:00+00:00,0.2212,0.222,0.2199,0.2212,3963935.6
2026-09-20 06:00:00+00:00,0.2213,0.2221,0.2192,0.2201,4023472.6
2026-09-20 07:00:00+00:00,0.2201,0.2206,0.219,0.2193,1756140.3
2026-09-20 08:00:00+00:00,0.2192,0.2209,0.2187,0.2197,3893848.7
2026-09-20 09:00:00+00:00,0.2196,0.2223,0.2195,0.2202,2606576.3
2026-09-20 10:00:00+00:00,0.2202,0.2207,0.2183,0.2194,2993243.3
2026-09-20 11:00:00+00:00,0.2194,0.2215,0.2192,0.2214,4477836.9
2026-09-20 12:00:00+00:00,0.2214,0.2229,0.2204,0.2222,4175420.3
2026-09-20 13:00:00+00:00,0.2222,0.2227,0.2205,0.2218,4448980.3
2026-09-20 14:00:00+00:00,0.2217,0.2233,0.2204,0.2214,3698915.4
2026-09-20 15:00:00+00:00,0.2214,0.2248,0.2214,0.2246,5817125.1
2026-09-20 16:00:00+00:00,0.2247,0.2329,0.224,0.2322,23882014.3
2026-09-20 17:00:00+00:00,0.2322,0.233,0.2269,0.2279,16049151.5
2026-09-20 18:00:00+00:00,0.2278,0.2286,0.2264,0.2266,4890357.5
2026-09-20 19:00:00+00:00,0.2267,0.2286,0.2259,0.2278,3833903.3
2026-09-20 20:00:00+00:00,0.2279,0.2288,0.2269,0.227,3913171.5
2026-09-20 21:00:00+00:00,0.2271,0.2272,0.2238,0.227,7332855.5
2026-09-20 22:00:00+00:00,0.227,0.2294,0.2259,0.2286,5833158.6
2026-09-20 23:00:00+00:00,0.2285,0.2291,0.2275,0.2279,3782370.3
2026-09-21 00:00:00+00:00,0.2279,0.2324,0.2278,0.2307,8965495.5
2026-09-21 01:00:00+00:00,0.2308,0.234,0.2267,0.2272,14753978.3
2026-09-21 02:00:00+00:00,0.2272,0.2312,0.2266,0.2306,13865513.2
2026-09-21 03:00:00+00:00,0.2306,0.2343,0.2303,0.2319,7940103.5
2026-09-21 04:00:00+00:00,0.232,0.2328,0.2302,0.2313,4922739.7
2026-09-21 05:00:00+00:00,0.2313,0.2334,0.2301,0.2316,3867782.7
2026-09-21 06:00:00+00:00,0.2317,0.2346,0.2314,0.2329,7710817.9
2026-09-21 07:00:00+00:00,0.2329,0.2334,0.231,0.2323,4777687.0
2026-09-21 08:00:00+00:00,0.2322,0.238,0.232,0.2373,23254929.4
2026-09-21 09:00:00+00:00,0.2372,0.2413,0.2362,0.2371,29245053.7
2026-09-21 10:00:00+00:00,0.2372,0.2408,0.2364,0.2407,11071226.1
2026-09-21 11:00:00+00:00,0.2407,0.2439,0.2404,0.2418,17185615.4
2026-09-21 12:00:00+00:00,0.2418,0.2488,0.2412,0.2458,21160492.8
2026-09-21 13:00:00+00:00,0.2457,0.2468,0.2412,0.2438,19584525.3
2026-09-21 14:00:00+00:00,0.2439,0.245,0.2397,0.244,15165158.8
2026-09-21 15:00:00+00:00,0.2441,0.2469,0.242,0.2448,14440828.7
2026-09-21 16:00:00+00:00,0.2448,0.2466,0.2414,0.2439,11582755.2
2026-09-21 17:00:00+00:00,0.2439,0.2451,0.2402,0.2413,10521876.2
2026-09-21 18:00:00+00:00,0.2414,0.2446,0.2406,0.2437,5570785.7
2026-09-21 19:00:00+00:00,0.2437,0.2448,0.2421,0.2448,4681097.7
2026-09-21 20:00:00+00:00,0.2447,0.2478,0.2444,0.2465,11167989.1
2026-09-21 21:00:00+00:00,0.2465,0.2466,0.2436,0.2446,6653905.9
2026-09-21 22:00:00+00:00,0.2447,0.2474,0.2445,0.2464,7214290.5
2026-09-21 23:00:00+00:00,0.2463,0.2477,0.2432,0.2451,7685685.2
2026-09-22 00:00:00+00:00,0.2451,0.249,0.2441,0.2452,12863050.9
2026-09-22 01:00:00+00:00,0.2452,0.247,0.2424,0.2457,11293413.8
2026-09-22 02:00:00+00:00,0.2457,0.2499,0.2449,0.2457,15915707.5
2026-09-22 03:00:00+00:00,0.2456,0.2485,0.2443,0.2481,8064203.8
2026-09-22 04:00:00+00:00,0.248,0.2527,0.2459,0.2464,27172740.4
2026-09-22 05:00:00+00:00,0.2465,0.2476,0.2401,0.2445,17612020.5
2026-09-22 06:00:00+00:00,0.2446,0.2466,0.2429,0.2449,6879522.9
2026-09-22 07:00:00+00:00,0.245,0.2462,0.2434,0.2455,6717735.9
2026-09-22 08:00:00+00:00,0.2455,0.2505,0.2435,0.2496,10138466.4
2026-09-22 09:00:00+00:00,0.2495,0.2496,0.2459,0.248,9068244.4
2026-09-22 10:00:00+00:00,0.2479,0.248,0.2442,0.2451,6698341.7
2026-09-22 11:00:00+00:00,0.2451,0.2469,0.2437,0.2461,5002247.1
2026-09-22 12:00:00+00:00,0.2461,0.2498,0.2442,0.2498,9257377.9
2026-09-22 13:00:00+00:00,0.2498,0.2537,0.248,0.2534,33456693.8
2026-09-22 14:00:00+00:00,0.2534,0.2545,0.2456,0.2506,23185762.7
2026-09-22 15:00:00+00:00,0.2506,0.2543,0.2504,0.2522,15558426.6
2026-09-22 16:00:00+00:00,0.2522,0.2529,0.2472,0.249,17177438.5
2026-09-22 17:00:00+00:00,0.2491,0.2502,0.2482,0.2499,9321152.2
2026-09-22 18:00:00+00:00,0.2499,0.252,0.2493,0.2506,8904353.3
2026-09-22 19:00:00+00:00,0.2506,0.254,0.2505,0.2527,10969304.0
2026-09-22 20:00:00+00:00,0.2528,0.2534,0.2507,0.252,9157171.0
2026-09-22 21:00:00+00:00,0.2521,0.2532,0.2507,0.2511,5478619.9
2026-09-22 22:00:00+00:00,0.2512,0.2555,0.2491,0.2531,10391034.5
2026-09-22 23:00:00+00:00,0.2531,0.2578,0.2529,0.2543,13484867.2
2026-09-23 00:00:00+00:00,0.2543,0.2578,0.2537,0.2543,10029086.7
2026-09-23 01:00:00+00:00,0.2543,0.2565,0.2519,0.2531,10158202.5
2026-09-23 02:00:00+00:00,0.253,0.2565,0.2513,0.2563,5925564.7
2026-09-23 03:00:00+00:00,0.2563,0.2601,0.2545,0.2598,13382506.1
2026-09-23 04:00:00+00:00,0.2599,0.2623,0.2577,0.2598,15697415.5
2026-09-23 05:00:00+00:00,0.2598,0.2599,0.2549,0.256,12422403.9
2026-09-23 06:00:00+00:00,0.256,0.26,0.2558,0.259,6004052.1
2026-09-23 07:00:00+00:00,0.2589,0.2593,0.2554,0.2561,8917867.3
2026-09-23 08:00:00+00:00,0.2561,0.2572,0.2516,0.2536,12676548.0
2026-09-23 09:00:00+00:00,0.2536,0.2556,0.253,0.2536,7669090.7
2026-09-23 10:00:00+00:00,0.2535,0.2549,0.2512,0.2544,10172335.5
2026-09-23 11:00:00+00:00,0.2544,0.2545,0.2493,0.2509,9721780.4
2026-09-23 12:00:00+00:00,0.251,0.2512,0.2483,0.2502,9093220.2
2026-09-23 13:00:00+00:00,0.2502,0.2503,0.2469,0.2486,11210330.9
2026-09-23 14:00:00+00:00,0.2485,0.2499,0.2354,0.2401,45466476.6
2026-09-23 15:00:00+00:00,0.2402,0.2417,0.2371,0.2374,15326369.6
2026-09-23 16:00:00+00:00,0.2373,0.2399,0.2334,0.2386,12882021.9
2026-09-23 17:00:00+00:00,0.2385,0.2403,0.2361,0.2395,5892552.1
2026-09-23 18:00:00+00:00,0.2394,0.2394,0.2371,0.2381,4638984.6
2026-09-23 19:00:00+00:00,0.2381,0.2395,0.2373,0.2385,3503992.5
2026-09-23 20:00:00+00:00,0.2385,0.2389,0.2364,0.2368,2947728.8
2026-09-23 21:00:00+00:00,0.2368,0.2391,0.2364,0.2379,2969634.1
2026-09-23 22:00:00+00:00,0.2379,0.2402,0.2378,0.2386,4240406.7
2026-09-23 23:00:00+00:00,0.2386,0.2391,0.2377,0.2384,2503958.1
2026-09-24 00:00:00+00:00,0.2384,0.2392,0.2371,0.2379,3890146.4
2026-09-24 01:00:00+00:00,0.2379,0.2385,0.2361,0.2366,4458567.1
2026-09-24 02:00:00+00:00,0.2367,0.2403,0.2348,0.2399,7402080.6
2026-09-24 03:00:00+00:00,0.24,0.2411,0.2378,0.2387,4964488.4
2026-09-24 04:00:00+00:00,0.2388,0.2413,0.2378,0.2411,4019423.9
2026-09-24 05:00:00+00:00,0.2411,0.2437,0.2399,0.2401,6887434.9
2026-09-24 06:00:00+00:00,0.2401,0.2417,0.2397,0.241,3776422.4
2026-09-24 07:00:00+00:00,0.2411,0.2426,0.2395,0.2422,3587298.8
2026-09-24 08:00:00+00:00,0.2421,0.2428,0.2366,0.2384,6140758.7
2026-09-24 09:00:00+00:00,0.2384,0.2393,0.2329,0.2342,10118002.4
2026-09-24 10:00:00+00:00,0.2342,0.2363,0.2335,0.2361,4865104.6
2026-09-24 11:00:00+00:00,0.2361,0.2372,0.2351,0.2358,3764487.5
2026-09-24 12:00:00+00:00,0.2359,0.2371,0.235,0.2366,3832858.8
2026-09-24 13:00:00+00:00,0.2366,0.2426,0.2366,0.2415,8907659.6
2026-09-24 14:00:00+00:00,0.2415,0.2511,0.2412,0.2456,34330436.9
2026-09-24 15:00:00+00:00,0.2455,0.2504,0.2447,0.249,12638743.9
2026-09-24 16:00:00+00:00,0.2491,0.2515,0.2454,0.2487,14046892.5
2026-09-24 17:00:00+00:00,0.2486,0.2494,0.2456,0.2464,7837014.1
2026-09-24 18:00:00+00:00,0.2464,0.2486,0.2445,0.2481,7004533.9
2026-09-24 19:00:00+00:00,0.2481,0.2488,0.2467,0.2482,3992521.2
2026-09-24 20:00:00+00:00,0.2482,0.2489,0.2464,0.2474,4204177.2
2026-09-24 21:00:00+00:00,0.2475,0.2503,0.2472,0.2484,3657195.7
2026-09-24 22:00:00+00:00,0.2485,0.249,0.2461,0.2476,4011260.9
2026-09-24 23:00:00+00:00,0.2476,0.2493,0.2475,0.2477,3471031.9
2026-09-25 00:00:00+00:00,0.2477,0.2507,0.2476,0.2502,7286312.3
2026-09-25 01:00:00+00:00,0.2503,0.2533,0.2489,0.2499,8652516.8
2026-09-25 02:00:00+00:00,0.2499,0.2521,0.2468,0.2474,6321505.9
2026-09-25 03:00:00+00:00,0.2475,0.2485,0.2464,0.2477,4417978.3
2026-09-25 04:00:00+00:00,0.2477,0.2499,0.2468,0.248,3756026.1
2026-09-25 05:00:00+00:00,0.248,0.2484,0.2465,0.2474,3790600.8
2026-09-25 06:00:00+00:00,0.2475,0.2492,0.2465,0.2472,4636541.7
2026-09-25 07:00:00+00:00,0.2472,0.2495,0.2462,0.2493,5443796.0
2026-09-25 08:00:00+00:00,0.2494,0.2531,0.2486,0.252,7964064.6
2026-09-25 09:00:00+00:00,0.252,0.2551,0.2516,0.2531,9999971.3
2026-09-25 10:00:00+00:00,0.2532,0.2534,0.2514,0.2527,6048353.8
2026-09-25 11:00:00+00:00,0.2527,0.2578,0.2526,0.2552,17420651.3
2026-09-25 12:00:00+00:00,0.2553,0.2586,0.2507,0.2575,24941277.9
2026-09-25 13:00:00+00:00,0.2575,0.2586,0.2526,0.2553,18709437.8
2026-09-25 14:00:00+00:00,0.2553,0.2557,0.2506,0.2554,13651618.4
2026-09-25 15:00:00+00:00,0.2553,0.257,0.251,0.2541,14714375.8
2026-09-25 16:00:00+00:00,0.2541,0.257,0.2538,0.254,15019695.8
2026-09-25 17:00:00+00:00,0.2539,0.2563,0.253,0.2546,8551739.3
2026-09-25 18:00:00+00:00,0.2546,0.2568,0.254,0.2553,6663978.0
2026-09-25 19:00:00+00:00,0.2553,0.2558,0.2538,0.255,4817249.1
2026-09-25 20:00:00+00:00,0.2551,0.2576,0.2544,0.2545,6663463.0
2026-09-25 21:00:00+00:00,0.2544,0.2549,0.2525,0.2533,5581588.5
2026-09-25 22:00:00+00:00,0.2532,0.2594,0.2525,0.2576,12676063.5
2026-09-25 23:00:00+00:00,0.2575,0.2598,0.2571,0.2588,7228495.4
2026-09-26 00:00:00+00:00,0.2588,0.2591,0.256,0.2572,6265872.7
2026-09-26 01:00:00+00:00,0.2571,0.2654,0.257,0.2618,22398599.1
2026-09-26 02:00:00+00:00,0.2619,0.2636,0.2591,0.2591,11551544.0
2026-09-26 03:00:00+00:00,0.2592,0.2592,0.2558,0.2564,8335036.3
2026-09-26 04:00:00+00:00,0.2564,0.258,0.2551,0.2566,8270848.3
2026-09-26 05:00:00+00:00,0.2566,0.2566,0.2545,0.2551,5517415.9
2026-09-26 06:00:00+00:00,0.255,0.255,0.2539,0.2541,4974561.9
2026-09-26 07:00:00+00:00,0.2542,0.2563,0.2539,0.2559,4084649.8
2026-09-26 08:00:00+00:00,0.2559,0.2569,0.2539,0.2549,6969605.7
2026-09-26 09:00:00+00:00,0.2549,0.2553,0.253,0.2543,4368223.5
2026-09-26 10:00:00+00:00,0.2542,0.2578,0.2542,0.2576,7443923.1
2026-09-26 11:00:00+00:00,0.2575,0.2583,0.2564,0.2572,5265512.7
2026-09-26 12:00:00+00:00,0.2572,0.2583,0.2546,0.2556,7691180.9
2026-09-26 13:00:00+00:00,0.2556,0.2568,0.254,0.2557,6357687.0
2026-09-26 14:00:00+00:00,0.2556,0.2573,0.255,0.2572,3063144.6
2026-09-26 15:00:00+00:00,0.2572,0.261,0.2567,0.2603,11353685.2
2026-09-26 16:00:00+00:00,0.2603,0.2603,0.258,0.2585,5089089.7
2026-09-26 17:00:00+00:00,0.2585,0.2585,0.2559,0.2565,5865049.2
2026-09-26 18:00:00+00:00,0.2565,0.257,0.2545,0.2548,3617674.0
2026-09-26 19:00:00+00:00,0.2549,0.2557,0.2541,0.2544,2653936.1
2026-09-26 20:00:00+00:00,0.2545,0.2549,0.2478,0.2503,13685065.0
2026-09-26 21:00:00+00:00,0.2503,0.2536,0.2502,0.2525,4715854.8
2026-09-26 22:00:00+00:00,0.2526,0.2536,0.2521,0.2523,2440419.0
2026-09-26 23:00:00+00:00,0.2522,0.2548,0.2522,0.254,2991402.2
2026-09-27 00:00:00+00:00,0.254,0.2541,0.2514,0.2518,5634665.7
2026-09-27 01:00:00+00:00,0.2517,0.253,0.2506,0.2526,3603773.2
2026-09-27 02:00:00+00:00,0.2526,0.2536,0.252,0.2521,3643939.6
2026-09-27 03:00:00+00:00,0.2522,0.2528,0.2515,0.2517,1305724.5
2026-09-27 04:00:00+00:00,0.2516,0.2526,0.25,0.2506,3802648.4
2026-09-27 05:00:00+00:00,0.2506,0.2544,0.2505,0.2531,3094262.2
2026-09-27 06:00:00+00:00,0.2531,0.2562,0.2531,0.2553,5912774.9
2026-09-27 07:00:00+00:00,0.2553,0.2583,0.2548,0.258,10053681.5
2026-09-27 08:00:00+00:00,0.2581,0.2586,0.2558,0.2561,6456550.9
2026-09-27 09:00:00+00:00,0.256,0.2569,0.2547,0.2563,6171384.9
2026-09-27 10:00:00+00:00,0.2562,0.2573,0.2557,0.2559,3702082.1
2026-09-27 11:00:00+00:00,0.256,0.2572,0.2553,0.2568,3267617.2
2026-09-27 12:00:00+00:00,0.2568,0.2596,0.2562,0.2562,6342657.1
2026-09-27 13:00:00+00:00,0.2563,0.2572,0.2534,0.2564,8032456.2
2026-09-27 14:00:00+00:00,0.2565,0.2568,0.2528,0.2535,6811561.7
2026-09-27 15:00:00+00:00,0.2534,0.2546,0.2519,0.2543,4073493.2
2026-09-27 16:00:00+00:00,0.2543,0.2559,0.2535,0.2538,2968056.5
2026-09-27 17:00:00+00:00,0.2538,0.2549,0.2533,0.2547,2699674.3
2026-09-27 18:00:00+00:00,0.2547,0.2574,0.2541,0.2573,4691481.2
2026-09-27 19:00:00+00:00,0.2573,0.2574,0.255,0.2552,3293868.1
2026-09-27 20:00:00+00:00,0.2553,0.2566,0.2543,0.2549,2416747.8
2026-09-27 21:00:00+00:00,0.2549,0.2567,0.2537,0.2559,3641726.6
2026-09-27 22:00:00+00:00,0.2559,0.2565,0.2514,0.2527,6101634.9
2026-09-27 23:00:00+00:00,0.2527,0.256,0.2525,0.2551,4661608.4
2026-09-28 00:00:00+00:00,0.2551,0.2581,0.2535,0.2548,9572806.0
2026-09-28 01:00:00+00:00,0.2548,0.2573,0.2527,0.2541,8291437.9
2026-09-28 02:00:00+00:00,0.254,0.2565,0.2517,0.252,7771396.1
2026-09-28 03:00:00+00:00,0.2521,0.2539,0.2494,0.2502,10164482.7
2026-09-28 04:00:00+00:00,0.2502,0.2507,0.2462,0.2496,12553465.6
2026-09-28 05:00:00+00:00,0.2495,0.2508,0.2437,0.2468,12332074.6
2026-09-28 06:00:00+00:00,0.2468,0.2486,0.2446,0.2451,5947853.7
2026-09-28 07:00:00+00:00,0.2451,0.2467,0.2424,0.2426,5654742.5
2026-09-28 08:00:00+00:00,0.2426,0.2458,0.2419,0.245,5183159.2
2026-09-28 09:00:00+00:00,0.2449,0.246,0.2422,0.2429,7946515.9
2026-09-28 10:00:00+00:00,0.243,0.2472,0.2428,0.2454,7349924.4
2026-09-28 11:00:00+00:00,0.2454,0.2467,0.245,0.246,6340705.9
2026-09-28 12:00:00+00:00,0.246,0.2536,0.2452,0.2523,19068087.1
2026-09-28 13:00:00+00:00,0.2522,0.2522,0.2482,0.2491,11346663.1
2026-09-28 14:00:00+00:00,0.2491,0.2491,0.2395,0.241,28486608.9
2026-09-28 15:00:00+00:00,0.2411,0.2448,0.2395,0.2446,15172874.4
2026-09-28 16:00:00+00:00,0.2445,0.2497,0.2433,0.2464,14731346.4
2026-09-28 17:00:00+00:00,0.2464,0.2503,0.2441,0.2487,10907358.3
2026-09-28 18:00:00+00:00,0.2487,0.2509,0.248,0.2495,8410474.7
2026-09-28 19:00:00+00:00,0.2495,0.2495,0.2429,0.2434,7248336.5
2026-09-28 20:00:00+00:00,0.2434,0.2462,0.2426,0.246,3871898.8
2026-09-28 21:00:00+00:00,0.2461,0.2477,0.2434,0.2437,2829489.0
2026-09-28 22:00:00+00:00,0.2437,0.2458,0.2422,0.2454,3481873.6
2026-09-28 23:00:00+00:00,0.2455,0.2475,0.2453,0.2473,2097715.0
2026-09-29 00:00:00+00:00,0.2473,0.2503,0.2457,0.2458,4962803.4
2026-09-29 01:00:00+00:00,0.2457,0.2478,0.2408,0.2425,9348841.3
2026-09-29 02:00:00+00:00,0.2426,0.2433,0.2389,0.2407,9867930.9
2026-09-29 03:00:00+00:00,0.2406,0.2439,0.2396,0.2427,5858614.5
2026-09-29 04:00:00+00:00,0.2427,0.2444,0.2414,0.2431,5766873.9
2026-09-29 05:00:00+00:00,0.2431,0.2452,0.2412,0.2452,4467033.4
2026-09-29 06:00:00+00:00,0.2452,0.2494,0.245,0.2491,7010098.6
2026-09-29 07:00:00+00:00,0.249,0.2525,0.2481,0.252,14303995.9
2026-09-29 08:00:00+00:00,0.252,0.2546,0.2509,0.2529,10558624.2
2026-09-29 09:00:00+00:00,0.2528,0.2547,0.2512,0.2536,7174270.8
2026-09-29 10:00:00+00:00,0.2537,0.2537,0.25,0.2516,5402086.7
2026-09-29 11:00:00+00:00,0.2516,0.2547,0.2505,0.2539,5979663.4
2026-09-29 12:00:00+00:00,0.2538,0.2545,0.2517,0.2526,6762668.3
2026-09-29 13:00:00+00:00,0.2525,0.2537,0.2507,0.2519,5954417.0
2026-09-29 14:00:00+00:00,0.2519,0.254,0.25,0.252,7095418.2
2026-09-29 15:00:00+00:00,0.2521,0.2521,0.2434,0.2443,15161558.9
2026-09-29 16:00:00+00:00,0.2443,0.2454,0.2405,0.242,8505172.3
2026-09-29 17:00:00+00:00,0.242,0.2427,0.2398,0.2416,8824058.2
2026-09-29 18:00:00+00:00,0.2416,0.2456,0.2416,0.2451,9381422.9
2026-09-29 19:00:00+00:00,0.245,0.2457,0.243,0.2432,4960647.6
2026-09-29 20:00:00+00:00,0.2433,0.2458,0.2427,0.2448,3159970.4
2026-09-29 21:00:00+00:00,0.2447,0.2454,0.2432,0.2441,4729334.9
2026-09-29 22:00:00+00:00,0.2441,0.246,0.244,0.2447,2513650.6
2026-09-29 23:00:00+00:00,0.2447,0.2468,0.2435,0.2445,2798055.1
2026-09-30 00:00:00+00:00,0.2445,0.2447,0.242,0.2445,4214520.8
2026-09-30 01:00:00+00:00,0.2445,0.2466,0.2441,0.2453,4136830.3
2026-09-30 02:00:00+00:00,0.2453,0.2465,0.2446,0.2456,4168359.0
2026-09-30 03:00:00+00:00,0.2457,0.246,0.2433,0.2438,2637742.4
2026-09-30 04:00:00+00:00,0.2437,0.2459,0.2437,0.2441,2675618.0
2026-09-30 05:00:00+00:00,0.2442,0.2469,0.2438,0.2459,3541251.5
2026-09-30 06:00:00+00:00,0.2458,0.2465,0.2422,0.2427,4127028.5
2026-09-30 07:00:00+00:00,0.2426,0.2455,0.2419,0.2446,4108876.9
2026-09-30 08:00:00+00:00,0.2445,0.2453,0.2432,0.2449,3489062.0
2026-09-30 09:00:00+00:00,0.2448,0.2497,0.2447,0.2475,9149782.6
2026-09-30 10:00:00+00:00,0.2475,0.249,0.247,0.2484,4474098.3
2026-09-30 11:00:00+00:00,0.2484,0.2494,0.2468,0.2485,2895887.7
2026-09-30 12:00:00+00:00,0.2485,0.2552,0.2466,0.2537,17056794.6
2026-09-30 13:00:00+00:00,0.2538,0.2569,0.2488,0.2516,18256661.4
2026-09-30 14:00:00+00:00,0.2517,0.2528,0.2437,0.2449,15080680.5
2026-09-30 15:00:00+00:00,0.2448,0.2474,0.243,0.2471,6139584.1
2026-09-30 16:00:00+00:00,0.2471,0.2499,0.2469,0.2495,5311362.2
2026-09-30 17:00:00+00:00,0.2495,0.25,0.2457,0.2463,3655195.1
2026-09-30 18:00:00+00:00,0.2462,0.2467,0.2427,0.2441,5552101.7
2026-09-30 19:00:00+00:00,0.2441,0.2443,0.2414,0.2427,6937254.7
2026-09-30 20:00:00+00:00,0.2427,0.2456,0.2423,0.2447,4631707.8
2026-09-30 21:00:00+00:00,0.2448,0.2456,0.244,0.2445,2516062.6
2026-09-30 22:00:00+00:00,0.2446,0.2485,0.2432,0.2478,2979730.3
2026-09-30 23:00:00+00:00,0.2478,0.249,0.2465,0.2466,5181102.8
2026-10-01 00:00:00+00:00,0.2465,0.2468,0.2452,0.2464,2970409.8
2026-10-01 01:00:00+00:00,0.2463,0.2495,0.2463,0.2474,3072394.8
2026-10-01 02:00:00+00:00,0.2474,0.2493,0.2464,0.2491,2479830.3
2026-10-01 03:00:00+00:00,0.249,0.2513,0.248,0.2511,3791057.4
2026-10-01 04:00:00+00:00,0.2511,0.2543,0.2498,0.2527,8764339.9
2026-10-01 05:00:00+00:00,0.2527,0.2541,0.2521,0.2535,5051912.5
2026-10-01 06:00:00+00:00,0.2535,0.2545,0.2526,0.2535,5767903.8
2026-10-01 07:00:00+00:00,0.2535,0.2544,0.2474,0.2485,11120649.9
2026-10-01 08:00:00+00:00,0.2485,0.2493,0.2455,0.2467,6946709.9
2026-10-01 09:00:00+00:00,0.2467,0.2481,0.2459,0.2466,8666966.9
2026-10-01 10:00:00+00:00,0.2467,0.2483,0.2432,0.2478,7966457.1
2026-10-01 11:00:00+00:00,0.2478,0.2496,0.2465,0.2489,5638461.3
2026-10-01 12:00:00+00:00,0.249,0.2496,0.2469,0.2476,5121640.9
2026-10-01 13:00:00+00:00,0.2476,0.2486,0.2448,0.2477,6604701.8
2026-10-01 14:00:00+00:00,0.2477,0.2481,0.244,0.245,10152558.5
2026-10-01 15:00:00+00:00,0.245,0.2472,0.243,0.2465,9297451.1
2026-10-01 16:00:00+00:00,0.2465,0.2485,0.2443,0.245,6344388.0
2026-10-01 17:00:00+00:00,0.245,0.2519,0.245,0.2505,11852492.5
2026-10-01 18:00:00+00:00,0.2504,0.2512,0.2482,0.2487,5685189.9
2026-10-01 19:00:00+00:00,0.2487,0.2497,0.2463,0.2482,4516985.7
2026-10-01 20:00:00+00:00,0.2482,0.2491,0.2474,0.2474,2041152.4
2026-10-01 21:00:00+00:00,0.2474,0.2476,0.2446,0.2451,4578502.2
2026-10-01 22:00:00+00:00,0.2451,0.247,0.2447,0.2461,3246481.7
2026-10-01 23:00:00+00:00,0.2461,0.2465,0.2453,0.2464,1918515.4
2026-10-02 00:00:00+00:00,0.2463,0.247,0.2455,0.2461,3407676.9
2026-10-02 01:00:00+00:00,0.2462,0.2469,0.244,0.2462,4470600.8
2026-10-02 02:00:00+00:00,0.2463,0.2495,0.2462,0.2493,5378301.9
2026-10-02 03:00:00+00:00,0.2492,0.2506,0.248,0.2489,4513378.6
