time,open,high,low,close,volume
2026-06-04 04:00:00+00:00,0.0923,0.0928,0.0912,0.0914,2590147.6
2026-06-04 05:00:00+00:00,0.0914,0.0914,0.0896,0.0905,3218870.2
2026-06-04 06:00:00+00:00,0.0905,0.0916,0.0903,0.0906,2223577.1
2026-06-04 07:00:00+00:00,0.0906,0.0907,0.0892,0.0893,4297962.5
2026-06-04 08:00:00+00:00,0.0892,0.0898,0.0883,0.0892,2622422.9
2026-06-04 09:00:00+00:00,0.0891,0.0891,0.0864,0.0876,5920801.2
2026-06-04 10:00:00+00:00,0.0877,0.0879,0.0862,0.0867,6714968.1
2026-06-04 11:00:00+00:00,0.0868,0.0884,0.0866,0.0884,5022352.9
2026-06-04 12:00:00+00:00,0.0883,0.0907,0.0876,0.0905,5597235.3
2026-06-04 13:00:00+00:00,0.0906,0.0914,0.089,0.0913,4653582.5
2026-06-04 14:00:00+00:00,0.0914,0.0915,0.0902,0.0906,2867841.9
2026-06-04 15:00:00+00:00,0.0906,0.092,0.0901,0.0916,3826977.3
2026-06-04 16:00:00+00:00,0.0916,0.0918,0.0904,0.091,3714707.5
2026-06-04 17:00:00+00:00,0.0909,0.0914,0.0893,0.0899,2830120.0
2026-06-04 18:00:00+00:00,0.09,0.0911,0.0892,0.0907,1915762.2
2026-06-04 19:00:00+00:00,0.0906,0.0911,0.09,0.0904,1793842.9
2026-06-04 20:00:00+00:00,0.0903,0.0903,0.0892,0.0898,1278805.2
2026-06-04 21:00:00+00:00,0.0897,0.0901,0.0875,0.0878,1937205.3
2026-06-04 22:00:00+00:00,0.0878,0.0889,0.0874,0.0888,3199344.6
2026-06-04 23:00:00+00:00,0.0888,0.0894,0.0881,0.0893,972695.6
2026-06-05 00:00:00+00:00,0.0893,0.0899,0.0885,0.0886,2826325.4
2026-06-05 01:00:00+00:00,0.0885,0.0894,0.0878,0.0892,1466171.3
2026-06-05 02:00:00+00:00,0.0892,0.0892,0.0862,0.0863,1965496.3
2026-06-05 03:00:00+00:00,0.0862,0.0872,0.0854,0.086,3417358.6
2026-06-05 04:00:00+00:00,0.086,0.0877,0.0855,0.0875,3718647.1
2026-06-05 05:00:00+00:00,0.0876,0.0877,0.0844,0.0846,4926523.5
2026-06-05 06:00:00+00:00,0.0847,0.0847,0.0802,0.0826,15437062.2
2026-06-05 07:00:00+00:00,0.0825,0.0844,0.0808,0.0841,11923055.2
2026-06-05 08:00:00+00:00,0.0841,0.0842,0.0827,0.0832,3342512.8
2026-06-05 09:00:00+00:00,0.0832,0.0852,0.0832,0.0847,3231319.8
2026-06-05 10:00:00+00:00,0.0848,0.0851,0.0837,0.084,1620288.6
2026-06-05 11:00:00+00:00,0.084,0.0842,0.0818,0.082,7351094.8
2026-06-05 12:00:00+00:00,0.082,0.0826,0.0805,0.0814,6884077.8
2026-06-05 13:00:00+00:00,0.0814,0.0844,0.081,0.0811,8194857.0
2026-06-05 14:00:00+00:00,0.081,0.0832,0.08,0.0824,7693430.5
2026-06-05 15:00:00+00:00,0.0824,0.0827,0.0803,0.0811,6794639.6
2026-06-05 16:00:00+00:00,0.081,0.0827,0.0791,0.0826,13055747.9
2026-06-05 17:00:00+00:00,0.0825,0.0827,0.0809,0.0813,5050747.4
2026-06-05 18:00:00+00:00,0.0813,0.082,0.078,0.0784,7679802.8
2026-06-05 19:00:00+00:00,0.0784,0.0805,0.0771,0.0799,8050260.3
2026-06-05 20:00:00+00:00,0.0799,0.0819,0.079,0.0818,5529907.8
2026-06-05 21:00:00+00:00,0.0818,0.0824,0.0817,0.0817,2299695.3
2026-06-05 22:00:00+00:00,0.0816,0.0817,0.0801,0.0812,2477898.1
2026-06-05 23:00:00+00:00,0.0812,0.0816,0.0791,0.0804,6494482.9
2026-06-06 00:00:00+00:00,0.0804,0.0812,0.0804,0.0808,2367205.8
2026-06-06 01:00:00+00:00,0.0809,0.0812,0.08,0.0802,1208942.7
2026-06-06 02:00:00+00:00,0.0802,0.0803,0.0795,0.0797,1253966.7
2026-06-06 03:00:00+00:00,0.0797,0.0797,0.0786,0.0789,2469411.7
2026-06-06 04:00:00+00:00,0.079,0.0792,0.0747,0.0752,12422893.9
2026-06-06 05:00:00+00:00,0.0752,0.0776,0.074,0.0776,7842803.2
2026-06-06 06:00:00+00:00,0.0776,0.0791,0.0776,0.0779,3053644.6
2026-06-06 07:00:00+00:00,0.0779,0.0791,0.0777,0.079,3528035.2
2026-06-06 08:00:00+00:00,0.0789,0.0803,0.0787,0.08,2683129.5
2026-06-06 09:00:00+00:00,0.0799,0.0808,0.0793,0.0795,2666498.0
2026-06-06 10:00:00+00:00,0.0795,0.0795,0.0778,0.079,4949458.2
2026-06-06 11:00:00+00:00,0.0789,0.0799,0.0786,0.0796,2115078.5
2026-06-06 12:00:00+00:00,0.0797,0.0803,0.0788,0.08,2972260.8
2026-06-06 13:00:00+00:00,0.0799,0.0807,0.0798,0.0803,1884284.5
2026-06-06 14:00:00+00:00,0.0802,0.0809,0.0802,0.0803,2467773.6
2026-06-06 15:00:00+00:00,0.0803,0.0804,0.0789,0.0795,4241125.0
2026-06-06 16:00:00+00:00,0.0794,0.0799,0.0788,0.0798,1612926.3
2026-06-06 17:00:00+00:00,0.0798,0.08,0.0786,0.0788,2162037.1
2026-06-06 18:00:00+00:00,0.0788,0.0797,0.0787,0.0793,1264254.1
2026-06-06 19:00:00+00:00,0.0792,0.0798,0.0787,0.0787,1511868.3
2026-06-06 20:00:00+00:00,0.0787,0.0791,0.0785,0.079,1355324.9
2026-06-06 21:00:00+00:00,0.0791,0.0797,0.079,0.0792,1374939.7
2026-06-06 22:00:00+00:00,0.0791,0.0795,0.0788,0.0792,1166227.3
2026-06-06 23:00:00+00:00,0.0792,0.0801,0.0791,0.0799,844035.5
2026-06-07 00:00:00+00:00,0.08,0.0806,0.0798,0.0801,3146632.0
2026-06-07 01:00:00+00:00,0.08,0.0824,0.08,0.0821,3666128.5
2026-06-07 02:00:00+00:00,0.082,0.0822,0.0814,0.082,1620153.6
2026-06-07 03:00:00+00:00,0.0819,0.0823,0.0816,0.0821,1460177.0
2026-06-07 04:00:00+00:00,0.0821,0.0822,0.081,0.0821,1750599.1
2026-06-07 05:00:00+00:00,0.0821,0.083,0.0817,0.0826,4833249.2
2026-06-07 06:00:00+00:00,0.0826,0.084,0.0823,0.0829,24677903.6
2026-06-07 07:00:00+00:00,0.083,0.0834,0.0819,0.0827,32147198.5
2026-06-07 08:00:00+00:00,0.0827,0.0836,0.0821,0.0836,3412673.3
2026-06-07 09:00:00+00:00,0.0836,0.084,0.0827,0.0828,3228062.0
2026-06-07 10:00:00+00:00,0.0828,0.0832,0.082,0.0821,16195305.7
2026-06-07 11:00:00+00:00,0.0822,0.083,0.082,0.0826,1644527.2
2026-06-07 12:00:00+00:00,0.0825,0.0826,0.0807,0.0814,3005186.5
2026-06-07 13:00:00+00:00,0.0813,0.0816,0.081,0.0814,924449.0
2026-06-07 14:00:00+00:00,0.0814,0.0828,0.0814,0.0821,2443766.0
2026-06-07 15:00:00+00:00,0.0822,0.0822,0.0815,0.0819,2305509.5
2026-06-07 16:00:00+00:00,0.0819,0.082,0.0815,0.0817,1099840.4
2026-06-07 17:00:00+00:00,0.0817,0.0823,0.0816,0.0819,1338705.7
2026-06-07 18:00:00+00:00,0.0819,0.0821,0.0811,0.0811,1018883.1
2026-06-07 19:00:00+00:00,0.0812,0.0812,0.0793,0.0798,5260207.5
2026-06-07 20:00:00+00:00,0.0797,0.0808,0.0796,0.0807,3022587.5
2026-06-07 21:00:00+00:00,0.0807,0.0808,0.0801,0.0805,1133207.6
2026-06-07 22:00:00+00:00,0.0806,0.0853,0.0805,0.0824,9635895.4
2026-06-07 23:00:00+00:00,0.0824,0.0832,0.0824,0.0831,2363342.5
2026-06-08 00:00:00+00:00,0.0831,0.0841,0.0826,0.0836,1914137.3
2026-06-08 01:00:00+00:00,0.0836,0.0837,0.0817,0.0825,2241651.1
2026-06-08 02:00:00+00:00,0.0825,0.0828,0.0821,0.0824,1383882.1
2026-06-08 03:00:00+00:00,0.0825,0.083,0.0821,0.0825,733302.3
2026-06-08 04:00:00+00:00,0.0826,0.0826,0.0812,0.0813,925217.0
2026-06-08 05:00:00+00:00,0.0813,0.0816,0.0809,0.0816,2056547.8
2026-06-08 06:00:00+00:00,0.0815,0.0822,0.0815,0.0819,1535632.3
2026-06-08 07:00:00+00:00,0.0819,0.0825,0.0815,0.0823,1556132.4
2026-06-08 08:00:00+00:00,0.0823,0.0823,0.0812,0.0815,1859182.4
2026-06-08 09:00:00+00:00,0.0815,0.0827,0.0814,0.0827,3194917.9
2026-06-08 10:00:00+00:00,0.0827,0.0832,0.0822,0.0829,2378255.1
2026-06-08 11:00:00+00:00,0.0829,0.0841,0.0827,0.0834,3344326.7
2026-06-08 12:00:00+00:00,0.0834,0.0843,0.0825,0.0841,2880295.2
2026-06-08 13:00:00+00:00,0.0841,0.0842,0.0832,0.0834,2432398.4
2026-06-08 14:00:00+00:00,0.0834,0.084,0.0832,0.0839,3280409.3
2026-06-08 15:00:00+00:00,0.0839,0.0846,0.0835,0.0835,1735046.5
2026-06-08 16:00:00+00:00,0.0835,0.0844,0.083,0.0831,2999560.5
2026-06-08 17:00:00+00:00,0.0832,0.0837,0.0827,0.0837,2452121.5
2026-06-08 18:00:00+00:00,0.0838,0.084,0.0831,0.0832,1190282.0
2026-06-08 19:00:00+00:00,0.0833,0.0837,0.0831,0.0833,1321147.0
2026-06-08 20:00:00+00:00,0.0833,0.0833,0.0825,0.0831,1526573.1
2026-06-08 21:00:00+00:00,0.0832,0.084,0.0831,0.0831,1165342.3
2026-06-08 22:00:00+00:00,0.0831,0.0831,0.0822,0.0826,1823097.0
2026-06-08 23:00:00+00:00,0.0825,0.0829,0.0818,0.0822,2143661.7
2026-06-09 00:00:00+00:00,0.0822,0.0822,0.0801,0.0803,3810009.5
2026-06-09 01:00:00+00:00,0.0803,0.0809,0.0801,0.0807,2314304.0
2026-06-09 02:00:00+00:00,0.0808,0.0809,0.0798,0.0803,2375213.1
2026-06-09 03:00:00+00:00,0.0804,0.0806,0.0797,0.0805,1965521.3
2026-06-09 04:00:00+00:00,0.0805,0.0822,0.0803,0.0817,3490255.9
2026-06-09 05:00:00+00:00,0.0817,0.0824,0.0815,0.0819,1209168.2
2026-06-09 06:00:00+00:00,0.082,0.0823,0.0816,0.0817,1938468.8
2026-06-09 07:00:00+00:00,0.0817,0.0822,0.0813,0.0817,1068417.1
2026-06-09 08:00:00+00:00,0.0818,0.0819,0.081,0.0811,1685256.9
2026-06-09 09:00:00+00:00,0.0811,0.0813,0.0804,0.0805,1752122.1
2026-06-09 10:00:00+00:00,0.0806,0.0809,0.0802,0.0807,1996218.6
2026-06-09 11:00:00+00:00,0.0808,0.0808,0.0801,0.0804,1172481.7
2026-06-09 12:00:00+00:00,0.0804,0.081,0.0803,0.0808,2840125.2
2026-06-09 13:00:00+00:00,0.0809,0.0817,0.0806,0.0811,2965075.2
2026-06-09 14:00:00+00:00,0.0811,0.0813,0.0789,0.0801,6399911.9
2026-06-09 15:00:00+00:00,0.0801,0.0806,0.079,0.0792,3499505.8
2026-06-09 16:00:00+00:00,0.0791,0.0795,0.0779,0.079,6628599.2
2026-06-09 17:00:00+00:00,0.079,0.0807,0.079,0.0803,3688714.3
2026-06-09 18:00:00+00:00,0.0803,0.0812,0.0801,0.0808,1534783.5
2026-06-09 19:00:00+00:00,0.0808,0.0813,0.0805,0.0811,2485308.6
2026-06-09 20:00:00+00:00,0.0811,0.0817,0.081,0.0814,1940230.1
2026-06-09 21:00:00+00:00,0.0815,0.0815,0.0803,0.0805,1214670.2
2026-06-09 22:00:00+00:00,0.0804,0.0811,0.0801,0.0803,1794473.7
2026-06-09 23:00:00+00:00,0.0803,0.0808,0.0802,0.0803,2967010.2
2026-06-10 00:00:00+00:00,0.0804,0.0814,0.0803,0.0812,7087397.8
2026-06-10 01:00:00+00:00,0.0813,0.0814,0.0803,0.0805,1273670.4
2026-06-10 02:00:00+00:00,0.0805,0.0807,0.0795,0.0798,1149209.4
2026-06-10 03:00:00+00:00,0.0798,0.0803,0.0797,0.0799,878006.6
2026-06-10 04:00:00+00:00,0.0799,0.0801,0.0792,0.0796,900734.7
2026-06-10 05:00:00+00:00,0.0796,0.0797,0.079,0.0793,962063.5
2026-06-10 06:00:00+00:00,0.0793,0.0798,0.0791,0.0795,1157873.4
2026-06-10 07:00:00+00:00,0.0794,0.0802,0.0794,0.08,2547748.0
2026-06-10 08:00:00+00:00,0.0799,0.0799,0.0782,0.0786,6987656.9
2026-06-10 09:00:00+00:00,0.0785,0.0791,0.078,0.0789,1463831.3
2026-06-10 10:00:00+00:00,0.079,0.0793,0.0784,0.079,1265282.9
2026-06-10 11:00:00+00:00,0.0791,0.0793,0.0779,0.0782,3488093.8
2026-06-10 12:00:00+00:00,0.0782,0.0801,0.0778,0.0796,5593339.2
2026-06-10 13:00:00+00:00,0.0796,0.0814,0.0794,0.0805,4755165.6
2026-06-10 14:00:00+00:00,0.0805,0.0808,0.0798,0.0803,2992301.7
2026-06-10 15:00:00+00:00,0.0803,0.0817,0.0796,0.081,6407336.1
2026-06-10 16:00:00+00:00,0.081,0.0811,0.0787,0.0794,4927611.8
2026-06-10 17:00:00+00:00,0.0795,0.0799,0.0785,0.0792,3573585.5
2026-06-10 18:00:00+00:00,0.0793,0.0795,0.0786,0.0792,2109424.5
2026-06-10 19:00:00+00:00,0.0793,0.0795,0.078,0.0784,2123931.5
2026-06-10 20:00:00+00:00,0.0783,0.0786,0.0762,0.0771,4244283.6
2026-06-10 21:00:00+00:00,0.0771,0.0771,0.0757,0.076,2767989.5
2026-06-10 22:00:00+00:00,0.0761,0.0771,0.0756,0.0765,4944616.6
2026-06-10 23:00:00+00:00,0.0766,0.0777,0.0762,0.0776,3757086.9
2026-06-11 00:00:00+00:00,0.0776,0.0781,0.0775,0.0778,2629573.3
2026-06-11 01:00:00+00:00,0.0777,0.0789,0.0777,0.0787,1693053.4
2026-06-11 02:00:00+00:00,0.0786,0.0787,0.0776,0.078,1790390.1
2026-06-11 03:00:00+00:00,0.078,0.0815,0.0779,0.0805,8804043.4
2026-06-11 04:00:00+00:00,0.0806,0.0813,0.0801,0.0807,2626159.8
2026-06-11 05:00:00+00:00,0.0807,0.0808,0.08,0.08,1507861.2
2026-06-11 06:00:00+00:00,0.0801,0.0808,0.08,0.0803,2618857.2
2026-06-11 07:00:00+00:00,0.0801,0.0806,0.08,0.0803,1480497.0
2026-06-11 08:00:00+00:00,0.0803,0.0812,0.0803,0.0807,2361811.8
2026-06-11 09:00:00+00:00,0.0808,0.0808,0.08,0.0804,1599093.7
2026-06-11 10:00:00+00:00,0.0805,0.0812,0.0803,0.081,4142919.6
2026-06-11 11:00:00+00:00,0.081,0.0819,0.0808,0.0814,2375028.8
2026-06-11 12:00:00+00:00,0.0815,0.0816,0.08,0.0808,4146857.5
2026-06-11 13:00:00+00:00,0.0807,0.0814,0.0804,0.0811,2030829.3
2026-06-11 14:00:00+00:00,0.081,0.0814,0.0805,0.0808,1500438.6
2026-06-11 15:00:00+00:00,0.0808,0.081,0.0802,0.0807,3859859.5
2026-06-11 16:00:00+00:00,0.0808,0.081,0.0801,0.0803,2117717.6
2026-06-11 17:00:00+00:00,0.0802,0.0827,0.0798,0.0825,6048246.1
2026-06-11 18:00:00+00:00,0.0825,0.0861,0.0825,0.083,29644430.0
2026-06-11 19:00:00+00:00,0.083,0.085,0.0828,0.0837,4130397.7
2026-06-11 20:00:00+00:00,0.0837,0.0838,0.0828,0.0838,1716594.4
2026-06-11 21:00:00+00:00,0.0838,0.0846,0.0837,0.0843,2407219.2
2026-06-11 22:00:00+00:00,0.0844,0.0846,0.0833,0.0833,1603865.6
2026-06-11 23:00:00+00:00,0.0833,0.0837,0.0829,0.0835,1605244.0
2026-06-12 00:00:00+00:00,0.0836,0.0839,0.0832,0.0833,1657269.2
2026-06-12 01:00:00+00:00,0.0833,0.0833,0.0825,0.083,1141357.9
2026-06-12 02:00:00+00:00,0.0831,0.0836,0.0829,0.0834,779075.5
2026-06-12 03:00:00+00:00,0.0834,0.0838,0.0833,0.0835,2180136.2
2026-06-12 04:00:00+00:00,0.0836,0.0841,0.0833,0.0838,1019782.6
2026-06-12 05:00:00+00:00,0.0838,0.0839,0.0828,0.083,2109798.5
2026-06-12 06:00:00+00:00,0.0829,0.083,0.0819,0.082,2233352.3
2026-06-12 07:00:00+00:00,0.082,0.0827,0.082,0.0826,1657786.5
2026-06-12 08:00:00+00:00,0.0827,0.0838,0.0826,0.0837,2020257.7
2026-06-12 09:00:00+00:00,0.0837,0.085,0.0835,0.0845,3845846.3
2026-06-12 10:00:00+00:00,0.0844,0.0852,0.084,0.084,3778118.4
2026-06-12 11:00:00+00:00,0.084,0.0847,0.084,0.0844,1527115.6
2026-06-12 12:00:00+00:00,0.0843,0.085,0.0839,0.0841,2866193.4
2026-06-12 13:00:00+00:00,0.0842,0.0843,0.082,0.083,5310182.1
2026-06-12 14:00:00+00:00,0.0829,0.0855,0.0829,0.0854,5292868.5
2026-06-12 15:00:00+00:00,0.0853,0.0855,0.0833,0.0835,4145684.0
2026-06-12 16:00:00+00:00,0.0834,0.0844,0.0831,0.0843,2728582.5
2026-06-12 17:00:00+00:00,0.0844,0.0847,0.084,0.084,2506246.2
2026-06-12 18:00:00+00:00,0.084,0.0843,0.0835,0.0837,1037464.9
2026-06-12 19:00:00+00:00,0.0837,0.0845,0.0837,0.0839,1221063.1
2026-06-12 20:00:00+00:00,0.0839,0.0843,0.0835,0.0836,2021848.1
2026-06-12 21:00:00+00:00,0.0837,0.0844,0.0835,0.0838,1504566.9
2026-06-12 22:00:00+00:00,0.0838,0.084,0.0836,0.0839,718976.5
2026-06-12 23:00:00+00:00,0.0838,0.0839,0.0832,0.0839,909540.5
2026-06-13 00:00:00+00:00,0.0839,0.0844,0.0838,0.0843,1146958.9
2026-06-13 01:00:00+00:00,0.0842,0.0851,0.0841,0.0848,2610822.5
2026-06-13 02:00:00+00:00,0.0848,0.0848,0.0841,0.0845,809540.0
2026-06-13 03:00:00+00:00,0.0845,0.0847,0.0839,0.0842,1024532.3
2026-06-13 04:00:00+00:00,0.0842,0.0846,0.0839,0.084,1149276.9
2026-06-13 05:00:00+00:00,0.084,0.0844,0.0838,0.0841,806248.0
2026-06-13 06:00:00+00:00,0.0842,0.0854,0.0839,0.0851,2450563.7
2026-06-13 07:00:00+00:00,0.0851,0.086,0.0846,0.0857,3404731.1
2026-06-13 08:00:00+00:00,0.0857,0.0863,0.0855,0.0857,1429255.3
2026-06-13 09:00:00+00:00,0.0857,0.0861,0.0854,0.0855,967983.7
2026-06-13 10:00:00+00:00,0.0856,0.0861,0.0855,0.0857,845110.3
2026-06-13 11:00:00+00:00,0.0857,0.0865,0.0857,0.0864,883728.5
2026-06-13 12:00:00+00:00,0.0864,0.0868,0.0859,0.0862,1902580.5
2026-06-13 13:00:00+00:00,0.0862,0.0868,0.086,0.0862,1736996.9
2026-06-13 14:00:00+00:00,0.0862,0.0866,0.0859,0.0865,1632920.0
2026-06-13 15:00:00+00:00,0.0865,0.087,0.0862,0.0863,2484002.8
2026-06-13 16:00:00+00:00,0.0864,0.0864,0.0854,0.0858,2242818.9
2026-06-13 17:00:00+00:00,0.0858,0.0864,0.0856,0.0858,2506899.4
2026-06-13 18:00:00+00:00,0.0858,0.086,0.0852,0.0855,1600018.2
2026-06-13 19:00:00+00:00,0.0855,0.0859,0.0853,0.0855,1286014.4
2026-06-13 20:00:00+00:00,0.0856,0.0856,0.0852,0.0854,1383149.9
2026-06-13 21:00:00+00:00,0.0854,0.0863,0.0853,0.086,783766.1
2026-06-13 22:00:00+00:00,0.086,0.0861,0.0853,0.0853,679847.7
2026-06-13 23:00:00+00:00,0.0854,0.0856,0.0851,0.0852,1059750.8
2026-06-14 00:00:00+00:00,0.0853,0.0853,0.084,0.0845,2761454.4
2026-06-14 01:00:00+00:00,0.0845,0.0848,0.0841,0.0844,1546683.4
2026-06-14 02:00:00+00:00,0.0844,0.0848,0.0841,0.0842,1001098.5
2026-06-14 03:00:00+00:00,0.0841,0.0844,0.084,0.0843,478785.3
2026-06-14 04:00:00+00:00,0.0843,0.0843,0.0834,0.0836,1255438.2
2026-06-14 05:00:00+00:00,0.0836,0.084,0.0833,0.0838,1429813.2
2026-06-14 06:00:00+00:00,0.0838,0.0843,0.0835,0.0837,816262.2
2026-06-14 07:00:00+00:00,0.0836,0.0837,0.0833,0.0835,571863.9
2026-06-14 08:00:00+00:00,0.0836,0.0839,0.0833,0.0834,1182659.1
2026-06-14 09:00:00+00:00,0.0834,0.0837,0.0829,0.0835,1546666.0
2026-06-14 10:00:00+00:00,0.0835,0.0837,0.0832,0.0832,640164.2
2026-06-14 11:00:00+00:00,0.0832,0.0836,0.083,0.0834,1347443.6
2026-06-14 12:00:00+00:00,0.0834,0.0836,0.0828,0.0828,1821118.8
2026-06-14 13:00:00+00:00,0.0829,0.0834,0.0827,0.0831,1612219.2
2026-06-14 14:00:00+00:00,0.083,0.0831,0.0818,0.0824,2438459.6
2026-06-14 15:00:00+00:00,0.0825,0.0826,0.0823,0.0823,738112.2
2026-06-14 16:00:00+00:00,0.0823,0.0824,0.0819,0.082,1751092.4
2026-06-14 17:00:00+00:00,0.0819,0.0824,0.0817,0.0817,779260.9
2026-06-14 18:00:00+00:00,0.0818,0.0821,0.0817,0.0821,857252.5
2026-06-14 19:00:00+00:00,0.082,0.0835,0.082,0.0824,3232463.5
2026-06-14 20:00:00+00:00,0.0825,0.083,0.0823,0.0826,1039218.6
2026-06-14 21:00:00+00:00,0.0826,0.0861,0.0826,0.0854,3183186.9
2026-06-14 22:00:00+00:00,0.0855,0.0859,0.0849,0.0851,4161589.9
2026-06-14 23:00:00+00:00,0.0851,0.0859,0.0847,0.0858,1660935.2
2026-06-15 00:00:00+00:00,0.0858,0.0863,0.0852,0.0855,2944647.8
2026-06-15 01:00:00+00:00,0.0855,0.0856,0.0849,0.0852,1920833.0
2026-06-15 02:00:00+00:00,0.0851,0.0859,0.0851,0.0855,1228067.9
2026-06-15 03:00:00+00:00,0.0855,0.0864,0.0854,0.0861,815505.4
2026-06-15 04:00:00+00:00,0.086,0.0863,0.0855,0.0857,1018466.1
2026-06-15 05:00:00+00:00,0.0858,0.0869,0.0857,0.0869,1670551.2
2026-06-15 06:00:00+00:00,0.0868,0.0873,0.0863,0.0867,4732886.1
2026-06-15 07:00:00+00:00,0.0867,0.0872,0.0863,0.0863,1312259.4
2026-06-15 08:00:00+00:00,0.0864,0.0872,0.0863,0.0866,2724835.3
2026-06-15 09:00:00+00:00,0.0866,0.087,0.0863,0.0867,1270097.0
2026-06-15 10:00:00+00:00,0.0867,0.0877,0.0865,0.0875,3478297.9
2026-06-15 11:00:00+00:00,0.0875,0.0885,0.0871,0.0881,4013702.7
2026-06-15 12:00:00+00:00,0.0881,0.0886,0.0877,0.0884,2537482.6
2026-06-15 13:00:00+00:00,0.0884,0.0898,0.0883,0.0896,4711039.0
2026-06-15 14:00:00+00:00,0.0896,0.0897,0.0889,0.0891,2502215.2
2026-06-15 15:00:00+00:00,0.0891,0.0897,0.0879,0.0896,6942218.4
2026-06-15 16:00:00+00:00,0.0896,0.0899,0.0892,0.0892,2803559.2
2026-06-15 17:00:00+00:00,0.0892,0.0894,0.0885,0.0891,3969383.2
2026-06-15 18:00:00+00:00,0.0889,0.0892,0.0883,0.0883,1461406.3
2026-06-15 19:00:00+00:00,0.0882,0.0887,0.0869,0.0873,3337391.7
2026-06-15 20:00:00+00:00,0.0873,0.0875,0.0868,0.0868,1097786.7
2026-06-15 21:00:00+00:00,0.087,0.0873,0.0867,0.0869,714072.8
2026-06-15 22:00:00+00:00,0.0869,0.0873,0.0854,0.0857,2477166.1
2026-06-15 23:00:00+00:00,0.0858,0.0864,0.0855,0.0863,965110.4
2026-06-16 00:00:00+00:00,0.0863,0.0868,0.086,0.0863,1187361.5
2026-06-16 01:00:00+00:00,0.0861,0.0866,0.0861,0.0861,1340590.7
2026-06-16 02:00:00+00:00,0.0861,0.0863,0.0848,0.0852,2373244.5
2026-06-16 03:00:00+00:00,0.0853,0.0863,0.0851,0.0863,938466.6
2026-06-16 04:00:00+00:00,0.0862,0.0865,0.0852,0.0855,1240129.0
2026-06-16 05:00:00+00:00,0.0854,0.0861,0.0854,0.0859,1334115.7
2026-06-16 06:00:00+00:00,0.0859,0.0865,0.0858,0.0863,716137.1
2026-06-16 07:00:00+00:00,0.0863,0.0867,0.0859,0.0863,766078.0
2026-06-16 08:00:00+00:00,0.0864,0.0879,0.0863,0.0877,2218229.4
2026-06-16 09:00:00+00:00,0.0876,0.0881,0.0866,0.0867,1558313.3
2026-06-16 10:00:00+00:00,0.0867,0.0871,0.0865,0.0866,651207.9
2026-06-16 11:00:00+00:00,0.0866,0.0869,0.0861,0.0867,2168867.4
2026-06-16 12:00:00+00:00,0.0867,0.0877,0.0865,0.0871,1550279.5
2026-06-16 13:00:00+00:00,0.0872,0.0873,0.0856,0.0857,1877618.3
2026-06-16 14:00:00+00:00,0.0857,0.0861,0.0836,0.0841,3902488.0
2026-06-16 15:00:00+00:00,0.0841,0.085,0.084,0.0848,1136154.8
2026-06-16 16:00:00+00:00,0.0848,0.0849,0.0843,0.0845,1441624.5
2026-06-16 17:00:00+00:00,0.0846,0.0855,0.0844,0.0855,441054.8
2026-06-16 18:00:00+00:00,0.0855,0.0866,0.0855,0.086,2433267.4
2026-06-16 19:00:00+00:00,0.0858,0.0858,0.085,0.0854,1394231.2
2026-06-16 20:00:00+00:00,0.0854,0.0865,0.0852,0.0862,708382.4
2026-06-16 21:00:00+00:00,0.0863,0.0863,0.0856,0.0858,760488.1
2026-06-16 22:00:00+00:00,0.0858,0.0862,0.0856,0.0859,566794.0
2026-06-16 23:00:00+00:00,0.0859,0.086,0.0855,0.0856,357655.1
2026-06-17 00:00:00+00:00,0.0857,0.0865,0.0856,0.0862,521617.5
2026-06-17 01:00:00+00:00,0.0863,0.0885,0.0859,0.0883,1846203.9
2026-06-17 02:00:00+00:00,0.0884,0.0899,0.0883,0.0891,2239360.1
2026-06-17 03:00:00+00:00,0.0892,0.0892,0.0877,0.0888,1883573.3
2026-06-17 04:00:00+00:00,0.0888,0.0892,0.0883,0.0884,1415553.3
2026-06-17 05:00:00+00:00,0.0885,0.0889,0.0879,0.088,1313372.5
2026-06-17 06:00:00+00:00,0.0881,0.0884,0.0875,0.0875,895941.0
2026-06-17 07:00:00+00:00,0.0876,0.0884,0.0872,0.0878,2149012.1
2026-06-17 08:00:00+00:00,0.0878,0.0879,0.0862,0.0865,1555318.0
2026-06-17 09:00:00+00:00,0.0865,0.0868,0.0862,0.0865,1883542.0
2026-06-17 10:00:00+00:00,0.0866,0.0868,0.086,0.0861,1143625.5
2026-06-17 11:00:00+00:00,0.0861,0.0863,0.0855,0.0858,1557350.8
2026-06-17 12:00:00+00:00,0.0858,0.0865,0.0852,0.0864,2451827.2
2026-06-17 13:00:00+00:00,0.0864,0.0869,0.086,0.0861,1650482.0
2026-06-17 14:00:00+00:00,0.0861,0.0867,0.0854,0.0861,2948470.0
2026-06-17 15:00:00+00:00,0.0862,0.0884,0.0859,0.0884,2215593.8
2026-06-17 16:00:00+00:00,0.0884,0.0891,0.0877,0.0878,2703161.1
2026-06-17 17:00:00+00:00,0.0878,0.0884,0.0873,0.0883,1589025.5
2026-06-17 18:00:00+00:00,0.0883,0.0883,0.0853,0.0874,5113789.1
2026-06-17 19:00:00+00:00,0.0873,0.0876,0.0842,0.0847,4843738.6
2026-06-17 20:00:00+00:00,0.0847,0.0861,0.0844,0.0859,2750447.5
2026-06-17 21:00:00+00:00,0.0859,0.0859,0.0847,0.0853,1372148.2
2026-06-17 22:00:00+00:00,0.0853,0.0858,0.084,0.0855,1705398.8
2026-06-17 23:00:00+00:00,0.0856,0.0861,0.0855,0.0857,922187.6
2026-06-18 00:00:00+00:00,0.0858,0.0868,0.0857,0.0863,2363785.1
2026-06-18 01:00:00+00:00,0.0863,0.0877,0.0863,0.0872,1304325.4
2026-06-18 02:00:00+00:00,0.0873,0.0878,0.0868,0.0873,998895.9
2026-06-18 03:00:00+00:00,0.0872,0.0872,0.0856,0.0857,1003082.4
2026-06-18 04:00:00+00:00,0.0857,0.0859,0.0842,0.0843,2400984.8
2026-06-18 05:00:00+00:00,0.0843,0.0844,0.0836,0.0843,1556521.5
2026-06-18 06:00:00+00:00,0.0842,0.0846,0.0839,0.0845,1328817.7
2026-06-18 07:00:00+00:00,0.0844,0.0853,0.084,0.0851,1261172.4
2026-06-18 08:00:00+00:00,0.0851,0.0856,0.0848,0.0852,894215.3
2026-06-18 09:00:00+00:00,0.0851,0.086,0.085,0.0855,1295092.3
2026-06-18 10:00:00+00:00,0.0855,0.0855,0.0845,0.0847,2328918.1
2026-06-18 11:00:00+00:00,0.0847,0.085,0.084,0.0843,1254788.9
2026-06-18 12:00:00+00:00,0.0843,0.0853,0.0842,0.0853,2351164.1
2026-06-18 13:00:00+00:00,0.0853,0.0856,0.0838,0.0845,1778999.7
2026-06-18 14:00:00+00:00,0.0846,0.0857,0.0842,0.0853,2742163.0
2026-06-18 15:00:00+00:00,0.0853,0.0853,0.0812,0.0816,7216260.0
2026-06-18 16:00:00+00:00,0.0815,0.0827,0.0814,0.0825,3467437.1
2026-06-18 17:00:00+00:00,0.0826,0.0826,0.0815,0.0821,2306636.5
2026-06-18 18:00:00+00:00,0.0821,0.0828,0.0819,0.0825,2079145.3
2026-06-18 19:00:00+00:00,0.0825,0.0837,0.0822,0.0836,1087673.6
2026-06-18 20:00:00+00:00,0.0836,0.0851,0.0836,0.0848,1927895.1
2026-06-18 21:00:00+00:00,0.0849,0.0849,0.0841,0.0846,1070380.4
2026-06-18 22:00:00+00:00,0.0845,0.0849,0.0842,0.0847,647918.2
2026-06-18 23:00:00+00:00,0.0847,0.0855,0.0844,0.0853,791965.4
2026-06-19 00:00:00+00:00,0.0854,0.0858,0.0851,0.0858,1702664.3
2026-06-19 01:00:00+00:00,0.0858,0.0862,0.0853,0.0862,1053202.9
2026-06-19 02:00:00+00:00,0.0862,0.0866,0.0856,0.0865,1077773.7
2026-06-19 03:00:00+00:00,0.0865,0.0867,0.0841,0.0848,3275132.9
2026-06-19 04:00:00+00:00,0.0848,0.085,0.0828,0.0831,2478166.5
2026-06-19 05:00:00+00:00,0.0831,0.0837,0.0831,0.0834,951205.2
2026-06-19 06:00:00+00:00,0.0834,0.0837,0.083,0.0836,1370561.4
2026-06-19 07:00:00+00:00,0.0835,0.0835,0.0823,0.083,2533991.8
2026-06-19 08:00:00+00:00,0.083,0.084,0.0829,0.0835,1013416.0
2026-06-19 09:00:00+00:00,0.0835,0.0837,0.0825,0.0827,1435975.8
2026-06-19 10:00:00+00:00,0.0827,0.0827,0.0821,0.0825,984363.8
2026-06-19 11:00:00+00:00,0.0825,0.0828,0.0822,0.0825,624478.1
2026-06-19 12:00:00+00:00,0.0826,0.0837,0.0823,0.0837,1575252.6
2026-06-19 13:00:00+00:00,0.0838,0.0851,0.0832,0.085,1941247.6
2026-06-19 14:00:00+00:00,0.0849,0.0854,0.0843,0.0844,1653347.5
2026-06-19 15:00:00+00:00,0.0845,0.0849,0.0841,0.0845,649655.9
2026-06-19 16:00:00+00:00,0.0846,0.0851,0.0839,0.084,1129489.5
2026-06-19 17:00:00+00:00,0.084,0.085,0.0839,0.0847,620494.9
2026-06-19 18:00:00+00:00,0.0847,0.0847,0.0836,0.0838,912150.3
2026-06-19 19:00:00+00:00,0.0838,0.0838,0.0829,0.0831,802344.6
2026-06-19 20:00:00+00:00,0.0831,0.0838,0.0828,0.0838,840863.8
2026-06-19 21:00:00+00:00,0.0837,0.0839,0.0829,0.0831,966398.5
2026-06-19 22:00:00+00:00,0.0831,0.0837,0.0829,0.0835,431757.2
2026-06-19 23:00:00+00:00,0.0835,0.084,0.0832,0.0839,991400.3
2026-06-20 00:00:00+00:00,0.0839,0.0847,0.0837,0.0837,809706.8
2026-06-20 01:00:00+00:00,0.0837,0.0839,0.0834,0.0834,1051658.8
2026-06-20 02:00:00+00:00,0.0835,0.0836,0.0828,0.0828,1113267.5
2026-06-20 03:00:00+00:00,0.0828,0.0832,0.0827,0.0831,646944.4
2026-06-20 04:00:00+00:00,0.0831,0.0836,0.0829,0.0835,714201.8
2026-06-20 05:00:00+00:00,0.0836,0.0848,0.0833,0.0841,1988174.3
2026-06-20 06:00:00+00:00,0.0841,0.0845,0.084,0.0844,550780.1
2026-06-20 07:00:00+00:00,0.0844,0.0847,0.0839,0.0842,1242292.8
2026-06-20 08:00:00+00:00,0.0843,0.0846,0.0839,0.0841,1406758.7
2026-06-20 09:00:00+00:00,0.0841,0.0846,0.0841,0.0844,731802.5
2026-06-20 10:00:00+00:00,0.0844,0.0847,0.0839,0.0841,562099.7
2026-06-20 11:00:00+00:00,0.0841,0.0844,0.0837,0.0837,1123270.6
2026-06-20 12:00:00+00:00,0.0838,0.0841,0.0832,0.0834,880479.9
2026-06-20 13:00:00+00:00,0.0834,0.0834,0.0824,0.0828,2608999.1
2026-06-20 14:00:00+00:00,0.0827,0.0841,0.0818,0.0834,2336052.9
2026-06-20 15:00:00+00:00,0.0834,0.0845,0.0832,0.084,2990429.9
2026-06-20 16:00:00+00:00,0.084,0.084,0.0831,0.0835,432417.1
2026-06-20 17:00:00+00:00,0.0835,0.0835,0.0825,0.0829,760163.8
2026-06-20 18:00:00+00:00,0.083,0.0833,0.0828,0.083,436605.4
2026-06-20 19:00:00+00:00,0.083,0.0833,0.0829,0.0832,429440.5
2026-06-20 20:00:00+00:00,0.0832,0.0833,0.0829,0.0832,437240.4
2026-06-20 21:00:00+00:00,0.0833,0.0837,0.0832,0.0835,573686.0
2026-06-20 22:00:00+00:00,0.0835,0.0849,0.0833,0.0847,1618601.3
2026-06-20 23:00:00+00:00,0.0847,0.0851,0.0845,0.0846,748558.5
2026-06-21 00:00:00+00:00,0.0846,0.0846,0.084,0.0843,462550.2
2026-06-21 01:00:00+00:00,0.0844,0.0845,0.084,0.0842,176320.1
2026-06-21 02:00:00+00:00,0.0841,0.0841,0.0837,0.084,680584.7
2026-06-21 03:00:00+00:00,0.0839,0.0843,0.0837,0.0838,645402.2
2026-06-21 04:00:00+00:00,0.0838,0.0839,0.0832,0.0832,1237423.9
2026-06-21 05:00:00+00:00,0.0832,0.0834,0.0829,0.0831,682357.6
2026-06-21 06:00:00+00:00,0.0831,0.0836,0.083,0.0834,391137.2
2026-06-21 07:00:00+00:00,0.0834,0.0839,0.0832,0.0835,1012832.7
2026-06-21 08:00:00+00:00,0.0836,0.0837,0.0828,0.0835,1322140.3
2026-06-21 09:00:00+00:00,0.0836,0.0845,0.0833,0.0845,1313282.5
2026-06-21 10:00:00+00:00,0.0845,0.0848,0.0841,0.0841,665719.4
2026-06-21 11:00:00+00:00,0.0841,0.0844,0.0834,0.0837,842521.0
2026-06-21 12:00:00+00:00,0.0837,0.0839,0.0833,0.0839,909639.0
2026-06-21 13:00:00+00:00,0.0838,0.0842,0.0836,0.0841,970416.4
2026-06-21 14:00:00+00:00,0.0842,0.0844,0.0836,0.0841,818428.7
2026-06-21 15:00:00+00:00,0.0841,0.0847,0.0839,0.0844,744989.3
2026-06-21 16:00:00+00:00,0.0844,0.0845,0.0835,0.084,1079394.7
2026-06-21 17:00:00+00:00,0.0841,0.0844,0.0836,0.0837,1125656.3
2026-06-21 18:00:00+00:00,0.0837,0.0841,0.0832,0.0838,538986.5
2026-06-21 19:00:00+00:00,0.0838,0.0841,0.0836,0.0836,223111.9
2026-06-21 20:00:00+00:00,0.0836,0.0838,0.0828,0.0829,1687047.2
2026-06-21 21:00:00+00:00,0.083,0.083,0.0816,0.0823,2337389.1
2026-06-21 22:00:00+00:00,0.0823,0.0827,0.082,0.0823,1180077.6
2026-06-21 23:00:00+00:00,0.0823,0.0825,0.0817,0.0819,2000559.4
2026-06-22 00:00:00+00:00,0.0819,0.0834,0.0819,0.0833,1500397.5
2026-06-22 01:00:00+00:00,0.0833,0.0852,0.0831,0.0847,2529637.2
2026-06-22 02:00:00+00:00,0.0847,0.0848,0.0839,0.0839,725006.5
2026-06-22 03:00:00+00:00,0.0839,0.084,0.083,0.0832,692604.0
2026-06-22 04:00:00+00:00,0.0831,0.0837,0.0829,0.0835,1377874.8
2026-06-22 05:00:00+00:00,0.0836,0.0841,0.0835,0.0839,1189956.3
2026-06-22 06:00:00+00:00,0.084,0.0843,0.0837,0.0842,1363692.7
2026-06-22 07:00:00+00:00,0.0841,0.0853,0.0841,0.085,2072749.3
2026-06-22 08:00:00+00:00,0.0851,0.0855,0.0848,0.0852,941689.1
2026-06-22 09:00:00+00:00,0.0852,0.0856,0.0851,0.0854,1516535.1
2026-06-22 10:00:00+00:00,0.0853,0.0857,0.0848,0.0852,1013991.8
2026-06-22 11:00:00+00:00,0.0852,0.0865,0.085,0.0861,2375759.2
2026-06-22 12:00:00+00:00,0.0862,0.0865,0.0858,0.0862,2789193.2
2026-06-22 13:00:00+00:00,0.0861,0.087,0.0858,0.0868,2706589.9
2026-06-22 14:00:00+00:00,0.0868,0.0868,0.0849,0.0856,1613396.1
2026-06-22 15:00:00+00:00,0.0856,0.0859,0.0845,0.0847,2968674.1
2026-06-22 16:00:00+00:00,0.0847,0.0852,0.0843,0.0851,2064742.9
2026-06-22 17:00:00+00:00,0.085,0.085,0.0841,0.0848,1180162.4
2026-06-22 18:00:00+00:00,0.0848,0.0851,0.0838,0.0839,1414390.2
2026-06-22 19:00:00+00:00,0.0839,0.084,0.0834,0.0837,1744523.4
2026-06-22 20:00:00+00:00,0.0837,0.0842,0.0837,0.084,775726.0
2026-06-22 21:00:00+00:00,0.084,0.084,0.0832,0.0836,623648.7
2026-06-22 22:00:00+00:00,0.0836,0.0838,0.0824,0.083,1844581.5
2026-06-22 23:00:00+00:00,0.0829,0.0833,0.0828,0.0832,545433.1
2026-06-23 00:00:00+00:00,0.0832,0.0832,0.0826,0.0832,1031167.2
2026-06-23 01:00:00+00:00,0.0832,0.0834,0.0824,0.083,1050809.2
2026-06-23 02:00:00+00:00,0.083,0.083,0.0826,0.0829,771941.5
2026-06-23 03:00:00+00:00,0.0828,0.0829,0.0823,0.0828,1432260.0
2026-06-23 04:00:00+00:00,0.0828,0.0829,0.082,0.082,1186294.9
2026-06-23 05:00:00+00:00,0.0821,0.0822,0.0814,0.0817,1456857.0
2026-06-23 06:00:00+00:00,0.0817,0.0817,0.0791,0.0798,5994310.0
2026-06-23 07:00:00+00:00,0.0799,0.0802,0.0795,0.0796,2356507.4
2026-06-23 08:00:00+00:00,0.0796,0.0796,0.0767,0.0774,9757886.2
2026-06-23 09:00:00+00:00,0.0775,0.0781,0.0772,0.0778,3429269.5
2026-06-23 10:00:00+00:00,0.0778,0.0782,0.0775,0.0778,2450729.6
2026-06-23 11:00:00+00:00,0.0778,0.0791,0.0777,0.0791,2529763.1
2026-06-23 12:00:00+00:00,0.079,0.0792,0.0786,0.0787,1988534.6
2026-06-23 13:00:00+00:00,0.0788,0.08,0.0784,0.0798,1526136.1
2026-06-23 14:00:00+00:00,0.0798,0.0806,0.0791,0.0792,2123266.0
2026-06-23 15:00:00+00:00,0.0792,0.0792,0.0781,0.0786,1762081.7
2026-06-23 16:00:00+00:00,0.0786,0.0792,0.0783,0.0785,2202813.2
2026-06-23 17:00:00+00:00,0.0784,0.079,0.0781,0.0782,1189249.0
2026-06-23 18:00:00+00:00,0.0782,0.0787,0.0779,0.0783,1461137.6
2026-06-23 19:00:00+00:00,0.0783,0.0787,0.0782,0.0786,816362.8
2026-06-23 20:00:00+00:00,0.0786,0.0792,0.0786,0.079,1267181.4
2026-06-23 21:00:00+00:00,0.079,0.0793,0.0789,0.0791,766280.4
2026-06-23 22:00:00+00:00,0.079,0.0795,0.0789,0.0791,467554.3
2026-06-23 23:00:00+00:00,0.0791,0.0793,0.0788,0.0791,603535.4
2026-06-24 00:00:00+00:00,0.0791,0.0794,0.079,0.0791,757858.6
2026-06-24 01:00:00+00:00,0.0791,0.0794,0.0786,0.0787,985053.6
2026-06-24 02:00:00+00:00,0.0788,0.0788,0.0781,0.0782,1376021.9
2026-06-24 03:00:00+00:00,0.0782,0.0784,0.0777,0.0781,1087330.3
2026-06-24 04:00:00+00:00,0.0781,0.0785,0.0774,0.0783,745098.5
2026-06-24 05:00:00+00:00,0.0783,0.0789,0.0783,0.0787,647140.2
2026-06-24 06:00:00+00:00,0.0788,0.0788,0.0783,0.0786,569124.3
2026-06-24 07:00:00+00:00,0.0786,0.0787,0.0783,0.0784,818064.7
2026-06-24 08:00:00+00:00,0.0784,0.0787,0.0783,0.0786,696205.9
2026-06-24 09:00:00+00:00,0.0786,0.0787,0.0781,0.0785,1027069.3
2026-06-24 10:00:00+00:00,0.0784,0.0785,0.0777,0.0779,1941690.5
2026-06-24 11:00:00+00:00,0.0778,0.0791,0.0774,0.0786,2016806.8
2026-06-24 12:00:00+00:00,0.0786,0.0787,0.0781,0.0782,968094.7
2026-06-24 13:00:00+00:00,0.0782,0.0782,0.0762,0.0769,6615058.2
2026-06-24 14:00:00+00:00,0.0768,0.0775,0.0764,0.0772,4717871.5
2026-06-24 15:00:00+00:00,0.0773,0.0773,0.0752,0.0755,4833678.1
2026-06-24 16:00:00+00:00,0.0754,0.0765,0.073,0.0739,11596287.5
2026-06-24 17:00:00+00:00,0.0738,0.0745,0.0727,0.0731,6013989.1
2026-06-24 18:00:00+00:00,0.0732,0.0745,0.0727,0.0737,4309416.1
2026-06-24 19:00:00+00:00,0.0738,0.0745,0.0735,0.0745,2611675.7
2026-06-24 20:00:00+00:00,0.0745,0.0764,0.0743,0.0762,2974278.8
2026-06-24 21:00:00+00:00,0.0762,0.0765,0.0758,0.0765,812202.4
2026-06-24 22:00:00+00:00,0.0764,0.077,0.0759,0.0759,753352.0
2026-06-24 23:00:00+00:00,0.076,0.0762,0.0758,0.0761,1154650.4
2026-06-25 00:00:00+00:00,0.0761,0.0765,0.0759,0.076,1382905.0
2026-06-25 01:00:00+00:00,0.0761,0.077,0.076,0.076,4061505.9
2026-06-25 02:00:00+00:00,0.076,0.0762,0.0758,0.076,716478.9
2026-06-25 03:00:00+00:00,0.0759,0.0761,0.0754,0.0756,774345.0
2026-06-25 04:00:00+00:00,0.0756,0.0765,0.0754,0.0765,837441.1
2026-06-25 05:00:00+00:00,0.0764,0.0774,0.0764,0.0771,2114453.4
2026-06-25 06:00:00+00:00,0.0771,0.0774,0.0769,0.077,1196470.7
2026-06-25 07:00:00+00:00,0.077,0.0773,0.0768,0.0773,1835662.1
2026-06-25 08:00:00+00:00,0.0773,0.0774,0.0769,0.077,663833.7
2026-06-25 09:00:00+00:00,0.077,0.0771,0.0767,0.0769,686239.6
2026-06-25 10:00:00+00:00,0.0769,0.077,0.0762,0.0762,1447495.5
2026-06-25 11:00:00+00:00,0.0762,0.0764,0.0759,0.076,1474579.7
2026-06-25 12:00:00+00:00,0.076,0.077,0.0755,0.0761,2667355.8
2026-06-25 13:00:00+00:00,0.0761,0.0767,0.0705,0.0708,12361559.1
2026-06-25 14:00:00+00:00,0.0708,0.0746,0.0708,0.0732,8582136.7
2026-06-25 15:00:00+00:00,0.0732,0.0734,0.0722,0.0733,3287932.3
2026-06-25 16:00:00+00:00,0.0733,0.0742,0.0723,0.0724,2061513.6
2026-06-25 17:00:00+00:00,0.0725,0.0738,0.0724,0.0738,2522895.8
2026-06-25 18:00:00+00:00,0.0737,0.074,0.0726,0.0728,1901054.8
2026-06-25 19:00:00+00:00,0.0729,0.0729,0.0719,0.0722,1681055.2
2026-06-25 20:00:00+00:00,0.0723,0.073,0.072,0.0722,1615048.1
2026-06-25 21:00:00+00:00,0.0722,0.0738,0.0722,0.0737,1012370.2
2026-06-25 22:00:00+00:00,0.0737,0.0738,0.0731,0.0732,828099.8
2026-06-25 23:00:00+00:00,0.0731,0.0737,0.073,0.0733,474083.5
2026-06-26 00:00:00+00:00,0.0733,0.0735,0.0732,0.0732,986820.1
2026-06-26 01:00:00+00:00,0.0732,0.0734,0.0724,0.0726,1016848.2
2026-06-26 02:00:00+00:00,0.0726,0.0727,0.0708,0.0711,5434040.1
2026-06-26 03:00:00+00:00,0.0711,0.073,0.0705,0.0728,5262486.3
2026-06-26 04:00:00+00:00,0.0728,0.0731,0.0723,0.0724,1729125.3
2026-06-26 05:00:00+00:00,0.0723,0.0731,0.0722,0.0728,773989.3
2026-06-26 06:00:00+00:00,0.0727,0.0739,0.0723,0.0737,3413447.7
2026-06-26 07:00:00+00:00,0.0738,0.0743,0.0737,0.0741,2391319.5
2026-06-26 08:00:00+00:00,0.0741,0.0743,0.0729,0.0731,2118456.4
2026-06-26 09:00:00+00:00,0.0731,0.0731,0.072,0.0721,1859287.0
2026-06-26 10:00:00+00:00,0.0721,0.0724,0.0717,0.0718,1330566.2
2026-06-26 11:00:00+00:00,0.0719,0.0722,0.0712,0.0715,1597825.9
2026-06-26 12:00:00+00:00,0.0715,0.0723,0.071,0.0716,2287418.0
2026-06-26 13:00:00+00:00,0.0716,0.0731,0.0706,0.0729,5077985.5
2026-06-26 14:00:00+00:00,0.0729,0.0733,0.0721,0.0724,3707471.5
2026-06-26 15:00:00+00:00,0.0725,0.0739,0.0723,0.0734,2754926.7
2026-06-26 16:00:00+00:00,0.0735,0.0744,0.073,0.0739,2938878.5
2026-06-26 17:00:00+00:00,0.0738,0.0747,0.0738,0.0744,2709105.3
2026-06-26 18:00:00+00:00,0.0743,0.0752,0.0737,0.0738,2872153.8
2026-06-26 19:00:00+00:00,0.0738,0.0747,0.0736,0.0739,2292540.2
2026-06-26 20:00:00+00:00,0.074,0.075,0.0737,0.0738,2055849.0
2026-06-26 21:00:00+00:00,0.0738,0.0743,0.0735,0.074,1344456.1
2026-06-26 22:00:00+00:00,0.0739,0.0743,0.0737,0.0743,855288.6
2026-06-26 23:00:00+00:00,0.0743,0.0745,0.074,0.0744,815636.3
2026-06-27 00:00:00+00:00,0.0744,0.0748,0.0741,0.0746,987527.8
2026-06-27 01:00:00+00:00,0.0747,0.0747,0.0744,0.0745,751192.8
2026-06-27 02:00:00+00:00,0.0746,0.0755,0.0745,0.0754,909683.5
2026-06-27 03:00:00+00:00,0.0754,0.0755,0.075,0.0753,634644.0
2026-06-27 04:00:00+00:00,0.0753,0.0757,0.0748,0.0749,924082.3
2026-06-27 05:00:00+00:00,0.075,0.0751,0.0746,0.0751,839883.3
2026-06-27 06:00:00+00:00,0.075,0.0755,0.0746,0.075,692103.4
2026-06-27 07:00:00+00:00,0.0751,0.0753,0.0748,0.075,674296.6
2026-06-27 08:00:00+00:00,0.075,0.075,0.0745,0.0747,748689.0
2026-06-27 09:00:00+00:00,0.0747,0.0747,0.0742,0.0744,1175407.2
2026-06-27 10:00:00+00:00,0.0744,0.0745,0.0742,0.0745,1066123.7
2026-06-27 11:00:00+00:00,0.0744,0.0757,0.074,0.0744,4617448.4
2026-06-27 12:00:00+00:00,0.0745,0.0754,0.0744,0.0752,2833623.0
2026-06-27 13:00:00+00:00,0.0751,0.0757,0.075,0.0755,1194598.8
2026-06-27 14:00:00+00:00,0.0755,0.0758,0.0748,0.0752,2756821.2
2026-06-27 15:00:00+00:00,0.0753,0.0758,0.0751,0.0758,1694866.9
2026-06-27 16:00:00+00:00,0.0757,0.0759,0.0754,0.0755,541106.7
2026-06-27 17:00:00+00:00,0.0755,0.0755,0.0747,0.0747,1968253.3
2026-06-27 18:00:00+00:00,0.0746,0.0747,0.0741,0.0744,1310854.2
2026-06-27 19:00:00+00:00,0.0744,0.0756,0.0735,0.074,4422302.9
2026-06-27 20:00:00+00:00,0.074,0.0742,0.0738,0.074,847898.7
2026-06-27 21:00:00+00:00,0.074,0.0744,0.0733,0.0736,1376413.4
2026-06-27 22:00:00+00:00,0.0735,0.0738,0.0729,0.0738,942908.4
2026-06-27 23:00:00+00:00,0.0737,0.0738,0.0733,0.0734,654041.4
2026-06-28 00:00:00+00:00,0.0734,0.0737,0.0733,0.0736,628876.1
2026-06-28 01:00:00+00:00,0.0735,0.0737,0.0734,0.0736,419994.3
2026-06-28 02:00:00+00:00,0.0737,0.0739,0.0734,0.0735,623141.4
2026-06-28 03:00:00+00:00,0.0736,0.074,0.0736,0.074,257228.5
2026-06-28 04:00:00+00:00,0.074,0.0741,0.0737,0.0739,405842.2
2026-06-28 05:00:00+00:00,0.0738,0.0739,0.0732,0.0735,507930.0
2026-06-28 06:00:00+00:00,0.0735,0.0736,0.0729,0.0733,701569.9
2026-06-28 07:00:00+00:00,0.0732,0.0738,0.0732,0.0736,713551.3
2026-06-28 08:00:00+00:00,0.0736,0.0744,0.0735,0.0741,1236570.2
2026-06-28 09:00:00+00:00,0.0741,0.0744,0.0737,0.0737,551815.8
2026-06-28 10:00:00+00:00,0.0737,0.0741,0.0736,0.0741,403768.8
2026-06-28 11:00:00+00:00,0.0742,0.0745,0.074,0.0745,1014017.2
2026-06-28 12:00:00+00:00,0.0746,0.0746,0.074,0.0742,475316.1
2026-06-28 13:00:00+00:00,0.0742,0.0742,0.0737,0.0737,806252.5
2026-06-28 14:00:00+00:00,0.0737,0.0744,0.0737,0.074,745248.9
2026-06-28 15:00:00+00:00,0.074,0.0745,0.0737,0.074,1732366.4
2026-06-28 16:00:00+00:00,0.0741,0.0741,0.0732,0.0736,1349625.6
2026-06-28 17:00:00+00:00,0.0735,0.0737,0.0728,0.0734,1269128.8
2026-06-28 18:00:00+00:00,0.0733,0.0734,0.0731,0.0734,387959.8
2026-06-28 19:00:00+00:00,0.0734,0.0736,0.0727,0.0732,852999.1
2026-06-28 20:00:00+00:00,0.0731,0.0737,0.073,0.0733,1696863.8
2026-06-28 21:00:00+00:00,0.0733,0.0734,0.0724,0.0728,1026831.8
2026-06-28 22:00:00+00:00,0.0729,0.0738,0.0723,0.0727,1457624.1
2026-06-28 23:00:00+00:00,0.0726,0.0742,0.0726,0.0739,1520042.3
2026-06-29 00:00:00+00:00,0.0739,0.0743,0.0731,0.0743,1618066.3
2026-06-29 01:00:00+00:00,0.0742,0.0743,0.0737,0.0741,820762.6
2026-06-29 02:00:00+00:00,0.074,0.075,0.0732,0.0749,1411144.0
2026-06-29 03:00:00+00:00,0.0749,0.0763,0.0749,0.0757,19557762.2
2026-06-29 04:00:00+00:00,0.0757,0.0762,0.0748,0.0748,18796700.5
2026-06-29 05:00:00+00:00,0.0749,0.0758,0.0744,0.0753,3884287.5
2026-06-29 06:00:00+00:00,0.0753,0.076,0.0752,0.0756,2424495.0
2026-06-29 07:00:00+00:00,0.0755,0.076,0.0752,0.0757,1390595.1
2026-06-29 08:00:00+00:00,0.0757,0.076,0.0753,0.0753,769826.6
2026-06-29 09:00:00+00:00,0.0753,0.0758,0.0752,0.0757,1242021.1
2026-06-29 10:00:00+00:00,0.0758,0.0768,0.0758,0.0763,2916214.1
2026-06-29 11:00:00+00:00,0.0763,0.0765,0.0756,0.0759,2740009.8
2026-06-29 12:00:00+00:00,0.076,0.0773,0.0753,0.0759,3531720.0
2026-06-29 13:00:00+00:00,0.076,0.0765,0.0749,0.0753,3172891.7
2026-06-29 14:00:00+00:00,0.0753,0.0756,0.0746,0.0755,2413438.9
2026-06-29 15:00:00+00:00,0.0754,0.0761,0.0747,0.0761,1583646.7
2026-06-29 16:00:00+00:00,0.076,0.0765,0.0756,0.0762,1952841.0
2026-06-29 17:00:00+00:00,0.0761,0.0779,0.0761,0.0774,3098430.1
2026-06-29 18:00:00+00:00,0.0773,0.0782,0.0767,0.077,3183877.0
2026-06-29 19:00:00+00:00,0.0769,0.0783,0.0767,0.0772,4286721.0
2026-06-29 20:00:00+00:00,0.0773,0.0778,0.0769,0.0769,1456420.8
2026-06-29 21:00:00+00:00,0.077,0.0772,0.0766,0.077,1043747.3
2026-06-29 22:00:00+00:00,0.0771,0.0773,0.0768,0.0768,869063.2
2026-06-29 23:00:00+00:00,0.0768,0.077,0.0766,0.0768,751183.8
2026-06-30 00:00:00+00:00,0.0768,0.0768,0.0757,0.0761,1949774.8
2026-06-30 01:00:00+00:00,0.0761,0.0765,0.0758,0.0761,1133781.6
2026-06-30 02:00:00+00:00,0.0761,0.0766,0.0757,0.0764,1038521.3
2026-06-30 03:00:00+00:00,0.0764,0.0765,0.0759,0.0759,808420.4
2026-06-30 04:00:00+00:00,0.0759,0.0762,0.0757,0.076,444675.5
2026-06-30 05:00:00+00:00,0.0759,0.076,0.0755,0.0758,1321920.2
2026-06-30 06:00:00+00:00,0.0758,0.0769,0.0756,0.076,3825997.2
2026-06-30 07:00:00+00:00,0.076,0.0761,0.0752,0.0753,1352281.3
2026-06-30 08:00:00+00:00,0.0753,0.0753,0.0743,0.0746,2080367.9
2026-06-30 09:00:00+00:00,0.0746,0.0748,0.0744,0.0747,1555050.5
2026-06-30 10:00:00+00:00,0.0747,0.075,0.0746,0.0749,928806.4
2026-06-30 11:00:00+00:00,0.0748,0.0749,0.0741,0.0744,1539711.9
2026-06-30 12:00:00+00:00,0.0743,0.0743,0.0736,0.0736,2186209.3
2026-06-30 13:00:00+00:00,0.0736,0.0752,0.0736,0.0749,2761152.1
2026-06-30 14:00:00+00:00,0.0749,0.0756,0.0745,0.0745,1899767.0
2026-06-30 15:00:00+00:00,0.0745,0.0749,0.0741,0.0744,4109463.7
2026-06-30 16:00:00+00:00,0.0744,0.0755,0.0744,0.0754,1709615.9
2026-06-30 17:00:00+00:00,0.0754,0.0759,0.0753,0.0754,1294172.5
2026-06-30 18:00:00+00:00,0.0754,0.0768,0.0752,0.0765,3854550.6
2026-06-30 19:00:00+00:00,0.0764,0.0766,0.0759,0.0761,1928559.1
2026-06-30 20:00:00+00:00,0.076,0.0762,0.0756,0.0758,1332404.4
2026-06-30 21:00:00+00:00,0.0757,0.0763,0.0755,0.0761,976227.7
2026-06-30 22:00:00+00:00,0.076,0.0766,0.0759,0.076,1164598.9
2026-06-30 23:00:00+00:00,0.0761,0.0762,0.0759,0.0761,1090982.0
2026-07-01 00:00:00+00:00,0.0762,0.0765,0.0759,0.0763,1346143.2
2026-07-01 01:00:00+00:00,0.0764,0.0771,0.075,0.0766,4909801.5
2026-07-01 02:00:00+00:00,0.0767,0.0775,0.0764,0.0775,1165268.2
2026-07-01 03:00:00+00:00,0.0774,0.0779,0.077,0.0775,1950136.0
2026-07-01 04:00:00+00:00,0.0775,0.0783,0.0774,0.078,1516617.5
2026-07-01 05:00:00+00:00,0.078,0.0781,0.0775,0.0779,903316.7
2026-07-01 06:00:00+00:00,0.0779,0.078,0.0767,0.0769,2211867.3
2026-07-01 07:00:00+00:00,0.077,0.0776,0.0765,0.0773,1688779.6
2026-07-01 08:00:00+00:00,0.0773,0.0779,0.0771,0.0778,1946844.3
2026-07-01 09:00:00+00:00,0.0778,0.0782,0.0772,0.0778,3429200.4
2026-07-01 10:00:00+00:00,0.0778,0.078,0.0773,0.0776,1543073.5
2026-07-01 11:00:00+00:00,0.0776,0.0779,0.0769,0.0771,1420276.2
2026-07-01 12:00:00+00:00,0.0772,0.0773,0.0762,0.0766,2379910.4
2026-07-01 13:00:00+00:00,0.0767,0.0776,0.076,0.0775,3802426.6
2026-07-01 14:00:00+00:00,0.0774,0.0782,0.0771,0.0774,1899529.1
2026-07-01 15:00:00+00:00,0.0774,0.0787,0.0774,0.0781,2508336.9
2026-07-01 16:00:00+00:00,0.078,0.0783,0.0773,0.0773,1979880.5
2026-07-01 17:00:00+00:00,0.0774,0.0782,0.077,0.078,3299449.7
2026-07-01 18:00:00+00:00,0.0779,0.0786,0.0773,0.0775,3861926.0
2026-07-01 19:00:00+00:00,0.0775,0.0782,0.0772,0.0779,2182395.5
2026-07-01 20:00:00+00:00,0.0779,0.078,0.0769,0.0776,2594571.4
2026-07-01 21:00:00+00:00,0.0776,0.0786,0.0775,0.0784,1124968.5
2026-07-01 22:00:00+00:00,0.0783,0.0793,0.078,0.0781,2629447.3
2026-07-01 23:00:00+00:00,0.0781,0.0781,0.0766,0.0768,2908036.3
2026-07-02 00:00:00+00:00,0.0767,0.0768,0.0763,0.0768,1379774.7
2026-07-02 01:00:00+00:00,0.0768,0.0774,0.0768,0.0768,2608147.2
2026-07-02 02:00:00+00:00,0.0768,0.0773,0.0765,0.0771,982232.2
2026-07-02 03:00:00+00:00,0.077,0.0785,0.0768,0.0785,3175605.4
2026-07-02 04:00:00+00:00,0.0785,0.0789,0.0781,0.0784,2323916.4
2026-07-02 05:00:00+00:00,0.0783,0.0783,0.0778,0.078,1043756.9
2026-07-02 06:00:00+00:00,0.0779,0.078,0.0773,0.0773,1082753.5
2026-07-02 07:00:00+00:00,0.0773,0.0774,0.0764,0.077,3766518.7
2026-07-02 08:00:00+00:00,0.0771,0.0782,0.0768,0.0777,4805114.3
2026-07-02 09:00:00+00:00,0.0777,0.0785,0.0774,0.0778,3196989.9
2026-07-02 10:00:00+00:00,0.0779,0.0784,0.0778,0.0782,1466931.6
2026-07-02 11:00:00+00:00,0.0782,0.0783,0.0778,0.0781,1844923.6
2026-07-02 12:00:00+00:00,0.078,0.0788,0.0779,0.0784,3936181.3
2026-07-02 13:00:00+00:00,0.0785,0.0797,0.0776,0.079,15888257.0
2026-07-02 14:00:00+00:00,0.0791,0.0793,0.0772,0.0774,5942181.9
2026-07-02 15:00:00+00:00,0.0774,0.0776,0.0771,0.0773,2560000.2
2026-07-02 16:00:00+00:00,0.0773,0.0775,0.0768,0.0773,3227167.6
2026-07-02 17:00:00+00:00,0.0773,0.0779,0.0772,0.0776,1044513.4
2026-07-02 18:00:00+00:00,0.0775,0.0784,0.0775,0.0782,981433.4
2026-07-02 19:00:00+00:00,0.0782,0.0782,0.0777,0.0777,1178833.7
2026-07-02 20:00:00+00:00,0.0777,0.078,0.0776,0.0778,931420.0
2026-07-02 21:00:00+00:00,0.0778,0.0779,0.0772,0.0775,1022835.0
2026-07-02 22:00:00+00:00,0.0776,0.0776,0.0769,0.0772,1073224.6
2026-07-02 23:00:00+00:00,0.0772,0.0775,0.0769,0.0773,808166.5
2026-07-03 00:00:00+00:00,0.0773,0.0774,0.0766,0.0767,1915288.0
2026-07-03 01:00:00+00:00,0.0767,0.0779,0.0766,0.0778,818945.7
2026-07-03 02:00:00+00:00,0.0778,0.0782,0.0775,0.0779,893731.8
2026-07-03 03:00:00+00:00,0.0778,0.0783,0.0774,0.0781,904257.7
2026-07-03 04:00:00+00:00,0.0782,0.0782,0.0775,0.0777,1183861.7
2026-07-03 05:00:00+00:00,0.0776,0.0785,0.0775,0.0781,1947356.3
2026-07-03 06:00:00+00:00,0.0781,0.0784,0.0778,0.078,1051200.8
2026-07-03 07:00:00+00:00,0.0781,0.0784,0.0779,0.0782,764867.5
2026-07-03 08:00:00+00:00,0.0783,0.0789,0.0781,0.0783,1521355.1
2026-07-03 09:00:00+00:00,0.0783,0.0787,0.0782,0.0783,1170081.3
2026-07-03 10:00:00+00:00,0.0783,0.0792,0.0783,0.079,1416350.3
2026-07-03 11:00:00+00:00,0.079,0.0797,0.0789,0.0796,2955147.1
2026-07-03 12:00:00+00:00,0.0796,0.0804,0.0796,0.08,3959326.3
2026-07-03 13:00:00+00:00,0.0801,0.0807,0.0799,0.08,2996313.6
2026-07-03 14:00:00+00:00,0.0799,0.0802,0.079,0.08,2980451.7
2026-07-03 15:00:00+00:00,0.0799,0.0802,0.0794,0.0794,1403945.3
2026-07-03 16:00:00+00:00,0.0795,0.0799,0.0791,0.0798,1223579.3
2026-07-03 17:00:00+00:00,0.0798,0.0801,0.0796,0.08,747089.3
2026-07-03 18:00:00+00:00,0.0801,0.0802,0.0797,0.0799,1935798.2
2026-07-03 19:00:00+00:00,0.08,0.0806,0.0798,0.0801,2702053.5
2026-07-03 20:00:00+00:00,0.0801,0.0812,0.0799,0.0811,2246580.3
2026-07-03 21:00:00+00:00,0.0811,0.0815,0.0806,0.0814,3170927.0
2026-07-03 22:00:00+00:00,0.0813,0.0813,0.0808,0.0811,1284450.5
2026-07-03 23:00:00+00:00,0.081,0.0812,0.0806,0.081,2601539.9
2026-07-04 00:00:00+00:00,0.0811,0.0814,0.0806,0.081,1624596.3
2026-07-04 01:00:00+00:00,0.081,0.081,0.08,0.0806,1483463.8
2026-07-04 02:00:00+00:00,0.0807,0.0813,0.0804,0.0811,1353098.7
2026-07-04 03:00:00+00:00,0.0812,0.0814,0.0809,0.081,654135.3
2026-07-04 04:00:00+00:00,0.081,0.0812,0.0806,0.0807,1257869.7
2026-07-04 05:00:00+00:00,0.0807,0.0807,0.0802,0.0802,426800.1
2026-07-04 06:00:00+00:00,0.0803,0.0806,0.0797,0.0799,1391915.4
2026-07-04 07:00:00+00:00,0.0799,0.0799,0.0791,0.0796,2170529.2
2026-07-04 08:00:00+00:00,0.0796,0.08,0.0794,0.0798,918774.7
2026-07-04 09:00:00+00:00,0.0797,0.0801,0.079,0.0792,2212502.3
2026-07-04 10:00:00+00:00,0.0792,0.0795,0.079,0.0794,809277.1
2026-07-04 11:00:00+00:00,0.0794,0.0797,0.0791,0.0796,2318082.8
2026-07-04 12:00:00+00:00,0.0795,0.0797,0.0795,0.0797,494971.9
2026-07-04 13:00:00+00:00,0.0796,0.08,0.0794,0.0797,1566475.1
2026-07-04 14:00:00+00:00,0.0797,0.0803,0.0796,0.0803,1098788.6
2026-07-04 15:00:00+00:00,0.0802,0.0812,0.0801,0.0809,2760590.9
2026-07-04 16:00:00+00:00,0.0809,0.081,0.0805,0.0809,1301762.1
2026-07-04 17:00:00+00:00,0.0808,0.0821,0.0805,0.082,1533246.1
2026-07-04 18:00:00+00:00,0.082,0.082,0.081,0.0813,1806999.7
2026-07-04 19:00:00+00:00,0.0814,0.0815,0.0808,0.0812,914034.6
2026-07-04 20:00:00+00:00,0.0812,0.0814,0.0805,0.0809,638785.6
2026-07-04 21:00:00+00:00,0.0809,0.0816,0.0808,0.081,2588167.8
2026-07-04 22:00:00+00:00,0.081,0.0811,0.0805,0.0809,1025569.8
2026-07-04 23:00:00+00:00,0.0809,0.0809,0.0801,0.0803,1117997.3
2026-07-05 00:00:00+00:00,0.0804,0.0804,0.0797,0.0799,2339726.8
2026-07-05 01:00:00+00:00,0.08,0.0802,0.0793,0.0796,2672718.2
2026-07-05 02:00:00+00:00,0.0796,0.0796,0.0784,0.0788,1458394.4
2026-07-05 03:00:00+00:00,0.0787,0.0789,0.0783,0.0784,791178.2
2026-07-05 04:00:00+00:00,0.0784,0.0789,0.0782,0.0786,1065526.3
2026-07-05 05:00:00+00:00,0.0786,0.0787,0.078,0.0783,875071.9
2026-07-05 06:00:00+00:00,0.0783,0.0784,0.078,0.0782,535029.9
2026-07-05 07:00:00+00:00,0.0783,0.0791,0.0781,0.079,888824.0
2026-07-05 08:00:00+00:00,0.079,0.0791,0.0786,0.0787,622410.4
2026-07-05 09:00:00+00:00,0.0786,0.0788,0.0776,0.078,1324474.9
2026-07-05 10:00:00+00:00,0.0779,0.0784,0.0775,0.0783,921776.6
2026-07-05 11:00:00+00:00,0.0783,0.0786,0.0782,0.0786,619625.5
2026-07-05 12:00:00+00:00,0.0785,0.0792,0.0782,0.0789,800383.1
2026-07-05 13:00:00+00:00,0.0789,0.079,0.0785,0.0789,804279.2
2026-07-05 14:00:00+00:00,0.0789,0.0791,0.0786,0.0787,961065.7
2026-07-05 15:00:00+00:00,0.0787,0.0791,0.0785,0.0788,788214.1
2026-07-05 16:00:00+00:00,0.0787,0.0789,0.0784,0.0787,673174.6
2026-07-05 17:00:00+00:00,0.0787,0.0794,0.0786,0.079,1244434.2
2026-07-05 18:00:00+00:00,0.079,0.0797,0.0789,0.0795,983570.3
2026-07-05 19:00:00+00:00,0.0795,0.0803,0.0794,0.0795,3345551.3
2026-07-05 20:00:00+00:00,0.0795,0.0799,0.0793,0.0797,638637.5
2026-07-05 21:00:00+00:00,0.0796,0.0807,0.079,0.0803,2859355.3
2026-07-05 22:00:00+00:00,0.0803,0.0814,0.08,0.0807,3817383.9
2026-07-05 23:00:00+00:00,0.0807,0.081,0.0802,0.0805,584775.3
2026-07-06 00:00:00+00:00,0.0805,0.0809,0.0795,0.0806,2596394.0
2026-07-06 01:00:00+00:00,0.0805,0.0808,0.0801,0.0802,1758347.7
2026-07-06 02:00:00+00:00,0.0803,0.0807,0.0799,0.0804,1942612.5
2026-07-06 03:00:00+00:00,0.0804,0.0805,0.0797,0.0801,1184897.9
2026-07-06 04:00:00+00:00,0.0801,0.0803,0.0795,0.0798,1409839.0
2026-07-06 05:00:00+00:00,0.0798,0.0798,0.0787,0.0791,2346923.3
2026-07-06 06:00:00+00:00,0.0791,0.0792,0.0788,0.0788,1195804.4
2026-07-06 07:00:00+00:00,0.0789,0.0792,0.0788,0.079,644003.6
2026-07-06 08:00:00+00:00,0.079,0.0792,0.0785,0.0787,1372700.7
2026-07-06 09:00:00+00:00,0.0787,0.0788,0.078,0.0784,2030948.9
2026-07-06 10:00:00+00:00,0.0783,0.0787,0.0783,0.0785,993814.1
2026-07-06 11:00:00+00:00,0.0786,0.0787,0.0778,0.0778,1491099.4
2026-07-06 12:00:00+00:00,0.0778,0.0778,0.0761,0.0767,4853617.5
2026-07-06 13:00:00+00:00,0.0767,0.0777,0.0763,0.0775,4320345.0
2026-07-06 14:00:00+00:00,0.0774,0.0782,0.0773,0.0777,2087152.5
2026-07-06 15:00:00+00:00,0.0777,0.0799,0.0777,0.0797,3053716.2
2026-07-06 16:00:00+00:00,0.0798,0.0805,0.0794,0.08,3366444.9
2026-07-06 17:00:00+00:00,0.0799,0.0803,0.0795,0.0796,1669997.7
2026-07-06 18:00:00+00:00,0.0796,0.0802,0.0796,0.0799,821635.7
2026-07-06 19:00:00+00:00,0.0798,0.0803,0.0797,0.0799,1767958.0
2026-07-06 20:00:00+00:00,0.0798,0.0802,0.0797,0.08,1013173.2
2026-07-06 21:00:00+00:00,0.08,0.0818,0.08,0.0812,3339219.7
2026-07-06 22:00:00+00:00,0.0813,0.0814,0.0804,0.0805,1273642.7
2026-07-06 23:00:00+00:00,0.0805,0.0807,0.0802,0.0803,671035.8
2026-07-07 00:00:00+00:00,0.0804,0.0807,0.08,0.0805,1183630.1
2026-07-07 01:00:00+00:00,0.0804,0.0804,0.0795,0.0796,2047178.4
2026-07-07 02:00:00+00:00,0.0796,0.0797,0.0786,0.0787,1090724.8
2026-07-07 03:00:00+00:00,0.0788,0.0789,0.0781,0.0782,1509323.3
2026-07-07 04:00:00+00:00,0.0782,0.0789,0.078,0.0784,2918128.7
2026-07-07 05:00:00+00:00,0.0785,0.0787,0.0777,0.0785,1762865.9
2026-07-07 06:00:00+00:00,0.0785,0.0791,0.0782,0.0789,739835.2
2026-07-07 07:00:00+00:00,0.0789,0.0791,0.0784,0.0785,1107669.5
2026-07-07 08:00:00+00:00,0.0785,0.0789,0.0784,0.0786,1237573.9
2026-07-07 09:00:00+00:00,0.0786,0.0791,0.0784,0.0789,881676.4
2026-07-07 10:00:00+00:00,0.0789,0.0793,0.0786,0.0787,1341569.5
2026-07-07 11:00:00+00:00,0.0786,0.0792,0.0784,0.0791,1548419.0
2026-07-07 12:00:00+00:00,0.0791,0.0797,0.0789,0.0789,1176088.0
2026-07-07 13:00:00+00:00,0.0788,0.079,0.0781,0.0781,2518585.8
2026-07-07 14:00:00+00:00,0.0781,0.0789,0.0773,0.0788,4358232.2
2026-07-07 15:00:00+00:00,0.0788,0.0797,0.0787,0.0794,1291099.8
2026-07-07 16:00:00+00:00,0.0795,0.0798,0.0791,0.0794,1397563.7
2026-07-07 17:00:00+00:00,0.0794,0.0796,0.0791,0.0796,1346653.7
2026-07-07 18:00:00+00:00,0.0797,0.0797,0.078,0.078,2073418.6
2026-07-07 19:00:00+00:00,0.0781,0.0782,0.0773,0.0781,1439169.9
2026-07-07 20:00:00+00:00,0.0781,0.0784,0.0774,0.0776,855565.3
2026-07-07 21:00:00+00:00,0.0777,0.078,0.0769,0.077,1717389.2
2026-07-07 22:00:00+00:00,0.077,0.0772,0.0765,0.0771,1166953.0
2026-07-07 23:00:00+00:00,0.0771,0.0774,0.077,0.077,699538.8
2026-07-08 00:00:00+00:00,0.0771,0.078,0.0769,0.0778,2193873.0
2026-07-08 01:00:00+00:00,0.0778,0.0784,0.0759,0.0763,4715946.1
2026-07-08 02:00:00+00:00,0.0762,0.0762,0.0752,0.076,2068810.6
2026-07-08 03:00:00+00:00,0.0761,0.0767,0.076,0.0763,899303.8
2026-07-08 04:00:00+00:00,0.0763,0.0764,0.076,0.0764,1541890.2
2026-07-08 05:00:00+00:00,0.0764,0.0775,0.0764,0.0774,7312338.1
2026-07-08 06:00:00+00:00,0.0774,0.0782,0.0772,0.0778,9432595.1
2026-07-08 07:00:00+00:00,0.0778,0.0785,0.0772,0.0777,3686498.2
2026-07-08 08:00:00+00:00,0.0777,0.078,0.0756,0.076,6146285.1
2026-07-08 09:00:00+00:00,0.0759,0.0767,0.0755,0.0762,1973320.9
2026-07-08 10:00:00+00:00,0.0763,0.0766,0.0759,0.0762,1376583.9
2026-07-08 11:00:00+00:00,0.0762,0.0767,0.0758,0.0763,1335480.5
2026-07-08 12:00:00+00:00,0.0763,0.0777,0.0762,0.0766,2867815.4
2026-07-08 13:00:00+00:00,0.0765,0.0768,0.0759,0.0767,2465846.8
2026-07-08 14:00:00+00:00,0.0767,0.0769,0.0757,0.0759,2293249.2
2026-07-08 15:00:00+00:00,0.076,0.076,0.0754,0.0756,1051505.6
2026-07-08 16:00:00+00:00,0.0757,0.0764,0.0756,0.0763,1106763.6
2026-07-08 17:00:00+00:00,0.0763,0.0772,0.0763,0.0763,1282122.9
2026-07-08 18:00:00+00:00,0.0763,0.0766,0.0759,0.0763,1282031.7
2026-07-08 19:00:00+00:00,0.0764,0.0766,0.0762,0.0765,723758.3
2026-07-08 20:00:00+00:00,0.0765,0.0768,0.076,0.0761,1322686.5
2026-07-08 21:00:00+00:00,0.0762,0.0765,0.0757,0.0765,2772159.9
2026-07-08 22:00:00+00:00,0.0764,0.077,0.0764,0.0768,1123765.5
2026-07-08 23:00:00+00:00,0.0768,0.0771,0.0765,0.0769,1976313.4
2026-07-09 00:00:00+00:00,0.0769,0.0771,0.0766,0.077,2042829.3
2026-07-09 01:00:00+00:00,0.077,0.0783,0.077,0.0778,3659901.0
2026-07-09 02:00:00+00:00,0.0778,0.0784,0.0774,0.0777,1776026.1
2026-07-09 03:00:00+00:00,0.0776,0.0807,0.0775,0.0807,7307680.3
2026-07-09 04:00:00+00:00,0.0807,0.0839,0.0806,0.0838,22448932.9
2026-07-09 05:00:00+00:00,0.0837,0.0849,0.0817,0.0836,35362290.7
2026-07-09 06:00:00+00:00,0.0836,0.0869,0.0836,0.0855,18849680.2
2026-07-09 07:00:00+00:00,0.0854,0.0858,0.0837,0.0848,10779968.7
2026-07-09 08:00:00+00:00,0.0849,0.0866,0.0844,0.0856,11735472.9
2026-07-09 09:00:00+00:00,0.0856,0.0865,0.0849,0.0857,9808909.0
2026-07-09 10:00:00+00:00,0.0857,0.0872,0.0853,0.0861,11582716.0
2026-07-09 11:00:00+00:00,0.0862,0.0869,0.0861,0.0865,8455489.4
2026-07-09 12:00:00+00:00,0.0866,0.0878,0.0857,0.086,10911168.8
2026-07-09 13:00:00+00:00,0.0859,0.0868,0.0844,0.0853,9548021.5
2026-07-09 14:00:00+00:00,0.0853,0.0872,0.0844,0.087,7445312.3
2026-07-09 15:00:00+00:00,0.0871,0.0874,0.0854,0.0859,11833574.6
2026-07-09 16:00:00+00:00,0.0859,0.0867,0.0856,0.0858,5668843.1
2026-07-09 17:00:00+00:00,0.0857,0.0897,0.0857,0.0884,12718712.9
2026-07-09 18:00:00+00:00,0.0884,0.091,0.0884,0.0899,14647580.6
2026-07-09 19:00:00+00:00,0.0899,0.0908,0.0892,0.09,6703893.4
2026-07-09 20:00:00+00:00,0.09,0.0914,0.0897,0.0904,5508525.9
2026-07-09 21:00:00+00:00,0.0905,0.0909,0.0879,0.0889,16039499.3
2026-07-09 22:00:00+00:00,0.089,0.0899,0.088,0.0894,10199532.1
2026-07-09 23:00:00+00:00,0.0894,0.0897,0.087,0.0875,6505626.4
2026-07-10 00:00:00+00:00,0.0875,0.0884,0.0867,0.0874,10768830.8
2026-07-10 01:00:00+00:00,0.0874,0.0901,0.087,0.0897,7716273.6
2026-07-10 02:00:00+00:00,0.0897,0.0933,0.0892,0.0925,17778149.1
2026-07-10 03:00:00+00:00,0.0926,0.0927,0.091,0.0916,10740501.8
2026-07-10 04:00:00+00:00,0.0917,0.0921,0.0907,0.0918,5280661.2
2026-07-10 05:00:00+00:00,0.0918,0.0929,0.0917,0.0923,5447124.7
2026-07-10 06:00:00+00:00,0.0924,0.0935,0.0917,0.0927,8155386.4
2026-07-10 07:00:00+00:00,0.0926,0.0941,0.0923,0.0935,11713661.4
2026-07-10 08:00:00+00:00,0.0935,0.0942,0.093,0.0938,6309532.8
2026-07-10 09:00:00+00:00,0.0938,0.0958,0.0934,0.0938,12937208.1
2026-07-10 10:00:00+00:00,0.0938,0.0956,0.0932,0.0951,9473222.8
2026-07-10 11:00:00+00:00,0.0952,0.0959,0.0943,0.0943,11633281.2
2026-07-10 12:00:00+00:00,0.0943,0.0946,0.0919,0.0921,10431668.3
2026-07-10 13:00:00+00:00,0.0921,0.093,0.0921,0.0928,3958304.7
2026-07-10 14:00:00+00:00,0.0928,0.0936,0.0901,0.0917,11070187.4
2026-07-10 15:00:00+00:00,0.0917,0.0925,0.0907,0.091,8766997.0
2026-07-10 16:00:00+00:00,0.091,0.0914,0.0899,0.0911,5181595.8
2026-07-10 17:00:00+00:00,0.091,0.091,0.0904,0.0907,1393179.9
2026-07-10 18:00:00+00:00,0.0907,0.0909,0.0901,0.0904,2163887.1
2026-07-10 19:00:00+00:00,0.0904,0.0918,0.0902,0.091,2610144.3
2026-07-10 20:00:00+00:00,0.091,0.0923,0.0908,0.0916,2640271.7
2026-07-10 21:00:00+00:00,0.0915,0.0939,0.0915,0.0933,5350385.7
2026-07-10 22:00:00+00:00,0.0934,0.0938,0.0931,0.0934,2385869.6
2026-07-10 23:00:00+00:00,0.0934,0.0934,0.0922,0.093,2815779.2
2026-07-11 00:00:00+00:00,0.093,0.0938,0.0911,0.0914,7120890.5
2026-07-11 01:00:00+00:00,0.0915,0.0926,0.0912,0.0912,4780108.2
2026-07-11 02:00:00+00:00,0.0912,0.0932,0.0911,0.0929,1632075.3
2026-07-11 03:00:00+00:00,0.093,0.0932,0.0905,0.0907,5240855.1
2026-07-11 04:00:00+00:00,0.0907,0.0913,0.0902,0.0907,5293905.2
2026-07-11 05:00:00+00:00,0.0906,0.0906,0.0899,0.0903,2937284.6
2026-07-11 06:00:00+00:00,0.0903,0.0908,0.09,0.0907,2363483.2
2026-07-11 07:00:00+00:00,0.0906,0.0911,0.0905,0.0907,3530885.6
2026-07-11 08:00:00+00:00,0.0908,0.0918,0.0907,0.0909,3910922.3
2026-07-11 09:00:00+00:00,0.091,0.0916,0.0909,0.0913,1903215.8
2026-07-11 10:00:00+00:00,0.0912,0.0928,0.091,0.0925,4191425.7
2026-07-11 11:00:00+00:00,0.0925,0.0931,0.092,0.0923,3057542.1
2026-07-11 12:00:00+00:00,0.0923,0.093,0.0916,0.0916,2529249.4
2026-07-11 13:00:00+00:00,0.0916,0.0942,0.0913,0.0941,6029478.5
2026-07-11 14:00:00+00:00,0.0941,0.098,0.0941,0.0971,17217471.8
2026-07-11 15:00:00+00:00,0.0972,0.0981,0.0949,0.0974,14004035.3
2026-07-11 16:00:00+00:00,0.0975,0.0994,0.097,0.0986,13136384.3
2026-07-11 17:00:00+00:00,0.0985,0.0988,0.0964,0.0968,8275338.3
2026-07-11 18:00:00+00:00,0.0968,0.0984,0.0965,0.0976,3399504.2
2026-07-11 19:00:00+00:00,0.0976,0.0981,0.0967,0.0979,5923110.8
2026-07-11 20:00:00+00:00,0.0978,0.0997,0.0975,0.0982,5874647.8
2026-07-11 21:00:00+00:00,0.0982,0.0999,0.0982,0.0987,5925232.0
2026-07-11 22:00:00+00:00,0.0987,0.0989,0.0973,0.0979,5346035.6
2026-07-11 23:00:00+00:00,0.098,0.0981,0.0947,0.095,9324363.0
2026-07-12 00:00:00+00:00,0.095,0.0965,0.0947,0.0953,6993551.4
2026-07-12 01:00:00+00:00,0.0953,0.097,0.0953,0.0967,4048903.3
2026-07-12 02:00:00+00:00,0.0966,0.098,0.0962,0.0979,5040254.6
2026-07-12 03:00:00+00:00,0.0978,0.1013,0.0975,0.0998,12758116.5
2026-07-12 04:00:00+00:00,0.0997,0.1013,0.099,0.0998,8982887.7
2026-07-12 05:00:00+00:00,0.0999,0.1005,0.0986,0.099,6912428.1
2026-07-12 06:00:00+00:00,0.099,0.099,0.0971,0.098,6275790.1
2026-07-12 07:00:00+00:00,0.098,0.0988,0.0977,0.0984,2803592.5
2026-07-12 08:00:00+00:00,0.0984,0.0984,0.0959,0.0962,6086114.4
2026-07-12 09:00:00+00:00,0.0962,0.0962,0.0949,0.0957,5652740.1
2026-07-12 10:00:00+00:00,0.0956,0.0958,0.0948,0.095,3097861.1
2026-07-12 11:00:00+00:00,0.0951,0.0962,0.094,0.0955,6988507.9
2026-07-12 12:00:00+00:00,0.0955,0.0963,0.095,0.0955,5042645.3
2026-07-12 13:00:00+00:00,0.0955,0.0968,0.0952,0.096,4159692.7
2026-07-12 14:00:00+00:00,0.096,0.0962,0.0951,0.0952,3886629.5
2026-07-12 15:00:00+00:00,0.0952,0.096,0.0951,0.0957,2571654.1
2026-07-12 16:00:00+00:00,0.0957,0.0958,0.0948,0.0951,2529664.8
2026-07-12 17:00:00+00:00,0.0951,0.0951,0.0933,0.0939,3434605.9
2026-07-12 18:00:00+00:00,0.0939,0.0941,0.0936,0.0936,1791313.9
2026-07-12 19:00:00+00:00,0.0936,0.0942,0.0936,0.0939,1113159.1
2026-07-12 20:00:00+00:00,0.0939,0.0939,0.0929,0.0932,2833239.1
2026-07-12 21:00:00+00:00,0.0933,0.0935,0.0922,0.0929,3647321.6
2026-07-12 22:00:00+00:00,0.0928,0.0934,0.0922,0.093,3225949.7
2026-07-12 23:00:00+00:00,0.0931,0.0935,0.0926,0.0932,1286575.1
2026-07-13 00:00:00+00:00,0.0932,0.0948,0.0919,0.0929,4539591.6
2026-07-13 01:00:00+00:00,0.0929,0.0936,0.0921,0.0925,2601824.8
2026-07-13 02:00:00+00:00,0.0925,0.0928,0.0914,0.0916,3533313.3
2026-07-13 03:00:00+00:00,0.0917,0.0917,0.0901,0.0906,7937394.9
2026-07-13 04:00:00+00:00,0.0906,0.0913,0.0902,0.0905,2880329.7
2026-07-13 05:00:00+00:00,0.0905,0.0928,0.0902,0.0918,4738333.8
2026-07-13 06:00:00+00:00,0.0919,0.0924,0.0916,0.0919,2786138.5
2026-07-13 07:00:00+00:00,0.092,0.0929,0.0918,0.0927,3110149.6
2026-07-13 08:00:00+00:00,0.0928,0.0931,0.0922,0.0928,1880205.6
2026-07-13 09:00:00+00:00,0.0928,0.094,0.0928,0.0934,4063343.6
2026-07-13 10:00:00+00:00,0.0935,0.0943,0.0926,0.0929,5863570.5
2026-07-13 11:00:00+00:00,0.0929,0.0934,0.0928,0.0928,1575024.0
2026-07-13 12:00:00+00:00,0.0929,0.0934,0.0922,0.0928,3210014.7
2026-07-13 13:00:00+00:00,0.0928,0.0958,0.092,0.0938,14644268.0
2026-07-13 14:00:00+00:00,0.0939,0.0942,0.0925,0.0935,9186543.6
2026-07-13 15:00:00+00:00,0.0935,0.0945,0.093,0.0931,3034164.2
2026-07-13 16:00:00+00:00,0.0932,0.0934,0.0906,0.0907,6245930.0
2026-07-13 17:00:00+00:00,0.0908,0.091,0.0897,0.09,3637177.2
2026-07-13 18:00:00+00:00,0.09,0.0909,0.09,0.0904,2438904.8
2026-07-13 19:00:00+00:00,0.0903,0.0912,0.0901,0.0912,2890424.7
2026-07-13 20:00:00+00:00,0.0911,0.0911,0.0893,0.0897,3482487.5
2026-07-13 21:00:00+00:00,0.0896,0.0897,0.0881,0.089,3318147.4
2026-07-13 22:00:00+00:00,0.0891,0.0897,0.089,0.0892,1041606.3
2026-07-13 23:00:00+00:00,0.0893,0.0904,0.0891,0.0904,1215397.3
2026-07-14 00:00:00+00:00,0.0904,0.0911,0.0901,0.0908,2133704.7
2026-07-14 01:00:00+00:00,0.0908,0.0908,0.0897,0.0898,1801984.7
2026-07-14 02:00:00+00:00,0.0898,0.09,0.0892,0.0895,1299828.2
2026-07-14 03:00:00+00:00,0.0895,0.0898,0.0891,0.0897,1427421.2
2026-07-14 04:00:00+00:00,0.0897,0.0901,0.0895,0.0896,1111445.9
2026-07-14 05:00:00+00:00,0.0895,0.0913,0.0893,0.0902,6578899.9
2026-07-14 06:00:00+00:00,0.0902,0.0905,0.0895,0.0897,2940025.0
2026-07-14 07:00:00+00:00,0.0897,0.09,0.0893,0.0893,1232638.7
2026-07-14 08:00:00+00:00,0.0893,0.0905,0.0891,0.0902,3596872.9
2026-07-14 09:00:00+00:00,0.0902,0.0903,0.0895,0.0897,1453764.5
2026-07-14 10:00:00+00:00,0.0897,0.0901,0.0887,0.0894,3970047.1
2026-07-14 11:00:00+00:00,0.0894,0.0895,0.0889,0.0893,2738157.6
2026-07-14 12:00:00+00:00,0.0893,0.0923,0.0889,0.0917,9744098.0
2026-07-14 13:00:00+00:00,0.0918,0.0931,0.0914,0.0916,6189388.1
2026-07-14 14:00:00+00:00,0.0916,0.0925,0.0909,0.0922,6022079.7
2026-07-14 15:00:00+00:00,0.0922,0.0931,0.0918,0.0923,3186609.6
2026-07-14 16:00:00+00:00,0.0924,0.0931,0.0919,0.092,2954072.2
2026-07-14 17:00:00+00:00,0.092,0.0921,0.091,0.0916,3004918.1
2026-07-14 18:00:00+00:00,0.0916,0.0916,0.0907,0.0912,2908967.4
2026-07-14 19:00:00+00:00,0.0912,0.0915,0.0908,0.0912,1924159.1
2026-07-14 20:00:00+00:00,0.0912,0.0912,0.0906,0.0909,1133763.7
2026-07-14 21:00:00+00:00,0.0909,0.0918,0.0907,0.0913,1783525.0
2026-07-14 22:00:00+00:00,0.0913,0.0916,0.0908,0.0914,2597328.5
2026-07-14 23:00:00+00:00,0.0913,0.0925,0.0911,0.0922,2024621.4
2026-07-15 00:00:00+00:00,0.0923,0.0938,0.092,0.0935,4057733.2
2026-07-15 01:00:00+00:00,0.0935,0.0935,0.0913,0.0917,3529642.1
2026-07-15 02:00:00+00:00,0.0917,0.0922,0.0903,0.0905,5911149.9
2026-07-15 03:00:00+00:00,0.0906,0.091,0.0905,0.091,1566144.4
2026-07-15 04:00:00+00:00,0.091,0.0911,0.0894,0.0897,4768449.7
2026-07-15 05:00:00+00:00,0.0898,0.0901,0.089,0.09,4833514.3
2026-07-15 06:00:00+00:00,0.09,0.0907,0.0893,0.0894,10468037.3
2026-07-15 07:00:00+00:00,0.0894,0.0895,0.0876,0.0881,3517158.9
2026-07-15 08:00:00+00:00,0.0881,0.0885,0.0878,0.0884,1872577.9
2026-07-15 09:00:00+00:00,0.0884,0.0892,0.0883,0.0889,2123850.9
2026-07-15 10:00:00+00:00,0.0889,0.0896,0.0889,0.0893,3341195.0
2026-07-15 11:00:00+00:00,0.0893,0.0895,0.0889,0.0892,1776756.5
2026-07-15 12:00:00+00:00,0.0892,0.0912,0.0889,0.0908,4205951.4
2026-07-15 13:00:00+00:00,0.0907,0.0913,0.0891,0.0896,4568357.2
2026-07-15 14:00:00+00:00,0.0897,0.0902,0.0889,0.0895,4511564.5
2026-07-15 15:00:00+00:00,0.0895,0.0896,0.0883,0.0885,3585117.8
2026-07-15 16:00:00+00:00,0.0886,0.0887,0.0869,0.0879,5987676.3
2026-07-15 17:00:00+00:00,0.0879,0.0882,0.0875,0.088,3272159.1
2026-07-15 18:00:00+00:00,0.088,0.089,0.088,0.0883,2651597.1
2026-07-15 19:00:00+00:00,0.0883,0.0886,0.0875,0.0878,2498036.9
2026-07-15 20:00:00+00:00,0.0879,0.0888,0.0878,0.0885,2195717.0
2026-07-15 21:00:00+00:00,0.0885,0.0889,0.0881,0.0883,1907048.2
2026-07-15 22:00:00+00:00,0.0883,0.0888,0.0881,0.0884,1459595.8
2026-07-15 23:00:00+00:00,0.0885,0.0886,0.0882,0.0885,747884.5
2026-07-16 00:00:00+00:00,0.0885,0.0886,0.0866,0.0875,4319177.0
2026-07-16 01:00:00+00:00,0.0875,0.088,0.0871,0.0878,1161627.2
2026-07-16 02:00:00+00:00,0.0878,0.0878,0.0874,0.0878,711753.5
2026-07-16 03:00:00+00:00,0.0877,0.0878,0.0869,0.0871,1658173.5
2026-07-16 04:00:00+00:00,0.0871,0.0877,0.087,0.0874,841958.1
2026-07-16 05:00:00+00:00,0.0873,0.0881,0.0873,0.0877,1632552.0
2026-07-16 06:00:00+00:00,0.0878,0.0882,0.0868,0.0873,4053703.6
2026-07-16 07:00:00+00:00,0.0873,0.0874,0.0861,0.0868,3093802.6
2026-07-16 08:00:00+00:00,0.0868,0.0871,0.0855,0.0865,4022546.8
2026-07-16 09:00:00+00:00,0.0865,0.0866,0.0861,0.0864,1920764.6
2026-07-16 10:00:00+00:00,0.0865,0.0869,0.0864,0.0869,978786.2
2026-07-16 11:00:00+00:00,0.0869,0.0872,0.0866,0.0872,1208234.3
2026-07-16 12:00:00+00:00,0.0873,0.0873,0.0865,0.0867,1586199.7
2026-07-16 13:00:00+00:00,0.0867,0.0879,0.0866,0.0877,2000335.0
2026-07-16 14:00:00+00:00,0.0877,0.0888,0.0877,0.088,3830385.0
2026-07-16 15:00:00+00:00,0.0881,0.0892,0.0877,0.0884,2646576.4
2026-07-16 16:00:00+00:00,0.0884,0.089,0.088,0.0886,3020550.6
2026-07-16 17:00:00+00:00,0.0886,0.0888,0.0878,0.0883,2906017.2
2026-07-16 18:00:00+00:00,0.0883,0.0895,0.0882,0.0893,3274544.7
2026-07-16 19:00:00+00:00,0.0894,0.0904,0.0893,0.0898,2969359.1
2026-07-16 20:00:00+00:00,0.0898,0.0911,0.0896,0.0899,3008662.8
2026-07-16 21:00:00+00:00,0.09,0.0904,0.0893,0.0895,1387327.3
2026-07-16 22:00:00+00:00,0.0895,0.0898,0.0886,0.0891,1856964.8
2026-07-16 23:00:00+00:00,0.089,0.0893,0.0879,0.089,3196253.3
2026-07-17 00:00:00+00:00,0.0891,0.0901,0.0885,0.0892,3264946.8
2026-07-17 01:00:00+00:00,0.0893,0.0898,0.0878,0.088,2307546.3
2026-07-17 02:00:00+00:00,0.0881,0.089,0.0875,0.089,1966939.6
2026-07-17 03:00:00+00:00,0.089,0.0914,0.0887,0.0899,5854299.7
2026-07-17 04:00:00+00:00,0.0899,0.0901,0.0889,0.0891,1742615.0
2026-07-17 05:00:00+00:00,0.0891,0.0892,0.0879,0.0891,5080414.9
2026-07-17 06:00:00+00:00,0.0891,0.0891,0.088,0.0882,1915955.6
2026-07-17 07:00:00+00:00,0.0882,0.0888,0.0881,0.0884,1999049.2
2026-07-17 08:00:00+00:00,0.0883,0.0897,0.0878,0.0894,1783008.1
2026-07-17 09:00:00+00:00,0.0894,0.0906,0.0894,0.0903,3739440.9
2026-07-17 10:00:00+00:00,0.0903,0.0909,0.0901,0.0904,2867287.7
2026-07-17 11:00:00+00:00,0.0904,0.0907,0.0894,0.0895,2222667.1
2026-07-17 12:00:00+00:00,0.0894,0.0894,0.0884,0.0885,1607005.9
2026-07-17 13:00:00+00:00,0.0886,0.0886,0.0871,0.0886,4198093.4
2026-07-17 14:00:00+00:00,0.0887,0.089,0.0881,0.0883,1525549.5
2026-07-17 15:00:00+00:00,0.0883,0.0886,0.0873,0.0886,2981708.7
2026-07-17 16:00:00+00:00,0.0885,0.0901,0.0882,0.0893,3426956.3
2026-07-17 17:00:00+00:00,0.0893,0.0903,0.0892,0.0895,2499850.2
2026-07-17 18:00:00+00:00,0.0894,0.09,0.0891,0.0897,1266589.2
2026-07-17 19:00:00+00:00,0.0897,0.09,0.0891,0.0897,1099097.2
2026-07-17 20:00:00+00:00,0.0897,0.0901,0.0895,0.09,1320454.0
2026-07-17 21:00:00+00:00,0.09,0.0908,0.0899,0.0905,4632672.3
2026-07-17 22:00:00+00:00,0.0905,0.0911,0.0901,0.0904,2258396.5
2026-07-17 23:00:00+00:00,0.0905,0.0914,0.09,0.0906,2928738.8
2026-07-18 00:00:00+00:00,0.0906,0.0914,0.0904,0.0909,3332224.0
2026-07-18 01:00:00+00:00,0.0909,0.0928,0.0908,0.0918,4488088.4
2026-07-18 02:00:00+00:00,0.0918,0.092,0.0903,0.0905,3027973.7
2026-07-18 03:00:00+00:00,0.0905,0.0907,0.0901,0.0905,2063753.0
2026-07-18 04:00:00+00:00,0.0906,0.0906,0.0897,0.0899,1832806.7
2026-07-18 05:00:00+00:00,0.09,0.0905,0.0896,0.0899,2527512.7
2026-07-18 06:00:00+00:00,0.0898,0.0909,0.0897,0.0906,1301066.5
2026-07-18 07:00:00+00:00,0.0906,0.0906,0.0898,0.09,939524.1
2026-07-18 08:00:00+00:00,0.09,0.0904,0.0898,0.09,906351.4
2026-07-18 09:00:00+00:00,0.0899,0.09,0.0891,0.0897,2729874.4
2026-07-18 10:00:00+00:00,0.0897,0.0908,0.0897,0.0904,2532500.8
2026-07-18 11:00:00+00:00,0.0904,0.0905,0.0896,0.0901,2713702.2
2026-07-18 12:00:00+00:00,0.0901,0.0903,0.0896,0.0901,1851119.7
2026-07-18 13:00:00+00:00,0.09,0.0903,0.0897,0.09,2150435.7
2026-07-18 14:00:00+00:00,0.0901,0.0901,0.0894,0.0899,1898435.1
2026-07-18 15:00:00+00:00,0.0899,0.0901,0.0882,0.0886,4412815.1
2026-07-18 16:00:00+00:00,0.0886,0.089,0.0879,0.0882,4228469.5
2026-07-18 17:00:00+00:00,0.0882,0.0888,0.0882,0.0886,1059736.1
2026-07-18 18:00:00+00:00,0.0885,0.089,0.088,0.0882,1516519.0
2026-07-18 19:00:00+00:00,0.0882,0.0883,0.0879,0.0882,1119396.0
2026-07-18 20:00:00+00:00,0.0882,0.0884,0.088,0.0882,631223.6
2026-07-18 21:00:00+00:00,0.0882,0.0885,0.0881,0.0885,1269849.8
2026-07-18 22:00:00+00:00,0.0885,0.0888,0.0884,0.0885,901493.2
2026-07-18 23:00:00+00:00,0.0885,0.0885,0.0882,0.0884,609948.3
2026-07-19 00:00:00+00:00,0.0883,0.0884,0.0877,0.0881,1334065.8
2026-07-19 01:00:00+00:00,0.0881,0.0881,0.0875,0.0878,890867.3
2026-07-19 02:00:00+00:00,0.0879,0.0888,0.0878,0.0884,1190145.7
2026-07-19 03:00:00+00:00,0.0885,0.0885,0.0877,0.0878,871717.3
2026-07-19 04:00:00+00:00,0.0879,0.0881,0.0876,0.0879,507339.6
2026-07-19 05:00:00+00:00,0.088,0.0881,0.0876,0.0879,1344847.8
2026-07-19 06:00:00+00:00,0.0879,0.0885,0.0879,0.0885,1256034.8
2026-07-19 07:00:00+00:00,0.0885,0.0887,0.0882,0.0883,1409550.4
2026-07-19 08:00:00+00:00,0.0883,0.0892,0.0882,0.0891,1452616.9
2026-07-19 09:00:00+00:00,0.0892,0.0899,0.0888,0.0899,3649452.6
2026-07-19 10:00:00+00:00,0.0899,0.0899,0.0892,0.0894,3035378.6
2026-07-19 11:00:00+00:00,0.0893,0.0898,0.0889,0.0891,2680252.8
2026-07-19 12:00:00+00:00,0.0891,0.0896,0.0881,0.0882,2985007.5
2026-07-19 13:00:00+00:00,0.0882,0.0888,0.0881,0.0885,3209798.3
2026-07-19 14:00:00+00:00,0.0885,0.0891,0.0885,0.0887,1669663.6
2026-07-19 15:00:00+00:00,0.0887,0.0902,0.0886,0.0897,3847324.2
2026-07-19 16:00:00+00:00,0.0898,0.09,0.089,0.0892,2337345.2
2026-07-19 17:00:00+00:00,0.0893,0.0893,0.0884,0.0888,1987066.2
2026-07-19 18:00:00+00:00,0.0887,0.0888,0.088,0.0888,1471444.9
2026-07-19 19:00:00+00:00,0.0888,0.089,0.0885,0.0887,399932.9
2026-07-19 20:00:00+00:00,0.0887,0.0889,0.0885,0.0887,259260.9
2026-07-19 21:00:00+00:00,0.0888,0.0889,0.0882,0.0883,564910.7
2026-07-19 22:00:00+00:00,0.0882,0.0894,0.0881,0.0891,1890833.7
2026-07-19 23:00:00+00:00,0.0891,0.0892,0.0886,0.0891,924646.0
2026-07-20 00:00:00+00:00,0.0891,0.0902,0.0884,0.0886,3181157.2
2026-07-20 01:00:00+00:00,0.0886,0.0895,0.0878,0.088,961994.4
2026-07-20 02:00:00+00:00,0.0881,0.0888,0.088,0.0885,556840.0
2026-07-20 03:00:00+00:00,0.0885,0.0887,0.0876,0.0877,1920984.0
2026-07-20 04:00:00+00:00,0.0878,0.0878,0.0864,0.0866,3459413.7
2026-07-20 05:00:00+00:00,0.0867,0.0867,0.0858,0.0861,2675776.8
2026-07-20 06:00:00+00:00,0.0861,0.0863,0.0853,0.0859,2346321.9
2026-07-20 07:00:00+00:00,0.086,0.0869,0.0858,0.0868,729626.5
2026-07-20 08:00:00+00:00,0.0868,0.0868,0.0859,0.0863,1711625.4
2026-07-20 09:00:00+00:00,0.0864,0.0873,0.0862,0.0871,1800306.8
2026-07-20 10:00:00+00:00,0.087,0.0874,0.0869,0.0871,909275.2
2026-07-20 11:00:00+00:00,0.0871,0.0886,0.087,0.0884,2824825.1
2026-07-20 12:00:00+00:00,0.0884,0.0885,0.0879,0.0882,1776351.5
2026-07-20 13:00:00+00:00,0.0883,0.089,0.0878,0.0884,2727452.7
2026-07-20 14:00:00+00:00,0.0884,0.09,0.0881,0.0891,2374070.4
2026-07-20 15:00:00+00:00,0.0891,0.0915,0.089,0.0908,3403846.4
2026-07-20 16:00:00+00:00,0.0908,0.0912,0.0896,0.09,2451820.7
2026-07-20 17:00:00+00:00,0.09,0.0905,0.0897,0.0901,1918631.4
2026-07-20 18:00:00+00:00,0.0901,0.0908,0.0897,0.0898,2057660.7
2026-07-20 19:00:00+00:00,0.0899,0.0899,0.0892,0.0896,1225233.6
2026-07-20 20:00:00+00:00,0.0896,0.0902,0.0894,0.0899,959509.4
2026-07-20 21:00:00+00:00,0.0899,0.0901,0.0894,0.0898,2748384.7
2026-07-20 22:00:00+00:00,0.0898,0.09,0.0893,0.0896,1210800.1
2026-07-20 23:00:00+00:00,0.0897,0.0906,0.0895,0.0904,1171809.5
2026-07-21 00:00:00+00:00,0.0903,0.091,0.09,0.0907,1720249.4
2026-07-21 01:00:00+00:00,0.0908,0.0914,0.0901,0.0903,2794692.9
2026-07-21 02:00:00+00:00,0.0904,0.0906,0.0895,0.0904,1267394.7
2026-07-21 03:00:00+00:00,0.0904,0.0909,0.0904,0.0907,592082.8
2026-07-21 04:00:00+00:00,0.0906,0.0909,0.0901,0.0902,1599696.7
2026-07-21 05:00:00+00:00,0.0901,0.0906,0.09,0.0903,967690.5
2026-07-21 06:00:00+00:00,0.0902,0.0912,0.0899,0.0908,3016113.4
2026-07-21 07:00:00+00:00,0.0907,0.0919,0.0907,0.0909,3095459.8
2026-07-21 08:00:00+00:00,0.091,0.0912,0.0907,0.0908,1078987.7
2026-07-21 09:00:00+00:00,0.0908,0.0912,0.0903,0.0911,1348123.5
2026-07-21 10:00:00+00:00,0.0911,0.0914,0.0903,0.0905,1796084.2
2026-07-21 11:00:00+00:00,0.0905,0.0906,0.0903,0.0903,1026283.4
2026-07-21 12:00:00+00:00,0.0902,0.0908,0.09,0.0903,5433509.5
2026-07-21 13:00:00+00:00,0.0903,0.0904,0.0894,0.0903,3623586.1
2026-07-21 14:00:00+00:00,0.0902,0.0903,0.0895,0.0897,1459556.0
2026-07-21 15:00:00+00:00,0.0896,0.0899,0.0892,0.0899,1309609.5
2026-07-21 16:00:00+00:00,0.0898,0.0899,0.0892,0.0894,1466784.2
2026-07-21 17:00:00+00:00,0.0894,0.0895,0.0881,0.089,3007785.5
2026-07-21 18:00:00+00:00,0.089,0.0893,0.0888,0.0891,381530.2
2026-07-21 19:00:00+00:00,0.0892,0.0893,0.0889,0.0892,689567.3
2026-07-21 20:00:00+00:00,0.0892,0.0893,0.0889,0.0889,952722.8
2026-07-21 21:00:00+00:00,0.0889,0.0893,0.0888,0.0891,553776.7
2026-07-21 22:00:00+00:00,0.0891,0.0891,0.0884,0.0885,669267.5
2026-07-21 23:00:00+00:00,0.0886,0.089,0.0882,0.089,1148559.9
2026-07-22 00:00:00+00:00,0.0889,0.0905,0.0887,0.0905,1918014.2
2026-07-22 01:00:00+00:00,0.0905,0.0905,0.0898,0.09,2731957.2
2026-07-22 02:00:00+00:00,0.0901,0.0902,0.0895,0.0897,575926.8
2026-07-22 03:00:00+00:00,0.0898,0.0902,0.0894,0.0894,974726.6
2026-07-22 04:00:00+00:00,0.0894,0.0911,0.0894,0.0909,2747052.6
2026-07-22 05:00:00+00:00,0.091,0.0918,0.0899,0.0908,12023713.2
2026-07-22 06:00:00+00:00,0.0908,0.0915,0.09,0.0902,3374566.8
2026-07-22 07:00:00+00:00,0.0902,0.0903,0.0892,0.0893,2041634.9
2026-07-22 08:00:00+00:00,0.0893,0.0902,0.0892,0.0898,1946190.1
2026-07-22 09:00:00+00:00,0.0897,0.0901,0.0892,0.0895,1361160.4
2026-07-22 10:00:00+00:00,0.0895,0.0906,0.0894,0.09,1510534.9
2026-07-22 11:00:00+00:00,0.0899,0.0901,0.0893,0.0895,1142668.0
2026-07-22 12:00:00+00:00,0.0895,0.0895,0.0883,0.0891,3092762.2
2026-07-22 13:00:00+00:00,0.0891,0.0908,0.089,0.0907,4666749.3
2026-07-22 14:00:00+00:00,0.0907,0.0916,0.0902,0.0905,2261086.9
2026-07-22 15:00:00+00:00,0.0905,0.0914,0.0905,0.0909,2887420.7
2026-07-22 16:00:00+00:00,0.0909,0.0919,0.0906,0.0918,1992785.0
2026-07-22 17:00:00+00:00,0.0917,0.0918,0.0906,0.0907,1817140.5
2026-07-22 18:00:00+00:00,0.0907,0.0908,0.0898,0.0903,1530638.6
2026-07-22 19:00:00+00:00,0.0903,0.0907,0.09,0.0905,791514.1
2026-07-22 20:00:00+00:00,0.0904,0.0909,0.0904,0.0905,706811.7
2026-07-22 21:00:00+00:00,0.0905,0.0908,0.0903,0.0907,704494.6
2026-07-22 22:00:00+00:00,0.0907,0.0909,0.09,0.0903,1198856.0
2026-07-22 23:00:00+00:00,0.0902,0.0902,0.0884,0.0901,10012126.8
2026-07-23 00:00:00+00:00,0.0901,0.0913,0.0899,0.0909,2192340.1
2026-07-23 01:00:00+00:00,0.0909,0.0911,0.0903,0.0905,914327.5
2026-07-23 02:00:00+00:00,0.0906,0.0906,0.09,0.0901,749955.8
2026-07-23 03:00:00+00:00,0.0901,0.0902,0.0893,0.0895,810778.0
2026-07-23 04:00:00+00:00,0.0894,0.0897,0.0891,0.0893,1075001.3
2026-07-23 05:00:00+00:00,0.0893,0.0898,0.0889,0.0895,1016382.4
2026-07-23 06:00:00+00:00,0.0894,0.0896,0.0891,0.0893,1510840.7
2026-07-23 07:00:00+00:00,0.0893,0.0893,0.0883,0.0885,2910783.4
2026-07-23 08:00:00+00:00,0.0885,0.089,0.0884,0.0889,719239.3
2026-07-23 09:00:00+00:00,0.0888,0.0892,0.0886,0.0889,830806.7
2026-07-23 10:00:00+00:00,0.0888,0.0891,0.0887,0.0888,544854.5
2026-07-23 11:00:00+00:00,0.0888,0.0891,0.088,0.0883,1774709.4
2026-07-23 12:00:00+00:00,0.0882,0.0884,0.0869,0.0873,3067311.8
2026-07-23 13:00:00+00:00,0.0873,0.0875,0.0867,0.0868,2883044.4
2026-07-23 14:00:00+00:00,0.0868,0.0873,0.0863,0.0864,1387971.8
2026-07-23 15:00:00+00:00,0.0865,0.0867,0.0855,0.0866,4243815.4
2026-07-23 16:00:00+00:00,0.0866,0.0866,0.0861,0.0865,1550071.3
2026-07-23 17:00:00+00:00,0.0864,0.0868,0.0856,0.0859,1545088.3
2026-07-23 18:00:00+00:00,0.0858,0.0866,0.0858,0.0863,1618980.0
2026-07-23 19:00:00+00:00,0.0864,0.0866,0.086,0.0865,956616.4
2026-07-23 20:00:00+00:00,0.0865,0.0872,0.0865,0.0871,842015.3
2026-07-23 21:00:00+00:00,0.0871,0.0872,0.0867,0.0869,541003.1
2026-07-23 22:00:00+00:00,0.0869,0.0869,0.0863,0.0864,856617.6
2026-07-23 23:00:00+00:00,0.0865,0.0865,0.0859,0.0862,1688816.9
2026-07-24 00:00:00+00:00,0.0862,0.0863,0.0857,0.0862,1950240.2
2026-07-24 01:00:00+00:00,0.0861,0.0863,0.0858,0.0861,893933.9
2026-07-24 02:00:00+00:00,0.0861,0.0862,0.0848,0.085,3569386.1
2026-07-24 03:00:00+00:00,0.0849,0.0857,0.0849,0.0854,2040819.3
2026-07-24 04:00:00+00:00,0.0853,0.0855,0.085,0.0851,640623.4
2026-07-24 05:00:00+00:00,0.0851,0.0856,0.0851,0.0854,1296001.5
2026-07-24 06:00:00+00:00,0.0854,0.0863,0.0853,0.0859,2051554.4
2026-07-24 07:00:00+00:00,0.086,0.087,0.0858,0.0864,1500150.4
2026-07-24 08:00:00+00:00,0.0864,0.0864,0.0858,0.086,445181.5
2026-07-24 09:00:00+00:00,0.086,0.0861,0.0853,0.0857,1625504.6
2026-07-24 10:00:00+00:00,0.0856,0.0857,0.085,0.0851,1010619.3
2026-07-24 11:00:00+00:00,0.0851,0.0852,0.0847,0.0851,1152261.6
2026-07-24 12:00:00+00:00,0.085,0.0853,0.0844,0.0846,1233256.4
2026-07-24 13:00:00+00:00,0.0846,0.0846,0.0834,0.0839,3174906.0
2026-07-24 14:00:00+00:00,0.084,0.0844,0.083,0.0843,5883342.0
2026-07-24 15:00:00+00:00,0.0843,0.0845,0.0838,0.0838,1390830.9
2026-07-24 16:00:00+00:00,0.0838,0.0839,0.0834,0.0836,957916.2
2026-07-24 17:00:00+00:00,0.0837,0.0842,0.0835,0.0839,1140717.3
2026-07-24 18:00:00+00:00,0.084,0.0841,0.0837,0.084,181804.2
2026-07-24 19:00:00+00:00,0.0839,0.0841,0.0838,0.0839,235353.9
2026-07-24 20:00:00+00:00,0.0839,0.084,0.0835,0.0838,1044657.8
2026-07-24 21:00:00+00:00,0.0837,0.0838,0.0829,0.0831,1228931.3
2026-07-24 22:00:00+00:00,0.0832,0.0833,0.0828,0.0832,846436.7
2026-07-24 23:00:00+00:00,0.0832,0.0833,0.083,0.0831,242614.6
2026-07-25 00:00:00+00:00,0.0831,0.0832,0.0821,0.0827,1177460.8
2026-07-25 01:00:00+00:00,0.0826,0.0827,0.0818,0.0822,1666196.9
2026-07-25 02:00:00+00:00,0.0821,0.0825,0.0818,0.0823,846007.6
2026-07-25 03:00:00+00:00,0.0822,0.0825,0.0821,0.0823,618134.1
2026-07-25 04:00:00+00:00,0.0824,0.0827,0.0823,0.0825,328080.9
2026-07-25 05:00:00+00:00,0.0826,0.0827,0.0824,0.0826,547291.6
2026-07-25 06:00:00+00:00,0.0826,0.0827,0.0822,0.0825,1178155.8
2026-07-25 07:00:00+00:00,0.0825,0.0829,0.0825,0.0827,629271.5
2026-07-25 08:00:00+00:00,0.0826,0.0834,0.0825,0.0829,828275.0
2026-07-25 09:00:00+00:00,0.083,0.0834,0.0827,0.0829,718907.9
2026-07-25 10:00:00+00:00,0.083,0.0832,0.0829,0.083,288676.0
2026-07-25 11:00:00+00:00,0.0831,0.0834,0.0828,0.0829,731712.7
2026-07-25 12:00:00+00:00,0.0829,0.0832,0.0828,0.0832,232889.2
2026-07-25 13:00:00+00:00,0.0831,0.0836,0.083,0.083,1239987.6
2026-07-25 14:00:00+00:00,0.0831,0.0831,0.0826,0.0827,825173.7
2026-07-25 15:00:00+00:00,0.0828,0.0831,0.0824,0.083,2227360.1
2026-07-25 16:00:00+00:00,0.083,0.0831,0.0826,0.0828,1131721.1
2026-07-25 17:00:00+00:00,0.0828,0.0835,0.0827,0.0832,1008894.5
2026-07-25 18:00:00+00:00,0.0832,0.0835,0.0831,0.0832,1058317.8
2026-07-25 19:00:00+00:00,0.0832,0.0833,0.083,0.0833,884130.3
2026-07-25 20:00:00+00:00,0.0832,0.0833,0.083,0.0832,340716.9
2026-07-25 21:00:00+00:00,0.0832,0.0833,0.0828,0.0831,1175616.2
2026-07-25 22:00:00+00:00,0.0831,0.0833,0.0828,0.083,1029774.0
2026-07-25 23:00:00+00:00,0.083,0.083,0.0824,0.0825,893462.3
2026-07-26 00:00:00+00:00,0.0825,0.0825,0.0821,0.0822,677052.0
2026-07-26 01:00:00+00:00,0.0823,0.0825,0.0821,0.0823,764436.1
2026-07-26 02:00:00+00:00,0.0824,0.0826,0.082,0.0825,1092384.9
2026-07-26 03:00:00+00:00,0.0824,0.0827,0.0823,0.0825,1716667.6
2026-07-26 04:00:00+00:00,0.0825,0.0831,0.0824,0.0827,1706172.7
2026-07-26 05:00:00+00:00,0.0828,0.083,0.0826,0.0829,934264.9
2026-07-26 06:00:00+00:00,0.0828,0.0831,0.0824,0.083,1109799.1
2026-07-26 07:00:00+00:00,0.0831,0.0832,0.0826,0.0827,930924.2
2026-07-26 08:00:00+00:00,0.0828,0.0829,0.0824,0.0826,1643570.1
2026-07-26 09:00:00+00:00,0.0826,0.0828,0.0822,0.0822,1333003.8
2026-07-26 10:00:00+00:00,0.0822,0.083,0.0821,0.0829,1496606.7
2026-07-26 11:00:00+00:00,0.0828,0.0834,0.0826,0.0828,1659313.5
2026-07-26 12:00:00+00:00,0.0828,0.0831,0.0827,0.0828,926379.8
2026-07-26 13:00:00+00:00,0.0828,0.0828,0.0822,0.0824,1164332.3
2026-07-26 14:00:00+00:00,0.0823,0.0827,0.0823,0.0824,903949.7
2026-07-26 15:00:00+00:00,0.0824,0.0828,0.0822,0.0827,1215533.4
2026-07-26 16:00:00+00:00,0.0827,0.0831,0.0825,0.0826,1806704.4
2026-07-26 17:00:00+00:00,0.0826,0.0827,0.0824,0.0825,614128.1
2026-07-26 18:00:00+00:00,0.0824,0.0826,0.0823,0.0825,807577.7
2026-07-26 19:00:00+00:00,0.0825,0.0825,0.0821,0.0824,508047.3
2026-07-26 20:00:00+00:00,0.0825,0.0825,0.0822,0.0823,522433.1
2026-07-26 21:00:00+00:00,0.0822,0.0828,0.0822,0.0825,2969043.7
2026-07-26 22:00:00+00:00,0.0825,0.0837,0.0825,0.0834,2174716.6
2026-07-26 23:00:00+00:00,0.0834,0.0837,0.083,0.0833,1370983.1
2026-07-27 00:00:00+00:00,0.0832,0.0833,0.0823,0.0824,2432756.4
2026-07-27 01:00:00+00:00,0.0824,0.0825,0.0816,0.0821,2762780.8
2026-07-27 02:00:00+00:00,0.0821,0.0824,0.0818,0.0823,1311295.2
2026-07-27 03:00:00+00:00,0.0824,0.0826,0.0821,0.0821,1101107.4
2026-07-27 04:00:00+00:00,0.0822,0.0825,0.0818,0.0821,1246503.1
2026-07-27 05:00:00+00:00,0.0821,0.0823,0.0818,0.082,1291265.2
2026-07-27 06:00:00+00:00,0.082,0.0827,0.0819,0.0823,2349180.1
2026-07-27 07:00:00+00:00,0.0822,0.0824,0.0818,0.0822,887318.7
2026-07-27 08:00:00+00:00,0.0822,0.0822,0.0817,0.0818,739453.5
2026-07-27 09:00:00+00:00,0.0818,0.082,0.0812,0.082,2322773.7
2026-07-27 10:00:00+00:00,0.0819,0.0825,0.0818,0.0822,1854014.0
2026-07-27 11:00:00+00:00,0.0821,0.0822,0.0817,0.0817,1809298.1
2026-07-27 12:00:00+00:00,0.0817,0.0821,0.0808,0.0816,1807297.9
2026-07-27 13:00:00+00:00,0.0816,0.0824,0.0809,0.0816,1917526.5
2026-07-27 14:00:00+00:00,0.0817,0.082,0.0794,0.0799,5931658.6
2026-07-27 15:00:00+00:00,0.0798,0.08,0.079,0.0793,4310988.2
2026-07-27 16:00:00+00:00,0.0792,0.0797,0.079,0.0796,1906926.5
2026-07-27 17:00:00+00:00,0.0796,0.0801,0.0796,0.0798,2120437.6
2026-07-27 18:00:00+00:00,0.0798,0.08,0.079,0.0795,2513542.8
2026-07-27 19:00:00+00:00,0.0795,0.0798,0.0793,0.0795,525218.5
2026-07-27 20:00:00+00:00,0.0796,0.0797,0.0792,0.0795,488455.7
2026-07-27 21:00:00+00:00,0.0795,0.0796,0.0789,0.079,1315232.4
2026-07-27 22:00:00+00:00,0.079,0.079,0.0768,0.077,4378798.4
2026-07-27 23:00:00+00:00,0.0769,0.0775,0.0765,0.0771,2309572.0
2026-07-28 00:00:00+00:00,0.0771,0.0778,0.0771,0.0773,1103068.8
2026-07-28 01:00:00+00:00,0.0774,0.0775,0.0768,0.0773,2111345.6
2026-07-28 02:00:00+00:00,0.0772,0.0778,0.0771,0.0777,579410.2
2026-07-28 03:00:00+00:00,0.0778,0.0779,0.0775,0.0777,1182617.5
2026-07-28 04:00:00+00:00,0.0777,0.0778,0.0773,0.0776,705803.3
2026-07-28 05:00:00+00:00,0.0777,0.078,0.0776,0.0777,455931.6
2026-07-28 06:00:00+00:00,0.0777,0.0782,0.0776,0.0781,1367368.3
2026-07-28 07:00:00+00:00,0.0781,0.0782,0.0777,0.078,671462.8
2026-07-28 08:00:00+00:00,0.0779,0.078,0.0775,0.0777,687802.7
2026-07-28 09:00:00+00:00,0.0777,0.0778,0.0774,0.0776,975185.7
2026-07-28 10:00:00+00:00,0.0776,0.0778,0.0775,0.0776,885708.7
2026-07-28 11:00:00+00:00,0.0777,0.078,0.0774,0.0777,1276780.5
2026-07-28 12:00:00+00:00,0.0776,0.0789,0.0776,0.0784,2266308.2
2026-07-28 13:00:00+00:00,0.0784,0.0786,0.0772,0.0778,1654489.5
2026-07-28 14:00:00+00:00,0.0779,0.0787,0.0777,0.0783,1946133.9
2026-07-28 15:00:00+00:00,0.0783,0.0798,0.0783,0.0794,3697259.7
2026-07-28 16:00:00+00:00,0.0794,0.0796,0.0788,0.079,1417374.2
2026-07-28 17:00:00+00:00,0.0789,0.079,0.0784,0.0788,639641.2
2026-07-28 18:00:00+00:00,0.0788,0.0791,0.0782,0.0783,1203424.6
2026-07-28 19:00:00+00:00,0.0784,0.0785,0.078,0.0783,1440356.4
2026-07-28 20:00:00+00:00,0.0783,0.0784,0.078,0.0782,1272108.4
2026-07-28 21:00:00+00:00,0.0783,0.0792,0.0783,0.0791,1319950.6
2026-07-28 22:00:00+00:00,0.079,0.0795,0.0787,0.0787,3221012.1
2026-07-28 23:00:00+00:00,0.0787,0.0793,0.0786,0.079,2531482.7
2026-07-29 00:00:00+00:00,0.0791,0.0795,0.0789,0.079,2224667.1
2026-07-29 01:00:00+00:00,0.079,0.0792,0.0783,0.0784,961987.4
2026-07-29 02:00:00+00:00,0.0784,0.0787,0.0782,0.0784,1032018.1
2026-07-29 03:00:00+00:00,0.0785,0.0785,0.0772,0.0773,1898767.3
2026-07-29 04:00:00+00:00,0.0773,0.0778,0.0768,0.0777,2319971.4
2026-07-29 05:00:00+00:00,0.0776,0.078,0.0776,0.0778,620668.4
2026-07-29 06:00:00+00:00,0.0778,0.0784,0.0777,0.0781,1645769.4
2026-07-29 07:00:00+00:00,0.0782,0.0787,0.0781,0.0787,1083751.8
2026-07-29 08:00:00+00:00,0.0786,0.0788,0.0779,0.0783,1098457.2
2026-07-29 09:00:00+00:00,0.0782,0.0786,0.0782,0.0784,826780.0
2026-07-29 10:00:00+00:00,0.0784,0.0785,0.0778,0.0779,807651.2
2026-07-29 11:00:00+00:00,0.0779,0.0784,0.0779,0.0783,1779342.2
2026-07-29 12:00:00+00:00,0.0783,0.0784,0.0779,0.0781,1272390.2
2026-07-29 13:00:00+00:00,0.0781,0.0784,0.0778,0.0783,1119133.2
2026-07-29 14:00:00+00:00,0.0783,0.0784,0.0777,0.0779,1469831.7
2026-07-29 15:00:00+00:00,0.0778,0.0785,0.0777,0.078,2010163.8
2026-07-29 16:00:00+00:00,0.0779,0.0782,0.0777,0.0777,2520559.0
2026-07-29 17:00:00+00:00,0.0777,0.0788,0.0777,0.0788,1180089.0
2026-07-29 18:00:00+00:00,0.0789,0.0796,0.0781,0.079,4417184.0
2026-07-29 19:00:00+00:00,0.0791,0.0792,0.0777,0.078,2403101.6
2026-07-29 20:00:00+00:00,0.078,0.0782,0.0773,0.0776,2419931.4
2026-07-29 21:00:00+00:00,0.0776,0.0782,0.077,0.0782,2373869.7
2026-07-29 22:00:00+00:00,0.0781,0.0792,0.0781,0.0791,2216663.7
2026-07-29 23:00:00+00:00,0.0791,0.0792,0.0786,0.0791,1495076.5
2026-07-30 00:00:00+00:00,0.0792,0.0794,0.0787,0.0789,1550734.2
2026-07-30 01:00:00+00:00,0.079,0.08,0.079,0.0798,1370036.0
2026-07-30 02:00:00+00:00,0.0798,0.0802,0.0791,0.0792,2192296.5
2026-07-30 03:00:00+00:00,0.0791,0.0794,0.079,0.0792,471320.1
2026-07-30 04:00:00+00:00,0.0792,0.0793,0.0789,0.079,625952.4
2026-07-30 05:00:00+00:00,0.0791,0.0792,0.0789,0.079,765725.3
2026-07-30 06:00:00+00:00,0.079,0.0791,0.0787,0.0788,1247718.6
2026-07-30 07:00:00+00:00,0.0788,0.0792,0.0787,0.0789,872309.5
2026-07-30 08:00:00+00:00,0.0789,0.0794,0.0788,0.0792,811373.8
2026-07-30 09:00:00+00:00,0.0792,0.0794,0.0791,0.0792,1338738.5
2026-07-30 10:00:00+00:00,0.0792,0.0795,0.0781,0.0783,1698083.8
2026-07-30 11:00:00+00:00,0.0783,0.0785,0.078,0.0783,1913451.0
2026-07-30 12:00:00+00:00,0.0783,0.0784,0.0779,0.0781,1623365.8
2026-07-30 13:00:00+00:00,0.078,0.0785,0.0778,0.0784,1375603.2
2026-07-30 14:00:00+00:00,0.0784,0.0787,0.0781,0.0782,2233295.5
2026-07-30 15:00:00+00:00,0.0781,0.0784,0.0779,0.0782,1358476.5
2026-07-30 16:00:00+00:00,0.0782,0.0784,0.0777,0.0781,2123205.5
2026-07-30 17:00:00+00:00,0.078,0.0787,0.0778,0.0784,1551999.2
2026-07-30 18:00:00+00:00,0.0783,0.0784,0.0779,0.0781,661356.7
2026-07-30 19:00:00+00:00,0.078,0.0787,0.078,0.0782,2211585.4
2026-07-30 20:00:00+00:00,0.0782,0.0785,0.0779,0.0781,1269227.2
2026-07-30 21:00:00+00:00,0.0781,0.0783,0.0778,0.0781,1136923.2
2026-07-30 22:00:00+00:00,0.078,0.0783,0.0779,0.0782,1209374.2
2026-07-30 23:00:00+00:00,0.0782,0.0782,0.0774,0.0774,1822432.8
2026-07-31 00:00:00+00:00,0.0775,0.0777,0.0771,0.0775,2377238.0
2026-07-31 01:00:00+00:00,0.0776,0.0782,0.0772,0.0774,2206836.4
2026-07-31 02:00:00+00:00,0.0774,0.0775,0.077,0.0772,1324559.4
2026-07-31 03:00:00+00:00,0.0772,0.0779,0.0771,0.0777,897811.9
2026-07-31 04:00:00+00:00,0.0776,0.0777,0.0774,0.0776,606619.3
2026-07-31 05:00:00+00:00,0.0776,0.0778,0.0772,0.0773,844072.3
2026-07-31 06:00:00+00:00,0.0774,0.0774,0.0767,0.0768,1805253.2
2026-07-31 07:00:00+00:00,0.0768,0.0772,0.0765,0.077,1782120.6
2026-07-31 08:00:00+00:00,0.0771,0.0772,0.0768,0.0769,622543.7
2026-07-31 09:00:00+00:00,0.077,0.077,0.0761,0.0761,2803726.6
2026-07-31 10:00:00+00:00,0.0761,0.0764,0.0759,0.0762,1184753.8
2026-07-31 11:00:00+00:00,0.0762,0.0764,0.076,0.076,1643309.9
2026-07-31 12:00:00+00:00,0.076,0.0765,0.0756,0.0765,2445410.9
2026-07-31 13:00:00+00:00,0.0764,0.0768,0.0761,0.0763,1252552.5
2026-07-31 14:00:00+00:00,0.0764,0.0775,0.0757,0.0773,2825417.1
2026-07-31 15:00:00+00:00,0.0772,0.0775,0.077,0.0771,1673248.7
2026-07-31 16:00:00+00:00,0.0771,0.0774,0.0769,0.0771,1154278.0
2026-07-31 17:00:00+00:00,0.0771,0.0777,0.077,0.0775,2550757.2
2026-07-31 18:00:00+00:00,0.0775,0.0776,0.0772,0.0774,420382.2
2026-07-31 19:00:00+00:00,0.0774,0.0774,0.0769,0.0771,450703.6
2026-07-31 20:00:00+00:00,0.0771,0.0774,0.077,0.0771,661719.6
2026-07-31 21:00:00+00:00,0.0772,0.0774,0.077,0.0772,684645.2
2026-07-31 22:00:00+00:00,0.0772,0.0775,0.0771,0.0772,599957.5
2026-07-31 23:00:00+00:00,0.0773,0.0784,0.0772,0.0783,1515198.7
2026-08-01 00:00:00+00:00,0.0784,0.079,0.0781,0.0784,2728763.4
2026-08-01 01:00:00+00:00,0.0785,0.0788,0.0784,0.0784,1934892.2
2026-08-01 02:00:00+00:00,0.0785,0.0787,0.0784,0.0784,473659.8
2026-08-01 03:00:00+00:00,0.0784,0.0786,0.0781,0.0783,1045731.2
2026-08-01 04:00:00+00:00,0.0783,0.0785,0.0782,0.0784,1218202.9
2026-08-01 05:00:00+00:00,0.0785,0.0785,0.0779,0.0779,1324609.6
2026-08-01 06:00:00+00:00,0.0779,0.0781,0.0777,0.078,647407.8
2026-08-01 07:00:00+00:00,0.078,0.0781,0.0779,0.0779,424996.4
2026-08-01 08:00:00+00:00,0.078,0.0781,0.0778,0.078,1248776.3
2026-08-01 09:00:00+00:00,0.078,0.0783,0.0778,0.0782,1075450.5
2026-08-01 10:00:00+00:00,0.0782,0.0783,0.0779,0.0781,1078299.2
2026-08-01 11:00:00+00:00,0.078,0.0784,0.078,0.0784,369070.5
2026-08-01 12:00:00+00:00,0.0784,0.0788,0.0784,0.0786,732028.0
2026-08-01 13:00:00+00:00,0.0786,0.0789,0.0782,0.0785,1070388.1
2026-08-01 14:00:00+00:00,0.0785,0.0785,0.0779,0.0783,1134167.8
2026-08-01 15:00:00+00:00,0.0784,0.0785,0.0782,0.0783,1096837.0
2026-08-01 16:00:00+00:00,0.0783,0.0786,0.0782,0.0783,595807.8
2026-08-01 17:00:00+00:00,0.0783,0.0785,0.0779,0.0781,1226022.3
2026-08-01 18:00:00+00:00,0.0781,0.0783,0.077,0.0781,3141994.7
2026-08-01 19:00:00+00:00,0.078,0.079,0.078,0.0785,3940487.4
2026-08-01 20:00:00+00:00,0.0785,0.0787,0.0783,0.0785,660218.3
2026-08-01 21:00:00+00:00,0.0786,0.0796,0.0784,0.0795,1675301.2
2026-08-01 22:00:00+00:00,0.0794,0.0798,0.0789,0.079,2342306.9
2026-08-01 23:00:00+00:00,0.0789,0.0791,0.0787,0.0789,1137014.8
2026-08-02 00:00:00+00:00,0.0789,0.0795,0.0789,0.0793,4075048.5
2026-08-02 01:00:00+00:00,0.0793,0.0798,0.0793,0.0796,646165.8
2026-08-02 02:00:00+00:00,0.0796,0.0806,0.0796,0.0805,1703068.9
2026-08-02 03:00:00+00:00,0.0804,0.0808,0.0802,0.0808,1599291.7
2026-08-02 04:00:00+00:00,0.0808,0.0813,0.0807,0.0811,2238715.0
2026-08-02 05:00:00+00:00,0.0811,0.0822,0.0807,0.0818,4470869.9
2026-08-02 06:00:00+00:00,0.0819,0.0823,0.0815,0.0816,2500629.0
2026-08-02 07:00:00+00:00,0.0816,0.082,0.0815,0.0818,932739.4
2026-08-02 08:00:00+00:00,0.0819,0.0822,0.0816,0.0819,1927526.7
2026-08-02 09:00:00+00:00,0.0819,0.0823,0.0817,0.0819,1516452.3
2026-08-02 10:00:00+00:00,0.0819,0.082,0.0816,0.0816,1162463.4
2026-08-02 11:00:00+00:00,0.0816,0.082,0.0815,0.0815,1410332.4
2026-08-02 12:00:00+00:00,0.0815,0.0819,0.0815,0.0818,844257.1
2026-08-02 13:00:00+00:00,0.0818,0.0818,0.0811,0.0812,3168229.6
2026-08-02 14:00:00+00:00,0.0812,0.0815,0.0801,0.0805,10488758.6
2026-08-02 15:00:00+00:00,0.0805,0.0807,0.0802,0.0807,3600868.3
2026-08-02 16:00:00+00:00,0.0807,0.0812,0.0804,0.0806,2551532.9
2026-08-02 17:00:00+00:00,0.0806,0.081,0.0806,0.0809,465508.4
2026-08-02 18:00:00+00:00,0.081,0.0817,0.081,0.0814,2418939.7
2026-08-02 19:00:00+00:00,0.0814,0.0817,0.0813,0.0816,588615.9
2026-08-02 20:00:00+00:00,0.0816,0.0817,0.0812,0.0813,810928.8
2026-08-02 21:00:00+00:00,0.0813,0.0819,0.0812,0.0817,1021187.2
2026-08-02 22:00:00+00:00,0.0818,0.0819,0.0812,0.0814,1326250.2
2026-08-02 23:00:00+00:00,0.0814,0.0818,0.0812,0.0816,1847979.6
2026-08-03 00:00:00+00:00,0.0817,0.0818,0.0811,0.0812,1504767.1
2026-08-03 01:00:00+00:00,0.0812,0.0812,0.0806,0.0808,2444182.0
2026-08-03 02:00:00+00:00,0.0807,0.0808,0.0803,0.0804,586694.9
2026-08-03 03:00:00+00:00,0.0804,0.0808,0.0802,0.0807,1609805.5
2026-08-03 04:00:00+00:00,0.0806,0.0809,0.0805,0.0806,821131.0
2026-08-03 05:00:00+00:00,0.0805,0.081,0.0805,0.081,514907.6
2026-08-03 06:00:00+00:00,0.081,0.081,0.0803,0.0805,935958.2
2026-08-03 07:00:00+00:00,0.0804,0.0807,0.0802,0.0803,2543347.6
2026-08-03 08:00:00+00:00,0.0803,0.0809,0.0799,0.0809,1438186.0
2026-08-03 09:00:00+00:00,0.0809,0.0813,0.0806,0.0811,2231784.5
2026-08-03 10:00:00+00:00,0.0811,0.0813,0.0803,0.0805,712642.3
2026-08-03 11:00:00+00:00,0.0805,0.0809,0.0804,0.0808,1238895.5
2026-08-03 12:00:00+00:00,0.0808,0.0815,0.0807,0.0813,1819248.9
2026-08-03 13:00:00+00:00,0.0813,0.0815,0.0804,0.0815,1958814.0
2026-08-03 14:00:00+00:00,0.0815,0.082,0.0811,0.0814,2903999.0
2026-08-03 15:00:00+00:00,0.0814,0.0815,0.0811,0.0813,1142410.7
2026-08-03 16:00:00+00:00,0.0812,0.0821,0.0812,0.0818,1793381.6
2026-08-03 17:00:00+00:00,0.0818,0.0821,0.0817,0.0819,1222335.1
2026-08-03 18:00:00+00:00,0.0818,0.082,0.0814,0.0816,2333977.0
2026-08-03 19:00:00+00:00,0.0817,0.0824,0.0816,0.0823,945470.5
2026-08-03 20:00:00+00:00,0.0824,0.0829,0.0821,0.0824,1646723.3
2026-08-03 21:00:00+00:00,0.0824,0.083,0.0823,0.0827,715702.0
2026-08-03 22:00:00+00:00,0.0827,0.0827,0.0821,0.0824,716091.4
2026-08-03 23:00:00+00:00,0.0824,0.0828,0.0821,0.0827,527418.3
2026-08-04 00:00:00+00:00,0.0827,0.0832,0.0818,0.082,1119750.8
2026-08-04 01:00:00+00:00,0.082,0.0837,0.082,0.0837,2854831.4
2026-08-04 02:00:00+00:00,0.0836,0.0841,0.0833,0.0839,2073330.7
2026-08-04 03:00:00+00:00,0.0839,0.084,0.0831,0.0831,2499452.5
2026-08-04 04:00:00+00:00,0.0831,0.0836,0.083,0.0833,873340.8
2026-08-04 05:00:00+00:00,0.0833,0.0834,0.083,0.0832,745580.1
2026-08-04 06:00:00+00:00,0.0832,0.0834,0.0826,0.0827,1566198.6
2026-08-04 07:00:00+00:00,0.0828,0.0828,0.0824,0.0827,1052484.8
2026-08-04 08:00:00+00:00,0.0827,0.0828,0.0822,0.0824,681395.4
2026-08-04 09:00:00+00:00,0.0824,0.0826,0.0822,0.0825,682193.9
2026-08-04 10:00:00+00:00,0.0825,0.0825,0.0819,0.0822,915898.3
2026-08-04 11:00:00+00:00,0.0822,0.0824,0.0819,0.0823,901705.6
2026-08-04 12:00:00+00:00,0.0823,0.0823,0.0819,0.0819,618701.1
2026-08-04 13:00:00+00:00,0.082,0.0821,0.0812,0.0815,5440805.6
2026-08-04 14:00:00+00:00,0.0815,0.082,0.081,0.0817,1945265.2
2026-08-04 15:00:00+00:00,0.0817,0.082,0.0813,0.0818,1195264.5
2026-08-04 16:00:00+00:00,0.0817,0.0818,0.0812,0.0813,1521353.6
2026-08-04 17:00:00+00:00,0.0813,0.082,0.0813,0.0815,888401.8
2026-08-04 18:00:00+00:00,0.0814,0.0821,0.0814,0.082,1119733.9
2026-08-04 19:00:00+00:00,0.082,0.0822,0.0819,0.0819,1138299.2
2026-08-04 20:00:00+00:00,0.0819,0.0826,0.0817,0.0825,1927105.5
2026-08-04 21:00:00+00:00,0.0825,0.0826,0.0823,0.0824,520632.8
2026-08-04 22:00:00+00:00,0.0824,0.0825,0.0822,0.0824,637034.0
2026-08-04 23:00:00+00:00,0.0823,0.0824,0.0819,0.0819,713642.1
2026-08-05 00:00:00+00:00,0.0818,0.082,0.0808,0.0809,2277495.3
2026-08-05 01:00:00+00:00,0.0808,0.0813,0.0808,0.0812,350796.2
2026-08-05 02:00:00+00:00,0.0812,0.0816,0.0812,0.0815,779143.9
2026-08-05 03:00:00+00:00,0.0814,0.0814,0.0805,0.0806,1702079.8
2026-08-05 04:00:00+00:00,0.0806,0.0808,0.0804,0.0806,1699439.7
2026-08-05 05:00:00+00:00,0.0805,0.0811,0.0805,0.0809,861969.1
2026-08-05 06:00:00+00:00,0.0808,0.0809,0.0805,0.0806,1048473.7
2026-08-05 07:00:00+00:00,0.0806,0.081,0.0805,0.081,689504.0
2026-08-05 08:00:00+00:00,0.0811,0.0814,0.0808,0.0809,839292.9
2026-08-05 09:00:00+00:00,0.0808,0.0815,0.0808,0.0811,1525068.5
2026-08-05 10:00:00+00:00,0.0811,0.0813,0.081,0.0812,715863.8
2026-08-05 11:00:00+00:00,0.0812,0.0813,0.0809,0.0811,605593.5
2026-08-05 12:00:00+00:00,0.081,0.0817,0.081,0.0811,728569.0
2026-08-05 13:00:00+00:00,0.0812,0.0813,0.0801,0.0808,2239225.4
2026-08-05 14:00:00+00:00,0.0809,0.0812,0.0807,0.0808,2223013.9
2026-08-05 15:00:00+00:00,0.0808,0.0813,0.0806,0.0807,1335054.4
2026-08-05 16:00:00+00:00,0.0806,0.0814,0.0806,0.0812,651138.2
2026-08-05 17:00:00+00:00,0.0813,0.0815,0.081,0.0812,1425164.9
2026-08-05 18:00:00+00:00,0.0813,0.0814,0.081,0.0811,908805.4
2026-08-05 19:00:00+00:00,0.0811,0.0812,0.0806,0.0807,968948.8
2026-08-05 20:00:00+00:00,0.0807,0.081,0.0805,0.0808,607446.0
2026-08-05 21:00:00+00:00,0.0808,0.0808,0.0804,0.0806,567800.5
2026-08-05 22:00:00+00:00,0.0806,0.0808,0.0805,0.0805,634035.0
2026-08-05 23:00:00+00:00,0.0805,0.0807,0.0804,0.0804,950842.2
2026-08-06 00:00:00+00:00,0.0805,0.0808,0.0804,0.0807,1117123.9
2026-08-06 01:00:00+00:00,0.0806,0.0807,0.0796,0.0797,3258997.7
2026-08-06 02:00:00+00:00,0.0798,0.0799,0.0795,0.0799,938314.8
2026-08-06 03:00:00+00:00,0.0798,0.0799,0.0795,0.0796,929712.4
2026-08-06 04:00:00+00:00,0.0796,0.0801,0.0795,0.08,1070047.9
2026-08-06 05:00:00+00:00,0.08,0.0804,0.0799,0.08,878277.2
2026-08-06 06:00:00+00:00,0.0801,0.0801,0.0799,0.08,892718.4
2026-08-06 07:00:00+00:00,0.0799,0.0804,0.0798,0.08,979855.4
2026-08-06 08:00:00+00:00,0.08,0.0802,0.0798,0.0801,879925.9
2026-08-06 09:00:00+00:00,0.0801,0.0801,0.0771,0.0783,11154181.4
2026-08-06 10:00:00+00:00,0.0783,0.0783,0.0774,0.0775,2269910.9
2026-08-06 11:00:00+00:00,0.0775,0.078,0.0772,0.078,1509522.1
2026-08-06 12:00:00+00:00,0.078,0.078,0.0774,0.0776,1499204.4
2026-08-06 13:00:00+00:00,0.0776,0.0783,0.0774,0.0782,1549098.9
2026-08-06 14:00:00+00:00,0.0781,0.0788,0.0781,0.0786,1654126.4
2026-08-06 15:00:00+00:00,0.0786,0.0791,0.0784,0.0787,1506233.6
2026-08-06 16:00:00+00:00,0.0787,0.079,0.0784,0.0788,1307255.5
2026-08-06 17:00:00+00:00,0.0789,0.0791,0.0789,0.0791,1540591.0
2026-08-06 18:00:00+00:00,0.0791,0.0794,0.0788,0.0791,1028807.0
2026-08-06 19:00:00+00:00,0.0792,0.0794,0.0786,0.0788,1019536.7
2026-08-06 20:00:00+00:00,0.0787,0.0791,0.0786,0.0787,542204.1
2026-08-06 21:00:00+00:00,0.0787,0.0791,0.0787,0.079,497027.4
2026-08-06 22:00:00+00:00,0.079,0.0791,0.0782,0.0783,737459.4
2026-08-06 23:00:00+00:00,0.0783,0.0785,0.0782,0.0784,348721.4
2026-08-07 00:00:00+00:00,0.0784,0.0784,0.078,0.0781,533487.3
2026-08-07 01:00:00+00:00,0.0782,0.0784,0.0781,0.0781,660777.1
2026-08-07 02:00:00+00:00,0.0782,0.0783,0.0778,0.0783,885013.2
2026-08-07 03:00:00+00:00,0.0783,0.0785,0.0779,0.078,740744.1
2026-08-07 04:00:00+00:00,0.0779,0.0782,0.0776,0.0777,1594091.7
2026-08-07 05:00:00+00:00,0.0777,0.078,0.0774,0.0779,1431628.4
2026-08-07 06:00:00+00:00,0.0779,0.0782,0.0777,0.078,1582678.2
2026-08-07 07:00:00+00:00,0.078,0.0782,0.0778,0.078,1143955.1
2026-08-07 08:00:00+00:00,0.078,0.0781,0.0776,0.0777,942990.0
2026-08-07 09:00:00+00:00,0.0778,0.0781,0.0775,0.0776,1044946.3
2026-08-07 10:00:00+00:00,0.0776,0.078,0.0776,0.0778,764331.4
2026-08-07 11:00:00+00:00,0.0778,0.0787,0.0777,0.0783,1306561.6
2026-08-07 12:00:00+00:00,0.0782,0.079,0.078,0.078,1872562.8
2026-08-07 13:00:00+00:00,0.0781,0.0782,0.0776,0.078,1572603.1
2026-08-07 14:00:00+00:00,0.078,0.0781,0.0773,0.0774,1392705.6
2026-08-07 15:00:00+00:00,0.0774,0.0784,0.0773,0.0781,1346779.0
2026-08-07 16:00:00+00:00,0.0781,0.0784,0.078,0.078,1414601.5
2026-08-07 17:00:00+00:00,0.0779,0.0785,0.0777,0.0785,977540.3
2026-08-07 18:00:00+00:00,0.0785,0.0787,0.078,0.0781,1651093.4
2026-08-07 19:00:00+00:00,0.0781,0.0792,0.0781,0.0792,1320555.9
2026-08-07 20:00:00+00:00,0.0792,0.0792,0.0786,0.0789,915400.3
2026-08-07 21:00:00+00:00,0.079,0.0793,0.0788,0.0788,467789.9
2026-08-07 22:00:00+00:00,0.0789,0.0794,0.0787,0.0789,671179.2
2026-08-07 23:00:00+00:00,0.0789,0.0792,0.0788,0.0792,502973.0
2026-08-08 00:00:00+00:00,0.0791,0.0791,0.0784,0.0785,813680.9
2026-08-08 01:00:00+00:00,0.0785,0.0786,0.0782,0.0783,592431.8
2026-08-08 02:00:00+00:00,0.0783,0.0784,0.0781,0.0783,697013.6
2026-08-08 03:00:00+00:00,0.0783,0.0789,0.0782,0.0789,586758.0
2026-08-08 04:00:00+00:00,0.0789,0.0791,0.0787,0.0789,742461.8
2026-08-08 05:00:00+00:00,0.0788,0.0791,0.0786,0.0788,993195.8
2026-08-08 06:00:00+00:00,0.0789,0.0792,0.0788,0.0788,962523.6
2026-08-08 07:00:00+00:00,0.0789,0.0789,0.0786,0.0788,539646.8
2026-08-08 08:00:00+00:00,0.0788,0.0789,0.0786,0.0788,465996.2
2026-08-08 09:00:00+00:00,0.0788,0.0791,0.0787,0.0789,332015.1
2026-08-08 10:00:00+00:00,0.0789,0.0797,0.0789,0.0796,1321554.3
2026-08-08 11:00:00+00:00,0.0795,0.0799,0.0794,0.0796,1196063.7
2026-08-08 12:00:00+00:00,0.0796,0.0798,0.0793,0.0798,787281.1
2026-08-08 13:00:00+00:00,0.0797,0.0799,0.0796,0.0796,877032.4
2026-08-08 14:00:00+00:00,0.0796,0.08,0.0794,0.0797,2284494.0
2026-08-08 15:00:00+00:00,0.0797,0.08,0.0796,0.0797,574442.3
2026-08-08 16:00:00+00:00,0.0798,0.08,0.0796,0.0797,1364274.0
2026-08-08 17:00:00+00:00,0.0797,0.0798,0.0793,0.0794,619407.9
2026-08-08 18:00:00+00:00,0.0794,0.0794,0.0791,0.0791,545454.7
2026-08-08 19:00:00+00:00,0.079,0.0791,0.0788,0.0788,603431.0
2026-08-08 20:00:00+00:00,0.0788,0.079,0.0787,0.0789,573763.6
2026-08-08 21:00:00+00:00,0.0788,0.079,0.0787,0.0787,562043.7
2026-08-08 22:00:00+00:00,0.0788,0.0788,0.0784,0.0784,504188.8
2026-08-08 23:00:00+00:00,0.0783,0.0784,0.0779,0.0783,1062532.0
2026-08-09 00:00:00+00:00,0.0782,0.0783,0.078,0.0782,613887.0
2026-08-09 01:00:00+00:00,0.0783,0.0784,0.0779,0.0781,1554448.4
2026-08-09 02:00:00+00:00,0.0781,0.0785,0.0781,0.0781,1049123.2
2026-08-09 03:00:00+00:00,0.0782,0.0784,0.078,0.0781,727123.6
2026-08-09 04:00:00+00:00,0.0781,0.0784,0.078,0.078,504413.6
2026-08-09 05:00:00+00:00,0.0781,0.0782,0.0776,0.0777,1417224.9
2026-08-09 06:00:00+00:00,0.0777,0.0782,0.0776,0.0781,542913.5
2026-08-09 07:00:00+00:00,0.0781,0.0781,0.0776,0.0778,1826749.3
2026-08-09 08:00:00+00:00,0.0778,0.078,0.0769,0.0772,2761299.5
2026-08-09 09:00:00+00:00,0.0772,0.0775,0.0771,0.0774,1907291.3
2026-08-09 10:00:00+00:00,0.0775,0.0777,0.0773,0.0777,721801.3
2026-08-09 11:00:00+00:00,0.0777,0.0777,0.0774,0.0776,624283.1
2026-08-09 12:00:00+00:00,0.0776,0.0777,0.0774,0.0776,1002984.1
2026-08-09 13:00:00+00:00,0.0777,0.078,0.0776,0.0778,1548536.4
2026-08-09 14:00:00+00:00,0.0778,0.0782,0.0776,0.0781,1691517.4
2026-08-09 15:00:00+00:00,0.0781,0.0786,0.0781,0.0786,1901546.3
2026-08-09 16:00:00+00:00,0.0786,0.0788,0.0783,0.0786,1278202.7
2026-08-09 17:00:00+00:00,0.0786,0.0788,0.0784,0.0787,620981.3
2026-08-09 18:00:00+00:00,0.0787,0.0787,0.0784,0.0785,513737.7
2026-08-09 19:00:00+00:00,0.0785,0.0789,0.0783,0.0788,954396.0
2026-08-09 20:00:00+00:00,0.0788,0.0799,0.0788,0.0798,2797968.1
2026-08-09 21:00:00+00:00,0.0798,0.0807,0.0792,0.0805,2663756.2
2026-08-09 22:00:00+00:00,0.0806,0.0807,0.0787,0.0789,2829652.6
2026-08-09 23:00:00+00:00,0.0789,0.079,0.0776,0.0778,2612230.9
2026-08-10 00:00:00+00:00,0.0778,0.0786,0.0775,0.078,1620295.4
2026-08-10 01:00:00+00:00,0.078,0.0789,0.0778,0.0787,1737131.1
2026-08-10 02:00:00+00:00,0.0787,0.0791,0.0782,0.079,1441876.0
2026-08-10 03:00:00+00:00,0.079,0.0791,0.0784,0.0784,990813.5
2026-08-10 04:00:00+00:00,0.0784,0.0788,0.0784,0.0786,781256.5
2026-08-10 05:00:00+00:00,0.0786,0.0798,0.0786,0.0797,1675923.2
2026-08-10 06:00:00+00:00,0.0796,0.0801,0.0794,0.0797,4057647.6
2026-08-10 07:00:00+00:00,0.0798,0.0805,0.0796,0.0803,3227163.5
2026-08-10 08:00:00+00:00,0.0803,0.0805,0.0796,0.08,2127514.8
2026-08-10 09:00:00+00:00,0.0799,0.0803,0.0796,0.0797,1392351.0
2026-08-10 10:00:00+00:00,0.0797,0.0798,0.0794,0.0795,1043274.5
2026-08-10 11:00:00+00:00,0.0796,0.0801,0.0791,0.0799,1382407.6
2026-08-10 12:00:00+00:00,0.0799,0.0804,0.0796,0.0802,1820611.5
2026-08-10 13:00:00+00:00,0.0802,0.081,0.0802,0.0805,3032770.6
2026-08-10 14:00:00+00:00,0.0805,0.0809,0.0799,0.08,1846311.3
2026-08-10 15:00:00+00:00,0.08,0.0804,0.0797,0.0801,1786886.6
2026-08-10 16:00:00+00:00,0.08,0.0805,0.0795,0.0799,2864407.5
2026-08-10 17:00:00+00:00,0.0799,0.0809,0.0797,0.0804,2180977.0
2026-08-10 18:00:00+00:00,0.0804,0.0808,0.0799,0.0801,1508754.9
2026-08-10 19:00:00+00:00,0.08,0.0809,0.08,0.0806,1751572.4
2026-08-10 20:00:00+00:00,0.0806,0.0807,0.0804,0.0805,705002.8
2026-08-10 21:00:00+00:00,0.0805,0.0805,0.0793,0.0795,1923521.4
2026-08-10 22:00:00+00:00,0.0794,0.0799,0.0792,0.0798,1081723.5
2026-08-10 23:00:00+00:00,0.0797,0.0801,0.0797,0.0801,952269.1
2026-08-11 00:00:00+00:00,0.0801,0.0812,0.0798,0.0808,5751662.7
2026-08-11 01:00:00+00:00,0.0809,0.0815,0.0808,0.0812,1351593.5
2026-08-11 02:00:00+00:00,0.0812,0.0814,0.0807,0.0807,1551951.8
2026-08-11 03:00:00+00:00,0.0807,0.081,0.0803,0.0805,1079972.6
2026-08-11 04:00:00+00:00,0.0806,0.0807,0.0801,0.0802,912904.7
2026-08-11 05:00:00+00:00,0.0801,0.0802,0.0797,0.0801,1106269.7
2026-08-11 06:00:00+00:00,0.0801,0.0804,0.0797,0.0797,717722.8
2026-08-11 07:00:00+00:00,0.0798,0.0801,0.0793,0.0799,1141566.2
2026-08-11 08:00:00+00:00,0.08,0.0802,0.0798,0.0801,790385.8
2026-08-11 09:00:00+00:00,0.08,0.0803,0.0796,0.08,1391627.3
2026-08-11 10:00:00+00:00,0.08,0.0801,0.0793,0.0795,1261771.3
2026-08-11 11:00:00+00:00,0.0795,0.0801,0.0795,0.0801,1071353.5
2026-08-11 12:00:00+00:00,0.0801,0.0805,0.0797,0.08,1206972.2
2026-08-11 13:00:00+00:00,0.08,0.0803,0.0797,0.0799,1149400.3
2026-08-11 14:00:00+00:00,0.0799,0.08,0.0778,0.0781,2847814.4
2026-08-11 15:00:00+00:00,0.0781,0.0786,0.0773,0.078,2370143.7
2026-08-11 16:00:00+00:00,0.0778,0.0785,0.0778,0.0782,1688740.0
2026-08-11 17:00:00+00:00,0.0782,0.0785,0.0778,0.0782,2837332.6
2026-08-11 18:00:00+00:00,0.0781,0.0781,0.0775,0.0776,1234086.1
2026-08-11 19:00:00+00:00,0.0775,0.0784,0.0773,0.0783,1941699.8
2026-08-11 20:00:00+00:00,0.0783,0.079,0.0782,0.0786,1406640.1
2026-08-11 21:00:00+00:00,0.0786,0.0788,0.0784,0.0788,664816.7
2026-08-11 22:00:00+00:00,0.0788,0.0794,0.0786,0.0794,2645601.1
2026-08-11 23:00:00+00:00,0.0794,0.0804,0.0792,0.0803,2324008.1
2026-08-12 00:00:00+00:00,0.0802,0.0805,0.0798,0.0803,3132133.8
2026-08-12 01:00:00+00:00,0.0803,0.0809,0.0803,0.0806,1926648.4
2026-08-12 02:00:00+00:00,0.0806,0.0806,0.08,0.0801,1620896.6
2026-08-12 03:00:00+00:00,0.0801,0.0805,0.0801,0.0802,831829.8
2026-08-12 04:00:00+00:00,0.0802,0.0803,0.0795,0.0796,1143546.7
2026-08-12 05:00:00+00:00,0.0795,0.0798,0.0795,0.0795,545051.9
2026-08-12 06:00:00+00:00,0.0795,0.0797,0.0785,0.0787,2630920.5
2026-08-12 07:00:00+00:00,0.0787,0.0789,0.0785,0.0787,557253.2
2026-08-12 08:00:00+00:00,0.0787,0.0787,0.0781,0.0782,1865318.1
2026-08-12 09:00:00+00:00,0.0781,0.0789,0.078,0.0788,993983.3
2026-08-12 10:00:00+00:00,0.0788,0.0791,0.0787,0.079,1484818.7
2026-08-12 11:00:00+00:00,0.0789,0.0791,0.0786,0.079,954160.9
2026-08-12 12:00:00+00:00,0.079,0.0795,0.0787,0.079,3886046.9
2026-08-12 13:00:00+00:00,0.0791,0.0791,0.0786,0.0788,1353033.0
2026-08-12 14:00:00+00:00,0.0787,0.0788,0.078,0.0783,3636068.9
2026-08-12 15:00:00+00:00,0.0782,0.0788,0.0782,0.0787,1236563.9
2026-08-12 16:00:00+00:00,0.0786,0.079,0.0781,0.0785,1389314.4
2026-08-12 17:00:00+00:00,0.0785,0.0789,0.0784,0.0784,1643391.9
2026-08-12 18:00:00+00:00,0.0784,0.0785,0.0781,0.0782,961236.9
2026-08-12 19:00:00+00:00,0.0782,0.0784,0.0766,0.0772,4524635.5
2026-08-12 20:00:00+00:00,0.0772,0.0773,0.0757,0.0765,5985146.1
2026-08-12 21:00:00+00:00,0.0765,0.0767,0.0746,0.075,3793897.1
2026-08-12 22:00:00+00:00,0.0749,0.0752,0.0742,0.0744,3978055.1
2026-08-12 23:00:00+00:00,0.0744,0.0744,0.0736,0.0741,4510010.0
2026-08-13 00:00:00+00:00,0.0741,0.0747,0.074,0.0741,3496748.4
2026-08-13 01:00:00+00:00,0.0741,0.0746,0.0737,0.0746,3746425.7
2026-08-13 02:00:00+00:00,0.0746,0.0749,0.074,0.0747,1831101.6
2026-08-13 03:00:00+00:00,0.0747,0.0762,0.0747,0.0756,3331976.3
2026-08-13 04:00:00+00:00,0.0756,0.0762,0.0755,0.0761,2125942.2
2026-08-13 05:00:00+00:00,0.0761,0.0764,0.076,0.0761,1553957.7
2026-08-13 06:00:00+00:00,0.0762,0.0765,0.0761,0.0765,740296.2
2026-08-13 07:00:00+00:00,0.0765,0.0767,0.0754,0.0754,1884661.1
2026-08-13 08:00:00+00:00,0.0755,0.0756,0.0747,0.0749,2461082.2
2026-08-13 09:00:00+00:00,0.0749,0.075,0.0747,0.0749,2262697.4
2026-08-13 10:00:00+00:00,0.075,0.075,0.0744,0.0748,1474188.1
2026-08-13 11:00:00+00:00,0.0748,0.075,0.0744,0.0746,2236327.8
2026-08-13 12:00:00+00:00,0.0746,0.075,0.0746,0.0749,1159870.6
2026-08-13 13:00:00+00:00,0.075,0.0756,0.0746,0.0755,2129012.2
2026-08-13 14:00:00+00:00,0.0756,0.0758,0.0752,0.0757,2867783.4
2026-08-13 15:00:00+00:00,0.0757,0.0758,0.0748,0.0748,1867866.7
2026-08-13 16:00:00+00:00,0.0748,0.0754,0.0742,0.0746,3759761.3
2026-08-13 17:00:00+00:00,0.0745,0.075,0.0745,0.0748,993530.5
2026-08-13 18:00:00+00:00,0.0748,0.0752,0.0747,0.0751,1496020.8
2026-08-13 19:00:00+00:00,0.0751,0.0754,0.0749,0.0752,843622.0
2026-08-13 20:00:00+00:00,0.0752,0.0753,0.0749,0.0751,554111.2
2026-08-13 21:00:00+00:00,0.075,0.0754,0.075,0.0752,404534.4
2026-08-13 22:00:00+00:00,0.0752,0.076,0.0752,0.0758,2354837.6
2026-08-13 23:00:00+00:00,0.0757,0.0758,0.0751,0.0753,841756.1
2026-08-14 00:00:00+00:00,0.0753,0.0756,0.0751,0.0755,1069288.8
2026-08-14 01:00:00+00:00,0.0754,0.0755,0.075,0.0752,1308423.6
2026-08-14 02:00:00+00:00,0.0752,0.0753,0.075,0.0751,533903.5
2026-08-14 03:00:00+00:00,0.0751,0.0753,0.0748,0.0749,963263.9
2026-08-14 04:00:00+00:00,0.0749,0.0755,0.0749,0.0749,714291.3
2026-08-14 05:00:00+00:00,0.075,0.0756,0.0748,0.0756,786522.8
2026-08-14 06:00:00+00:00,0.0757,0.0758,0.0753,0.0755,1261948.4
2026-08-14 07:00:00+00:00,0.0755,0.0755,0.075,0.0753,603502.7
2026-08-14 08:00:00+00:00,0.0753,0.0758,0.075,0.0758,3124406.0
2026-08-14 09:00:00+00:00,0.0758,0.0759,0.0742,0.0743,2542256.3
2026-08-14 10:00:00+00:00,0.0742,0.0747,0.0742,0.0744,2118838.4
2026-08-14 11:00:00+00:00,0.0744,0.0746,0.0742,0.0743,1422422.2
2026-08-14 12:00:00+00:00,0.0744,0.0747,0.0743,0.0745,1515206.2
2026-08-14 13:00:00+00:00,0.0745,0.075,0.0742,0.0747,1923080.0
2026-08-14 14:00:00+00:00,0.0748,0.0749,0.0742,0.0743,1320806.5
2026-08-14 15:00:00+00:00,0.0743,0.075,0.0741,0.0748,1089142.6
2026-08-14 16:00:00+00:00,0.0748,0.0751,0.0746,0.0748,2062403.6
2026-08-14 17:00:00+00:00,0.0748,0.0752,0.0747,0.0751,1096961.9
2026-08-14 18:00:00+00:00,0.075,0.0751,0.0745,0.0745,905097.0
2026-08-14 19:00:00+00:00,0.0745,0.0749,0.0743,0.0747,518620.1
2026-08-14 20:00:00+00:00,0.0747,0.0747,0.0744,0.0744,552656.1
2026-08-14 21:00:00+00:00,0.0744,0.0744,0.0734,0.0736,3096217.1
2026-08-14 22:00:00+00:00,0.0735,0.0737,0.0729,0.0735,2386407.7
2026-08-14 23:00:00+00:00,0.0735,0.0746,0.0734,0.0745,1131985.4
2026-08-15 00:00:00+00:00,0.0746,0.0749,0.0745,0.0748,1095963.6
2026-08-15 01:00:00+00:00,0.0748,0.075,0.0745,0.0746,1108366.8
2026-08-15 02:00:00+00:00,0.0746,0.0755,0.0746,0.0753,948437.0
2026-08-15 03:00:00+00:00,0.0753,0.0755,0.075,0.0753,1094317.2
2026-08-15 04:00:00+00:00,0.0753,0.0755,0.0752,0.0754,850299.3
2026-08-15 05:00:00+00:00,0.0753,0.0754,0.075,0.0752,777259.5
2026-08-15 06:00:00+00:00,0.0752,0.0754,0.0751,0.0753,773012.7
2026-08-15 07:00:00+00:00,0.0752,0.0753,0.0743,0.0743,1961505.3
2026-08-15 08:00:00+00:00,0.0743,0.0745,0.0741,0.0741,1487899.9
2026-08-15 09:00:00+00:00,0.0742,0.0744,0.074,0.0743,1720068.1
2026-08-15 10:00:00+00:00,0.0743,0.0746,0.0742,0.0744,858846.6
2026-08-15 11:00:00+00:00,0.0745,0.0745,0.074,0.0743,439089.8
2026-08-15 12:00:00+00:00,0.0743,0.0744,0.0739,0.0741,1762206.3
2026-08-15 13:00:00+00:00,0.0741,0.0745,0.0739,0.074,930687.6
2026-08-15 14:00:00+00:00,0.0741,0.0742,0.0739,0.074,285104.0
2026-08-15 15:00:00+00:00,0.074,0.0743,0.0738,0.0741,618379.9
2026-08-15 16:00:00+00:00,0.0741,0.0744,0.074,0.0742,779606.9
2026-08-15 17:00:00+00:00,0.0741,0.0742,0.0739,0.074,661539.2
2026-08-15 18:00:00+00:00,0.0741,0.0741,0.0739,0.074,665142.4
2026-08-15 19:00:00+00:00,0.0739,0.074,0.0738,0.074,999121.6
2026-08-15 20:00:00+00:00,0.0739,0.0739,0.0735,0.0737,818325.2
2026-08-15 21:00:00+00:00,0.0736,0.0738,0.0735,0.0736,478180.3
2026-08-15 22:00:00+00:00,0.0736,0.0738,0.0733,0.0734,545201.4
2026-08-15 23:00:00+00:00,0.0734,0.0735,0.0727,0.0728,1976749.0
2026-08-16 00:00:00+00:00,0.0727,0.0731,0.0725,0.0729,1514103.5
2026-08-16 01:00:00+00:00,0.0728,0.0728,0.0722,0.0724,2185492.3
2026-08-16 02:00:00+00:00,0.0724,0.073,0.0723,0.0729,1079765.2
2026-08-16 03:00:00+00:00,0.0729,0.0732,0.0728,0.0729,1808306.4
2026-08-16 04:00:00+00:00,0.0728,0.0731,0.0727,0.0729,413421.6
2026-08-16 05:00:00+00:00,0.0729,0.0731,0.0727,0.0728,880486.2
2026-08-16 06:00:00+00:00,0.0727,0.0732,0.0726,0.0731,1843012.7
2026-08-16 07:00:00+00:00,0.0732,0.0736,0.073,0.0736,861547.8
2026-08-16 08:00:00+00:00,0.0736,0.074,0.0735,0.0739,1177271.1
2026-08-16 09:00:00+00:00,0.0739,0.074,0.0738,0.0738,940971.3
2026-08-16 10:00:00+00:00,0.0738,0.074,0.0734,0.0734,1352254.4
2026-08-16 11:00:00+00:00,0.0733,0.074,0.0733,0.0738,1111041.3
2026-08-16 12:00:00+00:00,0.0738,0.0742,0.0735,0.0741,807810.2
2026-08-16 13:00:00+00:00,0.0742,0.0744,0.074,0.0742,1062226.1
2026-08-16 14:00:00+00:00,0.0742,0.0744,0.074,0.0744,1168461.1
2026-08-16 15:00:00+00:00,0.0744,0.0751,0.0742,0.0749,1619902.1
2026-08-16 16:00:00+00:00,0.075,0.0751,0.0746,0.075,1668432.2
2026-08-16 17:00:00+00:00,0.075,0.075,0.0743,0.0745,1809280.2
2026-08-16 18:00:00+00:00,0.0744,0.0745,0.0742,0.0743,619661.5
2026-08-16 19:00:00+00:00,0.0742,0.0746,0.0742,0.0744,567994.3
2026-08-16 20:00:00+00:00,0.0743,0.0744,0.0738,0.0739,388878.8
2026-08-16 21:00:00+00:00,0.0739,0.074,0.0727,0.0731,1971659.7
2026-08-16 22:00:00+00:00,0.073,0.0735,0.0727,0.0735,1101972.3
2026-08-16 23:00:00+00:00,0.0735,0.0738,0.0734,0.0736,624280.2
2026-08-17 00:00:00+00:00,0.0736,0.0739,0.0734,0.0738,1441039.8
2026-08-17 01:00:00+00:00,0.0739,0.0748,0.0739,0.0744,1768730.8
2026-08-17 02:00:00+00:00,0.0744,0.0748,0.074,0.0747,1834346.6
2026-08-17 03:00:00+00:00,0.0747,0.0749,0.0744,0.0746,490304.7
2026-08-17 04:00:00+00:00,0.0747,0.0752,0.0747,0.0751,971413.2
2026-08-17 05:00:00+00:00,0.0751,0.0754,0.075,0.0753,1068617.4
2026-08-17 06:00:00+00:00,0.0754,0.0757,0.0752,0.0754,1350384.7
2026-08-17 07:00:00+00:00,0.0754,0.0757,0.075,0.0753,1354504.5
2026-08-17 08:00:00+00:00,0.0754,0.0754,0.0744,0.0746,894585.7
2026-08-17 09:00:00+00:00,0.0746,0.0748,0.0745,0.0746,576803.8
2026-08-17 10:00:00+00:00,0.0746,0.0749,0.0744,0.0748,837386.3
2026-08-17 11:00:00+00:00,0.0748,0.0751,0.0747,0.0748,446624.1
2026-08-17 12:00:00+00:00,0.0748,0.0751,0.0747,0.075,790258.9
2026-08-17 13:00:00+00:00,0.0749,0.0753,0.0747,0.075,1748811.6
2026-08-17 14:00:00+00:00,0.075,0.0752,0.0747,0.0751,807485.5
2026-08-17 15:00:00+00:00,0.0751,0.0755,0.0749,0.0754,900192.4
2026-08-17 16:00:00+00:00,0.0754,0.0754,0.0747,0.0747,1621312.4
2026-08-17 17:00:00+00:00,0.0747,0.0757,0.0747,0.0756,2555482.4
2026-08-17 18:00:00+00:00,0.0756,0.0759,0.0756,0.0758,940107.0
2026-08-17 19:00:00+00:00,0.0757,0.0758,0.0754,0.0756,957644.8
2026-08-17 20:00:00+00:00,0.0755,0.0757,0.0752,0.0752,680929.7
2026-08-17 21:00:00+00:00,0.0753,0.0753,0.0751,0.0751,660985.3
2026-08-17 22:00:00+00:00,0.0752,0.0753,0.0749,0.0749,344294.2
2026-08-17 23:00:00+00:00,0.0749,0.0754,0.0748,0.0751,596090.6
2026-08-18 00:00:00+00:00,0.0751,0.0754,0.075,0.0752,1070910.1
2026-08-18 01:00:00+00:00,0.0752,0.0752,0.0747,0.0748,626663.0
2026-08-18 02:00:00+00:00,0.0746,0.0749,0.0736,0.0738,1803178.5
2026-08-18 03:00:00+00:00,0.0738,0.0741,0.0737,0.074,660724.6
2026-08-18 04:00:00+00:00,0.0741,0.0745,0.0739,0.0744,766419.5
2026-08-18 05:00:00+00:00,0.0744,0.0747,0.0742,0.0744,873635.3
2026-08-18 06:00:00+00:00,0.0744,0.0752,0.0743,0.0748,1707486.5
2026-08-18 07:00:00+00:00,0.0749,0.0751,0.0746,0.075,442840.0
2026-08-18 08:00:00+00:00,0.0749,0.076,0.0746,0.0759,2338873.3
2026-08-18 09:00:00+00:00,0.0759,0.076,0.0751,0.0755,3483944.6
2026-08-18 10:00:00+00:00,0.0755,0.0756,0.0752,0.0753,989891.6
2026-08-18 11:00:00+00:00,0.0753,0.0755,0.0752,0.0754,830564.6
2026-08-18 12:00:00+00:00,0.0754,0.0755,0.0752,0.0753,625642.7
2026-08-18 13:00:00+00:00,0.0753,0.0755,0.0751,0.0753,1053080.7
2026-08-18 14:00:00+00:00,0.0752,0.0759,0.0749,0.0751,1693218.3
2026-08-18 15:00:00+00:00,0.0753,0.0757,0.0752,0.0756,838768.6
2026-08-18 16:00:00+00:00,0.0756,0.0757,0.0748,0.0749,952106.4
2026-08-18 17:00:00+00:00,0.0749,0.0754,0.0749,0.0753,1131385.2
2026-08-18 18:00:00+00:00,0.0752,0.0757,0.0752,0.0755,561146.2
2026-08-18 19:00:00+00:00,0.0755,0.0757,0.075,0.0751,1039141.7
2026-08-18 20:00:00+00:00,0.0751,0.0752,0.0749,0.0751,543627.8
2026-08-18 21:00:00+00:00,0.075,0.0753,0.0749,0.0751,345896.0
2026-08-18 22:00:00+00:00,0.0751,0.0754,0.075,0.0751,408937.7
2026-08-18 23:00:00+00:00,0.0751,0.0756,0.0751,0.0753,286406.0
2026-08-19 00:00:00+00:00,0.0753,0.0754,0.075,0.0752,1033461.7
2026-08-19 01:00:00+00:00,0.0752,0.0757,0.0751,0.0756,942931.0
2026-08-19 02:00:00+00:00,0.0756,0.0758,0.0754,0.0756,551024.7
2026-08-19 03:00:00+00:00,0.0755,0.0759,0.0754,0.0758,279391.3
2026-08-19 04:00:00+00:00,0.0758,0.076,0.0754,0.0757,2012183.4
2026-08-19 05:00:00+00:00,0.0758,0.0765,0.0756,0.0756,1622099.2
2026-08-19 06:00:00+00:00,0.0755,0.0763,0.0754,0.0763,2105108.9
2026-08-19 07:00:00+00:00,0.0764,0.0772,0.0761,0.0767,5110407.1
2026-08-19 08:00:00+00:00,0.0768,0.0777,0.0766,0.0773,3851669.8
2026-08-19 09:00:00+00:00,0.0773,0.0776,0.0768,0.077,2626834.6
2026-08-19 10:00:00+00:00,0.077,0.0774,0.0769,0.0772,1079785.4
2026-08-19 11:00:00+00:00,0.0772,0.0773,0.0768,0.077,1255889.6
2026-08-19 12:00:00+00:00,0.077,0.0776,0.0769,0.0774,1235777.5
2026-08-19 13:00:00+00:00,0.0774,0.0778,0.077,0.0773,2338911.1
2026-08-19 14:00:00+00:00,0.0772,0.0785,0.0772,0.0781,2927724.7
2026-08-19 15:00:00+00:00,0.0782,0.0807,0.078,0.0797,10881851.6
2026-08-19 16:00:00+00:00,0.0798,0.0812,0.0798,0.0809,5757122.6
2026-08-19 17:00:00+00:00,0.0809,0.0809,0.0797,0.0803,4204524.5
2026-08-19 18:00:00+00:00,0.0804,0.0806,0.0801,0.0804,1033587.1
2026-08-19 19:00:00+00:00,0.0804,0.0836,0.0804,0.0834,23396161.3
2026-08-19 20:00:00+00:00,0.0835,0.0852,0.083,0.0847,14729844.9
2026-08-19 21:00:00+00:00,0.0847,0.0893,0.0843,0.0891,23504242.0
2026-08-19 22:00:00+00:00,0.0891,0.0903,0.0882,0.0895,12859861.4
2026-08-19 23:00:00+00:00,0.0895,0.0906,0.0892,0.0895,8912762.3
2026-08-20 00:00:00+00:00,0.0895,0.09,0.0875,0.0886,18622356.7
2026-08-20 01:00:00+00:00,0.0887,0.0891,0.0871,0.0881,7504431.7
2026-08-20 02:00:00+00:00,0.0881,0.0886,0.0875,0.0881,4499952.4
2026-08-20 03:00:00+00:00,0.0881,0.0881,0.0869,0.0874,2497141.6
2026-08-20 04:00:00+00:00,0.0874,0.088,0.0872,0.0878,2452473.5
2026-08-20 05:00:00+00:00,0.0878,0.0878,0.087,0.0874,2368801.0
2026-08-20 06:00:00+00:00,0.0873,0.0893,0.0869,0.089,4545851.3
2026-08-20 07:00:00+00:00,0.0889,0.0896,0.0883,0.0891,5568016.6
2026-08-20 08:00:00+00:00,0.089,0.0907,0.0888,0.0898,6164084.4
2026-08-20 09:00:00+00:00,0.0898,0.0901,0.0888,0.0892,5290526.7
2026-08-20 10:00:00+00:00,0.0892,0.0893,0.0878,0.0886,21681573.1
2026-08-20 11:00:00+00:00,0.0887,0.09,0.0885,0.0886,13071711.5
2026-08-20 12:00:00+00:00,0.0886,0.0887,0.0874,0.088,4053712.3
2026-08-20 13:00:00+00:00,0.0881,0.0883,0.0874,0.088,3150854.9
2026-08-20 14:00:00+00:00,0.088,0.0882,0.0875,0.0881,1743464.8
2026-08-20 15:00:00+00:00,0.0881,0.0897,0.0881,0.0896,5017340.6
2026-08-20 16:00:00+00:00,0.0895,0.0905,0.0888,0.0904,4174148.7
2026-08-20 17:00:00+00:00,0.0904,0.0912,0.0897,0.09,4634868.9
2026-08-20 18:00:00+00:00,0.09,0.0901,0.0882,0.0888,4220565.5
2026-08-20 19:00:00+00:00,0.0888,0.0894,0.0886,0.0891,2170277.4
2026-08-20 20:00:00+00:00,0.0891,0.0899,0.089,0.0897,2945958.8
2026-08-20 21:00:00+00:00,0.0897,0.0905,0.0897,0.09,1844108.9
2026-08-20 22:00:00+00:00,0.09,0.0909,0.0897,0.0904,2213980.0
2026-08-20 23:00:00+00:00,0.0904,0.0913,0.0904,0.0909,2154772.4
2026-08-21 00:00:00+00:00,0.0909,0.0919,0.0905,0.0907,3324252.3
2026-08-21 01:00:00+00:00,0.0907,0.0925,0.0905,0.0914,4488163.8
2026-08-21 02:00:00+00:00,0.0915,0.0918,0.0907,0.0915,3437439.9
2026-08-21 03:00:00+00:00,0.0915,0.0915,0.0906,0.0908,3266658.0
2026-08-21 04:00:00+00:00,0.0908,0.0914,0.0908,0.0912,3389277.3
2026-08-21 05:00:00+00:00,0.0912,0.0925,0.0906,0.092,4374769.7
2026-08-21 06:00:00+00:00,0.092,0.093,0.0915,0.0919,4717742.6
2026-08-21 07:00:00+00:00,0.092,0.0941,0.0919,0.0938,3968661.7
2026-08-21 08:00:00+00:00,0.0938,0.0976,0.0932,0.0974,6788372.6
2026-08-21 09:00:00+00:00,0.0972,0.0976,0.0943,0.096,8246471.6
2026-08-21 10:00:00+00:00,0.096,0.0962,0.0944,0.0959,4672886.4
2026-08-21 11:00:00+00:00,0.0958,0.0962,0.0943,0.0957,5199076.3
2026-08-21 12:00:00+00:00,0.0958,0.0975,0.0952,0.0967,3919500.2
2026-08-21 13:00:00+00:00,0.0966,0.0973,0.0952,0.0969,7747481.3
2026-08-21 14:00:00+00:00,0.0969,0.098,0.0959,0.0976,4498342.2
2026-08-21 15:00:00+00:00,0.0975,0.0988,0.0972,0.0976,6591459.3
2026-08-21 16:00:00+00:00,0.0977,0.0988,0.0964,0.098,4002825.0
2026-08-21 17:00:00+00:00,0.0981,0.0984,0.0967,0.0983,5080640.0
2026-08-21 18:00:00+00:00,0.0983,0.0989,0.0962,0.097,3814520.4
2026-08-21 19:00:00+00:00,0.0969,0.097,0.0942,0.0952,8293724.7
2026-08-21 20:00:00+00:00,0.0953,0.0973,0.0949,0.0973,3411883.6
2026-08-21 21:00:00+00:00,0.0974,0.0999,0.0969,0.0998,4937150.4
2026-08-21 22:00:00+00:00,0.0998,0.1004,0.0984,0.0993,5297631.7
2026-08-21 23:00:00+00:00,0.0993,0.0996,0.0979,0.0982,3068128.9
2026-08-22 00:00:00+00:00,0.0982,0.0987,0.0972,0.0987,3913860.9
2026-08-22 01:00:00+00:00,0.0987,0.1006,0.0985,0.0999,5367228.4
2026-08-22 02:00:00+00:00,0.1,0.1022,0.0996,0.1022,4118647.5
2026-08-22 03:00:00+00:00,0.1021,0.1053,0.1018,0.1044,11084617.8
2026-08-22 04:00:00+00:00,0.1045,0.1096,0.1045,0.1084,14811630.7
2026-08-22 05:00:00+00:00,0.1083,0.1086,0.092,0.1003,56269234.0
2026-08-22 06:00:00+00:00,0.1003,0.1003,0.0977,0.1,10572955.9
2026-08-22 07:00:00+00:00,0.0999,0.1013,0.0994,0.0999,6675732.4
2026-08-22 08:00:00+00:00,0.0999,0.1003,0.0978,0.0995,7852831.3
2026-08-22 09:00:00+00:00,0.0996,0.1002,0.098,0.0991,8146485.3
2026-08-22 10:00:00+00:00,0.0991,0.0991,0.0959,0.0976,8027493.9
2026-08-22 11:00:00+00:00,0.0976,0.0983,0.097,0.0982,3226899.3
2026-08-22 12:00:00+00:00,0.0981,0.0993,0.098,0.0987,2393564.3
2026-08-22 13:00:00+00:00,0.0987,0.0993,0.098,0.0991,2854078.7
2026-08-22 14:00:00+00:00,0.0991,0.0992,0.0972,0.0977,2054833.0
2026-08-22 15:00:00+00:00,0.0976,0.0981,0.0968,0.0979,2243640.3
2026-08-22 16:00:00+00:00,0.098,0.0997,0.0975,0.0993,1640763.6
2026-08-22 17:00:00+00:00,0.0993,0.1011,0.0988,0.1007,2694601.7
2026-08-22 18:00:00+00:00,0.1008,0.1009,0.0991,0.0998,4795127.4
2026-08-22 19:00:00+00:00,0.0998,0.1002,0.0992,0.0999,1671864.7
2026-08-22 20:00:00+00:00,0.1,0.1005,0.0989,0.0992,1413856.1
2026-08-22 21:00:00+00:00,0.0992,0.0992,0.0967,0.097,4898053.1
2026-08-22 22:00:00+00:00,0.097,0.0997,0.0965,0.0995,3484584.4
2026-08-22 23:00:00+00:00,0.0996,0.0998,0.0986,0.099,1763933.1
2026-08-23 00:00:00+00:00,0.099,0.1005,0.0989,0.1001,1929018.3
2026-08-23 01:00:00+00:00,0.1001,0.1001,0.0982,0.0987,6208258.2
2026-08-23 02:00:00+00:00,0.0986,0.0986,0.0968,0.097,4048691.3
2026-08-23 03:00:00+00:00,0.097,0.0971,0.0954,0.0959,3650164.0
2026-08-23 04:00:00+00:00,0.0959,0.0965,0.0947,0.0951,5223990.5
2026-08-23 05:00:00+00:00,0.095,0.0967,0.0942,0.0956,3972641.5
2026-08-23 06:00:00+00:00,0.0955,0.0964,0.095,0.0961,2974004.7
2026-08-23 07:00:00+00:00,0.0962,0.0969,0.096,0.0964,2714941.2
2026-08-23 08:00:00+00:00,0.0964,0.0983,0.0964,0.0982,1216068.3
2026-08-23 09:00:00+00:00,0.0982,0.0989,0.098,0.0985,2211073.3
2026-08-23 10:00:00+00:00,0.0985,0.0999,0.0985,0.0995,2394185.0
2026-08-23 11:00:00+00:00,0.0995,0.1006,0.0993,0.1001,3653423.3
2026-08-23 12:00:00+00:00,0.1001,0.101,0.0993,0.1006,3593953.6
2026-08-23 13:00:00+00:00,0.1006,0.1038,0.1006,0.1033,6398707.4
2026-08-23 14:00:00+00:00,0.1033,0.1036,0.0996,0.1016,7459791.4
2026-08-23 15:00:00+00:00,0.1017,0.1034,0.1009,0.1021,5643694.2
2026-08-23 16:00:00+00:00,0.1021,0.1028,0.1014,0.1024,2739747.6
2026-08-23 17:00:00+00:00,0.1024,0.1028,0.1013,0.1016,2351658.9
2026-08-23 18:00:00+00:00,0.1015,0.1022,0.1014,0.1022,1348474.4
2026-08-23 19:00:00+00:00,0.1022,0.1023,0.1013,0.1015,1818852.9
2026-08-23 20:00:00+00:00,0.1015,0.1024,0.1009,0.1022,1529578.8
2026-08-23 21:00:00+00:00,0.1022,0.1035,0.1022,0.1026,2197718.6
2026-08-23 22:00:00+00:00,0.1026,0.1029,0.1018,0.1018,1572790.1
2026-08-23 23:00:00+00:00,0.1019,0.1021,0.101,0.1013,2790106.7
2026-08-24 00:00:00+00:00,0.1013,0.1014,0.0997,0.1009,3055843.1
2026-08-24 01:00:00+00:00,0.1009,0.101,0.0985,0.0986,2325506.6
2026-08-24 02:00:00+00:00,0.0986,0.1006,0.0982,0.1001,3042322.8
2026-08-24 03:00:00+00:00,0.1,0.1001,0.0989,0.0994,2348492.4
2026-08-24 04:00:00+00:00,0.0995,0.101,0.0995,0.0998,2300736.7
2026-08-24 05:00:00+00:00,0.0998,0.1009,0.0993,0.1,2781227.4
2026-08-24 06:00:00+00:00,0.0999,0.1002,0.099,0.0995,1363289.8
2026-08-24 07:00:00+00:00,0.0995,0.1002,0.099,0.0993,1735535.9
2026-08-24 08:00:00+00:00,0.0993,0.0994,0.098,0.0988,3385727.9
2026-08-24 09:00:00+00:00,0.0987,0.0995,0.0986,0.0988,1914570.8
2026-08-24 10:00:00+00:00,0.0988,0.0996,0.098,0.0982,2449368.6
2026-08-24 11:00:00+00:00,0.0982,0.0999,0.0974,0.0994,5423440.3
2026-08-24 12:00:00+00:00,0.0994,0.0998,0.0982,0.0996,3833734.0
2026-08-24 13:00:00+00:00,0.0995,0.1002,0.0971,0.098,5384996.4
2026-08-24 14:00:00+00:00,0.0981,0.1001,0.098,0.0996,3006349.2
2026-08-24 15:00:00+00:00,0.0995,0.1008,0.0988,0.0992,6689350.0
2026-08-24 16:00:00+00:00,0.0993,0.1002,0.0988,0.099,2617707.7
2026-08-24 17:00:00+00:00,0.0991,0.0991,0.097,0.0979,5609905.3
2026-08-24 18:00:00+00:00,0.098,0.0986,0.0977,0.0979,1115111.1
2026-08-24 19:00:00+00:00,0.0979,0.0982,0.0969,0.0971,2434524.1
2026-08-24 20:00:00+00:00,0.0971,0.0975,0.0964,0.0974,2558700.4
2026-08-24 21:00:00+00:00,0.0975,0.0978,0.0973,0.0974,1063442.8
2026-08-24 22:00:00+00:00,0.0973,0.0975,0.0959,0.096,1281415.8
2026-08-24 23:00:00+00:00,0.0961,0.097,0.0956,0.097,1298646.3
2026-08-25 00:00:00+00:00,0.0969,0.0985,0.0963,0.0982,4645294.4
2026-08-25 01:00:00+00:00,0.0982,0.0987,0.0978,0.0983,2135210.3
2026-08-25 02:00:00+00:00,0.0983,0.1001,0.0978,0.0987,3773467.4
2026-08-25 03:00:00+00:00,0.0986,0.0993,0.0976,0.0979,2232808.8
2026-08-25 04:00:00+00:00,0.0979,0.0986,0.0975,0.0984,2562998.5
2026-08-25 05:00:00+00:00,0.0983,0.0991,0.0983,0.0987,1382386.4
2026-08-25 06:00:00+00:00,0.0987,0.099,0.0969,0.0972,2629789.4
2026-08-25 07:00:00+00:00,0.0972,0.0979,0.0955,0.0963,3353936.1
2026-08-25 08:00:00+00:00,0.0963,0.0973,0.096,0.0963,5770118.4
2026-08-25 09:00:00+00:00,0.0963,0.0966,0.0951,0.0956,3589203.5
2026-08-25 10:00:00+00:00,0.0956,0.0959,0.0952,0.0958,1732828.1
2026-08-25 11:00:00+00:00,0.0958,0.0958,0.0948,0.0948,2105305.8
2026-08-25 12:00:00+00:00,0.0948,0.0956,0.0944,0.0954,2932259.8
2026-08-25 13:00:00+00:00,0.0953,0.0955,0.0934,0.0945,3774749.1
2026-08-25 14:00:00+00:00,0.0945,0.0957,0.0942,0.0952,3094303.9
2026-08-25 15:00:00+00:00,0.0952,0.0952,0.0945,0.0952,1811802.7
2026-08-25 16:00:00+00:00,0.0951,0.0953,0.0945,0.0948,1025774.6
2026-08-25 17:00:00+00:00,0.0948,0.0951,0.0942,0.0949,1417887.0
2026-08-25 18:00:00+00:00,0.0949,0.0954,0.0947,0.0951,1046808.5
2026-08-25 19:00:00+00:00,0.0951,0.0953,0.0939,0.0941,911563.8
2026-08-25 20:00:00+00:00,0.0941,0.0941,0.0923,0.0923,5675874.4
2026-08-25 21:00:00+00:00,0.0923,0.0927,0.091,0.0926,3565253.5
2026-08-25 22:00:00+00:00,0.0926,0.0934,0.0926,0.0933,821753.7
2026-08-25 23:00:00+00:00,0.0933,0.0935,0.0919,0.0921,2028728.0
2026-08-26 00:00:00+00:00,0.0922,0.0929,0.0919,0.0927,1209329.5
2026-08-26 01:00:00+00:00,0.0926,0.0934,0.0926,0.0933,3203774.3
2026-08-26 02:00:00+00:00,0.0933,0.0942,0.0932,0.0938,1269454.3
2026-08-26 03:00:00+00:00,0.0938,0.094,0.0933,0.0934,1448291.5
2026-08-26 04:00:00+00:00,0.0934,0.0937,0.0928,0.0928,1469850.0
2026-08-26 05:00:00+00:00,0.0928,0.0935,0.0922,0.0933,1649196.2
2026-08-26 06:00:00+00:00,0.0933,0.0937,0.0931,0.0935,933539.2
2026-08-26 07:00:00+00:00,0.0936,0.0938,0.0931,0.0931,1758237.5
2026-08-26 08:00:00+00:00,0.0931,0.0935,0.0926,0.0927,805038.7
2026-08-26 09:00:00+00:00,0.0928,0.0929,0.0915,0.092,1389054.1
2026-08-26 10:00:00+00:00,0.092,0.0933,0.0918,0.093,920364.1
2026-08-26 11:00:00+00:00,0.093,0.0932,0.0918,0.092,1623550.4
2026-08-26 12:00:00+00:00,0.092,0.093,0.0916,0.092,2531769.7
2026-08-26 13:00:00+00:00,0.092,0.0922,0.0906,0.0912,3915705.1
2026-08-26 14:00:00+00:00,0.0911,0.0915,0.0886,0.0888,6303280.1
2026-08-26 15:00:00+00:00,0.0888,0.0892,0.0881,0.0889,4738450.7
2026-08-26 16:00:00+00:00,0.0889,0.0894,0.0886,0.089,1489570.3
2026-08-26 17:00:00+00:00,0.0891,0.0904,0.0891,0.0895,1920795.7
2026-08-26 18:00:00+00:00,0.0895,0.0896,0.089,0.0896,1485132.1
2026-08-26 19:00:00+00:00,0.0895,0.0898,0.0891,0.0892,908577.9
2026-08-26 20:00:00+00:00,0.0892,0.0895,0.0886,0.0895,1059167.0
2026-08-26 21:00:00+00:00,0.0896,0.0904,0.0893,0.0903,1498160.7
2026-08-26 22:00:00+00:00,0.0902,0.0911,0.0902,0.0907,2269450.8
2026-08-26 23:00:00+00:00,0.0906,0.0939,0.0905,0.0928,6374848.6
2026-08-27 00:00:00+00:00,0.0928,0.0929,0.0914,0.0915,1365451.1
2026-08-27 01:00:00+00:00,0.0915,0.092,0.091,0.0915,1707480.7
2026-08-27 02:00:00+00:00,0.0915,0.0917,0.0906,0.0906,329296.3
2026-08-27 03:00:00+00:00,0.0906,0.0912,0.0903,0.0909,794900.3
2026-08-27 04:00:00+00:00,0.091,0.0912,0.0899,0.0902,867880.1
2026-08-27 05:00:00+00:00,0.0901,0.0909,0.0899,0.0909,1299584.9
2026-08-27 06:00:00+00:00,0.0908,0.0915,0.0902,0.0913,864951.1
2026-08-27 07:00:00+00:00,0.0913,0.0914,0.0907,0.0912,1435124.9
2026-08-27 08:00:00+00:00,0.0912,0.093,0.0911,0.0928,3461402.8
2026-08-27 09:00:00+00:00,0.0927,0.0934,0.092,0.0921,3018074.2
2026-08-27 10:00:00+00:00,0.0922,0.0925,0.0903,0.0907,3209983.2
2026-08-27 11:00:00+00:00,0.0907,0.0911,0.0897,0.0902,2205189.3
2026-08-27 12:00:00+00:00,0.0903,0.0907,0.0901,0.0904,1641925.5
2026-08-27 13:00:00+00:00,0.0905,0.0912,0.0899,0.0911,3983973.4
2026-08-27 14:00:00+00:00,0.091,0.0923,0.0904,0.0915,1814747.1
2026-08-27 15:00:00+00:00,0.0915,0.0924,0.0913,0.0915,3076483.5
2026-08-27 16:00:00+00:00,0.0916,0.0928,0.091,0.0922,2228047.2
2026-08-27 17:00:00+00:00,0.0921,0.0925,0.0915,0.0917,862519.3
2026-08-27 18:00:00+00:00,0.0916,0.0918,0.0903,0.0913,2227545.9
2026-08-27 19:00:00+00:00,0.0914,0.0914,0.0908,0.0911,990852.3
2026-08-27 20:00:00+00:00,0.0911,0.0919,0.0908,0.0913,782552.2
2026-08-27 21:00:00+00:00,0.0914,0.0917,0.091,0.0913,2408827.9
2026-08-27 22:00:00+00:00,0.0913,0.0927,0.0913,0.0927,1445740.9
2026-08-27 23:00:00+00:00,0.0927,0.0928,0.0917,0.0919,1762086.9
2026-08-28 00:00:00+00:00,0.092,0.093,0.0918,0.0922,1818889.9
2026-08-28 01:00:00+00:00,0.0922,0.0944,0.0919,0.0921,2246332.9
2026-08-28 02:00:00+00:00,0.0921,0.0921,0.09,0.0903,2291955.7
2026-08-28 03:00:00+00:00,0.0902,0.0905,0.0895,0.09,1477564.3
2026-08-28 04:00:00+00:00,0.0901,0.0904,0.0893,0.0899,1094638.5
2026-08-28 05:00:00+00:00,0.0899,0.0903,0.0895,0.09,703598.6
2026-08-28 06:00:00+00:00,0.0901,0.0908,0.0901,0.0905,794606.8
2026-08-28 07:00:00+00:00,0.0905,0.0906,0.09,0.0901,1093387.0
2026-08-28 08:00:00+00:00,0.0902,0.0906,0.0895,0.0897,1253997.8
2026-08-28 09:00:00+00:00,0.0897,0.0901,0.0892,0.0894,1589513.2
2026-08-28 10:00:00+00:00,0.0894,0.0902,0.0887,0.0902,1570291.1
2026-08-28 11:00:00+00:00,0.0902,0.0905,0.0899,0.0901,1094360.7
2026-08-28 12:00:00+00:00,0.0901,0.0902,0.0895,0.0897,788399.7
2026-08-28 13:00:00+00:00,0.0897,0.0901,0.0893,0.0898,1717571.0
2026-08-28 14:00:00+00:00,0.0898,0.0912,0.0878,0.0908,6450554.2
2026-08-28 15:00:00+00:00,0.0908,0.0911,0.0881,0.0884,3493395.9
2026-08-28 16:00:00+00:00,0.0884,0.0886,0.0863,0.0883,6482903.5
2026-08-28 17:00:00+00:00,0.0882,0.0888,0.088,0.0884,1643329.3
2026-08-28 18:00:00+00:00,0.0883,0.0884,0.0868,0.0874,2137653.6
2026-08-28 19:00:00+00:00,0.0874,0.0879,0.0872,0.0875,609037.3
2026-08-28 20:00:00+00:00,0.0874,0.0878,0.0873,0.0875,1122405.1
2026-08-28 21:00:00+00:00,0.0875,0.0877,0.0868,0.087,814822.6
2026-08-28 22:00:00+00:00,0.0869,0.0878,0.0869,0.0877,1223082.6
2026-08-28 23:00:00+00:00,0.0877,0.0879,0.0875,0.0878,976301.1
2026-08-29 00:00:00+00:00,0.0878,0.0889,0.0878,0.0886,1031206.6
2026-08-29 01:00:00+00:00,0.0886,0.0886,0.088,0.0881,1069577.6
2026-08-29 02:00:00+00:00,0.0882,0.0883,0.0874,0.0877,1075733.4
2026-08-29 03:00:00+00:00,0.0877,0.0877,0.0873,0.0874,395829.9
2026-08-29 04:00:00+00:00,0.0874,0.0877,0.0873,0.0874,536776.1
2026-08-29 05:00:00+00:00,0.0874,0.0883,0.0873,0.0883,973660.1
2026-08-29 06:00:00+00:00,0.0882,0.0882,0.0877,0.0879,626315.6
2026-08-29 07:00:00+00:00,0.0878,0.0881,0.0875,0.0877,881115.8
2026-08-29 08:00:00+00:00,0.0876,0.0876,0.0869,0.0871,1150911.4
2026-08-29 09:00:00+00:00,0.087,0.0873,0.0869,0.0872,738434.6
2026-08-29 10:00:00+00:00,0.0871,0.0874,0.087,0.0871,901407.7
2026-08-29 11:00:00+00:00,0.0871,0.0874,0.0869,0.0869,395017.6
2026-08-29 12:00:00+00:00,0.087,0.0874,0.0869,0.0871,298539.6
2026-08-29 13:00:00+00:00,0.0871,0.0874,0.0869,0.0874,602649.3
2026-08-29 14:00:00+00:00,0.0874,0.0885,0.0873,0.0882,1168794.1
2026-08-29 15:00:00+00:00,0.0882,0.0882,0.0876,0.0878,1042400.7
2026-08-29 16:00:00+00:00,0.0877,0.0883,0.0876,0.088,2130488.0
2026-08-29 17:00:00+00:00,0.088,0.0882,0.0877,0.0879,791934.4
2026-08-29 18:00:00+00:00,0.088,0.0882,0.0877,0.0878,342298.5
2026-08-29 19:00:00+00:00,0.0878,0.0881,0.0877,0.0878,352323.9
2026-08-29 20:00:00+00:00,0.0878,0.0884,0.0878,0.0884,705212.0
2026-08-29 21:00:00+00:00,0.0884,0.0884,0.0878,0.0879,550464.9
2026-08-29 22:00:00+00:00,0.0879,0.0879,0.0876,0.0878,163337.5
2026-08-29 23:00:00+00:00,0.0879,0.0879,0.0874,0.0877,726746.2
2026-08-30 00:00:00+00:00,0.0877,0.0879,0.0873,0.0873,407590.8
2026-08-30 01:00:00+00:00,0.0873,0.0874,0.0867,0.0867,862111.8
2026-08-30 02:00:00+00:00,0.0867,0.0872,0.0866,0.087,645581.0
2026-08-30 03:00:00+00:00,0.087,0.087,0.0864,0.0865,848343.0
2026-08-30 04:00:00+00:00,0.0865,0.0867,0.0857,0.0863,1449469.4
2026-08-30 05:00:00+00:00,0.0863,0.0868,0.0862,0.0866,1399420.4
2026-08-30 06:00:00+00:00,0.0867,0.0872,0.0863,0.087,1032093.8
2026-08-30 07:00:00+00:00,0.0869,0.0869,0.0862,0.0865,835450.9
2026-08-30 08:00:00+00:00,0.0864,0.0866,0.0863,0.0863,1194769.3
2026-08-30 09:00:00+00:00,0.0864,0.0866,0.0863,0.0866,896649.6
2026-08-30 10:00:00+00:00,0.0866,0.0879,0.0865,0.0877,2800006.7
2026-08-30 11:00:00+00:00,0.0878,0.088,0.0875,0.0879,945648.8
2026-08-30 12:00:00+00:00,0.0879,0.0886,0.0878,0.0886,1697606.0
2026-08-30 13:00:00+00:00,0.0886,0.0895,0.0884,0.0893,2296055.4
2026-08-30 14:00:00+00:00,0.0892,0.09,0.0891,0.0893,2613835.6
2026-08-30 15:00:00+00:00,0.0893,0.0894,0.0882,0.0885,3423229.4
2026-08-30 16:00:00+00:00,0.0885,0.09,0.0883,0.0897,4252745.6
2026-08-30 17:00:00+00:00,0.0897,0.0899,0.0888,0.0894,2895596.5
2026-08-30 18:00:00+00:00,0.0895,0.091,0.0891,0.0902,5286665.2
2026-08-30 19:00:00+00:00,0.0902,0.0902,0.0892,0.0894,2087476.4
2026-08-30 20:00:00+00:00,0.0895,0.09,0.0883,0.0891,2415390.0
2026-08-30 21:00:00+00:00,0.0891,0.0894,0.0884,0.0894,3230291.6
2026-08-30 22:00:00+00:00,0.0895,0.09,0.0881,0.0886,1750781.2
2026-08-30 23:00:00+00:00,0.0885,0.0887,0.0831,0.0843,16662321.1
2026-08-31 00:00:00+00:00,0.0842,0.0857,0.0839,0.0852,2166813.9
2026-08-31 01:00:00+00:00,0.0852,0.0854,0.0841,0.0842,1640350.0
2026-08-31 02:00:00+00:00,0.0843,0.0853,0.0839,0.0843,1655562.0
2026-08-31 03:00:00+00:00,0.0843,0.0856,0.0842,0.0855,594976.6
2026-08-31 04:00:00+00:00,0.0855,0.0855,0.0846,0.085,979117.6
2026-08-31 05:00:00+00:00,0.085,0.0866,0.0849,0.0861,1461529.0
2026-08-31 06:00:00+00:00,0.0861,0.0865,0.086,0.0863,1412883.5
2026-08-31 07:00:00+00:00,0.0862,0.0871,0.0862,0.0863,1290100.5
2026-08-31 08:00:00+00:00,0.0863,0.0866,0.0857,0.0863,1429623.1
2026-08-31 09:00:00+00:00,0.0863,0.087,0.0862,0.0865,1584191.1
2026-08-31 10:00:00+00:00,0.0866,0.0866,0.086,0.0863,2113131.9
2026-08-31 11:00:00+00:00,0.0863,0.0866,0.0859,0.086,1320135.0
2026-08-31 12:00:00+00:00,0.086,0.0868,0.0854,0.0857,1660715.4
2026-08-31 13:00:00+00:00,0.0857,0.086,0.0849,0.0852,2018894.2
2026-08-31 14:00:00+00:00,0.0853,0.0874,0.0852,0.0872,3283320.4
2026-08-31 15:00:00+00:00,0.0872,0.0878,0.0865,0.0875,3100633.1
2026-08-31 16:00:00+00:00,0.0875,0.0881,0.0869,0.0877,2777475.2
2026-08-31 17:00:00+00:00,0.0877,0.0945,0.0876,0.0941,24649022.6
2026-08-31 18:00:00+00:00,0.0942,0.0966,0.0931,0.0946,22715764.5
2026-08-31 19:00:00+00:00,0.0946,0.0971,0.0942,0.0964,10634682.3
2026-08-31 20:00:00+00:00,0.0964,0.1007,0.0964,0.1003,28204386.9
2026-08-31 21:00:00+00:00,0.1003,0.1077,0.099,0.1065,23355381.2
2026-08-31 22:00:00+00:00,0.1064,0.1087,0.1052,0.1071,41960232.9
2026-08-31 23:00:00+00:00,0.1072,0.1099,0.1063,0.1094,32699689.5
2026-09-01 00:00:00+00:00,0.1094,0.1177,0.1072,0.1171,58352439.7
2026-09-01 01:00:00+00:00,0.117,0.1202,0.1133,0.1144,51022023.8
2026-09-01 02:00:00+00:00,0.1144,0.1144,0.1098,0.1125,44556153.2
2026-09-01 03:00:00+00:00,0.1124,0.1153,0.1108,0.1115,24386097.2
2026-09-01 04:00:00+00:00,0.1115,0.1123,0.1082,0.111,21204111.1
2026-09-01 05:00:00+00:00,0.111,0.1125,0.1106,0.1118,11196633.9
2026-09-01 06:00:00+00:00,0.1118,0.1123,0.1093,0.1114,13657524.4
2026-09-01 07:00:00+00:00,0.1114,0.1146,0.1105,0.1129,23437914.0
2026-09-01 08:00:00+00:00,0.1129,0.1131,0.1052,0.1068,40656222.0
2026-09-01 09:00:00+00:00,0.1069,0.1107,0.1063,0.1099,18384965.7
2026-09-01 10:00:00+00:00,0.1099,0.1136,0.1089,0.1125,13260565.1
2026-09-01 11:00:00+00:00,0.1125,0.1163,0.1119,0.1133,34194625.8
2026-09-01 12:00:00+00:00,0.1133,0.1134,0.1085,0.1094,18092226.1
2026-09-01 13:00:00+00:00,0.1094,0.1118,0.1084,0.1097,16875926.1
2026-09-01 14:00:00+00:00,0.1097,0.1131,0.1086,0.1098,31033498.1
2026-09-01 15:00:00+00:00,0.1098,0.1107,0.1071,0.1097,14603827.5
2026-09-01 16:00:00+00:00,0.1097,0.1105,0.1071,0.1088,11369908.8
2026-09-01 17:00:00+00:00,0.1088,0.1089,0.1068,0.1073,8496184.9
2026-09-01 18:00:00+00:00,0.1073,0.1082,0.1045,0.1064,12263295.7
2026-09-01 19:00:00+00:00,0.1065,0.1091,0.1055,0.1082,8130769.8
2026-09-01 20:00:00+00:00,0.1082,0.1083,0.1063,0.1072,4096159.0
2026-09-01 21:00:00+00:00,0.1071,0.1086,0.1057,0.1085,5019175.3
2026-09-01 22:00:00+00:00,0.1084,0.1094,0.1074,0.1084,3941912.4
2026-09-01 23:00:00+00:00,0.1085,0.1106,0.1085,0.1104,4662113.6
2026-09-02 00:00:00+00:00,0.1104,0.1105,0.1076,0.108,4819554.2
2026-09-02 01:00:00+00:00,0.108,0.1107,0.1078,0.1104,6756306.8
2026-09-02 02:00:00+00:00,0.1105,0.1128,0.1093,0.1115,9667492.8
2026-09-02 03:00:00+00:00,0.1115,0.1133,0.1111,0.113,7204905.6
2026-09-02 04:00:00+00:00,0.113,0.1149,0.1119,0.1122,10690142.9
2026-09-02 05:00:00+00:00,0.1122,0.1135,0.1113,0.1134,5539917.9
2026-09-02 06:00:00+00:00,0.1135,0.115,0.1128,0.1141,5841441.4
2026-09-02 07:00:00+00:00,0.1142,0.1158,0.1137,0.1146,6618475.6
2026-09-02 08:00:00+00:00,0.1147,0.1196,0.1144,0.1163,19430435.0
2026-09-02 09:00:00+00:00,0.1164,0.1183,0.1141,0.1149,12669306.4
2026-09-02 10:00:00+00:00,0.1149,0.1149,0.1095,0.1109,27875049.3
2026-09-02 11:00:00+00:00,0.1109,0.1112,0.1059,0.1076,20606835.4
2026-09-02 12:00:00+00:00,0.1076,0.1091,0.1072,0.1087,5588228.0
2026-09-02 13:00:00+00:00,0.1087,0.1125,0.1087,0.1109,8984844.1
2026-09-02 14:00:00+00:00,0.1109,0.1178,0.1105,0.1159,20630525.0
2026-09-02 15:00:00+00:00,0.116,0.12,0.1146,0.1166,17700449.1
2026-09-02 16:00:00+00:00,0.1166,0.1256,0.1154,0.1221,49419572.0
2026-09-02 17:00:00+00:00,0.122,0.1249,0.1201,0.1223,23569243.8
2026-09-02 18:00:00+00:00,0.1223,0.1267,0.122,0.1241,16303749.8
2026-09-02 19:00:00+00:00,0.1241,0.1255,0.1233,0.1241,8948181.5
2026-09-02 20:00:00+00:00,0.124,0.1255,0.1218,0.1229,9445087.6
2026-09-02 21:00:00+00:00,0.1229,0.1232,0.1212,0.1221,6268087.7
2026-09-02 22:00:00+00:00,0.1221,0.1245,0.1217,0.1234,7861654.7
2026-09-02 23:00:00+00:00,0.1234,0.1278,0.1224,0.1241,18019190.1
2026-09-03 00:00:00+00:00,0.1241,0.1249,0.1228,0.1231,5683855.2
2026-09-03 01:00:00+00:00,0.123,0.1259,0.1224,0.1246,6464941.7
2026-09-03 02:00:00+00:00,0.1246,0.1327,0.1239,0.132,19315822.5
2026-09-03 03:00:00+00:00,0.1321,0.1321,0.1269,0.1273,10160465.6
2026-09-03 04:00:00+00:00,0.1273,0.1308,0.1264,0.1308,12053883.4
2026-09-03 05:00:00+00:00,0.1307,0.1318,0.1282,0.1315,8316189.8
2026-09-03 06:00:00+00:00,0.1316,0.1361,0.1309,0.1351,18770172.0
2026-09-03 07:00:00+00:00,0.135,0.1379,0.1332,0.1374,15554453.0
2026-09-03 08:00:00+00:00,0.1373,0.1394,0.1348,0.1359,19200226.3
2026-09-03 09:00:00+00:00,0.1358,0.1413,0.1355,0.1382,18152897.7
2026-09-03 10:00:00+00:00,0.1382,0.1399,0.1341,0.1355,20422123.1
2026-09-03 11:00:00+00:00,0.1354,0.138,0.1334,0.1359,13507669.5
2026-09-03 12:00:00+00:00,0.1359,0.1376,0.1346,0.135,12591526.3
2026-09-03 13:00:00+00:00,0.135,0.1366,0.1324,0.1327,11827629.1
2026-09-03 14:00:00+00:00,0.1326,0.1373,0.1316,0.1338,24949969.4
2026-09-03 15:00:00+00:00,0.1339,0.1343,0.1303,0.1322,19153964.0
2026-09-03 16:00:00+00:00,0.1321,0.1323,0.1298,0.131,11768885.7
2026-09-03 17:00:00+00:00,0.1311,0.1333,0.1307,0.1328,8077358.5
2026-09-03 18:00:00+00:00,0.1329,0.145,0.1324,0.1447,44835676.5
2026-09-03 19:00:00+00:00,0.1447,0.1448,0.137,0.1386,24406773.1
2026-09-03 20:00:00+00:00,0.1386,0.1419,0.1368,0.1405,14355298.3
2026-09-03 21:00:00+00:00,0.1405,0.144,0.1387,0.1388,14250135.8
2026-09-03 22:00:00+00:00,0.1388,0.1413,0.1368,0.1387,10774670.6
2026-09-03 23:00:00+00:00,0.1387,0.1416,0.1384,0.141,7254926.2
2026-09-04 00:00:00+00:00,0.141,0.1463,0.1407,0.1454,19479347.5
2026-09-04 01:00:00+00:00,0.1454,0.1468,0.1344,0.1368,40272543.3
2026-09-04 02:00:00+00:00,0.1369,0.1379,0.1356,0.1375,31007022.4
2026-09-04 03:00:00+00:00,0.1376,0.1385,0.1361,0.1368,6539085.0
2026-09-04 04:00:00+00:00,0.1369,0.1375,0.1338,0.1353,7306216.1
2026-09-04 05:00:00+00:00,0.1353,0.1362,0.1346,0.136,4935737.8
2026-09-04 06:00:00+00:00,0.136,0.1371,0.1342,0.1363,6547008.0
2026-09-04 07:00:00+00:00,0.1363,0.1384,0.1359,0.1383,6192884.4
2026-09-04 08:00:00+00:00,0.1383,0.1386,0.1368,0.137,5626156.5
2026-09-04 09:00:00+00:00,0.137,0.1421,0.1369,0.1404,12519140.9
2026-09-04 10:00:00+00:00,0.1404,0.1407,0.1348,0.1365,16072182.7
2026-09-04 11:00:00+00:00,0.1365,0.1369,0.1335,0.1343,5234731.9
2026-09-04 12:00:00+00:00,0.1343,0.1343,0.1282,0.1289,41277932.8
2026-09-04 13:00:00+00:00,0.1289,0.1368,0.1284,0.1353,21608322.0
2026-09-04 14:00:00+00:00,0.1354,0.1358,0.1309,0.132,12647142.0
2026-09-04 15:00:00+00:00,0.132,0.1359,0.132,0.1346,6017238.5
2026-09-04 16:00:00+00:00,0.1346,0.1363,0.1337,0.1339,4120407.6
2026-09-04 17:00:00+00:00,0.134,0.1346,0.1312,0.132,3826693.8
2026-09-04 18:00:00+00:00,0.132,0.1322,0.131,0.1314,3652919.1
2026-09-04 19:00:00+00:00,0.1314,0.1331,0.1314,0.1317,4150730.9
2026-09-04 20:00:00+00:00,0.1317,0.132,0.1307,0.1316,3792586.1
2026-09-04 21:00:00+00:00,0.1316,0.1328,0.1308,0.131,2513190.2
2026-09-04 22:00:00+00:00,0.131,0.1316,0.1291,0.1297,5024835.5
2026-09-04 23:00:00+00:00,0.1296,0.1322,0.1295,0.1319,2405445.6
2026-09-05 00:00:00+00:00,0.1318,0.134,0.1307,0.1312,5158369.9
2026-09-05 01:00:00+00:00,0.1312,0.1326,0.1311,0.1319,3542928.8
2026-09-05 02:00:00+00:00,0.132,0.1326,0.1303,0.1321,4381157.5
2026-09-05 03:00:00+00:00,0.1321,0.1336,0.131,0.1315,3658450.2
2026-09-05 04:00:00+00:00,0.1315,0.1318,0.1302,0.1304,1930963.1
2026-09-05 05:00:00+00:00,0.1304,0.1311,0.1296,0.1307,3583657.9
2026-09-05 06:00:00+00:00,0.1307,0.1343,0.1289,0.1337,10925257.8
2026-09-05 07:00:00+00:00,0.1338,0.138,0.1327,0.1335,15603155.2
2026-09-05 08:00:00+00:00,0.1334,0.134,0.1317,0.132,6670048.2
2026-09-05 09:00:00+00:00,0.132,0.1371,0.1312,0.1358,11846424.8
2026-09-05 10:00:00+00:00,0.1358,0.1364,0.1334,0.1338,5729703.2
2026-09-05 11:00:00+00:00,0.1337,0.1345,0.1314,0.1321,3877488.1
2026-09-05 12:00:00+00:00,0.1322,0.1347,0.132,0.1345,2446871.2
2026-09-05 13:00:00+00:00,0.1345,0.1357,0.1327,0.1332,4731737.9
2026-09-05 14:00:00+00:00,0.1332,0.1358,0.1331,0.1345,3463476.7
2026-09-05 15:00:00+00:00,0.1345,0.1349,0.1319,0.1326,4178548.6
2026-09-05 16:00:00+00:00,0.1326,0.1365,0.1324,0.1355,7479174.5
2026-09-05 17:00:00+00:00,0.1356,0.14,0.1343,0.1392,32215972.7
2026-09-05 18:00:00+00:00,0.1393,0.1438,0.1389,0.1433,12200249.1
2026-09-05 19:00:00+00:00,0.1434,0.15,0.142,0.1494,19037320.4
2026-09-05 20:00:00+00:00,0.1495,0.1667,0.149,0.1616,63889822.1
2026-09-05 21:00:00+00:00,0.1616,0.1743,0.1603,0.1722,38556958.1
2026-09-05 22:00:00+00:00,0.1723,0.1831,0.1703,0.179,42460343.9
2026-09-05 23:00:00+00:00,0.1791,0.1804,0.175,0.1772,22876941.8
2026-09-06 00:00:00+00:00,0.1772,0.196,0.1772,0.1933,64164506.6
2026-09-06 01:00:00+00:00,0.1933,0.1987,0.1878,0.193,73038970.8
2026-09-06 02:00:00+00:00,0.1931,0.1971,0.1875,0.1889,37517361.9
2026-09-06 03:00:00+00:00,0.1888,0.1982,0.1848,0.1981,25741186.6
2026-09-06 04:00:00+00:00,0.1981,0.2051,0.1886,0.1939,44505406.3
2026-09-06 05:00:00+00:00,0.1939,0.1966,0.1894,0.1939,17674178.7
2026-09-06 06:00:00+00:00,0.1939,0.195,0.1882,0.1945,21305662.1
2026-09-06 07:00:00+00:00,0.1943,0.2042,0.1919,0.2017,25691324.9
2026-09-06 08:00:00+00:00,0.2017,0.2066,0.192,0.1958,28993520.4
2026-09-06 09:00:00+00:00,0.1958,0.1985,0.1918,0.1936,18735652.9
2026-09-06 10:00:00+00:00,0.1936,0.1977,0.1912,0.1954,13335241.8
2026-09-06 11:00:00+00:00,0.1953,0.1962,0.1916,0.1938,9808069.5
2026-09-06 12:00:00+00:00,0.1938,0.1964,0.1882,0.1898,14364788.7
2026-09-06 13:00:00+00:00,0.1898,0.1947,0.1878,0.1933,11428402.4
2026-09-06 14:00:00+00:00,0.1933,0.1933,0.1836,0.1863,20391752.4
2026-09-06 15:00:00+00:00,0.1864,0.1894,0.1807,0.1874,22672388.3
2026-09-06 16:00:00+00:00,0.1874,0.1924,0.1853,0.1885,11372341.6
2026-09-06 17:00:00+00:00,0.1884,0.1887,0.1819,0.1829,11553568.3
2026-09-06 18:00:00+00:00,0.183,0.1866,0.1823,0.1853,8065631.9
2026-09-06 19:00:00+00:00,0.1854,0.1855,0.1807,0.1835,8065021.7
2026-09-06 20:00:00+00:00,0.1835,0.1869,0.1822,0.1849,11564058.0
2026-09-06 21:00:00+00:00,0.185,0.1921,0.1846,0.1899,9518228.1
2026-09-06 22:00:00+00:00,0.19,0.1915,0.1874,0.1895,7656972.4
2026-09-06 23:00:00+00:00,0.1894,0.1908,0.1882,0.1893,5736645.5
2026-09-07 00:00:00+00:00,0.1893,0.1917,0.1878,0.1897,9383989.8
2026-09-07 01:00:00+00:00,0.1897,0.1919,0.1873,0.1897,8103644.1
2026-09-07 02:00:00+00:00,0.1897,0.1899,0.1844,0.185,11146385.7
2026-09-07 03:00:00+00:00,0.1851,0.1861,0.1749,0.1753,32021159.3
2026-09-07 04:00:00+00:00,0.1753,0.1789,0.1732,0.175,45979484.5
2026-09-07 05:00:00+00:00,0.1749,0.1751,0.1708,0.1713,51037708.0
2026-09-07 06:00:00+00:00,0.1714,0.1738,0.17,0.1716,8117331.3
2026-09-07 07:00:00+00:00,0.1717,0.1736,0.1672,0.1677,16799320.8
2026-09-07 08:00:00+00:00,0.1677,0.1696,0.1601,0.1652,33592275.5
2026-09-07 09:00:00+00:00,0.1652,0.1673,0.1636,0.1651,15640267.1
2026-09-07 10:00:00+00:00,0.1651,0.1684,0.1644,0.1664,11553415.3
2026-09-07 11:00:00+00:00,0.1664,0.1674,0.1644,0.1654,7052588.8
2026-09-07 12:00:00+00:00,0.1654,0.1658,0.1604,0.1642,15095946.2
2026-09-07 13:00:00+00:00,0.1641,0.1693,0.164,0.168,16555594.6
2026-09-07 14:00:00+00:00,0.1679,0.1718,0.1647,0.1714,16352975.8
2026-09-07 15:00:00+00:00,0.1713,0.1713,0.1611,0.1623,16103694.9
2026-09-07 16:00:00+00:00,0.1624,0.1658,0.1606,0.1653,9193921.6
2026-09-07 17:00:00+00:00,0.1652,0.1667,0.1641,0.1661,6596327.7
2026-09-07 18:00:00+00:00,0.1661,0.1673,0.1649,0.1663,4968969.3
2026-09-07 19:00:00+00:00,0.1663,0.1711,0.1661,0.1705,9767038.2
2026-09-07 20:00:00+00:00,0.1706,0.1707,0.1666,0.169,5689406.5
2026-09-07 21:00:00+00:00,0.169,0.1713,0.1688,0.1702,6878189.5
2026-09-07 22:00:00+00:00,0.17,0.1707,0.1678,0.1688,5959356.6
2026-09-07 23:00:00+00:00,0.1689,0.1699,0.1686,0.1694,2930974.0
2026-09-08 00:00:00+00:00,0.1695,0.1708,0.1673,0.1689,5048315.4
2026-09-08 01:00:00+00:00,0.1688,0.1731,0.1666,0.1686,23619359.0
2026-09-08 02:00:00+00:00,0.1686,0.171,0.1678,0.1685,6139019.6
2026-09-08 03:00:00+00:00,0.1684,0.1714,0.1679,0.1703,5655891.2
2026-09-08 04:00:00+00:00,0.1704,0.1723,0.1691,0.171,5658695.7
2026-09-08 05:00:00+00:00,0.171,0.1772,0.171,0.1748,20520047.9
2026-09-08 06:00:00+00:00,0.1748,0.1748,0.1702,0.1723,12541498.9
2026-09-08 07:00:00+00:00,0.1724,0.1727,0.1699,0.1708,6134148.7
2026-09-08 08:00:00+00:00,0.1708,0.1731,0.1699,0.1716,6540600.2
2026-09-08 09:00:00+00:00,0.1716,0.1765,0.1703,0.1752,11611311.8
2026-09-08 10:00:00+00:00,0.1751,0.1787,0.1726,0.1742,12671295.1
2026-09-08 11:00:00+00:00,0.1743,0.176,0.1731,0.1754,5361956.4
2026-09-08 12:00:00+00:00,0.1755,0.1761,0.1707,0.1721,8071624.7
2026-09-08 13:00:00+00:00,0.172,0.1729,0.1652,0.172,14451291.4
2026-09-08 14:00:00+00:00,0.172,0.1759,0.1684,0.169,9305621.3
2026-09-08 15:00:00+00:00,0.1689,0.171,0.1661,0.1705,9301718.2
2026-09-08 16:00:00+00:00,0.1704,0.1711,0.1671,0.1677,5202897.5
2026-09-08 17:00:00+00:00,0.1677,0.17,0.1676,0.168,3187468.4
2026-09-08 18:00:00+00:00,0.1679,0.1701,0.1669,0.1677,3358869.2
2026-09-08 19:00:00+00:00,0.1677,0.1696,0.167,0.1684,2927813.5
2026-09-08 20:00:00+00:00,0.1684,0.1703,0.1676,0.1689,4640003.9
2026-09-08 21:00:00+00:00,0.1689,0.1696,0.1659,0.1673,3256232.8
2026-09-08 22:00:00+00:00,0.1673,0.1683,0.1656,0.1658,2250226.8
2026-09-08 23:00:00+00:00,0.1659,0.1661,0.1641,0.165,2935813.7
2026-09-09 00:00:00+00:00,0.1649,0.1664,0.1627,0.1648,3928235.7
2026-09-09 01:00:00+00:00,0.1649,0.1656,0.1637,0.1655,2303166.8
2026-09-09 02:00:00+00:00,0.1654,0.1672,0.1646,0.1661,3100236.4
2026-09-09 03:00:00+00:00,0.166,0.1665,0.1643,0.165,4005993.5
2026-09-09 04:00:00+00:00,0.165,0.1694,0.165,0.1686,5595233.2
2026-09-09 05:00:00+00:00,0.1686,0.1686,0.1659,0.1665,3192704.0
2026-09-09 06:00:00+00:00,0.1664,0.1748,0.1663,0.1724,11376307.7
2026-09-09 07:00:00+00:00,0.1723,0.1724,0.1688,0.1709,5279284.5
2026-09-09 08:00:00+00:00,0.1708,0.1715,0.1689,0.1698,7326221.6
2026-09-09 09:00:00+00:00,0.1698,0.1724,0.1661,0.1666,45104982.3
2026-09-09 10:00:00+00:00,0.1667,0.1686,0.1645,0.1658,26001940.0
2026-09-09 11:00:00+00:00,0.1659,0.1671,0.1634,0.1666,7829589.8
2026-09-09 12:00:00+00:00,0.1665,0.1683,0.1664,0.1675,5338957.2
2026-09-09 13:00:00+00:00,0.1674,0.1686,0.1642,0.165,7278495.7
2026-09-09 14:00:00+00:00,0.1649,0.1662,0.1605,0.1636,22274354.0
2026-09-09 15:00:00+00:00,0.1637,0.1646,0.1527,0.1535,43789215.3
2026-09-09 16:00:00+00:00,0.1536,0.1558,0.1503,0.1512,55591872.8
2026-09-09 17:00:00+00:00,0.1512,0.1551,0.1507,0.1548,24635458.8
2026-09-09 18:00:00+00:00,0.1548,0.1554,0.1533,0.1537,8746082.1
2026-09-09 19:00:00+00:00,0.1537,0.1542,0.1505,0.1513,9064531.1
2026-09-09 20:00:00+00:00,0.1513,0.152,0.1495,0.1508,10408218.7
2026-09-09 21:00:00+00:00,0.1509,0.1525,0.1503,0.1525,5613210.4
2026-09-09 22:00:00+00:00,0.1524,0.1529,0.15,0.1517,9151980.9
2026-09-09 23:00:00+00:00,0.1517,0.154,0.1479,0.1495,8739468.5
2026-09-10 00:00:00+00:00,0.1495,0.1506,0.1476,0.1479,11262735.0
2026-09-10 01:00:00+00:00,0.1479,0.1493,0.1456,0.1464,10676575.7
2026-09-10 02:00:00+00:00,0.1464,0.1496,0.146,0.1494,4353186.9
2026-09-10 03:00:00+00:00,0.1494,0.151,0.1493,0.1507,4762325.7
2026-09-10 04:00:00+00:00,0.1506,0.1521,0.1499,0.1516,3726018.0
2026-09-10 05:00:00+00:00,0.1515,0.1532,0.1502,0.152,8587054.6
2026-09-10 06:00:00+00:00,0.1519,0.1519,0.1498,0.1505,7578526.3
2026-09-10 07:00:00+00:00,0.1505,0.1506,0.1481,0.1495,5308256.8
2026-09-10 08:00:00+00:00,0.1496,0.1507,0.1489,0.1491,4961794.5
2026-09-10 09:00:00+00:00,0.1491,0.1497,0.148,0.1495,4402008.4
2026-09-10 10:00:00+00:00,0.1495,0.1503,0.1477,0.1478,4550746.7
2026-09-10 11:00:00+00:00,0.1478,0.149,0.1475,0.1482,5045887.1
2026-09-10 12:00:00+00:00,0.1482,0.1492,0.1456,0.1482,14618624.8
2026-09-10 13:00:00+00:00,0.1482,0.1501,0.1471,0.1496,10778334.3
2026-09-10 14:00:00+00:00,0.1496,0.1537,0.1495,0.1522,11890811.2
2026-09-10 15:00:00+00:00,0.1521,0.1535,0.1494,0.15,6725089.0
2026-09-10 16:00:00+00:00,0.1499,0.1506,0.147,0.1484,10265607.6
2026-09-10 17:00:00+00:00,0.1483,0.1506,0.1479,0.1503,4389660.5
2026-09-10 18:00:00+00:00,0.1502,0.1504,0.1485,0.15,3507207.0
2026-09-10 19:00:00+00:00,0.15,0.15,0.1474,0.1475,5509858.7
2026-09-10 20:00:00+00:00,0.1475,0.1489,0.1468,0.1482,4553144.6
2026-09-10 21:00:00+00:00,0.1483,0.1487,0.146,0.1465,2326993.9
2026-09-10 22:00:00+00:00,0.1466,0.1472,0.1418,0.1424,9107673.0
2026-09-10 23:00:00+00:00,0.1424,0.1434,0.1396,0.1398,11146537.8
2026-09-11 00:00:00+00:00,0.1399,0.1437,0.1399,0.1434,3463656.8
2026-09-11 01:00:00+00:00,0.1434,0.1443,0.142,0.1438,4307038.6
2026-09-11 02:00:00+00:00,0.1439,0.1447,0.1431,0.1446,4096088.4
2026-09-11 03:00:00+00:00,0.1446,0.1468,0.1436,0.1462,5397326.9
2026-09-11 04:00:00+00:00,0.1461,0.1497,0.1457,0.1477,5598613.6
2026-09-11 05:00:00+00:00,0.1478,0.1479,0.1455,0.1471,3476597.8
2026-09-11 06:00:00+00:00,0.1472,0.1472,0.1441,0.1448,2974067.4
2026-09-11 07:00:00+00:00,0.1448,0.1459,0.1435,0.1439,4080249.7
2026-09-11 08:00:00+00:00,0.1439,0.1452,0.1432,0.1433,2747582.8
2026-09-11 09:00:00+00:00,0.1434,0.1441,0.1414,0.142,5933014.2
2026-09-11 10:00:00+00:00,0.1421,0.1427,0.1397,0.1402,7121475.4
2026-09-11 11:00:00+00:00,0.1403,0.1404,0.1381,0.1401,7200115.5
2026-09-11 12:00:00+00:00,0.1401,0.1451,0.139,0.1438,26180458.0
2026-09-11 13:00:00+00:00,0.1439,0.1516,0.1409,0.1515,19064507.6
2026-09-11 14:00:00+00:00,0.1514,0.1519,0.1459,0.147,18102369.9
2026-09-11 15:00:00+00:00,0.1469,0.1501,0.1434,0.1441,13260990.5
2026-09-11 16:00:00+00:00,0.144,0.1464,0.1434,0.1455,8802061.9
2026-09-11 17:00:00+00:00,0.1455,0.1458,0.1434,0.144,2253539.7
2026-09-11 18:00:00+00:00,0.1441,0.1445,0.1394,0.1403,6285964.9
2026-09-11 19:00:00+00:00,0.1403,0.142,0.1399,0.1417,2702294.9
2026-09-11 20:00:00+00:00,0.1416,0.1427,0.139,0.1398,3133091.1
2026-09-11 21:00:00+00:00,0.1397,0.1414,0.1378,0.1384,4397697.1
2026-09-11 22:00:00+00:00,0.1384,0.1397,0.1374,0.1377,5705312.4
2026-09-11 23:00:00+00:00,0.1377,0.1396,0.1377,0.1395,1661143.7
2026-09-12 00:00:00+00:00,0.1396,0.1419,0.1394,0.1417,1781477.3
2026-09-12 01:00:00+00:00,0.1417,0.143,0.1413,0.1421,4247485.5
2026-09-12 02:00:00+00:00,0.142,0.1422,0.1404,0.141,2026450.1
2026-09-12 03:00:00+00:00,0.1409,0.1413,0.1403,0.1411,2507905.8
2026-09-12 04:00:00+00:00,0.1412,0.1421,0.1408,0.1409,1404528.6
2026-09-12 05:00:00+00:00,0.1408,0.1416,0.1405,0.1407,1764815.8
2026-09-12 06:00:00+00:00,0.1407,0.1439,0.1404,0.143,3054499.1
2026-09-12 07:00:00+00:00,0.1431,0.1464,0.1426,0.1444,7970423.1
2026-09-12 08:00:00+00:00,0.1444,0.1452,0.1434,0.1436,2604961.9
2026-09-12 09:00:00+00:00,0.1436,0.1437,0.1426,0.143,5428005.5
2026-09-12 10:00:00+00:00,0.143,0.1437,0.1424,0.143,2367413.9
2026-09-12 11:00:00+00:00,0.1431,0.1441,0.1422,0.1436,2414357.6
2026-09-12 12:00:00+00:00,0.1435,0.145,0.143,0.1445,2601235.2
2026-09-12 13:00:00+00:00,0.1445,0.1451,0.1426,0.1433,2722850.0
2026-09-12 14:00:00+00:00,0.1433,0.1448,0.1432,0.1436,1302656.0
2026-09-12 15:00:00+00:00,0.1436,0.1446,0.1433,0.1438,2281364.5
2026-09-12 16:00:00+00:00,0.1437,0.1443,0.1417,0.1427,2218888.6
2026-09-12 17:00:00+00:00,0.1426,0.1427,0.1407,0.1411,2170668.0
2026-09-12 18:00:00+00:00,0.1411,0.1412,0.1402,0.1409,1682080.8
2026-09-12 19:00:00+00:00,0.1409,0.1409,0.1388,0.1394,4450253.1
2026-09-12 20:00:00+00:00,0.1394,0.1402,0.1392,0.1399,855569.5
2026-09-12 21:00:00+00:00,0.1399,0.1407,0.1391,0.1394,1865857.2
2026-09-12 22:00:00+00:00,0.1393,0.1404,0.139,0.1399,1423223.1
2026-09-12 23:00:00+00:00,0.14,0.1407,0.1392,0.1405,643899.8
2026-09-13 00:00:00+00:00,0.1405,0.1411,0.14,0.1404,1715706.1
2026-09-13 01:00:00+00:00,0.1404,0.142,0.1399,0.1406,1716789.8
2026-09-13 02:00:00+00:00,0.1405,0.141,0.1397,0.1403,1669231.6
2026-09-13 03:00:00+00:00,0.1402,0.1423,0.1394,0.1416,5320922.1
2026-09-13 04:00:00+00:00,0.1417,0.1419,0.1407,0.1412,1934247.1
2026-09-13 05:00:00+00:00,0.1413,0.1433,0.1412,0.143,1227185.0
2026-09-13 06:00:00+00:00,0.1429,0.1429,0.139,0.1397,2289517.9
2026-09-13 07:00:00+00:00,0.1397,0.1404,0.1387,0.1389,5110803.0
2026-09-13 08:00:00+00:00,0.1389,0.1392,0.133,0.1352,17444727.4
2026-09-13 09:00:00+00:00,0.1352,0.1378,0.1351,0.1376,6276272.2
2026-09-13 10:00:00+00:00,0.1375,0.1384,0.1368,0.1373,2336642.7
2026-09-13 11:00:00+00:00,0.1373,0.1389,0.1371,0.1383,1350791.7
2026-09-13 12:00:00+00:00,0.1384,0.1385,0.1368,0.1372,2191135.2
2026-09-13 13:00:00+00:00,0.1372,0.1383,0.136,0.1378,5336012.2
2026-09-13 14:00:00+00:00,0.1379,0.1406,0.1378,0.1397,4416885.6
2026-09-13 15:00:00+00:00,0.1397,0.1397,0.1379,0.1384,4674816.6
2026-09-13 16:00:00+00:00,0.1385,0.1412,0.1385,0.1408,3005150.2
2026-09-13 17:00:00+00:00,0.1408,0.1408,0.1391,0.1395,1754684.4
2026-09-13 18:00:00+00:00,0.1395,0.14,0.1384,0.1389,2177149.5
2026-09-13 19:00:00+00:00,0.1389,0.1392,0.1372,0.1377,2124230.8
2026-09-13 20:00:00+00:00,0.1377,0.1384,0.1375,0.1381,538754.2
2026-09-13 21:00:00+00:00,0.1381,0.1388,0.137,0.1372,977675.2
2026-09-13 22:00:00+00:00,0.1371,0.1371,0.1324,0.1326,6919184.8
2026-09-13 23:00:00+00:00,0.1326,0.134,0.1326,0.133,2796042.1
2026-09-14 00:00:00+00:00,0.1331,0.1354,0.1328,0.1349,7517480.9
2026-09-14 01:00:00+00:00,0.1348,0.1366,0.1336,0.1361,2746847.2
2026-09-14 02:00:00+00:00,0.1361,0.1401,0.1357,0.1395,6166703.0
2026-09-14 03:00:00+00:00,0.1395,0.1405,0.1383,0.1387,5860523.1
2026-09-14 04:00:00+00:00,0.1387,0.1387,0.1373,0.1374,2738728.1
2026-09-14 05:00:00+00:00,0.1375,0.1377,0.1366,0.1368,1202202.2
2026-09-14 06:00:00+00:00,0.1368,0.1388,0.1354,0.1364,4758823.0
2026-09-14 07:00:00+00:00,0.1364,0.1376,0.1362,0.1372,1898299.3
2026-09-14 08:00:00+00:00,0.1372,0.1373,0.1357,0.1361,3004773.2
2026-09-14 09:00:00+00:00,0.1361,0.1377,0.1348,0.1365,2645031.8
2026-09-14 10:00:00+00:00,0.1365,0.1368,0.1352,0.1353,1754419.1
2026-09-14 11:00:00+00:00,0.1353,0.1353,0.1342,0.1349,2285444.9
2026-09-14 12:00:00+00:00,0.1349,0.1365,0.1338,0.1345,2477296.1
2026-09-14 13:00:00+00:00,0.1344,0.136,0.133,0.1345,3902339.9
2026-09-14 14:00:00+00:00,0.1344,0.1363,0.1344,0.1351,2629291.8
2026-09-14 15:00:00+00:00,0.135,0.1361,0.1341,0.1356,4771215.2
2026-09-14 16:00:00+00:00,0.1356,0.1376,0.1352,0.1368,2362682.4
2026-09-14 17:00:00+00:00,0.1368,0.1417,0.1366,0.1404,8838491.1
2026-09-14 18:00:00+00:00,0.1403,0.1414,0.1397,0.1405,5227575.3
2026-09-14 19:00:00+00:00,0.1404,0.1418,0.1401,0.1403,6469945.9
2026-09-14 20:00:00+00:00,0.1403,0.1422,0.14,0.1408,7759306.0
2026-09-14 21:00:00+00:00,0.1409,0.1409,0.136,0.136,6091157.3
2026-09-14 22:00:00+00:00,0.1361,0.1362,0.1341,0.1341,4504354.9
2026-09-14 23:00:00+00:00,0.1342,0.135,0.1329,0.1337,3124656.6
2026-09-15 00:00:00+00:00,0.1337,0.134,0.1318,0.133,3758659.1
2026-09-15 01:00:00+00:00,0.1329,0.1351,0.1327,0.1347,4774038.0
2026-09-15 02:00:00+00:00,0.1347,0.1348,0.1334,0.1342,4486024.1
2026-09-15 03:00:00+00:00,0.1341,0.1341,0.1325,0.133,2450607.9
2026-09-15 04:00:00+00:00,0.133,0.1335,0.1321,0.1328,2254921.6
2026-09-15 05:00:00+00:00,0.1327,0.1349,0.1314,0.1343,2116577.7
2026-09-15 06:00:00+00:00,0.1344,0.1349,0.1329,0.1335,2153194.5
2026-09-15 07:00:00+00:00,0.1335,0.1339,0.1323,0.1328,2083206.8
2026-09-15 08:00:00+00:00,0.1328,0.1336,0.1322,0.1333,2036404.9
2026-09-15 09:00:00+00:00,0.1332,0.1353,0.1331,0.1343,2419792.9
2026-09-15 10:00:00+00:00,0.1343,0.1361,0.1341,0.1358,3757545.4
2026-09-15 11:00:00+00:00,0.1358,0.1375,0.1347,0.1373,3641719.2
2026-09-15 12:00:00+00:00,0.1374,0.1423,0.1361,0.1409,16493842.8
2026-09-15 13:00:00+00:00,0.1408,0.144,0.1385,0.1406,23167207.2
2026-09-15 14:00:00+00:00,0.1406,0.1409,0.1353,0.1374,11603414.2
2026-09-15 15:00:00+00:00,0.1374,0.1511,0.1372,0.1492,44976068.8
2026-09-15 16:00:00+00:00,0.1492,0.1562,0.1463,0.1492,49687322.2
2026-09-15 17:00:00+00:00,0.1493,0.153,0.1484,0.1501,19118749.1
2026-09-15 18:00:00+00:00,0.1501,0.1507,0.1396,0.1455,37607328.8
2026-09-15 19:00:00+00:00,0.1455,0.1499,0.1439,0.1488,19946488.0
2026-09-15 20:00:00+00:00,0.1488,0.1495,0.1453,0.1464,8691923.7
2026-09-15 21:00:00+00:00,0.1463,0.1466,0.1434,0.1444,5640618.1
2026-09-15 22:00:00+00:00,0.1444,0.1518,0.1442,0.1509,9221680.0
2026-09-15 23:00:00+00:00,0.1509,0.1532,0.1496,0.1518,19401711.2
2026-09-16 00:00:00+00:00,0.1518,0.1539,0.1484,0.1497,25992526.8
2026-09-16 01:00:00+00:00,0.1497,0.1522,0.1485,0.1494,8020758.1
2026-09-16 02:00:00+00:00,0.1494,0.154,0.1494,0.1516,9464940.3
2026-09-16 03:00:00+00:00,0.1515,0.1546,0.1506,0.1526,24203681.5
2026-09-16 04:00:00+00:00,0.1527,0.1593,0.1519,0.1533,26587782.9
2026-09-16 05:00:00+00:00,0.1532,0.155,0.1508,0.1546,11343438.6
2026-09-16 06:00:00+00:00,0.1546,0.1556,0.1497,0.1522,8995590.7
2026-09-16 07:00:00+00:00,0.1522,0.1558,0.1518,0.1546,9525056.8
2026-09-16 08:00:00+00:00,0.1546,0.1558,0.1526,0.1545,12338404.8
2026-09-16 09:00:00+00:00,0.1545,0.1594,0.154,0.1588,14468073.5
2026-09-16 10:00:00+00:00,0.1588,0.1614,0.1574,0.1597,15060119.4
2026-09-16 11:00:00+00:00,0.1597,0.1655,0.1584,0.1643,15814765.8
2026-09-16 12:00:00+00:00,0.1643,0.1706,0.1638,0.1695,34092942.4
2026-09-16 13:00:00+00:00,0.1695,0.1739,0.1652,0.1659,37711047.1
2026-09-16 14:00:00+00:00,0.166,0.1665,0.1585,0.16,25553374.3
2026-09-16 15:00:00+00:00,0.1599,0.1627,0.1563,0.1568,18600109.2
2026-09-16 16:00:00+00:00,0.1569,0.1588,0.1552,0.1563,12404220.3
2026-09-16 17:00:00+00:00,0.1563,0.1587,0.1549,0.1559,11628328.0
2026-09-16 18:00:00+00:00,0.1559,0.165,0.1542,0.1634,32435363.2
2026-09-16 19:00:00+00:00,0.1635,0.1653,0.157,0.1609,17020482.1
2026-09-16 20:00:00+00:00,0.161,0.1637,0.1596,0.1635,8213767.5
2026-09-16 21:00:00+00:00,0.1636,0.1664,0.1632,0.1636,8453432.6
2026-09-16 22:00:00+00:00,0.1636,0.1653,0.1612,0.1634,5257562.3
2026-09-16 23:00:00+00:00,0.1635,0.1698,0.163,0.1682,9012432.6
2026-09-17 00:00:00+00:00,0.1682,0.1693,0.165,0.1659,10541125.2
2026-09-17 01:00:00+00:00,0.1658,0.1702,0.1629,0.1647,12307604.4
2026-09-17 02:00:00+00:00,0.1648,0.1658,0.1624,0.1632,5395645.4
2026-09-17 03:00:00+00:00,0.1632,0.1668,0.1623,0.1658,6745089.9
2026-09-17 04:00:00+00:00,0.1658,0.1686,0.1647,0.1682,6697568.4
2026-09-17 05:00:00+00:00,0.1682,0.1737,0.1662,0.1669,17851760.4
2026-09-17 06:00:00+00:00,0.1669,0.1687,0.1647,0.1665,8191193.1
2026-09-17 07:00:00+00:00,0.1665,0.1671,0.1641,0.165,7438002.9
2026-09-17 08:00:00+00:00,0.1649,0.1677,0.1645,0.1663,5745456.3
2026-09-17 09:00:00+00:00,0.1663,0.1677,0.1629,0.1634,8936686.6
2026-09-17 10:00:00+00:00,0.1634,0.1653,0.1623,0.1648,7229704.9
2026-09-17 11:00:00+00:00,0.1647,0.1682,0.1642,0.166,4488306.1
2026-09-17 12:00:00+00:00,0.1661,0.1672,0.1634,0.1635,4957891.9
2026-09-17 13:00:00+00:00,0.1635,0.1645,0.1611,0.1641,7733859.9
2026-09-17 14:00:00+00:00,0.1641,0.1647,0.1617,0.164,9120974.2
2026-09-17 15:00:00+00:00,0.1641,0.1713,0.1623,0.1711,12852242.5
2026-09-17 16:00:00+00:00,0.171,0.1777,0.1689,0.1733,25285031.5
2026-09-17 17:00:00+00:00,0.1732,0.1847,0.1715,0.1839,24735968.0
2026-09-17 18:00:00+00:00,0.1839,0.1845,0.1753,0.1792,19444852.4
2026-09-17 19:00:00+00:00,0.1792,0.1807,0.1746,0.1755,8514198.7
2026-09-17 20:00:00+00:00,0.1756,0.1803,0.1732,0.1789,7176089.1
2026-09-17 21:00:00+00:00,0.179,0.18,0.1737,0.1738,5703898.8
2026-09-17 22:00:00+00:00,0.1738,0.1773,0.1717,0.1764,5662046.5
2026-09-17 23:00:00+00:00,0.1764,0.1782,0.1747,0.1773,4532563.2
2026-09-18 00:00:00+00:00,0.1774,0.1831,0.1758,0.1829,9008786.1
2026-09-18 01:00:00+00:00,0.1828,0.198,0.1813,0.1979,27017467.6
2026-09-18 02:00:00+00:00,0.1979,0.2055,0.196,0.2052,35885801.3
2026-09-18 03:00:00+00:00,0.2052,0.2286,0.2047,0.2262,56206260.6
2026-09-18 04:00:00+00:00,0.2262,0.2294,0.21,0.2127,39230840.0
2026-09-18 05:00:00+00:00,0.2126,0.2153,0.2093,0.2126,23273468.8
2026-09-18 06:00:00+00:00,0.2126,0.2168,0.2075,0.2138,20890898.5
2026-09-18 07:00:00+00:00,0.2138,0.217,0.2111,0.2117,16375949.9
2026-09-18 08:00:00+00:00,0.2118,0.2145,0.2059,0.2093,15472176.1
2026-09-18 09:00:00+00:00,0.2092,0.2104,0.2061,0.2091,10099783.2
2026-09-18 10:00:00+00:00,0.209,0.2105,0.2027,0.208,13383670.4
2026-09-18 11:00:00+00:00,0.2079,0.2087,0.2036,0.2053,11031880.7
2026-09-18 12:00:00+00:00,0.2053,0.213,0.2025,0.2123,12711705.0
2026-09-18 13:00:00+00:00,0.2122,0.2159,0.2069,0.209,28538091.5
2026-09-18 14:00:00+00:00,0.2091,0.2135,0.2078,0.2105,9635161.2
2026-09-18 15:00:00+00:00,0.2104,0.212,0.2045,0.211,12753032.2
2026-09-18 16:00:00+00:00,0.211,0.2215,0.2081,0.2181,21859645.0
2026-09-18 17:00:00+00:00,0.2181,0.2233,0.2146,0.2206,14105066.7
2026-09-18 18:00:00+00:00,0.2207,0.224,0.2159,0.218,11988066.2
2026-09-18 19:00:00+00:00,0.2181,0.2233,0.2181,0.2198,8074071.3
2026-09-18 20:00:00+00:00,0.2198,0.2281,0.2195,0.226,15275205.4
2026-09-18 21:00:00+00:00,0.226,0.2285,0.2212,0.2212,11085295.3
2026-09-18 22:00:00+00:00,0.2213,0.2237,0.215,0.2185,10632124.4
2026-09-18 23:00:00+00:00,0.2186,0.2263,0.2176,0.2212,10230269.4
2026-09-19 00:00:00+00:00,0.2213,0.23,0.217,0.2187,14563796.2
2026-09-19 01:00:00+00:00,0.2187,0.2202,0.2131,0.215,8000287.0
2026-09-19 02:00:00+00:00,0.2151,0.2194,0.2149,0.2168,5484336.4
2026-09-19 03:00:00+00:00,0.2167,0.2185,0.2102,0.2139,8938289.2
2026-09-19 04:00:00+00:00,0.2139,0.2162,0.2093,0.2116,6380258.1
2026-09-19 05:00:00+00:00,0.2116,0.2127,0.2086,0.2095,5269249.0
2026-09-19 06:00:00+00:00,0.2096,0.2184,0.2096,0.2163,5951824.3
2026-09-19 07:00:00+00:00,0.2163,0.2179,0.2113,0.2117,5121940.8
2026-09-19 08:00:00+00:00,0.2117,0.2156,0.2108,0.2145,5743036.0
2026-09-19 09:00:00+00:00,0.2145,0.2157,0.2126,0.2142,3832998.3
2026-09-19 10:00:00+00:00,0.2142,0.2145,0.2119,0.2125,3547254.3
2026-09-19 11:00:00+00:00,0.2125,0.2137,0.2106,0.2117,3959608.3
2026-09-19 12:00:00+00:00,0.2117,0.2129,0.208,0.2107,7708694.3
2026-09-19 13:00:00+00:00,0.2106,0.2117,0.2067,0.209,7719763.6
2026-09-19 14:00:00+00:00,0.209,0.2121,0.2081,0.2116,5598930.3
2026-09-19 15:00:00+00:00,0.2116,0.2122,0.2086,0.2092,4690784.4
2026-09-19 16:00:00+00:00,0.2093,0.2099,0.2063,0.2084,5979603.6
2026-09-19 17:00:00+00:00,0.2085,0.209,0.2064,0.2073,5532996.6
2026-09-19 18:00:00+00:00,0.2073,0.2077,0.2028,0.2064,6086191.1
2026-09-19 19:00:00+00:00,0.2065,0.2095,0.2041,0.2086,2745446.3
2026-09-19 20:00:00+00:00,0.2086,0.2089,0.2058,0.2064,1799193.7
2026-09-19 21:00:00+00:00,0.2064,0.2064,0.2029,0.2048,3721296.1
2026-09-19 22:00:00+00:00,0.2049,0.2061,0.2032,0.2052,3426232.5
2026-09-19 23:00:00+00:00,0.2052,0.2063,0.2049,0.2061,2107678.4
2026-09-20 00:00:00+00:00,0.2062,0.2065,0.2013,0.202,4663980.3
2026-09-20 01:00:00+00:00,0.202,0.2078,0.2005,0.2068,7163017.2
2026-09-20 02:00:00+00:00,0.2068,0.2117,0.2022,0.2032,10094219.9
2026-09-20 03:00:00+00:00,0.2032,0.218,0.201,0.216,26013354.8
2026-09-20 04:00:00+00:00,0.2159,0.2201,0.2115,0.2123,14337456.7
2026-09-20 05:00:00+00:00,0.2125,0.215,0.2088,0.213,7871789.4
2026-09-20 06:00:00+00:00,0.2128,0.2134,0.2065,0.2085,6472167.1
2026-09-20 07:00:00+00:00,0.2086,0.2113,0.2086,0.2092,3184374.3
2026-09-20 08:00:00+00:00,0.2093,0.2156,0.2093,0.2136,6161432.7
2026-09-20 09:00:00+00:00,0.2135,0.2154,0.2122,0.2128,4658114.4
2026-09-20 10:00:00+00:00,0.2129,0.2164,0.2108,0.2124,5978388.7
2026-09-20 11:00:00+00:00,0.2125,0.2155,0.2118,0.2142,4017971.9
2026-09-20 12:00:00+00:00,0.2143,0.2153,0.211,0.2118,4558256.1
2026-09-20 13:00:00+00:00,0.2117,0.2117,0.2076,0.2085,4041382.9
2026-09-20 14:00:00+00:00,0.2085,0.2096,0.1969,0.1992,17731767.2
2026-09-20 15:00:00+00:00,0.1992,0.2045,0.1962,0.2039,10361827.8
2026-09-20 16:00:00+00:00,0.2038,0.2132,0.203,0.2116,13732325.0
2026-09-20 17:00:00+00:00,0.2116,0.2147,0.2096,0.2119,10426857.2
2026-09-20 18:00:00+00:00,0.212,0.213,0.2077,0.209,6220476.1
2026-09-20 19:00:00+00:00,0.209,0.2122,0.2088,0.211,2340440.0
2026-09-20 20:00:00+00:00,0.2111,0.2133,0.2108,0.2126,3767144.5
2026-09-20 21:00:00+00:00,0.2126,0.218,0.209,0.2179,6335213.6
2026-09-20 22:00:00+00:00,0.2178,0.2251,0.2168,0.2175,12842488.4
2026-09-20 23:00:00+00:00,0.2176,0.2215,0.2161,0.2178,7292471.0
2026-09-21 00:00:00+00:00,0.2177,0.2231,0.2166,0.2209,8288463.1
2026-09-21 01:00:00+00:00,0.2208,0.2208,0.2125,0.2132,8893498.9
2026-09-21 02:00:00+00:00,0.2132,0.2191,0.2095,0.2175,12867184.2
2026-09-21 03:00:00+00:00,0.2176,0.2268,0.2172,0.2215,10003999.5
2026-09-21 04:00:00+00:00,0.2215,0.2221,0.215,0.2153,6690835.9
2026-09-21 05:00:00+00:00,0.2153,0.2162,0.2133,0.2149,3630064.2
2026-09-21 06:00:00+00:00,0.215,0.2166,0.213,0.2144,2592614.9
2026-09-21 07:00:00+00:00,0.2145,0.2149,0.2116,0.2135,3111398.1
2026-09-21 08:00:00+00:00,0.2134,0.2183,0.2125,0.2173,10799973.3
2026-09-21 09:00:00+00:00,0.2173,0.2225,0.2167,0.2184,11893077.9
2026-09-21 10:00:00+00:00,0.2184,0.2337,0.2179,0.2321,20535954.7
2026-09-21 11:00:00+00:00,0.232,0.2367,0.2274,0.2283,15714022.3
2026-09-21 12:00:00+00:00,0.2281,0.2467,0.226,0.2446,25436073.6
2026-09-21 13:00:00+00:00,0.2447,0.2478,0.2364,0.2388,19323066.9
2026-09-21 14:00:00+00:00,0.2388,0.2395,0.2324,0.2354,12321433.5
2026-09-21 15:00:00+00:00,0.2353,0.2383,0.2275,0.2313,13248848.0
2026-09-21 16:00:00+00:00,0.2312,0.2356,0.225,0.2266,8761891.2
2026-09-21 17:00:00+00:00,0.2266,0.2285,0.2234,0.2251,7035012.1
2026-09-21 18:00:00+00:00,0.2251,0.2275,0.2238,0.2265,4567291.4
2026-09-21 19:00:00+00:00,0.2264,0.2297,0.2258,0.2281,4296198.2
2026-09-21 20:00:00+00:00,0.2281,0.2282,0.2213,0.2224,11041584.3
2026-09-21 21:00:00+00:00,0.2224,0.2255,0.2203,0.2215,5461687.0
2026-09-21 22:00:00+00:00,0.2217,0.2263,0.2217,0.2259,3120899.7
2026-09-21 23:00:00+00:00,0.2259,0.2303,0.225,0.2258,6360273.0
2026-09-22 00:00:00+00:00,0.2256,0.2283,0.2229,0.224,7666285.7
2026-09-22 01:00:00+00:00,0.2239,0.224,0.2189,0.2232,8855365.4
2026-09-22 02:00:00+00:00,0.2232,0.2244,0.2203,0.2206,3701888.0
2026-09-22 03:00:00+00:00,0.2206,0.222,0.2179,0.2204,3289039.3
2026-09-22 04:00:00+00:00,0.2204,0.2206,0.2169,0.2183,4909661.1
2026-09-22 05:00:00+00:00,0.2184,0.223,0.2164,0.2216,5701055.1
2026-09-22 06:00:00+00:00,0.2216,0.2223,0.2186,0.2186,3105286.2
2026-09-22 07:00:00+00:00,0.2187,0.2198,0.217,0.2188,3891977.8
2026-09-22 08:00:00+00:00,0.2189,0.2235,0.2184,0.2209,6464916.2
2026-09-22 09:00:00+00:00,0.2209,0.2209,0.2178,0.2191,3979048.1
2026-09-22 10:00:00+00:00,0.219,0.2191,0.215,0.2177,5109315.0
2026-09-22 11:00:00+00:00,0.2177,0.2184,0.2153,0.218,4884185.7
2026-09-22 12:00:00+00:00,0.2179,0.2221,0.2166,0.2216,6306959.0
2026-09-22 13:00:00+00:00,0.2216,0.2228,0.2156,0.217,10725402.0
2026-09-22 14:00:00+00:00,0.2171,0.2171,0.2111,0.2141,12795613.5
2026-09-22 15:00:00+00:00,0.2141,0.2156,0.2134,0.2141,6440652.7
2026-09-22 16:00:00+00:00,0.2142,0.2157,0.2124,0.215,7140168.8
2026-09-22 17:00:00+00:00,0.2149,0.218,0.2148,0.2168,6098384.9
2026-09-22 18:00:00+00:00,0.2168,0.218,0.2161,0.2167,3528718.7
2026-09-22 19:00:00+00:00,0.2167,0.2185,0.2158,0.2185,3585361.7
2026-09-22 20:00:00+00:00,0.2184,0.2196,0.2169,0.2189,4711783.0
2026-09-22 21:00:00+00:00,0.219,0.2196,0.2163,0.2185,3452626.1
2026-09-22 22:00:00+00:00,0.2185,0.2259,0.2168,0.2255,8453164.0
2026-09-22 23:00:00+00:00,0.2257,0.2361,0.2249,0.2353,26761516.6
2026-09-23 00:00:00+00:00,0.2353,0.2456,0.2338,0.2407,20429098.0
2026-09-23 01:00:00+00:00,0.2408,0.2464,0.2395,0.2438,15127295.8
2026-09-23 02:00:00+00:00,0.2437,0.2513,0.2431,0.2489,16988436.1
2026-09-23 03:00:00+00:00,0.2489,0.2555,0.246,0.2491,21253654.2
2026-09-23 04:00:00+00:00,0.249,0.251,0.2424,0.2432,13548679.8
2026-09-23 05:00:00+00:00,0.2432,0.2546,0.2423,0.2499,11834677.3
2026-09-23 06:00:00+00:00,0.2499,0.2517,0.2457,0.2474,8925164.3
2026-09-23 07:00:00+00:00,0.2473,0.248,0.2392,0.2413,13403363.7
2026-09-23 08:00:00+00:00,0.2413,0.2429,0.2377,0.2393,7881494.9
2026-09-23 09:00:00+00:00,0.2394,0.2428,0.2382,0.2386,5430355.9
2026-09-23 10:00:00+00:00,0.2386,0.2409,0.2366,0.2398,6228548.6
2026-09-23 11:00:00+00:00,0.2397,0.2398,0.2329,0.2359,8592351.5
2026-09-23 12:00:00+00:00,0.2358,0.2388,0.2318,0.2328,9853697.9
2026-09-23 13:00:00+00:00,0.2328,0.233,0.2273,0.2288,8300176.3
2026-09-23 14:00:00+00:00,0.2289,0.2301,0.2195,0.2261,28169763.7
2026-09-23 15:00:00+00:00,0.2261,0.2279,0.2197,0.22,7906747.1
2026-09-23 16:00:00+00:00,0.2199,0.2248,0.2168,0.2242,10045593.5
2026-09-23 17:00:00+00:00,0.2241,0.2279,0.2218,0.2273,7553450.2
2026-09-23 18:00:00+00:00,0.2273,0.2273,0.219,0.2192,5486110.9
2026-09-23 19:00:00+00:00,0.2191,0.2206,0.2183,0.2206,3610959.1
2026-09-23 20:00:00+00:00,0.2205,0.2218,0.2178,0.2178,2577232.3
2026-09-23 21:00:00+00:00,0.2179,0.2201,0.2176,0.2193,1783983.5
2026-09-23 22:00:00+00:00,0.2193,0.2212,0.217,0.2177,3378105.4
2026-09-23 23:00:00+00:00,0.2176,0.2191,0.2147,0.216,4477760.2
2026-09-24 00:00:00+00:00,0.2159,0.2173,0.2151,0.2163,2310177.3
2026-09-24 01:00:00+00:00,0.2164,0.2193,0.2149,0.2174,4524394.2
2026-09-24 02:00:00+00:00,0.2174,0.2214,0.2163,0.2185,5354680.9
2026-09-24 03:00:00+00:00,0.2186,0.2195,0.2148,0.2156,4143945.6
2026-09-24 04:00:00+00:00,0.2156,0.2192,0.2148,0.2187,4149967.7
2026-09-24 05:00:00+00:00,0.2187,0.2204,0.2167,0.2171,3611310.7
2026-09-24 06:00:00+00:00,0.2171,0.2184,0.2161,0.2177,2372498.2
2026-09-24 07:00:00+00:00,0.2176,0.2184,0.2156,0.2174,3133232.5
2026-09-24 08:00:00+00:00,0.2174,0.2176,0.2122,0.2153,5330232.7
2026-09-24 09:00:00+00:00,0.2154,0.2161,0.2104,0.2109,7412276.6
2026-09-24 10:00:00+00:00,0.2111,0.2132,0.2106,0.2131,3546458.8
2026-09-24 11:00:00+00:00,0.213,0.2142,0.2126,0.214,3439351.2
2026-09-24 12:00:00+00:00,0.2139,0.2141,0.2115,0.2136,3677228.8
2026-09-24 13:00:00+00:00,0.2135,0.2201,0.2135,0.2191,11514364.1
2026-09-24 14:00:00+00:00,0.2191,0.2238,0.2119,0.2137,20495130.5
2026-09-24 15:00:00+00:00,0.2136,0.2186,0.213,0.2167,7590738.4
2026-09-24 16:00:00+00:00,0.2168,0.2212,0.2144,0.2186,10793672.5
2026-09-24 17:00:00+00:00,0.2186,0.22,0.2163,0.2187,6278941.6
2026-09-24 18:00:00+00:00,0.2187,0.2198,0.2167,0.2192,3376866.3
2026-09-24 19:00:00+00:00,0.2192,0.2228,0.2172,0.2209,6410495.4
2026-09-24 20:00:00+00:00,0.2208,0.2213,0.2171,0.2187,9450665.7
2026-09-24 21:00:00+00:00,0.2187,0.2203,0.218,0.2194,2969609.8
2026-09-24 22:00:00+00:00,0.2193,0.2194,0.2153,0.2185,4798801.8
2026-09-24 23:00:00+00:00,0.2184,0.2196,0.2161,0.2166,3237088.1
2026-09-25 00:00:00+00:00,0.2165,0.2196,0.2154,0.2193,5016228.5
2026-09-25 01:00:00+00:00,0.2192,0.2197,0.217,0.2189,3457490.3
2026-09-25 02:00:00+00:00,0.219,0.2209,0.214,0.2154,6611001.7
2026-09-25 03:00:00+00:00,0.2155,0.2177,0.2151,0.217,3016021.2
2026-09-25 04:00:00+00:00,0.2171,0.2197,0.2168,0.2182,3149088.9
2026-09-25 05:00:00+00:00,0.2182,0.2188,0.2164,0.2165,1733485.5
2026-09-25 06:00:00+00:00,0.2165,0.2171,0.2146,0.2149,3916896.3
2026-09-25 07:00:00+00:00,0.215,0.2172,0.2142,0.2172,2312954.2
2026-09-25 08:00:00+00:00,0.2172,0.2214,0.2165,0.2203,5044725.4
2026-09-25 09:00:00+00:00,0.2204,0.2239,0.2186,0.2224,7253978.5
2026-09-25 10:00:00+00:00,0.2224,0.2229,0.2202,0.2219,5960393.3
2026-09-25 11:00:00+00:00,0.2219,0.2268,0.2216,0.2254,16450872.3
2026-09-25 12:00:00+00:00,0.2255,0.2277,0.2192,0.2237,16114187.9
2026-09-25 13:00:00+00:00,0.2238,0.2274,0.2191,0.2221,11637391.3
2026-09-25 14:00:00+00:00,0.2223,0.2232,0.2168,0.2229,9116738.5
2026-09-25 15:00:00+00:00,0.2228,0.2245,0.2181,0.2208,6486551.7
2026-09-25 16:00:00+00:00,0.2207,0.2253,0.2202,0.2224,8126802.3
2026-09-25 17:00:00+00:00,0.2225,0.227,0.2221,0.2255,6890847.9
2026-09-25 18:00:00+00:00,0.2255,0.2282,0.2245,0.2249,6534742.9
2026-09-25 19:00:00+00:00,0.2249,0.225,0.2219,0.2229,3349612.5
2026-09-25 20:00:00+00:00,0.2229,0.227,0.2228,0.2239,3445447.6
2026-09-25 21:00:00+00:00,0.2237,0.224,0.2204,0.2209,6017850.5
2026-09-25 22:00:00+00:00,0.221,0.2311,0.2197,0.2288,8673362.5
2026-09-25 23:00:00+00:00,0.2288,0.2301,0.2265,0.2267,3857865.9
2026-09-26 00:00:00+00:00,0.2267,0.2286,0.2231,0.2238,3409579.0
2026-09-26 01:00:00+00:00,0.2237,0.2262,0.2232,0.2244,2911270.1
2026-09-26 02:00:00+00:00,0.2245,0.2247,0.2225,0.2229,3135553.4
2026-09-26 03:00:00+00:00,0.2228,0.2232,0.2211,0.2223,1966758.4
2026-09-26 04:00:00+00:00,0.2222,0.2253,0.2219,0.2232,2427859.5
2026-09-26 05:00:00+00:00,0.2231,0.2243,0.2222,0.2234,2309784.9
2026-09-26 06:00:00+00:00,0.2233,0.2233,0.2212,0.2214,2681558.0
2026-09-26 07:00:00+00:00,0.2215,0.2226,0.2207,0.2209,2482832.9
2026-09-26 08:00:00+00:00,0.2209,0.2223,0.22,0.221,4875167.0
2026-09-26 09:00:00+00:00,0.221,0.2212,0.2167,0.2193,7344413.3
2026-09-26 10:00:00+00:00,0.2193,0.2265,0.2193,0.2236,6794152.4
2026-09-26 11:00:00+00:00,0.2235,0.2239,0.2213,0.2222,4298770.7
2026-09-26 12:00:00+00:00,0.2222,0.2234,0.2204,0.2224,3541135.4
2026-09-26 13:00:00+00:00,0.2224,0.2246,0.2209,0.2232,4974913.4
2026-09-26 14:00:00+00:00,0.2231,0.226,0.2224,0.2259,3930731.5
2026-09-26 15:00:00+00:00,0.2258,0.2309,0.2258,0.2308,10603821.7
2026-09-26 16:00:00+00:00,0.2307,0.231,0.2262,0.2263,4993657.4
2026-09-26 17:00:00+00:00,0.2264,0.2265,0.223,0.2247,4902327.2
2026-09-26 18:00:00+00:00,0.2247,0.2265,0.2224,0.2225,2629749.4
2026-09-26 19:00:00+00:00,0.2226,0.2234,0.2218,0.2226,2411677.4
2026-09-26 20:00:00+00:00,0.2226,0.2232,0.2177,0.2197,5181958.2
2026-09-26 21:00:00+00:00,0.2197,0.226,0.2195,0.2255,4483712.2
2026-09-26 22:00:00+00:00,0.2256,0.2263,0.2219,0.2226,1828781.2
2026-09-26 23:00:00+00:00,0.2225,0.2233,0.2207,0.2221,5032846.7
2026-09-27 00:00:00+00:00,0.2221,0.2262,0.2215,0.2256,3042332.3
2026-09-27 01:00:00+00:00,0.2255,0.2284,0.2248,0.2278,4577688.7
2026-09-27 02:00:00+00:00,0.2279,0.2308,0.2253,0.2257,7812992.6
2026-09-27 03:00:00+00:00,0.2257,0.2264,0.2232,0.2238,1967216.1
2026-09-27 04:00:00+00:00,0.2238,0.2254,0.221,0.2217,9029815.9
2026-09-27 05:00:00+00:00,0.2217,0.2286,0.2217,0.2273,12553597.9
2026-09-27 06:00:00+00:00,0.2273,0.2301,0.2256,0.2272,8682098.0
2026-09-27 07:00:00+00:00,0.2272,0.2353,0.2264,0.2348,9492339.2
2026-09-27 08:00:00+00:00,0.2348,0.2367,0.2292,0.2298,10667916.1
2026-09-27 09:00:00+00:00,0.2298,0.2324,0.2274,0.2311,4324820.3
2026-09-27 10:00:00+00:00,0.231,0.231,0.2289,0.2297,3573669.0
2026-09-27 11:00:00+00:00,0.2297,0.2298,0.2261,0.227,5548065.6
2026-09-27 12:00:00+00:00,0.2271,0.2274,0.2237,0.2242,5448456.1
2026-09-27 13:00:00+00:00,0.2241,0.2249,0.2211,0.2237,12304847.5
2026-09-27 14:00:00+00:00,0.2236,0.2239,0.2195,0.2209,9334153.7
2026-09-27 15:00:00+00:00,0.221,0.2216,0.2185,0.2209,7281904.7
2026-09-27 16:00:00+00:00,0.221,0.2226,0.2198,0.2205,3620177.7
2026-09-27 17:00:00+00:00,0.2205,0.2233,0.2202,0.2231,2730439.3
2026-09-27 18:00:00+00:00,0.2232,0.2288,0.2229,0.2283,5702226.4
2026-09-27 19:00:00+00:00,0.2283,0.2295,0.2267,0.2278,4331305.7
2026-09-27 20:00:00+00:00,0.2278,0.2344,0.2263,0.2276,11439655.1
2026-09-27 21:00:00+00:00,0.2276,0.2299,0.2238,0.2255,5359286.0
2026-09-27 22:00:00+00:00,0.2255,0.2267,0.2214,0.2231,6074439.9
2026-09-27 23:00:00+00:00,0.2231,0.2281,0.223,0.2262,6187121.9
2026-09-28 00:00:00+00:00,0.2261,0.2289,0.221,0.2243,5927633.4
2026-09-28 01:00:00+00:00,0.2244,0.2265,0.2222,0.2234,4581978.6
2026-09-28 02:00:00+00:00,0.2233,0.2251,0.2193,0.2197,8266615.7
2026-09-28 03:00:00+00:00,0.2198,0.2208,0.2132,0.2145,16653743.7
2026-09-28 04:00:00+00:00,0.2145,0.2156,0.2119,0.2151,6516396.8
2026-09-28 05:00:00+00:00,0.2152,0.216,0.2107,0.2132,6750332.7
2026-09-28 06:00:00+00:00,0.2132,0.2142,0.2105,0.212,5499252.3
2026-09-28 07:00:00+00:00,0.2121,0.2134,0.2058,0.2069,9644512.8
2026-09-28 08:00:00+00:00,0.2068,0.2101,0.2066,0.2088,3521637.4
2026-09-28 09:00:00+00:00,0.2089,0.21,0.2046,0.2056,11506821.6
2026-09-28 10:00:00+00:00,0.2056,0.208,0.2056,0.2074,4266388.4
2026-09-28 11:00:00+00:00,0.2074,0.2091,0.2071,0.2083,3885932.0
2026-09-28 12:00:00+00:00,0.2084,0.213,0.2078,0.2118,8242613.4
2026-09-28 13:00:00+00:00,0.2117,0.2117,0.2077,0.2085,5143780.0
2026-09-28 14:00:00+00:00,0.2083,0.2085,0.2003,0.2018,13738789.5
2026-09-28 15:00:00+00:00,0.2019,0.2039,0.2004,0.2031,7188706.1
2026-09-28 16:00:00+00:00,0.203,0.2069,0.2013,0.2054,5385810.1
2026-09-28 17:00:00+00:00,0.2053,0.2089,0.2025,0.206,4973751.4
2026-09-28 18:00:00+00:00,0.2059,0.2082,0.205,0.207,2302962.4
2026-09-28 19:00:00+00:00,0.2069,0.207,0.1997,0.2011,6829107.5
2026-09-28 20:00:00+00:00,0.2011,0.2037,0.2002,0.2024,2858803.6
2026-09-28 21:00:00+00:00,0.2025,0.2032,0.1993,0.1997,3624852.8
2026-09-28 22:00:00+00:00,0.1997,0.2017,0.1976,0.2013,6935383.0
2026-09-28 23:00:00+00:00,0.2012,0.2023,0.2004,0.202,1227004.4
2026-09-29 00:00:00+00:00,0.202,0.2028,0.1998,0.1999,2212030.3
2026-09-29 01:00:00+00:00,0.1998,0.2013,0.1915,0.1955,10192111.2
2026-09-29 02:00:00+00:00,0.1955,0.196,0.1922,0.1946,4291049.0
2026-09-29 03:00:00+00:00,0.1946,0.1982,0.1944,0.1965,5184729.3
2026-09-29 04:00:00+00:00,0.1964,0.199,0.1957,0.1971,4599787.3
2026-09-29 05:00:00+00:00,0.1971,0.2,0.1964,0.1993,3551511.6
2026-09-29 06:00:00+00:00,0.1993,0.2022,0.1989,0.201,4526695.5
2026-09-29 07:00:00+00:00,0.201,0.2051,0.2,0.2039,8016234.7
2026-09-29 08:00:00+00:00,0.204,0.2067,0.2031,0.2049,5309380.4
2026-09-29 09:00:00+00:00,0.205,0.2091,0.2039,0.2084,6827443.2
2026-09-29 10:00:00+00:00,0.2084,0.2098,0.2078,0.2088,5377214.1
2026-09-29 11:00:00+00:00,0.2088,0.215,0.2085,0.2139,9885569.7
2026-09-29 12:00:00+00:00,0.2139,0.2163,0.2114,0.213,8015673.0
2026-09-29 13:00:00+00:00,0.2129,0.2139,0.2106,0.2116,5504537.4
2026-09-29 14:00:00+00:00,0.2116,0.2122,0.2088,0.2103,10694844.3
2026-09-29 15:00:00+00:00,0.2102,0.2104,0.2037,0.2058,9089397.2
2026-09-29 16:00:00+00:00,0.2057,0.2067,0.2036,0.2047,4300717.6
2026-09-29 17:00:00+00:00,0.2047,0.2055,0.2029,0.2046,2650966.5
2026-09-29 18:00:00+00:00,0.2045,0.2091,0.2045,0.2069,7563547.7
2026-09-29 19:00:00+00:00,0.2068,0.2083,0.2052,0.2053,2680675.8
2026-09-29 20:00:00+00:00,0.2053,0.2085,0.2043,0.2076,2911482.6
2026-09-29 21:00:00+00:00,0.2075,0.2083,0.2053,0.2065,3514805.0
2026-09-29 22:00:00+00:00,0.2065,0.2082,0.2058,0.2062,2031872.5
2026-09-29 23:00:00+00:00,0.2062,0.2074,0.2008,0.2035,4767435.2
2026-09-30 00:00:00+00:00,0.2035,0.2051,0.2024,0.2038,2134434.6
2026-09-30 01:00:00+00:00,0.2037,0.2066,0.2036,0.2045,1427315.5
2026-09-30 02:00:00+00:00,0.2044,0.2055,0.2028,0.2035,2181384.8
2026-09-30 03:00:00+00:00,0.2035,0.2039,0.2015,0.202,3905759.1
2026-09-30 04:00:00+00:00,0.2018,0.2033,0.2014,0.2014,4920429.3
2026-09-30 05:00:00+00:00,0.2015,0.2037,0.2012,0.203,2625065.6
2026-09-30 06:00:00+00:00,0.2029,0.2039,0.2005,0.2012,3174718.1
2026-09-30 07:00:00+00:00,0.2012,0.2038,0.2009,0.203,1599000.3
2026-09-30 08:00:00+00:00,0.2029,0.2047,0.2019,0.2039,2789383.9
2026-09-30 09:00:00+00:00,0.2038,0.2071,0.2032,0.2033,5134554.6
2026-09-30 10:00:00+00:00,0.2033,0.2053,0.2028,0.2041,3308698.6
2026-09-30 11:00:00+00:00,0.204,0.2047,0.203,0.204,2254480.4
2026-09-30 12:00:00+00:00,0.2041,0.2104,0.2031,0.2091,11770038.0
2026-09-30 13:00:00+00:00,0.2091,0.2124,0.2048,0.2079,11181862.4
2026-09-30 14:00:00+00:00,0.208,0.2088,0.2011,0.2021,8448570.7
2026-09-30 15:00:00+00:00,0.202,0.2054,0.1996,0.205,5221848.4
2026-09-30 16:00:00+00:00,0.205,0.2072,0.2039,0.2063,2880117.4
2026-09-30 17:00:00+00:00,0.2063,0.2064,0.2034,0.2043,2642665.4
2026-09-30 18:00:00+00:00,0.2042,0.2048,0.2023,0.2034,2659699.7
2026-09-30 19:00:00+00:00,0.2035,0.2042,0.2015,0.202,2100449.0
2026-09-30 20:00:00+00:00,0.202,0.2055,0.2016,0.2046,2483548.9
2026-09-30 21:00:00+00:00,0.2047,0.2055,0.2025,0.2025,1804042.4
2026-09-30 22:00:00+00:00,0.2027,0.2046,0.2012,0.2034,1875218.5
2026-09-30 23:00:00+00:00,0.2034,0.2045,0.2027,0.2029,1433662.7
2026-10-01 00:00:00+00:00,0.203,0.2035,0.202,0.2025,2034139.6
2026-10-01 01:00:00+00:00,0.2024,0.2047,0.2024,0.2025,1667337.1
2026-10-01 02:00:00+00:00,0.2025,0.2048,0.2018,0.2044,1530385.2
2026-10-01 03:00:00+00:00,0.2043,0.2053,0.2029,0.2046,3486024.7
2026-10-01 04:00:00+00:00,0.2047,0.2074,0.2044,0.2057,3375473.4
2026-10-01 05:00:00+00:00,0.2057,0.2078,0.2053,0.2076,2425418.4
2026-10-01 06:00:00+00:00,0.2076,0.2085,0.2051,0.2058,2537341.7
2026-10-01 07:00:00+00:00,0.2057,0.2063,0.1988,0.1997,7008120.5
2026-10-01 08:00:00+00:00,0.1997,0.2019,0.1983,0.2015,3572243.8
2026-10-01 09:00:00+00:00,0.2015,0.2017,0.1984,0.1991,3735269.4
2026-10-01 10:00:00+00:00,0.1991,0.1993,0.1965,0.1992,3641823.0
2026-10-01 11:00:00+00:00,0.1991,0.2008,0.1981,0.2006,2014011.9
2026-10-01 12:00:00+00:00,0.2006,0.2012,0.1995,0.2002,1987765.3
2026-10-01 13:00:00+00:00,0.2002,0.2022,0.1979,0.2014,3748215.9
2026-10-01 14:00:00+00:00,0.2012,0.2022,0.1978,0.1988,2819339.1
2026-10-01 15:00:00+00:00,0.1988,0.2022,0.1974,0.201,4005545.6
2026-10-01 16:00:00+00:00,0.201,0.2019,0.1974,0.1978,2750363.6
2026-10-01 17:00:00+00:00,0.1978,0.2027,0.1978,0.2013,3718015.6
2026-10-01 18:00:00+00:00,0.2013,0.2026,0.2,0.2005,2069708.3
2026-10-01 19:00:00+00:00,0.2006,0.2011,0.1978,0.2008,1825104.2
2026-10-01 20:00:00+00:00,0.201,0.2018,0.1997,0.1999,1540678.3
2026-10-01 21:00:00+00:00,0.2,0.2003,0.1975,0.1986,2408358.4
2026-10-01 22:00:00+00:00,0.1985,0.2005,0.1985,0.1997,1793317.0
2026-10-01 23:00:00+00:00,0.1998,0.2,0.1991,0.1999,1165896.8
2026-10-02 00:00:00+00:00,0.1998,0.2015,0.1998,0.2004,868468.8
2026-10-02 01:00:00+00:00,0.2004,0.2024,0.1991,0.202,2078595.4
2026-10-02 02:00:00+00:00,0.2021,0.2034,0.2012,0.2031,1885487.1
2026-10-02 03:00:00+00:00,0.2031,0.204,0.2019,0.2026,1133339.8
