time,open,high,low,close,volume
2026-06-04 04:00:00+00:00,8.036,8.077,7.974,7.987,80274.4
2026-06-04 05:00:00+00:00,7.986,7.986,7.859,7.898,148336.21
2026-06-04 06:00:00+00:00,7.897,8.001,7.884,7.929,106186.9
2026-06-04 07:00:00+00:00,7.93,7.939,7.819,7.824,144788.92
2026-06-04 08:00:00+00:00,7.825,7.85,7.74,7.801,154729.84
2026-06-04 09:00:00+00:00,7.801,7.804,7.601,7.719,252015.1
2026-06-04 10:00:00+00:00,7.719,7.721,7.544,7.575,449676.83
2026-06-04 11:00:00+00:00,7.575,7.68,7.543,7.663,242934.8
2026-06-04 12:00:00+00:00,7.663,7.826,7.616,7.804,188175.03
2026-06-04 13:00:00+00:00,7.804,7.828,7.679,7.788,201620.69
2026-06-04 14:00:00+00:00,7.789,7.808,7.727,7.771,182026.92
2026-06-04 15:00:00+00:00,7.77,7.858,7.75,7.762,119462.67
2026-06-04 16:00:00+00:00,7.764,7.798,7.707,7.759,90756.91
2026-06-04 17:00:00+00:00,7.758,7.796,7.672,7.753,121533.68
2026-06-04 18:00:00+00:00,7.754,7.842,7.69,7.81,89317.61
2026-06-04 19:00:00+00:00,7.809,7.847,7.764,7.78,80536.85
2026-06-04 20:00:00+00:00,7.779,7.781,7.704,7.74,69656.22
2026-06-04 21:00:00+00:00,7.739,7.764,7.567,7.596,150746.53
2026-06-04 22:00:00+00:00,7.596,7.679,7.575,7.672,145021.6
2026-06-04 23:00:00+00:00,7.671,7.712,7.616,7.707,110480.73
2026-06-05 00:00:00+00:00,7.706,7.724,7.632,7.637,109795.31
2026-06-05 01:00:00+00:00,7.637,7.682,7.564,7.647,160760.84
2026-06-05 02:00:00+00:00,7.647,7.651,7.418,7.434,270780.08
2026-06-05 03:00:00+00:00,7.435,7.502,7.313,7.317,251034.86
2026-06-05 04:00:00+00:00,7.318,7.487,7.293,7.482,243458.64
2026-06-05 05:00:00+00:00,7.482,7.509,7.252,7.263,289338.62
2026-06-05 06:00:00+00:00,7.263,7.283,7.005,7.181,564050.36
2026-06-05 07:00:00+00:00,7.18,7.319,7.056,7.305,336924.76
2026-06-05 08:00:00+00:00,7.306,7.307,7.124,7.158,167366.1
2026-06-05 09:00:00+00:00,7.159,7.283,7.158,7.254,170382.68
2026-06-05 10:00:00+00:00,7.255,7.269,7.137,7.158,119340.71
2026-06-05 11:00:00+00:00,7.157,7.159,7.063,7.077,191841.67
2026-06-05 12:00:00+00:00,7.076,7.13,7.016,7.086,215580.37
2026-06-05 13:00:00+00:00,7.087,7.223,6.968,6.974,293350.59
2026-06-05 14:00:00+00:00,6.974,7.127,6.891,7.077,379388.27
2026-06-05 15:00:00+00:00,7.077,7.092,6.851,6.904,405380.17
2026-06-05 16:00:00+00:00,6.903,7.081,6.79,7.062,561141.51
2026-06-05 17:00:00+00:00,7.062,7.109,6.982,7.021,162701.16
2026-06-05 18:00:00+00:00,7.022,7.066,6.808,6.826,210220.45
2026-06-05 19:00:00+00:00,6.825,6.83,6.584,6.7,562936.33
2026-06-05 20:00:00+00:00,6.697,6.98,6.613,6.908,422566.44
2026-06-05 21:00:00+00:00,6.907,7.01,6.889,6.957,111989.02
2026-06-05 22:00:00+00:00,6.956,6.959,6.769,6.807,185751.57
2026-06-05 23:00:00+00:00,6.808,6.854,6.634,6.729,187261.47
2026-06-06 00:00:00+00:00,6.73,6.909,6.728,6.899,111562.23
2026-06-06 01:00:00+00:00,6.9,6.933,6.726,6.744,91297.44
2026-06-06 02:00:00+00:00,6.743,6.75,6.653,6.658,89497.82
2026-06-06 03:00:00+00:00,6.657,6.657,6.515,6.526,161056.96
2026-06-06 04:00:00+00:00,6.526,6.552,6.224,6.307,503012.24
2026-06-06 05:00:00+00:00,6.306,6.584,6.256,6.582,222975.54
2026-06-06 06:00:00+00:00,6.583,6.689,6.543,6.546,103430.59
2026-06-06 07:00:00+00:00,6.547,6.716,6.523,6.676,139666.62
2026-06-06 08:00:00+00:00,6.677,6.759,6.634,6.746,135277.74
2026-06-06 09:00:00+00:00,6.746,6.838,6.701,6.713,146382.31
2026-06-06 10:00:00+00:00,6.714,6.714,6.571,6.62,183150.3
2026-06-06 11:00:00+00:00,6.619,6.705,6.607,6.683,85110.6
2026-06-06 12:00:00+00:00,6.683,6.804,6.655,6.786,117183.98
2026-06-06 13:00:00+00:00,6.785,6.82,6.743,6.762,90270.52
2026-06-06 14:00:00+00:00,6.763,6.828,6.749,6.754,115333.04
2026-06-06 15:00:00+00:00,6.755,6.77,6.602,6.693,163203.85
2026-06-06 16:00:00+00:00,6.692,6.715,6.629,6.697,113199.99
2026-06-06 17:00:00+00:00,6.698,6.706,6.596,6.613,114553.95
2026-06-06 18:00:00+00:00,6.612,6.666,6.597,6.64,63936.75
2026-06-06 19:00:00+00:00,6.64,6.672,6.608,6.608,53938.8
2026-06-06 20:00:00+00:00,6.608,6.63,6.567,6.623,91407.73
2026-06-06 21:00:00+00:00,6.624,6.672,6.624,6.629,71260.4
2026-06-06 22:00:00+00:00,6.628,6.657,6.586,6.634,74289.98
2026-06-06 23:00:00+00:00,6.634,6.689,6.631,6.664,45871.35
2026-06-07 00:00:00+00:00,6.665,6.702,6.652,6.663,47950.5
2026-06-07 01:00:00+00:00,6.661,6.841,6.653,6.782,197150.99
2026-06-07 02:00:00+00:00,6.783,6.796,6.717,6.775,69290.84
2026-06-07 03:00:00+00:00,6.775,6.801,6.725,6.757,60390.39
2026-06-07 04:00:00+00:00,6.756,6.787,6.69,6.78,71076.31
2026-06-07 05:00:00+00:00,6.779,6.82,6.751,6.772,84530.42
2026-06-07 06:00:00+00:00,6.771,6.835,6.728,6.792,135859.97
2026-06-07 07:00:00+00:00,6.791,6.833,6.758,6.825,125190.99
2026-06-07 08:00:00+00:00,6.825,6.886,6.779,6.874,171170.67
2026-06-07 09:00:00+00:00,6.874,6.88,6.77,6.771,126718.72
2026-06-07 10:00:00+00:00,6.772,6.781,6.696,6.714,111646.48
2026-06-07 11:00:00+00:00,6.714,6.755,6.695,6.729,119807.2
2026-06-07 12:00:00+00:00,6.73,6.735,6.593,6.651,217926.14
2026-06-07 13:00:00+00:00,6.651,6.676,6.627,6.66,80064.23
2026-06-07 14:00:00+00:00,6.66,6.777,6.646,6.725,156410.76
2026-06-07 15:00:00+00:00,6.725,6.725,6.669,6.71,109293.05
2026-06-07 16:00:00+00:00,6.71,6.723,6.669,6.698,71069.34
2026-06-07 17:00:00+00:00,6.698,6.743,6.664,6.688,121084.68
2026-06-07 18:00:00+00:00,6.688,6.724,6.667,6.671,44214.69
2026-06-07 19:00:00+00:00,6.672,6.672,6.508,6.541,228505.09
2026-06-07 20:00:00+00:00,6.54,6.62,6.519,6.61,98078.27
2026-06-07 21:00:00+00:00,6.609,6.628,6.561,6.595,52367.45
2026-06-07 22:00:00+00:00,6.596,6.964,6.59,6.75,364831.03
2026-06-07 23:00:00+00:00,6.749,6.839,6.736,6.819,132362.38
2026-06-08 00:00:00+00:00,6.818,6.864,6.765,6.822,119813.58
2026-06-08 01:00:00+00:00,6.823,6.825,6.636,6.712,168498.91
2026-06-08 02:00:00+00:00,6.713,6.731,6.669,6.7,92072.01
2026-06-08 03:00:00+00:00,6.7,6.736,6.637,6.668,94419.52
2026-06-08 04:00:00+00:00,6.669,6.678,6.585,6.589,80156.94
2026-06-08 05:00:00+00:00,6.589,6.615,6.538,6.596,136635.84
2026-06-08 06:00:00+00:00,6.596,6.667,6.594,6.648,97705.21
2026-06-08 07:00:00+00:00,6.648,6.705,6.607,6.703,83448.28
2026-06-08 08:00:00+00:00,6.703,6.705,6.629,6.663,139025.63
2026-06-08 09:00:00+00:00,6.662,6.715,6.621,6.709,108183.8
2026-06-08 10:00:00+00:00,6.708,6.745,6.664,6.702,81631.33
2026-06-08 11:00:00+00:00,6.702,6.824,6.688,6.785,145472.18
2026-06-08 12:00:00+00:00,6.785,6.822,6.708,6.812,198782.54
2026-06-08 13:00:00+00:00,6.813,6.827,6.702,6.732,147764.83
2026-06-08 14:00:00+00:00,6.733,6.823,6.701,6.817,152333.03
2026-06-08 15:00:00+00:00,6.818,6.88,6.797,6.809,144170.9
2026-06-08 16:00:00+00:00,6.81,6.856,6.787,6.804,133761.21
2026-06-08 17:00:00+00:00,6.804,6.835,6.771,6.832,98886.01
2026-06-08 18:00:00+00:00,6.831,6.864,6.79,6.821,72798.09
2026-06-08 19:00:00+00:00,6.821,6.847,6.804,6.822,61891.13
2026-06-08 20:00:00+00:00,6.823,6.825,6.752,6.798,121467.09
2026-06-08 21:00:00+00:00,6.799,6.882,6.796,6.818,121781.51
2026-06-08 22:00:00+00:00,6.817,6.817,6.773,6.802,77402.47
2026-06-08 23:00:00+00:00,6.802,6.823,6.745,6.766,49038.05
2026-06-09 00:00:00+00:00,6.767,6.777,6.593,6.616,300936.17
2026-06-09 01:00:00+00:00,6.615,6.664,6.598,6.657,83235.0
2026-06-09 02:00:00+00:00,6.657,6.678,6.601,6.66,49061.15
2026-06-09 03:00:00+00:00,6.661,6.685,6.623,6.67,122103.48
2026-06-09 04:00:00+00:00,6.67,6.778,6.645,6.744,174101.84
2026-06-09 05:00:00+00:00,6.744,6.793,6.739,6.779,54595.76
2026-06-09 06:00:00+00:00,6.78,6.788,6.753,6.755,43646.21
2026-06-09 07:00:00+00:00,6.756,6.787,6.729,6.748,69065.09
2026-06-09 08:00:00+00:00,6.749,6.751,6.701,6.719,62337.27
2026-06-09 09:00:00+00:00,6.718,6.728,6.663,6.677,57822.41
2026-06-09 10:00:00+00:00,6.678,6.703,6.66,6.696,67155.0
2026-06-09 11:00:00+00:00,6.695,6.718,6.667,6.711,42130.95
2026-06-09 12:00:00+00:00,6.71,6.743,6.701,6.735,54440.06
2026-06-09 13:00:00+00:00,6.735,6.748,6.672,6.69,96428.62
2026-06-09 14:00:00+00:00,6.69,6.705,6.531,6.61,214710.31
2026-06-09 15:00:00+00:00,6.609,6.643,6.518,6.526,109853.41
2026-06-09 16:00:00+00:00,6.526,6.554,6.445,6.521,166387.91
2026-06-09 17:00:00+00:00,6.521,6.641,6.517,6.608,125780.53
2026-06-09 18:00:00+00:00,6.608,6.675,6.59,6.65,82051.33
2026-06-09 19:00:00+00:00,6.65,6.68,6.631,6.658,86892.51
2026-06-09 20:00:00+00:00,6.659,6.7,6.656,6.68,74299.85
2026-06-09 21:00:00+00:00,6.68,6.69,6.614,6.625,76108.07
2026-06-09 22:00:00+00:00,6.625,6.657,6.611,6.619,67747.5
2026-06-09 23:00:00+00:00,6.619,6.652,6.611,6.639,47772.63
2026-06-10 00:00:00+00:00,6.639,6.676,6.601,6.668,62518.55
2026-06-10 01:00:00+00:00,6.668,6.68,6.619,6.635,53025.1
2026-06-10 02:00:00+00:00,6.636,6.65,6.556,6.566,48885.41
2026-06-10 03:00:00+00:00,6.567,6.611,6.557,6.583,27792.2
2026-06-10 04:00:00+00:00,6.583,6.593,6.532,6.547,43761.7
2026-06-10 05:00:00+00:00,6.548,6.564,6.489,6.515,80129.14
2026-06-10 06:00:00+00:00,6.515,6.551,6.497,6.528,62931.95
2026-06-10 07:00:00+00:00,6.527,6.585,6.526,6.563,64035.91
2026-06-10 08:00:00+00:00,6.564,6.564,6.442,6.473,179565.73
2026-06-10 09:00:00+00:00,6.474,6.509,6.432,6.494,102565.66
2026-06-10 10:00:00+00:00,6.495,6.504,6.44,6.499,56320.67
2026-06-10 11:00:00+00:00,6.5,6.509,6.419,6.462,154844.96
2026-06-10 12:00:00+00:00,6.462,6.601,6.439,6.543,193617.38
2026-06-10 13:00:00+00:00,6.543,6.664,6.529,6.599,173107.86
2026-06-10 14:00:00+00:00,6.6,6.61,6.51,6.554,130758.57
2026-06-10 15:00:00+00:00,6.555,6.617,6.502,6.58,224293.77
2026-06-10 16:00:00+00:00,6.58,6.583,6.461,6.506,199296.04
2026-06-10 17:00:00+00:00,6.506,6.535,6.429,6.49,193945.55
2026-06-10 18:00:00+00:00,6.49,6.535,6.479,6.535,115144.24
2026-06-10 19:00:00+00:00,6.534,6.536,6.442,6.461,167752.65
2026-06-10 20:00:00+00:00,6.462,6.484,6.423,6.443,113834.68
2026-06-10 21:00:00+00:00,6.442,6.443,6.301,6.338,192314.97
2026-06-10 22:00:00+00:00,6.339,6.392,6.312,6.333,164463.67
2026-06-10 23:00:00+00:00,6.333,6.407,6.306,6.383,103340.04
2026-06-11 00:00:00+00:00,6.382,6.451,6.381,6.435,82787.95
2026-06-11 01:00:00+00:00,6.434,6.52,6.433,6.501,79900.26
2026-06-11 02:00:00+00:00,6.501,6.508,6.444,6.482,62544.14
2026-06-11 03:00:00+00:00,6.482,6.64,6.458,6.597,150001.1
2026-06-11 04:00:00+00:00,6.597,6.63,6.57,6.607,154168.34
2026-06-11 05:00:00+00:00,6.606,6.606,6.566,6.567,65938.12
2026-06-11 06:00:00+00:00,6.567,6.609,6.549,6.578,89231.79
2026-06-11 07:00:00+00:00,6.577,6.61,6.573,6.593,59800.94
2026-06-11 08:00:00+00:00,6.593,6.642,6.586,6.614,96288.4
2026-06-11 09:00:00+00:00,6.613,6.613,6.54,6.579,147239.3
2026-06-11 10:00:00+00:00,6.578,6.588,6.552,6.577,60350.81
2026-06-11 11:00:00+00:00,6.576,6.622,6.554,6.598,65287.6
2026-06-11 12:00:00+00:00,6.599,6.6,6.501,6.558,164398.22
2026-06-11 13:00:00+00:00,6.557,6.611,6.537,6.585,106597.75
2026-06-11 14:00:00+00:00,6.585,6.597,6.523,6.544,137067.73
2026-06-11 15:00:00+00:00,6.544,6.573,6.51,6.544,79253.06
2026-06-11 16:00:00+00:00,6.545,6.561,6.511,6.517,67850.81
2026-06-11 17:00:00+00:00,6.516,6.689,6.476,6.672,261596.83
2026-06-11 18:00:00+00:00,6.673,6.692,6.628,6.651,116662.07
2026-06-11 19:00:00+00:00,6.65,6.707,6.634,6.667,123546.9
2026-06-11 20:00:00+00:00,6.668,6.678,6.607,6.634,88511.91
2026-06-11 21:00:00+00:00,6.634,6.672,6.633,6.651,54805.15
2026-06-11 22:00:00+00:00,6.651,6.677,6.634,6.646,42509.64
2026-06-11 23:00:00+00:00,6.646,6.672,6.626,6.648,43058.71
2026-06-12 00:00:00+00:00,6.648,6.667,6.637,6.64,41041.75
2026-06-12 01:00:00+00:00,6.639,6.641,6.601,6.629,40822.96
2026-06-12 02:00:00+00:00,6.63,6.677,6.63,6.661,34208.09
2026-06-12 03:00:00+00:00,6.661,6.665,6.637,6.659,21102.39
2026-06-12 04:00:00+00:00,6.659,6.69,6.641,6.664,46846.71
2026-06-12 05:00:00+00:00,6.665,6.665,6.612,6.619,39994.81
2026-06-12 06:00:00+00:00,6.617,6.625,6.527,6.546,97717.74
2026-06-12 07:00:00+00:00,6.546,6.584,6.546,6.571,45494.9
2026-06-12 08:00:00+00:00,6.572,6.637,6.568,6.624,41068.32
2026-06-12 09:00:00+00:00,6.623,6.668,6.615,6.647,51664.71
2026-06-12 10:00:00+00:00,6.647,6.662,6.614,6.637,37015.21
2026-06-12 11:00:00+00:00,6.637,6.659,6.629,6.638,39422.39
2026-06-12 12:00:00+00:00,6.637,6.65,6.607,6.617,39839.34
2026-06-12 13:00:00+00:00,6.617,6.62,6.52,6.542,114605.74
2026-06-12 14:00:00+00:00,6.542,6.673,6.537,6.667,143074.7
2026-06-12 15:00:00+00:00,6.668,6.7,6.546,6.554,175671.74
2026-06-12 16:00:00+00:00,6.552,6.623,6.523,6.622,98107.99
2026-06-12 17:00:00+00:00,6.623,6.654,6.59,6.596,54232.92
2026-06-12 18:00:00+00:00,6.596,6.617,6.559,6.586,57299.59
2026-06-12 19:00:00+00:00,6.587,6.628,6.581,6.586,37579.93
2026-06-12 20:00:00+00:00,6.587,6.606,6.571,6.581,38343.03
2026-06-12 21:00:00+00:00,6.582,6.603,6.554,6.565,32954.78
2026-06-12 22:00:00+00:00,6.565,6.588,6.55,6.571,47238.5
2026-06-12 23:00:00+00:00,6.571,6.575,6.54,6.571,28369.68
2026-06-13 00:00:00+00:00,6.57,6.595,6.557,6.586,19284.42
2026-06-13 01:00:00+00:00,6.586,6.635,6.581,6.62,38304.53
2026-06-13 02:00:00+00:00,6.62,6.625,6.591,6.605,21940.5
2026-06-13 03:00:00+00:00,6.605,6.616,6.573,6.597,22581.93
2026-06-13 04:00:00+00:00,6.598,6.622,6.573,6.588,20486.59
2026-06-13 05:00:00+00:00,6.589,6.62,6.569,6.592,20123.77
2026-06-13 06:00:00+00:00,6.593,6.643,6.573,6.635,49630.86
2026-06-13 07:00:00+00:00,6.634,6.686,6.618,6.666,78416.17
2026-06-13 08:00:00+00:00,6.667,6.683,6.648,6.661,32594.17
2026-06-13 09:00:00+00:00,6.661,6.671,6.648,6.651,24869.7
2026-06-13 10:00:00+00:00,6.653,6.663,6.63,6.645,25180.82
2026-06-13 11:00:00+00:00,6.645,6.678,6.643,6.674,36678.0
2026-06-13 12:00:00+00:00,6.674,6.695,6.663,6.68,25387.8
2026-06-13 13:00:00+00:00,6.68,6.685,6.66,6.676,38290.45
2026-06-13 14:00:00+00:00,6.676,6.694,6.669,6.691,46911.19
2026-06-13 15:00:00+00:00,6.692,6.76,6.685,6.754,142418.78
2026-06-13 16:00:00+00:00,6.754,6.769,6.679,6.717,104241.43
2026-06-13 17:00:00+00:00,6.716,6.728,6.683,6.697,42451.66
2026-06-13 18:00:00+00:00,6.696,6.722,6.691,6.708,26854.17
2026-06-13 19:00:00+00:00,6.707,6.734,6.69,6.715,41820.61
2026-06-13 20:00:00+00:00,6.715,6.724,6.699,6.72,13354.95
2026-06-13 21:00:00+00:00,6.72,6.776,6.702,6.749,38792.21
2026-06-13 22:00:00+00:00,6.751,6.753,6.719,6.72,24081.16
2026-06-13 23:00:00+00:00,6.719,6.735,6.705,6.719,14667.78
2026-06-14 00:00:00+00:00,6.718,6.718,6.694,6.702,27109.93
2026-06-14 01:00:00+00:00,6.703,6.735,6.69,6.708,20740.03
2026-06-14 02:00:00+00:00,6.708,6.731,6.703,6.712,16638.2
2026-06-14 03:00:00+00:00,6.712,6.727,6.7,6.722,41301.92
2026-06-14 04:00:00+00:00,6.723,6.724,6.663,6.676,24739.18
2026-06-14 05:00:00+00:00,6.676,6.687,6.651,6.678,34053.37
2026-06-14 06:00:00+00:00,6.679,6.698,6.656,6.659,19896.53
2026-06-14 07:00:00+00:00,6.659,6.663,6.642,6.658,23523.96
2026-06-14 08:00:00+00:00,6.657,6.669,6.647,6.652,14430.95
2026-06-14 09:00:00+00:00,6.652,6.678,6.624,6.675,30309.51
2026-06-14 10:00:00+00:00,6.674,6.683,6.644,6.645,40244.23
2026-06-14 11:00:00+00:00,6.645,6.658,6.636,6.646,25079.82
2026-06-14 12:00:00+00:00,6.646,6.652,6.601,6.609,34535.82
2026-06-14 13:00:00+00:00,6.609,6.615,6.561,6.581,68135.58
2026-06-14 14:00:00+00:00,6.582,6.582,6.495,6.53,128503.19
2026-06-14 15:00:00+00:00,6.53,6.541,6.515,6.531,68893.62
2026-06-14 16:00:00+00:00,6.53,6.552,6.512,6.526,55843.64
2026-06-14 17:00:00+00:00,6.525,6.53,6.463,6.473,97314.82
2026-06-14 18:00:00+00:00,6.473,6.474,6.376,6.402,233349.42
2026-06-14 19:00:00+00:00,6.402,6.472,6.397,6.434,115914.58
2026-06-14 20:00:00+00:00,6.434,6.486,6.413,6.462,90972.58
2026-06-14 21:00:00+00:00,6.462,6.771,6.456,6.714,264635.47
2026-06-14 22:00:00+00:00,6.715,6.765,6.69,6.725,211365.08
2026-06-14 23:00:00+00:00,6.725,6.791,6.699,6.79,154600.19
2026-06-15 00:00:00+00:00,6.789,6.805,6.73,6.753,112737.64
2026-06-15 01:00:00+00:00,6.754,6.755,6.7,6.718,62029.0
2026-06-15 02:00:00+00:00,6.719,6.775,6.71,6.734,84477.42
2026-06-15 03:00:00+00:00,6.734,6.777,6.725,6.764,56711.45
2026-06-15 04:00:00+00:00,6.764,6.78,6.742,6.747,48088.21
2026-06-15 05:00:00+00:00,6.746,6.802,6.735,6.787,59866.06
2026-06-15 06:00:00+00:00,6.787,6.804,6.762,6.772,60911.34
2026-06-15 07:00:00+00:00,6.773,6.806,6.753,6.758,76976.15
2026-06-15 08:00:00+00:00,6.758,6.796,6.751,6.774,55471.68
2026-06-15 09:00:00+00:00,6.774,6.79,6.74,6.762,87186.75
2026-06-15 10:00:00+00:00,6.762,6.858,6.757,6.839,150985.74
2026-06-15 11:00:00+00:00,6.839,6.953,6.812,6.909,218203.08
2026-06-15 12:00:00+00:00,6.909,6.952,6.877,6.929,142032.21
2026-06-15 13:00:00+00:00,6.929,7.01,6.92,6.975,291801.21
2026-06-15 14:00:00+00:00,6.976,6.978,6.914,6.948,102552.21
2026-06-15 15:00:00+00:00,6.947,7.035,6.913,7.035,262596.2
2026-06-15 16:00:00+00:00,7.036,7.079,7.012,7.035,201917.59
2026-06-15 17:00:00+00:00,7.034,7.052,6.979,7.018,119750.04
2026-06-15 18:00:00+00:00,7.017,7.032,6.973,6.978,86716.0
2026-06-15 19:00:00+00:00,6.978,7.004,6.883,6.897,147244.37
2026-06-15 20:00:00+00:00,6.897,6.926,6.873,6.882,90662.02
2026-06-15 21:00:00+00:00,6.883,6.902,6.858,6.876,76732.63
2026-06-15 22:00:00+00:00,6.876,6.898,6.81,6.83,79615.71
2026-06-15 23:00:00+00:00,6.83,6.849,6.803,6.84,138987.52
2026-06-16 00:00:00+00:00,6.839,6.872,6.827,6.835,79023.29
2026-06-16 01:00:00+00:00,6.836,6.874,6.831,6.836,31620.6
2026-06-16 02:00:00+00:00,6.835,6.841,6.746,6.771,95543.62
2026-06-16 03:00:00+00:00,6.771,6.835,6.76,6.835,51478.37
2026-06-16 04:00:00+00:00,6.834,6.842,6.76,6.769,43561.75
2026-06-16 05:00:00+00:00,6.77,6.816,6.77,6.806,32794.23
2026-06-16 06:00:00+00:00,6.807,6.867,6.807,6.86,38059.76
2026-06-16 07:00:00+00:00,6.861,6.928,6.854,6.924,70876.3
2026-06-16 08:00:00+00:00,6.923,7.05,6.915,7.032,127982.21
2026-06-16 09:00:00+00:00,7.032,7.038,6.948,6.959,81191.76
2026-06-16 10:00:00+00:00,6.959,6.988,6.943,6.955,68384.78
2026-06-16 11:00:00+00:00,6.955,6.975,6.922,6.951,53803.82
2026-06-16 12:00:00+00:00,6.951,7.001,6.927,6.968,106877.72
2026-06-16 13:00:00+00:00,6.968,6.975,6.836,6.837,164222.73
2026-06-16 14:00:00+00:00,6.838,6.869,6.714,6.762,258585.24
2026-06-16 15:00:00+00:00,6.761,6.817,6.752,6.79,87267.29
2026-06-16 16:00:00+00:00,6.79,6.804,6.767,6.782,51611.61
2026-06-16 17:00:00+00:00,6.783,6.857,6.782,6.853,66388.76
2026-06-16 18:00:00+00:00,6.854,6.91,6.848,6.879,118181.32
2026-06-16 19:00:00+00:00,6.879,6.898,6.825,6.864,104395.68
2026-06-16 20:00:00+00:00,6.864,6.951,6.847,6.932,126067.56
2026-06-16 21:00:00+00:00,6.932,6.946,6.889,6.918,80491.28
2026-06-16 22:00:00+00:00,6.918,6.924,6.883,6.906,51524.85
2026-06-16 23:00:00+00:00,6.907,6.915,6.871,6.88,46485.86
2026-06-17 00:00:00+00:00,6.881,6.923,6.881,6.897,50804.1
2026-06-17 01:00:00+00:00,6.898,6.971,6.871,6.966,76168.64
2026-06-17 02:00:00+00:00,6.965,7.022,6.946,6.984,126696.78
2026-06-17 03:00:00+00:00,6.983,6.983,6.932,6.954,73511.21
2026-06-17 04:00:00+00:00,6.955,6.987,6.938,6.953,63867.86
2026-06-17 05:00:00+00:00,6.954,6.975,6.907,6.941,73190.4
2026-06-17 06:00:00+00:00,6.941,6.965,6.884,6.904,130790.57
2026-06-17 07:00:00+00:00,6.905,6.955,6.87,6.899,94646.45
2026-06-17 08:00:00+00:00,6.9,6.903,6.793,6.811,125513.32
2026-06-17 09:00:00+00:00,6.81,6.85,6.81,6.838,63964.84
2026-06-17 10:00:00+00:00,6.839,6.847,6.81,6.814,42595.55
2026-06-17 11:00:00+00:00,6.814,6.823,6.774,6.806,69279.3
2026-06-17 12:00:00+00:00,6.806,6.851,6.768,6.849,149457.64
2026-06-17 13:00:00+00:00,6.849,6.872,6.815,6.832,80597.42
2026-06-17 14:00:00+00:00,6.831,6.873,6.79,6.837,92215.14
2026-06-17 15:00:00+00:00,6.837,6.971,6.827,6.968,181195.76
2026-06-17 16:00:00+00:00,6.968,7.018,6.91,6.91,169526.53
2026-06-17 17:00:00+00:00,6.911,6.97,6.884,6.965,115212.35
2026-06-17 18:00:00+00:00,6.964,6.964,6.775,6.897,358866.1
2026-06-17 19:00:00+00:00,6.897,6.915,6.703,6.737,353196.71
2026-06-17 20:00:00+00:00,6.736,6.796,6.718,6.791,113291.83
2026-06-17 21:00:00+00:00,6.791,6.796,6.718,6.741,65178.0
2026-06-17 22:00:00+00:00,6.741,6.768,6.653,6.738,128307.55
2026-06-17 23:00:00+00:00,6.739,6.778,6.739,6.766,47320.41
2026-06-18 00:00:00+00:00,6.766,6.795,6.759,6.762,53070.04
2026-06-18 01:00:00+00:00,6.762,6.804,6.761,6.772,31718.55
2026-06-18 02:00:00+00:00,6.773,6.798,6.752,6.789,27418.32
2026-06-18 03:00:00+00:00,6.788,6.788,6.703,6.712,72349.21
2026-06-18 04:00:00+00:00,6.713,6.714,6.623,6.639,165755.96
2026-06-18 05:00:00+00:00,6.638,6.64,6.575,6.62,160099.83
2026-06-18 06:00:00+00:00,6.62,6.65,6.596,6.646,76982.07
2026-06-18 07:00:00+00:00,6.646,6.684,6.62,6.676,85885.74
2026-06-18 08:00:00+00:00,6.677,6.698,6.652,6.67,87132.97
2026-06-18 09:00:00+00:00,6.67,6.683,6.643,6.674,84561.76
2026-06-18 10:00:00+00:00,6.674,6.675,6.626,6.651,68088.17
2026-06-18 11:00:00+00:00,6.651,6.662,6.607,6.62,74692.73
2026-06-18 12:00:00+00:00,6.621,6.669,6.609,6.666,69241.66
2026-06-18 13:00:00+00:00,6.666,6.68,6.559,6.619,142680.2
2026-06-18 14:00:00+00:00,6.619,6.673,6.568,6.593,110539.53
2026-06-18 15:00:00+00:00,6.593,6.594,6.214,6.245,1133098.59
2026-06-18 16:00:00+00:00,6.244,6.338,6.228,6.334,291261.57
2026-06-18 17:00:00+00:00,6.335,6.341,6.252,6.291,208008.02
2026-06-18 18:00:00+00:00,6.291,6.32,6.264,6.306,145195.56
2026-06-18 19:00:00+00:00,6.305,6.368,6.298,6.356,109511.22
2026-06-18 20:00:00+00:00,6.357,6.386,6.326,6.352,136152.94
2026-06-18 21:00:00+00:00,6.352,6.354,6.277,6.293,162134.51
2026-06-18 22:00:00+00:00,6.293,6.311,6.28,6.307,62932.18
2026-06-18 23:00:00+00:00,6.306,6.322,6.275,6.318,95945.55
2026-06-19 00:00:00+00:00,6.317,6.324,6.29,6.309,63117.87
2026-06-19 01:00:00+00:00,6.309,6.321,6.273,6.306,88524.16
2026-06-19 02:00:00+00:00,6.306,6.323,6.245,6.277,141109.2
2026-06-19 03:00:00+00:00,6.277,6.29,6.111,6.15,331837.29
2026-06-19 04:00:00+00:00,6.15,6.15,6.029,6.042,349418.07
2026-06-19 05:00:00+00:00,6.043,6.091,6.041,6.071,202538.9
2026-06-19 06:00:00+00:00,6.071,6.084,6.006,6.047,228643.88
2026-06-19 07:00:00+00:00,6.047,6.047,5.968,5.992,556773.84
2026-06-19 08:00:00+00:00,5.992,6.057,5.987,6.056,253908.64
2026-06-19 09:00:00+00:00,6.057,6.102,6.03,6.063,281649.31
2026-06-19 10:00:00+00:00,6.063,6.071,6.008,6.042,124917.56
2026-06-19 11:00:00+00:00,6.042,6.073,6.01,6.047,155658.53
2026-06-19 12:00:00+00:00,6.047,6.124,6.035,6.11,168234.71
2026-06-19 13:00:00+00:00,6.11,6.193,6.086,6.165,199489.05
2026-06-19 14:00:00+00:00,6.166,6.178,6.11,6.119,167440.36
2026-06-19 15:00:00+00:00,6.119,6.15,6.11,6.122,115670.11
2026-06-19 16:00:00+00:00,6.123,6.157,6.069,6.071,233763.79
2026-06-19 17:00:00+00:00,6.071,6.133,5.983,5.993,334729.77
2026-06-19 18:00:00+00:00,5.993,6.052,5.734,5.921,1815278.29
2026-06-19 19:00:00+00:00,5.92,5.92,5.681,5.879,1227911.6
2026-06-19 20:00:00+00:00,5.88,5.937,5.802,5.933,319795.95
2026-06-19 21:00:00+00:00,5.932,5.948,5.872,5.942,155530.64
2026-06-19 22:00:00+00:00,5.941,5.975,5.926,5.933,207280.96
2026-06-19 23:00:00+00:00,5.932,5.939,5.873,5.896,190533.81
2026-06-20 00:00:00+00:00,5.896,5.972,5.883,5.902,237239.79
2026-06-20 01:00:00+00:00,5.903,5.975,5.899,5.941,140701.52
2026-06-20 02:00:00+00:00,5.941,5.956,5.91,5.941,114847.99
2026-06-20 03:00:00+00:00,5.941,5.968,5.907,5.95,111018.19
2026-06-20 04:00:00+00:00,5.949,5.997,5.933,5.98,115062.8
2026-06-20 05:00:00+00:00,5.981,6.053,5.98,6.029,177406.7
2026-06-20 06:00:00+00:00,6.028,6.047,5.819,5.94,962010.27
2026-06-20 07:00:00+00:00,5.939,6.259,5.866,6.148,1638669.72
2026-06-20 08:00:00+00:00,6.149,6.177,6.098,6.163,193021.26
2026-06-20 09:00:00+00:00,6.163,6.211,6.163,6.188,135238.15
2026-06-20 10:00:00+00:00,6.188,6.216,6.167,6.214,151433.75
2026-06-20 11:00:00+00:00,6.214,6.221,6.141,6.162,117074.58
2026-06-20 12:00:00+00:00,6.163,6.188,6.141,6.168,126180.1
2026-06-20 13:00:00+00:00,6.167,6.174,6.027,6.122,962630.37
2026-06-20 14:00:00+00:00,6.121,6.161,6.047,6.107,394759.49
2026-06-20 15:00:00+00:00,6.107,6.162,6.09,6.15,168402.43
2026-06-20 16:00:00+00:00,6.151,6.152,6.099,6.142,54478.18
2026-06-20 17:00:00+00:00,6.142,6.145,6.068,6.109,75353.33
2026-06-20 18:00:00+00:00,6.109,6.127,6.085,6.09,100309.8
2026-06-20 19:00:00+00:00,6.089,6.121,6.069,6.116,96199.57
2026-06-20 20:00:00+00:00,6.117,6.148,6.106,6.14,111998.62
2026-06-20 21:00:00+00:00,6.139,6.204,6.136,6.182,216985.69
2026-06-20 22:00:00+00:00,6.182,6.256,6.166,6.242,271408.84
2026-06-20 23:00:00+00:00,6.241,6.263,6.228,6.239,111851.05
2026-06-21 00:00:00+00:00,6.24,6.292,6.233,6.266,216645.28
2026-06-21 01:00:00+00:00,6.266,6.273,6.228,6.248,116616.55
2026-06-21 02:00:00+00:00,6.248,6.248,6.216,6.237,47204.67
2026-06-21 03:00:00+00:00,6.236,6.272,6.225,6.263,65185.07
2026-06-21 04:00:00+00:00,6.263,6.286,6.23,6.237,60639.13
2026-06-21 05:00:00+00:00,6.237,6.26,6.204,6.22,61326.03
2026-06-21 06:00:00+00:00,6.22,6.25,6.211,6.241,47616.54
2026-06-21 07:00:00+00:00,6.241,6.345,6.218,6.287,155976.61
2026-06-21 08:00:00+00:00,6.288,6.318,6.235,6.288,116077.64
2026-06-21 09:00:00+00:00,6.288,6.342,6.264,6.314,130369.09
2026-06-21 10:00:00+00:00,6.314,6.326,6.282,6.303,165649.82
2026-06-21 11:00:00+00:00,6.303,6.312,6.26,6.267,89408.03
2026-06-21 12:00:00+00:00,6.267,6.289,6.24,6.282,88711.86
2026-06-21 13:00:00+00:00,6.283,6.309,6.269,6.297,58629.14
2026-06-21 14:00:00+00:00,6.297,6.372,6.263,6.324,129428.75
2026-06-21 15:00:00+00:00,6.325,6.348,6.311,6.331,65298.49
2026-06-21 16:00:00+00:00,6.331,6.335,6.241,6.273,90856.44
2026-06-21 17:00:00+00:00,6.273,6.298,6.233,6.247,66412.93
2026-06-21 18:00:00+00:00,6.247,6.276,6.228,6.267,59903.24
2026-06-21 19:00:00+00:00,6.266,6.277,6.254,6.263,33513.05
2026-06-21 20:00:00+00:00,6.263,6.268,6.175,6.2,85887.64
2026-06-21 21:00:00+00:00,6.2,6.207,6.128,6.174,104219.37
2026-06-21 22:00:00+00:00,6.174,6.204,6.123,6.144,70507.39
2026-06-21 23:00:00+00:00,6.144,6.144,6.097,6.113,76290.0
2026-06-22 00:00:00+00:00,6.113,6.213,6.113,6.202,88518.25
2026-06-22 01:00:00+00:00,6.202,6.336,6.192,6.268,155145.73
2026-06-22 02:00:00+00:00,6.268,6.274,6.228,6.231,43800.41
2026-06-22 03:00:00+00:00,6.232,6.293,6.202,6.23,113161.86
2026-06-22 04:00:00+00:00,6.23,6.286,6.218,6.276,48243.9
2026-06-22 05:00:00+00:00,6.275,6.32,6.27,6.301,63161.12
2026-06-22 06:00:00+00:00,6.302,6.306,6.196,6.251,456512.75
2026-06-22 07:00:00+00:00,6.251,6.308,6.246,6.286,102393.52
2026-06-22 08:00:00+00:00,6.286,6.288,6.22,6.265,138433.47
2026-06-22 09:00:00+00:00,6.264,6.274,6.239,6.24,70307.23
2026-06-22 10:00:00+00:00,6.24,6.285,6.24,6.269,40278.45
2026-06-22 11:00:00+00:00,6.268,6.379,6.26,6.365,120198.19
2026-06-22 12:00:00+00:00,6.365,6.426,6.352,6.405,157571.96
2026-06-22 13:00:00+00:00,6.406,6.472,6.363,6.463,165785.65
2026-06-22 14:00:00+00:00,6.464,6.468,6.304,6.331,136982.39
2026-06-22 15:00:00+00:00,6.331,6.35,6.283,6.307,112912.14
2026-06-22 16:00:00+00:00,6.307,6.331,6.281,6.313,95251.68
2026-06-22 17:00:00+00:00,6.312,6.329,6.268,6.32,85850.7
2026-06-22 18:00:00+00:00,6.319,6.336,6.262,6.271,93915.85
2026-06-22 19:00:00+00:00,6.27,6.279,6.234,6.271,60028.55
2026-06-22 20:00:00+00:00,6.272,6.297,6.265,6.277,30487.87
2026-06-22 21:00:00+00:00,6.278,6.283,6.216,6.25,42841.17
2026-06-22 22:00:00+00:00,6.251,6.269,6.166,6.211,89823.16
2026-06-22 23:00:00+00:00,6.21,6.247,6.193,6.241,64848.76
2026-06-23 00:00:00+00:00,6.241,6.277,6.214,6.276,84543.69
2026-06-23 01:00:00+00:00,6.275,6.298,6.224,6.27,79120.89
2026-06-23 02:00:00+00:00,6.269,6.313,6.246,6.301,59252.38
2026-06-23 03:00:00+00:00,6.302,6.313,6.276,6.313,43650.84
2026-06-23 04:00:00+00:00,6.314,6.334,6.265,6.273,60467.43
2026-06-23 05:00:00+00:00,6.274,6.295,6.212,6.238,67172.66
2026-06-23 06:00:00+00:00,6.239,6.246,6.065,6.167,730593.06
2026-06-23 07:00:00+00:00,6.166,6.215,6.145,6.157,184013.89
2026-06-23 08:00:00+00:00,6.157,6.166,6.013,6.125,224501.48
2026-06-23 09:00:00+00:00,6.124,6.214,6.124,6.211,233850.86
2026-06-23 10:00:00+00:00,6.211,6.246,6.171,6.202,151115.82
2026-06-23 11:00:00+00:00,6.202,6.258,6.201,6.257,134229.53
2026-06-23 12:00:00+00:00,6.258,6.305,6.233,6.247,183131.58
2026-06-23 13:00:00+00:00,6.247,6.307,6.217,6.285,207314.11
2026-06-23 14:00:00+00:00,6.286,6.456,6.275,6.327,426165.5
2026-06-23 15:00:00+00:00,6.327,6.388,6.292,6.371,182630.54
2026-06-23 16:00:00+00:00,6.372,6.408,6.328,6.335,187740.51
2026-06-23 17:00:00+00:00,6.335,6.352,6.275,6.283,164751.04
2026-06-23 18:00:00+00:00,6.283,6.313,6.271,6.302,106709.84
2026-06-23 19:00:00+00:00,6.302,6.353,6.296,6.34,121282.69
2026-06-23 20:00:00+00:00,6.341,6.45,6.341,6.413,309864.12
2026-06-23 21:00:00+00:00,6.413,6.451,6.409,6.431,121525.36
2026-06-23 22:00:00+00:00,6.43,6.527,6.423,6.473,166895.4
2026-06-23 23:00:00+00:00,6.472,6.514,6.442,6.484,142784.64
2026-06-24 00:00:00+00:00,6.484,6.544,6.484,6.514,159248.71
2026-06-24 01:00:00+00:00,6.515,6.54,6.455,6.455,138067.15
2026-06-24 02:00:00+00:00,6.456,6.464,6.412,6.437,125648.05
2026-06-24 03:00:00+00:00,6.438,6.453,6.407,6.417,80983.26
2026-06-24 04:00:00+00:00,6.417,6.443,6.367,6.428,90939.55
2026-06-24 05:00:00+00:00,6.427,6.458,6.427,6.437,62951.01
2026-06-24 06:00:00+00:00,6.436,6.458,6.411,6.422,52525.67
2026-06-24 07:00:00+00:00,6.422,6.428,6.356,6.395,144543.08
2026-06-24 08:00:00+00:00,6.394,6.415,6.378,6.407,58752.08
2026-06-24 09:00:00+00:00,6.406,6.418,6.386,6.411,57020.19
2026-06-24 10:00:00+00:00,6.411,6.431,6.386,6.404,75893.72
2026-06-24 11:00:00+00:00,6.403,6.496,6.371,6.447,144659.36
2026-06-24 12:00:00+00:00,6.447,6.45,6.413,6.427,52586.02
2026-06-24 13:00:00+00:00,6.427,6.431,6.286,6.308,319485.96
2026-06-24 14:00:00+00:00,6.307,6.36,6.287,6.329,208961.24
2026-06-24 15:00:00+00:00,6.33,6.335,6.206,6.234,238269.76
2026-06-24 16:00:00+00:00,6.233,6.306,6.106,6.144,268959.06
2026-06-24 17:00:00+00:00,6.146,6.173,5.998,6.023,255534.09
2026-06-24 18:00:00+00:00,6.023,6.158,6.005,6.098,134812.79
2026-06-24 19:00:00+00:00,6.098,6.148,6.073,6.144,129558.81
2026-06-24 20:00:00+00:00,6.143,6.366,6.119,6.337,274923.13
2026-06-24 21:00:00+00:00,6.338,6.387,6.305,6.38,103896.43
2026-06-24 22:00:00+00:00,6.381,6.492,6.381,6.424,235169.09
2026-06-24 23:00:00+00:00,6.425,6.472,6.402,6.444,127488.15
2026-06-25 00:00:00+00:00,6.444,6.483,6.391,6.403,119076.21
2026-06-25 01:00:00+00:00,6.403,6.433,6.396,6.425,64554.18
2026-06-25 02:00:00+00:00,6.424,6.46,6.39,6.411,115812.52
2026-06-25 03:00:00+00:00,6.411,6.435,6.391,6.414,54091.95
2026-06-25 04:00:00+00:00,6.414,6.509,6.389,6.485,92246.6
2026-06-25 05:00:00+00:00,6.485,6.64,6.484,6.551,404706.43
2026-06-25 06:00:00+00:00,6.55,6.622,6.55,6.578,136821.87
2026-06-25 07:00:00+00:00,6.579,6.589,6.515,6.531,177418.08
2026-06-25 08:00:00+00:00,6.531,6.534,6.489,6.509,70148.3
2026-06-25 09:00:00+00:00,6.51,6.515,6.488,6.503,44451.47
2026-06-25 10:00:00+00:00,6.503,6.51,6.424,6.432,197164.13
2026-06-25 11:00:00+00:00,6.432,6.445,6.385,6.404,125935.99
2026-06-25 12:00:00+00:00,6.404,6.447,6.34,6.379,143594.43
2026-06-25 13:00:00+00:00,6.379,6.393,5.954,5.979,605416.45
2026-06-25 14:00:00+00:00,5.98,6.232,5.98,6.125,535229.01
2026-06-25 15:00:00+00:00,6.125,6.135,6.037,6.118,217236.56
2026-06-25 16:00:00+00:00,6.119,6.173,6.073,6.106,105526.25
2026-06-25 17:00:00+00:00,6.108,6.26,6.108,6.258,231468.68
2026-06-25 18:00:00+00:00,6.258,6.26,6.12,6.14,124867.86
2026-06-25 19:00:00+00:00,6.14,6.14,6.046,6.109,140589.88
2026-06-25 20:00:00+00:00,6.11,6.181,6.11,6.141,91346.98
2026-06-25 21:00:00+00:00,6.141,6.254,6.138,6.254,87028.94
2026-06-25 22:00:00+00:00,6.253,6.259,6.193,6.203,53530.17
2026-06-25 23:00:00+00:00,6.204,6.269,6.2,6.235,62779.12
2026-06-26 00:00:00+00:00,6.235,6.249,6.205,6.212,45838.52
2026-06-26 01:00:00+00:00,6.211,6.229,6.121,6.129,60348.57
2026-06-26 02:00:00+00:00,6.13,6.133,5.986,5.998,184822.78
2026-06-26 03:00:00+00:00,5.999,6.157,5.963,6.143,165560.8
2026-06-26 04:00:00+00:00,6.144,6.158,6.081,6.086,59179.22
2026-06-26 05:00:00+00:00,6.087,6.132,6.072,6.107,63605.58
2026-06-26 06:00:00+00:00,6.108,6.256,6.077,6.247,142627.51
2026-06-26 07:00:00+00:00,6.246,6.335,6.243,6.312,168258.86
2026-06-26 08:00:00+00:00,6.312,6.322,6.215,6.226,108255.33
2026-06-26 09:00:00+00:00,6.227,6.26,6.152,6.159,93815.89
2026-06-26 10:00:00+00:00,6.16,6.179,6.141,6.151,53985.88
2026-06-26 11:00:00+00:00,6.152,6.175,6.105,6.136,59302.16
2026-06-26 12:00:00+00:00,6.136,6.191,6.072,6.099,106290.7
2026-06-26 13:00:00+00:00,6.1,6.261,6.043,6.256,183252.48
2026-06-26 14:00:00+00:00,6.255,6.287,6.205,6.226,169328.67
2026-06-26 15:00:00+00:00,6.228,6.377,6.21,6.373,213165.34
2026-06-26 16:00:00+00:00,6.374,6.458,6.343,6.383,283151.36
2026-06-26 17:00:00+00:00,6.382,6.523,6.375,6.471,269340.82
2026-06-26 18:00:00+00:00,6.47,6.504,6.39,6.401,117925.08
2026-06-26 19:00:00+00:00,6.402,6.447,6.373,6.383,125400.47
2026-06-26 20:00:00+00:00,6.383,6.451,6.342,6.359,148883.63
2026-06-26 21:00:00+00:00,6.358,6.386,6.335,6.349,27893.59
2026-06-26 22:00:00+00:00,6.348,6.55,6.32,6.533,240551.71
2026-06-26 23:00:00+00:00,6.532,6.634,6.527,6.633,221580.6
2026-06-27 00:00:00+00:00,6.633,6.67,6.521,6.59,258902.16
2026-06-27 01:00:00+00:00,6.59,6.59,6.527,6.537,81591.61
2026-06-27 02:00:00+00:00,6.537,6.671,6.499,6.654,170290.77
2026-06-27 03:00:00+00:00,6.653,6.653,6.544,6.549,81904.69
2026-06-27 04:00:00+00:00,6.55,6.596,6.543,6.554,130998.09
2026-06-27 05:00:00+00:00,6.555,6.576,6.521,6.569,58652.13
2026-06-27 06:00:00+00:00,6.569,6.637,6.54,6.593,119328.52
2026-06-27 07:00:00+00:00,6.593,6.6,6.556,6.563,58664.07
2026-06-27 08:00:00+00:00,6.562,6.584,6.543,6.565,66420.1
2026-06-27 09:00:00+00:00,6.566,6.573,6.513,6.533,64587.79
2026-06-27 10:00:00+00:00,6.533,6.543,6.503,6.526,73752.19
2026-06-27 11:00:00+00:00,6.525,6.581,6.45,6.579,169054.2
2026-06-27 12:00:00+00:00,6.58,6.581,6.521,6.538,78079.78
2026-06-27 13:00:00+00:00,6.538,6.588,6.533,6.58,60046.73
2026-06-27 14:00:00+00:00,6.581,6.646,6.567,6.615,105148.03
2026-06-27 15:00:00+00:00,6.616,6.676,6.608,6.637,111509.68
2026-06-27 16:00:00+00:00,6.638,6.653,6.614,6.623,107315.17
2026-06-27 17:00:00+00:00,6.623,6.623,6.532,6.535,101241.89
2026-06-27 18:00:00+00:00,6.535,6.536,6.499,6.508,54102.79
2026-06-27 19:00:00+00:00,6.509,6.521,6.4,6.431,150487.9
2026-06-27 20:00:00+00:00,6.431,6.46,6.427,6.432,40201.83
2026-06-27 21:00:00+00:00,6.433,6.459,6.374,6.402,56310.0
2026-06-27 22:00:00+00:00,6.401,6.434,6.336,6.429,109926.49
2026-06-27 23:00:00+00:00,6.43,6.464,6.414,6.433,57896.47
2026-06-28 00:00:00+00:00,6.433,6.443,6.411,6.429,59648.18
2026-06-28 01:00:00+00:00,6.429,6.43,6.385,6.394,47589.13
2026-06-28 02:00:00+00:00,6.395,6.423,6.366,6.372,67113.55
2026-06-28 03:00:00+00:00,6.372,6.413,6.369,6.406,22672.0
2026-06-28 04:00:00+00:00,6.405,6.41,6.376,6.398,18925.79
2026-06-28 05:00:00+00:00,6.399,6.399,6.355,6.374,68093.89
2026-06-28 06:00:00+00:00,6.375,6.385,6.302,6.331,72360.17
2026-06-28 07:00:00+00:00,6.33,6.361,6.318,6.341,29887.5
2026-06-28 08:00:00+00:00,6.341,6.384,6.307,6.368,87422.03
2026-06-28 09:00:00+00:00,6.369,6.395,6.313,6.327,68919.0
2026-06-28 10:00:00+00:00,6.327,6.356,6.313,6.322,39626.15
2026-06-28 11:00:00+00:00,6.323,6.364,6.312,6.358,30949.18
2026-06-28 12:00:00+00:00,6.357,6.357,6.306,6.324,47904.75
2026-06-28 13:00:00+00:00,6.324,6.324,6.28,6.302,56100.56
2026-06-28 14:00:00+00:00,6.302,6.342,6.294,6.321,44684.98
2026-06-28 15:00:00+00:00,6.322,6.355,6.311,6.327,42575.67
2026-06-28 16:00:00+00:00,6.327,6.33,6.27,6.312,126271.53
2026-06-28 17:00:00+00:00,6.311,6.336,6.279,6.32,50761.69
2026-06-28 18:00:00+00:00,6.319,6.353,6.315,6.349,37452.39
2026-06-28 19:00:00+00:00,6.349,6.369,6.308,6.335,39725.72
2026-06-28 20:00:00+00:00,6.334,6.475,6.33,6.406,129063.86
2026-06-28 21:00:00+00:00,6.407,6.42,6.299,6.327,84390.94
2026-06-28 22:00:00+00:00,6.328,6.445,6.316,6.351,97650.92
2026-06-28 23:00:00+00:00,6.35,6.487,6.337,6.448,83862.74
2026-06-29 00:00:00+00:00,6.45,6.489,6.364,6.483,115747.44
2026-06-29 01:00:00+00:00,6.484,6.546,6.425,6.508,67021.38
2026-06-29 02:00:00+00:00,6.509,6.541,6.406,6.521,119533.23
2026-06-29 03:00:00+00:00,6.522,6.663,6.521,6.617,169394.17
2026-06-29 04:00:00+00:00,6.618,6.634,6.526,6.588,237020.45
2026-06-29 05:00:00+00:00,6.588,6.617,6.504,6.613,98800.56
2026-06-29 06:00:00+00:00,6.614,6.65,6.531,6.539,151319.01
2026-06-29 07:00:00+00:00,6.539,6.566,6.5,6.55,69061.33
2026-06-29 08:00:00+00:00,6.551,6.577,6.5,6.529,171121.19
2026-06-29 09:00:00+00:00,6.529,6.613,6.523,6.613,94995.99
2026-06-29 10:00:00+00:00,6.613,6.63,6.564,6.599,92712.25
2026-06-29 11:00:00+00:00,6.599,6.611,6.538,6.574,84027.75
2026-06-29 12:00:00+00:00,6.574,6.714,6.529,6.569,235770.44
2026-06-29 13:00:00+00:00,6.569,6.621,6.525,6.564,137762.34
2026-06-29 14:00:00+00:00,6.565,6.567,6.448,6.566,188348.89
2026-06-29 15:00:00+00:00,6.566,6.671,6.497,6.659,182657.96
2026-06-29 16:00:00+00:00,6.66,6.703,6.626,6.688,179862.71
2026-06-29 17:00:00+00:00,6.688,6.822,6.686,6.757,357206.52
2026-06-29 18:00:00+00:00,6.757,6.77,6.721,6.727,78068.2
2026-06-29 19:00:00+00:00,6.727,6.744,6.707,6.725,76979.26
2026-06-29 20:00:00+00:00,6.725,6.736,6.671,6.671,60832.03
2026-06-29 21:00:00+00:00,6.671,6.716,6.662,6.703,67844.2
2026-06-29 22:00:00+00:00,6.704,6.72,6.688,6.696,78042.82
2026-06-29 23:00:00+00:00,6.696,6.701,6.661,6.679,38166.0
2026-06-30 00:00:00+00:00,6.678,6.681,6.611,6.655,72642.98
2026-06-30 01:00:00+00:00,6.654,6.677,6.627,6.659,47839.32
2026-06-30 02:00:00+00:00,6.659,6.677,6.628,6.671,34173.75
2026-06-30 03:00:00+00:00,6.671,6.671,6.622,6.629,42597.04
2026-06-30 04:00:00+00:00,6.629,6.64,6.601,6.633,42805.14
2026-06-30 05:00:00+00:00,6.633,6.638,6.581,6.611,40585.66
2026-06-30 06:00:00+00:00,6.612,6.616,6.576,6.599,30486.23
2026-06-30 07:00:00+00:00,6.598,6.616,6.568,6.579,84667.15
2026-06-30 08:00:00+00:00,6.579,6.648,6.565,6.64,147798.31
2026-06-30 09:00:00+00:00,6.641,6.655,6.6,6.634,101019.96
2026-06-30 10:00:00+00:00,6.635,6.639,6.599,6.608,37928.77
2026-06-30 11:00:00+00:00,6.607,6.613,6.525,6.535,81555.19
2026-06-30 12:00:00+00:00,6.534,6.534,6.387,6.397,198218.7
2026-06-30 13:00:00+00:00,6.397,6.48,6.385,6.475,156215.51
2026-06-30 14:00:00+00:00,6.475,6.531,6.436,6.45,94163.94
2026-06-30 15:00:00+00:00,6.45,6.533,6.432,6.499,63033.45
2026-06-30 16:00:00+00:00,6.5,6.558,6.466,6.54,73109.38
2026-06-30 17:00:00+00:00,6.54,6.578,6.504,6.504,70374.38
2026-06-30 18:00:00+00:00,6.504,6.561,6.489,6.558,57768.22
2026-06-30 19:00:00+00:00,6.557,6.598,6.538,6.575,60602.7
2026-06-30 20:00:00+00:00,6.575,6.594,6.543,6.555,26852.0
2026-06-30 21:00:00+00:00,6.555,6.563,6.529,6.554,30414.95
2026-06-30 22:00:00+00:00,6.554,6.578,6.511,6.519,42458.88
2026-06-30 23:00:00+00:00,6.52,6.541,6.508,6.538,27118.08
2026-07-01 00:00:00+00:00,6.539,6.555,6.513,6.541,31762.8
2026-07-01 01:00:00+00:00,6.542,6.596,6.427,6.571,97246.86
2026-07-01 02:00:00+00:00,6.571,6.626,6.55,6.605,44466.84
2026-07-01 03:00:00+00:00,6.605,6.727,6.605,6.704,166302.71
2026-07-01 04:00:00+00:00,6.705,6.723,6.672,6.699,107790.0
2026-07-01 05:00:00+00:00,6.699,6.705,6.651,6.682,71714.33
2026-07-01 06:00:00+00:00,6.682,6.686,6.605,6.635,64844.72
2026-07-01 07:00:00+00:00,6.636,6.664,6.619,6.654,58356.84
2026-07-01 08:00:00+00:00,6.654,6.671,6.617,6.669,90867.97
2026-07-01 09:00:00+00:00,6.668,6.697,6.65,6.686,120617.32
2026-07-01 10:00:00+00:00,6.686,6.695,6.62,6.647,79469.64
2026-07-01 11:00:00+00:00,6.648,6.671,6.629,6.659,47423.6
2026-07-01 12:00:00+00:00,6.66,6.664,6.595,6.609,75014.33
2026-07-01 13:00:00+00:00,6.61,6.663,6.561,6.647,141948.74
2026-07-01 14:00:00+00:00,6.647,6.715,6.633,6.669,112660.03
2026-07-01 15:00:00+00:00,6.67,6.748,6.664,6.73,117179.49
2026-07-01 16:00:00+00:00,6.73,6.758,6.688,6.695,85725.8
2026-07-01 17:00:00+00:00,6.696,6.754,6.667,6.744,66298.77
2026-07-01 18:00:00+00:00,6.745,6.751,6.703,6.722,88191.01
2026-07-01 19:00:00+00:00,6.721,6.735,6.678,6.695,75972.45
2026-07-01 20:00:00+00:00,6.695,6.711,6.672,6.711,60022.54
2026-07-01 21:00:00+00:00,6.712,6.795,6.707,6.781,134231.76
2026-07-01 22:00:00+00:00,6.78,6.814,6.721,6.73,161978.09
2026-07-01 23:00:00+00:00,6.729,6.729,6.663,6.666,81562.5
2026-07-02 00:00:00+00:00,6.667,6.668,6.613,6.643,116271.46
2026-07-02 01:00:00+00:00,6.644,6.729,6.641,6.696,84095.76
2026-07-02 02:00:00+00:00,6.695,6.704,6.669,6.672,66509.39
2026-07-02 03:00:00+00:00,6.672,6.727,6.654,6.716,72422.53
2026-07-02 04:00:00+00:00,6.715,6.731,6.703,6.728,51261.2
2026-07-02 05:00:00+00:00,6.727,6.735,6.683,6.695,62050.53
2026-07-02 06:00:00+00:00,6.694,6.707,6.663,6.672,54250.0
2026-07-02 07:00:00+00:00,6.672,6.689,6.666,6.671,48878.78
2026-07-02 08:00:00+00:00,6.672,6.715,6.666,6.711,53901.48
2026-07-02 09:00:00+00:00,6.711,6.778,6.695,6.764,123051.97
2026-07-02 10:00:00+00:00,6.764,6.797,6.75,6.796,88342.34
2026-07-02 11:00:00+00:00,6.797,6.814,6.764,6.782,113632.22
2026-07-02 12:00:00+00:00,6.781,6.833,6.756,6.819,143052.47
2026-07-02 13:00:00+00:00,6.82,6.88,6.796,6.818,221015.01
2026-07-02 14:00:00+00:00,6.819,6.846,6.74,6.768,186375.75
2026-07-02 15:00:00+00:00,6.768,6.79,6.741,6.777,70010.88
2026-07-02 16:00:00+00:00,6.777,6.784,6.738,6.775,73778.21
2026-07-02 17:00:00+00:00,6.775,6.79,6.736,6.754,42071.08
2026-07-02 18:00:00+00:00,6.754,6.769,6.747,6.757,42485.36
2026-07-02 19:00:00+00:00,6.757,6.763,6.717,6.744,68831.75
2026-07-02 20:00:00+00:00,6.745,6.761,6.723,6.753,66662.68
2026-07-02 21:00:00+00:00,6.754,6.798,6.752,6.787,63081.39
2026-07-02 22:00:00+00:00,6.786,6.823,6.762,6.812,106586.62
2026-07-02 23:00:00+00:00,6.812,6.814,6.788,6.8,66091.02
2026-07-03 00:00:00+00:00,6.801,6.812,6.783,6.789,84627.97
2026-07-03 01:00:00+00:00,6.789,6.868,6.787,6.854,86731.11
2026-07-03 02:00:00+00:00,6.855,6.872,6.824,6.859,84525.09
2026-07-03 03:00:00+00:00,6.858,6.88,6.813,6.85,106217.83
2026-07-03 04:00:00+00:00,6.851,6.854,6.812,6.818,71064.05
2026-07-03 05:00:00+00:00,6.818,6.871,6.812,6.85,67456.61
2026-07-03 06:00:00+00:00,6.85,6.878,6.838,6.855,80752.17
2026-07-03 07:00:00+00:00,6.856,6.861,6.83,6.838,77329.25
2026-07-03 08:00:00+00:00,6.839,6.891,6.826,6.843,138231.74
2026-07-03 09:00:00+00:00,6.842,6.858,6.831,6.838,60278.82
2026-07-03 10:00:00+00:00,6.837,6.908,6.835,6.881,119475.3
2026-07-03 11:00:00+00:00,6.881,6.913,6.873,6.901,46108.7
2026-07-03 12:00:00+00:00,6.9,6.924,6.849,6.872,75324.36
2026-07-03 13:00:00+00:00,6.873,6.878,6.839,6.854,78566.39
2026-07-03 14:00:00+00:00,6.853,6.862,6.807,6.858,60544.44
2026-07-03 15:00:00+00:00,6.859,6.895,6.821,6.83,62618.47
2026-07-03 16:00:00+00:00,6.83,6.835,6.792,6.824,92254.18
2026-07-03 17:00:00+00:00,6.823,6.877,6.816,6.868,63190.76
2026-07-03 18:00:00+00:00,6.869,6.888,6.857,6.875,48373.22
2026-07-03 19:00:00+00:00,6.874,6.937,6.87,6.915,207166.6
2026-07-03 20:00:00+00:00,6.916,7.004,6.912,6.99,138745.16
2026-07-03 21:00:00+00:00,6.99,7.035,6.952,7.002,130280.06
2026-07-03 22:00:00+00:00,7.003,7.004,6.934,6.946,71827.16
2026-07-03 23:00:00+00:00,6.947,6.97,6.92,6.948,57657.95
2026-07-04 00:00:00+00:00,6.949,6.972,6.929,6.932,56926.8
2026-07-04 01:00:00+00:00,6.931,6.931,6.865,6.883,93502.61
2026-07-04 02:00:00+00:00,6.883,6.911,6.872,6.901,40770.6
2026-07-04 03:00:00+00:00,6.902,6.937,6.89,6.933,35433.69
2026-07-04 04:00:00+00:00,6.934,6.949,6.904,6.929,42805.88
2026-07-04 05:00:00+00:00,6.929,6.944,6.897,6.897,43871.45
2026-07-04 06:00:00+00:00,6.897,6.92,6.847,6.867,68381.4
2026-07-04 07:00:00+00:00,6.867,6.877,6.841,6.867,50655.86
2026-07-04 08:00:00+00:00,6.868,6.877,6.851,6.861,31409.69
2026-07-04 09:00:00+00:00,6.862,6.865,6.818,6.824,64937.12
2026-07-04 10:00:00+00:00,6.824,6.849,6.817,6.843,20889.9
2026-07-04 11:00:00+00:00,6.842,6.867,6.835,6.858,24782.35
2026-07-04 12:00:00+00:00,6.858,6.888,6.857,6.887,19036.47
2026-07-04 13:00:00+00:00,6.886,6.918,6.865,6.884,26970.94
2026-07-04 14:00:00+00:00,6.884,6.948,6.884,6.94,53493.73
2026-07-04 15:00:00+00:00,6.94,7.007,6.94,6.987,106877.16
2026-07-04 16:00:00+00:00,6.988,6.997,6.963,6.979,44971.85
2026-07-04 17:00:00+00:00,6.98,7.115,6.941,7.088,145608.48
2026-07-04 18:00:00+00:00,7.088,7.097,7.029,7.048,63896.17
2026-07-04 19:00:00+00:00,7.048,7.061,7.0,7.012,33699.36
2026-07-04 20:00:00+00:00,7.012,7.023,6.976,6.993,46141.39
2026-07-04 21:00:00+00:00,6.994,7.028,6.989,7.018,19982.22
2026-07-04 22:00:00+00:00,7.018,7.025,6.981,6.996,23471.03
2026-07-04 23:00:00+00:00,6.996,6.996,6.919,6.968,52963.18
2026-07-05 00:00:00+00:00,6.967,6.971,6.9,6.918,44524.93
2026-07-05 01:00:00+00:00,6.919,6.933,6.881,6.898,40414.59
2026-07-05 02:00:00+00:00,6.897,6.903,6.803,6.808,96594.86
2026-07-05 03:00:00+00:00,6.808,6.832,6.786,6.806,72170.08
2026-07-05 04:00:00+00:00,6.806,6.819,6.779,6.788,52147.59
2026-07-05 05:00:00+00:00,6.788,6.808,6.763,6.779,57707.31
2026-07-05 06:00:00+00:00,6.779,6.805,6.753,6.8,63571.77
2026-07-05 07:00:00+00:00,6.8,6.83,6.779,6.818,71780.87
2026-07-05 08:00:00+00:00,6.817,6.837,6.809,6.82,45740.53
2026-07-05 09:00:00+00:00,6.82,6.834,6.775,6.787,93095.56
2026-07-05 10:00:00+00:00,6.786,6.872,6.773,6.85,84572.01
2026-07-05 11:00:00+00:00,6.849,6.892,6.843,6.88,46667.16
2026-07-05 12:00:00+00:00,6.88,6.913,6.854,6.881,46712.77
2026-07-05 13:00:00+00:00,6.881,6.913,6.865,6.912,47315.91
2026-07-05 14:00:00+00:00,6.911,6.912,6.877,6.912,39387.35
2026-07-05 15:00:00+00:00,6.911,6.949,6.903,6.928,65494.55
2026-07-05 16:00:00+00:00,6.929,6.943,6.916,6.934,50027.17
2026-07-05 17:00:00+00:00,6.934,6.977,6.916,6.923,54864.55
2026-07-05 18:00:00+00:00,6.922,6.952,6.916,6.929,33339.16
2026-07-05 19:00:00+00:00,6.929,6.943,6.903,6.918,82682.83
2026-07-05 20:00:00+00:00,6.918,6.918,6.895,6.907,69635.95
2026-07-05 21:00:00+00:00,6.907,6.975,6.882,6.958,48193.21
2026-07-05 22:00:00+00:00,6.958,7.008,6.934,6.952,113115.42
2026-07-05 23:00:00+00:00,6.952,6.982,6.919,6.924,46407.99
2026-07-06 00:00:00+00:00,6.925,6.933,6.85,6.909,55953.43
2026-07-06 01:00:00+00:00,6.908,6.954,6.884,6.888,36591.33
2026-07-06 02:00:00+00:00,6.887,6.921,6.864,6.907,37774.41
2026-07-06 03:00:00+00:00,6.906,6.931,6.883,6.918,27615.6
2026-07-06 04:00:00+00:00,6.918,6.967,6.908,6.933,30973.61
2026-07-06 05:00:00+00:00,6.933,6.935,6.832,6.871,55578.51
2026-07-06 06:00:00+00:00,6.871,6.902,6.858,6.887,53184.95
2026-07-06 07:00:00+00:00,6.886,6.956,6.876,6.932,51643.94
2026-07-06 08:00:00+00:00,6.931,6.94,6.855,6.873,63298.08
2026-07-06 09:00:00+00:00,6.873,6.873,6.819,6.827,45407.79
2026-07-06 10:00:00+00:00,6.827,6.864,6.822,6.857,36069.41
2026-07-06 11:00:00+00:00,6.858,6.863,6.818,6.818,33294.28
2026-07-06 12:00:00+00:00,6.818,6.818,6.716,6.744,166335.98
2026-07-06 13:00:00+00:00,6.743,6.811,6.714,6.792,123861.78
2026-07-06 14:00:00+00:00,6.792,6.842,6.776,6.804,138228.99
2026-07-06 15:00:00+00:00,6.804,6.924,6.803,6.919,127649.17
2026-07-06 16:00:00+00:00,6.92,6.99,6.909,6.957,124114.71
2026-07-06 17:00:00+00:00,6.956,6.961,6.896,6.907,43015.68
2026-07-06 18:00:00+00:00,6.906,6.983,6.906,6.956,46252.9
2026-07-06 19:00:00+00:00,6.956,6.993,6.953,6.96,124380.18
2026-07-06 20:00:00+00:00,6.96,6.961,6.891,6.915,217564.34
2026-07-06 21:00:00+00:00,6.915,7.088,6.915,7.01,199979.61
2026-07-06 22:00:00+00:00,7.01,7.021,6.991,6.998,30852.4
2026-07-06 23:00:00+00:00,6.999,7.01,6.922,6.93,32044.0
2026-07-07 00:00:00+00:00,6.929,6.949,6.888,6.9,29299.46
2026-07-07 01:00:00+00:00,6.899,6.899,6.817,6.836,73755.48
2026-07-07 02:00:00+00:00,6.836,6.847,6.8,6.823,63350.45
2026-07-07 03:00:00+00:00,6.823,6.829,6.782,6.804,35237.61
2026-07-07 04:00:00+00:00,6.805,6.805,6.75,6.771,74685.08
2026-07-07 05:00:00+00:00,6.77,6.77,6.698,6.757,116065.16
2026-07-07 06:00:00+00:00,6.757,6.788,6.738,6.777,44728.54
2026-07-07 07:00:00+00:00,6.777,6.818,6.749,6.764,329156.91
2026-07-07 08:00:00+00:00,6.765,6.766,6.736,6.752,59662.84
2026-07-07 09:00:00+00:00,6.751,6.792,6.746,6.782,59006.74
2026-07-07 10:00:00+00:00,6.782,6.802,6.748,6.756,54826.11
2026-07-07 11:00:00+00:00,6.756,6.798,6.743,6.795,29406.15
2026-07-07 12:00:00+00:00,6.795,6.823,6.769,6.771,57090.02
2026-07-07 13:00:00+00:00,6.771,6.783,6.728,6.758,61637.23
2026-07-07 14:00:00+00:00,6.759,6.791,6.65,6.726,146758.38
2026-07-07 15:00:00+00:00,6.725,6.796,6.702,6.77,111111.23
2026-07-07 16:00:00+00:00,6.77,6.809,6.747,6.785,91860.01
2026-07-07 17:00:00+00:00,6.785,6.804,6.769,6.801,40690.23
2026-07-07 18:00:00+00:00,6.802,6.808,6.738,6.745,47645.15
2026-07-07 19:00:00+00:00,6.744,6.769,6.695,6.758,64564.33
2026-07-07 20:00:00+00:00,6.759,6.773,6.728,6.743,44040.24
2026-07-07 21:00:00+00:00,6.744,6.751,6.68,6.688,71254.17
2026-07-07 22:00:00+00:00,6.687,6.725,6.66,6.707,26992.76
2026-07-07 23:00:00+00:00,6.707,6.721,6.685,6.689,18568.28
2026-07-08 00:00:00+00:00,6.689,6.698,6.65,6.669,70467.68
2026-07-08 01:00:00+00:00,6.669,6.674,6.484,6.499,145543.44
2026-07-08 02:00:00+00:00,6.499,6.499,6.351,6.407,309653.74
2026-07-08 03:00:00+00:00,6.408,6.441,6.385,6.394,87400.42
2026-07-08 04:00:00+00:00,6.394,6.416,6.368,6.406,97795.25
2026-07-08 05:00:00+00:00,6.406,6.45,6.398,6.417,61206.64
2026-07-08 06:00:00+00:00,6.417,6.418,6.378,6.403,50963.26
2026-07-08 07:00:00+00:00,6.402,6.458,6.385,6.448,97768.91
2026-07-08 08:00:00+00:00,6.448,6.455,6.317,6.353,204346.45
2026-07-08 09:00:00+00:00,6.354,6.385,6.342,6.373,55548.41
2026-07-08 10:00:00+00:00,6.374,6.441,6.352,6.421,91819.11
2026-07-08 11:00:00+00:00,6.421,6.455,6.401,6.441,103963.53
2026-07-08 12:00:00+00:00,6.441,6.443,6.402,6.402,54122.21
2026-07-08 13:00:00+00:00,6.403,6.476,6.369,6.453,140138.81
2026-07-08 14:00:00+00:00,6.454,6.469,6.377,6.407,91373.12
2026-07-08 15:00:00+00:00,6.408,6.411,6.348,6.382,65809.99
2026-07-08 16:00:00+00:00,6.382,6.438,6.38,6.425,75906.73
2026-07-08 17:00:00+00:00,6.426,6.473,6.421,6.435,43629.78
2026-07-08 18:00:00+00:00,6.434,6.483,6.431,6.462,28638.46
2026-07-08 19:00:00+00:00,6.463,6.472,6.444,6.456,15019.91
2026-07-08 20:00:00+00:00,6.457,6.467,6.431,6.435,24839.55
2026-07-08 21:00:00+00:00,6.436,6.473,6.417,6.457,37459.01
2026-07-08 22:00:00+00:00,6.457,6.471,6.454,6.457,13211.97
2026-07-08 23:00:00+00:00,6.457,6.476,6.45,6.475,18604.45
2026-07-09 00:00:00+00:00,6.474,6.5,6.44,6.449,40727.67
2026-07-09 01:00:00+00:00,6.45,6.547,6.449,6.492,161679.99
2026-07-09 02:00:00+00:00,6.492,6.532,6.442,6.442,130149.4
2026-07-09 03:00:00+00:00,6.442,6.481,6.428,6.465,45575.65
2026-07-09 04:00:00+00:00,6.466,6.531,6.463,6.529,58489.07
2026-07-09 05:00:00+00:00,6.529,6.613,6.517,6.602,122873.92
2026-07-09 06:00:00+00:00,6.601,6.778,6.585,6.77,199962.87
2026-07-09 07:00:00+00:00,6.77,6.813,6.733,6.746,254131.24
2026-07-09 08:00:00+00:00,6.746,6.768,6.724,6.737,109203.78
2026-07-09 09:00:00+00:00,6.736,6.755,6.704,6.727,73272.37
2026-07-09 10:00:00+00:00,6.728,6.738,6.665,6.687,63309.78
2026-07-09 11:00:00+00:00,6.687,6.715,6.676,6.709,62909.35
2026-07-09 12:00:00+00:00,6.71,6.743,6.686,6.726,120650.17
2026-07-09 13:00:00+00:00,6.725,6.784,6.714,6.772,67149.58
2026-07-09 14:00:00+00:00,6.773,6.79,6.714,6.722,72260.46
2026-07-09 15:00:00+00:00,6.722,6.782,6.721,6.753,62903.0
2026-07-09 16:00:00+00:00,6.753,6.765,6.696,6.708,34903.49
2026-07-09 17:00:00+00:00,6.708,6.752,6.703,6.746,34284.43
2026-07-09 18:00:00+00:00,6.747,6.778,6.742,6.742,46435.05
2026-07-09 19:00:00+00:00,6.742,6.752,6.721,6.725,35564.63
2026-07-09 20:00:00+00:00,6.725,6.728,6.686,6.721,51913.3
2026-07-09 21:00:00+00:00,6.722,6.735,6.71,6.723,22337.08
2026-07-09 22:00:00+00:00,6.723,6.731,6.697,6.699,20139.26
2026-07-09 23:00:00+00:00,6.699,6.709,6.679,6.679,23303.06
2026-07-10 00:00:00+00:00,6.679,6.697,6.668,6.685,28994.46
2026-07-10 01:00:00+00:00,6.685,6.815,6.672,6.774,85199.02
2026-07-10 02:00:00+00:00,6.775,6.799,6.771,6.789,45424.4
2026-07-10 03:00:00+00:00,6.788,6.791,6.734,6.779,48517.34
2026-07-10 04:00:00+00:00,6.779,6.808,6.775,6.794,28428.59
2026-07-10 05:00:00+00:00,6.794,6.834,6.785,6.801,37754.86
2026-07-10 06:00:00+00:00,6.801,6.807,6.774,6.782,26714.52
2026-07-10 07:00:00+00:00,6.782,6.784,6.74,6.752,70303.01
2026-07-10 08:00:00+00:00,6.753,6.815,6.752,6.775,63348.4
2026-07-10 09:00:00+00:00,6.774,6.777,6.737,6.756,43136.66
2026-07-10 10:00:00+00:00,6.756,6.788,6.741,6.77,56309.07
2026-07-10 11:00:00+00:00,6.769,6.778,6.743,6.752,30616.29
2026-07-10 12:00:00+00:00,6.751,6.77,6.722,6.733,53549.33
2026-07-10 13:00:00+00:00,6.732,6.786,6.72,6.772,43846.9
2026-07-10 14:00:00+00:00,6.772,6.775,6.649,6.692,155162.67
2026-07-10 15:00:00+00:00,6.692,6.743,6.689,6.743,34086.16
2026-07-10 16:00:00+00:00,6.743,6.772,6.722,6.757,31746.1
2026-07-10 17:00:00+00:00,6.757,6.767,6.735,6.735,14645.54
2026-07-10 18:00:00+00:00,6.736,6.758,6.708,6.718,32348.01
2026-07-10 19:00:00+00:00,6.717,6.768,6.711,6.742,21645.95
2026-07-10 20:00:00+00:00,6.743,6.753,6.73,6.739,20312.55
2026-07-10 21:00:00+00:00,6.74,6.767,6.74,6.757,19768.44
2026-07-10 22:00:00+00:00,6.758,6.767,6.752,6.753,16066.25
2026-07-10 23:00:00+00:00,6.753,6.753,6.737,6.739,13362.21
2026-07-11 00:00:00+00:00,6.74,6.756,6.721,6.734,24675.16
2026-07-11 01:00:00+00:00,6.733,6.75,6.709,6.711,23404.53
2026-07-11 02:00:00+00:00,6.71,6.74,6.707,6.732,23702.91
2026-07-11 03:00:00+00:00,6.731,6.734,6.713,6.725,14877.23
2026-07-11 04:00:00+00:00,6.724,6.738,6.716,6.727,8985.21
2026-07-11 05:00:00+00:00,6.727,6.727,6.702,6.71,28325.87
2026-07-11 06:00:00+00:00,6.709,6.725,6.698,6.709,28269.97
2026-07-11 07:00:00+00:00,6.708,6.721,6.706,6.71,16503.41
2026-07-11 08:00:00+00:00,6.709,6.718,6.696,6.714,17348.92
2026-07-11 09:00:00+00:00,6.715,6.721,6.688,6.697,29276.88
2026-07-11 10:00:00+00:00,6.697,6.728,6.692,6.713,26703.45
2026-07-11 11:00:00+00:00,6.714,6.739,6.71,6.72,27381.47
2026-07-11 12:00:00+00:00,6.719,6.746,6.719,6.736,18748.08
2026-07-11 13:00:00+00:00,6.735,6.748,6.719,6.742,25834.03
2026-07-11 14:00:00+00:00,6.742,6.791,6.74,6.752,42685.24
2026-07-11 15:00:00+00:00,6.752,6.789,6.719,6.752,66333.95
2026-07-11 16:00:00+00:00,6.751,6.752,6.729,6.742,18579.52
2026-07-11 17:00:00+00:00,6.743,6.776,6.734,6.76,13691.68
2026-07-11 18:00:00+00:00,6.759,6.787,6.749,6.764,37734.81
2026-07-11 19:00:00+00:00,6.764,6.771,6.744,6.752,20700.05
2026-07-11 20:00:00+00:00,6.751,6.761,6.749,6.753,9432.17
2026-07-11 21:00:00+00:00,6.753,6.759,6.731,6.736,29569.38
2026-07-11 22:00:00+00:00,6.735,6.736,6.682,6.686,73231.02
2026-07-11 23:00:00+00:00,6.685,6.699,6.542,6.552,228231.24
2026-07-12 00:00:00+00:00,6.551,6.551,6.426,6.454,238232.01
2026-07-12 01:00:00+00:00,6.454,6.518,6.445,6.518,79257.1
2026-07-12 02:00:00+00:00,6.517,6.517,6.491,6.499,59346.85
2026-07-12 03:00:00+00:00,6.499,6.535,6.495,6.527,36705.98
2026-07-12 04:00:00+00:00,6.526,6.541,6.407,6.438,167355.19
2026-07-12 05:00:00+00:00,6.439,6.469,6.434,6.446,76395.53
2026-07-12 06:00:00+00:00,6.446,6.447,6.282,6.345,351476.14
2026-07-12 07:00:00+00:00,6.345,6.402,6.325,6.379,130227.94
2026-07-12 08:00:00+00:00,6.379,6.411,6.371,6.395,72451.88
2026-07-12 09:00:00+00:00,6.396,6.422,6.38,6.414,52518.46
2026-07-12 10:00:00+00:00,6.415,6.416,6.4,6.407,27108.93
2026-07-12 11:00:00+00:00,6.407,6.449,6.377,6.433,38621.28
2026-07-12 12:00:00+00:00,6.432,6.458,6.42,6.438,36574.85
2026-07-12 13:00:00+00:00,6.437,6.458,6.43,6.448,57584.08
2026-07-12 14:00:00+00:00,6.448,6.481,6.429,6.458,36592.68
2026-07-12 15:00:00+00:00,6.459,6.473,6.435,6.441,44073.37
2026-07-12 16:00:00+00:00,6.44,6.445,6.392,6.424,77179.76
2026-07-12 17:00:00+00:00,6.423,6.442,6.401,6.423,34397.37
2026-07-12 18:00:00+00:00,6.423,6.479,6.419,6.478,29175.14
2026-07-12 19:00:00+00:00,6.478,6.48,6.453,6.472,29330.0
2026-07-12 20:00:00+00:00,6.472,6.478,6.45,6.465,27439.17
2026-07-12 21:00:00+00:00,6.465,6.483,6.423,6.429,72225.67
2026-07-12 22:00:00+00:00,6.429,6.429,6.373,6.399,73261.47
2026-07-12 23:00:00+00:00,6.399,6.419,6.386,6.407,30379.48
2026-07-13 00:00:00+00:00,6.407,6.562,6.403,6.462,131589.03
2026-07-13 01:00:00+00:00,6.461,6.47,6.409,6.425,82230.26
2026-07-13 02:00:00+00:00,6.424,6.532,6.407,6.491,75991.78
2026-07-13 03:00:00+00:00,6.49,6.497,6.418,6.49,100771.25
2026-07-13 04:00:00+00:00,6.49,6.519,6.464,6.479,72384.53
2026-07-13 05:00:00+00:00,6.48,6.528,6.456,6.495,83797.87
2026-07-13 06:00:00+00:00,6.496,6.515,6.478,6.49,26359.89
2026-07-13 07:00:00+00:00,6.49,6.516,6.48,6.509,39023.7
2026-07-13 08:00:00+00:00,6.509,6.534,6.492,6.53,39572.64
2026-07-13 09:00:00+00:00,6.531,6.672,6.529,6.638,203530.54
2026-07-13 10:00:00+00:00,6.637,6.672,6.602,6.627,129451.87
2026-07-13 11:00:00+00:00,6.627,6.669,6.621,6.646,91022.95
2026-07-13 12:00:00+00:00,6.646,6.655,6.565,6.605,151479.78
2026-07-13 13:00:00+00:00,6.605,6.683,6.557,6.56,254294.9
2026-07-13 14:00:00+00:00,6.559,6.679,6.531,6.659,236217.68
2026-07-13 15:00:00+00:00,6.659,6.674,6.556,6.563,104035.86
2026-07-13 16:00:00+00:00,6.563,6.585,6.49,6.511,131763.46
2026-07-13 17:00:00+00:00,6.512,6.522,6.427,6.436,84379.82
2026-07-13 18:00:00+00:00,6.437,6.468,6.422,6.443,52591.38
2026-07-13 19:00:00+00:00,6.443,6.487,6.439,6.476,57438.68
2026-07-13 20:00:00+00:00,6.476,6.49,6.43,6.449,44395.87
2026-07-13 21:00:00+00:00,6.449,6.449,6.338,6.398,97174.94
2026-07-13 22:00:00+00:00,6.398,6.431,6.398,6.398,29247.64
2026-07-13 23:00:00+00:00,6.398,6.457,6.381,6.452,36346.1
2026-07-14 00:00:00+00:00,6.452,6.488,6.441,6.482,39129.35
2026-07-14 01:00:00+00:00,6.482,6.502,6.453,6.49,39402.57
2026-07-14 02:00:00+00:00,6.491,6.497,6.451,6.452,31259.55
2026-07-14 03:00:00+00:00,6.453,6.46,6.42,6.443,25909.23
2026-07-14 04:00:00+00:00,6.444,6.477,6.441,6.452,19805.42
2026-07-14 05:00:00+00:00,6.452,6.5,6.445,6.491,34500.75
2026-07-14 06:00:00+00:00,6.491,6.516,6.481,6.508,66191.52
2026-07-14 07:00:00+00:00,6.507,6.512,6.48,6.481,15993.07
2026-07-14 08:00:00+00:00,6.48,6.537,6.479,6.508,26917.3
2026-07-14 09:00:00+00:00,6.508,6.525,6.468,6.474,32843.18
2026-07-14 10:00:00+00:00,6.475,6.495,6.453,6.473,75552.01
2026-07-14 11:00:00+00:00,6.473,6.473,6.439,6.44,45192.14
2026-07-14 12:00:00+00:00,6.44,6.609,6.422,6.592,211021.53
2026-07-14 13:00:00+00:00,6.592,6.67,6.563,6.659,175973.56
2026-07-14 14:00:00+00:00,6.659,6.675,6.605,6.657,199361.11
2026-07-14 15:00:00+00:00,6.657,6.712,6.621,6.656,164685.85
2026-07-14 16:00:00+00:00,6.656,6.685,6.641,6.644,95895.29
2026-07-14 17:00:00+00:00,6.643,6.67,6.604,6.663,62973.29
2026-07-14 18:00:00+00:00,6.662,6.672,6.64,6.669,45771.62
2026-07-14 19:00:00+00:00,6.668,6.688,6.652,6.674,35660.42
2026-07-14 20:00:00+00:00,6.674,6.679,6.637,6.645,30624.63
2026-07-14 21:00:00+00:00,6.644,6.65,6.632,6.637,24857.89
2026-07-14 22:00:00+00:00,6.637,6.698,6.625,6.669,59155.41
2026-07-14 23:00:00+00:00,6.67,6.712,6.649,6.712,44871.63
2026-07-15 00:00:00+00:00,6.713,6.757,6.665,6.678,90550.66
2026-07-15 01:00:00+00:00,6.678,6.69,6.638,6.643,58916.98
2026-07-15 02:00:00+00:00,6.642,6.646,6.609,6.61,30745.69
2026-07-15 03:00:00+00:00,6.61,6.667,6.606,6.658,41400.85
2026-07-15 04:00:00+00:00,6.657,6.672,6.636,6.661,37410.24
2026-07-15 05:00:00+00:00,6.662,6.69,6.635,6.685,24087.79
2026-07-15 06:00:00+00:00,6.686,6.734,6.682,6.684,72824.77
2026-07-15 07:00:00+00:00,6.685,6.685,6.609,6.621,35861.33
2026-07-15 08:00:00+00:00,6.622,6.659,6.614,6.653,49991.48
2026-07-15 09:00:00+00:00,6.652,6.689,6.652,6.663,26357.43
2026-07-15 10:00:00+00:00,6.662,6.683,6.652,6.654,18376.47
2026-07-15 11:00:00+00:00,6.655,6.687,6.653,6.669,31331.55
2026-07-15 12:00:00+00:00,6.669,6.756,6.658,6.746,102937.2
2026-07-15 13:00:00+00:00,6.746,6.773,6.677,6.7,152067.89
2026-07-15 14:00:00+00:00,6.701,6.725,6.667,6.707,83206.38
2026-07-15 15:00:00+00:00,6.706,6.743,6.689,6.728,68113.12
2026-07-15 16:00:00+00:00,6.728,6.741,6.647,6.697,94448.71
2026-07-15 17:00:00+00:00,6.696,6.73,6.693,6.726,61671.09
2026-07-15 18:00:00+00:00,6.726,6.749,6.694,6.697,62871.64
2026-07-15 19:00:00+00:00,6.698,6.712,6.687,6.696,61105.33
2026-07-15 20:00:00+00:00,6.696,6.737,6.692,6.699,33646.9
2026-07-15 21:00:00+00:00,6.699,6.712,6.675,6.684,28355.96
2026-07-15 22:00:00+00:00,6.684,6.717,6.675,6.697,42753.32
2026-07-15 23:00:00+00:00,6.696,6.719,6.69,6.702,19363.54
2026-07-16 00:00:00+00:00,6.701,6.725,6.691,6.714,31846.56
2026-07-16 01:00:00+00:00,6.714,6.724,6.661,6.713,37044.29
2026-07-16 02:00:00+00:00,6.713,6.724,6.697,6.721,14875.09
2026-07-16 03:00:00+00:00,6.72,6.731,6.704,6.712,21121.74
2026-07-16 04:00:00+00:00,6.713,6.721,6.69,6.706,18126.13
2026-07-16 05:00:00+00:00,6.707,6.739,6.702,6.714,42690.46
2026-07-16 06:00:00+00:00,6.714,6.73,6.656,6.683,47981.95
2026-07-16 07:00:00+00:00,6.682,6.684,6.612,6.628,54291.26
2026-07-16 08:00:00+00:00,6.628,6.631,6.546,6.589,180113.14
2026-07-16 09:00:00+00:00,6.59,6.605,6.577,6.581,42649.25
2026-07-16 10:00:00+00:00,6.581,6.609,6.572,6.596,33440.4
2026-07-16 11:00:00+00:00,6.596,6.596,6.559,6.578,59957.73
2026-07-16 12:00:00+00:00,6.578,6.578,6.513,6.536,97681.17
2026-07-16 13:00:00+00:00,6.536,6.632,6.531,6.622,66087.46
2026-07-16 14:00:00+00:00,6.622,6.657,6.607,6.632,48289.61
2026-07-16 15:00:00+00:00,6.632,6.657,6.594,6.628,41305.16
2026-07-16 16:00:00+00:00,6.629,6.64,6.596,6.607,68579.21
2026-07-16 17:00:00+00:00,6.606,6.607,6.523,6.54,78080.77
2026-07-16 18:00:00+00:00,6.54,6.586,6.527,6.58,56867.39
2026-07-16 19:00:00+00:00,6.579,6.608,6.578,6.598,36882.38
2026-07-16 20:00:00+00:00,6.598,6.604,6.58,6.597,20133.6
2026-07-16 21:00:00+00:00,6.597,6.622,6.591,6.602,71377.41
2026-07-16 22:00:00+00:00,6.603,6.632,6.549,6.558,64560.71
2026-07-16 23:00:00+00:00,6.558,6.558,6.481,6.514,81126.65
2026-07-17 00:00:00+00:00,6.514,6.517,6.437,6.502,97264.11
2026-07-17 01:00:00+00:00,6.503,6.525,6.459,6.463,54466.92
2026-07-17 02:00:00+00:00,6.463,6.492,6.444,6.478,64793.81
2026-07-17 03:00:00+00:00,6.478,6.553,6.476,6.528,42282.17
2026-07-17 04:00:00+00:00,6.528,6.532,6.482,6.522,21730.75
2026-07-17 05:00:00+00:00,6.521,6.524,6.442,6.458,77107.12
2026-07-17 06:00:00+00:00,6.457,6.504,6.444,6.5,56779.96
2026-07-17 07:00:00+00:00,6.5,6.5,6.466,6.479,22175.31
2026-07-17 08:00:00+00:00,6.479,6.481,6.423,6.47,29796.94
2026-07-17 09:00:00+00:00,6.47,6.505,6.468,6.501,24742.51
2026-07-17 10:00:00+00:00,6.501,6.51,6.49,6.492,36369.39
2026-07-17 11:00:00+00:00,6.492,6.501,6.483,6.488,22538.19
2026-07-17 12:00:00+00:00,6.488,6.496,6.451,6.454,33363.36
2026-07-17 13:00:00+00:00,6.453,6.474,6.373,6.469,139708.47
2026-07-17 14:00:00+00:00,6.47,6.515,6.458,6.459,53136.7
2026-07-17 15:00:00+00:00,6.458,6.482,6.409,6.482,69098.12
2026-07-17 16:00:00+00:00,6.482,6.582,6.464,6.56,68189.49
2026-07-17 17:00:00+00:00,6.56,6.62,6.56,6.598,106263.78
2026-07-17 18:00:00+00:00,6.598,6.651,6.579,6.624,93726.96
2026-07-17 19:00:00+00:00,6.623,6.623,6.557,6.574,44161.78
2026-07-17 20:00:00+00:00,6.574,6.581,6.546,6.564,27307.54
2026-07-17 21:00:00+00:00,6.563,6.583,6.556,6.571,27781.91
2026-07-17 22:00:00+00:00,6.572,6.579,6.552,6.561,25002.28
2026-07-17 23:00:00+00:00,6.561,6.591,6.541,6.591,17808.49
2026-07-18 00:00:00+00:00,6.59,6.609,6.578,6.591,18563.13
2026-07-18 01:00:00+00:00,6.591,6.637,6.585,6.618,41484.96
2026-07-18 02:00:00+00:00,6.619,6.642,6.616,6.626,23764.27
2026-07-18 03:00:00+00:00,6.627,6.658,6.621,6.644,51675.92
2026-07-18 04:00:00+00:00,6.644,6.664,6.602,6.604,44576.52
2026-07-18 05:00:00+00:00,6.603,6.629,6.591,6.602,31004.06
2026-07-18 06:00:00+00:00,6.603,6.613,6.594,6.61,36710.13
2026-07-18 07:00:00+00:00,6.61,6.635,6.596,6.609,20850.76
2026-07-18 08:00:00+00:00,6.608,6.62,6.572,6.577,41965.11
2026-07-18 09:00:00+00:00,6.577,6.578,6.528,6.545,41197.51
2026-07-18 10:00:00+00:00,6.544,6.555,6.534,6.546,23130.16
2026-07-18 11:00:00+00:00,6.546,6.554,6.538,6.546,15325.92
2026-07-18 12:00:00+00:00,6.546,6.567,6.514,6.548,33470.58
2026-07-18 13:00:00+00:00,6.548,6.551,6.525,6.541,18010.88
2026-07-18 14:00:00+00:00,6.541,6.571,6.54,6.567,29206.78
2026-07-18 15:00:00+00:00,6.568,6.577,6.543,6.543,32126.64
2026-07-18 16:00:00+00:00,6.543,6.561,6.525,6.553,28907.39
2026-07-18 17:00:00+00:00,6.554,6.588,6.53,6.571,29152.1
2026-07-18 18:00:00+00:00,6.571,6.6,6.556,6.567,21542.57
2026-07-18 19:00:00+00:00,6.567,6.579,6.562,6.574,17904.83
2026-07-18 20:00:00+00:00,6.574,6.588,6.565,6.574,25571.58
2026-07-18 21:00:00+00:00,6.574,6.605,6.569,6.576,32483.8
2026-07-18 22:00:00+00:00,6.575,6.594,6.575,6.591,18123.17
2026-07-18 23:00:00+00:00,6.591,6.598,6.57,6.574,9602.15
2026-07-19 00:00:00+00:00,6.573,6.605,6.573,6.578,36135.71
2026-07-19 01:00:00+00:00,6.579,6.588,6.573,6.575,14916.12
2026-07-19 02:00:00+00:00,6.576,6.637,6.576,6.622,26843.58
2026-07-19 03:00:00+00:00,6.622,6.627,6.583,6.585,17470.73
2026-07-19 04:00:00+00:00,6.585,6.588,6.561,6.568,22896.53
2026-07-19 05:00:00+00:00,6.567,6.596,6.564,6.564,24004.85
2026-07-19 06:00:00+00:00,6.563,6.584,6.557,6.583,18776.74
2026-07-19 07:00:00+00:00,6.583,6.583,6.554,6.557,29440.19
2026-07-19 08:00:00+00:00,6.558,6.57,6.545,6.562,20137.44
2026-07-19 09:00:00+00:00,6.563,6.566,6.489,6.497,75366.38
2026-07-19 10:00:00+00:00,6.497,6.539,6.477,6.506,59843.92
2026-07-19 11:00:00+00:00,6.506,6.524,6.476,6.485,44593.98
2026-07-19 12:00:00+00:00,6.486,6.487,6.406,6.433,139936.08
2026-07-19 13:00:00+00:00,6.434,6.447,6.42,6.438,70652.55
2026-07-19 14:00:00+00:00,6.437,6.479,6.434,6.469,61750.93
2026-07-19 15:00:00+00:00,6.47,6.473,6.441,6.455,30079.79
2026-07-19 16:00:00+00:00,6.456,6.466,6.444,6.446,31211.81
2026-07-19 17:00:00+00:00,6.445,6.497,6.413,6.473,42345.1
2026-07-19 18:00:00+00:00,6.474,6.477,6.392,6.41,52409.35
2026-07-19 19:00:00+00:00,6.411,6.437,6.404,6.437,27209.43
2026-07-19 20:00:00+00:00,6.437,6.449,6.434,6.449,27240.21
2026-07-19 21:00:00+00:00,6.45,6.451,6.409,6.417,16526.07
2026-07-19 22:00:00+00:00,6.417,6.49,6.41,6.456,53059.83
2026-07-19 23:00:00+00:00,6.457,6.469,6.424,6.465,35354.38
2026-07-20 00:00:00+00:00,6.466,6.552,6.444,6.486,87695.16
2026-07-20 01:00:00+00:00,6.487,6.574,6.484,6.511,57587.89
2026-07-20 02:00:00+00:00,6.512,6.631,6.511,6.619,105918.47
2026-07-20 03:00:00+00:00,6.62,6.65,6.569,6.599,80852.04
2026-07-20 04:00:00+00:00,6.599,6.602,6.536,6.545,44216.03
2026-07-20 05:00:00+00:00,6.544,6.547,6.457,6.48,61958.11
2026-07-20 06:00:00+00:00,6.48,6.506,6.446,6.471,56928.16
2026-07-20 07:00:00+00:00,6.472,6.549,6.472,6.547,48767.22
2026-07-20 08:00:00+00:00,6.547,6.562,6.492,6.508,56223.15
2026-07-20 09:00:00+00:00,6.509,6.574,6.502,6.556,37428.63
2026-07-20 10:00:00+00:00,6.557,6.574,6.543,6.543,34595.78
2026-07-20 11:00:00+00:00,6.544,6.635,6.541,6.63,57517.46
2026-07-20 12:00:00+00:00,6.628,6.628,6.561,6.564,64818.12
2026-07-20 13:00:00+00:00,6.563,6.609,6.52,6.532,48006.14
2026-07-20 14:00:00+00:00,6.533,6.554,6.48,6.528,79456.89
2026-07-20 15:00:00+00:00,6.528,6.634,6.526,6.612,78149.1
2026-07-20 16:00:00+00:00,6.612,6.62,6.557,6.577,68416.46
2026-07-20 17:00:00+00:00,6.576,6.602,6.566,6.597,29781.94
2026-07-20 18:00:00+00:00,6.598,6.628,6.567,6.57,43979.43
2026-07-20 19:00:00+00:00,6.569,6.574,6.546,6.567,51265.93
2026-07-20 20:00:00+00:00,6.567,6.607,6.557,6.599,20419.35
2026-07-20 21:00:00+00:00,6.598,6.624,6.583,6.584,80052.85
2026-07-20 22:00:00+00:00,6.584,6.587,6.551,6.557,30287.72
2026-07-20 23:00:00+00:00,6.557,6.599,6.554,6.579,29555.22
2026-07-21 00:00:00+00:00,6.579,6.622,6.567,6.615,31464.76
2026-07-21 01:00:00+00:00,6.614,6.632,6.599,6.616,23039.89
2026-07-21 02:00:00+00:00,6.617,6.642,6.59,6.628,37776.16
2026-07-21 03:00:00+00:00,6.628,6.666,6.625,6.642,49955.55
2026-07-21 04:00:00+00:00,6.642,6.65,6.604,6.616,53809.69
2026-07-21 05:00:00+00:00,6.615,6.668,6.615,6.654,27970.95
2026-07-21 06:00:00+00:00,6.654,6.688,6.641,6.675,42809.93
2026-07-21 07:00:00+00:00,6.675,6.684,6.647,6.677,39305.16
2026-07-21 08:00:00+00:00,6.676,6.687,6.655,6.662,50679.94
2026-07-21 09:00:00+00:00,6.661,6.67,6.641,6.658,45813.29
2026-07-21 10:00:00+00:00,6.659,6.669,6.62,6.628,82643.77
2026-07-21 11:00:00+00:00,6.628,6.643,6.615,6.638,32043.71
2026-07-21 12:00:00+00:00,6.639,6.66,6.621,6.65,68495.36
2026-07-21 13:00:00+00:00,6.65,6.655,6.615,6.646,37777.86
2026-07-21 14:00:00+00:00,6.647,6.649,6.578,6.603,96977.6
2026-07-21 15:00:00+00:00,6.602,6.627,6.583,6.62,59361.66
2026-07-21 16:00:00+00:00,6.619,6.641,6.608,6.632,25263.26
2026-07-21 17:00:00+00:00,6.632,6.636,6.581,6.615,67923.53
2026-07-21 18:00:00+00:00,6.615,6.635,6.596,6.61,39045.89
2026-07-21 19:00:00+00:00,6.611,6.628,6.604,6.614,29691.78
2026-07-21 20:00:00+00:00,6.614,6.615,6.578,6.581,28311.28
2026-07-21 21:00:00+00:00,6.581,6.581,6.544,6.566,53069.3
2026-07-21 22:00:00+00:00,6.565,6.567,6.546,6.56,34921.98
2026-07-21 23:00:00+00:00,6.56,6.573,6.524,6.571,33399.4
2026-07-22 00:00:00+00:00,6.572,6.615,6.562,6.613,64802.9
2026-07-22 01:00:00+00:00,6.613,6.613,6.563,6.584,59879.55
2026-07-22 02:00:00+00:00,6.585,6.615,6.573,6.595,19824.38
2026-07-22 03:00:00+00:00,6.595,6.601,6.545,6.549,45547.2
2026-07-22 04:00:00+00:00,6.548,6.583,6.539,6.559,23293.05
2026-07-22 05:00:00+00:00,6.559,6.56,6.478,6.499,78587.75
2026-07-22 06:00:00+00:00,6.5,6.509,6.464,6.509,57630.08
2026-07-22 07:00:00+00:00,6.508,6.51,6.49,6.502,35805.31
2026-07-22 08:00:00+00:00,6.503,6.53,6.499,6.517,44736.43
2026-07-22 09:00:00+00:00,6.517,6.524,6.485,6.51,27692.27
2026-07-22 10:00:00+00:00,6.511,6.531,6.502,6.519,42781.13
2026-07-22 11:00:00+00:00,6.519,6.522,6.502,6.516,30062.49
2026-07-22 12:00:00+00:00,6.517,6.517,6.49,6.509,45863.94
2026-07-22 13:00:00+00:00,6.509,6.565,6.503,6.562,39133.41
2026-07-22 14:00:00+00:00,6.563,6.6,6.535,6.573,26586.74
2026-07-22 15:00:00+00:00,6.573,6.654,6.573,6.637,114419.9
2026-07-22 16:00:00+00:00,6.638,6.657,6.605,6.631,53653.67
2026-07-22 17:00:00+00:00,6.632,6.639,6.607,6.609,69042.52
2026-07-22 18:00:00+00:00,6.61,6.627,6.591,6.611,28018.11
2026-07-22 19:00:00+00:00,6.612,6.617,6.568,6.6,33326.9
2026-07-22 20:00:00+00:00,6.599,6.645,6.592,6.636,74380.39
2026-07-22 21:00:00+00:00,6.636,6.664,6.629,6.644,23064.48
2026-07-22 22:00:00+00:00,6.645,6.649,6.605,6.632,20749.8
2026-07-22 23:00:00+00:00,6.632,6.632,6.576,6.626,27258.56
2026-07-23 00:00:00+00:00,6.626,6.655,6.604,6.631,23779.46
2026-07-23 01:00:00+00:00,6.631,6.637,6.607,6.615,28650.12
2026-07-23 02:00:00+00:00,6.616,6.617,6.57,6.578,20921.23
2026-07-23 03:00:00+00:00,6.578,6.581,6.524,6.531,41319.73
2026-07-23 04:00:00+00:00,6.531,6.566,6.521,6.543,26104.22
2026-07-23 05:00:00+00:00,6.543,6.581,6.533,6.57,18763.01
2026-07-23 06:00:00+00:00,6.57,6.587,6.563,6.584,14386.19
2026-07-23 07:00:00+00:00,6.585,6.586,6.522,6.561,42491.07
2026-07-23 08:00:00+00:00,6.56,6.586,6.551,6.581,9781.85
2026-07-23 09:00:00+00:00,6.581,6.592,6.573,6.577,42359.88
2026-07-23 10:00:00+00:00,6.578,6.598,6.571,6.594,23057.78
2026-07-23 11:00:00+00:00,6.594,6.612,6.581,6.585,31283.69
2026-07-23 12:00:00+00:00,6.585,6.589,6.473,6.512,89625.61
2026-07-23 13:00:00+00:00,6.513,6.513,6.423,6.45,137957.42
2026-07-23 14:00:00+00:00,6.45,6.505,6.433,6.452,44690.51
2026-07-23 15:00:00+00:00,6.453,6.453,6.393,6.451,139305.34
2026-07-23 16:00:00+00:00,6.451,6.451,6.409,6.435,52300.61
2026-07-23 17:00:00+00:00,6.434,6.439,6.304,6.326,177238.71
2026-07-23 18:00:00+00:00,6.326,6.326,6.197,6.275,416522.91
2026-07-23 19:00:00+00:00,6.275,6.298,6.258,6.285,81016.8
2026-07-23 20:00:00+00:00,6.285,6.325,6.282,6.315,60258.03
2026-07-23 21:00:00+00:00,6.315,6.327,6.291,6.304,50040.27
2026-07-23 22:00:00+00:00,6.304,6.314,6.28,6.308,44725.05
2026-07-23 23:00:00+00:00,6.308,6.311,6.26,6.268,47545.47
2026-07-24 00:00:00+00:00,6.268,6.283,6.23,6.269,98088.54
2026-07-24 01:00:00+00:00,6.27,6.289,6.226,6.236,94700.13
2026-07-24 02:00:00+00:00,6.237,6.261,6.212,6.243,75691.15
2026-07-24 03:00:00+00:00,6.244,6.281,6.239,6.27,31854.15
2026-07-24 04:00:00+00:00,6.271,6.283,6.257,6.263,37468.01
2026-07-24 05:00:00+00:00,6.263,6.3,6.246,6.249,124673.83
2026-07-24 06:00:00+00:00,6.25,6.285,6.233,6.261,49470.16
2026-07-24 07:00:00+00:00,6.262,6.32,6.25,6.282,81826.81
2026-07-24 08:00:00+00:00,6.283,6.287,6.238,6.26,49993.12
2026-07-24 09:00:00+00:00,6.26,6.285,6.225,6.275,78250.53
2026-07-24 10:00:00+00:00,6.274,6.282,6.244,6.274,61929.08
2026-07-24 11:00:00+00:00,6.274,6.274,6.237,6.259,51455.35
2026-07-24 12:00:00+00:00,6.258,6.26,6.214,6.219,37242.95
2026-07-24 13:00:00+00:00,6.218,6.221,6.137,6.204,169564.94
2026-07-24 14:00:00+00:00,6.205,6.211,6.161,6.205,70490.09
2026-07-24 15:00:00+00:00,6.205,6.223,6.181,6.202,54258.23
2026-07-24 16:00:00+00:00,6.202,6.21,6.175,6.195,53135.7
2026-07-24 17:00:00+00:00,6.194,6.234,6.181,6.224,73647.21
2026-07-24 18:00:00+00:00,6.223,6.241,6.212,6.236,113536.12
2026-07-24 19:00:00+00:00,6.237,6.244,6.216,6.234,35754.85
2026-07-24 20:00:00+00:00,6.235,6.249,6.226,6.243,33272.67
2026-07-24 21:00:00+00:00,6.243,6.263,6.229,6.242,39025.68
2026-07-24 22:00:00+00:00,6.242,6.277,6.238,6.272,56940.59
2026-07-24 23:00:00+00:00,6.273,6.315,6.272,6.304,50952.06
2026-07-25 00:00:00+00:00,6.304,6.317,6.243,6.263,68466.43
2026-07-25 01:00:00+00:00,6.262,6.278,6.255,6.271,16968.2
2026-07-25 02:00:00+00:00,6.272,6.273,6.252,6.261,19366.18
2026-07-25 03:00:00+00:00,6.262,6.268,6.239,6.247,19808.44
2026-07-25 04:00:00+00:00,6.247,6.27,6.247,6.262,13018.71
2026-07-25 05:00:00+00:00,6.262,6.278,6.261,6.268,30564.06
2026-07-25 06:00:00+00:00,6.269,6.283,6.242,6.26,37830.59
2026-07-25 07:00:00+00:00,6.26,6.265,6.24,6.245,28398.86
2026-07-25 08:00:00+00:00,6.246,6.278,6.231,6.241,48579.21
2026-07-25 09:00:00+00:00,6.24,6.291,6.238,6.275,41280.44
2026-07-25 10:00:00+00:00,6.275,6.284,6.27,6.28,14691.48
2026-07-25 11:00:00+00:00,6.28,6.302,6.274,6.289,36331.27
2026-07-25 12:00:00+00:00,6.29,6.344,6.279,6.318,126367.99
2026-07-25 13:00:00+00:00,6.318,6.507,6.309,6.478,333266.49
2026-07-25 14:00:00+00:00,6.479,6.6,6.479,6.557,521610.34
2026-07-25 15:00:00+00:00,6.557,6.599,6.534,6.58,326365.64
2026-07-25 16:00:00+00:00,6.58,6.735,6.575,6.667,506469.49
2026-07-25 17:00:00+00:00,6.667,6.689,6.646,6.665,217858.58
2026-07-25 18:00:00+00:00,6.665,6.717,6.624,6.694,133488.28
2026-07-25 19:00:00+00:00,6.694,6.722,6.661,6.713,132695.57
2026-07-25 20:00:00+00:00,6.713,6.749,6.677,6.73,156015.61
2026-07-25 21:00:00+00:00,6.731,6.8,6.725,6.754,273201.11
2026-07-25 22:00:00+00:00,6.755,6.845,6.752,6.8,299299.37
2026-07-25 23:00:00+00:00,6.801,6.81,6.724,6.777,465628.17
2026-07-26 00:00:00+00:00,6.777,6.801,6.733,6.776,107467.48
2026-07-26 01:00:00+00:00,6.776,6.815,6.758,6.782,85760.95
2026-07-26 02:00:00+00:00,6.782,6.805,6.756,6.793,79870.32
2026-07-26 03:00:00+00:00,6.794,6.794,6.737,6.764,79828.69
2026-07-26 04:00:00+00:00,6.764,6.783,6.749,6.755,52869.81
2026-07-26 05:00:00+00:00,6.755,6.807,6.74,6.784,142079.23
2026-07-26 06:00:00+00:00,6.784,6.819,6.776,6.794,110603.92
2026-07-26 07:00:00+00:00,6.793,6.831,6.754,6.784,95195.69
2026-07-26 08:00:00+00:00,6.783,6.786,6.739,6.758,61066.13
2026-07-26 09:00:00+00:00,6.758,6.762,6.729,6.736,83907.34
2026-07-26 10:00:00+00:00,6.736,6.738,6.7,6.724,103610.21
2026-07-26 11:00:00+00:00,6.724,6.733,6.694,6.7,61009.76
2026-07-26 12:00:00+00:00,6.701,6.722,6.687,6.702,73350.77
2026-07-26 13:00:00+00:00,6.702,6.702,6.666,6.675,70952.25
2026-07-26 14:00:00+00:00,6.674,6.706,6.645,6.67,84766.38
2026-07-26 15:00:00+00:00,6.671,6.702,6.666,6.695,41579.81
2026-07-26 16:00:00+00:00,6.694,6.725,6.681,6.691,40615.1
2026-07-26 17:00:00+00:00,6.691,6.703,6.681,6.684,27044.44
2026-07-26 18:00:00+00:00,6.683,6.689,6.671,6.674,39138.18
2026-07-26 19:00:00+00:00,6.673,6.679,6.662,6.669,30071.56
2026-07-26 20:00:00+00:00,6.669,6.678,6.666,6.677,15502.71
2026-07-26 21:00:00+00:00,6.678,6.687,6.669,6.675,24842.36
2026-07-26 22:00:00+00:00,6.676,6.742,6.676,6.724,74613.17
2026-07-26 23:00:00+00:00,6.724,6.756,6.714,6.746,45062.22
2026-07-27 00:00:00+00:00,6.746,6.747,6.713,6.729,37143.2
2026-07-27 01:00:00+00:00,6.728,6.734,6.687,6.725,34009.9
2026-07-27 02:00:00+00:00,6.726,6.726,6.686,6.689,21933.24
2026-07-27 03:00:00+00:00,6.69,6.705,6.677,6.69,28817.68
2026-07-27 04:00:00+00:00,6.69,6.713,6.688,6.694,54999.17
2026-07-27 05:00:00+00:00,6.695,6.71,6.676,6.7,49482.96
2026-07-27 06:00:00+00:00,6.7,6.746,6.692,6.702,46799.77
2026-07-27 07:00:00+00:00,6.702,6.714,6.669,6.682,48666.09
2026-07-27 08:00:00+00:00,6.683,6.684,6.622,6.634,107819.02
2026-07-27 09:00:00+00:00,6.633,6.638,6.597,6.613,147908.84
2026-07-27 10:00:00+00:00,6.612,6.657,6.603,6.651,92626.53
2026-07-27 11:00:00+00:00,6.651,6.685,6.64,6.669,72878.69
2026-07-27 12:00:00+00:00,6.668,6.695,6.651,6.676,52341.27
2026-07-27 13:00:00+00:00,6.677,6.682,6.609,6.641,112401.45
2026-07-27 14:00:00+00:00,6.641,6.66,6.509,6.527,202335.17
2026-07-27 15:00:00+00:00,6.527,6.567,6.481,6.544,153407.88
2026-07-27 16:00:00+00:00,6.544,6.633,6.532,6.616,137742.43
2026-07-27 17:00:00+00:00,6.617,6.62,6.57,6.578,46134.59
2026-07-27 18:00:00+00:00,6.578,6.583,6.55,6.577,61787.97
2026-07-27 19:00:00+00:00,6.578,6.615,6.564,6.614,36495.75
2026-07-27 20:00:00+00:00,6.614,6.621,6.597,6.602,18288.89
2026-07-27 21:00:00+00:00,6.602,6.614,6.561,6.577,42596.05
2026-07-27 22:00:00+00:00,6.578,6.578,6.44,6.45,118009.85
2026-07-27 23:00:00+00:00,6.451,6.451,6.376,6.408,230632.48
2026-07-28 00:00:00+00:00,6.407,6.451,6.389,6.426,51994.24
2026-07-28 01:00:00+00:00,6.427,6.432,6.358,6.374,93189.4
2026-07-28 02:00:00+00:00,6.374,6.426,6.365,6.415,44498.93
2026-07-28 03:00:00+00:00,6.415,6.44,6.409,6.434,22932.23
2026-07-28 04:00:00+00:00,6.434,6.454,6.43,6.446,14435.11
2026-07-28 05:00:00+00:00,6.446,6.457,6.419,6.421,31656.94
2026-07-28 06:00:00+00:00,6.422,6.449,6.403,6.445,40562.37
2026-07-28 07:00:00+00:00,6.445,6.469,6.426,6.447,43884.21
2026-07-28 08:00:00+00:00,6.446,6.446,6.42,6.438,25583.63
2026-07-28 09:00:00+00:00,6.437,6.461,6.431,6.442,21566.82
2026-07-28 10:00:00+00:00,6.441,6.484,6.44,6.469,23636.05
2026-07-28 11:00:00+00:00,6.469,6.482,6.45,6.461,41046.39
2026-07-28 12:00:00+00:00,6.461,6.49,6.456,6.485,41036.99
2026-07-28 13:00:00+00:00,6.485,6.503,6.373,6.418,130724.41
2026-07-28 14:00:00+00:00,6.419,6.461,6.402,6.449,36279.42
2026-07-28 15:00:00+00:00,6.449,6.59,6.439,6.573,99526.45
2026-07-28 16:00:00+00:00,6.574,6.577,6.516,6.56,92514.92
2026-07-28 17:00:00+00:00,6.56,6.563,6.502,6.52,34338.75
2026-07-28 18:00:00+00:00,6.521,6.539,6.513,6.537,12759.04
2026-07-28 19:00:00+00:00,6.537,6.607,6.537,6.595,53027.55
2026-07-28 20:00:00+00:00,6.595,6.602,6.567,6.582,40413.54
2026-07-28 21:00:00+00:00,6.582,6.629,6.582,6.605,50360.4
2026-07-28 22:00:00+00:00,6.605,6.617,6.536,6.536,48146.27
2026-07-28 23:00:00+00:00,6.536,6.58,6.525,6.577,25349.68
2026-07-29 00:00:00+00:00,6.578,6.638,6.565,6.568,58282.59
2026-07-29 01:00:00+00:00,6.567,6.571,6.506,6.509,24257.71
2026-07-29 02:00:00+00:00,6.509,6.533,6.487,6.507,40211.79
2026-07-29 03:00:00+00:00,6.507,6.51,6.411,6.412,57006.43
2026-07-29 04:00:00+00:00,6.413,6.415,6.308,6.414,208459.52
2026-07-29 05:00:00+00:00,6.414,6.433,6.405,6.425,40707.21
2026-07-29 06:00:00+00:00,6.425,6.454,6.385,6.434,53930.05
2026-07-29 07:00:00+00:00,6.435,6.438,6.41,6.427,39174.79
2026-07-29 08:00:00+00:00,6.428,6.428,6.376,6.409,65489.49
2026-07-29 09:00:00+00:00,6.41,6.434,6.406,6.416,46481.88
2026-07-29 10:00:00+00:00,6.416,6.433,6.391,6.406,43076.3
2026-07-29 11:00:00+00:00,6.407,6.42,6.388,6.415,24092.5
2026-07-29 12:00:00+00:00,6.416,6.416,6.383,6.389,34287.65
2026-07-29 13:00:00+00:00,6.388,6.41,6.359,6.401,55229.37
2026-07-29 14:00:00+00:00,6.401,6.415,6.367,6.379,49446.63
2026-07-29 15:00:00+00:00,6.378,6.405,6.37,6.384,35588.25
2026-07-29 16:00:00+00:00,6.383,6.403,6.362,6.385,25439.12
2026-07-29 17:00:00+00:00,6.385,6.439,6.385,6.438,40400.26
2026-07-29 18:00:00+00:00,6.438,6.497,6.404,6.474,104333.18
2026-07-29 19:00:00+00:00,6.474,6.489,6.341,6.364,66585.37
2026-07-29 20:00:00+00:00,6.364,6.385,6.312,6.347,76021.56
2026-07-29 21:00:00+00:00,6.347,6.395,6.313,6.392,40069.73
2026-07-29 22:00:00+00:00,6.392,6.423,6.39,6.421,35452.52
2026-07-29 23:00:00+00:00,6.422,6.438,6.402,6.432,29189.83
2026-07-30 00:00:00+00:00,6.432,6.446,6.391,6.401,22502.9
2026-07-30 01:00:00+00:00,6.402,6.522,6.402,6.5,54763.68
2026-07-30 02:00:00+00:00,6.501,6.527,6.489,6.491,56333.89
2026-07-30 03:00:00+00:00,6.492,6.526,6.482,6.487,34533.79
2026-07-30 04:00:00+00:00,6.487,6.491,6.427,6.438,37337.12
2026-07-30 05:00:00+00:00,6.438,6.479,6.424,6.457,20070.19
2026-07-30 06:00:00+00:00,6.458,6.459,6.432,6.437,13568.31
2026-07-30 07:00:00+00:00,6.436,6.46,6.418,6.424,16847.23
2026-07-30 08:00:00+00:00,6.423,6.45,6.419,6.447,17321.0
2026-07-30 09:00:00+00:00,6.448,6.46,6.436,6.44,45899.41
2026-07-30 10:00:00+00:00,6.441,6.471,6.437,6.459,17709.97
2026-07-30 11:00:00+00:00,6.459,6.508,6.457,6.495,37905.44
2026-07-30 12:00:00+00:00,6.496,6.512,6.457,6.463,43556.65
2026-07-30 13:00:00+00:00,6.463,6.481,6.419,6.481,46736.64
2026-07-30 14:00:00+00:00,6.481,6.507,6.446,6.49,60794.87
2026-07-30 15:00:00+00:00,6.489,6.497,6.446,6.455,24636.21
2026-07-30 16:00:00+00:00,6.455,6.501,6.453,6.482,57024.66
2026-07-30 17:00:00+00:00,6.482,6.497,6.471,6.485,34128.52
2026-07-30 18:00:00+00:00,6.486,6.498,6.456,6.462,20603.15
2026-07-30 19:00:00+00:00,6.462,6.481,6.45,6.473,16400.16
2026-07-30 20:00:00+00:00,6.474,6.491,6.451,6.457,38789.18
2026-07-30 21:00:00+00:00,6.456,6.469,6.449,6.454,21065.11
2026-07-30 22:00:00+00:00,6.453,6.48,6.445,6.457,12365.02
2026-07-30 23:00:00+00:00,6.457,6.478,6.434,6.434,20941.03
2026-07-31 00:00:00+00:00,6.435,6.45,6.431,6.446,18643.72
2026-07-31 01:00:00+00:00,6.447,6.544,6.447,6.484,69794.68
2026-07-31 02:00:00+00:00,6.483,6.491,6.408,6.416,25686.29
2026-07-31 03:00:00+00:00,6.417,6.468,6.397,6.455,19912.36
2026-07-31 04:00:00+00:00,6.454,6.463,6.431,6.452,14062.48
2026-07-31 05:00:00+00:00,6.452,6.483,6.44,6.459,25155.94
2026-07-31 06:00:00+00:00,6.459,6.466,6.422,6.442,29450.65
2026-07-31 07:00:00+00:00,6.441,6.472,6.392,6.456,39092.03
2026-07-31 08:00:00+00:00,6.456,6.478,6.452,6.463,16023.24
2026-07-31 09:00:00+00:00,6.464,6.473,6.415,6.422,24837.92
2026-07-31 10:00:00+00:00,6.423,6.484,6.404,6.481,31920.51
2026-07-31 11:00:00+00:00,6.482,6.524,6.449,6.462,37084.79
2026-07-31 12:00:00+00:00,6.463,6.464,6.418,6.449,42362.25
2026-07-31 13:00:00+00:00,6.45,6.506,6.38,6.387,86543.15
2026-07-31 14:00:00+00:00,6.388,6.431,6.331,6.41,144444.13
2026-07-31 15:00:00+00:00,6.409,6.417,6.381,6.403,32003.71
2026-07-31 16:00:00+00:00,6.404,6.428,6.403,6.419,34259.23
2026-07-31 17:00:00+00:00,6.419,6.475,6.414,6.462,22449.72
2026-07-31 18:00:00+00:00,6.462,6.477,6.441,6.457,23565.79
2026-07-31 19:00:00+00:00,6.456,6.463,6.412,6.424,12981.34
2026-07-31 20:00:00+00:00,6.424,6.453,6.397,6.4,25935.94
2026-07-31 21:00:00+00:00,6.4,6.425,6.388,6.399,13969.98
2026-07-31 22:00:00+00:00,6.398,6.413,6.386,6.391,17575.57
2026-07-31 23:00:00+00:00,6.391,6.399,6.382,6.386,12064.6
2026-08-01 00:00:00+00:00,6.387,6.405,6.381,6.388,29049.27
2026-08-01 01:00:00+00:00,6.388,6.421,6.388,6.414,13689.39
2026-08-01 02:00:00+00:00,6.415,6.424,6.403,6.416,14254.7
2026-08-01 03:00:00+00:00,6.416,6.419,6.398,6.409,14576.88
2026-08-01 04:00:00+00:00,6.409,6.449,6.409,6.442,15696.87
2026-08-01 05:00:00+00:00,6.442,6.453,6.396,6.409,28680.97
2026-08-01 06:00:00+00:00,6.409,6.417,6.395,6.413,19064.45
2026-08-01 07:00:00+00:00,6.413,6.425,6.373,6.379,25160.79
2026-08-01 08:00:00+00:00,6.379,6.384,6.361,6.374,30251.16
2026-08-01 09:00:00+00:00,6.373,6.374,6.342,6.347,23358.68
2026-08-01 10:00:00+00:00,6.348,6.354,6.323,6.347,35337.66
2026-08-01 11:00:00+00:00,6.348,6.35,6.33,6.334,38200.48
2026-08-01 12:00:00+00:00,6.334,6.361,6.325,6.351,19475.12
2026-08-01 13:00:00+00:00,6.351,6.364,6.348,6.357,14759.17
2026-08-01 14:00:00+00:00,6.356,6.369,6.351,6.368,11154.47
2026-08-01 15:00:00+00:00,6.368,6.379,6.36,6.375,12996.02
2026-08-01 16:00:00+00:00,6.374,6.388,6.35,6.361,16940.08
2026-08-01 17:00:00+00:00,6.36,6.367,6.286,6.305,58846.97
2026-08-01 18:00:00+00:00,6.304,6.306,6.04,6.104,393210.09
2026-08-01 19:00:00+00:00,6.103,6.157,6.089,6.132,106645.93
2026-08-01 20:00:00+00:00,6.132,6.157,6.108,6.153,110092.69
2026-08-01 21:00:00+00:00,6.153,6.195,6.152,6.189,68768.36
2026-08-01 22:00:00+00:00,6.189,6.211,6.182,6.185,41711.52
2026-08-01 23:00:00+00:00,6.185,6.201,6.185,6.191,25115.39
2026-08-02 00:00:00+00:00,6.191,6.206,6.185,6.199,30985.34
2026-08-02 01:00:00+00:00,6.2,6.232,6.199,6.224,39279.42
2026-08-02 02:00:00+00:00,6.224,6.347,6.214,6.325,66400.06
2026-08-02 03:00:00+00:00,6.326,6.349,6.317,6.321,42498.8
2026-08-02 04:00:00+00:00,6.322,6.543,6.322,6.48,229839.58
2026-08-02 05:00:00+00:00,6.481,6.687,6.481,6.577,440793.07
2026-08-02 06:00:00+00:00,6.577,6.634,6.57,6.611,209205.73
2026-08-02 07:00:00+00:00,6.611,6.631,6.579,6.611,152499.06
2026-08-02 08:00:00+00:00,6.612,6.617,6.56,6.576,156405.96
2026-08-02 09:00:00+00:00,6.576,6.656,6.554,6.616,191339.42
2026-08-02 10:00:00+00:00,6.616,6.616,6.581,6.593,94498.54
2026-08-02 11:00:00+00:00,6.592,6.632,6.58,6.596,131935.68
2026-08-02 12:00:00+00:00,6.596,6.606,6.556,6.564,87744.81
2026-08-02 13:00:00+00:00,6.563,6.6,6.557,6.595,54422.53
2026-08-02 14:00:00+00:00,6.594,6.609,6.563,6.589,60840.05
2026-08-02 15:00:00+00:00,6.589,6.614,6.589,6.596,37762.57
2026-08-02 16:00:00+00:00,6.596,6.607,6.564,6.587,74033.44
2026-08-02 17:00:00+00:00,6.587,6.646,6.579,6.625,69482.35
2026-08-02 18:00:00+00:00,6.624,6.674,6.622,6.625,69284.98
2026-08-02 19:00:00+00:00,6.624,6.624,6.586,6.602,51954.16
2026-08-02 20:00:00+00:00,6.601,6.606,6.576,6.587,50751.3
2026-08-02 21:00:00+00:00,6.587,6.671,6.586,6.643,33805.62
2026-08-02 22:00:00+00:00,6.643,6.663,6.57,6.6,52465.86
2026-08-02 23:00:00+00:00,6.599,6.601,6.53,6.553,89553.38
2026-08-03 00:00:00+00:00,6.552,6.564,6.519,6.538,82466.48
2026-08-03 01:00:00+00:00,6.537,6.547,6.509,6.516,40222.72
2026-08-03 02:00:00+00:00,6.516,6.516,6.469,6.486,67664.4
2026-08-03 03:00:00+00:00,6.485,6.485,6.392,6.427,123716.16
2026-08-03 04:00:00+00:00,6.427,6.451,6.407,6.412,67699.45
2026-08-03 05:00:00+00:00,6.412,6.43,6.401,6.429,36745.59
2026-08-03 06:00:00+00:00,6.43,6.43,6.389,6.393,40349.83
2026-08-03 07:00:00+00:00,6.393,6.417,6.382,6.402,46810.19
2026-08-03 08:00:00+00:00,6.401,6.433,6.369,6.428,61023.02
2026-08-03 09:00:00+00:00,6.428,6.458,6.404,6.454,31206.89
2026-08-03 10:00:00+00:00,6.455,6.462,6.434,6.443,19905.28
2026-08-03 11:00:00+00:00,6.443,6.46,6.425,6.443,36556.17
2026-08-03 12:00:00+00:00,6.443,6.455,6.419,6.442,63351.24
2026-08-03 13:00:00+00:00,6.442,6.549,6.44,6.546,70631.32
2026-08-03 14:00:00+00:00,6.545,6.551,6.508,6.542,51763.23
2026-08-03 15:00:00+00:00,6.541,6.545,6.5,6.513,62764.4
2026-08-03 16:00:00+00:00,6.513,6.558,6.513,6.532,76016.73
2026-08-03 17:00:00+00:00,6.532,6.553,6.523,6.538,44315.75
2026-08-03 18:00:00+00:00,6.538,6.586,6.534,6.57,37867.85
2026-08-03 19:00:00+00:00,6.57,6.598,6.565,6.577,69429.09
2026-08-03 20:00:00+00:00,6.578,6.593,6.561,6.583,41472.67
2026-08-03 21:00:00+00:00,6.583,6.585,6.56,6.577,34943.45
2026-08-03 22:00:00+00:00,6.576,6.584,6.548,6.577,43391.49
2026-08-03 23:00:00+00:00,6.576,6.577,6.56,6.575,17028.48
2026-08-04 00:00:00+00:00,6.574,6.616,6.563,6.589,81168.54
2026-08-04 01:00:00+00:00,6.589,6.932,6.587,6.868,623493.84
2026-08-04 02:00:00+00:00,6.869,6.987,6.78,6.919,323259.74
2026-08-04 03:00:00+00:00,6.919,6.953,6.854,6.865,192743.38
2026-08-04 04:00:00+00:00,6.866,6.918,6.838,6.878,143312.45
2026-08-04 05:00:00+00:00,6.877,6.9,6.827,6.838,104241.19
2026-08-04 06:00:00+00:00,6.839,6.854,6.788,6.804,115900.9
2026-08-04 07:00:00+00:00,6.804,6.835,6.768,6.833,71503.74
2026-08-04 08:00:00+00:00,6.833,6.835,6.762,6.77,108387.57
2026-08-04 09:00:00+00:00,6.77,6.8,6.761,6.8,66153.41
2026-08-04 10:00:00+00:00,6.8,6.85,6.787,6.8,71321.16
2026-08-04 11:00:00+00:00,6.8,6.824,6.791,6.819,59151.74
2026-08-04 12:00:00+00:00,6.818,6.829,6.78,6.802,101719.36
2026-08-04 13:00:00+00:00,6.802,6.837,6.723,6.747,143193.84
2026-08-04 14:00:00+00:00,6.747,6.761,6.693,6.741,106992.64
2026-08-04 15:00:00+00:00,6.74,6.762,6.686,6.757,82335.39
2026-08-04 16:00:00+00:00,6.759,6.76,6.712,6.722,34953.06
2026-08-04 17:00:00+00:00,6.721,6.737,6.7,6.703,31988.04
2026-08-04 18:00:00+00:00,6.702,6.746,6.699,6.737,36316.51
2026-08-04 19:00:00+00:00,6.737,6.748,6.721,6.732,19878.21
2026-08-04 20:00:00+00:00,6.731,6.739,6.696,6.714,36275.23
2026-08-04 21:00:00+00:00,6.714,6.721,6.695,6.705,28887.16
2026-08-04 22:00:00+00:00,6.705,6.72,6.637,6.719,111045.44
2026-08-04 23:00:00+00:00,6.72,6.727,6.682,6.688,37547.88
2026-08-05 00:00:00+00:00,6.688,6.694,6.656,6.666,59768.77
2026-08-05 01:00:00+00:00,6.665,6.681,6.652,6.67,32788.41
2026-08-05 02:00:00+00:00,6.671,6.708,6.667,6.697,41018.33
2026-08-05 03:00:00+00:00,6.697,6.703,6.6,6.626,127902.56
2026-08-05 04:00:00+00:00,6.627,6.658,6.627,6.654,23335.42
2026-08-05 05:00:00+00:00,6.654,6.686,6.653,6.682,62035.06
2026-08-05 06:00:00+00:00,6.682,6.721,6.679,6.694,51586.18
2026-08-05 07:00:00+00:00,6.693,6.695,6.662,6.684,16345.21
2026-08-05 08:00:00+00:00,6.683,6.704,6.661,6.663,33931.17
2026-08-05 09:00:00+00:00,6.664,6.687,6.664,6.67,20173.27
2026-08-05 10:00:00+00:00,6.669,6.696,6.659,6.668,64086.33
2026-08-05 11:00:00+00:00,6.669,6.685,6.655,6.661,31297.94
2026-08-05 12:00:00+00:00,6.661,6.72,6.658,6.672,51388.69
2026-08-05 13:00:00+00:00,6.671,6.674,6.531,6.618,193686.36
2026-08-05 14:00:00+00:00,6.618,6.652,6.609,6.635,78723.68
2026-08-05 15:00:00+00:00,6.636,6.682,6.622,6.647,78606.46
2026-08-05 16:00:00+00:00,6.647,6.7,6.644,6.677,102862.89
2026-08-05 17:00:00+00:00,6.677,6.686,6.654,6.679,87446.56
2026-08-05 18:00:00+00:00,6.679,6.698,6.67,6.685,28363.49
2026-08-05 19:00:00+00:00,6.685,6.694,6.664,6.665,25911.68
2026-08-05 20:00:00+00:00,6.665,6.706,6.664,6.682,42696.26
2026-08-05 21:00:00+00:00,6.682,6.682,6.642,6.654,27982.13
2026-08-05 22:00:00+00:00,6.654,6.674,6.646,6.653,11442.8
2026-08-05 23:00:00+00:00,6.654,6.672,6.642,6.661,27220.16
2026-08-06 00:00:00+00:00,6.662,6.681,6.65,6.66,15338.22
2026-08-06 01:00:00+00:00,6.659,6.669,6.622,6.645,32578.0
2026-08-06 02:00:00+00:00,6.644,6.654,6.614,6.651,34715.55
2026-08-06 03:00:00+00:00,6.651,6.671,6.638,6.67,19842.91
2026-08-06 04:00:00+00:00,6.669,6.7,6.657,6.671,55262.8
2026-08-06 05:00:00+00:00,6.67,6.703,6.662,6.672,22469.96
2026-08-06 06:00:00+00:00,6.673,6.681,6.652,6.674,16764.71
2026-08-06 07:00:00+00:00,6.673,6.698,6.666,6.687,26152.24
2026-08-06 08:00:00+00:00,6.687,6.692,6.658,6.677,21361.97
2026-08-06 09:00:00+00:00,6.677,6.68,6.491,6.526,284333.25
2026-08-06 10:00:00+00:00,6.525,6.525,6.35,6.41,680754.93
2026-08-06 11:00:00+00:00,6.411,6.455,6.389,6.442,153097.14
2026-08-06 12:00:00+00:00,6.442,6.45,6.412,6.417,119523.81
2026-08-06 13:00:00+00:00,6.416,6.434,6.396,6.42,144467.13
2026-08-06 14:00:00+00:00,6.42,6.458,6.405,6.454,79829.13
2026-08-06 15:00:00+00:00,6.454,6.479,6.44,6.47,76269.57
2026-08-06 16:00:00+00:00,6.472,6.505,6.438,6.504,136897.14
2026-08-06 17:00:00+00:00,6.503,6.508,6.459,6.463,43755.62
2026-08-06 18:00:00+00:00,6.462,6.486,6.443,6.453,57643.98
2026-08-06 19:00:00+00:00,6.453,6.468,6.445,6.449,17295.39
2026-08-06 20:00:00+00:00,6.449,6.471,6.448,6.459,21915.61
2026-08-06 21:00:00+00:00,6.459,6.471,6.453,6.464,19798.45
2026-08-06 22:00:00+00:00,6.465,6.477,6.451,6.454,17344.63
2026-08-06 23:00:00+00:00,6.454,6.458,6.41,6.441,37803.77
2026-08-07 00:00:00+00:00,6.44,6.448,6.403,6.419,42093.2
2026-08-07 01:00:00+00:00,6.42,6.435,6.4,6.418,27385.77
2026-08-07 02:00:00+00:00,6.417,6.436,6.394,6.426,33539.25
2026-08-07 03:00:00+00:00,6.427,6.446,6.406,6.408,33483.76
2026-08-07 04:00:00+00:00,6.407,6.41,6.389,6.398,49922.23
2026-08-07 05:00:00+00:00,6.398,6.411,6.372,6.409,39656.92
2026-08-07 06:00:00+00:00,6.408,6.435,6.402,6.418,29015.26
2026-08-07 07:00:00+00:00,6.418,6.435,6.402,6.415,23557.95
2026-08-07 08:00:00+00:00,6.414,6.44,6.409,6.412,39703.12
2026-08-07 09:00:00+00:00,6.413,6.48,6.413,6.454,80793.51
2026-08-07 10:00:00+00:00,6.454,6.462,6.429,6.449,71343.52
2026-08-07 11:00:00+00:00,6.45,6.472,6.45,6.466,34699.16
2026-08-07 12:00:00+00:00,6.467,6.526,6.465,6.496,116197.38
2026-08-07 13:00:00+00:00,6.497,6.505,6.477,6.479,35457.07
2026-08-07 14:00:00+00:00,6.48,6.489,6.407,6.428,84409.6
2026-08-07 15:00:00+00:00,6.428,6.453,6.424,6.44,31254.51
2026-08-07 16:00:00+00:00,6.441,6.462,6.407,6.407,38590.06
2026-08-07 17:00:00+00:00,6.406,6.409,6.361,6.396,76286.1
2026-08-07 18:00:00+00:00,6.397,6.414,6.393,6.41,26564.76
2026-08-07 19:00:00+00:00,6.41,6.456,6.408,6.446,31080.75
2026-08-07 20:00:00+00:00,6.446,6.452,6.438,6.45,12910.57
2026-08-07 21:00:00+00:00,6.45,6.478,6.447,6.447,23453.08
2026-08-07 22:00:00+00:00,6.447,6.447,6.422,6.424,14056.81
2026-08-07 23:00:00+00:00,6.424,6.444,6.423,6.435,9487.52
2026-08-08 00:00:00+00:00,6.434,6.438,6.419,6.437,10920.56
2026-08-08 01:00:00+00:00,6.437,6.595,6.436,6.552,79803.36
2026-08-08 02:00:00+00:00,6.553,6.567,6.523,6.536,56960.7
2026-08-08 03:00:00+00:00,6.536,6.544,6.517,6.525,27823.57
2026-08-08 04:00:00+00:00,6.526,6.549,6.516,6.523,25089.06
2026-08-08 05:00:00+00:00,6.523,6.552,6.522,6.53,29687.84
2026-08-08 06:00:00+00:00,6.53,6.539,6.513,6.518,17453.74
2026-08-08 07:00:00+00:00,6.518,6.527,6.506,6.521,9682.34
2026-08-08 08:00:00+00:00,6.521,6.544,6.514,6.534,31855.26
2026-08-08 09:00:00+00:00,6.534,6.567,6.534,6.542,29785.04
2026-08-08 10:00:00+00:00,6.541,6.555,6.503,6.527,94521.4
2026-08-08 11:00:00+00:00,6.527,6.58,6.519,6.551,84102.33
2026-08-08 12:00:00+00:00,6.551,6.566,6.533,6.537,17713.75
2026-08-08 13:00:00+00:00,6.538,6.538,6.517,6.517,52781.38
2026-08-08 14:00:00+00:00,6.517,6.567,6.516,6.55,52556.01
2026-08-08 15:00:00+00:00,6.551,6.566,6.537,6.544,25249.99
2026-08-08 16:00:00+00:00,6.545,6.561,6.541,6.549,36329.26
2026-08-08 17:00:00+00:00,6.549,6.559,6.539,6.541,17007.59
2026-08-08 18:00:00+00:00,6.541,6.541,6.523,6.534,23584.1
2026-08-08 19:00:00+00:00,6.533,6.537,6.52,6.525,10883.5
2026-08-08 20:00:00+00:00,6.525,6.531,6.51,6.518,25077.18
2026-08-08 21:00:00+00:00,6.518,6.527,6.514,6.515,21703.55
2026-08-08 22:00:00+00:00,6.516,6.516,6.461,6.473,55390.71
2026-08-08 23:00:00+00:00,6.472,6.486,6.464,6.482,19041.25
2026-08-09 00:00:00+00:00,6.481,6.486,6.457,6.486,57772.93
2026-08-09 01:00:00+00:00,6.485,6.493,6.472,6.48,17299.51
2026-08-09 02:00:00+00:00,6.481,6.493,6.472,6.475,10978.99
2026-08-09 03:00:00+00:00,6.475,6.477,6.439,6.462,26750.7
2026-08-09 04:00:00+00:00,6.461,6.485,6.455,6.475,12522.84
2026-08-09 05:00:00+00:00,6.474,6.474,6.433,6.456,32881.1
2026-08-09 06:00:00+00:00,6.456,6.497,6.451,6.493,19627.34
2026-08-09 07:00:00+00:00,6.493,6.497,6.472,6.484,27495.73
2026-08-09 08:00:00+00:00,6.485,6.503,6.463,6.475,18412.44
2026-08-09 09:00:00+00:00,6.475,6.494,6.465,6.483,14814.42
2026-08-09 10:00:00+00:00,6.483,6.494,6.478,6.48,19172.16
2026-08-09 11:00:00+00:00,6.48,6.484,6.465,6.476,16010.11
2026-08-09 12:00:00+00:00,6.475,6.476,6.456,6.467,25174.36
2026-08-09 13:00:00+00:00,6.466,6.49,6.454,6.48,70307.83
2026-08-09 14:00:00+00:00,6.481,6.511,6.477,6.503,20695.83
2026-08-09 15:00:00+00:00,6.504,6.556,6.504,6.55,34040.19
2026-08-09 16:00:00+00:00,6.551,6.59,6.537,6.539,94317.55
2026-08-09 17:00:00+00:00,6.54,6.566,6.538,6.55,23088.87
2026-08-09 18:00:00+00:00,6.55,6.558,6.529,6.54,27394.49
2026-08-09 19:00:00+00:00,6.539,6.595,6.534,6.565,127650.52
2026-08-09 20:00:00+00:00,6.566,6.573,6.539,6.566,62469.85
2026-08-09 21:00:00+00:00,6.566,6.585,6.546,6.563,35693.17
2026-08-09 22:00:00+00:00,6.564,6.589,6.48,6.496,39561.82
2026-08-09 23:00:00+00:00,6.496,6.502,6.386,6.421,106297.05
2026-08-10 00:00:00+00:00,6.421,6.476,6.376,6.463,73435.95
2026-08-10 01:00:00+00:00,6.463,6.539,6.452,6.526,28687.04
2026-08-10 02:00:00+00:00,6.527,6.529,6.464,6.511,16700.41
2026-08-10 03:00:00+00:00,6.511,6.52,6.461,6.486,14207.86
2026-08-10 04:00:00+00:00,6.485,6.526,6.485,6.499,17707.81
2026-08-10 05:00:00+00:00,6.5,6.57,6.498,6.545,40306.51
2026-08-10 06:00:00+00:00,6.546,6.575,6.518,6.536,33570.1
2026-08-10 07:00:00+00:00,6.537,6.553,6.523,6.537,33788.07
2026-08-10 08:00:00+00:00,6.537,6.549,6.508,6.515,43830.44
2026-08-10 09:00:00+00:00,6.514,6.526,6.497,6.509,29263.09
2026-08-10 10:00:00+00:00,6.509,6.536,6.498,6.525,16656.16
2026-08-10 11:00:00+00:00,6.525,6.549,6.518,6.549,19781.34
2026-08-10 12:00:00+00:00,6.55,6.582,6.527,6.533,61119.16
2026-08-10 13:00:00+00:00,6.533,6.553,6.515,6.533,63224.58
2026-08-10 14:00:00+00:00,6.533,6.568,6.517,6.522,52231.62
2026-08-10 15:00:00+00:00,6.521,6.536,6.472,6.489,60575.79
2026-08-10 16:00:00+00:00,6.488,6.488,6.419,6.433,107558.51
2026-08-10 17:00:00+00:00,6.434,6.502,6.426,6.488,39048.44
2026-08-10 18:00:00+00:00,6.487,6.497,6.478,6.495,16328.9
2026-08-10 19:00:00+00:00,6.494,6.496,6.461,6.473,35704.09
2026-08-10 20:00:00+00:00,6.473,6.473,6.455,6.458,9455.95
2026-08-10 21:00:00+00:00,6.457,6.457,6.419,6.425,29985.25
2026-08-10 22:00:00+00:00,6.426,6.44,6.413,6.424,16568.92
2026-08-10 23:00:00+00:00,6.424,6.442,6.417,6.436,18866.62
2026-08-11 00:00:00+00:00,6.436,6.484,6.432,6.478,33891.86
2026-08-11 01:00:00+00:00,6.477,6.537,6.473,6.527,44404.68
2026-08-11 02:00:00+00:00,6.527,6.555,6.525,6.54,47929.5
2026-08-11 03:00:00+00:00,6.541,6.556,6.531,6.541,21088.14
2026-08-11 04:00:00+00:00,6.54,6.548,6.512,6.532,19059.69
2026-08-11 05:00:00+00:00,6.531,6.531,6.491,6.498,26596.42
2026-08-11 06:00:00+00:00,6.498,6.52,6.475,6.487,41861.48
2026-08-11 07:00:00+00:00,6.487,6.496,6.471,6.484,22645.56
2026-08-11 08:00:00+00:00,6.485,6.497,6.472,6.49,26516.19
2026-08-11 09:00:00+00:00,6.49,6.527,6.472,6.51,47309.76
2026-08-11 10:00:00+00:00,6.51,6.516,6.46,6.498,33119.69
2026-08-11 11:00:00+00:00,6.498,6.525,6.496,6.508,26231.43
2026-08-11 12:00:00+00:00,6.509,6.514,6.47,6.481,31588.45
2026-08-11 13:00:00+00:00,6.48,6.482,6.422,6.426,110054.86
2026-08-11 14:00:00+00:00,6.426,6.431,6.224,6.253,336354.71
2026-08-11 15:00:00+00:00,6.253,6.253,6.11,6.217,579434.22
2026-08-11 16:00:00+00:00,6.217,6.255,6.189,6.219,134518.05
2026-08-11 17:00:00+00:00,6.219,6.238,6.208,6.211,90208.02
2026-08-11 18:00:00+00:00,6.211,6.245,6.207,6.239,68004.37
2026-08-11 19:00:00+00:00,6.239,6.279,6.22,6.279,60367.6
2026-08-11 20:00:00+00:00,6.279,6.331,6.275,6.309,67145.19
2026-08-11 21:00:00+00:00,6.309,6.323,6.293,6.316,44841.65
2026-08-11 22:00:00+00:00,6.317,6.335,6.308,6.321,27571.62
2026-08-11 23:00:00+00:00,6.321,6.329,6.307,6.322,21992.32
2026-08-12 00:00:00+00:00,6.324,6.327,6.28,6.291,64298.18
2026-08-12 01:00:00+00:00,6.291,6.312,6.283,6.294,55458.32
2026-08-12 02:00:00+00:00,6.294,6.305,6.284,6.291,27342.36
2026-08-12 03:00:00+00:00,6.292,6.31,6.264,6.287,38873.07
2026-08-12 04:00:00+00:00,6.286,6.316,6.279,6.294,30708.98
2026-08-12 05:00:00+00:00,6.295,6.3,6.286,6.294,23849.76
2026-08-12 06:00:00+00:00,6.294,6.294,6.237,6.244,126554.57
2026-08-12 07:00:00+00:00,6.244,6.268,6.21,6.237,129893.24
2026-08-12 08:00:00+00:00,6.236,6.251,6.22,6.223,73610.28
2026-08-12 09:00:00+00:00,6.222,6.268,6.216,6.253,58170.7
2026-08-12 10:00:00+00:00,6.253,6.295,6.25,6.284,85904.1
2026-08-12 11:00:00+00:00,6.285,6.314,6.272,6.31,38393.97
2026-08-12 12:00:00+00:00,6.311,6.546,6.305,6.409,500159.96
2026-08-12 13:00:00+00:00,6.41,6.429,6.347,6.353,146429.13
2026-08-12 14:00:00+00:00,6.352,6.368,6.282,6.296,146230.52
2026-08-12 15:00:00+00:00,6.295,6.401,6.292,6.377,97685.97
2026-08-12 16:00:00+00:00,6.377,6.38,6.329,6.349,43294.11
2026-08-12 17:00:00+00:00,6.35,6.372,6.334,6.363,61569.2
2026-08-12 18:00:00+00:00,6.363,6.4,6.363,6.381,94571.08
2026-08-12 19:00:00+00:00,6.38,6.391,6.324,6.357,101896.9
2026-08-12 20:00:00+00:00,6.356,6.425,6.354,6.39,67691.7
2026-08-12 21:00:00+00:00,6.389,6.404,6.314,6.338,83420.74
2026-08-12 22:00:00+00:00,6.338,6.353,6.298,6.312,51760.6
2026-08-12 23:00:00+00:00,6.313,6.328,6.298,6.32,25267.15
2026-08-13 00:00:00+00:00,6.319,6.383,6.317,6.373,42756.21
2026-08-13 01:00:00+00:00,6.372,6.412,6.361,6.403,44837.33
2026-08-13 02:00:00+00:00,6.402,6.425,6.377,6.42,48368.83
2026-08-13 03:00:00+00:00,6.421,6.526,6.421,6.512,213073.92
2026-08-13 04:00:00+00:00,6.512,6.55,6.489,6.505,194375.75
2026-08-13 05:00:00+00:00,6.506,6.544,6.487,6.516,113399.79
2026-08-13 06:00:00+00:00,6.516,6.548,6.516,6.537,107925.3
2026-08-13 07:00:00+00:00,6.537,6.548,6.511,6.519,102144.08
2026-08-13 08:00:00+00:00,6.519,6.536,6.496,6.515,91787.99
2026-08-13 09:00:00+00:00,6.515,6.516,6.476,6.503,66594.32
2026-08-13 10:00:00+00:00,6.503,6.518,6.482,6.514,63785.13
2026-08-13 11:00:00+00:00,6.515,6.519,6.48,6.505,56163.84
2026-08-13 12:00:00+00:00,6.505,6.55,6.498,6.548,104720.78
2026-08-13 13:00:00+00:00,6.549,6.55,6.482,6.494,83689.79
2026-08-13 14:00:00+00:00,6.493,6.527,6.469,6.492,78452.35
2026-08-13 15:00:00+00:00,6.492,6.499,6.411,6.412,100958.36
2026-08-13 16:00:00+00:00,6.411,6.419,6.366,6.394,172077.9
2026-08-13 17:00:00+00:00,6.394,6.42,6.391,6.418,39394.16
2026-08-13 18:00:00+00:00,6.418,6.443,6.412,6.432,21832.93
2026-08-13 19:00:00+00:00,6.433,6.44,6.418,6.423,24747.84
2026-08-13 20:00:00+00:00,6.424,6.427,6.408,6.417,14328.48
2026-08-13 21:00:00+00:00,6.416,6.429,6.408,6.423,8472.79
2026-08-13 22:00:00+00:00,6.423,6.447,6.421,6.445,13442.95
2026-08-13 23:00:00+00:00,6.445,6.458,6.438,6.457,21591.17
2026-08-14 00:00:00+00:00,6.457,6.484,6.45,6.467,46968.09
2026-08-14 01:00:00+00:00,6.466,6.49,6.455,6.469,39807.85
2026-08-14 02:00:00+00:00,6.469,6.474,6.437,6.449,24270.19
2026-08-14 03:00:00+00:00,6.449,6.45,6.411,6.417,33897.95
2026-08-14 04:00:00+00:00,6.417,6.437,6.406,6.433,17355.02
2026-08-14 05:00:00+00:00,6.433,6.436,6.416,6.429,18443.88
2026-08-14 06:00:00+00:00,6.43,6.431,6.381,6.382,32496.55
2026-08-14 07:00:00+00:00,6.381,6.409,6.372,6.377,62605.65
2026-08-14 08:00:00+00:00,6.378,6.407,6.377,6.393,34404.27
2026-08-14 09:00:00+00:00,6.393,6.396,6.358,6.359,32711.29
2026-08-14 10:00:00+00:00,6.359,6.381,6.351,6.365,28371.96
2026-08-14 11:00:00+00:00,6.365,6.374,6.357,6.362,22436.68
2026-08-14 12:00:00+00:00,6.362,6.384,6.348,6.384,35110.34
2026-08-14 13:00:00+00:00,6.383,6.405,6.362,6.394,51568.26
2026-08-14 14:00:00+00:00,6.394,6.403,6.375,6.386,30798.1
2026-08-14 15:00:00+00:00,6.385,6.451,6.373,6.439,43886.98
2026-08-14 16:00:00+00:00,6.44,6.459,6.423,6.444,30469.62
2026-08-14 17:00:00+00:00,6.445,6.494,6.441,6.442,42977.15
2026-08-14 18:00:00+00:00,6.443,6.447,6.407,6.428,28486.31
2026-08-14 19:00:00+00:00,6.427,6.459,6.402,6.432,32547.51
2026-08-14 20:00:00+00:00,6.433,6.441,6.423,6.425,15269.27
2026-08-14 21:00:00+00:00,6.424,6.429,6.392,6.402,46376.96
2026-08-14 22:00:00+00:00,6.402,6.432,6.39,6.43,22031.73
2026-08-14 23:00:00+00:00,6.431,6.495,6.43,6.476,33667.78
2026-08-15 00:00:00+00:00,6.477,6.515,6.477,6.5,49939.62
2026-08-15 01:00:00+00:00,6.5,6.504,6.478,6.489,50057.17
2026-08-15 02:00:00+00:00,6.49,6.877,6.49,6.766,701341.96
2026-08-15 03:00:00+00:00,6.767,6.86,6.746,6.77,518426.23
2026-08-15 04:00:00+00:00,6.77,6.793,6.687,6.723,185947.18
2026-08-15 05:00:00+00:00,6.723,6.742,6.677,6.688,135185.43
2026-08-15 06:00:00+00:00,6.688,6.703,6.597,6.654,168244.45
2026-08-15 07:00:00+00:00,6.654,6.659,6.62,6.62,86128.86
2026-08-15 08:00:00+00:00,6.621,6.632,6.594,6.598,129065.86
2026-08-15 09:00:00+00:00,6.598,6.604,6.582,6.59,48950.56
2026-08-15 10:00:00+00:00,6.589,6.598,6.579,6.591,34687.13
2026-08-15 11:00:00+00:00,6.59,6.59,6.569,6.573,33912.7
2026-08-15 12:00:00+00:00,6.573,6.599,6.568,6.59,37784.81
2026-08-15 13:00:00+00:00,6.59,6.59,6.552,6.566,44459.14
2026-08-15 14:00:00+00:00,6.566,6.581,6.555,6.556,36295.92
2026-08-15 15:00:00+00:00,6.555,6.574,6.54,6.563,27602.77
2026-08-15 16:00:00+00:00,6.563,6.564,6.478,6.507,128354.13
2026-08-15 17:00:00+00:00,6.507,6.518,6.494,6.506,47399.62
2026-08-15 18:00:00+00:00,6.505,6.508,6.492,6.495,34671.64
2026-08-15 19:00:00+00:00,6.495,6.511,6.489,6.507,36552.42
2026-08-15 20:00:00+00:00,6.506,6.507,6.494,6.498,21940.87
2026-08-15 21:00:00+00:00,6.498,6.507,6.492,6.497,25623.99
2026-08-15 22:00:00+00:00,6.497,6.498,6.363,6.377,244465.21
2026-08-15 23:00:00+00:00,6.378,6.378,6.301,6.333,296809.28
2026-08-16 00:00:00+00:00,6.333,6.337,6.22,6.326,399717.72
2026-08-16 01:00:00+00:00,6.326,6.35,6.32,6.338,85811.88
2026-08-16 02:00:00+00:00,6.338,6.363,6.314,6.358,64464.14
2026-08-16 03:00:00+00:00,6.358,6.37,6.351,6.353,46419.1
2026-08-16 04:00:00+00:00,6.353,6.358,6.336,6.343,47630.43
2026-08-16 05:00:00+00:00,6.343,6.345,6.33,6.336,35014.11
2026-08-16 06:00:00+00:00,6.335,6.34,6.32,6.33,53129.18
2026-08-16 07:00:00+00:00,6.33,6.34,6.324,6.335,33355.58
2026-08-16 08:00:00+00:00,6.335,6.346,6.324,6.337,50424.78
2026-08-16 09:00:00+00:00,6.337,6.359,6.333,6.345,37598.79
2026-08-16 10:00:00+00:00,6.345,6.383,6.343,6.373,30617.87
2026-08-16 11:00:00+00:00,6.373,6.386,6.349,6.361,23643.23
2026-08-16 12:00:00+00:00,6.361,6.384,6.355,6.384,17100.39
2026-08-16 13:00:00+00:00,6.384,6.396,6.375,6.383,32577.83
2026-08-16 14:00:00+00:00,6.383,6.424,6.382,6.415,68585.84
2026-08-16 15:00:00+00:00,6.414,6.436,6.414,6.431,22904.5
2026-08-16 16:00:00+00:00,6.432,6.437,6.367,6.369,67292.41
2026-08-16 17:00:00+00:00,6.369,6.38,6.357,6.361,39412.85
2026-08-16 18:00:00+00:00,6.36,6.363,6.336,6.338,44848.12
2026-08-16 19:00:00+00:00,6.339,6.358,6.339,6.346,31497.99
2026-08-16 20:00:00+00:00,6.346,6.351,6.323,6.33,42153.23
2026-08-16 21:00:00+00:00,6.33,6.334,6.277,6.299,103141.83
2026-08-16 22:00:00+00:00,6.298,6.333,6.288,6.329,44381.44
2026-08-16 23:00:00+00:00,6.33,6.336,6.319,6.33,12477.84
2026-08-17 00:00:00+00:00,6.33,6.343,6.292,6.311,44265.46
2026-08-17 01:00:00+00:00,6.311,6.372,6.309,6.339,66686.06
2026-08-17 02:00:00+00:00,6.34,6.387,6.33,6.372,32474.03
2026-08-17 03:00:00+00:00,6.373,6.375,6.357,6.367,33957.31
2026-08-17 04:00:00+00:00,6.367,6.403,6.367,6.39,43367.46
2026-08-17 05:00:00+00:00,6.39,6.391,6.356,6.357,25248.74
2026-08-17 06:00:00+00:00,6.357,6.394,6.342,6.381,48429.28
2026-08-17 07:00:00+00:00,6.381,6.382,6.361,6.363,26767.99
2026-08-17 08:00:00+00:00,6.364,6.366,6.31,6.32,68598.27
2026-08-17 09:00:00+00:00,6.32,6.333,6.315,6.327,36667.54
2026-08-17 10:00:00+00:00,6.328,6.359,6.32,6.35,22987.69
2026-08-17 11:00:00+00:00,6.35,6.351,6.318,6.329,40275.41
2026-08-17 12:00:00+00:00,6.328,6.332,6.3,6.311,67937.3
2026-08-17 13:00:00+00:00,6.311,6.326,6.293,6.309,81283.58
2026-08-17 14:00:00+00:00,6.31,6.335,6.293,6.329,51214.86
2026-08-17 15:00:00+00:00,6.328,6.347,6.314,6.327,78658.57
2026-08-17 16:00:00+00:00,6.328,6.335,6.3,6.301,49806.92
2026-08-17 17:00:00+00:00,6.3,6.348,6.297,6.323,46851.63
2026-08-17 18:00:00+00:00,6.322,6.358,6.322,6.339,35840.98
2026-08-17 19:00:00+00:00,6.339,6.353,6.316,6.342,44436.02
2026-08-17 20:00:00+00:00,6.343,6.359,6.324,6.343,70302.36
2026-08-17 21:00:00+00:00,6.342,6.352,6.334,6.339,18242.28
2026-08-17 22:00:00+00:00,6.339,6.345,6.315,6.318,23180.4
2026-08-17 23:00:00+00:00,6.318,6.368,6.314,6.352,18843.23
2026-08-18 00:00:00+00:00,6.352,6.388,6.345,6.387,45931.17
2026-08-18 01:00:00+00:00,6.387,6.455,6.332,6.338,87912.82
2026-08-18 02:00:00+00:00,6.338,6.338,6.244,6.25,161714.09
2026-08-18 03:00:00+00:00,6.25,6.287,6.237,6.278,90857.86
2026-08-18 04:00:00+00:00,6.278,6.3,6.271,6.3,28238.82
2026-08-18 05:00:00+00:00,6.301,6.356,6.293,6.34,61365.08
2026-08-18 06:00:00+00:00,6.339,6.37,6.313,6.354,33688.1
2026-08-18 07:00:00+00:00,6.354,6.356,6.305,6.313,34186.58
2026-08-18 08:00:00+00:00,6.313,6.348,6.296,6.326,45524.04
2026-08-18 09:00:00+00:00,6.326,6.338,6.318,6.326,48492.36
2026-08-18 10:00:00+00:00,6.326,6.329,6.3,6.313,84537.34
2026-08-18 11:00:00+00:00,6.313,6.335,6.313,6.332,17108.3
2026-08-18 12:00:00+00:00,6.332,6.335,6.313,6.329,24706.15
2026-08-18 13:00:00+00:00,6.329,6.339,6.313,6.324,35360.48
2026-08-18 14:00:00+00:00,6.325,6.4,6.325,6.354,107337.08
2026-08-18 15:00:00+00:00,6.354,6.378,6.351,6.376,45346.91
2026-08-18 16:00:00+00:00,6.376,6.382,6.321,6.34,67926.28
2026-08-18 17:00:00+00:00,6.339,6.358,6.329,6.351,31994.23
2026-08-18 18:00:00+00:00,6.351,6.363,6.34,6.348,23400.0
2026-08-18 19:00:00+00:00,6.348,6.362,6.334,6.349,50393.7
2026-08-18 20:00:00+00:00,6.349,6.358,6.313,6.314,33734.61
2026-08-18 21:00:00+00:00,6.313,6.326,6.304,6.318,23927.25
2026-08-18 22:00:00+00:00,6.318,6.327,6.311,6.321,15649.28
2026-08-18 23:00:00+00:00,6.322,6.349,6.322,6.334,9989.26
2026-08-19 00:00:00+00:00,6.335,6.347,6.318,6.33,30854.32
2026-08-19 01:00:00+00:00,6.33,6.357,6.329,6.35,15281.79
2026-08-19 02:00:00+00:00,6.349,6.356,6.337,6.345,21068.24
2026-08-19 03:00:00+00:00,6.345,6.374,6.337,6.364,18347.03
2026-08-19 04:00:00+00:00,6.364,6.366,6.347,6.35,9593.48
2026-08-19 05:00:00+00:00,6.35,6.365,6.345,6.347,10125.14
2026-08-19 06:00:00+00:00,6.346,6.366,6.336,6.365,27907.22
2026-08-19 07:00:00+00:00,6.366,6.373,6.345,6.35,30711.86
2026-08-19 08:00:00+00:00,6.351,6.393,6.348,6.359,88965.8
2026-08-19 09:00:00+00:00,6.359,6.37,6.339,6.345,50256.38
2026-08-19 10:00:00+00:00,6.345,6.345,6.325,6.34,23493.67
2026-08-19 11:00:00+00:00,6.34,6.35,6.306,6.314,68375.67
2026-08-19 12:00:00+00:00,6.314,6.371,6.311,6.359,49577.41
2026-08-19 13:00:00+00:00,6.358,6.358,6.303,6.309,121000.3
2026-08-19 14:00:00+00:00,6.309,6.393,6.291,6.378,202064.31
2026-08-19 15:00:00+00:00,6.379,6.729,6.37,6.56,816566.08
2026-08-19 16:00:00+00:00,6.559,6.643,6.558,6.607,297132.76
2026-08-19 17:00:00+00:00,6.608,6.61,6.523,6.544,201388.91
2026-08-19 18:00:00+00:00,6.543,6.55,6.5,6.527,95146.82
2026-08-19 19:00:00+00:00,6.526,6.591,6.52,6.586,119593.11
2026-08-19 20:00:00+00:00,6.586,6.761,6.586,6.711,299051.34
2026-08-19 21:00:00+00:00,6.711,6.879,6.702,6.827,722972.43
2026-08-19 22:00:00+00:00,6.827,6.858,6.76,6.795,358353.42
2026-08-19 23:00:00+00:00,6.796,6.812,6.751,6.778,121400.84
2026-08-20 00:00:00+00:00,6.778,6.823,6.744,6.786,144798.07
2026-08-20 01:00:00+00:00,6.786,6.8,6.748,6.793,83595.08
2026-08-20 02:00:00+00:00,6.794,6.811,6.77,6.773,73503.25
2026-08-20 03:00:00+00:00,6.772,6.772,6.691,6.754,117198.2
2026-08-20 04:00:00+00:00,6.754,6.773,6.729,6.763,40249.9
2026-08-20 05:00:00+00:00,6.763,6.778,6.745,6.75,36789.4
2026-08-20 06:00:00+00:00,6.751,6.804,6.728,6.804,68981.27
2026-08-20 07:00:00+00:00,6.803,6.829,6.786,6.808,124276.8
2026-08-20 08:00:00+00:00,6.808,6.947,6.797,6.914,287284.04
2026-08-20 09:00:00+00:00,6.914,6.93,6.854,6.871,150568.84
2026-08-20 10:00:00+00:00,6.87,6.964,6.868,6.916,111974.05
2026-08-20 11:00:00+00:00,6.916,6.952,6.874,6.889,101122.47
2026-08-20 12:00:00+00:00,6.889,6.907,6.73,6.864,328845.15
2026-08-20 13:00:00+00:00,6.864,6.922,6.832,6.913,146962.58
2026-08-20 14:00:00+00:00,6.913,6.972,6.901,6.971,198873.64
2026-08-20 15:00:00+00:00,6.971,7.137,6.959,7.056,471486.92
2026-08-20 16:00:00+00:00,7.057,7.236,7.047,7.221,316078.68
2026-08-20 17:00:00+00:00,7.22,7.322,7.201,7.264,310642.04
2026-08-20 18:00:00+00:00,7.265,7.279,7.161,7.167,337006.96
2026-08-20 19:00:00+00:00,7.167,7.203,7.124,7.142,150972.37
2026-08-20 20:00:00+00:00,7.142,7.211,7.119,7.211,135284.12
2026-08-20 21:00:00+00:00,7.21,7.221,7.134,7.207,133599.71
2026-08-20 22:00:00+00:00,7.207,7.207,7.149,7.171,74018.1
2026-08-20 23:00:00+00:00,7.172,7.309,7.169,7.291,120706.08
2026-08-21 00:00:00+00:00,7.291,7.357,7.218,7.272,145742.4
2026-08-21 01:00:00+00:00,7.271,7.336,7.235,7.301,135516.64
2026-08-21 02:00:00+00:00,7.302,7.325,7.253,7.271,162110.68
2026-08-21 03:00:00+00:00,7.271,7.343,7.233,7.303,123986.2
2026-08-21 04:00:00+00:00,7.304,7.356,7.27,7.313,105771.68
2026-08-21 05:00:00+00:00,7.312,7.395,7.279,7.393,267434.68
2026-08-21 06:00:00+00:00,7.393,7.445,7.308,7.36,302244.77
2026-08-21 07:00:00+00:00,7.361,7.497,7.351,7.477,277699.0
2026-08-21 08:00:00+00:00,7.478,7.699,7.476,7.684,304279.64
2026-08-21 09:00:00+00:00,7.685,7.689,7.369,7.589,457163.24
2026-08-21 10:00:00+00:00,7.589,7.631,7.539,7.621,214587.45
2026-08-21 11:00:00+00:00,7.62,7.666,7.433,7.493,288540.9
2026-08-21 12:00:00+00:00,7.492,7.581,7.45,7.556,224152.23
2026-08-21 13:00:00+00:00,7.557,7.637,7.469,7.58,255549.84
2026-08-21 14:00:00+00:00,7.58,7.651,7.512,7.632,194527.26
2026-08-21 15:00:00+00:00,7.632,7.676,7.536,7.618,333665.48
2026-08-21 16:00:00+00:00,7.619,7.655,7.546,7.631,154014.41
2026-08-21 17:00:00+00:00,7.632,7.702,7.608,7.659,240490.62
2026-08-21 18:00:00+00:00,7.658,7.67,7.474,7.525,217278.34
2026-08-21 19:00:00+00:00,7.524,7.583,7.467,7.542,166966.57
2026-08-21 20:00:00+00:00,7.542,7.639,7.518,7.635,115223.82
2026-08-21 21:00:00+00:00,7.635,7.78,7.632,7.773,270462.09
2026-08-21 22:00:00+00:00,7.773,7.889,7.749,7.862,396164.91
2026-08-21 23:00:00+00:00,7.863,7.893,7.794,7.838,194684.29
2026-08-22 00:00:00+00:00,7.838,7.899,7.773,7.876,158436.48
2026-08-22 01:00:00+00:00,7.876,7.926,7.821,7.843,163662.89
2026-08-22 02:00:00+00:00,7.843,8.07,7.843,8.061,213175.58
2026-08-22 03:00:00+00:00,8.062,8.114,8.023,8.073,378714.42
2026-08-22 04:00:00+00:00,8.073,8.317,8.021,8.24,379116.38
2026-08-22 05:00:00+00:00,8.239,8.305,7.0,7.698,1510614.25
2026-08-22 06:00:00+00:00,7.697,7.718,7.563,7.67,332389.16
2026-08-22 07:00:00+00:00,7.67,7.735,7.596,7.61,214986.4
2026-08-22 08:00:00+00:00,7.61,7.658,7.465,7.539,343198.38
2026-08-22 09:00:00+00:00,7.54,7.612,7.459,7.529,191985.39
2026-08-22 10:00:00+00:00,7.53,7.548,7.348,7.503,421551.95
2026-08-22 11:00:00+00:00,7.503,7.54,7.461,7.526,165873.92
2026-08-22 12:00:00+00:00,7.526,7.596,7.504,7.556,135618.65
2026-08-22 13:00:00+00:00,7.556,7.571,7.51,7.541,102394.36
2026-08-22 14:00:00+00:00,7.542,7.551,7.441,7.475,184661.66
2026-08-22 15:00:00+00:00,7.475,7.504,7.428,7.451,92252.45
2026-08-22 16:00:00+00:00,7.45,7.63,7.45,7.598,202759.92
2026-08-22 17:00:00+00:00,7.598,7.603,7.548,7.577,78556.71
2026-08-22 18:00:00+00:00,7.577,7.587,7.526,7.562,62521.93
2026-08-22 19:00:00+00:00,7.561,7.599,7.531,7.566,46905.7
2026-08-22 20:00:00+00:00,7.565,7.599,7.544,7.57,96180.78
2026-08-22 21:00:00+00:00,7.57,7.57,7.438,7.455,147978.74
2026-08-22 22:00:00+00:00,7.455,7.528,7.413,7.485,88855.15
2026-08-22 23:00:00+00:00,7.486,7.512,7.45,7.494,38502.74
2026-08-23 00:00:00+00:00,7.493,7.584,7.466,7.571,117537.45
2026-08-23 01:00:00+00:00,7.57,7.57,7.501,7.516,57072.91
2026-08-23 02:00:00+00:00,7.516,7.521,7.424,7.46,100690.89
2026-08-23 03:00:00+00:00,7.46,7.471,7.377,7.408,154619.52
2026-08-23 04:00:00+00:00,7.408,7.444,7.308,7.331,200830.74
2026-08-23 05:00:00+00:00,7.331,7.394,7.275,7.312,207865.28
2026-08-23 06:00:00+00:00,7.313,7.383,7.299,7.341,106339.22
2026-08-23 07:00:00+00:00,7.342,7.397,7.329,7.373,75467.61
2026-08-23 08:00:00+00:00,7.372,7.437,7.369,7.406,72672.92
2026-08-23 09:00:00+00:00,7.406,7.424,7.381,7.419,48909.82
2026-08-23 10:00:00+00:00,7.418,7.476,7.416,7.437,95263.71
2026-08-23 11:00:00+00:00,7.437,7.532,7.429,7.53,150381.63
2026-08-23 12:00:00+00:00,7.529,7.556,7.484,7.543,86466.5
2026-08-23 13:00:00+00:00,7.542,7.627,7.536,7.612,191230.01
2026-08-23 14:00:00+00:00,7.612,7.66,7.432,7.563,304476.63
2026-08-23 15:00:00+00:00,7.564,7.602,7.512,7.556,137434.05
2026-08-23 16:00:00+00:00,7.557,7.594,7.531,7.579,80742.11
2026-08-23 17:00:00+00:00,7.579,7.603,7.531,7.548,105670.88
2026-08-23 18:00:00+00:00,7.548,7.591,7.543,7.588,59880.57
2026-08-23 19:00:00+00:00,7.588,7.594,7.539,7.545,48563.7
2026-08-23 20:00:00+00:00,7.545,7.577,7.514,7.577,54846.2
2026-08-23 21:00:00+00:00,7.577,7.676,7.576,7.627,140197.59
2026-08-23 22:00:00+00:00,7.627,7.657,7.584,7.625,57905.14
2026-08-23 23:00:00+00:00,7.626,7.648,7.584,7.609,61684.07
2026-08-24 00:00:00+00:00,7.608,7.609,7.466,7.57,135409.28
2026-08-24 01:00:00+00:00,7.57,7.579,7.418,7.424,134307.39
2026-08-24 02:00:00+00:00,7.423,7.538,7.395,7.503,79167.6
2026-08-24 03:00:00+00:00,7.504,7.505,7.432,7.454,95895.49
2026-08-24 04:00:00+00:00,7.454,7.515,7.452,7.509,141383.48
2026-08-24 05:00:00+00:00,7.508,7.53,7.454,7.489,80928.49
2026-08-24 06:00:00+00:00,7.488,7.516,7.435,7.48,101734.79
2026-08-24 07:00:00+00:00,7.481,7.541,7.453,7.459,82256.43
2026-08-24 08:00:00+00:00,7.46,7.476,7.409,7.445,134466.07
2026-08-24 09:00:00+00:00,7.445,7.501,7.441,7.49,47454.26
2026-08-24 10:00:00+00:00,7.49,7.525,7.449,7.463,79077.08
2026-08-24 11:00:00+00:00,7.463,7.582,7.421,7.547,134340.08
2026-08-24 12:00:00+00:00,7.546,7.62,7.463,7.595,206112.78
2026-08-24 13:00:00+00:00,7.595,7.614,7.442,7.515,324628.24
2026-08-24 14:00:00+00:00,7.514,7.603,7.496,7.567,143580.24
2026-08-24 15:00:00+00:00,7.567,7.649,7.514,7.541,158158.6
2026-08-24 16:00:00+00:00,7.541,7.646,7.531,7.558,181648.15
2026-08-24 17:00:00+00:00,7.559,7.583,7.487,7.529,156591.2
2026-08-24 18:00:00+00:00,7.53,7.575,7.509,7.523,67603.01
2026-08-24 19:00:00+00:00,7.524,7.537,7.512,7.53,157667.36
2026-08-24 20:00:00+00:00,7.531,7.567,7.52,7.554,75910.13
2026-08-24 21:00:00+00:00,7.554,7.58,7.54,7.574,67092.58
2026-08-24 22:00:00+00:00,7.574,7.588,7.516,7.52,56905.26
2026-08-24 23:00:00+00:00,7.521,7.553,7.499,7.544,49265.24
2026-08-25 00:00:00+00:00,7.544,7.64,7.511,7.623,93149.28
2026-08-25 01:00:00+00:00,7.623,7.64,7.585,7.62,67212.37
2026-08-25 02:00:00+00:00,7.621,7.734,7.587,7.685,150042.94
2026-08-25 03:00:00+00:00,7.685,7.725,7.604,7.624,103590.04
2026-08-25 04:00:00+00:00,7.624,7.67,7.612,7.65,50871.58
2026-08-25 05:00:00+00:00,7.65,7.704,7.638,7.674,54005.39
2026-08-25 06:00:00+00:00,7.674,7.679,7.574,7.587,97793.89
2026-08-25 07:00:00+00:00,7.587,7.624,7.481,7.529,91833.52
2026-08-25 08:00:00+00:00,7.53,7.581,7.524,7.534,136590.69
2026-08-25 09:00:00+00:00,7.535,7.548,7.492,7.529,103457.87
2026-08-25 10:00:00+00:00,7.528,7.539,7.512,7.53,90145.0
2026-08-25 11:00:00+00:00,7.529,7.555,7.513,7.523,57374.79
2026-08-25 12:00:00+00:00,7.523,7.54,7.493,7.527,122901.28
2026-08-25 13:00:00+00:00,7.527,7.532,7.322,7.416,392911.54
2026-08-25 14:00:00+00:00,7.416,7.516,7.398,7.496,170739.44
2026-08-25 15:00:00+00:00,7.497,7.514,7.453,7.51,88718.85
2026-08-25 16:00:00+00:00,7.509,7.537,7.459,7.467,74952.37
2026-08-25 17:00:00+00:00,7.467,7.497,7.435,7.486,74033.0
2026-08-25 18:00:00+00:00,7.487,7.522,7.479,7.498,27086.95
2026-08-25 19:00:00+00:00,7.498,7.504,7.447,7.46,39299.96
2026-08-25 20:00:00+00:00,7.461,7.462,7.345,7.35,179316.11
2026-08-25 21:00:00+00:00,7.35,7.373,7.226,7.349,177785.69
2026-08-25 22:00:00+00:00,7.35,7.394,7.348,7.392,31543.7
2026-08-25 23:00:00+00:00,7.391,7.401,7.318,7.328,62963.07
2026-08-26 00:00:00+00:00,7.328,7.365,7.296,7.36,50065.96
2026-08-26 01:00:00+00:00,7.359,7.394,7.354,7.373,25829.63
2026-08-26 02:00:00+00:00,7.374,7.419,7.356,7.395,16385.6
2026-08-26 03:00:00+00:00,7.394,7.399,7.349,7.371,26625.23
2026-08-26 04:00:00+00:00,7.37,7.382,7.334,7.338,33102.24
2026-08-26 05:00:00+00:00,7.338,7.375,7.307,7.375,37817.71
2026-08-26 06:00:00+00:00,7.375,7.404,7.367,7.396,50339.6
2026-08-26 07:00:00+00:00,7.396,7.419,7.39,7.392,63155.36
2026-08-26 08:00:00+00:00,7.391,7.412,7.354,7.369,32891.11
2026-08-26 09:00:00+00:00,7.37,7.385,7.282,7.318,110581.3
2026-08-26 10:00:00+00:00,7.317,7.415,7.305,7.403,59137.85
2026-08-26 11:00:00+00:00,7.403,7.41,7.32,7.339,57805.77
2026-08-26 12:00:00+00:00,7.339,7.392,7.279,7.352,83451.58
2026-08-26 13:00:00+00:00,7.351,7.364,7.269,7.31,61329.32
2026-08-26 14:00:00+00:00,7.309,7.335,7.183,7.205,148652.73
2026-08-26 15:00:00+00:00,7.205,7.252,7.153,7.232,137697.32
2026-08-26 16:00:00+00:00,7.231,7.257,7.192,7.212,45923.46
2026-08-26 17:00:00+00:00,7.213,7.295,7.21,7.246,44804.14
2026-08-26 18:00:00+00:00,7.247,7.262,7.236,7.25,25850.18
2026-08-26 19:00:00+00:00,7.249,7.281,7.244,7.255,18464.53
2026-08-26 20:00:00+00:00,7.254,7.273,7.205,7.273,22522.0
2026-08-26 21:00:00+00:00,7.273,7.355,7.268,7.348,71802.98
2026-08-26 22:00:00+00:00,7.347,7.4,7.342,7.369,130515.13
2026-08-26 23:00:00+00:00,7.368,7.46,7.364,7.441,144605.82
2026-08-27 00:00:00+00:00,7.442,7.444,7.365,7.365,42102.55
2026-08-27 01:00:00+00:00,7.364,7.407,7.334,7.385,41915.37
2026-08-27 02:00:00+00:00,7.385,7.402,7.34,7.349,23965.07
2026-08-27 03:00:00+00:00,7.349,7.38,7.328,7.348,23557.99
2026-08-27 04:00:00+00:00,7.348,7.379,7.318,7.339,34139.12
2026-08-27 05:00:00+00:00,7.34,7.362,7.297,7.351,35914.98
2026-08-27 06:00:00+00:00,7.352,7.376,7.32,7.37,41816.81
2026-08-27 07:00:00+00:00,7.37,7.387,7.355,7.377,26212.38
2026-08-27 08:00:00+00:00,7.378,7.478,7.373,7.472,209309.49
2026-08-27 09:00:00+00:00,7.471,7.517,7.44,7.452,136558.92
2026-08-27 10:00:00+00:00,7.452,7.472,7.353,7.419,90673.06
2026-08-27 11:00:00+00:00,7.419,7.44,7.376,7.394,43550.49
2026-08-27 12:00:00+00:00,7.393,7.431,7.383,7.399,48029.21
2026-08-27 13:00:00+00:00,7.399,7.55,7.394,7.472,287706.21
2026-08-27 14:00:00+00:00,7.471,7.545,7.456,7.509,76054.33
2026-08-27 15:00:00+00:00,7.509,7.58,7.502,7.52,136355.57
2026-08-27 16:00:00+00:00,7.521,7.556,7.502,7.528,70965.29
2026-08-27 17:00:00+00:00,7.527,7.583,7.516,7.528,72836.52
2026-08-27 18:00:00+00:00,7.528,7.534,7.459,7.515,217050.13
2026-08-27 19:00:00+00:00,7.515,7.521,7.482,7.482,35787.92
2026-08-27 20:00:00+00:00,7.484,7.532,7.472,7.525,70036.09
2026-08-27 21:00:00+00:00,7.524,7.528,7.489,7.517,31913.44
2026-08-27 22:00:00+00:00,7.516,7.544,7.511,7.52,72757.0
2026-08-27 23:00:00+00:00,7.52,7.54,7.511,7.527,99668.24
2026-08-28 00:00:00+00:00,7.528,7.538,7.513,7.52,98911.45
2026-08-28 01:00:00+00:00,7.521,7.597,7.499,7.521,153455.95
2026-08-28 02:00:00+00:00,7.522,7.523,7.407,7.44,258525.94
2026-08-28 03:00:00+00:00,7.439,7.464,7.414,7.442,139403.16
2026-08-28 04:00:00+00:00,7.441,7.46,7.409,7.436,73723.33
2026-08-28 05:00:00+00:00,7.436,7.473,7.421,7.464,60920.87
2026-08-28 06:00:00+00:00,7.464,7.503,7.464,7.486,31756.48
2026-08-28 07:00:00+00:00,7.486,7.487,7.4,7.4,110658.06
2026-08-28 08:00:00+00:00,7.401,7.439,7.371,7.397,69356.38
2026-08-28 09:00:00+00:00,7.397,7.4,7.365,7.367,77515.88
2026-08-28 10:00:00+00:00,7.368,7.42,7.323,7.42,77192.29
2026-08-28 11:00:00+00:00,7.42,7.448,7.417,7.428,95971.84
2026-08-28 12:00:00+00:00,7.427,7.432,7.388,7.404,21256.67
2026-08-28 13:00:00+00:00,7.404,7.414,7.362,7.392,50277.41
2026-08-28 14:00:00+00:00,7.393,7.475,7.279,7.437,249410.24
2026-08-28 15:00:00+00:00,7.438,7.459,7.324,7.331,119138.28
2026-08-28 16:00:00+00:00,7.331,7.34,7.205,7.299,261788.84
2026-08-28 17:00:00+00:00,7.299,7.321,7.266,7.289,85574.26
2026-08-28 18:00:00+00:00,7.289,7.291,7.205,7.249,164352.8
2026-08-28 19:00:00+00:00,7.249,7.289,7.247,7.27,26809.9
2026-08-28 20:00:00+00:00,7.269,7.288,7.261,7.275,22683.03
2026-08-28 21:00:00+00:00,7.276,7.301,7.25,7.258,37284.4
2026-08-28 22:00:00+00:00,7.259,7.311,7.252,7.306,34234.66
2026-08-28 23:00:00+00:00,7.306,7.321,7.3,7.308,26706.41
2026-08-29 00:00:00+00:00,7.308,7.329,7.293,7.299,77100.84
2026-08-29 01:00:00+00:00,7.298,7.311,7.286,7.3,15370.19
2026-08-29 02:00:00+00:00,7.301,7.307,7.257,7.282,56417.16
2026-08-29 03:00:00+00:00,7.281,7.289,7.26,7.261,23860.24
2026-08-29 04:00:00+00:00,7.261,7.307,7.259,7.299,17950.33
2026-08-29 05:00:00+00:00,7.299,7.315,7.295,7.313,20902.9
2026-08-29 06:00:00+00:00,7.314,7.316,7.263,7.28,29167.96
2026-08-29 07:00:00+00:00,7.28,7.289,7.268,7.272,18320.94
2026-08-29 08:00:00+00:00,7.271,7.271,7.226,7.243,33775.05
2026-08-29 09:00:00+00:00,7.244,7.268,7.24,7.256,17352.02
2026-08-29 10:00:00+00:00,7.255,7.285,7.242,7.262,24675.52
2026-08-29 11:00:00+00:00,7.262,7.269,7.251,7.261,31506.2
2026-08-29 12:00:00+00:00,7.261,7.289,7.259,7.283,10982.28
2026-08-29 13:00:00+00:00,7.283,7.304,7.268,7.3,29542.43
2026-08-29 14:00:00+00:00,7.3,7.367,7.295,7.358,76377.9
2026-08-29 15:00:00+00:00,7.359,7.368,7.316,7.331,47056.2
2026-08-29 16:00:00+00:00,7.333,7.344,7.302,7.32,28843.22
2026-08-29 17:00:00+00:00,7.32,7.324,7.274,7.291,28703.11
2026-08-29 18:00:00+00:00,7.292,7.332,7.288,7.318,28638.05
2026-08-29 19:00:00+00:00,7.318,7.34,7.313,7.32,38645.12
2026-08-29 20:00:00+00:00,7.32,7.335,7.317,7.325,13912.84
2026-08-29 21:00:00+00:00,7.324,7.346,7.306,7.308,60102.31
2026-08-29 22:00:00+00:00,7.308,7.328,7.305,7.325,14750.77
2026-08-29 23:00:00+00:00,7.325,7.337,7.313,7.331,13661.92
2026-08-30 00:00:00+00:00,7.331,7.348,7.315,7.316,25201.9
2026-08-30 01:00:00+00:00,7.316,7.32,7.25,7.279,71659.51
2026-08-30 02:00:00+00:00,7.278,7.294,7.268,7.286,17627.37
2026-08-30 03:00:00+00:00,7.287,7.306,7.283,7.294,9460.61
2026-08-30 04:00:00+00:00,7.294,7.304,7.267,7.288,12709.6
2026-08-30 05:00:00+00:00,7.288,7.309,7.287,7.306,7232.57
2026-08-30 06:00:00+00:00,7.306,7.347,7.303,7.347,18121.25
2026-08-30 07:00:00+00:00,7.347,7.35,7.317,7.326,21579.3
2026-08-30 08:00:00+00:00,7.326,7.344,7.31,7.325,35018.43
2026-08-30 09:00:00+00:00,7.325,7.347,7.315,7.34,33679.98
2026-08-30 10:00:00+00:00,7.339,7.386,7.33,7.38,54657.61
2026-08-30 11:00:00+00:00,7.381,7.394,7.356,7.384,62532.62
2026-08-30 12:00:00+00:00,7.385,7.412,7.376,7.398,62361.63
2026-08-30 13:00:00+00:00,7.399,7.438,7.38,7.425,67134.71
2026-08-30 14:00:00+00:00,7.424,7.432,7.404,7.422,63171.04
2026-08-30 15:00:00+00:00,7.423,7.431,7.389,7.411,53755.24
2026-08-30 16:00:00+00:00,7.411,7.471,7.406,7.447,73876.88
2026-08-30 17:00:00+00:00,7.447,7.457,7.381,7.423,64644.12
2026-08-30 18:00:00+00:00,7.423,7.46,7.399,7.445,42699.64
2026-08-30 19:00:00+00:00,7.445,7.449,7.391,7.411,27467.44
2026-08-30 20:00:00+00:00,7.412,7.434,7.331,7.366,97032.09
2026-08-30 21:00:00+00:00,7.365,7.368,7.281,7.336,145582.29
2026-08-30 22:00:00+00:00,7.337,7.367,7.27,7.315,123763.56
2026-08-30 23:00:00+00:00,7.315,7.315,7.011,7.113,491070.05
2026-08-31 00:00:00+00:00,7.114,7.182,7.081,7.152,108002.55
2026-08-31 01:00:00+00:00,7.152,7.163,7.106,7.11,128465.47
2026-08-31 02:00:00+00:00,7.11,7.173,7.081,7.098,87056.38
2026-08-31 03:00:00+00:00,7.1,7.156,7.095,7.143,44433.59
2026-08-31 04:00:00+00:00,7.144,7.154,7.125,7.149,27473.95
2026-08-31 05:00:00+00:00,7.149,7.234,7.145,7.209,50098.37
2026-08-31 06:00:00+00:00,7.208,7.236,7.2,7.222,34347.52
2026-08-31 07:00:00+00:00,7.221,7.245,7.214,7.218,33543.51
2026-08-31 08:00:00+00:00,7.218,7.244,7.186,7.217,46100.53
2026-08-31 09:00:00+00:00,7.217,7.245,7.204,7.224,37346.42
2026-08-31 10:00:00+00:00,7.224,7.248,7.192,7.237,43428.59
2026-08-31 11:00:00+00:00,7.237,7.249,7.171,7.197,70862.04
2026-08-31 12:00:00+00:00,7.197,7.236,7.153,7.177,78543.95
2026-08-31 13:00:00+00:00,7.176,7.2,7.13,7.15,68138.36
2026-08-31 14:00:00+00:00,7.151,7.237,7.143,7.23,71879.44
2026-08-31 15:00:00+00:00,7.231,7.234,7.19,7.203,50892.83
2026-08-31 16:00:00+00:00,7.204,7.229,7.176,7.201,34804.68
2026-08-31 17:00:00+00:00,7.201,7.239,7.181,7.232,50669.69
2026-08-31 18:00:00+00:00,7.233,7.265,7.219,7.232,43626.62
2026-08-31 19:00:00+00:00,7.232,7.25,7.191,7.212,85723.67
2026-08-31 20:00:00+00:00,7.212,7.24,7.207,7.22,28979.66
2026-08-31 21:00:00+00:00,7.22,7.251,7.203,7.238,51310.35
2026-08-31 22:00:00+00:00,7.239,7.248,7.214,7.226,26246.06
2026-08-31 23:00:00+00:00,7.225,7.236,7.211,7.233,29143.8
2026-09-01 00:00:00+00:00,7.233,7.286,7.225,7.275,73903.4
2026-09-01 01:00:00+00:00,7.276,7.295,7.25,7.269,47527.79
2026-09-01 02:00:00+00:00,7.268,7.27,7.234,7.259,25466.18
2026-09-01 03:00:00+00:00,7.259,7.298,7.249,7.278,47513.69
2026-09-01 04:00:00+00:00,7.278,7.29,7.261,7.265,33363.87
2026-09-01 05:00:00+00:00,7.266,7.336,7.264,7.326,70865.24
2026-09-01 06:00:00+00:00,7.326,7.326,7.278,7.301,38212.03
2026-09-01 07:00:00+00:00,7.301,7.332,7.29,7.317,72941.46
2026-09-01 08:00:00+00:00,7.317,7.322,7.202,7.214,120480.6
2026-09-01 09:00:00+00:00,7.215,7.268,7.203,7.247,98772.68
2026-09-01 10:00:00+00:00,7.246,7.287,7.212,7.281,66988.65
2026-09-01 11:00:00+00:00,7.281,7.31,7.251,7.282,120967.08
2026-09-01 12:00:00+00:00,7.282,7.298,7.247,7.269,103296.26
2026-09-01 13:00:00+00:00,7.268,7.306,7.214,7.292,86392.96
2026-09-01 14:00:00+00:00,7.292,7.372,7.282,7.333,192594.92
2026-09-01 15:00:00+00:00,7.333,7.337,7.268,7.304,113468.48
2026-09-01 16:00:00+00:00,7.305,7.311,7.211,7.266,192068.03
2026-09-01 17:00:00+00:00,7.266,7.301,7.24,7.243,122793.85
2026-09-01 18:00:00+00:00,7.243,7.256,7.143,7.225,188988.05
2026-09-01 19:00:00+00:00,7.226,7.251,7.208,7.232,38829.71
2026-09-01 20:00:00+00:00,7.233,7.246,7.204,7.233,59096.76
2026-09-01 21:00:00+00:00,7.234,7.24,7.169,7.205,55001.23
2026-09-01 22:00:00+00:00,7.206,7.217,7.176,7.188,64139.59
2026-09-01 23:00:00+00:00,7.188,7.238,7.18,7.218,36953.87
2026-09-02 00:00:00+00:00,7.219,7.236,7.178,7.183,47866.16
2026-09-02 01:00:00+00:00,7.183,7.202,7.11,7.142,113592.98
2026-09-02 02:00:00+00:00,7.142,7.188,7.132,7.186,56855.93
2026-09-02 03:00:00+00:00,7.186,7.247,7.183,7.202,61071.55
2026-09-02 04:00:00+00:00,7.203,7.236,7.184,7.232,41221.57
2026-09-02 05:00:00+00:00,7.232,7.257,7.209,7.243,47122.64
2026-09-02 06:00:00+00:00,7.242,7.246,7.201,7.226,37103.27
2026-09-02 07:00:00+00:00,7.225,7.246,7.207,7.21,21598.16
2026-09-02 08:00:00+00:00,7.21,7.223,7.13,7.145,72306.41
2026-09-02 09:00:00+00:00,7.145,7.174,7.08,7.11,94782.98
2026-09-02 10:00:00+00:00,7.111,7.125,7.041,7.085,139945.42
2026-09-02 11:00:00+00:00,7.084,7.126,7.048,7.12,109553.69
2026-09-02 12:00:00+00:00,7.119,7.145,7.093,7.097,63657.1
2026-09-02 13:00:00+00:00,7.098,7.202,7.098,7.169,113918.29
2026-09-02 14:00:00+00:00,7.17,7.193,7.135,7.136,81925.46
2026-09-02 15:00:00+00:00,7.137,7.165,7.108,7.15,44875.83
2026-09-02 16:00:00+00:00,7.149,7.177,7.137,7.144,39037.32
2026-09-02 17:00:00+00:00,7.143,7.168,7.104,7.166,62302.63
2026-09-02 18:00:00+00:00,7.167,7.185,7.155,7.174,54348.77
2026-09-02 19:00:00+00:00,7.174,7.184,7.139,7.167,34816.6
2026-09-02 20:00:00+00:00,7.168,7.199,7.164,7.182,64389.69
2026-09-02 21:00:00+00:00,7.182,7.193,7.168,7.179,46622.38
2026-09-02 22:00:00+00:00,7.179,7.181,7.137,7.148,41489.37
2026-09-02 23:00:00+00:00,7.149,7.197,7.144,7.194,31191.62
2026-09-03 00:00:00+00:00,7.194,7.196,7.156,7.16,32504.15
2026-09-03 01:00:00+00:00,7.16,7.24,7.134,7.196,103551.35
2026-09-03 02:00:00+00:00,7.195,7.282,7.191,7.269,165203.05
2026-09-03 03:00:00+00:00,7.269,7.283,7.242,7.278,137950.33
2026-09-03 04:00:00+00:00,7.279,7.297,7.247,7.296,94633.04
2026-09-03 05:00:00+00:00,7.297,7.313,7.213,7.288,147919.49
2026-09-03 06:00:00+00:00,7.288,7.294,7.271,7.279,80330.32
2026-09-03 07:00:00+00:00,7.279,7.347,7.23,7.261,254407.24
2026-09-03 08:00:00+00:00,7.262,7.302,7.262,7.279,75521.91
2026-09-03 09:00:00+00:00,7.279,7.297,7.255,7.265,47854.05
2026-09-03 10:00:00+00:00,7.264,7.275,7.232,7.274,42425.74
2026-09-03 11:00:00+00:00,7.273,7.301,7.262,7.282,79282.96
2026-09-03 12:00:00+00:00,7.282,7.328,7.276,7.315,116887.44
2026-09-03 13:00:00+00:00,7.314,7.328,7.275,7.31,109070.05
2026-09-03 14:00:00+00:00,7.309,7.46,7.294,7.458,268841.42
2026-09-03 15:00:00+00:00,7.458,7.522,7.406,7.512,304671.41
2026-09-03 16:00:00+00:00,7.512,7.547,7.469,7.518,218059.51
2026-09-03 17:00:00+00:00,7.518,7.536,7.492,7.507,116269.44
2026-09-03 18:00:00+00:00,7.507,7.547,7.505,7.533,95755.28
2026-09-03 19:00:00+00:00,7.533,7.565,7.507,7.537,110220.94
2026-09-03 20:00:00+00:00,7.538,7.546,7.507,7.528,75155.57
2026-09-03 21:00:00+00:00,7.528,7.578,7.513,7.549,89453.44
2026-09-03 22:00:00+00:00,7.549,7.552,7.474,7.503,99163.91
2026-09-03 23:00:00+00:00,7.503,7.531,7.492,7.519,66203.42
2026-09-04 00:00:00+00:00,7.518,7.525,7.485,7.493,87123.5
2026-09-04 01:00:00+00:00,7.494,7.51,7.477,7.498,144220.08
2026-09-04 02:00:00+00:00,7.498,7.517,7.487,7.517,71355.11
2026-09-04 03:00:00+00:00,7.517,7.53,7.491,7.498,44377.24
2026-09-04 04:00:00+00:00,7.498,7.523,7.491,7.496,72071.89
2026-09-04 05:00:00+00:00,7.495,7.509,7.432,7.463,192422.49
2026-09-04 06:00:00+00:00,7.462,7.483,7.449,7.474,90389.59
2026-09-04 07:00:00+00:00,7.475,7.505,7.472,7.477,41859.31
2026-09-04 08:00:00+00:00,7.478,7.531,7.47,7.525,121478.84
2026-09-04 09:00:00+00:00,7.525,7.537,7.491,7.495,124125.28
2026-09-04 10:00:00+00:00,7.495,7.508,7.475,7.505,97026.06
2026-09-04 11:00:00+00:00,7.505,7.507,7.493,7.495,57676.71
2026-09-04 12:00:00+00:00,7.495,7.508,7.269,7.362,550650.68
2026-09-04 13:00:00+00:00,7.362,7.405,7.345,7.38,217968.86
2026-09-04 14:00:00+00:00,7.379,7.39,7.297,7.336,157395.64
2026-09-04 15:00:00+00:00,7.336,7.377,7.326,7.366,55440.36
2026-09-04 16:00:00+00:00,7.365,7.4,7.356,7.382,41062.89
2026-09-04 17:00:00+00:00,7.382,7.382,7.329,7.339,52599.85
2026-09-04 18:00:00+00:00,7.339,7.371,7.337,7.366,45128.46
2026-09-04 19:00:00+00:00,7.367,7.396,7.367,7.392,40881.36
2026-09-04 20:00:00+00:00,7.392,7.401,7.372,7.385,37519.65
2026-09-04 21:00:00+00:00,7.385,7.389,7.347,7.352,30285.39
2026-09-04 22:00:00+00:00,7.353,7.359,7.341,7.345,22018.73
2026-09-04 23:00:00+00:00,7.345,7.389,7.342,7.386,37684.32
2026-09-05 00:00:00+00:00,7.386,7.406,7.378,7.385,41640.87
2026-09-05 01:00:00+00:00,7.386,7.404,7.384,7.387,31054.38
2026-09-05 02:00:00+00:00,7.387,7.403,7.378,7.391,44424.39
2026-09-05 03:00:00+00:00,7.392,7.411,7.386,7.402,96180.83
2026-09-05 04:00:00+00:00,7.402,7.413,7.377,7.407,126603.59
2026-09-05 05:00:00+00:00,7.407,7.423,7.387,7.418,57000.97
2026-09-05 06:00:00+00:00,7.419,7.464,7.419,7.458,144338.78
2026-09-05 07:00:00+00:00,7.457,7.532,7.455,7.491,181773.71
2026-09-05 08:00:00+00:00,7.492,7.499,7.462,7.495,86189.13
2026-09-05 09:00:00+00:00,7.496,7.51,7.489,7.505,67448.41
2026-09-05 10:00:00+00:00,7.505,7.514,7.491,7.499,122308.09
2026-09-05 11:00:00+00:00,7.499,7.508,7.478,7.494,99116.46
2026-09-05 12:00:00+00:00,7.494,7.559,7.494,7.544,226607.78
2026-09-05 13:00:00+00:00,7.544,7.556,7.513,7.533,144532.28
2026-09-05 14:00:00+00:00,7.533,7.588,7.533,7.556,127188.99
2026-09-05 15:00:00+00:00,7.556,7.561,7.527,7.544,80634.32
2026-09-05 16:00:00+00:00,7.544,7.576,7.529,7.567,89287.41
2026-09-05 17:00:00+00:00,7.566,7.65,7.562,7.622,132600.4
2026-09-05 18:00:00+00:00,7.621,7.637,7.602,7.605,120422.54
2026-09-05 19:00:00+00:00,7.604,7.64,7.589,7.596,109344.53
2026-09-05 20:00:00+00:00,7.597,7.613,7.574,7.584,64163.21
2026-09-05 21:00:00+00:00,7.584,7.631,7.567,7.621,43715.55
2026-09-05 22:00:00+00:00,7.621,7.631,7.59,7.603,75230.62
2026-09-05 23:00:00+00:00,7.602,7.604,7.572,7.593,47138.34
2026-09-06 00:00:00+00:00,7.592,7.629,7.584,7.623,50189.39
2026-09-06 01:00:00+00:00,7.623,7.724,7.615,7.695,197507.88
2026-09-06 02:00:00+00:00,7.696,7.704,7.661,7.68,99265.58
2026-09-06 03:00:00+00:00,7.679,7.741,7.656,7.711,97201.9
2026-09-06 04:00:00+00:00,7.712,7.721,7.634,7.645,84089.98
2026-09-06 05:00:00+00:00,7.645,7.708,7.638,7.69,60929.15
2026-09-06 06:00:00+00:00,7.69,7.69,7.651,7.659,45209.1
2026-09-06 07:00:00+00:00,7.659,7.674,7.603,7.652,65817.64
2026-09-06 08:00:00+00:00,7.651,7.675,7.622,7.632,51910.99
2026-09-06 09:00:00+00:00,7.633,7.677,7.624,7.658,56194.88
2026-09-06 10:00:00+00:00,7.658,7.694,7.649,7.688,40322.4
2026-09-06 11:00:00+00:00,7.687,7.698,7.674,7.69,63866.11
2026-09-06 12:00:00+00:00,7.691,7.713,7.674,7.697,91764.39
2026-09-06 13:00:00+00:00,7.697,7.707,7.64,7.683,67577.85
2026-09-06 14:00:00+00:00,7.683,7.684,7.532,7.602,177791.5
2026-09-06 15:00:00+00:00,7.603,7.633,7.56,7.629,106818.85
2026-09-06 16:00:00+00:00,7.629,7.66,7.613,7.641,109069.77
2026-09-06 17:00:00+00:00,7.642,7.648,7.614,7.622,46588.31
2026-09-06 18:00:00+00:00,7.623,7.648,7.619,7.628,62994.95
2026-09-06 19:00:00+00:00,7.628,7.664,7.621,7.657,87652.62
2026-09-06 20:00:00+00:00,7.658,7.847,7.652,7.803,299986.7
2026-09-06 21:00:00+00:00,7.804,7.872,7.775,7.788,219919.96
2026-09-06 22:00:00+00:00,7.789,7.846,7.722,7.816,136084.3
2026-09-06 23:00:00+00:00,7.815,7.936,7.815,7.908,169043.71
2026-09-07 00:00:00+00:00,7.907,7.962,7.881,7.903,199877.85
2026-09-07 01:00:00+00:00,7.903,7.929,7.791,7.826,141918.59
2026-09-07 02:00:00+00:00,7.825,7.956,7.794,7.864,140166.49
2026-09-07 03:00:00+00:00,7.864,7.878,7.76,7.77,113988.01
2026-09-07 04:00:00+00:00,7.771,7.823,7.771,7.817,66351.34
2026-09-07 05:00:00+00:00,7.817,7.975,7.814,7.888,186841.44
2026-09-07 06:00:00+00:00,7.887,7.934,7.842,7.857,112612.24
2026-09-07 07:00:00+00:00,7.857,7.881,7.731,7.785,184646.01
2026-09-07 08:00:00+00:00,7.784,7.907,7.781,7.888,117417.0
2026-09-07 09:00:00+00:00,7.888,7.972,7.879,7.888,173282.24
2026-09-07 10:00:00+00:00,7.889,7.911,7.839,7.853,90074.41
2026-09-07 11:00:00+00:00,7.852,7.869,7.83,7.864,162632.4
2026-09-07 12:00:00+00:00,7.864,8.077,7.861,8.043,285759.52
2026-09-07 13:00:00+00:00,8.043,8.127,8.028,8.068,384638.03
2026-09-07 14:00:00+00:00,8.067,8.098,8.026,8.062,377666.76
2026-09-07 15:00:00+00:00,8.061,8.092,7.966,8.092,348685.32
2026-09-07 16:00:00+00:00,8.093,8.094,8.049,8.066,289001.12
2026-09-07 17:00:00+00:00,8.066,8.2,8.051,8.116,285808.82
2026-09-07 18:00:00+00:00,8.116,8.137,8.028,8.11,201185.1
2026-09-07 19:00:00+00:00,8.11,8.155,8.079,8.106,186916.44
2026-09-07 20:00:00+00:00,8.105,8.144,8.047,8.113,178316.48
2026-09-07 21:00:00+00:00,8.114,8.184,8.105,8.107,220861.09
2026-09-07 22:00:00+00:00,8.107,8.108,8.032,8.061,219080.47
2026-09-07 23:00:00+00:00,8.061,8.101,8.057,8.078,130307.65
2026-09-08 00:00:00+00:00,8.078,8.119,8.057,8.118,133185.24
2026-09-08 01:00:00+00:00,8.118,8.19,8.102,8.138,178900.28
2026-09-08 02:00:00+00:00,8.139,8.139,8.024,8.035,248495.1
2026-09-08 03:00:00+00:00,8.035,8.084,8.033,8.051,167718.85
2026-09-08 04:00:00+00:00,8.05,8.07,8.045,8.051,107143.03
2026-09-08 05:00:00+00:00,8.051,8.082,8.041,8.065,169685.39
2026-09-08 06:00:00+00:00,8.064,8.07,8.007,8.047,171977.21
2026-09-08 07:00:00+00:00,8.048,8.078,8.04,8.062,122684.67
2026-09-08 08:00:00+00:00,8.062,8.072,8.037,8.048,137149.67
2026-09-08 09:00:00+00:00,8.049,8.119,8.043,8.115,191309.89
2026-09-08 10:00:00+00:00,8.116,8.199,8.062,8.069,270705.28
2026-09-08 11:00:00+00:00,8.069,8.074,8.023,8.047,224444.13
2026-09-08 12:00:00+00:00,8.047,8.051,8.022,8.041,128257.43
2026-09-08 13:00:00+00:00,8.042,8.049,7.83,7.915,411950.86
2026-09-08 14:00:00+00:00,7.915,7.997,7.903,7.986,132636.02
2026-09-08 15:00:00+00:00,7.986,8.11,7.983,8.052,271623.76
2026-09-08 16:00:00+00:00,8.053,8.069,8.02,8.039,254456.65
2026-09-08 17:00:00+00:00,8.039,8.043,7.994,8.009,113494.35
2026-09-08 18:00:00+00:00,8.008,8.046,7.962,7.982,166354.69
2026-09-08 19:00:00+00:00,7.982,8.013,7.963,7.976,87675.92
2026-09-08 20:00:00+00:00,7.975,8.039,7.97,7.99,79995.8
2026-09-08 21:00:00+00:00,7.991,8.015,7.934,7.955,117183.28
2026-09-08 22:00:00+00:00,7.955,7.996,7.95,7.996,50281.28
2026-09-08 23:00:00+00:00,7.997,8.016,7.981,8.008,43892.61
2026-09-09 00:00:00+00:00,8.008,8.072,7.976,7.996,125733.18
2026-09-09 01:00:00+00:00,7.997,8.01,7.952,7.973,65112.73
2026-09-09 02:00:00+00:00,7.974,7.994,7.936,7.978,84375.17
2026-09-09 03:00:00+00:00,7.978,7.978,7.924,7.953,82837.42
2026-09-09 04:00:00+00:00,7.952,8.052,7.951,8.037,104393.68
2026-09-09 05:00:00+00:00,8.037,8.046,7.96,7.984,118537.39
2026-09-09 06:00:00+00:00,7.984,8.046,7.973,8.024,75433.79
2026-09-09 07:00:00+00:00,8.024,8.051,8.018,8.033,190278.67
2026-09-09 08:00:00+00:00,8.034,8.05,8.024,8.033,112665.86
2026-09-09 09:00:00+00:00,8.032,8.032,7.895,7.901,155156.18
2026-09-09 10:00:00+00:00,7.901,7.946,7.9,7.945,94840.35
2026-09-09 11:00:00+00:00,7.945,7.984,7.9,7.973,76106.19
2026-09-09 12:00:00+00:00,7.974,8.001,7.953,7.981,75119.33
2026-09-09 13:00:00+00:00,7.982,8.019,7.94,7.949,102691.23
2026-09-09 14:00:00+00:00,7.948,7.973,7.924,7.952,145089.68
2026-09-09 15:00:00+00:00,7.952,7.982,7.811,7.895,316085.09
2026-09-09 16:00:00+00:00,7.895,7.96,7.89,7.946,123793.56
2026-09-09 17:00:00+00:00,7.946,7.965,7.924,7.934,107997.31
2026-09-09 18:00:00+00:00,7.934,7.958,7.927,7.93,118483.23
2026-09-09 19:00:00+00:00,7.931,7.944,7.843,7.857,113276.63
2026-09-09 20:00:00+00:00,7.857,7.894,7.821,7.884,79825.32
2026-09-09 21:00:00+00:00,7.884,7.886,7.785,7.819,90554.13
2026-09-09 22:00:00+00:00,7.819,7.826,7.685,7.696,200941.01
2026-09-09 23:00:00+00:00,7.696,7.801,7.694,7.798,69791.97
2026-09-10 00:00:00+00:00,7.798,7.811,7.75,7.763,69828.1
2026-09-10 01:00:00+00:00,7.763,7.821,7.707,7.744,105780.59
2026-09-10 02:00:00+00:00,7.744,7.809,7.731,7.808,55269.89
2026-09-10 03:00:00+00:00,7.809,7.836,7.79,7.805,105810.44
2026-09-10 04:00:00+00:00,7.805,7.851,7.803,7.838,61897.26
2026-09-10 05:00:00+00:00,7.839,7.868,7.806,7.863,69541.01
2026-09-10 06:00:00+00:00,7.864,7.864,7.799,7.847,44728.82
2026-09-10 07:00:00+00:00,7.847,7.847,7.725,7.748,120143.04
2026-09-10 08:00:00+00:00,7.748,7.781,7.741,7.765,62699.78
2026-09-10 09:00:00+00:00,7.764,7.784,7.72,7.737,49670.14
2026-09-10 10:00:00+00:00,7.737,7.757,7.712,7.717,53399.45
2026-09-10 11:00:00+00:00,7.716,7.766,7.692,7.728,56992.37
2026-09-10 12:00:00+00:00,7.727,7.756,7.543,7.583,317569.81
2026-09-10 13:00:00+00:00,7.583,7.638,7.558,7.625,139212.09
2026-09-10 14:00:00+00:00,7.626,7.641,7.561,7.602,86692.47
2026-09-10 15:00:00+00:00,7.602,7.614,7.565,7.598,65806.9
2026-09-10 16:00:00+00:00,7.598,7.602,7.518,7.589,140030.08
2026-09-10 17:00:00+00:00,7.589,7.664,7.581,7.62,89243.77
2026-09-10 18:00:00+00:00,7.62,7.623,7.546,7.621,49172.13
2026-09-10 19:00:00+00:00,7.622,7.627,7.587,7.589,48926.88
2026-09-10 20:00:00+00:00,7.59,7.626,7.587,7.601,23516.46
2026-09-10 21:00:00+00:00,7.601,7.616,7.567,7.571,34629.55
2026-09-10 22:00:00+00:00,7.572,7.588,7.51,7.517,58449.58
2026-09-10 23:00:00+00:00,7.517,7.521,7.419,7.425,174754.98
2026-09-11 00:00:00+00:00,7.425,7.486,7.414,7.478,70639.69
2026-09-11 01:00:00+00:00,7.478,7.493,7.435,7.48,89926.64
2026-09-11 02:00:00+00:00,7.48,7.483,7.439,7.46,29262.29
2026-09-11 03:00:00+00:00,7.461,7.473,7.434,7.464,46420.49
2026-09-11 04:00:00+00:00,7.464,7.523,7.461,7.508,56775.16
2026-09-11 05:00:00+00:00,7.508,7.529,7.504,7.527,70547.27
2026-09-11 06:00:00+00:00,7.528,7.54,7.512,7.525,38153.56
2026-09-11 07:00:00+00:00,7.524,7.547,7.476,7.483,83096.46
2026-09-11 08:00:00+00:00,7.483,7.532,7.472,7.503,61105.49
2026-09-11 09:00:00+00:00,7.503,7.505,7.373,7.405,189022.57
2026-09-11 10:00:00+00:00,7.405,7.43,7.36,7.361,170527.82
2026-09-11 11:00:00+00:00,7.36,7.369,7.3,7.359,224203.19
2026-09-11 12:00:00+00:00,7.358,7.646,7.276,7.581,730558.75
2026-09-11 13:00:00+00:00,7.582,7.783,7.473,7.773,586768.91
2026-09-11 14:00:00+00:00,7.772,7.839,7.65,7.72,341827.82
2026-09-11 15:00:00+00:00,7.72,7.726,7.531,7.577,224780.24
2026-09-11 16:00:00+00:00,7.577,7.64,7.52,7.599,202952.55
2026-09-11 17:00:00+00:00,7.599,7.608,7.531,7.542,86642.0
2026-09-11 18:00:00+00:00,7.541,7.546,7.412,7.431,183108.89
2026-09-11 19:00:00+00:00,7.431,7.474,7.394,7.469,92632.74
2026-09-11 20:00:00+00:00,7.47,7.496,7.431,7.454,79723.84
2026-09-11 21:00:00+00:00,7.454,7.495,7.421,7.427,32149.25
2026-09-11 22:00:00+00:00,7.427,7.459,7.395,7.415,88084.25
2026-09-11 23:00:00+00:00,7.414,7.463,7.411,7.463,33508.98
2026-09-12 00:00:00+00:00,7.464,7.474,7.443,7.464,40707.0
2026-09-12 01:00:00+00:00,7.464,7.493,7.454,7.46,42855.25
2026-09-12 02:00:00+00:00,7.46,7.477,7.443,7.459,61914.47
2026-09-12 03:00:00+00:00,7.458,7.47,7.436,7.455,33826.8
2026-09-12 04:00:00+00:00,7.456,7.471,7.44,7.45,55671.3
2026-09-12 05:00:00+00:00,7.45,7.477,7.439,7.441,47913.9
2026-09-12 06:00:00+00:00,7.441,7.459,7.416,7.435,42789.44
2026-09-12 07:00:00+00:00,7.435,7.464,7.429,7.456,25603.77
2026-09-12 08:00:00+00:00,7.456,7.468,7.434,7.439,38093.39
2026-09-12 09:00:00+00:00,7.44,7.461,7.437,7.45,56152.86
2026-09-12 10:00:00+00:00,7.45,7.458,7.43,7.442,29746.3
2026-09-12 11:00:00+00:00,7.442,7.454,7.428,7.446,22933.57
2026-09-12 12:00:00+00:00,7.446,7.459,7.43,7.438,41550.46
2026-09-12 13:00:00+00:00,7.439,7.444,7.413,7.435,83688.58
2026-09-12 14:00:00+00:00,7.434,7.439,7.415,7.426,23941.11
2026-09-12 15:00:00+00:00,7.427,7.448,7.426,7.433,85532.55
2026-09-12 16:00:00+00:00,7.433,7.433,7.397,7.4,66837.65
2026-09-12 17:00:00+00:00,7.4,7.419,7.392,7.402,46476.72
2026-09-12 18:00:00+00:00,7.402,7.404,7.372,7.379,61283.03
2026-09-12 19:00:00+00:00,7.378,7.394,7.361,7.366,54081.4
2026-09-12 20:00:00+00:00,7.367,7.402,7.366,7.385,40126.09
2026-09-12 21:00:00+00:00,7.385,7.417,7.379,7.396,44575.38
2026-09-12 22:00:00+00:00,7.395,7.416,7.368,7.377,86272.85
2026-09-12 23:00:00+00:00,7.377,7.41,7.376,7.401,20612.67
2026-09-13 00:00:00+00:00,7.399,7.402,7.382,7.396,22157.09
2026-09-13 01:00:00+00:00,7.396,7.404,7.376,7.399,49244.48
2026-09-13 02:00:00+00:00,7.399,7.426,7.391,7.404,44285.17
2026-09-13 03:00:00+00:00,7.404,7.428,7.402,7.407,51658.16
2026-09-13 04:00:00+00:00,7.408,7.408,7.391,7.399,31840.38
2026-09-13 05:00:00+00:00,7.399,7.458,7.398,7.445,36244.21
2026-09-13 06:00:00+00:00,7.445,7.462,7.383,7.401,39427.6
2026-09-13 07:00:00+00:00,7.401,7.411,7.362,7.364,76219.2
2026-09-13 08:00:00+00:00,7.364,7.375,7.292,7.301,100296.88
2026-09-13 09:00:00+00:00,7.302,7.343,7.279,7.337,68089.23
2026-09-13 10:00:00+00:00,7.336,7.341,7.291,7.303,28745.13
2026-09-13 11:00:00+00:00,7.304,7.332,7.298,7.327,43023.98
2026-09-13 12:00:00+00:00,7.326,7.332,7.303,7.31,35570.92
2026-09-13 13:00:00+00:00,7.311,7.377,7.297,7.374,57690.49
2026-09-13 14:00:00+00:00,7.374,7.425,7.366,7.406,80046.01
2026-09-13 15:00:00+00:00,7.407,7.408,7.359,7.362,27974.73
2026-09-13 16:00:00+00:00,7.362,7.396,7.359,7.394,28771.29
2026-09-13 17:00:00+00:00,7.395,7.437,7.392,7.424,73589.4
2026-09-13 18:00:00+00:00,7.424,7.439,7.416,7.429,25929.17
2026-09-13 19:00:00+00:00,7.43,7.447,7.394,7.413,31628.11
2026-09-13 20:00:00+00:00,7.414,7.453,7.414,7.447,49020.5
2026-09-13 21:00:00+00:00,7.448,7.45,7.426,7.439,27678.43
2026-09-13 22:00:00+00:00,7.439,7.439,7.282,7.288,169505.06
2026-09-13 23:00:00+00:00,7.29,7.324,7.284,7.29,53579.56
2026-09-14 00:00:00+00:00,7.291,7.353,7.257,7.322,81934.31
2026-09-14 01:00:00+00:00,7.322,7.379,7.299,7.367,47485.46
2026-09-14 02:00:00+00:00,7.367,7.439,7.356,7.411,55725.19
2026-09-14 03:00:00+00:00,7.413,7.441,7.392,7.403,42530.61
2026-09-14 04:00:00+00:00,7.404,7.424,7.389,7.417,24415.78
2026-09-14 05:00:00+00:00,7.417,7.422,7.399,7.42,35562.54
2026-09-14 06:00:00+00:00,7.42,7.449,7.392,7.408,42031.55
2026-09-14 07:00:00+00:00,7.409,7.432,7.399,7.423,28715.81
2026-09-14 08:00:00+00:00,7.423,7.425,7.376,7.386,72058.71
2026-09-14 09:00:00+00:00,7.386,7.435,7.341,7.398,88374.28
2026-09-14 10:00:00+00:00,7.398,7.407,7.38,7.385,45458.09
2026-09-14 11:00:00+00:00,7.385,7.467,7.351,7.461,139892.42
2026-09-14 12:00:00+00:00,7.462,7.543,7.448,7.456,225067.49
2026-09-14 13:00:00+00:00,7.455,7.512,7.407,7.461,95009.47
2026-09-14 14:00:00+00:00,7.461,7.508,7.437,7.448,79587.96
2026-09-14 15:00:00+00:00,7.449,7.49,7.422,7.462,80404.12
2026-09-14 16:00:00+00:00,7.462,7.578,7.453,7.55,109965.33
2026-09-14 17:00:00+00:00,7.551,7.619,7.546,7.611,147914.78
2026-09-14 18:00:00+00:00,7.611,7.626,7.57,7.609,110494.84
2026-09-14 19:00:00+00:00,7.609,7.635,7.584,7.602,109667.4
2026-09-14 20:00:00+00:00,7.603,7.803,7.6,7.725,335468.03
2026-09-14 21:00:00+00:00,7.725,7.728,7.621,7.631,132705.27
2026-09-14 22:00:00+00:00,7.631,7.677,7.608,7.618,77290.48
2026-09-14 23:00:00+00:00,7.618,7.627,7.558,7.563,99821.69
2026-09-15 00:00:00+00:00,7.563,7.616,7.563,7.576,92079.0
2026-09-15 01:00:00+00:00,7.577,7.577,7.532,7.55,70429.41
2026-09-15 02:00:00+00:00,7.551,7.58,7.542,7.574,53721.83
2026-09-15 03:00:00+00:00,7.574,7.574,7.504,7.543,83558.4
2026-09-15 04:00:00+00:00,7.544,7.556,7.498,7.525,47518.89
2026-09-15 05:00:00+00:00,7.525,7.541,7.47,7.522,47695.83
2026-09-15 06:00:00+00:00,7.522,7.533,7.463,7.475,62988.3
2026-09-15 07:00:00+00:00,7.474,7.511,7.461,7.465,56720.72
2026-09-15 08:00:00+00:00,7.465,7.522,7.441,7.522,56653.99
2026-09-15 09:00:00+00:00,7.524,7.535,7.495,7.524,54145.34
2026-09-15 10:00:00+00:00,7.524,7.539,7.514,7.523,52223.65
2026-09-15 11:00:00+00:00,7.522,7.534,7.457,7.475,78118.28
2026-09-15 12:00:00+00:00,7.474,7.573,7.471,7.552,111018.83
2026-09-15 13:00:00+00:00,7.554,7.616,7.475,7.541,173719.03
2026-09-15 14:00:00+00:00,7.542,7.556,7.333,7.405,209027.7
2026-09-15 15:00:00+00:00,7.405,7.476,7.384,7.431,113273.21
2026-09-15 16:00:00+00:00,7.432,7.471,7.39,7.44,65376.46
2026-09-15 17:00:00+00:00,7.44,7.537,7.406,7.508,179384.85
2026-09-15 18:00:00+00:00,7.507,7.538,7.189,7.355,478669.28
2026-09-15 19:00:00+00:00,7.355,7.385,7.314,7.351,169574.67
2026-09-15 20:00:00+00:00,7.351,7.368,7.256,7.315,140203.66
2026-09-15 21:00:00+00:00,7.314,7.336,7.227,7.234,136736.46
2026-09-15 22:00:00+00:00,7.235,7.297,7.215,7.279,80650.79
2026-09-15 23:00:00+00:00,7.279,7.314,7.267,7.27,72048.58
2026-09-16 00:00:00+00:00,7.271,7.287,7.235,7.245,103603.59
2026-09-16 01:00:00+00:00,7.245,7.278,7.197,7.202,109174.71
2026-09-16 02:00:00+00:00,7.202,7.301,7.197,7.269,59737.27
2026-09-16 03:00:00+00:00,7.27,7.308,7.261,7.288,53522.93
2026-09-16 04:00:00+00:00,7.288,7.343,7.287,7.324,73885.45
2026-09-16 05:00:00+00:00,7.324,7.346,7.299,7.333,74206.95
2026-09-16 06:00:00+00:00,7.333,7.347,7.291,7.328,50442.7
2026-09-16 07:00:00+00:00,7.328,7.348,7.237,7.244,65951.82
2026-09-16 08:00:00+00:00,7.243,7.245,7.189,7.219,142273.47
2026-09-16 09:00:00+00:00,7.219,7.288,7.217,7.28,144275.8
2026-09-16 10:00:00+00:00,7.28,7.284,7.253,7.263,39336.56
2026-09-16 11:00:00+00:00,7.263,7.335,7.255,7.32,39474.23
2026-09-16 12:00:00+00:00,7.32,7.33,7.265,7.284,53343.4
2026-09-16 13:00:00+00:00,7.283,7.299,7.236,7.254,91621.47
2026-09-16 14:00:00+00:00,7.254,7.273,7.226,7.246,179426.39
2026-09-16 15:00:00+00:00,7.247,7.274,7.216,7.229,63176.41
2026-09-16 16:00:00+00:00,7.229,7.259,7.218,7.253,45103.35
2026-09-16 17:00:00+00:00,7.252,7.267,7.169,7.238,104292.95
2026-09-16 18:00:00+00:00,7.238,7.357,7.197,7.273,361681.71
2026-09-16 19:00:00+00:00,7.273,7.362,7.244,7.34,146507.37
2026-09-16 20:00:00+00:00,7.341,7.384,7.311,7.38,162508.93
2026-09-16 21:00:00+00:00,7.38,7.409,7.358,7.383,94667.53
2026-09-16 22:00:00+00:00,7.383,7.389,7.335,7.344,63136.47
2026-09-16 23:00:00+00:00,7.344,7.49,7.33,7.477,268224.78
2026-09-17 00:00:00+00:00,7.478,7.564,7.477,7.506,182859.36
2026-09-17 01:00:00+00:00,7.506,7.558,7.486,7.53,132788.35
2026-09-17 02:00:00+00:00,7.531,7.552,7.469,7.528,130426.58
2026-09-17 03:00:00+00:00,7.528,7.573,7.524,7.554,86315.96
2026-09-17 04:00:00+00:00,7.554,7.564,7.511,7.548,63007.26
2026-09-17 05:00:00+00:00,7.547,7.553,7.505,7.507,44418.29
2026-09-17 06:00:00+00:00,7.506,7.534,7.504,7.523,28274.38
2026-09-17 07:00:00+00:00,7.523,7.566,7.519,7.54,93345.43
2026-09-17 08:00:00+00:00,7.54,7.6,7.54,7.587,124594.75
2026-09-17 09:00:00+00:00,7.586,7.613,7.523,7.524,133967.17
2026-09-17 10:00:00+00:00,7.524,7.552,7.473,7.543,123920.59
2026-09-17 11:00:00+00:00,7.543,7.568,7.518,7.562,92111.23
2026-09-17 12:00:00+00:00,7.563,7.638,7.561,7.611,200570.74
2026-09-17 13:00:00+00:00,7.611,7.626,7.545,7.599,101591.66
2026-09-17 14:00:00+00:00,7.6,7.652,7.566,7.574,140019.49
2026-09-17 15:00:00+00:00,7.575,7.61,7.528,7.604,81273.62
2026-09-17 16:00:00+00:00,7.604,7.633,7.578,7.629,96373.69
2026-09-17 17:00:00+00:00,7.629,7.65,7.608,7.611,220577.41
2026-09-17 18:00:00+00:00,7.611,7.621,7.574,7.596,103409.36
2026-09-17 19:00:00+00:00,7.595,7.608,7.573,7.588,67846.18
2026-09-17 20:00:00+00:00,7.588,7.627,7.579,7.62,48560.45
2026-09-17 21:00:00+00:00,7.621,7.631,7.586,7.589,36896.93
2026-09-17 22:00:00+00:00,7.588,7.599,7.548,7.599,87026.04
2026-09-17 23:00:00+00:00,7.6,7.625,7.583,7.611,66541.59
2026-09-18 00:00:00+00:00,7.611,7.66,7.588,7.647,97406.29
2026-09-18 01:00:00+00:00,7.647,7.713,7.631,7.706,133327.54
2026-09-18 02:00:00+00:00,7.707,7.744,7.681,7.729,166377.85
2026-09-18 03:00:00+00:00,7.729,7.959,7.727,7.947,471895.47
2026-09-18 04:00:00+00:00,7.948,7.969,7.853,7.938,254251.66
2026-09-18 05:00:00+00:00,7.939,7.944,7.861,7.875,142666.04
2026-09-18 06:00:00+00:00,7.876,7.922,7.874,7.915,120449.37
2026-09-18 07:00:00+00:00,7.915,7.941,7.898,7.93,129329.39
2026-09-18 08:00:00+00:00,7.93,7.951,7.906,7.937,120052.05
2026-09-18 09:00:00+00:00,7.937,7.956,7.932,7.947,144358.6
2026-09-18 10:00:00+00:00,7.948,8.032,7.947,8.012,253160.56
2026-09-18 11:00:00+00:00,8.013,8.023,7.914,7.944,333929.4
2026-09-18 12:00:00+00:00,7.945,8.034,7.929,8.004,256219.12
2026-09-18 13:00:00+00:00,8.004,8.172,7.957,8.076,658258.55
2026-09-18 14:00:00+00:00,8.076,8.147,8.047,8.145,470228.72
2026-09-18 15:00:00+00:00,8.145,8.147,8.065,8.111,221250.2
2026-09-18 16:00:00+00:00,8.112,8.131,8.053,8.085,245737.62
2026-09-18 17:00:00+00:00,8.086,8.149,8.049,8.135,157459.77
2026-09-18 18:00:00+00:00,8.134,8.26,8.124,8.203,461039.93
2026-09-18 19:00:00+00:00,8.203,8.341,8.203,8.278,409294.57
2026-09-18 20:00:00+00:00,8.277,8.292,8.226,8.236,264056.55
2026-09-18 21:00:00+00:00,8.236,8.294,8.23,8.254,100623.64
2026-09-18 22:00:00+00:00,8.254,8.266,8.178,8.199,131978.11
2026-09-18 23:00:00+00:00,8.199,8.213,8.178,8.204,111606.59
2026-09-19 00:00:00+00:00,8.204,8.365,8.202,8.351,218957.95
2026-09-19 01:00:00+00:00,8.352,8.779,8.283,8.697,691461.63
2026-09-19 02:00:00+00:00,8.698,8.744,8.537,8.607,330571.17
2026-09-19 03:00:00+00:00,8.607,8.609,8.433,8.493,210415.31
2026-09-19 04:00:00+00:00,8.493,8.565,8.361,8.408,258870.06
2026-09-19 05:00:00+00:00,8.407,8.547,8.405,8.473,124940.78
2026-09-19 06:00:00+00:00,8.473,8.579,8.416,8.476,166691.66
2026-09-19 07:00:00+00:00,8.476,8.643,8.473,8.539,207445.7
2026-09-19 08:00:00+00:00,8.539,8.832,8.539,8.801,384881.25
2026-09-19 09:00:00+00:00,8.8,9.055,8.784,8.994,673328.03
2026-09-19 10:00:00+00:00,8.994,9.21,8.9,9.151,583515.52
2026-09-19 11:00:00+00:00,9.151,9.371,9.151,9.321,480663.37
2026-09-19 12:00:00+00:00,9.322,9.364,9.054,9.351,464676.69
2026-09-19 13:00:00+00:00,9.351,9.438,9.15,9.377,562222.59
2026-09-19 14:00:00+00:00,9.377,9.454,9.273,9.426,313876.01
2026-09-19 15:00:00+00:00,9.425,9.485,9.33,9.445,302775.85
2026-09-19 16:00:00+00:00,9.444,9.718,9.408,9.696,507756.34
2026-09-19 17:00:00+00:00,9.696,9.844,9.63,9.646,455904.35
2026-09-19 18:00:00+00:00,9.646,9.799,9.546,9.759,412940.97
2026-09-19 19:00:00+00:00,9.759,9.801,9.603,9.615,318929.3
2026-09-19 20:00:00+00:00,9.616,9.82,9.564,9.748,324127.84
2026-09-19 21:00:00+00:00,9.748,9.794,9.573,9.693,315554.85
2026-09-19 22:00:00+00:00,9.692,9.818,9.599,9.79,241999.34
2026-09-19 23:00:00+00:00,9.79,10.174,9.776,10.094,682410.39
2026-09-20 00:00:00+00:00,10.093,10.825,10.086,10.33,1326123.09
2026-09-20 01:00:00+00:00,10.331,10.429,9.717,9.738,950916.82
2026-09-20 02:00:00+00:00,9.739,9.815,9.484,9.517,484049.51
2026-09-20 03:00:00+00:00,9.516,9.673,9.436,9.566,347954.16
2026-09-20 04:00:00+00:00,9.567,9.667,9.494,9.617,426721.25
2026-09-20 05:00:00+00:00,9.618,9.697,9.564,9.604,184236.95
2026-09-20 06:00:00+00:00,9.604,9.777,9.592,9.763,266725.83
2026-09-20 07:00:00+00:00,9.763,9.839,9.536,9.597,340913.38
2026-09-20 08:00:00+00:00,9.596,9.724,9.596,9.64,210856.77
2026-09-20 09:00:00+00:00,9.639,9.898,9.638,9.809,314507.55
2026-09-20 10:00:00+00:00,9.81,9.84,9.715,9.766,215115.75
2026-09-20 11:00:00+00:00,9.765,10.421,9.753,10.412,856329.17
2026-09-20 12:00:00+00:00,10.412,10.609,10.134,10.372,1327261.59
2026-09-20 13:00:00+00:00,10.372,10.734,10.348,10.582,881555.63
2026-09-20 14:00:00+00:00,10.581,10.96,10.549,10.831,993124.22
2026-09-20 15:00:00+00:00,10.827,11.439,10.797,11.41,1342805.93
2026-09-20 16:00:00+00:00,11.409,11.434,10.9,11.303,1368550.13
2026-09-20 17:00:00+00:00,11.303,11.405,10.931,11.02,582213.52
2026-09-20 18:00:00+00:00,11.02,11.278,11.011,11.104,370023.66
2026-09-20 19:00:00+00:00,11.103,11.3,11.014,11.147,355266.91
2026-09-20 20:00:00+00:00,11.148,11.386,11.121,11.182,278356.47
2026-09-20 21:00:00+00:00,11.182,11.368,11.036,11.292,287656.53
2026-09-20 22:00:00+00:00,11.292,11.474,11.227,11.256,351584.29
2026-09-20 23:00:00+00:00,11.255,11.417,11.139,11.313,298729.3
2026-09-21 00:00:00+00:00,11.314,11.799,11.314,11.529,716026.56
2026-09-21 01:00:00+00:00,11.526,11.76,11.11,11.11,626799.14
2026-09-21 02:00:00+00:00,11.109,11.282,11.053,11.089,361921.53
2026-09-21 03:00:00+00:00,11.088,11.284,11.065,11.281,291975.12
2026-09-21 04:00:00+00:00,11.281,11.609,11.194,11.545,602952.07
2026-09-21 05:00:00+00:00,11.545,11.604,11.313,11.332,289096.21
2026-09-21 06:00:00+00:00,11.333,11.36,11.043,11.135,400111.19
2026-09-21 07:00:00+00:00,11.135,11.22,10.922,10.939,462504.66
2026-09-21 08:00:00+00:00,10.938,11.198,10.895,11.119,504153.07
2026-09-21 09:00:00+00:00,11.119,11.292,11.069,11.251,381047.35
2026-09-21 10:00:00+00:00,11.252,11.488,11.223,11.391,345750.04
2026-09-21 11:00:00+00:00,11.392,11.543,11.273,11.308,430485.28
2026-09-21 12:00:00+00:00,11.308,11.5,11.272,11.451,298889.34
2026-09-21 13:00:00+00:00,11.451,11.454,11.112,11.268,427572.68
2026-09-21 14:00:00+00:00,11.268,11.284,11.104,11.177,390326.79
2026-09-21 15:00:00+00:00,11.176,11.238,11.055,11.081,740503.77
2026-09-21 16:00:00+00:00,11.081,11.155,10.988,11.072,327497.22
2026-09-21 17:00:00+00:00,11.071,11.08,10.764,10.854,452753.58
2026-09-21 18:00:00+00:00,10.854,10.999,10.829,10.908,261922.79
2026-09-21 19:00:00+00:00,10.908,11.095,10.9,11.089,306497.16
2026-09-21 20:00:00+00:00,11.089,11.14,10.97,11.138,381429.7
2026-09-21 21:00:00+00:00,11.138,11.382,11.092,11.327,465774.8
2026-09-21 22:00:00+00:00,11.327,11.355,11.175,11.244,262884.76
2026-09-21 23:00:00+00:00,11.243,11.288,11.202,11.231,126591.23
2026-09-22 00:00:00+00:00,11.231,11.239,11.113,11.143,244749.96
2026-09-22 01:00:00+00:00,11.144,11.171,11.035,11.168,219051.11
2026-09-22 02:00:00+00:00,11.167,11.228,11.089,11.164,188490.06
2026-09-22 03:00:00+00:00,11.163,11.186,10.972,11.005,243876.33
2026-09-22 04:00:00+00:00,11.005,11.031,10.748,10.772,383900.35
2026-09-22 05:00:00+00:00,10.773,10.777,10.524,10.707,543229.63
2026-09-22 06:00:00+00:00,10.708,10.782,10.667,10.687,167510.86
2026-09-22 07:00:00+00:00,10.688,10.739,10.654,10.732,134502.13
2026-09-22 08:00:00+00:00,10.732,10.948,10.708,10.893,298251.69
2026-09-22 09:00:00+00:00,10.892,10.94,10.77,10.926,192817.38
2026-09-22 10:00:00+00:00,10.925,10.933,10.797,10.916,123151.61
2026-09-22 11:00:00+00:00,10.915,10.972,10.85,10.856,153693.36
2026-09-22 12:00:00+00:00,10.856,10.9,10.746,10.896,209568.02
2026-09-22 13:00:00+00:00,10.896,11.047,10.872,11.02,407235.16
2026-09-22 14:00:00+00:00,11.019,11.096,10.901,11.033,335773.08
2026-09-22 15:00:00+00:00,11.033,11.213,11.033,11.105,311815.68
2026-09-22 16:00:00+00:00,11.105,11.23,11.05,11.069,182130.65
2026-09-22 17:00:00+00:00,11.069,11.086,11.006,11.044,84803.69
2026-09-22 18:00:00+00:00,11.044,11.05,10.949,11.005,121237.84
2026-09-22 19:00:00+00:00,11.005,11.096,10.923,10.982,196232.07
2026-09-22 20:00:00+00:00,10.983,11.048,10.906,11.018,155684.88
2026-09-22 21:00:00+00:00,11.019,11.146,10.989,11.086,128684.89
2026-09-22 22:00:00+00:00,11.087,11.288,11.061,11.258,196643.61
2026-09-22 23:00:00+00:00,11.259,11.379,11.166,11.313,335607.79
2026-09-23 00:00:00+00:00,11.312,11.326,11.12,11.122,271960.52
2026-09-23 01:00:00+00:00,11.123,11.158,10.984,11.062,124557.26
2026-09-23 02:00:00+00:00,11.061,11.283,11.023,11.262,226921.74
2026-09-23 03:00:00+00:00,11.262,11.4,11.169,11.24,263978.8
2026-09-23 04:00:00+00:00,11.241,11.252,11.135,11.14,107046.37
2026-09-23 05:00:00+00:00,11.141,11.274,11.11,11.197,128830.23
2026-09-23 06:00:00+00:00,11.198,11.262,11.151,11.172,78855.54
2026-09-23 07:00:00+00:00,11.171,11.197,11.092,11.141,133508.52
2026-09-23 08:00:00+00:00,11.142,11.17,10.989,11.037,189780.86
2026-09-23 09:00:00+00:00,11.037,11.165,11.025,11.105,215303.8
2026-09-23 10:00:00+00:00,11.105,11.297,11.049,11.219,331590.41
2026-09-23 11:00:00+00:00,11.218,11.26,11.015,11.117,226172.47
2026-09-23 12:00:00+00:00,11.116,11.125,10.701,10.754,572487.13
2026-09-23 13:00:00+00:00,10.753,10.787,10.57,10.773,464290.98
2026-09-23 14:00:00+00:00,10.773,10.845,10.126,10.452,967197.04
2026-09-23 15:00:00+00:00,10.453,10.505,10.21,10.23,360804.41
2026-09-23 16:00:00+00:00,10.23,10.347,10.073,10.276,337359.5
2026-09-23 17:00:00+00:00,10.276,10.357,10.199,10.32,146449.11
2026-09-23 18:00:00+00:00,10.321,10.328,10.218,10.302,165210.9
2026-09-23 19:00:00+00:00,10.302,10.371,10.264,10.327,149071.04
2026-09-23 20:00:00+00:00,10.328,10.378,10.272,10.282,97168.02
2026-09-23 21:00:00+00:00,10.282,10.385,10.251,10.322,67762.19
2026-09-23 22:00:00+00:00,10.322,10.434,10.286,10.316,155522.15
2026-09-23 23:00:00+00:00,10.316,10.33,10.23,10.264,68765.86
2026-09-24 00:00:00+00:00,10.266,10.276,10.186,10.214,127300.6
2026-09-24 01:00:00+00:00,10.215,10.259,10.161,10.19,128622.76
2026-09-24 02:00:00+00:00,10.192,10.334,10.145,10.307,132728.9
2026-09-24 03:00:00+00:00,10.308,10.342,10.193,10.232,99049.74
2026-09-24 04:00:00+00:00,10.233,10.372,10.189,10.361,81826.46
2026-09-24 05:00:00+00:00,10.362,10.41,10.192,10.236,357338.5
2026-09-24 06:00:00+00:00,10.236,10.287,10.215,10.255,92068.24
2026-09-24 07:00:00+00:00,10.255,10.289,10.19,10.275,99680.55
2026-09-24 08:00:00+00:00,10.275,10.287,10.063,10.183,166230.01
2026-09-24 09:00:00+00:00,10.183,10.226,10.016,10.073,213516.27
2026-09-24 10:00:00+00:00,10.072,10.135,10.037,10.112,163092.72
2026-09-24 11:00:00+00:00,10.114,10.201,10.111,10.125,92220.45
2026-09-24 12:00:00+00:00,10.124,10.151,9.966,10.082,139792.84
2026-09-24 13:00:00+00:00,10.082,10.292,10.08,10.277,217571.37
2026-09-24 14:00:00+00:00,10.278,10.506,10.154,10.247,434225.82
2026-09-24 15:00:00+00:00,10.246,10.426,10.2,10.391,197365.72
2026-09-24 16:00:00+00:00,10.392,10.541,10.294,10.437,281100.06
2026-09-24 17:00:00+00:00,10.436,10.48,10.28,10.306,160179.54
2026-09-24 18:00:00+00:00,10.306,10.456,10.233,10.446,165766.98
2026-09-24 19:00:00+00:00,10.446,10.504,10.361,10.461,136073.37
2026-09-24 20:00:00+00:00,10.46,10.486,10.366,10.398,131718.13
2026-09-24 21:00:00+00:00,10.399,10.75,10.387,10.539,408736.52
2026-09-24 22:00:00+00:00,10.538,10.538,10.17,10.188,756088.53
2026-09-24 23:00:00+00:00,10.188,10.253,10.114,10.207,190446.75
2026-09-25 00:00:00+00:00,10.207,10.295,10.168,10.222,153961.37
2026-09-25 01:00:00+00:00,10.222,10.309,10.203,10.261,142705.19
2026-09-25 02:00:00+00:00,10.261,10.338,10.172,10.204,97743.94
2026-09-25 03:00:00+00:00,10.207,10.211,10.094,10.183,114548.55
2026-09-25 04:00:00+00:00,10.183,10.305,10.17,10.236,114918.1
2026-09-25 05:00:00+00:00,10.236,10.256,10.156,10.203,76690.27
2026-09-25 06:00:00+00:00,10.203,10.233,10.127,10.162,73242.63
2026-09-25 07:00:00+00:00,10.161,10.231,10.082,10.213,124216.04
2026-09-25 08:00:00+00:00,10.213,10.394,10.174,10.38,178397.94
2026-09-25 09:00:00+00:00,10.379,10.555,10.34,10.436,258463.48
2026-09-25 10:00:00+00:00,10.437,10.468,10.347,10.409,159421.94
2026-09-25 11:00:00+00:00,10.409,10.685,10.393,10.588,565965.81
2026-09-25 12:00:00+00:00,10.589,10.744,10.431,10.582,431101.33
2026-09-25 13:00:00+00:00,10.583,10.606,10.3,10.4,343503.93
2026-09-25 14:00:00+00:00,10.399,10.415,10.201,10.396,479795.69
2026-09-25 15:00:00+00:00,10.396,10.444,10.246,10.352,230563.24
2026-09-25 16:00:00+00:00,10.353,10.475,10.336,10.347,227638.75
2026-09-25 17:00:00+00:00,10.348,10.436,10.299,10.434,144151.12
2026-09-25 18:00:00+00:00,10.435,10.565,10.43,10.46,144059.44
2026-09-25 19:00:00+00:00,10.461,10.49,10.414,10.459,105180.6
2026-09-25 20:00:00+00:00,10.459,10.605,10.455,10.504,174505.42
2026-09-25 21:00:00+00:00,10.503,10.525,10.409,10.465,77323.4
2026-09-25 22:00:00+00:00,10.465,10.649,10.443,10.593,123514.07
2026-09-25 23:00:00+00:00,10.593,10.698,10.568,10.652,180214.71
2026-09-26 00:00:00+00:00,10.652,10.7,10.545,10.592,162905.4
2026-09-26 01:00:00+00:00,10.59,10.945,10.585,10.792,328787.43
2026-09-26 02:00:00+00:00,10.791,10.97,10.771,10.8,265910.03
2026-09-26 03:00:00+00:00,10.8,10.802,10.62,10.627,138624.16
2026-09-26 04:00:00+00:00,10.626,10.707,10.608,10.67,76096.19
2026-09-26 05:00:00+00:00,10.669,10.7,10.605,10.637,88631.21
2026-09-26 06:00:00+00:00,10.636,10.646,10.573,10.607,98772.36
2026-09-26 07:00:00+00:00,10.608,10.73,10.602,10.701,97938.46
2026-09-26 08:00:00+00:00,10.701,10.748,10.658,10.677,88861.49
2026-09-26 09:00:00+00:00,10.678,10.691,10.511,10.623,122745.57
2026-09-26 10:00:00+00:00,10.623,10.797,10.621,10.773,149201.28
2026-09-26 11:00:00+00:00,10.774,11.011,10.753,10.948,306654.36
2026-09-26 12:00:00+00:00,10.948,10.995,10.784,10.816,256225.61
2026-09-26 13:00:00+00:00,10.816,10.861,10.701,10.844,213087.07
2026-09-26 14:00:00+00:00,10.845,11.077,10.814,11.033,305706.4
2026-09-26 15:00:00+00:00,11.034,11.134,10.968,10.982,412438.83
2026-09-26 16:00:00+00:00,10.981,11.07,10.929,11.041,253903.6
2026-09-26 17:00:00+00:00,11.042,11.05,10.851,10.878,177339.21
2026-09-26 18:00:00+00:00,10.878,10.916,10.767,10.777,101358.27
2026-09-26 19:00:00+00:00,10.778,10.838,10.737,10.75,110833.53
2026-09-26 20:00:00+00:00,10.749,10.759,10.549,10.632,217183.99
2026-09-26 21:00:00+00:00,10.632,10.818,10.624,10.73,210542.87
2026-09-26 22:00:00+00:00,10.729,10.813,10.715,10.762,70682.14
2026-09-26 23:00:00+00:00,10.761,10.895,10.759,10.842,180414.85
2026-09-27 00:00:00+00:00,10.841,10.951,10.785,10.82,154970.36
2026-09-27 01:00:00+00:00,10.818,10.86,10.731,10.832,175122.84
2026-09-27 02:00:00+00:00,10.832,10.841,10.761,10.776,81590.62
2026-09-27 03:00:00+00:00,10.777,10.833,10.711,10.735,74896.22
2026-09-27 04:00:00+00:00,10.735,10.771,10.662,10.677,75925.78
2026-09-27 05:00:00+00:00,10.678,10.889,10.675,10.874,112722.75
2026-09-27 06:00:00+00:00,10.873,10.997,10.857,10.941,130418.82
2026-09-27 07:00:00+00:00,10.941,11.2,10.938,11.162,564755.5
2026-09-27 08:00:00+00:00,11.163,11.282,11.07,11.112,634178.95
2026-09-27 09:00:00+00:00,11.112,11.252,11.0,11.07,315282.5
2026-09-27 10:00:00+00:00,11.069,11.121,10.999,11.023,101903.51
2026-09-27 11:00:00+00:00,11.022,11.027,10.941,10.994,169398.89
2026-09-27 12:00:00+00:00,10.994,11.037,10.881,10.909,143934.47
2026-09-27 13:00:00+00:00,10.908,11.02,10.812,11.012,178112.46
2026-09-27 14:00:00+00:00,11.013,11.033,10.85,10.939,170613.91
2026-09-27 15:00:00+00:00,10.94,11.046,10.877,11.023,190469.47
2026-09-27 16:00:00+00:00,11.022,11.039,10.9,10.924,126639.27
2026-09-27 17:00:00+00:00,10.924,11.014,10.91,10.968,78672.07
2026-09-27 18:00:00+00:00,10.968,11.058,10.943,11.052,103478.52
2026-09-27 19:00:00+00:00,11.053,11.06,10.993,11.012,103509.05
2026-09-27 20:00:00+00:00,11.013,11.09,10.962,10.967,127852.04
2026-09-27 21:00:00+00:00,10.966,11.005,10.893,10.969,129365.16
2026-09-27 22:00:00+00:00,10.968,10.977,10.75,10.789,229545.02
2026-09-27 23:00:00+00:00,10.788,10.934,10.7,10.905,251799.15
2026-09-28 00:00:00+00:00,10.905,10.981,10.783,10.858,259958.89
2026-09-28 01:00:00+00:00,10.857,10.957,10.73,10.81,220087.76
2026-09-28 02:00:00+00:00,10.809,10.935,10.713,10.783,305877.33
2026-09-28 03:00:00+00:00,10.786,10.883,10.629,10.718,232406.63
2026-09-28 04:00:00+00:00,10.719,10.742,10.596,10.679,210544.92
2026-09-28 05:00:00+00:00,10.68,10.733,10.458,10.635,279428.28
2026-09-28 06:00:00+00:00,10.634,10.698,10.519,10.543,176798.62
2026-09-28 07:00:00+00:00,10.542,10.607,10.358,10.361,227661.25
2026-09-28 08:00:00+00:00,10.361,10.509,10.351,10.463,186302.27
2026-09-28 09:00:00+00:00,10.462,10.526,10.335,10.365,168719.49
2026-09-28 10:00:00+00:00,10.366,10.55,10.362,10.508,161266.28
2026-09-28 11:00:00+00:00,10.508,10.593,10.479,10.507,179124.48
2026-09-28 12:00:00+00:00,10.506,10.726,10.466,10.548,440915.19
2026-09-28 13:00:00+00:00,10.548,10.567,10.451,10.49,297563.62
2026-09-28 14:00:00+00:00,10.49,10.49,10.175,10.246,530560.33
2026-09-28 15:00:00+00:00,10.246,10.361,10.145,10.335,316888.95
2026-09-28 16:00:00+00:00,10.334,10.545,10.307,10.448,301754.58
2026-09-28 17:00:00+00:00,10.447,10.621,10.36,10.51,182400.09
2026-09-28 18:00:00+00:00,10.51,10.557,10.455,10.524,90085.11
2026-09-28 19:00:00+00:00,10.524,10.526,10.268,10.332,146914.26
2026-09-28 20:00:00+00:00,10.332,10.492,10.289,10.466,137380.01
2026-09-28 21:00:00+00:00,10.467,10.556,10.349,10.36,114783.09
2026-09-28 22:00:00+00:00,10.36,10.487,10.313,10.485,100704.99
2026-09-28 23:00:00+00:00,10.484,10.622,10.476,10.616,112456.72
2026-09-29 00:00:00+00:00,10.617,10.899,10.602,10.68,446850.09
2026-09-29 01:00:00+00:00,10.679,10.749,10.434,10.536,294988.2
2026-09-29 02:00:00+00:00,10.536,10.589,10.336,10.361,245281.24
2026-09-29 03:00:00+00:00,10.36,10.486,10.349,10.425,154708.19
2026-09-29 04:00:00+00:00,10.424,10.507,10.348,10.47,137174.59
2026-09-29 05:00:00+00:00,10.467,10.653,10.424,10.626,178430.92
2026-09-29 06:00:00+00:00,10.626,10.998,10.623,10.985,431264.03
2026-09-29 07:00:00+00:00,10.984,11.548,10.955,11.456,991710.73
2026-09-29 08:00:00+00:00,11.456,11.503,11.228,11.381,682747.53
2026-09-29 09:00:00+00:00,11.381,11.568,11.317,11.55,709670.86
2026-09-29 10:00:00+00:00,11.55,11.678,11.474,11.563,635898.14
2026-09-29 11:00:00+00:00,11.562,11.945,11.502,11.843,646350.16
2026-09-29 12:00:00+00:00,11.842,12.008,11.646,11.732,790133.8
2026-09-29 13:00:00+00:00,11.731,11.768,11.615,11.63,395465.82
2026-09-29 14:00:00+00:00,11.63,11.722,11.493,11.507,522330.8
2026-09-29 15:00:00+00:00,11.507,11.512,11.13,11.216,934834.43
2026-09-29 16:00:00+00:00,11.216,11.301,11.053,11.149,622889.12
2026-09-29 17:00:00+00:00,11.15,11.179,11.029,11.096,240544.74
2026-09-29 18:00:00+00:00,11.096,11.337,11.096,11.287,343435.08
2026-09-29 19:00:00+00:00,11.286,11.387,11.26,11.332,255187.06
2026-09-29 20:00:00+00:00,11.333,11.488,11.321,11.462,304694.43
2026-09-29 21:00:00+00:00,11.462,11.55,11.324,11.437,220244.73
2026-09-29 22:00:00+00:00,11.437,11.532,11.404,11.42,151529.08
2026-09-29 23:00:00+00:00,11.419,11.519,11.381,11.436,143159.14
2026-09-30 00:00:00+00:00,11.435,11.469,11.34,11.424,295324.51
2026-09-30 01:00:00+00:00,11.424,11.483,11.385,11.404,185520.69
2026-09-30 02:00:00+00:00,11.404,11.449,11.334,11.378,149995.74
2026-09-30 03:00:00+00:00,11.378,11.384,11.207,11.279,222635.02
2026-09-30 04:00:00+00:00,11.278,11.358,11.269,11.28,109560.45
2026-09-30 05:00:00+00:00,11.281,11.345,11.238,11.284,159372.92
2026-09-30 06:00:00+00:00,11.284,11.308,11.097,11.105,314498.02
2026-09-30 07:00:00+00:00,11.105,11.2,11.025,11.111,325084.9
2026-09-30 08:00:00+00:00,11.111,11.13,10.991,11.103,248353.65
2026-09-30 09:00:00+00:00,11.102,11.239,11.091,11.173,227446.6
2026-09-30 10:00:00+00:00,11.174,11.22,11.142,11.186,175492.21
2026-09-30 11:00:00+00:00,11.186,11.187,11.113,11.145,163910.92
2026-09-30 12:00:00+00:00,11.144,11.365,11.093,11.327,666751.13
2026-09-30 13:00:00+00:00,11.326,11.342,10.982,11.11,781440.83
2026-09-30 14:00:00+00:00,11.11,11.12,10.81,10.888,760512.12
2026-09-30 15:00:00+00:00,10.887,10.978,10.803,10.958,410960.8
2026-09-30 16:00:00+00:00,10.957,11.05,10.949,11.029,166648.74
2026-09-30 17:00:00+00:00,11.03,11.065,10.966,11.001,117543.6
2026-09-30 18:00:00+00:00,11.001,11.04,10.922,10.959,165547.93
2026-09-30 19:00:00+00:00,10.959,10.975,10.867,10.897,157031.48
2026-09-30 20:00:00+00:00,10.897,10.979,10.886,10.931,96006.84
2026-09-30 21:00:00+00:00,10.931,10.952,10.901,10.92,99841.21
2026-09-30 22:00:00+00:00,10.92,10.989,10.865,10.952,91668.29
2026-09-30 23:00:00+00:00,10.953,11.008,10.932,10.937,98729.99
2026-10-01 00:00:00+00:00,10.938,10.942,10.802,10.849,142875.35
2026-10-01 01:00:00+00:00,10.848,10.919,10.833,10.868,87199.17
2026-10-01 02:00:00+00:00,10.869,11.072,10.856,11.063,278583.19
2026-10-01 03:00:00+00:00,11.063,11.152,11.024,11.122,402423.7
2026-10-01 04:00:00+00:00,11.122,11.175,11.048,11.123,171836.77
2026-10-01 05:00:00+00:00,11.123,11.142,11.09,11.135,76385.35
2026-10-01 06:00:00+00:00,11.136,11.147,11.076,11.139,105968.33
2026-10-01 07:00:00+00:00,11.138,11.157,10.954,10.969,260620.99
2026-10-01 08:00:00+00:00,10.967,11.128,10.966,11.126,269908.21
2026-10-01 09:00:00+00:00,11.125,11.182,11.011,11.049,195634.84
2026-10-01 10:00:00+00:00,11.049,11.051,10.887,11.013,279010.25
2026-10-01 11:00:00+00:00,11.013,11.066,10.951,11.037,164451.48
2026-10-01 12:00:00+00:00,11.038,11.06,10.954,10.971,122694.91
2026-10-01 13:00:00+00:00,10.971,11.027,10.874,10.981,270229.98
2026-10-01 14:00:00+00:00,10.98,11.024,10.9,10.943,183768.64
2026-10-01 15:00:00+00:00,10.942,10.989,10.829,10.905,249817.51
2026-10-01 16:00:00+00:00,10.904,10.965,10.732,10.778,280485.23
2026-10-01 17:00:00+00:00,10.778,11.0,10.764,10.946,245776.73
2026-10-01 18:00:00+00:00,10.946,11.014,10.906,11.003,172350.4
2026-10-01 19:00:00+00:00,11.002,11.072,10.945,11.002,229803.77
2026-10-01 20:00:00+00:00,11.002,11.051,10.991,11.006,85729.09
2026-10-01 21:00:00+00:00,11.007,11.014,10.87,10.922,154882.02
2026-10-01 22:00:00+00:00,10.921,10.995,10.92,10.982,78147.77
2026-10-01 23:00:00+00:00,10.982,11.019,10.941,10.99,49011.75
2026-10-02 00:00:00+00:00,10.989,11.019,10.928,10.944,79344.19
2026-10-02 01:00:00+00:00,10.945,10.945,10.853,10.914,127478.36
2026-10-02 02:00:00+00:00,10.914,11.044,10.907,11.024,195882.96
2026-10-02 03:00:00+00:00,11.024,11.073,10.97,11.01,80107.38
