time,open,high,low,close,volume
2026-06-04 04:00:00+00:00,64363.49,64764.32,64265.73,64399.99,1421.62502
2026-06-04 05:00:00+00:00,64399.99,64400.0,63648.01,63955.47,1272.84935
2026-06-04 06:00:00+00:00,63955.48,64481.22,63892.0,64027.99,802.33437
2026-06-04 07:00:00+00:00,64027.99,64062.81,63492.89,63603.15,1503.87893
2026-06-04 08:00:00+00:00,63603.15,63904.63,63245.9,63629.99,1570.23316
2026-06-04 09:00:00+00:00,63629.99,63644.0,62703.33,63266.0,2329.3282
2026-06-04 10:00:00+00:00,63266.01,63276.0,62301.21,62420.0,3046.35677
2026-06-04 11:00:00+00:00,62420.01,62833.82,62205.0,62545.99,1649.57305
2026-06-04 12:00:00+00:00,62546.0,63966.48,62392.0,63766.82,1740.31399
2026-06-04 13:00:00+00:00,63766.82,64244.0,63068.41,64230.0,2087.69891
2026-06-04 14:00:00+00:00,64230.0,64494.92,63785.33,63958.97,1314.7717
2026-06-04 15:00:00+00:00,63958.97,64404.0,63691.7,63896.17,1043.20477
2026-06-04 16:00:00+00:00,63896.16,63920.0,63456.0,63563.51,778.5809
2026-06-04 17:00:00+00:00,63563.51,63722.0,62944.91,63540.97,1048.08269
2026-06-04 18:00:00+00:00,63540.96,64110.28,63149.76,63819.62,1198.01807
2026-06-04 19:00:00+00:00,63819.62,64163.93,63544.0,63629.38,699.04403
2026-06-04 20:00:00+00:00,63629.38,63653.2,63182.84,63638.4,753.64631
2026-06-04 21:00:00+00:00,63638.4,63876.0,63106.04,63286.21,982.36997
2026-06-04 22:00:00+00:00,63286.21,63772.0,63194.0,63735.43,816.54763
2026-06-04 23:00:00+00:00,63735.42,63918.0,63376.0,63885.99,561.48382
2026-06-05 00:00:00+00:00,63885.99,63978.0,63396.57,63426.72,799.55012
2026-06-05 01:00:00+00:00,63426.73,63566.0,63052.0,63374.67,974.10885
2026-06-05 02:00:00+00:00,63374.67,63436.0,62588.77,62617.72,1167.70132
2026-06-05 03:00:00+00:00,62617.72,62888.0,62339.0,62730.0,1221.6378
2026-06-05 04:00:00+00:00,62730.0,63646.0,62487.24,63615.23,1133.49083
2026-06-05 05:00:00+00:00,63615.22,63688.0,62278.0,62329.35,1503.31179
2026-06-05 06:00:00+00:00,62329.36,62634.53,61126.01,61946.57,5277.47749
2026-06-05 07:00:00+00:00,61946.57,63116.0,61378.38,63115.99,2819.14343
2026-06-05 08:00:00+00:00,63115.99,63120.98,62288.88,62454.64,1381.33567
2026-06-05 09:00:00+00:00,62454.64,63259.9,62442.0,62860.09,970.2531
2026-06-05 10:00:00+00:00,62860.09,62931.81,62375.0,62536.87,753.84533
2026-06-05 11:00:00+00:00,62536.87,62644.48,61964.98,61964.99,1191.72996
2026-06-05 12:00:00+00:00,61964.99,62457.86,61620.47,61959.73,1931.26312
2026-06-05 13:00:00+00:00,61959.72,62326.0,60732.35,60732.36,3644.72891
2026-06-05 14:00:00+00:00,60732.36,61227.98,60334.97,60868.97,4753.25938
2026-06-05 15:00:00+00:00,60868.98,61126.0,60000.0,60438.01,4471.76201
2026-06-05 16:00:00+00:00,60438.0,61547.24,59786.0,61394.39,5595.70288
2026-06-05 17:00:00+00:00,61394.38,61508.85,60660.0,60813.99,1735.74281
2026-06-05 18:00:00+00:00,60814.0,60950.0,59141.0,59395.99,3853.37743
2026-06-05 19:00:00+00:00,59396.0,60459.41,59130.91,60300.24,2562.76919
2026-06-05 20:00:00+00:00,60300.24,61787.01,59940.01,61620.01,2519.32621
2026-06-05 21:00:00+00:00,61620.01,62000.0,61444.2,61670.38,1754.60125
2026-06-05 22:00:00+00:00,61670.38,61966.0,61207.82,61584.49,1799.61028
2026-06-05 23:00:00+00:00,61584.49,61776.0,60518.0,61056.47,1211.55891
2026-06-06 00:00:00+00:00,61056.47,61530.05,61045.01,61273.29,769.28059
2026-06-06 01:00:00+00:00,61273.29,61380.0,60954.36,61058.95,701.07746
2026-06-06 02:00:00+00:00,61058.95,61176.0,60678.0,60951.64,778.33004
2026-06-06 03:00:00+00:00,60951.63,60966.86,60520.0,60687.04,696.39105
2026-06-06 04:00:00+00:00,60687.05,60866.0,59500.0,60101.27,2161.93035
2026-06-06 05:00:00+00:00,60101.28,61062.0,59621.22,60942.38,2141.23088
2026-06-06 06:00:00+00:00,60942.37,61276.95,60681.0,60786.96,2095.10137
2026-06-06 07:00:00+00:00,60786.96,61229.17,60733.14,61004.95,664.31126
2026-06-06 08:00:00+00:00,61004.95,61500.0,60884.0,61264.0,724.69988
2026-06-06 09:00:00+00:00,61264.0,61322.0,60875.55,60981.24,580.05282
2026-06-06 10:00:00+00:00,60981.24,60981.24,60198.0,60593.0,1404.76206
2026-06-06 11:00:00+00:00,60593.0,60968.0,60552.95,60802.91,764.0429
2026-06-06 12:00:00+00:00,60802.9,61185.26,60641.2,61030.63,669.86406
2026-06-06 13:00:00+00:00,61030.63,61100.0,60701.41,60801.2,565.41708
2026-06-06 14:00:00+00:00,60801.2,61016.0,60768.0,60791.05,409.85585
2026-06-06 15:00:00+00:00,60791.06,60929.2,60396.0,60784.0,646.3582
2026-06-06 16:00:00+00:00,60784.01,60971.24,60466.56,60774.0,524.00441
2026-06-06 17:00:00+00:00,60774.0,60844.0,60501.0,60576.2,599.85374
2026-06-06 18:00:00+00:00,60576.19,60754.74,60393.96,60637.21,975.00187
2026-06-06 19:00:00+00:00,60637.2,60786.0,60536.0,60600.01,348.13504
2026-06-06 20:00:00+00:00,60600.0,60756.0,60522.0,60711.69,328.01265
2026-06-06 21:00:00+00:00,60711.69,61000.0,60707.93,60751.21,311.33205
2026-06-06 22:00:00+00:00,60751.22,60818.0,60429.09,60543.53,374.15284
2026-06-06 23:00:00+00:00,60543.52,60942.75,60543.52,60884.62,562.39032
2026-06-07 00:00:00+00:00,60884.62,60987.99,60746.0,60782.01,680.4546
2026-06-07 01:00:00+00:00,60782.0,61664.13,60758.0,61479.75,1285.5692
2026-06-07 02:00:00+00:00,61479.75,61568.0,61184.0,61506.74,523.36778
2026-06-07 03:00:00+00:00,61506.73,61778.33,61416.1,61701.07,469.79753
2026-06-07 04:00:00+00:00,61701.06,61907.07,61482.46,61890.92,486.27163
2026-06-07 05:00:00+00:00,61890.92,62159.0,61647.0,61748.1,1139.66042
2026-06-07 06:00:00+00:00,61748.11,62272.0,61619.4,62101.0,1749.1221
2026-06-07 07:00:00+00:00,62101.01,62416.26,61983.46,62404.73,1528.1498
2026-06-07 08:00:00+00:00,62404.72,62960.0,62259.37,62855.01,2005.84536
2026-06-07 09:00:00+00:00,62855.0,62900.0,62374.63,62530.0,1248.753
2026-06-07 10:00:00+00:00,62530.0,62570.31,62298.39,62370.52,674.16526
2026-06-07 11:00:00+00:00,62370.53,62754.45,62359.44,62621.96,794.29873
2026-06-07 12:00:00+00:00,62621.97,62643.97,61577.12,61900.67,1957.0674
2026-06-07 13:00:00+00:00,61900.66,61907.64,61649.12,61700.13,1146.18923
2026-06-07 14:00:00+00:00,61700.14,62312.67,61696.98,61905.49,923.54392
2026-06-07 15:00:00+00:00,61905.49,62219.92,61674.51,62093.99,527.33835
2026-06-07 16:00:00+00:00,62093.99,62332.0,61966.0,62083.64,482.9603
2026-06-07 17:00:00+00:00,62083.64,62330.0,62046.62,62160.01,573.97699
2026-06-07 18:00:00+00:00,62160.01,62296.0,62022.0,62030.14,373.61361
2026-06-07 19:00:00+00:00,62030.15,62036.78,61184.0,61328.0,1046.65633
2026-06-07 20:00:00+00:00,61327.99,61962.47,61217.17,61878.01,569.10903
2026-06-07 21:00:00+00:00,61878.0,62017.71,61652.01,61778.41,374.19369
2026-06-07 22:00:00+00:00,61778.42,64234.68,61728.11,62865.87,4892.75492
2026-06-07 23:00:00+00:00,62865.87,63444.11,62803.42,63332.01,1159.24525
2026-06-08 00:00:00+00:00,63332.01,63863.06,63138.37,63631.42,1255.61981
2026-06-08 01:00:00+00:00,63631.43,63643.99,62720.86,63211.41,1129.10442
2026-06-08 02:00:00+00:00,63211.41,63260.0,62918.0,63129.93,502.88284
2026-06-08 03:00:00+00:00,63129.94,63458.0,62978.36,63130.12,427.85473
2026-06-08 04:00:00+00:00,63130.12,63171.1,62657.07,62684.61,553.63898
2026-06-08 05:00:00+00:00,62684.61,62825.27,62408.0,62764.0,674.10723
2026-06-08 06:00:00+00:00,62763.99,63144.0,62734.0,62988.03,629.53051
2026-06-08 07:00:00+00:00,62988.58,63350.0,62812.0,63283.99,976.9078
2026-06-08 08:00:00+00:00,63284.0,63284.0,62992.01,63132.83,490.75057
2026-06-08 09:00:00+00:00,63132.84,63577.86,63128.47,63502.0,706.93226
2026-06-08 10:00:00+00:00,63501.99,63568.19,63096.88,63172.3,982.6729
2026-06-08 11:00:00+00:00,63172.3,63873.08,63058.0,63479.61,1572.11873
2026-06-08 12:00:00+00:00,63479.62,63933.18,62718.3,63872.0,2589.09295
2026-06-08 13:00:00+00:00,63872.0,63943.56,63362.1,63758.0,1304.57724
2026-06-08 14:00:00+00:00,63758.0,64077.57,63560.68,63964.08,1937.84618
2026-06-08 15:00:00+00:00,63964.07,64200.0,63711.0,63774.48,2295.29096
2026-06-08 16:00:00+00:00,63774.48,64046.86,63472.0,63532.01,873.93622
2026-06-08 17:00:00+00:00,63532.01,63646.0,63268.01,63550.0,1044.76064
2026-06-08 18:00:00+00:00,63549.99,63690.0,63339.98,63466.83,414.77155
2026-06-08 19:00:00+00:00,63466.83,63596.0,63356.0,63372.01,379.67287
2026-06-08 20:00:00+00:00,63372.01,63485.49,63160.31,63485.49,793.95609
2026-06-08 21:00:00+00:00,63485.49,63850.0,63483.41,63728.96,413.19539
2026-06-08 22:00:00+00:00,63728.96,63728.96,63210.0,63440.01,571.04903
2026-06-08 23:00:00+00:00,63440.0,63594.0,62978.66,63085.99,533.11634
2026-06-09 00:00:00+00:00,63086.0,63184.0,62423.07,62562.0,1868.43384
2026-06-09 01:00:00+00:00,62562.0,62879.1,62546.62,62764.01,752.22836
2026-06-09 02:00:00+00:00,62764.0,62874.0,62544.11,62868.0,357.79841
2026-06-09 03:00:00+00:00,62867.99,62979.94,62702.0,62875.17,780.82683
2026-06-09 04:00:00+00:00,62875.18,63424.0,62748.0,63242.36,1115.32376
2026-06-09 05:00:00+00:00,63242.36,63526.01,63120.24,63338.68,946.88593
2026-06-09 06:00:00+00:00,63338.69,63506.0,63230.0,63300.0,975.96129
2026-06-09 07:00:00+00:00,63300.0,63443.6,63012.0,63198.44,669.83742
2026-06-09 08:00:00+00:00,63198.44,63208.86,62769.52,62849.75,844.01531
2026-06-09 09:00:00+00:00,62849.75,62944.43,62590.0,62715.37,709.2584
2026-06-09 10:00:00+00:00,62715.37,62835.37,62596.0,62786.01,503.06926
2026-06-09 11:00:00+00:00,62786.0,62818.0,62498.75,62711.12,472.29218
2026-06-09 12:00:00+00:00,62711.12,62895.18,62421.24,62645.15,693.6037
2026-06-09 13:00:00+00:00,62645.14,62738.0,62140.0,62273.61,1172.01624
2026-06-09 14:00:00+00:00,62273.62,62395.01,61148.07,61541.95,2741.42922
2026-06-09 15:00:00+00:00,61541.95,61706.86,61037.0,61131.84,1576.3984
2026-06-09 16:00:00+00:00,61131.85,61484.67,60780.0,61390.51,2117.17514
2026-06-09 17:00:00+00:00,61390.51,61889.0,61390.51,61692.01,925.52892
2026-06-09 18:00:00+00:00,61692.01,61964.0,61602.0,61792.01,528.51144
2026-06-09 19:00:00+00:00,61792.0,62103.39,61722.0,62098.09,436.3094
2026-06-09 20:00:00+00:00,62098.09,62272.0,61954.39,62160.0,406.81988
2026-06-09 21:00:00+00:00,62159.99,62176.86,61698.0,61761.2,425.20913
2026-06-09 22:00:00+00:00,61761.21,61976.0,61666.66,61717.5,276.69194
2026-06-09 23:00:00+00:00,61717.5,61878.0,61556.0,61730.0,340.59519
2026-06-10 00:00:00+00:00,61730.0,61930.0,61440.0,61923.16,538.2675
2026-06-10 01:00:00+00:00,61923.16,61974.7,61590.0,61714.0,336.41204
2026-06-10 02:00:00+00:00,61714.0,61837.67,61235.29,61302.36,512.06602
2026-06-10 03:00:00+00:00,61302.37,61594.0,61286.0,61549.64,334.76343
2026-06-10 04:00:00+00:00,61549.64,61560.0,61182.65,61295.99,306.03442
2026-06-10 05:00:00+00:00,61296.0,61400.01,61080.0,61361.17,464.90737
2026-06-10 06:00:00+00:00,61361.17,61521.99,61145.5,61472.89,511.66925
2026-06-10 07:00:00+00:00,61472.89,61813.34,61440.0,61687.56,937.80783
2026-06-10 08:00:00+00:00,61687.56,61736.0,61168.0,61261.55,739.92297
2026-06-10 09:00:00+00:00,61261.56,61421.46,60755.0,61334.94,906.84186
2026-06-10 10:00:00+00:00,61334.95,61456.0,61151.4,61386.09,340.43647
2026-06-10 11:00:00+00:00,61386.09,61430.0,60867.19,61034.04,826.04256
2026-06-10 12:00:00+00:00,61034.04,61950.0,60960.0,61564.01,1340.16125
2026-06-10 13:00:00+00:00,61564.0,62446.0,61444.87,62146.42,1199.64944
2026-06-10 14:00:00+00:00,62146.43,62258.01,61814.79,62195.99,902.47236
2026-06-10 15:00:00+00:00,62195.99,62857.99,61852.0,62639.23,1341.51604
2026-06-10 16:00:00+00:00,62639.23,62646.0,61930.0,62219.33,748.11357
2026-06-10 17:00:00+00:00,62219.33,62360.0,61654.54,61969.99,885.28682
2026-06-10 18:00:00+00:00,61969.99,62162.9,61588.8,61882.0,641.1773
2026-06-10 19:00:00+00:00,61881.99,62062.98,61673.79,61942.44,400.79146
2026-06-10 20:00:00+00:00,61942.45,61949.21,61688.0,61805.51,307.34434
2026-06-10 21:00:00+00:00,61805.5,61805.51,61179.19,61356.18,571.34637
2026-06-10 22:00:00+00:00,61356.18,61574.0,61104.24,61381.46,578.03926
2026-06-10 23:00:00+00:00,61381.46,61604.0,61166.0,61510.99,327.64659
2026-06-11 00:00:00+00:00,61510.99,61974.7,61510.99,61812.0,597.44488
2026-06-11 01:00:00+00:00,61812.0,62378.0,61812.0,62206.01,839.43174
2026-06-11 02:00:00+00:00,62206.01,62304.0,61944.19,62148.0,429.18601
2026-06-11 03:00:00+00:00,62148.01,62848.0,62012.0,62689.48,986.08995
2026-06-11 04:00:00+00:00,62689.47,62854.0,62546.34,62726.86,589.32674
2026-06-11 05:00:00+00:00,62726.85,62726.86,62556.84,62610.0,295.46093
2026-06-11 06:00:00+00:00,62610.0,62997.53,62544.89,62772.0,1198.75098
2026-06-11 07:00:00+00:00,62772.01,62842.92,62612.01,62719.39,399.47563
2026-06-11 08:00:00+00:00,62719.39,63050.0,62719.38,62957.99,546.92925
2026-06-11 09:00:00+00:00,62958.0,62989.97,62790.0,62927.49,401.22464
2026-06-11 10:00:00+00:00,62927.49,63214.97,62789.62,63148.0,666.36315
2026-06-11 11:00:00+00:00,63148.0,63257.21,63040.01,63108.0,563.58106
2026-06-11 12:00:00+00:00,63108.01,63190.0,62500.0,63010.01,1835.01045
2026-06-11 13:00:00+00:00,63010.0,63239.43,62677.84,63077.57,1087.23984
2026-06-11 14:00:00+00:00,63077.71,63100.0,62732.6,62734.02,782.87001
2026-06-11 15:00:00+00:00,62734.02,62887.88,62518.1,62749.44,633.18968
2026-06-11 16:00:00+00:00,62749.44,62842.0,62548.79,62582.45,564.46406
2026-06-11 17:00:00+00:00,62582.45,63655.83,62348.0,63644.19,1821.97042
2026-06-11 18:00:00+00:00,63644.18,63788.0,63324.35,63461.12,793.20489
2026-06-11 19:00:00+00:00,63461.12,63933.02,63390.0,63605.68,946.18552
2026-06-11 20:00:00+00:00,63605.69,63663.4,63270.0,63393.67,556.54606
2026-06-11 21:00:00+00:00,63393.67,63599.99,63393.66,63519.99,269.29173
2026-06-11 22:00:00+00:00,63519.99,63670.0,63462.0,63500.01,226.24918
2026-06-11 23:00:00+00:00,63500.0,63700.0,63362.0,63625.99,351.45962
2026-06-12 00:00:00+00:00,63626.0,63810.01,63520.86,63648.8,1229.6005
2026-06-12 01:00:00+00:00,63648.8,63648.8,63301.53,63426.2,745.50942
2026-06-12 02:00:00+00:00,63426.21,63779.11,63426.2,63624.07,398.45121
2026-06-12 03:00:00+00:00,63624.07,63649.99,63357.7,63524.82,280.54894
2026-06-12 04:00:00+00:00,63524.81,63863.98,63426.48,63700.0,742.01132
2026-06-12 05:00:00+00:00,63700.0,63721.31,63310.0,63358.2,603.70673
2026-06-12 06:00:00+00:00,63358.2,63411.5,62829.81,62980.45,1027.41759
2026-06-12 07:00:00+00:00,62980.46,63211.74,62956.0,63100.8,852.55681
2026-06-12 08:00:00+00:00,63100.8,63615.84,63100.8,63470.81,600.81984
2026-06-12 09:00:00+00:00,63470.81,63953.84,63438.0,63752.93,524.52211
2026-06-12 10:00:00+00:00,63752.93,63852.0,63588.34,63702.01,872.53513
2026-06-12 11:00:00+00:00,63702.01,63884.49,63684.44,63766.01,380.80932
2026-06-12 12:00:00+00:00,63766.01,63775.0,63378.0,63465.51,515.59574
2026-06-12 13:00:00+00:00,63465.52,63532.59,63045.29,63229.1,851.49099
2026-06-12 14:00:00+00:00,63229.1,64000.0,63190.0,63999.99,1065.08825
2026-06-12 15:00:00+00:00,63999.99,64394.44,63551.9,63593.02,1669.96199
2026-06-12 16:00:00+00:00,63593.02,63996.0,63510.16,63982.48,776.01025
2026-06-12 17:00:00+00:00,63982.48,64111.1,63745.99,63865.44,456.29271
2026-06-12 18:00:00+00:00,63865.45,63934.34,63686.0,63694.0,561.84193
2026-06-12 19:00:00+00:00,63694.01,63830.93,63589.27,63589.27,462.65176
2026-06-12 20:00:00+00:00,63589.28,63696.41,63400.0,63449.0,328.72463
2026-06-12 21:00:00+00:00,63449.01,63624.62,63440.01,63472.0,330.50626
2026-06-12 22:00:00+00:00,63471.99,63658.0,63471.99,63502.0,711.15075
2026-06-12 23:00:00+00:00,63502.0,63580.01,63426.83,63580.01,409.24822
2026-06-13 00:00:00+00:00,63580.0,63652.11,63507.39,63600.01,578.94188
2026-06-13 01:00:00+00:00,63600.01,63840.0,63600.01,63837.89,509.63359
2026-06-13 02:00:00+00:00,63837.88,63837.89,63558.0,63646.01,450.79285
2026-06-13 03:00:00+00:00,63646.01,63720.88,63418.66,63532.0,268.55023
2026-06-13 04:00:00+00:00,63532.0,63663.91,63484.0,63512.01,144.15296
2026-06-13 05:00:00+00:00,63512.01,63596.0,63493.16,63584.03,658.62782
2026-06-13 06:00:00+00:00,63584.03,63740.0,63550.51,63735.74,299.54013
2026-06-13 07:00:00+00:00,63736.0,63883.47,63674.98,63846.0,436.97737
2026-06-13 08:00:00+00:00,63845.99,63910.0,63766.18,63806.0,227.43934
2026-06-13 09:00:00+00:00,63806.0,63867.65,63742.57,63743.12,301.95833
2026-06-13 10:00:00+00:00,63743.13,63908.48,63726.57,63843.01,188.76787
2026-06-13 11:00:00+00:00,63843.01,63984.53,63843.01,63971.28,479.05156
2026-06-13 12:00:00+00:00,63971.28,64214.0,63921.33,64133.12,878.04841
2026-06-13 13:00:00+00:00,64133.12,64245.88,64060.0,64102.69,499.73169
2026-06-13 14:00:00+00:00,64102.61,64233.73,64090.09,64220.97,206.46033
2026-06-13 15:00:00+00:00,64220.96,64350.0,64186.97,64296.15,584.92205
2026-06-13 16:00:00+00:00,64296.15,64307.52,63920.05,64029.17,720.7481
2026-06-13 17:00:00+00:00,64029.17,64120.0,63944.0,63971.19,301.75645
2026-06-13 18:00:00+00:00,63971.2,64282.19,63971.19,64161.46,278.72154
2026-06-13 19:00:00+00:00,64161.46,64333.62,64152.0,64296.59,308.7181
2026-06-13 20:00:00+00:00,64296.59,64296.6,64226.83,64278.31,179.3189
2026-06-13 21:00:00+00:00,64278.31,64762.77,64226.38,64471.04,552.39519
2026-06-13 22:00:00+00:00,64471.04,64556.0,64383.61,64456.47,316.2712
2026-06-13 23:00:00+00:00,64456.46,64596.99,64382.42,64458.01,589.21574
2026-06-14 00:00:00+00:00,64458.01,64579.03,64380.7,64565.0,595.05205
2026-06-14 01:00:00+00:00,64565.01,64710.0,64507.25,64563.0,821.19702
2026-06-14 02:00:00+00:00,64563.0,64636.0,64476.01,64490.01,260.23317
2026-06-14 03:00:00+00:00,64490.01,64545.4,64466.0,64545.3,155.67419
2026-06-14 04:00:00+00:00,64545.3,64563.48,64325.61,64339.07,253.74802
2026-06-14 05:00:00+00:00,64339.07,64411.2,64293.41,64338.0,429.46847
2026-06-14 06:00:00+00:00,64338.0,64487.8,64232.12,64286.1,839.75348
2026-06-14 07:00:00+00:00,64286.1,64445.95,64214.0,64429.39,256.82492
2026-06-14 08:00:00+00:00,64429.39,64513.82,64392.0,64456.33,192.66954
2026-06-14 09:00:00+00:00,64456.33,64617.99,64321.18,64616.0,237.3813
2026-06-14 10:00:00+00:00,64616.0,64664.0,64498.01,64521.13,184.13016
2026-06-14 11:00:00+00:00,64521.13,64641.9,64460.0,64546.0,228.11339
2026-06-14 12:00:00+00:00,64546.01,64560.66,64295.06,64327.53,334.09454
2026-06-14 13:00:00+00:00,64327.54,64398.14,64244.0,64317.99,308.61157
2026-06-14 14:00:00+00:00,64318.0,64341.43,63866.66,63983.55,781.47067
2026-06-14 15:00:00+00:00,63983.56,64153.75,63980.35,64025.07,366.74561
2026-06-14 16:00:00+00:00,64025.06,64208.92,63936.0,63942.63,256.58722
2026-06-14 17:00:00+00:00,63942.63,64019.38,63694.11,63732.64,617.57994
2026-06-14 18:00:00+00:00,63732.65,63813.3,63678.83,63813.3,258.88821
2026-06-14 19:00:00+00:00,63813.3,63861.86,63734.71,63802.0,107.594
2026-06-14 20:00:00+00:00,63801.99,64092.4,63794.09,64008.64,243.2036
2026-06-14 21:00:00+00:00,64008.64,65666.0,64007.24,65311.59,2955.01268
2026-06-14 22:00:00+00:00,65311.59,65580.0,64946.12,65426.78,1554.15469
2026-06-14 23:00:00+00:00,65426.78,65800.0,65256.21,65746.45,964.84531
2026-06-15 00:00:00+00:00,65746.45,65923.0,65480.69,65625.99,1043.52596
2026-06-15 01:00:00+00:00,65626.0,65734.87,65354.0,65525.0,855.38843
2026-06-15 02:00:00+00:00,65525.01,65775.15,65415.02,65472.01,587.73145
2026-06-15 03:00:00+00:00,65472.01,65995.0,65422.83,65927.1,767.65798
2026-06-15 04:00:00+00:00,65927.11,65927.11,65633.28,65644.01,564.25779
2026-06-15 05:00:00+00:00,65644.0,65872.0,65611.01,65858.01,477.26671
2026-06-15 06:00:00+00:00,65858.0,65967.27,65775.45,65812.01,365.24859
2026-06-15 07:00:00+00:00,65812.01,66000.0,65628.45,65674.76,574.31747
2026-06-15 08:00:00+00:00,65674.76,65800.0,65620.0,65662.01,363.0048
2026-06-15 09:00:00+00:00,65662.0,65779.5,65512.0,65596.86,344.30264
2026-06-15 10:00:00+00:00,65596.86,65973.15,65584.37,65917.37,544.78922
2026-06-15 11:00:00+00:00,65917.37,66385.12,65832.78,66233.9,1293.72734
2026-06-15 12:00:00+00:00,66233.89,66600.91,66106.0,66563.49,987.26981
2026-06-15 13:00:00+00:00,66563.48,66949.22,66412.0,66447.05,1919.26303
2026-06-15 14:00:00+00:00,66447.06,66675.83,66251.58,66591.55,940.8464
2026-06-15 15:00:00+00:00,66591.54,67292.15,66580.42,67292.14,1466.9579
2026-06-15 16:00:00+00:00,67292.15,67292.15,67088.83,67157.99,1096.95936
2026-06-15 17:00:00+00:00,67158.0,67158.0,66585.26,66851.79,1340.24388
2026-06-15 18:00:00+00:00,66851.8,66933.86,66715.61,66766.12,590.69175
2026-06-15 19:00:00+00:00,66766.13,66889.85,66348.0,66614.35,780.39583
2026-06-15 20:00:00+00:00,66615.98,66681.3,66489.86,66519.98,339.47285
2026-06-15 21:00:00+00:00,66519.99,66567.38,66314.34,66368.15,347.81382
2026-06-15 22:00:00+00:00,66368.15,66476.64,66076.56,66206.34,520.15584
2026-06-15 23:00:00+00:00,66206.34,66368.0,66116.59,66328.74,448.51217
2026-06-16 00:00:00+00:00,66328.74,66463.26,66242.0,66250.0,457.62239
2026-06-16 01:00:00+00:00,66250.0,66418.01,66248.93,66346.52,456.63949
2026-06-16 02:00:00+00:00,66346.51,66367.69,65678.14,65741.99,964.73227
2026-06-16 03:00:00+00:00,65742.0,66166.61,65650.0,66165.21,802.10485
2026-06-16 04:00:00+00:00,66165.21,66301.83,65802.0,65840.09,694.50218
2026-06-16 05:00:00+00:00,65840.1,66150.22,65840.09,66045.0,739.41945
2026-06-16 06:00:00+00:00,66044.99,66572.99,66044.99,66446.0,556.56171
2026-06-16 07:00:00+00:00,66446.01,66527.23,66300.1,66372.0,385.79165
2026-06-16 08:00:00+00:00,66372.0,66992.0,66345.06,66899.61,688.96018
2026-06-16 09:00:00+00:00,66899.61,66923.99,66474.74,66510.0,600.75927
2026-06-16 10:00:00+00:00,66510.01,66778.0,66486.38,66514.0,387.22813
2026-06-16 11:00:00+00:00,66514.01,66643.23,66368.36,66481.73,467.239
2026-06-16 12:00:00+00:00,66481.73,66818.0,66368.0,66429.83,562.31913
2026-06-16 13:00:00+00:00,66429.84,66463.13,65928.16,66052.0,1347.85119
2026-06-16 14:00:00+00:00,66052.01,66265.8,65360.92,65654.9,1491.76291
2026-06-16 15:00:00+00:00,65654.9,65999.78,65614.3,65859.76,788.81576
2026-06-16 16:00:00+00:00,65859.76,65953.97,65706.0,65758.07,338.72091
2026-06-16 17:00:00+00:00,65758.07,66011.47,65710.34,65978.79,383.38742
2026-06-16 18:00:00+00:00,65978.78,66248.69,65802.0,65847.99,522.72648
2026-06-16 19:00:00+00:00,65848.0,65848.0,65560.0,65675.88,617.37667
2026-06-16 20:00:00+00:00,65675.89,65865.92,65592.0,65854.0,261.11445
2026-06-16 21:00:00+00:00,65854.0,65938.0,65654.9,65776.97,351.42219
2026-06-16 22:00:00+00:00,65776.97,65882.0,65680.0,65780.0,228.62751
2026-06-16 23:00:00+00:00,65780.01,65834.19,65626.9,65675.01,206.37282
2026-06-17 00:00:00+00:00,65675.02,65848.0,65675.02,65700.0,332.30374
2026-06-17 01:00:00+00:00,65700.0,65956.56,65477.5,65940.0,549.42502
2026-06-17 02:00:00+00:00,65940.0,66200.0,65788.0,65904.0,974.93815
2026-06-17 03:00:00+00:00,65903.99,65904.0,65703.45,65851.99,563.57309
2026-06-17 04:00:00+00:00,65852.0,66048.19,65788.31,65892.0,473.33682
2026-06-17 05:00:00+00:00,65892.01,65978.0,65746.51,65836.3,536.04504
2026-06-17 06:00:00+00:00,65836.3,65896.45,65582.63,65624.0,378.80773
2026-06-17 07:00:00+00:00,65624.01,65710.0,65251.0,65539.5,697.28548
2026-06-17 08:00:00+00:00,65539.51,65574.0,64833.07,64926.02,992.25057
2026-06-17 09:00:00+00:00,64926.02,65076.76,64842.01,64909.44,859.97592
2026-06-17 10:00:00+00:00,64909.44,64993.97,64768.0,64798.0,597.7384
2026-06-17 11:00:00+00:00,64798.0,64868.21,64565.0,64810.01,641.24645
2026-06-17 12:00:00+00:00,64810.01,65108.0,64590.53,65040.88,557.73466
2026-06-17 13:00:00+00:00,65040.88,65369.53,64850.0,65278.0,961.56723
2026-06-17 14:00:00+00:00,65278.0,65461.38,64772.72,65101.45,799.61288
2026-06-17 15:00:00+00:00,65101.45,65855.66,64987.74,65752.0,1172.17515
2026-06-17 16:00:00+00:00,65751.99,66445.93,65722.0,65864.12,1421.90632
2026-06-17 17:00:00+00:00,65864.13,66191.98,65800.0,66104.08,377.59846
2026-06-17 18:00:00+00:00,66107.99,66107.99,64800.0,65516.0,2242.57142
2026-06-17 19:00:00+00:00,65516.0,65666.0,63998.35,64301.85,2173.5643
2026-06-17 20:00:00+00:00,64301.85,64488.96,64181.33,64434.36,504.85432
2026-06-17 21:00:00+00:00,64434.36,64452.0,64142.0,64257.77,458.08471
2026-06-17 22:00:00+00:00,64257.77,64434.84,63915.77,64300.01,492.23769
2026-06-17 23:00:00+00:00,64300.01,64529.2,64248.0,64509.4,289.82054
2026-06-18 00:00:00+00:00,64509.4,64702.0,64457.67,64468.01,396.7915
2026-06-18 01:00:00+00:00,64468.01,64806.0,64466.3,64548.74,382.95414
2026-06-18 02:00:00+00:00,64548.75,64776.66,64488.0,64689.5,323.93999
2026-06-18 03:00:00+00:00,64689.5,64689.5,64267.86,64282.82,548.57792
2026-06-18 04:00:00+00:00,64282.82,64347.09,63826.93,63883.41,831.20199
2026-06-18 05:00:00+00:00,63883.26,64020.0,63696.29,63994.0,597.91477
2026-06-18 06:00:00+00:00,63994.0,64134.33,63850.0,64083.41,767.55142
2026-06-18 07:00:00+00:00,64084.0,64510.5,64015.42,64510.44,524.85633
2026-06-18 08:00:00+00:00,64510.45,64646.75,64378.25,64399.92,714.20438
2026-06-18 09:00:00+00:00,64399.93,64478.0,64196.14,64199.53,300.31875
2026-06-18 10:00:00+00:00,64199.53,64223.79,63910.0,64078.61,445.57306
2026-06-18 11:00:00+00:00,64078.61,64196.0,63878.14,63974.4,378.00473
2026-06-18 12:00:00+00:00,63974.4,64402.01,63922.0,64378.07,417.60478
2026-06-18 13:00:00+00:00,64378.06,64445.19,63800.0,63984.0,984.80789
2026-06-18 14:00:00+00:00,63983.99,64203.66,63587.3,63816.61,998.41474
2026-06-18 15:00:00+00:00,63816.61,63825.99,62293.76,62369.44,2793.66043
2026-06-18 16:00:00+00:00,62369.43,62814.0,62349.42,62688.0,1271.71361
2026-06-18 17:00:00+00:00,62688.0,62750.0,62272.07,62606.0,1003.68212
2026-06-18 18:00:00+00:00,62606.0,62959.75,62580.01,62708.92,727.06223
2026-06-18 19:00:00+00:00,62708.93,63008.33,62636.0,62950.79,577.63764
2026-06-18 20:00:00+00:00,62950.79,63274.19,62950.79,63086.0,684.93429
2026-06-18 21:00:00+00:00,63086.0,63121.81,62870.39,62971.32,466.34172
2026-06-18 22:00:00+00:00,62971.32,62990.0,62742.0,62885.85,290.36064
2026-06-18 23:00:00+00:00,62885.84,62985.12,62756.6,62958.01,507.48754
2026-06-19 00:00:00+00:00,62958.01,63086.0,62840.0,63020.0,786.22825
2026-06-19 01:00:00+00:00,63020.0,63100.0,62852.01,63021.86,542.43308
2026-06-19 02:00:00+00:00,63021.86,63110.29,62893.71,63006.0,304.818
2026-06-19 03:00:00+00:00,63006.01,63029.64,62386.9,62773.51,835.4402
2026-06-19 04:00:00+00:00,62773.52,62916.66,62409.55,62452.01,390.96231
2026-06-19 05:00:00+00:00,62452.01,62744.92,62452.0,62739.2,361.83315
2026-06-19 06:00:00+00:00,62739.2,62914.73,62728.0,62894.08,252.94439
2026-06-19 07:00:00+00:00,62894.09,62917.32,62504.27,62629.99,636.21109
2026-06-19 08:00:00+00:00,62630.0,62782.0,62533.33,62603.99,431.84041
2026-06-19 09:00:00+00:00,62604.0,62654.0,62316.44,62390.0,921.6732
2026-06-19 10:00:00+00:00,62390.01,62587.27,62383.76,62533.25,761.99981
2026-06-19 11:00:00+00:00,62533.24,62684.0,62452.52,62626.0,1001.15104
2026-06-19 12:00:00+00:00,62626.0,62872.99,62353.0,62830.01,630.52118
2026-06-19 13:00:00+00:00,62830.01,63415.0,62666.0,63210.0,1078.35943
2026-06-19 14:00:00+00:00,63210.0,63419.27,63010.0,63203.53,665.42698
2026-06-19 15:00:00+00:00,63203.54,63283.86,63019.26,63214.01,527.206
2026-06-19 16:00:00+00:00,63214.01,63387.8,62918.98,62971.99,1021.4111
2026-06-19 17:00:00+00:00,62972.0,63263.49,62866.99,63198.01,840.75861
2026-06-19 18:00:00+00:00,63198.0,63201.95,62991.37,63110.01,341.96414
2026-06-19 19:00:00+00:00,63110.01,63140.0,62942.0,63021.6,283.46164
2026-06-19 20:00:00+00:00,63021.6,63274.0,62958.59,63250.01,217.92541
2026-06-19 21:00:00+00:00,63250.01,63275.64,63060.0,63075.98,181.69443
2026-06-19 22:00:00+00:00,63075.99,63369.48,63048.0,63315.28,541.93138
2026-06-19 23:00:00+00:00,63315.29,63666.0,63276.0,63543.91,689.22877
2026-06-20 00:00:00+00:00,63543.9,63777.0,63470.0,63530.01,640.14667
2026-06-20 01:00:00+00:00,63530.01,63616.23,63404.0,63586.28,348.64849
2026-06-20 02:00:00+00:00,63586.27,63586.27,63336.01,63340.57,358.87789
2026-06-20 03:00:00+00:00,63340.58,63510.0,63320.14,63476.79,268.88477
2026-06-20 04:00:00+00:00,63476.79,63613.59,63402.0,63583.53,228.62975
2026-06-20 05:00:00+00:00,63583.53,63907.07,63543.46,63678.07,477.24749
2026-06-20 06:00:00+00:00,63678.07,63761.99,63640.36,63744.61,191.88822
2026-06-20 07:00:00+00:00,63744.61,63800.0,63594.37,63655.21,448.4829
2026-06-20 08:00:00+00:00,63655.21,63664.39,63392.41,63417.97,547.04803
2026-06-20 09:00:00+00:00,63417.98,63787.74,63417.98,63741.16,349.02093
2026-06-20 10:00:00+00:00,63741.16,63777.5,63592.44,63674.7,270.1692
2026-06-20 11:00:00+00:00,63674.71,63798.76,63620.74,63688.0,315.13807
2026-06-20 12:00:00+00:00,63688.0,63785.76,63537.99,63655.09,292.10361
2026-06-20 13:00:00+00:00,63655.1,63655.1,63278.0,63397.78,412.69589
2026-06-20 14:00:00+00:00,63397.77,64150.0,63184.21,63949.9,1101.98952
2026-06-20 15:00:00+00:00,63949.9,64388.0,63836.0,64160.04,916.57166
2026-06-20 16:00:00+00:00,64160.04,64167.26,63902.58,64034.31,403.42996
2026-06-20 17:00:00+00:00,64034.31,64041.07,63730.21,63834.7,482.18112
2026-06-20 18:00:00+00:00,63834.7,63928.4,63788.0,63805.89,119.99479
2026-06-20 19:00:00+00:00,63805.9,63968.0,63798.0,63936.0,173.41555
2026-06-20 20:00:00+00:00,63935.99,63981.09,63853.31,63925.99,210.00109
2026-06-20 21:00:00+00:00,63926.0,64092.91,63918.29,64012.4,272.00511
2026-06-20 22:00:00+00:00,64012.39,64350.0,63978.12,64272.01,446.43904
2026-06-20 23:00:00+00:00,64272.0,64336.91,64250.02,64298.01,247.09349
2026-06-21 00:00:00+00:00,64298.01,64322.91,64237.31,64294.0,425.19081
2026-06-21 01:00:00+00:00,64294.0,64323.68,64206.17,64248.0,486.06931
2026-06-21 02:00:00+00:00,64248.0,64275.12,64216.05,64241.25,230.0633
2026-06-21 03:00:00+00:00,64241.26,64472.99,64234.0,64426.0,409.22163
2026-06-21 04:00:00+00:00,64426.0,64588.0,64269.45,64276.12,379.39058
2026-06-21 05:00:00+00:00,64276.12,64365.43,64225.6,64256.55,166.55047
2026-06-21 06:00:00+00:00,64256.56,64323.99,64200.0,64303.46,142.55901
2026-06-21 07:00:00+00:00,64303.47,64303.47,64173.08,64191.07,302.97907
2026-06-21 08:00:00+00:00,64191.06,64228.0,63900.17,64014.0,328.07237
2026-06-21 09:00:00+00:00,64014.0,64246.0,63961.28,64209.16,221.03822
2026-06-21 10:00:00+00:00,64209.16,64408.0,64204.0,64365.99,286.23088
2026-06-21 11:00:00+00:00,64366.0,64483.95,64112.01,64176.0,438.27788
2026-06-21 12:00:00+00:00,64176.0,64235.13,63952.0,64200.0,359.32606
2026-06-21 13:00:00+00:00,64200.0,64200.0,64020.01,64146.0,161.65202
2026-06-21 14:00:00+00:00,64146.0,64154.0,64004.0,64145.97,189.32902
2026-06-21 15:00:00+00:00,64145.97,64355.88,64120.0,64224.0,390.79222
2026-06-21 16:00:00+00:00,64224.0,64254.38,64046.0,64145.31,236.79134
2026-06-21 17:00:00+00:00,64145.32,64221.44,64080.0,64151.46,205.04149
2026-06-21 18:00:00+00:00,64151.47,64240.0,63933.47,64213.81,270.92869
2026-06-21 19:00:00+00:00,64213.82,64298.84,64168.73,64207.12,189.28721
2026-06-21 20:00:00+00:00,64207.13,64271.21,63700.0,63848.0,420.72845
2026-06-21 21:00:00+00:00,63848.0,63969.59,63510.0,63808.01,752.88497
2026-06-21 22:00:00+00:00,63808.0,63864.0,63575.04,63801.59,437.50041
2026-06-21 23:00:00+00:00,63801.6,63801.6,63270.0,63311.99,604.75792
2026-06-22 00:00:00+00:00,63312.0,64094.0,63312.0,63896.01,709.82748
2026-06-22 01:00:00+00:00,63896.0,64823.52,63850.8,64606.0,1331.90666
2026-06-22 02:00:00+00:00,64606.0,64663.99,64250.0,64257.99,370.38632
2026-06-22 03:00:00+00:00,64258.0,64459.44,63894.98,63974.01,796.48727
2026-06-22 04:00:00+00:00,63974.01,64116.44,63868.41,64100.02,327.45142
2026-06-22 05:00:00+00:00,64100.01,64344.17,64088.64,64247.74,1091.63692
2026-06-22 06:00:00+00:00,64247.74,64326.0,63946.0,63989.95,416.9007
2026-06-22 07:00:00+00:00,63989.96,64397.57,63968.23,64211.19,352.4108
2026-06-22 08:00:00+00:00,64211.2,64350.58,64044.0,64165.99,368.11506
2026-06-22 09:00:00+00:00,64166.0,64256.2,64052.17,64145.39,200.06309
2026-06-22 10:00:00+00:00,64145.4,64272.0,64065.18,64139.21,240.0862
2026-06-22 11:00:00+00:00,64139.21,64768.46,64097.08,64657.22,1063.60877
2026-06-22 12:00:00+00:00,64657.22,65222.45,64579.08,65149.57,1156.05989
2026-06-22 13:00:00+00:00,65149.58,65589.76,64945.53,65578.0,1368.64481
2026-06-22 14:00:00+00:00,65577.99,65622.83,64835.0,64980.39,1096.28772
2026-06-22 15:00:00+00:00,64980.39,65146.0,64757.11,64836.95,593.12998
2026-06-22 16:00:00+00:00,64836.95,64862.0,64519.0,64719.77,680.43904
2026-06-22 17:00:00+00:00,64719.77,64769.98,64388.16,64602.0,523.74444
2026-06-22 18:00:00+00:00,64602.0,64730.15,64311.0,64334.01,548.78709
2026-06-22 19:00:00+00:00,64334.01,64499.28,64276.0,64472.0,579.92511
2026-06-22 20:00:00+00:00,64472.51,64659.43,64356.95,64433.8,399.51938
2026-06-22 21:00:00+00:00,64433.8,64480.0,64134.39,64320.57,263.4342
2026-06-22 22:00:00+00:00,64320.57,64396.45,63804.59,63971.12,510.07647
2026-06-22 23:00:00+00:00,63971.13,64053.33,63877.61,64020.01,434.17969
2026-06-23 00:00:00+00:00,64020.01,64162.02,63828.93,64154.99,679.20038
2026-06-23 01:00:00+00:00,64154.99,64273.09,63893.33,64156.0,540.18098
2026-06-23 02:00:00+00:00,64156.0,64275.38,64042.01,64204.01,319.7542
2026-06-23 03:00:00+00:00,64204.01,64204.01,63968.42,64065.35,236.76285
2026-06-23 04:00:00+00:00,64065.34,64095.55,63612.62,63623.02,408.1299
2026-06-23 05:00:00+00:00,63623.03,63728.0,63342.34,63400.0,850.99416
2026-06-23 06:00:00+00:00,63400.0,63400.0,62568.9,62936.01,1620.65692
2026-06-23 07:00:00+00:00,62936.01,63095.0,62872.0,62886.03,1074.96381
2026-06-23 08:00:00+00:00,62886.04,62945.08,61938.0,62385.99,4988.90507
2026-06-23 09:00:00+00:00,62386.0,62528.13,62350.44,62386.0,613.23414
2026-06-23 10:00:00+00:00,62386.0,62586.0,62247.2,62328.01,387.47153
2026-06-23 11:00:00+00:00,62328.01,62643.99,62328.0,62507.06,456.80185
2026-06-23 12:00:00+00:00,62507.05,62558.0,62189.42,62256.6,873.94501
2026-06-23 13:00:00+00:00,62256.61,62538.72,61960.0,62475.99,1294.09387
2026-06-23 14:00:00+00:00,62476.0,62855.98,62406.25,62493.63,1302.27666
2026-06-23 15:00:00+00:00,62493.63,62507.99,62198.0,62487.79,630.16435
2026-06-23 16:00:00+00:00,62487.79,62846.0,62428.01,62558.0,728.22737
2026-06-23 17:00:00+00:00,62558.0,62693.48,62327.95,62358.02,533.28034
2026-06-23 18:00:00+00:00,62358.03,62445.21,62104.7,62241.99,492.79838
2026-06-23 19:00:00+00:00,62242.0,62480.0,62230.0,62388.49,707.45732
2026-06-23 20:00:00+00:00,62388.49,62531.27,62380.25,62470.7,373.02429
2026-06-23 21:00:00+00:00,62470.7,62658.93,62470.7,62599.77,367.76027
2026-06-23 22:00:00+00:00,62599.77,62779.82,62526.0,62590.0,430.92568
2026-06-23 23:00:00+00:00,62590.0,62799.99,62480.39,62734.57,311.98359
2026-06-24 00:00:00+00:00,62734.57,63024.4,62733.29,63014.0,799.18478
2026-06-24 01:00:00+00:00,63014.0,63119.45,62772.15,62932.19,599.06927
2026-06-24 02:00:00+00:00,62932.19,63013.12,62606.09,62630.0,593.50541
2026-06-24 03:00:00+00:00,62630.01,62830.0,62461.87,62729.78,770.64134
2026-06-24 04:00:00+00:00,62729.78,62799.62,62525.49,62744.42,650.06924
2026-06-24 05:00:00+00:00,62744.41,63073.44,62706.0,62890.0,366.0273
2026-06-24 06:00:00+00:00,62889.99,62909.98,62728.73,62780.0,219.5109
2026-06-24 07:00:00+00:00,62780.01,62844.0,62610.11,62657.99,589.75592
2026-06-24 08:00:00+00:00,62658.0,62807.46,62605.28,62800.0,475.30761
2026-06-24 09:00:00+00:00,62800.0,62800.01,62637.08,62681.7,493.71643
2026-06-24 10:00:00+00:00,62681.7,62681.7,62412.05,62445.99,530.71886
2026-06-24 11:00:00+00:00,62445.99,63239.06,62318.88,62921.19,815.18681
2026-06-24 12:00:00+00:00,62921.19,62973.2,62585.2,62618.31,517.25346
2026-06-24 13:00:00+00:00,62618.31,62628.75,61255.74,61338.01,2775.24015
2026-06-24 14:00:00+00:00,61338.0,61456.0,60888.0,61113.1,2839.40106
2026-06-24 15:00:00+00:00,61113.1,61150.13,60249.82,60250.0,3237.99155
2026-06-24 16:00:00+00:00,60250.0,60678.1,59622.0,59850.0,4274.39737
2026-06-24 17:00:00+00:00,59850.0,60057.18,59102.7,59404.0,3790.1806
2026-06-24 18:00:00+00:00,59404.0,59930.0,59310.85,59599.99,1583.51728
2026-06-24 19:00:00+00:00,59600.0,60000.0,59530.0,59958.3,1195.52715
2026-06-24 20:00:00+00:00,59958.3,61208.48,59854.0,60956.0,1821.39287
2026-06-24 21:00:00+00:00,60956.0,61144.63,60665.75,61110.0,801.00882
2026-06-24 22:00:00+00:00,61109.99,61276.0,60802.66,60873.99,523.65642
2026-06-24 23:00:00+00:00,60874.0,61112.0,60830.01,61077.99,416.02483
2026-06-25 00:00:00+00:00,61078.0,61163.16,60726.77,60832.0,766.62145
2026-06-25 01:00:00+00:00,60832.0,60988.0,60720.23,60928.0,615.84376
2026-06-25 02:00:00+00:00,60928.0,60966.0,60700.01,60799.08,580.03112
2026-06-25 03:00:00+00:00,60799.08,60910.63,60684.94,60883.65,479.47033
2026-06-25 04:00:00+00:00,60883.66,61410.0,60792.0,61357.63,536.03927
2026-06-25 05:00:00+00:00,61357.63,61807.04,61280.0,61600.01,1223.4059
2026-06-25 06:00:00+00:00,61600.02,61869.02,61600.01,61732.06,539.2877
2026-06-25 07:00:00+00:00,61732.06,61962.4,61670.0,61911.04,937.71339
2026-06-25 08:00:00+00:00,61911.03,61920.0,61684.87,61712.35,337.43778
2026-06-25 09:00:00+00:00,61712.36,61792.0,61614.32,61739.29,327.48572
2026-06-25 10:00:00+00:00,61739.29,61751.07,61257.79,61269.94,686.26895
2026-06-25 11:00:00+00:00,61269.95,61422.52,61066.0,61282.01,605.95603
2026-06-25 12:00:00+00:00,61282.0,61761.35,61080.0,61244.01,1124.99959
2026-06-25 13:00:00+00:00,61244.01,61369.18,58115.01,58290.17,6396.00513
2026-06-25 14:00:00+00:00,58291.7,60485.51,58291.7,59471.5,6002.27451
2026-06-25 15:00:00+00:00,59471.49,59655.86,58874.85,59557.99,2456.01373
2026-06-25 16:00:00+00:00,59557.99,60067.0,59157.63,59312.64,1765.10919
2026-06-25 17:00:00+00:00,59312.64,59740.9,59139.96,59676.01,1062.87634
2026-06-25 18:00:00+00:00,59676.0,59793.34,59364.0,59512.71,978.75101
2026-06-25 19:00:00+00:00,59512.71,59516.0,59168.82,59320.0,917.28893
2026-06-25 20:00:00+00:00,59319.99,59741.95,59319.99,59456.62,539.40098
2026-06-25 21:00:00+00:00,59456.62,60273.81,59452.01,60211.87,617.22274
2026-06-25 22:00:00+00:00,60211.86,60211.86,59740.0,59851.27,431.60976
2026-06-25 23:00:00+00:00,59851.27,60191.55,59739.99,59794.0,458.89363
2026-06-26 00:00:00+00:00,59794.64,59906.71,59642.77,59667.09,875.61527
2026-06-26 01:00:00+00:00,59667.09,59789.07,59228.0,59431.5,833.71293
2026-06-26 02:00:00+00:00,59431.49,59456.0,58358.77,58561.99,2633.6835
2026-06-26 03:00:00+00:00,58562.0,60131.37,58337.0,60036.01,1886.07235
2026-06-26 04:00:00+00:00,60036.0,60238.77,59836.17,59920.47,843.9784
2026-06-26 05:00:00+00:00,59920.47,60047.68,59736.0,59953.3,883.13649
2026-06-26 06:00:00+00:00,59953.3,60459.55,59702.0,60324.0,1504.97927
2026-06-26 07:00:00+00:00,60324.0,60759.99,60283.08,60532.0,2153.07079
2026-06-26 08:00:00+00:00,60532.0,60580.0,60150.56,60245.67,803.85464
2026-06-26 09:00:00+00:00,60245.9,60259.37,59583.33,59736.01,832.22202
2026-06-26 10:00:00+00:00,59736.01,59858.93,59239.78,59313.26,1050.97441
2026-06-26 11:00:00+00:00,59313.26,59588.0,59259.78,59413.24,1048.3329
2026-06-26 12:00:00+00:00,59413.24,60007.91,58969.9,59185.02,1710.35381
2026-06-26 13:00:00+00:00,59185.02,60216.14,58500.1,60175.43,2730.33879
2026-06-26 14:00:00+00:00,60175.42,60294.0,59390.0,59590.73,1745.27867
2026-06-26 15:00:00+00:00,59590.73,60500.0,59584.01,60328.32,1582.87088
2026-06-26 16:00:00+00:00,60328.18,60583.0,59970.0,60041.75,1128.46917
2026-06-26 17:00:00+00:00,60041.76,60287.9,59952.0,60023.97,546.63522
2026-06-26 18:00:00+00:00,60023.96,60158.0,59556.0,59668.01,504.21141
2026-06-26 19:00:00+00:00,59668.01,60098.0,59617.37,59751.97,708.47753
2026-06-26 20:00:00+00:00,59751.96,59994.0,59571.31,59718.0,454.05927
2026-06-26 21:00:00+00:00,59717.99,60050.0,59678.0,59918.7,287.90036
2026-06-26 22:00:00+00:00,59918.7,60080.0,59754.0,60048.0,335.92054
2026-06-26 23:00:00+00:00,60048.0,60117.64,59923.27,60097.27,319.40861
2026-06-27 00:00:00+00:00,60097.27,60197.0,59876.22,60059.07,360.77885
2026-06-27 01:00:00+00:00,60059.09,60068.0,59936.07,59945.53,245.35114
2026-06-27 02:00:00+00:00,59945.53,60378.23,59921.68,60290.01,695.38686
2026-06-27 03:00:00+00:00,60290.01,60412.0,60159.91,60305.73,438.61125
2026-06-27 04:00:00+00:00,60305.73,60482.0,60217.26,60239.99,303.30454
2026-06-27 05:00:00+00:00,60240.0,60311.0,60136.0,60236.76,444.9193
2026-06-27 06:00:00+00:00,60236.75,60500.0,60093.33,60370.62,581.81791
2026-06-27 07:00:00+00:00,60370.63,60574.0,60300.0,60548.07,825.68653
2026-06-27 08:00:00+00:00,60548.06,60548.74,60371.62,60456.0,470.55782
2026-06-27 09:00:00+00:00,60456.0,60511.99,60289.55,60414.62,307.96541
2026-06-27 10:00:00+00:00,60414.62,60487.31,60380.0,60420.28,137.8511
2026-06-27 11:00:00+00:00,60420.28,60447.8,60198.94,60363.65,275.39332
2026-06-27 12:00:00+00:00,60363.65,60430.01,60257.03,60430.0,349.0457
2026-06-27 13:00:00+00:00,60430.0,60665.74,60394.0,60588.35,434.13389
2026-06-27 14:00:00+00:00,60588.35,60728.0,60510.0,60611.5,306.64293
2026-06-27 15:00:00+00:00,60611.49,60941.17,60570.0,60840.06,606.25294
2026-06-27 16:00:00+00:00,60840.06,60855.03,60673.64,60807.99,239.6938
2026-06-27 17:00:00+00:00,60808.0,60818.76,60413.15,60524.88,548.67896
2026-06-27 18:00:00+00:00,60524.89,60576.03,60446.25,60570.86,229.00634
2026-06-27 19:00:00+00:00,60570.86,60605.41,60085.88,60175.95,414.61342
2026-06-27 20:00:00+00:00,60175.95,60306.0,60173.07,60300.0,220.12001
2026-06-27 21:00:00+00:00,60300.0,60482.18,60142.0,60203.82,280.50282
2026-06-27 22:00:00+00:00,60203.83,60256.56,59855.16,60228.95,377.17485
2026-06-27 23:00:00+00:00,60228.96,60320.0,59952.0,60029.0,493.73947
2026-06-28 00:00:00+00:00,60029.01,60190.0,60018.0,60146.0,462.24707
2026-06-28 01:00:00+00:00,60146.0,60273.38,59986.0,60222.22,267.56528
2026-06-28 02:00:00+00:00,60222.21,60339.99,60054.0,60150.45,403.64282
2026-06-28 03:00:00+00:00,60150.46,60275.0,60150.45,60197.04,255.71231
2026-06-28 04:00:00+00:00,60197.03,60231.83,60088.04,60133.0,191.50597
2026-06-28 05:00:00+00:00,60133.01,60140.0,59753.48,59989.17,345.08439
2026-06-28 06:00:00+00:00,59989.18,60030.0,59808.0,60002.82,217.95005
2026-06-28 07:00:00+00:00,60002.82,60259.68,60000.0,60219.99,361.83587
2026-06-28 08:00:00+00:00,60220.0,60545.01,60140.14,60370.0,491.6084
2026-06-28 09:00:00+00:00,60370.01,60462.0,60250.81,60258.84,222.4062
2026-06-28 10:00:00+00:00,60258.85,60292.48,60068.0,60166.71,181.18756
2026-06-28 11:00:00+00:00,60166.71,60374.05,60100.0,60342.0,225.05378
2026-06-28 12:00:00+00:00,60341.99,60457.02,60190.0,60293.51,212.9354
2026-06-28 13:00:00+00:00,60293.5,60293.51,59963.86,60071.88,369.88204
2026-06-28 14:00:00+00:00,60071.89,60250.0,60018.0,60033.0,318.13606
2026-06-28 15:00:00+00:00,60033.01,60130.0,59817.28,59890.0,467.03244
2026-06-28 16:00:00+00:00,59890.35,59943.9,59582.34,59690.62,567.70369
2026-06-28 17:00:00+00:00,59690.62,59848.0,59403.77,59586.01,519.06441
2026-06-28 18:00:00+00:00,59586.0,59700.0,59502.0,59614.46,272.01169
2026-06-28 19:00:00+00:00,59614.46,59682.0,59270.26,59481.79,301.99561
2026-06-28 20:00:00+00:00,59481.78,59765.9,59474.28,59660.0,227.14803
2026-06-28 21:00:00+00:00,59660.0,59796.66,59333.33,59445.95,531.65984
2026-06-28 22:00:00+00:00,59445.96,59906.0,58905.0,59067.01,983.67622
2026-06-28 23:00:00+00:00,59067.0,59848.0,59011.99,59577.01,510.09283
2026-06-29 00:00:00+00:00,59577.01,59700.0,59000.01,59667.01,549.31747
2026-06-29 01:00:00+00:00,59667.0,59697.0,59206.0,59440.95,647.05387
2026-06-29 02:00:00+00:00,59440.95,59812.0,58900.01,59757.46,1223.86338
2026-06-29 03:00:00+00:00,59757.47,60233.0,59757.47,60049.46,780.88525
2026-06-29 04:00:00+00:00,60049.45,60053.99,59746.0,59830.0,361.46912
2026-06-29 05:00:00+00:00,59830.01,60102.8,59392.02,60102.8,496.75535
2026-06-29 06:00:00+00:00,60102.8,60346.27,60050.67,60075.49,683.16036
2026-06-29 07:00:00+00:00,60075.5,60186.94,59936.0,60026.0,536.94262
2026-06-29 08:00:00+00:00,60026.01,60093.99,59745.46,59840.0,550.67382
2026-06-29 09:00:00+00:00,59840.01,60104.0,59778.76,60057.0,747.08903
2026-06-29 10:00:00+00:00,60057.0,60311.95,60056.99,60088.0,441.90219
2026-06-29 11:00:00+00:00,60088.0,60216.0,59796.0,59956.05,515.67042
2026-06-29 12:00:00+00:00,59956.05,60780.57,59595.09,59948.78,2600.10754
2026-06-29 13:00:00+00:00,59948.79,60340.0,59319.9,59580.0,2144.2543
2026-06-29 14:00:00+00:00,59580.0,59699.99,59011.0,59469.67,1999.07246
2026-06-29 15:00:00+00:00,59469.45,59960.0,59097.58,59824.01,1368.0568
2026-06-29 16:00:00+00:00,59824.01,60030.0,59584.48,59892.86,663.03532
2026-06-29 17:00:00+00:00,59892.87,60683.84,59892.0,60413.99,1795.75633
2026-06-29 18:00:00+00:00,60413.99,60520.0,60193.87,60295.0,525.48841
2026-06-29 19:00:00+00:00,60295.0,60557.5,60153.35,60433.49,501.01522
2026-06-29 20:00:00+00:00,60433.5,60553.06,60295.32,60296.0,312.86249
2026-06-29 21:00:00+00:00,60296.01,60585.99,60261.89,60479.72,294.76243
2026-06-29 22:00:00+00:00,60479.71,60516.0,60350.0,60352.31,211.76202
2026-06-29 23:00:00+00:00,60352.31,60379.23,60194.01,60260.21,252.18558
2026-06-30 00:00:00+00:00,60260.2,60276.54,59700.0,59838.01,709.83194
2026-06-30 01:00:00+00:00,59838.01,60048.98,59771.0,59939.94,341.19535
2026-06-30 02:00:00+00:00,59939.94,60042.54,59755.0,59948.24,424.27619
2026-06-30 03:00:00+00:00,59948.24,60031.75,59600.0,59627.48,381.85931
2026-06-30 04:00:00+00:00,59627.47,59700.0,59433.36,59492.01,774.8482
2026-06-30 05:00:00+00:00,59492.01,59656.89,59360.0,59652.13,807.92024
2026-06-30 06:00:00+00:00,59652.13,59712.88,59513.72,59592.0,708.76994
2026-06-30 07:00:00+00:00,59592.0,59632.0,59444.0,59524.01,762.40668
2026-06-30 08:00:00+00:00,59524.01,59551.03,59189.0,59311.92,879.64073
2026-06-30 09:00:00+00:00,59311.26,59420.0,59252.0,59374.96,442.65865
2026-06-30 10:00:00+00:00,59374.96,59420.0,59286.36,59334.01,300.40182
2026-06-30 11:00:00+00:00,59334.01,59413.27,59123.01,59192.7,466.77156
2026-06-30 12:00:00+00:00,59192.71,59192.71,58403.51,58412.0,2043.39825
2026-06-30 13:00:00+00:00,58411.99,58802.66,58228.33,58737.18,2504.50868
2026-06-30 14:00:00+00:00,58737.17,59276.6,58433.0,58482.81,1779.99006
2026-06-30 15:00:00+00:00,58482.81,58796.0,58201.0,58381.99,1563.15031
2026-06-30 16:00:00+00:00,58382.0,58632.0,58241.79,58497.65,1178.89718
2026-06-30 17:00:00+00:00,58497.65,58618.65,58310.72,58417.99,632.53618
2026-06-30 18:00:00+00:00,58417.99,58699.98,58351.56,58680.87,605.07781
2026-06-30 19:00:00+00:00,58680.86,58839.16,58586.01,58818.05,678.6415
2026-06-30 20:00:00+00:00,58818.0,58874.99,58648.26,58732.01,428.82351
2026-06-30 21:00:00+00:00,58732.0,58770.0,58509.99,58639.99,398.14222
2026-06-30 22:00:00+00:00,58639.99,58806.91,58513.8,58607.99,274.43078
2026-06-30 23:00:00+00:00,58607.99,58664.0,58555.0,58624.71,551.65078
2026-07-01 00:00:00+00:00,58624.71,58750.68,58310.0,58576.0,670.64661
2026-07-01 01:00:00+00:00,58575.99,59022.81,57800.19,58770.57,2987.12539
2026-07-01 02:00:00+00:00,58770.58,59171.63,58663.95,59085.0,692.74758
2026-07-01 03:00:00+00:00,59085.0,59318.0,58850.0,59197.13,715.44075
2026-07-01 04:00:00+00:00,59197.12,59457.0,59062.0,59339.99,480.11636
2026-07-01 05:00:00+00:00,59339.99,59376.48,59126.42,59154.33,432.30487
2026-07-01 06:00:00+00:00,59154.33,59156.0,58534.31,58755.8,794.13401
2026-07-01 07:00:00+00:00,58755.8,58823.9,58600.0,58768.65,479.85852
2026-07-01 08:00:00+00:00,58768.64,58984.0,58500.0,58973.99,381.93254
2026-07-01 09:00:00+00:00,58973.99,59091.99,58825.61,58944.55,417.79405
2026-07-01 10:00:00+00:00,58944.55,58948.47,58624.0,58659.98,405.70309
2026-07-01 11:00:00+00:00,58659.97,58755.9,58550.0,58622.03,396.69177
2026-07-01 12:00:00+00:00,58622.02,58676.0,58326.0,58538.01,1716.61119
2026-07-01 13:00:00+00:00,58538.0,59508.0,58536.0,59498.03,2321.79547
2026-07-01 14:00:00+00:00,59498.03,60092.0,59278.0,59542.0,3726.2091
2026-07-01 15:00:00+00:00,59541.99,60536.55,59520.51,60147.15,2322.06211
2026-07-01 16:00:00+00:00,60147.15,60267.17,59865.75,59920.0,862.80045
2026-07-01 17:00:00+00:00,59920.0,60239.84,59787.35,60190.6,480.08928
2026-07-01 18:00:00+00:00,60190.59,60298.0,60016.4,60171.16,343.31457
2026-07-01 19:00:00+00:00,60171.16,60352.93,60000.0,60028.67,548.14825
2026-07-01 20:00:00+00:00,60029.39,60198.0,59876.0,60126.0,313.10277
2026-07-01 21:00:00+00:00,60126.0,60846.95,60124.89,60815.99,1153.57611
2026-07-01 22:00:00+00:00,60815.99,61334.0,60339.0,60478.01,1877.61599
2026-07-01 23:00:00+00:00,60478.0,60478.0,59984.86,60024.0,573.62579
2026-07-02 00:00:00+00:00,60024.0,60028.0,59588.0,59761.73,857.93081
2026-07-02 01:00:00+00:00,59761.74,60324.99,59715.8,60175.92,634.42084
2026-07-02 02:00:00+00:00,60175.91,60495.24,60015.68,60423.1,520.9397
2026-07-02 03:00:00+00:00,60423.11,61121.78,60300.02,61058.0,891.65369
2026-07-02 04:00:00+00:00,61057.99,61058.0,60728.0,60787.98,793.20588
2026-07-02 05:00:00+00:00,60787.98,60877.69,60488.0,60504.54,836.16486
2026-07-02 06:00:00+00:00,60504.54,60652.74,60260.0,60274.01,838.53408
2026-07-02 07:00:00+00:00,60274.01,60315.93,60104.0,60149.99,593.99067
2026-07-02 08:00:00+00:00,60149.99,60555.06,60132.51,60511.99,573.38622
2026-07-02 09:00:00+00:00,60512.0,61437.49,60376.13,61184.0,1895.63178
2026-07-02 10:00:00+00:00,61184.0,61350.0,61051.07,61263.68,711.1086
2026-07-02 11:00:00+00:00,61263.93,61388.0,61125.58,61358.01,823.29588
2026-07-02 12:00:00+00:00,61358.0,61614.0,61147.23,61542.53,1476.64291
2026-07-02 13:00:00+00:00,61542.53,62053.0,61506.0,61939.04,2503.04906
2026-07-02 14:00:00+00:00,61939.04,62200.0,61394.49,61696.61,1834.43153
2026-07-02 15:00:00+00:00,61696.61,61850.86,61427.39,61612.93,955.089
2026-07-02 16:00:00+00:00,61612.93,61790.13,61108.99,61682.34,1526.68052
2026-07-02 17:00:00+00:00,61682.34,61962.43,61619.69,61667.39,742.84693
2026-07-02 18:00:00+00:00,61667.4,61900.29,61664.39,61761.36,457.24217
2026-07-02 19:00:00+00:00,61761.36,61763.81,61424.0,61479.6,567.93379
2026-07-02 20:00:00+00:00,61479.59,61596.0,61342.0,61584.78,435.70751
2026-07-02 21:00:00+00:00,61584.77,61653.43,61516.0,61592.26,335.09994
2026-07-02 22:00:00+00:00,61592.26,61596.62,61406.28,61465.26,313.41399
2026-07-02 23:00:00+00:00,61465.26,61606.0,61350.02,61560.0,263.74127
2026-07-03 00:00:00+00:00,61560.0,61578.0,61248.86,61308.75,803.35853
2026-07-03 01:00:00+00:00,61308.75,61733.11,61286.0,61588.0,365.29608
2026-07-03 02:00:00+00:00,61588.0,61664.62,61294.0,61440.01,718.15053
2026-07-03 03:00:00+00:00,61440.01,61575.15,61324.0,61434.0,592.37701
2026-07-03 04:00:00+00:00,61434.0,61524.01,61332.76,61448.0,597.68744
2026-07-03 05:00:00+00:00,61448.0,61808.0,61430.0,61700.49,669.42027
2026-07-03 06:00:00+00:00,61700.49,61850.0,61612.0,61710.01,821.5655
2026-07-03 07:00:00+00:00,61710.01,61864.99,61659.32,61750.47,1075.23435
2026-07-03 08:00:00+00:00,61750.47,61896.99,61554.07,61584.0,341.60269
2026-07-03 09:00:00+00:00,61583.99,61783.89,61510.01,61718.68,336.50784
2026-07-03 10:00:00+00:00,61718.69,62038.0,61663.98,61916.46,481.39402
2026-07-03 11:00:00+00:00,61916.46,62103.1,61840.0,62024.02,549.87382
2026-07-03 12:00:00+00:00,62024.01,62174.47,61871.66,61983.99,627.72129
2026-07-03 13:00:00+00:00,61984.0,62282.0,61944.0,62116.01,790.28341
2026-07-03 14:00:00+00:00,62116.0,62280.0,61700.0,62167.48,768.79968
2026-07-03 15:00:00+00:00,62167.47,62400.0,61820.0,61922.72,627.67216
2026-07-03 16:00:00+00:00,61922.71,62125.99,61911.65,62104.81,308.0973
2026-07-03 17:00:00+00:00,62104.81,62292.51,62068.78,62194.0,345.47791
2026-07-03 18:00:00+00:00,62193.99,62250.0,62118.0,62204.01,298.61687
2026-07-03 19:00:00+00:00,62204.0,62317.64,62146.0,62210.0,345.20311
2026-07-03 20:00:00+00:00,62210.0,62907.77,62186.01,62776.92,1103.81636
2026-07-03 21:00:00+00:00,62776.91,62979.86,62518.72,62732.0,530.36622
2026-07-03 22:00:00+00:00,62732.0,62748.01,62538.47,62578.0,461.77097
2026-07-03 23:00:00+00:00,62578.0,62707.67,62529.03,62583.26,488.69291
2026-07-04 00:00:00+00:00,62583.26,62946.0,62578.55,62756.29,451.82518
2026-07-04 01:00:00+00:00,62756.29,62756.29,62404.25,62468.44,740.55394
2026-07-04 02:00:00+00:00,62468.44,62576.0,62432.0,62538.96,288.40853
2026-07-04 03:00:00+00:00,62538.96,62750.0,62484.01,62627.29,272.8732
2026-07-04 04:00:00+00:00,62627.28,62749.97,62590.06,62700.0,372.06056
2026-07-04 05:00:00+00:00,62700.0,62700.01,62441.29,62471.52,289.90978
2026-07-04 06:00:00+00:00,62471.53,62559.43,62328.24,62500.01,328.21302
2026-07-04 07:00:00+00:00,62500.01,62634.24,62470.0,62576.0,488.37245
2026-07-04 08:00:00+00:00,62576.0,62674.47,62516.46,62553.78,325.39629
2026-07-04 09:00:00+00:00,62553.78,62583.99,62415.87,62494.0,256.44372
2026-07-04 10:00:00+00:00,62494.01,62545.02,62445.38,62513.0,261.05012
2026-07-04 11:00:00+00:00,62512.99,62563.84,62456.24,62482.01,236.75332
2026-07-04 12:00:00+00:00,62482.0,62696.78,62482.0,62664.01,160.12973
2026-07-04 13:00:00+00:00,62664.01,62776.92,62542.0,62588.84,234.91268
2026-07-04 14:00:00+00:00,62588.84,62738.28,62585.53,62693.99,214.12592
2026-07-04 15:00:00+00:00,62693.99,63075.46,62687.89,62943.29,746.82104
2026-07-04 16:00:00+00:00,62943.29,62968.29,62786.0,62927.29,446.2616
2026-07-04 17:00:00+00:00,62927.3,63439.62,62803.0,63280.38,752.34234
2026-07-04 18:00:00+00:00,63280.38,63346.0,63092.02,63172.78,347.58599
2026-07-04 19:00:00+00:00,63172.79,63461.99,63123.49,63294.72,328.68996
2026-07-04 20:00:00+00:00,63294.72,63392.0,63155.37,63233.78,287.12408
2026-07-04 21:00:00+00:00,63233.79,63448.0,63202.0,63297.84,239.07967
2026-07-04 22:00:00+00:00,63297.83,63310.0,63160.0,63184.99,486.87752
2026-07-04 23:00:00+00:00,63185.0,63241.33,62927.98,63144.01,584.01676
2026-07-05 00:00:00+00:00,63144.01,63144.01,62888.86,62991.29,348.66174
2026-07-05 01:00:00+00:00,62991.3,63043.15,62800.0,62887.94,447.61772
2026-07-05 02:00:00+00:00,62887.93,62926.0,62596.08,62693.56,307.64194
2026-07-05 03:00:00+00:00,62693.57,62796.39,62658.0,62769.04,211.72564
2026-07-05 04:00:00+00:00,62769.03,62952.93,62712.0,62815.99,288.42759
2026-07-05 05:00:00+00:00,62815.99,62815.99,62659.65,62740.5,312.61219
2026-07-05 06:00:00+00:00,62740.5,62819.91,62669.99,62782.18,269.63913
2026-07-05 07:00:00+00:00,62782.18,63059.99,62718.31,63020.21,393.71695
2026-07-05 08:00:00+00:00,63020.21,63104.0,62900.0,62915.0,337.45972
2026-07-05 09:00:00+00:00,62915.0,62930.16,62436.59,62622.18,562.27226
2026-07-05 10:00:00+00:00,62622.18,62756.25,62536.57,62756.12,183.32618
2026-07-05 11:00:00+00:00,62756.12,62812.0,62600.03,62658.92,268.20384
2026-07-05 12:00:00+00:00,62658.92,62772.0,62569.37,62745.01,294.54856
2026-07-05 13:00:00+00:00,62745.0,62819.66,62644.12,62792.0,337.44331
2026-07-05 14:00:00+00:00,62791.99,62818.37,62656.02,62812.25,219.35892
2026-07-05 15:00:00+00:00,62812.25,62943.59,62679.76,62740.01,243.82359
2026-07-05 16:00:00+00:00,62740.01,62772.86,62590.02,62637.48,344.55738
2026-07-05 17:00:00+00:00,62637.48,62820.0,62594.38,62624.93,275.09476
2026-07-05 18:00:00+00:00,62624.93,62880.0,62616.0,62820.33,372.13939
2026-07-05 19:00:00+00:00,62820.33,62888.14,62714.98,62768.88,297.34041
2026-07-05 20:00:00+00:00,62768.87,62836.01,62700.0,62730.61,164.5638
2026-07-05 21:00:00+00:00,62730.61,63220.0,62609.47,63092.01,428.51084
2026-07-05 22:00:00+00:00,63092.0,63964.48,63005.04,63736.0,1512.51245
2026-07-05 23:00:00+00:00,63735.99,63999.0,63577.36,63650.0,750.87927
2026-07-06 00:00:00+00:00,63650.01,63772.52,63350.0,63761.99,854.38324
2026-07-06 01:00:00+00:00,63761.98,63920.0,63550.0,63576.0,432.9767
2026-07-06 02:00:00+00:00,63576.0,63669.45,63373.13,63460.01,398.01222
2026-07-06 03:00:00+00:00,63460.01,63495.14,63136.01,63294.0,420.90012
2026-07-06 04:00:00+00:00,63294.0,63402.77,63187.98,63267.99,278.63053
2026-07-06 05:00:00+00:00,63267.99,63268.0,62950.0,63114.0,702.75025
2026-07-06 06:00:00+00:00,63113.99,63152.7,62972.0,62976.0,622.44998
2026-07-06 07:00:00+00:00,62976.0,63120.0,62890.0,63089.42,529.35201
2026-07-06 08:00:00+00:00,63089.42,63244.0,62800.13,62904.01,536.0688
2026-07-06 09:00:00+00:00,62904.01,62914.0,62630.85,62664.77,432.26087
2026-07-06 10:00:00+00:00,62664.77,63030.0,62664.76,62822.06,454.82776
2026-07-06 11:00:00+00:00,62822.07,63000.0,62483.83,62483.84,610.79996
2026-07-06 12:00:00+00:00,62483.84,62487.98,61668.2,61754.01,2426.65551
2026-07-06 13:00:00+00:00,61754.01,62034.0,61306.84,61768.21,3623.91016
2026-07-06 14:00:00+00:00,61768.2,62411.41,61712.54,62052.0,1203.78704
2026-07-06 15:00:00+00:00,62052.0,63550.0,62052.0,63545.98,2153.37389
2026-07-06 16:00:00+00:00,63545.98,63863.0,63386.01,63732.0,1748.98599
2026-07-06 17:00:00+00:00,63732.0,63976.16,63570.16,63587.38,885.44922
2026-07-06 18:00:00+00:00,63587.38,63886.0,63560.0,63696.4,345.76423
2026-07-06 19:00:00+00:00,63696.4,63887.93,63652.42,63738.52,308.11427
2026-07-06 20:00:00+00:00,63738.52,63892.65,63589.41,63828.0,314.93037
2026-07-06 21:00:00+00:00,63828.0,64700.0,63810.0,64489.98,1489.51024
2026-07-06 22:00:00+00:00,64489.97,64500.0,64151.01,64244.0,313.47871
2026-07-06 23:00:00+00:00,64244.0,64340.76,64017.78,64042.02,347.9123
2026-07-07 00:00:00+00:00,64042.93,64314.0,63997.5,64203.99,545.80462
2026-07-07 01:00:00+00:00,64203.99,64204.0,63767.04,63840.0,600.7847
2026-07-07 02:00:00+00:00,63840.0,63908.0,63288.01,63322.01,624.33941
2026-07-07 03:00:00+00:00,63322.01,63414.0,63150.0,63191.01,378.30046
2026-07-07 04:00:00+00:00,63191.01,63288.33,63064.0,63100.01,658.55856
2026-07-07 05:00:00+00:00,63100.0,63278.99,62800.0,63128.01,725.48406
2026-07-07 06:00:00+00:00,63128.0,63400.0,62984.42,63340.0,869.08707
2026-07-07 07:00:00+00:00,63340.01,63445.7,63072.1,63083.18,615.24857
2026-07-07 08:00:00+00:00,63083.19,63184.0,62984.58,63104.0,444.0167
2026-07-07 09:00:00+00:00,63104.0,63348.73,63063.28,63256.0,320.22634
2026-07-07 10:00:00+00:00,63256.01,63467.15,63228.17,63284.0,496.91971
2026-07-07 11:00:00+00:00,63284.0,63452.0,63116.02,63406.0,399.36572
2026-07-07 12:00:00+00:00,63405.99,63872.0,63396.58,63481.39,618.18499
2026-07-07 13:00:00+00:00,63481.39,63482.5,63000.0,63056.0,1055.47861
2026-07-07 14:00:00+00:00,63056.0,63634.0,62671.39,63562.05,1684.44273
2026-07-07 15:00:00+00:00,63562.05,64105.0,63376.22,63930.51,2129.05569
2026-07-07 16:00:00+00:00,63930.5,64243.75,63810.0,63983.27,825.1364
2026-07-07 17:00:00+00:00,63983.28,64232.0,63896.21,64186.0,713.19138
2026-07-07 18:00:00+00:00,64185.99,64188.0,63672.01,63679.99,804.35069
2026-07-07 19:00:00+00:00,63679.99,63894.58,63379.69,63817.99,809.87318
2026-07-07 20:00:00+00:00,63818.0,63901.75,63585.0,63697.99,461.15497
2026-07-07 21:00:00+00:00,63698.0,63866.0,63313.1,63423.94,445.13714
2026-07-07 22:00:00+00:00,63423.93,63660.0,63218.0,63551.02,344.82337
2026-07-07 23:00:00+00:00,63551.02,63708.0,63320.0,63363.99,265.24316
2026-07-08 00:00:00+00:00,63364.0,63761.99,63307.36,63612.77,656.59812
2026-07-08 01:00:00+00:00,63612.78,63649.5,62921.78,63038.01,690.76172
2026-07-08 02:00:00+00:00,63038.0,63066.0,62525.47,62979.99,1271.45366
2026-07-08 03:00:00+00:00,62979.98,63094.0,62700.18,62766.0,326.19539
2026-07-08 04:00:00+00:00,62766.0,62901.49,62676.0,62800.0,435.16461
2026-07-08 05:00:00+00:00,62800.01,62876.95,62558.0,62637.88,716.63481
2026-07-08 06:00:00+00:00,62637.88,62746.0,62477.04,62657.81,457.84929
2026-07-08 07:00:00+00:00,62657.82,62894.89,62550.0,62888.35,483.7238
2026-07-08 08:00:00+00:00,62888.34,62941.46,61855.26,62018.36,1707.6886
2026-07-08 09:00:00+00:00,62018.36,62190.01,61743.83,62057.67,2058.44174
2026-07-08 10:00:00+00:00,62057.68,62199.97,61903.45,62183.12,934.16537
2026-07-08 11:00:00+00:00,62183.11,62392.04,62055.63,62299.99,576.86496
2026-07-08 12:00:00+00:00,62300.0,62451.08,61953.58,61957.73,877.49143
2026-07-08 13:00:00+00:00,61957.74,62090.0,61632.23,61945.49,1130.9924
2026-07-08 14:00:00+00:00,61945.49,62173.56,61712.0,61889.83,1415.74086
2026-07-08 15:00:00+00:00,61889.83,61922.0,61544.56,61704.01,1055.91275
2026-07-08 16:00:00+00:00,61704.01,62164.6,61692.0,62113.03,762.49481
2026-07-08 17:00:00+00:00,62113.02,62394.32,62032.0,62104.62,518.57431
2026-07-08 18:00:00+00:00,62104.62,62351.97,62045.2,62185.32,301.10629
2026-07-08 19:00:00+00:00,62185.33,62292.19,62068.0,62277.98,295.91802
2026-07-08 20:00:00+00:00,62277.98,62306.54,62082.8,62099.61,601.65946
2026-07-08 21:00:00+00:00,62099.62,62251.22,61956.0,62187.17,844.23046
2026-07-08 22:00:00+00:00,62187.17,62350.63,62178.0,62330.4,268.9098
2026-07-08 23:00:00+00:00,62330.4,62346.6,62174.0,62290.0,231.5253
2026-07-09 00:00:00+00:00,62290.01,62309.88,62058.51,62129.99,419.84137
2026-07-09 01:00:00+00:00,62129.99,62642.0,61837.1,61916.0,891.27709
2026-07-09 02:00:00+00:00,61916.0,62121.21,61705.29,61788.8,588.18699
2026-07-09 03:00:00+00:00,61788.79,62062.99,61730.0,61974.34,608.39784
2026-07-09 04:00:00+00:00,61974.34,62456.29,61956.46,62453.74,475.51774
2026-07-09 05:00:00+00:00,62453.74,62624.61,62236.0,62589.61,907.8536
2026-07-09 06:00:00+00:00,62589.61,62980.0,62485.58,62959.96,790.33126
2026-07-09 07:00:00+00:00,62959.96,63283.26,62788.06,63000.0,902.61366
2026-07-09 08:00:00+00:00,62999.99,63100.1,62855.63,62903.65,872.78917
2026-07-09 09:00:00+00:00,62903.66,63002.0,62786.82,62953.4,549.43771
2026-07-09 10:00:00+00:00,62953.4,63056.98,62688.0,62786.04,490.23056
2026-07-09 11:00:00+00:00,62786.05,62830.0,62614.66,62786.34,613.79257
2026-07-09 12:00:00+00:00,62786.33,62952.0,62465.39,62614.02,2694.46367
2026-07-09 13:00:00+00:00,62614.01,63240.15,62523.08,63028.35,732.96491
2026-07-09 14:00:00+00:00,63028.36,63144.79,62666.66,63016.0,598.40365
2026-07-09 15:00:00+00:00,63016.0,63261.0,62811.1,62868.05,857.13379
2026-07-09 16:00:00+00:00,62868.06,62996.0,62559.59,62700.01,532.13757
2026-07-09 17:00:00+00:00,62700.01,63165.12,62668.0,63142.79,730.95491
2026-07-09 18:00:00+00:00,63142.79,63500.0,63080.0,63219.03,776.88222
2026-07-09 19:00:00+00:00,63219.03,63375.73,63118.45,63248.1,606.23375
2026-07-09 20:00:00+00:00,63248.09,63330.85,63177.36,63313.38,236.61262
2026-07-09 21:00:00+00:00,63313.38,63397.94,63208.91,63274.59,261.44616
2026-07-09 22:00:00+00:00,63274.6,63418.0,63218.77,63218.78,274.28375
2026-07-09 23:00:00+00:00,63218.78,63325.0,63060.91,63230.0,331.02016
2026-07-10 00:00:00+00:00,63230.01,63255.49,62926.01,63113.93,626.86453
2026-07-10 01:00:00+00:00,63113.92,63999.99,62962.0,63749.86,1229.10229
2026-07-10 02:00:00+00:00,63749.86,64050.23,63692.76,63961.99,1017.85326
2026-07-10 03:00:00+00:00,63961.99,64050.0,63822.8,63947.2,410.93478
2026-07-10 04:00:00+00:00,63947.2,64176.86,63857.64,64047.88,567.80609
2026-07-10 05:00:00+00:00,64047.89,64200.0,63944.05,64115.99,507.936
2026-07-10 06:00:00+00:00,64116.0,64162.0,63836.0,63854.71,352.90834
2026-07-10 07:00:00+00:00,63854.71,64011.9,63802.02,63963.0,566.0984
2026-07-10 08:00:00+00:00,63963.0,64392.0,63962.99,64246.01,945.88564
2026-07-10 09:00:00+00:00,64246.0,64480.01,64102.0,64385.09,1051.0085
2026-07-10 10:00:00+00:00,64385.09,64494.84,64274.47,64407.8,400.85807
2026-07-10 11:00:00+00:00,64407.8,64480.0,64341.83,64425.18,337.28843
2026-07-10 12:00:00+00:00,64425.18,64608.0,63999.0,64286.64,1081.95063
2026-07-10 13:00:00+00:00,64286.65,64692.83,64152.84,64484.0,826.67946
2026-07-10 14:00:00+00:00,64484.0,64516.0,63793.43,63914.87,1338.73193
2026-07-10 15:00:00+00:00,63914.88,64210.0,63898.0,64040.0,737.82713
2026-07-10 16:00:00+00:00,64039.99,64220.0,63826.57,64140.01,671.46586
2026-07-10 17:00:00+00:00,64140.0,64158.58,63821.88,63823.99,491.57909
2026-07-10 18:00:00+00:00,63824.0,64003.99,63732.66,63810.0,566.18067
2026-07-10 19:00:00+00:00,63809.99,64077.56,63780.0,63917.88,1227.53052
2026-07-10 20:00:00+00:00,63917.88,63946.36,63656.0,63841.25,1126.81538
2026-07-10 21:00:00+00:00,63841.25,64099.56,63835.05,64011.99,307.30047
2026-07-10 22:00:00+00:00,64012.0,64169.39,63981.37,64112.29,508.14182
2026-07-10 23:00:00+00:00,64112.3,64222.61,64024.0,64161.72,690.25393
2026-07-11 00:00:00+00:00,64161.72,64168.49,64028.43,64124.0,315.78502
2026-07-11 01:00:00+00:00,64123.99,64310.0,64004.01,64012.95,405.42387
2026-07-11 02:00:00+00:00,64012.95,64166.0,63984.07,64158.04,205.49018
2026-07-11 03:00:00+00:00,64158.04,64195.04,64068.0,64150.42,174.79238
2026-07-11 04:00:00+00:00,64150.42,64213.55,64080.26,64152.0,223.52551
2026-07-11 05:00:00+00:00,64152.0,64221.99,64121.07,64176.01,535.97468
2026-07-11 06:00:00+00:00,64176.0,64278.0,64124.0,64219.1,302.84507
2026-07-11 07:00:00+00:00,64219.09,64256.55,64152.0,64162.18,422.67072
2026-07-11 08:00:00+00:00,64162.18,64300.0,64153.87,64265.98,169.11443
2026-07-11 09:00:00+00:00,64265.98,64300.0,64159.7,64167.34,347.53946
2026-07-11 10:00:00+00:00,64167.35,64204.02,64129.99,64196.0,421.25234
2026-07-11 11:00:00+00:00,64196.0,64215.32,64167.99,64198.0,417.44096
2026-07-11 12:00:00+00:00,64197.99,64228.0,64130.65,64195.49,408.31399
2026-07-11 13:00:00+00:00,64195.48,64266.0,64159.99,64235.66,352.18455
2026-07-11 14:00:00+00:00,64235.67,64504.11,64235.66,64350.07,551.43161
2026-07-11 15:00:00+00:00,64350.07,64484.01,63896.18,64175.75,1185.62457
2026-07-11 16:00:00+00:00,64175.75,64273.63,64084.0,64180.01,468.52631
2026-07-11 17:00:00+00:00,64180.0,64402.0,64164.08,64315.53,272.95245
2026-07-11 18:00:00+00:00,64315.53,64395.17,64288.91,64327.99,274.24491
2026-07-11 19:00:00+00:00,64327.99,64338.0,64233.23,64286.0,202.32307
2026-07-11 20:00:00+00:00,64286.0,64463.83,64285.99,64382.45,197.23083
2026-07-11 21:00:00+00:00,64382.44,64427.56,64338.09,64355.99,116.51883
2026-07-11 22:00:00+00:00,64355.99,64424.03,64144.47,64203.08,303.31895
2026-07-11 23:00:00+00:00,64203.09,64246.0,63819.0,63819.0,877.44963
2026-07-12 00:00:00+00:00,63819.01,63909.92,63702.16,63828.47,2302.50352
2026-07-12 01:00:00+00:00,63828.48,64172.66,63812.0,64133.61,394.25068
2026-07-12 02:00:00+00:00,64133.61,64133.62,64029.51,64070.39,908.56961
2026-07-12 03:00:00+00:00,64070.4,64223.74,64035.68,64223.73,488.95119
2026-07-12 04:00:00+00:00,64223.73,64245.87,63943.68,63999.93,412.9132
2026-07-12 05:00:00+00:00,63999.94,64024.48,63900.0,63959.93,291.33944
2026-07-12 06:00:00+00:00,63959.93,63962.85,63640.83,63762.46,526.52081
2026-07-12 07:00:00+00:00,63762.47,63908.39,63740.12,63885.27,506.72582
2026-07-12 08:00:00+00:00,63885.28,64100.32,63884.2,63983.18,1349.77159
2026-07-12 09:00:00+00:00,63983.18,64062.17,63764.0,63961.61,3089.49803
2026-07-12 10:00:00+00:00,63961.6,63961.6,63843.4,63865.76,250.37178
2026-07-12 11:00:00+00:00,63865.76,64030.0,63826.01,64018.01,158.66802
2026-07-12 12:00:00+00:00,64018.0,64135.0,63970.55,64026.0,320.06272
2026-07-12 13:00:00+00:00,64026.01,64097.99,63987.4,64023.14,369.91648
2026-07-12 14:00:00+00:00,64023.13,64290.11,63958.71,64203.08,261.44826
2026-07-12 15:00:00+00:00,64203.08,64262.15,64117.97,64176.0,230.70025
2026-07-12 16:00:00+00:00,64176.0,64209.64,64042.0,64177.7,260.32939
2026-07-12 17:00:00+00:00,64177.7,64177.74,64029.12,64078.0,243.96602
2026-07-12 18:00:00+00:00,64078.0,64150.0,64018.69,64147.99,207.74726
2026-07-12 19:00:00+00:00,64148.0,64270.0,64147.3,64228.59,178.3269
2026-07-12 20:00:00+00:00,64228.59,64254.0,64178.03,64198.89,158.2404
2026-07-12 21:00:00+00:00,64198.9,64232.02,63891.84,63920.4,317.29013
2026-07-12 22:00:00+00:00,63920.4,63923.99,63668.0,63886.87,425.91972
2026-07-12 23:00:00+00:00,63886.86,63914.85,63726.62,63780.0,260.80581
2026-07-13 00:00:00+00:00,63780.0,64425.0,63568.0,64072.01,1134.90308
2026-07-13 01:00:00+00:00,64072.0,64072.01,63376.53,63412.01,1113.66129
2026-07-13 02:00:00+00:00,63412.01,63541.94,63237.26,63375.99,621.99474
2026-07-13 03:00:00+00:00,63376.0,63382.95,62741.04,62806.41,1068.82271
2026-07-13 04:00:00+00:00,62806.41,62911.94,62620.13,62672.0,670.25607
2026-07-13 05:00:00+00:00,62672.0,62905.68,62500.76,62799.0,816.14848
2026-07-13 06:00:00+00:00,62799.01,62880.0,62710.45,62797.55,385.11506
2026-07-13 07:00:00+00:00,62797.55,63070.01,62753.69,62985.52,1476.1879
2026-07-13 08:00:00+00:00,62985.53,63302.88,62935.92,63206.97,1893.03927
2026-07-13 09:00:00+00:00,63206.98,63210.0,63086.12,63100.02,663.43575
2026-07-13 10:00:00+00:00,63100.02,63157.85,62862.28,62867.89,788.29364
2026-07-13 11:00:00+00:00,62867.9,63135.55,62867.9,62901.99,458.30123
2026-07-13 12:00:00+00:00,62901.99,62990.04,62570.0,62625.15,689.69237
2026-07-13 13:00:00+00:00,62625.15,62766.37,62164.0,62318.0,2175.34811
2026-07-13 14:00:00+00:00,62318.01,62794.97,62101.0,62791.85,1780.86024
2026-07-13 15:00:00+00:00,62791.85,62983.83,62559.58,62618.01,1226.00074
2026-07-13 16:00:00+00:00,62618.0,62629.35,62212.0,62276.0,970.69108
2026-07-13 17:00:00+00:00,62276.01,62370.0,61900.0,61904.99,1161.78052
2026-07-13 18:00:00+00:00,61904.99,62100.0,61824.97,62020.0,662.51495
2026-07-13 19:00:00+00:00,62020.0,62292.84,61990.0,62288.23,503.43262
2026-07-13 20:00:00+00:00,62288.23,62324.74,62050.71,62210.99,294.43026
2026-07-13 21:00:00+00:00,62211.0,62216.35,61897.45,62065.06,385.18322
2026-07-13 22:00:00+00:00,62065.05,62224.0,61911.31,61924.0,386.45256
2026-07-13 23:00:00+00:00,61924.0,62347.46,61882.88,62334.52,355.95615
2026-07-14 00:00:00+00:00,62334.52,62666.66,62272.2,62549.54,827.98236
2026-07-14 01:00:00+00:00,62549.55,62640.0,62460.03,62540.42,471.32047
2026-07-14 02:00:00+00:00,62540.41,62645.0,62329.98,62544.0,510.10327
2026-07-14 03:00:00+00:00,62544.0,62604.0,62314.0,62572.89,439.89615
2026-07-14 04:00:00+00:00,62572.88,62768.95,62539.71,62745.23,314.71779
2026-07-14 05:00:00+00:00,62745.24,62872.0,62697.69,62737.0,625.4247
2026-07-14 06:00:00+00:00,62737.0,62772.48,62566.01,62624.05,742.03175
2026-07-14 07:00:00+00:00,62624.06,62655.99,62516.93,62560.92,406.16223
2026-07-14 08:00:00+00:00,62560.92,62807.94,62500.0,62713.85,377.86259
2026-07-14 09:00:00+00:00,62713.85,62742.0,62534.29,62629.55,614.55321
2026-07-14 10:00:00+00:00,62629.56,62908.8,62609.47,62800.0,437.22084
2026-07-14 11:00:00+00:00,62800.01,62923.06,62713.6,62844.99,302.90008
2026-07-14 12:00:00+00:00,62844.99,63989.54,62780.84,63960.0,3109.78866
2026-07-14 13:00:00+00:00,63959.99,64181.99,63699.03,63840.01,1522.71413
2026-07-14 14:00:00+00:00,63840.01,64346.49,63580.99,64305.02,1089.85313
2026-07-14 15:00:00+00:00,64305.01,64966.43,64194.64,64743.99,3074.26518
2026-07-14 16:00:00+00:00,64744.0,64896.86,64606.0,64730.0,1264.07966
2026-07-14 17:00:00+00:00,64730.01,64730.01,64231.77,64621.43,1156.00933
2026-07-14 18:00:00+00:00,64621.43,64648.88,64477.23,64571.98,502.24971
2026-07-14 19:00:00+00:00,64571.99,64704.0,64487.38,64569.59,367.96179
2026-07-14 20:00:00+00:00,64569.59,64599.0,64419.99,64572.02,281.25074
2026-07-14 21:00:00+00:00,64572.02,64893.92,64526.0,64676.9,427.49727
2026-07-14 22:00:00+00:00,64676.89,65100.0,64516.0,64860.89,1268.06322
2026-07-14 23:00:00+00:00,64860.89,65048.0,64782.0,65043.98,418.50558
2026-07-15 00:00:00+00:00,65043.99,65065.01,64765.12,64824.58,352.45343
2026-07-15 01:00:00+00:00,64824.57,64853.08,64644.48,64674.35,610.20031
2026-07-15 02:00:00+00:00,64674.35,64755.99,64488.0,64490.87,350.99185
2026-07-15 03:00:00+00:00,64490.87,64840.0,64490.86,64792.01,379.79444
2026-07-15 04:00:00+00:00,64792.0,64885.99,64714.0,64746.01,289.24746
2026-07-15 05:00:00+00:00,64746.01,64964.96,64602.5,64944.06,686.5094
2026-07-15 06:00:00+00:00,64944.06,65277.37,64814.0,64814.0,974.06143
2026-07-15 07:00:00+00:00,64814.01,64876.0,64485.0,64549.34,1209.74716
2026-07-15 08:00:00+00:00,64549.33,64797.02,64549.33,64768.01,958.47053
2026-07-15 09:00:00+00:00,64768.0,64917.94,64653.18,64671.83,542.47841
2026-07-15 10:00:00+00:00,64671.84,64855.56,64614.0,64663.0,316.30209
2026-07-15 11:00:00+00:00,64663.0,64767.37,64616.11,64732.15,500.13863
2026-07-15 12:00:00+00:00,64732.15,65249.9,64606.0,65164.0,1837.40143
2026-07-15 13:00:00+00:00,65164.0,65577.0,64888.0,65117.99,1942.12357
2026-07-15 14:00:00+00:00,65118.0,65517.05,65070.0,65399.81,1187.13269
2026-07-15 15:00:00+00:00,65399.8,65600.0,65261.71,65427.61,1153.25811
2026-07-15 16:00:00+00:00,65427.6,65470.0,64784.83,65120.79,1423.19665
2026-07-15 17:00:00+00:00,65120.8,65194.72,64972.95,65056.1,1119.69712
2026-07-15 18:00:00+00:00,65056.1,65143.57,64847.42,64860.0,1076.85531
2026-07-15 19:00:00+00:00,64860.0,65000.0,64738.49,64977.34,377.96921
2026-07-15 20:00:00+00:00,64977.34,65055.39,64899.0,64968.01,239.51973
2026-07-15 21:00:00+00:00,64968.02,65018.74,64789.89,64834.31,289.23644
2026-07-15 22:00:00+00:00,64834.31,64982.47,64772.0,64866.93,275.16571
2026-07-15 23:00:00+00:00,64866.93,64938.0,64691.89,64756.28,309.9463
2026-07-16 00:00:00+00:00,64756.28,64845.5,64500.0,64584.07,762.20624
2026-07-16 01:00:00+00:00,64584.07,64830.0,64392.01,64730.01,462.87658
2026-07-16 02:00:00+00:00,64730.0,64735.09,64574.02,64642.01,327.49099
2026-07-16 03:00:00+00:00,64642.0,64745.55,64555.0,64619.95,221.04888
2026-07-16 04:00:00+00:00,64619.96,64692.0,64544.04,64650.05,615.61718
2026-07-16 05:00:00+00:00,64650.05,64997.52,64592.67,64917.99,618.6053
2026-07-16 06:00:00+00:00,64917.99,64978.0,64630.01,64777.32,355.62558
2026-07-16 07:00:00+00:00,64777.33,64777.33,64086.12,64238.0,1138.76345
2026-07-16 08:00:00+00:00,64238.0,64380.0,63888.0,64126.85,3967.6065
2026-07-16 09:00:00+00:00,64126.86,64186.83,64019.02,64090.0,3387.73889
2026-07-16 10:00:00+00:00,64090.0,64269.42,64077.75,64221.34,351.18175
2026-07-16 11:00:00+00:00,64221.34,64269.42,64101.0,64256.53,377.01841
2026-07-16 12:00:00+00:00,64256.52,64256.52,63838.28,63966.01,728.30687
2026-07-16 13:00:00+00:00,63966.01,64480.0,63961.14,64376.0,827.04997
2026-07-16 14:00:00+00:00,64375.99,64863.07,64332.57,64543.51,993.97642
2026-07-16 15:00:00+00:00,64543.51,64896.0,64320.0,64704.73,620.57363
2026-07-16 16:00:00+00:00,64704.73,64712.0,64333.33,64484.0,523.57946
2026-07-16 17:00:00+00:00,64484.01,64484.01,63984.09,64069.03,616.12218
2026-07-16 18:00:00+00:00,64069.04,64330.0,64052.14,64246.01,275.58322
2026-07-16 19:00:00+00:00,64246.01,64301.99,64152.0,64271.84,368.59969
2026-07-16 20:00:00+00:00,64271.85,64276.0,64108.0,64114.27,169.71905
2026-07-16 21:00:00+00:00,64114.25,64253.25,64101.18,64161.99,188.0978
2026-07-16 22:00:00+00:00,64162.0,64240.12,63950.01,63968.0,351.60652
2026-07-16 23:00:00+00:00,63968.01,64010.58,63748.74,63830.2,515.53223
2026-07-17 00:00:00+00:00,63830.2,63912.0,63612.62,63886.0,435.36884
2026-07-17 01:00:00+00:00,63886.0,64067.69,63476.0,63546.24,735.77497
2026-07-17 02:00:00+00:00,63546.25,63657.99,63380.28,63482.0,818.39465
2026-07-17 03:00:00+00:00,63482.0,63720.0,63482.0,63570.0,676.04775
2026-07-17 04:00:00+00:00,63570.0,63576.0,63320.0,63486.01,490.83509
2026-07-17 05:00:00+00:00,63486.01,63486.01,62804.3,62839.76,1190.44758
2026-07-17 06:00:00+00:00,62839.77,62998.52,62710.0,62948.0,1200.24888
2026-07-17 07:00:00+00:00,62948.0,62983.99,62800.0,62828.11,1288.47496
2026-07-17 08:00:00+00:00,62828.11,62939.04,62666.0,62888.0,838.1557
2026-07-17 09:00:00+00:00,62888.01,63069.06,62852.89,62989.46,603.45822
2026-07-17 10:00:00+00:00,62989.47,63201.91,62989.47,63179.92,534.56662
2026-07-17 11:00:00+00:00,63179.91,63361.7,63063.67,63298.01,617.19974
2026-07-17 12:00:00+00:00,63298.0,63348.0,63069.09,63099.75,618.64826
2026-07-17 13:00:00+00:00,63099.75,63180.0,62537.56,63153.99,1381.50027
2026-07-17 14:00:00+00:00,63154.0,63518.0,63051.77,63174.0,1199.38162
2026-07-17 15:00:00+00:00,63174.01,63452.0,62856.16,63452.0,702.84059
2026-07-17 16:00:00+00:00,63452.0,63706.75,63312.01,63594.0,881.75053
2026-07-17 17:00:00+00:00,63594.0,64228.27,63594.0,64049.86,1210.18889
2026-07-17 18:00:00+00:00,64049.85,64387.99,63894.0,64259.73,761.86335
2026-07-17 19:00:00+00:00,64259.73,64259.73,63981.2,64160.8,578.45246
2026-07-17 20:00:00+00:00,64160.8,64192.57,63958.19,64120.0,456.18305
2026-07-17 21:00:00+00:00,64120.01,64216.61,64064.0,64110.0,284.21145
2026-07-17 22:00:00+00:00,64110.01,64147.0,63903.63,63986.0,255.88006
2026-07-17 23:00:00+00:00,63986.01,64011.08,63884.35,63931.67,430.02036
2026-07-18 00:00:00+00:00,63931.67,64012.39,63895.33,63910.04,217.92923
2026-07-18 01:00:00+00:00,63910.05,64000.0,63886.65,63952.98,200.93158
2026-07-18 02:00:00+00:00,63952.97,64032.6,63930.54,63967.61,372.4998
2026-07-18 03:00:00+00:00,63967.61,64017.85,63928.15,64017.84,578.99589
2026-07-18 04:00:00+00:00,64017.84,64017.85,63947.09,63967.99,311.74394
2026-07-18 05:00:00+00:00,63968.0,63998.0,63926.39,63967.95,153.28461
2026-07-18 06:00:00+00:00,63967.95,64005.99,63950.0,63979.67,193.68533
2026-07-18 07:00:00+00:00,63979.67,64026.03,63974.94,64002.75,290.3862
2026-07-18 08:00:00+00:00,64002.75,64019.64,63960.0,64006.01,293.43528
2026-07-18 09:00:00+00:00,64006.01,64006.01,63887.73,63987.76,286.53507
2026-07-18 10:00:00+00:00,63987.77,64026.39,63982.34,64016.43,264.0947
2026-07-18 11:00:00+00:00,64016.43,64097.22,64010.99,64069.89,259.43503
2026-07-18 12:00:00+00:00,64069.89,64274.47,64057.27,64218.0,554.94465
2026-07-18 13:00:00+00:00,64218.01,64218.01,63963.0,64106.0,300.90627
2026-07-18 14:00:00+00:00,64105.99,64195.01,64101.42,64126.0,182.82691
2026-07-18 15:00:00+00:00,64126.0,64163.99,64037.45,64123.12,202.91031
2026-07-18 16:00:00+00:00,64123.13,64314.0,64091.48,64303.47,325.76583
2026-07-18 17:00:00+00:00,64303.48,64492.0,64280.22,64480.29,572.40254
2026-07-18 18:00:00+00:00,64480.28,64669.5,64462.0,64512.41,531.00754
2026-07-18 19:00:00+00:00,64512.41,64597.9,64482.0,64552.79,294.01495
2026-07-18 20:00:00+00:00,64552.8,64739.64,64528.69,64693.01,554.55726
2026-07-18 21:00:00+00:00,64693.02,64846.83,64614.36,64731.72,365.29033
2026-07-18 22:00:00+00:00,64731.73,64865.0,64712.29,64805.05,503.12891
2026-07-18 23:00:00+00:00,64805.04,64843.3,64709.28,64834.22,220.46796
2026-07-19 00:00:00+00:00,64834.21,64906.4,64769.47,64792.08,443.04046
2026-07-19 01:00:00+00:00,64792.08,64792.09,64765.99,64765.99,211.03912
2026-07-19 02:00:00+00:00,64766.0,64967.25,64700.84,64826.01,574.09127
2026-07-19 03:00:00+00:00,64826.01,64842.92,64620.44,64706.18,416.11384
2026-07-19 04:00:00+00:00,64706.18,64795.43,64610.89,64720.17,249.31584
2026-07-19 05:00:00+00:00,64720.17,64815.65,64676.0,64724.01,206.27533
2026-07-19 06:00:00+00:00,64724.0,64759.33,64694.66,64711.69,244.79532
2026-07-19 07:00:00+00:00,64711.69,64784.0,64675.0,64711.05,401.27453
2026-07-19 08:00:00+00:00,64711.04,64743.0,64631.54,64707.49,602.66232
2026-07-19 09:00:00+00:00,64707.48,64725.74,64500.0,64509.99,392.93472
2026-07-19 10:00:00+00:00,64510.0,64700.0,64482.0,64595.0,334.64364
2026-07-19 11:00:00+00:00,64595.0,64636.28,64445.0,64467.64,208.69371
2026-07-19 12:00:00+00:00,64467.65,64467.65,64285.24,64441.15,549.2859
2026-07-19 13:00:00+00:00,64441.16,64516.33,64307.72,64483.31,325.94592
2026-07-19 14:00:00+00:00,64483.32,64663.04,64425.24,64593.07,328.9706
2026-07-19 15:00:00+00:00,64593.07,64620.0,64500.0,64585.32,260.30458
2026-07-19 16:00:00+00:00,64585.33,64644.0,64505.21,64538.72,321.63819
2026-07-19 17:00:00+00:00,64538.72,64752.0,64406.3,64547.86,402.19584
2026-07-19 18:00:00+00:00,64547.86,64554.0,64280.0,64419.99,321.71164
2026-07-19 19:00:00+00:00,64420.0,64467.82,64352.0,64462.58,115.02705
2026-07-19 20:00:00+00:00,64462.58,64560.0,64462.57,64535.99,100.52602
2026-07-19 21:00:00+00:00,64536.0,64562.55,64350.0,64415.75,221.49991
2026-07-19 22:00:00+00:00,64415.75,64900.0,64347.89,64674.67,828.28879
2026-07-19 23:00:00+00:00,64674.66,64772.0,64572.0,64722.54,319.6402
2026-07-20 00:00:00+00:00,64722.55,65107.99,64416.0,64553.84,736.05935
2026-07-20 01:00:00+00:00,64553.85,65029.4,64506.0,64628.01,401.29098
2026-07-20 02:00:00+00:00,64628.01,64964.0,64585.0,64827.2,378.92701
2026-07-20 03:00:00+00:00,64827.19,64914.93,64644.01,64869.8,340.53514
2026-07-20 04:00:00+00:00,64869.79,64869.99,64540.0,64540.01,333.38076
2026-07-20 05:00:00+00:00,64540.0,64562.0,64082.7,64128.0,978.47191
2026-07-20 06:00:00+00:00,64128.01,64220.0,63765.83,63917.98,852.13818
2026-07-20 07:00:00+00:00,63917.99,64315.96,63896.0,64280.01,998.28115
2026-07-20 08:00:00+00:00,64280.01,64356.0,63100.0,64049.99,3901.45477
2026-07-20 09:00:00+00:00,64050.0,64276.0,64012.8,64199.5,508.64903
2026-07-20 10:00:00+00:00,64199.51,64415.42,64162.0,64301.18,339.54836
2026-07-20 11:00:00+00:00,64301.18,65068.0,64273.33,65002.01,1040.02207
2026-07-20 12:00:00+00:00,65002.0,65002.83,64599.89,64640.0,1301.45682
2026-07-20 13:00:00+00:00,64640.0,64763.67,64208.0,64344.01,1171.73283
2026-07-20 14:00:00+00:00,64344.01,64575.37,64077.76,64416.01,811.23879
2026-07-20 15:00:00+00:00,64416.01,65666.8,64398.15,65598.75,2563.16846
2026-07-20 16:00:00+00:00,65598.75,65637.7,65336.0,65508.5,1056.62117
2026-07-20 17:00:00+00:00,65508.5,65646.55,65342.52,65587.98,673.41436
2026-07-20 18:00:00+00:00,65587.99,65799.0,65204.0,65240.01,708.20295
2026-07-20 19:00:00+00:00,65240.01,65274.58,65041.05,65142.0,856.15121
2026-07-20 20:00:00+00:00,65142.0,65438.0,65061.92,65367.58,339.09983
2026-07-20 21:00:00+00:00,65367.57,65445.27,65272.32,65286.02,264.99229
2026-07-20 22:00:00+00:00,65286.02,65286.02,65092.66,65141.99,333.37114
2026-07-20 23:00:00+00:00,65142.0,65272.21,65128.17,65255.51,435.27846
2026-07-21 00:00:00+00:00,65255.51,65585.0,65148.75,65568.01,685.78688
2026-07-21 01:00:00+00:00,65568.0,65658.78,65232.65,65235.55,421.8846
2026-07-21 02:00:00+00:00,65235.56,65500.0,65176.2,65414.01,382.21075
2026-07-21 03:00:00+00:00,65414.01,65593.11,65411.74,65566.78,795.51369
2026-07-21 04:00:00+00:00,65566.77,65742.58,65471.69,65522.01,600.76388
2026-07-21 05:00:00+00:00,65522.0,65933.24,65485.55,65751.56,864.8195
2026-07-21 06:00:00+00:00,65751.56,65991.05,65634.0,65913.0,733.43884
2026-07-21 07:00:00+00:00,65913.0,66245.64,65866.0,66186.86,1338.71722
2026-07-21 08:00:00+00:00,66186.86,66354.0,66129.19,66226.44,1032.71252
2026-07-21 09:00:00+00:00,66226.43,66350.0,66144.0,66291.99,472.96398
2026-07-21 10:00:00+00:00,66292.0,66420.65,66176.55,66180.0,1179.04438
2026-07-21 11:00:00+00:00,66180.0,66350.0,66147.82,66345.59,752.24871
2026-07-21 12:00:00+00:00,66345.59,66640.0,66255.73,66558.82,1002.49408
2026-07-21 13:00:00+00:00,66558.81,66810.97,66315.62,66786.0,1358.43796
2026-07-21 14:00:00+00:00,66786.0,66956.15,66648.27,66842.3,1722.33044
2026-07-21 15:00:00+00:00,66842.29,66842.3,66517.52,66676.54,948.73464
2026-07-21 16:00:00+00:00,66676.53,66764.0,66462.32,66542.01,672.73654
2026-07-21 17:00:00+00:00,66542.01,66567.59,66052.63,66207.95,1024.8098
2026-07-21 18:00:00+00:00,66207.96,66358.0,66098.71,66319.95,619.31647
2026-07-21 19:00:00+00:00,66319.96,66502.8,66264.12,66444.76,623.55174
2026-07-21 20:00:00+00:00,66444.76,66496.0,66359.3,66406.57,288.41886
2026-07-21 21:00:00+00:00,66406.58,66408.26,66290.0,66385.0,330.71956
2026-07-21 22:00:00+00:00,66385.0,66388.35,66204.0,66304.02,432.0724
2026-07-21 23:00:00+00:00,66304.02,66576.0,66228.55,66556.16,334.55343
2026-07-22 00:00:00+00:00,66556.15,66739.89,66525.54,66620.97,961.25987
2026-07-22 01:00:00+00:00,66620.97,66661.79,66282.65,66433.3,801.8459
2026-07-22 02:00:00+00:00,66433.29,66532.26,66298.0,66314.12,584.2039
2026-07-22 03:00:00+00:00,66314.12,66371.27,66176.0,66210.0,535.35393
2026-07-22 04:00:00+00:00,66209.99,66424.0,66198.0,66381.05,1016.50384
2026-07-22 05:00:00+00:00,66381.05,66381.05,65944.51,65974.9,732.84767
2026-07-22 06:00:00+00:00,65974.9,66026.93,65830.94,65934.33,677.13061
2026-07-22 07:00:00+00:00,65934.34,65968.9,65701.0,65843.48,1698.20928
2026-07-22 08:00:00+00:00,65843.48,66164.57,65843.47,65987.96,1762.03259
2026-07-22 09:00:00+00:00,65987.97,66082.5,65850.0,65928.0,1983.57551
2026-07-22 10:00:00+00:00,65928.01,66116.36,65898.0,66046.02,636.27622
2026-07-22 11:00:00+00:00,66046.01,66092.59,65909.16,66013.36,789.42664
2026-07-22 12:00:00+00:00,66013.36,66013.37,65553.67,65636.01,572.31956
2026-07-22 13:00:00+00:00,65636.01,65982.28,65559.66,65951.39,762.44551
2026-07-22 14:00:00+00:00,65951.38,66204.98,65588.0,65793.98,977.66799
2026-07-22 15:00:00+00:00,65793.98,66125.0,65793.98,66047.39,689.66439
2026-07-22 16:00:00+00:00,66047.38,66384.0,65911.6,66229.01,531.34681
2026-07-22 17:00:00+00:00,66229.01,66275.29,65944.0,66024.03,332.68865
2026-07-22 18:00:00+00:00,66024.02,66075.91,65726.08,65895.46,372.67709
2026-07-22 19:00:00+00:00,65895.46,65958.56,65691.93,65923.19,284.49057
2026-07-22 20:00:00+00:00,65923.19,65986.0,65791.79,65919.68,303.33342
2026-07-22 21:00:00+00:00,65919.67,66133.98,65892.64,66072.47,345.28683
2026-07-22 22:00:00+00:00,66072.48,66080.94,65932.0,66044.17,283.8249
2026-07-22 23:00:00+00:00,66044.17,66138.24,65844.3,66114.49,440.45434
2026-07-23 00:00:00+00:00,66114.5,66313.14,66054.58,66058.19,818.52742
2026-07-23 01:00:00+00:00,66058.2,66208.0,65751.0,65830.0,911.89269
2026-07-23 02:00:00+00:00,65830.0,65843.25,65653.23,65805.34,489.67764
2026-07-23 03:00:00+00:00,65805.35,65816.0,65585.11,65662.53,518.12407
2026-07-23 04:00:00+00:00,65662.53,65738.99,65590.12,65616.48,673.83221
2026-07-23 05:00:00+00:00,65616.49,65797.93,65570.12,65691.01,258.16071
2026-07-23 06:00:00+00:00,65691.01,65821.17,65625.2,65790.0,198.22051
2026-07-23 07:00:00+00:00,65790.0,65790.0,65351.02,65442.13,625.4986
2026-07-23 08:00:00+00:00,65442.12,65665.99,65419.75,65633.0,617.22753
2026-07-23 09:00:00+00:00,65632.99,65757.99,65608.18,65638.92,505.16907
2026-07-23 10:00:00+00:00,65638.92,65792.09,65589.69,65740.0,314.19369
2026-07-23 11:00:00+00:00,65740.0,65740.01,65540.93,65555.21,260.87827
2026-07-23 12:00:00+00:00,65555.21,65589.41,64988.05,65167.04,1080.21623
2026-07-23 13:00:00+00:00,65167.05,65221.29,64863.62,64880.0,1019.68548
2026-07-23 14:00:00+00:00,64880.0,65216.24,64822.13,64909.99,1122.58373
2026-07-23 15:00:00+00:00,64910.0,65023.68,64728.0,64958.36,1087.45523
2026-07-23 16:00:00+00:00,64958.37,64961.15,64704.57,64756.84,823.97347
2026-07-23 17:00:00+00:00,64756.84,64900.0,64650.0,64681.27,610.54166
2026-07-23 18:00:00+00:00,64681.26,64948.05,64680.0,64869.12,473.57506
2026-07-23 19:00:00+00:00,64869.13,64934.75,64686.56,64846.94,525.37224
2026-07-23 20:00:00+00:00,64846.93,65217.93,64834.52,65147.5,435.69297
2026-07-23 21:00:00+00:00,65147.5,65210.35,65014.0,65169.81,348.6782
2026-07-23 22:00:00+00:00,65169.82,65227.99,65013.94,65195.43,465.02672
2026-07-23 23:00:00+00:00,65195.43,65235.43,65052.01,65098.97,514.02333
2026-07-24 00:00:00+00:00,65098.98,65113.86,64762.18,64973.99,343.41298
2026-07-24 01:00:00+00:00,64974.0,65168.0,64944.37,65086.0,666.39562
2026-07-24 02:00:00+00:00,65086.0,65187.57,64925.45,65116.99,432.3739
2026-07-24 03:00:00+00:00,65116.99,65464.35,65078.0,65456.7,382.6998
2026-07-24 04:00:00+00:00,65456.7,65469.86,65272.26,65318.0,299.6958
2026-07-24 05:00:00+00:00,65318.01,65394.0,65248.0,65325.0,372.30415
2026-07-24 06:00:00+00:00,65325.01,65519.93,65278.07,65472.0,914.26438
2026-07-24 07:00:00+00:00,65472.0,65808.59,65320.69,65499.95,1219.60281
2026-07-24 08:00:00+00:00,65499.94,65508.17,65302.18,65302.18,306.26025
2026-07-24 09:00:00+00:00,65302.18,65314.66,64952.38,65113.13,478.93491
2026-07-24 10:00:00+00:00,65113.13,65157.99,64906.85,64950.0,716.12782
2026-07-24 11:00:00+00:00,64950.01,65099.99,64857.14,65083.43,751.17375
2026-07-24 12:00:00+00:00,65083.42,65133.99,64766.0,64780.01,507.45117
2026-07-24 13:00:00+00:00,64780.0,64802.0,63920.01,64155.46,2007.68582
2026-07-24 14:00:00+00:00,64155.47,64198.3,63739.75,64055.12,1591.08926
2026-07-24 15:00:00+00:00,64055.11,64333.33,63858.0,64093.85,1939.18979
2026-07-24 16:00:00+00:00,64093.86,64200.0,63881.46,63958.0,529.35925
2026-07-24 17:00:00+00:00,63958.01,64202.91,63905.51,64180.0,525.47557
2026-07-24 18:00:00+00:00,64180.0,64290.1,64129.75,64272.0,390.98725
2026-07-24 19:00:00+00:00,64272.01,64292.44,64141.18,64225.32,579.59462
2026-07-24 20:00:00+00:00,64225.32,64288.02,64128.89,64170.23,214.82759
2026-07-24 21:00:00+00:00,64170.24,64258.73,64122.29,64155.0,651.81342
2026-07-24 22:00:00+00:00,64155.0,64216.27,64121.86,64169.01,587.59798
2026-07-24 23:00:00+00:00,64169.01,64187.4,64134.71,64139.99,412.95391
2026-07-25 00:00:00+00:00,64140.0,64179.03,64033.18,64073.61,386.54772
2026-07-25 01:00:00+00:00,64073.61,64160.0,64006.55,64068.01,493.07694
2026-07-25 02:00:00+00:00,64068.0,64099.99,64017.87,64052.0,479.58839
2026-07-25 03:00:00+00:00,64052.01,64105.61,64016.65,64085.36,469.51581
2026-07-25 04:00:00+00:00,64085.36,64205.67,64085.15,64181.46,171.38031
2026-07-25 05:00:00+00:00,64181.45,64199.76,63980.01,64024.0,245.62438
2026-07-25 06:00:00+00:00,64024.0,64063.37,63964.57,64010.0,248.54758
2026-07-25 07:00:00+00:00,64010.0,64038.52,64000.0,64003.2,408.36611
2026-07-25 08:00:00+00:00,64003.2,64010.01,63810.0,63876.06,507.52898
2026-07-25 09:00:00+00:00,63876.07,64024.72,63830.0,63999.99,1813.6121
2026-07-25 10:00:00+00:00,64000.0,64070.0,63996.0,64070.0,200.57959
2026-07-25 11:00:00+00:00,64069.99,64113.0,64047.09,64064.01,226.46632
2026-07-25 12:00:00+00:00,64064.01,64123.8,64043.0,64123.8,179.4102
2026-07-25 13:00:00+00:00,64123.8,64267.78,64106.74,64172.0,285.46591
2026-07-25 14:00:00+00:00,64172.01,64217.09,64126.0,64214.04,270.20323
2026-07-25 15:00:00+00:00,64214.05,64272.0,64169.99,64182.0,193.98029
2026-07-25 16:00:00+00:00,64182.01,64241.71,64123.0,64206.6,126.61028
2026-07-25 17:00:00+00:00,64206.61,64356.0,64194.37,64267.4,187.81706
2026-07-25 18:00:00+00:00,64267.41,64475.28,64267.41,64415.99,314.52068
2026-07-25 19:00:00+00:00,64415.99,64438.12,64388.38,64388.38,219.4973
2026-07-25 20:00:00+00:00,64388.39,64392.74,64313.0,64339.75,213.90166
2026-07-25 21:00:00+00:00,64339.75,64430.0,64263.03,64344.02,177.06463
2026-07-25 22:00:00+00:00,64344.02,64426.0,64344.01,64412.0,625.93723
2026-07-25 23:00:00+00:00,64412.01,64429.38,64363.0,64375.0,417.8076
2026-07-26 00:00:00+00:00,64375.01,64507.0,64350.0,64506.99,256.73658
2026-07-26 01:00:00+00:00,64506.99,64541.66,64456.67,64462.0,277.18148
2026-07-26 02:00:00+00:00,64462.0,64527.59,64427.59,64527.56,117.0226
2026-07-26 03:00:00+00:00,64527.57,64582.0,64488.73,64557.0,304.96319
2026-07-26 04:00:00+00:00,64557.0,64599.95,64491.73,64530.06,425.16453
2026-07-26 05:00:00+00:00,64530.06,64530.07,64403.95,64417.69,131.14508
2026-07-26 06:00:00+00:00,64417.68,64457.55,64293.81,64438.0,408.23581
2026-07-26 07:00:00+00:00,64438.01,64460.0,64341.99,64370.0,273.49735
2026-07-26 08:00:00+00:00,64370.0,64493.99,64353.0,64480.01,204.14991
2026-07-26 09:00:00+00:00,64480.02,64549.02,64478.38,64538.0,164.82486
2026-07-26 10:00:00+00:00,64538.01,64573.73,64497.62,64515.4,137.0474
2026-07-26 11:00:00+00:00,64515.39,64535.99,64495.17,64507.35,174.84399
2026-07-26 12:00:00+00:00,64507.36,64662.99,64434.0,64466.67,319.29329
2026-07-26 13:00:00+00:00,64466.68,64571.42,64414.0,64518.0,319.1541
2026-07-26 14:00:00+00:00,64517.99,64768.23,64517.99,64712.99,504.24215
2026-07-26 15:00:00+00:00,64713.0,64827.0,64673.42,64768.0,313.86895
2026-07-26 16:00:00+00:00,64768.0,64940.51,64703.23,64734.17,420.05042
2026-07-26 17:00:00+00:00,64734.17,64794.45,64668.91,64697.2,347.81315
2026-07-26 18:00:00+00:00,64697.21,64769.99,64668.91,64734.38,114.76281
2026-07-26 19:00:00+00:00,64734.39,64753.0,64671.91,64695.52,369.55718
2026-07-26 20:00:00+00:00,64695.52,64703.36,64631.57,64649.04,120.01782
2026-07-26 21:00:00+00:00,64649.04,64924.0,64649.03,64858.02,268.26505
2026-07-26 22:00:00+00:00,64858.03,65502.6,64858.03,65412.68,1331.07392
2026-07-26 23:00:00+00:00,65412.69,65577.0,65273.76,65399.99,630.14927
2026-07-27 00:00:00+00:00,65400.0,65418.81,65065.46,65131.95,465.77387
2026-07-27 01:00:00+00:00,65131.96,65225.75,64892.03,65206.21,478.78723
2026-07-27 02:00:00+00:00,65206.21,65281.64,65118.08,65172.0,475.81825
2026-07-27 03:00:00+00:00,65172.02,65367.73,65161.99,65284.0,519.18282
2026-07-27 04:00:00+00:00,65284.0,65500.0,65242.69,65282.8,331.55981
2026-07-27 05:00:00+00:00,65282.81,65493.38,65282.8,65468.38,284.79372
2026-07-27 06:00:00+00:00,65468.38,65744.6,65404.9,65416.76,867.3473
2026-07-27 07:00:00+00:00,65416.77,65447.02,65217.16,65221.99,1066.09119
2026-07-27 08:00:00+00:00,65221.99,65258.0,65128.85,65162.98,724.97518
2026-07-27 09:00:00+00:00,65162.98,65348.17,65100.0,65262.17,1478.16072
2026-07-27 10:00:00+00:00,65262.18,65432.0,65230.01,65333.35,412.29993
2026-07-27 11:00:00+00:00,65333.35,65333.36,65092.0,65100.79,287.15002
2026-07-27 12:00:00+00:00,65100.79,65255.76,64836.0,65086.0,587.73231
2026-07-27 13:00:00+00:00,65086.0,65718.0,64913.12,65217.37,1076.54142
2026-07-27 14:00:00+00:00,65217.38,65431.9,64459.82,64687.45,1132.47674
2026-07-27 15:00:00+00:00,64687.45,64776.0,64418.01,64554.01,596.28993
2026-07-27 16:00:00+00:00,64554.0,64970.93,64517.78,64898.52,473.37301
2026-07-27 17:00:00+00:00,64898.53,65090.0,64794.37,65019.81,404.49207
2026-07-27 18:00:00+00:00,65019.81,65058.32,64755.67,64878.0,323.26344
2026-07-27 19:00:00+00:00,64878.0,65078.0,64810.9,64984.0,291.82434
2026-07-27 20:00:00+00:00,64983.99,65056.0,64908.01,64960.65,197.69959
2026-07-27 21:00:00+00:00,64960.64,64960.65,64790.28,64821.25,238.07403
2026-07-27 22:00:00+00:00,64821.26,64821.26,63792.0,63792.0,1130.54656
2026-07-27 23:00:00+00:00,63792.01,63940.27,63605.56,63755.86,947.65195
2026-07-28 00:00:00+00:00,63755.86,63827.49,63469.3,63487.88,711.04544
2026-07-28 01:00:00+00:00,63487.88,63529.89,63059.39,63230.83,1245.20979
2026-07-28 02:00:00+00:00,63230.82,63305.94,63108.0,63185.59,429.21894
2026-07-28 03:00:00+00:00,63185.59,63375.39,63168.01,63343.83,728.50056
2026-07-28 04:00:00+00:00,63343.82,63361.85,63221.26,63350.95,343.17382
2026-07-28 05:00:00+00:00,63350.95,63623.5,63323.09,63451.61,390.51839
2026-07-28 06:00:00+00:00,63451.62,63660.72,63395.13,63640.63,460.72288
2026-07-28 07:00:00+00:00,63640.63,63668.71,63455.58,63505.99,985.9853
2026-07-28 08:00:00+00:00,63506.0,63546.36,63406.11,63428.08,281.48766
2026-07-28 09:00:00+00:00,63428.07,63581.33,63368.81,63393.99,315.43759
2026-07-28 10:00:00+00:00,63393.99,63555.18,63294.0,63473.47,416.0357
2026-07-28 11:00:00+00:00,63473.48,63593.0,63352.0,63450.0,405.45329
2026-07-28 12:00:00+00:00,63449.99,63570.0,63364.96,63546.65,440.98415
2026-07-28 13:00:00+00:00,63546.65,63588.0,62742.47,63104.0,1615.91422
2026-07-28 14:00:00+00:00,63104.0,63550.0,62965.38,63412.45,868.98588
2026-07-28 15:00:00+00:00,63412.45,64026.62,63269.28,63928.47,945.11572
2026-07-28 16:00:00+00:00,63928.46,64100.0,63773.65,64043.26,517.94749
2026-07-28 17:00:00+00:00,64043.27,64043.27,63504.0,63685.88,527.24876
2026-07-28 18:00:00+00:00,63685.88,63849.09,63672.26,63734.49,311.5129
2026-07-28 19:00:00+00:00,63734.49,63904.0,63675.93,63904.0,333.27009
2026-07-28 20:00:00+00:00,63904.0,64018.39,63880.0,63917.55,300.22119
2026-07-28 21:00:00+00:00,63917.55,64073.3,63892.0,63972.44,227.23863
2026-07-28 22:00:00+00:00,63972.44,64020.76,63768.47,63783.71,319.67019
2026-07-28 23:00:00+00:00,63783.72,63956.4,63562.0,63915.0,768.93138
2026-07-29 00:00:00+00:00,63915.0,64200.0,63873.54,63953.99,862.01004
2026-07-29 01:00:00+00:00,63954.0,63999.0,63690.0,63705.06,643.74129
2026-07-29 02:00:00+00:00,63705.07,64132.42,63658.0,63979.96,459.75103
2026-07-29 03:00:00+00:00,63979.96,64002.0,63710.0,63753.03,381.54189
2026-07-29 04:00:00+00:00,63753.04,63970.92,63598.0,63968.34,635.48596
2026-07-29 05:00:00+00:00,63968.34,64094.2,63890.07,64067.32,612.17163
2026-07-29 06:00:00+00:00,64067.32,64471.0,64026.64,64435.62,959.62083
2026-07-29 07:00:00+00:00,64435.63,64575.99,64402.67,64561.0,512.31101
2026-07-29 08:00:00+00:00,64561.01,64588.0,64283.83,64417.31,442.88681
2026-07-29 09:00:00+00:00,64417.31,64744.81,64386.94,64698.0,689.93306
2026-07-29 10:00:00+00:00,64698.01,64718.0,64410.24,64469.83,337.46395
2026-07-29 11:00:00+00:00,64469.84,64591.73,64422.5,64507.54,317.77588
2026-07-29 12:00:00+00:00,64507.53,64507.54,64215.93,64276.81,475.5158
2026-07-29 13:00:00+00:00,64276.82,64667.18,64139.68,64664.7,795.5697
2026-07-29 14:00:00+00:00,64664.69,64718.87,64047.71,64108.01,736.50705
2026-07-29 15:00:00+00:00,64108.01,64195.0,63886.0,63964.01,727.70384
2026-07-29 16:00:00+00:00,63964.01,64146.53,63624.15,63808.33,758.02868
2026-07-29 17:00:00+00:00,63808.33,64286.71,63709.19,64269.83,486.13508
2026-07-29 18:00:00+00:00,64269.83,64648.79,63758.0,64501.52,1896.70634
2026-07-29 19:00:00+00:00,64501.52,64600.0,63511.0,63589.46,1453.05091
2026-07-29 20:00:00+00:00,63589.46,63746.42,63378.09,63522.01,788.59239
2026-07-29 21:00:00+00:00,63522.01,63860.0,63267.34,63860.0,771.02443
2026-07-29 22:00:00+00:00,63860.0,64131.44,63859.99,63942.5,704.70887
2026-07-29 23:00:00+00:00,63942.5,64067.12,63899.0,63984.28,331.88265
2026-07-30 00:00:00+00:00,63984.29,64125.61,63603.92,63696.72,649.94769
2026-07-30 01:00:00+00:00,63696.73,64370.0,63690.0,64266.0,686.07285
2026-07-30 02:00:00+00:00,64266.01,64411.76,64159.63,64189.99,575.1734
2026-07-30 03:00:00+00:00,64190.0,64300.91,64133.99,64161.98,422.8264
2026-07-30 04:00:00+00:00,64161.98,64180.0,64008.5,64023.99,927.45873
2026-07-30 05:00:00+00:00,64024.0,64182.0,63907.85,64033.89,766.12333
2026-07-30 06:00:00+00:00,64033.9,64080.0,63957.2,64002.0,642.99866
2026-07-30 07:00:00+00:00,64001.99,64144.06,63943.29,64026.0,710.04842
2026-07-30 08:00:00+00:00,64026.0,64358.99,63980.54,64308.01,1143.21426
2026-07-30 09:00:00+00:00,64308.01,64641.37,64283.8,64567.56,2560.14823
2026-07-30 10:00:00+00:00,64567.55,64631.99,64562.0,64570.72,459.04462
2026-07-30 11:00:00+00:00,64570.72,64885.18,64542.73,64788.0,630.38864
2026-07-30 12:00:00+00:00,64788.01,65043.94,64788.0,64925.0,819.62205
2026-07-30 13:00:00+00:00,64925.0,65176.6,64689.02,65022.01,1173.19736
2026-07-30 14:00:00+00:00,65022.0,65042.0,64620.0,64683.97,1065.79722
2026-07-30 15:00:00+00:00,64683.97,64888.0,64607.31,64730.3,678.51535
2026-07-30 16:00:00+00:00,64730.29,64963.64,64729.56,64818.01,615.24584
2026-07-30 17:00:00+00:00,64818.01,64988.0,64772.0,64872.0,452.4677
2026-07-30 18:00:00+00:00,64871.99,64899.8,64688.0,64702.8,263.9882
2026-07-30 19:00:00+00:00,64702.8,64904.0,64702.79,64800.0,356.88836
2026-07-30 20:00:00+00:00,64800.0,64936.0,64752.12,64777.37,330.42092
2026-07-30 21:00:00+00:00,64777.38,64802.48,64700.34,64735.53,227.76045
2026-07-30 22:00:00+00:00,64735.53,65029.29,64668.91,64851.16,482.45748
2026-07-30 23:00:00+00:00,64851.16,65086.4,64740.0,64780.02,491.7787
2026-07-31 00:00:00+00:00,64780.03,64901.55,64690.29,64724.91,660.4309
2026-07-31 01:00:00+00:00,64724.92,65409.56,64480.44,64564.01,1217.00276
2026-07-31 02:00:00+00:00,64564.0,64614.0,64203.58,64297.79,855.65776
2026-07-31 03:00:00+00:00,64297.79,64439.81,64172.0,64370.0,548.04563
2026-07-31 04:00:00+00:00,64370.0,64438.0,64236.0,64300.0,391.13431
2026-07-31 05:00:00+00:00,64299.99,64421.68,64268.47,64363.06,529.40293
2026-07-31 06:00:00+00:00,64363.06,64496.64,64196.08,64231.97,503.77566
2026-07-31 07:00:00+00:00,64231.97,64245.57,63878.11,63950.01,3088.95651
2026-07-31 08:00:00+00:00,63950.01,63987.36,63784.67,63834.01,734.18718
2026-07-31 09:00:00+00:00,63834.01,63847.13,63638.18,63715.9,562.33026
2026-07-31 10:00:00+00:00,63715.91,63951.77,63610.0,63918.67,422.39058
2026-07-31 11:00:00+00:00,63918.68,64011.99,63792.01,63805.51,287.14604
2026-07-31 12:00:00+00:00,63805.5,63830.62,63627.66,63754.01,516.25828
2026-07-31 13:00:00+00:00,63754.01,63849.19,63241.71,63270.73,1511.53534
2026-07-31 14:00:00+00:00,63270.72,63310.0,62466.0,62682.06,3628.40429
2026-07-31 15:00:00+00:00,62682.05,62769.36,62490.24,62716.57,965.95557
2026-07-31 16:00:00+00:00,62716.57,62931.79,62709.01,62870.88,857.24803
2026-07-31 17:00:00+00:00,62870.87,63301.68,62800.0,63245.44,856.72938
2026-07-31 18:00:00+00:00,63245.44,63302.0,62966.0,63097.57,753.45664
2026-07-31 19:00:00+00:00,63097.57,63158.0,62936.29,62972.0,304.88916
2026-07-31 20:00:00+00:00,62972.0,63034.0,62928.35,62953.7,318.42027
2026-07-31 21:00:00+00:00,62953.7,63062.47,62846.0,62947.78,334.75985
2026-07-31 22:00:00+00:00,62947.77,63020.0,62870.01,62950.0,440.99494
2026-07-31 23:00:00+00:00,62950.01,63013.52,62860.64,62887.88,186.49459
2026-08-01 00:00:00+00:00,62887.88,63024.04,62887.87,62938.01,517.26897
2026-08-01 01:00:00+00:00,62938.01,62990.0,62923.47,62975.01,386.71985
2026-08-01 02:00:00+00:00,62975.0,63106.55,62975.0,63075.07,348.67082
2026-08-01 03:00:00+00:00,63075.08,63075.08,62970.65,63004.48,388.95582
2026-08-01 04:00:00+00:00,63004.47,63115.37,62993.2,63115.01,223.92941
2026-08-01 05:00:00+00:00,63115.0,63142.85,63000.85,63020.0,458.27671
2026-08-01 06:00:00+00:00,63020.0,63086.65,62992.82,63080.64,434.87477
2026-08-01 07:00:00+00:00,63080.65,63110.89,63034.0,63050.46,150.69173
2026-08-01 08:00:00+00:00,63050.45,63150.0,63050.45,63126.25,106.02817
2026-08-01 09:00:00+00:00,63126.25,63139.54,63046.33,63053.17,228.45152
2026-08-01 10:00:00+00:00,63053.17,63111.09,62986.31,63056.0,321.04349
2026-08-01 11:00:00+00:00,63055.99,63091.97,63037.72,63076.0,179.08594
2026-08-01 12:00:00+00:00,63076.0,63119.4,63076.0,63103.68,320.18632
2026-08-01 13:00:00+00:00,63103.68,63106.83,63051.0,63069.32,187.46878
2026-08-01 14:00:00+00:00,63069.31,63127.07,63069.31,63126.52,385.79335
2026-08-01 15:00:00+00:00,63126.53,63126.53,63007.05,63007.06,164.42533
2026-08-01 16:00:00+00:00,63007.06,63027.65,62874.0,62932.32,327.87182
2026-08-01 17:00:00+00:00,62932.32,62996.0,62666.0,62708.07,359.17517
2026-08-01 18:00:00+00:00,62708.06,62734.0,62275.0,62580.56,931.42897
2026-08-01 19:00:00+00:00,62580.55,62624.0,62461.17,62529.82,312.52626
2026-08-01 20:00:00+00:00,62529.81,62674.98,62482.99,62662.13,183.46966
2026-08-01 21:00:00+00:00,62662.14,62864.0,62662.13,62812.75,229.38386
2026-08-01 22:00:00+00:00,62812.76,62866.62,62794.17,62831.28,129.54917
2026-08-01 23:00:00+00:00,62831.29,62862.8,62769.97,62823.64,287.81315
2026-08-02 00:00:00+00:00,62823.65,62979.99,62806.58,62833.99,397.27424
2026-08-02 01:00:00+00:00,62834.0,63088.0,62834.0,62981.87,215.77694
2026-08-02 02:00:00+00:00,62981.87,63547.7,62958.54,63451.58,1068.41906
2026-08-02 03:00:00+00:00,63451.58,63550.0,63380.0,63461.95,388.55462
2026-08-02 04:00:00+00:00,63461.95,63612.0,63461.95,63590.0,302.37117
2026-08-02 05:00:00+00:00,63590.0,63634.0,63415.26,63453.27,261.31562
2026-08-02 06:00:00+00:00,63453.27,63498.15,63435.99,63482.49,160.39885
2026-08-02 07:00:00+00:00,63482.49,63544.51,63480.0,63506.24,412.11258
2026-08-02 08:00:00+00:00,63506.23,63530.0,63172.0,63193.99,542.79786
2026-08-02 09:00:00+00:00,63194.0,63320.0,63094.0,63273.94,277.11141
2026-08-02 10:00:00+00:00,63273.94,63273.94,63125.06,63205.03,200.2751
2026-08-02 11:00:00+00:00,63205.03,63206.0,62982.38,63031.99,373.06149
2026-08-02 12:00:00+00:00,63031.99,63231.67,63031.99,63125.49,247.99863
2026-08-02 13:00:00+00:00,63125.49,63146.89,63010.0,63126.92,262.12825
2026-08-02 14:00:00+00:00,63126.92,63186.0,63062.0,63069.37,314.22912
2026-08-02 15:00:00+00:00,63069.37,63186.0,63050.0,63109.14,191.05332
2026-08-02 16:00:00+00:00,63109.13,63273.49,63064.01,63180.36,267.96361
2026-08-02 17:00:00+00:00,63180.36,63342.0,63152.0,63300.28,318.39177
2026-08-02 18:00:00+00:00,63300.0,63610.01,63290.0,63382.01,518.81545
2026-08-02 19:00:00+00:00,63382.01,63479.85,63323.89,63456.01,247.35839
2026-08-02 20:00:00+00:00,63456.0,63501.48,63404.69,63494.52,140.51262
2026-08-02 21:00:00+00:00,63494.51,63785.0,63479.45,63578.0,457.27756
2026-08-02 22:00:00+00:00,63578.01,63796.33,63376.71,63424.58,484.1409
2026-08-02 23:00:00+00:00,63424.58,63596.0,63344.0,63570.0,337.67298
2026-08-03 00:00:00+00:00,63570.01,63596.0,63208.3,63317.6,357.32342
2026-08-03 01:00:00+00:00,63317.61,63350.0,63111.1,63212.16,372.31318
2026-08-03 02:00:00+00:00,63212.16,63286.0,63100.0,63141.4,334.18959
2026-08-03 03:00:00+00:00,63141.39,63168.44,62786.04,62870.49,516.46423
2026-08-03 04:00:00+00:00,62870.48,63001.77,62770.37,62790.0,320.41763
2026-08-03 05:00:00+00:00,62790.0,62875.02,62751.3,62827.17,546.69206
2026-08-03 06:00:00+00:00,62827.17,62872.58,62613.0,62623.6,396.31841
2026-08-03 07:00:00+00:00,62623.6,62700.0,62552.04,62621.1,1264.72827
2026-08-03 08:00:00+00:00,62621.1,62647.69,62300.0,62541.5,657.33122
2026-08-03 09:00:00+00:00,62541.5,62863.1,62520.0,62837.4,585.41075
2026-08-03 10:00:00+00:00,62837.4,62860.0,62615.11,62742.01,443.80935
2026-08-03 11:00:00+00:00,62742.01,62778.92,62540.95,62560.01,282.26451
2026-08-03 12:00:00+00:00,62560.01,62799.3,62445.26,62700.0,437.23263
2026-08-03 13:00:00+00:00,62700.01,63390.0,62562.42,63351.09,1121.39133
2026-08-03 14:00:00+00:00,63351.09,63992.71,63136.0,63967.19,2387.82383
2026-08-03 15:00:00+00:00,63967.19,63989.75,63646.59,63694.91,1368.53804
2026-08-03 16:00:00+00:00,63694.9,63939.99,63664.0,63776.46,800.0795
2026-08-03 17:00:00+00:00,63776.46,64059.75,63714.55,63906.0,628.1066
2026-08-03 18:00:00+00:00,63905.99,64000.0,63768.0,63870.87,368.04477
2026-08-03 19:00:00+00:00,63870.87,64080.0,63846.0,63869.38,545.18183
2026-08-03 20:00:00+00:00,63869.38,64023.61,63769.92,63775.43,498.9936
2026-08-03 21:00:00+00:00,63775.43,63791.98,63548.0,63590.15,427.95014
2026-08-03 22:00:00+00:00,63590.15,63680.0,63392.01,63618.0,422.48287
2026-08-03 23:00:00+00:00,63618.01,63621.35,63465.43,63520.0,460.20967
2026-08-04 00:00:00+00:00,63520.0,63585.09,63322.01,63361.99,536.23408
2026-08-04 01:00:00+00:00,63362.0,63927.99,63361.99,63847.93,808.63269
2026-08-04 02:00:00+00:00,63847.92,63972.0,63686.44,63822.44,596.20908
2026-08-04 03:00:00+00:00,63822.45,63860.0,63649.0,63800.01,343.13285
2026-08-04 04:00:00+00:00,63800.01,64243.81,63762.0,64029.0,795.09044
2026-08-04 05:00:00+00:00,64029.01,64056.0,63788.23,63818.48,306.74636
2026-08-04 06:00:00+00:00,63818.47,63859.71,63654.16,63670.0,321.82249
2026-08-04 07:00:00+00:00,63670.0,63763.63,63506.78,63685.74,779.79552
2026-08-04 08:00:00+00:00,63685.73,63748.22,63564.99,63588.94,412.14854
2026-08-04 09:00:00+00:00,63589.04,63610.0,63516.43,63603.73,356.68509
2026-08-04 10:00:00+00:00,63603.73,63842.0,63451.8,63764.0,613.8334
2026-08-04 11:00:00+00:00,63763.99,63950.0,63712.0,63926.0,457.77198
2026-08-04 12:00:00+00:00,63926.0,64062.46,63788.0,63906.41,546.54537
2026-08-04 13:00:00+00:00,63906.41,64097.74,63656.0,63683.94,1052.90355
2026-08-04 14:00:00+00:00,63683.95,64193.54,63615.38,64128.72,879.92592
2026-08-04 15:00:00+00:00,64128.73,64238.0,63814.29,64125.14,876.1178
2026-08-04 16:00:00+00:00,64125.14,64130.0,63897.22,63950.93,546.40306
2026-08-04 17:00:00+00:00,63950.94,64184.0,63892.0,63972.09,719.77508
2026-08-04 18:00:00+00:00,63972.09,64400.0,63965.73,64305.99,693.34672
2026-08-04 19:00:00+00:00,64305.99,64413.21,64193.57,64233.36,534.82384
2026-08-04 20:00:00+00:00,64233.35,64420.0,64001.68,64341.0,558.35238
2026-08-04 21:00:00+00:00,64341.0,64341.99,64175.52,64194.0,220.73608
2026-08-04 22:00:00+00:00,64193.99,64293.91,64140.0,64270.61,181.53234
2026-08-04 23:00:00+00:00,64270.62,64549.16,64081.26,64106.56,551.91443
2026-08-05 00:00:00+00:00,64106.55,64193.25,63978.44,63988.0,649.78599
2026-08-05 01:00:00+00:00,63988.0,64346.0,63950.0,64333.84,393.02738
2026-08-05 02:00:00+00:00,64333.85,64504.0,64322.59,64368.26,562.72054
2026-08-05 03:00:00+00:00,64368.27,64446.0,64046.0,64183.27,445.73851
2026-08-05 04:00:00+00:00,64183.27,64218.0,64088.01,64176.7,184.21473
2026-08-05 05:00:00+00:00,64176.69,64525.97,64163.36,64330.87,480.37923
2026-08-05 06:00:00+00:00,64330.86,64373.31,64229.34,64253.58,396.58374
2026-08-05 07:00:00+00:00,64253.59,64272.0,63995.89,64163.99,577.00898
2026-08-05 08:00:00+00:00,64164.0,64280.0,64098.0,64120.81,335.28683
2026-08-05 09:00:00+00:00,64120.81,64210.83,64102.95,64155.05,184.00109
2026-08-05 10:00:00+00:00,64155.06,64242.93,64020.0,64062.23,387.90421
2026-08-05 11:00:00+00:00,64062.23,64150.0,64044.5,64075.28,258.58817
2026-08-05 12:00:00+00:00,64075.28,64581.43,64050.0,64332.43,1037.97436
2026-08-05 13:00:00+00:00,64332.43,64412.0,63880.0,64407.99,1022.29322
2026-08-05 14:00:00+00:00,64407.99,64578.0,64300.0,64476.39,1047.50709
2026-08-05 15:00:00+00:00,64476.4,64744.0,64385.49,64388.01,986.83874
2026-08-05 16:00:00+00:00,64388.01,64760.99,64388.0,64661.99,538.9344
2026-08-05 17:00:00+00:00,64661.99,64804.0,64541.71,64770.0,480.07544
2026-08-05 18:00:00+00:00,64770.0,64844.99,64670.01,64799.1,509.17226
2026-08-05 19:00:00+00:00,64799.1,64936.18,64781.79,64840.28,466.98679
2026-08-05 20:00:00+00:00,64840.27,65025.22,64806.46,64822.89,498.389
2026-08-05 21:00:00+00:00,64822.88,64825.78,64657.69,64733.13,467.37291
2026-08-05 22:00:00+00:00,64733.13,64783.84,64629.81,64636.0,271.07045
2026-08-05 23:00:00+00:00,64636.0,64749.99,64579.15,64665.23,561.00122
2026-08-06 00:00:00+00:00,64665.24,64724.38,64572.0,64644.99,476.9934
2026-08-06 01:00:00+00:00,64644.92,64659.65,64498.0,64580.07,393.9399
2026-08-06 02:00:00+00:00,64580.08,64650.62,64439.34,64579.36,432.25507
2026-08-06 03:00:00+00:00,64579.36,64583.63,64493.2,64531.03,197.99261
2026-08-06 04:00:00+00:00,64531.03,64755.72,64496.27,64734.65,354.38235
2026-08-06 05:00:00+00:00,64734.65,64996.0,64730.26,64908.09,515.23827
2026-08-06 06:00:00+00:00,64908.1,64908.1,64745.69,64860.0,233.29381
2026-08-06 07:00:00+00:00,64860.0,64965.66,64776.0,64809.7,679.84082
2026-08-06 08:00:00+00:00,64809.7,64999.0,64760.0,64941.99,323.50568
2026-08-06 09:00:00+00:00,64942.0,64944.0,64630.0,64683.62,404.08385
2026-08-06 10:00:00+00:00,64683.62,64685.05,64581.21,64615.95,207.8831
2026-08-06 11:00:00+00:00,64615.95,64661.26,64503.54,64622.09,372.14171
2026-08-06 12:00:00+00:00,64622.08,64637.68,64381.96,64424.0,336.45805
2026-08-06 13:00:00+00:00,64424.01,64524.21,64172.0,64434.01,870.19548
2026-08-06 14:00:00+00:00,64434.01,64850.0,64362.0,64778.0,781.12724
2026-08-06 15:00:00+00:00,64778.01,64987.26,64624.29,64631.87,772.83402
2026-08-06 16:00:00+00:00,64631.88,64778.0,64592.37,64757.99,370.31723
2026-08-06 17:00:00+00:00,64758.0,64834.0,64548.81,64621.69,293.75208
2026-08-06 18:00:00+00:00,64621.68,64621.69,64378.67,64418.47,347.29306
2026-08-06 19:00:00+00:00,64418.48,64474.71,64365.0,64446.0,449.59357
2026-08-06 20:00:00+00:00,64446.01,64536.32,64439.7,64439.7,195.47529
2026-08-06 21:00:00+00:00,64439.71,64513.99,64404.74,64440.74,249.73283
2026-08-06 22:00:00+00:00,64440.74,64450.0,64330.4,64351.49,210.70667
2026-08-06 23:00:00+00:00,64351.48,64360.01,64200.0,64323.61,395.39675
2026-08-07 00:00:00+00:00,64323.61,64410.0,64230.59,64317.99,285.45231
2026-08-07 01:00:00+00:00,64318.0,64476.78,64300.0,64422.55,351.02167
2026-08-07 02:00:00+00:00,64422.54,64544.0,64252.09,64399.87,388.69448
2026-08-07 03:00:00+00:00,64399.88,64407.73,64260.0,64289.99,199.96303
2026-08-07 04:00:00+00:00,64289.99,64364.08,64166.0,64255.13,222.89749
2026-08-07 05:00:00+00:00,64255.14,64400.0,64177.62,64336.43,321.20596
2026-08-07 06:00:00+00:00,64336.42,64463.75,64283.91,64304.12,452.26837
2026-08-07 07:00:00+00:00,64304.12,64436.13,64264.0,64319.84,382.39149
2026-08-07 08:00:00+00:00,64319.84,64672.1,64304.22,64600.0,433.22408
2026-08-07 09:00:00+00:00,64600.0,64965.0,64599.99,64839.32,917.15159
2026-08-07 10:00:00+00:00,64839.32,64916.0,64802.0,64893.98,362.71626
2026-08-07 11:00:00+00:00,64893.99,65213.33,64893.64,65029.98,652.67441
2026-08-07 12:00:00+00:00,65029.98,65390.99,64986.26,65292.32,1412.7636
2026-08-07 13:00:00+00:00,65292.31,65338.0,64984.68,65009.24,1271.25225
2026-08-07 14:00:00+00:00,65009.23,65275.03,64788.0,64957.98,982.58571
2026-08-07 15:00:00+00:00,64957.98,65136.17,64894.83,64912.72,468.0279
2026-08-07 16:00:00+00:00,64912.71,65072.31,64814.0,64814.0,485.33624
2026-08-07 17:00:00+00:00,64814.01,64828.82,64525.0,64764.33,603.65716
2026-08-07 18:00:00+00:00,64764.33,64881.13,64676.0,64735.51,225.44204
2026-08-07 19:00:00+00:00,64735.52,65039.42,64735.52,64960.47,398.55222
2026-08-07 20:00:00+00:00,64960.46,65053.56,64948.0,64972.0,238.49651
2026-08-07 21:00:00+00:00,64972.0,65102.0,64928.0,64928.01,187.58406
2026-08-07 22:00:00+00:00,64928.02,64947.7,64846.0,64888.0,304.11479
2026-08-07 23:00:00+00:00,64888.0,64923.2,64869.99,64923.19,259.93041
2026-08-08 00:00:00+00:00,64923.2,64954.0,64784.19,64929.01,432.5947
2026-08-08 01:00:00+00:00,64929.01,64965.0,64908.97,64911.79,283.12303
2026-08-08 02:00:00+00:00,64911.8,64957.47,64894.49,64923.97,317.46111
2026-08-08 03:00:00+00:00,64923.98,65074.18,64918.28,65033.0,277.39242
2026-08-08 04:00:00+00:00,65033.0,65071.15,64971.18,65013.58,199.83614
2026-08-08 05:00:00+00:00,65013.58,65018.64,64976.0,64995.39,118.91329
2026-08-08 06:00:00+00:00,64995.39,65014.0,64959.81,65006.61,298.35674
2026-08-08 07:00:00+00:00,65006.61,65006.61,64951.34,64960.0,169.03379
2026-08-08 08:00:00+00:00,64959.99,65020.5,64948.56,64993.87,150.80437
2026-08-08 09:00:00+00:00,64993.88,65050.0,64992.98,64994.31,303.53576
2026-08-08 10:00:00+00:00,64994.31,65022.43,64994.31,65005.87,144.30853
2026-08-08 11:00:00+00:00,65005.88,65024.1,64957.0,64967.35,178.16146
2026-08-08 12:00:00+00:00,64967.36,65050.55,64924.0,65008.34,234.45077
2026-08-08 13:00:00+00:00,65008.33,65018.0,65000.0,65015.27,187.85749
2026-08-08 14:00:00+00:00,65015.27,65192.54,65015.27,65129.02,356.35929
2026-08-08 15:00:00+00:00,65129.01,65149.57,65061.31,65080.82,186.5848
2026-08-08 16:00:00+00:00,65080.83,65116.82,65039.0,65086.45,128.83529
2026-08-08 17:00:00+00:00,65086.46,65150.0,65075.46,65119.75,187.72596
2026-08-08 18:00:00+00:00,65119.75,65119.75,65025.54,65044.07,168.52013
2026-08-08 19:00:00+00:00,65044.08,65093.7,65017.39,65075.41,205.39734
2026-08-08 20:00:00+00:00,65075.4,65100.61,65060.0,65082.41,382.31735
2026-08-08 21:00:00+00:00,65082.42,65082.42,65000.53,65012.96,216.53129
2026-08-08 22:00:00+00:00,65012.95,65038.0,64948.17,64950.61,427.30382
2026-08-08 23:00:00+00:00,64950.62,64975.99,64936.01,64962.6,204.73811
2026-08-09 00:00:00+00:00,64962.6,64991.93,64958.17,64973.65,214.05253
2026-08-09 01:00:00+00:00,64973.65,65002.0,64838.33,64861.46,330.74593
2026-08-09 02:00:00+00:00,64861.46,64863.16,64777.92,64820.01,255.40052
2026-08-09 03:00:00+00:00,64820.01,64820.01,64730.08,64788.8,153.75776
2026-08-09 04:00:00+00:00,64788.8,64826.13,64785.0,64785.0,156.31772
2026-08-09 05:00:00+00:00,64785.01,64801.58,64777.0,64801.58,194.39306
2026-08-09 06:00:00+00:00,64801.57,64867.11,64801.57,64849.99,216.36529
2026-08-09 07:00:00+00:00,64850.0,64860.01,64826.14,64826.14,338.38864
2026-08-09 08:00:00+00:00,64826.15,64960.06,64792.1,64824.16,328.93534
2026-08-09 09:00:00+00:00,64824.17,64877.86,64809.68,64877.85,149.22124
2026-08-09 10:00:00+00:00,64877.86,64994.07,64877.85,64959.86,249.48898
2026-08-09 11:00:00+00:00,64959.87,65000.0,64950.0,64950.0,150.77221
2026-08-09 12:00:00+00:00,64950.01,64962.41,64914.73,64960.11,166.88575
2026-08-09 13:00:00+00:00,64960.12,65266.0,64960.11,65219.78,406.90586
2026-08-09 14:00:00+00:00,65219.78,65300.0,65150.95,65260.01,280.8075
2026-08-09 15:00:00+00:00,65260.01,65264.0,65214.0,65228.68,364.1864
2026-08-09 16:00:00+00:00,65228.68,65266.06,65182.36,65232.14,289.41282
2026-08-09 17:00:00+00:00,65232.15,65239.18,65198.68,65198.68,130.05099
2026-08-09 18:00:00+00:00,65198.68,65220.0,65192.0,65199.68,83.21999
2026-08-09 19:00:00+00:00,65199.69,65210.0,65179.72,65180.66,257.6312
2026-08-09 20:00:00+00:00,65180.66,65181.99,65046.25,65137.96,465.99754
2026-08-09 21:00:00+00:00,65137.96,65250.0,65115.05,65192.99,485.32235
2026-08-09 22:00:00+00:00,65192.99,65474.46,64971.41,65077.13,941.55321
2026-08-09 23:00:00+00:00,65077.13,65108.0,64842.59,64901.59,421.42323
2026-08-10 00:00:00+00:00,64901.59,65322.58,64826.78,64968.01,556.44925
2026-08-10 01:00:00+00:00,64968.21,65391.14,64900.0,65189.99,410.26148
2026-08-10 02:00:00+00:00,65190.0,65220.0,64903.54,65099.99,432.7132
2026-08-10 03:00:00+00:00,65099.99,65172.0,64904.99,64982.01,335.63049
2026-08-10 04:00:00+00:00,64982.0,65100.0,64924.0,65006.73,333.49313
2026-08-10 05:00:00+00:00,65006.74,65159.25,64979.88,65134.0,299.63603
2026-08-10 06:00:00+00:00,65134.0,65339.7,65130.01,65299.4,433.93661
2026-08-10 07:00:00+00:00,65299.4,65379.13,65196.53,65202.73,554.01187
2026-08-10 08:00:00+00:00,65202.72,65328.73,65192.0,65245.58,316.81156
2026-08-10 09:00:00+00:00,65245.59,65245.59,64958.87,64967.24,389.34609
2026-08-10 10:00:00+00:00,64967.25,65074.61,64967.24,65013.06,428.4961
2026-08-10 11:00:00+00:00,65013.07,65130.16,64977.93,65125.98,160.3373
2026-08-10 12:00:00+00:00,65125.99,65237.8,64850.0,64870.75,596.12387
2026-08-10 13:00:00+00:00,64870.74,64973.72,64518.01,64561.98,1297.24239
2026-08-10 14:00:00+00:00,64561.98,64888.32,64544.01,64625.77,650.29814
2026-08-10 15:00:00+00:00,64625.77,64711.43,64203.15,64299.99,1096.33991
2026-08-10 16:00:00+00:00,64299.99,64354.0,63830.57,63904.65,1498.06925
2026-08-10 17:00:00+00:00,63904.65,64027.12,63832.0,63953.04,1290.55418
2026-08-10 18:00:00+00:00,63953.04,64020.64,63806.27,63889.39,944.06538
2026-08-10 19:00:00+00:00,63889.39,64101.34,63888.01,64045.7,543.26284
2026-08-10 20:00:00+00:00,64045.7,64215.21,64023.06,64158.5,286.34235
2026-08-10 21:00:00+00:00,64158.49,64158.5,63987.0,63987.0,239.68387
2026-08-10 22:00:00+00:00,63987.0,64055.95,63944.0,64016.0,216.96727
2026-08-10 23:00:00+00:00,64015.99,64020.0,63920.69,63970.01,328.33621
2026-08-11 00:00:00+00:00,63970.01,64058.0,63895.64,64040.0,690.26826
2026-08-11 01:00:00+00:00,64040.01,64080.1,63958.2,64060.8,355.07512
2026-08-11 02:00:00+00:00,64060.8,64086.0,64030.0,64044.59,263.24469
2026-08-11 03:00:00+00:00,64044.6,64176.0,64044.59,64155.01,524.13513
2026-08-11 04:00:00+00:00,64155.0,64159.65,64021.02,64023.51,360.17249
2026-08-11 05:00:00+00:00,64023.51,64051.93,63964.0,64000.0,217.31247
2026-08-11 06:00:00+00:00,64000.0,64050.43,63852.0,63969.28,681.87714
2026-08-11 07:00:00+00:00,63969.29,64108.0,63911.09,64065.99,380.83043
2026-08-11 08:00:00+00:00,64066.0,64148.78,64044.72,64136.41,168.66039
2026-08-11 09:00:00+00:00,64136.41,64300.0,64121.51,64300.0,453.24003
2026-08-11 10:00:00+00:00,64300.0,64312.7,64200.0,64233.23,408.12036
2026-08-11 11:00:00+00:00,64233.23,64400.0,64233.23,64389.57,538.09782
2026-08-11 12:00:00+00:00,64389.58,64515.43,64274.57,64330.01,714.43565
2026-08-11 13:00:00+00:00,64330.0,64368.42,64050.0,64200.28,1390.7479
2026-08-11 14:00:00+00:00,64200.29,64263.83,63714.75,63770.03,985.02313
2026-08-11 15:00:00+00:00,63770.03,63868.0,63451.0,63609.87,1286.57237
2026-08-11 16:00:00+00:00,63609.86,63660.0,63459.54,63512.59,740.82749
2026-08-11 17:00:00+00:00,63512.59,63632.94,63461.88,63607.88,482.84238
2026-08-11 18:00:00+00:00,63607.87,63626.03,63251.59,63373.07,749.01907
2026-08-11 19:00:00+00:00,63373.07,63536.0,63238.0,63536.0,452.04779
2026-08-11 20:00:00+00:00,63536.0,63748.37,63536.0,63740.0,321.5572
2026-08-11 21:00:00+00:00,63740.0,63768.58,63622.0,63672.73,269.417
2026-08-11 22:00:00+00:00,63672.73,63768.0,63626.25,63668.49,253.27935
2026-08-11 23:00:00+00:00,63668.5,63668.5,63543.55,63600.0,204.82882
2026-08-12 00:00:00+00:00,63600.01,63745.53,63534.01,63742.07,247.42097
2026-08-12 01:00:00+00:00,63742.07,63855.5,63698.18,63813.8,499.92358
2026-08-12 02:00:00+00:00,63813.8,63908.01,63730.72,63749.76,612.29132
2026-08-12 03:00:00+00:00,63749.77,63845.91,63709.85,63835.59,538.85374
2026-08-12 04:00:00+00:00,63835.58,63891.42,63739.99,63769.58,568.35931
2026-08-12 05:00:00+00:00,63769.58,63869.56,63724.25,63849.94,540.4656
2026-08-12 06:00:00+00:00,63849.94,63849.94,63606.15,63711.97,563.28705
2026-08-12 07:00:00+00:00,63711.97,63838.0,63644.1,63837.99,458.43036
2026-08-12 08:00:00+00:00,63838.0,63867.2,63773.98,63794.94,303.11959
2026-08-12 09:00:00+00:00,63794.95,64130.47,63768.01,64108.81,553.52986
2026-08-12 10:00:00+00:00,64108.82,64218.0,64059.99,64143.36,996.13758
2026-08-12 11:00:00+00:00,64143.36,64249.5,64113.5,64240.04,414.30431
2026-08-12 12:00:00+00:00,64240.04,64500.0,63976.37,64119.71,1297.05947
2026-08-12 13:00:00+00:00,64119.72,64159.36,63840.0,63840.0,727.44098
2026-08-12 14:00:00+00:00,63840.0,63926.13,63362.74,63363.39,1163.88428
2026-08-12 15:00:00+00:00,63363.39,63570.01,63316.0,63441.47,771.05562
2026-08-12 16:00:00+00:00,63441.48,63578.0,63368.35,63492.12,487.79219
2026-08-12 17:00:00+00:00,63492.12,63556.0,63416.4,63471.0,292.36777
2026-08-12 18:00:00+00:00,63470.99,63522.56,63373.97,63386.59,396.92257
2026-08-12 19:00:00+00:00,63386.58,63465.13,63310.34,63421.11,381.53313
2026-08-12 20:00:00+00:00,63421.11,63600.0,63421.11,63599.99,307.26199
2026-08-12 21:00:00+00:00,63600.0,63661.24,63421.61,63469.83,267.57645
2026-08-12 22:00:00+00:00,63469.84,63536.0,63370.0,63432.28,240.00896
2026-08-12 23:00:00+00:00,63432.28,63482.89,63378.23,63479.99,998.04154
2026-08-13 00:00:00+00:00,63479.99,63717.31,63460.32,63556.92,406.77009
2026-08-13 01:00:00+00:00,63556.91,63631.67,63382.45,63456.11,317.88444
2026-08-13 02:00:00+00:00,63456.1,63582.0,63380.0,63550.01,458.1649
2026-08-13 03:00:00+00:00,63550.01,63686.4,63514.21,63646.99,401.71819
2026-08-13 04:00:00+00:00,63647.0,63778.0,63591.56,63693.74,223.42484
2026-08-13 05:00:00+00:00,63693.73,64010.0,63671.64,63878.0,500.10882
2026-08-13 06:00:00+00:00,63878.01,63942.36,63757.47,63942.35,256.03719
2026-08-13 07:00:00+00:00,63942.36,63947.09,63856.13,63865.84,533.09585
2026-08-13 08:00:00+00:00,63865.84,63915.0,63742.0,63766.8,439.81868
2026-08-13 09:00:00+00:00,63766.8,63786.49,63587.99,63782.64,337.82326
2026-08-13 10:00:00+00:00,63782.65,63818.16,63586.0,63651.19,317.79982
2026-08-13 11:00:00+00:00,63651.2,63660.76,63350.0,63484.3,355.63538
2026-08-13 12:00:00+00:00,63484.31,63710.0,63450.0,63697.76,384.47294
2026-08-13 13:00:00+00:00,63697.76,63850.0,63566.0,63724.0,561.86509
2026-08-13 14:00:00+00:00,63723.99,63999.0,63686.0,63859.45,669.38212
2026-08-13 15:00:00+00:00,63859.46,63940.08,63420.0,63420.01,505.15868
2026-08-13 16:00:00+00:00,63420.01,63568.97,62802.27,63160.13,1752.37181
2026-08-13 17:00:00+00:00,63160.13,63294.61,63074.44,63144.38,644.48394
2026-08-13 18:00:00+00:00,63144.37,63369.63,63105.44,63310.0,325.89181
2026-08-13 19:00:00+00:00,63310.0,63519.39,63310.0,63407.99,349.14796
2026-08-13 20:00:00+00:00,63408.0,63474.34,63368.0,63415.55,239.68311
2026-08-13 21:00:00+00:00,63415.56,63500.0,63390.0,63474.0,188.33344
2026-08-13 22:00:00+00:00,63474.0,63640.0,63473.99,63530.01,226.97651
2026-08-13 23:00:00+00:00,63530.01,63539.03,63400.0,63490.86,397.80966
2026-08-14 00:00:00+00:00,63490.86,63552.99,63410.0,63541.45,377.80366
2026-08-14 01:00:00+00:00,63541.45,63585.92,63458.0,63575.86,310.91391
2026-08-14 02:00:00+00:00,63575.86,63617.45,63465.38,63465.39,489.39475
2026-08-14 03:00:00+00:00,63465.39,63576.0,63301.58,63310.0,296.84163
2026-08-14 04:00:00+00:00,63310.0,63472.5,63276.0,63372.56,530.66039
2026-08-14 05:00:00+00:00,63372.56,63400.3,63286.67,63379.83,201.71573
2026-08-14 06:00:00+00:00,63379.83,63379.83,62942.0,62974.14,627.73261
2026-08-14 07:00:00+00:00,62974.14,63110.0,62920.0,62920.78,730.23378
2026-08-14 08:00:00+00:00,62920.78,62997.83,62700.0,62940.01,892.48443
2026-08-14 09:00:00+00:00,62940.01,62940.01,62744.0,62792.75,501.14919
2026-08-14 10:00:00+00:00,62792.75,62946.0,62739.98,62814.14,598.55074
2026-08-14 11:00:00+00:00,62814.14,62936.82,62814.0,62868.83,444.92265
2026-08-14 12:00:00+00:00,62868.83,62913.3,62726.26,62741.69,486.51649
2026-08-14 13:00:00+00:00,62741.68,62822.33,62605.0,62668.0,987.78817
2026-08-14 14:00:00+00:00,62668.0,62797.88,62535.24,62620.01,998.23888
2026-08-14 15:00:00+00:00,62620.01,63089.18,62612.0,62990.95,988.09918
2026-08-14 16:00:00+00:00,62990.94,63215.58,62966.86,63133.48,566.22185
2026-08-14 17:00:00+00:00,63133.49,63247.05,63000.0,63013.69,454.05828
2026-08-14 18:00:00+00:00,63013.7,63088.21,62894.85,62930.01,367.77038
2026-08-14 19:00:00+00:00,62930.01,62996.0,62830.0,62968.05,394.98545
2026-08-14 20:00:00+00:00,62968.06,63020.74,62896.85,62907.59,359.43765
2026-08-14 21:00:00+00:00,62907.59,62937.22,62873.25,62928.49,179.646
2026-08-14 22:00:00+00:00,62928.49,62957.28,62800.0,62886.88,226.57205
2026-08-14 23:00:00+00:00,62886.87,63066.13,62865.03,63043.56,329.09114
2026-08-15 00:00:00+00:00,63043.56,63059.5,62992.91,63019.88,208.64233
2026-08-15 01:00:00+00:00,63019.89,63051.78,62993.57,63045.13,485.23532
2026-08-15 02:00:00+00:00,63045.14,63134.82,63035.95,63134.41,243.54429
2026-08-15 03:00:00+00:00,63134.41,63187.98,63039.99,63051.25,184.46775
2026-08-15 04:00:00+00:00,63051.25,63151.65,63051.25,63122.0,172.30243
2026-08-15 05:00:00+00:00,63122.01,63155.76,63039.99,63089.0,213.28052
2026-08-15 06:00:00+00:00,63089.0,63134.84,63027.89,63114.68,373.75318
2026-08-15 07:00:00+00:00,63114.68,63134.83,63042.0,63075.43,688.73174
2026-08-15 08:00:00+00:00,63075.43,63085.8,62933.71,62935.72,177.99645
2026-08-15 09:00:00+00:00,62935.72,63045.83,62920.0,63030.38,183.99371
2026-08-15 10:00:00+00:00,63030.39,63051.74,63002.12,63046.1,79.58111
2026-08-15 11:00:00+00:00,63046.1,63054.69,62996.85,63022.01,175.71191
2026-08-15 12:00:00+00:00,63022.01,63055.36,62946.58,63050.13,109.73402
2026-08-15 13:00:00+00:00,63050.12,63080.88,63028.11,63060.35,132.2968
2026-08-15 14:00:00+00:00,63060.34,63060.35,62996.77,63040.0,244.03751
2026-08-15 15:00:00+00:00,63040.01,63120.09,63032.0,63100.55,214.37562
2026-08-15 16:00:00+00:00,63100.55,63124.99,63066.73,63096.63,202.83972
2026-08-15 17:00:00+00:00,63096.62,63100.69,63066.21,63070.5,96.56413
2026-08-15 18:00:00+00:00,63070.49,63115.58,63044.37,63057.58,294.79086
2026-08-15 19:00:00+00:00,63057.58,63127.4,63057.57,63126.08,516.06271
2026-08-15 20:00:00+00:00,63126.07,63126.08,63076.96,63103.29,55.31906
2026-08-15 21:00:00+00:00,63103.29,63168.95,63103.29,63159.04,170.99952
2026-08-15 22:00:00+00:00,63159.04,63175.0,63135.52,63135.52,95.56932
2026-08-15 23:00:00+00:00,63135.52,63139.96,63086.0,63086.01,85.33037
2026-08-16 00:00:00+00:00,63086.01,63086.01,63061.47,63085.82,94.57372
2026-08-16 01:00:00+00:00,63085.81,63085.82,63012.0,63084.78,180.55557
2026-08-16 02:00:00+00:00,63084.78,63151.59,63024.22,63121.91,245.34897
2026-08-16 03:00:00+00:00,63121.92,63130.01,63115.61,63130.0,105.94774
2026-08-16 04:00:00+00:00,63130.01,63158.8,63090.0,63090.01,130.32114
2026-08-16 05:00:00+00:00,63090.0,63094.0,63040.0,63069.43,235.12057
2026-08-16 06:00:00+00:00,63069.43,63083.79,63043.21,63069.31,280.31849
2026-08-16 07:00:00+00:00,63069.32,63069.32,63054.34,63061.02,146.93998
2026-08-16 08:00:00+00:00,63061.03,63079.76,63061.02,63072.42,108.9221
2026-08-16 09:00:00+00:00,63072.43,63072.43,62968.45,62992.69,290.93169
2026-08-16 10:00:00+00:00,62992.68,63013.62,62968.45,63008.57,133.29459
2026-08-16 11:00:00+00:00,63008.56,63013.66,62981.93,63013.66,213.61707
2026-08-16 12:00:00+00:00,63013.66,63025.42,62997.77,63021.98,78.74312
2026-08-16 13:00:00+00:00,63021.99,63070.05,63021.98,63060.01,146.76198
2026-08-16 14:00:00+00:00,63060.01,63102.86,63060.0,63102.85,159.23473
2026-08-16 15:00:00+00:00,63102.86,63146.4,63102.86,63146.39,173.3934
2026-08-16 16:00:00+00:00,63146.39,63390.0,63137.35,63260.01,394.04188
2026-08-16 17:00:00+00:00,63260.0,63276.61,63120.22,63159.3,190.81967
2026-08-16 18:00:00+00:00,63159.31,63173.71,63120.0,63140.06,89.92171
2026-08-16 19:00:00+00:00,63140.05,63230.0,63100.89,63108.81,186.2917
2026-08-16 20:00:00+00:00,63108.8,63140.0,63027.6,63067.79,122.98382
2026-08-16 21:00:00+00:00,63067.79,63085.15,62754.0,62929.61,328.59983
2026-08-16 22:00:00+00:00,62929.61,62954.0,62716.0,62913.7,453.8874
2026-08-16 23:00:00+00:00,62913.7,62993.77,62830.0,62900.0,246.66048
2026-08-17 00:00:00+00:00,62900.0,62956.0,62751.1,62917.54,577.24276
2026-08-17 01:00:00+00:00,62917.54,63246.91,62896.0,63116.12,495.52019
2026-08-17 02:00:00+00:00,63116.12,63500.0,63037.09,63403.34,459.80516
2026-08-17 03:00:00+00:00,63403.33,63520.0,63339.78,63429.21,637.65934
2026-08-17 04:00:00+00:00,63429.21,63580.0,63429.21,63532.44,714.19197
2026-08-17 05:00:00+00:00,63532.43,63594.76,63446.59,63520.18,770.70619
2026-08-17 06:00:00+00:00,63520.18,63717.17,63477.95,63667.99,312.69187
2026-08-17 07:00:00+00:00,63668.0,63668.0,63500.0,63514.45,696.41924
2026-08-17 08:00:00+00:00,63514.45,63545.08,63350.0,63380.84,520.36494
2026-08-17 09:00:00+00:00,63380.83,63428.0,63295.0,63323.96,311.26926
2026-08-17 10:00:00+00:00,63323.97,63694.26,63300.25,63692.21,683.00101
2026-08-17 11:00:00+00:00,63692.2,63781.69,63587.05,63631.1,428.28018
2026-08-17 12:00:00+00:00,63631.11,63680.0,63533.06,63554.69,405.66003
2026-08-17 13:00:00+00:00,63554.7,63799.64,63444.17,63672.36,585.29579
2026-08-17 14:00:00+00:00,63672.37,63904.76,63588.0,63902.63,583.47166
2026-08-17 15:00:00+00:00,63902.63,64227.27,63812.35,64200.0,1356.1435
2026-08-17 16:00:00+00:00,64200.0,64216.42,64058.0,64115.76,671.84426
2026-08-17 17:00:00+00:00,64115.76,64425.0,63979.3,64325.99,1418.9831
2026-08-17 18:00:00+00:00,64325.99,64610.01,64280.49,64428.87,1040.45275
2026-08-17 19:00:00+00:00,64428.88,64428.88,64288.35,64309.96,452.68874
2026-08-17 20:00:00+00:00,64309.95,64434.0,64266.0,64392.73,244.13801
2026-08-17 21:00:00+00:00,64392.72,64434.76,64296.0,64382.02,218.14648
2026-08-17 22:00:00+00:00,64382.02,64416.0,64283.49,64291.25,321.62233
2026-08-17 23:00:00+00:00,64291.26,64578.0,64288.24,64532.1,350.04837
2026-08-18 00:00:00+00:00,64532.11,64568.46,64367.27,64383.71,332.9031
2026-08-18 01:00:00+00:00,64383.72,64387.71,64156.0,64200.06,378.48537
2026-08-18 02:00:00+00:00,64200.06,64272.0,64048.0,64103.22,442.34864
2026-08-18 03:00:00+00:00,64103.22,64195.45,64047.73,64185.01,577.49413
2026-08-18 04:00:00+00:00,64185.0,64250.69,64090.0,64210.32,739.25374
2026-08-18 05:00:00+00:00,64210.33,64276.0,64140.0,64242.76,1323.90812
2026-08-18 06:00:00+00:00,64242.76,64446.0,64170.0,64318.03,694.7657
2026-08-18 07:00:00+00:00,64318.03,64350.0,64164.0,64198.97,394.05527
2026-08-18 08:00:00+00:00,64198.97,64336.0,64087.98,64296.02,402.40674
2026-08-18 09:00:00+00:00,64296.01,64296.01,64140.0,64171.95,269.49893
2026-08-18 10:00:00+00:00,64171.95,64216.0,64123.42,64202.8,219.75251
2026-08-18 11:00:00+00:00,64202.81,64402.35,64192.42,64351.19,310.52659
2026-08-18 12:00:00+00:00,64351.18,64355.64,64218.45,64230.02,236.94493
2026-08-18 13:00:00+00:00,64230.02,64284.0,64027.85,64219.99,1179.78725
2026-08-18 14:00:00+00:00,64219.99,65058.81,64219.99,64714.16,1757.31459
2026-08-18 15:00:00+00:00,64714.16,64888.0,64652.0,64855.06,513.17463
2026-08-18 16:00:00+00:00,64855.06,64891.81,64675.5,64840.0,419.07089
2026-08-18 17:00:00+00:00,64840.0,64840.01,64670.02,64670.02,400.18777
2026-08-18 18:00:00+00:00,64670.02,64822.0,64656.0,64772.0,219.3896
2026-08-18 19:00:00+00:00,64771.99,64796.0,64642.36,64643.26,185.09854
2026-08-18 20:00:00+00:00,64643.27,64654.87,64568.0,64582.39,191.92081
2026-08-18 21:00:00+00:00,64582.38,64653.97,64571.48,64604.58,187.67225
2026-08-18 22:00:00+00:00,64604.58,64648.0,64562.25,64634.0,200.09422
2026-08-18 23:00:00+00:00,64634.0,64780.0,64631.15,64725.42,213.8588
2026-08-19 00:00:00+00:00,64725.42,64736.27,64488.0,64488.0,247.80518
2026-08-19 01:00:00+00:00,64488.0,64551.47,64389.27,64400.48,314.2814
2026-08-19 02:00:00+00:00,64400.47,64414.65,64350.0,64351.9,547.93834
2026-08-19 03:00:00+00:00,64351.86,64414.0,64278.0,64330.71,258.70445
2026-08-19 04:00:00+00:00,64330.7,64391.8,64293.43,64316.22,402.06932
2026-08-19 05:00:00+00:00,64316.22,64409.93,64236.0,64236.01,258.31718
2026-08-19 06:00:00+00:00,64236.01,64344.0,64166.0,64339.8,531.39508
2026-08-19 07:00:00+00:00,64339.8,64395.78,64271.78,64296.0,630.66386
2026-08-19 08:00:00+00:00,64296.01,64510.95,64255.0,64413.95,381.23164
2026-08-19 09:00:00+00:00,64413.95,64470.66,64360.7,64427.06,228.1951
2026-08-19 10:00:00+00:00,64427.07,64456.71,64373.24,64456.71,262.84871
2026-08-19 11:00:00+00:00,64456.71,64539.05,64454.99,64515.63,286.02228
2026-08-19 12:00:00+00:00,64515.62,64988.0,64474.86,64882.15,785.09851
2026-08-19 13:00:00+00:00,64882.15,65217.86,64793.29,65012.12,1619.46727
2026-08-19 14:00:00+00:00,65012.12,65970.0,65012.11,65923.21,2365.56793
2026-08-19 15:00:00+00:00,65923.21,69500.0,65892.0,68554.0,9262.86965
2026-08-19 16:00:00+00:00,68554.0,68997.0,68416.36,68465.27,2013.58518
2026-08-19 17:00:00+00:00,68465.26,68546.22,67825.03,68197.29,1708.46485
2026-08-19 18:00:00+00:00,68197.3,68453.43,68042.0,68395.99,626.01288
2026-08-19 19:00:00+00:00,68396.0,68483.52,68103.71,68429.44,730.52396
2026-08-19 20:00:00+00:00,68429.44,69579.99,68390.0,69048.06,1419.23549
2026-08-19 21:00:00+00:00,69048.06,70000.0,68984.78,69709.46,2102.52662
2026-08-19 22:00:00+00:00,69709.47,69833.99,68980.0,69258.9,1240.65644
2026-08-19 23:00:00+00:00,69258.9,69453.88,69160.0,69334.79,830.81844
2026-08-20 00:00:00+00:00,69334.78,69793.21,69314.01,69420.0,1392.50902
2026-08-20 01:00:00+00:00,69420.0,69894.5,69283.25,69721.92,864.23959
2026-08-20 02:00:00+00:00,69721.92,69824.0,69268.0,69301.27,929.59108
2026-08-20 03:00:00+00:00,69301.27,69340.0,68902.22,69195.64,941.77624
2026-08-20 04:00:00+00:00,69195.64,69599.01,69166.0,69492.01,712.36152
2026-08-20 05:00:00+00:00,69492.0,69668.0,69349.16,69406.54,1261.47615
2026-08-20 06:00:00+00:00,69406.53,69927.97,69336.97,69851.99,1346.47743
2026-08-20 07:00:00+00:00,69851.99,70022.0,69506.91,69816.45,2107.14536
2026-08-20 08:00:00+00:00,69816.45,71826.26,69772.36,71592.1,4173.84476
2026-08-20 09:00:00+00:00,71592.11,72067.46,71500.0,71789.97,3166.23325
2026-08-20 10:00:00+00:00,71789.97,72490.0,71686.58,71995.99,2350.9646
2026-08-20 11:00:00+00:00,71995.99,72322.0,71820.0,71927.07,1357.58479
2026-08-20 12:00:00+00:00,71927.07,72015.42,71501.0,71952.04,1576.86402
2026-08-20 13:00:00+00:00,71952.04,72108.8,71132.0,71691.99,2151.9086
2026-08-20 14:00:00+00:00,71692.0,71990.09,71364.01,71826.85,1441.04171
2026-08-20 15:00:00+00:00,71826.85,72830.0,71789.01,72470.83,2926.7352
2026-08-20 16:00:00+00:00,72470.84,72905.0,72205.88,72837.15,1324.40386
2026-08-20 17:00:00+00:00,72837.15,72966.0,72534.71,72737.5,1268.41951
2026-08-20 18:00:00+00:00,72737.51,72810.0,72394.0,72431.36,968.00662
2026-08-20 19:00:00+00:00,72431.35,72774.0,72330.0,72690.76,818.65084
2026-08-20 20:00:00+00:00,72690.76,73110.7,72594.0,72671.75,871.61952
2026-08-20 21:00:00+00:00,72671.76,72848.0,72557.0,72741.81,501.87504
2026-08-20 22:00:00+00:00,72741.81,72878.0,72498.0,72676.22,520.26326
2026-08-20 23:00:00+00:00,72676.23,73400.0,72664.56,73025.15,930.8009
2026-08-21 00:00:00+00:00,73027.02,73990.0,73027.02,73708.02,1919.94005
2026-08-21 01:00:00+00:00,73707.82,75785.82,73668.0,75129.23,3173.32947
2026-08-21 02:00:00+00:00,75129.23,75197.08,74384.63,74439.74,1716.15486
2026-08-21 03:00:00+00:00,74439.75,74882.24,74247.46,74510.77,1039.80072
2026-08-21 04:00:00+00:00,74510.77,75054.46,74510.77,75026.0,825.51685
2026-08-21 05:00:00+00:00,75026.0,75500.0,74918.79,75472.73,1138.68225
2026-08-21 06:00:00+00:00,75472.73,75753.0,75104.0,75646.21,1382.10073
2026-08-21 07:00:00+00:00,75646.2,76916.95,75620.0,76308.65,3775.56433
2026-08-21 08:00:00+00:00,76308.66,79500.0,76235.76,79258.03,4366.47306
2026-08-21 09:00:00+00:00,79258.02,79363.79,77251.0,77910.71,4167.07817
2026-08-21 10:00:00+00:00,77910.71,78250.0,77621.8,77810.02,1604.18384
2026-08-21 11:00:00+00:00,77810.01,77855.78,76411.38,76722.32,2387.74046
2026-08-21 12:00:00+00:00,76722.31,77477.24,76538.0,77223.66,2680.17653
2026-08-21 13:00:00+00:00,77223.66,77700.0,76243.04,77266.87,2022.51306
2026-08-21 14:00:00+00:00,77266.88,77448.26,76552.74,77384.68,1855.76373
2026-08-21 15:00:00+00:00,77384.69,77871.33,77170.0,77221.98,1316.36575
2026-08-21 16:00:00+00:00,77221.98,77563.53,76784.81,77486.01,1368.21973
2026-08-21 17:00:00+00:00,77486.01,77722.12,77189.95,77392.68,1099.33856
2026-08-21 18:00:00+00:00,77392.69,77550.0,76643.72,77146.0,1247.39698
2026-08-21 19:00:00+00:00,77145.99,77360.0,76856.2,77028.94,1151.33799
2026-08-21 20:00:00+00:00,77028.94,77548.99,76863.56,77520.19,905.49008
2026-08-21 21:00:00+00:00,77520.19,78675.1,77388.0,78505.15,1351.97974
2026-08-21 22:00:00+00:00,78505.14,78760.68,78081.8,78460.14,1022.8221
2026-08-21 23:00:00+00:00,78460.13,78720.0,78100.26,78338.03,821.59664
2026-08-22 00:00:00+00:00,78338.03,78500.0,77683.37,77953.3,822.10615
2026-08-22 01:00:00+00:00,77953.3,78234.0,77816.66,77830.01,612.96043
2026-08-22 02:00:00+00:00,77830.01,78563.83,77791.19,78470.0,965.16893
2026-08-22 03:00:00+00:00,78470.0,78828.15,78372.0,78410.98,734.8031
2026-08-22 04:00:00+00:00,78410.98,78818.0,78207.61,78470.0,738.35305
2026-08-22 05:00:00+00:00,78470.0,78584.0,76500.0,77380.75,3816.352
2026-08-22 06:00:00+00:00,77380.75,77572.16,76985.14,77486.09,838.31259
2026-08-22 07:00:00+00:00,77486.09,77669.28,77220.0,77289.18,634.34953
2026-08-22 08:00:00+00:00,77289.18,77445.6,77037.42,77210.55,870.47609
2026-08-22 09:00:00+00:00,77210.55,77395.04,76851.25,77061.99,1089.30988
2026-08-22 10:00:00+00:00,77062.0,77187.46,76533.87,76976.0,1058.83574
2026-08-22 11:00:00+00:00,76976.01,77204.68,76772.05,77130.02,729.38003
2026-08-22 12:00:00+00:00,77130.01,77387.99,77073.86,77300.27,529.84412
2026-08-22 13:00:00+00:00,77300.27,77362.03,77116.0,77288.62,471.5874
2026-08-22 14:00:00+00:00,77288.62,77305.14,76930.0,77003.62,534.05012
2026-08-22 15:00:00+00:00,77003.62,77100.77,76880.0,76978.83,465.28762
2026-08-22 16:00:00+00:00,76978.83,77547.96,76956.36,77288.01,537.52059
2026-08-22 17:00:00+00:00,77288.01,77369.99,77066.66,77278.01,367.89271
2026-08-22 18:00:00+00:00,77278.01,77360.92,77138.0,77257.86,246.33381
2026-08-22 19:00:00+00:00,77257.87,77469.64,77206.53,77418.25,260.41653
2026-08-22 20:00:00+00:00,77418.26,77467.53,77258.0,77311.69,351.69043
2026-08-22 21:00:00+00:00,77311.69,77311.69,76828.78,76856.01,472.54194
2026-08-22 22:00:00+00:00,76856.0,77155.46,76772.0,76997.76,933.98314
2026-08-22 23:00:00+00:00,76997.77,77126.53,76900.0,77074.93,442.95254
2026-08-23 00:00:00+00:00,77074.94,77359.53,77042.91,77302.65,422.64795
2026-08-23 01:00:00+00:00,77302.65,77400.0,77158.0,77190.29,315.9346
2026-08-23 02:00:00+00:00,77190.29,77232.55,77005.88,77079.46,272.44621
2026-08-23 03:00:00+00:00,77079.46,77136.78,76837.0,76927.87,542.03792
2026-08-23 04:00:00+00:00,76927.87,77036.58,76477.04,76602.0,1142.31377
2026-08-23 05:00:00+00:00,76602.0,76730.99,75545.67,76053.37,2021.52468
2026-08-23 06:00:00+00:00,76053.38,76357.51,75872.89,76096.95,788.44492
2026-08-23 07:00:00+00:00,76096.96,76345.31,75907.82,76007.13,498.42122
2026-08-23 08:00:00+00:00,76007.12,76654.78,75952.09,76486.49,773.49224
2026-08-23 09:00:00+00:00,76486.49,76640.21,76467.0,76549.98,346.37256
2026-08-23 10:00:00+00:00,76549.99,76924.29,76542.0,76790.35,533.71157
2026-08-23 11:00:00+00:00,76790.35,77400.0,76744.94,77311.02,784.82342
2026-08-23 12:00:00+00:00,77311.02,77311.99,76975.63,77206.0,446.59889
2026-08-23 13:00:00+00:00,77206.01,77765.8,77192.21,77487.62,955.92825
2026-08-23 14:00:00+00:00,77487.62,77640.58,76802.0,77186.0,1015.68445
2026-08-23 15:00:00+00:00,77186.0,77336.93,76913.49,77156.13,562.15936
2026-08-23 16:00:00+00:00,77156.14,77475.0,77156.13,77429.88,303.2396
2026-08-23 17:00:00+00:00,77429.87,77443.95,77148.2,77176.41,396.15987
2026-08-23 18:00:00+00:00,77176.41,77415.33,77116.0,77341.98,670.17194
2026-08-23 19:00:00+00:00,77341.99,77487.04,77255.99,77346.01,294.93858
2026-08-23 20:00:00+00:00,77346.0,77460.0,77200.03,77401.6,169.97755
2026-08-23 21:00:00+00:00,77401.59,78052.85,77401.59,77833.23,861.63202
2026-08-23 22:00:00+00:00,77833.23,77979.0,77560.02,77598.88,587.36494
2026-08-23 23:00:00+00:00,77598.87,77829.7,77290.22,77734.0,661.20534
2026-08-24 00:00:00+00:00,77734.0,77742.0,77142.85,77679.5,630.62998
2026-08-24 01:00:00+00:00,77679.51,77717.28,76918.0,76922.1,853.47221
2026-08-24 02:00:00+00:00,76922.11,77545.08,76883.61,77478.69,732.4439
2026-08-24 03:00:00+00:00,77478.7,77532.37,76933.0,76933.02,1447.49069
2026-08-24 04:00:00+00:00,76933.02,77247.12,76670.01,76897.44,1191.36747
2026-08-24 05:00:00+00:00,76897.44,77226.93,76842.72,77149.4,884.51745
2026-08-24 06:00:00+00:00,77149.39,77525.09,77071.0,77464.33,745.9839
2026-08-24 07:00:00+00:00,77464.33,77790.19,77281.68,77307.15,681.33125
2026-08-24 08:00:00+00:00,77307.14,77414.88,76838.0,77041.47,921.46444
2026-08-24 09:00:00+00:00,77041.46,77602.8,77028.0,77554.08,523.00977
2026-08-24 10:00:00+00:00,77554.08,78017.0,77534.09,77617.22,1113.08488
2026-08-24 11:00:00+00:00,77617.23,78600.0,77450.0,78443.65,1324.46087
2026-08-24 12:00:00+00:00,78443.65,79326.48,77982.0,79159.99,1858.84351
2026-08-24 13:00:00+00:00,79159.98,79450.0,77851.9,78597.99,3300.58408
2026-08-24 14:00:00+00:00,78597.99,79841.12,78597.99,79510.92,3230.14333
2026-08-24 15:00:00+00:00,79510.93,80000.0,78824.78,79100.01,3666.17565
2026-08-24 16:00:00+00:00,79100.01,79877.87,78901.1,79047.6,1877.28842
2026-08-24 17:00:00+00:00,79047.61,79198.0,78468.61,78761.14,1637.93002
2026-08-24 18:00:00+00:00,78761.14,79084.22,78718.01,78928.35,783.83103
2026-08-24 19:00:00+00:00,78928.35,79118.42,78600.0,78758.0,1063.06502
2026-08-24 20:00:00+00:00,78757.99,78996.0,78560.0,78932.33,421.20967
2026-08-24 21:00:00+00:00,78932.33,79049.4,78853.43,78984.23,302.47665
2026-08-24 22:00:00+00:00,78984.23,78988.0,78692.0,78740.0,351.77026
2026-08-24 23:00:00+00:00,78740.0,79017.76,78622.13,78992.75,636.71946
2026-08-25 00:00:00+00:00,78992.76,79888.0,78715.63,79739.99,1133.49463
2026-08-25 01:00:00+00:00,79739.99,79985.41,79478.0,79828.0,1067.23419
2026-08-25 02:00:00+00:00,79828.0,81272.62,79742.0,80649.63,3314.90532
2026-08-25 03:00:00+00:00,80649.62,80956.0,80314.31,80488.01,1359.49076
2026-08-25 04:00:00+00:00,80488.01,80608.0,80150.0,80363.73,898.81211
2026-08-25 05:00:00+00:00,80363.74,80821.53,80322.0,80731.9,994.03992
2026-08-25 06:00:00+00:00,80731.9,80923.69,80420.0,80574.09,745.39881
2026-08-25 07:00:00+00:00,80574.09,80819.67,79369.17,79705.79,1307.68383
2026-08-25 08:00:00+00:00,79705.79,80249.0,79622.0,79930.77,788.31559
2026-08-25 09:00:00+00:00,79930.76,79958.0,78888.0,79187.2,1475.2851
2026-08-25 10:00:00+00:00,79187.2,79484.01,78992.0,79309.63,836.94668
2026-08-25 11:00:00+00:00,79309.63,79463.59,79044.18,79117.99,617.29432
2026-08-25 12:00:00+00:00,79118.0,79171.88,78640.0,78980.0,1007.3407
2026-08-25 13:00:00+00:00,78980.01,79222.0,78120.74,78647.99,1734.1222
2026-08-25 14:00:00+00:00,78648.0,79386.94,78531.55,79235.99,1216.06528
2026-08-25 15:00:00+00:00,79236.0,79527.09,79020.04,79502.01,794.08262
2026-08-25 16:00:00+00:00,79502.01,79563.71,79067.72,79156.02,676.1787
2026-08-25 17:00:00+00:00,79156.02,79256.08,78752.06,79240.01,747.28203
2026-08-25 18:00:00+00:00,79240.02,79380.0,79048.44,79128.0,469.50082
2026-08-25 19:00:00+00:00,79128.01,79233.57,78728.35,78925.95,702.86873
2026-08-25 20:00:00+00:00,78925.96,78976.0,78165.27,78206.13,777.55096
2026-08-25 21:00:00+00:00,78206.14,78664.0,77851.0,78570.0,840.88883
2026-08-25 22:00:00+00:00,78569.99,79000.0,78569.99,78889.51,577.33833
2026-08-25 23:00:00+00:00,78889.51,78977.49,78396.88,78539.14,690.39348
2026-08-26 00:00:00+00:00,78539.13,78721.48,78312.0,78631.79,680.65038
2026-08-26 01:00:00+00:00,78631.7,78960.0,78607.29,78815.13,572.39774
2026-08-26 02:00:00+00:00,78815.13,79251.6,78748.56,79108.0,505.52805
2026-08-26 03:00:00+00:00,79108.01,79184.0,78900.0,79088.62,453.50631
2026-08-26 04:00:00+00:00,79088.61,79200.0,78790.68,78826.0,482.93427
2026-08-26 05:00:00+00:00,78826.0,79143.62,78638.0,79085.98,515.23689
2026-08-26 06:00:00+00:00,79085.98,79206.0,78816.0,78947.92,459.3577
2026-08-26 07:00:00+00:00,78947.92,79096.0,78867.0,78925.56,516.24118
2026-08-26 08:00:00+00:00,78925.57,79119.37,78600.0,78707.59,995.42693
2026-08-26 09:00:00+00:00,78707.59,78877.02,78244.83,78444.49,553.36821
2026-08-26 10:00:00+00:00,78444.5,78879.75,78291.09,78727.45,367.28381
2026-08-26 11:00:00+00:00,78727.46,78782.0,78317.0,78487.26,413.44093
2026-08-26 12:00:00+00:00,78487.26,78713.79,77918.25,78319.59,1022.94925
2026-08-26 13:00:00+00:00,78319.58,78554.0,77913.19,78448.66,943.22287
2026-08-26 14:00:00+00:00,78448.66,78603.41,77774.0,77790.48,1051.14695
2026-08-26 15:00:00+00:00,77790.48,78167.26,77632.58,78011.65,712.24119
2026-08-26 16:00:00+00:00,78011.64,78161.73,77858.0,77991.3,600.54786
2026-08-26 17:00:00+00:00,77991.29,78603.0,77991.29,78442.83,585.12324
2026-08-26 18:00:00+00:00,78442.84,78650.26,78280.01,78472.41,337.24489
2026-08-26 19:00:00+00:00,78472.41,78572.0,78292.0,78475.49,466.85134
2026-08-26 20:00:00+00:00,78475.49,78521.7,78200.0,78452.04,322.22426
2026-08-26 21:00:00+00:00,78452.04,78845.06,78392.19,78724.01,428.48439
2026-08-26 22:00:00+00:00,78724.0,78975.85,78554.0,78700.0,931.26213
2026-08-26 23:00:00+00:00,78700.0,79174.12,78654.0,79023.75,697.0881
2026-08-27 00:00:00+00:00,79023.75,79028.49,78690.01,78690.01,527.82725
2026-08-27 01:00:00+00:00,78690.02,79017.99,78546.13,78898.67,520.71745
2026-08-27 02:00:00+00:00,78898.68,78978.0,78704.62,78717.76,429.02181
2026-08-27 03:00:00+00:00,78717.76,78990.0,78643.23,78830.68,357.29079
2026-08-27 04:00:00+00:00,78830.68,78900.0,78684.18,78783.99,181.61392
2026-08-27 05:00:00+00:00,78783.99,78928.0,78600.0,78912.55,297.32854
2026-08-27 06:00:00+00:00,78912.54,78912.55,78604.78,78817.49,399.15003
2026-08-27 07:00:00+00:00,78817.5,79095.99,78754.0,79082.17,345.94116
2026-08-27 08:00:00+00:00,79082.18,80022.0,79048.0,79755.99,1705.62217
2026-08-27 09:00:00+00:00,79756.0,80520.0,79683.09,79986.0,1131.87984
2026-08-27 10:00:00+00:00,79986.0,80158.15,79342.0,79626.0,684.67175
2026-08-27 11:00:00+00:00,79625.99,79766.3,79172.65,79477.67,621.11446
2026-08-27 12:00:00+00:00,79477.66,79596.0,79266.0,79282.31,505.96518
2026-08-27 13:00:00+00:00,79282.31,79568.0,78920.0,79533.15,1143.32188
2026-08-27 14:00:00+00:00,79533.16,80388.0,79354.47,80204.05,1464.1918
2026-08-27 15:00:00+00:00,80204.06,80799.91,80094.0,80302.32,1415.34964
2026-08-27 16:00:00+00:00,80302.32,80624.0,80189.39,80374.0,957.98058
2026-08-27 17:00:00+00:00,80374.0,80848.74,80230.0,80442.46,973.76075
2026-08-27 18:00:00+00:00,80442.47,80442.47,79749.7,80150.69,662.82544
2026-08-27 19:00:00+00:00,80150.69,80294.11,79886.0,79910.19,514.60852
2026-08-27 20:00:00+00:00,79910.19,80120.0,79882.86,80096.0,282.87253
2026-08-27 21:00:00+00:00,80096.0,80184.0,79975.74,80184.0,278.41542
2026-08-27 22:00:00+00:00,80184.0,80432.36,80150.0,80303.21,534.24073
2026-08-27 23:00:00+00:00,80303.21,80393.6,80134.0,80249.58,329.82531
2026-08-28 00:00:00+00:00,80249.59,80705.37,80153.99,80576.0,516.59696
2026-08-28 01:00:00+00:00,80575.99,81478.87,80434.15,80500.38,1463.05089
2026-08-28 02:00:00+00:00,80500.38,80500.38,79723.02,79926.11,1190.20509
2026-08-28 03:00:00+00:00,79926.11,80060.01,79775.61,79810.49,530.69453
2026-08-28 04:00:00+00:00,79810.48,79970.5,79603.81,79643.81,562.86792
2026-08-28 05:00:00+00:00,79643.8,79872.6,79558.11,79686.0,326.58104
2026-08-28 06:00:00+00:00,79686.0,79999.0,79685.99,79904.21,359.1323
2026-08-28 07:00:00+00:00,79904.21,79904.21,79573.36,79660.0,1018.10642
2026-08-28 08:00:00+00:00,79660.0,79840.0,79480.0,79516.78,526.20796
2026-08-28 09:00:00+00:00,79516.77,79516.78,79259.43,79285.19,541.74443
2026-08-28 10:00:00+00:00,79285.19,79571.99,79001.01,79565.89,548.77151
2026-08-28 11:00:00+00:00,79565.9,79770.29,79555.22,79604.13,394.07937
2026-08-28 12:00:00+00:00,79604.12,79727.36,79306.11,79421.05,400.05317
2026-08-28 13:00:00+00:00,79421.04,79635.01,79034.56,79330.75,843.2247
2026-08-28 14:00:00+00:00,79330.34,79706.64,78423.03,79542.44,2930.13002
2026-08-28 15:00:00+00:00,79542.44,79838.73,78312.64,78331.13,1255.01594
2026-08-28 16:00:00+00:00,78331.13,78404.0,76888.0,77788.46,2955.61638
2026-08-28 17:00:00+00:00,77788.45,78131.86,77642.78,77904.0,722.76014
2026-08-28 18:00:00+00:00,77904.0,77935.5,77270.0,77554.0,575.36359
2026-08-28 19:00:00+00:00,77554.0,77797.35,77376.0,77580.03,501.052
2026-08-28 20:00:00+00:00,77580.03,77609.83,77310.24,77407.34,264.10726
2026-08-28 21:00:00+00:00,77407.34,77537.33,77255.69,77364.0,392.38715
2026-08-28 22:00:00+00:00,77364.0,77773.2,77342.0,77758.69,339.14252
2026-08-28 23:00:00+00:00,77758.69,77846.72,77640.74,77845.87,599.54517
2026-08-29 00:00:00+00:00,77845.88,77963.92,77722.0,77733.63,321.80979
2026-08-29 01:00:00+00:00,77733.63,77849.29,77631.28,77794.11,235.06968
2026-08-29 02:00:00+00:00,77794.11,77829.72,77584.53,77671.18,367.62079
2026-08-29 03:00:00+00:00,77671.18,77731.43,77507.16,77507.17,238.89187
2026-08-29 04:00:00+00:00,77507.17,77678.67,77507.17,77648.91,229.90598
2026-08-29 05:00:00+00:00,77648.91,77716.12,77604.06,77632.53,195.32253
2026-08-29 06:00:00+00:00,77632.52,77632.53,77382.37,77466.82,305.02922
2026-08-29 07:00:00+00:00,77466.83,77672.0,77438.01,77626.01,933.89852
2026-08-29 08:00:00+00:00,77626.01,77634.0,77487.73,77633.99,281.67849
2026-08-29 09:00:00+00:00,77634.0,77754.23,77566.01,77650.03,212.52791
2026-08-29 10:00:00+00:00,77650.02,77732.0,77526.0,77635.17,228.16206
2026-08-29 11:00:00+00:00,77635.17,77724.99,77573.32,77584.67,269.60514
2026-08-29 12:00:00+00:00,77584.66,77657.99,77506.63,77583.74,316.37633
2026-08-29 13:00:00+00:00,77583.74,77722.0,77559.45,77704.32,195.58499
2026-08-29 14:00:00+00:00,77704.32,78150.0,77663.83,78014.37,456.42164
2026-08-29 15:00:00+00:00,78014.37,78014.37,77806.9,77865.36,314.87544
2026-08-29 16:00:00+00:00,77865.36,78130.43,77858.29,78027.17,330.48346
2026-08-29 17:00:00+00:00,78027.17,78100.0,77896.0,78100.0,210.10626
2026-08-29 18:00:00+00:00,78099.99,78250.0,78018.02,78158.01,252.93546
2026-08-29 19:00:00+00:00,78158.01,78330.0,78138.87,78182.0,231.34566
2026-08-29 20:00:00+00:00,78181.99,78298.0,78117.95,78129.92,132.29288
2026-08-29 21:00:00+00:00,78129.92,78198.0,78062.0,78161.63,132.03751
2026-08-29 22:00:00+00:00,78161.62,78239.4,78086.0,78228.34,298.22816
2026-08-29 23:00:00+00:00,78228.33,78283.7,78190.0,78230.0,326.0928
2026-08-30 00:00:00+00:00,78230.0,78330.0,78147.17,78179.86,185.20224
2026-08-30 01:00:00+00:00,78179.86,78190.0,77994.02,78081.5,257.05271
2026-08-30 02:00:00+00:00,78081.49,78178.02,78014.74,78106.01,119.64466
2026-08-30 03:00:00+00:00,78106.0,78233.7,78065.99,78144.68,254.40453
2026-08-30 04:00:00+00:00,78144.68,78220.0,77990.0,78109.75,215.53426
2026-08-30 05:00:00+00:00,78109.74,78214.0,78109.74,78127.71,161.29313
2026-08-30 06:00:00+00:00,78127.72,78310.71,78106.07,78280.34,208.68022
2026-08-30 07:00:00+00:00,78280.34,78291.27,78118.0,78118.0,137.5055
2026-08-30 08:00:00+00:00,78118.0,78207.22,78034.0,78074.01,143.67594
2026-08-30 09:00:00+00:00,78074.01,78118.87,77986.0,78000.01,165.26795
2026-08-30 10:00:00+00:00,78000.01,78145.29,77962.49,78145.29,168.30514
2026-08-30 11:00:00+00:00,78145.29,78242.0,78117.11,78166.0,172.04094
2026-08-30 12:00:00+00:00,78165.99,78850.81,78165.99,78785.06,814.10982
2026-08-30 13:00:00+00:00,78785.06,78966.76,78590.14,78860.0,488.8202
2026-08-30 14:00:00+00:00,78860.01,78945.94,78722.0,78783.71,439.32977
2026-08-30 15:00:00+00:00,78783.7,78912.94,78626.0,78823.63,553.82108
2026-08-30 16:00:00+00:00,78823.62,79400.0,78750.0,79337.93,667.56388
2026-08-30 17:00:00+00:00,79337.93,79337.93,78774.85,79021.02,460.72685
2026-08-30 18:00:00+00:00,79021.02,79181.99,78776.0,79036.69,293.7787
2026-08-30 19:00:00+00:00,79036.68,79041.96,78721.98,78856.39,232.19118
2026-08-30 20:00:00+00:00,78856.39,78931.49,78438.23,78597.33,294.2134
2026-08-30 21:00:00+00:00,78597.32,78733.77,78229.82,78653.0,461.41088
2026-08-30 22:00:00+00:00,78653.0,78804.0,78280.0,78422.01,390.42367
2026-08-30 23:00:00+00:00,78422.01,78454.0,77000.0,77682.0,1800.4274
2026-08-31 00:00:00+00:00,77682.0,78185.89,77436.4,77937.04,711.43379
2026-08-31 01:00:00+00:00,77937.03,77993.03,77565.08,77640.94,567.26058
2026-08-31 02:00:00+00:00,77640.93,78000.0,77392.0,77473.99,573.39934
2026-08-31 03:00:00+00:00,77474.0,77872.0,77394.0,77756.71,278.92536
2026-08-31 04:00:00+00:00,77756.7,77769.11,77458.83,77622.28,550.02773
2026-08-31 05:00:00+00:00,77622.29,78156.78,77514.0,78016.0,511.92091
2026-08-31 06:00:00+00:00,78016.01,78156.77,77864.16,78093.87,968.0221
2026-08-31 07:00:00+00:00,78093.88,78322.56,78034.01,78196.01,716.03378
2026-08-31 08:00:00+00:00,78196.01,78521.89,77982.0,78480.8,782.74546
2026-08-31 09:00:00+00:00,78480.79,78802.0,78396.35,78511.03,624.76686
2026-08-31 10:00:00+00:00,78511.03,78732.0,78316.91,78710.01,576.71834
2026-08-31 11:00:00+00:00,78710.02,78710.02,78302.0,78315.43,482.35572
2026-08-31 12:00:00+00:00,78315.43,78543.86,77675.04,77930.39,816.61258
2026-08-31 13:00:00+00:00,77930.4,78282.0,77716.75,77867.39,1083.2716
2026-08-31 14:00:00+00:00,77867.39,78686.94,77746.6,78600.14,1368.66274
2026-08-31 15:00:00+00:00,78601.93,78777.9,78212.3,78580.42,1119.65651
2026-08-31 16:00:00+00:00,78580.43,78884.48,78524.0,78639.57,576.26452
2026-08-31 17:00:00+00:00,78639.57,79019.86,78494.0,78897.36,604.69852
2026-08-31 18:00:00+00:00,78897.35,79212.0,78779.24,79016.0,473.51591
2026-08-31 19:00:00+00:00,79016.01,79250.0,78851.93,78898.06,423.46335
2026-08-31 20:00:00+00:00,78898.06,79172.0,78784.32,78864.72,366.68341
2026-08-31 21:00:00+00:00,78864.73,79071.12,78732.22,78964.32,404.71113
2026-08-31 22:00:00+00:00,78964.33,79015.83,78579.3,78593.15,346.21313
2026-08-31 23:00:00+00:00,78593.15,78593.61,78405.01,78581.29,376.54265
2026-09-01 00:00:00+00:00,78581.3,78900.01,78562.0,78652.0,522.70913
2026-09-01 01:00:00+00:00,78652.0,78797.99,78375.83,78410.62,440.9443
2026-09-01 02:00:00+00:00,78410.62,78457.55,78189.93,78449.99,524.89493
2026-09-01 03:00:00+00:00,78449.99,78874.0,78400.18,78679.01,542.2064
2026-09-01 04:00:00+00:00,78679.01,78915.09,78653.96,78727.11,444.12648
2026-09-01 05:00:00+00:00,78727.11,79220.61,78727.11,79179.99,546.96321
2026-09-01 06:00:00+00:00,79179.99,79179.99,78745.38,78745.39,464.70536
2026-09-01 07:00:00+00:00,78745.39,78806.0,78500.0,78632.37,405.713
2026-09-01 08:00:00+00:00,78632.37,78658.01,77820.0,77883.28,939.11065
2026-09-01 09:00:00+00:00,77883.28,78062.24,77786.18,77915.0,951.34245
2026-09-01 10:00:00+00:00,77915.0,78196.0,77758.69,78029.67,423.94155
2026-09-01 11:00:00+00:00,78029.67,78202.52,77890.0,78098.97,337.44732
2026-09-01 12:00:00+00:00,78098.96,78156.0,77742.01,78004.0,474.45626
2026-09-01 13:00:00+00:00,78004.01,78202.0,77510.0,78071.99,1285.21254
2026-09-01 14:00:00+00:00,78072.0,78424.0,78052.0,78167.99,800.55583
2026-09-01 15:00:00+00:00,78168.0,78169.69,77727.61,77919.06,560.10608
2026-09-01 16:00:00+00:00,77919.07,77976.0,77318.0,77596.01,692.23833
2026-09-01 17:00:00+00:00,77596.01,77721.26,77241.12,77265.79,484.76204
2026-09-01 18:00:00+00:00,77265.79,77319.64,76420.0,77153.9,1485.89835
2026-09-01 19:00:00+00:00,77153.89,77466.55,77112.0,77312.0,445.04268
2026-09-01 20:00:00+00:00,77312.0,77471.9,77236.48,77448.45,266.37627
2026-09-01 21:00:00+00:00,77448.46,77516.3,76920.36,77211.32,414.9871
2026-09-01 22:00:00+00:00,77211.32,77364.01,77030.0,77274.02,335.29844
2026-09-01 23:00:00+00:00,77274.02,77638.18,77218.0,77439.0,341.60079
2026-09-02 00:00:00+00:00,77439.01,77512.0,77132.0,77213.25,352.51719
2026-09-02 01:00:00+00:00,77213.24,77372.0,76718.48,77020.68,661.59711
2026-09-02 02:00:00+00:00,77020.67,77343.74,76948.97,77329.2,437.17945
2026-09-02 03:00:00+00:00,77329.2,77792.0,77314.51,77563.5,618.37453
2026-09-02 04:00:00+00:00,77563.5,77612.84,77294.56,77561.82,299.9271
2026-09-02 05:00:00+00:00,77561.82,77761.93,77438.0,77651.07,341.8285
2026-09-02 06:00:00+00:00,77651.08,77724.0,77462.0,77611.54,397.05137
2026-09-02 07:00:00+00:00,77611.53,77765.99,77473.84,77473.85,515.9071
2026-09-02 08:00:00+00:00,77473.86,77546.0,76746.81,76854.11,705.11459
2026-09-02 09:00:00+00:00,76854.11,77049.4,76484.64,76752.26,1036.05232
2026-09-02 10:00:00+00:00,76752.26,76753.83,76264.0,76680.88,924.89427
2026-09-02 11:00:00+00:00,76680.88,76848.73,76356.0,76828.76,641.75915
2026-09-02 12:00:00+00:00,76828.75,77049.4,76611.67,76613.88,581.91449
2026-09-02 13:00:00+00:00,76613.87,77443.61,76613.87,77146.0,812.83227
2026-09-02 14:00:00+00:00,77146.0,77490.0,77010.24,77066.42,555.40079
2026-09-02 15:00:00+00:00,77066.42,77386.0,76748.01,77288.98,824.93813
2026-09-02 16:00:00+00:00,77288.97,77582.0,77171.5,77171.5,1179.92404
2026-09-02 17:00:00+00:00,77171.51,77406.0,76950.56,77381.66,465.02159
2026-09-02 18:00:00+00:00,77381.65,77524.0,77296.52,77377.76,374.99513
2026-09-02 19:00:00+00:00,77377.76,77416.0,77124.0,77341.47,289.4138
2026-09-02 20:00:00+00:00,77341.48,77520.0,77207.47,77406.01,382.13526
2026-09-02 21:00:00+00:00,77406.0,77431.78,77242.0,77284.0,291.06451
2026-09-02 22:00:00+00:00,77284.01,77284.01,77023.11,77034.03,188.20028
2026-09-02 23:00:00+00:00,77034.03,77372.62,77007.36,77340.01,192.93523
2026-09-03 00:00:00+00:00,77340.01,77394.0,76980.01,77068.01,327.32527
2026-09-03 01:00:00+00:00,77068.0,77546.8,76968.0,77356.7,533.28645
2026-09-03 02:00:00+00:00,77356.69,77900.0,77238.89,77816.01,563.52004
2026-09-03 03:00:00+00:00,77816.02,77880.0,77642.09,77708.0,385.93335
2026-09-03 04:00:00+00:00,77708.01,77833.1,77547.16,77776.0,336.15526
2026-09-03 05:00:00+00:00,77775.99,77829.8,77101.01,77809.91,617.52986
2026-09-03 06:00:00+00:00,77809.91,77856.16,77698.75,77835.19,408.13131
2026-09-03 07:00:00+00:00,77835.2,78183.91,77600.0,77663.15,696.21966
2026-09-03 08:00:00+00:00,77663.14,78066.0,77663.14,77843.34,363.22912
2026-09-03 09:00:00+00:00,77843.34,77975.46,77608.0,77615.24,341.00857
2026-09-03 10:00:00+00:00,77615.25,77773.26,77478.0,77735.88,406.3926
2026-09-03 11:00:00+00:00,77735.88,78004.94,77709.52,77948.39,396.769
2026-09-03 12:00:00+00:00,77948.39,78782.75,77896.07,78652.38,979.94222
2026-09-03 13:00:00+00:00,78652.37,79000.0,78450.25,78840.52,1052.74377
2026-09-03 14:00:00+00:00,78840.52,80561.0,78704.0,80549.97,2513.5082
2026-09-03 15:00:00+00:00,80549.97,81370.33,80354.65,81348.0,3056.18534
2026-09-03 16:00:00+00:00,81348.0,81360.0,80613.52,80969.37,1239.78575
2026-09-03 17:00:00+00:00,80969.37,81188.17,80886.0,81042.0,875.49534
2026-09-03 18:00:00+00:00,81042.0,81333.33,80904.0,81254.32,595.62382
2026-09-03 19:00:00+00:00,81254.31,81790.0,81171.98,81755.41,1102.96623
2026-09-03 20:00:00+00:00,81755.41,81780.0,81392.74,81473.0,601.53572
2026-09-03 21:00:00+00:00,81473.0,82300.0,81288.0,81590.0,1292.57121
2026-09-03 22:00:00+00:00,81590.0,81604.65,80905.05,81140.0,712.57205
2026-09-03 23:00:00+00:00,81140.0,81338.0,81078.0,81270.37,407.99233
2026-09-04 00:00:00+00:00,81270.37,81427.75,80960.0,80972.12,643.20132
2026-09-04 01:00:00+00:00,80972.11,81097.92,80759.52,80968.01,505.56595
2026-09-04 02:00:00+00:00,80968.01,80968.01,80669.45,80831.99,433.77504
2026-09-04 03:00:00+00:00,80832.0,81021.8,80806.0,80850.0,523.81704
2026-09-04 04:00:00+00:00,80850.01,81288.0,80820.0,81070.54,602.46481
2026-09-04 05:00:00+00:00,81070.54,81143.3,80863.03,80996.15,593.73244
2026-09-04 06:00:00+00:00,80996.15,81090.0,80573.21,80797.39,435.61525
2026-09-04 07:00:00+00:00,80797.4,80966.75,80641.65,80656.87,705.83482
2026-09-04 08:00:00+00:00,80656.86,81237.0,80502.87,81147.16,754.04554
2026-09-04 09:00:00+00:00,81147.16,81310.0,80934.24,81056.63,968.87345
2026-09-04 10:00:00+00:00,81056.63,81194.0,80831.14,81179.63,483.39639
2026-09-04 11:00:00+00:00,81179.64,81423.03,81080.01,81224.86,512.44736
2026-09-04 12:00:00+00:00,81224.86,81350.0,79177.77,79453.96,3691.19669
2026-09-04 13:00:00+00:00,79453.95,79704.0,79000.0,79378.67,1927.84184
2026-09-04 14:00:00+00:00,79378.66,79572.0,78660.0,78915.71,1816.73349
2026-09-04 15:00:00+00:00,78915.71,79555.32,78800.0,79429.33,942.77981
2026-09-04 16:00:00+00:00,79429.33,79877.07,79378.19,79745.73,1059.83504
2026-09-04 17:00:00+00:00,79745.72,79752.92,79383.0,79472.22,392.51492
2026-09-04 18:00:00+00:00,79472.22,79655.86,79472.22,79618.15,263.34116
2026-09-04 19:00:00+00:00,79618.15,79819.99,79618.14,79793.34,391.97239
2026-09-04 20:00:00+00:00,79793.35,79862.15,79667.99,79697.04,252.17194
2026-09-04 21:00:00+00:00,79697.03,79819.3,79512.0,79624.0,645.54178
2026-09-04 22:00:00+00:00,79624.0,79716.0,79604.0,79636.09,498.99738
2026-09-04 23:00:00+00:00,79636.09,79758.0,79600.89,79660.77,152.92964
2026-09-05 00:00:00+00:00,79660.77,79721.57,79562.0,79573.36,179.53978
2026-09-05 01:00:00+00:00,79573.37,79710.0,79533.34,79533.34,251.27651
2026-09-05 02:00:00+00:00,79533.34,79622.0,79472.22,79569.09,226.54938
2026-09-05 03:00:00+00:00,79569.09,79630.74,79510.93,79582.0,222.17902
2026-09-05 04:00:00+00:00,79581.99,79589.84,79500.0,79500.01,283.95874
2026-09-05 05:00:00+00:00,79500.01,79600.01,79442.0,79577.53,486.56078
2026-09-05 06:00:00+00:00,79577.53,79715.72,79576.0,79644.01,255.76484
2026-09-05 07:00:00+00:00,79644.01,79763.41,79639.22,79709.96,273.27755
2026-09-05 08:00:00+00:00,79709.96,79727.95,79568.0,79650.0,377.92884
2026-09-05 09:00:00+00:00,79650.01,79735.97,79612.0,79631.28,391.22508
2026-09-05 10:00:00+00:00,79631.29,79664.0,79593.92,79618.01,324.09358
2026-09-05 11:00:00+00:00,79618.0,79674.33,79608.0,79609.28,224.00252
2026-09-05 12:00:00+00:00,79609.29,79774.0,79609.28,79704.14,350.25887
2026-09-05 13:00:00+00:00,79704.13,79762.0,79545.96,79613.67,488.89817
2026-09-05 14:00:00+00:00,79613.67,79756.32,79613.67,79719.76,292.28201
2026-09-05 15:00:00+00:00,79719.75,79816.0,79678.62,79806.01,383.76927
2026-09-05 16:00:00+00:00,79806.0,80200.0,79754.0,80042.0,716.52557
2026-09-05 17:00:00+00:00,80041.99,80162.29,79973.85,80058.6,894.70031
2026-09-05 18:00:00+00:00,80058.6,80078.0,79930.0,79999.98,332.81067
2026-09-05 19:00:00+00:00,79999.99,79999.99,79712.86,79754.0,243.22911
2026-09-05 20:00:00+00:00,79753.99,79840.25,79694.0,79737.83,651.64016
2026-09-05 21:00:00+00:00,79737.83,79938.0,79724.87,79906.02,164.28133
2026-09-05 22:00:00+00:00,79906.02,79947.99,79749.41,79783.99,517.56847
2026-09-05 23:00:00+00:00,79783.99,79912.83,79706.04,79831.75,584.91964
2026-09-06 00:00:00+00:00,79831.75,79940.68,79829.98,79868.0,147.80921
2026-09-06 01:00:00+00:00,79868.01,80067.45,79868.01,79951.39,305.00919
2026-09-06 02:00:00+00:00,79951.38,80019.11,79876.0,79907.28,258.24501
2026-09-06 03:00:00+00:00,79907.28,80107.99,79893.86,80028.01,248.71269
2026-09-06 04:00:00+00:00,80028.01,80028.01,79854.0,79866.01,362.36734
2026-09-06 05:00:00+00:00,79866.01,80107.99,79794.04,79989.13,642.22052
2026-09-06 06:00:00+00:00,79989.12,79989.13,79676.66,79784.65,290.41612
2026-09-06 07:00:00+00:00,79784.65,79865.89,79577.0,79805.0,339.23106
2026-09-06 08:00:00+00:00,79804.68,79889.99,79752.7,79837.17,578.27369
2026-09-06 09:00:00+00:00,79837.17,79990.0,79806.01,79885.77,684.16607
2026-09-06 10:00:00+00:00,79885.78,80020.0,79885.77,80003.93,223.38098
2026-09-06 11:00:00+00:00,80003.92,80003.93,79890.0,79919.17,224.08052
2026-09-06 12:00:00+00:00,79919.17,80010.0,79858.1,79922.04,269.79443
2026-09-06 13:00:00+00:00,79922.04,79968.0,79760.39,79829.98,380.28916
2026-09-06 14:00:00+00:00,79829.99,79840.25,79233.0,79543.06,699.69504
2026-09-06 15:00:00+00:00,79543.07,79734.59,79383.32,79716.5,342.10102
2026-09-06 16:00:00+00:00,79716.51,79786.0,79606.04,79682.0,222.29132
2026-09-06 17:00:00+00:00,79682.0,79773.88,79584.73,79745.34,205.07571
2026-09-06 18:00:00+00:00,79745.34,79970.0,79745.34,79955.34,218.34399
2026-09-06 19:00:00+00:00,79955.34,79955.34,79799.52,79829.99,213.50154
2026-09-06 20:00:00+00:00,79830.0,79973.56,79776.59,79912.0,235.83849
2026-09-06 21:00:00+00:00,79912.0,80034.0,79875.24,79944.38,381.14031
2026-09-06 22:00:00+00:00,79944.39,80093.79,79647.04,80055.17,486.73578
2026-09-06 23:00:00+00:00,80055.18,80559.99,80010.0,80341.83,896.09908
2026-09-07 00:00:00+00:00,80341.83,80443.99,80059.11,80160.01,473.2372
2026-09-07 01:00:00+00:00,80160.01,80243.81,79826.28,79926.14,429.2219
2026-09-07 02:00:00+00:00,79926.14,80426.0,79800.0,79874.24,411.23362
2026-09-07 03:00:00+00:00,79874.25,79986.02,79568.6,79596.39,424.23144
2026-09-07 04:00:00+00:00,79596.38,79732.15,79540.38,79724.0,680.36024
2026-09-07 05:00:00+00:00,79724.01,79926.04,79666.79,79759.47,625.29002
2026-09-07 06:00:00+00:00,79759.47,79825.7,79644.55,79659.27,564.03546
2026-09-07 07:00:00+00:00,79659.28,79691.06,79001.1,79397.83,867.88528
2026-09-07 08:00:00+00:00,79397.83,79530.47,79397.83,79437.38,367.39664
2026-09-07 09:00:00+00:00,79437.39,79550.0,79291.15,79313.85,384.36999
2026-09-07 10:00:00+00:00,79313.85,79459.5,79313.85,79360.0,340.14563
2026-09-07 11:00:00+00:00,79360.0,79487.01,79282.0,79420.16,322.16899
2026-09-07 12:00:00+00:00,79420.16,79627.43,79400.48,79606.84,278.61012
2026-09-07 13:00:00+00:00,79606.84,79643.5,79318.92,79352.01,537.87474
2026-09-07 14:00:00+00:00,79352.0,79396.36,78956.94,79191.95,729.96261
2026-09-07 15:00:00+00:00,79191.96,79191.96,78680.0,78821.99,790.15811
2026-09-07 16:00:00+00:00,78822.0,79035.23,78807.69,79028.87,428.99902
2026-09-07 17:00:00+00:00,79028.88,79223.53,79018.0,79185.73,251.37537
2026-09-07 18:00:00+00:00,79185.74,79244.0,79096.0,79196.16,308.24543
2026-09-07 19:00:00+00:00,79196.15,79419.17,79150.0,79365.82,230.49171
2026-09-07 20:00:00+00:00,79365.81,79394.92,79168.01,79238.0,212.62445
2026-09-07 21:00:00+00:00,79238.0,79278.0,79164.0,79164.0,163.69203
2026-09-07 22:00:00+00:00,79164.01,79218.18,78781.07,78952.19,458.00504
2026-09-07 23:00:00+00:00,78952.18,79210.0,78938.38,79112.01,292.83991
2026-09-08 00:00:00+00:00,79112.0,79313.09,78972.51,79313.08,445.07914
2026-09-08 01:00:00+00:00,79313.09,79463.06,79266.48,79441.99,454.81703
2026-09-08 02:00:00+00:00,79441.98,79485.0,78930.0,78930.01,601.51271
2026-09-08 03:00:00+00:00,78930.01,79002.0,78725.1,78906.28,813.2236
2026-09-08 04:00:00+00:00,78906.27,78929.24,78678.7,78678.71,558.10183
2026-09-08 05:00:00+00:00,78678.7,78882.0,78555.0,78578.0,847.29044
2026-09-08 06:00:00+00:00,78577.99,78632.0,78261.61,78323.59,1913.91469
2026-09-08 07:00:00+00:00,78323.59,78609.99,78179.98,78482.0,3433.75725
2026-09-08 08:00:00+00:00,78482.0,78581.8,78281.3,78418.0,855.4031
2026-09-08 09:00:00+00:00,78418.0,78800.0,78317.03,78761.99,641.52148
2026-09-08 10:00:00+00:00,78762.0,78994.5,78568.0,78568.0,435.62963
2026-09-08 11:00:00+00:00,78568.01,78576.0,78271.63,78430.01,682.36626
2026-09-08 12:00:00+00:00,78430.0,78483.42,78215.36,78449.99,839.62079
2026-09-08 13:00:00+00:00,78450.0,78545.46,77620.01,77961.66,2274.11248
2026-09-08 14:00:00+00:00,77961.66,78630.81,77854.0,78567.52,885.70593
2026-09-08 15:00:00+00:00,78567.52,78910.88,78451.39,78904.0,668.56307
2026-09-08 16:00:00+00:00,78904.0,78978.39,78581.33,78735.89,339.80818
2026-09-08 17:00:00+00:00,78735.88,78892.0,78500.0,78504.38,376.83451
2026-09-08 18:00:00+00:00,78504.38,78822.47,78271.49,78436.0,310.67894
2026-09-08 19:00:00+00:00,78436.01,78528.0,78325.39,78446.0,457.27833
2026-09-08 20:00:00+00:00,78445.99,78621.77,78410.05,78487.99,286.8898
2026-09-08 21:00:00+00:00,78487.99,78623.21,78406.0,78492.18,346.3218
2026-09-08 22:00:00+00:00,78492.19,78662.75,78458.0,78562.44,344.45436
2026-09-08 23:00:00+00:00,78562.43,78575.31,78408.64,78455.8,422.1807
2026-09-09 00:00:00+00:00,78455.8,78796.97,78455.79,78774.65,263.81065
2026-09-09 01:00:00+00:00,78774.66,78891.5,78633.53,78891.5,737.84364
2026-09-09 02:00:00+00:00,78891.49,78928.65,78686.46,78726.01,338.69714
2026-09-09 03:00:00+00:00,78726.01,78726.01,78548.46,78638.01,269.38216
2026-09-09 04:00:00+00:00,78638.01,79215.83,78638.0,79171.5,659.48495
2026-09-09 05:00:00+00:00,79171.5,79370.01,78840.59,78923.43,571.99145
2026-09-09 06:00:00+00:00,78923.43,79290.63,78865.71,79159.03,306.40396
2026-09-09 07:00:00+00:00,79159.03,79400.0,79151.34,79277.43,435.40632
2026-09-09 08:00:00+00:00,79277.44,79760.0,79264.0,79698.02,838.18454
2026-09-09 09:00:00+00:00,79698.02,79716.0,78900.0,78952.01,524.33216
2026-09-09 10:00:00+00:00,78952.01,79183.91,78878.11,78920.01,419.34722
2026-09-09 11:00:00+00:00,78920.01,79379.28,78725.29,79324.75,742.09582
2026-09-09 12:00:00+00:00,79324.75,79662.56,79281.51,79606.14,1136.20636
2026-09-09 13:00:00+00:00,79606.15,79678.84,79103.19,79140.69,700.9372
2026-09-09 14:00:00+00:00,79140.69,79413.74,78877.36,78958.01,1034.69116
2026-09-09 15:00:00+00:00,78958.01,79394.99,78060.03,78596.7,1730.66758
2026-09-09 16:00:00+00:00,78596.7,78938.55,78460.34,78804.9,548.53711
2026-09-09 17:00:00+00:00,78804.9,78934.4,78674.0,78776.01,424.82404
2026-09-09 18:00:00+00:00,78776.0,78792.25,78403.36,78414.42,291.49177
2026-09-09 19:00:00+00:00,78414.42,78575.32,78150.0,78234.94,474.58363
2026-09-09 20:00:00+00:00,78234.94,78340.01,77917.09,78324.07,550.88264
2026-09-09 21:00:00+00:00,78324.07,78339.56,77994.15,78145.02,316.14499
2026-09-09 22:00:00+00:00,78145.02,78196.0,77770.0,77924.06,513.88945
2026-09-09 23:00:00+00:00,77924.0,78321.09,77920.56,78306.43,300.08433
2026-09-10 00:00:00+00:00,78306.43,78382.35,78073.8,78180.7,826.01999
2026-09-10 01:00:00+00:00,78180.7,78508.49,77952.0,78094.0,429.21115
2026-09-10 02:00:00+00:00,78094.01,78373.1,77980.0,78357.86,250.2874
2026-09-10 03:00:00+00:00,78357.87,78550.0,78278.0,78328.08,370.87043
2026-09-10 04:00:00+00:00,78328.08,78437.99,78300.0,78400.0,221.79379
2026-09-10 05:00:00+00:00,78400.01,78564.39,78270.75,78536.71,554.7012
2026-09-10 06:00:00+00:00,78536.71,78542.05,78147.98,78416.01,573.34123
2026-09-10 07:00:00+00:00,78416.01,78422.01,77906.48,78112.0,526.86865
2026-09-10 08:00:00+00:00,78112.0,78170.74,78038.0,78110.0,301.41841
2026-09-10 09:00:00+00:00,78110.0,78229.22,77910.86,77992.01,605.51933
2026-09-10 10:00:00+00:00,77992.0,78044.57,77821.21,77863.21,618.27147
2026-09-10 11:00:00+00:00,77863.2,78054.84,77688.0,77840.8,659.08952
2026-09-10 12:00:00+00:00,77840.64,77959.2,76676.07,76896.01,2886.07306
2026-09-10 13:00:00+00:00,76896.01,77234.0,76745.0,77174.44,1372.33792
2026-09-10 14:00:00+00:00,77174.43,77424.98,76943.45,77412.01,1105.27456
2026-09-10 15:00:00+00:00,77412.01,77412.89,77092.16,77250.0,695.08679
2026-09-10 16:00:00+00:00,77250.0,77312.01,76804.99,77200.01,562.44798
2026-09-10 17:00:00+00:00,77200.0,77544.0,77126.26,77328.72,584.5114
2026-09-10 18:00:00+00:00,77328.72,77340.0,76982.6,77252.0,321.25824
2026-09-10 19:00:00+00:00,77252.0,77298.48,77083.17,77160.83,394.60119
2026-09-10 20:00:00+00:00,77160.83,77347.45,77116.0,77268.08,142.17379
2026-09-10 21:00:00+00:00,77268.08,77303.02,77100.02,77144.0,268.25509
2026-09-10 22:00:00+00:00,77144.01,77218.01,76817.6,76836.45,253.46564
2026-09-10 23:00:00+00:00,76836.45,76876.31,76464.0,76568.72,797.49081
2026-09-11 00:00:00+00:00,76568.73,76939.8,76563.01,76908.59,538.94881
2026-09-11 01:00:00+00:00,76908.59,77000.0,76670.57,76971.43,386.97683
2026-09-11 02:00:00+00:00,76971.44,77013.62,76769.69,76838.68,297.49023
2026-09-11 03:00:00+00:00,76838.68,76897.54,76702.7,76891.8,967.58108
2026-09-11 04:00:00+00:00,76891.81,77196.01,76889.23,77114.01,370.66197
2026-09-11 05:00:00+00:00,77114.01,77252.88,77069.06,77252.86,284.44316
2026-09-11 06:00:00+00:00,77252.87,77431.48,77182.0,77298.01,405.18201
2026-09-11 07:00:00+00:00,77298.01,77403.19,77203.73,77230.7,435.02243
2026-09-11 08:00:00+00:00,77230.7,77500.0,77144.59,77364.93,294.00696
2026-09-11 09:00:00+00:00,77364.94,77370.01,76865.58,77042.0,552.5515
2026-09-11 10:00:00+00:00,77042.0,77163.25,76966.0,76993.25,406.1795
2026-09-11 11:00:00+00:00,76993.25,77049.25,76746.95,77036.12,420.86915
2026-09-11 12:00:00+00:00,77036.12,78148.74,76046.58,78032.99,3531.14376
2026-09-11 13:00:00+00:00,78032.98,79333.0,77253.8,79242.56,2451.66172
2026-09-11 14:00:00+00:00,79242.56,79890.0,78509.09,78798.51,1987.04632
2026-09-11 15:00:00+00:00,78798.4,78849.98,77303.0,77732.25,1364.45838
2026-09-11 16:00:00+00:00,77732.25,78068.01,77381.88,77916.0,1081.48116
2026-09-11 17:00:00+00:00,77916.0,77960.01,77490.34,77534.0,492.68772
2026-09-11 18:00:00+00:00,77534.0,77538.01,76883.0,77054.0,842.12412
2026-09-11 19:00:00+00:00,77054.0,77372.01,77006.0,77286.01,421.44962
2026-09-11 20:00:00+00:00,77286.0,77504.01,77192.0,77339.33,322.32564
2026-09-11 21:00:00+00:00,77339.33,77424.01,77078.01,77108.01,222.90327
2026-09-11 22:00:00+00:00,77108.01,77231.31,76967.13,77150.0,1100.36124
2026-09-11 23:00:00+00:00,77150.0,77225.71,77119.68,77225.7,535.72071
2026-09-12 00:00:00+00:00,77225.71,77320.0,77207.65,77287.43,314.34391
2026-09-12 01:00:00+00:00,77287.43,77378.37,77262.29,77272.37,186.8188
2026-09-12 02:00:00+00:00,77272.36,77322.27,77220.0,77288.0,307.45259
2026-09-12 03:00:00+00:00,77288.01,77347.82,77229.99,77268.09,242.20968
2026-09-12 04:00:00+00:00,77268.09,77314.01,77215.86,77222.75,392.84938
2026-09-12 05:00:00+00:00,77222.75,77260.8,77164.06,77218.0,966.7285
2026-09-12 06:00:00+00:00,77218.0,77359.2,77199.99,77289.73,148.46089
2026-09-12 07:00:00+00:00,77289.73,77347.99,77266.0,77269.55,360.14789
2026-09-12 08:00:00+00:00,77269.54,77374.01,77269.54,77360.01,285.63962
2026-09-12 09:00:00+00:00,77360.0,77386.76,77335.14,77349.44,294.25428
2026-09-12 10:00:00+00:00,77349.44,77400.75,77310.55,77332.94,182.37452
2026-09-12 11:00:00+00:00,77332.94,77356.05,77292.0,77356.04,149.54317
2026-09-12 12:00:00+00:00,77356.05,77360.77,77290.0,77340.0,340.29238
2026-09-12 13:00:00+00:00,77340.01,77397.27,77255.19,77366.52,1023.69199
2026-09-12 14:00:00+00:00,77366.52,77505.67,77366.0,77461.24,239.68201
2026-09-12 15:00:00+00:00,77461.25,77479.99,77376.0,77380.37,265.08543
2026-09-12 16:00:00+00:00,77380.38,77414.01,77336.0,77358.01,159.17816
2026-09-12 17:00:00+00:00,77358.0,77404.37,77170.57,77210.58,249.24835
2026-09-12 18:00:00+00:00,77210.58,77216.01,77125.03,77131.0,275.13313
2026-09-12 19:00:00+00:00,77131.0,77186.01,77059.75,77114.99,731.31555
2026-09-12 20:00:00+00:00,77115.0,77227.71,77114.99,77170.0,363.19212
2026-09-12 21:00:00+00:00,77170.0,77283.05,77148.5,77264.01,348.07684
2026-09-12 22:00:00+00:00,77264.0,77300.0,77193.06,77232.17,167.38368
2026-09-12 23:00:00+00:00,77232.17,77292.83,77232.16,77278.73,67.34168
2026-09-13 00:00:00+00:00,77278.73,77299.99,77162.36,77276.02,102.17841
2026-09-13 01:00:00+00:00,77276.02,77341.37,77241.51,77319.97,342.83505
2026-09-13 02:00:00+00:00,77319.97,77319.97,77244.78,77289.96,238.88569
2026-09-13 03:00:00+00:00,77289.97,77310.78,77184.01,77192.01,225.77764
2026-09-13 04:00:00+00:00,77192.0,77254.03,77189.84,77210.01,190.98338
2026-09-13 05:00:00+00:00,77210.0,77324.46,77210.0,77322.01,202.84475
2026-09-13 06:00:00+00:00,77322.01,77325.82,77058.42,77122.35,503.99784
2026-09-13 07:00:00+00:00,77122.35,77180.0,77091.88,77127.99,239.99798
2026-09-13 08:00:00+00:00,77127.99,77182.0,76756.0,76813.71,401.89187
2026-09-13 09:00:00+00:00,76813.71,76893.91,76570.0,76808.01,537.62115
2026-09-13 10:00:00+00:00,76808.0,76813.26,76628.45,76677.29,190.81512
2026-09-13 11:00:00+00:00,76677.3,76800.0,76500.0,76792.32,265.89974
2026-09-13 12:00:00+00:00,76792.31,76866.01,76690.0,76763.33,292.33252
2026-09-13 13:00:00+00:00,76763.33,76922.01,76560.0,76853.02,435.53074
2026-09-13 14:00:00+00:00,76853.01,77254.45,76850.56,77216.01,524.64043
2026-09-13 15:00:00+00:00,77216.01,77216.01,77011.33,77134.83,235.97054
2026-09-13 16:00:00+00:00,77134.82,77359.0,77125.66,77276.14,296.31166
2026-09-13 17:00:00+00:00,77276.14,77413.52,77249.35,77328.94,135.4972
2026-09-13 18:00:00+00:00,77328.94,77383.4,77312.12,77338.87,110.16764
2026-09-13 19:00:00+00:00,77338.87,77409.04,77223.16,77284.0,148.98479
2026-09-13 20:00:00+00:00,77284.01,77368.0,77262.0,77348.01,103.43597
2026-09-13 21:00:00+00:00,77348.01,77450.0,77314.0,77316.0,161.40092
2026-09-13 22:00:00+00:00,77316.0,77316.0,76667.68,76714.0,686.94439
2026-09-13 23:00:00+00:00,76714.0,76876.8,76622.97,76842.01,384.73824
2026-09-14 00:00:00+00:00,76842.01,77083.34,76388.72,76808.0,684.93231
2026-09-14 01:00:00+00:00,76808.01,77170.76,76636.41,77118.97,548.46579
2026-09-14 02:00:00+00:00,77118.96,77725.5,77016.0,77600.0,1091.26668
2026-09-14 03:00:00+00:00,77600.0,77869.82,77504.01,77596.33,938.65006
2026-09-14 04:00:00+00:00,77596.32,77700.78,77537.8,77681.78,479.27763
2026-09-14 05:00:00+00:00,77681.79,77691.05,77494.34,77611.79,322.46252
2026-09-14 06:00:00+00:00,77611.79,77895.35,77379.41,77593.15,418.88254
2026-09-14 07:00:00+00:00,77593.15,77892.24,77524.41,77892.24,453.51632
2026-09-14 08:00:00+00:00,77892.24,77999.99,77654.0,77728.8,526.80639
2026-09-14 09:00:00+00:00,77728.8,78374.01,77593.8,78141.57,718.66625
2026-09-14 10:00:00+00:00,78141.57,78167.87,77900.0,77906.6,344.15342
2026-09-14 11:00:00+00:00,77906.61,77924.02,77692.55,77776.0,354.582
2026-09-14 12:00:00+00:00,77776.0,78082.67,77615.06,77698.01,416.3904
2026-09-14 13:00:00+00:00,77698.01,78490.0,77481.98,78168.01,1141.24574
2026-09-14 14:00:00+00:00,78168.01,78712.29,78164.01,78521.06,1305.24797
2026-09-14 15:00:00+00:00,78521.05,78684.01,78301.41,78578.02,911.75735
2026-09-14 16:00:00+00:00,78578.02,78904.72,78426.17,78769.42,663.13004
2026-09-14 17:00:00+00:00,78769.42,79048.44,78698.37,78937.98,650.24334
2026-09-14 18:00:00+00:00,78937.98,79325.0,78838.57,79226.01,894.11691
2026-09-14 19:00:00+00:00,79226.0,79227.69,78951.67,78982.0,499.81096
2026-09-14 20:00:00+00:00,78982.01,79600.0,78978.56,79100.0,622.99114
2026-09-14 21:00:00+00:00,79100.0,79117.93,78746.0,78757.83,574.15746
2026-09-14 22:00:00+00:00,78757.82,78854.01,78511.0,78557.98,419.77752
2026-09-14 23:00:00+00:00,78557.99,78568.01,78131.3,78189.21,432.95897
2026-09-15 00:00:00+00:00,78189.2,78250.46,77941.18,77952.93,446.37902
2026-09-15 01:00:00+00:00,77952.92,78080.0,77750.0,77917.86,504.32377
2026-09-15 02:00:00+00:00,77917.86,78018.04,77776.25,77913.72,261.07651
2026-09-15 03:00:00+00:00,77913.73,77913.73,77658.0,77676.99,370.47729
2026-09-15 04:00:00+00:00,77676.99,77744.31,77542.0,77567.12,784.69084
2026-09-15 05:00:00+00:00,77567.11,77666.66,77300.01,77630.0,461.79794
2026-09-15 06:00:00+00:00,77630.0,77727.83,77191.02,77286.7,361.46093
2026-09-15 07:00:00+00:00,77286.71,77310.71,76889.22,76930.01,884.1463
2026-09-15 08:00:00+00:00,76930.0,77007.84,76703.59,77000.01,754.54393
2026-09-15 09:00:00+00:00,77000.01,77059.87,76869.99,76984.05,483.47069
2026-09-15 10:00:00+00:00,76984.05,77176.07,76872.9,77053.8,603.90345
2026-09-15 11:00:00+00:00,77053.8,77223.32,76843.75,76940.01,463.92838
2026-09-15 12:00:00+00:00,76940.01,77143.15,76858.66,76957.65,512.54782
2026-09-15 13:00:00+00:00,76956.75,77126.01,76123.42,76618.77,2183.38695
2026-09-15 14:00:00+00:00,76618.77,76696.0,75605.0,75942.01,2651.31183
2026-09-15 15:00:00+00:00,75942.01,76603.59,75832.0,76512.0,1349.39662
2026-09-15 16:00:00+00:00,76512.01,76576.47,76274.0,76388.0,598.21425
2026-09-15 17:00:00+00:00,76388.01,77343.44,76194.21,76962.0,1073.22598
2026-09-15 18:00:00+00:00,76962.0,77205.39,74967.97,76000.0,3667.98364
2026-09-15 19:00:00+00:00,76000.0,76305.99,75813.75,76186.48,1145.76186
2026-09-15 20:00:00+00:00,76186.48,76245.98,75613.2,75935.24,526.79495
2026-09-15 21:00:00+00:00,75935.24,75956.58,75392.35,75453.85,478.08145
2026-09-15 22:00:00+00:00,75453.85,75747.98,75140.64,75668.0,703.17506
2026-09-15 23:00:00+00:00,75667.99,75942.13,75562.01,75644.48,412.63788
2026-09-16 00:00:00+00:00,75644.48,75915.49,75578.61,75772.1,340.54755
2026-09-16 01:00:00+00:00,75772.1,75964.01,75457.52,75489.14,471.46585
2026-09-16 02:00:00+00:00,75489.14,76111.0,75483.32,75886.35,431.22778
2026-09-16 03:00:00+00:00,75886.36,76076.01,75768.25,75824.01,369.27253
2026-09-16 04:00:00+00:00,75824.0,76022.67,75805.7,75864.02,321.09965
2026-09-16 05:00:00+00:00,75864.02,75981.36,75677.64,75962.01,372.63126
2026-09-16 06:00:00+00:00,75962.01,76038.83,75830.0,76030.01,399.86157
2026-09-16 07:00:00+00:00,76030.01,76097.54,75739.36,75766.63,721.95197
2026-09-16 08:00:00+00:00,75766.62,75766.62,75350.0,75736.01,690.76243
2026-09-16 09:00:00+00:00,75736.01,75994.0,75730.0,75993.0,455.32651
2026-09-16 10:00:00+00:00,75993.01,76046.05,75900.0,75990.2,314.78271
2026-09-16 11:00:00+00:00,75990.2,76304.01,75874.0,76250.0,523.67545
2026-09-16 12:00:00+00:00,76250.0,76300.0,75794.02,75967.99,566.86511
2026-09-16 13:00:00+00:00,75967.98,75967.98,75585.09,75646.01,738.01439
2026-09-16 14:00:00+00:00,75646.01,75830.48,75423.04,75697.82,705.96798
2026-09-16 15:00:00+00:00,75697.83,75950.0,75552.79,75788.41,560.83704
2026-09-16 16:00:00+00:00,75788.41,75883.75,75650.0,75768.0,367.73923
2026-09-16 17:00:00+00:00,75768.0,75937.45,75353.07,75768.01,638.52702
2026-09-16 18:00:00+00:00,75770.45,76560.76,75064.82,75632.0,3097.10326
2026-09-16 19:00:00+00:00,75632.01,76180.0,75250.0,76080.0,958.02578
2026-09-16 20:00:00+00:00,76080.0,76422.01,76024.0,76178.34,511.84627
2026-09-16 21:00:00+00:00,76178.35,76213.34,75933.11,75976.0,320.44714
2026-09-16 22:00:00+00:00,75976.01,75986.01,75632.7,75675.88,525.52719
2026-09-16 23:00:00+00:00,75675.88,76276.02,75643.61,76206.01,484.47864
2026-09-17 00:00:00+00:00,76206.0,76511.18,76188.0,76342.77,472.88854
2026-09-17 01:00:00+00:00,76342.77,76774.08,76222.0,76374.21,638.81754
2026-09-17 02:00:00+00:00,76374.22,76485.13,76055.34,76370.01,496.68012
2026-09-17 03:00:00+00:00,76370.01,76535.03,76370.01,76441.99,295.45137
2026-09-17 04:00:00+00:00,76442.0,76598.0,76187.0,76539.81,275.54427
2026-09-17 05:00:00+00:00,76539.82,76632.14,76318.0,76333.88,280.19303
2026-09-17 06:00:00+00:00,76333.87,76598.01,76308.42,76477.45,271.83524
2026-09-17 07:00:00+00:00,76477.46,76682.01,76425.34,76462.76,422.44395
2026-09-17 08:00:00+00:00,76462.77,76591.46,76396.97,76574.63,422.26564
2026-09-17 09:00:00+00:00,76574.63,76770.0,76468.04,76468.05,378.26739
2026-09-17 10:00:00+00:00,76468.04,76470.49,76270.0,76402.01,413.8899
2026-09-17 11:00:00+00:00,76402.01,76488.73,76179.0,76482.0,329.95092
2026-09-17 12:00:00+00:00,76482.0,77179.47,76398.93,76736.59,970.25031
2026-09-17 13:00:00+00:00,76736.59,76889.66,76000.0,76694.07,1013.37341
2026-09-17 14:00:00+00:00,76694.06,77088.05,76391.44,76502.46,941.27248
2026-09-17 15:00:00+00:00,76502.45,76862.85,76275.0,76780.01,472.36489
2026-09-17 16:00:00+00:00,76780.01,76811.39,76534.0,76753.46,596.54444
2026-09-17 17:00:00+00:00,76753.46,76970.01,76576.0,76667.86,711.49403
2026-09-17 18:00:00+00:00,76667.87,76781.85,76470.4,76575.96,293.0973
2026-09-17 19:00:00+00:00,76575.97,76677.42,76504.62,76594.01,292.32933
2026-09-17 20:00:00+00:00,76594.01,76732.99,76500.0,76556.01,198.7874
2026-09-17 21:00:00+00:00,76556.01,76616.01,76395.51,76415.85,210.95396
2026-09-17 22:00:00+00:00,76415.85,76458.55,76259.98,76420.0,270.75161
2026-09-17 23:00:00+00:00,76419.99,76510.01,76384.04,76417.01,255.57512
2026-09-18 00:00:00+00:00,76417.01,76590.0,76296.0,76590.0,376.57511
2026-09-18 01:00:00+00:00,76589.99,76763.86,76520.0,76744.01,577.60341
2026-09-18 02:00:00+00:00,76744.01,77042.2,76644.0,76988.3,712.34227
2026-09-18 03:00:00+00:00,76988.31,77597.83,76981.94,77383.47,920.49271
2026-09-18 04:00:00+00:00,77383.47,77575.98,77216.76,77575.97,724.0507
2026-09-18 05:00:00+00:00,77575.98,77715.48,77442.93,77493.8,717.75458
2026-09-18 06:00:00+00:00,77493.8,77679.62,77402.32,77604.0,542.00013
2026-09-18 07:00:00+00:00,77604.01,77850.0,77566.11,77798.01,1203.27789
2026-09-18 08:00:00+00:00,77798.0,78279.8,77660.0,78272.15,1082.03924
2026-09-18 09:00:00+00:00,78271.48,78490.79,77961.57,78212.01,1198.98878
2026-09-18 10:00:00+00:00,78212.0,78369.86,78102.0,78285.34,396.04476
2026-09-18 11:00:00+00:00,78285.35,78450.01,78026.0,78062.0,564.41098
2026-09-18 12:00:00+00:00,78062.01,78182.01,77982.88,78043.11,508.65462
2026-09-18 13:00:00+00:00,78043.12,80500.0,77972.3,80073.09,3127.05627
2026-09-18 14:00:00+00:00,80073.09,80989.99,80073.09,80937.83,3674.82612
2026-09-18 15:00:00+00:00,80937.83,81154.67,80501.0,80725.6,1900.06383
2026-09-18 16:00:00+00:00,80725.6,81258.01,80671.53,80846.74,1155.99511
2026-09-18 17:00:00+00:00,80846.75,81019.01,80555.54,81019.0,719.2946
2026-09-18 18:00:00+00:00,81019.0,81148.0,80796.92,80938.43,787.61867
2026-09-18 19:00:00+00:00,80938.44,81400.0,80912.0,81204.76,838.29021
2026-09-18 20:00:00+00:00,81204.77,81235.0,80941.65,81110.01,620.55238
2026-09-18 21:00:00+00:00,81110.01,81300.0,81092.0,81238.2,488.11936
2026-09-18 22:00:00+00:00,81238.2,81370.57,81077.55,81139.02,440.33445
2026-09-18 23:00:00+00:00,81139.03,81200.0,80862.61,80883.87,631.39344
2026-09-19 00:00:00+00:00,80883.86,81668.99,80844.58,81668.98,754.37622
2026-09-19 01:00:00+00:00,81668.99,81741.0,81050.0,81280.99,565.42177
2026-09-19 02:00:00+00:00,81281.0,81445.71,81264.0,81304.72,394.3587
2026-09-19 03:00:00+00:00,81304.73,81402.01,81114.08,81136.01,229.75185
2026-09-19 04:00:00+00:00,81136.02,81228.03,80911.12,81024.0,323.92635
2026-09-19 05:00:00+00:00,81024.01,81146.01,81012.0,81040.01,235.78799
2026-09-19 06:00:00+00:00,81040.01,81101.68,80925.76,81052.01,223.96356
2026-09-19 07:00:00+00:00,81052.02,81250.0,81032.0,81100.16,250.51895
2026-09-19 08:00:00+00:00,81100.17,81413.27,81075.28,81312.01,342.31658
2026-09-19 09:00:00+00:00,81312.01,81528.01,81246.5,81325.77,433.58513
2026-09-19 10:00:00+00:00,81325.38,81330.29,81199.99,81216.7,532.29651
2026-09-19 11:00:00+00:00,81216.71,81374.15,81212.98,81302.63,328.56609
2026-09-19 12:00:00+00:00,81302.63,81369.86,81223.16,81330.0,317.04895
2026-09-19 13:00:00+00:00,81330.01,81366.46,81183.28,81364.01,395.12402
2026-09-19 14:00:00+00:00,81364.0,81639.61,81342.0,81586.01,636.7659
2026-09-19 15:00:00+00:00,81586.02,81951.0,81566.79,81636.01,1013.35194
2026-09-19 16:00:00+00:00,81636.01,81914.01,81472.0,81839.49,733.82297
2026-09-19 17:00:00+00:00,81839.48,81857.21,81447.9,81464.01,484.00387
2026-09-19 18:00:00+00:00,81464.0,81534.01,81334.0,81428.07,267.92194
2026-09-19 19:00:00+00:00,81428.07,81454.01,81309.68,81354.01,261.59782
2026-09-19 20:00:00+00:00,81354.01,81431.13,81080.24,81155.33,460.01461
2026-09-19 21:00:00+00:00,81155.33,81222.15,80904.46,81100.41,489.7616
2026-09-19 22:00:00+00:00,81100.42,81268.01,80962.0,81261.35,319.56997
2026-09-19 23:00:00+00:00,81261.35,81373.34,81221.33,81249.99,669.91377
2026-09-20 00:00:00+00:00,81249.99,81330.01,81208.83,81293.37,451.18444
2026-09-20 01:00:00+00:00,81293.37,81300.0,81027.11,81097.99,269.37026
2026-09-20 02:00:00+00:00,81098.0,81175.62,80263.66,80331.52,1157.59556
2026-09-20 03:00:00+00:00,80331.52,80525.83,80126.04,80486.38,1168.06535
2026-09-20 04:00:00+00:00,80486.38,80541.11,80311.01,80432.4,299.2223
2026-09-20 05:00:00+00:00,80432.4,80668.15,80408.7,80494.31,837.20344
2026-09-20 06:00:00+00:00,80494.31,80607.5,80227.27,80309.44,458.02321
2026-09-20 07:00:00+00:00,80309.45,80420.01,80288.0,80311.61,229.11226
2026-09-20 08:00:00+00:00,80311.6,80453.9,80165.49,80264.85,288.38791
2026-09-20 09:00:00+00:00,80264.85,80581.82,80256.82,80470.01,215.53752
2026-09-20 10:00:00+00:00,80470.01,80515.83,80319.58,80319.58,199.82514
2026-09-20 11:00:00+00:00,80319.58,80534.64,80286.0,80493.2,592.53775
2026-09-20 12:00:00+00:00,80493.21,80534.01,80327.64,80493.76,317.39005
2026-09-20 13:00:00+00:00,80493.76,80650.58,80428.0,80564.57,263.56917
2026-09-20 14:00:00+00:00,80564.58,80789.33,80414.0,80682.01,430.31363
2026-09-20 15:00:00+00:00,80682.01,80969.84,80666.66,80912.0,468.43514
2026-09-20 16:00:00+00:00,80912.0,81497.33,80811.03,81334.01,1104.23835
2026-09-20 17:00:00+00:00,81334.01,81462.0,81068.08,81147.94,620.12017
2026-09-20 18:00:00+00:00,81147.94,81314.01,81030.97,81036.0,239.43349
2026-09-20 19:00:00+00:00,81036.0,81294.01,81036.0,81177.32,187.99727
2026-09-20 20:00:00+00:00,81177.32,81224.27,81078.18,81091.85,225.52232
2026-09-20 21:00:00+00:00,81091.86,81091.86,80579.43,80932.01,354.30196
2026-09-20 22:00:00+00:00,80932.01,81295.5,80774.56,81222.85,371.27801
2026-09-20 23:00:00+00:00,81222.84,81332.01,81135.15,81178.0,245.01823
2026-09-21 00:00:00+00:00,81178.01,81849.15,81178.01,81607.72,855.46281
2026-09-21 01:00:00+00:00,81607.72,82100.0,80850.22,80996.97,1183.18776
2026-09-21 02:00:00+00:00,80996.98,81514.01,80952.35,81310.61,488.74903
2026-09-21 03:00:00+00:00,81310.61,81576.01,81250.0,81425.23,378.81841
2026-09-21 04:00:00+00:00,81425.24,81509.25,81228.15,81400.01,436.96949
2026-09-21 05:00:00+00:00,81400.0,81792.01,81302.05,81550.0,458.38404
2026-09-21 06:00:00+00:00,81550.01,81878.98,81400.0,81639.9,532.02348
2026-09-21 07:00:00+00:00,81639.91,81725.74,81458.42,81720.01,624.88244
2026-09-21 08:00:00+00:00,81720.01,84174.1,81720.0,83760.0,4553.74746
2026-09-21 09:00:00+00:00,83760.0,85299.87,83700.0,84653.71,3826.57309
2026-09-21 10:00:00+00:00,84653.7,84816.42,84130.21,84441.77,1696.63605
2026-09-21 11:00:00+00:00,84441.77,84917.36,84392.41,84887.19,1151.00512
2026-09-21 12:00:00+00:00,84887.19,85473.68,84820.0,85323.0,2004.93408
2026-09-21 13:00:00+00:00,85323.0,85845.27,84778.0,85466.34,2331.00479
2026-09-21 14:00:00+00:00,85466.35,86125.0,85050.0,85844.14,2395.21576
2026-09-21 15:00:00+00:00,85844.13,86344.7,85799.99,85927.71,1968.31466
2026-09-21 16:00:00+00:00,85927.71,86103.73,85607.42,85961.91,1192.70075
2026-09-21 17:00:00+00:00,85961.91,86108.0,85667.5,85897.21,651.02583
2026-09-21 18:00:00+00:00,85897.2,86071.19,85800.0,86051.75,748.46369
2026-09-21 19:00:00+00:00,86051.75,86895.7,85980.76,86490.11,1357.8892
2026-09-21 20:00:00+00:00,86490.11,87395.67,86490.11,87001.68,1271.53725
2026-09-21 21:00:00+00:00,87001.68,87001.68,86537.53,86588.29,569.97751
2026-09-21 22:00:00+00:00,86588.29,86758.01,86295.78,86453.74,657.63026
2026-09-21 23:00:00+00:00,86453.73,86697.52,86364.05,86620.0,628.04576
2026-09-22 00:00:00+00:00,86620.01,86625.82,85867.68,85890.71,1126.88778
2026-09-22 01:00:00+00:00,85890.72,85973.79,85395.27,85616.23,890.84342
2026-09-22 02:00:00+00:00,85616.23,85879.25,85300.0,85714.9,898.97691
2026-09-22 03:00:00+00:00,85714.91,85750.01,85300.01,85692.83,703.23804
2026-09-22 04:00:00+00:00,85692.83,85730.23,85425.2,85452.0,594.93381
2026-09-22 05:00:00+00:00,85452.01,85600.0,85114.0,85397.37,844.33342
2026-09-22 06:00:00+00:00,85397.38,85581.52,85250.0,85384.01,582.94729
2026-09-22 07:00:00+00:00,85384.02,85500.0,85157.31,85344.0,1045.96764
2026-09-22 08:00:00+00:00,85344.01,86377.77,85327.42,86223.77,1208.65549
2026-09-22 09:00:00+00:00,86223.77,86271.22,85681.83,86253.99,951.86983
2026-09-22 10:00:00+00:00,86253.99,86262.01,85723.04,85904.0,634.44661
2026-09-22 11:00:00+00:00,85904.0,86142.01,85774.27,85986.62,661.52703
2026-09-22 12:00:00+00:00,85986.62,86182.2,85782.52,86024.01,1020.45206
2026-09-22 13:00:00+00:00,86024.01,86370.0,85569.46,86346.01,1218.84156
2026-09-22 14:00:00+00:00,86346.01,86470.58,85461.53,86258.01,1551.74098
2026-09-22 15:00:00+00:00,86258.0,86717.6,86124.3,86413.12,1020.77769
2026-09-22 16:00:00+00:00,86413.11,86588.3,86033.18,86421.13,1068.78379
2026-09-22 17:00:00+00:00,86421.13,86660.0,86247.8,86570.24,1073.02563
2026-09-22 18:00:00+00:00,86570.24,86649.06,86241.4,86461.44,1025.36943
2026-09-22 19:00:00+00:00,86461.45,86584.55,86139.37,86192.44,1139.5808
2026-09-22 20:00:00+00:00,86192.45,86378.32,86132.0,86264.01,646.72345
2026-09-22 21:00:00+00:00,86264.01,86344.01,86178.0,86184.01,334.95129
2026-09-22 22:00:00+00:00,86184.0,86284.01,86000.0,86124.01,473.14621
2026-09-22 23:00:00+00:00,86124.01,86504.17,86095.31,86208.56,610.43797
2026-09-23 00:00:00+00:00,86208.57,86588.3,86133.4,86457.3,617.38252
2026-09-23 01:00:00+00:00,86457.31,86845.39,86169.74,86370.0,781.39738
2026-09-23 02:00:00+00:00,86370.01,86638.15,86260.01,86552.26,553.16487
2026-09-23 03:00:00+00:00,86552.27,86975.51,86436.35,86704.27,495.62113
2026-09-23 04:00:00+00:00,86704.27,87278.54,86636.0,87166.95,876.93454
2026-09-23 05:00:00+00:00,87166.94,87166.95,86424.0,86496.01,734.60459
2026-09-23 06:00:00+00:00,86496.0,86609.93,86375.0,86469.66,728.90495
2026-09-23 07:00:00+00:00,86469.67,86469.67,86000.0,86124.77,902.10402
2026-09-23 08:00:00+00:00,86124.77,86264.01,85688.0,85899.99,908.01386
2026-09-23 09:00:00+00:00,85899.99,86024.01,85734.01,85854.33,592.82384
2026-09-23 10:00:00+00:00,85854.34,85934.02,85658.75,85923.07,574.90087
2026-09-23 11:00:00+00:00,85923.07,85966.04,85450.88,85649.95,706.12351
2026-09-23 12:00:00+00:00,85649.96,85675.04,85267.32,85510.91,731.94616
2026-09-23 13:00:00+00:00,85510.9,85878.01,85288.0,85792.01,1074.83799
2026-09-23 14:00:00+00:00,85792.01,85940.32,83864.07,84533.99,4612.32757
2026-09-23 15:00:00+00:00,84534.0,84794.01,83950.0,83996.01,1886.75286
2026-09-23 16:00:00+00:00,83996.0,84363.19,83500.01,84038.0,1490.08224
2026-09-23 17:00:00+00:00,84038.01,84392.56,83699.27,84326.56,1153.11912
2026-09-23 18:00:00+00:00,84326.55,84411.0,84136.0,84330.0,661.4068
2026-09-23 19:00:00+00:00,84330.0,84565.21,84228.0,84518.0,667.95349
2026-09-23 20:00:00+00:00,84518.0,84569.94,84224.01,84232.86,422.98773
2026-09-23 21:00:00+00:00,84232.86,84516.01,84212.68,84419.48,416.52546
2026-09-23 22:00:00+00:00,84419.49,84670.01,84344.51,84563.01,361.03249
2026-09-23 23:00:00+00:00,84563.01,84566.0,84352.0,84397.6,199.98478
2026-09-24 00:00:00+00:00,84397.6,84494.5,84213.99,84318.0,498.25449
2026-09-24 01:00:00+00:00,84318.0,84470.47,84064.0,84104.35,584.80296
2026-09-24 02:00:00+00:00,84104.35,84372.01,83744.7,84365.54,649.85626
2026-09-24 03:00:00+00:00,84365.55,84480.01,83850.0,83934.01,368.89645
2026-09-24 04:00:00+00:00,83934.01,84054.05,83781.89,84046.0,361.13702
2026-09-24 05:00:00+00:00,84046.0,84400.0,83959.55,83978.02,317.28584
2026-09-24 06:00:00+00:00,83978.02,84225.07,83918.84,84113.99,490.3723
2026-09-24 07:00:00+00:00,84114.0,84612.01,83950.0,84524.02,983.17968
2026-09-24 08:00:00+00:00,84524.02,84622.01,83301.0,83660.0,1604.94809
2026-09-24 09:00:00+00:00,83660.01,83743.43,82874.93,83263.95,1740.04754
2026-09-24 10:00:00+00:00,83263.96,83566.66,83156.0,83512.2,948.52494
2026-09-24 11:00:00+00:00,83512.2,83616.01,83399.47,83494.58,547.2589
2026-09-24 12:00:00+00:00,83494.59,83670.01,83346.66,83604.26,495.65647
2026-09-24 13:00:00+00:00,83604.26,84340.01,83600.0,84258.43,1073.28333
2026-09-24 14:00:00+00:00,84258.42,84942.45,83388.88,83673.77,2183.00027
2026-09-24 15:00:00+00:00,83673.77,84468.01,83508.0,84418.0,1011.03559
2026-09-24 16:00:00+00:00,84418.01,84924.01,84044.02,84500.33,1160.39204
2026-09-24 17:00:00+00:00,84500.32,84562.01,84017.68,84110.0,702.81371
2026-09-24 18:00:00+00:00,84110.0,84554.0,83888.0,84476.01,511.24518
2026-09-24 19:00:00+00:00,84476.01,84660.0,84298.0,84412.65,650.38242
2026-09-24 20:00:00+00:00,84412.64,84500.0,84170.0,84371.63,604.1686
2026-09-24 21:00:00+00:00,84371.62,84501.16,84290.0,84350.0,421.87972
2026-09-24 22:00:00+00:00,84350.0,84368.01,83948.43,84277.32,524.2865
2026-09-24 23:00:00+00:00,84277.32,84473.58,84269.99,84410.24,270.91141
2026-09-25 00:00:00+00:00,84410.24,84718.02,84410.24,84590.01,583.04093
2026-09-25 01:00:00+00:00,84590.01,84796.51,84366.0,84610.73,553.77183
2026-09-25 02:00:00+00:00,84610.74,84888.0,84180.0,84226.16,577.26362
2026-09-25 03:00:00+00:00,84226.17,84385.1,84063.18,84231.19,421.10752
2026-09-25 04:00:00+00:00,84231.19,84298.01,84061.22,84208.01,494.24466
2026-09-25 05:00:00+00:00,84208.0,84347.86,84096.94,84194.01,303.94989
2026-09-25 06:00:00+00:00,84194.0,84284.01,83938.0,84036.0,402.77283
2026-09-25 07:00:00+00:00,84036.01,84096.01,83750.5,84043.96,1342.44951
2026-09-25 08:00:00+00:00,84043.96,84512.0,84028.98,84417.06,686.85192
2026-09-25 09:00:00+00:00,84417.05,84870.0,84417.05,84570.01,698.57495
2026-09-25 10:00:00+00:00,84570.02,84870.0,84394.0,84713.66,540.8531
2026-09-25 11:00:00+00:00,84713.67,85255.0,84567.02,84582.64,1799.94837
2026-09-25 12:00:00+00:00,84582.64,84704.0,83900.0,84471.8,1293.76547
2026-09-25 13:00:00+00:00,84471.79,84600.01,83530.06,83923.71,1647.67121
2026-09-25 14:00:00+00:00,83923.71,84030.01,83183.0,84016.01,2047.65742
2026-09-25 15:00:00+00:00,84016.01,84092.01,83363.63,83796.01,1178.04356
2026-09-25 16:00:00+00:00,83796.01,84115.87,83720.0,83742.22,787.15982
2026-09-25 17:00:00+00:00,83742.23,83995.84,83628.0,83785.11,596.02916
2026-09-25 18:00:00+00:00,83785.11,84081.41,83785.11,83968.0,341.90397
2026-09-25 19:00:00+00:00,83968.01,84078.23,83934.0,84020.01,328.96659
2026-09-25 20:00:00+00:00,84020.01,84193.39,83817.89,83886.0,308.93872
2026-09-25 21:00:00+00:00,83886.01,83921.36,83632.03,83792.0,365.84717
2026-09-25 22:00:00+00:00,83792.0,84123.35,83765.26,84083.05,367.91947
2026-09-25 23:00:00+00:00,84083.05,84106.0,84020.0,84099.99,387.5335
2026-09-26 00:00:00+00:00,84100.0,84145.26,83798.0,83910.01,384.81627
2026-09-26 01:00:00+00:00,83910.01,84086.01,83906.72,84076.66,380.38641
2026-09-26 02:00:00+00:00,84076.67,84138.6,83996.0,84010.0,353.25072
2026-09-26 03:00:00+00:00,84010.0,84049.83,83909.98,83939.0,235.38951
2026-09-26 04:00:00+00:00,83939.01,84045.65,83848.91,83976.0,366.5919
2026-09-26 05:00:00+00:00,83976.01,84012.93,83891.27,83919.69,196.5401
2026-09-26 06:00:00+00:00,83919.69,83968.01,83876.58,83891.22,292.11571
2026-09-26 07:00:00+00:00,83891.23,84134.01,83891.23,84116.8,280.35605
2026-09-26 08:00:00+00:00,84116.79,84336.96,84032.06,84220.01,377.1799
2026-09-26 09:00:00+00:00,84220.01,84220.01,83966.03,84021.95,300.20233
2026-09-26 10:00:00+00:00,84021.96,84184.95,84021.95,84179.92,213.98608
2026-09-26 11:00:00+00:00,84179.92,84199.97,84130.79,84176.0,198.01949
2026-09-26 12:00:00+00:00,84176.0,84204.88,84050.0,84051.9,235.98415
2026-09-26 13:00:00+00:00,84051.89,84125.45,83856.23,83939.1,442.96191
2026-09-26 14:00:00+00:00,83939.11,84049.19,83919.1,84020.0,252.95346
2026-09-26 15:00:00+00:00,84020.01,84190.0,84010.49,84155.99,441.81063
2026-09-26 16:00:00+00:00,84156.0,84174.33,84098.18,84120.0,264.1412
2026-09-26 17:00:00+00:00,84120.0,84132.41,84041.92,84132.4,379.58461
2026-09-26 18:00:00+00:00,84132.4,84162.52,83990.0,83998.68,395.31178
2026-09-26 19:00:00+00:00,83998.68,84048.14,83976.74,84016.63,328.15515
2026-09-26 20:00:00+00:00,84016.63,84097.88,83838.0,84030.34,225.50053
2026-09-26 21:00:00+00:00,84030.35,84262.85,84030.34,84158.75,273.42687
2026-09-26 22:00:00+00:00,84158.74,84420.59,84158.74,84276.01,558.3193
2026-09-26 23:00:00+00:00,84276.01,84473.58,84276.0,84433.1,681.08059
2026-09-27 00:00:00+00:00,84433.11,84443.26,84257.07,84306.01,184.36474
2026-09-27 01:00:00+00:00,84306.01,84571.13,84281.84,84495.01,302.85952
2026-09-27 02:00:00+00:00,84495.01,84540.01,84448.0,84450.0,221.93995
2026-09-27 03:00:00+00:00,84450.01,84518.6,84372.0,84402.15,195.71508
2026-09-27 04:00:00+00:00,84402.15,84510.0,84305.35,84329.6,202.10127
2026-09-27 05:00:00+00:00,84329.61,84654.02,84325.0,84478.06,357.82469
2026-09-27 06:00:00+00:00,84478.06,84636.91,84478.06,84511.69,440.61295
2026-09-27 07:00:00+00:00,84511.69,84791.0,84500.0,84791.0,475.5529
2026-09-27 08:00:00+00:00,84790.99,84883.98,84692.68,84800.0,957.18622
2026-09-27 09:00:00+00:00,84800.0,84958.99,84590.0,84944.01,1322.2286
2026-09-27 10:00:00+00:00,84944.01,85117.64,84800.0,84883.0,545.16779
2026-09-27 11:00:00+00:00,84882.99,84946.01,84836.06,84898.0,251.99141
2026-09-27 12:00:00+00:00,84898.0,85044.51,84802.01,84802.01,294.04359
2026-09-27 13:00:00+00:00,84802.01,85159.03,84637.73,85030.41,546.25175
2026-09-27 14:00:00+00:00,85030.41,85048.14,84450.0,84538.02,539.04021
2026-09-27 15:00:00+00:00,84538.01,84644.01,84364.0,84463.37,477.19429
2026-09-27 16:00:00+00:00,84463.38,84687.32,84380.0,84426.0,303.32281
2026-09-27 17:00:00+00:00,84426.0,84574.01,84342.0,84574.0,248.02128
2026-09-27 18:00:00+00:00,84574.0,84820.74,84565.9,84818.87,245.93692
2026-09-27 19:00:00+00:00,84818.87,84843.0,84666.0,84736.01,208.94856
2026-09-27 20:00:00+00:00,84736.02,84813.0,84548.0,84552.0,221.75687
2026-09-27 21:00:00+00:00,84552.01,84719.82,84458.0,84688.07,248.48896
2026-09-27 22:00:00+00:00,84688.07,84756.01,84135.78,84195.27,432.15056
2026-09-27 23:00:00+00:00,84195.27,84532.01,84132.0,84472.0,392.42871
2026-09-28 00:00:00+00:00,84472.01,84999.0,84140.0,84140.0,772.04412
2026-09-28 01:00:00+00:00,84140.0,84238.87,83613.8,83694.43,1023.29324
2026-09-28 02:00:00+00:00,83694.42,83782.07,83389.07,83418.24,872.84472
2026-09-28 03:00:00+00:00,83418.91,83536.48,83210.0,83338.6,696.19046
2026-09-28 04:00:00+00:00,83338.6,83526.01,83232.0,83490.21,488.21735
2026-09-28 05:00:00+00:00,83490.2,83534.01,82705.02,83184.01,1445.71416
2026-09-28 06:00:00+00:00,83184.0,83295.84,83046.0,83164.78,634.32079
2026-09-28 07:00:00+00:00,83164.78,83291.66,82920.0,82966.01,1134.53116
2026-09-28 08:00:00+00:00,82966.0,83160.33,82784.0,82962.0,1994.51621
2026-09-28 09:00:00+00:00,82962.01,83003.67,82597.55,82666.01,1165.04903
2026-09-28 10:00:00+00:00,82666.01,83064.51,82666.01,82960.0,804.82256
2026-09-28 11:00:00+00:00,82960.01,83111.0,82960.0,83082.54,835.88182
2026-09-28 12:00:00+00:00,83082.53,83631.43,83011.48,83579.75,1210.60365
2026-09-28 13:00:00+00:00,83579.75,83820.0,83310.71,83641.99,1176.20149
2026-09-28 14:00:00+00:00,83641.99,83642.0,82563.0,83020.0,1496.68398
2026-09-28 15:00:00+00:00,83020.01,83397.18,82792.0,83370.0,1411.06683
2026-09-28 16:00:00+00:00,83370.0,84188.9,83256.0,83723.1,1107.71891
2026-09-28 17:00:00+00:00,83723.1,84381.3,83563.11,83880.33,811.05402
2026-09-28 18:00:00+00:00,83880.34,84045.23,83800.0,84041.19,431.21621
2026-09-28 19:00:00+00:00,84041.19,84045.23,83118.1,83389.54,510.926
2026-09-28 20:00:00+00:00,83389.53,83613.8,83270.0,83548.0,281.2084
2026-09-28 21:00:00+00:00,83548.01,83664.01,83214.0,83218.01,212.62495
2026-09-28 22:00:00+00:00,83218.01,83544.01,83100.0,83544.01,266.26006
2026-09-28 23:00:00+00:00,83544.01,83636.7,83455.0,83500.01,177.7345
2026-09-29 00:00:00+00:00,83500.01,83620.01,83183.0,83185.69,543.35625
2026-09-29 01:00:00+00:00,83185.69,83241.99,82775.94,83068.0,755.14095
2026-09-29 02:00:00+00:00,83068.01,83156.01,82891.32,82967.4,450.3598
2026-09-29 03:00:00+00:00,82967.41,83210.01,82866.01,83069.99,308.8323
2026-09-29 04:00:00+00:00,83070.0,83295.61,83024.43,83212.98,350.37336
2026-09-29 05:00:00+00:00,83212.98,83434.56,82971.1,83431.02,359.15809
2026-09-29 06:00:00+00:00,83431.01,84017.74,83420.01,84007.06,657.44864
2026-09-29 07:00:00+00:00,84007.07,84200.0,83873.74,83980.97,614.40314
2026-09-29 08:00:00+00:00,83980.97,84368.01,83800.0,83874.01,650.67911
2026-09-29 09:00:00+00:00,83874.01,84328.94,83760.4,84258.01,883.3981
2026-09-29 10:00:00+00:00,84258.01,84332.76,83987.99,84030.49,509.50694
2026-09-29 11:00:00+00:00,84030.5,84500.0,83936.92,84358.01,492.05356
2026-09-29 12:00:00+00:00,84358.0,84488.99,84133.0,84332.85,590.42788
2026-09-29 13:00:00+00:00,84332.85,84563.99,84025.26,84200.01,856.91501
2026-09-29 14:00:00+00:00,84200.01,84288.01,83688.0,83752.01,1050.62321
2026-09-29 15:00:00+00:00,83752.0,83756.25,82910.0,83068.0,1492.11066
2026-09-29 16:00:00+00:00,83068.0,83290.0,82900.0,83061.27,684.06981
2026-09-29 17:00:00+00:00,83061.28,83218.01,82985.0,83078.01,383.29698
2026-09-29 18:00:00+00:00,83078.01,83700.0,83078.01,83640.0,394.02033
2026-09-29 19:00:00+00:00,83640.0,83700.0,83398.5,83594.01,320.21817
2026-09-29 20:00:00+00:00,83594.01,83654.85,83508.0,83616.39,204.262
2026-09-29 21:00:00+00:00,83616.38,83616.39,83384.0,83503.99,344.15954
2026-09-29 22:00:00+00:00,83503.99,83722.01,83503.99,83612.01,274.89307
2026-09-29 23:00:00+00:00,83612.0,83849.0,83612.0,83663.66,291.84641
2026-09-30 00:00:00+00:00,83663.66,83731.46,83344.78,83453.36,410.86191
2026-09-30 01:00:00+00:00,83453.36,83550.39,83336.51,83448.01,408.46614
2026-09-30 02:00:00+00:00,83448.01,83620.87,83298.0,83384.68,342.33881
2026-09-30 03:00:00+00:00,83384.68,83427.51,83175.67,83300.65,264.75568
2026-09-30 04:00:00+00:00,83300.65,83433.33,83210.0,83210.01,286.48367
2026-09-30 05:00:00+00:00,83210.01,83521.98,83188.01,83384.0,440.8336
2026-09-30 06:00:00+00:00,83384.01,83438.01,82980.0,83043.14,530.29994
2026-09-30 07:00:00+00:00,83043.14,83470.0,82956.11,83304.92,688.1658
2026-09-30 08:00:00+00:00,83304.92,83339.91,83023.69,83062.41,628.26691
2026-09-30 09:00:00+00:00,83062.41,83812.41,83058.0,83632.01,644.75388
2026-09-30 10:00:00+00:00,83632.01,83950.0,83632.01,83918.01,758.46227
2026-09-30 11:00:00+00:00,83918.0,83981.11,83696.0,83915.16,449.16897
2026-09-30 12:00:00+00:00,83915.17,85514.0,83768.0,85290.32,3850.10161
2026-09-30 13:00:00+00:00,85290.32,85649.95,84019.39,84637.74,2383.56099
2026-09-30 14:00:00+00:00,84637.74,84644.83,83373.0,83800.01,1897.96585
2026-09-30 15:00:00+00:00,83800.01,84295.71,83694.0,84134.43,810.9913
2026-09-30 16:00:00+00:00,84134.43,84490.01,84134.43,84349.44,571.82403
2026-09-30 17:00:00+00:00,84349.44,84435.26,83923.71,84031.46,592.67571
2026-09-30 18:00:00+00:00,84031.47,84078.55,83792.98,83950.0,432.13033
2026-09-30 19:00:00+00:00,83950.01,83958.01,83503.18,83603.16,502.3693
2026-09-30 20:00:00+00:00,83603.16,83771.16,83530.11,83673.99,420.0892
2026-09-30 21:00:00+00:00,83673.99,83818.83,83673.99,83757.72,302.08867
2026-09-30 22:00:00+00:00,83757.73,83845.0,83580.29,83685.85,214.8942
2026-09-30 23:00:00+00:00,83685.86,83836.07,83523.65,83623.6,691.27124
2026-10-01 00:00:00+00:00,83623.59,83660.01,83429.8,83509.03,451.69518
2026-10-01 01:00:00+00:00,83509.03,83692.0,83482.2,83518.07,343.4474
2026-10-01 02:00:00+00:00,83518.07,83668.01,83410.39,83490.78,362.14695
2026-10-01 03:00:00+00:00,83490.78,83780.14,83424.58,83754.01,325.01626
2026-10-01 04:00:00+00:00,83754.01,84207.53,83720.4,84110.01,514.62822
2026-10-01 05:00:00+00:00,84110.01,84368.0,84032.0,84291.48,420.04452
2026-10-01 06:00:00+00:00,84291.49,84419.69,84105.76,84121.45,398.59463
2026-10-01 07:00:00+00:00,84121.45,84214.18,83321.71,83429.93,1433.53387
2026-10-01 08:00:00+00:00,83429.93,83582.44,83186.0,83566.97,1428.79733
2026-10-01 09:00:00+00:00,83566.98,83896.01,83558.46,83782.01,721.11462
2026-10-01 10:00:00+00:00,83782.01,84098.01,83418.23,83966.28,465.6863
2026-10-01 11:00:00+00:00,83966.27,84048.01,83780.8,83905.76,424.0186
2026-10-01 12:00:00+00:00,83905.76,84054.01,83657.02,83736.02,410.88076
2026-10-01 13:00:00+00:00,83736.02,84023.78,83400.0,83939.67,998.33278
2026-10-01 14:00:00+00:00,83938.6,84332.01,83552.66,84050.65,1143.4352
2026-10-01 15:00:00+00:00,84050.65,84744.0,83831.99,84162.65,2235.93216
2026-10-01 16:00:00+00:00,84162.66,84625.98,84064.0,84202.01,751.73824
2026-10-01 17:00:00+00:00,84202.0,85078.85,84198.0,84908.01,1161.14234
2026-10-01 18:00:00+00:00,84908.0,85273.65,84671.01,84802.02,823.15515
2026-10-01 19:00:00+00:00,84802.02,84892.01,84585.81,84675.36,467.44684
2026-10-01 20:00:00+00:00,84675.36,84860.05,84563.54,84634.0,394.36355
2026-10-01 21:00:00+00:00,84634.01,84687.4,84493.35,84544.99,302.67133
2026-10-01 22:00:00+00:00,84544.99,84788.01,84537.12,84749.73,453.96769
2026-10-01 23:00:00+00:00,84749.74,84900.0,84644.69,84880.05,334.26683
2026-10-02 00:00:00+00:00,84880.05,84958.48,84705.04,84784.89,801.38264
2026-10-02 01:00:00+00:00,84784.89,84986.39,84520.0,84910.0,372.71637
2026-10-02 02:00:00+00:00,84910.01,85189.97,84866.51,85188.0,641.82776
2026-10-02 03:00:00+00:00,85187.99,85511.0,85187.99,85386.01,513.18727
