time,open,high,low,close,volume
2026-06-04 04:00:00+00:00,0.2022,0.2032,0.1991,0.1992,412642.1
2026-06-04 05:00:00+00:00,0.1992,0.1993,0.1967,0.1973,1313648.2
2026-06-04 06:00:00+00:00,0.1973,0.2001,0.197,0.1974,401599.8
2026-06-04 07:00:00+00:00,0.1975,0.1976,0.1948,0.1948,930002.3
2026-06-04 08:00:00+00:00,0.1949,0.1958,0.1931,0.194,330329.2
2026-06-04 09:00:00+00:00,0.1939,0.1939,0.1883,0.1915,2557391.0
2026-06-04 10:00:00+00:00,0.1914,0.1921,0.1891,0.1898,1186447.5
2026-06-04 11:00:00+00:00,0.1898,0.1923,0.1889,0.1923,616251.0
2026-06-04 12:00:00+00:00,0.1923,0.1974,0.1909,0.1964,664532.8
2026-06-04 13:00:00+00:00,0.1965,0.1982,0.1932,0.1978,465942.1
2026-06-04 14:00:00+00:00,0.198,0.199,0.1965,0.1972,316579.2
2026-06-04 15:00:00+00:00,0.1972,0.1998,0.1971,0.198,338198.3
2026-06-04 16:00:00+00:00,0.1981,0.1981,0.1963,0.1975,308699.3
2026-06-04 17:00:00+00:00,0.1975,0.1984,0.1947,0.1972,693554.7
2026-06-04 18:00:00+00:00,0.1973,0.1993,0.1955,0.1983,419787.1
2026-06-04 19:00:00+00:00,0.1982,0.1992,0.197,0.1975,211497.0
2026-06-04 20:00:00+00:00,0.1974,0.1974,0.1951,0.196,314992.8
2026-06-04 21:00:00+00:00,0.1959,0.1968,0.1907,0.1912,330593.6
2026-06-04 22:00:00+00:00,0.1911,0.1929,0.19,0.1927,532880.4
2026-06-04 23:00:00+00:00,0.1926,0.1938,0.1912,0.1936,313790.0
2026-06-05 00:00:00+00:00,0.1937,0.195,0.1924,0.1925,250348.0
2026-06-05 01:00:00+00:00,0.1924,0.1934,0.1908,0.1926,284824.8
2026-06-05 02:00:00+00:00,0.1924,0.1924,0.1864,0.187,1062849.5
2026-06-05 03:00:00+00:00,0.187,0.1885,0.1858,0.1863,751201.2
2026-06-05 04:00:00+00:00,0.1864,0.1909,0.1856,0.1904,703011.6
2026-06-05 05:00:00+00:00,0.1905,0.191,0.1836,0.1838,849679.9
2026-06-05 06:00:00+00:00,0.184,0.184,0.1723,0.1781,5944214.3
2026-06-05 07:00:00+00:00,0.1781,0.1845,0.174,0.1842,3043733.4
2026-06-05 08:00:00+00:00,0.1843,0.1843,0.1802,0.1805,1150601.9
2026-06-05 09:00:00+00:00,0.1806,0.1849,0.1806,0.1842,1538849.8
2026-06-05 10:00:00+00:00,0.1843,0.1847,0.182,0.1836,1071353.3
2026-06-05 11:00:00+00:00,0.1836,0.1844,0.1823,0.1836,742033.4
2026-06-05 12:00:00+00:00,0.1834,0.1849,0.1813,0.1846,1161753.9
2026-06-05 13:00:00+00:00,0.1847,0.1893,0.1817,0.1817,1412348.5
2026-06-05 14:00:00+00:00,0.1817,0.1849,0.1789,0.1845,1472398.4
2026-06-05 15:00:00+00:00,0.1846,0.1853,0.1786,0.1799,1805853.7
2026-06-05 16:00:00+00:00,0.1798,0.185,0.176,0.1844,2710257.7
2026-06-05 17:00:00+00:00,0.1844,0.1848,0.1814,0.182,827136.1
2026-06-05 18:00:00+00:00,0.1821,0.1831,0.174,0.1752,1598339.4
2026-06-05 19:00:00+00:00,0.1751,0.1805,0.1721,0.1799,1719931.5
2026-06-05 20:00:00+00:00,0.1798,0.1855,0.178,0.1851,1371447.6
2026-06-05 21:00:00+00:00,0.1851,0.186,0.1845,0.1846,311247.1
2026-06-05 22:00:00+00:00,0.1845,0.1845,0.1817,0.183,313638.9
2026-06-05 23:00:00+00:00,0.183,0.1838,0.1784,0.1822,587602.7
2026-06-06 00:00:00+00:00,0.1823,0.1842,0.1822,0.1838,479138.6
2026-06-06 01:00:00+00:00,0.1839,0.1841,0.1821,0.1823,535859.5
2026-06-06 02:00:00+00:00,0.1823,0.1824,0.1804,0.1812,836043.3
2026-06-06 03:00:00+00:00,0.1811,0.1812,0.1795,0.1798,274295.3
2026-06-06 04:00:00+00:00,0.1797,0.1806,0.1717,0.1726,1382728.6
2026-06-06 05:00:00+00:00,0.1725,0.1798,0.17,0.1795,1774529.8
2026-06-06 06:00:00+00:00,0.1796,0.1817,0.1789,0.179,722607.7
2026-06-06 07:00:00+00:00,0.179,0.1824,0.1786,0.181,513031.3
2026-06-06 08:00:00+00:00,0.1811,0.1845,0.1808,0.1829,684877.3
2026-06-06 09:00:00+00:00,0.1828,0.1837,0.1809,0.1813,375796.6
2026-06-06 10:00:00+00:00,0.1814,0.1814,0.1771,0.1794,549093.7
2026-06-06 11:00:00+00:00,0.1794,0.1811,0.1787,0.1807,355096.5
2026-06-06 12:00:00+00:00,0.1807,0.1833,0.1795,0.1826,271660.8
2026-06-06 13:00:00+00:00,0.1825,0.1843,0.1822,0.1836,205906.6
2026-06-06 14:00:00+00:00,0.1836,0.1857,0.1834,0.1834,252002.5
2026-06-06 15:00:00+00:00,0.1835,0.1839,0.1805,0.1833,261197.5
2026-06-06 16:00:00+00:00,0.1832,0.184,0.1807,0.1819,525609.9
2026-06-06 17:00:00+00:00,0.1819,0.1821,0.18,0.1808,519998.6
2026-06-06 18:00:00+00:00,0.1807,0.1834,0.1806,0.1818,217545.2
2026-06-06 19:00:00+00:00,0.1817,0.1827,0.1806,0.1808,221347.8
2026-06-06 20:00:00+00:00,0.1807,0.1824,0.1803,0.182,194620.7
2026-06-06 21:00:00+00:00,0.182,0.1835,0.182,0.1824,183186.2
2026-06-06 22:00:00+00:00,0.1823,0.1844,0.1815,0.1837,208425.4
2026-06-06 23:00:00+00:00,0.1836,0.1876,0.1834,0.1868,630916.6
2026-06-07 00:00:00+00:00,0.1868,0.188,0.1856,0.1858,469080.1
2026-06-07 01:00:00+00:00,0.1857,0.1907,0.1857,0.1896,556898.1
2026-06-07 02:00:00+00:00,0.1897,0.1904,0.188,0.1896,254593.5
2026-06-07 03:00:00+00:00,0.1897,0.1908,0.1892,0.1896,229339.7
2026-06-07 04:00:00+00:00,0.1896,0.191,0.1888,0.1908,278771.9
2026-06-07 05:00:00+00:00,0.1908,0.1919,0.1897,0.1901,520093.4
2026-06-07 06:00:00+00:00,0.1901,0.1915,0.1891,0.1906,386079.9
2026-06-07 07:00:00+00:00,0.1905,0.1911,0.1899,0.1902,428243.7
2026-06-07 08:00:00+00:00,0.1902,0.194,0.1899,0.194,902795.2
2026-06-07 09:00:00+00:00,0.194,0.1948,0.1927,0.1935,391896.6
2026-06-07 10:00:00+00:00,0.1936,0.1938,0.1918,0.1923,333258.6
2026-06-07 11:00:00+00:00,0.1923,0.1934,0.1917,0.1925,225154.7
2026-06-07 12:00:00+00:00,0.1924,0.1928,0.1894,0.1913,642377.6
2026-06-07 13:00:00+00:00,0.1914,0.1916,0.1901,0.1908,444416.6
2026-06-07 14:00:00+00:00,0.1908,0.1944,0.1907,0.1933,677891.7
2026-06-07 15:00:00+00:00,0.1932,0.1935,0.1922,0.1929,344348.5
2026-06-07 16:00:00+00:00,0.193,0.1944,0.1921,0.1937,632864.9
2026-06-07 17:00:00+00:00,0.1936,0.1958,0.1936,0.1941,588639.5
2026-06-07 18:00:00+00:00,0.1943,0.1951,0.1923,0.1925,640350.8
2026-06-07 19:00:00+00:00,0.1927,0.1927,0.1896,0.1911,1113333.1
2026-06-07 20:00:00+00:00,0.191,0.1931,0.1907,0.1926,409606.3
2026-06-07 21:00:00+00:00,0.1925,0.1928,0.1905,0.192,315954.1
2026-06-07 22:00:00+00:00,0.1921,0.2017,0.1918,0.1949,2114745.7
2026-06-07 23:00:00+00:00,0.1951,0.1974,0.1949,0.1968,425157.4
2026-06-08 00:00:00+00:00,0.1968,0.1989,0.1963,0.1979,490598.6
2026-06-08 01:00:00+00:00,0.198,0.1982,0.194,0.1966,597320.6
2026-06-08 02:00:00+00:00,0.1967,0.198,0.1963,0.1975,219007.2
2026-06-08 03:00:00+00:00,0.1976,0.199,0.1972,0.199,242365.8
2026-06-08 04:00:00+00:00,0.199,0.1992,0.1958,0.1964,623033.8
2026-06-08 05:00:00+00:00,0.1965,0.1976,0.1953,0.1975,334050.9
2026-06-08 06:00:00+00:00,0.1975,0.1993,0.1971,0.1972,614276.6
2026-06-08 07:00:00+00:00,0.1973,0.2021,0.1964,0.201,995413.0
2026-06-08 08:00:00+00:00,0.201,0.2027,0.1987,0.1991,875138.4
2026-06-08 09:00:00+00:00,0.1991,0.2008,0.1983,0.1998,497049.8
2026-06-08 10:00:00+00:00,0.1998,0.2017,0.1983,0.2002,505350.4
2026-06-08 11:00:00+00:00,0.2002,0.2027,0.1996,0.2013,510617.7
2026-06-08 12:00:00+00:00,0.2012,0.2028,0.1993,0.2024,654717.9
2026-06-08 13:00:00+00:00,0.2024,0.2026,0.2002,0.201,830782.6
2026-06-08 14:00:00+00:00,0.2009,0.2016,0.1998,0.201,578869.5
2026-06-08 15:00:00+00:00,0.2011,0.203,0.2003,0.2003,343540.3
2026-06-08 16:00:00+00:00,0.2004,0.202,0.1991,0.1992,398103.5
2026-06-08 17:00:00+00:00,0.1994,0.2002,0.1984,0.1997,515486.5
2026-06-08 18:00:00+00:00,0.1998,0.2001,0.1987,0.1994,153500.8
2026-06-08 19:00:00+00:00,0.1994,0.2003,0.1992,0.1995,255515.8
2026-06-08 20:00:00+00:00,0.1995,0.2006,0.1991,0.2005,398137.8
2026-06-08 21:00:00+00:00,0.2006,0.2024,0.2002,0.2003,119110.9
2026-06-08 22:00:00+00:00,0.2003,0.2008,0.1999,0.2006,135479.9
2026-06-08 23:00:00+00:00,0.2007,0.2012,0.1971,0.1989,733683.7
2026-06-09 00:00:00+00:00,0.1989,0.199,0.1946,0.1961,397519.6
2026-06-09 01:00:00+00:00,0.196,0.1973,0.1949,0.1972,167526.1
2026-06-09 02:00:00+00:00,0.1972,0.1986,0.1962,0.1985,273788.6
2026-06-09 03:00:00+00:00,0.1985,0.1988,0.1965,0.1972,224600.2
2026-06-09 04:00:00+00:00,0.1972,0.1997,0.1963,0.1986,374354.6
2026-06-09 05:00:00+00:00,0.1986,0.2001,0.1984,0.1993,93591.6
2026-06-09 06:00:00+00:00,0.1992,0.1997,0.1984,0.1984,147251.5
2026-06-09 07:00:00+00:00,0.1984,0.1992,0.1976,0.1981,133839.8
2026-06-09 08:00:00+00:00,0.198,0.1982,0.197,0.197,113784.0
2026-06-09 09:00:00+00:00,0.197,0.1975,0.1954,0.1963,295972.3
2026-06-09 10:00:00+00:00,0.1964,0.1973,0.1955,0.1967,306971.9
2026-06-09 11:00:00+00:00,0.1967,0.1984,0.1961,0.198,236815.2
2026-06-09 12:00:00+00:00,0.1979,0.2003,0.1979,0.2001,153742.9
2026-06-09 13:00:00+00:00,0.2001,0.2008,0.1984,0.1994,238091.2
2026-06-09 14:00:00+00:00,0.1995,0.1998,0.1942,0.1977,683174.2
2026-06-09 15:00:00+00:00,0.1976,0.2006,0.1968,0.1979,1547804.3
2026-06-09 16:00:00+00:00,0.1978,0.1997,0.1957,0.1994,1115657.7
2026-06-09 17:00:00+00:00,0.1995,0.2062,0.1985,0.2037,892577.4
2026-06-09 18:00:00+00:00,0.2038,0.2058,0.2027,0.2042,447982.6
2026-06-09 19:00:00+00:00,0.2041,0.205,0.2022,0.2028,306829.0
2026-06-09 20:00:00+00:00,0.203,0.2039,0.2022,0.203,266593.5
2026-06-09 21:00:00+00:00,0.2031,0.2044,0.2013,0.2043,176674.0
2026-06-09 22:00:00+00:00,0.2044,0.2048,0.201,0.2012,309961.9
2026-06-09 23:00:00+00:00,0.2013,0.2023,0.2003,0.2012,389066.0
2026-06-10 00:00:00+00:00,0.2012,0.2043,0.2009,0.2041,298097.2
2026-06-10 01:00:00+00:00,0.204,0.2047,0.2032,0.2044,203626.2
2026-06-10 02:00:00+00:00,0.2044,0.2051,0.203,0.2043,433748.2
2026-06-10 03:00:00+00:00,0.2043,0.206,0.2043,0.2043,325583.1
2026-06-10 04:00:00+00:00,0.2043,0.2051,0.2034,0.2041,293071.3
2026-06-10 05:00:00+00:00,0.2041,0.2055,0.2038,0.2044,285879.3
2026-06-10 06:00:00+00:00,0.2044,0.2054,0.2029,0.2045,209965.2
2026-06-10 07:00:00+00:00,0.2045,0.2082,0.204,0.2079,762659.8
2026-06-10 08:00:00+00:00,0.208,0.2092,0.2056,0.206,1075027.8
2026-06-10 09:00:00+00:00,0.2061,0.2071,0.2026,0.2046,1226069.9
2026-06-10 10:00:00+00:00,0.2045,0.2063,0.2035,0.2059,388348.6
2026-06-10 11:00:00+00:00,0.2059,0.2069,0.2018,0.2038,1115898.9
2026-06-10 12:00:00+00:00,0.2038,0.2098,0.2026,0.2081,1958608.6
2026-06-10 13:00:00+00:00,0.208,0.214,0.2076,0.2106,2270856.9
2026-06-10 14:00:00+00:00,0.2106,0.2145,0.2097,0.2144,1414700.1
2026-06-10 15:00:00+00:00,0.2145,0.2162,0.2114,0.2144,1742103.7
2026-06-10 16:00:00+00:00,0.2145,0.2213,0.2144,0.2186,3354420.5
2026-06-10 17:00:00+00:00,0.2186,0.2229,0.2152,0.2167,3669711.9
2026-06-10 18:00:00+00:00,0.2167,0.2182,0.2104,0.2133,1777585.3
2026-06-10 19:00:00+00:00,0.2133,0.2137,0.2103,0.2114,726112.0
2026-06-10 20:00:00+00:00,0.2113,0.2124,0.2097,0.2112,691568.8
2026-06-10 21:00:00+00:00,0.2112,0.2135,0.2092,0.2113,1318319.6
2026-06-10 22:00:00+00:00,0.2115,0.2117,0.2082,0.2102,783235.8
2026-06-10 23:00:00+00:00,0.2103,0.2115,0.2079,0.2112,483371.1
2026-06-11 00:00:00+00:00,0.2111,0.2184,0.211,0.2168,1288700.9
2026-06-11 01:00:00+00:00,0.217,0.2274,0.217,0.2268,2199119.2
2026-06-11 02:00:00+00:00,0.2269,0.2297,0.2243,0.2277,2140321.9
2026-06-11 03:00:00+00:00,0.2276,0.2379,0.2276,0.2367,3609730.9
2026-06-11 04:00:00+00:00,0.2367,0.2453,0.2353,0.2442,3949997.9
2026-06-11 05:00:00+00:00,0.2441,0.2443,0.237,0.2425,3369389.5
2026-06-11 06:00:00+00:00,0.2427,0.2489,0.2365,0.2469,4885315.8
2026-06-11 07:00:00+00:00,0.2469,0.2509,0.2438,0.2452,7020391.8
2026-06-11 08:00:00+00:00,0.2453,0.2551,0.2447,0.2551,2736557.7
2026-06-11 09:00:00+00:00,0.2551,0.2577,0.2496,0.2573,4055551.8
2026-06-11 10:00:00+00:00,0.2574,0.2595,0.2477,0.2502,5339914.9
2026-06-11 11:00:00+00:00,0.2501,0.2534,0.2459,0.2473,3454905.1
2026-06-11 12:00:00+00:00,0.2474,0.2487,0.2416,0.2456,2929701.9
2026-06-11 13:00:00+00:00,0.2455,0.247,0.2423,0.2458,2120512.5
2026-06-11 14:00:00+00:00,0.2459,0.2594,0.2449,0.253,3835126.3
2026-06-11 15:00:00+00:00,0.2531,0.2565,0.2508,0.2534,2774647.9
2026-06-11 16:00:00+00:00,0.2535,0.2541,0.2451,0.246,3033540.5
2026-06-11 17:00:00+00:00,0.2459,0.2542,0.2429,0.2533,3115257.3
2026-06-11 18:00:00+00:00,0.2533,0.255,0.2433,0.2477,3930167.0
2026-06-11 19:00:00+00:00,0.2477,0.2498,0.2451,0.2484,2046015.0
2026-06-11 20:00:00+00:00,0.2485,0.2508,0.2455,0.2479,1465041.1
2026-06-11 21:00:00+00:00,0.2478,0.254,0.2474,0.2516,852038.0
2026-06-11 22:00:00+00:00,0.2515,0.256,0.2497,0.2549,1173251.9
2026-06-11 23:00:00+00:00,0.255,0.2568,0.2509,0.2561,1593449.6
2026-06-12 00:00:00+00:00,0.256,0.2574,0.2529,0.2555,1590458.9
2026-06-12 01:00:00+00:00,0.2555,0.2584,0.2532,0.2583,1531555.9
2026-06-12 02:00:00+00:00,0.2583,0.2633,0.256,0.2584,2974362.8
2026-06-12 03:00:00+00:00,0.2583,0.2654,0.2576,0.2653,1774656.8
2026-06-12 04:00:00+00:00,0.2653,0.2655,0.258,0.2618,1910091.2
2026-06-12 05:00:00+00:00,0.2617,0.2637,0.2485,0.2486,3395581.1
2026-06-12 06:00:00+00:00,0.2485,0.2508,0.2451,0.2465,3309919.7
2026-06-12 07:00:00+00:00,0.2466,0.2508,0.2464,0.2501,1448743.1
2026-06-12 08:00:00+00:00,0.25,0.2511,0.2468,0.2471,1036042.5
2026-06-12 09:00:00+00:00,0.2471,0.2497,0.2442,0.245,1080325.9
2026-06-12 10:00:00+00:00,0.2451,0.2457,0.2417,0.2432,1221807.4
2026-06-12 11:00:00+00:00,0.2433,0.2463,0.243,0.2452,766690.4
2026-06-12 12:00:00+00:00,0.2451,0.2451,0.2421,0.2433,665557.0
2026-06-12 13:00:00+00:00,0.2432,0.2457,0.2402,0.2436,1173397.4
2026-06-12 14:00:00+00:00,0.2436,0.2499,0.2426,0.2491,1085819.0
2026-06-12 15:00:00+00:00,0.2491,0.2503,0.2409,0.2421,1311194.0
2026-06-12 16:00:00+00:00,0.2422,0.2462,0.2408,0.2419,1050977.0
2026-06-12 17:00:00+00:00,0.242,0.2431,0.2372,0.2379,784362.3
2026-06-12 18:00:00+00:00,0.2381,0.2393,0.2369,0.2385,548762.4
2026-06-12 19:00:00+00:00,0.2386,0.241,0.2385,0.2388,637043.9
2026-06-12 20:00:00+00:00,0.2389,0.2406,0.2384,0.2402,256797.7
2026-06-12 21:00:00+00:00,0.2401,0.2406,0.2378,0.2384,165036.5
2026-06-12 22:00:00+00:00,0.2386,0.2404,0.2381,0.2393,128044.2
2026-06-12 23:00:00+00:00,0.2392,0.2395,0.2349,0.2361,516709.0
2026-06-13 00:00:00+00:00,0.2361,0.2411,0.2345,0.2401,770258.1
2026-06-13 01:00:00+00:00,0.24,0.2441,0.2374,0.2395,776393.4
2026-06-13 02:00:00+00:00,0.2396,0.2397,0.2371,0.2387,363773.2
2026-06-13 03:00:00+00:00,0.2387,0.2387,0.2351,0.2366,706422.8
2026-06-13 04:00:00+00:00,0.2367,0.238,0.2338,0.2349,375973.8
2026-06-13 05:00:00+00:00,0.235,0.2354,0.2328,0.2336,330811.1
2026-06-13 06:00:00+00:00,0.2336,0.2347,0.232,0.2341,335117.4
2026-06-13 07:00:00+00:00,0.2341,0.2362,0.2335,0.2349,652436.0
2026-06-13 08:00:00+00:00,0.2348,0.2354,0.234,0.2344,270045.8
2026-06-13 09:00:00+00:00,0.2345,0.2351,0.2338,0.2339,385344.4
2026-06-13 10:00:00+00:00,0.234,0.2355,0.2333,0.2352,148235.1
2026-06-13 11:00:00+00:00,0.2351,0.2411,0.2351,0.2407,686468.9
2026-06-13 12:00:00+00:00,0.2406,0.2407,0.2381,0.2381,315224.3
2026-06-13 13:00:00+00:00,0.2381,0.2395,0.2373,0.2389,374517.1
2026-06-13 14:00:00+00:00,0.2389,0.2462,0.2385,0.2421,1446526.4
2026-06-13 15:00:00+00:00,0.2421,0.2438,0.2383,0.24,868626.4
2026-06-13 16:00:00+00:00,0.2401,0.2401,0.2325,0.2379,1759136.2
2026-06-13 17:00:00+00:00,0.2379,0.2384,0.2359,0.2368,759757.4
2026-06-13 18:00:00+00:00,0.2367,0.2379,0.2356,0.2369,235084.5
2026-06-13 19:00:00+00:00,0.2369,0.2373,0.2352,0.2358,351388.9
2026-06-13 20:00:00+00:00,0.2359,0.2363,0.2338,0.235,185842.7
2026-06-13 21:00:00+00:00,0.235,0.2385,0.2345,0.2369,346134.3
2026-06-13 22:00:00+00:00,0.237,0.2401,0.2368,0.2384,480376.5
2026-06-13 23:00:00+00:00,0.2385,0.2398,0.2367,0.2372,190015.8
2026-06-14 00:00:00+00:00,0.2372,0.2374,0.2341,0.2348,226871.8
2026-06-14 01:00:00+00:00,0.2349,0.2353,0.234,0.2344,199378.4
2026-06-14 02:00:00+00:00,0.2342,0.2353,0.2333,0.2351,166529.0
2026-06-14 03:00:00+00:00,0.235,0.2352,0.2337,0.2347,218089.5
2026-06-14 04:00:00+00:00,0.2347,0.2348,0.2326,0.2338,155678.6
2026-06-14 05:00:00+00:00,0.2337,0.2342,0.2322,0.2341,159806.7
2026-06-14 06:00:00+00:00,0.2342,0.2361,0.2329,0.234,474589.2
2026-06-14 07:00:00+00:00,0.2339,0.2358,0.2325,0.235,231028.7
2026-06-14 08:00:00+00:00,0.2351,0.2389,0.2336,0.2336,585520.4
2026-06-14 09:00:00+00:00,0.2336,0.2336,0.2314,0.2327,599878.2
2026-06-14 10:00:00+00:00,0.2326,0.2334,0.2318,0.2321,213669.1
2026-06-14 11:00:00+00:00,0.2323,0.2337,0.2315,0.2326,211843.0
2026-06-14 12:00:00+00:00,0.2326,0.2332,0.2297,0.2315,459192.5
2026-06-14 13:00:00+00:00,0.2316,0.2325,0.231,0.2317,242530.2
2026-06-14 14:00:00+00:00,0.2316,0.2339,0.231,0.2339,266984.1
2026-06-14 15:00:00+00:00,0.2338,0.2358,0.2334,0.2334,550944.3
2026-06-14 16:00:00+00:00,0.2335,0.2377,0.2322,0.2327,547318.0
2026-06-14 17:00:00+00:00,0.2326,0.2333,0.2265,0.2276,1333580.5
2026-06-14 18:00:00+00:00,0.2277,0.2292,0.2273,0.2288,421858.8
2026-06-14 19:00:00+00:00,0.2288,0.2298,0.2281,0.2284,204094.8
2026-06-14 20:00:00+00:00,0.2283,0.2297,0.2282,0.2287,107914.9
2026-06-14 21:00:00+00:00,0.2286,0.2389,0.228,0.2349,1029724.1
2026-06-14 22:00:00+00:00,0.2349,0.2364,0.2341,0.2352,496079.2
2026-06-14 23:00:00+00:00,0.2353,0.2368,0.2342,0.2361,603702.7
2026-06-15 00:00:00+00:00,0.2359,0.2428,0.2347,0.242,2159919.4
2026-06-15 01:00:00+00:00,0.2421,0.2438,0.2401,0.2415,1045267.2
2026-06-15 02:00:00+00:00,0.2416,0.2417,0.2373,0.2386,490749.3
2026-06-15 03:00:00+00:00,0.2387,0.24,0.2384,0.2389,243196.4
2026-06-15 04:00:00+00:00,0.2389,0.2399,0.2378,0.2385,252127.5
2026-06-15 05:00:00+00:00,0.2384,0.2413,0.2381,0.24,294554.6
2026-06-15 06:00:00+00:00,0.2399,0.2403,0.2368,0.2376,499676.1
2026-06-15 07:00:00+00:00,0.2375,0.2375,0.2358,0.2363,582917.7
2026-06-15 08:00:00+00:00,0.2364,0.2374,0.2359,0.236,156499.8
2026-06-15 09:00:00+00:00,0.2361,0.2382,0.2355,0.2382,224339.5
2026-06-15 10:00:00+00:00,0.2382,0.2395,0.2363,0.2393,334783.7
2026-06-15 11:00:00+00:00,0.2392,0.2428,0.2388,0.2395,1138621.9
2026-06-15 12:00:00+00:00,0.2395,0.2417,0.2386,0.2409,379860.7
2026-06-15 13:00:00+00:00,0.2409,0.2438,0.24,0.2406,1798561.8
2026-06-15 14:00:00+00:00,0.2406,0.2417,0.2396,0.2407,532339.0
2026-06-15 15:00:00+00:00,0.2406,0.2418,0.2402,0.2408,566544.9
2026-06-15 16:00:00+00:00,0.2408,0.2418,0.2385,0.2398,726394.7
2026-06-15 17:00:00+00:00,0.2398,0.2398,0.2369,0.2387,312148.3
2026-06-15 18:00:00+00:00,0.2386,0.2392,0.2373,0.2388,263340.2
2026-06-15 19:00:00+00:00,0.2387,0.2396,0.2361,0.2392,271966.5
2026-06-15 20:00:00+00:00,0.2393,0.24,0.2388,0.2393,213997.8
2026-06-15 21:00:00+00:00,0.2393,0.243,0.2384,0.2419,287154.0
2026-06-15 22:00:00+00:00,0.2419,0.2419,0.2358,0.2368,372347.8
2026-06-15 23:00:00+00:00,0.2369,0.2391,0.2364,0.2386,310214.5
2026-06-16 00:00:00+00:00,0.2385,0.2475,0.238,0.2449,1400641.6
2026-06-16 01:00:00+00:00,0.245,0.2484,0.2423,0.2441,1133436.6
2026-06-16 02:00:00+00:00,0.244,0.2471,0.2403,0.244,1272317.2
2026-06-16 03:00:00+00:00,0.2441,0.2482,0.2428,0.2473,589634.6
2026-06-16 04:00:00+00:00,0.2474,0.251,0.2454,0.2466,969565.9
2026-06-16 05:00:00+00:00,0.2465,0.2497,0.2446,0.2447,740131.6
2026-06-16 06:00:00+00:00,0.2447,0.2501,0.2445,0.2495,1512431.8
2026-06-16 07:00:00+00:00,0.2496,0.2499,0.2463,0.2476,909049.7
2026-06-16 08:00:00+00:00,0.2475,0.2482,0.2445,0.2462,573881.5
2026-06-16 09:00:00+00:00,0.2462,0.2472,0.2442,0.2455,382724.6
2026-06-16 10:00:00+00:00,0.2457,0.248,0.2447,0.2455,738400.9
2026-06-16 11:00:00+00:00,0.2455,0.2459,0.2413,0.2422,306015.1
2026-06-16 12:00:00+00:00,0.2424,0.243,0.2406,0.2421,458859.0
2026-06-16 13:00:00+00:00,0.2422,0.2425,0.2376,0.2413,764585.5
2026-06-16 14:00:00+00:00,0.2414,0.2419,0.2345,0.2359,958249.8
2026-06-16 15:00:00+00:00,0.236,0.2376,0.2347,0.2371,515229.9
2026-06-16 16:00:00+00:00,0.2371,0.2394,0.2352,0.2366,564620.0
2026-06-16 17:00:00+00:00,0.2366,0.2389,0.2356,0.2379,405713.4
2026-06-16 18:00:00+00:00,0.238,0.2409,0.2379,0.2404,163530.0
2026-06-16 19:00:00+00:00,0.2403,0.2408,0.2382,0.239,235588.5
2026-06-16 20:00:00+00:00,0.239,0.2428,0.2368,0.2413,583314.1
2026-06-16 21:00:00+00:00,0.2414,0.2432,0.2405,0.2428,274259.3
2026-06-16 22:00:00+00:00,0.2428,0.244,0.2417,0.2434,189925.5
2026-06-16 23:00:00+00:00,0.2435,0.2447,0.2376,0.2393,707616.9
2026-06-17 00:00:00+00:00,0.2394,0.2419,0.2384,0.2415,410507.1
2026-06-17 01:00:00+00:00,0.2416,0.2439,0.2398,0.2432,336413.8
2026-06-17 02:00:00+00:00,0.2431,0.2467,0.2431,0.2457,316979.3
2026-06-17 03:00:00+00:00,0.2456,0.2456,0.2426,0.2432,429164.6
2026-06-17 04:00:00+00:00,0.2433,0.245,0.2424,0.2434,224942.1
2026-06-17 05:00:00+00:00,0.2436,0.2464,0.2434,0.2438,669690.1
2026-06-17 06:00:00+00:00,0.2439,0.2458,0.2428,0.2434,195789.0
2026-06-17 07:00:00+00:00,0.2433,0.248,0.2421,0.2473,986705.6
2026-06-17 08:00:00+00:00,0.2474,0.2474,0.2426,0.2442,744637.6
2026-06-17 09:00:00+00:00,0.2441,0.2522,0.2441,0.2486,3463055.3
2026-06-17 10:00:00+00:00,0.2487,0.2491,0.2451,0.2453,502281.9
2026-06-17 11:00:00+00:00,0.2453,0.2499,0.244,0.2491,669345.6
2026-06-17 12:00:00+00:00,0.2491,0.2528,0.2419,0.2445,2503769.6
2026-06-17 13:00:00+00:00,0.2444,0.2448,0.2366,0.2423,1928110.8
2026-06-17 14:00:00+00:00,0.2421,0.2436,0.2374,0.2403,735578.9
2026-06-17 15:00:00+00:00,0.2402,0.2445,0.24,0.2441,470004.1
2026-06-17 16:00:00+00:00,0.2442,0.2454,0.2403,0.2405,608330.6
2026-06-17 17:00:00+00:00,0.2406,0.2424,0.2406,0.2419,413571.1
2026-06-17 18:00:00+00:00,0.2419,0.2423,0.2361,0.2391,1188556.5
2026-06-17 19:00:00+00:00,0.2391,0.2404,0.2307,0.2326,1928775.5
2026-06-17 20:00:00+00:00,0.2327,0.2341,0.2279,0.2304,1721255.6
2026-06-17 21:00:00+00:00,0.2302,0.2303,0.2256,0.2275,719168.2
2026-06-17 22:00:00+00:00,0.2275,0.2319,0.2243,0.228,1270854.9
2026-06-17 23:00:00+00:00,0.2281,0.2288,0.2274,0.2276,229319.7
2026-06-18 00:00:00+00:00,0.2277,0.2296,0.2256,0.2269,1044392.3
2026-06-18 01:00:00+00:00,0.2269,0.2284,0.2235,0.2246,792839.3
2026-06-18 02:00:00+00:00,0.2247,0.2273,0.2241,0.2258,251319.0
2026-06-18 03:00:00+00:00,0.2256,0.2258,0.223,0.2233,451802.2
2026-06-18 04:00:00+00:00,0.2233,0.224,0.2221,0.2226,370422.1
2026-06-18 05:00:00+00:00,0.2225,0.2236,0.2208,0.2236,361610.5
2026-06-18 06:00:00+00:00,0.2235,0.2238,0.2228,0.2234,82811.9
2026-06-18 07:00:00+00:00,0.2234,0.2258,0.2228,0.2247,383266.2
2026-06-18 08:00:00+00:00,0.2248,0.2262,0.2242,0.2242,249423.4
2026-06-18 09:00:00+00:00,0.2243,0.2255,0.2237,0.2238,372962.1
2026-06-18 10:00:00+00:00,0.2238,0.225,0.2229,0.2245,364148.9
2026-06-18 11:00:00+00:00,0.2246,0.2249,0.2229,0.2233,248903.6
2026-06-18 12:00:00+00:00,0.2234,0.2255,0.2227,0.2243,174780.1
2026-06-18 13:00:00+00:00,0.2243,0.2297,0.2237,0.2254,1056909.8
2026-06-18 14:00:00+00:00,0.2254,0.2284,0.2247,0.2267,659167.8
2026-06-18 15:00:00+00:00,0.2266,0.2266,0.2158,0.2173,1624337.2
2026-06-18 16:00:00+00:00,0.2171,0.2212,0.2166,0.218,1057924.5
2026-06-18 17:00:00+00:00,0.218,0.2197,0.2163,0.2188,490310.6
2026-06-18 18:00:00+00:00,0.2189,0.2209,0.2185,0.2202,134024.2
2026-06-18 19:00:00+00:00,0.2201,0.2231,0.2201,0.2224,98920.9
2026-06-18 20:00:00+00:00,0.2224,0.2274,0.2224,0.225,1023574.3
2026-06-18 21:00:00+00:00,0.225,0.227,0.2234,0.227,122391.7
2026-06-18 22:00:00+00:00,0.2269,0.2269,0.2251,0.2255,132664.4
2026-06-18 23:00:00+00:00,0.2255,0.2258,0.2245,0.2251,150727.8
2026-06-19 00:00:00+00:00,0.225,0.2257,0.224,0.2244,134530.0
2026-06-19 01:00:00+00:00,0.2243,0.225,0.2229,0.2243,208384.4
2026-06-19 02:00:00+00:00,0.2243,0.2246,0.2222,0.2231,208847.6
2026-06-19 03:00:00+00:00,0.223,0.2232,0.2192,0.2219,337809.1
2026-06-19 04:00:00+00:00,0.222,0.222,0.2162,0.2174,1275895.8
2026-06-19 05:00:00+00:00,0.2174,0.2185,0.2159,0.2169,378626.9
2026-06-19 06:00:00+00:00,0.217,0.2175,0.2163,0.2175,210988.8
2026-06-19 07:00:00+00:00,0.2173,0.2174,0.2136,0.2149,495383.4
2026-06-19 08:00:00+00:00,0.215,0.2157,0.214,0.2145,149466.9
2026-06-19 09:00:00+00:00,0.2146,0.2149,0.2129,0.2138,315581.6
2026-06-19 10:00:00+00:00,0.2139,0.2139,0.2125,0.2134,268582.3
2026-06-19 11:00:00+00:00,0.2133,0.2141,0.2123,0.2124,321812.4
2026-06-19 12:00:00+00:00,0.2125,0.216,0.2123,0.2157,204565.2
2026-06-19 13:00:00+00:00,0.2157,0.2182,0.2151,0.2171,234104.8
2026-06-19 14:00:00+00:00,0.2171,0.2176,0.2162,0.2164,93463.8
2026-06-19 15:00:00+00:00,0.2163,0.2183,0.2142,0.2146,513976.0
2026-06-19 16:00:00+00:00,0.2146,0.2157,0.2133,0.2138,293665.9
2026-06-19 17:00:00+00:00,0.214,0.2144,0.2127,0.2136,173181.4
2026-06-19 18:00:00+00:00,0.2136,0.2146,0.2131,0.2137,103654.1
2026-06-19 19:00:00+00:00,0.2137,0.214,0.2128,0.2133,164718.5
2026-06-19 20:00:00+00:00,0.2134,0.2145,0.2119,0.214,130877.8
2026-06-19 21:00:00+00:00,0.2139,0.2147,0.212,0.2128,171546.6
2026-06-19 22:00:00+00:00,0.2128,0.2141,0.2124,0.213,287246.9
2026-06-19 23:00:00+00:00,0.213,0.2157,0.2126,0.2151,319320.0
2026-06-20 00:00:00+00:00,0.2151,0.2176,0.2144,0.2153,628661.3
2026-06-20 01:00:00+00:00,0.2153,0.216,0.214,0.2142,136795.7
2026-06-20 02:00:00+00:00,0.2141,0.2142,0.2101,0.211,757255.3
2026-06-20 03:00:00+00:00,0.211,0.2117,0.2105,0.2108,210957.4
2026-06-20 04:00:00+00:00,0.2109,0.2118,0.2101,0.2117,132501.4
2026-06-20 05:00:00+00:00,0.2118,0.2138,0.2115,0.2134,296862.5
2026-06-20 06:00:00+00:00,0.2134,0.2136,0.2115,0.2128,332731.6
2026-06-20 07:00:00+00:00,0.2128,0.2139,0.2115,0.2134,632759.9
2026-06-20 08:00:00+00:00,0.2134,0.2145,0.2123,0.2129,286275.4
2026-06-20 09:00:00+00:00,0.2129,0.2151,0.2129,0.214,241878.7
2026-06-20 10:00:00+00:00,0.2139,0.2143,0.2123,0.2129,298175.1
2026-06-20 11:00:00+00:00,0.213,0.213,0.2119,0.212,136452.5
2026-06-20 12:00:00+00:00,0.212,0.2128,0.211,0.2121,447096.7
2026-06-20 13:00:00+00:00,0.2121,0.2137,0.2104,0.2111,419224.7
2026-06-20 14:00:00+00:00,0.211,0.2142,0.2085,0.2131,1039760.6
2026-06-20 15:00:00+00:00,0.2132,0.2142,0.2122,0.2128,440400.2
2026-06-20 16:00:00+00:00,0.2129,0.2129,0.2113,0.212,315313.7
2026-06-20 17:00:00+00:00,0.2118,0.2118,0.2094,0.2111,431459.4
2026-06-20 18:00:00+00:00,0.2112,0.212,0.2112,0.2114,65753.8
2026-06-20 19:00:00+00:00,0.2113,0.2124,0.2113,0.212,91475.6
2026-06-20 20:00:00+00:00,0.2121,0.2129,0.2118,0.2129,119735.1
2026-06-20 21:00:00+00:00,0.2129,0.2141,0.2128,0.2134,87093.9
2026-06-20 22:00:00+00:00,0.2133,0.215,0.213,0.2145,120335.5
2026-06-20 23:00:00+00:00,0.2144,0.2154,0.2142,0.2148,224929.7
2026-06-21 00:00:00+00:00,0.2148,0.2166,0.2145,0.2163,188092.8
2026-06-21 01:00:00+00:00,0.2163,0.2166,0.2146,0.2149,217564.9
2026-06-21 02:00:00+00:00,0.2148,0.2156,0.214,0.2156,376718.6
2026-06-21 03:00:00+00:00,0.2156,0.2167,0.2147,0.2165,320913.4
2026-06-21 04:00:00+00:00,0.2166,0.2171,0.2144,0.2145,234174.2
2026-06-21 05:00:00+00:00,0.2147,0.2151,0.2136,0.214,228148.3
2026-06-21 06:00:00+00:00,0.214,0.2148,0.2138,0.2146,218364.7
2026-06-21 07:00:00+00:00,0.2147,0.2153,0.214,0.2142,113183.0
2026-06-21 08:00:00+00:00,0.2142,0.2154,0.2131,0.2154,512740.2
2026-06-21 09:00:00+00:00,0.2154,0.216,0.2146,0.2157,205315.5
2026-06-21 10:00:00+00:00,0.2158,0.2164,0.2145,0.2147,167755.0
2026-06-21 11:00:00+00:00,0.2147,0.215,0.2135,0.2138,184601.4
2026-06-21 12:00:00+00:00,0.2139,0.2145,0.2127,0.2145,123452.5
2026-06-21 13:00:00+00:00,0.2143,0.2146,0.2137,0.2138,39887.0
2026-06-21 14:00:00+00:00,0.214,0.214,0.2122,0.2129,229915.2
2026-06-21 15:00:00+00:00,0.213,0.2133,0.2121,0.2124,132650.0
2026-06-21 16:00:00+00:00,0.2124,0.2124,0.2102,0.2111,281396.5
2026-06-21 17:00:00+00:00,0.2111,0.2117,0.2106,0.2111,111080.6
2026-06-21 18:00:00+00:00,0.211,0.2119,0.2101,0.2117,59402.2
2026-06-21 19:00:00+00:00,0.2117,0.2123,0.2113,0.2115,73017.7
2026-06-21 20:00:00+00:00,0.2114,0.2126,0.2097,0.2098,438346.5
2026-06-21 21:00:00+00:00,0.2099,0.21,0.2072,0.2096,527973.3
2026-06-21 22:00:00+00:00,0.2095,0.2099,0.2077,0.2083,284538.0
2026-06-21 23:00:00+00:00,0.2083,0.2086,0.2068,0.2072,645427.8
2026-06-22 00:00:00+00:00,0.2073,0.2091,0.207,0.2088,1023043.1
2026-06-22 01:00:00+00:00,0.2089,0.2119,0.208,0.2095,459661.0
2026-06-22 02:00:00+00:00,0.2094,0.2094,0.2073,0.2077,233479.5
2026-06-22 03:00:00+00:00,0.2076,0.2083,0.2061,0.2065,344326.2
2026-06-22 04:00:00+00:00,0.2066,0.2073,0.2059,0.2071,168961.5
2026-06-22 05:00:00+00:00,0.2073,0.2076,0.2066,0.2069,268604.2
2026-06-22 06:00:00+00:00,0.207,0.2072,0.2064,0.2071,129250.0
2026-06-22 07:00:00+00:00,0.2071,0.2092,0.2068,0.209,251729.7
2026-06-22 08:00:00+00:00,0.2091,0.2095,0.2082,0.2093,130291.0
2026-06-22 09:00:00+00:00,0.2092,0.2094,0.208,0.2083,286577.3
2026-06-22 10:00:00+00:00,0.2083,0.2098,0.2083,0.2096,286933.4
2026-06-22 11:00:00+00:00,0.2094,0.2138,0.209,0.2136,487851.6
2026-06-22 12:00:00+00:00,0.2137,0.2143,0.2126,0.2138,409704.6
2026-06-22 13:00:00+00:00,0.2138,0.2146,0.2128,0.2143,245226.3
2026-06-22 14:00:00+00:00,0.2143,0.2144,0.2114,0.213,735558.6
2026-06-22 15:00:00+00:00,0.2131,0.2139,0.2077,0.2091,752177.4
2026-06-22 16:00:00+00:00,0.2091,0.212,0.2078,0.2116,304346.9
2026-06-22 17:00:00+00:00,0.2117,0.2118,0.2107,0.2113,183693.5
2026-06-22 18:00:00+00:00,0.2113,0.2118,0.2084,0.2092,201452.1
2026-06-22 19:00:00+00:00,0.2091,0.2097,0.2081,0.2094,143894.3
2026-06-22 20:00:00+00:00,0.2094,0.2106,0.2093,0.2104,200519.8
2026-06-22 21:00:00+00:00,0.2105,0.2108,0.209,0.2098,206939.8
2026-06-22 22:00:00+00:00,0.21,0.2106,0.2073,0.2087,390428.1
2026-06-22 23:00:00+00:00,0.2084,0.2096,0.2077,0.2094,98834.1
2026-06-23 00:00:00+00:00,0.2092,0.2109,0.2089,0.2107,196933.6
2026-06-23 01:00:00+00:00,0.211,0.212,0.2098,0.2117,191209.0
2026-06-23 02:00:00+00:00,0.2117,0.2137,0.2114,0.2132,492132.6
2026-06-23 03:00:00+00:00,0.2131,0.2132,0.2114,0.2121,429277.1
2026-06-23 04:00:00+00:00,0.2122,0.2128,0.2104,0.2112,208503.1
2026-06-23 05:00:00+00:00,0.2111,0.2123,0.2099,0.2105,203696.2
2026-06-23 06:00:00+00:00,0.2105,0.2105,0.203,0.205,1363281.5
2026-06-23 07:00:00+00:00,0.2048,0.206,0.2033,0.2044,394148.4
2026-06-23 08:00:00+00:00,0.2045,0.2047,0.1993,0.204,964741.7
2026-06-23 09:00:00+00:00,0.2041,0.2059,0.2037,0.2054,314599.4
2026-06-23 10:00:00+00:00,0.2054,0.206,0.2032,0.204,195564.7
2026-06-23 11:00:00+00:00,0.204,0.206,0.2038,0.2048,200166.2
2026-06-23 12:00:00+00:00,0.2048,0.2049,0.2028,0.203,236496.0
2026-06-23 13:00:00+00:00,0.2031,0.2044,0.2021,0.204,318316.0
2026-06-23 14:00:00+00:00,0.2041,0.2052,0.2028,0.2031,208584.4
2026-06-23 15:00:00+00:00,0.2029,0.2034,0.2009,0.202,313196.4
2026-06-23 16:00:00+00:00,0.202,0.2034,0.2007,0.2026,358818.4
2026-06-23 17:00:00+00:00,0.2026,0.2035,0.2017,0.2022,155029.0
2026-06-23 18:00:00+00:00,0.2024,0.2033,0.2019,0.2032,77101.6
2026-06-23 19:00:00+00:00,0.2031,0.206,0.203,0.2057,160534.0
2026-06-23 20:00:00+00:00,0.2056,0.2073,0.2056,0.207,110146.1
2026-06-23 21:00:00+00:00,0.207,0.2079,0.204,0.2047,478114.6
2026-06-23 22:00:00+00:00,0.2049,0.206,0.2045,0.2049,126183.1
2026-06-23 23:00:00+00:00,0.2048,0.2051,0.204,0.2043,54526.5
2026-06-24 00:00:00+00:00,0.2044,0.2056,0.2043,0.2049,126138.0
2026-06-24 01:00:00+00:00,0.205,0.2053,0.2039,0.2041,91636.9
2026-06-24 02:00:00+00:00,0.2041,0.2041,0.2018,0.2018,119698.5
2026-06-24 03:00:00+00:00,0.2018,0.2019,0.1988,0.1996,643269.2
2026-06-24 04:00:00+00:00,0.1997,0.2002,0.1974,0.1996,501868.8
2026-06-24 05:00:00+00:00,0.1996,0.2003,0.1993,0.1999,201708.0
2026-06-24 06:00:00+00:00,0.1998,0.1998,0.1981,0.1982,356848.6
2026-06-24 07:00:00+00:00,0.1983,0.1996,0.1981,0.1989,186145.9
2026-06-24 08:00:00+00:00,0.199,0.2012,0.1986,0.199,371638.1
2026-06-24 09:00:00+00:00,0.1989,0.1989,0.1966,0.1974,374957.6
2026-06-24 10:00:00+00:00,0.1974,0.1998,0.1963,0.1974,1025612.7
2026-06-24 11:00:00+00:00,0.1974,0.2001,0.1963,0.199,681742.8
2026-06-24 12:00:00+00:00,0.1991,0.2035,0.1987,0.2008,557160.0
2026-06-24 13:00:00+00:00,0.2008,0.2009,0.1941,0.1967,1933875.8
2026-06-24 14:00:00+00:00,0.1966,0.1994,0.1961,0.1986,616443.4
2026-06-24 15:00:00+00:00,0.1985,0.1985,0.1948,0.196,430198.2
2026-06-24 16:00:00+00:00,0.196,0.1981,0.1859,0.1905,3227581.5
2026-06-24 17:00:00+00:00,0.1905,0.1925,0.1871,0.1886,1324759.7
2026-06-24 18:00:00+00:00,0.1887,0.1917,0.188,0.1906,532949.3
2026-06-24 19:00:00+00:00,0.1907,0.1915,0.1898,0.1906,619681.1
2026-06-24 20:00:00+00:00,0.1906,0.1955,0.1902,0.1936,1687005.9
2026-06-24 21:00:00+00:00,0.1936,0.1963,0.1925,0.1963,511895.3
2026-06-24 22:00:00+00:00,0.1961,0.1973,0.1953,0.1954,215921.1
2026-06-24 23:00:00+00:00,0.1953,0.1962,0.1952,0.1953,147403.7
2026-06-25 00:00:00+00:00,0.1954,0.1956,0.1928,0.1933,334389.0
2026-06-25 01:00:00+00:00,0.1934,0.1938,0.1921,0.1924,254517.6
2026-06-25 02:00:00+00:00,0.1923,0.1934,0.1921,0.193,307583.4
2026-06-25 03:00:00+00:00,0.193,0.1933,0.1918,0.1919,247199.6
2026-06-25 04:00:00+00:00,0.192,0.1935,0.1892,0.1933,710934.8
2026-06-25 05:00:00+00:00,0.1933,0.1966,0.1931,0.1959,710520.5
2026-06-25 06:00:00+00:00,0.1959,0.1968,0.1946,0.1962,463313.7
2026-06-25 07:00:00+00:00,0.1962,0.1969,0.1935,0.1964,1729701.0
2026-06-25 08:00:00+00:00,0.1963,0.1979,0.1958,0.1979,331392.8
2026-06-25 09:00:00+00:00,0.198,0.1983,0.196,0.1961,215966.1
2026-06-25 10:00:00+00:00,0.1962,0.1963,0.1949,0.195,176586.1
2026-06-25 11:00:00+00:00,0.195,0.1951,0.1937,0.1946,306594.9
2026-06-25 12:00:00+00:00,0.1946,0.1959,0.1922,0.1945,699613.8
2026-06-25 13:00:00+00:00,0.1945,0.1959,0.1817,0.183,2236001.9
2026-06-25 14:00:00+00:00,0.183,0.1933,0.183,0.1908,1566869.1
2026-06-25 15:00:00+00:00,0.1907,0.1911,0.1878,0.1904,610749.3
2026-06-25 16:00:00+00:00,0.1904,0.196,0.1898,0.1901,1457045.4
2026-06-25 17:00:00+00:00,0.1901,0.1943,0.1899,0.193,662940.7
2026-06-25 18:00:00+00:00,0.193,0.1932,0.1915,0.192,447032.5
2026-06-25 19:00:00+00:00,0.192,0.1923,0.1903,0.1908,291885.3
2026-06-25 20:00:00+00:00,0.1909,0.1926,0.1906,0.1908,154953.1
2026-06-25 21:00:00+00:00,0.1909,0.1953,0.1909,0.1952,439230.7
2026-06-25 22:00:00+00:00,0.1951,0.1955,0.1933,0.1935,242366.5
2026-06-25 23:00:00+00:00,0.1935,0.1944,0.193,0.1933,140423.0
2026-06-26 00:00:00+00:00,0.1933,0.1935,0.1927,0.1928,184633.3
2026-06-26 01:00:00+00:00,0.1927,0.1933,0.1911,0.1918,127032.4
2026-06-26 02:00:00+00:00,0.1919,0.1919,0.1871,0.1889,767415.8
2026-06-26 03:00:00+00:00,0.189,0.1959,0.188,0.1952,749184.3
2026-06-26 04:00:00+00:00,0.1952,0.1954,0.1935,0.1943,234679.1
2026-06-26 05:00:00+00:00,0.1942,0.1942,0.1923,0.1931,139854.3
2026-06-26 06:00:00+00:00,0.193,0.1953,0.1899,0.1943,504533.0
2026-06-26 07:00:00+00:00,0.1944,0.195,0.1937,0.1943,198384.8
2026-06-26 08:00:00+00:00,0.1943,0.1944,0.1919,0.1924,225167.1
2026-06-26 09:00:00+00:00,0.1923,0.1933,0.1913,0.1913,168053.9
2026-06-26 10:00:00+00:00,0.1914,0.1917,0.1902,0.1904,210375.8
2026-06-26 11:00:00+00:00,0.1904,0.1913,0.1876,0.1898,308841.9
2026-06-26 12:00:00+00:00,0.1899,0.1921,0.1882,0.1891,424557.0
2026-06-26 13:00:00+00:00,0.189,0.193,0.1867,0.1927,729983.3
2026-06-26 14:00:00+00:00,0.1926,0.1937,0.1916,0.1917,354451.9
2026-06-26 15:00:00+00:00,0.1917,0.1941,0.1917,0.1936,429612.2
2026-06-26 16:00:00+00:00,0.1937,0.1955,0.1927,0.1932,472187.9
2026-06-26 17:00:00+00:00,0.1931,0.1939,0.1927,0.1932,139391.3
2026-06-26 18:00:00+00:00,0.1932,0.1938,0.1921,0.1923,101708.6
2026-06-26 19:00:00+00:00,0.1924,0.195,0.1922,0.1933,242220.9
2026-06-26 20:00:00+00:00,0.1934,0.1958,0.1931,0.1934,368557.8
2026-06-26 21:00:00+00:00,0.1935,0.1945,0.1926,0.1935,129485.6
2026-06-26 22:00:00+00:00,0.1934,0.1936,0.1925,0.1935,176336.8
2026-06-26 23:00:00+00:00,0.1935,0.194,0.1932,0.1935,106726.9
2026-06-27 00:00:00+00:00,0.1935,0.1943,0.1928,0.1936,207704.1
2026-06-27 01:00:00+00:00,0.1936,0.1936,0.1927,0.1928,132812.7
2026-06-27 02:00:00+00:00,0.1927,0.1949,0.1924,0.1942,258979.9
2026-06-27 03:00:00+00:00,0.1941,0.1942,0.1931,0.1934,191909.5
2026-06-27 04:00:00+00:00,0.1934,0.1944,0.1928,0.1928,57318.1
2026-06-27 05:00:00+00:00,0.1929,0.1936,0.1925,0.1936,67538.1
2026-06-27 06:00:00+00:00,0.1937,0.1937,0.1925,0.1929,147795.8
2026-06-27 07:00:00+00:00,0.1929,0.1934,0.1924,0.1931,208990.0
2026-06-27 08:00:00+00:00,0.1932,0.1933,0.1922,0.1926,170488.7
2026-06-27 09:00:00+00:00,0.1926,0.1931,0.1922,0.1928,147165.5
2026-06-27 10:00:00+00:00,0.1926,0.1929,0.1919,0.1923,88333.4
2026-06-27 11:00:00+00:00,0.1924,0.1924,0.1912,0.192,96035.0
2026-06-27 12:00:00+00:00,0.1921,0.1923,0.1914,0.1922,134052.3
2026-06-27 13:00:00+00:00,0.1921,0.1934,0.192,0.1929,120557.5
2026-06-27 14:00:00+00:00,0.1927,0.1936,0.1924,0.1926,121695.0
2026-06-27 15:00:00+00:00,0.1925,0.195,0.1925,0.1945,204527.6
2026-06-27 16:00:00+00:00,0.1945,0.197,0.1943,0.1945,1113264.5
2026-06-27 17:00:00+00:00,0.1945,0.1945,0.1925,0.1927,299042.4
2026-06-27 18:00:00+00:00,0.1925,0.1929,0.1922,0.1927,50691.4
2026-06-27 19:00:00+00:00,0.1927,0.1934,0.1902,0.1914,255357.6
2026-06-27 20:00:00+00:00,0.1914,0.1922,0.1914,0.1919,41611.5
2026-06-27 21:00:00+00:00,0.192,0.1923,0.1905,0.1909,269835.8
2026-06-27 22:00:00+00:00,0.1908,0.1921,0.1897,0.1921,126537.3
2026-06-27 23:00:00+00:00,0.1921,0.1924,0.1913,0.1916,42463.7
2026-06-28 00:00:00+00:00,0.1916,0.1928,0.1914,0.1925,168317.6
2026-06-28 01:00:00+00:00,0.1925,0.1927,0.192,0.1925,32365.8
2026-06-28 02:00:00+00:00,0.1926,0.1926,0.1912,0.1913,118703.9
2026-06-28 03:00:00+00:00,0.1914,0.1919,0.1913,0.1919,74378.3
2026-06-28 04:00:00+00:00,0.1918,0.1919,0.1912,0.1914,56500.6
2026-06-28 05:00:00+00:00,0.1914,0.1914,0.1903,0.1906,39841.3
2026-06-28 06:00:00+00:00,0.1906,0.1908,0.1897,0.1908,63307.4
2026-06-28 07:00:00+00:00,0.1908,0.1918,0.1907,0.1917,48274.1
2026-06-28 08:00:00+00:00,0.1917,0.1933,0.1917,0.1925,161019.0
2026-06-28 09:00:00+00:00,0.1924,0.1931,0.1914,0.1919,72184.3
2026-06-28 10:00:00+00:00,0.192,0.1924,0.1914,0.1915,35836.4
2026-06-28 11:00:00+00:00,0.1916,0.1925,0.1913,0.1925,115816.7
2026-06-28 12:00:00+00:00,0.1924,0.1928,0.1914,0.1916,147588.4
2026-06-28 13:00:00+00:00,0.1916,0.1916,0.1902,0.1904,253365.7
2026-06-28 14:00:00+00:00,0.1904,0.1918,0.19,0.1907,210493.2
2026-06-28 15:00:00+00:00,0.1907,0.1917,0.1904,0.1913,205300.0
2026-06-28 16:00:00+00:00,0.1912,0.1912,0.189,0.1901,259935.1
2026-06-28 17:00:00+00:00,0.1902,0.1905,0.1883,0.1893,464132.0
2026-06-28 18:00:00+00:00,0.1893,0.19,0.189,0.19,203539.2
2026-06-28 19:00:00+00:00,0.19,0.1907,0.1891,0.1899,184510.8
2026-06-28 20:00:00+00:00,0.1898,0.1909,0.1897,0.1901,43788.9
2026-06-28 21:00:00+00:00,0.19,0.1901,0.1886,0.189,329401.0
2026-06-28 22:00:00+00:00,0.1894,0.1912,0.1873,0.1881,208416.4
2026-06-28 23:00:00+00:00,0.188,0.1904,0.1879,0.1896,178453.1
2026-06-29 00:00:00+00:00,0.1894,0.1916,0.1882,0.1908,487670.0
2026-06-29 01:00:00+00:00,0.1909,0.1909,0.1896,0.1898,144533.0
2026-06-29 02:00:00+00:00,0.1898,0.1907,0.1878,0.1906,347550.6
2026-06-29 03:00:00+00:00,0.1907,0.1926,0.1906,0.1912,174934.4
2026-06-29 04:00:00+00:00,0.1913,0.1916,0.1901,0.1904,62008.9
2026-06-29 05:00:00+00:00,0.1903,0.191,0.1891,0.191,75956.5
2026-06-29 06:00:00+00:00,0.191,0.1936,0.1905,0.1909,572430.5
2026-06-29 07:00:00+00:00,0.1909,0.1913,0.1904,0.1907,173351.0
2026-06-29 08:00:00+00:00,0.1907,0.191,0.1892,0.1894,103663.4
2026-06-29 09:00:00+00:00,0.1895,0.19,0.1893,0.1898,61103.8
2026-06-29 10:00:00+00:00,0.1899,0.1906,0.1899,0.1902,118100.2
2026-06-29 11:00:00+00:00,0.1903,0.1909,0.1893,0.1896,161888.7
2026-06-29 12:00:00+00:00,0.1897,0.1927,0.1889,0.1899,249860.1
2026-06-29 13:00:00+00:00,0.1901,0.1918,0.1889,0.1902,244478.9
2026-06-29 14:00:00+00:00,0.1902,0.1908,0.1884,0.1906,305097.4
2026-06-29 15:00:00+00:00,0.1903,0.1905,0.1881,0.1901,217193.7
2026-06-29 16:00:00+00:00,0.19,0.1904,0.1891,0.1902,113046.5
2026-06-29 17:00:00+00:00,0.1901,0.1959,0.1901,0.1938,500841.5
2026-06-29 18:00:00+00:00,0.1938,0.1945,0.1932,0.1934,92107.8
2026-06-29 19:00:00+00:00,0.1933,0.1949,0.1932,0.1946,159874.2
2026-06-29 20:00:00+00:00,0.1946,0.1946,0.1936,0.1938,55480.6
2026-06-29 21:00:00+00:00,0.1938,0.1944,0.1933,0.194,65458.7
2026-06-29 22:00:00+00:00,0.1938,0.1941,0.1928,0.1929,79582.2
2026-06-29 23:00:00+00:00,0.193,0.1931,0.1921,0.1923,76550.4
2026-06-30 00:00:00+00:00,0.1923,0.1924,0.1903,0.1908,134056.5
2026-06-30 01:00:00+00:00,0.1908,0.1909,0.1898,0.1902,109042.8
2026-06-30 02:00:00+00:00,0.1902,0.1904,0.1893,0.1903,88109.7
2026-06-30 03:00:00+00:00,0.1903,0.1907,0.1896,0.1896,84110.5
2026-06-30 04:00:00+00:00,0.1896,0.1904,0.1892,0.1901,75538.3
2026-06-30 05:00:00+00:00,0.19,0.1911,0.19,0.191,94095.2
2026-06-30 06:00:00+00:00,0.1911,0.1927,0.1908,0.1924,251386.6
2026-06-30 07:00:00+00:00,0.1923,0.1927,0.1903,0.1905,232088.7
2026-06-30 08:00:00+00:00,0.1905,0.1911,0.1881,0.189,715044.2
2026-06-30 09:00:00+00:00,0.189,0.19,0.1889,0.1891,261970.2
2026-06-30 10:00:00+00:00,0.1891,0.1891,0.1885,0.1888,107323.9
2026-06-30 11:00:00+00:00,0.1886,0.1891,0.1856,0.1863,796216.0
2026-06-30 12:00:00+00:00,0.1863,0.1863,0.184,0.1842,412479.1
2026-06-30 13:00:00+00:00,0.1843,0.1865,0.1841,0.1865,335403.9
2026-06-30 14:00:00+00:00,0.1862,0.1887,0.1861,0.1875,261423.5
2026-06-30 15:00:00+00:00,0.1873,0.1883,0.186,0.1873,963745.8
2026-06-30 16:00:00+00:00,0.1873,0.1891,0.1871,0.1883,682850.6
2026-06-30 17:00:00+00:00,0.1884,0.1893,0.188,0.188,149533.4
2026-06-30 18:00:00+00:00,0.1881,0.1902,0.1877,0.189,335284.3
2026-06-30 19:00:00+00:00,0.1887,0.1893,0.1883,0.1893,220668.5
2026-06-30 20:00:00+00:00,0.1891,0.1891,0.1873,0.1873,149072.0
2026-06-30 21:00:00+00:00,0.1872,0.1879,0.1867,0.1867,139501.3
2026-06-30 22:00:00+00:00,0.1869,0.1873,0.1854,0.1855,65420.9
2026-06-30 23:00:00+00:00,0.1855,0.1857,0.1839,0.1845,449751.7
2026-07-01 00:00:00+00:00,0.1845,0.1851,0.1843,0.1846,227138.6
2026-07-01 01:00:00+00:00,0.1848,0.1862,0.1814,0.1855,849507.5
2026-07-01 02:00:00+00:00,0.1854,0.1867,0.185,0.1866,321788.6
2026-07-01 03:00:00+00:00,0.1866,0.1886,0.1861,0.1883,382263.2
2026-07-01 04:00:00+00:00,0.1883,0.1898,0.1882,0.1894,176421.0
2026-07-01 05:00:00+00:00,0.1893,0.1895,0.1881,0.1892,205434.0
2026-07-01 06:00:00+00:00,0.1891,0.1892,0.1869,0.1877,110387.0
2026-07-01 07:00:00+00:00,0.1878,0.188,0.1865,0.188,169943.3
2026-07-01 08:00:00+00:00,0.1881,0.1888,0.1872,0.1888,123015.1
2026-07-01 09:00:00+00:00,0.1888,0.1899,0.1887,0.1898,135991.8
2026-07-01 10:00:00+00:00,0.1897,0.1906,0.1892,0.1899,441314.3
2026-07-01 11:00:00+00:00,0.1899,0.1912,0.1899,0.1907,392202.1
2026-07-01 12:00:00+00:00,0.1908,0.1909,0.1889,0.1896,539794.5
2026-07-01 13:00:00+00:00,0.1897,0.1928,0.1896,0.1927,607447.4
2026-07-01 14:00:00+00:00,0.1927,0.1933,0.1909,0.1919,456553.4
2026-07-01 15:00:00+00:00,0.192,0.1958,0.1917,0.1943,825614.9
2026-07-01 16:00:00+00:00,0.1943,0.1987,0.1941,0.195,988132.8
2026-07-01 17:00:00+00:00,0.1951,0.1983,0.1934,0.1977,692911.6
2026-07-01 18:00:00+00:00,0.1978,0.1985,0.1956,0.1956,233821.5
2026-07-01 19:00:00+00:00,0.1958,0.1986,0.1958,0.1973,315205.8
2026-07-01 20:00:00+00:00,0.1973,0.2,0.1966,0.1994,395020.3
2026-07-01 21:00:00+00:00,0.1995,0.2042,0.1995,0.2036,544534.9
2026-07-01 22:00:00+00:00,0.2036,0.2089,0.2026,0.2077,1459878.3
2026-07-01 23:00:00+00:00,0.2076,0.2078,0.2046,0.2054,1439455.4
2026-07-02 00:00:00+00:00,0.2055,0.2073,0.2017,0.2049,1166889.6
2026-07-02 01:00:00+00:00,0.2048,0.2083,0.2039,0.2068,845358.9
2026-07-02 02:00:00+00:00,0.2069,0.2072,0.2041,0.2049,299765.0
2026-07-02 03:00:00+00:00,0.2049,0.2057,0.203,0.2056,278413.1
2026-07-02 04:00:00+00:00,0.2057,0.2059,0.2022,0.2025,459859.5
2026-07-02 05:00:00+00:00,0.2025,0.2025,0.2001,0.2008,532434.3
2026-07-02 06:00:00+00:00,0.2009,0.201,0.1991,0.1991,448856.9
2026-07-02 07:00:00+00:00,0.1991,0.2001,0.199,0.1992,183265.6
2026-07-02 08:00:00+00:00,0.1994,0.2013,0.1994,0.2013,161889.5
2026-07-02 09:00:00+00:00,0.2014,0.2062,0.2006,0.2058,574731.4
2026-07-02 10:00:00+00:00,0.2057,0.2079,0.2054,0.2063,430320.2
2026-07-02 11:00:00+00:00,0.2063,0.208,0.2058,0.2078,363899.9
2026-07-02 12:00:00+00:00,0.2079,0.2117,0.2079,0.2093,870963.8
2026-07-02 13:00:00+00:00,0.2094,0.2131,0.2086,0.212,925044.2
2026-07-02 14:00:00+00:00,0.2121,0.2127,0.2062,0.2068,799460.9
2026-07-02 15:00:00+00:00,0.2069,0.2071,0.2056,0.2062,303786.5
2026-07-02 16:00:00+00:00,0.2062,0.2066,0.2043,0.205,520905.1
2026-07-02 17:00:00+00:00,0.205,0.206,0.2042,0.2044,410618.3
2026-07-02 18:00:00+00:00,0.2044,0.2063,0.204,0.2045,377017.9
2026-07-02 19:00:00+00:00,0.2045,0.205,0.2035,0.2036,167950.1
2026-07-02 20:00:00+00:00,0.2035,0.2037,0.2022,0.2027,301981.0
2026-07-02 21:00:00+00:00,0.2028,0.2054,0.2026,0.2052,201099.4
2026-07-02 22:00:00+00:00,0.2052,0.2067,0.2049,0.206,181774.0
2026-07-02 23:00:00+00:00,0.206,0.2063,0.2052,0.2053,137176.8
2026-07-03 00:00:00+00:00,0.2053,0.2061,0.2045,0.2056,225085.6
2026-07-03 01:00:00+00:00,0.2056,0.2093,0.2056,0.2083,538853.2
2026-07-03 02:00:00+00:00,0.2085,0.2093,0.2072,0.2082,389571.5
2026-07-03 03:00:00+00:00,0.2081,0.212,0.2077,0.2085,969137.7
2026-07-03 04:00:00+00:00,0.2087,0.2088,0.2069,0.2069,162611.8
2026-07-03 05:00:00+00:00,0.2068,0.2086,0.2066,0.2072,152162.8
2026-07-03 06:00:00+00:00,0.2072,0.2084,0.2063,0.2067,143876.4
2026-07-03 07:00:00+00:00,0.2065,0.2065,0.2049,0.2049,263868.9
2026-07-03 08:00:00+00:00,0.2049,0.2066,0.2048,0.2048,379123.4
2026-07-03 09:00:00+00:00,0.2048,0.2053,0.2037,0.2052,326758.0
2026-07-03 10:00:00+00:00,0.2051,0.206,0.2049,0.2058,127095.5
2026-07-03 11:00:00+00:00,0.2057,0.2075,0.2056,0.2069,310450.8
2026-07-03 12:00:00+00:00,0.207,0.2086,0.2066,0.2084,253147.9
2026-07-03 13:00:00+00:00,0.2085,0.2096,0.2078,0.2092,243586.9
2026-07-03 14:00:00+00:00,0.2093,0.2094,0.2066,0.2081,353901.0
2026-07-03 15:00:00+00:00,0.2081,0.21,0.2061,0.2062,673179.6
2026-07-03 16:00:00+00:00,0.2064,0.2065,0.2048,0.2061,275338.1
2026-07-03 17:00:00+00:00,0.2063,0.2071,0.2051,0.2067,475187.1
2026-07-03 18:00:00+00:00,0.2068,0.2102,0.2041,0.2066,2133810.6
2026-07-03 19:00:00+00:00,0.2067,0.2081,0.2063,0.2075,901349.2
2026-07-03 20:00:00+00:00,0.2073,0.2118,0.2071,0.2108,1320332.9
2026-07-03 21:00:00+00:00,0.2109,0.2124,0.2087,0.2097,519978.3
2026-07-03 22:00:00+00:00,0.2099,0.21,0.2079,0.208,188726.0
2026-07-03 23:00:00+00:00,0.208,0.2097,0.2078,0.2092,184573.7
2026-07-04 00:00:00+00:00,0.2091,0.2129,0.2089,0.2111,1479722.3
2026-07-04 01:00:00+00:00,0.211,0.2119,0.2087,0.209,427148.2
2026-07-04 02:00:00+00:00,0.2089,0.2091,0.2059,0.2069,698646.3
2026-07-04 03:00:00+00:00,0.207,0.207,0.2047,0.2062,380519.5
2026-07-04 04:00:00+00:00,0.2061,0.2072,0.2061,0.2066,152046.2
2026-07-04 05:00:00+00:00,0.2066,0.2072,0.2058,0.2063,101822.6
2026-07-04 06:00:00+00:00,0.2064,0.2075,0.2062,0.2069,127018.2
2026-07-04 07:00:00+00:00,0.207,0.2074,0.206,0.207,112706.7
2026-07-04 08:00:00+00:00,0.2071,0.2082,0.2068,0.2075,199343.3
2026-07-04 09:00:00+00:00,0.2075,0.2075,0.2049,0.205,291140.1
2026-07-04 10:00:00+00:00,0.2048,0.2058,0.2036,0.2056,483245.1
2026-07-04 11:00:00+00:00,0.2057,0.2071,0.2053,0.207,127769.6
2026-07-04 12:00:00+00:00,0.207,0.2077,0.2067,0.207,82520.3
2026-07-04 13:00:00+00:00,0.2071,0.2084,0.2069,0.2073,103599.7
2026-07-04 14:00:00+00:00,0.2073,0.2078,0.2067,0.2074,124920.4
2026-07-04 15:00:00+00:00,0.2075,0.2098,0.2073,0.2092,354051.4
2026-07-04 16:00:00+00:00,0.2094,0.2195,0.2093,0.2165,2642083.1
2026-07-04 17:00:00+00:00,0.2165,0.2174,0.2147,0.2158,737295.6
2026-07-04 18:00:00+00:00,0.2158,0.2162,0.2143,0.2155,312826.7
2026-07-04 19:00:00+00:00,0.2156,0.2162,0.2135,0.2143,286577.3
2026-07-04 20:00:00+00:00,0.2143,0.2143,0.2117,0.2123,165126.1
2026-07-04 21:00:00+00:00,0.2123,0.2142,0.2123,0.2135,143256.1
2026-07-04 22:00:00+00:00,0.2135,0.2139,0.2123,0.2129,83795.4
2026-07-04 23:00:00+00:00,0.2129,0.2133,0.2108,0.2121,307877.4
2026-07-05 00:00:00+00:00,0.2121,0.2137,0.2113,0.2126,282181.2
2026-07-05 01:00:00+00:00,0.2127,0.2136,0.211,0.213,164015.1
2026-07-05 02:00:00+00:00,0.2129,0.2132,0.2111,0.2121,311346.7
2026-07-05 03:00:00+00:00,0.2121,0.2127,0.2096,0.2102,210538.0
2026-07-05 04:00:00+00:00,0.2102,0.2115,0.2098,0.2103,232984.3
2026-07-05 05:00:00+00:00,0.2102,0.2102,0.2082,0.209,260004.6
2026-07-05 06:00:00+00:00,0.2089,0.2102,0.2085,0.2096,236712.9
2026-07-05 07:00:00+00:00,0.2097,0.2105,0.2091,0.2095,235046.0
2026-07-05 08:00:00+00:00,0.2094,0.2106,0.2094,0.2101,90497.5
2026-07-05 09:00:00+00:00,0.2101,0.2104,0.2081,0.2098,337602.9
2026-07-05 10:00:00+00:00,0.2098,0.2098,0.2086,0.2093,123322.5
2026-07-05 11:00:00+00:00,0.2094,0.2096,0.2083,0.2086,92921.7
2026-07-05 12:00:00+00:00,0.2085,0.2127,0.2076,0.2122,361580.2
2026-07-05 13:00:00+00:00,0.212,0.2126,0.2105,0.2122,278021.8
2026-07-05 14:00:00+00:00,0.2124,0.2128,0.2113,0.212,99517.7
2026-07-05 15:00:00+00:00,0.2121,0.215,0.2116,0.2127,401857.4
2026-07-05 16:00:00+00:00,0.2127,0.2135,0.2117,0.2128,485665.4
2026-07-05 17:00:00+00:00,0.213,0.2131,0.2109,0.2112,353648.1
2026-07-05 18:00:00+00:00,0.2112,0.2119,0.211,0.2114,103924.0
2026-07-05 19:00:00+00:00,0.2115,0.2126,0.2111,0.2117,140519.7
2026-07-05 20:00:00+00:00,0.2118,0.2125,0.2114,0.2114,103761.9
2026-07-05 21:00:00+00:00,0.2115,0.2134,0.2111,0.2124,157951.5
2026-07-05 22:00:00+00:00,0.2125,0.2152,0.2119,0.2149,336095.0
2026-07-05 23:00:00+00:00,0.215,0.2154,0.2141,0.2152,201571.8
2026-07-06 00:00:00+00:00,0.2152,0.2155,0.2122,0.2147,438936.7
2026-07-06 01:00:00+00:00,0.2147,0.2149,0.2123,0.2127,285759.1
2026-07-06 02:00:00+00:00,0.2127,0.2135,0.2116,0.213,223503.7
2026-07-06 03:00:00+00:00,0.2129,0.2141,0.2119,0.2141,184152.8
2026-07-06 04:00:00+00:00,0.2141,0.2146,0.2127,0.2127,192329.7
2026-07-06 05:00:00+00:00,0.2127,0.2127,0.2107,0.2114,199582.5
2026-07-06 06:00:00+00:00,0.2113,0.2115,0.2099,0.2112,163352.9
2026-07-06 07:00:00+00:00,0.2112,0.2116,0.2108,0.2112,102445.2
2026-07-06 08:00:00+00:00,0.2113,0.2117,0.2106,0.2108,112587.4
2026-07-06 09:00:00+00:00,0.2108,0.2109,0.2079,0.2088,591324.5
2026-07-06 10:00:00+00:00,0.2087,0.21,0.2077,0.2086,334282.8
2026-07-06 11:00:00+00:00,0.2087,0.2096,0.2062,0.2062,365406.6
2026-07-06 12:00:00+00:00,0.2061,0.2065,0.2005,0.2015,1177228.4
2026-07-06 13:00:00+00:00,0.2015,0.206,0.1988,0.2045,796373.2
2026-07-06 14:00:00+00:00,0.2045,0.2073,0.2041,0.2042,407148.9
2026-07-06 15:00:00+00:00,0.2042,0.2093,0.2031,0.2085,605201.2
2026-07-06 16:00:00+00:00,0.2086,0.2111,0.2071,0.2111,829553.5
2026-07-06 17:00:00+00:00,0.2111,0.2155,0.2101,0.2134,991324.8
2026-07-06 18:00:00+00:00,0.2135,0.2141,0.2113,0.2131,345042.7
2026-07-06 19:00:00+00:00,0.2133,0.2156,0.2131,0.2144,1068837.9
2026-07-06 20:00:00+00:00,0.2143,0.2149,0.213,0.2142,239002.9
2026-07-06 21:00:00+00:00,0.2141,0.2185,0.2141,0.2169,842855.3
2026-07-06 22:00:00+00:00,0.2169,0.2171,0.2139,0.2146,205382.9
2026-07-06 23:00:00+00:00,0.2147,0.2162,0.2145,0.2159,212662.8
2026-07-07 00:00:00+00:00,0.2159,0.2174,0.2149,0.2167,402026.0
2026-07-07 01:00:00+00:00,0.2168,0.2189,0.2159,0.2173,585039.3
2026-07-07 02:00:00+00:00,0.2172,0.2177,0.2129,0.2138,917770.6
2026-07-07 03:00:00+00:00,0.2139,0.2144,0.2064,0.2077,3738235.4
2026-07-07 04:00:00+00:00,0.2074,0.2078,0.2048,0.2076,1567435.7
2026-07-07 05:00:00+00:00,0.2075,0.2092,0.2066,0.2086,576603.5
2026-07-07 06:00:00+00:00,0.2087,0.2103,0.2083,0.2096,235384.3
2026-07-07 07:00:00+00:00,0.2096,0.2107,0.2084,0.2085,345989.3
2026-07-07 08:00:00+00:00,0.2085,0.2106,0.2079,0.2086,624527.5
2026-07-07 09:00:00+00:00,0.2085,0.2115,0.2084,0.2109,357663.6
2026-07-07 10:00:00+00:00,0.2108,0.2118,0.2093,0.2094,126526.7
2026-07-07 11:00:00+00:00,0.2094,0.2104,0.2088,0.2101,74709.8
2026-07-07 12:00:00+00:00,0.2102,0.2115,0.2092,0.2092,140284.2
2026-07-07 13:00:00+00:00,0.2091,0.2094,0.2077,0.2082,225963.6
2026-07-07 14:00:00+00:00,0.2081,0.2095,0.205,0.2093,354527.4
2026-07-07 15:00:00+00:00,0.2093,0.2126,0.2088,0.2121,368914.4
2026-07-07 16:00:00+00:00,0.2121,0.2129,0.2105,0.2123,311465.0
2026-07-07 17:00:00+00:00,0.2122,0.2122,0.2107,0.2114,96641.6
2026-07-07 18:00:00+00:00,0.2115,0.2132,0.2094,0.2094,195224.6
2026-07-07 19:00:00+00:00,0.2094,0.2107,0.2078,0.2104,161327.0
2026-07-07 20:00:00+00:00,0.2104,0.2111,0.2089,0.2092,71127.1
2026-07-07 21:00:00+00:00,0.2093,0.2095,0.2074,0.2075,92431.0
2026-07-07 22:00:00+00:00,0.2072,0.2078,0.2053,0.2072,112707.4
2026-07-07 23:00:00+00:00,0.2071,0.2075,0.206,0.206,119009.7
2026-07-08 00:00:00+00:00,0.2063,0.2079,0.2063,0.2072,134514.7
2026-07-08 01:00:00+00:00,0.2071,0.208,0.2054,0.2063,214483.0
2026-07-08 02:00:00+00:00,0.2062,0.2064,0.2035,0.2064,344842.2
2026-07-08 03:00:00+00:00,0.2064,0.208,0.2055,0.2057,70257.6
2026-07-08 04:00:00+00:00,0.2058,0.2064,0.2051,0.2064,128146.2
2026-07-08 05:00:00+00:00,0.2064,0.2105,0.2063,0.2098,553752.8
2026-07-08 06:00:00+00:00,0.2099,0.21,0.2073,0.2085,516545.6
2026-07-08 07:00:00+00:00,0.2086,0.21,0.2064,0.2066,545480.6
2026-07-08 08:00:00+00:00,0.2066,0.2075,0.2,0.2006,939972.3
2026-07-08 09:00:00+00:00,0.2005,0.2023,0.2004,0.2015,311841.6
2026-07-08 10:00:00+00:00,0.2013,0.2023,0.2007,0.2018,233804.6
2026-07-08 11:00:00+00:00,0.2019,0.2038,0.2016,0.2031,508932.1
2026-07-08 12:00:00+00:00,0.2031,0.2038,0.2018,0.2022,267618.2
2026-07-08 13:00:00+00:00,0.2021,0.2056,0.2004,0.2047,502544.3
2026-07-08 14:00:00+00:00,0.2048,0.2064,0.204,0.2061,592899.3
2026-07-08 15:00:00+00:00,0.2062,0.2063,0.2023,0.2034,445605.8
2026-07-08 16:00:00+00:00,0.2034,0.205,0.2017,0.2049,336608.0
2026-07-08 17:00:00+00:00,0.205,0.2071,0.2049,0.2057,346658.8
2026-07-08 18:00:00+00:00,0.2057,0.2065,0.2047,0.205,293033.5
2026-07-08 19:00:00+00:00,0.205,0.2051,0.2041,0.2042,62325.5
2026-07-08 20:00:00+00:00,0.2042,0.2046,0.2022,0.2024,107624.2
2026-07-08 21:00:00+00:00,0.2024,0.2028,0.2002,0.2016,244733.3
2026-07-08 22:00:00+00:00,0.2017,0.202,0.1991,0.2,505129.4
2026-07-08 23:00:00+00:00,0.1999,0.2016,0.198,0.2001,830736.7
2026-07-09 00:00:00+00:00,0.2002,0.2014,0.1992,0.2001,456155.8
2026-07-09 01:00:00+00:00,0.2001,0.2035,0.1999,0.2007,410275.1
2026-07-09 02:00:00+00:00,0.2007,0.2028,0.2003,0.2013,152738.8
2026-07-09 03:00:00+00:00,0.2011,0.2023,0.2003,0.2008,403712.1
2026-07-09 04:00:00+00:00,0.2009,0.2052,0.2005,0.205,513362.5
2026-07-09 05:00:00+00:00,0.2049,0.2049,0.2028,0.2038,230216.9
2026-07-09 06:00:00+00:00,0.2039,0.2048,0.2036,0.2042,209944.5
2026-07-09 07:00:00+00:00,0.2043,0.2046,0.203,0.2033,181153.7
2026-07-09 08:00:00+00:00,0.2031,0.2036,0.2023,0.2025,84162.6
2026-07-09 09:00:00+00:00,0.2024,0.2027,0.2012,0.2022,462818.8
2026-07-09 10:00:00+00:00,0.2021,0.2035,0.2008,0.2013,335709.2
2026-07-09 11:00:00+00:00,0.2014,0.2014,0.2003,0.2013,89186.3
2026-07-09 12:00:00+00:00,0.2012,0.2022,0.2005,0.2006,267120.7
2026-07-09 13:00:00+00:00,0.2007,0.2026,0.2001,0.2023,180090.3
2026-07-09 14:00:00+00:00,0.2023,0.2032,0.2013,0.2028,177667.5
2026-07-09 15:00:00+00:00,0.2028,0.203,0.2003,0.2007,233015.6
2026-07-09 16:00:00+00:00,0.2007,0.2024,0.1989,0.1996,782832.9
2026-07-09 17:00:00+00:00,0.1996,0.2024,0.1996,0.2022,265513.5
2026-07-09 18:00:00+00:00,0.2024,0.2035,0.202,0.2028,68684.2
2026-07-09 19:00:00+00:00,0.2028,0.2031,0.2021,0.2021,33337.4
2026-07-09 20:00:00+00:00,0.2021,0.2023,0.201,0.2015,357485.8
2026-07-09 21:00:00+00:00,0.2015,0.2019,0.2007,0.2019,144358.7
2026-07-09 22:00:00+00:00,0.2019,0.2033,0.2015,0.2025,304955.2
2026-07-09 23:00:00+00:00,0.2026,0.2043,0.2026,0.2037,268133.1
2026-07-10 00:00:00+00:00,0.2038,0.2038,0.202,0.2033,224450.5
2026-07-10 01:00:00+00:00,0.2034,0.2066,0.2026,0.2058,547131.4
2026-07-10 02:00:00+00:00,0.2058,0.2067,0.2049,0.2061,317916.4
2026-07-10 03:00:00+00:00,0.2061,0.2062,0.2046,0.2057,115275.0
2026-07-10 04:00:00+00:00,0.2058,0.2061,0.2048,0.2056,103473.0
2026-07-10 05:00:00+00:00,0.2056,0.2062,0.205,0.206,285809.0
2026-07-10 06:00:00+00:00,0.2059,0.2067,0.2055,0.2055,213758.1
2026-07-10 07:00:00+00:00,0.2057,0.2061,0.205,0.2052,95944.9
2026-07-10 08:00:00+00:00,0.2051,0.207,0.2051,0.2065,248356.7
2026-07-10 09:00:00+00:00,0.2065,0.208,0.2057,0.208,486071.2
2026-07-10 10:00:00+00:00,0.2081,0.21,0.2073,0.2079,261628.7
2026-07-10 11:00:00+00:00,0.2079,0.2096,0.2076,0.2095,172347.5
2026-07-10 12:00:00+00:00,0.2096,0.2126,0.2086,0.2113,758268.8
2026-07-10 13:00:00+00:00,0.2114,0.2135,0.2109,0.2116,400278.0
2026-07-10 14:00:00+00:00,0.2116,0.2121,0.2066,0.2074,557120.1
2026-07-10 15:00:00+00:00,0.2074,0.2088,0.2072,0.2084,182749.2
2026-07-10 16:00:00+00:00,0.2084,0.2085,0.206,0.2075,244656.4
2026-07-10 17:00:00+00:00,0.2074,0.2078,0.2061,0.2061,132717.5
2026-07-10 18:00:00+00:00,0.2063,0.2074,0.2058,0.2066,140629.0
2026-07-10 19:00:00+00:00,0.2064,0.2073,0.2061,0.2069,89393.2
2026-07-10 20:00:00+00:00,0.2068,0.2072,0.206,0.2061,41738.8
2026-07-10 21:00:00+00:00,0.2062,0.2074,0.206,0.2072,67193.6
2026-07-10 22:00:00+00:00,0.2073,0.208,0.2069,0.207,53987.6
2026-07-10 23:00:00+00:00,0.2068,0.2068,0.2054,0.2057,74983.4
2026-07-11 00:00:00+00:00,0.2057,0.2065,0.2047,0.2062,137567.0
2026-07-11 01:00:00+00:00,0.2062,0.2079,0.206,0.2078,237607.2
2026-07-11 02:00:00+00:00,0.2078,0.21,0.2068,0.2078,570830.5
2026-07-11 03:00:00+00:00,0.2077,0.2081,0.2071,0.2073,67879.3
2026-07-11 04:00:00+00:00,0.2072,0.2076,0.2065,0.2069,100206.0
2026-07-11 05:00:00+00:00,0.2067,0.2073,0.2062,0.2067,77636.3
2026-07-11 06:00:00+00:00,0.2066,0.2071,0.2061,0.2061,97107.5
2026-07-11 07:00:00+00:00,0.2061,0.2063,0.2046,0.2047,170798.2
2026-07-11 08:00:00+00:00,0.2047,0.2068,0.2044,0.2067,205717.2
2026-07-11 09:00:00+00:00,0.2066,0.2066,0.2053,0.2054,86808.0
2026-07-11 10:00:00+00:00,0.2053,0.206,0.2052,0.2056,146413.9
2026-07-11 11:00:00+00:00,0.2057,0.2063,0.2051,0.2062,239050.3
2026-07-11 12:00:00+00:00,0.2061,0.207,0.2059,0.2067,153768.2
2026-07-11 13:00:00+00:00,0.2067,0.2086,0.2067,0.2083,273472.0
2026-07-11 14:00:00+00:00,0.2082,0.2095,0.2072,0.209,583278.5
2026-07-11 15:00:00+00:00,0.2089,0.2102,0.2072,0.2083,390223.0
2026-07-11 16:00:00+00:00,0.2083,0.2097,0.2074,0.2086,331284.5
2026-07-11 17:00:00+00:00,0.2087,0.2122,0.2082,0.2122,543373.3
2026-07-11 18:00:00+00:00,0.2122,0.2147,0.2116,0.2136,400310.5
2026-07-11 19:00:00+00:00,0.2137,0.2171,0.2137,0.2156,806419.9
2026-07-11 20:00:00+00:00,0.2156,0.2166,0.2144,0.2165,353720.8
2026-07-11 21:00:00+00:00,0.2166,0.2167,0.2122,0.2124,304904.5
2026-07-11 22:00:00+00:00,0.2126,0.2129,0.2102,0.2114,203028.5
2026-07-11 23:00:00+00:00,0.2114,0.2114,0.208,0.2083,347661.5
2026-07-12 00:00:00+00:00,0.2082,0.2094,0.2055,0.2073,535741.9
2026-07-12 01:00:00+00:00,0.2071,0.2095,0.207,0.209,314816.6
2026-07-12 02:00:00+00:00,0.2091,0.2101,0.2083,0.2092,184174.3
2026-07-12 03:00:00+00:00,0.2091,0.2098,0.2084,0.2091,172292.5
2026-07-12 04:00:00+00:00,0.2091,0.2094,0.2074,0.2078,92157.2
2026-07-12 05:00:00+00:00,0.2078,0.2082,0.2065,0.2069,303836.6
2026-07-12 06:00:00+00:00,0.2068,0.2069,0.2035,0.2054,412064.0
2026-07-12 07:00:00+00:00,0.2054,0.2058,0.2047,0.2053,223902.7
2026-07-12 08:00:00+00:00,0.2053,0.2064,0.2051,0.2052,64541.7
2026-07-12 09:00:00+00:00,0.2054,0.2061,0.2046,0.2054,134054.8
2026-07-12 10:00:00+00:00,0.2056,0.2061,0.2053,0.2058,64339.7
2026-07-12 11:00:00+00:00,0.2057,0.2071,0.2055,0.2067,92400.6
2026-07-12 12:00:00+00:00,0.2066,0.2072,0.206,0.206,84470.8
2026-07-12 13:00:00+00:00,0.206,0.2067,0.2055,0.2056,156065.9
2026-07-12 14:00:00+00:00,0.2055,0.2067,0.2042,0.2064,231720.8
2026-07-12 15:00:00+00:00,0.2065,0.2073,0.2062,0.2065,127509.8
2026-07-12 16:00:00+00:00,0.2066,0.2091,0.2062,0.2089,210535.5
2026-07-12 17:00:00+00:00,0.209,0.209,0.2062,0.2066,307152.6
2026-07-12 18:00:00+00:00,0.2066,0.2073,0.2064,0.2069,149481.3
2026-07-12 19:00:00+00:00,0.207,0.211,0.207,0.2107,419843.6
2026-07-12 20:00:00+00:00,0.2107,0.211,0.2102,0.2109,130826.6
2026-07-12 21:00:00+00:00,0.211,0.2112,0.2087,0.2087,78245.8
2026-07-12 22:00:00+00:00,0.2086,0.2086,0.2063,0.2081,272955.4
2026-07-12 23:00:00+00:00,0.2079,0.2079,0.2072,0.2072,48814.1
2026-07-13 00:00:00+00:00,0.2071,0.2115,0.2069,0.2081,344729.2
2026-07-13 01:00:00+00:00,0.2081,0.2086,0.2048,0.205,260080.3
2026-07-13 02:00:00+00:00,0.2048,0.2059,0.203,0.2035,321088.4
2026-07-13 03:00:00+00:00,0.2034,0.2034,0.2,0.2019,850320.8
2026-07-13 04:00:00+00:00,0.2018,0.203,0.2012,0.202,153534.2
2026-07-13 05:00:00+00:00,0.2021,0.204,0.2014,0.2031,134522.1
2026-07-13 06:00:00+00:00,0.2033,0.2042,0.2031,0.2036,67276.1
2026-07-13 07:00:00+00:00,0.2037,0.2068,0.2035,0.2068,316921.8
2026-07-13 08:00:00+00:00,0.2067,0.2095,0.2058,0.2091,509009.1
2026-07-13 09:00:00+00:00,0.2091,0.2091,0.2071,0.2076,161041.2
2026-07-13 10:00:00+00:00,0.2077,0.2077,0.2063,0.2065,74854.2
2026-07-13 11:00:00+00:00,0.2064,0.2095,0.2064,0.2089,389965.9
2026-07-13 12:00:00+00:00,0.209,0.2095,0.2069,0.2083,252699.9
2026-07-13 13:00:00+00:00,0.2083,0.2088,0.2067,0.2071,230710.7
2026-07-13 14:00:00+00:00,0.2072,0.2154,0.2059,0.2152,1229860.8
2026-07-13 15:00:00+00:00,0.2153,0.216,0.2116,0.2156,975402.9
2026-07-13 16:00:00+00:00,0.2157,0.2165,0.2109,0.2146,1541344.6
2026-07-13 17:00:00+00:00,0.2145,0.2183,0.2107,0.2109,1043857.1
2026-07-13 18:00:00+00:00,0.2111,0.2143,0.2111,0.2125,395126.1
2026-07-13 19:00:00+00:00,0.2126,0.218,0.2125,0.2174,675908.0
2026-07-13 20:00:00+00:00,0.2175,0.2208,0.2164,0.2171,2086153.6
2026-07-13 21:00:00+00:00,0.2171,0.2171,0.2116,0.2121,683505.3
2026-07-13 22:00:00+00:00,0.2121,0.2125,0.2102,0.2122,347500.3
2026-07-13 23:00:00+00:00,0.2121,0.214,0.2113,0.2138,170528.4
2026-07-14 00:00:00+00:00,0.2139,0.2157,0.2133,0.2152,302621.8
2026-07-14 01:00:00+00:00,0.2151,0.2176,0.2138,0.2139,326312.2
2026-07-14 02:00:00+00:00,0.2139,0.2146,0.2118,0.2125,295760.2
2026-07-14 03:00:00+00:00,0.2125,0.2166,0.2111,0.2166,420518.1
2026-07-14 04:00:00+00:00,0.2167,0.2208,0.2152,0.2196,1712304.7
2026-07-14 05:00:00+00:00,0.2194,0.2254,0.2191,0.225,2638055.4
2026-07-14 06:00:00+00:00,0.2252,0.2267,0.2219,0.2237,2936923.7
2026-07-14 07:00:00+00:00,0.2238,0.2243,0.2216,0.2222,1217531.6
2026-07-14 08:00:00+00:00,0.2221,0.2246,0.221,0.2221,2000774.9
2026-07-14 09:00:00+00:00,0.2221,0.2239,0.2217,0.2231,582064.6
2026-07-14 10:00:00+00:00,0.2232,0.2236,0.2204,0.2208,566639.8
2026-07-14 11:00:00+00:00,0.2208,0.2219,0.2199,0.2214,426053.7
2026-07-14 12:00:00+00:00,0.2213,0.2303,0.2212,0.2285,2041865.4
2026-07-14 13:00:00+00:00,0.2285,0.229,0.2244,0.2249,1125685.5
2026-07-14 14:00:00+00:00,0.2252,0.2259,0.223,0.2253,1058615.0
2026-07-14 15:00:00+00:00,0.2253,0.2267,0.2233,0.2259,670810.6
2026-07-14 16:00:00+00:00,0.2259,0.2271,0.2235,0.2247,1451105.3
2026-07-14 17:00:00+00:00,0.2247,0.2247,0.2211,0.223,747031.0
2026-07-14 18:00:00+00:00,0.2231,0.2241,0.2217,0.2234,229964.2
2026-07-14 19:00:00+00:00,0.2235,0.2241,0.2222,0.223,679779.7
2026-07-14 20:00:00+00:00,0.223,0.223,0.2209,0.2225,395684.8
2026-07-14 21:00:00+00:00,0.2225,0.223,0.2209,0.223,263526.2
2026-07-14 22:00:00+00:00,0.2231,0.224,0.2217,0.2236,445196.5
2026-07-14 23:00:00+00:00,0.2236,0.2245,0.223,0.2232,411484.1
2026-07-15 00:00:00+00:00,0.2232,0.2252,0.2222,0.2239,687554.5
2026-07-15 01:00:00+00:00,0.2241,0.2241,0.2224,0.2234,357948.3
2026-07-15 02:00:00+00:00,0.2233,0.2239,0.2222,0.2238,228198.1
2026-07-15 03:00:00+00:00,0.2239,0.2283,0.2238,0.2265,612934.6
2026-07-15 04:00:00+00:00,0.2265,0.2272,0.2232,0.2242,401628.4
2026-07-15 05:00:00+00:00,0.2242,0.2243,0.2223,0.2238,279114.8
2026-07-15 06:00:00+00:00,0.2237,0.2238,0.2204,0.2206,444889.0
2026-07-15 07:00:00+00:00,0.2206,0.2209,0.2177,0.2193,1331176.6
2026-07-15 08:00:00+00:00,0.2194,0.2197,0.2176,0.2194,426124.6
2026-07-15 09:00:00+00:00,0.2194,0.2222,0.2194,0.2197,536386.8
2026-07-15 10:00:00+00:00,0.2197,0.2209,0.219,0.219,292756.4
2026-07-15 11:00:00+00:00,0.2191,0.2213,0.2184,0.2208,334017.2
2026-07-15 12:00:00+00:00,0.2207,0.2233,0.22,0.2231,519369.4
2026-07-15 13:00:00+00:00,0.2232,0.2246,0.2194,0.2205,941943.4
2026-07-15 14:00:00+00:00,0.2205,0.2206,0.216,0.2181,1464222.1
2026-07-15 15:00:00+00:00,0.2181,0.2182,0.2158,0.2165,863720.7
2026-07-15 16:00:00+00:00,0.2165,0.2168,0.2126,0.2155,1765753.8
2026-07-15 17:00:00+00:00,0.2155,0.2168,0.2152,0.2158,302672.4
2026-07-15 18:00:00+00:00,0.2158,0.218,0.2158,0.2158,963350.8
2026-07-15 19:00:00+00:00,0.2159,0.2163,0.214,0.2146,375367.8
2026-07-15 20:00:00+00:00,0.2146,0.2174,0.2144,0.2165,489197.1
2026-07-15 21:00:00+00:00,0.2165,0.217,0.215,0.216,203260.5
2026-07-15 22:00:00+00:00,0.216,0.2168,0.2152,0.2156,379399.5
2026-07-15 23:00:00+00:00,0.2156,0.2159,0.2149,0.2154,441928.1
2026-07-16 00:00:00+00:00,0.2154,0.2171,0.2145,0.2166,1327433.5
2026-07-16 01:00:00+00:00,0.2165,0.2187,0.2156,0.2181,554878.6
2026-07-16 02:00:00+00:00,0.2182,0.2199,0.2179,0.2196,577399.4
2026-07-16 03:00:00+00:00,0.2197,0.2197,0.218,0.2192,499279.7
2026-07-16 04:00:00+00:00,0.2192,0.2194,0.2167,0.2176,512942.4
2026-07-16 05:00:00+00:00,0.2177,0.2184,0.2171,0.2172,203590.5
2026-07-16 06:00:00+00:00,0.2173,0.2181,0.2157,0.2159,271438.4
2026-07-16 07:00:00+00:00,0.2158,0.216,0.2139,0.2148,233472.3
2026-07-16 08:00:00+00:00,0.2148,0.2149,0.2114,0.2137,692444.6
2026-07-16 09:00:00+00:00,0.2138,0.214,0.2131,0.2135,89941.3
2026-07-16 10:00:00+00:00,0.2135,0.2148,0.2132,0.2136,269588.2
2026-07-16 11:00:00+00:00,0.2136,0.214,0.2129,0.2135,160376.2
2026-07-16 12:00:00+00:00,0.2133,0.214,0.2131,0.2138,166801.0
2026-07-16 13:00:00+00:00,0.2138,0.2156,0.2138,0.2145,356646.4
2026-07-16 14:00:00+00:00,0.2146,0.2155,0.2136,0.2142,106322.3
2026-07-16 15:00:00+00:00,0.2141,0.2164,0.2135,0.2149,333106.0
2026-07-16 16:00:00+00:00,0.2149,0.2155,0.2144,0.2154,207553.2
2026-07-16 17:00:00+00:00,0.2153,0.2169,0.2139,0.2163,719165.9
2026-07-16 18:00:00+00:00,0.2162,0.2199,0.2161,0.2196,590681.4
2026-07-16 19:00:00+00:00,0.2195,0.2196,0.2166,0.2179,319559.9
2026-07-16 20:00:00+00:00,0.218,0.2224,0.2174,0.2217,1000120.3
2026-07-16 21:00:00+00:00,0.2216,0.2235,0.2208,0.2212,812281.5
2026-07-16 22:00:00+00:00,0.2213,0.2244,0.2203,0.2206,516838.8
2026-07-16 23:00:00+00:00,0.2207,0.2212,0.2188,0.2201,539303.4
2026-07-17 00:00:00+00:00,0.2202,0.2221,0.218,0.2186,651690.3
2026-07-17 01:00:00+00:00,0.2184,0.2189,0.2121,0.2123,599011.3
2026-07-17 02:00:00+00:00,0.2123,0.2134,0.2107,0.2119,739291.0
2026-07-17 03:00:00+00:00,0.2119,0.2153,0.2117,0.2134,624568.0
2026-07-17 04:00:00+00:00,0.2134,0.2144,0.2119,0.2129,368939.9
2026-07-17 05:00:00+00:00,0.2129,0.2138,0.2089,0.2093,991413.4
2026-07-17 06:00:00+00:00,0.2094,0.2111,0.208,0.2097,408544.8
2026-07-17 07:00:00+00:00,0.2097,0.2102,0.2091,0.2091,205669.5
2026-07-17 08:00:00+00:00,0.2091,0.2125,0.2083,0.212,571579.2
2026-07-17 09:00:00+00:00,0.2119,0.2142,0.2118,0.2123,385373.7
2026-07-17 10:00:00+00:00,0.2123,0.2149,0.2121,0.2129,304437.2
2026-07-17 11:00:00+00:00,0.2129,0.2134,0.2121,0.2132,89165.5
2026-07-17 12:00:00+00:00,0.2131,0.2144,0.2115,0.2115,223530.7
2026-07-17 13:00:00+00:00,0.2115,0.2162,0.2094,0.216,1320490.7
2026-07-17 14:00:00+00:00,0.2161,0.2187,0.2149,0.2151,681648.5
2026-07-17 15:00:00+00:00,0.2151,0.2166,0.2141,0.2163,469312.0
2026-07-17 16:00:00+00:00,0.2164,0.2176,0.2155,0.2156,519561.8
2026-07-17 17:00:00+00:00,0.2156,0.2173,0.2152,0.2159,477666.0
2026-07-17 18:00:00+00:00,0.2158,0.216,0.2141,0.2154,118308.6
2026-07-17 19:00:00+00:00,0.2153,0.2153,0.2135,0.2146,94019.6
2026-07-17 20:00:00+00:00,0.2147,0.2173,0.2145,0.2161,199038.1
2026-07-17 21:00:00+00:00,0.2161,0.2165,0.2157,0.2158,78117.2
2026-07-17 22:00:00+00:00,0.2157,0.2173,0.2157,0.2165,54091.4
2026-07-17 23:00:00+00:00,0.2164,0.2195,0.2159,0.2184,402741.4
2026-07-18 00:00:00+00:00,0.2185,0.2188,0.2157,0.2161,313734.6
2026-07-18 01:00:00+00:00,0.2161,0.2162,0.215,0.2151,138143.7
2026-07-18 02:00:00+00:00,0.215,0.2159,0.2142,0.2143,78960.1
2026-07-18 03:00:00+00:00,0.2141,0.2148,0.2138,0.2147,146817.2
2026-07-18 04:00:00+00:00,0.2147,0.2147,0.2128,0.2131,103907.2
2026-07-18 05:00:00+00:00,0.213,0.2132,0.2119,0.2131,195820.0
2026-07-18 06:00:00+00:00,0.2129,0.2134,0.2126,0.2133,43737.4
2026-07-18 07:00:00+00:00,0.2133,0.2144,0.2127,0.2142,151971.7
2026-07-18 08:00:00+00:00,0.2144,0.2149,0.2136,0.2136,67764.3
2026-07-18 09:00:00+00:00,0.2135,0.2135,0.2128,0.2133,69318.7
2026-07-18 10:00:00+00:00,0.2134,0.2136,0.2117,0.212,59958.3
2026-07-18 11:00:00+00:00,0.2118,0.2127,0.2118,0.2124,93583.8
2026-07-18 12:00:00+00:00,0.2124,0.2139,0.2123,0.2131,202038.3
2026-07-18 13:00:00+00:00,0.213,0.2135,0.2119,0.2134,287480.9
2026-07-18 14:00:00+00:00,0.2134,0.2137,0.213,0.2133,63178.8
2026-07-18 15:00:00+00:00,0.2134,0.2134,0.2119,0.212,76222.5
2026-07-18 16:00:00+00:00,0.212,0.2135,0.2117,0.213,264800.7
2026-07-18 17:00:00+00:00,0.213,0.2144,0.2126,0.2144,67184.6
2026-07-18 18:00:00+00:00,0.2143,0.2155,0.2139,0.2147,244721.3
2026-07-18 19:00:00+00:00,0.2149,0.2151,0.2128,0.213,135749.0
2026-07-18 20:00:00+00:00,0.213,0.2132,0.2111,0.2118,648430.7
2026-07-18 21:00:00+00:00,0.2117,0.2124,0.2113,0.2117,152965.0
2026-07-18 22:00:00+00:00,0.2116,0.2123,0.2112,0.2119,116825.7
2026-07-18 23:00:00+00:00,0.2119,0.2123,0.2113,0.212,125094.2
2026-07-19 00:00:00+00:00,0.2121,0.2132,0.2118,0.2126,121767.1
2026-07-19 01:00:00+00:00,0.2126,0.2141,0.2124,0.2127,105494.5
2026-07-19 02:00:00+00:00,0.2127,0.2141,0.2127,0.2134,213283.2
2026-07-19 03:00:00+00:00,0.2132,0.2133,0.2122,0.2124,123977.5
2026-07-19 04:00:00+00:00,0.2123,0.2136,0.2122,0.2135,55540.2
2026-07-19 05:00:00+00:00,0.2135,0.2144,0.2135,0.2144,90275.4
2026-07-19 06:00:00+00:00,0.2144,0.2149,0.2135,0.2138,93530.7
2026-07-19 07:00:00+00:00,0.2137,0.2141,0.2133,0.2134,54395.4
2026-07-19 08:00:00+00:00,0.2134,0.2139,0.213,0.2135,31425.1
2026-07-19 09:00:00+00:00,0.2135,0.2138,0.2122,0.2124,73509.8
2026-07-19 10:00:00+00:00,0.2123,0.213,0.2116,0.2116,137451.1
2026-07-19 11:00:00+00:00,0.2118,0.2122,0.2115,0.2117,104966.0
2026-07-19 12:00:00+00:00,0.2116,0.2125,0.2104,0.2124,180166.5
2026-07-19 13:00:00+00:00,0.2122,0.2122,0.2115,0.2119,64938.8
2026-07-19 14:00:00+00:00,0.2118,0.2131,0.2117,0.2129,75172.3
2026-07-19 15:00:00+00:00,0.2129,0.2131,0.2122,0.2124,66260.8
2026-07-19 16:00:00+00:00,0.2123,0.2132,0.212,0.2126,189535.5
2026-07-19 17:00:00+00:00,0.2127,0.2127,0.2109,0.2114,251904.8
2026-07-19 18:00:00+00:00,0.2113,0.2114,0.2092,0.211,392595.1
2026-07-19 19:00:00+00:00,0.211,0.2111,0.2105,0.2108,82102.8
2026-07-19 20:00:00+00:00,0.2109,0.2113,0.2107,0.2108,88640.4
2026-07-19 21:00:00+00:00,0.2109,0.2133,0.2103,0.2109,668310.6
2026-07-19 22:00:00+00:00,0.2107,0.2133,0.2104,0.2108,890689.1
2026-07-19 23:00:00+00:00,0.2109,0.2116,0.2105,0.2116,148266.6
2026-07-20 00:00:00+00:00,0.2115,0.2135,0.211,0.2111,185874.6
2026-07-20 01:00:00+00:00,0.2113,0.2131,0.2097,0.2102,147438.7
2026-07-20 02:00:00+00:00,0.2102,0.2125,0.2102,0.2117,159574.6
2026-07-20 03:00:00+00:00,0.2117,0.2119,0.21,0.2103,132498.0
2026-07-20 04:00:00+00:00,0.2102,0.2103,0.2083,0.2083,211522.5
2026-07-20 05:00:00+00:00,0.2084,0.2085,0.2057,0.2074,553539.1
2026-07-20 06:00:00+00:00,0.2074,0.209,0.2073,0.208,316824.9
2026-07-20 07:00:00+00:00,0.2083,0.2107,0.208,0.2101,328006.4
2026-07-20 08:00:00+00:00,0.21,0.2123,0.2091,0.212,613672.1
2026-07-20 09:00:00+00:00,0.2119,0.2177,0.2114,0.2162,1536754.6
2026-07-20 10:00:00+00:00,0.2162,0.2169,0.2153,0.2168,590971.8
2026-07-20 11:00:00+00:00,0.2169,0.2173,0.2145,0.2148,756365.2
2026-07-20 12:00:00+00:00,0.2148,0.2178,0.2148,0.2171,426349.1
2026-07-20 13:00:00+00:00,0.2171,0.218,0.2148,0.2154,399647.8
2026-07-20 14:00:00+00:00,0.2153,0.2177,0.215,0.2173,209047.8
2026-07-20 15:00:00+00:00,0.2176,0.2202,0.2174,0.2186,933762.2
2026-07-20 16:00:00+00:00,0.2186,0.22,0.2172,0.2186,482217.8
2026-07-20 17:00:00+00:00,0.2187,0.2189,0.2175,0.2184,262257.5
2026-07-20 18:00:00+00:00,0.2184,0.2198,0.2171,0.2172,299292.6
2026-07-20 19:00:00+00:00,0.2172,0.22,0.2166,0.2178,341198.3
2026-07-20 20:00:00+00:00,0.2178,0.218,0.2168,0.2176,180384.5
2026-07-20 21:00:00+00:00,0.2175,0.2181,0.2169,0.2171,79617.1
2026-07-20 22:00:00+00:00,0.2172,0.2173,0.2155,0.2155,124633.7
2026-07-20 23:00:00+00:00,0.2155,0.2159,0.2147,0.2152,255600.6
2026-07-21 00:00:00+00:00,0.2151,0.2165,0.2148,0.2156,179337.3
2026-07-21 01:00:00+00:00,0.2156,0.2167,0.2153,0.2155,202683.4
2026-07-21 02:00:00+00:00,0.2155,0.2163,0.2151,0.2157,101463.9
2026-07-21 03:00:00+00:00,0.2157,0.2165,0.2151,0.2162,222151.4
2026-07-21 04:00:00+00:00,0.2161,0.2175,0.216,0.2173,152032.7
2026-07-21 05:00:00+00:00,0.2172,0.2175,0.2164,0.2168,93034.4
2026-07-21 06:00:00+00:00,0.2168,0.2172,0.2161,0.2162,166036.3
2026-07-21 07:00:00+00:00,0.2162,0.2165,0.2151,0.2157,204237.8
2026-07-21 08:00:00+00:00,0.2158,0.2181,0.2155,0.2155,497036.2
2026-07-21 09:00:00+00:00,0.2154,0.2156,0.2133,0.2142,262071.2
2026-07-21 10:00:00+00:00,0.2143,0.2143,0.2128,0.2136,599580.7
2026-07-21 11:00:00+00:00,0.2135,0.2147,0.2127,0.2141,663533.3
2026-07-21 12:00:00+00:00,0.2144,0.2154,0.2138,0.2147,410365.1
2026-07-21 13:00:00+00:00,0.2146,0.2173,0.2135,0.2149,676430.2
2026-07-21 14:00:00+00:00,0.2149,0.2165,0.2147,0.2151,303221.0
2026-07-21 15:00:00+00:00,0.215,0.2156,0.2138,0.214,236280.8
2026-07-21 16:00:00+00:00,0.2139,0.2146,0.2135,0.2141,216841.6
2026-07-21 17:00:00+00:00,0.2142,0.2147,0.2128,0.2144,184514.3
2026-07-21 18:00:00+00:00,0.2145,0.2154,0.2142,0.2149,262309.8
2026-07-21 19:00:00+00:00,0.215,0.2162,0.2148,0.2153,389317.7
2026-07-21 20:00:00+00:00,0.2154,0.2162,0.215,0.2152,146348.0
2026-07-21 21:00:00+00:00,0.2151,0.2157,0.215,0.2154,68341.8
2026-07-21 22:00:00+00:00,0.2152,0.2154,0.214,0.2143,103281.4
2026-07-21 23:00:00+00:00,0.2143,0.2147,0.2136,0.2147,90991.8
2026-07-22 00:00:00+00:00,0.2146,0.217,0.2138,0.2159,523828.5
2026-07-22 01:00:00+00:00,0.2159,0.2169,0.2151,0.2158,123316.5
2026-07-22 02:00:00+00:00,0.2159,0.2159,0.2145,0.2146,119368.7
2026-07-22 03:00:00+00:00,0.2147,0.2155,0.2141,0.2142,260730.0
2026-07-22 04:00:00+00:00,0.2142,0.2148,0.214,0.2144,78189.8
2026-07-22 05:00:00+00:00,0.2144,0.2148,0.2132,0.2137,172477.2
2026-07-22 06:00:00+00:00,0.2135,0.214,0.212,0.2126,242629.9
2026-07-22 07:00:00+00:00,0.2127,0.2141,0.2127,0.2136,274403.5
2026-07-22 08:00:00+00:00,0.2137,0.2154,0.2137,0.2145,250457.7
2026-07-22 09:00:00+00:00,0.2146,0.2149,0.2132,0.2145,128041.2
2026-07-22 10:00:00+00:00,0.2145,0.2162,0.2139,0.215,545681.1
2026-07-22 11:00:00+00:00,0.215,0.2162,0.215,0.2161,247719.8
2026-07-22 12:00:00+00:00,0.2161,0.2176,0.2147,0.2152,439287.3
2026-07-22 13:00:00+00:00,0.2153,0.2167,0.2146,0.2159,309356.3
2026-07-22 14:00:00+00:00,0.2159,0.2172,0.2144,0.2152,183389.7
2026-07-22 15:00:00+00:00,0.2152,0.2165,0.215,0.2156,223019.8
2026-07-22 16:00:00+00:00,0.2157,0.2198,0.2153,0.2186,915733.7
2026-07-22 17:00:00+00:00,0.2187,0.2193,0.216,0.2162,431388.2
2026-07-22 18:00:00+00:00,0.2162,0.2165,0.2124,0.2128,987481.4
2026-07-22 19:00:00+00:00,0.2128,0.213,0.2115,0.2121,411074.1
2026-07-22 20:00:00+00:00,0.212,0.2135,0.2115,0.2124,223940.0
2026-07-22 21:00:00+00:00,0.2123,0.2128,0.211,0.2128,121663.2
2026-07-22 22:00:00+00:00,0.2128,0.2138,0.212,0.2126,285430.7
2026-07-22 23:00:00+00:00,0.2126,0.2126,0.2112,0.2124,125846.0
2026-07-23 00:00:00+00:00,0.2124,0.2133,0.2119,0.2121,125724.8
2026-07-23 01:00:00+00:00,0.2121,0.2128,0.2116,0.2117,281808.4
2026-07-23 02:00:00+00:00,0.2116,0.2118,0.2103,0.2115,208735.5
2026-07-23 03:00:00+00:00,0.2115,0.2115,0.2104,0.211,151433.5
2026-07-23 04:00:00+00:00,0.211,0.2115,0.2104,0.2113,161751.6
2026-07-23 05:00:00+00:00,0.2113,0.2119,0.2108,0.2117,297490.7
2026-07-23 06:00:00+00:00,0.2118,0.2123,0.2115,0.2121,106413.2
2026-07-23 07:00:00+00:00,0.212,0.2122,0.2105,0.2112,504923.7
2026-07-23 08:00:00+00:00,0.2112,0.2117,0.2108,0.2115,428551.5
2026-07-23 09:00:00+00:00,0.2113,0.2127,0.2113,0.212,337115.4
2026-07-23 10:00:00+00:00,0.2121,0.2126,0.2119,0.2121,42067.0
2026-07-23 11:00:00+00:00,0.2119,0.2121,0.2114,0.2116,132714.2
2026-07-23 12:00:00+00:00,0.2116,0.2128,0.2113,0.2124,317556.0
2026-07-23 13:00:00+00:00,0.2123,0.2126,0.2106,0.2116,886235.1
2026-07-23 14:00:00+00:00,0.2116,0.2134,0.2112,0.2123,156345.0
2026-07-23 15:00:00+00:00,0.2122,0.2122,0.2104,0.2119,200834.5
2026-07-23 16:00:00+00:00,0.2119,0.2119,0.2099,0.2103,475829.0
2026-07-23 17:00:00+00:00,0.2103,0.211,0.2079,0.2085,485735.2
2026-07-23 18:00:00+00:00,0.2084,0.2101,0.2084,0.2095,278332.3
2026-07-23 19:00:00+00:00,0.2096,0.2098,0.2081,0.2092,179352.0
2026-07-23 20:00:00+00:00,0.2091,0.2108,0.2077,0.2103,320203.2
2026-07-23 21:00:00+00:00,0.2102,0.2106,0.2095,0.2097,80555.5
2026-07-23 22:00:00+00:00,0.2095,0.2097,0.2084,0.2095,166062.8
2026-07-23 23:00:00+00:00,0.2095,0.2095,0.2088,0.209,24421.8
2026-07-24 00:00:00+00:00,0.209,0.209,0.2067,0.2074,488131.1
2026-07-24 01:00:00+00:00,0.2073,0.2086,0.2073,0.2082,68175.4
2026-07-24 02:00:00+00:00,0.2082,0.2085,0.2071,0.2077,78152.4
2026-07-24 03:00:00+00:00,0.2075,0.2088,0.2074,0.2083,52191.9
2026-07-24 04:00:00+00:00,0.2083,0.2086,0.2075,0.2076,46303.6
2026-07-24 05:00:00+00:00,0.2076,0.2082,0.2073,0.2078,56035.0
2026-07-24 06:00:00+00:00,0.2078,0.2084,0.2078,0.2083,60078.2
2026-07-24 07:00:00+00:00,0.2083,0.2099,0.2083,0.2093,232716.6
2026-07-24 08:00:00+00:00,0.2093,0.2094,0.2083,0.2084,30138.7
2026-07-24 09:00:00+00:00,0.2084,0.2089,0.2078,0.2087,331189.8
2026-07-24 10:00:00+00:00,0.2086,0.2086,0.2035,0.2045,993792.8
2026-07-24 11:00:00+00:00,0.2046,0.2047,0.203,0.2045,284905.9
2026-07-24 12:00:00+00:00,0.2045,0.205,0.2037,0.2042,283746.1
2026-07-24 13:00:00+00:00,0.2043,0.2044,0.2007,0.2022,1032097.9
2026-07-24 14:00:00+00:00,0.2023,0.2034,0.201,0.2034,573393.5
2026-07-24 15:00:00+00:00,0.2033,0.2039,0.2027,0.2034,161231.1
2026-07-24 16:00:00+00:00,0.2034,0.2039,0.2018,0.2026,199917.7
2026-07-24 17:00:00+00:00,0.2023,0.2035,0.2019,0.2028,222091.1
2026-07-24 18:00:00+00:00,0.2028,0.2031,0.2018,0.2027,169799.1
2026-07-24 19:00:00+00:00,0.2026,0.2033,0.202,0.2033,285755.8
2026-07-24 20:00:00+00:00,0.2034,0.2037,0.2025,0.2028,107009.2
2026-07-24 21:00:00+00:00,0.2028,0.2028,0.2013,0.2013,115110.8
2026-07-24 22:00:00+00:00,0.2015,0.2036,0.2012,0.2032,137219.2
2026-07-24 23:00:00+00:00,0.2032,0.2039,0.2032,0.2039,87869.1
2026-07-25 00:00:00+00:00,0.2039,0.204,0.2031,0.2036,130064.0
2026-07-25 01:00:00+00:00,0.2037,0.2039,0.203,0.2034,80419.7
2026-07-25 02:00:00+00:00,0.2034,0.2041,0.2033,0.2036,61041.2
2026-07-25 03:00:00+00:00,0.2036,0.2045,0.2031,0.2034,151489.0
2026-07-25 04:00:00+00:00,0.2034,0.2036,0.2027,0.203,50005.6
2026-07-25 05:00:00+00:00,0.2031,0.2035,0.2026,0.2027,119149.3
2026-07-25 06:00:00+00:00,0.2028,0.2034,0.2023,0.203,77151.5
2026-07-25 07:00:00+00:00,0.203,0.2033,0.2026,0.2026,121621.3
2026-07-25 08:00:00+00:00,0.2027,0.2036,0.2019,0.2028,117669.7
2026-07-25 09:00:00+00:00,0.2028,0.2034,0.2025,0.2029,71439.1
2026-07-25 10:00:00+00:00,0.203,0.2042,0.203,0.2035,119536.2
2026-07-25 11:00:00+00:00,0.2035,0.2039,0.2028,0.203,72939.1
2026-07-25 12:00:00+00:00,0.2031,0.2038,0.2031,0.2035,62424.3
2026-07-25 13:00:00+00:00,0.2035,0.2048,0.2034,0.2035,291838.9
2026-07-25 14:00:00+00:00,0.2034,0.2038,0.2029,0.2038,98715.0
2026-07-25 15:00:00+00:00,0.2037,0.2039,0.2031,0.2033,143443.7
2026-07-25 16:00:00+00:00,0.2034,0.2035,0.2023,0.2027,175818.5
2026-07-25 17:00:00+00:00,0.2029,0.2037,0.2029,0.2035,84878.0
2026-07-25 18:00:00+00:00,0.2036,0.2041,0.2035,0.2037,60187.1
2026-07-25 19:00:00+00:00,0.2037,0.2046,0.2034,0.2038,297970.4
2026-07-25 20:00:00+00:00,0.2038,0.2045,0.2038,0.2042,137943.0
2026-07-25 21:00:00+00:00,0.2041,0.2041,0.203,0.2034,55252.9
2026-07-25 22:00:00+00:00,0.2033,0.2039,0.2033,0.2034,30939.3
2026-07-25 23:00:00+00:00,0.2034,0.2036,0.203,0.2033,85741.7
2026-07-26 00:00:00+00:00,0.2034,0.2039,0.2022,0.2039,269521.6
2026-07-26 01:00:00+00:00,0.2038,0.2038,0.2022,0.2025,199287.7
2026-07-26 02:00:00+00:00,0.2025,0.2028,0.2016,0.2027,292767.4
2026-07-26 03:00:00+00:00,0.2027,0.2027,0.2021,0.2026,68517.0
2026-07-26 04:00:00+00:00,0.2027,0.203,0.2022,0.2025,83435.2
2026-07-26 05:00:00+00:00,0.2024,0.203,0.202,0.2027,106490.3
2026-07-26 06:00:00+00:00,0.2027,0.2032,0.2019,0.2032,411197.6
2026-07-26 07:00:00+00:00,0.2033,0.2042,0.203,0.2039,285120.0
2026-07-26 08:00:00+00:00,0.2038,0.2045,0.2032,0.2035,254964.0
2026-07-26 09:00:00+00:00,0.2036,0.204,0.2034,0.2039,58027.3
2026-07-26 10:00:00+00:00,0.204,0.2046,0.2038,0.2039,310914.2
2026-07-26 11:00:00+00:00,0.2039,0.2054,0.2039,0.2042,236086.5
2026-07-26 12:00:00+00:00,0.2043,0.2054,0.2039,0.2046,243275.8
2026-07-26 13:00:00+00:00,0.2046,0.2047,0.2035,0.2041,151371.4
2026-07-26 14:00:00+00:00,0.204,0.2052,0.2035,0.2036,611160.2
2026-07-26 15:00:00+00:00,0.2036,0.205,0.2035,0.2048,230325.0
2026-07-26 16:00:00+00:00,0.2049,0.2052,0.204,0.2043,128411.0
2026-07-26 17:00:00+00:00,0.2042,0.2054,0.2039,0.2048,226050.9
2026-07-26 18:00:00+00:00,0.2048,0.2062,0.2048,0.2059,356995.2
2026-07-26 19:00:00+00:00,0.2058,0.2065,0.2053,0.2057,339232.9
2026-07-26 20:00:00+00:00,0.2057,0.2069,0.2052,0.2052,535281.6
2026-07-26 21:00:00+00:00,0.2052,0.2098,0.205,0.2083,874120.6
2026-07-26 22:00:00+00:00,0.2086,0.2102,0.2083,0.2098,591452.3
2026-07-26 23:00:00+00:00,0.2097,0.2106,0.2092,0.2102,557297.7
2026-07-27 00:00:00+00:00,0.2102,0.2102,0.2083,0.2096,252138.6
2026-07-27 01:00:00+00:00,0.2094,0.2108,0.2092,0.2108,123244.6
2026-07-27 02:00:00+00:00,0.2108,0.2116,0.2103,0.2111,385092.5
2026-07-27 03:00:00+00:00,0.211,0.2119,0.2096,0.21,638725.6
2026-07-27 04:00:00+00:00,0.21,0.2112,0.2099,0.2109,96145.4
2026-07-27 05:00:00+00:00,0.2109,0.212,0.2102,0.2105,246466.0
2026-07-27 06:00:00+00:00,0.2105,0.2117,0.2104,0.2112,283283.3
2026-07-27 07:00:00+00:00,0.2111,0.2117,0.2109,0.2115,131261.0
2026-07-27 08:00:00+00:00,0.2115,0.2115,0.2102,0.2103,223954.5
2026-07-27 09:00:00+00:00,0.2101,0.2104,0.2097,0.2101,345348.3
2026-07-27 10:00:00+00:00,0.2101,0.2111,0.2099,0.2109,89841.4
2026-07-27 11:00:00+00:00,0.2109,0.211,0.2096,0.2097,246390.7
2026-07-27 12:00:00+00:00,0.2098,0.2113,0.209,0.2113,638069.2
2026-07-27 13:00:00+00:00,0.2113,0.2118,0.2092,0.2107,374713.9
2026-07-27 14:00:00+00:00,0.2109,0.211,0.2055,0.2064,753446.3
2026-07-27 15:00:00+00:00,0.2063,0.2067,0.2037,0.2052,499011.0
2026-07-27 16:00:00+00:00,0.2052,0.2061,0.2036,0.2061,291971.2
2026-07-27 17:00:00+00:00,0.2061,0.2063,0.2054,0.2062,372289.9
2026-07-27 18:00:00+00:00,0.2062,0.2063,0.2037,0.2045,699419.3
2026-07-27 19:00:00+00:00,0.2043,0.2055,0.2043,0.2049,83585.8
2026-07-27 20:00:00+00:00,0.205,0.2077,0.2048,0.2074,504297.8
2026-07-27 21:00:00+00:00,0.2074,0.2075,0.2053,0.2061,145406.5
2026-07-27 22:00:00+00:00,0.206,0.2066,0.2017,0.2019,696724.7
2026-07-27 23:00:00+00:00,0.2016,0.2081,0.2009,0.2076,1111230.6
2026-07-28 00:00:00+00:00,0.2076,0.2099,0.2074,0.209,611391.5
2026-07-28 01:00:00+00:00,0.2091,0.2097,0.2069,0.2084,673510.0
2026-07-28 02:00:00+00:00,0.2084,0.2095,0.2081,0.2088,229238.5
2026-07-28 03:00:00+00:00,0.2088,0.2116,0.2088,0.2108,434913.8
2026-07-28 04:00:00+00:00,0.2109,0.2134,0.2093,0.2125,735988.8
2026-07-28 05:00:00+00:00,0.2126,0.2149,0.2124,0.2139,503949.7
2026-07-28 06:00:00+00:00,0.2138,0.215,0.2118,0.214,889890.4
2026-07-28 07:00:00+00:00,0.2141,0.2145,0.2096,0.2102,686242.7
2026-07-28 08:00:00+00:00,0.2102,0.2108,0.2086,0.2091,321127.0
2026-07-28 09:00:00+00:00,0.2091,0.211,0.2088,0.2101,351067.1
2026-07-28 10:00:00+00:00,0.2102,0.2114,0.21,0.2108,118597.9
2026-07-28 11:00:00+00:00,0.2109,0.2122,0.2099,0.2117,259580.1
2026-07-28 12:00:00+00:00,0.2117,0.213,0.2114,0.2124,311335.8
2026-07-28 13:00:00+00:00,0.2124,0.2126,0.2092,0.2115,768522.5
2026-07-28 14:00:00+00:00,0.2115,0.2139,0.2115,0.2124,853316.5
2026-07-28 15:00:00+00:00,0.2125,0.215,0.2115,0.2149,806764.8
2026-07-28 16:00:00+00:00,0.2149,0.2172,0.2142,0.2164,465209.2
2026-07-28 17:00:00+00:00,0.2165,0.2167,0.2137,0.2146,551887.2
2026-07-28 18:00:00+00:00,0.2146,0.2155,0.2133,0.2139,195561.2
2026-07-28 19:00:00+00:00,0.214,0.2147,0.2135,0.2144,148888.9
2026-07-28 20:00:00+00:00,0.2144,0.2153,0.2134,0.2134,145684.0
2026-07-28 21:00:00+00:00,0.2134,0.2139,0.2131,0.2131,95529.5
2026-07-28 22:00:00+00:00,0.213,0.2133,0.2115,0.2115,167002.1
2026-07-28 23:00:00+00:00,0.2115,0.2119,0.2105,0.2118,398613.5
2026-07-29 00:00:00+00:00,0.2118,0.2142,0.2117,0.213,236907.0
2026-07-29 01:00:00+00:00,0.2129,0.2133,0.2104,0.2108,176445.3
2026-07-29 02:00:00+00:00,0.2108,0.2122,0.2104,0.2107,146804.8
2026-07-29 03:00:00+00:00,0.2107,0.2108,0.2087,0.209,178417.0
2026-07-29 04:00:00+00:00,0.209,0.2109,0.208,0.2099,154258.6
2026-07-29 05:00:00+00:00,0.2097,0.2108,0.2088,0.2102,334147.1
2026-07-29 06:00:00+00:00,0.2102,0.2111,0.2096,0.2101,118904.4
2026-07-29 07:00:00+00:00,0.2102,0.211,0.2091,0.2101,137979.6
2026-07-29 08:00:00+00:00,0.2101,0.2113,0.2091,0.2106,209113.6
2026-07-29 09:00:00+00:00,0.2105,0.2124,0.2105,0.2118,244904.5
2026-07-29 10:00:00+00:00,0.2117,0.2117,0.2094,0.2095,117062.9
2026-07-29 11:00:00+00:00,0.2096,0.211,0.2096,0.211,110321.4
2026-07-29 12:00:00+00:00,0.2109,0.2109,0.209,0.2096,116723.7
2026-07-29 13:00:00+00:00,0.2094,0.2104,0.2088,0.2097,149444.4
2026-07-29 14:00:00+00:00,0.2098,0.2102,0.2087,0.2091,339591.3
2026-07-29 15:00:00+00:00,0.2091,0.2107,0.209,0.2101,154644.0
2026-07-29 16:00:00+00:00,0.2101,0.2105,0.2087,0.2092,127499.2
2026-07-29 17:00:00+00:00,0.2094,0.2103,0.2082,0.2097,312854.8
2026-07-29 18:00:00+00:00,0.2098,0.2124,0.2095,0.2119,663650.1
2026-07-29 19:00:00+00:00,0.212,0.212,0.2073,0.2076,457512.5
2026-07-29 20:00:00+00:00,0.2075,0.2077,0.204,0.204,927704.3
2026-07-29 21:00:00+00:00,0.2039,0.2069,0.2034,0.2069,343270.2
2026-07-29 22:00:00+00:00,0.207,0.2086,0.2069,0.2082,226751.0
2026-07-29 23:00:00+00:00,0.2082,0.2106,0.2078,0.2091,357487.9
2026-07-30 00:00:00+00:00,0.2092,0.21,0.2087,0.2095,209746.8
2026-07-30 01:00:00+00:00,0.2096,0.2118,0.2096,0.2102,392585.3
2026-07-30 02:00:00+00:00,0.2102,0.2104,0.2096,0.21,84092.9
2026-07-30 03:00:00+00:00,0.21,0.2109,0.21,0.2103,53627.5
2026-07-30 04:00:00+00:00,0.2101,0.2102,0.2085,0.2087,478824.2
2026-07-30 05:00:00+00:00,0.2086,0.2104,0.2083,0.2095,182186.7
2026-07-30 06:00:00+00:00,0.2095,0.2102,0.2093,0.2099,12120.9
2026-07-30 07:00:00+00:00,0.21,0.2112,0.2093,0.2093,190030.4
2026-07-30 08:00:00+00:00,0.2094,0.2115,0.2094,0.2111,199369.9
2026-07-30 09:00:00+00:00,0.2111,0.2129,0.211,0.2129,362189.0
2026-07-30 10:00:00+00:00,0.213,0.2131,0.2116,0.2116,192356.0
2026-07-30 11:00:00+00:00,0.2115,0.2116,0.2097,0.2098,305267.8
2026-07-30 12:00:00+00:00,0.2098,0.2109,0.2094,0.2101,695444.6
2026-07-30 13:00:00+00:00,0.21,0.2116,0.2097,0.2112,297324.5
2026-07-30 14:00:00+00:00,0.2111,0.2125,0.2106,0.2108,490508.8
2026-07-30 15:00:00+00:00,0.2107,0.2112,0.2101,0.2101,223058.3
2026-07-30 16:00:00+00:00,0.2101,0.2111,0.2095,0.2106,577641.9
2026-07-30 17:00:00+00:00,0.2105,0.2127,0.2105,0.2121,250412.1
2026-07-30 18:00:00+00:00,0.2122,0.2149,0.2121,0.2145,621192.8
2026-07-30 19:00:00+00:00,0.2145,0.2154,0.2137,0.2144,744762.9
2026-07-30 20:00:00+00:00,0.2144,0.215,0.2138,0.2138,205485.5
2026-07-30 21:00:00+00:00,0.2138,0.2138,0.2122,0.2123,98444.9
2026-07-30 22:00:00+00:00,0.2122,0.2145,0.212,0.2125,382897.9
2026-07-30 23:00:00+00:00,0.2124,0.2133,0.212,0.2121,97324.3
2026-07-31 00:00:00+00:00,0.2122,0.2126,0.2117,0.2121,97452.0
2026-07-31 01:00:00+00:00,0.2122,0.2148,0.2117,0.2117,436252.1
2026-07-31 02:00:00+00:00,0.2118,0.2118,0.2103,0.2104,201722.5
2026-07-31 03:00:00+00:00,0.2105,0.2108,0.2091,0.2101,337578.2
2026-07-31 04:00:00+00:00,0.21,0.2105,0.2096,0.2096,54753.7
2026-07-31 05:00:00+00:00,0.2097,0.2103,0.2092,0.2096,135267.7
2026-07-31 06:00:00+00:00,0.2096,0.2106,0.2091,0.2096,198850.2
2026-07-31 07:00:00+00:00,0.2095,0.2095,0.2077,0.2085,404922.9
2026-07-31 08:00:00+00:00,0.2086,0.2098,0.2084,0.2094,102281.2
2026-07-31 09:00:00+00:00,0.2093,0.2093,0.2077,0.208,172213.8
2026-07-31 10:00:00+00:00,0.2079,0.2094,0.2071,0.2092,383578.6
2026-07-31 11:00:00+00:00,0.209,0.2093,0.2078,0.2084,243158.8
2026-07-31 12:00:00+00:00,0.2082,0.2086,0.2074,0.2084,218256.0
2026-07-31 13:00:00+00:00,0.2083,0.2088,0.2065,0.2073,289633.2
2026-07-31 14:00:00+00:00,0.2073,0.2087,0.2057,0.2079,551124.2
2026-07-31 15:00:00+00:00,0.2078,0.2086,0.2069,0.2076,321133.9
2026-07-31 16:00:00+00:00,0.2076,0.2085,0.2073,0.2077,96828.5
2026-07-31 17:00:00+00:00,0.2076,0.2102,0.2076,0.2098,379088.4
2026-07-31 18:00:00+00:00,0.2097,0.2099,0.2088,0.2092,52961.9
2026-07-31 19:00:00+00:00,0.2093,0.2096,0.2084,0.2087,135316.2
2026-07-31 20:00:00+00:00,0.2086,0.2095,0.2081,0.2081,83076.8
2026-07-31 21:00:00+00:00,0.2081,0.2088,0.2076,0.208,101878.3
2026-07-31 22:00:00+00:00,0.2079,0.2091,0.2078,0.2081,40301.2
2026-07-31 23:00:00+00:00,0.2081,0.2087,0.2081,0.2083,42781.0
2026-08-01 00:00:00+00:00,0.2083,0.209,0.2078,0.2078,143427.9
2026-08-01 01:00:00+00:00,0.2079,0.2086,0.2079,0.2082,56830.1
2026-08-01 02:00:00+00:00,0.2083,0.2089,0.208,0.2082,48732.2
2026-08-01 03:00:00+00:00,0.2081,0.2085,0.2079,0.2083,34734.1
2026-08-01 04:00:00+00:00,0.2083,0.2088,0.2083,0.2085,155849.0
2026-08-01 05:00:00+00:00,0.2085,0.2086,0.2078,0.208,24414.8
2026-08-01 06:00:00+00:00,0.208,0.2081,0.2072,0.2079,165644.4
2026-08-01 07:00:00+00:00,0.2078,0.2081,0.2067,0.2068,71965.3
2026-08-01 08:00:00+00:00,0.2067,0.2071,0.206,0.2061,201430.8
2026-08-01 09:00:00+00:00,0.206,0.2066,0.2057,0.2058,127889.6
2026-08-01 10:00:00+00:00,0.2058,0.2059,0.2047,0.2054,159545.8
2026-08-01 11:00:00+00:00,0.2053,0.206,0.2052,0.2059,48433.5
2026-08-01 12:00:00+00:00,0.206,0.2061,0.2051,0.206,187940.2
2026-08-01 13:00:00+00:00,0.206,0.206,0.2051,0.2053,76848.5
2026-08-01 14:00:00+00:00,0.2054,0.2056,0.2045,0.2051,98187.1
2026-08-01 15:00:00+00:00,0.2051,0.2051,0.2043,0.2047,59347.5
2026-08-01 16:00:00+00:00,0.2046,0.2048,0.2005,0.2011,902099.3
2026-08-01 17:00:00+00:00,0.2011,0.2032,0.201,0.2031,255340.3
2026-08-01 18:00:00+00:00,0.203,0.203,0.2,0.2006,1019603.2
2026-08-01 19:00:00+00:00,0.2006,0.2011,0.1988,0.2002,536574.8
2026-08-01 20:00:00+00:00,0.2002,0.2009,0.1994,0.2004,162772.0
2026-08-01 21:00:00+00:00,0.2003,0.2012,0.2003,0.2012,54420.4
2026-08-01 22:00:00+00:00,0.2013,0.2017,0.2007,0.2011,152233.9
2026-08-01 23:00:00+00:00,0.2012,0.2013,0.2,0.2004,98686.6
2026-08-02 00:00:00+00:00,0.2003,0.2012,0.2,0.2005,287893.7
2026-08-02 01:00:00+00:00,0.2006,0.2019,0.2006,0.2018,156634.5
2026-08-02 02:00:00+00:00,0.2017,0.2037,0.2016,0.2033,243511.4
2026-08-02 03:00:00+00:00,0.2033,0.2035,0.2028,0.2034,286952.1
2026-08-02 04:00:00+00:00,0.2035,0.2047,0.2032,0.2047,163717.8
2026-08-02 05:00:00+00:00,0.2048,0.2062,0.2048,0.2057,649426.5
2026-08-02 06:00:00+00:00,0.2058,0.2062,0.2049,0.206,126654.2
2026-08-02 07:00:00+00:00,0.2061,0.2071,0.2059,0.2069,158759.1
2026-08-02 08:00:00+00:00,0.207,0.2073,0.2061,0.2061,116387.6
2026-08-02 09:00:00+00:00,0.2061,0.2064,0.2053,0.2062,92103.9
2026-08-02 10:00:00+00:00,0.2061,0.2064,0.2054,0.2054,25394.0
2026-08-02 11:00:00+00:00,0.2056,0.2057,0.2043,0.2048,254502.7
2026-08-02 12:00:00+00:00,0.2047,0.2053,0.2047,0.2048,56010.6
2026-08-02 13:00:00+00:00,0.2049,0.205,0.204,0.2045,49736.5
2026-08-02 14:00:00+00:00,0.2043,0.2045,0.2038,0.2039,49758.9
2026-08-02 15:00:00+00:00,0.2038,0.204,0.2031,0.2033,99856.0
2026-08-02 16:00:00+00:00,0.2032,0.2044,0.203,0.2037,252856.1
2026-08-02 17:00:00+00:00,0.2036,0.2042,0.2035,0.204,29294.5
2026-08-02 18:00:00+00:00,0.2039,0.2054,0.2038,0.2051,128086.7
2026-08-02 19:00:00+00:00,0.205,0.2052,0.2049,0.205,25476.6
2026-08-02 20:00:00+00:00,0.205,0.2055,0.2042,0.2044,215859.2
2026-08-02 21:00:00+00:00,0.2043,0.207,0.204,0.2058,933984.1
2026-08-02 22:00:00+00:00,0.206,0.2063,0.2042,0.2042,148657.2
2026-08-02 23:00:00+00:00,0.2042,0.2045,0.2021,0.203,426046.6
2026-08-03 00:00:00+00:00,0.203,0.2034,0.2017,0.2025,193253.6
2026-08-03 01:00:00+00:00,0.2026,0.2027,0.2009,0.2012,352674.1
2026-08-03 02:00:00+00:00,0.2012,0.2012,0.2003,0.2003,273663.9
2026-08-03 03:00:00+00:00,0.2003,0.2012,0.2,0.201,257525.9
2026-08-03 04:00:00+00:00,0.2006,0.2018,0.2006,0.2008,131400.4
2026-08-03 05:00:00+00:00,0.2009,0.2018,0.2007,0.2017,106343.7
2026-08-03 06:00:00+00:00,0.2018,0.2018,0.2005,0.2009,85985.5
2026-08-03 07:00:00+00:00,0.2009,0.2016,0.2006,0.2015,73616.0
2026-08-03 08:00:00+00:00,0.2014,0.2024,0.2011,0.2018,189231.5
2026-08-03 09:00:00+00:00,0.2019,0.2031,0.2018,0.2023,182925.2
2026-08-03 10:00:00+00:00,0.2022,0.2027,0.2018,0.2021,87864.2
2026-08-03 11:00:00+00:00,0.2023,0.2026,0.2019,0.2021,101574.5
2026-08-03 12:00:00+00:00,0.202,0.2026,0.2016,0.2026,90524.1
2026-08-03 13:00:00+00:00,0.2026,0.2051,0.2025,0.205,343438.6
2026-08-03 14:00:00+00:00,0.2048,0.2058,0.2043,0.2048,125128.0
2026-08-03 15:00:00+00:00,0.205,0.2066,0.2047,0.2051,710504.2
2026-08-03 16:00:00+00:00,0.205,0.2066,0.205,0.2064,238099.6
2026-08-03 17:00:00+00:00,0.2064,0.2066,0.2057,0.2057,112443.6
2026-08-03 18:00:00+00:00,0.2058,0.206,0.2045,0.2048,568916.7
2026-08-03 19:00:00+00:00,0.2048,0.2069,0.2048,0.2057,257996.2
2026-08-03 20:00:00+00:00,0.2056,0.2063,0.2055,0.2063,67280.0
2026-08-03 21:00:00+00:00,0.2064,0.2065,0.2053,0.2053,95870.9
2026-08-03 22:00:00+00:00,0.2053,0.2057,0.2048,0.2054,106372.2
2026-08-03 23:00:00+00:00,0.2053,0.2067,0.205,0.2059,127848.6
2026-08-04 00:00:00+00:00,0.206,0.2065,0.2046,0.2048,67462.9
2026-08-04 01:00:00+00:00,0.2047,0.2065,0.2045,0.2061,51977.2
2026-08-04 02:00:00+00:00,0.2062,0.2069,0.2062,0.2065,45694.0
2026-08-04 03:00:00+00:00,0.2064,0.2064,0.2057,0.2063,97464.0
2026-08-04 04:00:00+00:00,0.2063,0.2077,0.2058,0.2075,242277.8
2026-08-04 05:00:00+00:00,0.2074,0.2074,0.2065,0.207,107577.2
2026-08-04 06:00:00+00:00,0.2069,0.2074,0.2059,0.2059,136630.5
2026-08-04 07:00:00+00:00,0.2058,0.2062,0.2049,0.2057,150880.9
2026-08-04 08:00:00+00:00,0.2057,0.2061,0.2049,0.2052,64615.4
2026-08-04 09:00:00+00:00,0.205,0.205,0.2044,0.2047,77557.8
2026-08-04 10:00:00+00:00,0.2047,0.2055,0.2039,0.2048,147215.9
2026-08-04 11:00:00+00:00,0.2048,0.205,0.2043,0.2049,83992.0
2026-08-04 12:00:00+00:00,0.2048,0.2048,0.2033,0.2036,342542.5
2026-08-04 13:00:00+00:00,0.2035,0.2046,0.2027,0.2028,430239.8
2026-08-04 14:00:00+00:00,0.2026,0.2043,0.2025,0.2034,345181.0
2026-08-04 15:00:00+00:00,0.2034,0.2042,0.2021,0.2036,549911.0
2026-08-04 16:00:00+00:00,0.2034,0.2034,0.2016,0.2019,266046.3
2026-08-04 17:00:00+00:00,0.2019,0.2041,0.2019,0.2038,276088.5
2026-08-04 18:00:00+00:00,0.2037,0.2048,0.2037,0.2047,91982.7
2026-08-04 19:00:00+00:00,0.2047,0.2052,0.2045,0.2045,63865.2
2026-08-04 20:00:00+00:00,0.2045,0.2052,0.2039,0.2047,163042.1
2026-08-04 21:00:00+00:00,0.2047,0.2051,0.2045,0.2049,101367.3
2026-08-04 22:00:00+00:00,0.2049,0.2061,0.2045,0.2059,80746.8
2026-08-04 23:00:00+00:00,0.2058,0.206,0.2048,0.2052,118072.2
2026-08-05 00:00:00+00:00,0.2051,0.206,0.2046,0.2046,195320.1
2026-08-05 01:00:00+00:00,0.2047,0.2052,0.2042,0.2047,112988.0
2026-08-05 02:00:00+00:00,0.2048,0.2061,0.2047,0.2057,240486.3
2026-08-05 03:00:00+00:00,0.2057,0.2058,0.2048,0.2054,122326.1
2026-08-05 04:00:00+00:00,0.2054,0.206,0.2052,0.2053,46741.8
2026-08-05 05:00:00+00:00,0.2053,0.2069,0.2053,0.2067,232529.0
2026-08-05 06:00:00+00:00,0.2066,0.2071,0.206,0.2063,159270.3
2026-08-05 07:00:00+00:00,0.2064,0.2069,0.2055,0.2068,115699.9
2026-08-05 08:00:00+00:00,0.2068,0.2076,0.2058,0.2058,405538.2
2026-08-05 09:00:00+00:00,0.2058,0.2065,0.2058,0.206,103960.7
2026-08-05 10:00:00+00:00,0.2059,0.2059,0.2044,0.2049,426133.0
2026-08-05 11:00:00+00:00,0.205,0.205,0.2041,0.2043,84880.4
2026-08-05 12:00:00+00:00,0.2043,0.2057,0.2042,0.2047,195068.8
2026-08-05 13:00:00+00:00,0.2048,0.2049,0.203,0.204,391712.7
2026-08-05 14:00:00+00:00,0.2039,0.2044,0.2031,0.2034,236521.3
2026-08-05 15:00:00+00:00,0.2033,0.2044,0.2032,0.2032,165312.6
2026-08-05 16:00:00+00:00,0.2031,0.2053,0.2028,0.2053,190263.2
2026-08-05 17:00:00+00:00,0.2054,0.2058,0.2044,0.2053,147704.7
2026-08-05 18:00:00+00:00,0.2053,0.2055,0.2041,0.2043,142774.6
2026-08-05 19:00:00+00:00,0.2043,0.2047,0.2038,0.2038,108400.7
2026-08-05 20:00:00+00:00,0.2038,0.2054,0.2035,0.2049,400391.6
2026-08-05 21:00:00+00:00,0.2049,0.205,0.2041,0.2049,46380.5
2026-08-05 22:00:00+00:00,0.205,0.205,0.2042,0.2044,102157.3
2026-08-05 23:00:00+00:00,0.2044,0.2055,0.204,0.2054,165973.1
2026-08-06 00:00:00+00:00,0.2053,0.2062,0.2052,0.206,146766.6
2026-08-06 01:00:00+00:00,0.2059,0.206,0.2049,0.205,30168.2
2026-08-06 02:00:00+00:00,0.2048,0.2054,0.2044,0.2044,90172.4
2026-08-06 03:00:00+00:00,0.2043,0.2048,0.2039,0.2045,37893.3
2026-08-06 04:00:00+00:00,0.2045,0.2063,0.2039,0.2063,246618.9
2026-08-06 05:00:00+00:00,0.2063,0.2081,0.2063,0.2077,486678.2
2026-08-06 06:00:00+00:00,0.2077,0.2106,0.2075,0.2105,588781.9
2026-08-06 07:00:00+00:00,0.2106,0.2119,0.21,0.2113,613243.3
2026-08-06 08:00:00+00:00,0.2113,0.2117,0.2097,0.2104,316549.9
2026-08-06 09:00:00+00:00,0.2104,0.2107,0.2084,0.2095,731358.4
2026-08-06 10:00:00+00:00,0.2094,0.211,0.2084,0.2086,707762.1
2026-08-06 11:00:00+00:00,0.2086,0.2113,0.2083,0.2105,439702.8
2026-08-06 12:00:00+00:00,0.211,0.2123,0.2096,0.2098,468996.3
2026-08-06 13:00:00+00:00,0.2098,0.2113,0.209,0.2111,188102.0
2026-08-06 14:00:00+00:00,0.2109,0.2145,0.2109,0.2136,1115292.9
2026-08-06 15:00:00+00:00,0.2136,0.2142,0.213,0.2131,240477.0
2026-08-06 16:00:00+00:00,0.2134,0.2216,0.2134,0.2206,2034637.6
2026-08-06 17:00:00+00:00,0.2209,0.2214,0.2158,0.2178,1285655.5
2026-08-06 18:00:00+00:00,0.2178,0.218,0.2152,0.2167,504466.9
2026-08-06 19:00:00+00:00,0.2167,0.2173,0.2143,0.2143,707765.7
2026-08-06 20:00:00+00:00,0.2143,0.215,0.214,0.2142,256174.9
2026-08-06 21:00:00+00:00,0.2143,0.215,0.2139,0.2139,164737.1
2026-08-06 22:00:00+00:00,0.2139,0.2146,0.2128,0.2132,161145.1
2026-08-06 23:00:00+00:00,0.2131,0.2149,0.213,0.2148,208208.0
2026-08-07 00:00:00+00:00,0.2148,0.2162,0.2145,0.2162,901696.6
2026-08-07 01:00:00+00:00,0.2162,0.2167,0.2154,0.2156,286200.8
2026-08-07 02:00:00+00:00,0.2155,0.2176,0.215,0.2166,451039.9
2026-08-07 03:00:00+00:00,0.2167,0.219,0.2165,0.2172,710059.4
2026-08-07 04:00:00+00:00,0.2172,0.2183,0.2164,0.2174,468597.7
2026-08-07 05:00:00+00:00,0.2175,0.2178,0.2156,0.2168,353529.1
2026-08-07 06:00:00+00:00,0.2168,0.2173,0.2162,0.2164,256876.7
2026-08-07 07:00:00+00:00,0.2162,0.217,0.216,0.216,148736.1
2026-08-07 08:00:00+00:00,0.2159,0.2159,0.2146,0.2153,193339.9
2026-08-07 09:00:00+00:00,0.2153,0.2161,0.2147,0.2156,316227.1
2026-08-07 10:00:00+00:00,0.2155,0.2162,0.2144,0.215,447053.3
2026-08-07 11:00:00+00:00,0.215,0.2159,0.2147,0.2153,269421.6
2026-08-07 12:00:00+00:00,0.2153,0.2168,0.215,0.215,821608.1
2026-08-07 13:00:00+00:00,0.215,0.2152,0.2138,0.2139,271677.2
2026-08-07 14:00:00+00:00,0.2138,0.2151,0.2122,0.2125,356204.8
2026-08-07 15:00:00+00:00,0.2122,0.2129,0.2116,0.2122,107871.7
2026-08-07 16:00:00+00:00,0.2122,0.2134,0.2118,0.2124,96730.8
2026-08-07 17:00:00+00:00,0.2122,0.2124,0.2111,0.2123,603402.4
2026-08-07 18:00:00+00:00,0.2123,0.2127,0.21,0.2107,346999.0
2026-08-07 19:00:00+00:00,0.2106,0.2121,0.2105,0.2117,149629.5
2026-08-07 20:00:00+00:00,0.2117,0.2118,0.2113,0.2116,57994.0
2026-08-07 21:00:00+00:00,0.2117,0.2123,0.2116,0.2116,90108.5
2026-08-07 22:00:00+00:00,0.2116,0.2126,0.2116,0.2123,52095.9
2026-08-07 23:00:00+00:00,0.2123,0.213,0.2121,0.2129,59366.1
2026-08-08 00:00:00+00:00,0.213,0.2132,0.2126,0.2127,44756.5
2026-08-08 01:00:00+00:00,0.2126,0.2137,0.212,0.2136,74178.5
2026-08-08 02:00:00+00:00,0.2136,0.2137,0.2127,0.213,163862.5
2026-08-08 03:00:00+00:00,0.2131,0.2164,0.2131,0.2161,260817.5
2026-08-08 04:00:00+00:00,0.2162,0.2194,0.2155,0.2185,489930.4
2026-08-08 05:00:00+00:00,0.2187,0.2212,0.2181,0.2211,550678.6
2026-08-08 06:00:00+00:00,0.221,0.2226,0.2201,0.2218,982442.8
2026-08-08 07:00:00+00:00,0.2219,0.226,0.2219,0.2251,1323452.3
2026-08-08 08:00:00+00:00,0.2251,0.2268,0.223,0.223,840337.2
2026-08-08 09:00:00+00:00,0.2232,0.2255,0.2229,0.2253,394463.8
2026-08-08 10:00:00+00:00,0.2253,0.2264,0.2242,0.2264,364383.7
2026-08-08 11:00:00+00:00,0.2264,0.2268,0.224,0.2244,383132.3
2026-08-08 12:00:00+00:00,0.2243,0.2267,0.2243,0.226,255199.1
2026-08-08 13:00:00+00:00,0.2258,0.2289,0.2257,0.2281,584987.1
2026-08-08 14:00:00+00:00,0.2281,0.23,0.2261,0.2265,1262150.9
2026-08-08 15:00:00+00:00,0.2266,0.2284,0.2262,0.228,373742.2
2026-08-08 16:00:00+00:00,0.2281,0.2283,0.226,0.2278,317792.8
2026-08-08 17:00:00+00:00,0.2277,0.2283,0.2262,0.2265,211054.8
2026-08-08 18:00:00+00:00,0.2265,0.2275,0.2254,0.2263,225853.1
2026-08-08 19:00:00+00:00,0.2263,0.2275,0.2253,0.2275,338964.3
2026-08-08 20:00:00+00:00,0.2273,0.2285,0.2272,0.2278,171226.6
2026-08-08 21:00:00+00:00,0.2278,0.2287,0.2278,0.2278,98378.0
2026-08-08 22:00:00+00:00,0.2277,0.2277,0.2265,0.2272,150578.1
2026-08-08 23:00:00+00:00,0.2272,0.2275,0.2265,0.2267,124812.0
2026-08-09 00:00:00+00:00,0.2266,0.2285,0.2264,0.2276,399489.6
2026-08-09 01:00:00+00:00,0.2274,0.228,0.2248,0.2254,358869.2
2026-08-09 02:00:00+00:00,0.2254,0.227,0.2253,0.2269,193013.7
2026-08-09 03:00:00+00:00,0.2268,0.2281,0.2256,0.2277,493942.2
2026-08-09 04:00:00+00:00,0.2277,0.2291,0.2275,0.2287,708488.2
2026-08-09 05:00:00+00:00,0.2287,0.2307,0.2266,0.2277,1256388.4
2026-08-09 06:00:00+00:00,0.2276,0.2278,0.2267,0.2272,213848.0
2026-08-09 07:00:00+00:00,0.227,0.2276,0.2265,0.2271,183824.0
2026-08-09 08:00:00+00:00,0.227,0.228,0.2261,0.2272,205630.5
2026-08-09 09:00:00+00:00,0.2273,0.2278,0.2262,0.2277,333370.3
2026-08-09 10:00:00+00:00,0.2277,0.2335,0.2273,0.2324,1206456.4
2026-08-09 11:00:00+00:00,0.2322,0.2378,0.2318,0.2376,2047793.4
2026-08-09 12:00:00+00:00,0.2378,0.2397,0.2362,0.2381,849639.3
2026-08-09 13:00:00+00:00,0.2381,0.2388,0.2348,0.2367,1025629.5
2026-08-09 14:00:00+00:00,0.2366,0.2392,0.2366,0.2378,1032324.8
2026-08-09 15:00:00+00:00,0.2379,0.2462,0.2378,0.2417,1911714.8
2026-08-09 16:00:00+00:00,0.2416,0.2422,0.2399,0.2402,376798.4
2026-08-09 17:00:00+00:00,0.2401,0.2408,0.2382,0.2385,487311.0
2026-08-09 18:00:00+00:00,0.2385,0.2395,0.2379,0.2391,152942.8
2026-08-09 19:00:00+00:00,0.2392,0.2396,0.2379,0.238,135594.0
2026-08-09 20:00:00+00:00,0.2381,0.2384,0.2375,0.2383,106808.9
2026-08-09 21:00:00+00:00,0.2383,0.2396,0.2374,0.2396,167633.6
2026-08-09 22:00:00+00:00,0.2396,0.2406,0.2366,0.2371,371064.7
2026-08-09 23:00:00+00:00,0.237,0.2388,0.2364,0.2371,934139.1
2026-08-10 00:00:00+00:00,0.2368,0.241,0.2367,0.2407,1091972.8
2026-08-10 01:00:00+00:00,0.2407,0.2418,0.2378,0.2396,1183356.9
2026-08-10 02:00:00+00:00,0.2398,0.2429,0.2381,0.2423,287800.2
2026-08-10 03:00:00+00:00,0.2423,0.243,0.2398,0.2417,303872.1
2026-08-10 04:00:00+00:00,0.2418,0.2423,0.2394,0.241,388316.7
2026-08-10 05:00:00+00:00,0.2409,0.2415,0.2397,0.2406,231734.8
2026-08-10 06:00:00+00:00,0.2405,0.2405,0.2387,0.2398,298855.8
2026-08-10 07:00:00+00:00,0.2397,0.2397,0.2375,0.2375,216075.1
2026-08-10 08:00:00+00:00,0.2375,0.2401,0.2375,0.2385,708054.7
2026-08-10 09:00:00+00:00,0.2384,0.2415,0.2384,0.2397,342523.7
2026-08-10 10:00:00+00:00,0.2396,0.2411,0.2386,0.2389,275158.4
2026-08-10 11:00:00+00:00,0.2389,0.2443,0.2388,0.2435,772403.7
2026-08-10 12:00:00+00:00,0.2435,0.2447,0.2415,0.2434,982380.8
2026-08-10 13:00:00+00:00,0.2434,0.2469,0.2433,0.246,1295333.4
2026-08-10 14:00:00+00:00,0.246,0.2468,0.2412,0.2418,645162.5
2026-08-10 15:00:00+00:00,0.2417,0.2424,0.2392,0.2403,763011.6
2026-08-10 16:00:00+00:00,0.2403,0.2441,0.2399,0.2438,1139296.2
2026-08-10 17:00:00+00:00,0.2438,0.2514,0.2432,0.2512,1443282.8
2026-08-10 18:00:00+00:00,0.2513,0.2619,0.2502,0.2568,5241927.6
2026-08-10 19:00:00+00:00,0.2569,0.2639,0.2559,0.2582,3328887.3
2026-08-10 20:00:00+00:00,0.2581,0.2632,0.2569,0.2594,2431992.9
2026-08-10 21:00:00+00:00,0.2594,0.263,0.2574,0.2584,1628168.6
2026-08-10 22:00:00+00:00,0.2585,0.2672,0.258,0.2627,2938857.7
2026-08-10 23:00:00+00:00,0.2628,0.2662,0.2622,0.2631,1414312.0
2026-08-11 00:00:00+00:00,0.263,0.2657,0.2619,0.2645,1128977.0
2026-08-11 01:00:00+00:00,0.2645,0.27,0.264,0.2661,2012683.9
2026-08-11 02:00:00+00:00,0.266,0.2719,0.2658,0.269,2127482.0
2026-08-11 03:00:00+00:00,0.269,0.2732,0.2665,0.2673,2813427.7
2026-08-11 04:00:00+00:00,0.2672,0.2712,0.2629,0.2689,2471222.2
2026-08-11 05:00:00+00:00,0.2692,0.2703,0.2637,0.2638,1388105.2
2026-08-11 06:00:00+00:00,0.2637,0.2656,0.2609,0.2637,1819721.7
2026-08-11 07:00:00+00:00,0.2638,0.2653,0.2589,0.2613,1511982.8
2026-08-11 08:00:00+00:00,0.2613,0.2617,0.2587,0.2602,929052.5
2026-08-11 09:00:00+00:00,0.2601,0.2684,0.2601,0.2666,2125742.5
2026-08-11 10:00:00+00:00,0.2666,0.2695,0.2637,0.2641,1296485.9
2026-08-11 11:00:00+00:00,0.2642,0.2675,0.2641,0.267,956714.5
2026-08-11 12:00:00+00:00,0.2669,0.2681,0.2647,0.2674,1296661.5
2026-08-11 13:00:00+00:00,0.2673,0.2687,0.2645,0.2675,955800.3
2026-08-11 14:00:00+00:00,0.2676,0.2696,0.2646,0.265,1435312.8
2026-08-11 15:00:00+00:00,0.265,0.266,0.2624,0.2652,1097484.0
2026-08-11 16:00:00+00:00,0.2652,0.2732,0.2647,0.2686,2162486.5
2026-08-11 17:00:00+00:00,0.2685,0.2722,0.264,0.271,3195273.2
2026-08-11 18:00:00+00:00,0.2709,0.2713,0.2664,0.2667,1130434.1
2026-08-11 19:00:00+00:00,0.2666,0.2684,0.264,0.2678,862759.3
2026-08-11 20:00:00+00:00,0.2678,0.2716,0.2677,0.2701,681928.8
2026-08-11 21:00:00+00:00,0.2702,0.2704,0.2649,0.2656,662740.9
2026-08-11 22:00:00+00:00,0.2656,0.2699,0.2649,0.2694,361424.7
2026-08-11 23:00:00+00:00,0.2695,0.2708,0.2686,0.27,651494.3
2026-08-12 00:00:00+00:00,0.27,0.2796,0.2692,0.2734,3857191.9
2026-08-12 01:00:00+00:00,0.2733,0.2787,0.2722,0.2757,1511395.0
2026-08-12 02:00:00+00:00,0.2757,0.2813,0.2751,0.2767,1534713.7
2026-08-12 03:00:00+00:00,0.2767,0.2769,0.2624,0.2637,2295307.7
2026-08-12 04:00:00+00:00,0.2637,0.2666,0.2604,0.2664,1745838.7
2026-08-12 05:00:00+00:00,0.2666,0.2785,0.2664,0.275,1864868.0
2026-08-12 06:00:00+00:00,0.275,0.2766,0.2736,0.2746,1278942.2
2026-08-12 07:00:00+00:00,0.2747,0.2864,0.2744,0.2848,2605618.1
2026-08-12 08:00:00+00:00,0.2848,0.2853,0.2765,0.2771,2056115.1
2026-08-12 09:00:00+00:00,0.2772,0.2804,0.2753,0.2777,1409609.1
2026-08-12 10:00:00+00:00,0.2779,0.2797,0.2763,0.2777,994044.4
2026-08-12 11:00:00+00:00,0.2776,0.278,0.2745,0.2756,907570.6
2026-08-12 12:00:00+00:00,0.2757,0.2773,0.2736,0.275,1130700.6
2026-08-12 13:00:00+00:00,0.2749,0.2807,0.2747,0.2771,852041.3
2026-08-12 14:00:00+00:00,0.277,0.277,0.2676,0.2696,1951339.5
2026-08-12 15:00:00+00:00,0.2696,0.2772,0.2691,0.2754,1064733.2
2026-08-12 16:00:00+00:00,0.2754,0.2787,0.272,0.2724,915849.6
2026-08-12 17:00:00+00:00,0.2723,0.2727,0.2682,0.2684,790831.3
2026-08-12 18:00:00+00:00,0.2685,0.269,0.2654,0.2681,924092.9
2026-08-12 19:00:00+00:00,0.2681,0.2694,0.264,0.2651,731142.6
2026-08-12 20:00:00+00:00,0.265,0.2668,0.2645,0.2657,355334.3
2026-08-12 21:00:00+00:00,0.2657,0.2683,0.2651,0.266,462685.5
2026-08-12 22:00:00+00:00,0.266,0.2686,0.2655,0.2683,342123.8
2026-08-12 23:00:00+00:00,0.2683,0.2686,0.2672,0.2674,216164.8
2026-08-13 00:00:00+00:00,0.2674,0.2693,0.2611,0.2624,1189908.3
2026-08-13 01:00:00+00:00,0.2624,0.2675,0.2624,0.2648,908561.3
2026-08-13 02:00:00+00:00,0.2647,0.2651,0.2587,0.262,1627525.2
2026-08-13 03:00:00+00:00,0.262,0.262,0.2602,0.261,631844.4
2026-08-13 04:00:00+00:00,0.2609,0.2615,0.2571,0.2579,941955.8
2026-08-13 05:00:00+00:00,0.2578,0.26,0.2536,0.2541,1942178.1
2026-08-13 06:00:00+00:00,0.2541,0.2561,0.2523,0.2546,1216450.8
2026-08-13 07:00:00+00:00,0.2544,0.2562,0.2542,0.2551,666690.2
2026-08-13 08:00:00+00:00,0.255,0.2558,0.2534,0.2542,460975.4
2026-08-13 09:00:00+00:00,0.2541,0.2571,0.2538,0.2553,774467.3
2026-08-13 10:00:00+00:00,0.2553,0.2585,0.253,0.2585,673985.3
2026-08-13 11:00:00+00:00,0.2584,0.2599,0.251,0.2513,3028341.5
2026-08-13 12:00:00+00:00,0.2512,0.2547,0.2493,0.2543,1142556.2
2026-08-13 13:00:00+00:00,0.2543,0.2545,0.252,0.2528,347041.2
2026-08-13 14:00:00+00:00,0.2527,0.255,0.2516,0.2541,492284.7
2026-08-13 15:00:00+00:00,0.2542,0.2554,0.2527,0.2548,378421.1
2026-08-13 16:00:00+00:00,0.2548,0.2548,0.2507,0.2524,391273.6
2026-08-13 17:00:00+00:00,0.2525,0.2527,0.2506,0.2508,231223.0
2026-08-13 18:00:00+00:00,0.2506,0.2523,0.2475,0.2484,647359.5
2026-08-13 19:00:00+00:00,0.2485,0.2536,0.2478,0.2533,649458.3
2026-08-13 20:00:00+00:00,0.2531,0.257,0.2518,0.2563,402513.0
2026-08-13 21:00:00+00:00,0.2562,0.2571,0.2543,0.2549,281972.3
2026-08-13 22:00:00+00:00,0.255,0.2561,0.2538,0.2541,212925.0
2026-08-13 23:00:00+00:00,0.2541,0.255,0.2537,0.2541,193027.3
2026-08-14 00:00:00+00:00,0.2542,0.2555,0.2536,0.2536,222290.9
2026-08-14 01:00:00+00:00,0.2535,0.2547,0.2522,0.2546,182471.1
2026-08-14 02:00:00+00:00,0.2547,0.2547,0.2517,0.2517,318883.7
2026-08-14 03:00:00+00:00,0.2516,0.2536,0.2509,0.2518,468404.9
2026-08-14 04:00:00+00:00,0.2518,0.2526,0.2509,0.2511,316830.8
2026-08-14 05:00:00+00:00,0.2511,0.2536,0.2511,0.2517,266195.6
2026-08-14 06:00:00+00:00,0.2517,0.2555,0.2517,0.2536,447732.0
2026-08-14 07:00:00+00:00,0.2535,0.255,0.2511,0.2514,742041.6
2026-08-14 08:00:00+00:00,0.2515,0.2516,0.2478,0.2482,516482.8
2026-08-14 09:00:00+00:00,0.2482,0.2487,0.2459,0.2471,1068863.2
2026-08-14 10:00:00+00:00,0.2471,0.2486,0.2453,0.2474,1043042.7
2026-08-14 11:00:00+00:00,0.2473,0.2489,0.246,0.2468,465773.8
2026-08-14 12:00:00+00:00,0.2467,0.247,0.2426,0.2439,1247725.7
2026-08-14 13:00:00+00:00,0.2438,0.2484,0.2435,0.2484,759227.4
2026-08-14 14:00:00+00:00,0.2483,0.2487,0.2437,0.2446,541533.8
2026-08-14 15:00:00+00:00,0.2445,0.2478,0.2442,0.2474,820797.2
2026-08-14 16:00:00+00:00,0.2476,0.2478,0.2446,0.2448,668719.5
2026-08-14 17:00:00+00:00,0.2447,0.2457,0.2412,0.2417,489978.8
2026-08-14 18:00:00+00:00,0.2417,0.2421,0.2393,0.2398,1635323.0
2026-08-14 19:00:00+00:00,0.2397,0.2417,0.239,0.2412,379132.3
2026-08-14 20:00:00+00:00,0.2412,0.242,0.2403,0.2411,465174.1
2026-08-14 21:00:00+00:00,0.2412,0.2414,0.2397,0.2408,98666.0
2026-08-14 22:00:00+00:00,0.2407,0.2409,0.2386,0.239,246575.1
2026-08-14 23:00:00+00:00,0.239,0.2402,0.2381,0.2388,223749.8
2026-08-15 00:00:00+00:00,0.2389,0.2401,0.2384,0.2394,420025.1
2026-08-15 01:00:00+00:00,0.2393,0.2427,0.2379,0.2413,443498.0
2026-08-15 02:00:00+00:00,0.2414,0.2443,0.2414,0.2436,364235.8
2026-08-15 03:00:00+00:00,0.2435,0.2439,0.2413,0.2416,442380.6
2026-08-15 04:00:00+00:00,0.2416,0.2428,0.2411,0.2412,785220.4
2026-08-15 05:00:00+00:00,0.2413,0.2425,0.2412,0.2417,253313.4
2026-08-15 06:00:00+00:00,0.2418,0.243,0.2412,0.2415,888439.1
2026-08-15 07:00:00+00:00,0.2415,0.243,0.2391,0.2392,625851.8
2026-08-15 08:00:00+00:00,0.2393,0.2424,0.2393,0.241,250861.0
2026-08-15 09:00:00+00:00,0.241,0.2427,0.2407,0.2426,150625.8
2026-08-15 10:00:00+00:00,0.2427,0.243,0.2419,0.2421,151266.5
2026-08-15 11:00:00+00:00,0.2421,0.2421,0.2407,0.241,139038.9
2026-08-15 12:00:00+00:00,0.2411,0.2417,0.2402,0.2416,305705.4
2026-08-15 13:00:00+00:00,0.2416,0.2427,0.2413,0.2424,223068.5
2026-08-15 14:00:00+00:00,0.2424,0.243,0.2416,0.2417,469802.5
2026-08-15 15:00:00+00:00,0.2417,0.243,0.2413,0.2424,162668.5
2026-08-15 16:00:00+00:00,0.2425,0.2426,0.2395,0.2397,363445.6
2026-08-15 17:00:00+00:00,0.2397,0.2415,0.2391,0.2393,237030.3
2026-08-15 18:00:00+00:00,0.2394,0.2402,0.2391,0.2396,103839.6
2026-08-15 19:00:00+00:00,0.2396,0.2408,0.2395,0.2402,103249.1
2026-08-15 20:00:00+00:00,0.2401,0.2413,0.2398,0.2413,46637.3
2026-08-15 21:00:00+00:00,0.2413,0.2415,0.2405,0.2408,122063.8
2026-08-15 22:00:00+00:00,0.2407,0.2417,0.2406,0.2413,52163.7
2026-08-15 23:00:00+00:00,0.2412,0.2428,0.2398,0.242,314730.7
2026-08-16 00:00:00+00:00,0.242,0.242,0.2398,0.2409,298153.8
2026-08-16 01:00:00+00:00,0.2408,0.242,0.2403,0.2414,181442.2
2026-08-16 02:00:00+00:00,0.2414,0.2422,0.2406,0.2418,310779.6
2026-08-16 03:00:00+00:00,0.2417,0.2422,0.2407,0.2407,47511.7
2026-08-16 04:00:00+00:00,0.2408,0.2412,0.2401,0.2401,71195.9
2026-08-16 05:00:00+00:00,0.2401,0.2405,0.2393,0.2399,112646.3
2026-08-16 06:00:00+00:00,0.2399,0.241,0.2397,0.2401,132027.3
2026-08-16 07:00:00+00:00,0.2403,0.2423,0.24,0.2413,190130.4
2026-08-16 08:00:00+00:00,0.2413,0.2467,0.2413,0.2463,1328557.2
2026-08-16 09:00:00+00:00,0.2463,0.2493,0.2448,0.2491,760790.8
2026-08-16 10:00:00+00:00,0.2493,0.2513,0.2475,0.2492,1232036.0
2026-08-16 11:00:00+00:00,0.2492,0.2518,0.2492,0.2511,674964.1
2026-08-16 12:00:00+00:00,0.251,0.2524,0.2482,0.2496,674679.1
2026-08-16 13:00:00+00:00,0.2497,0.2498,0.2482,0.2484,385314.8
2026-08-16 14:00:00+00:00,0.2484,0.2488,0.2461,0.2472,363390.1
2026-08-16 15:00:00+00:00,0.2472,0.2478,0.2451,0.2476,420389.7
2026-08-16 16:00:00+00:00,0.2475,0.254,0.2465,0.2536,831764.2
2026-08-16 17:00:00+00:00,0.2536,0.2558,0.2517,0.2521,1337929.4
2026-08-16 18:00:00+00:00,0.2521,0.2528,0.2498,0.2501,257975.5
2026-08-16 19:00:00+00:00,0.2501,0.2527,0.2499,0.2517,605697.9
2026-08-16 20:00:00+00:00,0.2518,0.2527,0.251,0.2521,225616.1
2026-08-16 21:00:00+00:00,0.2522,0.2531,0.248,0.249,656314.3
2026-08-16 22:00:00+00:00,0.2488,0.2498,0.2472,0.2494,282820.0
2026-08-16 23:00:00+00:00,0.2495,0.2503,0.2483,0.2487,192429.7
2026-08-17 00:00:00+00:00,0.2488,0.2516,0.2486,0.2494,566590.4
2026-08-17 01:00:00+00:00,0.2493,0.2506,0.2487,0.2506,557245.3
2026-08-17 02:00:00+00:00,0.2506,0.251,0.2472,0.2503,649937.7
2026-08-17 03:00:00+00:00,0.2502,0.2517,0.2502,0.2506,481177.6
2026-08-17 04:00:00+00:00,0.2508,0.2515,0.2497,0.2497,523575.1
2026-08-17 05:00:00+00:00,0.2498,0.2502,0.2475,0.2477,201724.3
2026-08-17 06:00:00+00:00,0.2478,0.2505,0.2468,0.25,331945.1
2026-08-17 07:00:00+00:00,0.2499,0.2499,0.2474,0.2476,268050.6
2026-08-17 08:00:00+00:00,0.2476,0.2481,0.2458,0.246,288780.6
2026-08-17 09:00:00+00:00,0.246,0.2463,0.2413,0.2436,1275040.4
2026-08-17 10:00:00+00:00,0.2435,0.2459,0.2426,0.2453,664005.2
2026-08-17 11:00:00+00:00,0.2454,0.2459,0.2434,0.2449,468165.2
2026-08-17 12:00:00+00:00,0.2449,0.2456,0.2445,0.2448,169929.1
2026-08-17 13:00:00+00:00,0.2449,0.2467,0.2442,0.2456,176301.4
2026-08-17 14:00:00+00:00,0.2456,0.2457,0.2428,0.2443,316631.4
2026-08-17 15:00:00+00:00,0.2443,0.2451,0.2438,0.2451,230652.8
2026-08-17 16:00:00+00:00,0.2451,0.2544,0.2446,0.2535,1090512.1
2026-08-17 17:00:00+00:00,0.2535,0.2541,0.2456,0.2463,1117601.3
2026-08-17 18:00:00+00:00,0.2463,0.2469,0.2438,0.2449,498833.9
2026-08-17 19:00:00+00:00,0.2448,0.2453,0.2436,0.2441,165057.0
2026-08-17 20:00:00+00:00,0.2442,0.2447,0.2428,0.2443,157829.4
2026-08-17 21:00:00+00:00,0.2444,0.2449,0.2428,0.243,120212.0
2026-08-17 22:00:00+00:00,0.2432,0.2432,0.2406,0.2411,204941.9
2026-08-17 23:00:00+00:00,0.2411,0.2424,0.2407,0.2417,300452.5
2026-08-18 00:00:00+00:00,0.2418,0.2437,0.2414,0.2435,219008.1
2026-08-18 01:00:00+00:00,0.2435,0.2445,0.2429,0.2438,289442.1
2026-08-18 02:00:00+00:00,0.2438,0.2445,0.242,0.2437,295161.0
2026-08-18 03:00:00+00:00,0.2437,0.2471,0.2436,0.2456,281720.1
2026-08-18 04:00:00+00:00,0.2457,0.2472,0.2448,0.2467,135373.9
2026-08-18 05:00:00+00:00,0.2468,0.2484,0.2457,0.2472,291109.6
2026-08-18 06:00:00+00:00,0.2473,0.2488,0.2451,0.247,193651.8
2026-08-18 07:00:00+00:00,0.2471,0.2477,0.245,0.2453,193515.4
2026-08-18 08:00:00+00:00,0.2452,0.247,0.2442,0.2449,378875.5
2026-08-18 09:00:00+00:00,0.2448,0.2459,0.2439,0.2453,190284.3
2026-08-18 10:00:00+00:00,0.2451,0.2471,0.245,0.2452,280132.6
2026-08-18 11:00:00+00:00,0.2452,0.2455,0.2424,0.2425,387116.2
2026-08-18 12:00:00+00:00,0.2426,0.2426,0.2397,0.2399,452993.8
2026-08-18 13:00:00+00:00,0.2398,0.2407,0.2386,0.2397,574751.0
2026-08-18 14:00:00+00:00,0.2396,0.2418,0.2361,0.2403,1119987.4
2026-08-18 15:00:00+00:00,0.2405,0.2432,0.2405,0.2413,386442.9
2026-08-18 16:00:00+00:00,0.2414,0.2461,0.241,0.2453,429608.3
2026-08-18 17:00:00+00:00,0.2452,0.2452,0.2387,0.2387,570205.6
2026-08-18 18:00:00+00:00,0.2386,0.2418,0.2386,0.2405,342664.4
2026-08-18 19:00:00+00:00,0.2406,0.2419,0.2403,0.2403,168720.3
2026-08-18 20:00:00+00:00,0.2402,0.2407,0.2395,0.2406,175399.9
2026-08-18 21:00:00+00:00,0.2407,0.2409,0.2397,0.2401,33488.0
2026-08-18 22:00:00+00:00,0.2401,0.2416,0.2401,0.2414,104913.9
2026-08-18 23:00:00+00:00,0.2414,0.2423,0.2408,0.2414,79401.8
2026-08-19 00:00:00+00:00,0.2414,0.2428,0.2404,0.2416,351706.7
2026-08-19 01:00:00+00:00,0.2416,0.242,0.241,0.2411,109325.9
2026-08-19 02:00:00+00:00,0.2411,0.2412,0.24,0.2405,72299.7
2026-08-19 03:00:00+00:00,0.2406,0.2411,0.2379,0.239,384393.7
2026-08-19 04:00:00+00:00,0.2389,0.2395,0.2379,0.2379,164051.6
2026-08-19 05:00:00+00:00,0.2379,0.2389,0.236,0.237,352687.0
2026-08-19 06:00:00+00:00,0.237,0.2373,0.2353,0.2372,192428.8
2026-08-19 07:00:00+00:00,0.2372,0.2372,0.236,0.2362,120068.7
2026-08-19 08:00:00+00:00,0.2361,0.2387,0.2355,0.238,286697.5
2026-08-19 09:00:00+00:00,0.2381,0.2386,0.2373,0.2373,237983.5
2026-08-19 10:00:00+00:00,0.2374,0.2385,0.236,0.238,312383.7
2026-08-19 11:00:00+00:00,0.2381,0.2398,0.2379,0.2386,228456.8
2026-08-19 12:00:00+00:00,0.2386,0.243,0.2382,0.2407,491282.2
2026-08-19 13:00:00+00:00,0.2406,0.2419,0.2395,0.2418,314501.8
2026-08-19 14:00:00+00:00,0.2418,0.2512,0.2413,0.2494,1414291.1
2026-08-19 15:00:00+00:00,0.2497,0.2589,0.2494,0.255,3044444.5
2026-08-19 16:00:00+00:00,0.2551,0.2575,0.2538,0.2555,1034450.4
2026-08-19 17:00:00+00:00,0.2555,0.2568,0.2516,0.2522,763676.9
2026-08-19 18:00:00+00:00,0.2522,0.2558,0.2517,0.2558,320637.2
2026-08-19 19:00:00+00:00,0.2557,0.257,0.254,0.2561,295302.1
2026-08-19 20:00:00+00:00,0.2561,0.2602,0.2555,0.259,593120.1
2026-08-19 21:00:00+00:00,0.2589,0.2638,0.2588,0.2603,875586.8
2026-08-19 22:00:00+00:00,0.2604,0.2605,0.255,0.2554,617349.3
2026-08-19 23:00:00+00:00,0.2554,0.2554,0.2523,0.254,647266.9
2026-08-20 00:00:00+00:00,0.254,0.2596,0.254,0.2596,1025891.4
2026-08-20 01:00:00+00:00,0.2595,0.262,0.2585,0.2588,651799.5
2026-08-20 02:00:00+00:00,0.2587,0.2611,0.2585,0.2597,258488.7
2026-08-20 03:00:00+00:00,0.2595,0.2656,0.2574,0.2629,1239218.7
2026-08-20 04:00:00+00:00,0.2629,0.2664,0.2622,0.2654,784326.8
2026-08-20 05:00:00+00:00,0.2654,0.2689,0.2639,0.2665,893342.0
2026-08-20 06:00:00+00:00,0.2666,0.2699,0.2652,0.2694,888611.6
2026-08-20 07:00:00+00:00,0.2694,0.2698,0.2663,0.2673,480329.8
2026-08-20 08:00:00+00:00,0.2674,0.2741,0.2673,0.2704,1455004.4
2026-08-20 09:00:00+00:00,0.2705,0.2723,0.2675,0.2682,804494.0
2026-08-20 10:00:00+00:00,0.2682,0.2772,0.2679,0.2771,944657.1
2026-08-20 11:00:00+00:00,0.277,0.2774,0.2732,0.2736,1010141.2
2026-08-20 12:00:00+00:00,0.2736,0.2739,0.2678,0.27,1031588.4
2026-08-20 13:00:00+00:00,0.2701,0.2726,0.2668,0.2683,650359.1
2026-08-20 14:00:00+00:00,0.2685,0.2693,0.2652,0.266,431261.9
2026-08-20 15:00:00+00:00,0.2661,0.2717,0.2661,0.2686,1205867.3
2026-08-20 16:00:00+00:00,0.2686,0.2709,0.2678,0.2694,452877.3
2026-08-20 17:00:00+00:00,0.2694,0.2719,0.2689,0.2708,674707.0
2026-08-20 18:00:00+00:00,0.2709,0.2715,0.2659,0.2662,764899.5
2026-08-20 19:00:00+00:00,0.2663,0.2712,0.2654,0.2711,662198.6
2026-08-20 20:00:00+00:00,0.2711,0.2839,0.2709,0.2803,2634218.9
2026-08-20 21:00:00+00:00,0.2805,0.2812,0.2761,0.2774,867366.2
2026-08-20 22:00:00+00:00,0.2775,0.2832,0.2755,0.281,1013920.1
2026-08-20 23:00:00+00:00,0.2812,0.2888,0.2811,0.2853,1391593.7
2026-08-21 00:00:00+00:00,0.2854,0.2928,0.2843,0.2909,1597100.3
2026-08-21 01:00:00+00:00,0.291,0.2924,0.2831,0.2865,1685925.1
2026-08-21 02:00:00+00:00,0.2865,0.324,0.2861,0.3058,22440571.2
2026-08-21 03:00:00+00:00,0.3058,0.324,0.3051,0.3214,5642786.7
2026-08-21 04:00:00+00:00,0.3213,0.324,0.31,0.3123,4672488.2
2026-08-21 05:00:00+00:00,0.3122,0.3197,0.3069,0.3126,2395078.1
2026-08-21 06:00:00+00:00,0.3127,0.3189,0.3101,0.3181,2081072.8
2026-08-21 07:00:00+00:00,0.3182,0.319,0.3141,0.3164,1749363.0
2026-08-21 08:00:00+00:00,0.3164,0.3221,0.3136,0.3178,2974079.3
2026-08-21 09:00:00+00:00,0.3177,0.3219,0.3103,0.3158,2511308.9
2026-08-21 10:00:00+00:00,0.3157,0.3252,0.3129,0.3198,1973608.8
2026-08-21 11:00:00+00:00,0.3199,0.3244,0.3157,0.324,2758256.5
2026-08-21 12:00:00+00:00,0.3241,0.3328,0.3151,0.3212,7036188.6
2026-08-21 13:00:00+00:00,0.3212,0.3231,0.3165,0.3181,2848910.3
2026-08-21 14:00:00+00:00,0.3181,0.3228,0.3172,0.3219,1106095.6
2026-08-21 15:00:00+00:00,0.3219,0.3227,0.3148,0.3175,1330565.2
2026-08-21 16:00:00+00:00,0.3175,0.3215,0.3156,0.3189,991765.4
2026-08-21 17:00:00+00:00,0.3189,0.3208,0.3151,0.3196,658766.1
2026-08-21 18:00:00+00:00,0.3198,0.324,0.3183,0.3228,978321.6
2026-08-21 19:00:00+00:00,0.3227,0.3328,0.3211,0.3318,2595615.5
2026-08-21 20:00:00+00:00,0.3318,0.3346,0.3253,0.3283,2566067.5
2026-08-21 21:00:00+00:00,0.3283,0.3416,0.3283,0.3358,2179517.7
2026-08-21 22:00:00+00:00,0.3357,0.3389,0.3323,0.338,1719811.0
2026-08-21 23:00:00+00:00,0.3379,0.3483,0.337,0.3435,3121775.8
2026-08-22 00:00:00+00:00,0.3435,0.3464,0.3344,0.3415,2286897.6
2026-08-22 01:00:00+00:00,0.3414,0.3533,0.3369,0.3374,2403052.4
2026-08-22 02:00:00+00:00,0.3375,0.3468,0.3374,0.3462,1495309.9
2026-08-22 03:00:00+00:00,0.3463,0.3472,0.3409,0.3424,1787686.3
2026-08-22 04:00:00+00:00,0.3425,0.3537,0.3414,0.3469,3187761.7
2026-08-22 05:00:00+00:00,0.3468,0.35,0.2881,0.3183,11120735.8
2026-08-22 06:00:00+00:00,0.3184,0.3248,0.3165,0.3227,1529753.6
2026-08-22 07:00:00+00:00,0.3227,0.3249,0.3189,0.3224,763768.3
2026-08-22 08:00:00+00:00,0.3225,0.3285,0.3171,0.3271,851468.5
2026-08-22 09:00:00+00:00,0.327,0.33,0.3228,0.3296,946787.1
2026-08-22 10:00:00+00:00,0.3297,0.3308,0.3187,0.3269,1214362.9
2026-08-22 11:00:00+00:00,0.3268,0.3387,0.3264,0.3386,922191.7
2026-08-22 12:00:00+00:00,0.3386,0.3415,0.3357,0.3363,1124359.4
2026-08-22 13:00:00+00:00,0.3364,0.3386,0.3291,0.3364,995808.4
2026-08-22 14:00:00+00:00,0.3365,0.3377,0.3326,0.3338,430777.5
2026-08-22 15:00:00+00:00,0.3339,0.3453,0.3334,0.3371,1060891.1
2026-08-22 16:00:00+00:00,0.337,0.3456,0.3346,0.3384,789925.3
2026-08-22 17:00:00+00:00,0.3385,0.3415,0.3327,0.3389,1272300.1
2026-08-22 18:00:00+00:00,0.339,0.3446,0.336,0.3409,743929.5
2026-08-22 19:00:00+00:00,0.3409,0.3445,0.3366,0.3377,591045.4
2026-08-22 20:00:00+00:00,0.3376,0.345,0.3352,0.3438,894689.6
2026-08-22 21:00:00+00:00,0.3436,0.3437,0.3343,0.3358,786479.4
2026-08-22 22:00:00+00:00,0.3358,0.3399,0.3351,0.3384,258427.2
2026-08-22 23:00:00+00:00,0.3385,0.3409,0.3357,0.3358,365451.3
2026-08-23 00:00:00+00:00,0.336,0.3398,0.3304,0.3316,1273202.6
2026-08-23 01:00:00+00:00,0.3316,0.3321,0.3234,0.324,2009034.2
2026-08-23 02:00:00+00:00,0.3239,0.3255,0.3188,0.3218,2321011.7
2026-08-23 03:00:00+00:00,0.3218,0.3234,0.3147,0.3181,1036854.8
2026-08-23 04:00:00+00:00,0.3183,0.3189,0.3109,0.3129,877476.6
2026-08-23 05:00:00+00:00,0.3128,0.3203,0.3115,0.3179,754109.1
2026-08-23 06:00:00+00:00,0.3179,0.3246,0.3173,0.3204,616050.4
2026-08-23 07:00:00+00:00,0.3203,0.322,0.3188,0.3207,222501.3
2026-08-23 08:00:00+00:00,0.3205,0.3278,0.3203,0.3272,504166.4
2026-08-23 09:00:00+00:00,0.3272,0.3323,0.3256,0.3316,689450.5
2026-08-23 10:00:00+00:00,0.3316,0.3387,0.3298,0.3338,980344.2
2026-08-23 11:00:00+00:00,0.3338,0.3363,0.3328,0.3336,651232.5
2026-08-23 12:00:00+00:00,0.3335,0.341,0.3334,0.3383,958658.1
2026-08-23 13:00:00+00:00,0.3382,0.3432,0.3369,0.3388,1057399.7
2026-08-23 14:00:00+00:00,0.3388,0.3462,0.3245,0.3311,2251006.8
2026-08-23 15:00:00+00:00,0.3311,0.3365,0.3293,0.334,1125125.5
2026-08-23 16:00:00+00:00,0.3341,0.3365,0.3297,0.3359,1647600.1
2026-08-23 17:00:00+00:00,0.336,0.3365,0.3304,0.3309,317942.0
2026-08-23 18:00:00+00:00,0.3308,0.3314,0.3265,0.3274,529495.3
2026-08-23 19:00:00+00:00,0.3275,0.3316,0.3266,0.3297,527048.9
2026-08-23 20:00:00+00:00,0.3296,0.3301,0.3272,0.3277,280530.4
2026-08-23 21:00:00+00:00,0.3278,0.3348,0.3251,0.3306,861288.6
2026-08-23 22:00:00+00:00,0.3307,0.3389,0.3287,0.3339,589423.8
2026-08-23 23:00:00+00:00,0.3338,0.3352,0.3294,0.3295,521037.6
2026-08-24 00:00:00+00:00,0.3295,0.3299,0.3214,0.3268,1212885.6
2026-08-24 01:00:00+00:00,0.3269,0.327,0.3199,0.3206,502229.4
2026-08-24 02:00:00+00:00,0.3206,0.3262,0.3196,0.325,330732.6
2026-08-24 03:00:00+00:00,0.3251,0.3256,0.3211,0.3216,707728.3
2026-08-24 04:00:00+00:00,0.3217,0.3305,0.3216,0.3298,995315.9
2026-08-24 05:00:00+00:00,0.3297,0.3319,0.3254,0.3269,604873.0
2026-08-24 06:00:00+00:00,0.3269,0.3289,0.3243,0.3265,618039.7
2026-08-24 07:00:00+00:00,0.3264,0.333,0.3258,0.3289,749671.1
2026-08-24 08:00:00+00:00,0.3289,0.3326,0.3262,0.328,804567.7
2026-08-24 09:00:00+00:00,0.3279,0.3323,0.3256,0.3261,522015.4
2026-08-24 10:00:00+00:00,0.326,0.328,0.3231,0.3243,274173.5
2026-08-24 11:00:00+00:00,0.3243,0.3318,0.3223,0.3307,628070.1
2026-08-24 12:00:00+00:00,0.3306,0.3324,0.3256,0.331,999109.8
2026-08-24 13:00:00+00:00,0.3309,0.3332,0.325,0.3283,1471583.1
2026-08-24 14:00:00+00:00,0.3282,0.3368,0.328,0.3337,620643.3
2026-08-24 15:00:00+00:00,0.3339,0.3358,0.3251,0.327,865831.2
2026-08-24 16:00:00+00:00,0.327,0.331,0.3241,0.3251,641173.5
2026-08-24 17:00:00+00:00,0.3252,0.3268,0.3232,0.3267,436403.5
2026-08-24 18:00:00+00:00,0.3268,0.3323,0.3257,0.3258,968326.2
2026-08-24 19:00:00+00:00,0.3259,0.3281,0.324,0.3275,320477.0
2026-08-24 20:00:00+00:00,0.3276,0.3306,0.3263,0.3289,230916.9
2026-08-24 21:00:00+00:00,0.329,0.3345,0.3289,0.3299,577084.7
2026-08-24 22:00:00+00:00,0.33,0.3377,0.3293,0.3334,1255787.8
2026-08-24 23:00:00+00:00,0.3335,0.341,0.3325,0.3387,700027.5
2026-08-25 00:00:00+00:00,0.3387,0.344,0.3369,0.3403,853614.6
2026-08-25 01:00:00+00:00,0.3403,0.3429,0.3363,0.3379,599323.2
2026-08-25 02:00:00+00:00,0.338,0.3428,0.3344,0.3347,790605.2
2026-08-25 03:00:00+00:00,0.3347,0.3378,0.3333,0.3338,373704.8
2026-08-25 04:00:00+00:00,0.3338,0.339,0.332,0.339,574594.2
2026-08-25 05:00:00+00:00,0.3391,0.3401,0.3354,0.3355,576386.7
2026-08-25 06:00:00+00:00,0.3354,0.3376,0.3289,0.3295,525618.0
2026-08-25 07:00:00+00:00,0.3295,0.3336,0.3251,0.3273,1499521.7
2026-08-25 08:00:00+00:00,0.3274,0.3323,0.3274,0.3301,445345.2
2026-08-25 09:00:00+00:00,0.3302,0.3312,0.3248,0.3276,768487.4
2026-08-25 10:00:00+00:00,0.3275,0.3295,0.3266,0.3287,159490.3
2026-08-25 11:00:00+00:00,0.3286,0.3299,0.3272,0.3279,389308.7
2026-08-25 12:00:00+00:00,0.3279,0.3293,0.3243,0.3286,315742.3
2026-08-25 13:00:00+00:00,0.3285,0.3287,0.3173,0.321,784474.3
2026-08-25 14:00:00+00:00,0.321,0.3249,0.3203,0.3218,341660.1
2026-08-25 15:00:00+00:00,0.3219,0.3241,0.3206,0.323,312310.2
2026-08-25 16:00:00+00:00,0.3229,0.3254,0.3208,0.3244,196314.7
2026-08-25 17:00:00+00:00,0.3244,0.3246,0.3174,0.3206,434698.5
2026-08-25 18:00:00+00:00,0.3207,0.3212,0.3188,0.3196,141469.1
2026-08-25 19:00:00+00:00,0.3196,0.3196,0.3139,0.3162,512479.3
2026-08-25 20:00:00+00:00,0.3163,0.318,0.3127,0.3133,337698.1
2026-08-25 21:00:00+00:00,0.3135,0.3178,0.3105,0.3163,244445.3
2026-08-25 22:00:00+00:00,0.3162,0.3188,0.3162,0.3178,113450.2
2026-08-25 23:00:00+00:00,0.3178,0.3184,0.3141,0.3144,187940.7
2026-08-26 00:00:00+00:00,0.3144,0.3186,0.313,0.3181,141138.2
2026-08-26 01:00:00+00:00,0.318,0.3208,0.3169,0.3196,236571.2
2026-08-26 02:00:00+00:00,0.3197,0.3239,0.3193,0.3227,187364.6
2026-08-26 03:00:00+00:00,0.3227,0.3234,0.3183,0.3189,175795.0
2026-08-26 04:00:00+00:00,0.3188,0.3225,0.3183,0.3191,190661.2
2026-08-26 05:00:00+00:00,0.3192,0.3207,0.318,0.3186,159869.1
2026-08-26 06:00:00+00:00,0.3186,0.319,0.3161,0.3172,109842.0
2026-08-26 07:00:00+00:00,0.3171,0.319,0.3161,0.3184,182768.6
2026-08-26 08:00:00+00:00,0.3186,0.3207,0.3172,0.3184,631816.9
2026-08-26 09:00:00+00:00,0.3184,0.3198,0.314,0.3156,148459.2
2026-08-26 10:00:00+00:00,0.3156,0.3208,0.3153,0.3207,287550.1
2026-08-26 11:00:00+00:00,0.3207,0.3209,0.3166,0.3179,311019.6
2026-08-26 12:00:00+00:00,0.3181,0.3208,0.3163,0.3174,332352.9
2026-08-26 13:00:00+00:00,0.3174,0.3181,0.313,0.3171,232866.0
2026-08-26 14:00:00+00:00,0.3171,0.318,0.3073,0.3076,554068.7
2026-08-26 15:00:00+00:00,0.3074,0.3108,0.3066,0.3081,505933.4
2026-08-26 16:00:00+00:00,0.3081,0.3086,0.3025,0.3033,557630.5
2026-08-26 17:00:00+00:00,0.3033,0.3063,0.3031,0.304,440974.0
2026-08-26 18:00:00+00:00,0.304,0.3066,0.3034,0.3049,424533.8
2026-08-26 19:00:00+00:00,0.3049,0.3066,0.3018,0.3058,204850.6
2026-08-26 20:00:00+00:00,0.3056,0.3079,0.3038,0.3074,150986.6
2026-08-26 21:00:00+00:00,0.3074,0.3126,0.3072,0.3109,226416.7
2026-08-26 22:00:00+00:00,0.3109,0.3138,0.3106,0.3134,452571.5
2026-08-26 23:00:00+00:00,0.3133,0.3195,0.3129,0.3171,581562.8
2026-08-27 00:00:00+00:00,0.3171,0.3175,0.314,0.3142,358649.9
2026-08-27 01:00:00+00:00,0.3141,0.319,0.314,0.3161,451546.4
2026-08-27 02:00:00+00:00,0.3163,0.3167,0.312,0.313,150582.5
2026-08-27 03:00:00+00:00,0.3131,0.3148,0.3121,0.3123,69378.5
2026-08-27 04:00:00+00:00,0.3124,0.3222,0.3103,0.322,1674115.0
2026-08-27 05:00:00+00:00,0.3221,0.3288,0.3177,0.3268,872908.5
2026-08-27 06:00:00+00:00,0.3269,0.3295,0.3242,0.3288,548411.3
2026-08-27 07:00:00+00:00,0.3287,0.3299,0.3267,0.3286,345285.0
2026-08-27 08:00:00+00:00,0.3285,0.3315,0.3264,0.3312,776219.5
2026-08-27 09:00:00+00:00,0.3313,0.3376,0.3309,0.3356,609272.0
2026-08-27 10:00:00+00:00,0.3356,0.3378,0.3304,0.3342,1171058.0
2026-08-27 11:00:00+00:00,0.3342,0.3354,0.327,0.3293,436467.4
2026-08-27 12:00:00+00:00,0.3292,0.3307,0.3282,0.3289,348563.3
2026-08-27 13:00:00+00:00,0.329,0.3336,0.3286,0.3316,409516.4
2026-08-27 14:00:00+00:00,0.3316,0.3341,0.3295,0.3307,278565.7
2026-08-27 15:00:00+00:00,0.3308,0.3353,0.3299,0.3313,346164.1
2026-08-27 16:00:00+00:00,0.3314,0.3345,0.3304,0.3311,526782.9
2026-08-27 17:00:00+00:00,0.3312,0.3333,0.3293,0.3294,379521.8
2026-08-27 18:00:00+00:00,0.3295,0.3298,0.325,0.3273,465361.8
2026-08-27 19:00:00+00:00,0.3272,0.3286,0.3233,0.3233,333477.0
2026-08-27 20:00:00+00:00,0.3236,0.3262,0.322,0.326,235343.9
2026-08-27 21:00:00+00:00,0.3261,0.3277,0.3246,0.327,133205.0
2026-08-27 22:00:00+00:00,0.3272,0.33,0.327,0.3271,140966.4
2026-08-27 23:00:00+00:00,0.3271,0.3279,0.3257,0.3263,71967.3
2026-08-28 00:00:00+00:00,0.3264,0.33,0.3258,0.3269,145378.3
2026-08-28 01:00:00+00:00,0.327,0.3341,0.327,0.3274,536662.3
2026-08-28 02:00:00+00:00,0.3274,0.3283,0.3196,0.3213,461346.1
2026-08-28 03:00:00+00:00,0.3213,0.3227,0.3191,0.3209,150036.3
2026-08-28 04:00:00+00:00,0.3209,0.3214,0.3182,0.3195,176600.6
2026-08-28 05:00:00+00:00,0.3194,0.32,0.3173,0.3189,137208.8
2026-08-28 06:00:00+00:00,0.3189,0.3208,0.3187,0.3195,242699.8
2026-08-28 07:00:00+00:00,0.3197,0.3199,0.3158,0.3174,254219.0
2026-08-28 08:00:00+00:00,0.3176,0.3184,0.3159,0.3162,271627.3
2026-08-28 09:00:00+00:00,0.3163,0.3177,0.3155,0.3157,144267.4
2026-08-28 10:00:00+00:00,0.3161,0.3186,0.3139,0.3183,303936.5
2026-08-28 11:00:00+00:00,0.318,0.3226,0.3179,0.32,280523.0
2026-08-28 12:00:00+00:00,0.3199,0.3205,0.3178,0.3178,123023.6
2026-08-28 13:00:00+00:00,0.3179,0.3186,0.3156,0.3172,470567.3
2026-08-28 14:00:00+00:00,0.3172,0.3206,0.312,0.3192,675534.0
2026-08-28 15:00:00+00:00,0.3193,0.3201,0.3112,0.3114,328944.0
2026-08-28 16:00:00+00:00,0.3116,0.3118,0.304,0.3089,1100437.5
2026-08-28 17:00:00+00:00,0.309,0.3098,0.3071,0.308,680846.0
2026-08-28 18:00:00+00:00,0.3082,0.3083,0.3027,0.3053,400285.7
2026-08-28 19:00:00+00:00,0.3054,0.306,0.3038,0.3046,342100.3
2026-08-28 20:00:00+00:00,0.3045,0.3052,0.3034,0.3047,110513.8
2026-08-28 21:00:00+00:00,0.3048,0.3051,0.3,0.3013,402734.0
2026-08-28 22:00:00+00:00,0.3014,0.3043,0.3012,0.3038,121600.5
2026-08-28 23:00:00+00:00,0.3037,0.306,0.3032,0.3055,334022.0
2026-08-29 00:00:00+00:00,0.3054,0.3083,0.3045,0.3076,286124.9
2026-08-29 01:00:00+00:00,0.3075,0.3089,0.306,0.3084,161374.8
2026-08-29 02:00:00+00:00,0.3084,0.31,0.3069,0.3086,299554.0
2026-08-29 03:00:00+00:00,0.3085,0.309,0.3064,0.3067,64108.9
2026-08-29 04:00:00+00:00,0.3066,0.3075,0.3048,0.3074,181792.5
2026-08-29 05:00:00+00:00,0.3073,0.3081,0.3056,0.3071,163967.1
2026-08-29 06:00:00+00:00,0.3072,0.3074,0.3051,0.3073,176116.5
2026-08-29 07:00:00+00:00,0.3073,0.3081,0.3063,0.3063,91435.7
2026-08-29 08:00:00+00:00,0.3062,0.3063,0.3025,0.3033,136422.2
2026-08-29 09:00:00+00:00,0.3034,0.3039,0.303,0.3031,80564.2
2026-08-29 10:00:00+00:00,0.3031,0.3033,0.3016,0.3016,86000.0
2026-08-29 11:00:00+00:00,0.3015,0.3023,0.3003,0.3017,120172.1
2026-08-29 12:00:00+00:00,0.3016,0.3023,0.3004,0.3013,76659.1
2026-08-29 13:00:00+00:00,0.3014,0.3018,0.301,0.3016,37513.5
2026-08-29 14:00:00+00:00,0.3016,0.305,0.3016,0.3048,396197.0
2026-08-29 15:00:00+00:00,0.3048,0.3048,0.3019,0.3028,86346.5
2026-08-29 16:00:00+00:00,0.3028,0.3046,0.3026,0.3031,143809.4
2026-08-29 17:00:00+00:00,0.303,0.3039,0.3013,0.303,91859.2
2026-08-29 18:00:00+00:00,0.3031,0.3037,0.3023,0.3032,54378.6
2026-08-29 19:00:00+00:00,0.3032,0.305,0.3032,0.3041,423778.6
2026-08-29 20:00:00+00:00,0.304,0.3054,0.3037,0.3039,91784.1
2026-08-29 21:00:00+00:00,0.304,0.3051,0.303,0.3043,74011.3
2026-08-29 22:00:00+00:00,0.3042,0.3049,0.3034,0.3048,31070.6
2026-08-29 23:00:00+00:00,0.3048,0.3052,0.3042,0.3044,94332.9
2026-08-30 00:00:00+00:00,0.3043,0.3056,0.3037,0.304,66692.3
2026-08-30 01:00:00+00:00,0.3039,0.3039,0.2967,0.2973,1019234.8
2026-08-30 02:00:00+00:00,0.2974,0.3015,0.2974,0.3002,390014.6
2026-08-30 03:00:00+00:00,0.3003,0.302,0.2996,0.3001,529589.6
2026-08-30 04:00:00+00:00,0.3002,0.3008,0.2979,0.2994,240033.0
2026-08-30 05:00:00+00:00,0.2994,0.3008,0.2988,0.2998,127611.9
2026-08-30 06:00:00+00:00,0.2998,0.3011,0.2996,0.3011,52850.5
2026-08-30 07:00:00+00:00,0.3009,0.3015,0.2994,0.2999,304308.3
2026-08-30 08:00:00+00:00,0.2999,0.3008,0.2976,0.2984,226984.8
2026-08-30 09:00:00+00:00,0.2985,0.2989,0.2978,0.2989,122872.5
2026-08-30 10:00:00+00:00,0.2988,0.2999,0.2977,0.2996,137902.7
2026-08-30 11:00:00+00:00,0.2996,0.301,0.2992,0.3001,91406.1
2026-08-30 12:00:00+00:00,0.3001,0.3059,0.2996,0.3047,918199.9
2026-08-30 13:00:00+00:00,0.3046,0.3072,0.3033,0.3058,292419.3
2026-08-30 14:00:00+00:00,0.3058,0.306,0.3046,0.3056,298672.7
2026-08-30 15:00:00+00:00,0.3058,0.3065,0.3039,0.305,106147.3
2026-08-30 16:00:00+00:00,0.3049,0.3096,0.3048,0.3094,593322.0
2026-08-30 17:00:00+00:00,0.3093,0.313,0.3088,0.3125,680107.6
2026-08-30 18:00:00+00:00,0.3126,0.3128,0.3073,0.3084,702452.7
2026-08-30 19:00:00+00:00,0.3086,0.3087,0.3058,0.3071,243245.2
2026-08-30 20:00:00+00:00,0.3071,0.3075,0.3022,0.3033,323509.1
2026-08-30 21:00:00+00:00,0.3033,0.3049,0.3003,0.3031,313378.7
2026-08-30 22:00:00+00:00,0.303,0.3044,0.2974,0.2998,328683.2
2026-08-30 23:00:00+00:00,0.2997,0.3007,0.2901,0.2953,1029418.4
2026-08-31 00:00:00+00:00,0.2952,0.305,0.2945,0.3025,741542.3
2026-08-31 01:00:00+00:00,0.3027,0.3055,0.2978,0.298,506081.3
2026-08-31 02:00:00+00:00,0.298,0.3022,0.2978,0.2988,191797.3
2026-08-31 03:00:00+00:00,0.2987,0.3016,0.2983,0.3003,144385.2
2026-08-31 04:00:00+00:00,0.3002,0.3002,0.2982,0.2998,97961.8
2026-08-31 05:00:00+00:00,0.2997,0.3063,0.2993,0.3042,556817.4
2026-08-31 06:00:00+00:00,0.3042,0.3053,0.3025,0.3052,203493.9
2026-08-31 07:00:00+00:00,0.3051,0.3073,0.305,0.307,148983.0
2026-08-31 08:00:00+00:00,0.3069,0.3115,0.305,0.3097,1492616.1
2026-08-31 09:00:00+00:00,0.3096,0.311,0.3077,0.31,638967.7
2026-08-31 10:00:00+00:00,0.3099,0.311,0.3083,0.3104,250966.3
2026-08-31 11:00:00+00:00,0.3104,0.3105,0.3076,0.309,170415.6
2026-08-31 12:00:00+00:00,0.3088,0.3112,0.3054,0.3059,423118.2
2026-08-31 13:00:00+00:00,0.306,0.3082,0.2998,0.3014,633061.2
2026-08-31 14:00:00+00:00,0.3015,0.3112,0.3006,0.3102,1013435.4
2026-08-31 15:00:00+00:00,0.3104,0.3178,0.3097,0.3129,1251176.4
2026-08-31 16:00:00+00:00,0.313,0.3145,0.3099,0.312,538512.1
2026-08-31 17:00:00+00:00,0.312,0.314,0.3098,0.3138,230461.0
2026-08-31 18:00:00+00:00,0.3137,0.32,0.3115,0.316,461786.1
2026-08-31 19:00:00+00:00,0.3162,0.3255,0.316,0.3217,1972795.7
2026-08-31 20:00:00+00:00,0.3217,0.3367,0.3209,0.3347,2270922.5
2026-08-31 21:00:00+00:00,0.3348,0.3406,0.3338,0.3394,1831932.5
2026-08-31 22:00:00+00:00,0.3396,0.3402,0.3343,0.3386,883948.4
2026-08-31 23:00:00+00:00,0.3385,0.3394,0.3363,0.3379,585005.1
2026-09-01 00:00:00+00:00,0.3379,0.349,0.3379,0.3411,2203850.5
2026-09-01 01:00:00+00:00,0.3411,0.353,0.3411,0.3523,1684657.3
2026-09-01 02:00:00+00:00,0.3524,0.3561,0.3465,0.3517,2386279.8
2026-09-01 03:00:00+00:00,0.3517,0.359,0.3486,0.3581,1749923.0
2026-09-01 04:00:00+00:00,0.3583,0.3603,0.354,0.3578,2432572.5
2026-09-01 05:00:00+00:00,0.3579,0.3624,0.3555,0.3566,1938053.2
2026-09-01 06:00:00+00:00,0.3567,0.3575,0.3501,0.3508,1507837.2
2026-09-01 07:00:00+00:00,0.3508,0.3533,0.3475,0.3518,1020679.6
2026-09-01 08:00:00+00:00,0.3517,0.3539,0.3485,0.351,1233077.0
2026-09-01 09:00:00+00:00,0.3511,0.3578,0.3488,0.3552,1034609.5
2026-09-01 10:00:00+00:00,0.3551,0.3614,0.3541,0.3556,1173048.8
2026-09-01 11:00:00+00:00,0.3555,0.373,0.3552,0.369,6577145.0
2026-09-01 12:00:00+00:00,0.369,0.375,0.3591,0.3598,10811275.1
2026-09-01 13:00:00+00:00,0.3598,0.37,0.3593,0.3663,2945992.9
2026-09-01 14:00:00+00:00,0.3665,0.37,0.3606,0.3612,1423307.5
2026-09-01 15:00:00+00:00,0.3613,0.3629,0.3573,0.3614,723213.7
2026-09-01 16:00:00+00:00,0.3615,0.3706,0.3607,0.3684,1683739.3
2026-09-01 17:00:00+00:00,0.3686,0.3722,0.3671,0.3684,1511242.7
2026-09-01 18:00:00+00:00,0.3685,0.369,0.3519,0.3684,2661855.5
2026-09-01 19:00:00+00:00,0.3683,0.3776,0.3659,0.374,2545409.1
2026-09-01 20:00:00+00:00,0.374,0.3773,0.3703,0.3722,1623910.4
2026-09-01 21:00:00+00:00,0.3722,0.3728,0.3651,0.368,736624.8
2026-09-01 22:00:00+00:00,0.3679,0.3704,0.3646,0.3663,739978.3
2026-09-01 23:00:00+00:00,0.3664,0.3733,0.3662,0.3709,803362.6
2026-09-02 00:00:00+00:00,0.3709,0.3719,0.3655,0.3666,1182898.5
2026-09-02 01:00:00+00:00,0.3665,0.3735,0.3659,0.3689,1018584.5
2026-09-02 02:00:00+00:00,0.3688,0.3774,0.3681,0.376,808587.0
2026-09-02 03:00:00+00:00,0.3759,0.3941,0.3752,0.3841,3222685.8
2026-09-02 04:00:00+00:00,0.384,0.3859,0.3708,0.374,1506794.5
2026-09-02 05:00:00+00:00,0.3739,0.3845,0.3716,0.3794,1694021.3
2026-09-02 06:00:00+00:00,0.3795,0.381,0.3745,0.3784,1041788.4
2026-09-02 07:00:00+00:00,0.3783,0.381,0.3758,0.3774,584202.9
2026-09-02 08:00:00+00:00,0.3774,0.3811,0.37,0.373,929974.8
2026-09-02 09:00:00+00:00,0.3732,0.3738,0.365,0.3676,1700390.1
2026-09-02 10:00:00+00:00,0.3676,0.3685,0.361,0.3643,1213594.3
2026-09-02 11:00:00+00:00,0.3643,0.3646,0.3582,0.3608,1620041.5
2026-09-02 12:00:00+00:00,0.3608,0.3664,0.3598,0.3621,841990.1
2026-09-02 13:00:00+00:00,0.3622,0.3651,0.356,0.3579,1155327.7
2026-09-02 14:00:00+00:00,0.3578,0.3588,0.3542,0.3546,546424.8
2026-09-02 15:00:00+00:00,0.3546,0.358,0.3535,0.3571,875516.2
2026-09-02 16:00:00+00:00,0.357,0.3617,0.3556,0.3568,695148.5
2026-09-02 17:00:00+00:00,0.3567,0.3602,0.3536,0.3598,879688.5
2026-09-02 18:00:00+00:00,0.3597,0.3602,0.3535,0.3535,423033.3
2026-09-02 19:00:00+00:00,0.3534,0.3568,0.3524,0.3558,785987.2
2026-09-02 20:00:00+00:00,0.3559,0.3567,0.3527,0.354,302377.5
2026-09-02 21:00:00+00:00,0.354,0.3651,0.354,0.3635,566471.0
2026-09-02 22:00:00+00:00,0.3636,0.364,0.3586,0.3594,290218.6
2026-09-02 23:00:00+00:00,0.3593,0.3638,0.3586,0.3634,148442.4
2026-09-03 00:00:00+00:00,0.3633,0.3639,0.3544,0.3561,443318.6
2026-09-03 01:00:00+00:00,0.3562,0.3648,0.3556,0.3591,624188.0
2026-09-03 02:00:00+00:00,0.3591,0.3621,0.3573,0.362,201538.4
2026-09-03 03:00:00+00:00,0.3619,0.3632,0.3596,0.3596,264924.1
2026-09-03 04:00:00+00:00,0.3595,0.3655,0.3581,0.3641,462017.7
2026-09-03 05:00:00+00:00,0.3642,0.365,0.3595,0.3621,528389.1
2026-09-03 06:00:00+00:00,0.3621,0.3636,0.3592,0.3596,226400.4
2026-09-03 07:00:00+00:00,0.3595,0.363,0.3582,0.3591,348394.0
2026-09-03 08:00:00+00:00,0.359,0.3635,0.3589,0.3609,237037.1
2026-09-03 09:00:00+00:00,0.3609,0.3613,0.3587,0.36,175344.1
2026-09-03 10:00:00+00:00,0.36,0.3656,0.3596,0.3652,513116.2
2026-09-03 11:00:00+00:00,0.3653,0.3718,0.3636,0.37,1025818.9
2026-09-03 12:00:00+00:00,0.3699,0.3707,0.362,0.3636,726086.8
2026-09-03 13:00:00+00:00,0.3636,0.3639,0.3559,0.3562,594039.4
2026-09-03 14:00:00+00:00,0.3564,0.3668,0.356,0.366,1313015.4
2026-09-03 15:00:00+00:00,0.3659,0.3697,0.3637,0.3684,1538987.1
2026-09-03 16:00:00+00:00,0.3682,0.3692,0.3618,0.3665,897101.1
2026-09-03 17:00:00+00:00,0.3667,0.3712,0.3658,0.3699,491689.8
2026-09-03 18:00:00+00:00,0.3699,0.378,0.3682,0.3775,1312524.3
2026-09-03 19:00:00+00:00,0.3776,0.3822,0.369,0.3716,916362.6
2026-09-03 20:00:00+00:00,0.3715,0.3767,0.3692,0.3748,375987.9
2026-09-03 21:00:00+00:00,0.3747,0.376,0.3679,0.37,453440.1
2026-09-03 22:00:00+00:00,0.3699,0.3703,0.3623,0.3643,847940.1
2026-09-03 23:00:00+00:00,0.3643,0.3655,0.3627,0.3646,312847.0
2026-09-04 00:00:00+00:00,0.3645,0.3733,0.3599,0.3701,1661697.9
2026-09-04 01:00:00+00:00,0.3702,0.3729,0.3666,0.3689,642534.7
2026-09-04 02:00:00+00:00,0.3689,0.3726,0.3663,0.3689,402437.2
2026-09-04 03:00:00+00:00,0.3689,0.3701,0.3654,0.3664,433285.4
2026-09-04 04:00:00+00:00,0.3664,0.3708,0.3661,0.3694,318786.8
2026-09-04 05:00:00+00:00,0.3693,0.3743,0.367,0.3734,686976.5
2026-09-04 06:00:00+00:00,0.3734,0.3752,0.3701,0.3724,551290.6
2026-09-04 07:00:00+00:00,0.3724,0.3753,0.3675,0.3699,816405.0
2026-09-04 08:00:00+00:00,0.37,0.378,0.37,0.3768,734540.0
2026-09-04 09:00:00+00:00,0.3769,0.382,0.3737,0.3748,726234.6
2026-09-04 10:00:00+00:00,0.3748,0.3751,0.3686,0.37,357790.5
2026-09-04 11:00:00+00:00,0.3699,0.3722,0.3678,0.368,390282.9
2026-09-04 12:00:00+00:00,0.3679,0.3685,0.3543,0.3553,1558702.3
2026-09-04 13:00:00+00:00,0.3553,0.3619,0.3524,0.3596,1187046.5
2026-09-04 14:00:00+00:00,0.3596,0.3606,0.3499,0.3534,2522282.9
2026-09-04 15:00:00+00:00,0.3535,0.3578,0.3531,0.3573,257213.0
2026-09-04 16:00:00+00:00,0.3573,0.3609,0.3555,0.3599,626210.4
2026-09-04 17:00:00+00:00,0.3598,0.3598,0.3515,0.3522,723986.9
2026-09-04 18:00:00+00:00,0.3521,0.3543,0.3521,0.3528,80885.8
2026-09-04 19:00:00+00:00,0.3528,0.3551,0.3528,0.354,346691.9
2026-09-04 20:00:00+00:00,0.3541,0.3553,0.3518,0.3551,127316.2
2026-09-04 21:00:00+00:00,0.355,0.3557,0.353,0.3536,138127.3
2026-09-04 22:00:00+00:00,0.3537,0.3547,0.3509,0.3512,167905.8
2026-09-04 23:00:00+00:00,0.3511,0.3526,0.3508,0.3516,255386.3
2026-09-05 00:00:00+00:00,0.3515,0.3527,0.3476,0.348,597448.9
2026-09-05 01:00:00+00:00,0.3481,0.3527,0.3481,0.351,276372.4
2026-09-05 02:00:00+00:00,0.3509,0.355,0.3496,0.355,185616.8
2026-09-05 03:00:00+00:00,0.3549,0.3549,0.3517,0.3519,335921.9
2026-09-05 04:00:00+00:00,0.352,0.3527,0.3508,0.3519,75991.5
2026-09-05 05:00:00+00:00,0.3521,0.3593,0.3504,0.3569,331489.1
2026-09-05 06:00:00+00:00,0.3568,0.3589,0.3556,0.3584,198803.7
2026-09-05 07:00:00+00:00,0.3586,0.3593,0.3565,0.3573,288651.4
2026-09-05 08:00:00+00:00,0.3572,0.3598,0.3558,0.3598,187737.5
2026-09-05 09:00:00+00:00,0.3597,0.3638,0.3596,0.3602,302033.2
2026-09-05 10:00:00+00:00,0.3603,0.3615,0.3594,0.3606,314547.8
2026-09-05 11:00:00+00:00,0.3605,0.3646,0.3598,0.3642,352738.6
2026-09-05 12:00:00+00:00,0.3642,0.3663,0.3623,0.3642,207377.6
2026-09-05 13:00:00+00:00,0.3643,0.3646,0.3592,0.3608,1511759.9
2026-09-05 14:00:00+00:00,0.3607,0.3634,0.3606,0.3624,429000.3
2026-09-05 15:00:00+00:00,0.3625,0.3641,0.3616,0.3634,89124.9
2026-09-05 16:00:00+00:00,0.3634,0.3658,0.3616,0.3631,502459.1
2026-09-05 17:00:00+00:00,0.3631,0.3681,0.359,0.3666,862028.7
2026-09-05 18:00:00+00:00,0.3665,0.3743,0.3658,0.3685,520473.9
2026-09-05 19:00:00+00:00,0.3685,0.3729,0.3663,0.3723,862667.3
2026-09-05 20:00:00+00:00,0.3723,0.3809,0.371,0.3747,1185220.8
2026-09-05 21:00:00+00:00,0.3746,0.3871,0.3745,0.3844,1620325.9
2026-09-05 22:00:00+00:00,0.3844,0.3851,0.3785,0.3815,643044.7
2026-09-05 23:00:00+00:00,0.3814,0.3821,0.3783,0.3787,640481.0
2026-09-06 00:00:00+00:00,0.3786,0.3866,0.3773,0.386,484572.0
2026-09-06 01:00:00+00:00,0.3861,0.3909,0.3852,0.3882,1808563.9
2026-09-06 02:00:00+00:00,0.3883,0.3908,0.3826,0.3832,1033309.5
2026-09-06 03:00:00+00:00,0.3831,0.3834,0.3786,0.383,539881.7
2026-09-06 04:00:00+00:00,0.3831,0.386,0.3791,0.3808,368973.6
2026-09-06 05:00:00+00:00,0.3809,0.3875,0.3793,0.3806,468053.2
2026-09-06 06:00:00+00:00,0.3805,0.3807,0.3741,0.3757,1225408.5
2026-09-06 07:00:00+00:00,0.3758,0.3764,0.3719,0.3735,807902.8
2026-09-06 08:00:00+00:00,0.3735,0.3741,0.3704,0.3711,212925.6
2026-09-06 09:00:00+00:00,0.3711,0.3728,0.3708,0.3724,409319.7
2026-09-06 10:00:00+00:00,0.3725,0.376,0.3718,0.375,380546.3
2026-09-06 11:00:00+00:00,0.375,0.3756,0.3736,0.3751,125668.0
2026-09-06 12:00:00+00:00,0.375,0.3765,0.3695,0.3702,1027586.4
2026-09-06 13:00:00+00:00,0.3702,0.371,0.3652,0.3682,513455.5
2026-09-06 14:00:00+00:00,0.3682,0.3683,0.3614,0.3658,745818.5
2026-09-06 15:00:00+00:00,0.3657,0.3657,0.3627,0.3642,160772.6
2026-09-06 16:00:00+00:00,0.3642,0.3712,0.3633,0.3702,340618.2
2026-09-06 17:00:00+00:00,0.3702,0.3754,0.3678,0.3745,771226.6
2026-09-06 18:00:00+00:00,0.3746,0.3779,0.3736,0.375,604776.0
2026-09-06 19:00:00+00:00,0.3751,0.3813,0.3748,0.3791,425767.0
2026-09-06 20:00:00+00:00,0.3791,0.3885,0.3777,0.3839,1076538.5
2026-09-06 21:00:00+00:00,0.384,0.3861,0.3824,0.3849,379392.5
2026-09-06 22:00:00+00:00,0.3849,0.3849,0.3784,0.3808,317504.3
2026-09-06 23:00:00+00:00,0.3808,0.3836,0.379,0.3823,977481.7
2026-09-07 00:00:00+00:00,0.3822,0.3825,0.3769,0.378,394927.4
2026-09-07 01:00:00+00:00,0.378,0.3865,0.3773,0.3842,703238.7
2026-09-07 02:00:00+00:00,0.3841,0.4061,0.3816,0.4007,3398756.4
2026-09-07 03:00:00+00:00,0.4007,0.4026,0.3851,0.3857,1704362.8
2026-09-07 04:00:00+00:00,0.3857,0.3911,0.3844,0.3862,1298286.4
2026-09-07 05:00:00+00:00,0.386,0.3882,0.3793,0.3804,940465.8
2026-09-07 06:00:00+00:00,0.3803,0.3822,0.3781,0.3816,250885.5
2026-09-07 07:00:00+00:00,0.3814,0.3821,0.3721,0.3748,690928.4
2026-09-07 08:00:00+00:00,0.3748,0.3805,0.3748,0.3793,250317.8
2026-09-07 09:00:00+00:00,0.3794,0.3856,0.3791,0.3813,298451.1
2026-09-07 10:00:00+00:00,0.3814,0.3827,0.3785,0.3794,194297.8
2026-09-07 11:00:00+00:00,0.3794,0.3803,0.3782,0.3784,112795.3
2026-09-07 12:00:00+00:00,0.3785,0.3879,0.3785,0.3836,398510.5
2026-09-07 13:00:00+00:00,0.3837,0.3887,0.3798,0.3819,430303.3
2026-09-07 14:00:00+00:00,0.3821,0.3824,0.3763,0.3799,211544.0
2026-09-07 15:00:00+00:00,0.3802,0.3803,0.37,0.3719,385360.5
2026-09-07 16:00:00+00:00,0.372,0.3749,0.3705,0.3738,342813.7
2026-09-07 17:00:00+00:00,0.374,0.3796,0.3736,0.377,294545.5
2026-09-07 18:00:00+00:00,0.3768,0.3802,0.3731,0.3799,644614.9
2026-09-07 19:00:00+00:00,0.3803,0.3803,0.3756,0.3766,397887.1
2026-09-07 20:00:00+00:00,0.3765,0.377,0.3749,0.3762,106730.7
2026-09-07 21:00:00+00:00,0.3763,0.3763,0.3735,0.374,436547.6
2026-09-07 22:00:00+00:00,0.3742,0.3742,0.3645,0.3669,576256.6
2026-09-07 23:00:00+00:00,0.3668,0.3709,0.3667,0.3692,350556.3
2026-09-08 00:00:00+00:00,0.3692,0.3715,0.3672,0.3687,407781.6
2026-09-08 01:00:00+00:00,0.3687,0.373,0.3667,0.3685,543223.4
2026-09-08 02:00:00+00:00,0.3685,0.3713,0.3634,0.364,451992.9
2026-09-08 03:00:00+00:00,0.3638,0.3659,0.3628,0.3639,312435.6
2026-09-08 04:00:00+00:00,0.3638,0.3644,0.3582,0.3617,407564.8
2026-09-08 05:00:00+00:00,0.3616,0.3636,0.3599,0.3618,261837.1
2026-09-08 06:00:00+00:00,0.3619,0.3639,0.3614,0.3623,584548.8
2026-09-08 07:00:00+00:00,0.3624,0.3651,0.3622,0.3629,152469.8
2026-09-08 08:00:00+00:00,0.3629,0.3652,0.3617,0.364,522029.4
2026-09-08 09:00:00+00:00,0.3641,0.3671,0.3621,0.3661,222324.9
2026-09-08 10:00:00+00:00,0.366,0.3682,0.3628,0.3635,239717.7
2026-09-08 11:00:00+00:00,0.3634,0.3634,0.3573,0.3599,1141204.8
2026-09-08 12:00:00+00:00,0.3598,0.3602,0.3579,0.3592,136804.8
2026-09-08 13:00:00+00:00,0.3592,0.3618,0.3557,0.3606,358716.2
2026-09-08 14:00:00+00:00,0.3607,0.3671,0.3606,0.3656,406166.3
2026-09-08 15:00:00+00:00,0.3656,0.3729,0.3645,0.3717,616125.6
2026-09-08 16:00:00+00:00,0.3718,0.3722,0.3665,0.3678,318436.0
2026-09-08 17:00:00+00:00,0.3678,0.3683,0.3634,0.3635,129069.5
2026-09-08 18:00:00+00:00,0.3636,0.3661,0.3602,0.362,211416.0
2026-09-08 19:00:00+00:00,0.3621,0.3689,0.3614,0.3662,298054.9
2026-09-08 20:00:00+00:00,0.3663,0.3686,0.3645,0.3647,196066.5
2026-09-08 21:00:00+00:00,0.3648,0.3652,0.3614,0.3627,118570.1
2026-09-08 22:00:00+00:00,0.3626,0.3643,0.3616,0.3633,80369.2
2026-09-08 23:00:00+00:00,0.3633,0.3638,0.3623,0.363,66307.1
2026-09-09 00:00:00+00:00,0.3631,0.3673,0.3625,0.3641,307488.5
2026-09-09 01:00:00+00:00,0.3643,0.3654,0.3631,0.3638,62353.4
2026-09-09 02:00:00+00:00,0.3638,0.3647,0.3626,0.3626,108933.3
2026-09-09 03:00:00+00:00,0.3625,0.3632,0.3594,0.3614,189498.9
2026-09-09 04:00:00+00:00,0.3615,0.366,0.3615,0.3654,135917.8
2026-09-09 05:00:00+00:00,0.3656,0.3673,0.3622,0.3633,270973.0
2026-09-09 06:00:00+00:00,0.3634,0.3663,0.3624,0.3659,83111.0
2026-09-09 07:00:00+00:00,0.3658,0.3664,0.3629,0.3634,130583.9
2026-09-09 08:00:00+00:00,0.3633,0.3656,0.3632,0.3649,158065.2
2026-09-09 09:00:00+00:00,0.3648,0.365,0.3583,0.3592,348569.5
2026-09-09 10:00:00+00:00,0.3591,0.3604,0.3567,0.3583,178375.2
2026-09-09 11:00:00+00:00,0.3583,0.3605,0.3551,0.36,409209.5
2026-09-09 12:00:00+00:00,0.3599,0.3627,0.3593,0.3622,236663.3
2026-09-09 13:00:00+00:00,0.362,0.3653,0.3617,0.3642,519404.2
2026-09-09 14:00:00+00:00,0.3643,0.3651,0.3601,0.362,239395.9
2026-09-09 15:00:00+00:00,0.3621,0.3652,0.3538,0.3633,802661.5
2026-09-09 16:00:00+00:00,0.3632,0.3637,0.3573,0.3577,318944.4
2026-09-09 17:00:00+00:00,0.3576,0.363,0.3572,0.3629,243057.1
2026-09-09 18:00:00+00:00,0.363,0.3665,0.3603,0.3603,512282.1
2026-09-09 19:00:00+00:00,0.3602,0.3607,0.355,0.3551,166368.0
2026-09-09 20:00:00+00:00,0.3552,0.3594,0.3536,0.3579,371756.5
2026-09-09 21:00:00+00:00,0.358,0.3581,0.3489,0.3541,484345.9
2026-09-09 22:00:00+00:00,0.3541,0.3576,0.3497,0.3515,567526.2
2026-09-09 23:00:00+00:00,0.3514,0.357,0.3512,0.3558,412350.8
2026-09-10 00:00:00+00:00,0.3558,0.3588,0.3535,0.3564,294059.6
2026-09-10 01:00:00+00:00,0.3565,0.3584,0.3432,0.3452,1045391.9
2026-09-10 02:00:00+00:00,0.3451,0.3499,0.3448,0.3499,407303.9
2026-09-10 03:00:00+00:00,0.3499,0.3508,0.3454,0.3465,321958.8
2026-09-10 04:00:00+00:00,0.3465,0.3469,0.3396,0.3417,507379.6
2026-09-10 05:00:00+00:00,0.3418,0.3422,0.3387,0.3418,278137.9
2026-09-10 06:00:00+00:00,0.3417,0.3417,0.3355,0.3384,1090829.3
2026-09-10 07:00:00+00:00,0.3383,0.3386,0.3351,0.3359,254444.5
2026-09-10 08:00:00+00:00,0.3358,0.337,0.3345,0.337,220355.9
2026-09-10 09:00:00+00:00,0.3371,0.3392,0.3358,0.3388,320951.4
2026-09-10 10:00:00+00:00,0.339,0.3395,0.3352,0.3374,459425.1
2026-09-10 11:00:00+00:00,0.3372,0.3428,0.3372,0.339,405409.0
2026-09-10 12:00:00+00:00,0.339,0.3429,0.3348,0.3388,763949.2
2026-09-10 13:00:00+00:00,0.3388,0.3467,0.3375,0.3459,589310.8
2026-09-10 14:00:00+00:00,0.346,0.3511,0.3436,0.3487,617992.4
2026-09-10 15:00:00+00:00,0.3488,0.3527,0.3465,0.3468,601600.0
2026-09-10 16:00:00+00:00,0.3467,0.3481,0.3388,0.3436,1815368.0
2026-09-10 17:00:00+00:00,0.3435,0.3455,0.3416,0.3442,270367.9
2026-09-10 18:00:00+00:00,0.3441,0.3442,0.3421,0.344,95728.4
2026-09-10 19:00:00+00:00,0.3439,0.3441,0.3406,0.3417,153344.4
2026-09-10 20:00:00+00:00,0.3417,0.3449,0.3411,0.3417,82547.8
2026-09-10 21:00:00+00:00,0.3418,0.3424,0.3379,0.3386,237939.3
2026-09-10 22:00:00+00:00,0.3387,0.3403,0.3366,0.337,148257.4
2026-09-10 23:00:00+00:00,0.3368,0.3375,0.3342,0.3361,203684.2
2026-09-11 00:00:00+00:00,0.3362,0.3413,0.3356,0.3405,294806.1
2026-09-11 01:00:00+00:00,0.3403,0.3416,0.3379,0.3398,211237.6
2026-09-11 02:00:00+00:00,0.3399,0.3408,0.3379,0.3403,147506.5
2026-09-11 03:00:00+00:00,0.3403,0.3455,0.3392,0.3449,381947.6
2026-09-11 04:00:00+00:00,0.345,0.3487,0.344,0.347,258081.4
2026-09-11 05:00:00+00:00,0.3472,0.3481,0.3453,0.3466,189998.6
2026-09-11 06:00:00+00:00,0.3466,0.3473,0.343,0.3456,393075.2
2026-09-11 07:00:00+00:00,0.3457,0.3468,0.3456,0.3456,279762.9
2026-09-11 08:00:00+00:00,0.3456,0.3463,0.3438,0.345,85008.4
2026-09-11 09:00:00+00:00,0.3449,0.345,0.3396,0.3407,126224.5
2026-09-11 10:00:00+00:00,0.3406,0.3416,0.3364,0.3365,329464.2
2026-09-11 11:00:00+00:00,0.3365,0.3369,0.3319,0.3369,453343.5
2026-09-11 12:00:00+00:00,0.3369,0.3502,0.3358,0.3464,2160019.5
2026-09-11 13:00:00+00:00,0.3463,0.3578,0.3428,0.3573,675380.2
2026-09-11 14:00:00+00:00,0.3573,0.3587,0.3483,0.3497,843107.7
2026-09-11 15:00:00+00:00,0.3498,0.3546,0.3438,0.3446,478514.3
2026-09-11 16:00:00+00:00,0.3444,0.3472,0.3424,0.3462,316606.4
2026-09-11 17:00:00+00:00,0.3465,0.3468,0.3427,0.3436,190574.9
2026-09-11 18:00:00+00:00,0.3434,0.3441,0.3345,0.3362,323651.0
2026-09-11 19:00:00+00:00,0.3364,0.3401,0.3357,0.3398,137068.1
2026-09-11 20:00:00+00:00,0.3398,0.3416,0.3368,0.3388,141163.6
2026-09-11 21:00:00+00:00,0.3388,0.3407,0.333,0.3333,139116.4
2026-09-11 22:00:00+00:00,0.3333,0.335,0.3308,0.3319,388207.8
2026-09-11 23:00:00+00:00,0.3319,0.3356,0.3318,0.3356,76504.1
2026-09-12 00:00:00+00:00,0.3356,0.3365,0.3349,0.3356,123961.2
2026-09-12 01:00:00+00:00,0.3356,0.3381,0.335,0.3351,138067.9
2026-09-12 02:00:00+00:00,0.3351,0.3367,0.3349,0.3355,92938.0
2026-09-12 03:00:00+00:00,0.3355,0.3376,0.3345,0.3363,655189.8
2026-09-12 04:00:00+00:00,0.3364,0.3403,0.3353,0.3366,399672.2
2026-09-12 05:00:00+00:00,0.3365,0.3369,0.3338,0.3338,320658.3
2026-09-12 06:00:00+00:00,0.3338,0.3363,0.3304,0.3348,358931.4
2026-09-12 07:00:00+00:00,0.3348,0.3368,0.3344,0.3359,209301.3
2026-09-12 08:00:00+00:00,0.3359,0.3368,0.3348,0.3355,189657.7
2026-09-12 09:00:00+00:00,0.3355,0.3376,0.3355,0.3366,87329.0
2026-09-12 10:00:00+00:00,0.3367,0.3382,0.3367,0.3372,48681.0
2026-09-12 11:00:00+00:00,0.3375,0.3375,0.3362,0.3364,26217.3
2026-09-12 12:00:00+00:00,0.3365,0.3372,0.3336,0.3344,953409.1
2026-09-12 13:00:00+00:00,0.3345,0.3357,0.3333,0.334,340772.9
2026-09-12 14:00:00+00:00,0.334,0.3375,0.3337,0.3359,102582.5
2026-09-12 15:00:00+00:00,0.3361,0.3429,0.3359,0.3417,385774.3
2026-09-12 16:00:00+00:00,0.3418,0.3419,0.3386,0.3392,104417.6
2026-09-12 17:00:00+00:00,0.3392,0.3399,0.3362,0.3369,93949.4
2026-09-12 18:00:00+00:00,0.3369,0.3369,0.3354,0.3364,91281.9
2026-09-12 19:00:00+00:00,0.3365,0.3368,0.333,0.3344,111778.3
2026-09-12 20:00:00+00:00,0.3346,0.3365,0.3341,0.3341,30970.3
2026-09-12 21:00:00+00:00,0.334,0.3354,0.3324,0.3324,88676.3
2026-09-12 22:00:00+00:00,0.3323,0.3345,0.332,0.3329,77350.1
2026-09-12 23:00:00+00:00,0.3328,0.3337,0.332,0.3334,245211.0
2026-09-13 00:00:00+00:00,0.3334,0.3365,0.333,0.3356,170553.0
2026-09-13 01:00:00+00:00,0.3357,0.337,0.3334,0.3356,213897.1
2026-09-13 02:00:00+00:00,0.3356,0.3366,0.3346,0.3365,79287.2
2026-09-13 03:00:00+00:00,0.3365,0.3385,0.3359,0.3369,217950.8
2026-09-13 04:00:00+00:00,0.3368,0.34,0.3359,0.3387,221162.4
2026-09-13 05:00:00+00:00,0.3386,0.3406,0.3381,0.3399,189563.3
2026-09-13 06:00:00+00:00,0.34,0.3403,0.3353,0.336,118034.3
2026-09-13 07:00:00+00:00,0.3359,0.3387,0.3359,0.3362,85072.6
2026-09-13 08:00:00+00:00,0.3362,0.3373,0.3293,0.3316,474547.8
2026-09-13 09:00:00+00:00,0.3316,0.3464,0.3316,0.3432,1250025.2
2026-09-13 10:00:00+00:00,0.3432,0.3498,0.3423,0.3493,819573.3
2026-09-13 11:00:00+00:00,0.3492,0.353,0.3471,0.3499,928983.5
2026-09-13 12:00:00+00:00,0.35,0.353,0.3468,0.3494,531699.8
2026-09-13 13:00:00+00:00,0.3495,0.3543,0.3485,0.3529,457382.9
2026-09-13 14:00:00+00:00,0.3529,0.3555,0.352,0.352,307787.9
2026-09-13 15:00:00+00:00,0.3521,0.3547,0.3487,0.3497,490821.3
2026-09-13 16:00:00+00:00,0.3498,0.3512,0.3455,0.348,714071.1
2026-09-13 17:00:00+00:00,0.348,0.3549,0.3479,0.3522,339401.5
2026-09-13 18:00:00+00:00,0.3522,0.3555,0.3514,0.3528,344596.7
2026-09-13 19:00:00+00:00,0.3528,0.3539,0.348,0.3488,102409.1
2026-09-13 20:00:00+00:00,0.349,0.3552,0.3489,0.3536,109106.7
2026-09-13 21:00:00+00:00,0.3535,0.3557,0.3512,0.3524,131153.9
2026-09-13 22:00:00+00:00,0.3522,0.3522,0.344,0.3477,542302.5
2026-09-13 23:00:00+00:00,0.3477,0.3497,0.3451,0.3458,207105.2
2026-09-14 00:00:00+00:00,0.3457,0.3478,0.3438,0.3466,205962.2
2026-09-14 01:00:00+00:00,0.3466,0.3503,0.3446,0.35,150559.7
2026-09-14 02:00:00+00:00,0.3501,0.3558,0.349,0.3538,299075.9
2026-09-14 03:00:00+00:00,0.3537,0.3548,0.3502,0.3511,266609.4
2026-09-14 04:00:00+00:00,0.3511,0.3542,0.3507,0.3536,91960.5
2026-09-14 05:00:00+00:00,0.3535,0.3594,0.3532,0.3577,314345.4
2026-09-14 06:00:00+00:00,0.3577,0.3635,0.3576,0.3609,577782.4
2026-09-14 07:00:00+00:00,0.361,0.3632,0.3524,0.3527,613807.2
2026-09-14 08:00:00+00:00,0.3526,0.3526,0.3485,0.3497,625053.2
2026-09-14 09:00:00+00:00,0.3496,0.3517,0.3457,0.3494,437428.3
2026-09-14 10:00:00+00:00,0.3495,0.3501,0.3483,0.3484,378832.0
2026-09-14 11:00:00+00:00,0.3484,0.3495,0.3475,0.3491,122086.1
2026-09-14 12:00:00+00:00,0.3491,0.3505,0.3464,0.347,187993.3
2026-09-14 13:00:00+00:00,0.3468,0.3514,0.3451,0.3501,214328.7
2026-09-14 14:00:00+00:00,0.3501,0.3532,0.3481,0.3489,173144.6
2026-09-14 15:00:00+00:00,0.3488,0.3512,0.3475,0.3494,112009.5
2026-09-14 16:00:00+00:00,0.3493,0.3524,0.3486,0.3513,114079.1
2026-09-14 17:00:00+00:00,0.3513,0.3575,0.3513,0.3556,523911.8
2026-09-14 18:00:00+00:00,0.3559,0.3569,0.3538,0.3548,212147.9
2026-09-14 19:00:00+00:00,0.3549,0.3578,0.3515,0.3551,368863.9
2026-09-14 20:00:00+00:00,0.3552,0.3599,0.3534,0.3547,646054.0
2026-09-14 21:00:00+00:00,0.3548,0.3548,0.3492,0.3497,322168.6
2026-09-14 22:00:00+00:00,0.3495,0.3519,0.3482,0.3493,141496.7
2026-09-14 23:00:00+00:00,0.3493,0.3501,0.3467,0.3473,158801.3
2026-09-15 00:00:00+00:00,0.3472,0.3479,0.3458,0.3466,155367.4
2026-09-15 01:00:00+00:00,0.3465,0.3495,0.3462,0.3476,179832.4
2026-09-15 02:00:00+00:00,0.3476,0.3492,0.3464,0.3488,117367.8
2026-09-15 03:00:00+00:00,0.3487,0.3534,0.3465,0.3524,244971.0
2026-09-15 04:00:00+00:00,0.3524,0.3556,0.3515,0.353,334362.8
2026-09-15 05:00:00+00:00,0.353,0.3544,0.3512,0.3536,293055.0
2026-09-15 06:00:00+00:00,0.3535,0.3554,0.3528,0.3544,150313.4
2026-09-15 07:00:00+00:00,0.3544,0.3557,0.348,0.3489,613764.4
2026-09-15 08:00:00+00:00,0.3489,0.3502,0.3444,0.3445,243479.6
2026-09-15 09:00:00+00:00,0.3446,0.3448,0.341,0.342,840158.1
2026-09-15 10:00:00+00:00,0.342,0.3425,0.3361,0.3407,510328.1
2026-09-15 11:00:00+00:00,0.3409,0.3416,0.3353,0.3371,204611.9
2026-09-15 12:00:00+00:00,0.3371,0.3387,0.336,0.3371,200482.2
2026-09-15 13:00:00+00:00,0.3372,0.3382,0.3308,0.3347,350017.4
2026-09-15 14:00:00+00:00,0.3348,0.3372,0.3301,0.3349,613061.2
2026-09-15 15:00:00+00:00,0.3349,0.3425,0.3341,0.3406,528248.5
2026-09-15 16:00:00+00:00,0.3405,0.3425,0.3382,0.3399,162088.7
2026-09-15 17:00:00+00:00,0.34,0.3463,0.3392,0.3437,275651.2
2026-09-15 18:00:00+00:00,0.3437,0.3456,0.3289,0.341,1957504.7
2026-09-15 19:00:00+00:00,0.3409,0.3428,0.3324,0.3336,1055809.0
2026-09-15 20:00:00+00:00,0.3337,0.3348,0.3223,0.3247,1057735.1
2026-09-15 21:00:00+00:00,0.3246,0.3248,0.3147,0.315,756516.8
2026-09-15 22:00:00+00:00,0.3148,0.3195,0.3092,0.3179,926374.7
2026-09-15 23:00:00+00:00,0.318,0.3223,0.3165,0.3201,840538.0
2026-09-16 00:00:00+00:00,0.3201,0.322,0.3147,0.3149,649966.3
2026-09-16 01:00:00+00:00,0.3148,0.3176,0.3132,0.3147,268766.3
2026-09-16 02:00:00+00:00,0.3146,0.319,0.3143,0.3164,432715.6
2026-09-16 03:00:00+00:00,0.3165,0.3171,0.3134,0.3145,140233.2
2026-09-16 04:00:00+00:00,0.3144,0.3158,0.3121,0.314,320038.9
2026-09-16 05:00:00+00:00,0.314,0.3143,0.3118,0.3136,186170.0
2026-09-16 06:00:00+00:00,0.3137,0.3146,0.3094,0.314,442520.3
2026-09-16 07:00:00+00:00,0.3141,0.3153,0.3113,0.313,638243.4
2026-09-16 08:00:00+00:00,0.3129,0.3139,0.3115,0.3131,268973.7
2026-09-16 09:00:00+00:00,0.3132,0.3152,0.3115,0.3135,461996.3
2026-09-16 10:00:00+00:00,0.3136,0.3139,0.311,0.3125,250494.7
2026-09-16 11:00:00+00:00,0.3125,0.3137,0.3109,0.3119,258606.9
2026-09-16 12:00:00+00:00,0.3121,0.3136,0.3084,0.3102,541740.0
2026-09-16 13:00:00+00:00,0.3103,0.3103,0.3047,0.3072,558426.5
2026-09-16 14:00:00+00:00,0.3073,0.3077,0.3032,0.3044,1331293.0
2026-09-16 15:00:00+00:00,0.3045,0.3076,0.3035,0.3037,420175.8
2026-09-16 16:00:00+00:00,0.3037,0.305,0.301,0.302,532861.8
2026-09-16 17:00:00+00:00,0.3018,0.3078,0.3015,0.3061,692215.6
2026-09-16 18:00:00+00:00,0.3062,0.319,0.3041,0.3122,1266967.0
2026-09-16 19:00:00+00:00,0.3123,0.3151,0.3038,0.3115,825631.6
2026-09-16 20:00:00+00:00,0.3115,0.3134,0.3091,0.3123,353690.5
2026-09-16 21:00:00+00:00,0.3123,0.3157,0.3116,0.3149,292834.7
2026-09-16 22:00:00+00:00,0.3149,0.3152,0.3094,0.3101,377333.8
2026-09-16 23:00:00+00:00,0.3101,0.3222,0.31,0.3208,610773.1
2026-09-17 00:00:00+00:00,0.3208,0.3208,0.3158,0.316,475071.4
2026-09-17 01:00:00+00:00,0.3161,0.3243,0.3149,0.3212,425562.6
2026-09-17 02:00:00+00:00,0.3214,0.3216,0.3169,0.3176,248899.3
2026-09-17 03:00:00+00:00,0.3176,0.3223,0.3176,0.3213,315524.1
2026-09-17 04:00:00+00:00,0.3213,0.3213,0.3113,0.3164,774231.1
2026-09-17 05:00:00+00:00,0.3164,0.3202,0.3161,0.3174,333674.0
2026-09-17 06:00:00+00:00,0.3173,0.3217,0.3156,0.3165,568810.3
2026-09-17 07:00:00+00:00,0.3166,0.321,0.3166,0.3181,346019.9
2026-09-17 08:00:00+00:00,0.3181,0.3236,0.3178,0.3226,429857.2
2026-09-17 09:00:00+00:00,0.3226,0.3246,0.3177,0.3182,660476.2
2026-09-17 10:00:00+00:00,0.3183,0.3192,0.3127,0.315,511613.4
2026-09-17 11:00:00+00:00,0.3151,0.3165,0.3131,0.3154,233813.4
2026-09-17 12:00:00+00:00,0.3154,0.3182,0.3144,0.3152,372353.9
2026-09-17 13:00:00+00:00,0.3152,0.3159,0.3101,0.3145,411058.7
2026-09-17 14:00:00+00:00,0.3145,0.3201,0.3125,0.3135,548427.5
2026-09-17 15:00:00+00:00,0.3136,0.3258,0.3096,0.3243,1150545.7
2026-09-17 16:00:00+00:00,0.3243,0.3314,0.3211,0.33,1512529.7
2026-09-17 17:00:00+00:00,0.33,0.3393,0.33,0.3314,1275493.3
2026-09-17 18:00:00+00:00,0.3314,0.3324,0.3252,0.3255,547522.3
2026-09-17 19:00:00+00:00,0.3254,0.3295,0.3222,0.327,591309.6
2026-09-17 20:00:00+00:00,0.3268,0.3333,0.3259,0.331,608624.5
2026-09-17 21:00:00+00:00,0.3309,0.3313,0.3256,0.3266,193659.6
2026-09-17 22:00:00+00:00,0.3266,0.3275,0.3231,0.3273,356455.6
2026-09-17 23:00:00+00:00,0.3274,0.3295,0.3264,0.3276,351896.3
2026-09-18 00:00:00+00:00,0.3275,0.3321,0.3265,0.3309,423685.3
2026-09-18 01:00:00+00:00,0.3309,0.3348,0.3273,0.3341,338518.7
2026-09-18 02:00:00+00:00,0.3342,0.3347,0.3309,0.3328,407373.6
2026-09-18 03:00:00+00:00,0.3326,0.3447,0.3323,0.3418,1295494.0
2026-09-18 04:00:00+00:00,0.3418,0.3421,0.3387,0.3404,398830.9
2026-09-18 05:00:00+00:00,0.3405,0.3411,0.3348,0.3357,921594.8
2026-09-18 06:00:00+00:00,0.3358,0.3386,0.3356,0.3375,342173.8
2026-09-18 07:00:00+00:00,0.3374,0.3412,0.3365,0.3396,554545.7
2026-09-18 08:00:00+00:00,0.3394,0.3396,0.3323,0.3369,852031.5
2026-09-18 09:00:00+00:00,0.3367,0.3414,0.334,0.3406,1139490.2
2026-09-18 10:00:00+00:00,0.3406,0.3472,0.3365,0.3365,1265535.0
2026-09-18 11:00:00+00:00,0.3365,0.3367,0.3283,0.3341,1050912.0
2026-09-18 12:00:00+00:00,0.3341,0.3374,0.3314,0.3362,974112.0
2026-09-18 13:00:00+00:00,0.3363,0.3407,0.3346,0.3367,720613.8
2026-09-18 14:00:00+00:00,0.3368,0.3449,0.3366,0.3439,725667.1
2026-09-18 15:00:00+00:00,0.344,0.344,0.3379,0.341,657205.3
2026-09-18 16:00:00+00:00,0.341,0.3444,0.3403,0.3423,443290.7
2026-09-18 17:00:00+00:00,0.3422,0.3423,0.3385,0.3413,354631.7
2026-09-18 18:00:00+00:00,0.3413,0.3413,0.3376,0.3385,264236.2
2026-09-18 19:00:00+00:00,0.3385,0.3445,0.3383,0.3433,676182.0
2026-09-18 20:00:00+00:00,0.3431,0.3484,0.3412,0.3443,491153.3
2026-09-18 21:00:00+00:00,0.3444,0.3445,0.3374,0.3401,453464.7
2026-09-18 22:00:00+00:00,0.34,0.3441,0.3386,0.3409,398475.3
2026-09-18 23:00:00+00:00,0.341,0.345,0.3403,0.3444,324666.2
2026-09-19 00:00:00+00:00,0.3444,0.3451,0.3386,0.3394,582912.6
2026-09-19 01:00:00+00:00,0.3395,0.3414,0.335,0.3399,656551.9
2026-09-19 02:00:00+00:00,0.34,0.3451,0.3399,0.3437,523953.9
2026-09-19 03:00:00+00:00,0.3437,0.3456,0.3407,0.3421,444438.2
2026-09-19 04:00:00+00:00,0.342,0.3445,0.3383,0.3407,969583.1
2026-09-19 05:00:00+00:00,0.3407,0.3445,0.3359,0.3362,460040.4
2026-09-19 06:00:00+00:00,0.3361,0.3392,0.3352,0.3372,322462.7
2026-09-19 07:00:00+00:00,0.3371,0.3389,0.3349,0.3358,367216.3
2026-09-19 08:00:00+00:00,0.3358,0.35,0.3338,0.3461,1144718.7
2026-09-19 09:00:00+00:00,0.346,0.347,0.3399,0.3424,392288.7
2026-09-19 10:00:00+00:00,0.3424,0.3436,0.3398,0.3408,431172.8
2026-09-19 11:00:00+00:00,0.3408,0.3434,0.3407,0.3425,194336.6
2026-09-19 12:00:00+00:00,0.3424,0.3431,0.3404,0.3409,394725.5
2026-09-19 13:00:00+00:00,0.3407,0.3419,0.3378,0.3389,521339.5
2026-09-19 14:00:00+00:00,0.3388,0.3406,0.3373,0.3384,605827.0
2026-09-19 15:00:00+00:00,0.3382,0.3406,0.337,0.3389,390668.2
2026-09-19 16:00:00+00:00,0.339,0.3422,0.3366,0.3416,346448.1
2026-09-19 17:00:00+00:00,0.3416,0.3441,0.337,0.3383,634898.3
2026-09-19 18:00:00+00:00,0.3383,0.3408,0.337,0.3384,298652.7
2026-09-19 19:00:00+00:00,0.3384,0.3421,0.3372,0.3397,231599.9
2026-09-19 20:00:00+00:00,0.3396,0.3426,0.3381,0.3409,358927.7
2026-09-19 21:00:00+00:00,0.341,0.3431,0.3356,0.3413,283597.9
2026-09-19 22:00:00+00:00,0.3412,0.3449,0.3404,0.3438,250932.1
2026-09-19 23:00:00+00:00,0.344,0.3454,0.3406,0.345,346772.7
2026-09-20 00:00:00+00:00,0.3451,0.3454,0.3419,0.3429,246538.5
2026-09-20 01:00:00+00:00,0.3428,0.3431,0.3376,0.3395,386734.5
2026-09-20 02:00:00+00:00,0.3396,0.3445,0.3262,0.3301,1360753.4
2026-09-20 03:00:00+00:00,0.3301,0.3344,0.3265,0.3326,1065274.2
2026-09-20 04:00:00+00:00,0.3326,0.3329,0.3291,0.3319,223195.6
2026-09-20 05:00:00+00:00,0.332,0.3329,0.3286,0.332,431420.3
2026-09-20 06:00:00+00:00,0.3319,0.3336,0.3296,0.3315,344206.2
2026-09-20 07:00:00+00:00,0.3316,0.3343,0.3302,0.3323,274666.4
2026-09-20 08:00:00+00:00,0.3327,0.3364,0.3325,0.334,360472.2
2026-09-20 09:00:00+00:00,0.3341,0.3375,0.3319,0.3331,254201.6
2026-09-20 10:00:00+00:00,0.3331,0.3358,0.3316,0.333,328410.6
2026-09-20 11:00:00+00:00,0.3332,0.3344,0.3305,0.3331,637710.4
2026-09-20 12:00:00+00:00,0.3332,0.334,0.3301,0.3316,221873.3
2026-09-20 13:00:00+00:00,0.3317,0.3321,0.3276,0.3281,351628.2
2026-09-20 14:00:00+00:00,0.3281,0.3318,0.3265,0.3307,452633.6
2026-09-20 15:00:00+00:00,0.3308,0.3457,0.3308,0.3455,839058.6
2026-09-20 16:00:00+00:00,0.3455,0.3538,0.3412,0.3514,999801.1
2026-09-20 17:00:00+00:00,0.3515,0.3539,0.3462,0.3469,820298.9
2026-09-20 18:00:00+00:00,0.347,0.35,0.345,0.3475,501198.0
2026-09-20 19:00:00+00:00,0.3474,0.3496,0.3443,0.3463,242379.3
2026-09-20 20:00:00+00:00,0.3463,0.3547,0.346,0.3516,282445.8
2026-09-20 21:00:00+00:00,0.3516,0.3552,0.3452,0.355,530503.9
2026-09-20 22:00:00+00:00,0.355,0.3658,0.3532,0.3583,1290851.6
2026-09-20 23:00:00+00:00,0.3583,0.3588,0.3526,0.3547,711734.7
2026-09-21 00:00:00+00:00,0.3545,0.365,0.3543,0.3591,1087239.6
2026-09-21 01:00:00+00:00,0.359,0.359,0.3442,0.3466,1309369.3
2026-09-21 02:00:00+00:00,0.3466,0.3501,0.3437,0.3492,544244.5
2026-09-21 03:00:00+00:00,0.3493,0.3522,0.3481,0.3497,294944.0
2026-09-21 04:00:00+00:00,0.3498,0.35,0.3441,0.3444,307797.7
2026-09-21 05:00:00+00:00,0.3443,0.3464,0.3418,0.3432,294256.6
2026-09-21 06:00:00+00:00,0.3432,0.3471,0.3422,0.3448,328091.2
2026-09-21 07:00:00+00:00,0.3448,0.3461,0.342,0.345,256280.5
2026-09-21 08:00:00+00:00,0.3451,0.3545,0.3445,0.3534,1010771.8
2026-09-21 09:00:00+00:00,0.3534,0.3632,0.3498,0.3522,2215531.7
2026-09-21 10:00:00+00:00,0.3523,0.3604,0.3521,0.3602,1031252.7
2026-09-21 11:00:00+00:00,0.3601,0.3644,0.3594,0.3607,784975.3
2026-09-21 12:00:00+00:00,0.3607,0.3646,0.3576,0.3607,3374947.7
2026-09-21 13:00:00+00:00,0.3606,0.3676,0.3547,0.3583,1281641.8
2026-09-21 14:00:00+00:00,0.3586,0.3604,0.3533,0.3584,586003.8
2026-09-21 15:00:00+00:00,0.3583,0.3605,0.3511,0.3538,1237289.3
2026-09-21 16:00:00+00:00,0.3537,0.3579,0.3506,0.3523,681806.5
2026-09-21 17:00:00+00:00,0.3523,0.3532,0.3439,0.3468,1037626.0
2026-09-21 18:00:00+00:00,0.3468,0.3551,0.3454,0.3539,540694.7
2026-09-21 19:00:00+00:00,0.354,0.3638,0.3523,0.3628,1326882.7
2026-09-21 20:00:00+00:00,0.363,0.3688,0.3619,0.3652,1075484.6
2026-09-21 21:00:00+00:00,0.3652,0.3672,0.3609,0.3635,547236.7
2026-09-21 22:00:00+00:00,0.3637,0.3698,0.3637,0.3688,451981.0
2026-09-21 23:00:00+00:00,0.3687,0.373,0.3647,0.3679,416095.8
2026-09-22 00:00:00+00:00,0.3678,0.369,0.363,0.3644,477973.9
2026-09-22 01:00:00+00:00,0.3645,0.3679,0.356,0.3673,926025.8
2026-09-22 02:00:00+00:00,0.3673,0.3702,0.3631,0.3633,618842.9
2026-09-22 03:00:00+00:00,0.363,0.3648,0.3585,0.3634,605596.3
2026-09-22 04:00:00+00:00,0.3633,0.3674,0.3577,0.3583,748008.6
2026-09-22 05:00:00+00:00,0.3584,0.3613,0.354,0.3586,558094.2
2026-09-22 06:00:00+00:00,0.3587,0.36,0.3556,0.3562,419083.6
2026-09-22 07:00:00+00:00,0.3561,0.358,0.3533,0.3571,326219.0
2026-09-22 08:00:00+00:00,0.3572,0.362,0.355,0.3596,478728.0
2026-09-22 09:00:00+00:00,0.3596,0.3603,0.3541,0.3568,302665.4
2026-09-22 10:00:00+00:00,0.3567,0.3608,0.3525,0.3583,424966.4
2026-09-22 11:00:00+00:00,0.3583,0.3618,0.3549,0.3608,322830.9
2026-09-22 12:00:00+00:00,0.3606,0.3684,0.3577,0.3684,785564.6
2026-09-22 13:00:00+00:00,0.3684,0.3707,0.3616,0.3649,953550.9
2026-09-22 14:00:00+00:00,0.365,0.3654,0.3525,0.3546,1017828.1
2026-09-22 15:00:00+00:00,0.3546,0.359,0.3531,0.3545,422181.4
2026-09-22 16:00:00+00:00,0.3545,0.3545,0.3486,0.3524,512638.6
2026-09-22 17:00:00+00:00,0.3525,0.3572,0.3511,0.3556,717445.1
2026-09-22 18:00:00+00:00,0.3553,0.3571,0.3538,0.3553,456806.8
2026-09-22 19:00:00+00:00,0.3553,0.3608,0.3553,0.3588,362520.9
2026-09-22 20:00:00+00:00,0.3588,0.362,0.3567,0.3593,333687.3
2026-09-22 21:00:00+00:00,0.3592,0.3612,0.3559,0.3581,209420.4
2026-09-22 22:00:00+00:00,0.3581,0.3658,0.3541,0.3635,437934.8
2026-09-22 23:00:00+00:00,0.3635,0.3678,0.36,0.3625,769296.9
2026-09-23 00:00:00+00:00,0.3623,0.3662,0.3604,0.3613,355928.0
2026-09-23 01:00:00+00:00,0.3611,0.3656,0.36,0.3627,532164.3
2026-09-23 02:00:00+00:00,0.3626,0.3627,0.3585,0.3625,678342.9
2026-09-23 03:00:00+00:00,0.3624,0.3713,0.3618,0.3686,1113253.9
2026-09-23 04:00:00+00:00,0.3687,0.37,0.3631,0.3657,703028.0
2026-09-23 05:00:00+00:00,0.3657,0.366,0.356,0.3577,531015.0
2026-09-23 06:00:00+00:00,0.3581,0.3651,0.3581,0.3645,459876.5
2026-09-23 07:00:00+00:00,0.3644,0.3645,0.3574,0.36,625373.8
2026-09-23 08:00:00+00:00,0.3601,0.3636,0.3577,0.3601,489914.9
2026-09-23 09:00:00+00:00,0.3601,0.3655,0.3576,0.3588,398433.0
2026-09-23 10:00:00+00:00,0.3587,0.3606,0.3549,0.359,522894.2
2026-09-23 11:00:00+00:00,0.3591,0.3596,0.3511,0.3536,939069.9
2026-09-23 12:00:00+00:00,0.3536,0.3557,0.3511,0.3536,469302.2
2026-09-23 13:00:00+00:00,0.3537,0.3537,0.3478,0.3496,886942.7
2026-09-23 14:00:00+00:00,0.3497,0.351,0.3301,0.3359,3090561.3
2026-09-23 15:00:00+00:00,0.3358,0.3376,0.3267,0.3269,1373910.3
2026-09-23 16:00:00+00:00,0.3269,0.3307,0.3216,0.3284,945259.1
2026-09-23 17:00:00+00:00,0.3284,0.3314,0.3252,0.3283,686061.5
2026-09-23 18:00:00+00:00,0.3284,0.3284,0.3238,0.3252,342475.9
2026-09-23 19:00:00+00:00,0.3252,0.3264,0.3223,0.3255,645389.0
2026-09-23 20:00:00+00:00,0.3256,0.326,0.3209,0.3216,504497.1
2026-09-23 21:00:00+00:00,0.3216,0.3249,0.321,0.3241,556728.5
2026-09-23 22:00:00+00:00,0.3241,0.3283,0.3237,0.3248,483341.9
2026-09-23 23:00:00+00:00,0.3246,0.327,0.323,0.3251,731309.9
2026-09-24 00:00:00+00:00,0.3251,0.3312,0.325,0.3292,373811.6
2026-09-24 01:00:00+00:00,0.329,0.332,0.3284,0.3302,394681.1
2026-09-24 02:00:00+00:00,0.3304,0.3362,0.3275,0.333,320776.9
2026-09-24 03:00:00+00:00,0.333,0.3343,0.3285,0.329,348514.5
2026-09-24 04:00:00+00:00,0.3289,0.3348,0.3283,0.3342,262163.6
2026-09-24 05:00:00+00:00,0.3341,0.3393,0.3341,0.3367,519385.1
2026-09-24 06:00:00+00:00,0.3368,0.3419,0.3354,0.3405,323648.3
2026-09-24 07:00:00+00:00,0.3405,0.341,0.3366,0.3373,257097.8
2026-09-24 08:00:00+00:00,0.3371,0.3389,0.3307,0.3338,303141.2
2026-09-24 09:00:00+00:00,0.3341,0.3356,0.3256,0.3285,677080.9
2026-09-24 10:00:00+00:00,0.3284,0.3297,0.3256,0.3283,435771.1
2026-09-24 11:00:00+00:00,0.3284,0.3314,0.3284,0.3306,267590.8
2026-09-24 12:00:00+00:00,0.3305,0.3326,0.3275,0.3319,260115.7
2026-09-24 13:00:00+00:00,0.332,0.3383,0.332,0.3383,359040.4
2026-09-24 14:00:00+00:00,0.3384,0.3486,0.3375,0.3409,3445775.4
2026-09-24 15:00:00+00:00,0.3409,0.352,0.3396,0.3507,820913.6
2026-09-24 16:00:00+00:00,0.3509,0.3523,0.3463,0.3498,869126.1
2026-09-24 17:00:00+00:00,0.3497,0.3545,0.3441,0.3456,1221846.1
2026-09-24 18:00:00+00:00,0.3454,0.3503,0.3432,0.3499,414817.3
2026-09-24 19:00:00+00:00,0.3498,0.3557,0.3475,0.3538,1124428.4
2026-09-24 20:00:00+00:00,0.3537,0.3544,0.3493,0.3514,949913.9
2026-09-24 21:00:00+00:00,0.3515,0.3543,0.3496,0.3499,383965.1
2026-09-24 22:00:00+00:00,0.3499,0.3501,0.3459,0.3471,335634.8
2026-09-24 23:00:00+00:00,0.3471,0.3491,0.3458,0.3459,167596.0
2026-09-25 00:00:00+00:00,0.346,0.3481,0.3439,0.3456,211504.9
2026-09-25 01:00:00+00:00,0.3456,0.3488,0.3426,0.3433,271277.9
2026-09-25 02:00:00+00:00,0.3433,0.3467,0.3406,0.3412,226797.5
2026-09-25 03:00:00+00:00,0.3412,0.3453,0.3407,0.343,396313.2
2026-09-25 04:00:00+00:00,0.3431,0.3464,0.3423,0.3438,198199.7
2026-09-25 05:00:00+00:00,0.3438,0.3444,0.3407,0.3422,176088.3
2026-09-25 06:00:00+00:00,0.3423,0.3448,0.34,0.3413,169265.8
2026-09-25 07:00:00+00:00,0.3411,0.3434,0.3396,0.3433,251611.5
2026-09-25 08:00:00+00:00,0.3434,0.3485,0.342,0.3459,273452.8
2026-09-25 09:00:00+00:00,0.3459,0.3472,0.3438,0.3446,341760.0
2026-09-25 10:00:00+00:00,0.3445,0.3455,0.3419,0.3437,375602.1
2026-09-25 11:00:00+00:00,0.3437,0.3512,0.3437,0.3485,771235.4
2026-09-25 12:00:00+00:00,0.3485,0.3536,0.3443,0.3526,872800.1
2026-09-25 13:00:00+00:00,0.3525,0.3534,0.3392,0.3425,1260985.7
2026-09-25 14:00:00+00:00,0.3426,0.3455,0.3346,0.3454,1137834.5
2026-09-25 15:00:00+00:00,0.3454,0.3466,0.3387,0.342,480842.8
2026-09-25 16:00:00+00:00,0.3421,0.347,0.3409,0.3414,490417.6
2026-09-25 17:00:00+00:00,0.3414,0.344,0.3393,0.3422,401076.9
2026-09-25 18:00:00+00:00,0.3422,0.3456,0.3416,0.3441,192618.8
2026-09-25 19:00:00+00:00,0.3441,0.3455,0.3425,0.3445,171091.6
2026-09-25 20:00:00+00:00,0.3445,0.3517,0.344,0.3473,609117.9
2026-09-25 21:00:00+00:00,0.3472,0.3487,0.3441,0.3457,725343.5
2026-09-25 22:00:00+00:00,0.3456,0.354,0.3448,0.3527,694653.7
2026-09-25 23:00:00+00:00,0.3525,0.3564,0.3518,0.3548,773292.6
2026-09-26 00:00:00+00:00,0.3547,0.3582,0.3497,0.3519,675897.1
2026-09-26 01:00:00+00:00,0.3518,0.3537,0.35,0.3513,486267.3
2026-09-26 02:00:00+00:00,0.3513,0.3528,0.3496,0.3509,205712.8
2026-09-26 03:00:00+00:00,0.3508,0.3519,0.3483,0.3496,287404.1
2026-09-26 04:00:00+00:00,0.3496,0.353,0.3484,0.3526,265256.6
2026-09-26 05:00:00+00:00,0.3526,0.3526,0.349,0.3507,140668.3
2026-09-26 06:00:00+00:00,0.3505,0.3508,0.3482,0.349,578686.4
2026-09-26 07:00:00+00:00,0.3489,0.3521,0.3482,0.3511,391066.0
2026-09-26 08:00:00+00:00,0.3512,0.3519,0.3473,0.3494,623107.0
2026-09-26 09:00:00+00:00,0.3493,0.3498,0.3446,0.3466,286858.1
2026-09-26 10:00:00+00:00,0.3466,0.3531,0.3466,0.3531,283771.8
2026-09-26 11:00:00+00:00,0.3532,0.3547,0.3496,0.3501,539145.4
2026-09-26 12:00:00+00:00,0.3501,0.3515,0.3453,0.3462,384035.8
2026-09-26 13:00:00+00:00,0.3462,0.3486,0.3441,0.3479,450562.8
2026-09-26 14:00:00+00:00,0.3479,0.3519,0.347,0.3517,261644.9
2026-09-26 15:00:00+00:00,0.3519,0.3575,0.3513,0.3571,706453.9
2026-09-26 16:00:00+00:00,0.357,0.3599,0.3557,0.3574,529336.8
2026-09-26 17:00:00+00:00,0.3573,0.3582,0.352,0.3528,650583.7
2026-09-26 18:00:00+00:00,0.3528,0.3537,0.348,0.3491,411626.3
2026-09-26 19:00:00+00:00,0.3493,0.3506,0.3474,0.3485,102747.3
2026-09-26 20:00:00+00:00,0.3485,0.3486,0.3376,0.3413,659161.5
2026-09-26 21:00:00+00:00,0.3412,0.3456,0.3407,0.3438,489787.4
2026-09-26 22:00:00+00:00,0.3437,0.3454,0.342,0.3431,155557.2
2026-09-26 23:00:00+00:00,0.343,0.3483,0.343,0.3478,237834.4
2026-09-27 00:00:00+00:00,0.3477,0.349,0.3456,0.348,316886.4
2026-09-27 01:00:00+00:00,0.348,0.349,0.3458,0.3474,200057.9
2026-09-27 02:00:00+00:00,0.3474,0.3485,0.346,0.3461,181358.9
2026-09-27 03:00:00+00:00,0.3462,0.3477,0.3445,0.3453,115489.5
2026-09-27 04:00:00+00:00,0.3452,0.3462,0.341,0.3415,298507.0
2026-09-27 05:00:00+00:00,0.3414,0.3464,0.3412,0.3459,200074.6
2026-09-27 06:00:00+00:00,0.3459,0.35,0.3458,0.3481,325100.2
2026-09-27 07:00:00+00:00,0.348,0.3526,0.3467,0.3526,388810.3
2026-09-27 08:00:00+00:00,0.3524,0.3525,0.3492,0.3501,280990.0
2026-09-27 09:00:00+00:00,0.3501,0.3546,0.3477,0.3539,631561.6
2026-09-27 10:00:00+00:00,0.3539,0.3539,0.3498,0.3502,251257.5
2026-09-27 11:00:00+00:00,0.35,0.3511,0.3489,0.3497,269208.9
2026-09-27 12:00:00+00:00,0.3496,0.3508,0.3471,0.3471,226059.1
2026-09-27 13:00:00+00:00,0.3471,0.3479,0.3428,0.3466,484146.0
2026-09-27 14:00:00+00:00,0.3466,0.3476,0.3428,0.3435,178589.5
2026-09-27 15:00:00+00:00,0.3436,0.3455,0.3415,0.3452,229391.2
2026-09-27 16:00:00+00:00,0.3453,0.3494,0.344,0.3479,359318.2
2026-09-27 17:00:00+00:00,0.348,0.3535,0.348,0.3526,533880.6
2026-09-27 18:00:00+00:00,0.3525,0.355,0.3515,0.3546,324831.9
2026-09-27 19:00:00+00:00,0.3545,0.3547,0.3504,0.3507,272109.1
2026-09-27 20:00:00+00:00,0.3507,0.3523,0.3472,0.3478,383726.9
2026-09-27 21:00:00+00:00,0.3478,0.3523,0.3461,0.3521,211262.1
2026-09-27 22:00:00+00:00,0.3524,0.3545,0.3486,0.3503,997503.2
2026-09-27 23:00:00+00:00,0.3504,0.355,0.3491,0.3535,567724.2
2026-09-28 00:00:00+00:00,0.3533,0.3559,0.3445,0.3472,1030786.8
2026-09-28 01:00:00+00:00,0.3472,0.3495,0.3433,0.3444,336669.1
2026-09-28 02:00:00+00:00,0.3443,0.3483,0.3396,0.3406,999481.9
2026-09-28 03:00:00+00:00,0.3406,0.3425,0.3317,0.334,1048981.0
2026-09-28 04:00:00+00:00,0.334,0.3371,0.331,0.336,478406.1
2026-09-28 05:00:00+00:00,0.336,0.3368,0.3286,0.3327,752799.3
2026-09-28 06:00:00+00:00,0.3327,0.3347,0.3302,0.3309,269076.8
2026-09-28 07:00:00+00:00,0.3308,0.3325,0.3252,0.3254,1071266.3
2026-09-28 08:00:00+00:00,0.3253,0.3292,0.3246,0.3279,802089.9
2026-09-28 09:00:00+00:00,0.3278,0.3293,0.324,0.3253,701834.0
2026-09-28 10:00:00+00:00,0.3255,0.3333,0.3255,0.3299,506734.8
2026-09-28 11:00:00+00:00,0.33,0.3315,0.3293,0.3302,369713.7
2026-09-28 12:00:00+00:00,0.3301,0.3387,0.3298,0.3345,574116.8
2026-09-28 13:00:00+00:00,0.3343,0.3348,0.3302,0.3312,451482.8
2026-09-28 14:00:00+00:00,0.3311,0.3311,0.3216,0.3246,1338150.1
2026-09-28 15:00:00+00:00,0.3248,0.3295,0.323,0.3294,561075.6
2026-09-28 16:00:00+00:00,0.3294,0.3395,0.3291,0.3373,785456.2
2026-09-28 17:00:00+00:00,0.3372,0.3505,0.3353,0.3502,1755923.4
2026-09-28 18:00:00+00:00,0.3504,0.3688,0.3496,0.3646,5218032.4
2026-09-28 19:00:00+00:00,0.3646,0.369,0.3526,0.3571,2077995.5
2026-09-28 20:00:00+00:00,0.3572,0.3692,0.3566,0.3629,1541771.8
2026-09-28 21:00:00+00:00,0.3629,0.3638,0.3572,0.3612,775531.0
2026-09-28 22:00:00+00:00,0.3612,0.3686,0.3584,0.367,663000.1
2026-09-28 23:00:00+00:00,0.3672,0.3845,0.3663,0.3793,3459002.3
2026-09-29 00:00:00+00:00,0.3793,0.3818,0.371,0.3718,1628373.5
2026-09-29 01:00:00+00:00,0.3716,0.3817,0.3681,0.3788,1807415.7
2026-09-29 02:00:00+00:00,0.3789,0.38,0.3712,0.3797,1319557.5
2026-09-29 03:00:00+00:00,0.3796,0.3912,0.3792,0.3859,3265987.7
2026-09-29 04:00:00+00:00,0.3858,0.3922,0.3801,0.3912,2103008.4
2026-09-29 05:00:00+00:00,0.3911,0.395,0.3839,0.3893,2226520.7
2026-09-29 06:00:00+00:00,0.3892,0.4,0.3878,0.3977,2899609.0
2026-09-29 07:00:00+00:00,0.3977,0.4019,0.3926,0.3969,2988930.2
2026-09-29 08:00:00+00:00,0.397,0.4016,0.3928,0.3994,1560904.5
2026-09-29 09:00:00+00:00,0.3994,0.4036,0.3939,0.3959,2780066.0
2026-09-29 10:00:00+00:00,0.3958,0.3996,0.3912,0.3949,2600277.9
2026-09-29 11:00:00+00:00,0.395,0.3953,0.3888,0.3929,2574382.7
2026-09-29 12:00:00+00:00,0.3928,0.4018,0.3893,0.3963,2147015.3
2026-09-29 13:00:00+00:00,0.3962,0.4036,0.3956,0.4,1650529.4
2026-09-29 14:00:00+00:00,0.4001,0.4109,0.3972,0.4085,2963045.8
2026-09-29 15:00:00+00:00,0.4085,0.416,0.3968,0.3991,5993189.7
2026-09-29 16:00:00+00:00,0.3991,0.4018,0.3944,0.3979,2874765.5
2026-09-29 17:00:00+00:00,0.3978,0.3999,0.3767,0.3799,2921566.2
2026-09-29 18:00:00+00:00,0.3799,0.3874,0.3798,0.3835,1399382.8
2026-09-29 19:00:00+00:00,0.3836,0.3878,0.3829,0.3853,877361.9
2026-09-29 20:00:00+00:00,0.3852,0.392,0.3839,0.3882,765101.7
2026-09-29 21:00:00+00:00,0.3881,0.3885,0.3814,0.3826,827980.8
2026-09-29 22:00:00+00:00,0.3825,0.3839,0.3779,0.3792,935208.1
2026-09-29 23:00:00+00:00,0.3792,0.3849,0.3789,0.3811,1065841.5
2026-09-30 00:00:00+00:00,0.3813,0.3821,0.3748,0.3807,842835.7
2026-09-30 01:00:00+00:00,0.3805,0.3947,0.3798,0.3915,1772541.0
2026-09-30 02:00:00+00:00,0.3916,0.3918,0.385,0.3876,498381.2
2026-09-30 03:00:00+00:00,0.3876,0.3882,0.3818,0.3835,660985.5
2026-09-30 04:00:00+00:00,0.3836,0.392,0.3835,0.3875,685611.3
2026-09-30 05:00:00+00:00,0.3876,0.3953,0.3874,0.3943,455247.7
2026-09-30 06:00:00+00:00,0.3943,0.3962,0.3862,0.39,949566.9
2026-09-30 07:00:00+00:00,0.3901,0.3949,0.3892,0.3908,696002.9
2026-09-30 08:00:00+00:00,0.391,0.3999,0.3898,0.3979,1106571.9
2026-09-30 09:00:00+00:00,0.3977,0.4117,0.3968,0.4069,1857744.7
2026-09-30 10:00:00+00:00,0.407,0.4075,0.3978,0.3994,2491530.1
2026-09-30 11:00:00+00:00,0.3994,0.4072,0.3955,0.4065,1133346.0
2026-09-30 12:00:00+00:00,0.4062,0.4102,0.3993,0.3993,1953269.8
2026-09-30 13:00:00+00:00,0.3993,0.3999,0.3877,0.3909,1610819.3
2026-09-30 14:00:00+00:00,0.391,0.3913,0.383,0.3857,1121913.7
2026-09-30 15:00:00+00:00,0.3856,0.3913,0.3851,0.3902,580865.9
2026-09-30 16:00:00+00:00,0.3903,0.3944,0.3898,0.3921,359590.9
2026-09-30 17:00:00+00:00,0.3919,0.3934,0.3867,0.3882,487153.3
2026-09-30 18:00:00+00:00,0.3883,0.3889,0.3849,0.3857,575349.7
2026-09-30 19:00:00+00:00,0.386,0.3928,0.3838,0.3883,959734.4
2026-09-30 20:00:00+00:00,0.3884,0.3967,0.388,0.3936,373234.7
2026-09-30 21:00:00+00:00,0.3937,0.395,0.39,0.3921,408079.5
2026-09-30 22:00:00+00:00,0.3923,0.3987,0.3898,0.3936,525645.9
2026-09-30 23:00:00+00:00,0.3937,0.3956,0.3928,0.3946,153709.4
2026-10-01 00:00:00+00:00,0.3945,0.3963,0.3924,0.3944,302767.0
2026-10-01 01:00:00+00:00,0.3943,0.3997,0.3931,0.3956,1781606.0
2026-10-01 02:00:00+00:00,0.3956,0.4005,0.3948,0.3984,432972.1
2026-10-01 03:00:00+00:00,0.3984,0.3993,0.3948,0.3983,304600.5
2026-10-01 04:00:00+00:00,0.3984,0.3985,0.394,0.3946,220354.0
2026-10-01 05:00:00+00:00,0.3947,0.3952,0.3918,0.3928,339073.0
2026-10-01 06:00:00+00:00,0.3929,0.3932,0.39,0.3905,576027.5
2026-10-01 07:00:00+00:00,0.3904,0.3919,0.3849,0.3871,484601.9
2026-10-01 08:00:00+00:00,0.3871,0.3899,0.3849,0.3868,262679.1
2026-10-01 09:00:00+00:00,0.387,0.3882,0.3836,0.3851,326311.1
2026-10-01 10:00:00+00:00,0.3851,0.3852,0.3791,0.3836,814921.3
2026-10-01 11:00:00+00:00,0.3833,0.3874,0.3819,0.3848,320720.8
2026-10-01 12:00:00+00:00,0.385,0.3858,0.3805,0.3817,800875.1
2026-10-01 13:00:00+00:00,0.3817,0.3824,0.3767,0.3813,1056682.8
2026-10-01 14:00:00+00:00,0.3811,0.3837,0.3752,0.3773,562752.5
2026-10-01 15:00:00+00:00,0.3773,0.3806,0.3754,0.3796,924590.4
2026-10-01 16:00:00+00:00,0.3796,0.3821,0.3772,0.3775,272774.8
2026-10-01 17:00:00+00:00,0.3777,0.3852,0.3766,0.382,584086.2
2026-10-01 18:00:00+00:00,0.382,0.3846,0.3801,0.3814,284590.7
2026-10-01 19:00:00+00:00,0.3815,0.3837,0.3791,0.3817,286124.1
2026-10-01 20:00:00+00:00,0.3818,0.3851,0.3807,0.3808,255271.0
2026-10-01 21:00:00+00:00,0.3806,0.3808,0.3721,0.3752,571257.5
2026-10-01 22:00:00+00:00,0.3747,0.3762,0.3728,0.374,235939.9
2026-10-01 23:00:00+00:00,0.3739,0.3753,0.3728,0.3742,104992.1
2026-10-02 00:00:00+00:00,0.3742,0.3791,0.3736,0.3758,276928.4
2026-10-02 01:00:00+00:00,0.3758,0.3785,0.373,0.3778,458346.2
2026-10-02 02:00:00+00:00,0.3779,0.3815,0.3776,0.3791,498561.0
2026-10-02 03:00:00+00:00,0.3791,0.3808,0.3757,0.3792,251228.1
