time,open,high,low,close,volume
2026-06-04 04:00:00+00:00,1.081,1.087,1.069,1.07,246552.51
2026-06-04 05:00:00+00:00,1.069,1.069,1.049,1.058,364531.95
2026-06-04 06:00:00+00:00,1.057,1.072,1.055,1.064,273525.78
2026-06-04 07:00:00+00:00,1.063,1.065,1.047,1.048,561560.24
2026-06-04 08:00:00+00:00,1.049,1.055,1.036,1.045,419687.94
2026-06-04 09:00:00+00:00,1.045,1.045,1.012,1.029,728543.42
2026-06-04 10:00:00+00:00,1.028,1.03,1.011,1.015,912507.04
2026-06-04 11:00:00+00:00,1.016,1.029,1.01,1.029,626725.67
2026-06-04 12:00:00+00:00,1.029,1.054,1.022,1.052,781751.46
2026-06-04 13:00:00+00:00,1.052,1.056,1.032,1.055,476317.86
2026-06-04 14:00:00+00:00,1.055,1.058,1.044,1.051,356881.28
2026-06-04 15:00:00+00:00,1.051,1.067,1.049,1.065,393980.91
2026-06-04 16:00:00+00:00,1.064,1.071,1.056,1.068,360386.4
2026-06-04 17:00:00+00:00,1.068,1.073,1.046,1.058,390040.62
2026-06-04 18:00:00+00:00,1.058,1.072,1.048,1.065,269600.61
2026-06-04 19:00:00+00:00,1.064,1.068,1.056,1.06,189319.0
2026-06-04 20:00:00+00:00,1.06,1.06,1.048,1.054,148513.01
2026-06-04 21:00:00+00:00,1.054,1.059,1.025,1.026,341872.63
2026-06-04 22:00:00+00:00,1.025,1.037,1.022,1.036,383994.72
2026-06-04 23:00:00+00:00,1.036,1.042,1.025,1.038,282916.1
2026-06-05 00:00:00+00:00,1.037,1.043,1.029,1.032,224038.26
2026-06-05 01:00:00+00:00,1.032,1.042,1.022,1.038,242691.45
2026-06-05 02:00:00+00:00,1.038,1.038,1.007,1.01,293822.62
2026-06-05 03:00:00+00:00,1.009,1.021,1.004,1.005,417506.38
2026-06-05 04:00:00+00:00,1.006,1.027,1.003,1.026,503698.64
2026-06-05 05:00:00+00:00,1.026,1.029,0.996,0.999,830325.08
2026-06-05 06:00:00+00:00,0.998,1.001,0.944,0.974,2133098.48
2026-06-05 07:00:00+00:00,0.973,0.996,0.955,0.995,858034.5
2026-06-05 08:00:00+00:00,0.994,0.994,0.977,0.98,353293.93
2026-06-05 09:00:00+00:00,0.98,1.004,0.98,1.003,542790.98
2026-06-05 10:00:00+00:00,1.004,1.005,0.994,1.002,305635.56
2026-06-05 11:00:00+00:00,1.002,1.002,0.991,0.994,326979.61
2026-06-05 12:00:00+00:00,0.994,1.0,0.979,0.989,574596.11
2026-06-05 13:00:00+00:00,0.989,1.004,0.963,0.964,682811.59
2026-06-05 14:00:00+00:00,0.963,0.985,0.956,0.972,1036079.33
2026-06-05 15:00:00+00:00,0.971,0.973,0.943,0.953,1033712.77
2026-06-05 16:00:00+00:00,0.953,0.972,0.93,0.97,1559890.56
2026-06-05 17:00:00+00:00,0.971,0.974,0.955,0.962,492780.3
2026-06-05 18:00:00+00:00,0.961,0.968,0.919,0.925,892380.27
2026-06-05 19:00:00+00:00,0.925,0.942,0.911,0.935,715810.11
2026-06-05 20:00:00+00:00,0.935,0.955,0.923,0.953,567577.68
2026-06-05 21:00:00+00:00,0.953,0.966,0.952,0.96,288167.82
2026-06-05 22:00:00+00:00,0.96,0.963,0.947,0.958,254518.8
2026-06-05 23:00:00+00:00,0.958,0.964,0.931,0.946,744614.73
2026-06-06 00:00:00+00:00,0.947,0.961,0.946,0.959,345157.91
2026-06-06 01:00:00+00:00,0.959,0.962,0.945,0.947,387137.74
2026-06-06 02:00:00+00:00,0.946,0.953,0.937,0.943,378608.15
2026-06-06 03:00:00+00:00,0.942,0.943,0.933,0.933,271704.9
2026-06-06 04:00:00+00:00,0.933,0.937,0.888,0.898,1145316.06
2026-06-06 05:00:00+00:00,0.897,0.93,0.884,0.929,801033.68
2026-06-06 06:00:00+00:00,0.929,0.94,0.924,0.925,449520.19
2026-06-06 07:00:00+00:00,0.926,0.946,0.924,0.944,708190.9
2026-06-06 08:00:00+00:00,0.945,0.956,0.941,0.954,324141.71
2026-06-06 09:00:00+00:00,0.954,0.961,0.939,0.943,356227.34
2026-06-06 10:00:00+00:00,0.943,0.943,0.927,0.936,612873.85
2026-06-06 11:00:00+00:00,0.936,0.948,0.935,0.946,424718.81
2026-06-06 12:00:00+00:00,0.945,0.96,0.941,0.954,559035.79
2026-06-06 13:00:00+00:00,0.954,0.96,0.949,0.952,317615.25
2026-06-06 14:00:00+00:00,0.953,0.96,0.95,0.953,222656.41
2026-06-06 15:00:00+00:00,0.953,0.955,0.932,0.938,431252.97
2026-06-06 16:00:00+00:00,0.938,0.945,0.933,0.942,224509.92
2026-06-06 17:00:00+00:00,0.943,0.944,0.927,0.931,262988.25
2026-06-06 18:00:00+00:00,0.931,0.938,0.93,0.934,208319.54
2026-06-06 19:00:00+00:00,0.934,0.94,0.932,0.932,154320.6
2026-06-06 20:00:00+00:00,0.932,0.936,0.929,0.935,202884.99
2026-06-06 21:00:00+00:00,0.936,0.943,0.934,0.939,124825.23
2026-06-06 22:00:00+00:00,0.939,0.941,0.933,0.937,179326.29
2026-06-06 23:00:00+00:00,0.936,0.945,0.935,0.943,215941.78
2026-06-07 00:00:00+00:00,0.943,0.946,0.94,0.942,167732.78
2026-06-07 01:00:00+00:00,0.941,0.964,0.941,0.961,717047.58
2026-06-07 02:00:00+00:00,0.962,0.962,0.95,0.955,235519.45
2026-06-07 03:00:00+00:00,0.955,0.959,0.952,0.957,136947.8
2026-06-07 04:00:00+00:00,0.957,0.966,0.952,0.963,269881.11
2026-06-07 05:00:00+00:00,0.964,0.968,0.96,0.964,409971.17
2026-06-07 06:00:00+00:00,0.963,0.973,0.959,0.967,252097.5
2026-06-07 07:00:00+00:00,0.967,0.971,0.965,0.969,163225.87
2026-06-07 08:00:00+00:00,0.97,0.979,0.964,0.979,318523.56
2026-06-07 09:00:00+00:00,0.979,0.981,0.97,0.971,251959.63
2026-06-07 10:00:00+00:00,0.97,0.971,0.963,0.965,154847.67
2026-06-07 11:00:00+00:00,0.964,0.975,0.963,0.972,229840.72
2026-06-07 12:00:00+00:00,0.972,0.972,0.95,0.959,655985.08
2026-06-07 13:00:00+00:00,0.958,0.962,0.957,0.961,93598.9
2026-06-07 14:00:00+00:00,0.961,0.973,0.96,0.968,199954.72
2026-06-07 15:00:00+00:00,0.968,0.969,0.959,0.964,733690.29
2026-06-07 16:00:00+00:00,0.964,0.973,0.96,0.969,630870.83
2026-06-07 17:00:00+00:00,0.97,0.974,0.965,0.967,140603.32
2026-06-07 18:00:00+00:00,0.967,0.971,0.96,0.96,227797.48
2026-06-07 19:00:00+00:00,0.961,0.961,0.94,0.944,498640.71
2026-06-07 20:00:00+00:00,0.944,0.956,0.941,0.952,202085.35
2026-06-07 21:00:00+00:00,0.953,0.956,0.945,0.95,121728.35
2026-06-07 22:00:00+00:00,0.95,1.001,0.949,0.97,1197578.78
2026-06-07 23:00:00+00:00,0.969,0.975,0.967,0.974,313314.2
2026-06-08 00:00:00+00:00,0.973,0.984,0.968,0.978,235685.6
2026-06-08 01:00:00+00:00,0.978,0.978,0.958,0.967,293765.74
2026-06-08 02:00:00+00:00,0.968,0.971,0.965,0.969,153689.79
2026-06-08 03:00:00+00:00,0.969,0.975,0.965,0.969,142788.81
2026-06-08 04:00:00+00:00,0.969,0.97,0.958,0.958,99038.22
2026-06-08 05:00:00+00:00,0.958,0.96,0.951,0.957,145213.11
2026-06-08 06:00:00+00:00,0.957,0.966,0.957,0.961,147421.04
2026-06-08 07:00:00+00:00,0.962,0.968,0.957,0.967,205534.76
2026-06-08 08:00:00+00:00,0.966,0.969,0.959,0.961,168151.04
2026-06-08 09:00:00+00:00,0.962,0.97,0.96,0.969,324312.9
2026-06-08 10:00:00+00:00,0.97,0.973,0.963,0.969,295311.36
2026-06-08 11:00:00+00:00,0.968,0.985,0.966,0.981,392972.37
2026-06-08 12:00:00+00:00,0.981,0.986,0.971,0.982,402388.5
2026-06-08 13:00:00+00:00,0.982,0.983,0.971,0.976,426725.93
2026-06-08 14:00:00+00:00,0.977,0.984,0.973,0.983,252536.88
2026-06-08 15:00:00+00:00,0.983,0.991,0.983,0.985,403484.21
2026-06-08 16:00:00+00:00,0.985,0.993,0.98,0.981,207946.34
2026-06-08 17:00:00+00:00,0.981,0.988,0.977,0.988,213175.39
2026-06-08 18:00:00+00:00,0.988,0.991,0.984,0.986,108986.72
2026-06-08 19:00:00+00:00,0.985,0.994,0.985,0.989,182192.48
2026-06-08 20:00:00+00:00,0.989,0.99,0.98,0.985,181672.81
2026-06-08 21:00:00+00:00,0.985,0.996,0.985,0.986,165574.83
2026-06-08 22:00:00+00:00,0.985,0.985,0.978,0.981,145247.87
2026-06-08 23:00:00+00:00,0.981,0.984,0.972,0.974,183775.3
2026-06-09 00:00:00+00:00,0.975,0.976,0.949,0.953,453559.3
2026-06-09 01:00:00+00:00,0.952,0.963,0.951,0.959,254342.41
2026-06-09 02:00:00+00:00,0.959,0.962,0.952,0.958,101452.07
2026-06-09 03:00:00+00:00,0.958,0.961,0.953,0.958,102385.32
2026-06-09 04:00:00+00:00,0.957,0.975,0.955,0.971,356494.72
2026-06-09 05:00:00+00:00,0.971,0.978,0.967,0.975,165866.36
2026-06-09 06:00:00+00:00,0.976,0.978,0.97,0.971,147338.13
2026-06-09 07:00:00+00:00,0.972,0.977,0.968,0.971,167889.81
2026-06-09 08:00:00+00:00,0.972,0.973,0.965,0.968,130063.42
2026-06-09 09:00:00+00:00,0.969,0.971,0.962,0.965,124778.83
2026-06-09 10:00:00+00:00,0.966,0.97,0.963,0.968,215073.51
2026-06-09 11:00:00+00:00,0.968,0.97,0.962,0.967,123035.23
2026-06-09 12:00:00+00:00,0.967,0.973,0.966,0.972,152276.02
2026-06-09 13:00:00+00:00,0.972,0.974,0.964,0.97,243204.27
2026-06-09 14:00:00+00:00,0.969,0.971,0.945,0.954,473372.43
2026-06-09 15:00:00+00:00,0.955,0.959,0.942,0.942,262435.09
2026-06-09 16:00:00+00:00,0.942,0.945,0.928,0.938,696723.2
2026-06-09 17:00:00+00:00,0.939,0.956,0.938,0.953,393735.57
2026-06-09 18:00:00+00:00,0.953,0.963,0.951,0.96,235277.6
2026-06-09 19:00:00+00:00,0.959,0.966,0.957,0.965,152463.23
2026-06-09 20:00:00+00:00,0.965,0.969,0.962,0.967,123854.49
2026-06-09 21:00:00+00:00,0.968,0.968,0.955,0.957,134814.96
2026-06-09 22:00:00+00:00,0.957,0.961,0.954,0.956,108770.92
2026-06-09 23:00:00+00:00,0.957,0.961,0.955,0.957,127364.96
2026-06-10 00:00:00+00:00,0.957,0.962,0.953,0.962,108800.88
2026-06-10 01:00:00+00:00,0.963,0.966,0.955,0.958,91899.79
2026-06-10 02:00:00+00:00,0.958,0.96,0.945,0.948,130743.91
2026-06-10 03:00:00+00:00,0.947,0.955,0.946,0.95,196079.39
2026-06-10 04:00:00+00:00,0.95,0.951,0.942,0.944,106254.84
2026-06-10 05:00:00+00:00,0.944,0.945,0.938,0.942,93286.6
2026-06-10 06:00:00+00:00,0.941,0.945,0.938,0.942,141996.8
2026-06-10 07:00:00+00:00,0.942,0.95,0.942,0.947,121158.6
2026-06-10 08:00:00+00:00,0.947,0.947,0.936,0.937,194594.26
2026-06-10 09:00:00+00:00,0.938,0.94,0.93,0.939,161648.16
2026-06-10 10:00:00+00:00,0.938,0.94,0.934,0.939,136109.03
2026-06-10 11:00:00+00:00,0.939,0.94,0.924,0.93,440620.15
2026-06-10 12:00:00+00:00,0.929,0.95,0.928,0.942,433497.01
2026-06-10 13:00:00+00:00,0.942,0.96,0.941,0.95,430704.96
2026-06-10 14:00:00+00:00,0.95,0.953,0.94,0.946,288164.63
2026-06-10 15:00:00+00:00,0.946,0.954,0.94,0.95,343743.13
2026-06-10 16:00:00+00:00,0.95,0.953,0.933,0.94,186893.22
2026-06-10 17:00:00+00:00,0.939,0.943,0.924,0.931,363808.52
2026-06-10 18:00:00+00:00,0.931,0.933,0.924,0.931,205336.01
2026-06-10 19:00:00+00:00,0.931,0.932,0.918,0.922,258125.53
2026-06-10 20:00:00+00:00,0.923,0.925,0.913,0.917,344368.79
2026-06-10 21:00:00+00:00,0.916,0.916,0.905,0.908,407960.7
2026-06-10 22:00:00+00:00,0.909,0.916,0.903,0.911,281827.85
2026-06-10 23:00:00+00:00,0.91,0.918,0.906,0.916,296615.27
2026-06-11 00:00:00+00:00,0.917,0.926,0.917,0.925,163371.38
2026-06-11 01:00:00+00:00,0.925,0.938,0.925,0.935,204700.5
2026-06-11 02:00:00+00:00,0.935,0.936,0.925,0.929,96221.48
2026-06-11 03:00:00+00:00,0.929,0.95,0.927,0.946,349466.46
2026-06-11 04:00:00+00:00,0.947,0.954,0.942,0.949,221523.06
2026-06-11 05:00:00+00:00,0.949,0.95,0.945,0.945,121688.56
2026-06-11 06:00:00+00:00,0.944,0.95,0.941,0.944,154906.04
2026-06-11 07:00:00+00:00,0.945,0.952,0.944,0.948,127109.37
2026-06-11 08:00:00+00:00,0.949,0.96,0.948,0.955,302095.99
2026-06-11 09:00:00+00:00,0.955,0.956,0.946,0.946,181886.08
2026-06-11 10:00:00+00:00,0.947,0.95,0.944,0.95,108740.48
2026-06-11 11:00:00+00:00,0.949,0.958,0.947,0.954,257159.9
2026-06-11 12:00:00+00:00,0.954,0.954,0.935,0.946,629524.25
2026-06-11 13:00:00+00:00,0.945,0.953,0.942,0.948,275352.07
2026-06-11 14:00:00+00:00,0.947,0.949,0.942,0.945,228209.47
2026-06-11 15:00:00+00:00,0.944,0.949,0.939,0.946,150428.88
2026-06-11 16:00:00+00:00,0.946,0.951,0.943,0.944,215566.89
2026-06-11 17:00:00+00:00,0.944,0.974,0.941,0.971,931304.89
2026-06-11 18:00:00+00:00,0.971,0.975,0.961,0.964,314942.4
2026-06-11 19:00:00+00:00,0.963,0.971,0.959,0.963,408469.62
2026-06-11 20:00:00+00:00,0.964,0.964,0.955,0.959,207862.1
2026-06-11 21:00:00+00:00,0.959,0.967,0.959,0.961,112822.9
2026-06-11 22:00:00+00:00,0.961,0.963,0.956,0.956,136844.09
2026-06-11 23:00:00+00:00,0.955,0.957,0.95,0.951,247431.74
2026-06-12 00:00:00+00:00,0.952,0.956,0.95,0.951,131997.56
2026-06-12 01:00:00+00:00,0.95,0.951,0.945,0.948,149151.95
2026-06-12 02:00:00+00:00,0.949,0.954,0.948,0.95,95988.27
2026-06-12 03:00:00+00:00,0.951,0.955,0.948,0.954,263199.07
2026-06-12 04:00:00+00:00,0.955,0.96,0.951,0.958,244724.0
2026-06-12 05:00:00+00:00,0.957,0.958,0.95,0.951,209362.7
2026-06-12 06:00:00+00:00,0.951,0.953,0.941,0.942,238644.56
2026-06-12 07:00:00+00:00,0.942,0.95,0.942,0.946,132514.97
2026-06-12 08:00:00+00:00,0.947,0.959,0.946,0.957,211927.87
2026-06-12 09:00:00+00:00,0.957,0.968,0.955,0.964,306931.52
2026-06-12 10:00:00+00:00,0.963,0.969,0.96,0.966,306433.4
2026-06-12 11:00:00+00:00,0.966,0.969,0.964,0.967,208959.62
2026-06-12 12:00:00+00:00,0.967,0.972,0.959,0.962,307164.52
2026-06-12 13:00:00+00:00,0.962,0.964,0.951,0.955,380574.81
2026-06-12 14:00:00+00:00,0.955,0.974,0.954,0.971,425613.84
2026-06-12 15:00:00+00:00,0.972,0.975,0.949,0.95,591635.3
2026-06-12 16:00:00+00:00,0.949,0.963,0.946,0.962,406279.2
2026-06-12 17:00:00+00:00,0.963,0.968,0.958,0.958,214634.66
2026-06-12 18:00:00+00:00,0.959,0.961,0.953,0.955,258995.13
2026-06-12 19:00:00+00:00,0.956,0.964,0.956,0.957,241246.85
2026-06-12 20:00:00+00:00,0.958,0.961,0.955,0.956,189604.52
2026-06-12 21:00:00+00:00,0.957,0.96,0.95,0.952,152331.04
2026-06-12 22:00:00+00:00,0.952,0.957,0.951,0.955,205727.35
2026-06-12 23:00:00+00:00,0.956,0.958,0.952,0.957,173367.42
2026-06-13 00:00:00+00:00,0.958,0.964,0.956,0.962,169147.71
2026-06-13 01:00:00+00:00,0.962,0.972,0.962,0.969,327609.73
2026-06-13 02:00:00+00:00,0.969,0.971,0.964,0.969,172001.8
2026-06-13 03:00:00+00:00,0.969,0.971,0.962,0.968,389979.01
2026-06-13 04:00:00+00:00,0.967,0.972,0.963,0.965,133226.4
2026-06-13 05:00:00+00:00,0.966,0.968,0.961,0.967,220170.91
2026-06-13 06:00:00+00:00,0.968,0.983,0.966,0.979,499742.09
2026-06-13 07:00:00+00:00,0.979,0.995,0.972,0.993,1094685.17
2026-06-13 08:00:00+00:00,0.993,0.995,0.982,0.982,529158.67
2026-06-13 09:00:00+00:00,0.982,0.986,0.981,0.983,207156.95
2026-06-13 10:00:00+00:00,0.984,0.986,0.979,0.98,202733.13
2026-06-13 11:00:00+00:00,0.98,0.985,0.978,0.985,132354.27
2026-06-13 12:00:00+00:00,0.986,0.995,0.985,0.99,299247.76
2026-06-13 13:00:00+00:00,0.99,0.992,0.983,0.987,284458.72
2026-06-13 14:00:00+00:00,0.987,0.99,0.982,0.989,202748.15
2026-06-13 15:00:00+00:00,0.989,0.995,0.987,0.991,405574.82
2026-06-13 16:00:00+00:00,0.991,0.991,0.979,0.986,392984.38
2026-06-13 17:00:00+00:00,0.986,0.989,0.979,0.981,187686.5
2026-06-13 18:00:00+00:00,0.981,0.984,0.976,0.978,166901.4
2026-06-13 19:00:00+00:00,0.978,0.983,0.976,0.979,204049.11
2026-06-13 20:00:00+00:00,0.979,0.981,0.977,0.98,140529.81
2026-06-13 21:00:00+00:00,0.98,0.987,0.977,0.982,121161.45
2026-06-13 22:00:00+00:00,0.983,0.985,0.98,0.981,127766.47
2026-06-13 23:00:00+00:00,0.981,0.984,0.979,0.98,157555.82
2026-06-14 00:00:00+00:00,0.981,0.981,0.976,0.979,141670.48
2026-06-14 01:00:00+00:00,0.979,0.984,0.978,0.981,161652.16
2026-06-14 02:00:00+00:00,0.98,0.985,0.977,0.978,818602.02
2026-06-14 03:00:00+00:00,0.978,0.979,0.975,0.978,180449.36
2026-06-14 04:00:00+00:00,0.978,0.979,0.968,0.97,140079.66
2026-06-14 05:00:00+00:00,0.969,0.972,0.965,0.97,148551.05
2026-06-14 06:00:00+00:00,0.97,0.974,0.966,0.966,153774.85
2026-06-14 07:00:00+00:00,0.966,0.97,0.964,0.966,135462.84
2026-06-14 08:00:00+00:00,0.967,0.972,0.965,0.97,138113.96
2026-06-14 09:00:00+00:00,0.97,0.973,0.966,0.972,155653.39
2026-06-14 10:00:00+00:00,0.972,0.974,0.969,0.969,93960.75
2026-06-14 11:00:00+00:00,0.968,0.971,0.967,0.969,88528.12
2026-06-14 12:00:00+00:00,0.969,0.971,0.963,0.964,188635.33
2026-06-14 13:00:00+00:00,0.964,0.966,0.96,0.963,240000.34
2026-06-14 14:00:00+00:00,0.962,0.963,0.951,0.956,342802.94
2026-06-14 15:00:00+00:00,0.957,0.96,0.956,0.958,135612.14
2026-06-14 16:00:00+00:00,0.957,0.962,0.956,0.958,201899.06
2026-06-14 17:00:00+00:00,0.957,0.958,0.95,0.951,174133.38
2026-06-14 18:00:00+00:00,0.952,0.954,0.949,0.952,122636.67
2026-06-14 19:00:00+00:00,0.952,0.956,0.949,0.952,100978.04
2026-06-14 20:00:00+00:00,0.952,0.958,0.949,0.956,219406.04
2026-06-14 21:00:00+00:00,0.956,0.993,0.955,0.985,549440.31
2026-06-14 22:00:00+00:00,0.986,0.993,0.981,0.987,548248.94
2026-06-14 23:00:00+00:00,0.987,0.998,0.983,0.998,376152.89
2026-06-15 00:00:00+00:00,0.998,1.002,0.99,0.993,769985.45
2026-06-15 01:00:00+00:00,0.993,0.996,0.985,0.991,306168.04
2026-06-15 02:00:00+00:00,0.99,1.0,0.989,0.995,218386.2
2026-06-15 03:00:00+00:00,0.996,1.004,0.994,1.0,344655.02
2026-06-15 04:00:00+00:00,1.0,1.004,0.997,1.0,285876.29
2026-06-15 05:00:00+00:00,1.0,1.011,0.998,1.006,413199.53
2026-06-15 06:00:00+00:00,1.005,1.008,1.002,1.004,303490.07
2026-06-15 07:00:00+00:00,1.005,1.008,0.998,0.999,287417.0
2026-06-15 08:00:00+00:00,0.999,1.005,0.998,1.001,220114.53
2026-06-15 09:00:00+00:00,1.001,1.005,0.999,1.005,213430.08
2026-06-15 10:00:00+00:00,1.005,1.02,1.003,1.017,550229.12
2026-06-15 11:00:00+00:00,1.016,1.029,1.012,1.023,871421.81
2026-06-15 12:00:00+00:00,1.022,1.03,1.016,1.027,551887.85
2026-06-15 13:00:00+00:00,1.027,1.044,1.027,1.036,787946.18
2026-06-15 14:00:00+00:00,1.036,1.036,1.027,1.031,616470.04
2026-06-15 15:00:00+00:00,1.031,1.047,1.028,1.045,638545.71
2026-06-15 16:00:00+00:00,1.045,1.046,1.036,1.037,359700.1
2026-06-15 17:00:00+00:00,1.036,1.038,1.027,1.034,458958.78
2026-06-15 18:00:00+00:00,1.034,1.036,1.031,1.031,186209.61
2026-06-15 19:00:00+00:00,1.031,1.035,1.016,1.02,445356.14
2026-06-15 20:00:00+00:00,1.021,1.025,1.014,1.016,268646.63
2026-06-15 21:00:00+00:00,1.017,1.021,1.015,1.016,194919.07
2026-06-15 22:00:00+00:00,1.016,1.018,1.001,1.005,514547.65
2026-06-15 23:00:00+00:00,1.005,1.012,1.002,1.011,326514.02
2026-06-16 00:00:00+00:00,1.011,1.016,1.008,1.011,253648.09
2026-06-16 01:00:00+00:00,1.011,1.018,1.01,1.011,207992.86
2026-06-16 02:00:00+00:00,1.01,1.012,0.995,0.999,404723.88
2026-06-16 03:00:00+00:00,1.0,1.011,0.997,1.011,88038.02
2026-06-16 04:00:00+00:00,1.01,1.012,1.001,1.002,90695.89
2026-06-16 05:00:00+00:00,1.003,1.009,1.002,1.006,110954.08
2026-06-16 06:00:00+00:00,1.007,1.013,1.007,1.011,161615.56
2026-06-16 07:00:00+00:00,1.011,1.018,1.009,1.016,207014.4
2026-06-16 08:00:00+00:00,1.017,1.032,1.015,1.032,468475.85
2026-06-16 09:00:00+00:00,1.032,1.032,1.021,1.023,246370.2
2026-06-16 10:00:00+00:00,1.023,1.029,1.019,1.024,202166.82
2026-06-16 11:00:00+00:00,1.024,1.026,1.017,1.022,113792.16
2026-06-16 12:00:00+00:00,1.022,1.034,1.019,1.027,304635.19
2026-06-16 13:00:00+00:00,1.027,1.032,1.011,1.013,390396.54
2026-06-16 14:00:00+00:00,1.014,1.017,0.988,0.997,609787.08
2026-06-16 15:00:00+00:00,0.997,1.006,0.995,1.002,202335.03
2026-06-16 16:00:00+00:00,1.002,1.004,0.998,1.001,198391.23
2026-06-16 17:00:00+00:00,1.002,1.013,1.001,1.012,151939.32
2026-06-16 18:00:00+00:00,1.013,1.023,1.011,1.014,236938.59
2026-06-16 19:00:00+00:00,1.014,1.015,1.005,1.01,198120.68
2026-06-16 20:00:00+00:00,1.011,1.023,1.007,1.02,195876.44
2026-06-16 21:00:00+00:00,1.021,1.023,1.014,1.016,63583.84
2026-06-16 22:00:00+00:00,1.016,1.021,1.014,1.019,68020.9
2026-06-16 23:00:00+00:00,1.018,1.02,1.012,1.013,67186.34
2026-06-17 00:00:00+00:00,1.014,1.022,1.014,1.019,214173.5
2026-06-17 01:00:00+00:00,1.019,1.031,1.014,1.031,277810.5
2026-06-17 02:00:00+00:00,1.031,1.037,1.025,1.032,331895.05
2026-06-17 03:00:00+00:00,1.033,1.033,1.021,1.025,233203.76
2026-06-17 04:00:00+00:00,1.026,1.033,1.023,1.028,160602.09
2026-06-17 05:00:00+00:00,1.029,1.033,1.021,1.026,214457.89
2026-06-17 06:00:00+00:00,1.026,1.031,1.019,1.024,234234.63
2026-06-17 07:00:00+00:00,1.024,1.031,1.018,1.023,282979.9
2026-06-17 08:00:00+00:00,1.024,1.024,1.004,1.009,168278.48
2026-06-17 09:00:00+00:00,1.009,1.015,1.008,1.014,145640.7
2026-06-17 10:00:00+00:00,1.014,1.016,1.008,1.009,102409.7
2026-06-17 11:00:00+00:00,1.009,1.011,1.0,1.005,296535.51
2026-06-17 12:00:00+00:00,1.006,1.015,1.001,1.015,212177.11
2026-06-17 13:00:00+00:00,1.015,1.019,1.01,1.012,220829.75
2026-06-17 14:00:00+00:00,1.012,1.018,1.004,1.011,408765.28
2026-06-17 15:00:00+00:00,1.011,1.039,1.01,1.037,479683.38
2026-06-17 16:00:00+00:00,1.038,1.043,1.026,1.027,324109.91
2026-06-17 17:00:00+00:00,1.028,1.037,1.022,1.036,274476.18
2026-06-17 18:00:00+00:00,1.036,1.038,1.006,1.027,805205.76
2026-06-17 19:00:00+00:00,1.026,1.029,0.993,0.998,831142.41
2026-06-17 20:00:00+00:00,0.999,1.01,0.994,1.008,441068.95
2026-06-17 21:00:00+00:00,1.008,1.008,0.997,1.0,216865.52
2026-06-17 22:00:00+00:00,1.001,1.007,0.986,1.002,309920.41
2026-06-17 23:00:00+00:00,1.002,1.009,1.002,1.004,163502.77
2026-06-18 00:00:00+00:00,1.004,1.008,1.001,1.003,120832.87
2026-06-18 01:00:00+00:00,1.003,1.01,1.0,1.001,119949.43
2026-06-18 02:00:00+00:00,1.003,1.007,0.998,1.002,95915.53
2026-06-18 03:00:00+00:00,1.001,1.001,0.981,0.982,415395.24
2026-06-18 04:00:00+00:00,0.983,0.983,0.969,0.974,466234.29
2026-06-18 05:00:00+00:00,0.974,0.976,0.967,0.975,298516.79
2026-06-18 06:00:00+00:00,0.975,0.981,0.971,0.981,259912.33
2026-06-18 07:00:00+00:00,0.98,0.987,0.979,0.984,186722.98
2026-06-18 08:00:00+00:00,0.984,0.987,0.979,0.984,98900.67
2026-06-18 09:00:00+00:00,0.983,0.987,0.981,0.984,156893.01
2026-06-18 10:00:00+00:00,0.985,0.985,0.977,0.98,197143.36
2026-06-18 11:00:00+00:00,0.981,0.983,0.972,0.974,201466.58
2026-06-18 12:00:00+00:00,0.974,0.982,0.972,0.982,193639.05
2026-06-18 13:00:00+00:00,0.982,0.985,0.968,0.974,436039.74
2026-06-18 14:00:00+00:00,0.975,0.986,0.971,0.979,395679.59
2026-06-18 15:00:00+00:00,0.979,0.979,0.94,0.945,980799.13
2026-06-18 16:00:00+00:00,0.945,0.958,0.944,0.957,368913.1
2026-06-18 17:00:00+00:00,0.957,0.958,0.947,0.954,446989.11
2026-06-18 18:00:00+00:00,0.955,0.961,0.952,0.956,453830.43
2026-06-18 19:00:00+00:00,0.956,0.966,0.955,0.964,363527.46
2026-06-18 20:00:00+00:00,0.965,0.975,0.965,0.973,163820.04
2026-06-18 21:00:00+00:00,0.973,0.974,0.966,0.969,83903.7
2026-06-18 22:00:00+00:00,0.969,0.971,0.966,0.97,107297.81
2026-06-18 23:00:00+00:00,0.97,0.975,0.966,0.974,144011.55
2026-06-19 00:00:00+00:00,0.975,0.981,0.971,0.977,311396.17
2026-06-19 01:00:00+00:00,0.977,0.981,0.972,0.979,119213.83
2026-06-19 02:00:00+00:00,0.98,0.982,0.972,0.977,124311.72
2026-06-19 03:00:00+00:00,0.978,0.978,0.958,0.966,371791.02
2026-06-19 04:00:00+00:00,0.967,0.971,0.953,0.954,226924.97
2026-06-19 05:00:00+00:00,0.955,0.963,0.954,0.963,123058.46
2026-06-19 06:00:00+00:00,0.962,0.965,0.957,0.961,150756.76
2026-06-19 07:00:00+00:00,0.961,0.961,0.951,0.955,274959.94
2026-06-19 08:00:00+00:00,0.955,0.96,0.954,0.957,135343.12
2026-06-19 09:00:00+00:00,0.958,0.959,0.952,0.954,176519.63
2026-06-19 10:00:00+00:00,0.954,0.956,0.949,0.952,242443.09
2026-06-19 11:00:00+00:00,0.952,0.954,0.95,0.951,137756.1
2026-06-19 12:00:00+00:00,0.951,0.959,0.947,0.958,272095.3
2026-06-19 13:00:00+00:00,0.958,0.972,0.955,0.967,300767.53
2026-06-19 14:00:00+00:00,0.968,0.972,0.964,0.964,227218.08
2026-06-19 15:00:00+00:00,0.965,0.97,0.962,0.968,153704.62
2026-06-19 16:00:00+00:00,0.969,0.971,0.954,0.955,238461.85
2026-06-19 17:00:00+00:00,0.955,0.966,0.954,0.962,171229.02
2026-06-19 18:00:00+00:00,0.961,0.962,0.95,0.956,253344.15
2026-06-19 19:00:00+00:00,0.955,0.956,0.95,0.952,200725.91
2026-06-19 20:00:00+00:00,0.953,0.96,0.95,0.96,105088.06
2026-06-19 21:00:00+00:00,0.96,0.96,0.952,0.953,121772.94
2026-06-19 22:00:00+00:00,0.953,0.957,0.951,0.956,74318.91
2026-06-19 23:00:00+00:00,0.957,0.964,0.955,0.961,97489.76
2026-06-20 00:00:00+00:00,0.961,0.968,0.96,0.961,187512.48
2026-06-20 01:00:00+00:00,0.961,0.965,0.959,0.961,58437.75
2026-06-20 02:00:00+00:00,0.961,0.963,0.955,0.956,74385.6
2026-06-20 03:00:00+00:00,0.956,0.958,0.954,0.957,96068.42
2026-06-20 04:00:00+00:00,0.957,0.963,0.956,0.963,59235.05
2026-06-20 05:00:00+00:00,0.963,0.974,0.962,0.967,232785.1
2026-06-20 06:00:00+00:00,0.968,0.97,0.963,0.966,143386.1
2026-06-20 07:00:00+00:00,0.966,0.968,0.961,0.964,122337.08
2026-06-20 08:00:00+00:00,0.964,0.966,0.96,0.966,161859.72
2026-06-20 09:00:00+00:00,0.966,0.971,0.965,0.97,119005.56
2026-06-20 10:00:00+00:00,0.969,0.971,0.963,0.966,101687.78
2026-06-20 11:00:00+00:00,0.965,0.967,0.964,0.964,71396.19
2026-06-20 12:00:00+00:00,0.965,0.968,0.961,0.963,94297.32
2026-06-20 13:00:00+00:00,0.963,0.966,0.956,0.959,167269.85
2026-06-20 14:00:00+00:00,0.958,0.97,0.949,0.964,296696.82
2026-06-20 15:00:00+00:00,0.964,0.972,0.96,0.969,455620.18
2026-06-20 16:00:00+00:00,0.969,0.97,0.96,0.966,104745.09
2026-06-20 17:00:00+00:00,0.966,0.966,0.955,0.96,195918.67
2026-06-20 18:00:00+00:00,0.96,0.964,0.957,0.958,197819.51
2026-06-20 19:00:00+00:00,0.957,0.961,0.956,0.959,74506.62
2026-06-20 20:00:00+00:00,0.959,0.962,0.957,0.961,64257.98
2026-06-20 21:00:00+00:00,0.961,0.968,0.96,0.967,197396.2
2026-06-20 22:00:00+00:00,0.967,0.975,0.964,0.974,304216.66
2026-06-20 23:00:00+00:00,0.974,0.976,0.969,0.969,75383.48
2026-06-21 00:00:00+00:00,0.97,0.973,0.968,0.972,63828.35
2026-06-21 01:00:00+00:00,0.973,0.973,0.967,0.97,57542.05
2026-06-21 02:00:00+00:00,0.97,0.97,0.966,0.97,54492.71
2026-06-21 03:00:00+00:00,0.969,0.974,0.967,0.971,109733.76
2026-06-21 04:00:00+00:00,0.972,0.974,0.966,0.966,85925.83
2026-06-21 05:00:00+00:00,0.967,0.97,0.963,0.965,108558.48
2026-06-21 06:00:00+00:00,0.966,0.969,0.965,0.969,94144.77
2026-06-21 07:00:00+00:00,0.968,0.972,0.965,0.968,87420.79
2026-06-21 08:00:00+00:00,0.968,0.97,0.96,0.966,41148.76
2026-06-21 09:00:00+00:00,0.967,0.974,0.964,0.973,269087.38
2026-06-21 10:00:00+00:00,0.973,0.975,0.97,0.97,59933.4
2026-06-21 11:00:00+00:00,0.971,0.971,0.963,0.965,99656.54
2026-06-21 12:00:00+00:00,0.965,0.968,0.961,0.968,76277.17
2026-06-21 13:00:00+00:00,0.967,0.97,0.965,0.969,138442.25
2026-06-21 14:00:00+00:00,0.969,0.97,0.965,0.967,43298.89
2026-06-21 15:00:00+00:00,0.968,0.973,0.967,0.971,296316.17
2026-06-21 16:00:00+00:00,0.97,0.97,0.96,0.964,130180.92
2026-06-21 17:00:00+00:00,0.964,0.967,0.961,0.962,95564.05
2026-06-21 18:00:00+00:00,0.962,0.966,0.957,0.965,151121.2
2026-06-21 19:00:00+00:00,0.965,0.967,0.964,0.965,57406.33
2026-06-21 20:00:00+00:00,0.965,0.965,0.956,0.957,125371.34
2026-06-21 21:00:00+00:00,0.958,0.958,0.943,0.951,386128.0
2026-06-21 22:00:00+00:00,0.951,0.953,0.946,0.95,191776.05
2026-06-21 23:00:00+00:00,0.949,0.949,0.94,0.941,282902.44
2026-06-22 00:00:00+00:00,0.942,0.957,0.942,0.956,350963.12
2026-06-22 01:00:00+00:00,0.956,0.972,0.953,0.963,406502.31
2026-06-22 02:00:00+00:00,0.963,0.963,0.956,0.957,74023.74
2026-06-22 03:00:00+00:00,0.956,0.959,0.949,0.951,202016.34
2026-06-22 04:00:00+00:00,0.951,0.956,0.949,0.955,135773.31
2026-06-22 05:00:00+00:00,0.956,0.959,0.955,0.958,67759.6
2026-06-22 06:00:00+00:00,0.959,0.961,0.957,0.959,108639.16
2026-06-22 07:00:00+00:00,0.959,0.966,0.957,0.964,174578.03
2026-06-22 08:00:00+00:00,0.964,0.966,0.961,0.963,111207.87
2026-06-22 09:00:00+00:00,0.963,0.964,0.958,0.96,76567.92
2026-06-22 10:00:00+00:00,0.959,0.961,0.955,0.959,93740.48
2026-06-22 11:00:00+00:00,0.959,0.973,0.957,0.971,259953.83
2026-06-22 12:00:00+00:00,0.971,0.975,0.969,0.972,176133.4
2026-06-22 13:00:00+00:00,0.972,0.979,0.968,0.977,272730.28
2026-06-22 14:00:00+00:00,0.978,0.978,0.961,0.967,224608.18
2026-06-22 15:00:00+00:00,0.966,0.969,0.956,0.958,290706.77
2026-06-22 16:00:00+00:00,0.958,0.962,0.955,0.961,219371.88
2026-06-22 17:00:00+00:00,0.96,0.962,0.952,0.957,101383.14
2026-06-22 18:00:00+00:00,0.956,0.958,0.944,0.946,229378.57
2026-06-22 19:00:00+00:00,0.946,0.947,0.941,0.945,177160.54
2026-06-22 20:00:00+00:00,0.945,0.95,0.944,0.948,77322.36
2026-06-22 21:00:00+00:00,0.947,0.949,0.941,0.944,58432.78
2026-06-22 22:00:00+00:00,0.944,0.947,0.929,0.934,379709.7
2026-06-22 23:00:00+00:00,0.935,0.938,0.932,0.937,70730.85
2026-06-23 00:00:00+00:00,0.936,0.937,0.928,0.934,74643.01
2026-06-23 01:00:00+00:00,0.934,0.937,0.928,0.934,87941.91
2026-06-23 02:00:00+00:00,0.934,0.938,0.932,0.937,80289.6
2026-06-23 03:00:00+00:00,0.937,0.938,0.932,0.937,93640.58
2026-06-23 04:00:00+00:00,0.937,0.939,0.928,0.93,247506.9
2026-06-23 05:00:00+00:00,0.93,0.934,0.928,0.931,203487.87
2026-06-23 06:00:00+00:00,0.931,0.931,0.908,0.912,578322.21
2026-06-23 07:00:00+00:00,0.912,0.914,0.905,0.906,365375.91
2026-06-23 08:00:00+00:00,0.906,0.908,0.883,0.892,846459.75
2026-06-23 09:00:00+00:00,0.892,0.897,0.891,0.895,201537.17
2026-06-23 10:00:00+00:00,0.896,0.9,0.893,0.897,227393.92
2026-06-23 11:00:00+00:00,0.897,0.906,0.897,0.904,255574.4
2026-06-23 12:00:00+00:00,0.905,0.905,0.899,0.902,132199.82
2026-06-23 13:00:00+00:00,0.901,0.908,0.896,0.907,316353.4
2026-06-23 14:00:00+00:00,0.908,0.912,0.901,0.902,359091.29
2026-06-23 15:00:00+00:00,0.902,0.903,0.893,0.899,213588.07
2026-06-23 16:00:00+00:00,0.9,0.906,0.899,0.9,239190.66
2026-06-23 17:00:00+00:00,0.899,0.904,0.896,0.896,138136.65
2026-06-23 18:00:00+00:00,0.897,0.9,0.896,0.9,124964.26
2026-06-23 19:00:00+00:00,0.899,0.905,0.899,0.904,99910.01
2026-06-23 20:00:00+00:00,0.904,0.909,0.904,0.909,80821.85
2026-06-23 21:00:00+00:00,0.909,0.912,0.908,0.909,60156.15
2026-06-23 22:00:00+00:00,0.91,0.915,0.908,0.909,124587.82
2026-06-23 23:00:00+00:00,0.909,0.912,0.906,0.91,95015.98
2026-06-24 00:00:00+00:00,0.91,0.916,0.91,0.914,359660.96
2026-06-24 01:00:00+00:00,0.915,0.92,0.91,0.914,212566.68
2026-06-24 02:00:00+00:00,0.915,0.915,0.908,0.909,138477.07
2026-06-24 03:00:00+00:00,0.909,0.909,0.903,0.907,157863.16
2026-06-24 04:00:00+00:00,0.906,0.907,0.897,0.906,287616.49
2026-06-24 05:00:00+00:00,0.906,0.912,0.905,0.91,261250.52
2026-06-24 06:00:00+00:00,0.911,0.911,0.907,0.909,75308.65
2026-06-24 07:00:00+00:00,0.908,0.909,0.904,0.906,109237.88
2026-06-24 08:00:00+00:00,0.906,0.909,0.905,0.907,124619.58
2026-06-24 09:00:00+00:00,0.908,0.908,0.901,0.904,56107.5
2026-06-24 10:00:00+00:00,0.903,0.905,0.899,0.9,128591.18
2026-06-24 11:00:00+00:00,0.9,0.913,0.895,0.907,283721.1
2026-06-24 12:00:00+00:00,0.907,0.908,0.9,0.902,131747.22
2026-06-24 13:00:00+00:00,0.901,0.901,0.883,0.888,688582.99
2026-06-24 14:00:00+00:00,0.887,0.896,0.884,0.893,462109.09
2026-06-24 15:00:00+00:00,0.893,0.893,0.867,0.872,673666.04
2026-06-24 16:00:00+00:00,0.873,0.885,0.848,0.855,1259440.76
2026-06-24 17:00:00+00:00,0.854,0.863,0.842,0.847,616560.18
2026-06-24 18:00:00+00:00,0.847,0.866,0.844,0.861,323142.79
2026-06-24 19:00:00+00:00,0.862,0.868,0.859,0.868,252413.72
2026-06-24 20:00:00+00:00,0.868,0.886,0.867,0.883,313162.16
2026-06-24 21:00:00+00:00,0.883,0.889,0.878,0.889,131854.6
2026-06-24 22:00:00+00:00,0.888,0.893,0.882,0.884,158988.79
2026-06-24 23:00:00+00:00,0.883,0.888,0.883,0.888,69047.16
2026-06-25 00:00:00+00:00,0.888,0.89,0.885,0.886,133225.73
2026-06-25 01:00:00+00:00,0.887,0.89,0.886,0.888,48355.17
2026-06-25 02:00:00+00:00,0.888,0.891,0.885,0.886,52923.15
2026-06-25 03:00:00+00:00,0.885,0.886,0.88,0.882,62301.27
2026-06-25 04:00:00+00:00,0.882,0.89,0.879,0.889,81369.48
2026-06-25 05:00:00+00:00,0.889,0.899,0.889,0.893,190331.16
2026-06-25 06:00:00+00:00,0.893,0.896,0.892,0.893,77815.79
2026-06-25 07:00:00+00:00,0.894,0.895,0.89,0.892,86358.6
2026-06-25 08:00:00+00:00,0.891,0.892,0.887,0.887,60015.22
2026-06-25 09:00:00+00:00,0.887,0.891,0.886,0.889,226497.67
2026-06-25 10:00:00+00:00,0.889,0.889,0.88,0.881,99425.52
2026-06-25 11:00:00+00:00,0.881,0.881,0.876,0.877,146591.73
2026-06-25 12:00:00+00:00,0.877,0.886,0.872,0.879,193454.45
2026-06-25 13:00:00+00:00,0.88,0.887,0.819,0.823,1401149.6
2026-06-25 14:00:00+00:00,0.824,0.86,0.824,0.846,830147.58
2026-06-25 15:00:00+00:00,0.846,0.854,0.837,0.853,318081.38
2026-06-25 16:00:00+00:00,0.853,0.862,0.842,0.85,344279.14
2026-06-25 17:00:00+00:00,0.85,0.862,0.85,0.862,305703.49
2026-06-25 18:00:00+00:00,0.862,0.864,0.845,0.848,479221.65
2026-06-25 19:00:00+00:00,0.849,0.849,0.838,0.842,239522.33
2026-06-25 20:00:00+00:00,0.843,0.849,0.84,0.841,139464.83
2026-06-25 21:00:00+00:00,0.842,0.854,0.841,0.853,101524.35
2026-06-25 22:00:00+00:00,0.853,0.853,0.842,0.843,216657.21
2026-06-25 23:00:00+00:00,0.844,0.85,0.842,0.844,153377.77
2026-06-26 00:00:00+00:00,0.843,0.847,0.84,0.841,183932.16
2026-06-26 01:00:00+00:00,0.841,0.842,0.825,0.827,369099.28
2026-06-26 02:00:00+00:00,0.828,0.828,0.805,0.808,788816.95
2026-06-26 03:00:00+00:00,0.808,0.834,0.804,0.834,819616.42
2026-06-26 04:00:00+00:00,0.834,0.834,0.827,0.828,179590.5
2026-06-26 05:00:00+00:00,0.828,0.834,0.826,0.832,143562.8
2026-06-26 06:00:00+00:00,0.832,0.84,0.825,0.838,325213.94
2026-06-26 07:00:00+00:00,0.838,0.846,0.838,0.845,357310.55
2026-06-26 08:00:00+00:00,0.845,0.846,0.835,0.838,248192.88
2026-06-26 09:00:00+00:00,0.838,0.843,0.832,0.833,184482.6
2026-06-26 10:00:00+00:00,0.833,0.834,0.828,0.829,218641.95
2026-06-26 11:00:00+00:00,0.83,0.836,0.825,0.829,213234.51
2026-06-26 12:00:00+00:00,0.829,0.842,0.825,0.829,295000.36
2026-06-26 13:00:00+00:00,0.829,0.852,0.822,0.851,459080.65
2026-06-26 14:00:00+00:00,0.85,0.855,0.841,0.843,277645.31
2026-06-26 15:00:00+00:00,0.844,0.858,0.842,0.855,334696.08
2026-06-26 16:00:00+00:00,0.856,0.863,0.848,0.857,530823.77
2026-06-26 17:00:00+00:00,0.856,0.864,0.855,0.859,212196.52
2026-06-26 18:00:00+00:00,0.859,0.868,0.853,0.855,392509.1
2026-06-26 19:00:00+00:00,0.855,0.863,0.854,0.855,137598.0
2026-06-26 20:00:00+00:00,0.855,0.865,0.854,0.855,341211.66
2026-06-26 21:00:00+00:00,0.856,0.858,0.85,0.851,107721.87
2026-06-26 22:00:00+00:00,0.851,0.854,0.848,0.854,108327.79
2026-06-26 23:00:00+00:00,0.853,0.855,0.851,0.852,90122.01
2026-06-27 00:00:00+00:00,0.853,0.856,0.846,0.849,119812.14
2026-06-27 01:00:00+00:00,0.849,0.849,0.846,0.848,59350.43
2026-06-27 02:00:00+00:00,0.848,0.861,0.847,0.858,156732.57
2026-06-27 03:00:00+00:00,0.859,0.86,0.85,0.852,193488.9
2026-06-27 04:00:00+00:00,0.852,0.857,0.849,0.849,176818.15
2026-06-27 05:00:00+00:00,0.85,0.852,0.847,0.852,67499.44
2026-06-27 06:00:00+00:00,0.851,0.851,0.845,0.846,123740.27
2026-06-27 07:00:00+00:00,0.846,0.847,0.844,0.846,106432.5
2026-06-27 08:00:00+00:00,0.845,0.846,0.842,0.844,122121.2
2026-06-27 09:00:00+00:00,0.844,0.846,0.842,0.846,82697.15
2026-06-27 10:00:00+00:00,0.846,0.847,0.842,0.843,59586.84
2026-06-27 11:00:00+00:00,0.844,0.844,0.838,0.843,160625.69
2026-06-27 12:00:00+00:00,0.843,0.844,0.84,0.843,96811.62
2026-06-27 13:00:00+00:00,0.844,0.847,0.843,0.846,83964.04
2026-06-27 14:00:00+00:00,0.845,0.849,0.843,0.844,81677.97
2026-06-27 15:00:00+00:00,0.845,0.852,0.845,0.848,168722.31
2026-06-27 16:00:00+00:00,0.847,0.848,0.843,0.844,130739.74
2026-06-27 17:00:00+00:00,0.844,0.844,0.833,0.834,320386.61
2026-06-27 18:00:00+00:00,0.834,0.835,0.832,0.834,60711.87
2026-06-27 19:00:00+00:00,0.834,0.836,0.825,0.829,184355.76
2026-06-27 20:00:00+00:00,0.829,0.832,0.829,0.83,78247.36
2026-06-27 21:00:00+00:00,0.83,0.832,0.82,0.821,326641.95
2026-06-27 22:00:00+00:00,0.821,0.822,0.808,0.817,562262.81
2026-06-27 23:00:00+00:00,0.817,0.82,0.815,0.816,202576.69
2026-06-28 00:00:00+00:00,0.816,0.819,0.81,0.81,383043.21
2026-06-28 01:00:00+00:00,0.81,0.812,0.804,0.81,218994.9
2026-06-28 02:00:00+00:00,0.81,0.816,0.809,0.815,118992.24
2026-06-28 03:00:00+00:00,0.815,0.821,0.815,0.819,211235.64
2026-06-28 04:00:00+00:00,0.819,0.822,0.817,0.819,83632.82
2026-06-28 05:00:00+00:00,0.82,0.82,0.81,0.812,139043.68
2026-06-28 06:00:00+00:00,0.812,0.813,0.807,0.812,150752.36
2026-06-28 07:00:00+00:00,0.811,0.817,0.811,0.817,108991.31
2026-06-28 08:00:00+00:00,0.817,0.822,0.814,0.818,98731.44
2026-06-28 09:00:00+00:00,0.818,0.82,0.806,0.806,190760.69
2026-06-28 10:00:00+00:00,0.806,0.81,0.805,0.807,177189.06
2026-06-28 11:00:00+00:00,0.807,0.812,0.804,0.811,224253.47
2026-06-28 12:00:00+00:00,0.811,0.816,0.808,0.811,362544.91
2026-06-28 13:00:00+00:00,0.811,0.812,0.799,0.801,587280.62
2026-06-28 14:00:00+00:00,0.802,0.812,0.801,0.809,525566.39
2026-06-28 15:00:00+00:00,0.808,0.811,0.802,0.811,533730.03
2026-06-28 16:00:00+00:00,0.811,0.814,0.805,0.809,463017.62
2026-06-28 17:00:00+00:00,0.809,0.811,0.801,0.808,191850.28
2026-06-28 18:00:00+00:00,0.808,0.81,0.803,0.81,76201.19
2026-06-28 19:00:00+00:00,0.809,0.812,0.804,0.808,181977.1
2026-06-28 20:00:00+00:00,0.808,0.815,0.807,0.813,105948.22
2026-06-28 21:00:00+00:00,0.812,0.814,0.799,0.804,138431.85
2026-06-28 22:00:00+00:00,0.804,0.815,0.795,0.802,452803.52
2026-06-28 23:00:00+00:00,0.802,0.814,0.801,0.81,159532.19
2026-06-29 00:00:00+00:00,0.811,0.82,0.806,0.819,515858.74
2026-06-29 01:00:00+00:00,0.819,0.82,0.811,0.815,210171.68
2026-06-29 02:00:00+00:00,0.814,0.824,0.808,0.822,307931.54
2026-06-29 03:00:00+00:00,0.822,0.828,0.821,0.825,223145.39
2026-06-29 04:00:00+00:00,0.824,0.826,0.817,0.817,115787.67
2026-06-29 05:00:00+00:00,0.818,0.822,0.813,0.821,114928.94
2026-06-29 06:00:00+00:00,0.821,0.826,0.82,0.824,201071.08
2026-06-29 07:00:00+00:00,0.823,0.824,0.816,0.817,357183.56
2026-06-29 08:00:00+00:00,0.816,0.818,0.811,0.813,272287.28
2026-06-29 09:00:00+00:00,0.813,0.82,0.813,0.819,193018.54
2026-06-29 10:00:00+00:00,0.82,0.823,0.819,0.82,135687.19
2026-06-29 11:00:00+00:00,0.82,0.823,0.814,0.817,350688.7
2026-06-29 12:00:00+00:00,0.817,0.831,0.811,0.822,423261.63
2026-06-29 13:00:00+00:00,0.823,0.829,0.814,0.82,347912.75
2026-06-29 14:00:00+00:00,0.82,0.821,0.809,0.819,432616.87
2026-06-29 15:00:00+00:00,0.82,0.825,0.812,0.823,214458.62
2026-06-29 16:00:00+00:00,0.822,0.826,0.818,0.825,276734.59
2026-06-29 17:00:00+00:00,0.826,0.84,0.825,0.835,647042.94
2026-06-29 18:00:00+00:00,0.835,0.836,0.83,0.832,104329.67
2026-06-29 19:00:00+00:00,0.832,0.835,0.83,0.832,104771.52
2026-06-29 20:00:00+00:00,0.831,0.832,0.826,0.826,178926.34
2026-06-29 21:00:00+00:00,0.826,0.833,0.823,0.83,153696.83
2026-06-29 22:00:00+00:00,0.83,0.831,0.825,0.826,112004.23
2026-06-29 23:00:00+00:00,0.826,0.827,0.823,0.826,83250.31
2026-06-30 00:00:00+00:00,0.825,0.833,0.816,0.821,485425.1
2026-06-30 01:00:00+00:00,0.82,0.822,0.815,0.818,344169.2
2026-06-30 02:00:00+00:00,0.817,0.82,0.813,0.818,119041.86
2026-06-30 03:00:00+00:00,0.817,0.824,0.815,0.816,264120.67
2026-06-30 04:00:00+00:00,0.816,0.819,0.814,0.818,101968.34
2026-06-30 05:00:00+00:00,0.818,0.819,0.814,0.818,86406.77
2026-06-30 06:00:00+00:00,0.818,0.82,0.817,0.817,80882.84
2026-06-30 07:00:00+00:00,0.817,0.82,0.815,0.815,151597.53
2026-06-30 08:00:00+00:00,0.815,0.817,0.809,0.814,534058.52
2026-06-30 09:00:00+00:00,0.814,0.815,0.811,0.813,194178.31
2026-06-30 10:00:00+00:00,0.813,0.816,0.811,0.814,127362.75
2026-06-30 11:00:00+00:00,0.814,0.815,0.809,0.811,224242.78
2026-06-30 12:00:00+00:00,0.811,0.812,0.802,0.803,381774.83
2026-06-30 13:00:00+00:00,0.802,0.813,0.801,0.812,455043.79
2026-06-30 14:00:00+00:00,0.811,0.822,0.81,0.815,334267.18
2026-06-30 15:00:00+00:00,0.814,0.82,0.811,0.814,217181.02
2026-06-30 16:00:00+00:00,0.815,0.819,0.808,0.817,266173.86
2026-06-30 17:00:00+00:00,0.817,0.822,0.816,0.817,208322.18
2026-06-30 18:00:00+00:00,0.817,0.825,0.816,0.824,119025.18
2026-06-30 19:00:00+00:00,0.824,0.826,0.82,0.824,179442.5
2026-06-30 20:00:00+00:00,0.824,0.826,0.816,0.819,238176.11
2026-06-30 21:00:00+00:00,0.818,0.824,0.816,0.822,212247.4
2026-06-30 22:00:00+00:00,0.823,0.825,0.816,0.818,114773.83
2026-06-30 23:00:00+00:00,0.818,0.823,0.817,0.822,44150.27
2026-07-01 00:00:00+00:00,0.822,0.825,0.819,0.822,165332.68
2026-07-01 01:00:00+00:00,0.822,0.826,0.806,0.824,437794.7
2026-07-01 02:00:00+00:00,0.824,0.834,0.823,0.831,288924.75
2026-07-01 03:00:00+00:00,0.831,0.843,0.829,0.837,324599.55
2026-07-01 04:00:00+00:00,0.837,0.842,0.835,0.839,214582.63
2026-07-01 05:00:00+00:00,0.839,0.84,0.832,0.835,93803.77
2026-07-01 06:00:00+00:00,0.835,0.835,0.828,0.833,154692.32
2026-07-01 07:00:00+00:00,0.834,0.837,0.831,0.834,146292.06
2026-07-01 08:00:00+00:00,0.834,0.838,0.83,0.838,119907.68
2026-07-01 09:00:00+00:00,0.838,0.842,0.834,0.838,182179.28
2026-07-01 10:00:00+00:00,0.837,0.839,0.834,0.834,130955.39
2026-07-01 11:00:00+00:00,0.834,0.839,0.831,0.832,207727.01
2026-07-01 12:00:00+00:00,0.833,0.833,0.827,0.828,208852.34
2026-07-01 13:00:00+00:00,0.828,0.842,0.826,0.841,386258.76
2026-07-01 14:00:00+00:00,0.841,0.846,0.837,0.84,221609.24
2026-07-01 15:00:00+00:00,0.841,0.85,0.841,0.846,325046.2
2026-07-01 16:00:00+00:00,0.846,0.847,0.838,0.839,211130.15
2026-07-01 17:00:00+00:00,0.839,0.841,0.835,0.839,101948.39
2026-07-01 18:00:00+00:00,0.84,0.842,0.833,0.836,206816.87
2026-07-01 19:00:00+00:00,0.836,0.839,0.832,0.833,89690.56
2026-07-01 20:00:00+00:00,0.833,0.838,0.831,0.836,210469.41
2026-07-01 21:00:00+00:00,0.837,0.847,0.837,0.845,173433.03
2026-07-01 22:00:00+00:00,0.845,0.85,0.838,0.838,317761.92
2026-07-01 23:00:00+00:00,0.838,0.838,0.827,0.829,374128.85
2026-07-02 00:00:00+00:00,0.828,0.83,0.825,0.83,212010.41
2026-07-02 01:00:00+00:00,0.83,0.84,0.829,0.837,81321.49
2026-07-02 02:00:00+00:00,0.838,0.843,0.837,0.84,149943.34
2026-07-02 03:00:00+00:00,0.841,0.85,0.837,0.847,399383.81
2026-07-02 04:00:00+00:00,0.848,0.849,0.843,0.847,233353.71
2026-07-02 05:00:00+00:00,0.846,0.846,0.838,0.839,172297.73
2026-07-02 06:00:00+00:00,0.839,0.842,0.835,0.838,155677.9
2026-07-02 07:00:00+00:00,0.839,0.843,0.836,0.841,150432.65
2026-07-02 08:00:00+00:00,0.84,0.848,0.839,0.848,309209.74
2026-07-02 09:00:00+00:00,0.847,0.852,0.84,0.848,557302.67
2026-07-02 10:00:00+00:00,0.848,0.85,0.846,0.847,191577.5
2026-07-02 11:00:00+00:00,0.848,0.852,0.846,0.851,309092.04
2026-07-02 12:00:00+00:00,0.85,0.858,0.849,0.851,402074.94
2026-07-02 13:00:00+00:00,0.851,0.867,0.849,0.863,889319.01
2026-07-02 14:00:00+00:00,0.864,0.868,0.854,0.86,417124.55
2026-07-02 15:00:00+00:00,0.86,0.86,0.85,0.851,302509.12
2026-07-02 16:00:00+00:00,0.851,0.854,0.845,0.849,398353.78
2026-07-02 17:00:00+00:00,0.848,0.85,0.842,0.846,271703.18
2026-07-02 18:00:00+00:00,0.845,0.848,0.844,0.845,130006.08
2026-07-02 19:00:00+00:00,0.845,0.848,0.843,0.844,296288.46
2026-07-02 20:00:00+00:00,0.845,0.846,0.842,0.844,157752.09
2026-07-02 21:00:00+00:00,0.845,0.845,0.839,0.842,119647.25
2026-07-02 22:00:00+00:00,0.841,0.842,0.837,0.84,204649.93
2026-07-02 23:00:00+00:00,0.84,0.843,0.836,0.842,130620.19
2026-07-03 00:00:00+00:00,0.842,0.842,0.837,0.84,136151.29
2026-07-03 01:00:00+00:00,0.839,0.853,0.839,0.85,137589.04
2026-07-03 02:00:00+00:00,0.85,0.852,0.846,0.852,208478.35
2026-07-03 03:00:00+00:00,0.851,0.857,0.848,0.853,179920.19
2026-07-03 04:00:00+00:00,0.853,0.854,0.846,0.849,174944.84
2026-07-03 05:00:00+00:00,0.848,0.855,0.848,0.852,122705.68
2026-07-03 06:00:00+00:00,0.852,0.857,0.852,0.855,176237.54
2026-07-03 07:00:00+00:00,0.855,0.858,0.853,0.856,83690.03
2026-07-03 08:00:00+00:00,0.856,0.863,0.855,0.858,186997.22
2026-07-03 09:00:00+00:00,0.858,0.863,0.857,0.86,223726.33
2026-07-03 10:00:00+00:00,0.86,0.87,0.859,0.866,340197.23
2026-07-03 11:00:00+00:00,0.866,0.872,0.865,0.87,229901.57
2026-07-03 12:00:00+00:00,0.87,0.872,0.863,0.866,246794.79
2026-07-03 13:00:00+00:00,0.868,0.877,0.865,0.875,499456.8
2026-07-03 14:00:00+00:00,0.876,0.877,0.868,0.872,405866.22
2026-07-03 15:00:00+00:00,0.873,0.879,0.872,0.874,364946.47
2026-07-03 16:00:00+00:00,0.874,0.883,0.874,0.881,453133.36
2026-07-03 17:00:00+00:00,0.881,0.886,0.88,0.884,363047.38
2026-07-03 18:00:00+00:00,0.884,0.885,0.878,0.883,158595.64
2026-07-03 19:00:00+00:00,0.883,0.889,0.881,0.883,270568.55
2026-07-03 20:00:00+00:00,0.883,0.891,0.882,0.886,720314.0
2026-07-03 21:00:00+00:00,0.886,0.892,0.882,0.888,220920.44
2026-07-03 22:00:00+00:00,0.888,0.888,0.882,0.883,77205.49
2026-07-03 23:00:00+00:00,0.883,0.885,0.878,0.881,239992.69
2026-07-04 00:00:00+00:00,0.881,0.885,0.876,0.878,129770.19
2026-07-04 01:00:00+00:00,0.877,0.877,0.869,0.872,212258.03
2026-07-04 02:00:00+00:00,0.871,0.878,0.87,0.877,237617.39
2026-07-04 03:00:00+00:00,0.878,0.886,0.875,0.884,162281.4
2026-07-04 04:00:00+00:00,0.883,0.887,0.88,0.883,149420.39
2026-07-04 05:00:00+00:00,0.883,0.883,0.875,0.877,157044.9
2026-07-04 06:00:00+00:00,0.876,0.88,0.873,0.876,58253.66
2026-07-04 07:00:00+00:00,0.876,0.876,0.873,0.874,143110.17
2026-07-04 08:00:00+00:00,0.874,0.875,0.872,0.874,113244.8
2026-07-04 09:00:00+00:00,0.874,0.876,0.869,0.869,106350.33
2026-07-04 10:00:00+00:00,0.87,0.871,0.867,0.87,100328.76
2026-07-04 11:00:00+00:00,0.869,0.875,0.868,0.872,184758.15
2026-07-04 12:00:00+00:00,0.872,0.877,0.872,0.874,183536.73
2026-07-04 13:00:00+00:00,0.874,0.878,0.869,0.87,107561.85
2026-07-04 14:00:00+00:00,0.87,0.878,0.87,0.877,129720.98
2026-07-04 15:00:00+00:00,0.877,0.89,0.876,0.887,464693.79
2026-07-04 16:00:00+00:00,0.888,0.893,0.884,0.889,272273.27
2026-07-04 17:00:00+00:00,0.889,0.9,0.886,0.896,276489.16
2026-07-04 18:00:00+00:00,0.897,0.899,0.894,0.898,251629.26
2026-07-04 19:00:00+00:00,0.897,0.9,0.891,0.892,334432.31
2026-07-04 20:00:00+00:00,0.892,0.895,0.887,0.89,184989.63
2026-07-04 21:00:00+00:00,0.889,0.898,0.889,0.893,92833.08
2026-07-04 22:00:00+00:00,0.893,0.894,0.885,0.888,45458.67
2026-07-04 23:00:00+00:00,0.889,0.889,0.878,0.885,214991.53
2026-07-05 00:00:00+00:00,0.884,0.884,0.878,0.88,173056.16
2026-07-05 01:00:00+00:00,0.881,0.883,0.874,0.878,113887.73
2026-07-05 02:00:00+00:00,0.877,0.877,0.868,0.871,142201.62
2026-07-05 03:00:00+00:00,0.871,0.873,0.868,0.871,127861.56
2026-07-05 04:00:00+00:00,0.87,0.874,0.868,0.871,108996.64
2026-07-05 05:00:00+00:00,0.871,0.872,0.864,0.866,96774.34
2026-07-05 06:00:00+00:00,0.867,0.87,0.864,0.869,143624.07
2026-07-05 07:00:00+00:00,0.869,0.874,0.867,0.873,79448.72
2026-07-05 08:00:00+00:00,0.873,0.874,0.87,0.871,65663.31
2026-07-05 09:00:00+00:00,0.872,0.873,0.862,0.864,280683.7
2026-07-05 10:00:00+00:00,0.863,0.87,0.86,0.867,172845.21
2026-07-05 11:00:00+00:00,0.867,0.87,0.865,0.868,91159.45
2026-07-05 12:00:00+00:00,0.867,0.875,0.865,0.872,241524.9
2026-07-05 13:00:00+00:00,0.872,0.874,0.869,0.874,127722.51
2026-07-05 14:00:00+00:00,0.874,0.879,0.872,0.878,116350.31
2026-07-05 15:00:00+00:00,0.879,0.884,0.876,0.878,192003.0
2026-07-05 16:00:00+00:00,0.878,0.88,0.874,0.877,81667.15
2026-07-05 17:00:00+00:00,0.877,0.883,0.876,0.878,191507.09
2026-07-05 18:00:00+00:00,0.878,0.885,0.877,0.882,79181.39
2026-07-05 19:00:00+00:00,0.881,0.885,0.88,0.882,74505.3
2026-07-05 20:00:00+00:00,0.883,0.883,0.88,0.882,41089.75
2026-07-05 21:00:00+00:00,0.881,0.886,0.876,0.882,207918.15
2026-07-05 22:00:00+00:00,0.881,0.891,0.88,0.885,224192.77
2026-07-05 23:00:00+00:00,0.885,0.891,0.879,0.881,129413.55
2026-07-06 00:00:00+00:00,0.882,0.882,0.874,0.882,156492.37
2026-07-06 01:00:00+00:00,0.883,0.888,0.879,0.88,142581.2
2026-07-06 02:00:00+00:00,0.88,0.882,0.875,0.878,164414.9
2026-07-06 03:00:00+00:00,0.878,0.878,0.871,0.873,184732.74
2026-07-06 04:00:00+00:00,0.873,0.875,0.869,0.87,174777.64
2026-07-06 05:00:00+00:00,0.87,0.871,0.86,0.864,306218.28
2026-07-06 06:00:00+00:00,0.864,0.867,0.862,0.866,255060.3
2026-07-06 07:00:00+00:00,0.866,0.87,0.865,0.868,118792.26
2026-07-06 08:00:00+00:00,0.869,0.872,0.866,0.868,227457.39
2026-07-06 09:00:00+00:00,0.867,0.867,0.861,0.864,228381.76
2026-07-06 10:00:00+00:00,0.864,0.871,0.863,0.869,146639.11
2026-07-06 11:00:00+00:00,0.869,0.87,0.862,0.862,115857.76
2026-07-06 12:00:00+00:00,0.862,0.862,0.848,0.854,594890.75
2026-07-06 13:00:00+00:00,0.853,0.866,0.849,0.861,409151.12
2026-07-06 14:00:00+00:00,0.861,0.868,0.859,0.862,326647.58
2026-07-06 15:00:00+00:00,0.863,0.884,0.862,0.881,567955.21
2026-07-06 16:00:00+00:00,0.881,0.898,0.879,0.89,970039.93
2026-07-06 17:00:00+00:00,0.89,0.895,0.884,0.887,267824.47
2026-07-06 18:00:00+00:00,0.888,0.894,0.885,0.889,236670.72
2026-07-06 19:00:00+00:00,0.89,0.893,0.887,0.889,359905.1
2026-07-06 20:00:00+00:00,0.89,0.89,0.885,0.887,118075.47
2026-07-06 21:00:00+00:00,0.886,0.908,0.886,0.897,737398.64
2026-07-06 22:00:00+00:00,0.897,0.898,0.889,0.89,94431.79
2026-07-06 23:00:00+00:00,0.89,0.892,0.885,0.885,129338.96
2026-07-07 00:00:00+00:00,0.886,0.887,0.882,0.885,132809.05
2026-07-07 01:00:00+00:00,0.885,0.885,0.878,0.881,159095.94
2026-07-07 02:00:00+00:00,0.881,0.882,0.869,0.869,234695.76
2026-07-07 03:00:00+00:00,0.869,0.87,0.857,0.86,377622.08
2026-07-07 04:00:00+00:00,0.86,0.862,0.858,0.861,189845.49
2026-07-07 05:00:00+00:00,0.86,0.866,0.853,0.865,831586.11
2026-07-07 06:00:00+00:00,0.864,0.87,0.863,0.869,1124522.8
2026-07-07 07:00:00+00:00,0.869,0.869,0.861,0.861,168210.11
2026-07-07 08:00:00+00:00,0.862,0.865,0.86,0.862,120528.52
2026-07-07 09:00:00+00:00,0.862,0.865,0.861,0.863,108548.74
2026-07-07 10:00:00+00:00,0.864,0.867,0.861,0.863,186615.7
2026-07-07 11:00:00+00:00,0.863,0.867,0.86,0.866,286719.14
2026-07-07 12:00:00+00:00,0.866,0.873,0.866,0.866,209097.95
2026-07-07 13:00:00+00:00,0.866,0.867,0.859,0.86,682479.02
2026-07-07 14:00:00+00:00,0.86,0.866,0.851,0.866,309039.07
2026-07-07 15:00:00+00:00,0.865,0.876,0.863,0.874,392443.28
2026-07-07 16:00:00+00:00,0.874,0.878,0.868,0.874,437411.65
2026-07-07 17:00:00+00:00,0.875,0.876,0.87,0.874,198119.78
2026-07-07 18:00:00+00:00,0.875,0.875,0.861,0.862,320942.63
2026-07-07 19:00:00+00:00,0.861,0.865,0.855,0.865,374103.09
2026-07-07 20:00:00+00:00,0.865,0.866,0.856,0.858,192308.24
2026-07-07 21:00:00+00:00,0.858,0.861,0.851,0.853,221987.3
2026-07-07 22:00:00+00:00,0.853,0.855,0.846,0.854,339788.29
2026-07-07 23:00:00+00:00,0.853,0.855,0.85,0.85,173459.82
2026-07-08 00:00:00+00:00,0.851,0.857,0.85,0.856,306919.95
2026-07-08 01:00:00+00:00,0.857,0.857,0.84,0.841,435232.61
2026-07-08 02:00:00+00:00,0.841,0.842,0.83,0.835,460595.99
2026-07-08 03:00:00+00:00,0.835,0.839,0.832,0.833,214474.96
2026-07-08 04:00:00+00:00,0.833,0.837,0.831,0.836,142754.36
2026-07-08 05:00:00+00:00,0.835,0.839,0.833,0.835,167297.56
2026-07-08 06:00:00+00:00,0.835,0.836,0.831,0.835,182458.14
2026-07-08 07:00:00+00:00,0.836,0.842,0.832,0.84,281270.47
2026-07-08 08:00:00+00:00,0.841,0.842,0.822,0.826,787399.54
2026-07-08 09:00:00+00:00,0.827,0.829,0.822,0.826,167254.86
2026-07-08 10:00:00+00:00,0.826,0.834,0.825,0.833,118732.55
2026-07-08 11:00:00+00:00,0.833,0.838,0.83,0.834,402459.32
2026-07-08 12:00:00+00:00,0.833,0.835,0.829,0.829,203374.26
2026-07-08 13:00:00+00:00,0.829,0.833,0.823,0.83,428245.74
2026-07-08 14:00:00+00:00,0.83,0.832,0.819,0.822,665766.71
2026-07-08 15:00:00+00:00,0.823,0.823,0.815,0.82,292100.01
2026-07-08 16:00:00+00:00,0.821,0.829,0.819,0.828,399429.08
2026-07-08 17:00:00+00:00,0.829,0.832,0.824,0.825,195416.47
2026-07-08 18:00:00+00:00,0.825,0.829,0.823,0.828,224416.65
2026-07-08 19:00:00+00:00,0.828,0.828,0.823,0.826,135082.55
2026-07-08 20:00:00+00:00,0.826,0.827,0.821,0.822,310854.65
2026-07-08 21:00:00+00:00,0.821,0.826,0.818,0.825,202425.66
2026-07-08 22:00:00+00:00,0.824,0.828,0.824,0.825,230685.93
2026-07-08 23:00:00+00:00,0.825,0.827,0.823,0.827,172075.1
2026-07-09 00:00:00+00:00,0.827,0.828,0.823,0.825,164623.81
2026-07-09 01:00:00+00:00,0.826,0.835,0.825,0.827,202415.88
2026-07-09 02:00:00+00:00,0.827,0.832,0.824,0.824,137998.38
2026-07-09 03:00:00+00:00,0.823,0.828,0.821,0.827,148048.41
2026-07-09 04:00:00+00:00,0.827,0.835,0.825,0.834,188920.26
2026-07-09 05:00:00+00:00,0.835,0.839,0.832,0.837,249800.07
2026-07-09 06:00:00+00:00,0.837,0.839,0.834,0.837,236017.13
2026-07-09 07:00:00+00:00,0.837,0.84,0.832,0.835,284281.52
2026-07-09 08:00:00+00:00,0.835,0.836,0.833,0.833,311075.22
2026-07-09 09:00:00+00:00,0.834,0.834,0.829,0.831,108162.68
2026-07-09 10:00:00+00:00,0.832,0.832,0.827,0.83,114991.29
2026-07-09 11:00:00+00:00,0.83,0.834,0.83,0.833,145869.97
2026-07-09 12:00:00+00:00,0.833,0.834,0.828,0.829,430612.75
2026-07-09 13:00:00+00:00,0.829,0.835,0.825,0.835,157946.36
2026-07-09 14:00:00+00:00,0.835,0.835,0.828,0.833,377136.54
2026-07-09 15:00:00+00:00,0.833,0.834,0.827,0.829,183159.7
2026-07-09 16:00:00+00:00,0.829,0.831,0.824,0.827,169141.42
2026-07-09 17:00:00+00:00,0.826,0.831,0.825,0.83,163567.12
2026-07-09 18:00:00+00:00,0.83,0.834,0.829,0.83,262691.91
2026-07-09 19:00:00+00:00,0.83,0.83,0.825,0.826,170244.33
2026-07-09 20:00:00+00:00,0.826,0.829,0.824,0.827,105587.47
2026-07-09 21:00:00+00:00,0.826,0.828,0.825,0.827,108504.6
2026-07-09 22:00:00+00:00,0.827,0.829,0.825,0.828,51444.52
2026-07-09 23:00:00+00:00,0.827,0.829,0.823,0.826,79119.8
2026-07-10 00:00:00+00:00,0.827,0.827,0.821,0.825,140953.52
2026-07-10 01:00:00+00:00,0.825,0.842,0.823,0.836,512257.88
2026-07-10 02:00:00+00:00,0.837,0.843,0.834,0.841,172910.92
2026-07-10 03:00:00+00:00,0.841,0.849,0.839,0.845,341598.86
2026-07-10 04:00:00+00:00,0.846,0.847,0.842,0.844,96068.31
2026-07-10 05:00:00+00:00,0.843,0.851,0.843,0.85,227574.86
2026-07-10 06:00:00+00:00,0.849,0.853,0.842,0.844,469259.59
2026-07-10 07:00:00+00:00,0.843,0.849,0.842,0.848,311415.9
2026-07-10 08:00:00+00:00,0.847,0.861,0.846,0.858,433879.39
2026-07-10 09:00:00+00:00,0.858,0.893,0.853,0.882,1621706.43
2026-07-10 10:00:00+00:00,0.883,0.895,0.875,0.883,1459965.63
2026-07-10 11:00:00+00:00,0.882,0.888,0.876,0.884,682989.68
2026-07-10 12:00:00+00:00,0.885,0.889,0.875,0.876,881667.05
2026-07-10 13:00:00+00:00,0.876,0.888,0.876,0.885,429552.23
2026-07-10 14:00:00+00:00,0.886,0.888,0.869,0.87,747457.87
2026-07-10 15:00:00+00:00,0.871,0.877,0.867,0.875,416230.63
2026-07-10 16:00:00+00:00,0.874,0.886,0.871,0.883,447810.42
2026-07-10 17:00:00+00:00,0.883,0.884,0.876,0.876,556703.56
2026-07-10 18:00:00+00:00,0.877,0.88,0.868,0.869,296050.39
2026-07-10 19:00:00+00:00,0.868,0.877,0.868,0.874,242554.93
2026-07-10 20:00:00+00:00,0.873,0.875,0.869,0.871,193700.63
2026-07-10 21:00:00+00:00,0.871,0.883,0.87,0.88,176158.32
2026-07-10 22:00:00+00:00,0.88,0.881,0.877,0.878,126483.32
2026-07-10 23:00:00+00:00,0.878,0.88,0.876,0.877,139125.4
2026-07-11 00:00:00+00:00,0.876,0.884,0.871,0.882,275866.71
2026-07-11 01:00:00+00:00,0.882,0.882,0.876,0.878,76932.87
2026-07-11 02:00:00+00:00,0.879,0.882,0.876,0.879,109963.75
2026-07-11 03:00:00+00:00,0.88,0.885,0.878,0.883,180872.37
2026-07-11 04:00:00+00:00,0.884,0.886,0.877,0.879,124780.43
2026-07-11 05:00:00+00:00,0.879,0.882,0.876,0.877,119618.1
2026-07-11 06:00:00+00:00,0.877,0.88,0.875,0.878,160729.39
2026-07-11 07:00:00+00:00,0.877,0.878,0.875,0.875,80526.67
2026-07-11 08:00:00+00:00,0.876,0.881,0.874,0.88,105395.82
2026-07-11 09:00:00+00:00,0.88,0.883,0.877,0.88,91697.17
2026-07-11 10:00:00+00:00,0.88,0.887,0.876,0.878,316584.93
2026-07-11 11:00:00+00:00,0.878,0.882,0.877,0.879,105390.1
2026-07-11 12:00:00+00:00,0.88,0.881,0.877,0.879,134570.08
2026-07-11 13:00:00+00:00,0.878,0.881,0.875,0.878,153204.5
2026-07-11 14:00:00+00:00,0.878,0.883,0.877,0.879,170587.01
2026-07-11 15:00:00+00:00,0.879,0.887,0.877,0.88,350282.56
2026-07-11 16:00:00+00:00,0.879,0.881,0.876,0.881,129738.72
2026-07-11 17:00:00+00:00,0.88,0.883,0.879,0.88,82858.0
2026-07-11 18:00:00+00:00,0.88,0.883,0.879,0.88,68405.74
2026-07-11 19:00:00+00:00,0.881,0.882,0.877,0.88,104819.5
2026-07-11 20:00:00+00:00,0.88,0.884,0.879,0.882,46756.77
2026-07-11 21:00:00+00:00,0.883,0.885,0.875,0.877,96592.8
2026-07-11 22:00:00+00:00,0.877,0.878,0.864,0.866,538557.56
2026-07-11 23:00:00+00:00,0.865,0.867,0.85,0.854,448128.07
2026-07-12 00:00:00+00:00,0.853,0.855,0.845,0.852,599520.12
2026-07-12 01:00:00+00:00,0.852,0.86,0.851,0.859,292485.88
2026-07-12 02:00:00+00:00,0.858,0.859,0.854,0.855,124982.41
2026-07-12 03:00:00+00:00,0.855,0.859,0.854,0.858,108723.24
2026-07-12 04:00:00+00:00,0.858,0.859,0.853,0.854,101579.8
2026-07-12 05:00:00+00:00,0.855,0.856,0.849,0.854,154661.23
2026-07-12 06:00:00+00:00,0.853,0.854,0.845,0.847,174118.29
2026-07-12 07:00:00+00:00,0.847,0.849,0.846,0.847,90650.87
2026-07-12 08:00:00+00:00,0.848,0.852,0.847,0.849,120571.13
2026-07-12 09:00:00+00:00,0.85,0.85,0.843,0.848,195099.08
2026-07-12 10:00:00+00:00,0.848,0.849,0.844,0.846,115183.45
2026-07-12 11:00:00+00:00,0.847,0.851,0.843,0.849,175613.62
2026-07-12 12:00:00+00:00,0.849,0.851,0.846,0.846,68618.93
2026-07-12 13:00:00+00:00,0.846,0.847,0.842,0.843,76666.84
2026-07-12 14:00:00+00:00,0.842,0.847,0.84,0.846,278907.09
2026-07-12 15:00:00+00:00,0.845,0.847,0.843,0.846,166312.8
2026-07-12 16:00:00+00:00,0.845,0.846,0.843,0.845,83817.11
2026-07-12 17:00:00+00:00,0.845,0.845,0.834,0.837,274213.84
2026-07-12 18:00:00+00:00,0.838,0.844,0.836,0.844,337659.44
2026-07-12 19:00:00+00:00,0.843,0.845,0.843,0.845,92605.71
2026-07-12 20:00:00+00:00,0.845,0.852,0.844,0.852,202485.43
2026-07-12 21:00:00+00:00,0.852,0.854,0.848,0.849,196119.35
2026-07-12 22:00:00+00:00,0.849,0.849,0.843,0.846,233257.55
2026-07-12 23:00:00+00:00,0.846,0.847,0.844,0.844,161087.71
2026-07-13 00:00:00+00:00,0.844,0.86,0.842,0.848,729319.82
2026-07-13 01:00:00+00:00,0.848,0.848,0.831,0.832,389543.22
2026-07-13 02:00:00+00:00,0.832,0.838,0.83,0.834,427149.86
2026-07-13 03:00:00+00:00,0.833,0.835,0.825,0.83,262476.39
2026-07-13 04:00:00+00:00,0.829,0.832,0.827,0.83,154058.56
2026-07-13 05:00:00+00:00,0.83,0.836,0.828,0.834,231575.5
2026-07-13 06:00:00+00:00,0.835,0.835,0.831,0.833,112770.72
2026-07-13 07:00:00+00:00,0.834,0.839,0.832,0.838,170925.87
2026-07-13 08:00:00+00:00,0.839,0.839,0.831,0.836,107809.02
2026-07-13 09:00:00+00:00,0.837,0.837,0.832,0.832,92016.51
2026-07-13 10:00:00+00:00,0.833,0.837,0.831,0.834,97746.18
2026-07-13 11:00:00+00:00,0.834,0.838,0.83,0.832,326457.07
2026-07-13 12:00:00+00:00,0.832,0.836,0.828,0.83,364922.18
2026-07-13 13:00:00+00:00,0.83,0.831,0.826,0.828,270292.7
2026-07-13 14:00:00+00:00,0.829,0.838,0.825,0.838,635746.55
2026-07-13 15:00:00+00:00,0.838,0.84,0.835,0.838,134253.15
2026-07-13 16:00:00+00:00,0.838,0.843,0.834,0.838,460724.92
2026-07-13 17:00:00+00:00,0.839,0.841,0.826,0.827,230089.34
2026-07-13 18:00:00+00:00,0.827,0.832,0.827,0.83,91990.59
2026-07-13 19:00:00+00:00,0.831,0.841,0.83,0.84,278819.66
2026-07-13 20:00:00+00:00,0.841,0.841,0.833,0.835,206829.05
2026-07-13 21:00:00+00:00,0.836,0.836,0.828,0.832,298019.03
2026-07-13 22:00:00+00:00,0.832,0.835,0.83,0.83,62016.3
2026-07-13 23:00:00+00:00,0.831,0.838,0.83,0.836,158885.67
2026-07-14 00:00:00+00:00,0.837,0.843,0.836,0.841,501268.96
2026-07-14 01:00:00+00:00,0.842,0.842,0.834,0.835,115205.68
2026-07-14 02:00:00+00:00,0.835,0.836,0.83,0.832,279250.81
2026-07-14 03:00:00+00:00,0.832,0.836,0.828,0.836,232623.13
2026-07-14 04:00:00+00:00,0.835,0.839,0.835,0.836,99349.9
2026-07-14 05:00:00+00:00,0.837,0.849,0.836,0.845,535512.33
2026-07-14 06:00:00+00:00,0.845,0.847,0.839,0.84,467452.28
2026-07-14 07:00:00+00:00,0.841,0.849,0.84,0.844,319947.99
2026-07-14 08:00:00+00:00,0.844,0.847,0.842,0.844,108590.03
2026-07-14 09:00:00+00:00,0.843,0.85,0.843,0.844,234361.73
2026-07-14 10:00:00+00:00,0.844,0.846,0.839,0.842,356640.57
2026-07-14 11:00:00+00:00,0.842,0.843,0.837,0.837,360373.92
2026-07-14 12:00:00+00:00,0.836,0.848,0.834,0.843,1195453.3
2026-07-14 13:00:00+00:00,0.843,0.854,0.842,0.85,672578.64
2026-07-14 14:00:00+00:00,0.85,0.854,0.846,0.852,507224.3
2026-07-14 15:00:00+00:00,0.852,0.86,0.85,0.853,587896.91
2026-07-14 16:00:00+00:00,0.853,0.859,0.851,0.856,403621.39
2026-07-14 17:00:00+00:00,0.855,0.856,0.848,0.854,366335.44
2026-07-14 18:00:00+00:00,0.854,0.856,0.849,0.85,231274.62
2026-07-14 19:00:00+00:00,0.849,0.851,0.845,0.85,220690.11
2026-07-14 20:00:00+00:00,0.85,0.851,0.844,0.846,75792.62
2026-07-14 21:00:00+00:00,0.847,0.853,0.846,0.85,143533.21
2026-07-14 22:00:00+00:00,0.85,0.854,0.846,0.851,193501.29
2026-07-14 23:00:00+00:00,0.851,0.853,0.848,0.852,317785.05
2026-07-15 00:00:00+00:00,0.853,0.858,0.851,0.856,378550.38
2026-07-15 01:00:00+00:00,0.856,0.86,0.854,0.857,235308.98
2026-07-15 02:00:00+00:00,0.857,0.859,0.851,0.852,151602.77
2026-07-15 03:00:00+00:00,0.852,0.857,0.849,0.855,253194.94
2026-07-15 04:00:00+00:00,0.855,0.856,0.85,0.852,80354.09
2026-07-15 05:00:00+00:00,0.853,0.855,0.847,0.855,94173.66
2026-07-15 06:00:00+00:00,0.856,0.862,0.854,0.857,131194.31
2026-07-15 07:00:00+00:00,0.857,0.858,0.851,0.853,219296.41
2026-07-15 08:00:00+00:00,0.854,0.855,0.85,0.853,69312.59
2026-07-15 09:00:00+00:00,0.854,0.857,0.85,0.852,207108.21
2026-07-15 10:00:00+00:00,0.852,0.855,0.85,0.851,81726.03
2026-07-15 11:00:00+00:00,0.852,0.854,0.848,0.853,105518.4
2026-07-15 12:00:00+00:00,0.853,0.864,0.85,0.863,703290.6
2026-07-15 13:00:00+00:00,0.862,0.869,0.856,0.861,764343.01
2026-07-15 14:00:00+00:00,0.861,0.863,0.856,0.86,199965.15
2026-07-15 15:00:00+00:00,0.86,0.861,0.855,0.857,242034.09
2026-07-15 16:00:00+00:00,0.856,0.857,0.842,0.849,645393.23
2026-07-15 17:00:00+00:00,0.848,0.855,0.848,0.854,149387.68
2026-07-15 18:00:00+00:00,0.855,0.858,0.853,0.855,329866.54
2026-07-15 19:00:00+00:00,0.856,0.858,0.838,0.841,811909.61
2026-07-15 20:00:00+00:00,0.841,0.848,0.84,0.846,173834.94
2026-07-15 21:00:00+00:00,0.846,0.849,0.845,0.846,288887.25
2026-07-15 22:00:00+00:00,0.846,0.851,0.846,0.847,134905.75
2026-07-15 23:00:00+00:00,0.848,0.849,0.845,0.847,87221.28
2026-07-16 00:00:00+00:00,0.847,0.849,0.841,0.844,230335.11
2026-07-16 01:00:00+00:00,0.843,0.846,0.838,0.845,143750.2
2026-07-16 02:00:00+00:00,0.845,0.849,0.843,0.849,66503.71
2026-07-16 03:00:00+00:00,0.848,0.851,0.846,0.85,151899.35
2026-07-16 04:00:00+00:00,0.85,0.851,0.841,0.842,318294.66
2026-07-16 05:00:00+00:00,0.843,0.847,0.842,0.846,172932.65
2026-07-16 06:00:00+00:00,0.846,0.846,0.838,0.842,243251.88
2026-07-16 07:00:00+00:00,0.841,0.842,0.832,0.836,271982.48
2026-07-16 08:00:00+00:00,0.836,0.839,0.828,0.834,523809.81
2026-07-16 09:00:00+00:00,0.835,0.839,0.835,0.838,103367.2
2026-07-16 10:00:00+00:00,0.837,0.841,0.837,0.841,41564.92
2026-07-16 11:00:00+00:00,0.84,0.842,0.838,0.84,278049.64
2026-07-16 12:00:00+00:00,0.839,0.841,0.835,0.836,181936.6
2026-07-16 13:00:00+00:00,0.837,0.848,0.835,0.847,300351.96
2026-07-16 14:00:00+00:00,0.848,0.852,0.847,0.851,231996.08
2026-07-16 15:00:00+00:00,0.851,0.86,0.845,0.854,402330.79
2026-07-16 16:00:00+00:00,0.855,0.858,0.843,0.847,533741.84
2026-07-16 17:00:00+00:00,0.847,0.852,0.841,0.848,308021.48
2026-07-16 18:00:00+00:00,0.848,0.856,0.848,0.855,239394.06
2026-07-16 19:00:00+00:00,0.854,0.858,0.851,0.857,165335.42
2026-07-16 20:00:00+00:00,0.857,0.861,0.852,0.852,148999.94
2026-07-16 21:00:00+00:00,0.852,0.874,0.852,0.869,577840.56
2026-07-16 22:00:00+00:00,0.869,0.872,0.855,0.857,391281.95
2026-07-16 23:00:00+00:00,0.858,0.859,0.852,0.859,188739.67
2026-07-17 00:00:00+00:00,0.859,0.867,0.856,0.865,367864.07
2026-07-17 01:00:00+00:00,0.866,0.869,0.86,0.861,497142.36
2026-07-17 02:00:00+00:00,0.862,0.866,0.853,0.855,265189.54
2026-07-17 03:00:00+00:00,0.855,0.866,0.855,0.86,349770.54
2026-07-17 04:00:00+00:00,0.859,0.862,0.856,0.86,159314.6
2026-07-17 05:00:00+00:00,0.859,0.86,0.844,0.847,371810.54
2026-07-17 06:00:00+00:00,0.846,0.852,0.844,0.852,301413.33
2026-07-17 07:00:00+00:00,0.852,0.858,0.849,0.85,552151.56
2026-07-17 08:00:00+00:00,0.85,0.855,0.842,0.851,366597.81
2026-07-17 09:00:00+00:00,0.85,0.857,0.85,0.855,216017.64
2026-07-17 10:00:00+00:00,0.855,0.862,0.855,0.859,352739.47
2026-07-17 11:00:00+00:00,0.858,0.859,0.853,0.853,112833.56
2026-07-17 12:00:00+00:00,0.854,0.855,0.846,0.846,115820.61
2026-07-17 13:00:00+00:00,0.846,0.846,0.834,0.844,532845.02
2026-07-17 14:00:00+00:00,0.845,0.85,0.843,0.846,293003.54
2026-07-17 15:00:00+00:00,0.846,0.85,0.839,0.85,506789.64
2026-07-17 16:00:00+00:00,0.85,0.865,0.847,0.857,925499.2
2026-07-17 17:00:00+00:00,0.858,0.864,0.85,0.851,536477.47
2026-07-17 18:00:00+00:00,0.85,0.858,0.849,0.856,237154.54
2026-07-17 19:00:00+00:00,0.857,0.858,0.851,0.853,73296.69
2026-07-17 20:00:00+00:00,0.853,0.856,0.851,0.853,84732.07
2026-07-17 21:00:00+00:00,0.853,0.857,0.85,0.851,118130.4
2026-07-17 22:00:00+00:00,0.851,0.852,0.848,0.849,83621.99
2026-07-17 23:00:00+00:00,0.849,0.851,0.848,0.849,80234.27
2026-07-18 00:00:00+00:00,0.85,0.854,0.848,0.851,117017.78
2026-07-18 01:00:00+00:00,0.851,0.852,0.848,0.849,73289.13
2026-07-18 02:00:00+00:00,0.848,0.85,0.847,0.849,44365.07
2026-07-18 03:00:00+00:00,0.848,0.852,0.847,0.852,50535.69
2026-07-18 04:00:00+00:00,0.852,0.853,0.849,0.85,54411.58
2026-07-18 05:00:00+00:00,0.85,0.85,0.844,0.846,103575.02
2026-07-18 06:00:00+00:00,0.846,0.849,0.844,0.846,92322.15
2026-07-18 07:00:00+00:00,0.847,0.848,0.841,0.844,255565.95
2026-07-18 08:00:00+00:00,0.844,0.845,0.841,0.843,82762.03
2026-07-18 09:00:00+00:00,0.844,0.844,0.836,0.837,164044.97
2026-07-18 10:00:00+00:00,0.838,0.839,0.836,0.837,72746.32
2026-07-18 11:00:00+00:00,0.836,0.839,0.836,0.838,84648.55
2026-07-18 12:00:00+00:00,0.838,0.84,0.835,0.839,318057.5
2026-07-18 13:00:00+00:00,0.838,0.839,0.834,0.836,132878.37
2026-07-18 14:00:00+00:00,0.836,0.836,0.83,0.834,255635.02
2026-07-18 15:00:00+00:00,0.835,0.835,0.831,0.832,258579.02
2026-07-18 16:00:00+00:00,0.833,0.835,0.83,0.832,242303.52
2026-07-18 17:00:00+00:00,0.833,0.838,0.831,0.837,123943.04
2026-07-18 18:00:00+00:00,0.836,0.841,0.835,0.835,351945.06
2026-07-18 19:00:00+00:00,0.836,0.837,0.834,0.836,80752.91
2026-07-18 20:00:00+00:00,0.836,0.838,0.834,0.836,68974.73
2026-07-18 21:00:00+00:00,0.837,0.838,0.835,0.837,198696.15
2026-07-18 22:00:00+00:00,0.838,0.838,0.835,0.836,109318.85
2026-07-18 23:00:00+00:00,0.837,0.839,0.834,0.839,387489.55
2026-07-19 00:00:00+00:00,0.839,0.841,0.833,0.834,417420.44
2026-07-19 01:00:00+00:00,0.835,0.835,0.832,0.834,77105.59
2026-07-19 02:00:00+00:00,0.834,0.84,0.834,0.838,157426.12
2026-07-19 03:00:00+00:00,0.839,0.839,0.834,0.837,48865.83
2026-07-19 04:00:00+00:00,0.838,0.841,0.836,0.838,210168.57
2026-07-19 05:00:00+00:00,0.838,0.839,0.836,0.836,50039.82
2026-07-19 06:00:00+00:00,0.836,0.84,0.834,0.838,105242.12
2026-07-19 07:00:00+00:00,0.839,0.84,0.836,0.837,57826.66
2026-07-19 08:00:00+00:00,0.838,0.839,0.834,0.835,71162.69
2026-07-19 09:00:00+00:00,0.835,0.837,0.83,0.833,145252.16
2026-07-19 10:00:00+00:00,0.832,0.836,0.831,0.833,93470.86
2026-07-19 11:00:00+00:00,0.834,0.834,0.83,0.831,82816.57
2026-07-19 12:00:00+00:00,0.83,0.831,0.823,0.828,703036.11
2026-07-19 13:00:00+00:00,0.827,0.827,0.823,0.826,467343.06
2026-07-19 14:00:00+00:00,0.825,0.83,0.824,0.826,232680.95
2026-07-19 15:00:00+00:00,0.826,0.827,0.821,0.825,436569.75
2026-07-19 16:00:00+00:00,0.825,0.826,0.822,0.822,151919.14
2026-07-19 17:00:00+00:00,0.822,0.823,0.806,0.818,1114850.65
2026-07-19 18:00:00+00:00,0.818,0.818,0.81,0.813,325280.02
2026-07-19 19:00:00+00:00,0.814,0.817,0.811,0.817,254469.87
2026-07-19 20:00:00+00:00,0.817,0.818,0.815,0.817,206189.85
2026-07-19 21:00:00+00:00,0.818,0.818,0.815,0.816,69782.54
2026-07-19 22:00:00+00:00,0.816,0.821,0.812,0.819,281891.5
2026-07-19 23:00:00+00:00,0.818,0.82,0.815,0.82,90689.99
2026-07-20 00:00:00+00:00,0.82,0.827,0.812,0.814,454508.81
2026-07-20 01:00:00+00:00,0.814,0.821,0.808,0.81,315093.04
2026-07-20 02:00:00+00:00,0.81,0.815,0.809,0.814,176910.14
2026-07-20 03:00:00+00:00,0.815,0.817,0.812,0.814,111745.9
2026-07-20 04:00:00+00:00,0.815,0.816,0.809,0.812,92632.71
2026-07-20 05:00:00+00:00,0.812,0.813,0.803,0.808,273056.22
2026-07-20 06:00:00+00:00,0.809,0.81,0.802,0.805,179868.89
2026-07-20 07:00:00+00:00,0.805,0.809,0.802,0.807,181555.5
2026-07-20 08:00:00+00:00,0.808,0.809,0.801,0.804,263531.25
2026-07-20 09:00:00+00:00,0.803,0.807,0.803,0.806,150109.58
2026-07-20 10:00:00+00:00,0.806,0.811,0.805,0.809,218085.03
2026-07-20 11:00:00+00:00,0.809,0.817,0.805,0.816,416246.45
2026-07-20 12:00:00+00:00,0.817,0.818,0.812,0.812,210008.78
2026-07-20 13:00:00+00:00,0.812,0.818,0.811,0.813,113498.05
2026-07-20 14:00:00+00:00,0.813,0.816,0.809,0.811,119027.34
2026-07-20 15:00:00+00:00,0.812,0.826,0.811,0.822,347175.92
2026-07-20 16:00:00+00:00,0.823,0.828,0.817,0.82,430669.14
2026-07-20 17:00:00+00:00,0.82,0.827,0.819,0.824,424787.5
2026-07-20 18:00:00+00:00,0.824,0.828,0.821,0.822,114526.91
2026-07-20 19:00:00+00:00,0.823,0.826,0.821,0.824,184887.2
2026-07-20 20:00:00+00:00,0.824,0.83,0.823,0.829,121288.91
2026-07-20 21:00:00+00:00,0.828,0.832,0.826,0.826,486856.99
2026-07-20 22:00:00+00:00,0.825,0.826,0.82,0.824,93541.0
2026-07-20 23:00:00+00:00,0.824,0.831,0.823,0.827,103804.84
2026-07-21 00:00:00+00:00,0.826,0.831,0.825,0.829,133347.12
2026-07-21 01:00:00+00:00,0.829,0.832,0.827,0.827,87055.0
2026-07-21 02:00:00+00:00,0.827,0.834,0.824,0.832,113977.53
2026-07-21 03:00:00+00:00,0.833,0.838,0.833,0.838,80744.95
2026-07-21 04:00:00+00:00,0.839,0.84,0.832,0.836,101670.9
2026-07-21 05:00:00+00:00,0.835,0.848,0.835,0.846,250912.83
2026-07-21 06:00:00+00:00,0.847,0.864,0.847,0.857,734842.74
2026-07-21 07:00:00+00:00,0.857,0.863,0.853,0.856,608404.92
2026-07-21 08:00:00+00:00,0.856,0.86,0.855,0.858,504286.34
2026-07-21 09:00:00+00:00,0.857,0.867,0.856,0.866,623702.52
2026-07-21 10:00:00+00:00,0.866,0.869,0.858,0.862,418414.38
2026-07-21 11:00:00+00:00,0.862,0.863,0.855,0.858,212954.23
2026-07-21 12:00:00+00:00,0.858,0.861,0.855,0.86,128253.1
2026-07-21 13:00:00+00:00,0.86,0.863,0.857,0.86,841730.66
2026-07-21 14:00:00+00:00,0.861,0.864,0.856,0.859,306279.66
2026-07-21 15:00:00+00:00,0.859,0.86,0.852,0.857,235010.88
2026-07-21 16:00:00+00:00,0.857,0.857,0.851,0.852,156177.02
2026-07-21 17:00:00+00:00,0.853,0.857,0.85,0.855,297086.45
2026-07-21 18:00:00+00:00,0.856,0.857,0.852,0.855,113454.38
2026-07-21 19:00:00+00:00,0.856,0.859,0.853,0.856,109413.21
2026-07-21 20:00:00+00:00,0.856,0.856,0.85,0.85,66124.16
2026-07-21 21:00:00+00:00,0.851,0.856,0.849,0.852,94768.4
2026-07-21 22:00:00+00:00,0.851,0.851,0.846,0.847,232498.7
2026-07-21 23:00:00+00:00,0.847,0.848,0.843,0.847,169073.35
2026-07-22 00:00:00+00:00,0.848,0.853,0.847,0.853,339336.32
2026-07-22 01:00:00+00:00,0.852,0.853,0.849,0.853,52857.05
2026-07-22 02:00:00+00:00,0.853,0.857,0.852,0.854,207610.45
2026-07-22 03:00:00+00:00,0.854,0.858,0.848,0.848,798775.85
2026-07-22 04:00:00+00:00,0.848,0.856,0.848,0.855,121535.71
2026-07-22 05:00:00+00:00,0.854,0.855,0.842,0.844,268989.58
2026-07-22 06:00:00+00:00,0.844,0.844,0.839,0.841,99018.67
2026-07-22 07:00:00+00:00,0.841,0.842,0.838,0.84,258336.53
2026-07-22 08:00:00+00:00,0.841,0.844,0.84,0.843,78496.97
2026-07-22 09:00:00+00:00,0.842,0.843,0.836,0.838,151673.87
2026-07-22 10:00:00+00:00,0.838,0.842,0.837,0.841,81540.53
2026-07-22 11:00:00+00:00,0.841,0.841,0.837,0.838,144314.44
2026-07-22 12:00:00+00:00,0.838,0.839,0.834,0.836,205209.8
2026-07-22 13:00:00+00:00,0.837,0.842,0.834,0.841,196518.71
2026-07-22 14:00:00+00:00,0.841,0.847,0.836,0.839,122601.84
2026-07-22 15:00:00+00:00,0.84,0.846,0.839,0.844,68956.92
2026-07-22 16:00:00+00:00,0.845,0.853,0.843,0.852,311389.78
2026-07-22 17:00:00+00:00,0.853,0.854,0.843,0.845,333165.49
2026-07-22 18:00:00+00:00,0.846,0.846,0.838,0.841,144818.28
2026-07-22 19:00:00+00:00,0.841,0.843,0.836,0.842,99348.97
2026-07-22 20:00:00+00:00,0.841,0.844,0.841,0.843,54777.99
2026-07-22 21:00:00+00:00,0.843,0.844,0.838,0.84,116113.73
2026-07-22 22:00:00+00:00,0.84,0.841,0.835,0.837,79880.8
2026-07-22 23:00:00+00:00,0.837,0.837,0.829,0.836,236512.74
2026-07-23 00:00:00+00:00,0.836,0.842,0.834,0.839,125585.84
2026-07-23 01:00:00+00:00,0.839,0.84,0.831,0.832,84418.13
2026-07-23 02:00:00+00:00,0.832,0.832,0.829,0.832,147588.46
2026-07-23 03:00:00+00:00,0.832,0.832,0.821,0.822,374782.82
2026-07-23 04:00:00+00:00,0.822,0.827,0.82,0.825,68252.76
2026-07-23 05:00:00+00:00,0.825,0.826,0.819,0.821,146643.17
2026-07-23 06:00:00+00:00,0.821,0.824,0.82,0.823,71962.59
2026-07-23 07:00:00+00:00,0.823,0.823,0.818,0.82,234381.22
2026-07-23 08:00:00+00:00,0.82,0.825,0.819,0.822,105067.41
2026-07-23 09:00:00+00:00,0.822,0.823,0.817,0.82,131117.25
2026-07-23 10:00:00+00:00,0.82,0.822,0.819,0.822,98398.58
2026-07-23 11:00:00+00:00,0.823,0.823,0.817,0.819,239014.83
2026-07-23 12:00:00+00:00,0.819,0.824,0.814,0.819,356297.21
2026-07-23 13:00:00+00:00,0.818,0.819,0.813,0.815,338654.5
2026-07-23 14:00:00+00:00,0.814,0.82,0.812,0.816,288230.55
2026-07-23 15:00:00+00:00,0.815,0.816,0.811,0.815,170678.83
2026-07-23 16:00:00+00:00,0.815,0.815,0.81,0.81,99170.1
2026-07-23 17:00:00+00:00,0.81,0.814,0.805,0.807,238431.11
2026-07-23 18:00:00+00:00,0.808,0.817,0.807,0.816,163243.53
2026-07-23 19:00:00+00:00,0.815,0.819,0.812,0.816,157341.05
2026-07-23 20:00:00+00:00,0.816,0.82,0.816,0.817,40717.1
2026-07-23 21:00:00+00:00,0.816,0.82,0.815,0.817,39033.82
2026-07-23 22:00:00+00:00,0.818,0.818,0.813,0.817,65633.76
2026-07-23 23:00:00+00:00,0.817,0.819,0.815,0.815,47966.34
2026-07-24 00:00:00+00:00,0.815,0.817,0.812,0.816,95860.57
2026-07-24 01:00:00+00:00,0.816,0.82,0.815,0.817,45292.77
2026-07-24 02:00:00+00:00,0.816,0.819,0.811,0.814,188330.8
2026-07-24 03:00:00+00:00,0.814,0.818,0.813,0.815,54184.21
2026-07-24 04:00:00+00:00,0.815,0.816,0.812,0.813,64786.42
2026-07-24 05:00:00+00:00,0.814,0.817,0.809,0.811,426745.83
2026-07-24 06:00:00+00:00,0.81,0.813,0.808,0.81,382319.23
2026-07-24 07:00:00+00:00,0.81,0.815,0.808,0.812,630597.85
2026-07-24 08:00:00+00:00,0.811,0.812,0.809,0.81,105970.41
2026-07-24 09:00:00+00:00,0.81,0.811,0.806,0.807,133081.66
2026-07-24 10:00:00+00:00,0.807,0.807,0.802,0.803,219689.68
2026-07-24 11:00:00+00:00,0.802,0.805,0.8,0.804,354967.41
2026-07-24 12:00:00+00:00,0.804,0.805,0.799,0.8,352737.33
2026-07-24 13:00:00+00:00,0.8,0.8,0.787,0.796,720869.58
2026-07-24 14:00:00+00:00,0.796,0.798,0.79,0.797,227128.39
2026-07-24 15:00:00+00:00,0.796,0.801,0.794,0.799,318772.73
2026-07-24 16:00:00+00:00,0.799,0.802,0.798,0.801,325999.12
2026-07-24 17:00:00+00:00,0.801,0.805,0.8,0.804,236086.49
2026-07-24 18:00:00+00:00,0.804,0.808,0.802,0.806,204861.14
2026-07-24 19:00:00+00:00,0.806,0.808,0.805,0.807,81767.27
2026-07-24 20:00:00+00:00,0.807,0.809,0.805,0.806,115276.69
2026-07-24 21:00:00+00:00,0.805,0.811,0.802,0.806,267773.18
2026-07-24 22:00:00+00:00,0.805,0.807,0.803,0.807,102635.81
2026-07-24 23:00:00+00:00,0.806,0.81,0.806,0.808,51590.85
2026-07-25 00:00:00+00:00,0.808,0.81,0.806,0.809,85995.54
2026-07-25 01:00:00+00:00,0.809,0.811,0.808,0.809,63067.33
2026-07-25 02:00:00+00:00,0.809,0.81,0.807,0.809,48725.6
2026-07-25 03:00:00+00:00,0.81,0.813,0.809,0.811,75266.35
2026-07-25 04:00:00+00:00,0.812,0.818,0.811,0.813,127212.84
2026-07-25 05:00:00+00:00,0.813,0.818,0.811,0.816,91478.72
2026-07-25 06:00:00+00:00,0.815,0.817,0.809,0.814,97172.75
2026-07-25 07:00:00+00:00,0.813,0.815,0.81,0.811,77092.93
2026-07-25 08:00:00+00:00,0.811,0.815,0.808,0.812,207178.77
2026-07-25 09:00:00+00:00,0.811,0.82,0.811,0.816,180757.13
2026-07-25 10:00:00+00:00,0.816,0.818,0.813,0.815,64772.1
2026-07-25 11:00:00+00:00,0.815,0.817,0.812,0.815,35765.72
2026-07-25 12:00:00+00:00,0.815,0.819,0.813,0.819,155175.35
2026-07-25 13:00:00+00:00,0.818,0.825,0.817,0.823,100261.32
2026-07-25 14:00:00+00:00,0.823,0.823,0.819,0.822,114437.94
2026-07-25 15:00:00+00:00,0.822,0.824,0.82,0.822,77726.37
2026-07-25 16:00:00+00:00,0.822,0.824,0.82,0.822,83556.75
2026-07-25 17:00:00+00:00,0.823,0.823,0.817,0.817,179241.1
2026-07-25 18:00:00+00:00,0.817,0.82,0.817,0.818,35705.91
2026-07-25 19:00:00+00:00,0.817,0.818,0.816,0.817,106584.88
2026-07-25 20:00:00+00:00,0.817,0.817,0.815,0.815,51956.13
2026-07-25 21:00:00+00:00,0.815,0.82,0.813,0.817,79132.41
2026-07-25 22:00:00+00:00,0.817,0.818,0.815,0.818,57167.16
2026-07-25 23:00:00+00:00,0.818,0.818,0.814,0.814,50748.31
2026-07-26 00:00:00+00:00,0.814,0.818,0.813,0.816,71089.55
2026-07-26 01:00:00+00:00,0.817,0.818,0.815,0.816,44472.11
2026-07-26 02:00:00+00:00,0.816,0.821,0.814,0.82,46747.34
2026-07-26 03:00:00+00:00,0.819,0.822,0.818,0.82,223866.37
2026-07-26 04:00:00+00:00,0.819,0.824,0.818,0.823,183824.33
2026-07-26 05:00:00+00:00,0.823,0.827,0.82,0.824,308480.07
2026-07-26 06:00:00+00:00,0.824,0.826,0.82,0.825,134527.31
2026-07-26 07:00:00+00:00,0.826,0.829,0.823,0.826,125238.6
2026-07-26 08:00:00+00:00,0.826,0.826,0.823,0.825,62753.35
2026-07-26 09:00:00+00:00,0.825,0.83,0.823,0.829,109207.64
2026-07-26 10:00:00+00:00,0.829,0.831,0.824,0.825,145412.35
2026-07-26 11:00:00+00:00,0.825,0.828,0.825,0.825,90194.74
2026-07-26 12:00:00+00:00,0.824,0.829,0.824,0.826,125927.98
2026-07-26 13:00:00+00:00,0.826,0.826,0.821,0.823,206789.1
2026-07-26 14:00:00+00:00,0.823,0.827,0.821,0.822,93010.65
2026-07-26 15:00:00+00:00,0.822,0.826,0.821,0.825,205916.35
2026-07-26 16:00:00+00:00,0.825,0.828,0.821,0.824,95750.72
2026-07-26 17:00:00+00:00,0.823,0.826,0.821,0.821,145579.49
2026-07-26 18:00:00+00:00,0.822,0.822,0.818,0.819,173197.92
2026-07-26 19:00:00+00:00,0.818,0.82,0.817,0.819,66145.97
2026-07-26 20:00:00+00:00,0.819,0.819,0.817,0.818,41477.18
2026-07-26 21:00:00+00:00,0.817,0.82,0.817,0.819,85704.29
2026-07-26 22:00:00+00:00,0.819,0.83,0.819,0.829,262042.87
2026-07-26 23:00:00+00:00,0.829,0.832,0.825,0.828,163497.76
2026-07-27 00:00:00+00:00,0.828,0.829,0.823,0.824,242254.03
2026-07-27 01:00:00+00:00,0.824,0.826,0.814,0.82,168003.19
2026-07-27 02:00:00+00:00,0.821,0.821,0.815,0.817,79067.63
2026-07-27 03:00:00+00:00,0.817,0.82,0.816,0.818,56614.56
2026-07-27 04:00:00+00:00,0.817,0.821,0.815,0.816,126165.07
2026-07-27 05:00:00+00:00,0.815,0.818,0.814,0.817,144247.74
2026-07-27 06:00:00+00:00,0.817,0.821,0.816,0.818,135398.53
2026-07-27 07:00:00+00:00,0.817,0.819,0.815,0.815,81637.18
2026-07-27 08:00:00+00:00,0.815,0.815,0.808,0.81,247301.68
2026-07-27 09:00:00+00:00,0.809,0.812,0.807,0.81,144990.8
2026-07-27 10:00:00+00:00,0.81,0.814,0.81,0.811,291572.04
2026-07-27 11:00:00+00:00,0.811,0.811,0.806,0.807,194218.67
2026-07-27 12:00:00+00:00,0.807,0.81,0.803,0.809,253469.67
2026-07-27 13:00:00+00:00,0.809,0.813,0.805,0.806,141947.03
2026-07-27 14:00:00+00:00,0.807,0.807,0.789,0.795,903624.45
2026-07-27 15:00:00+00:00,0.794,0.796,0.791,0.793,216999.57
2026-07-27 16:00:00+00:00,0.792,0.799,0.791,0.796,553923.19
2026-07-27 17:00:00+00:00,0.796,0.797,0.793,0.795,185673.32
2026-07-27 18:00:00+00:00,0.796,0.796,0.788,0.791,257537.32
2026-07-27 19:00:00+00:00,0.792,0.796,0.791,0.793,83769.16
2026-07-27 20:00:00+00:00,0.794,0.796,0.791,0.793,115280.8
2026-07-27 21:00:00+00:00,0.793,0.794,0.791,0.792,93560.19
2026-07-27 22:00:00+00:00,0.792,0.792,0.752,0.756,2170757.55
2026-07-27 23:00:00+00:00,0.755,0.759,0.748,0.759,638345.06
2026-07-28 00:00:00+00:00,0.759,0.762,0.756,0.759,256633.75
2026-07-28 01:00:00+00:00,0.759,0.761,0.751,0.759,200754.81
2026-07-28 02:00:00+00:00,0.759,0.763,0.758,0.762,94092.62
2026-07-28 03:00:00+00:00,0.763,0.763,0.759,0.762,137537.26
2026-07-28 04:00:00+00:00,0.761,0.764,0.76,0.763,135570.37
2026-07-28 05:00:00+00:00,0.762,0.772,0.762,0.77,375441.25
2026-07-28 06:00:00+00:00,0.771,0.772,0.764,0.765,1344227.99
2026-07-28 07:00:00+00:00,0.765,0.765,0.755,0.759,1171537.37
2026-07-28 08:00:00+00:00,0.759,0.762,0.758,0.761,116978.64
2026-07-28 09:00:00+00:00,0.761,0.765,0.759,0.764,199412.68
2026-07-28 10:00:00+00:00,0.764,0.766,0.761,0.763,142378.89
2026-07-28 11:00:00+00:00,0.763,0.764,0.758,0.76,159024.56
2026-07-28 12:00:00+00:00,0.76,0.765,0.757,0.763,257642.06
2026-07-28 13:00:00+00:00,0.762,0.763,0.749,0.757,477799.2
2026-07-28 14:00:00+00:00,0.757,0.759,0.754,0.756,301801.13
2026-07-28 15:00:00+00:00,0.756,0.766,0.754,0.763,268883.3
2026-07-28 16:00:00+00:00,0.763,0.764,0.758,0.762,148173.97
2026-07-28 17:00:00+00:00,0.761,0.762,0.755,0.757,111844.28
2026-07-28 18:00:00+00:00,0.758,0.761,0.757,0.758,120649.95
2026-07-28 19:00:00+00:00,0.759,0.766,0.759,0.763,238843.14
2026-07-28 20:00:00+00:00,0.764,0.765,0.761,0.765,120323.15
2026-07-28 21:00:00+00:00,0.764,0.769,0.764,0.767,319478.79
2026-07-28 22:00:00+00:00,0.767,0.768,0.76,0.761,118332.27
2026-07-28 23:00:00+00:00,0.76,0.763,0.758,0.761,158296.54
2026-07-29 00:00:00+00:00,0.761,0.767,0.761,0.765,354413.81
2026-07-29 01:00:00+00:00,0.764,0.764,0.754,0.754,289570.83
2026-07-29 02:00:00+00:00,0.754,0.765,0.753,0.763,203023.14
2026-07-29 03:00:00+00:00,0.763,0.766,0.758,0.758,236003.47
2026-07-29 04:00:00+00:00,0.759,0.763,0.754,0.761,268908.19
2026-07-29 05:00:00+00:00,0.761,0.764,0.759,0.762,85651.36
2026-07-29 06:00:00+00:00,0.762,0.766,0.76,0.764,191297.43
2026-07-29 07:00:00+00:00,0.763,0.765,0.762,0.765,88036.96
2026-07-29 08:00:00+00:00,0.765,0.765,0.76,0.762,114120.62
2026-07-29 09:00:00+00:00,0.763,0.766,0.762,0.765,145022.31
2026-07-29 10:00:00+00:00,0.764,0.766,0.761,0.761,168889.79
2026-07-29 11:00:00+00:00,0.762,0.765,0.758,0.761,133789.54
2026-07-29 12:00:00+00:00,0.762,0.763,0.759,0.76,149962.26
2026-07-29 13:00:00+00:00,0.76,0.763,0.758,0.761,188365.15
2026-07-29 14:00:00+00:00,0.762,0.763,0.755,0.761,189424.6
2026-07-29 15:00:00+00:00,0.76,0.762,0.758,0.759,152936.28
2026-07-29 16:00:00+00:00,0.759,0.765,0.756,0.758,385632.22
2026-07-29 17:00:00+00:00,0.758,0.766,0.758,0.766,206981.39
2026-07-29 18:00:00+00:00,0.766,0.777,0.763,0.775,677182.88
2026-07-29 19:00:00+00:00,0.776,0.777,0.758,0.759,341890.57
2026-07-29 20:00:00+00:00,0.76,0.763,0.754,0.756,348538.46
2026-07-29 21:00:00+00:00,0.756,0.762,0.752,0.762,262876.7
2026-07-29 22:00:00+00:00,0.762,0.766,0.76,0.762,188925.69
2026-07-29 23:00:00+00:00,0.762,0.764,0.761,0.764,91078.56
2026-07-30 00:00:00+00:00,0.763,0.766,0.761,0.762,171467.13
2026-07-30 01:00:00+00:00,0.763,0.773,0.763,0.77,376949.37
2026-07-30 02:00:00+00:00,0.771,0.772,0.766,0.767,130400.85
2026-07-30 03:00:00+00:00,0.767,0.769,0.765,0.766,99382.65
2026-07-30 04:00:00+00:00,0.766,0.767,0.763,0.764,84029.79
2026-07-30 05:00:00+00:00,0.763,0.767,0.762,0.766,74537.83
2026-07-30 06:00:00+00:00,0.767,0.768,0.765,0.767,65311.18
2026-07-30 07:00:00+00:00,0.767,0.768,0.764,0.766,96494.38
2026-07-30 08:00:00+00:00,0.766,0.77,0.766,0.768,58168.35
2026-07-30 09:00:00+00:00,0.769,0.77,0.767,0.768,64369.85
2026-07-30 10:00:00+00:00,0.768,0.771,0.767,0.768,84488.75
2026-07-30 11:00:00+00:00,0.767,0.769,0.766,0.768,88497.98
2026-07-30 12:00:00+00:00,0.768,0.77,0.766,0.767,104533.76
2026-07-30 13:00:00+00:00,0.767,0.77,0.763,0.77,243923.27
2026-07-30 14:00:00+00:00,0.77,0.773,0.768,0.771,240993.3
2026-07-30 15:00:00+00:00,0.771,0.772,0.764,0.769,167789.97
2026-07-30 16:00:00+00:00,0.768,0.773,0.767,0.772,156193.7
2026-07-30 17:00:00+00:00,0.771,0.775,0.769,0.773,123842.28
2026-07-30 18:00:00+00:00,0.774,0.777,0.773,0.773,129726.25
2026-07-30 19:00:00+00:00,0.774,0.778,0.773,0.777,71164.69
2026-07-30 20:00:00+00:00,0.776,0.779,0.772,0.773,188202.92
2026-07-30 21:00:00+00:00,0.773,0.776,0.771,0.774,77079.48
2026-07-30 22:00:00+00:00,0.773,0.775,0.772,0.772,61690.84
2026-07-30 23:00:00+00:00,0.772,0.773,0.768,0.768,91048.66
2026-07-31 00:00:00+00:00,0.769,0.77,0.767,0.768,315447.42
2026-07-31 01:00:00+00:00,0.769,0.775,0.768,0.768,164486.57
2026-07-31 02:00:00+00:00,0.768,0.769,0.764,0.765,151990.98
2026-07-31 03:00:00+00:00,0.766,0.77,0.763,0.769,172979.45
2026-07-31 04:00:00+00:00,0.769,0.769,0.766,0.768,98307.76
2026-07-31 05:00:00+00:00,0.768,0.77,0.767,0.769,75764.89
2026-07-31 06:00:00+00:00,0.769,0.77,0.767,0.77,113038.48
2026-07-31 07:00:00+00:00,0.77,0.773,0.765,0.772,186120.81
2026-07-31 08:00:00+00:00,0.771,0.771,0.766,0.767,156793.71
2026-07-31 09:00:00+00:00,0.767,0.767,0.761,0.762,152651.11
2026-07-31 10:00:00+00:00,0.762,0.764,0.758,0.762,192514.63
2026-07-31 11:00:00+00:00,0.763,0.765,0.758,0.759,214278.79
2026-07-31 12:00:00+00:00,0.759,0.761,0.756,0.76,72400.22
2026-07-31 13:00:00+00:00,0.761,0.762,0.755,0.757,300354.22
2026-07-31 14:00:00+00:00,0.758,0.758,0.743,0.755,1082751.31
2026-07-31 15:00:00+00:00,0.755,0.759,0.754,0.758,295869.57
2026-07-31 16:00:00+00:00,0.757,0.763,0.756,0.762,145587.1
2026-07-31 17:00:00+00:00,0.763,0.77,0.762,0.769,181233.28
2026-07-31 18:00:00+00:00,0.769,0.769,0.764,0.768,130317.77
2026-07-31 19:00:00+00:00,0.769,0.77,0.76,0.762,95096.2
2026-07-31 20:00:00+00:00,0.762,0.765,0.76,0.761,106357.91
2026-07-31 21:00:00+00:00,0.761,0.766,0.761,0.762,125410.76
2026-07-31 22:00:00+00:00,0.762,0.763,0.759,0.759,77158.04
2026-07-31 23:00:00+00:00,0.759,0.76,0.758,0.759,28160.02
2026-08-01 00:00:00+00:00,0.759,0.761,0.758,0.758,137981.51
2026-08-01 01:00:00+00:00,0.759,0.763,0.759,0.763,118568.56
2026-08-01 02:00:00+00:00,0.763,0.766,0.762,0.765,77014.71
2026-08-01 03:00:00+00:00,0.765,0.765,0.763,0.765,44920.23
2026-08-01 04:00:00+00:00,0.765,0.767,0.764,0.767,28081.99
2026-08-01 05:00:00+00:00,0.766,0.768,0.763,0.764,51810.0
2026-08-01 06:00:00+00:00,0.764,0.764,0.761,0.762,84475.63
2026-08-01 07:00:00+00:00,0.762,0.764,0.761,0.761,31538.44
2026-08-01 08:00:00+00:00,0.761,0.763,0.761,0.762,37924.58
2026-08-01 09:00:00+00:00,0.762,0.767,0.761,0.766,147216.42
2026-08-01 10:00:00+00:00,0.765,0.766,0.761,0.763,79534.49
2026-08-01 11:00:00+00:00,0.762,0.767,0.762,0.766,85751.36
2026-08-01 12:00:00+00:00,0.767,0.771,0.767,0.77,291652.23
2026-08-01 13:00:00+00:00,0.771,0.773,0.768,0.77,195607.54
2026-08-01 14:00:00+00:00,0.77,0.785,0.769,0.782,650642.99
2026-08-01 15:00:00+00:00,0.782,0.782,0.776,0.777,361215.68
2026-08-01 16:00:00+00:00,0.778,0.781,0.776,0.779,188045.33
2026-08-01 17:00:00+00:00,0.779,0.782,0.772,0.775,254182.11
2026-08-01 18:00:00+00:00,0.774,0.776,0.763,0.77,381199.95
2026-08-01 19:00:00+00:00,0.771,0.773,0.769,0.771,119067.78
2026-08-01 20:00:00+00:00,0.771,0.774,0.769,0.772,90796.09
2026-08-01 21:00:00+00:00,0.773,0.78,0.773,0.779,122007.25
2026-08-01 22:00:00+00:00,0.78,0.782,0.779,0.779,157549.4
2026-08-01 23:00:00+00:00,0.779,0.783,0.778,0.782,171350.38
2026-08-02 00:00:00+00:00,0.782,0.787,0.781,0.786,276323.84
2026-08-02 01:00:00+00:00,0.787,0.794,0.786,0.791,474801.33
2026-08-02 02:00:00+00:00,0.791,0.799,0.788,0.798,929090.57
2026-08-02 03:00:00+00:00,0.798,0.799,0.79,0.79,182444.24
2026-08-02 04:00:00+00:00,0.791,0.795,0.788,0.795,127833.91
2026-08-02 05:00:00+00:00,0.795,0.797,0.791,0.794,161005.07
2026-08-02 06:00:00+00:00,0.795,0.796,0.79,0.792,188494.0
2026-08-02 07:00:00+00:00,0.791,0.796,0.789,0.795,143303.36
2026-08-02 08:00:00+00:00,0.795,0.797,0.791,0.796,150803.74
2026-08-02 09:00:00+00:00,0.796,0.802,0.793,0.799,321740.37
2026-08-02 10:00:00+00:00,0.799,0.8,0.794,0.795,260720.56
2026-08-02 11:00:00+00:00,0.795,0.795,0.792,0.793,101622.98
2026-08-02 12:00:00+00:00,0.794,0.796,0.793,0.796,141516.81
2026-08-02 13:00:00+00:00,0.796,0.801,0.794,0.799,147815.97
2026-08-02 14:00:00+00:00,0.799,0.801,0.797,0.797,141315.8
2026-08-02 15:00:00+00:00,0.798,0.798,0.793,0.793,237772.65
2026-08-02 16:00:00+00:00,0.794,0.796,0.79,0.794,332664.74
2026-08-02 17:00:00+00:00,0.794,0.8,0.794,0.798,65294.43
2026-08-02 18:00:00+00:00,0.798,0.801,0.796,0.798,74924.11
2026-08-02 19:00:00+00:00,0.797,0.799,0.797,0.798,106143.38
2026-08-02 20:00:00+00:00,0.797,0.798,0.795,0.796,35017.81
2026-08-02 21:00:00+00:00,0.797,0.799,0.796,0.797,136149.81
2026-08-02 22:00:00+00:00,0.797,0.799,0.794,0.798,131162.77
2026-08-02 23:00:00+00:00,0.798,0.799,0.796,0.799,74881.98
2026-08-03 00:00:00+00:00,0.799,0.799,0.795,0.797,132462.97
2026-08-03 01:00:00+00:00,0.798,0.798,0.791,0.793,70804.87
2026-08-03 02:00:00+00:00,0.793,0.795,0.79,0.791,108974.86
2026-08-03 03:00:00+00:00,0.79,0.791,0.787,0.79,110867.66
2026-08-03 04:00:00+00:00,0.789,0.794,0.788,0.791,82451.0
2026-08-03 05:00:00+00:00,0.791,0.797,0.789,0.796,157376.99
2026-08-03 06:00:00+00:00,0.797,0.799,0.793,0.795,111016.55
2026-08-03 07:00:00+00:00,0.794,0.797,0.793,0.794,167920.88
2026-08-03 08:00:00+00:00,0.793,0.798,0.79,0.797,203035.21
2026-08-03 09:00:00+00:00,0.797,0.807,0.796,0.804,212204.08
2026-08-03 10:00:00+00:00,0.805,0.807,0.801,0.804,162870.45
2026-08-03 11:00:00+00:00,0.804,0.808,0.8,0.807,186968.81
2026-08-03 12:00:00+00:00,0.806,0.815,0.805,0.814,301431.55
2026-08-03 13:00:00+00:00,0.814,0.829,0.812,0.827,676203.56
2026-08-03 14:00:00+00:00,0.828,0.829,0.82,0.824,434316.15
2026-08-03 15:00:00+00:00,0.825,0.828,0.815,0.826,589170.09
2026-08-03 16:00:00+00:00,0.825,0.827,0.822,0.826,236284.12
2026-08-03 17:00:00+00:00,0.826,0.831,0.824,0.828,181763.27
2026-08-03 18:00:00+00:00,0.829,0.832,0.826,0.831,132807.6
2026-08-03 19:00:00+00:00,0.832,0.832,0.824,0.825,96637.63
2026-08-03 20:00:00+00:00,0.825,0.825,0.819,0.822,218988.77
2026-08-03 21:00:00+00:00,0.822,0.825,0.82,0.823,94422.32
2026-08-03 22:00:00+00:00,0.824,0.826,0.821,0.824,215450.77
2026-08-03 23:00:00+00:00,0.823,0.825,0.82,0.825,121404.01
2026-08-04 00:00:00+00:00,0.824,0.826,0.82,0.822,106263.36
2026-08-04 01:00:00+00:00,0.822,0.839,0.822,0.837,382919.52
2026-08-04 02:00:00+00:00,0.837,0.848,0.837,0.843,334104.81
2026-08-04 03:00:00+00:00,0.843,0.846,0.838,0.84,314844.53
2026-08-04 04:00:00+00:00,0.84,0.841,0.836,0.839,134534.89
2026-08-04 05:00:00+00:00,0.838,0.84,0.833,0.836,158820.32
2026-08-04 06:00:00+00:00,0.836,0.838,0.833,0.834,208765.28
2026-08-04 07:00:00+00:00,0.833,0.837,0.83,0.837,82630.79
2026-08-04 08:00:00+00:00,0.836,0.839,0.83,0.836,281509.06
2026-08-04 09:00:00+00:00,0.836,0.839,0.832,0.837,261099.77
2026-08-04 10:00:00+00:00,0.838,0.838,0.832,0.835,113110.15
2026-08-04 11:00:00+00:00,0.836,0.836,0.832,0.833,80544.12
2026-08-04 12:00:00+00:00,0.833,0.833,0.827,0.831,173145.99
2026-08-04 13:00:00+00:00,0.83,0.832,0.826,0.826,273876.4
2026-08-04 14:00:00+00:00,0.826,0.831,0.825,0.83,112955.68
2026-08-04 15:00:00+00:00,0.83,0.836,0.828,0.833,163653.22
2026-08-04 16:00:00+00:00,0.833,0.846,0.833,0.843,418190.48
2026-08-04 17:00:00+00:00,0.843,0.843,0.836,0.837,207752.51
2026-08-04 18:00:00+00:00,0.837,0.845,0.837,0.843,91486.96
2026-08-04 19:00:00+00:00,0.843,0.844,0.839,0.841,76080.56
2026-08-04 20:00:00+00:00,0.842,0.848,0.841,0.846,248952.8
2026-08-04 21:00:00+00:00,0.847,0.862,0.844,0.853,558678.42
2026-08-04 22:00:00+00:00,0.853,0.87,0.852,0.866,518832.82
2026-08-04 23:00:00+00:00,0.867,0.869,0.856,0.857,355804.51
2026-08-05 00:00:00+00:00,0.857,0.87,0.855,0.864,474961.39
2026-08-05 01:00:00+00:00,0.864,0.865,0.857,0.858,160903.42
2026-08-05 02:00:00+00:00,0.859,0.861,0.856,0.856,148118.91
2026-08-05 03:00:00+00:00,0.856,0.857,0.844,0.846,441929.27
2026-08-05 04:00:00+00:00,0.847,0.848,0.845,0.847,98669.12
2026-08-05 05:00:00+00:00,0.847,0.849,0.846,0.848,113904.91
2026-08-05 06:00:00+00:00,0.847,0.854,0.846,0.854,165951.23
2026-08-05 07:00:00+00:00,0.853,0.855,0.851,0.855,99644.08
2026-08-05 08:00:00+00:00,0.856,0.857,0.852,0.855,152837.02
2026-08-05 09:00:00+00:00,0.855,0.858,0.851,0.851,145929.26
2026-08-05 10:00:00+00:00,0.85,0.852,0.847,0.85,102165.22
2026-08-05 11:00:00+00:00,0.851,0.854,0.85,0.852,66839.48
2026-08-05 12:00:00+00:00,0.852,0.852,0.846,0.847,126093.76
2026-08-05 13:00:00+00:00,0.846,0.848,0.842,0.846,191780.21
2026-08-05 14:00:00+00:00,0.846,0.851,0.843,0.85,240888.06
2026-08-05 15:00:00+00:00,0.85,0.855,0.848,0.853,200851.39
2026-08-05 16:00:00+00:00,0.852,0.856,0.851,0.854,168876.31
2026-08-05 17:00:00+00:00,0.854,0.855,0.852,0.853,110233.16
2026-08-05 18:00:00+00:00,0.852,0.854,0.851,0.853,57085.33
2026-08-05 19:00:00+00:00,0.853,0.853,0.848,0.848,62532.08
2026-08-05 20:00:00+00:00,0.848,0.851,0.847,0.849,64275.94
2026-08-05 21:00:00+00:00,0.849,0.85,0.84,0.842,185340.6
2026-08-05 22:00:00+00:00,0.841,0.844,0.838,0.843,153493.01
2026-08-05 23:00:00+00:00,0.843,0.845,0.841,0.842,68439.85
2026-08-06 00:00:00+00:00,0.842,0.847,0.842,0.845,83791.77
2026-08-06 01:00:00+00:00,0.844,0.845,0.838,0.841,78241.17
2026-08-06 02:00:00+00:00,0.841,0.843,0.839,0.842,120219.71
2026-08-06 03:00:00+00:00,0.842,0.843,0.84,0.841,101875.41
2026-08-06 04:00:00+00:00,0.84,0.844,0.84,0.842,200770.15
2026-08-06 05:00:00+00:00,0.842,0.845,0.835,0.838,143846.01
2026-08-06 06:00:00+00:00,0.838,0.838,0.835,0.836,125523.97
2026-08-06 07:00:00+00:00,0.837,0.837,0.832,0.833,137301.52
2026-08-06 08:00:00+00:00,0.833,0.836,0.833,0.834,75896.4
2026-08-06 09:00:00+00:00,0.834,0.835,0.828,0.828,193323.89
2026-08-06 10:00:00+00:00,0.828,0.828,0.822,0.822,174993.35
2026-08-06 11:00:00+00:00,0.823,0.828,0.822,0.825,104880.82
2026-08-06 12:00:00+00:00,0.826,0.826,0.819,0.82,205730.83
2026-08-06 13:00:00+00:00,0.82,0.82,0.815,0.819,183039.7
2026-08-06 14:00:00+00:00,0.819,0.823,0.815,0.821,239134.91
2026-08-06 15:00:00+00:00,0.821,0.827,0.82,0.823,201429.23
2026-08-06 16:00:00+00:00,0.824,0.827,0.82,0.826,134696.88
2026-08-06 17:00:00+00:00,0.825,0.827,0.819,0.821,296487.76
2026-08-06 18:00:00+00:00,0.822,0.827,0.818,0.823,214871.96
2026-08-06 19:00:00+00:00,0.824,0.825,0.822,0.822,58485.65
2026-08-06 20:00:00+00:00,0.823,0.828,0.822,0.826,64643.07
2026-08-06 21:00:00+00:00,0.826,0.827,0.825,0.826,52677.24
2026-08-06 22:00:00+00:00,0.826,0.827,0.821,0.821,68759.7
2026-08-06 23:00:00+00:00,0.821,0.822,0.819,0.822,51442.74
2026-08-07 00:00:00+00:00,0.821,0.824,0.82,0.822,149345.45
2026-08-07 01:00:00+00:00,0.823,0.824,0.818,0.819,68035.37
2026-08-07 02:00:00+00:00,0.819,0.822,0.817,0.821,118901.51
2026-08-07 03:00:00+00:00,0.821,0.824,0.818,0.818,57509.88
2026-08-07 04:00:00+00:00,0.819,0.819,0.814,0.817,109604.53
2026-08-07 05:00:00+00:00,0.817,0.818,0.81,0.815,165858.48
2026-08-07 06:00:00+00:00,0.817,0.819,0.815,0.817,93252.27
2026-08-07 07:00:00+00:00,0.816,0.818,0.815,0.816,67654.43
2026-08-07 08:00:00+00:00,0.817,0.818,0.813,0.814,53500.03
2026-08-07 09:00:00+00:00,0.814,0.816,0.812,0.813,109482.36
2026-08-07 10:00:00+00:00,0.814,0.816,0.81,0.81,127429.96
2026-08-07 11:00:00+00:00,0.811,0.817,0.81,0.817,132637.11
2026-08-07 12:00:00+00:00,0.816,0.822,0.815,0.818,292520.16
2026-08-07 13:00:00+00:00,0.818,0.819,0.815,0.816,96605.7
2026-08-07 14:00:00+00:00,0.816,0.816,0.805,0.807,287165.28
2026-08-07 15:00:00+00:00,0.807,0.811,0.806,0.809,146134.97
2026-08-07 16:00:00+00:00,0.809,0.811,0.805,0.805,81680.18
2026-08-07 17:00:00+00:00,0.805,0.806,0.802,0.804,205657.89
2026-08-07 18:00:00+00:00,0.805,0.81,0.805,0.808,183976.46
2026-08-07 19:00:00+00:00,0.808,0.814,0.807,0.814,57836.39
2026-08-07 20:00:00+00:00,0.814,0.818,0.813,0.817,53684.0
2026-08-07 21:00:00+00:00,0.817,0.817,0.812,0.813,96745.17
2026-08-07 22:00:00+00:00,0.813,0.814,0.811,0.811,43705.68
2026-08-07 23:00:00+00:00,0.812,0.819,0.812,0.818,172460.27
2026-08-08 00:00:00+00:00,0.819,0.82,0.816,0.82,129597.34
2026-08-08 01:00:00+00:00,0.82,0.824,0.819,0.821,92218.65
2026-08-08 02:00:00+00:00,0.821,0.821,0.818,0.818,59818.54
2026-08-08 03:00:00+00:00,0.818,0.827,0.818,0.824,121342.02
2026-08-08 04:00:00+00:00,0.825,0.825,0.821,0.822,36273.64
2026-08-08 05:00:00+00:00,0.822,0.824,0.819,0.819,78073.65
2026-08-08 06:00:00+00:00,0.819,0.821,0.818,0.819,47676.44
2026-08-08 07:00:00+00:00,0.82,0.82,0.817,0.819,71872.47
2026-08-08 08:00:00+00:00,0.819,0.821,0.818,0.818,42031.99
2026-08-08 09:00:00+00:00,0.818,0.819,0.815,0.817,78277.96
2026-08-08 10:00:00+00:00,0.816,0.82,0.816,0.82,65400.52
2026-08-08 11:00:00+00:00,0.82,0.821,0.818,0.82,78940.37
2026-08-08 12:00:00+00:00,0.82,0.824,0.819,0.82,155138.15
2026-08-08 13:00:00+00:00,0.82,0.82,0.814,0.816,127386.63
2026-08-08 14:00:00+00:00,0.815,0.82,0.814,0.819,138126.13
2026-08-08 15:00:00+00:00,0.819,0.82,0.817,0.818,68849.4
2026-08-08 16:00:00+00:00,0.818,0.819,0.817,0.819,66638.44
2026-08-08 17:00:00+00:00,0.819,0.819,0.816,0.817,35681.36
2026-08-08 18:00:00+00:00,0.818,0.819,0.815,0.818,34252.38
2026-08-08 19:00:00+00:00,0.817,0.819,0.816,0.817,66236.63
2026-08-08 20:00:00+00:00,0.817,0.821,0.816,0.821,74341.75
2026-08-08 21:00:00+00:00,0.822,0.822,0.817,0.818,46390.07
2026-08-08 22:00:00+00:00,0.819,0.819,0.813,0.814,37453.72
2026-08-08 23:00:00+00:00,0.814,0.816,0.813,0.816,28766.77
2026-08-09 00:00:00+00:00,0.816,0.816,0.813,0.815,42529.91
2026-08-09 01:00:00+00:00,0.815,0.816,0.812,0.815,88384.82
2026-08-09 02:00:00+00:00,0.815,0.816,0.814,0.815,60436.62
2026-08-09 03:00:00+00:00,0.814,0.815,0.812,0.813,66668.01
2026-08-09 04:00:00+00:00,0.813,0.814,0.811,0.814,77959.55
2026-08-09 05:00:00+00:00,0.813,0.813,0.806,0.809,206224.88
2026-08-09 06:00:00+00:00,0.809,0.814,0.808,0.813,58662.18
2026-08-09 07:00:00+00:00,0.814,0.814,0.809,0.811,78656.73
2026-08-09 08:00:00+00:00,0.811,0.813,0.808,0.81,90481.44
2026-08-09 09:00:00+00:00,0.81,0.81,0.805,0.808,153132.67
2026-08-09 10:00:00+00:00,0.808,0.809,0.806,0.807,73529.45
2026-08-09 11:00:00+00:00,0.806,0.808,0.805,0.808,62894.57
2026-08-09 12:00:00+00:00,0.807,0.81,0.806,0.81,138043.72
2026-08-09 13:00:00+00:00,0.81,0.814,0.807,0.81,176608.04
2026-08-09 14:00:00+00:00,0.809,0.813,0.809,0.813,100861.93
2026-08-09 15:00:00+00:00,0.813,0.813,0.81,0.812,54750.78
2026-08-09 16:00:00+00:00,0.812,0.813,0.809,0.812,67346.67
2026-08-09 17:00:00+00:00,0.812,0.812,0.806,0.807,94956.46
2026-08-09 18:00:00+00:00,0.807,0.808,0.805,0.807,64849.11
2026-08-09 19:00:00+00:00,0.807,0.809,0.806,0.809,28598.01
2026-08-09 20:00:00+00:00,0.808,0.81,0.808,0.81,50434.47
2026-08-09 21:00:00+00:00,0.809,0.812,0.807,0.809,58685.53
2026-08-09 22:00:00+00:00,0.809,0.814,0.799,0.803,370137.6
2026-08-09 23:00:00+00:00,0.802,0.803,0.796,0.799,273726.37
2026-08-10 00:00:00+00:00,0.799,0.803,0.797,0.798,200275.05
2026-08-10 01:00:00+00:00,0.799,0.803,0.798,0.802,257264.82
2026-08-10 02:00:00+00:00,0.802,0.804,0.798,0.803,86023.26
2026-08-10 03:00:00+00:00,0.803,0.804,0.799,0.8,128951.4
2026-08-10 04:00:00+00:00,0.8,0.805,0.799,0.804,140902.76
2026-08-10 05:00:00+00:00,0.804,0.811,0.804,0.81,229250.89
2026-08-10 06:00:00+00:00,0.811,0.811,0.808,0.811,105875.16
2026-08-10 07:00:00+00:00,0.811,0.814,0.809,0.812,241173.07
2026-08-10 08:00:00+00:00,0.813,0.814,0.806,0.808,248096.65
2026-08-10 09:00:00+00:00,0.808,0.81,0.805,0.806,96639.25
2026-08-10 10:00:00+00:00,0.805,0.809,0.804,0.809,20679.65
2026-08-10 11:00:00+00:00,0.808,0.81,0.807,0.81,158195.89
2026-08-10 12:00:00+00:00,0.809,0.816,0.809,0.812,482172.2
2026-08-10 13:00:00+00:00,0.812,0.821,0.812,0.818,484998.06
2026-08-10 14:00:00+00:00,0.818,0.821,0.813,0.815,383312.76
2026-08-10 15:00:00+00:00,0.815,0.815,0.802,0.804,427630.32
2026-08-10 16:00:00+00:00,0.803,0.806,0.799,0.8,410808.32
2026-08-10 17:00:00+00:00,0.801,0.808,0.799,0.807,115836.56
2026-08-10 18:00:00+00:00,0.807,0.807,0.8,0.802,131831.23
2026-08-10 19:00:00+00:00,0.802,0.81,0.802,0.805,141060.66
2026-08-10 20:00:00+00:00,0.805,0.808,0.804,0.805,68405.41
2026-08-10 21:00:00+00:00,0.804,0.811,0.803,0.807,120611.98
2026-08-10 22:00:00+00:00,0.807,0.808,0.805,0.806,62266.56
2026-08-10 23:00:00+00:00,0.806,0.808,0.804,0.805,92128.34
2026-08-11 00:00:00+00:00,0.806,0.807,0.803,0.804,91257.03
2026-08-11 01:00:00+00:00,0.804,0.813,0.803,0.81,150960.62
2026-08-11 02:00:00+00:00,0.811,0.813,0.806,0.806,141961.42
2026-08-11 03:00:00+00:00,0.806,0.807,0.802,0.803,112567.91
2026-08-11 04:00:00+00:00,0.803,0.803,0.801,0.803,108545.41
2026-08-11 05:00:00+00:00,0.802,0.81,0.801,0.807,163253.96
2026-08-11 06:00:00+00:00,0.807,0.807,0.803,0.805,134429.59
2026-08-11 07:00:00+00:00,0.805,0.808,0.803,0.807,94152.88
2026-08-11 08:00:00+00:00,0.807,0.809,0.806,0.808,105271.34
2026-08-11 09:00:00+00:00,0.807,0.812,0.804,0.808,217592.36
2026-08-11 10:00:00+00:00,0.808,0.808,0.802,0.803,239678.83
2026-08-11 11:00:00+00:00,0.803,0.805,0.797,0.8,306288.83
2026-08-11 12:00:00+00:00,0.8,0.801,0.794,0.794,251936.9
2026-08-11 13:00:00+00:00,0.794,0.796,0.792,0.795,328368.66
2026-08-11 14:00:00+00:00,0.794,0.794,0.779,0.781,478484.68
2026-08-11 15:00:00+00:00,0.781,0.785,0.778,0.782,342484.8
2026-08-11 16:00:00+00:00,0.782,0.784,0.781,0.783,183345.61
2026-08-11 17:00:00+00:00,0.784,0.785,0.781,0.782,226644.66
2026-08-11 18:00:00+00:00,0.783,0.785,0.781,0.784,142586.17
2026-08-11 19:00:00+00:00,0.783,0.787,0.782,0.787,151477.28
2026-08-11 20:00:00+00:00,0.787,0.79,0.786,0.789,100583.07
2026-08-11 21:00:00+00:00,0.789,0.791,0.786,0.788,165465.11
2026-08-11 22:00:00+00:00,0.788,0.791,0.787,0.789,96436.96
2026-08-11 23:00:00+00:00,0.789,0.792,0.787,0.791,88334.7
2026-08-12 00:00:00+00:00,0.79,0.792,0.789,0.792,110607.67
2026-08-12 01:00:00+00:00,0.793,0.796,0.792,0.795,166402.47
2026-08-12 02:00:00+00:00,0.795,0.796,0.792,0.793,107021.62
2026-08-12 03:00:00+00:00,0.793,0.796,0.792,0.796,101335.85
2026-08-12 04:00:00+00:00,0.795,0.796,0.792,0.792,43868.18
2026-08-12 05:00:00+00:00,0.793,0.796,0.792,0.794,78350.4
2026-08-12 06:00:00+00:00,0.793,0.794,0.787,0.788,135306.78
2026-08-12 07:00:00+00:00,0.788,0.79,0.786,0.787,121710.48
2026-08-12 08:00:00+00:00,0.787,0.789,0.785,0.785,69910.09
2026-08-12 09:00:00+00:00,0.786,0.792,0.785,0.79,73256.69
2026-08-12 10:00:00+00:00,0.791,0.792,0.789,0.791,73095.71
2026-08-12 11:00:00+00:00,0.791,0.792,0.789,0.792,139553.04
2026-08-12 12:00:00+00:00,0.791,0.798,0.79,0.795,491857.5
2026-08-12 13:00:00+00:00,0.795,0.797,0.79,0.792,167648.08
2026-08-12 14:00:00+00:00,0.791,0.792,0.78,0.78,234166.88
2026-08-12 15:00:00+00:00,0.781,0.788,0.78,0.786,95714.87
2026-08-12 16:00:00+00:00,0.786,0.788,0.785,0.787,110282.95
2026-08-12 17:00:00+00:00,0.787,0.788,0.785,0.785,59065.63
2026-08-12 18:00:00+00:00,0.785,0.785,0.781,0.782,103381.14
2026-08-12 19:00:00+00:00,0.782,0.783,0.781,0.781,76256.88
2026-08-12 20:00:00+00:00,0.782,0.783,0.781,0.781,57300.96
2026-08-12 21:00:00+00:00,0.782,0.783,0.771,0.773,423060.08
2026-08-12 22:00:00+00:00,0.772,0.773,0.767,0.772,173857.96
2026-08-12 23:00:00+00:00,0.772,0.775,0.77,0.774,152286.84
2026-08-13 00:00:00+00:00,0.774,0.776,0.772,0.772,159135.83
2026-08-13 01:00:00+00:00,0.772,0.773,0.77,0.772,114008.46
2026-08-13 02:00:00+00:00,0.771,0.773,0.77,0.772,73884.62
2026-08-13 03:00:00+00:00,0.772,0.777,0.772,0.776,53504.39
2026-08-13 04:00:00+00:00,0.776,0.777,0.774,0.775,26172.12
2026-08-13 05:00:00+00:00,0.775,0.777,0.773,0.776,122882.08
2026-08-13 06:00:00+00:00,0.776,0.777,0.774,0.776,58686.81
2026-08-13 07:00:00+00:00,0.776,0.777,0.774,0.775,57182.35
2026-08-13 08:00:00+00:00,0.775,0.776,0.773,0.774,64387.64
2026-08-13 09:00:00+00:00,0.774,0.776,0.772,0.773,93116.49
2026-08-13 10:00:00+00:00,0.773,0.774,0.771,0.773,173204.61
2026-08-13 11:00:00+00:00,0.774,0.775,0.77,0.771,67864.33
2026-08-13 12:00:00+00:00,0.77,0.772,0.768,0.77,261611.73
2026-08-13 13:00:00+00:00,0.77,0.771,0.766,0.77,243361.73
2026-08-13 14:00:00+00:00,0.77,0.776,0.768,0.775,110023.45
2026-08-13 15:00:00+00:00,0.776,0.776,0.771,0.771,139756.01
2026-08-13 16:00:00+00:00,0.771,0.774,0.764,0.768,257312.23
2026-08-13 17:00:00+00:00,0.769,0.772,0.768,0.77,48654.49
2026-08-13 18:00:00+00:00,0.769,0.774,0.768,0.772,63385.18
2026-08-13 19:00:00+00:00,0.773,0.775,0.773,0.774,57956.71
2026-08-13 20:00:00+00:00,0.775,0.776,0.771,0.771,206956.92
2026-08-13 21:00:00+00:00,0.772,0.775,0.772,0.773,56856.99
2026-08-13 22:00:00+00:00,0.773,0.776,0.773,0.776,78042.32
2026-08-13 23:00:00+00:00,0.775,0.777,0.771,0.773,213870.05
2026-08-14 00:00:00+00:00,0.773,0.775,0.771,0.773,64258.8
2026-08-14 01:00:00+00:00,0.773,0.774,0.77,0.771,108078.68
2026-08-14 02:00:00+00:00,0.771,0.773,0.77,0.77,30639.16
2026-08-14 03:00:00+00:00,0.77,0.77,0.761,0.762,246239.0
2026-08-14 04:00:00+00:00,0.762,0.767,0.761,0.764,41341.06
2026-08-14 05:00:00+00:00,0.764,0.765,0.762,0.764,57961.15
2026-08-14 06:00:00+00:00,0.765,0.765,0.759,0.759,136906.81
2026-08-14 07:00:00+00:00,0.758,0.761,0.757,0.758,258081.3
2026-08-14 08:00:00+00:00,0.758,0.759,0.754,0.758,387610.08
2026-08-14 09:00:00+00:00,0.758,0.758,0.752,0.756,275585.75
2026-08-14 10:00:00+00:00,0.755,0.758,0.754,0.756,105559.86
2026-08-14 11:00:00+00:00,0.756,0.76,0.755,0.757,64279.22
2026-08-14 12:00:00+00:00,0.757,0.761,0.757,0.761,326206.36
2026-08-14 13:00:00+00:00,0.76,0.761,0.759,0.761,128182.58
2026-08-14 14:00:00+00:00,0.761,0.763,0.759,0.761,111350.28
2026-08-14 15:00:00+00:00,0.762,0.764,0.76,0.764,85737.13
2026-08-14 16:00:00+00:00,0.764,0.766,0.763,0.766,72936.27
2026-08-14 17:00:00+00:00,0.766,0.767,0.762,0.762,55537.72
2026-08-14 18:00:00+00:00,0.762,0.762,0.756,0.758,212768.68
2026-08-14 19:00:00+00:00,0.758,0.76,0.756,0.758,170926.13
2026-08-14 20:00:00+00:00,0.759,0.76,0.756,0.758,93473.05
2026-08-14 21:00:00+00:00,0.757,0.758,0.752,0.755,255565.42
2026-08-14 22:00:00+00:00,0.754,0.76,0.753,0.759,66217.64
2026-08-14 23:00:00+00:00,0.758,0.766,0.758,0.765,125589.94
2026-08-15 00:00:00+00:00,0.765,0.767,0.764,0.766,100066.75
2026-08-15 01:00:00+00:00,0.767,0.767,0.764,0.765,61642.01
2026-08-15 02:00:00+00:00,0.766,0.779,0.766,0.774,288230.6
2026-08-15 03:00:00+00:00,0.775,0.779,0.774,0.778,203215.02
2026-08-15 04:00:00+00:00,0.778,0.779,0.772,0.772,101872.14
2026-08-15 05:00:00+00:00,0.773,0.773,0.771,0.771,68438.51
2026-08-15 06:00:00+00:00,0.772,0.774,0.77,0.772,86890.9
2026-08-15 07:00:00+00:00,0.772,0.773,0.77,0.771,68195.89
2026-08-15 08:00:00+00:00,0.77,0.772,0.77,0.771,54568.14
2026-08-15 09:00:00+00:00,0.771,0.78,0.77,0.779,307571.33
2026-08-15 10:00:00+00:00,0.779,0.785,0.777,0.783,898389.94
2026-08-15 11:00:00+00:00,0.784,0.785,0.775,0.775,182913.19
2026-08-15 12:00:00+00:00,0.776,0.778,0.774,0.775,159029.02
2026-08-15 13:00:00+00:00,0.775,0.779,0.774,0.778,51636.4
2026-08-15 14:00:00+00:00,0.778,0.781,0.777,0.78,99413.9
2026-08-15 15:00:00+00:00,0.78,0.78,0.775,0.776,82829.34
2026-08-15 16:00:00+00:00,0.776,0.776,0.772,0.772,60525.44
2026-08-15 17:00:00+00:00,0.773,0.775,0.772,0.774,43205.53
2026-08-15 18:00:00+00:00,0.774,0.775,0.769,0.771,124225.94
2026-08-15 19:00:00+00:00,0.771,0.771,0.768,0.769,120349.34
2026-08-15 20:00:00+00:00,0.77,0.77,0.765,0.766,98739.48
2026-08-15 21:00:00+00:00,0.765,0.769,0.765,0.767,115078.52
2026-08-15 22:00:00+00:00,0.768,0.769,0.766,0.767,106960.61
2026-08-15 23:00:00+00:00,0.767,0.767,0.759,0.762,269066.0
2026-08-16 00:00:00+00:00,0.761,0.763,0.759,0.759,174455.15
2026-08-16 01:00:00+00:00,0.759,0.76,0.756,0.758,108141.47
2026-08-16 02:00:00+00:00,0.758,0.761,0.756,0.76,41218.38
2026-08-16 03:00:00+00:00,0.759,0.76,0.758,0.759,28009.12
2026-08-16 04:00:00+00:00,0.758,0.759,0.757,0.759,61372.33
2026-08-16 05:00:00+00:00,0.758,0.759,0.756,0.758,41459.82
2026-08-16 06:00:00+00:00,0.758,0.76,0.756,0.759,181740.19
2026-08-16 07:00:00+00:00,0.759,0.761,0.759,0.761,57413.88
2026-08-16 08:00:00+00:00,0.76,0.761,0.759,0.761,67239.15
2026-08-16 09:00:00+00:00,0.761,0.762,0.758,0.76,123441.73
2026-08-16 10:00:00+00:00,0.76,0.76,0.758,0.758,70067.88
2026-08-16 11:00:00+00:00,0.758,0.764,0.758,0.762,102107.64
2026-08-16 12:00:00+00:00,0.762,0.765,0.761,0.763,55601.66
2026-08-16 13:00:00+00:00,0.764,0.765,0.761,0.762,56839.77
2026-08-16 14:00:00+00:00,0.762,0.764,0.761,0.763,48172.37
2026-08-16 15:00:00+00:00,0.763,0.768,0.762,0.768,94517.01
2026-08-16 16:00:00+00:00,0.767,0.769,0.764,0.766,118906.88
2026-08-16 17:00:00+00:00,0.765,0.767,0.762,0.762,129002.2
2026-08-16 18:00:00+00:00,0.762,0.764,0.761,0.762,96587.59
2026-08-16 19:00:00+00:00,0.762,0.766,0.762,0.765,54247.48
2026-08-16 20:00:00+00:00,0.765,0.766,0.763,0.764,78383.51
2026-08-16 21:00:00+00:00,0.763,0.764,0.753,0.756,193364.39
2026-08-16 22:00:00+00:00,0.756,0.758,0.754,0.756,151027.71
2026-08-16 23:00:00+00:00,0.757,0.76,0.756,0.759,79378.22
2026-08-17 00:00:00+00:00,0.759,0.764,0.757,0.763,148769.93
2026-08-17 01:00:00+00:00,0.763,0.766,0.763,0.764,71574.18
2026-08-17 02:00:00+00:00,0.764,0.766,0.761,0.766,271765.64
2026-08-17 03:00:00+00:00,0.766,0.766,0.763,0.766,72717.33
2026-08-17 04:00:00+00:00,0.766,0.77,0.765,0.769,110270.66
2026-08-17 05:00:00+00:00,0.769,0.77,0.766,0.766,63950.79
2026-08-17 06:00:00+00:00,0.766,0.767,0.763,0.766,105616.43
2026-08-17 07:00:00+00:00,0.766,0.766,0.76,0.762,189802.44
2026-08-17 08:00:00+00:00,0.762,0.762,0.757,0.758,104774.46
2026-08-17 09:00:00+00:00,0.759,0.76,0.758,0.759,79863.04
2026-08-17 10:00:00+00:00,0.759,0.762,0.757,0.76,165134.59
2026-08-17 11:00:00+00:00,0.76,0.762,0.758,0.759,163014.78
2026-08-17 12:00:00+00:00,0.759,0.759,0.755,0.756,216660.01
2026-08-17 13:00:00+00:00,0.756,0.759,0.754,0.756,143186.94
2026-08-17 14:00:00+00:00,0.755,0.758,0.754,0.757,141799.55
2026-08-17 15:00:00+00:00,0.757,0.759,0.754,0.758,97191.6
2026-08-17 16:00:00+00:00,0.758,0.759,0.755,0.758,67781.16
2026-08-17 17:00:00+00:00,0.758,0.761,0.756,0.757,108783.12
2026-08-17 18:00:00+00:00,0.757,0.762,0.756,0.762,126459.19
2026-08-17 19:00:00+00:00,0.761,0.762,0.759,0.761,57582.64
2026-08-17 20:00:00+00:00,0.76,0.765,0.758,0.763,38411.61
2026-08-17 21:00:00+00:00,0.763,0.764,0.76,0.761,35295.94
2026-08-17 22:00:00+00:00,0.761,0.761,0.757,0.759,68681.35
2026-08-17 23:00:00+00:00,0.759,0.763,0.758,0.762,46044.48
2026-08-18 00:00:00+00:00,0.762,0.762,0.76,0.762,173030.34
2026-08-18 01:00:00+00:00,0.763,0.763,0.746,0.75,488839.33
2026-08-18 02:00:00+00:00,0.75,0.75,0.723,0.729,1960815.42
2026-08-18 03:00:00+00:00,0.729,0.734,0.728,0.732,561288.6
2026-08-18 04:00:00+00:00,0.732,0.736,0.731,0.735,207140.13
2026-08-18 05:00:00+00:00,0.735,0.739,0.733,0.738,116123.59
2026-08-18 06:00:00+00:00,0.738,0.742,0.737,0.74,216809.03
2026-08-18 07:00:00+00:00,0.74,0.741,0.735,0.737,149583.85
2026-08-18 08:00:00+00:00,0.737,0.738,0.734,0.736,158104.15
2026-08-18 09:00:00+00:00,0.736,0.74,0.735,0.739,90326.48
2026-08-18 10:00:00+00:00,0.74,0.741,0.739,0.741,127551.11
2026-08-18 11:00:00+00:00,0.741,0.743,0.74,0.74,145813.86
2026-08-18 12:00:00+00:00,0.74,0.741,0.735,0.736,189529.67
2026-08-18 13:00:00+00:00,0.736,0.741,0.736,0.74,71848.27
2026-08-18 14:00:00+00:00,0.74,0.75,0.739,0.747,156661.86
2026-08-18 15:00:00+00:00,0.746,0.754,0.745,0.749,343085.25
2026-08-18 16:00:00+00:00,0.749,0.754,0.748,0.752,269082.02
2026-08-18 17:00:00+00:00,0.753,0.753,0.746,0.749,204801.65
2026-08-18 18:00:00+00:00,0.749,0.754,0.748,0.753,102627.44
2026-08-18 19:00:00+00:00,0.752,0.753,0.746,0.747,93188.95
2026-08-18 20:00:00+00:00,0.747,0.749,0.744,0.745,68723.67
2026-08-18 21:00:00+00:00,0.744,0.751,0.744,0.75,97142.37
2026-08-18 22:00:00+00:00,0.75,0.753,0.749,0.752,131337.07
2026-08-18 23:00:00+00:00,0.753,0.757,0.749,0.752,368481.55
2026-08-19 00:00:00+00:00,0.752,0.752,0.747,0.75,148164.94
2026-08-19 01:00:00+00:00,0.75,0.756,0.75,0.755,298249.03
2026-08-19 02:00:00+00:00,0.755,0.756,0.753,0.755,184078.12
2026-08-19 03:00:00+00:00,0.755,0.756,0.752,0.754,106285.11
2026-08-19 04:00:00+00:00,0.755,0.755,0.752,0.754,72979.95
2026-08-19 05:00:00+00:00,0.754,0.758,0.753,0.757,206216.42
2026-08-19 06:00:00+00:00,0.757,0.767,0.755,0.765,345766.97
2026-08-19 07:00:00+00:00,0.766,0.768,0.76,0.762,775511.01
2026-08-19 08:00:00+00:00,0.763,0.763,0.759,0.761,164967.15
2026-08-19 09:00:00+00:00,0.761,0.766,0.761,0.766,123887.58
2026-08-19 10:00:00+00:00,0.766,0.778,0.765,0.776,366692.14
2026-08-19 11:00:00+00:00,0.777,0.779,0.772,0.777,291983.44
2026-08-19 12:00:00+00:00,0.777,0.78,0.776,0.777,335499.31
2026-08-19 13:00:00+00:00,0.777,0.778,0.769,0.769,342259.02
2026-08-19 14:00:00+00:00,0.769,0.779,0.768,0.776,476296.95
2026-08-19 15:00:00+00:00,0.776,0.796,0.774,0.778,1817130.03
2026-08-19 16:00:00+00:00,0.778,0.783,0.776,0.779,637701.04
2026-08-19 17:00:00+00:00,0.779,0.78,0.771,0.775,177206.26
2026-08-19 18:00:00+00:00,0.776,0.778,0.773,0.774,171980.74
2026-08-19 19:00:00+00:00,0.773,0.78,0.773,0.78,346352.93
2026-08-19 20:00:00+00:00,0.78,0.794,0.778,0.791,409686.17
2026-08-19 21:00:00+00:00,0.79,0.807,0.789,0.805,744298.18
2026-08-19 22:00:00+00:00,0.805,0.808,0.788,0.792,577312.82
2026-08-19 23:00:00+00:00,0.793,0.793,0.787,0.789,264022.34
2026-08-20 00:00:00+00:00,0.789,0.794,0.789,0.791,265636.07
2026-08-20 01:00:00+00:00,0.791,0.797,0.789,0.796,231757.82
2026-08-20 02:00:00+00:00,0.795,0.796,0.789,0.79,142913.89
2026-08-20 03:00:00+00:00,0.79,0.79,0.78,0.784,230922.52
2026-08-20 04:00:00+00:00,0.783,0.787,0.783,0.787,174505.25
2026-08-20 05:00:00+00:00,0.787,0.79,0.786,0.789,113405.69
2026-08-20 06:00:00+00:00,0.788,0.794,0.788,0.793,117285.36
2026-08-20 07:00:00+00:00,0.793,0.793,0.786,0.79,137709.13
2026-08-20 08:00:00+00:00,0.791,0.807,0.791,0.806,513423.24
2026-08-20 09:00:00+00:00,0.806,0.807,0.798,0.799,310875.75
2026-08-20 10:00:00+00:00,0.8,0.811,0.798,0.809,361171.54
2026-08-20 11:00:00+00:00,0.809,0.821,0.805,0.82,717587.66
2026-08-20 12:00:00+00:00,0.821,0.83,0.818,0.825,1670262.16
2026-08-20 13:00:00+00:00,0.825,0.832,0.819,0.826,664790.9
2026-08-20 14:00:00+00:00,0.826,0.832,0.825,0.832,377905.22
2026-08-20 15:00:00+00:00,0.832,0.839,0.827,0.836,599419.31
2026-08-20 16:00:00+00:00,0.837,0.845,0.833,0.841,464455.28
2026-08-20 17:00:00+00:00,0.841,0.847,0.838,0.846,447407.65
2026-08-20 18:00:00+00:00,0.846,0.849,0.829,0.831,385358.87
2026-08-20 19:00:00+00:00,0.831,0.837,0.83,0.832,298928.74
2026-08-20 20:00:00+00:00,0.832,0.841,0.832,0.84,233721.27
2026-08-20 21:00:00+00:00,0.841,0.845,0.839,0.842,152856.17
2026-08-20 22:00:00+00:00,0.843,0.843,0.837,0.841,294340.9
2026-08-20 23:00:00+00:00,0.841,0.851,0.84,0.848,249888.43
2026-08-21 00:00:00+00:00,0.848,0.851,0.842,0.846,244017.2
2026-08-21 01:00:00+00:00,0.846,0.854,0.843,0.846,343221.07
2026-08-21 02:00:00+00:00,0.847,0.847,0.837,0.841,451211.82
2026-08-21 03:00:00+00:00,0.841,0.852,0.838,0.85,397011.29
2026-08-21 04:00:00+00:00,0.851,0.852,0.844,0.845,134480.75
2026-08-21 05:00:00+00:00,0.846,0.852,0.842,0.851,421343.96
2026-08-21 06:00:00+00:00,0.851,0.854,0.847,0.852,436717.87
2026-08-21 07:00:00+00:00,0.851,0.871,0.85,0.869,564220.76
2026-08-21 08:00:00+00:00,0.87,0.896,0.867,0.894,869991.28
2026-08-21 09:00:00+00:00,0.894,0.896,0.866,0.893,1378735.89
2026-08-21 10:00:00+00:00,0.893,0.905,0.883,0.888,1059988.74
2026-08-21 11:00:00+00:00,0.887,0.893,0.874,0.882,526526.96
2026-08-21 12:00:00+00:00,0.883,0.898,0.88,0.893,514062.34
2026-08-21 13:00:00+00:00,0.893,0.9,0.886,0.894,449197.2
2026-08-21 14:00:00+00:00,0.894,0.903,0.889,0.901,505008.43
2026-08-21 15:00:00+00:00,0.902,0.906,0.891,0.9,439868.1
2026-08-21 16:00:00+00:00,0.901,0.904,0.893,0.899,246164.92
2026-08-21 17:00:00+00:00,0.899,0.91,0.893,0.909,355104.55
2026-08-21 18:00:00+00:00,0.908,0.911,0.89,0.897,687938.37
2026-08-21 19:00:00+00:00,0.896,0.899,0.888,0.892,383547.74
2026-08-21 20:00:00+00:00,0.892,0.909,0.889,0.909,296169.17
2026-08-21 21:00:00+00:00,0.91,0.93,0.908,0.928,543623.83
2026-08-21 22:00:00+00:00,0.927,0.947,0.924,0.945,619465.46
2026-08-21 23:00:00+00:00,0.944,0.953,0.933,0.94,776709.16
2026-08-22 00:00:00+00:00,0.94,0.966,0.935,0.966,624827.5
2026-08-22 01:00:00+00:00,0.965,0.981,0.963,0.974,1044574.69
2026-08-22 02:00:00+00:00,0.975,1.001,0.975,0.998,1341795.75
2026-08-22 03:00:00+00:00,0.998,1.013,0.992,1.0,952566.56
2026-08-22 04:00:00+00:00,1.001,1.032,0.997,1.02,1378026.33
2026-08-22 05:00:00+00:00,1.019,1.026,0.9,0.965,5274284.36
2026-08-22 06:00:00+00:00,0.966,0.967,0.945,0.959,568090.95
2026-08-22 07:00:00+00:00,0.959,0.964,0.945,0.946,433291.24
2026-08-22 08:00:00+00:00,0.946,0.949,0.924,0.932,839578.31
2026-08-22 09:00:00+00:00,0.933,0.935,0.92,0.926,593128.91
2026-08-22 10:00:00+00:00,0.926,0.926,0.899,0.92,1071646.54
2026-08-22 11:00:00+00:00,0.92,0.925,0.914,0.923,327993.01
2026-08-22 12:00:00+00:00,0.922,0.933,0.92,0.926,271021.46
2026-08-22 13:00:00+00:00,0.927,0.934,0.923,0.932,411749.12
2026-08-22 14:00:00+00:00,0.932,0.933,0.918,0.923,346376.87
2026-08-22 15:00:00+00:00,0.923,0.927,0.916,0.923,201217.36
2026-08-22 16:00:00+00:00,0.923,0.939,0.918,0.936,370628.34
2026-08-22 17:00:00+00:00,0.936,0.939,0.929,0.935,227169.6
2026-08-22 18:00:00+00:00,0.936,0.937,0.924,0.929,184865.44
2026-08-22 19:00:00+00:00,0.929,0.938,0.928,0.934,155848.55
2026-08-22 20:00:00+00:00,0.934,0.938,0.929,0.932,146905.15
2026-08-22 21:00:00+00:00,0.93,0.932,0.907,0.91,619643.45
2026-08-22 22:00:00+00:00,0.909,0.923,0.906,0.919,261621.37
2026-08-22 23:00:00+00:00,0.919,0.923,0.914,0.92,119052.73
2026-08-23 00:00:00+00:00,0.92,0.935,0.919,0.931,272597.46
2026-08-23 01:00:00+00:00,0.93,0.93,0.92,0.922,206981.24
2026-08-23 02:00:00+00:00,0.922,0.922,0.908,0.909,408768.77
2026-08-23 03:00:00+00:00,0.908,0.909,0.887,0.89,487765.03
2026-08-23 04:00:00+00:00,0.889,0.893,0.876,0.88,472770.6
2026-08-23 05:00:00+00:00,0.88,0.894,0.876,0.883,453412.37
2026-08-23 06:00:00+00:00,0.883,0.892,0.88,0.885,185601.86
2026-08-23 07:00:00+00:00,0.885,0.895,0.884,0.892,210459.19
2026-08-23 08:00:00+00:00,0.891,0.902,0.891,0.898,261715.62
2026-08-23 09:00:00+00:00,0.897,0.901,0.894,0.897,187115.25
2026-08-23 10:00:00+00:00,0.898,0.909,0.897,0.906,400804.55
2026-08-23 11:00:00+00:00,0.906,0.919,0.906,0.918,293198.72
2026-08-23 12:00:00+00:00,0.918,0.925,0.914,0.924,267337.57
2026-08-23 13:00:00+00:00,0.924,0.936,0.924,0.934,386555.04
2026-08-23 14:00:00+00:00,0.935,0.937,0.91,0.924,452449.52
2026-08-23 15:00:00+00:00,0.924,0.934,0.92,0.926,432265.65
2026-08-23 16:00:00+00:00,0.927,0.93,0.92,0.926,310199.5
2026-08-23 17:00:00+00:00,0.926,0.931,0.92,0.926,247381.81
2026-08-23 18:00:00+00:00,0.925,0.93,0.924,0.927,135020.48
2026-08-23 19:00:00+00:00,0.928,0.929,0.918,0.921,202730.47
2026-08-23 20:00:00+00:00,0.921,0.924,0.917,0.923,59316.01
2026-08-23 21:00:00+00:00,0.923,0.936,0.923,0.931,213207.81
2026-08-23 22:00:00+00:00,0.931,0.934,0.925,0.93,130549.5
2026-08-23 23:00:00+00:00,0.929,0.932,0.925,0.928,209969.61
2026-08-24 00:00:00+00:00,0.929,0.929,0.911,0.922,392516.0
2026-08-24 01:00:00+00:00,0.922,0.922,0.899,0.9,554248.72
2026-08-24 02:00:00+00:00,0.899,0.911,0.896,0.91,300925.99
2026-08-24 03:00:00+00:00,0.909,0.91,0.898,0.901,227000.48
2026-08-24 04:00:00+00:00,0.901,0.915,0.901,0.911,308925.31
2026-08-24 05:00:00+00:00,0.91,0.919,0.906,0.91,212378.62
2026-08-24 06:00:00+00:00,0.909,0.911,0.9,0.905,173450.2
2026-08-24 07:00:00+00:00,0.905,0.912,0.899,0.9,191861.06
2026-08-24 08:00:00+00:00,0.901,0.904,0.892,0.898,296035.29
2026-08-24 09:00:00+00:00,0.897,0.91,0.896,0.906,169529.16
2026-08-24 10:00:00+00:00,0.907,0.911,0.899,0.9,283272.64
2026-08-24 11:00:00+00:00,0.901,0.92,0.895,0.915,198846.82
2026-08-24 12:00:00+00:00,0.916,0.925,0.902,0.922,438571.33
2026-08-24 13:00:00+00:00,0.922,0.924,0.901,0.91,397041.4
2026-08-24 14:00:00+00:00,0.909,0.919,0.906,0.915,471075.97
2026-08-24 15:00:00+00:00,0.914,0.924,0.904,0.905,532139.79
2026-08-24 16:00:00+00:00,0.906,0.919,0.906,0.91,390333.17
2026-08-24 17:00:00+00:00,0.911,0.915,0.895,0.906,414862.24
2026-08-24 18:00:00+00:00,0.906,0.91,0.902,0.904,164814.29
2026-08-24 19:00:00+00:00,0.904,0.908,0.898,0.904,223234.39
2026-08-24 20:00:00+00:00,0.905,0.907,0.898,0.904,98394.49
2026-08-24 21:00:00+00:00,0.905,0.908,0.904,0.904,82383.64
2026-08-24 22:00:00+00:00,0.904,0.905,0.893,0.895,217948.87
2026-08-24 23:00:00+00:00,0.895,0.901,0.89,0.899,230460.43
2026-08-25 00:00:00+00:00,0.899,0.911,0.894,0.909,413268.87
2026-08-25 01:00:00+00:00,0.908,0.911,0.903,0.905,189975.38
2026-08-25 02:00:00+00:00,0.905,0.924,0.901,0.913,524543.42
2026-08-25 03:00:00+00:00,0.913,0.921,0.907,0.909,199582.2
2026-08-25 04:00:00+00:00,0.909,0.915,0.908,0.915,331009.91
2026-08-25 05:00:00+00:00,0.914,0.921,0.914,0.917,153998.78
2026-08-25 06:00:00+00:00,0.916,0.919,0.905,0.906,151241.39
2026-08-25 07:00:00+00:00,0.907,0.914,0.893,0.902,336397.57
2026-08-25 08:00:00+00:00,0.901,0.909,0.9,0.902,335018.92
2026-08-25 09:00:00+00:00,0.902,0.905,0.892,0.896,206237.49
2026-08-25 10:00:00+00:00,0.896,0.898,0.892,0.897,199727.28
2026-08-25 11:00:00+00:00,0.896,0.897,0.892,0.892,86569.28
2026-08-25 12:00:00+00:00,0.892,0.893,0.88,0.887,467595.98
2026-08-25 13:00:00+00:00,0.887,0.887,0.864,0.875,1027139.92
2026-08-25 14:00:00+00:00,0.874,0.883,0.873,0.876,303382.73
2026-08-25 15:00:00+00:00,0.876,0.878,0.872,0.876,231114.36
2026-08-25 16:00:00+00:00,0.876,0.879,0.872,0.874,157377.49
2026-08-25 17:00:00+00:00,0.874,0.876,0.868,0.876,285086.76
2026-08-25 18:00:00+00:00,0.875,0.88,0.874,0.88,235255.02
2026-08-25 19:00:00+00:00,0.879,0.881,0.872,0.875,102641.38
2026-08-25 20:00:00+00:00,0.876,0.876,0.855,0.856,612036.99
2026-08-25 21:00:00+00:00,0.856,0.862,0.843,0.858,477511.47
2026-08-25 22:00:00+00:00,0.858,0.864,0.858,0.861,136827.57
2026-08-25 23:00:00+00:00,0.86,0.862,0.85,0.852,137746.9
2026-08-26 00:00:00+00:00,0.852,0.853,0.847,0.852,328604.81
2026-08-26 01:00:00+00:00,0.851,0.857,0.848,0.851,206094.49
2026-08-26 02:00:00+00:00,0.852,0.86,0.847,0.859,111391.96
2026-08-26 03:00:00+00:00,0.859,0.861,0.855,0.857,174486.18
2026-08-26 04:00:00+00:00,0.857,0.859,0.852,0.853,101249.06
2026-08-26 05:00:00+00:00,0.852,0.854,0.846,0.854,139345.5
2026-08-26 06:00:00+00:00,0.854,0.861,0.852,0.861,195803.4
2026-08-26 07:00:00+00:00,0.86,0.861,0.854,0.855,251745.44
2026-08-26 08:00:00+00:00,0.855,0.863,0.851,0.853,314790.92
2026-08-26 09:00:00+00:00,0.853,0.854,0.839,0.844,407973.25
2026-08-26 10:00:00+00:00,0.843,0.856,0.84,0.855,341682.38
2026-08-26 11:00:00+00:00,0.855,0.857,0.849,0.852,164834.4
2026-08-26 12:00:00+00:00,0.852,0.857,0.845,0.848,314332.94
2026-08-26 13:00:00+00:00,0.848,0.85,0.837,0.843,433865.18
2026-08-26 14:00:00+00:00,0.843,0.845,0.836,0.837,259644.99
2026-08-26 15:00:00+00:00,0.836,0.842,0.831,0.84,252272.03
2026-08-26 16:00:00+00:00,0.839,0.841,0.83,0.833,368133.19
2026-08-26 17:00:00+00:00,0.832,0.844,0.832,0.841,176604.99
2026-08-26 18:00:00+00:00,0.84,0.844,0.838,0.842,125878.9
2026-08-26 19:00:00+00:00,0.843,0.846,0.84,0.842,127220.6
2026-08-26 20:00:00+00:00,0.841,0.844,0.835,0.844,88933.35
2026-08-26 21:00:00+00:00,0.844,0.851,0.843,0.85,211697.32
2026-08-26 22:00:00+00:00,0.85,0.857,0.849,0.856,237230.29
2026-08-26 23:00:00+00:00,0.855,0.878,0.854,0.876,620127.91
2026-08-27 00:00:00+00:00,0.876,0.884,0.871,0.873,587199.83
2026-08-27 01:00:00+00:00,0.873,0.883,0.87,0.877,558147.86
2026-08-27 02:00:00+00:00,0.877,0.879,0.866,0.871,274231.27
2026-08-27 03:00:00+00:00,0.871,0.875,0.866,0.87,248476.91
2026-08-27 04:00:00+00:00,0.871,0.874,0.864,0.867,82365.61
2026-08-27 05:00:00+00:00,0.867,0.878,0.864,0.876,177427.94
2026-08-27 06:00:00+00:00,0.876,0.878,0.869,0.876,152812.03
2026-08-27 07:00:00+00:00,0.876,0.878,0.873,0.877,172558.25
2026-08-27 08:00:00+00:00,0.876,0.892,0.876,0.89,312535.19
2026-08-27 09:00:00+00:00,0.89,0.896,0.881,0.882,386476.52
2026-08-27 10:00:00+00:00,0.882,0.883,0.867,0.874,273246.47
2026-08-27 11:00:00+00:00,0.874,0.877,0.866,0.87,112271.25
2026-08-27 12:00:00+00:00,0.871,0.876,0.867,0.873,331523.57
2026-08-27 13:00:00+00:00,0.874,0.877,0.868,0.876,204007.11
2026-08-27 14:00:00+00:00,0.874,0.885,0.872,0.881,294730.46
2026-08-27 15:00:00+00:00,0.881,0.888,0.878,0.885,398514.91
2026-08-27 16:00:00+00:00,0.886,0.891,0.883,0.884,295989.23
2026-08-27 17:00:00+00:00,0.884,0.894,0.883,0.886,149767.02
2026-08-27 18:00:00+00:00,0.886,0.888,0.877,0.883,370434.6
2026-08-27 19:00:00+00:00,0.883,0.886,0.88,0.881,146601.51
2026-08-27 20:00:00+00:00,0.881,0.886,0.878,0.883,182968.92
2026-08-27 21:00:00+00:00,0.883,0.884,0.878,0.883,109145.71
2026-08-27 22:00:00+00:00,0.883,0.889,0.881,0.883,86523.41
2026-08-27 23:00:00+00:00,0.883,0.885,0.881,0.881,105002.03
2026-08-28 00:00:00+00:00,0.882,0.884,0.878,0.881,234225.79
2026-08-28 01:00:00+00:00,0.881,0.896,0.879,0.881,235588.24
2026-08-28 02:00:00+00:00,0.88,0.882,0.864,0.868,416451.32
2026-08-28 03:00:00+00:00,0.868,0.875,0.866,0.871,242599.05
2026-08-28 04:00:00+00:00,0.87,0.874,0.866,0.87,132380.23
2026-08-28 05:00:00+00:00,0.869,0.872,0.864,0.869,130140.62
2026-08-28 06:00:00+00:00,0.869,0.878,0.869,0.877,63464.99
2026-08-28 07:00:00+00:00,0.877,0.878,0.869,0.87,179880.91
2026-08-28 08:00:00+00:00,0.871,0.876,0.87,0.872,133805.44
2026-08-28 09:00:00+00:00,0.872,0.873,0.867,0.868,199212.85
2026-08-28 10:00:00+00:00,0.868,0.88,0.863,0.878,250327.03
2026-08-28 11:00:00+00:00,0.879,0.88,0.874,0.876,81398.38
2026-08-28 12:00:00+00:00,0.875,0.876,0.867,0.869,161637.56
2026-08-28 13:00:00+00:00,0.869,0.872,0.863,0.868,274164.04
2026-08-28 14:00:00+00:00,0.867,0.881,0.854,0.876,687931.37
2026-08-28 15:00:00+00:00,0.877,0.879,0.856,0.857,281464.51
2026-08-28 16:00:00+00:00,0.856,0.858,0.838,0.853,756463.99
2026-08-28 17:00:00+00:00,0.853,0.855,0.848,0.85,190575.33
2026-08-28 18:00:00+00:00,0.85,0.85,0.836,0.842,299637.35
2026-08-28 19:00:00+00:00,0.843,0.847,0.842,0.845,169758.9
2026-08-28 20:00:00+00:00,0.845,0.848,0.842,0.845,124121.86
2026-08-28 21:00:00+00:00,0.846,0.847,0.838,0.84,87999.38
2026-08-28 22:00:00+00:00,0.84,0.85,0.84,0.848,74845.03
2026-08-28 23:00:00+00:00,0.848,0.85,0.847,0.849,68378.71
2026-08-29 00:00:00+00:00,0.849,0.854,0.849,0.849,101743.31
2026-08-29 01:00:00+00:00,0.849,0.849,0.843,0.845,93987.19
2026-08-29 02:00:00+00:00,0.846,0.847,0.841,0.844,57791.57
2026-08-29 03:00:00+00:00,0.844,0.845,0.84,0.841,75110.93
2026-08-29 04:00:00+00:00,0.84,0.845,0.839,0.843,76122.56
2026-08-29 05:00:00+00:00,0.843,0.845,0.842,0.844,52051.24
2026-08-29 06:00:00+00:00,0.844,0.844,0.835,0.839,139801.45
2026-08-29 07:00:00+00:00,0.839,0.841,0.837,0.839,65115.52
2026-08-29 08:00:00+00:00,0.839,0.84,0.837,0.837,71897.27
2026-08-29 09:00:00+00:00,0.838,0.839,0.836,0.838,87703.88
2026-08-29 10:00:00+00:00,0.839,0.842,0.836,0.84,151619.53
2026-08-29 11:00:00+00:00,0.84,0.843,0.84,0.84,66427.36
2026-08-29 12:00:00+00:00,0.84,0.846,0.83,0.836,1063451.71
2026-08-29 13:00:00+00:00,0.835,0.841,0.835,0.84,154010.84
2026-08-29 14:00:00+00:00,0.839,0.848,0.837,0.847,156017.02
2026-08-29 15:00:00+00:00,0.846,0.846,0.839,0.841,200254.31
2026-08-29 16:00:00+00:00,0.841,0.843,0.838,0.838,141363.96
2026-08-29 17:00:00+00:00,0.838,0.841,0.837,0.838,128080.83
2026-08-29 18:00:00+00:00,0.839,0.842,0.836,0.84,56793.74
2026-08-29 19:00:00+00:00,0.84,0.844,0.839,0.844,82005.73
2026-08-29 20:00:00+00:00,0.844,0.845,0.841,0.842,81654.02
2026-08-29 21:00:00+00:00,0.843,0.849,0.842,0.846,199814.89
2026-08-29 22:00:00+00:00,0.845,0.849,0.844,0.848,91423.92
2026-08-29 23:00:00+00:00,0.848,0.849,0.845,0.846,106899.88
2026-08-30 00:00:00+00:00,0.845,0.846,0.839,0.84,156456.17
2026-08-30 01:00:00+00:00,0.84,0.841,0.834,0.835,161293.89
2026-08-30 02:00:00+00:00,0.835,0.839,0.834,0.837,109930.41
2026-08-30 03:00:00+00:00,0.837,0.84,0.837,0.838,68848.37
2026-08-30 04:00:00+00:00,0.837,0.84,0.833,0.837,111768.36
2026-08-30 05:00:00+00:00,0.837,0.845,0.837,0.842,66389.86
2026-08-30 06:00:00+00:00,0.842,0.846,0.841,0.846,94040.19
2026-08-30 07:00:00+00:00,0.845,0.846,0.841,0.843,64007.71
2026-08-30 08:00:00+00:00,0.843,0.845,0.839,0.841,124579.52
2026-08-30 09:00:00+00:00,0.841,0.846,0.84,0.844,73002.56
2026-08-30 10:00:00+00:00,0.844,0.851,0.842,0.85,100519.44
2026-08-30 11:00:00+00:00,0.85,0.854,0.849,0.853,205255.03
2026-08-30 12:00:00+00:00,0.853,0.86,0.852,0.858,367945.6
2026-08-30 13:00:00+00:00,0.858,0.87,0.857,0.866,342221.49
2026-08-30 14:00:00+00:00,0.866,0.868,0.855,0.856,313501.65
2026-08-30 15:00:00+00:00,0.857,0.857,0.85,0.853,199971.76
2026-08-30 16:00:00+00:00,0.852,0.864,0.851,0.863,242955.68
2026-08-30 17:00:00+00:00,0.864,0.864,0.856,0.86,142913.76
2026-08-30 18:00:00+00:00,0.861,0.866,0.856,0.864,125437.08
2026-08-30 19:00:00+00:00,0.864,0.865,0.856,0.86,181099.38
2026-08-30 20:00:00+00:00,0.861,0.864,0.847,0.851,249548.44
2026-08-30 21:00:00+00:00,0.852,0.854,0.842,0.852,205418.76
2026-08-30 22:00:00+00:00,0.852,0.856,0.84,0.845,224714.99
2026-08-30 23:00:00+00:00,0.844,0.845,0.808,0.819,1568962.15
2026-08-31 00:00:00+00:00,0.819,0.828,0.817,0.823,205277.92
2026-08-31 01:00:00+00:00,0.823,0.826,0.816,0.818,251549.18
2026-08-31 02:00:00+00:00,0.818,0.825,0.812,0.815,269427.87
2026-08-31 03:00:00+00:00,0.814,0.823,0.814,0.822,89237.49
2026-08-31 04:00:00+00:00,0.821,0.821,0.818,0.821,198637.07
2026-08-31 05:00:00+00:00,0.821,0.834,0.821,0.831,234063.4
2026-08-31 06:00:00+00:00,0.83,0.833,0.827,0.828,168818.2
2026-08-31 07:00:00+00:00,0.828,0.833,0.827,0.832,91894.9
2026-08-31 08:00:00+00:00,0.831,0.833,0.826,0.829,145307.14
2026-08-31 09:00:00+00:00,0.829,0.837,0.828,0.832,134789.65
2026-08-31 10:00:00+00:00,0.832,0.835,0.828,0.832,295730.06
2026-08-31 11:00:00+00:00,0.832,0.833,0.825,0.827,189280.19
2026-08-31 12:00:00+00:00,0.827,0.83,0.821,0.826,199134.99
2026-08-31 13:00:00+00:00,0.826,0.83,0.82,0.823,295627.29
2026-08-31 14:00:00+00:00,0.823,0.834,0.821,0.831,267226.68
2026-08-31 15:00:00+00:00,0.831,0.831,0.824,0.824,128350.23
2026-08-31 16:00:00+00:00,0.825,0.83,0.823,0.827,91094.52
2026-08-31 17:00:00+00:00,0.827,0.841,0.826,0.838,333922.03
2026-08-31 18:00:00+00:00,0.838,0.844,0.835,0.838,241363.9
2026-08-31 19:00:00+00:00,0.839,0.842,0.835,0.836,191630.52
2026-08-31 20:00:00+00:00,0.836,0.842,0.833,0.833,361381.26
2026-08-31 21:00:00+00:00,0.834,0.843,0.828,0.841,279283.55
2026-08-31 22:00:00+00:00,0.841,0.842,0.835,0.837,111668.34
2026-08-31 23:00:00+00:00,0.837,0.841,0.833,0.84,131013.3
2026-09-01 00:00:00+00:00,0.84,0.849,0.839,0.849,204739.1
2026-09-01 01:00:00+00:00,0.849,0.856,0.842,0.849,399230.79
2026-09-01 02:00:00+00:00,0.849,0.856,0.846,0.852,437868.4
2026-09-01 03:00:00+00:00,0.852,0.861,0.85,0.859,194339.02
2026-09-01 04:00:00+00:00,0.858,0.86,0.851,0.852,126866.46
2026-09-01 05:00:00+00:00,0.852,0.856,0.849,0.855,123369.79
2026-09-01 06:00:00+00:00,0.854,0.871,0.853,0.871,693535.99
2026-09-01 07:00:00+00:00,0.871,0.877,0.868,0.869,332229.19
2026-09-01 08:00:00+00:00,0.869,0.871,0.853,0.855,1029201.92
2026-09-01 09:00:00+00:00,0.856,0.858,0.851,0.854,411689.13
2026-09-01 10:00:00+00:00,0.854,0.874,0.854,0.864,336068.02
2026-09-01 11:00:00+00:00,0.863,0.874,0.862,0.869,291628.06
2026-09-01 12:00:00+00:00,0.87,0.87,0.857,0.859,299722.7
2026-09-01 13:00:00+00:00,0.859,0.864,0.853,0.863,279916.45
2026-09-01 14:00:00+00:00,0.863,0.874,0.862,0.868,281366.62
2026-09-01 15:00:00+00:00,0.869,0.87,0.86,0.869,163746.66
2026-09-01 16:00:00+00:00,0.869,0.869,0.855,0.865,234769.1
2026-09-01 17:00:00+00:00,0.864,0.882,0.861,0.875,405539.41
2026-09-01 18:00:00+00:00,0.876,0.877,0.855,0.866,523520.42
2026-09-01 19:00:00+00:00,0.866,0.881,0.866,0.874,362696.22
2026-09-01 20:00:00+00:00,0.875,0.876,0.864,0.866,268503.59
2026-09-01 21:00:00+00:00,0.866,0.87,0.856,0.865,208347.89
2026-09-01 22:00:00+00:00,0.865,0.867,0.858,0.863,140541.45
2026-09-01 23:00:00+00:00,0.863,0.875,0.862,0.872,141115.6
2026-09-02 00:00:00+00:00,0.872,0.876,0.865,0.867,269575.86
2026-09-02 01:00:00+00:00,0.867,0.872,0.859,0.867,286067.04
2026-09-02 02:00:00+00:00,0.866,0.881,0.865,0.876,434895.85
2026-09-02 03:00:00+00:00,0.876,0.891,0.876,0.887,563758.64
2026-09-02 04:00:00+00:00,0.887,0.894,0.879,0.893,274123.14
2026-09-02 05:00:00+00:00,0.893,0.893,0.874,0.874,999897.62
2026-09-02 06:00:00+00:00,0.875,0.876,0.857,0.861,583817.67
2026-09-02 07:00:00+00:00,0.86,0.866,0.859,0.863,216616.22
2026-09-02 08:00:00+00:00,0.863,0.867,0.853,0.856,281692.08
2026-09-02 09:00:00+00:00,0.857,0.861,0.847,0.851,340601.69
2026-09-02 10:00:00+00:00,0.851,0.851,0.838,0.845,597347.49
2026-09-02 11:00:00+00:00,0.844,0.846,0.84,0.845,274817.64
2026-09-02 12:00:00+00:00,0.845,0.849,0.839,0.839,295233.95
2026-09-02 13:00:00+00:00,0.84,0.854,0.838,0.851,525100.46
2026-09-02 14:00:00+00:00,0.851,0.854,0.845,0.845,259939.44
2026-09-02 15:00:00+00:00,0.846,0.853,0.842,0.851,255936.18
2026-09-02 16:00:00+00:00,0.851,0.856,0.848,0.853,329842.59
2026-09-02 17:00:00+00:00,0.854,0.858,0.845,0.855,398033.24
2026-09-02 18:00:00+00:00,0.855,0.862,0.852,0.861,329404.41
2026-09-02 19:00:00+00:00,0.86,0.862,0.857,0.861,120525.61
2026-09-02 20:00:00+00:00,0.861,0.868,0.861,0.862,190855.98
2026-09-02 21:00:00+00:00,0.861,0.867,0.858,0.863,116186.31
2026-09-02 22:00:00+00:00,0.862,0.864,0.856,0.861,205034.99
2026-09-02 23:00:00+00:00,0.861,0.868,0.86,0.868,274100.54
2026-09-03 00:00:00+00:00,0.868,0.87,0.857,0.86,122322.02
2026-09-03 01:00:00+00:00,0.859,0.881,0.854,0.871,537093.36
2026-09-03 02:00:00+00:00,0.871,0.888,0.868,0.884,264350.49
2026-09-03 03:00:00+00:00,0.883,0.884,0.871,0.873,172206.06
2026-09-03 04:00:00+00:00,0.874,0.88,0.87,0.879,165084.54
2026-09-03 05:00:00+00:00,0.88,0.881,0.865,0.879,225088.86
2026-09-03 06:00:00+00:00,0.879,0.88,0.875,0.875,191574.11
2026-09-03 07:00:00+00:00,0.875,0.882,0.873,0.875,218944.81
2026-09-03 08:00:00+00:00,0.876,0.882,0.873,0.878,168889.43
2026-09-03 09:00:00+00:00,0.878,0.88,0.875,0.875,134137.98
2026-09-03 10:00:00+00:00,0.875,0.88,0.872,0.877,173928.32
2026-09-03 11:00:00+00:00,0.878,0.88,0.874,0.878,206488.7
2026-09-03 12:00:00+00:00,0.877,0.883,0.874,0.881,308674.15
2026-09-03 13:00:00+00:00,0.88,0.88,0.869,0.87,289410.39
2026-09-03 14:00:00+00:00,0.869,0.891,0.868,0.891,505263.07
2026-09-03 15:00:00+00:00,0.891,0.895,0.882,0.893,500574.22
2026-09-03 16:00:00+00:00,0.893,0.895,0.885,0.889,1027832.26
2026-09-03 17:00:00+00:00,0.889,0.89,0.886,0.889,391876.76
2026-09-03 18:00:00+00:00,0.888,0.898,0.888,0.895,606197.24
2026-09-03 19:00:00+00:00,0.895,0.901,0.892,0.897,534215.12
2026-09-03 20:00:00+00:00,0.897,0.898,0.892,0.897,161771.12
2026-09-03 21:00:00+00:00,0.897,0.901,0.895,0.895,423474.3
2026-09-03 22:00:00+00:00,0.895,0.895,0.882,0.888,252334.71
2026-09-03 23:00:00+00:00,0.888,0.889,0.886,0.889,192588.16
2026-09-04 00:00:00+00:00,0.888,0.892,0.886,0.887,138058.3
2026-09-04 01:00:00+00:00,0.887,0.888,0.877,0.88,193281.12
2026-09-04 02:00:00+00:00,0.881,0.881,0.875,0.88,103779.89
2026-09-04 03:00:00+00:00,0.88,0.882,0.875,0.878,63580.64
2026-09-04 04:00:00+00:00,0.877,0.88,0.873,0.874,146663.69
2026-09-04 05:00:00+00:00,0.874,0.882,0.865,0.87,267132.87
2026-09-04 06:00:00+00:00,0.87,0.873,0.868,0.872,121483.27
2026-09-04 07:00:00+00:00,0.872,0.877,0.871,0.873,280817.95
2026-09-04 08:00:00+00:00,0.873,0.882,0.872,0.881,372942.58
2026-09-04 09:00:00+00:00,0.881,0.883,0.874,0.876,203906.17
2026-09-04 10:00:00+00:00,0.876,0.88,0.873,0.878,317076.88
2026-09-04 11:00:00+00:00,0.878,0.884,0.878,0.881,160622.11
2026-09-04 12:00:00+00:00,0.881,0.881,0.845,0.852,1725035.26
2026-09-04 13:00:00+00:00,0.851,0.864,0.849,0.86,333677.63
2026-09-04 14:00:00+00:00,0.859,0.861,0.842,0.848,477219.21
2026-09-04 15:00:00+00:00,0.848,0.855,0.845,0.855,369792.4
2026-09-04 16:00:00+00:00,0.854,0.861,0.852,0.859,230694.2
2026-09-04 17:00:00+00:00,0.859,0.86,0.852,0.856,361030.5
2026-09-04 18:00:00+00:00,0.856,0.867,0.856,0.866,296339.56
2026-09-04 19:00:00+00:00,0.865,0.881,0.864,0.875,385124.94
2026-09-04 20:00:00+00:00,0.875,0.878,0.866,0.869,222687.46
2026-09-04 21:00:00+00:00,0.87,0.879,0.866,0.867,281406.68
2026-09-04 22:00:00+00:00,0.867,0.875,0.867,0.87,216727.9
2026-09-04 23:00:00+00:00,0.87,0.903,0.867,0.9,890918.81
2026-09-05 00:00:00+00:00,0.9,0.901,0.886,0.892,474917.24
2026-09-05 01:00:00+00:00,0.891,0.912,0.89,0.904,749756.16
2026-09-05 02:00:00+00:00,0.904,0.908,0.894,0.896,270572.37
2026-09-05 03:00:00+00:00,0.896,0.898,0.891,0.893,215909.09
2026-09-05 04:00:00+00:00,0.893,0.893,0.884,0.889,185257.84
2026-09-05 05:00:00+00:00,0.889,0.903,0.886,0.902,243423.62
2026-09-05 06:00:00+00:00,0.903,0.915,0.901,0.913,396184.66
2026-09-05 07:00:00+00:00,0.914,0.916,0.905,0.907,355039.09
2026-09-05 08:00:00+00:00,0.907,0.908,0.898,0.903,291099.25
2026-09-05 09:00:00+00:00,0.903,0.92,0.901,0.915,545894.75
2026-09-05 10:00:00+00:00,0.915,0.915,0.906,0.909,203785.42
2026-09-05 11:00:00+00:00,0.91,0.91,0.904,0.906,158023.0
2026-09-05 12:00:00+00:00,0.906,0.926,0.905,0.917,522558.04
2026-09-05 13:00:00+00:00,0.918,0.92,0.911,0.916,472217.36
2026-09-05 14:00:00+00:00,0.917,0.918,0.911,0.914,149659.62
2026-09-05 15:00:00+00:00,0.914,0.915,0.907,0.911,177104.19
2026-09-05 16:00:00+00:00,0.911,0.913,0.906,0.91,190972.47
2026-09-05 17:00:00+00:00,0.91,0.913,0.907,0.912,181901.32
2026-09-05 18:00:00+00:00,0.912,0.913,0.908,0.909,97018.23
2026-09-05 19:00:00+00:00,0.908,0.912,0.907,0.91,294911.28
2026-09-05 20:00:00+00:00,0.911,0.917,0.909,0.911,222975.07
2026-09-05 21:00:00+00:00,0.911,0.925,0.908,0.924,441720.45
2026-09-05 22:00:00+00:00,0.925,0.928,0.919,0.921,215196.57
2026-09-05 23:00:00+00:00,0.921,0.921,0.914,0.916,122230.9
2026-09-06 00:00:00+00:00,0.915,0.925,0.914,0.923,309369.81
2026-09-06 01:00:00+00:00,0.923,0.932,0.921,0.929,341427.29
2026-09-06 02:00:00+00:00,0.929,0.936,0.925,0.928,414368.21
2026-09-06 03:00:00+00:00,0.929,0.931,0.92,0.93,308364.17
2026-09-06 04:00:00+00:00,0.931,0.932,0.923,0.928,184274.53
2026-09-06 05:00:00+00:00,0.929,0.935,0.926,0.931,235728.79
2026-09-06 06:00:00+00:00,0.932,0.943,0.926,0.939,277628.94
2026-09-06 07:00:00+00:00,0.94,0.944,0.932,0.943,323356.5
2026-09-06 08:00:00+00:00,0.942,0.961,0.935,0.939,1085809.35
2026-09-06 09:00:00+00:00,0.94,0.947,0.935,0.943,417895.2
2026-09-06 10:00:00+00:00,0.943,0.973,0.941,0.973,850774.18
2026-09-06 11:00:00+00:00,0.972,0.99,0.97,0.984,992154.46
2026-09-06 12:00:00+00:00,0.984,0.992,0.966,0.97,765186.46
2026-09-06 13:00:00+00:00,0.97,0.979,0.965,0.975,564073.17
2026-09-06 14:00:00+00:00,0.975,0.976,0.951,0.957,676561.59
2026-09-06 15:00:00+00:00,0.957,0.957,0.946,0.954,419529.54
2026-09-06 16:00:00+00:00,0.954,0.97,0.953,0.97,214426.69
2026-09-06 17:00:00+00:00,0.97,0.973,0.958,0.96,259464.83
2026-09-06 18:00:00+00:00,0.96,0.967,0.957,0.961,232065.14
2026-09-06 19:00:00+00:00,0.961,0.968,0.954,0.963,386697.44
2026-09-06 20:00:00+00:00,0.964,0.971,0.962,0.966,234284.58
2026-09-06 21:00:00+00:00,0.967,0.986,0.966,0.984,387595.45
2026-09-06 22:00:00+00:00,0.984,0.984,0.966,0.975,417217.15
2026-09-06 23:00:00+00:00,0.974,0.98,0.973,0.979,218178.19
2026-09-07 00:00:00+00:00,0.979,1.029,0.977,1.026,1761138.11
2026-09-07 01:00:00+00:00,1.025,1.026,0.985,0.986,991790.21
2026-09-07 02:00:00+00:00,0.986,0.999,0.979,0.985,565254.26
2026-09-07 03:00:00+00:00,0.985,0.986,0.969,0.971,306365.57
2026-09-07 04:00:00+00:00,0.971,0.983,0.968,0.981,429378.02
2026-09-07 05:00:00+00:00,0.981,0.993,0.974,0.975,458984.94
2026-09-07 06:00:00+00:00,0.975,0.981,0.968,0.972,304438.47
2026-09-07 07:00:00+00:00,0.973,0.973,0.956,0.964,611602.86
2026-09-07 08:00:00+00:00,0.964,0.975,0.964,0.974,310958.23
2026-09-07 09:00:00+00:00,0.974,0.986,0.973,0.978,497542.04
2026-09-07 10:00:00+00:00,0.979,0.994,0.977,0.985,432898.65
2026-09-07 11:00:00+00:00,0.984,0.993,0.978,0.979,592407.27
2026-09-07 12:00:00+00:00,0.979,1.022,0.973,1.022,984301.66
2026-09-07 13:00:00+00:00,1.022,1.061,1.014,1.057,1946032.03
2026-09-07 14:00:00+00:00,1.056,1.078,1.048,1.068,3073675.31
2026-09-07 15:00:00+00:00,1.069,1.091,1.057,1.078,2835648.55
2026-09-07 16:00:00+00:00,1.078,1.109,1.073,1.1,2440703.13
2026-09-07 17:00:00+00:00,1.1,1.105,1.082,1.096,1357070.62
2026-09-07 18:00:00+00:00,1.096,1.106,1.082,1.091,2079644.43
2026-09-07 19:00:00+00:00,1.09,1.093,1.05,1.06,1899913.99
2026-09-07 20:00:00+00:00,1.059,1.069,1.048,1.065,999961.79
2026-09-07 21:00:00+00:00,1.065,1.078,1.062,1.073,498504.65
2026-09-07 22:00:00+00:00,1.072,1.075,1.039,1.043,1010274.71
2026-09-07 23:00:00+00:00,1.043,1.067,1.04,1.063,780565.02
2026-09-08 00:00:00+00:00,1.062,1.072,1.058,1.072,453475.8
2026-09-08 01:00:00+00:00,1.07,1.07,1.056,1.058,368152.04
2026-09-08 02:00:00+00:00,1.057,1.068,1.054,1.063,301214.5
2026-09-08 03:00:00+00:00,1.063,1.087,1.063,1.079,739122.27
2026-09-08 04:00:00+00:00,1.078,1.082,1.062,1.063,548095.84
2026-09-08 05:00:00+00:00,1.064,1.081,1.062,1.072,791153.75
2026-09-08 06:00:00+00:00,1.073,1.073,1.047,1.063,602571.62
2026-09-08 07:00:00+00:00,1.063,1.069,1.057,1.06,435119.11
2026-09-08 08:00:00+00:00,1.06,1.078,1.055,1.067,296117.31
2026-09-08 09:00:00+00:00,1.067,1.096,1.061,1.087,567896.72
2026-09-08 10:00:00+00:00,1.086,1.098,1.078,1.086,557855.62
2026-09-08 11:00:00+00:00,1.085,1.093,1.071,1.079,470739.98
2026-09-08 12:00:00+00:00,1.078,1.093,1.074,1.09,410452.22
2026-09-08 13:00:00+00:00,1.09,1.09,1.06,1.073,701752.5
2026-09-08 14:00:00+00:00,1.073,1.147,1.072,1.123,2076577.62
2026-09-08 15:00:00+00:00,1.123,1.201,1.115,1.196,4490499.06
2026-09-08 16:00:00+00:00,1.196,1.2,1.175,1.19,1543278.12
2026-09-08 17:00:00+00:00,1.19,1.229,1.19,1.224,2237333.98
2026-09-08 18:00:00+00:00,1.224,1.243,1.2,1.211,1824759.95
2026-09-08 19:00:00+00:00,1.211,1.247,1.199,1.243,1781951.17
2026-09-08 20:00:00+00:00,1.242,1.284,1.232,1.246,2750051.64
2026-09-08 21:00:00+00:00,1.247,1.257,1.232,1.239,821530.39
2026-09-08 22:00:00+00:00,1.239,1.257,1.239,1.247,614852.81
2026-09-08 23:00:00+00:00,1.246,1.264,1.235,1.246,852232.46
2026-09-09 00:00:00+00:00,1.246,1.259,1.207,1.217,2759477.76
2026-09-09 01:00:00+00:00,1.218,1.22,1.192,1.193,1142862.2
2026-09-09 02:00:00+00:00,1.194,1.206,1.191,1.203,538627.76
2026-09-09 03:00:00+00:00,1.203,1.208,1.188,1.205,702392.06
2026-09-09 04:00:00+00:00,1.204,1.221,1.203,1.219,877760.22
2026-09-09 05:00:00+00:00,1.22,1.22,1.183,1.19,628615.43
2026-09-09 06:00:00+00:00,1.19,1.192,1.175,1.178,820427.86
2026-09-09 07:00:00+00:00,1.178,1.189,1.168,1.171,611426.72
2026-09-09 08:00:00+00:00,1.172,1.187,1.17,1.186,381475.18
2026-09-09 09:00:00+00:00,1.186,1.189,1.17,1.173,728252.09
2026-09-09 10:00:00+00:00,1.174,1.185,1.167,1.177,379550.87
2026-09-09 11:00:00+00:00,1.177,1.188,1.16,1.18,732594.77
2026-09-09 12:00:00+00:00,1.18,1.184,1.169,1.173,722277.83
2026-09-09 13:00:00+00:00,1.173,1.174,1.153,1.16,680769.75
2026-09-09 14:00:00+00:00,1.16,1.162,1.128,1.132,1503181.43
2026-09-09 15:00:00+00:00,1.132,1.139,1.114,1.136,1319328.8
2026-09-09 16:00:00+00:00,1.137,1.142,1.124,1.126,627781.57
2026-09-09 17:00:00+00:00,1.127,1.137,1.127,1.132,391131.37
2026-09-09 18:00:00+00:00,1.131,1.132,1.122,1.123,215075.19
2026-09-09 19:00:00+00:00,1.124,1.129,1.118,1.12,368515.25
2026-09-09 20:00:00+00:00,1.12,1.124,1.11,1.116,487650.99
2026-09-09 21:00:00+00:00,1.115,1.118,1.107,1.111,385781.29
2026-09-09 22:00:00+00:00,1.112,1.114,1.093,1.103,737415.8
2026-09-09 23:00:00+00:00,1.103,1.131,1.103,1.123,872103.27
2026-09-10 00:00:00+00:00,1.122,1.127,1.116,1.117,436348.61
2026-09-10 01:00:00+00:00,1.118,1.123,1.095,1.103,402521.35
2026-09-10 02:00:00+00:00,1.103,1.117,1.102,1.117,264164.96
2026-09-10 03:00:00+00:00,1.117,1.119,1.1,1.108,467358.77
2026-09-10 04:00:00+00:00,1.108,1.113,1.102,1.107,275161.52
2026-09-10 05:00:00+00:00,1.107,1.119,1.105,1.109,189642.45
2026-09-10 06:00:00+00:00,1.109,1.115,1.097,1.114,308565.3
2026-09-10 07:00:00+00:00,1.114,1.115,1.097,1.105,287286.05
2026-09-10 08:00:00+00:00,1.105,1.11,1.102,1.102,207370.14
2026-09-10 09:00:00+00:00,1.103,1.107,1.093,1.097,238736.06
2026-09-10 10:00:00+00:00,1.097,1.102,1.093,1.094,225386.94
2026-09-10 11:00:00+00:00,1.094,1.105,1.091,1.099,303121.69
2026-09-10 12:00:00+00:00,1.099,1.101,1.079,1.096,914098.72
2026-09-10 13:00:00+00:00,1.095,1.101,1.084,1.091,433899.03
2026-09-10 14:00:00+00:00,1.091,1.095,1.08,1.083,456925.52
2026-09-10 15:00:00+00:00,1.083,1.093,1.078,1.089,398824.83
2026-09-10 16:00:00+00:00,1.09,1.09,1.073,1.085,324270.25
2026-09-10 17:00:00+00:00,1.085,1.109,1.085,1.105,894395.22
2026-09-10 18:00:00+00:00,1.105,1.108,1.093,1.105,253455.19
2026-09-10 19:00:00+00:00,1.105,1.106,1.098,1.098,341083.67
2026-09-10 20:00:00+00:00,1.099,1.113,1.097,1.112,311938.51
2026-09-10 21:00:00+00:00,1.111,1.131,1.106,1.121,862948.7
2026-09-10 22:00:00+00:00,1.12,1.127,1.108,1.11,351128.83
2026-09-10 23:00:00+00:00,1.11,1.114,1.094,1.096,445937.93
2026-09-11 00:00:00+00:00,1.096,1.139,1.095,1.131,759777.77
2026-09-11 01:00:00+00:00,1.131,1.132,1.111,1.116,294247.93
2026-09-11 02:00:00+00:00,1.116,1.128,1.107,1.111,457907.17
2026-09-11 03:00:00+00:00,1.111,1.128,1.108,1.123,257207.31
2026-09-11 04:00:00+00:00,1.123,1.14,1.121,1.14,459745.68
2026-09-11 05:00:00+00:00,1.14,1.154,1.136,1.149,704817.11
2026-09-11 06:00:00+00:00,1.149,1.163,1.142,1.153,660927.57
2026-09-11 07:00:00+00:00,1.153,1.162,1.124,1.124,669680.29
2026-09-11 08:00:00+00:00,1.125,1.128,1.112,1.126,498312.62
2026-09-11 09:00:00+00:00,1.126,1.126,1.09,1.096,833813.32
2026-09-11 10:00:00+00:00,1.096,1.099,1.081,1.084,574177.81
2026-09-11 11:00:00+00:00,1.084,1.088,1.074,1.087,623412.11
2026-09-11 12:00:00+00:00,1.087,1.108,1.067,1.097,1569420.56
2026-09-11 13:00:00+00:00,1.097,1.108,1.067,1.104,1202158.58
2026-09-11 14:00:00+00:00,1.104,1.112,1.063,1.07,1413392.34
2026-09-11 15:00:00+00:00,1.07,1.076,1.044,1.052,1260687.31
2026-09-11 16:00:00+00:00,1.052,1.071,1.051,1.069,760445.79
2026-09-11 17:00:00+00:00,1.068,1.069,1.05,1.054,245968.54
2026-09-11 18:00:00+00:00,1.053,1.055,1.04,1.044,485761.7
2026-09-11 19:00:00+00:00,1.043,1.049,1.039,1.047,462441.36
2026-09-11 20:00:00+00:00,1.048,1.054,1.044,1.047,340411.54
2026-09-11 21:00:00+00:00,1.046,1.053,1.032,1.035,386144.71
2026-09-11 22:00:00+00:00,1.036,1.038,1.03,1.032,448267.02
2026-09-11 23:00:00+00:00,1.033,1.041,1.031,1.041,169305.65
2026-09-12 00:00:00+00:00,1.041,1.05,1.04,1.049,213932.58
2026-09-12 01:00:00+00:00,1.05,1.059,1.048,1.054,308928.59
2026-09-12 02:00:00+00:00,1.055,1.059,1.047,1.048,171387.63
2026-09-12 03:00:00+00:00,1.048,1.05,1.045,1.047,106178.22
2026-09-12 04:00:00+00:00,1.046,1.054,1.046,1.049,113517.39
2026-09-12 05:00:00+00:00,1.049,1.049,1.041,1.047,129122.65
2026-09-12 06:00:00+00:00,1.047,1.049,1.044,1.046,236032.0
2026-09-12 07:00:00+00:00,1.045,1.055,1.044,1.051,240467.5
2026-09-12 08:00:00+00:00,1.052,1.053,1.045,1.046,147472.05
2026-09-12 09:00:00+00:00,1.047,1.048,1.039,1.04,285782.61
2026-09-12 10:00:00+00:00,1.04,1.044,1.038,1.041,171220.49
2026-09-12 11:00:00+00:00,1.041,1.047,1.038,1.045,205652.24
2026-09-12 12:00:00+00:00,1.045,1.048,1.042,1.043,335141.54
2026-09-12 13:00:00+00:00,1.043,1.044,1.034,1.037,551656.68
2026-09-12 14:00:00+00:00,1.037,1.039,1.034,1.036,238351.89
2026-09-12 15:00:00+00:00,1.036,1.039,1.032,1.037,241637.86
2026-09-12 16:00:00+00:00,1.038,1.044,1.033,1.039,249368.25
2026-09-12 17:00:00+00:00,1.039,1.044,1.032,1.034,290505.63
2026-09-12 18:00:00+00:00,1.033,1.035,1.026,1.027,380390.5
2026-09-12 19:00:00+00:00,1.027,1.029,1.023,1.026,298954.79
2026-09-12 20:00:00+00:00,1.025,1.032,1.024,1.026,265118.2
2026-09-12 21:00:00+00:00,1.026,1.03,1.023,1.025,173366.44
2026-09-12 22:00:00+00:00,1.024,1.026,1.013,1.016,379740.99
2026-09-12 23:00:00+00:00,1.017,1.02,1.016,1.019,73259.26
2026-09-13 00:00:00+00:00,1.02,1.02,1.013,1.015,172482.44
2026-09-13 01:00:00+00:00,1.014,1.02,1.013,1.016,204670.21
2026-09-13 02:00:00+00:00,1.015,1.017,1.012,1.013,179850.66
2026-09-13 03:00:00+00:00,1.014,1.015,1.008,1.009,240796.59
2026-09-13 04:00:00+00:00,1.009,1.01,1.001,1.005,293302.35
2026-09-13 05:00:00+00:00,1.005,1.017,1.005,1.015,102412.69
2026-09-13 06:00:00+00:00,1.016,1.019,1.014,1.018,81906.89
2026-09-13 07:00:00+00:00,1.018,1.022,1.012,1.012,271439.71
2026-09-13 08:00:00+00:00,1.012,1.015,1.0,1.004,445902.68
2026-09-13 09:00:00+00:00,1.004,1.008,0.995,1.006,378227.48
2026-09-13 10:00:00+00:00,1.006,1.007,0.996,1.0,191164.14
2026-09-13 11:00:00+00:00,1.0,1.011,0.999,1.006,202583.63
2026-09-13 12:00:00+00:00,1.006,1.014,1.005,1.014,235661.52
2026-09-13 13:00:00+00:00,1.014,1.016,1.005,1.016,261064.85
2026-09-13 14:00:00+00:00,1.016,1.025,1.014,1.023,342147.15
2026-09-13 15:00:00+00:00,1.022,1.024,1.014,1.018,325308.36
2026-09-13 16:00:00+00:00,1.017,1.028,1.016,1.019,292395.67
2026-09-13 17:00:00+00:00,1.019,1.029,1.017,1.02,337674.6
2026-09-13 18:00:00+00:00,1.02,1.028,1.02,1.024,154085.21
2026-09-13 19:00:00+00:00,1.024,1.027,1.016,1.017,144101.52
2026-09-13 20:00:00+00:00,1.017,1.021,1.016,1.02,279787.35
2026-09-13 21:00:00+00:00,1.02,1.024,1.016,1.02,159990.91
2026-09-13 22:00:00+00:00,1.019,1.019,0.997,1.0,589978.34
2026-09-13 23:00:00+00:00,1.0,1.004,0.998,0.999,279064.34
2026-09-14 00:00:00+00:00,0.999,1.013,0.997,1.009,243670.78
2026-09-14 01:00:00+00:00,1.009,1.019,1.005,1.019,196588.42
2026-09-14 02:00:00+00:00,1.018,1.026,1.013,1.023,381942.57
2026-09-14 03:00:00+00:00,1.024,1.024,1.013,1.016,176610.21
2026-09-14 04:00:00+00:00,1.016,1.022,1.014,1.018,105003.6
2026-09-14 05:00:00+00:00,1.018,1.021,1.015,1.018,71261.95
2026-09-14 06:00:00+00:00,1.017,1.026,1.015,1.019,200930.98
2026-09-14 07:00:00+00:00,1.019,1.023,1.017,1.019,122444.56
2026-09-14 08:00:00+00:00,1.02,1.024,1.017,1.021,293347.05
2026-09-14 09:00:00+00:00,1.02,1.022,1.006,1.015,435910.58
2026-09-14 10:00:00+00:00,1.016,1.02,1.014,1.014,225896.73
2026-09-14 11:00:00+00:00,1.015,1.017,1.009,1.015,242054.07
2026-09-14 12:00:00+00:00,1.015,1.022,1.007,1.01,444034.49
2026-09-14 13:00:00+00:00,1.009,1.017,1.004,1.011,265995.69
2026-09-14 14:00:00+00:00,1.01,1.019,1.009,1.011,292196.06
2026-09-14 15:00:00+00:00,1.01,1.014,1.006,1.01,557424.23
2026-09-14 16:00:00+00:00,1.009,1.02,1.007,1.016,338388.82
2026-09-14 17:00:00+00:00,1.016,1.017,1.006,1.013,351034.68
2026-09-14 18:00:00+00:00,1.014,1.023,1.012,1.021,298917.88
2026-09-14 19:00:00+00:00,1.02,1.025,1.014,1.016,433100.24
2026-09-14 20:00:00+00:00,1.016,1.037,1.015,1.024,647735.5
2026-09-14 21:00:00+00:00,1.025,1.025,1.008,1.009,533840.93
2026-09-14 22:00:00+00:00,1.01,1.015,1.005,1.01,315323.53
2026-09-14 23:00:00+00:00,1.009,1.013,1.002,1.004,436809.04
2026-09-15 00:00:00+00:00,1.003,1.004,0.989,0.992,575436.59
2026-09-15 01:00:00+00:00,0.992,0.996,0.986,0.992,288915.16
2026-09-15 02:00:00+00:00,0.992,0.997,0.989,0.995,264181.62
2026-09-15 03:00:00+00:00,0.995,0.997,0.985,0.992,193052.88
2026-09-15 04:00:00+00:00,0.992,0.995,0.989,0.991,300878.09
2026-09-15 05:00:00+00:00,0.991,0.998,0.985,0.997,137041.3
2026-09-15 06:00:00+00:00,0.996,0.998,0.988,0.991,114990.46
2026-09-15 07:00:00+00:00,0.99,0.994,0.982,0.983,201738.13
2026-09-15 08:00:00+00:00,0.983,0.989,0.978,0.989,344251.74
2026-09-15 09:00:00+00:00,0.989,1.0,0.986,0.997,433726.0
2026-09-15 10:00:00+00:00,0.997,1.0,0.992,0.993,249283.61
2026-09-15 11:00:00+00:00,0.994,0.996,0.986,0.99,249392.42
2026-09-15 12:00:00+00:00,0.989,0.995,0.985,0.988,384154.86
2026-09-15 13:00:00+00:00,0.989,0.994,0.983,0.994,319474.06
2026-09-15 14:00:00+00:00,0.993,0.994,0.973,0.975,804368.29
2026-09-15 15:00:00+00:00,0.974,0.989,0.974,0.983,410288.37
2026-09-15 16:00:00+00:00,0.984,0.989,0.98,0.981,180511.45
2026-09-15 17:00:00+00:00,0.982,0.993,0.979,0.982,206267.05
2026-09-15 18:00:00+00:00,0.982,0.986,0.934,0.956,1706477.77
2026-09-15 19:00:00+00:00,0.955,0.965,0.951,0.958,664754.5
2026-09-15 20:00:00+00:00,0.959,0.96,0.944,0.951,424303.91
2026-09-15 21:00:00+00:00,0.95,0.952,0.941,0.942,281632.5
2026-09-15 22:00:00+00:00,0.942,0.947,0.94,0.946,302661.97
2026-09-15 23:00:00+00:00,0.946,0.951,0.944,0.945,242361.38
2026-09-16 00:00:00+00:00,0.944,0.947,0.938,0.94,272192.03
2026-09-16 01:00:00+00:00,0.94,0.948,0.935,0.941,157320.76
2026-09-16 02:00:00+00:00,0.94,0.951,0.94,0.948,158937.36
2026-09-16 03:00:00+00:00,0.949,0.955,0.948,0.953,253777.8
2026-09-16 04:00:00+00:00,0.954,0.957,0.95,0.95,159726.04
2026-09-16 05:00:00+00:00,0.95,0.957,0.946,0.955,125952.72
2026-09-16 06:00:00+00:00,0.956,0.956,0.946,0.95,66824.74
2026-09-16 07:00:00+00:00,0.95,0.954,0.946,0.947,172673.27
2026-09-16 08:00:00+00:00,0.948,0.949,0.939,0.942,186480.9
2026-09-16 09:00:00+00:00,0.943,0.961,0.942,0.958,193161.35
2026-09-16 10:00:00+00:00,0.959,0.96,0.954,0.96,190108.93
2026-09-16 11:00:00+00:00,0.96,0.964,0.956,0.961,254454.11
2026-09-16 12:00:00+00:00,0.962,0.985,0.961,0.983,1823332.91
2026-09-16 13:00:00+00:00,0.984,0.99,0.972,0.978,769637.24
2026-09-16 14:00:00+00:00,0.978,0.979,0.965,0.977,391318.3
2026-09-16 15:00:00+00:00,0.976,0.986,0.97,0.972,455803.0
2026-09-16 16:00:00+00:00,0.972,0.983,0.972,0.98,329363.94
2026-09-16 17:00:00+00:00,0.98,0.982,0.967,0.974,412106.5
2026-09-16 18:00:00+00:00,0.975,0.989,0.967,0.98,860793.67
2026-09-16 19:00:00+00:00,0.979,1.007,0.97,1.003,854750.3
2026-09-16 20:00:00+00:00,1.002,1.02,0.99,1.009,1447376.89
2026-09-16 21:00:00+00:00,1.008,1.017,0.998,1.008,553267.09
2026-09-16 22:00:00+00:00,1.008,1.009,0.997,0.998,301613.21
2026-09-16 23:00:00+00:00,0.999,1.028,0.996,1.019,466614.51
2026-09-17 00:00:00+00:00,1.02,1.037,1.019,1.033,613748.44
2026-09-17 01:00:00+00:00,1.034,1.041,1.014,1.015,706529.28
2026-09-17 02:00:00+00:00,1.015,1.02,1.008,1.016,313143.02
2026-09-17 03:00:00+00:00,1.016,1.025,1.012,1.016,317132.44
2026-09-17 04:00:00+00:00,1.017,1.019,1.006,1.014,242045.59
2026-09-17 05:00:00+00:00,1.013,1.016,1.008,1.009,197307.86
2026-09-17 06:00:00+00:00,1.008,1.013,1.004,1.012,153558.95
2026-09-17 07:00:00+00:00,1.012,1.015,1.008,1.012,260928.5
2026-09-17 08:00:00+00:00,1.012,1.021,1.007,1.019,343505.66
2026-09-17 09:00:00+00:00,1.018,1.02,1.01,1.02,261585.7
2026-09-17 10:00:00+00:00,1.02,1.026,1.012,1.024,346709.33
2026-09-17 11:00:00+00:00,1.025,1.041,1.017,1.024,602521.51
2026-09-17 12:00:00+00:00,1.024,1.044,1.022,1.032,837087.0
2026-09-17 13:00:00+00:00,1.031,1.042,1.025,1.037,748982.13
2026-09-17 14:00:00+00:00,1.037,1.044,1.032,1.035,999898.72
2026-09-17 15:00:00+00:00,1.034,1.07,1.027,1.066,784120.17
2026-09-17 16:00:00+00:00,1.066,1.077,1.051,1.056,1067105.47
2026-09-17 17:00:00+00:00,1.057,1.082,1.056,1.066,586714.77
2026-09-17 18:00:00+00:00,1.067,1.073,1.064,1.067,306307.28
2026-09-17 19:00:00+00:00,1.066,1.075,1.061,1.063,407582.83
2026-09-17 20:00:00+00:00,1.062,1.091,1.061,1.077,644855.62
2026-09-17 21:00:00+00:00,1.077,1.077,1.062,1.063,387966.69
2026-09-17 22:00:00+00:00,1.062,1.077,1.054,1.075,384523.24
2026-09-17 23:00:00+00:00,1.075,1.096,1.074,1.079,602117.77
2026-09-18 00:00:00+00:00,1.08,1.101,1.076,1.098,549937.5
2026-09-18 01:00:00+00:00,1.099,1.107,1.09,1.105,516241.46
2026-09-18 02:00:00+00:00,1.105,1.123,1.105,1.121,606908.65
2026-09-18 03:00:00+00:00,1.121,1.129,1.115,1.121,588266.36
2026-09-18 04:00:00+00:00,1.122,1.142,1.114,1.137,665952.09
2026-09-18 05:00:00+00:00,1.138,1.145,1.12,1.126,679324.41
2026-09-18 06:00:00+00:00,1.126,1.15,1.124,1.143,488362.22
2026-09-18 07:00:00+00:00,1.143,1.152,1.141,1.15,592887.8
2026-09-18 08:00:00+00:00,1.15,1.165,1.148,1.163,541240.87
2026-09-18 09:00:00+00:00,1.162,1.171,1.143,1.161,1201685.54
2026-09-18 10:00:00+00:00,1.162,1.163,1.141,1.142,955914.32
2026-09-18 11:00:00+00:00,1.142,1.143,1.117,1.128,817414.99
2026-09-18 12:00:00+00:00,1.127,1.143,1.123,1.141,535101.01
2026-09-18 13:00:00+00:00,1.142,1.171,1.136,1.142,974973.69
2026-09-18 14:00:00+00:00,1.142,1.151,1.139,1.143,594084.6
2026-09-18 15:00:00+00:00,1.143,1.145,1.129,1.134,522286.33
2026-09-18 16:00:00+00:00,1.134,1.143,1.13,1.137,294547.04
2026-09-18 17:00:00+00:00,1.136,1.142,1.129,1.142,314337.34
2026-09-18 18:00:00+00:00,1.141,1.141,1.127,1.13,300102.06
2026-09-18 19:00:00+00:00,1.13,1.143,1.129,1.14,524481.72
2026-09-18 20:00:00+00:00,1.14,1.14,1.132,1.135,303915.18
2026-09-18 21:00:00+00:00,1.134,1.149,1.132,1.141,679700.79
2026-09-18 22:00:00+00:00,1.141,1.142,1.125,1.128,768664.38
2026-09-18 23:00:00+00:00,1.129,1.136,1.127,1.134,287414.0
2026-09-19 00:00:00+00:00,1.134,1.141,1.132,1.135,289584.38
2026-09-19 01:00:00+00:00,1.135,1.135,1.118,1.131,381358.01
2026-09-19 02:00:00+00:00,1.131,1.158,1.13,1.154,573303.67
2026-09-19 03:00:00+00:00,1.155,1.155,1.135,1.149,280226.82
2026-09-19 04:00:00+00:00,1.149,1.152,1.121,1.128,421893.34
2026-09-19 05:00:00+00:00,1.127,1.137,1.126,1.127,284734.43
2026-09-19 06:00:00+00:00,1.127,1.129,1.108,1.115,403631.11
2026-09-19 07:00:00+00:00,1.115,1.116,1.101,1.102,394834.04
2026-09-19 08:00:00+00:00,1.102,1.121,1.098,1.117,396682.59
2026-09-19 09:00:00+00:00,1.118,1.124,1.11,1.121,340033.52
2026-09-19 10:00:00+00:00,1.121,1.127,1.119,1.123,256223.49
2026-09-19 11:00:00+00:00,1.123,1.139,1.123,1.138,565726.89
2026-09-19 12:00:00+00:00,1.138,1.14,1.128,1.132,424541.55
2026-09-19 13:00:00+00:00,1.132,1.136,1.125,1.133,334851.4
2026-09-19 14:00:00+00:00,1.132,1.142,1.128,1.13,570673.9
2026-09-19 15:00:00+00:00,1.129,1.137,1.12,1.125,457669.7
2026-09-19 16:00:00+00:00,1.126,1.135,1.117,1.135,416802.48
2026-09-19 17:00:00+00:00,1.135,1.143,1.123,1.131,562169.54
2026-09-19 18:00:00+00:00,1.13,1.135,1.125,1.13,332102.77
2026-09-19 19:00:00+00:00,1.13,1.138,1.129,1.132,300152.71
2026-09-19 20:00:00+00:00,1.133,1.134,1.115,1.119,300491.94
2026-09-19 21:00:00+00:00,1.119,1.12,1.095,1.112,896544.56
2026-09-19 22:00:00+00:00,1.112,1.119,1.1,1.117,530616.59
2026-09-19 23:00:00+00:00,1.117,1.125,1.116,1.124,233032.1
2026-09-20 00:00:00+00:00,1.125,1.133,1.116,1.131,486690.75
2026-09-20 01:00:00+00:00,1.13,1.13,1.107,1.115,349722.56
2026-09-20 02:00:00+00:00,1.116,1.127,1.072,1.076,1330234.23
2026-09-20 03:00:00+00:00,1.076,1.094,1.075,1.088,492415.95
2026-09-20 04:00:00+00:00,1.087,1.091,1.082,1.089,340371.46
2026-09-20 05:00:00+00:00,1.088,1.095,1.086,1.089,281810.7
2026-09-20 06:00:00+00:00,1.088,1.092,1.08,1.086,224524.84
2026-09-20 07:00:00+00:00,1.086,1.091,1.082,1.082,238752.62
2026-09-20 08:00:00+00:00,1.083,1.092,1.082,1.088,245500.46
2026-09-20 09:00:00+00:00,1.088,1.108,1.088,1.105,440518.85
2026-09-20 10:00:00+00:00,1.105,1.106,1.088,1.092,377734.33
2026-09-20 11:00:00+00:00,1.092,1.104,1.09,1.102,250123.61
2026-09-20 12:00:00+00:00,1.102,1.108,1.095,1.1,258539.23
2026-09-20 13:00:00+00:00,1.099,1.104,1.091,1.1,289833.57
2026-09-20 14:00:00+00:00,1.1,1.11,1.095,1.095,468739.66
2026-09-20 15:00:00+00:00,1.096,1.114,1.096,1.111,475600.36
2026-09-20 16:00:00+00:00,1.111,1.172,1.108,1.166,2116744.29
2026-09-20 17:00:00+00:00,1.166,1.173,1.148,1.156,1526061.63
2026-09-20 18:00:00+00:00,1.156,1.16,1.141,1.141,621842.41
2026-09-20 19:00:00+00:00,1.142,1.169,1.142,1.166,384029.94
2026-09-20 20:00:00+00:00,1.166,1.171,1.141,1.144,1266940.01
2026-09-20 21:00:00+00:00,1.144,1.155,1.125,1.152,778322.44
2026-09-20 22:00:00+00:00,1.152,1.156,1.133,1.134,501229.86
2026-09-20 23:00:00+00:00,1.134,1.139,1.129,1.135,279296.95
2026-09-21 00:00:00+00:00,1.134,1.153,1.134,1.145,503394.36
2026-09-21 01:00:00+00:00,1.144,1.158,1.13,1.132,406455.84
2026-09-21 02:00:00+00:00,1.132,1.16,1.127,1.154,397212.19
2026-09-21 03:00:00+00:00,1.154,1.164,1.149,1.162,380917.46
2026-09-21 04:00:00+00:00,1.163,1.164,1.143,1.146,364285.19
2026-09-21 05:00:00+00:00,1.145,1.15,1.141,1.142,165036.45
2026-09-21 06:00:00+00:00,1.141,1.154,1.139,1.151,204759.37
2026-09-21 07:00:00+00:00,1.151,1.162,1.147,1.16,352718.89
2026-09-21 08:00:00+00:00,1.161,1.185,1.156,1.182,1200509.38
2026-09-21 09:00:00+00:00,1.182,1.191,1.165,1.166,1095725.54
2026-09-21 10:00:00+00:00,1.167,1.198,1.164,1.195,880390.82
2026-09-21 11:00:00+00:00,1.195,1.202,1.187,1.19,653560.28
2026-09-21 12:00:00+00:00,1.189,1.194,1.181,1.19,809823.98
2026-09-21 13:00:00+00:00,1.189,1.192,1.169,1.184,831170.02
2026-09-21 14:00:00+00:00,1.184,1.189,1.164,1.187,574903.51
2026-09-21 15:00:00+00:00,1.187,1.196,1.171,1.192,679925.2
2026-09-21 16:00:00+00:00,1.191,1.201,1.182,1.182,947719.99
2026-09-21 17:00:00+00:00,1.183,1.189,1.163,1.168,496617.34
2026-09-21 18:00:00+00:00,1.168,1.177,1.164,1.17,220139.99
2026-09-21 19:00:00+00:00,1.17,1.185,1.166,1.182,475035.12
2026-09-21 20:00:00+00:00,1.182,1.195,1.177,1.185,376576.58
2026-09-21 21:00:00+00:00,1.185,1.208,1.179,1.189,1369440.95
2026-09-21 22:00:00+00:00,1.189,1.212,1.189,1.211,507225.53
2026-09-21 23:00:00+00:00,1.211,1.219,1.201,1.207,571207.58
2026-09-22 00:00:00+00:00,1.206,1.217,1.194,1.198,608803.16
2026-09-22 01:00:00+00:00,1.198,1.21,1.184,1.2,886648.82
2026-09-22 02:00:00+00:00,1.201,1.202,1.187,1.189,466661.33
2026-09-22 03:00:00+00:00,1.188,1.194,1.179,1.189,311042.56
2026-09-22 04:00:00+00:00,1.188,1.2,1.177,1.179,305997.51
2026-09-22 05:00:00+00:00,1.18,1.185,1.154,1.173,716353.07
2026-09-22 06:00:00+00:00,1.172,1.175,1.16,1.161,278039.65
2026-09-22 07:00:00+00:00,1.161,1.169,1.154,1.167,504626.14
2026-09-22 08:00:00+00:00,1.167,1.183,1.163,1.182,309375.04
2026-09-22 09:00:00+00:00,1.181,1.181,1.165,1.17,251474.71
2026-09-22 10:00:00+00:00,1.169,1.172,1.155,1.163,240728.43
2026-09-22 11:00:00+00:00,1.163,1.17,1.157,1.167,208649.62
2026-09-22 12:00:00+00:00,1.167,1.176,1.157,1.176,426588.26
2026-09-22 13:00:00+00:00,1.176,1.186,1.169,1.186,436224.67
2026-09-22 14:00:00+00:00,1.185,1.185,1.145,1.161,709955.92
2026-09-22 15:00:00+00:00,1.161,1.18,1.16,1.176,361181.63
2026-09-22 16:00:00+00:00,1.176,1.182,1.162,1.175,543544.0
2026-09-22 17:00:00+00:00,1.174,1.187,1.172,1.18,428102.31
2026-09-22 18:00:00+00:00,1.18,1.184,1.171,1.171,403425.01
2026-09-22 19:00:00+00:00,1.171,1.189,1.171,1.181,353333.45
2026-09-22 20:00:00+00:00,1.181,1.198,1.178,1.197,520535.62
2026-09-22 21:00:00+00:00,1.197,1.2,1.185,1.196,409429.01
2026-09-22 22:00:00+00:00,1.196,1.223,1.188,1.214,746950.9
2026-09-22 23:00:00+00:00,1.213,1.236,1.212,1.219,625989.2
2026-09-23 00:00:00+00:00,1.219,1.226,1.202,1.206,420237.19
2026-09-23 01:00:00+00:00,1.206,1.213,1.191,1.195,280122.04
2026-09-23 02:00:00+00:00,1.195,1.211,1.186,1.21,333378.75
2026-09-23 03:00:00+00:00,1.209,1.221,1.208,1.209,293987.93
2026-09-23 04:00:00+00:00,1.209,1.21,1.197,1.198,380940.2
2026-09-23 05:00:00+00:00,1.199,1.199,1.184,1.187,350109.79
2026-09-23 06:00:00+00:00,1.188,1.198,1.186,1.191,421986.62
2026-09-23 07:00:00+00:00,1.19,1.191,1.168,1.171,894115.08
2026-09-23 08:00:00+00:00,1.171,1.178,1.157,1.163,837400.38
2026-09-23 09:00:00+00:00,1.164,1.172,1.163,1.166,573476.8
2026-09-23 10:00:00+00:00,1.167,1.17,1.155,1.167,609296.16
2026-09-23 11:00:00+00:00,1.167,1.168,1.15,1.158,750854.96
2026-09-23 12:00:00+00:00,1.158,1.162,1.15,1.158,624858.86
2026-09-23 13:00:00+00:00,1.158,1.159,1.143,1.153,631282.58
2026-09-23 14:00:00+00:00,1.153,1.156,1.09,1.116,3211127.58
2026-09-23 15:00:00+00:00,1.116,1.122,1.095,1.099,595305.12
2026-09-23 16:00:00+00:00,1.098,1.108,1.078,1.105,705410.58
2026-09-23 17:00:00+00:00,1.105,1.106,1.092,1.101,371364.01
2026-09-23 18:00:00+00:00,1.101,1.103,1.092,1.098,285231.53
2026-09-23 19:00:00+00:00,1.098,1.101,1.092,1.097,312667.0
2026-09-23 20:00:00+00:00,1.097,1.103,1.092,1.096,352326.25
2026-09-23 21:00:00+00:00,1.096,1.103,1.092,1.098,341675.76
2026-09-23 22:00:00+00:00,1.098,1.108,1.096,1.098,307919.15
2026-09-23 23:00:00+00:00,1.098,1.102,1.096,1.102,195269.99
2026-09-24 00:00:00+00:00,1.102,1.106,1.095,1.097,306043.66
2026-09-24 01:00:00+00:00,1.097,1.1,1.093,1.094,147840.21
2026-09-24 02:00:00+00:00,1.094,1.116,1.09,1.112,264463.69
2026-09-24 03:00:00+00:00,1.112,1.12,1.11,1.111,197870.58
2026-09-24 04:00:00+00:00,1.111,1.138,1.11,1.129,435102.11
2026-09-24 05:00:00+00:00,1.128,1.141,1.124,1.126,216728.37
2026-09-24 06:00:00+00:00,1.126,1.131,1.122,1.128,152176.72
2026-09-24 07:00:00+00:00,1.128,1.139,1.121,1.139,210111.21
2026-09-24 08:00:00+00:00,1.139,1.143,1.107,1.114,613004.32
2026-09-24 09:00:00+00:00,1.114,1.118,1.097,1.105,495629.89
2026-09-24 10:00:00+00:00,1.106,1.119,1.104,1.115,289347.89
2026-09-24 11:00:00+00:00,1.115,1.124,1.112,1.114,327951.33
2026-09-24 12:00:00+00:00,1.115,1.118,1.108,1.115,302497.52
2026-09-24 13:00:00+00:00,1.115,1.152,1.115,1.151,739951.56
2026-09-24 14:00:00+00:00,1.15,1.18,1.143,1.152,1737504.66
2026-09-24 15:00:00+00:00,1.152,1.175,1.146,1.171,1488036.91
2026-09-24 16:00:00+00:00,1.171,1.177,1.158,1.162,891788.79
2026-09-24 17:00:00+00:00,1.161,1.169,1.158,1.165,394329.81
2026-09-24 18:00:00+00:00,1.164,1.173,1.152,1.17,404753.39
2026-09-24 19:00:00+00:00,1.17,1.177,1.163,1.169,349564.53
2026-09-24 20:00:00+00:00,1.168,1.171,1.16,1.166,465080.91
2026-09-24 21:00:00+00:00,1.166,1.177,1.165,1.169,302265.37
2026-09-24 22:00:00+00:00,1.168,1.168,1.153,1.159,371948.72
2026-09-24 23:00:00+00:00,1.159,1.166,1.154,1.156,252959.52
2026-09-25 00:00:00+00:00,1.155,1.164,1.153,1.159,181613.61
2026-09-25 01:00:00+00:00,1.159,1.165,1.149,1.151,208218.49
2026-09-25 02:00:00+00:00,1.151,1.159,1.131,1.137,495279.09
2026-09-25 03:00:00+00:00,1.137,1.14,1.132,1.138,367847.8
2026-09-25 04:00:00+00:00,1.138,1.149,1.134,1.144,185491.53
2026-09-25 05:00:00+00:00,1.144,1.149,1.141,1.146,163143.1
2026-09-25 06:00:00+00:00,1.147,1.164,1.145,1.15,569757.12
2026-09-25 07:00:00+00:00,1.151,1.16,1.147,1.158,184348.08
2026-09-25 08:00:00+00:00,1.159,1.178,1.157,1.17,419185.79
2026-09-25 09:00:00+00:00,1.17,1.177,1.163,1.174,330066.73
2026-09-25 10:00:00+00:00,1.174,1.174,1.164,1.167,240196.7
2026-09-25 11:00:00+00:00,1.166,1.198,1.166,1.195,821714.19
2026-09-25 12:00:00+00:00,1.196,1.204,1.17,1.196,869514.15
2026-09-25 13:00:00+00:00,1.197,1.199,1.173,1.182,695565.05
2026-09-25 14:00:00+00:00,1.183,1.19,1.161,1.184,1239163.36
2026-09-25 15:00:00+00:00,1.184,1.191,1.168,1.181,585423.83
2026-09-25 16:00:00+00:00,1.181,1.191,1.174,1.176,323026.52
2026-09-25 17:00:00+00:00,1.176,1.184,1.17,1.177,374230.88
2026-09-25 18:00:00+00:00,1.176,1.19,1.176,1.187,356546.14
2026-09-25 19:00:00+00:00,1.187,1.19,1.179,1.188,276490.17
2026-09-25 20:00:00+00:00,1.189,1.215,1.187,1.202,1012565.16
2026-09-25 21:00:00+00:00,1.203,1.204,1.187,1.189,375476.23
2026-09-25 22:00:00+00:00,1.188,1.223,1.184,1.216,751041.89
2026-09-25 23:00:00+00:00,1.216,1.223,1.21,1.213,449067.43
2026-09-26 00:00:00+00:00,1.213,1.219,1.2,1.218,840036.5
2026-09-26 01:00:00+00:00,1.218,1.255,1.216,1.228,1474504.6
2026-09-26 02:00:00+00:00,1.228,1.23,1.214,1.217,245874.62
2026-09-26 03:00:00+00:00,1.216,1.218,1.206,1.216,274352.18
2026-09-26 04:00:00+00:00,1.216,1.232,1.216,1.229,364594.32
2026-09-26 05:00:00+00:00,1.228,1.235,1.221,1.226,307635.46
2026-09-26 06:00:00+00:00,1.226,1.235,1.218,1.229,447164.39
2026-09-26 07:00:00+00:00,1.228,1.24,1.221,1.222,480399.6
2026-09-26 08:00:00+00:00,1.222,1.227,1.216,1.221,549737.78
2026-09-26 09:00:00+00:00,1.221,1.222,1.198,1.204,420614.68
2026-09-26 10:00:00+00:00,1.204,1.241,1.204,1.235,558969.15
2026-09-26 11:00:00+00:00,1.236,1.237,1.229,1.231,299480.69
2026-09-26 12:00:00+00:00,1.231,1.241,1.225,1.229,523565.8
2026-09-26 13:00:00+00:00,1.23,1.235,1.218,1.23,299045.65
2026-09-26 14:00:00+00:00,1.231,1.26,1.223,1.255,734513.03
2026-09-26 15:00:00+00:00,1.254,1.288,1.252,1.285,1393425.53
2026-09-26 16:00:00+00:00,1.286,1.306,1.268,1.301,1185935.78
2026-09-26 17:00:00+00:00,1.302,1.304,1.266,1.267,884416.59
2026-09-26 18:00:00+00:00,1.266,1.266,1.247,1.248,545485.22
2026-09-26 19:00:00+00:00,1.249,1.255,1.239,1.243,400230.33
2026-09-26 20:00:00+00:00,1.243,1.246,1.214,1.226,602578.09
2026-09-26 21:00:00+00:00,1.225,1.24,1.225,1.237,257857.32
2026-09-26 22:00:00+00:00,1.237,1.244,1.233,1.234,503791.49
2026-09-26 23:00:00+00:00,1.233,1.246,1.233,1.243,306480.21
2026-09-27 00:00:00+00:00,1.242,1.243,1.231,1.24,392570.88
2026-09-27 01:00:00+00:00,1.239,1.246,1.23,1.24,470965.19
2026-09-27 02:00:00+00:00,1.239,1.245,1.232,1.233,185853.44
2026-09-27 03:00:00+00:00,1.232,1.24,1.232,1.237,161518.78
2026-09-27 04:00:00+00:00,1.236,1.238,1.225,1.227,311566.05
2026-09-27 05:00:00+00:00,1.226,1.238,1.226,1.235,196807.57
2026-09-27 06:00:00+00:00,1.235,1.275,1.235,1.267,1516677.92
2026-09-27 07:00:00+00:00,1.266,1.278,1.256,1.274,563075.5
2026-09-27 08:00:00+00:00,1.274,1.275,1.25,1.252,388001.64
2026-09-27 09:00:00+00:00,1.252,1.258,1.243,1.252,339728.52
2026-09-27 10:00:00+00:00,1.252,1.255,1.247,1.249,268713.75
2026-09-27 11:00:00+00:00,1.249,1.25,1.241,1.247,308473.59
2026-09-27 12:00:00+00:00,1.247,1.254,1.242,1.242,327597.68
2026-09-27 13:00:00+00:00,1.242,1.243,1.229,1.239,351893.06
2026-09-27 14:00:00+00:00,1.24,1.244,1.228,1.23,402665.86
2026-09-27 15:00:00+00:00,1.231,1.233,1.22,1.232,476411.57
2026-09-27 16:00:00+00:00,1.232,1.244,1.229,1.238,188163.22
2026-09-27 17:00:00+00:00,1.239,1.251,1.238,1.248,198514.41
2026-09-27 18:00:00+00:00,1.248,1.267,1.247,1.261,496451.9
2026-09-27 19:00:00+00:00,1.261,1.273,1.254,1.267,401664.84
2026-09-27 20:00:00+00:00,1.267,1.274,1.261,1.264,505112.65
2026-09-27 21:00:00+00:00,1.264,1.275,1.252,1.258,736502.88
2026-09-27 22:00:00+00:00,1.258,1.259,1.236,1.249,309018.01
2026-09-27 23:00:00+00:00,1.25,1.274,1.25,1.268,413214.95
2026-09-28 00:00:00+00:00,1.268,1.282,1.253,1.26,560348.21
2026-09-28 01:00:00+00:00,1.26,1.271,1.243,1.246,496083.78
2026-09-28 02:00:00+00:00,1.246,1.262,1.24,1.247,327047.44
2026-09-28 03:00:00+00:00,1.247,1.251,1.223,1.228,549626.83
2026-09-28 04:00:00+00:00,1.229,1.251,1.219,1.251,433671.92
2026-09-28 05:00:00+00:00,1.251,1.255,1.207,1.238,843089.54
2026-09-28 06:00:00+00:00,1.237,1.245,1.223,1.226,301168.4
2026-09-28 07:00:00+00:00,1.227,1.238,1.2,1.2,628394.7
2026-09-28 08:00:00+00:00,1.201,1.221,1.201,1.207,446259.44
2026-09-28 09:00:00+00:00,1.207,1.209,1.183,1.187,673189.02
2026-09-28 10:00:00+00:00,1.188,1.203,1.187,1.195,353232.71
2026-09-28 11:00:00+00:00,1.196,1.201,1.193,1.196,276289.53
2026-09-28 12:00:00+00:00,1.197,1.225,1.184,1.194,1600277.76
2026-09-28 13:00:00+00:00,1.194,1.198,1.176,1.192,1256164.82
2026-09-28 14:00:00+00:00,1.191,1.191,1.154,1.162,1123327.21
2026-09-28 15:00:00+00:00,1.163,1.172,1.151,1.168,694834.86
2026-09-28 16:00:00+00:00,1.167,1.195,1.161,1.184,621054.01
2026-09-28 17:00:00+00:00,1.184,1.203,1.172,1.189,548878.06
2026-09-28 18:00:00+00:00,1.189,1.204,1.184,1.189,482406.98
2026-09-28 19:00:00+00:00,1.188,1.189,1.158,1.165,342921.03
2026-09-28 20:00:00+00:00,1.166,1.181,1.16,1.176,401782.71
2026-09-28 21:00:00+00:00,1.177,1.183,1.162,1.165,379846.53
2026-09-28 22:00:00+00:00,1.164,1.175,1.158,1.173,377179.45
2026-09-28 23:00:00+00:00,1.173,1.182,1.172,1.182,153526.7
2026-09-29 00:00:00+00:00,1.182,1.186,1.167,1.168,335539.94
2026-09-29 01:00:00+00:00,1.167,1.175,1.142,1.156,453712.32
2026-09-29 02:00:00+00:00,1.156,1.159,1.141,1.151,495526.34
2026-09-29 03:00:00+00:00,1.152,1.167,1.148,1.158,421281.68
2026-09-29 04:00:00+00:00,1.158,1.167,1.152,1.156,251033.19
2026-09-29 05:00:00+00:00,1.156,1.168,1.149,1.165,379281.55
2026-09-29 06:00:00+00:00,1.166,1.177,1.163,1.174,511815.6
2026-09-29 07:00:00+00:00,1.173,1.205,1.168,1.201,756119.1
2026-09-29 08:00:00+00:00,1.201,1.208,1.187,1.192,585261.09
2026-09-29 09:00:00+00:00,1.191,1.221,1.19,1.215,394393.51
2026-09-29 10:00:00+00:00,1.215,1.217,1.2,1.208,306887.99
2026-09-29 11:00:00+00:00,1.208,1.236,1.204,1.224,564295.41
2026-09-29 12:00:00+00:00,1.223,1.225,1.209,1.21,557355.22
2026-09-29 13:00:00+00:00,1.21,1.216,1.202,1.209,414110.76
2026-09-29 14:00:00+00:00,1.21,1.228,1.202,1.217,590798.17
2026-09-29 15:00:00+00:00,1.218,1.219,1.18,1.183,760481.84
2026-09-29 16:00:00+00:00,1.183,1.192,1.168,1.175,582631.87
2026-09-29 17:00:00+00:00,1.175,1.178,1.159,1.165,512047.72
2026-09-29 18:00:00+00:00,1.166,1.193,1.166,1.187,323311.38
2026-09-29 19:00:00+00:00,1.188,1.198,1.187,1.191,229380.92
2026-09-29 20:00:00+00:00,1.19,1.205,1.182,1.197,401712.97
2026-09-29 21:00:00+00:00,1.197,1.2,1.186,1.198,341295.07
2026-09-29 22:00:00+00:00,1.198,1.202,1.188,1.193,337788.3
2026-09-29 23:00:00+00:00,1.193,1.204,1.187,1.193,216064.1
2026-09-30 00:00:00+00:00,1.194,1.201,1.185,1.2,213425.87
2026-09-30 01:00:00+00:00,1.2,1.22,1.2,1.209,256014.62
2026-09-30 02:00:00+00:00,1.21,1.218,1.198,1.211,388537.16
2026-09-30 03:00:00+00:00,1.212,1.213,1.199,1.203,330754.46
2026-09-30 04:00:00+00:00,1.203,1.22,1.202,1.208,346964.84
2026-09-30 05:00:00+00:00,1.208,1.216,1.203,1.207,341424.17
2026-09-30 06:00:00+00:00,1.207,1.211,1.191,1.194,366118.74
2026-09-30 07:00:00+00:00,1.194,1.211,1.189,1.204,407725.81
2026-09-30 08:00:00+00:00,1.204,1.234,1.198,1.225,641824.01
2026-09-30 09:00:00+00:00,1.226,1.251,1.223,1.244,738259.33
2026-09-30 10:00:00+00:00,1.244,1.246,1.226,1.229,502868.8
2026-09-30 11:00:00+00:00,1.228,1.229,1.216,1.229,440311.03
2026-09-30 12:00:00+00:00,1.228,1.253,1.223,1.25,737733.71
2026-09-30 13:00:00+00:00,1.25,1.262,1.231,1.242,942187.55
2026-09-30 14:00:00+00:00,1.243,1.247,1.213,1.224,723204.76
2026-09-30 15:00:00+00:00,1.223,1.237,1.21,1.234,404596.0
2026-09-30 16:00:00+00:00,1.234,1.253,1.232,1.245,547532.44
2026-09-30 17:00:00+00:00,1.245,1.259,1.235,1.241,515782.84
2026-09-30 18:00:00+00:00,1.242,1.244,1.221,1.228,381591.47
2026-09-30 19:00:00+00:00,1.229,1.234,1.219,1.222,424594.4
2026-09-30 20:00:00+00:00,1.223,1.24,1.22,1.23,238967.55
2026-09-30 21:00:00+00:00,1.23,1.237,1.221,1.222,360006.15
2026-09-30 22:00:00+00:00,1.222,1.24,1.211,1.226,473099.34
2026-09-30 23:00:00+00:00,1.227,1.231,1.217,1.223,232567.97
2026-10-01 00:00:00+00:00,1.224,1.235,1.215,1.227,202328.94
2026-10-01 01:00:00+00:00,1.228,1.245,1.223,1.223,232268.93
2026-10-01 02:00:00+00:00,1.224,1.236,1.219,1.236,353664.64
2026-10-01 03:00:00+00:00,1.236,1.256,1.234,1.252,417845.63
2026-10-01 04:00:00+00:00,1.252,1.254,1.239,1.245,272693.73
2026-10-01 05:00:00+00:00,1.245,1.248,1.239,1.241,182801.57
2026-10-01 06:00:00+00:00,1.241,1.252,1.24,1.249,244617.8
2026-10-01 07:00:00+00:00,1.249,1.264,1.226,1.23,589586.97
2026-10-01 08:00:00+00:00,1.23,1.235,1.218,1.23,424606.56
2026-10-01 09:00:00+00:00,1.231,1.232,1.214,1.215,369732.15
2026-10-01 10:00:00+00:00,1.216,1.216,1.199,1.208,624629.95
2026-10-01 11:00:00+00:00,1.208,1.21,1.198,1.209,293913.35
2026-10-01 12:00:00+00:00,1.209,1.211,1.19,1.194,413561.97
2026-10-01 13:00:00+00:00,1.194,1.199,1.183,1.195,443606.76
2026-10-01 14:00:00+00:00,1.194,1.194,1.17,1.173,694533.78
2026-10-01 15:00:00+00:00,1.173,1.182,1.165,1.172,684674.0
2026-10-01 16:00:00+00:00,1.172,1.179,1.16,1.163,677774.43
2026-10-01 17:00:00+00:00,1.163,1.185,1.162,1.181,430399.57
2026-10-01 18:00:00+00:00,1.18,1.192,1.176,1.183,335776.74
2026-10-01 19:00:00+00:00,1.183,1.187,1.171,1.185,295728.68
2026-10-01 20:00:00+00:00,1.185,1.191,1.182,1.182,220215.82
2026-10-01 21:00:00+00:00,1.182,1.183,1.166,1.17,305054.04
2026-10-01 22:00:00+00:00,1.171,1.179,1.168,1.175,180468.9
2026-10-01 23:00:00+00:00,1.175,1.18,1.17,1.176,161044.82
2026-10-02 00:00:00+00:00,1.177,1.183,1.174,1.178,275664.32
2026-10-02 01:00:00+00:00,1.178,1.184,1.171,1.181,232850.76
2026-10-02 02:00:00+00:00,1.181,1.199,1.181,1.198,560293.2
2026-10-02 03:00:00+00:00,1.198,1.207,1.191,1.197,311122.35
