time,open,high,low,close,volume
2026-06-04 04:00:00+00:00,0.1101,0.113,0.1062,0.1066,31667009.49
2026-06-04 05:00:00+00:00,0.1065,0.1065,0.1014,0.1022,40992186.87
2026-06-04 06:00:00+00:00,0.1022,0.1054,0.102,0.1043,29046605.54
2026-06-04 07:00:00+00:00,0.1044,0.105,0.1009,0.1018,32834777.98
2026-06-04 08:00:00+00:00,0.1019,0.1044,0.1005,0.1032,22027642.18
2026-06-04 09:00:00+00:00,0.1033,0.1034,0.0985,0.102,30662156.07
2026-06-04 10:00:00+00:00,0.102,0.1025,0.0959,0.0967,42491192.33
2026-06-04 11:00:00+00:00,0.0968,0.0975,0.093,0.0944,56354876.44
2026-06-04 12:00:00+00:00,0.0944,0.0968,0.0927,0.0961,27414065.63
2026-06-04 13:00:00+00:00,0.0961,0.0973,0.0939,0.0951,19875499.42
2026-06-04 14:00:00+00:00,0.0952,0.0961,0.092,0.093,39272376.49
2026-06-04 15:00:00+00:00,0.0929,0.0999,0.0926,0.099,36890789.84
2026-06-04 16:00:00+00:00,0.099,0.103,0.098,0.1023,31926438.63
2026-06-04 17:00:00+00:00,0.1022,0.1044,0.0998,0.1012,29897970.45
2026-06-04 18:00:00+00:00,0.1012,0.1014,0.098,0.0996,15919094.13
2026-06-04 19:00:00+00:00,0.0996,0.0999,0.0978,0.0983,10639138.73
2026-06-04 20:00:00+00:00,0.0983,0.0991,0.0962,0.097,9585595.03
2026-06-04 21:00:00+00:00,0.0969,0.0969,0.0927,0.0929,19060449.41
2026-06-04 22:00:00+00:00,0.0928,0.0951,0.0925,0.0946,16152706.46
2026-06-04 23:00:00+00:00,0.0946,0.0957,0.0935,0.0945,15233483.98
2026-06-05 00:00:00+00:00,0.0945,0.0969,0.0942,0.0953,10535513.73
2026-06-05 01:00:00+00:00,0.0953,0.0958,0.093,0.0958,12803608.9
2026-06-05 02:00:00+00:00,0.0958,0.0959,0.0906,0.0909,21987251.63
2026-06-05 03:00:00+00:00,0.091,0.0918,0.0894,0.0895,19383958.43
2026-06-05 04:00:00+00:00,0.0895,0.0915,0.086,0.0891,47251336.57
2026-06-05 05:00:00+00:00,0.0891,0.0894,0.0862,0.0867,15677022.05
2026-06-05 06:00:00+00:00,0.0867,0.0871,0.0827,0.0863,37854704.96
2026-06-05 07:00:00+00:00,0.0863,0.0894,0.0845,0.0884,19784010.19
2026-06-05 08:00:00+00:00,0.0884,0.0888,0.086,0.0874,14807156.47
2026-06-05 09:00:00+00:00,0.0875,0.0896,0.0867,0.0895,14528003.26
2026-06-05 10:00:00+00:00,0.0895,0.0908,0.0865,0.087,14250147.05
2026-06-05 11:00:00+00:00,0.087,0.0871,0.085,0.0855,14253085.08
2026-06-05 12:00:00+00:00,0.0855,0.0875,0.0845,0.0864,17445599.57
2026-06-05 13:00:00+00:00,0.0864,0.0911,0.0864,0.0871,32948981.41
2026-06-05 14:00:00+00:00,0.0871,0.0895,0.086,0.0874,27279289.3
2026-06-05 15:00:00+00:00,0.0873,0.0875,0.0831,0.0832,27170432.76
2026-06-05 16:00:00+00:00,0.0832,0.0897,0.0822,0.0892,45387501.97
2026-06-05 17:00:00+00:00,0.0891,0.0932,0.0882,0.092,37144246.91
2026-06-05 18:00:00+00:00,0.0921,0.0924,0.0846,0.0854,35571431.22
2026-06-05 19:00:00+00:00,0.0854,0.0897,0.0834,0.0886,26125266.98
2026-06-05 20:00:00+00:00,0.0886,0.0923,0.0869,0.0914,24578868.51
2026-06-05 21:00:00+00:00,0.0914,0.0972,0.091,0.0951,25533840.34
2026-06-05 22:00:00+00:00,0.095,0.0953,0.0901,0.095,30661970.51
2026-06-05 23:00:00+00:00,0.095,0.0958,0.092,0.0946,20035635.03
2026-06-06 00:00:00+00:00,0.0946,0.0976,0.0944,0.0948,18200436.68
2026-06-06 01:00:00+00:00,0.0948,0.0958,0.0931,0.0952,10041737.14
2026-06-06 02:00:00+00:00,0.0951,0.0963,0.0933,0.0934,11271758.56
2026-06-06 03:00:00+00:00,0.0935,0.0936,0.0901,0.0903,17022552.22
2026-06-06 04:00:00+00:00,0.0904,0.0912,0.0878,0.0889,20786966.02
2026-06-06 05:00:00+00:00,0.089,0.0937,0.087,0.0927,41138345.33
2026-06-06 06:00:00+00:00,0.0927,0.0985,0.0926,0.0942,79914335.59
2026-06-06 07:00:00+00:00,0.0943,0.0949,0.0912,0.0918,17095385.65
2026-06-06 08:00:00+00:00,0.0919,0.0945,0.0911,0.0937,17854371.06
2026-06-06 09:00:00+00:00,0.0937,0.0968,0.0905,0.0913,29062317.47
2026-06-06 10:00:00+00:00,0.0914,0.0921,0.0898,0.0912,18458082.74
2026-06-06 11:00:00+00:00,0.0911,0.0921,0.0897,0.0915,15755478.69
2026-06-06 12:00:00+00:00,0.0915,0.0924,0.0895,0.0922,12811692.15
2026-06-06 13:00:00+00:00,0.0922,0.0946,0.092,0.0934,12232432.83
2026-06-06 14:00:00+00:00,0.0933,0.0949,0.0918,0.0921,20210475.45
2026-06-06 15:00:00+00:00,0.0922,0.0925,0.0902,0.0912,15294729.36
2026-06-06 16:00:00+00:00,0.0912,0.092,0.0898,0.0914,10304494.19
2026-06-06 17:00:00+00:00,0.0915,0.0915,0.0892,0.0897,9969725.64
2026-06-06 18:00:00+00:00,0.0897,0.0914,0.0896,0.0904,6859925.76
2026-06-06 19:00:00+00:00,0.0904,0.0913,0.0892,0.0893,5447456.35
2026-06-06 20:00:00+00:00,0.0894,0.0906,0.0887,0.0902,8366383.57
2026-06-06 21:00:00+00:00,0.0902,0.091,0.0897,0.0899,6327582.24
2026-06-06 22:00:00+00:00,0.09,0.0907,0.0889,0.0896,5354998.84
2026-06-06 23:00:00+00:00,0.0895,0.0907,0.0892,0.0896,4756000.42
2026-06-07 00:00:00+00:00,0.0897,0.0909,0.0894,0.0898,4475647.94
2026-06-07 01:00:00+00:00,0.0898,0.0951,0.0895,0.0951,24550524.83
2026-06-07 02:00:00+00:00,0.0951,0.0951,0.0918,0.093,10873321.85
2026-06-07 03:00:00+00:00,0.0931,0.0934,0.0914,0.0918,10788289.83
2026-06-07 04:00:00+00:00,0.0919,0.0928,0.0906,0.0924,6312932.83
2026-06-07 05:00:00+00:00,0.0924,0.0933,0.0918,0.0921,10743330.82
2026-06-07 06:00:00+00:00,0.092,0.096,0.0915,0.0937,20681942.87
2026-06-07 07:00:00+00:00,0.0936,0.0938,0.0926,0.0931,6598066.8
2026-06-07 08:00:00+00:00,0.093,0.0935,0.0915,0.0934,13863873.41
2026-06-07 09:00:00+00:00,0.0934,0.0935,0.0906,0.0909,11979127.57
2026-06-07 10:00:00+00:00,0.0909,0.0917,0.0901,0.0905,7695641.13
2026-06-07 11:00:00+00:00,0.0905,0.0917,0.0905,0.091,4773148.78
2026-06-07 12:00:00+00:00,0.0911,0.0911,0.088,0.0893,22807081.65
2026-06-07 13:00:00+00:00,0.0893,0.09,0.0891,0.0896,4860595.97
2026-06-07 14:00:00+00:00,0.0895,0.0926,0.0894,0.0919,12250765.29
2026-06-07 15:00:00+00:00,0.0919,0.0924,0.0901,0.0908,11724490.1
2026-06-07 16:00:00+00:00,0.0909,0.0912,0.0896,0.0903,8721773.94
2026-06-07 17:00:00+00:00,0.0903,0.0908,0.0891,0.0895,10125957.43
2026-06-07 18:00:00+00:00,0.0896,0.0903,0.0885,0.0886,6189229.97
2026-06-07 19:00:00+00:00,0.0886,0.0888,0.086,0.0869,13510459.84
2026-06-07 20:00:00+00:00,0.0869,0.0882,0.0867,0.0878,4634928.34
2026-06-07 21:00:00+00:00,0.0878,0.0884,0.0868,0.0878,3957843.3
2026-06-07 22:00:00+00:00,0.0878,0.0928,0.0878,0.0891,59140496.65
2026-06-07 23:00:00+00:00,0.0891,0.09,0.0885,0.0898,6054105.34
2026-06-08 00:00:00+00:00,0.0899,0.091,0.0887,0.0906,8431266.54
2026-06-08 01:00:00+00:00,0.0906,0.0907,0.0881,0.0893,8262920.12
2026-06-08 02:00:00+00:00,0.0894,0.0902,0.0891,0.0897,6055562.43
2026-06-08 03:00:00+00:00,0.0898,0.0903,0.0882,0.0886,5043911.85
2026-06-08 04:00:00+00:00,0.0887,0.0888,0.0866,0.0866,8628575.58
2026-06-08 05:00:00+00:00,0.0867,0.087,0.0857,0.0866,7961737.51
2026-06-08 06:00:00+00:00,0.0867,0.0881,0.0864,0.0877,15234385.46
2026-06-08 07:00:00+00:00,0.0878,0.0891,0.0871,0.0882,59494662.55
2026-06-08 08:00:00+00:00,0.0881,0.0881,0.0861,0.0871,14613914.7
2026-06-08 09:00:00+00:00,0.0871,0.0878,0.0864,0.0877,15052630.61
2026-06-08 10:00:00+00:00,0.0877,0.0879,0.0865,0.087,14374254.13
2026-06-08 11:00:00+00:00,0.0869,0.0889,0.0865,0.0878,14263551.81
2026-06-08 12:00:00+00:00,0.0879,0.089,0.0865,0.0889,20202978.8
2026-06-08 13:00:00+00:00,0.0889,0.089,0.0875,0.0878,15463455.58
2026-06-08 14:00:00+00:00,0.0878,0.0883,0.0869,0.0883,13476154.97
2026-06-08 15:00:00+00:00,0.0882,0.09,0.0881,0.089,20714774.34
2026-06-08 16:00:00+00:00,0.0891,0.0904,0.088,0.0885,20094442.95
2026-06-08 17:00:00+00:00,0.0885,0.0904,0.0877,0.0904,13111230.66
2026-06-08 18:00:00+00:00,0.0904,0.0907,0.0889,0.0898,14708394.25
2026-06-08 19:00:00+00:00,0.0898,0.0904,0.0889,0.089,9752947.21
2026-06-08 20:00:00+00:00,0.0891,0.0893,0.0879,0.0891,8005873.93
2026-06-08 21:00:00+00:00,0.0891,0.0894,0.0873,0.0874,11180889.57
2026-06-08 22:00:00+00:00,0.0874,0.0875,0.0863,0.0869,9001950.96
2026-06-08 23:00:00+00:00,0.087,0.0874,0.085,0.0854,14466114.46
2026-06-09 00:00:00+00:00,0.0854,0.0856,0.0803,0.0814,51653042.22
2026-06-09 01:00:00+00:00,0.0814,0.082,0.0808,0.0816,9809876.38
2026-06-09 02:00:00+00:00,0.0816,0.0818,0.0801,0.0807,11383934.9
2026-06-09 03:00:00+00:00,0.0807,0.0812,0.0797,0.081,12119933.72
2026-06-09 04:00:00+00:00,0.0811,0.0824,0.0809,0.082,13213078.97
2026-06-09 05:00:00+00:00,0.082,0.0827,0.0812,0.082,6484732.59
2026-06-09 06:00:00+00:00,0.082,0.0826,0.0814,0.082,10525408.99
2026-06-09 07:00:00+00:00,0.082,0.0827,0.0816,0.0818,10295201.16
2026-06-09 08:00:00+00:00,0.0818,0.0819,0.0809,0.081,12997785.63
2026-06-09 09:00:00+00:00,0.0811,0.0814,0.0803,0.0807,8688506.33
2026-06-09 10:00:00+00:00,0.0807,0.0809,0.08,0.0807,13883630.05
2026-06-09 11:00:00+00:00,0.0807,0.0809,0.0801,0.0805,6538951.37
2026-06-09 12:00:00+00:00,0.0805,0.0816,0.0805,0.0814,10048690.34
2026-06-09 13:00:00+00:00,0.0814,0.086,0.0813,0.0832,95204863.54
2026-06-09 14:00:00+00:00,0.0832,0.0835,0.0808,0.0832,51237277.79
2026-06-09 15:00:00+00:00,0.0833,0.0834,0.08,0.0802,40261557.81
2026-06-09 16:00:00+00:00,0.0801,0.0806,0.0779,0.0785,58414951.31
2026-06-09 17:00:00+00:00,0.0785,0.0814,0.0785,0.0808,17630746.36
2026-06-09 18:00:00+00:00,0.0808,0.0818,0.0802,0.0816,16070550.79
2026-06-09 19:00:00+00:00,0.0816,0.0822,0.0808,0.0814,12280960.24
2026-06-09 20:00:00+00:00,0.0815,0.0827,0.0814,0.0827,10210892.19
2026-06-09 21:00:00+00:00,0.0827,0.0829,0.0809,0.081,5184834.29
2026-06-09 22:00:00+00:00,0.0811,0.0817,0.0801,0.0802,6901109.66
2026-06-09 23:00:00+00:00,0.0802,0.0807,0.0798,0.0803,6844891.45
2026-06-10 00:00:00+00:00,0.0804,0.0809,0.0795,0.0809,4832429.68
2026-06-10 01:00:00+00:00,0.0808,0.0811,0.0798,0.0804,4788789.71
2026-06-10 02:00:00+00:00,0.0804,0.0806,0.0789,0.0793,6196767.61
2026-06-10 03:00:00+00:00,0.0793,0.08,0.0792,0.0794,4071808.85
2026-06-10 04:00:00+00:00,0.0794,0.0803,0.0792,0.08,5297274.56
2026-06-10 05:00:00+00:00,0.08,0.0802,0.0789,0.0792,8225980.35
2026-06-10 06:00:00+00:00,0.0792,0.0798,0.0786,0.0794,8055081.79
2026-06-10 07:00:00+00:00,0.0793,0.0805,0.0791,0.0792,7835823.24
2026-06-10 08:00:00+00:00,0.0792,0.08,0.0783,0.0787,24064781.93
2026-06-10 09:00:00+00:00,0.0787,0.0794,0.0781,0.0792,6992089.74
2026-06-10 10:00:00+00:00,0.0791,0.0793,0.0771,0.0783,19102831.05
2026-06-10 11:00:00+00:00,0.0784,0.0785,0.077,0.0772,19563347.99
2026-06-10 12:00:00+00:00,0.0773,0.0794,0.0768,0.0786,16590176.65
2026-06-10 13:00:00+00:00,0.0787,0.0802,0.0785,0.0792,18407186.02
2026-06-10 14:00:00+00:00,0.0792,0.0796,0.0783,0.079,13663129.72
2026-06-10 15:00:00+00:00,0.079,0.0795,0.0772,0.0785,23755624.61
2026-06-10 16:00:00+00:00,0.0785,0.0788,0.0756,0.0764,31841543.44
2026-06-10 17:00:00+00:00,0.0764,0.077,0.0748,0.0754,21092985.83
2026-06-10 18:00:00+00:00,0.0754,0.0754,0.0739,0.0747,19266880.11
2026-06-10 19:00:00+00:00,0.0748,0.0749,0.0722,0.0724,24560219.38
2026-06-10 20:00:00+00:00,0.0724,0.0729,0.0715,0.0719,23648335.48
2026-06-10 21:00:00+00:00,0.0719,0.0719,0.0699,0.0708,28259748.88
2026-06-10 22:00:00+00:00,0.0708,0.0723,0.0703,0.0717,15624459.06
2026-06-10 23:00:00+00:00,0.0716,0.0723,0.0707,0.072,15111315.17
2026-06-11 00:00:00+00:00,0.072,0.0731,0.072,0.0722,9136615.44
2026-06-11 01:00:00+00:00,0.0721,0.0733,0.0721,0.0732,8204775.83
2026-06-11 02:00:00+00:00,0.0731,0.0733,0.0723,0.0731,9517910.33
2026-06-11 03:00:00+00:00,0.0731,0.0782,0.0725,0.0765,39544747.63
2026-06-11 04:00:00+00:00,0.0765,0.0772,0.0755,0.0771,16989762.31
2026-06-11 05:00:00+00:00,0.0771,0.0772,0.0755,0.0757,10537516.84
2026-06-11 06:00:00+00:00,0.0756,0.0763,0.0748,0.0749,17206196.93
2026-06-11 07:00:00+00:00,0.0748,0.0753,0.0744,0.0749,10957481.94
2026-06-11 08:00:00+00:00,0.0749,0.0763,0.0748,0.0762,12117618.58
2026-06-11 09:00:00+00:00,0.0762,0.0764,0.075,0.0756,7438792.58
2026-06-11 10:00:00+00:00,0.0756,0.0765,0.0755,0.0763,8110233.67
2026-06-11 11:00:00+00:00,0.0763,0.0771,0.0761,0.0766,10071124.83
2026-06-11 12:00:00+00:00,0.0766,0.0766,0.0749,0.0754,16675435.68
2026-06-11 13:00:00+00:00,0.0754,0.0766,0.0752,0.0761,9951601.93
2026-06-11 14:00:00+00:00,0.0762,0.0765,0.0753,0.0758,9685811.33
2026-06-11 15:00:00+00:00,0.0758,0.0766,0.0754,0.0762,10604497.76
2026-06-11 16:00:00+00:00,0.0762,0.0772,0.0756,0.0756,9774923.04
2026-06-11 17:00:00+00:00,0.0756,0.0781,0.075,0.0778,21973316.09
2026-06-11 18:00:00+00:00,0.0778,0.0783,0.0769,0.0776,11595095.52
2026-06-11 19:00:00+00:00,0.0775,0.0792,0.0773,0.0777,33944833.25
2026-06-11 20:00:00+00:00,0.0778,0.0796,0.077,0.0791,22201926.67
2026-06-11 21:00:00+00:00,0.0792,0.0807,0.0786,0.079,15298463.64
2026-06-11 22:00:00+00:00,0.079,0.0795,0.0785,0.0791,10749622.07
2026-06-11 23:00:00+00:00,0.0791,0.081,0.0787,0.0799,16381056.3
2026-06-12 00:00:00+00:00,0.0799,0.0803,0.0791,0.0794,7059964.95
2026-06-12 01:00:00+00:00,0.0793,0.0797,0.0781,0.0792,6239907.94
2026-06-12 02:00:00+00:00,0.0793,0.0799,0.0785,0.0795,4039870.45
2026-06-12 03:00:00+00:00,0.0795,0.0801,0.079,0.0795,9532814.56
2026-06-12 04:00:00+00:00,0.0796,0.0808,0.0789,0.0795,25398305.39
2026-06-12 05:00:00+00:00,0.0796,0.0798,0.0784,0.0785,10129882.13
2026-06-12 06:00:00+00:00,0.0784,0.0788,0.0772,0.0779,13988546.44
2026-06-12 07:00:00+00:00,0.0779,0.0795,0.0775,0.078,18151205.48
2026-06-12 08:00:00+00:00,0.0781,0.079,0.0779,0.0789,7284341.46
2026-06-12 09:00:00+00:00,0.0789,0.0802,0.0784,0.0793,12091017.27
2026-06-12 10:00:00+00:00,0.0793,0.0801,0.0789,0.0794,7237769.9
2026-06-12 11:00:00+00:00,0.0793,0.0803,0.0792,0.0792,9919674.98
2026-06-12 12:00:00+00:00,0.0793,0.0817,0.0791,0.0811,31610385.55
2026-06-12 13:00:00+00:00,0.0812,0.083,0.0788,0.0802,56317405.17
2026-06-12 14:00:00+00:00,0.0802,0.0815,0.0794,0.0814,27809481.67
2026-06-12 15:00:00+00:00,0.0815,0.0817,0.0777,0.0779,41304383.71
2026-06-12 16:00:00+00:00,0.078,0.0794,0.0775,0.0794,15335551.25
2026-06-12 17:00:00+00:00,0.0794,0.0803,0.0793,0.0797,7840973.53
2026-06-12 18:00:00+00:00,0.0797,0.0801,0.0789,0.0789,8934403.1
2026-06-12 19:00:00+00:00,0.079,0.08,0.079,0.0796,5623238.69
2026-06-12 20:00:00+00:00,0.0796,0.0802,0.079,0.0791,5457336.91
2026-06-12 21:00:00+00:00,0.0792,0.0797,0.0785,0.0786,4092676.66
2026-06-12 22:00:00+00:00,0.0787,0.0789,0.0781,0.0783,3866825.09
2026-06-12 23:00:00+00:00,0.0783,0.0785,0.0777,0.0783,3836135.55
2026-06-13 00:00:00+00:00,0.0784,0.0787,0.0781,0.0783,5981012.83
2026-06-13 01:00:00+00:00,0.0783,0.0786,0.0777,0.0783,17098241.87
2026-06-13 02:00:00+00:00,0.0783,0.0783,0.0767,0.0772,17221425.03
2026-06-13 03:00:00+00:00,0.0772,0.0778,0.0767,0.0775,4561575.43
2026-06-13 04:00:00+00:00,0.0776,0.0781,0.0771,0.0774,3100153.32
2026-06-13 05:00:00+00:00,0.0774,0.0778,0.0772,0.0776,3707088.03
2026-06-13 06:00:00+00:00,0.0777,0.0796,0.0773,0.0794,5565834.38
2026-06-13 07:00:00+00:00,0.0795,0.0833,0.0792,0.0812,33226479.06
2026-06-13 08:00:00+00:00,0.0812,0.0818,0.0808,0.081,8442605.85
2026-06-13 09:00:00+00:00,0.081,0.0821,0.081,0.0815,5576626.11
2026-06-13 10:00:00+00:00,0.0815,0.0822,0.0811,0.0815,5954920.44
2026-06-13 11:00:00+00:00,0.0815,0.0833,0.0813,0.0825,9572250.2
2026-06-13 12:00:00+00:00,0.0826,0.0851,0.0824,0.0844,20874959.39
2026-06-13 13:00:00+00:00,0.0844,0.0857,0.0843,0.0855,15594375.86
2026-06-13 14:00:00+00:00,0.0855,0.0866,0.0847,0.0866,17391613.54
2026-06-13 15:00:00+00:00,0.0866,0.087,0.0851,0.0853,23672360.71
2026-06-13 16:00:00+00:00,0.0854,0.0861,0.0843,0.0859,18489595.52
2026-06-13 17:00:00+00:00,0.0859,0.0861,0.0847,0.0852,11167030.35
2026-06-13 18:00:00+00:00,0.0851,0.0857,0.0845,0.0847,7169670.42
2026-06-13 19:00:00+00:00,0.0847,0.0853,0.0845,0.0846,4910746.37
2026-06-13 20:00:00+00:00,0.0846,0.085,0.0844,0.0847,3931260.22
2026-06-13 21:00:00+00:00,0.0848,0.0859,0.0843,0.0855,4441407.95
2026-06-13 22:00:00+00:00,0.0854,0.0856,0.084,0.084,6739298.96
2026-06-13 23:00:00+00:00,0.084,0.0844,0.0835,0.084,5545517.48
2026-06-14 00:00:00+00:00,0.084,0.0846,0.0837,0.0844,3616454.14
2026-06-14 01:00:00+00:00,0.0843,0.0856,0.0842,0.0843,9127462.27
2026-06-14 02:00:00+00:00,0.0842,0.0856,0.084,0.0844,11130159.7
2026-06-14 03:00:00+00:00,0.0844,0.0846,0.084,0.0844,4712779.56
2026-06-14 04:00:00+00:00,0.0844,0.0844,0.0833,0.0837,3380069.29
2026-06-14 05:00:00+00:00,0.0837,0.0841,0.0828,0.0839,10073231.15
2026-06-14 06:00:00+00:00,0.0839,0.085,0.0827,0.0831,8425596.17
2026-06-14 07:00:00+00:00,0.0831,0.0833,0.0824,0.083,7188831.56
2026-06-14 08:00:00+00:00,0.0831,0.0837,0.0827,0.0831,5563466.85
2026-06-14 09:00:00+00:00,0.083,0.0837,0.0824,0.0837,4521500.65
2026-06-14 10:00:00+00:00,0.0837,0.084,0.0823,0.0824,17702123.92
2026-06-14 11:00:00+00:00,0.0823,0.083,0.0822,0.0828,5535664.04
2026-06-14 12:00:00+00:00,0.0828,0.0829,0.0811,0.0815,10259002.2
2026-06-14 13:00:00+00:00,0.0814,0.0823,0.0812,0.0819,7926921.26
2026-06-14 14:00:00+00:00,0.0819,0.0819,0.0804,0.081,10930667.18
2026-06-14 15:00:00+00:00,0.081,0.0814,0.0807,0.0808,3601411.91
2026-06-14 16:00:00+00:00,0.0808,0.0814,0.0807,0.0809,3652652.67
2026-06-14 17:00:00+00:00,0.0808,0.0811,0.0799,0.08,6016188.67
2026-06-14 18:00:00+00:00,0.08,0.0802,0.0788,0.0797,10388985.57
2026-06-14 19:00:00+00:00,0.0797,0.0804,0.0796,0.08,3912024.85
2026-06-14 20:00:00+00:00,0.0801,0.0816,0.0799,0.0809,11892223.7
2026-06-14 21:00:00+00:00,0.081,0.0852,0.0809,0.0839,22646976.98
2026-06-14 22:00:00+00:00,0.0839,0.085,0.0832,0.0841,12414522.61
2026-06-14 23:00:00+00:00,0.0841,0.0844,0.0836,0.0841,6390397.19
2026-06-15 00:00:00+00:00,0.0841,0.0843,0.0834,0.0837,8313664.23
2026-06-15 01:00:00+00:00,0.0837,0.0845,0.083,0.084,6662145.49
2026-06-15 02:00:00+00:00,0.084,0.0848,0.0836,0.0842,5098507.89
2026-06-15 03:00:00+00:00,0.0843,0.0846,0.0837,0.084,12704454.42
2026-06-15 04:00:00+00:00,0.084,0.0848,0.0837,0.0845,8516146.31
2026-06-15 05:00:00+00:00,0.0844,0.0872,0.0843,0.0868,10597908.76
2026-06-15 06:00:00+00:00,0.0869,0.0871,0.0854,0.0856,8529852.98
2026-06-15 07:00:00+00:00,0.0857,0.0863,0.0852,0.0854,8024913.72
2026-06-15 08:00:00+00:00,0.0855,0.0863,0.0853,0.0856,5233679.72
2026-06-15 09:00:00+00:00,0.0855,0.0858,0.0849,0.0856,4456420.23
2026-06-15 10:00:00+00:00,0.0857,0.0896,0.085,0.0878,24174137.89
2026-06-15 11:00:00+00:00,0.0877,0.088,0.0867,0.0869,18425847.0
2026-06-15 12:00:00+00:00,0.0869,0.0879,0.0861,0.0875,13348178.29
2026-06-15 13:00:00+00:00,0.0875,0.0901,0.0873,0.0889,55721584.54
2026-06-15 14:00:00+00:00,0.089,0.0892,0.0878,0.0887,16470567.94
2026-06-15 15:00:00+00:00,0.0887,0.0905,0.0877,0.0897,21632657.51
2026-06-15 16:00:00+00:00,0.0897,0.0901,0.0888,0.0889,11629562.47
2026-06-15 17:00:00+00:00,0.0889,0.0892,0.088,0.0884,10498216.11
2026-06-15 18:00:00+00:00,0.0883,0.0885,0.0872,0.0873,8938968.41
2026-06-15 19:00:00+00:00,0.0873,0.0875,0.0856,0.0861,13916429.91
2026-06-15 20:00:00+00:00,0.0862,0.0867,0.086,0.0864,4080994.18
2026-06-15 21:00:00+00:00,0.0864,0.0872,0.086,0.0861,8214995.0
2026-06-15 22:00:00+00:00,0.0862,0.0864,0.0841,0.0846,10559791.81
2026-06-15 23:00:00+00:00,0.0846,0.0857,0.0842,0.0855,8154933.45
2026-06-16 00:00:00+00:00,0.0856,0.086,0.0853,0.0857,7572055.01
2026-06-16 01:00:00+00:00,0.0857,0.0863,0.0849,0.085,8891123.33
2026-06-16 02:00:00+00:00,0.085,0.0852,0.084,0.0846,6836771.5
2026-06-16 03:00:00+00:00,0.0846,0.0862,0.0843,0.0861,6101532.98
2026-06-16 04:00:00+00:00,0.0861,0.0865,0.0847,0.0851,6636736.78
2026-06-16 05:00:00+00:00,0.0851,0.0865,0.085,0.0861,7133905.86
2026-06-16 06:00:00+00:00,0.0861,0.0871,0.086,0.0865,8599031.96
2026-06-16 07:00:00+00:00,0.0865,0.0888,0.0858,0.0875,16701747.67
2026-06-16 08:00:00+00:00,0.0876,0.0882,0.0872,0.0881,9814626.22
2026-06-16 09:00:00+00:00,0.088,0.0887,0.0868,0.0872,9888776.12
2026-06-16 10:00:00+00:00,0.0872,0.0886,0.0871,0.0878,9904894.13
2026-06-16 11:00:00+00:00,0.0878,0.0883,0.0866,0.0871,8343540.53
2026-06-16 12:00:00+00:00,0.0872,0.0885,0.0865,0.0884,14793240.22
2026-06-16 13:00:00+00:00,0.0885,0.0885,0.0857,0.0866,19344392.87
2026-06-16 14:00:00+00:00,0.0866,0.0875,0.084,0.0847,20288099.5
2026-06-16 15:00:00+00:00,0.0847,0.0854,0.0843,0.0851,9283346.45
2026-06-16 16:00:00+00:00,0.085,0.0853,0.0841,0.0843,5996838.28
2026-06-16 17:00:00+00:00,0.0843,0.0856,0.0842,0.0856,8122858.02
2026-06-16 18:00:00+00:00,0.0856,0.0868,0.0853,0.0862,8246926.95
2026-06-16 19:00:00+00:00,0.0862,0.088,0.0855,0.086,17812838.57
2026-06-16 20:00:00+00:00,0.0859,0.0889,0.0857,0.0882,20420756.81
2026-06-16 21:00:00+00:00,0.0882,0.0884,0.0861,0.0869,9554163.14
2026-06-16 22:00:00+00:00,0.0868,0.0871,0.0861,0.0866,2492435.56
2026-06-16 23:00:00+00:00,0.0866,0.087,0.0858,0.0861,5288609.2
2026-06-17 00:00:00+00:00,0.0861,0.087,0.0859,0.0866,5274890.38
2026-06-17 01:00:00+00:00,0.0867,0.0886,0.086,0.0882,9328450.69
2026-06-17 02:00:00+00:00,0.0882,0.0888,0.0872,0.088,7780742.84
2026-06-17 03:00:00+00:00,0.0881,0.0881,0.0864,0.0868,8007003.82
2026-06-17 04:00:00+00:00,0.0869,0.0875,0.0865,0.0866,5139808.26
2026-06-17 05:00:00+00:00,0.0866,0.0869,0.0855,0.0867,13355800.36
2026-06-17 06:00:00+00:00,0.0868,0.0878,0.0858,0.0859,33260923.51
2026-06-17 07:00:00+00:00,0.086,0.0868,0.0856,0.0861,38018400.38
2026-06-17 08:00:00+00:00,0.0862,0.0872,0.0848,0.0868,18476544.41
2026-06-17 09:00:00+00:00,0.0867,0.0885,0.0866,0.0879,19986022.68
2026-06-17 10:00:00+00:00,0.0879,0.0887,0.0875,0.0882,12347132.82
2026-06-17 11:00:00+00:00,0.0882,0.0885,0.0873,0.0877,11462312.52
2026-06-17 12:00:00+00:00,0.0877,0.0902,0.0869,0.09,26652618.83
2026-06-17 13:00:00+00:00,0.0901,0.0921,0.09,0.0904,28464639.19
2026-06-17 14:00:00+00:00,0.0903,0.0921,0.0895,0.0906,31209085.22
2026-06-17 15:00:00+00:00,0.0907,0.094,0.0904,0.0938,30726901.5
2026-06-17 16:00:00+00:00,0.0938,0.0956,0.0926,0.0927,34884846.4
2026-06-17 17:00:00+00:00,0.0928,0.0955,0.0922,0.0954,18767347.26
2026-06-17 18:00:00+00:00,0.0954,0.0962,0.0924,0.094,42972318.89
2026-06-17 19:00:00+00:00,0.094,0.0944,0.0902,0.0912,27797662.61
2026-06-17 20:00:00+00:00,0.0912,0.0929,0.0905,0.0927,11738529.56
2026-06-17 21:00:00+00:00,0.0927,0.0929,0.0897,0.0901,11021944.04
2026-06-17 22:00:00+00:00,0.0901,0.0934,0.0892,0.0928,10772060.44
2026-06-17 23:00:00+00:00,0.0928,0.0961,0.0926,0.0951,12830706.25
2026-06-18 00:00:00+00:00,0.0951,0.0974,0.0946,0.0959,21711971.79
2026-06-18 01:00:00+00:00,0.0959,0.0981,0.0947,0.0965,16963926.45
2026-06-18 02:00:00+00:00,0.0965,0.0984,0.0963,0.0969,12764092.3
2026-06-18 03:00:00+00:00,0.0969,0.0973,0.0945,0.0945,15328335.4
2026-06-18 04:00:00+00:00,0.0946,0.0948,0.0927,0.0928,13727575.93
2026-06-18 05:00:00+00:00,0.0928,0.093,0.0911,0.0919,17577279.31
2026-06-18 06:00:00+00:00,0.0919,0.0947,0.0913,0.0932,28902076.58
2026-06-18 07:00:00+00:00,0.0932,0.0958,0.0925,0.0945,14642363.1
2026-06-18 08:00:00+00:00,0.0945,0.0963,0.0937,0.0947,13353250.89
2026-06-18 09:00:00+00:00,0.0947,0.0956,0.0938,0.095,9622538.46
2026-06-18 10:00:00+00:00,0.0949,0.0951,0.0931,0.0943,12399052.89
2026-06-18 11:00:00+00:00,0.0943,0.0956,0.0921,0.0921,12969929.61
2026-06-18 12:00:00+00:00,0.0922,0.0939,0.0916,0.0926,14686396.82
2026-06-18 13:00:00+00:00,0.0925,0.0927,0.091,0.0918,9369093.51
2026-06-18 14:00:00+00:00,0.0919,0.095,0.0916,0.0946,11802581.09
2026-06-18 15:00:00+00:00,0.0947,0.0951,0.09,0.0902,30264460.76
2026-06-18 16:00:00+00:00,0.0902,0.0914,0.0894,0.0904,17329109.58
2026-06-18 17:00:00+00:00,0.0905,0.0905,0.0883,0.0888,12354465.02
2026-06-18 18:00:00+00:00,0.0888,0.0904,0.0885,0.0896,9618125.64
2026-06-18 19:00:00+00:00,0.0895,0.092,0.0888,0.0916,10083176.37
2026-06-18 20:00:00+00:00,0.0917,0.0947,0.0917,0.0931,15799456.75
2026-06-18 21:00:00+00:00,0.0931,0.0935,0.0916,0.0922,8981039.57
2026-06-18 22:00:00+00:00,0.0922,0.0925,0.0912,0.0918,4704685.92
2026-06-18 23:00:00+00:00,0.0917,0.0959,0.0916,0.0957,13512943.63
2026-06-19 00:00:00+00:00,0.0957,0.0962,0.0937,0.094,13856870.3
2026-06-19 01:00:00+00:00,0.094,0.0946,0.0927,0.0936,6797306.54
2026-06-19 02:00:00+00:00,0.0935,0.0944,0.0921,0.0928,6290267.01
2026-06-19 03:00:00+00:00,0.0928,0.093,0.0895,0.0905,18212587.28
2026-06-19 04:00:00+00:00,0.0906,0.091,0.0877,0.0879,10797945.39
2026-06-19 05:00:00+00:00,0.0879,0.0885,0.0874,0.0881,7916399.01
2026-06-19 06:00:00+00:00,0.0881,0.0888,0.0877,0.0886,8421955.03
2026-06-19 07:00:00+00:00,0.0885,0.0885,0.0865,0.0868,9567050.99
2026-06-19 08:00:00+00:00,0.0869,0.088,0.0865,0.0877,6799380.04
2026-06-19 09:00:00+00:00,0.0877,0.0881,0.0863,0.0879,14052818.16
2026-06-19 10:00:00+00:00,0.0879,0.088,0.0863,0.0869,5477659.73
2026-06-19 11:00:00+00:00,0.087,0.0877,0.0866,0.0868,4274840.2
2026-06-19 12:00:00+00:00,0.0869,0.0886,0.0864,0.0884,10198724.97
2026-06-19 13:00:00+00:00,0.0884,0.0903,0.0876,0.0901,10035216.11
2026-06-19 14:00:00+00:00,0.09,0.0912,0.0894,0.0895,8500227.34
2026-06-19 15:00:00+00:00,0.0894,0.0895,0.0885,0.089,7507650.79
2026-06-19 16:00:00+00:00,0.0891,0.0903,0.0879,0.0881,10560682.53
2026-06-19 17:00:00+00:00,0.0882,0.0895,0.0874,0.0891,6103331.48
2026-06-19 18:00:00+00:00,0.0892,0.0892,0.0881,0.0885,3519310.94
2026-06-19 19:00:00+00:00,0.0885,0.0887,0.0875,0.0877,3317198.87
2026-06-19 20:00:00+00:00,0.0878,0.0881,0.0872,0.088,4207967.32
2026-06-19 21:00:00+00:00,0.088,0.0888,0.0873,0.0874,2936976.0
2026-06-19 22:00:00+00:00,0.0874,0.0883,0.0872,0.0881,3501788.59
2026-06-19 23:00:00+00:00,0.0882,0.0885,0.0871,0.088,7284043.88
2026-06-20 00:00:00+00:00,0.0879,0.0883,0.0868,0.0869,6587500.44
2026-06-20 01:00:00+00:00,0.0869,0.088,0.0867,0.0874,5933193.28
2026-06-20 02:00:00+00:00,0.0874,0.0876,0.0864,0.087,5776845.81
2026-06-20 03:00:00+00:00,0.0871,0.0879,0.0869,0.0874,4632451.67
2026-06-20 04:00:00+00:00,0.0873,0.0885,0.0871,0.0884,5451570.58
2026-06-20 05:00:00+00:00,0.0885,0.0902,0.0882,0.0898,10704581.07
2026-06-20 06:00:00+00:00,0.0898,0.091,0.0888,0.0891,11602331.44
2026-06-20 07:00:00+00:00,0.0891,0.0892,0.088,0.0882,5004625.39
2026-06-20 08:00:00+00:00,0.0882,0.089,0.0879,0.0886,3859770.79
2026-06-20 09:00:00+00:00,0.0887,0.0893,0.088,0.0892,2942412.44
2026-06-20 10:00:00+00:00,0.0892,0.0896,0.0882,0.0883,4370140.08
2026-06-20 11:00:00+00:00,0.0884,0.0884,0.0873,0.0874,6001940.28
2026-06-20 12:00:00+00:00,0.0875,0.0884,0.0874,0.0882,5192252.93
2026-06-20 13:00:00+00:00,0.0883,0.0883,0.0864,0.0868,7126670.87
2026-06-20 14:00:00+00:00,0.0867,0.0882,0.0854,0.088,18558669.36
2026-06-20 15:00:00+00:00,0.0879,0.0891,0.0874,0.0888,15218563.4
2026-06-20 16:00:00+00:00,0.0888,0.089,0.0879,0.0886,5868039.5
2026-06-20 17:00:00+00:00,0.0886,0.0886,0.0871,0.0877,8728377.17
2026-06-20 18:00:00+00:00,0.0877,0.0882,0.0871,0.0872,3441360.14
2026-06-20 19:00:00+00:00,0.0872,0.0877,0.0872,0.0875,2237593.2
2026-06-20 20:00:00+00:00,0.0875,0.0877,0.087,0.0873,1894233.1
2026-06-20 21:00:00+00:00,0.0873,0.0881,0.0872,0.0877,2327801.47
2026-06-20 22:00:00+00:00,0.0877,0.09,0.0875,0.0895,4982173.67
2026-06-20 23:00:00+00:00,0.0896,0.0905,0.0891,0.0894,4988506.63
2026-06-21 00:00:00+00:00,0.0894,0.0896,0.0887,0.0893,3700145.19
2026-06-21 01:00:00+00:00,0.0894,0.0895,0.0886,0.0888,4354684.68
2026-06-21 02:00:00+00:00,0.0888,0.0889,0.0882,0.0885,2250879.16
2026-06-21 03:00:00+00:00,0.0885,0.0902,0.0884,0.0898,4687659.58
2026-06-21 04:00:00+00:00,0.0898,0.0903,0.089,0.089,2799946.46
2026-06-21 05:00:00+00:00,0.089,0.0897,0.0889,0.0891,2480257.79
2026-06-21 06:00:00+00:00,0.0892,0.0906,0.0892,0.09,3781618.6
2026-06-21 07:00:00+00:00,0.09,0.0912,0.0894,0.0912,6286582.74
2026-06-21 08:00:00+00:00,0.0912,0.0919,0.0889,0.0919,11991631.45
2026-06-21 09:00:00+00:00,0.0919,0.094,0.0907,0.0936,21182992.18
2026-06-21 10:00:00+00:00,0.0936,0.0942,0.0916,0.0924,12147723.97
2026-06-21 11:00:00+00:00,0.0923,0.0927,0.091,0.0913,15022563.79
2026-06-21 12:00:00+00:00,0.0914,0.0916,0.0889,0.0909,10477530.09
2026-06-21 13:00:00+00:00,0.091,0.0914,0.0904,0.091,6209177.54
2026-06-21 14:00:00+00:00,0.091,0.0915,0.0908,0.0911,3268831.99
2026-06-21 15:00:00+00:00,0.0911,0.0929,0.091,0.0926,10249787.96
2026-06-21 16:00:00+00:00,0.0925,0.0926,0.0906,0.0909,6113571.64
2026-06-21 17:00:00+00:00,0.0909,0.0913,0.0901,0.0907,6469132.09
2026-06-21 18:00:00+00:00,0.0907,0.0909,0.0899,0.0905,4034551.98
2026-06-21 19:00:00+00:00,0.0904,0.0909,0.0902,0.0902,2644679.13
2026-06-21 20:00:00+00:00,0.0903,0.0908,0.0889,0.089,8475881.75
2026-06-21 21:00:00+00:00,0.089,0.0893,0.0868,0.0884,15212859.23
2026-06-21 22:00:00+00:00,0.0883,0.0892,0.0878,0.0881,3350244.02
2026-06-21 23:00:00+00:00,0.088,0.0881,0.0868,0.0869,6207690.3
2026-06-22 00:00:00+00:00,0.087,0.0897,0.087,0.0896,7121678.86
2026-06-22 01:00:00+00:00,0.0896,0.0934,0.0895,0.0933,14734183.09
2026-06-22 02:00:00+00:00,0.0933,0.0935,0.0921,0.0923,13623671.57
2026-06-22 03:00:00+00:00,0.0922,0.0941,0.0915,0.0917,17158390.18
2026-06-22 04:00:00+00:00,0.0917,0.0932,0.0915,0.0926,8333472.08
2026-06-22 05:00:00+00:00,0.0927,0.0948,0.0922,0.0936,17928744.75
2026-06-22 06:00:00+00:00,0.0937,0.0945,0.0931,0.0938,10722996.8
2026-06-22 07:00:00+00:00,0.0938,0.095,0.0935,0.0937,9022905.1
2026-06-22 08:00:00+00:00,0.0938,0.0968,0.0932,0.0966,21453233.97
2026-06-22 09:00:00+00:00,0.0966,0.0971,0.094,0.0947,21974084.55
2026-06-22 10:00:00+00:00,0.0947,0.0964,0.0945,0.0955,17115753.89
2026-06-22 11:00:00+00:00,0.0955,0.097,0.0951,0.0964,16585121.99
2026-06-22 12:00:00+00:00,0.0965,0.0975,0.0959,0.0973,15424176.67
2026-06-22 13:00:00+00:00,0.0973,0.0984,0.0968,0.0978,18358879.9
2026-06-22 14:00:00+00:00,0.0978,0.0984,0.0955,0.0983,30893040.07
2026-06-22 15:00:00+00:00,0.0983,0.0985,0.0943,0.095,38572117.26
2026-06-22 16:00:00+00:00,0.095,0.0959,0.0942,0.0954,14891071.21
2026-06-22 17:00:00+00:00,0.0954,0.0956,0.0938,0.0944,10015801.82
2026-06-22 18:00:00+00:00,0.0944,0.095,0.0923,0.0927,17690362.59
2026-06-22 19:00:00+00:00,0.0928,0.0932,0.092,0.0929,10943110.77
2026-06-22 20:00:00+00:00,0.0929,0.0935,0.0922,0.0924,4924575.85
2026-06-22 21:00:00+00:00,0.0925,0.0927,0.0919,0.0921,2768011.38
2026-06-22 22:00:00+00:00,0.0921,0.0926,0.091,0.0913,6816575.03
2026-06-22 23:00:00+00:00,0.0913,0.0915,0.0906,0.0909,7238914.31
2026-06-23 00:00:00+00:00,0.0909,0.0915,0.0903,0.0914,5704676.46
2026-06-23 01:00:00+00:00,0.0914,0.0915,0.09,0.0908,6877821.01
2026-06-23 02:00:00+00:00,0.0909,0.091,0.0899,0.0907,8407786.4
2026-06-23 03:00:00+00:00,0.0908,0.091,0.09,0.091,2948849.37
2026-06-23 04:00:00+00:00,0.0909,0.0911,0.0896,0.0897,6080898.75
2026-06-23 05:00:00+00:00,0.0897,0.0899,0.089,0.0894,7927952.3
2026-06-23 06:00:00+00:00,0.0894,0.0894,0.0871,0.0875,19227949.91
2026-06-23 07:00:00+00:00,0.0875,0.0879,0.087,0.0871,7019329.89
2026-06-23 08:00:00+00:00,0.0871,0.0875,0.0845,0.0857,30592789.52
2026-06-23 09:00:00+00:00,0.0858,0.086,0.085,0.0856,8031995.5
2026-06-23 10:00:00+00:00,0.0856,0.0859,0.0843,0.0845,11869898.07
2026-06-23 11:00:00+00:00,0.0845,0.0862,0.0843,0.0862,9382355.54
2026-06-23 12:00:00+00:00,0.0862,0.0863,0.0847,0.0851,13667099.02
2026-06-23 13:00:00+00:00,0.0851,0.0868,0.0845,0.0861,11875202.74
2026-06-23 14:00:00+00:00,0.0862,0.0865,0.0854,0.0854,10941167.28
2026-06-23 15:00:00+00:00,0.0855,0.0867,0.085,0.0863,12202361.54
2026-06-23 16:00:00+00:00,0.0862,0.0874,0.0858,0.0863,10645194.87
2026-06-23 17:00:00+00:00,0.0862,0.0866,0.0857,0.0857,4751434.2
2026-06-23 18:00:00+00:00,0.0857,0.0863,0.0855,0.0859,3313589.75
2026-06-23 19:00:00+00:00,0.0858,0.0862,0.0854,0.0857,6122211.41
2026-06-23 20:00:00+00:00,0.0857,0.0867,0.0857,0.0867,4057322.14
2026-06-23 21:00:00+00:00,0.0868,0.0873,0.0866,0.0868,3131008.56
2026-06-23 22:00:00+00:00,0.0868,0.0873,0.086,0.0862,4596876.98
2026-06-23 23:00:00+00:00,0.0861,0.0866,0.0856,0.0864,3013003.22
2026-06-24 00:00:00+00:00,0.0863,0.0868,0.0861,0.0865,4387564.55
2026-06-24 01:00:00+00:00,0.0866,0.0866,0.0856,0.0858,4130535.25
2026-06-24 02:00:00+00:00,0.0859,0.0859,0.0851,0.0851,5218158.15
2026-06-24 03:00:00+00:00,0.0852,0.0853,0.0846,0.0848,3481306.52
2026-06-24 04:00:00+00:00,0.0849,0.0852,0.0839,0.0849,6160898.43
2026-06-24 05:00:00+00:00,0.085,0.0857,0.0849,0.0855,3192142.48
2026-06-24 06:00:00+00:00,0.0856,0.0856,0.0848,0.0849,2986623.62
2026-06-24 07:00:00+00:00,0.085,0.085,0.0842,0.0843,3470509.59
2026-06-24 08:00:00+00:00,0.0844,0.0847,0.0841,0.0844,5265751.82
2026-06-24 09:00:00+00:00,0.0843,0.0844,0.0835,0.0839,5182862.08
2026-06-24 10:00:00+00:00,0.0839,0.0839,0.0832,0.0835,2615331.41
2026-06-24 11:00:00+00:00,0.0836,0.0854,0.0829,0.0849,7061070.01
2026-06-24 12:00:00+00:00,0.0849,0.0854,0.0845,0.0847,8520153.47
2026-06-24 13:00:00+00:00,0.0847,0.0848,0.0825,0.0834,16700365.64
2026-06-24 14:00:00+00:00,0.0834,0.0841,0.0828,0.0835,14147935.06
2026-06-24 15:00:00+00:00,0.0834,0.0834,0.0813,0.0813,11313928.78
2026-06-24 16:00:00+00:00,0.0813,0.0821,0.0794,0.0802,19243740.95
2026-06-24 17:00:00+00:00,0.0802,0.0812,0.0795,0.0796,13282507.56
2026-06-24 18:00:00+00:00,0.0797,0.0817,0.0794,0.0808,20896982.08
2026-06-24 19:00:00+00:00,0.0809,0.0813,0.0804,0.0811,9130592.27
2026-06-24 20:00:00+00:00,0.0812,0.0843,0.081,0.0836,11671165.15
2026-06-24 21:00:00+00:00,0.0836,0.0841,0.0829,0.0839,5791092.26
2026-06-24 22:00:00+00:00,0.0839,0.0844,0.0836,0.0837,5611119.13
2026-06-24 23:00:00+00:00,0.0838,0.086,0.0837,0.0851,15698641.83
2026-06-25 00:00:00+00:00,0.0851,0.0852,0.0839,0.0842,6130363.88
2026-06-25 01:00:00+00:00,0.0843,0.0846,0.0837,0.0839,4279572.37
2026-06-25 02:00:00+00:00,0.0839,0.0841,0.0836,0.0837,4732875.77
2026-06-25 03:00:00+00:00,0.0837,0.0839,0.0832,0.0837,2157359.42
2026-06-25 04:00:00+00:00,0.0837,0.085,0.0836,0.0846,25658682.52
2026-06-25 05:00:00+00:00,0.0846,0.0861,0.0846,0.0852,11874070.93
2026-06-25 06:00:00+00:00,0.0851,0.0869,0.0851,0.0864,17420990.47
2026-06-25 07:00:00+00:00,0.0863,0.0865,0.0854,0.0859,9015914.92
2026-06-25 08:00:00+00:00,0.0859,0.0865,0.0855,0.0856,5588407.96
2026-06-25 09:00:00+00:00,0.0857,0.0859,0.0854,0.0858,5740786.8
2026-06-25 10:00:00+00:00,0.0857,0.0861,0.0848,0.0849,7253948.99
2026-06-25 11:00:00+00:00,0.085,0.085,0.084,0.0843,5919589.87
2026-06-25 12:00:00+00:00,0.0844,0.0855,0.0834,0.084,15937741.12
2026-06-25 13:00:00+00:00,0.0841,0.0849,0.0786,0.079,42962750.82
2026-06-25 14:00:00+00:00,0.0789,0.0839,0.0789,0.0818,42811595.77
2026-06-25 15:00:00+00:00,0.0818,0.0818,0.0804,0.0813,13702662.03
2026-06-25 16:00:00+00:00,0.0813,0.0823,0.0801,0.0803,7671114.32
2026-06-25 17:00:00+00:00,0.0804,0.0816,0.0802,0.0814,5878702.06
2026-06-25 18:00:00+00:00,0.0814,0.0816,0.08,0.0802,7484863.79
2026-06-25 19:00:00+00:00,0.0803,0.0803,0.0795,0.0799,9348424.61
2026-06-25 20:00:00+00:00,0.08,0.0808,0.0797,0.0803,7186678.84
2026-06-25 21:00:00+00:00,0.0803,0.0823,0.0802,0.0822,10234919.09
2026-06-25 22:00:00+00:00,0.0822,0.0824,0.0814,0.0817,5783672.03
2026-06-25 23:00:00+00:00,0.0817,0.083,0.0816,0.0824,9430893.6
2026-06-26 00:00:00+00:00,0.0824,0.0828,0.082,0.0822,10135234.92
2026-06-26 01:00:00+00:00,0.0821,0.0824,0.0811,0.0818,3889459.88
2026-06-26 02:00:00+00:00,0.0819,0.0819,0.0795,0.08,17816868.64
2026-06-26 03:00:00+00:00,0.0801,0.0809,0.0786,0.0807,18867126.15
2026-06-26 04:00:00+00:00,0.0806,0.0807,0.0789,0.0791,6084238.09
2026-06-26 05:00:00+00:00,0.079,0.0798,0.0787,0.0791,9604023.49
2026-06-26 06:00:00+00:00,0.0792,0.0806,0.0784,0.0802,11087570.03
2026-06-26 07:00:00+00:00,0.0802,0.081,0.0797,0.0807,12361791.59
2026-06-26 08:00:00+00:00,0.0806,0.0813,0.0789,0.0792,17293249.67
2026-06-26 09:00:00+00:00,0.0792,0.0795,0.0783,0.0784,10197452.83
2026-06-26 10:00:00+00:00,0.0784,0.0787,0.0781,0.0785,6716599.43
2026-06-26 11:00:00+00:00,0.0785,0.079,0.0776,0.078,11445651.17
2026-06-26 12:00:00+00:00,0.078,0.0788,0.077,0.0773,19362473.5
2026-06-26 13:00:00+00:00,0.0774,0.0793,0.0766,0.0791,16180210.37
2026-06-26 14:00:00+00:00,0.0791,0.0794,0.0779,0.0786,17451042.74
2026-06-26 15:00:00+00:00,0.0786,0.0801,0.0777,0.0781,77791706.36
2026-06-26 16:00:00+00:00,0.0781,0.0797,0.078,0.0796,22586848.92
2026-06-26 17:00:00+00:00,0.0797,0.0808,0.0795,0.0798,14672004.0
2026-06-26 18:00:00+00:00,0.0797,0.0804,0.0795,0.0797,7138433.54
2026-06-26 19:00:00+00:00,0.0797,0.0811,0.0793,0.0796,12668262.93
2026-06-26 20:00:00+00:00,0.0796,0.081,0.079,0.0795,12228898.79
2026-06-26 21:00:00+00:00,0.0795,0.0799,0.0787,0.0793,3909181.19
2026-06-26 22:00:00+00:00,0.0792,0.0797,0.0787,0.0797,3784363.62
2026-06-26 23:00:00+00:00,0.0797,0.0804,0.0793,0.0795,10302434.72
2026-06-27 00:00:00+00:00,0.0795,0.0798,0.0786,0.0795,4520193.27
2026-06-27 01:00:00+00:00,0.0795,0.0795,0.079,0.0791,3281446.78
2026-06-27 02:00:00+00:00,0.0791,0.0805,0.079,0.0802,7306052.41
2026-06-27 03:00:00+00:00,0.0801,0.0802,0.079,0.0792,3675066.75
2026-06-27 04:00:00+00:00,0.0791,0.0798,0.0787,0.0789,6724563.79
2026-06-27 05:00:00+00:00,0.079,0.0795,0.0786,0.0795,3169782.39
2026-06-27 06:00:00+00:00,0.0795,0.0796,0.0787,0.0791,4108611.11
2026-06-27 07:00:00+00:00,0.0791,0.0794,0.0788,0.0791,4808393.26
2026-06-27 08:00:00+00:00,0.0791,0.0792,0.0784,0.0785,2646907.85
2026-06-27 09:00:00+00:00,0.0786,0.0788,0.0782,0.0786,2705600.64
2026-06-27 10:00:00+00:00,0.0786,0.0789,0.0784,0.0788,2146747.13
2026-06-27 11:00:00+00:00,0.0787,0.0788,0.078,0.0785,2845936.07
2026-06-27 12:00:00+00:00,0.0785,0.0787,0.0783,0.0786,2714477.11
2026-06-27 13:00:00+00:00,0.0787,0.0792,0.0784,0.0789,2545258.21
2026-06-27 14:00:00+00:00,0.0789,0.0793,0.0786,0.0787,3521699.33
2026-06-27 15:00:00+00:00,0.0787,0.0797,0.0785,0.0797,6665347.55
2026-06-27 16:00:00+00:00,0.0797,0.0799,0.0791,0.0794,4614172.78
2026-06-27 17:00:00+00:00,0.0793,0.0793,0.0768,0.0777,29969908.67
2026-06-27 18:00:00+00:00,0.0776,0.0782,0.0775,0.078,4080665.5
2026-06-27 19:00:00+00:00,0.0781,0.0782,0.0768,0.0772,7249593.6
2026-06-27 20:00:00+00:00,0.0773,0.0779,0.0773,0.0777,3883633.13
2026-06-27 21:00:00+00:00,0.0778,0.0785,0.0771,0.0773,6246689.16
2026-06-27 22:00:00+00:00,0.0773,0.0774,0.0764,0.0772,6440695.82
2026-06-27 23:00:00+00:00,0.0773,0.0774,0.0767,0.0768,2230017.37
2026-06-28 00:00:00+00:00,0.0769,0.0774,0.0768,0.0771,2967795.03
2026-06-28 01:00:00+00:00,0.0771,0.0772,0.0768,0.0771,2059693.71
2026-06-28 02:00:00+00:00,0.0772,0.0774,0.0765,0.0769,4664786.27
2026-06-28 03:00:00+00:00,0.0769,0.0772,0.0768,0.0772,2093316.22
2026-06-28 04:00:00+00:00,0.0771,0.0771,0.0767,0.0767,1316571.04
2026-06-28 05:00:00+00:00,0.0768,0.0768,0.0758,0.0765,5915214.89
2026-06-28 06:00:00+00:00,0.0765,0.0766,0.0754,0.0756,4620697.45
2026-06-28 07:00:00+00:00,0.0756,0.0766,0.0756,0.0766,2600814.99
2026-06-28 08:00:00+00:00,0.0766,0.0775,0.0763,0.0769,4601859.54
2026-06-28 09:00:00+00:00,0.077,0.0773,0.0759,0.076,2966014.44
2026-06-28 10:00:00+00:00,0.0761,0.0765,0.0757,0.076,2512281.29
2026-06-28 11:00:00+00:00,0.076,0.0763,0.0756,0.0762,3594365.35
2026-06-28 12:00:00+00:00,0.0761,0.0764,0.0755,0.0759,4960158.83
2026-06-28 13:00:00+00:00,0.0759,0.0759,0.0751,0.0753,5985013.94
2026-06-28 14:00:00+00:00,0.0753,0.0763,0.0752,0.0759,4040599.17
2026-06-28 15:00:00+00:00,0.0759,0.0766,0.0758,0.0763,5842929.05
2026-06-28 16:00:00+00:00,0.0764,0.077,0.0756,0.0759,9094052.71
2026-06-28 17:00:00+00:00,0.0758,0.076,0.0747,0.0754,10754265.64
2026-06-28 18:00:00+00:00,0.0754,0.0757,0.0748,0.0757,3058175.63
2026-06-28 19:00:00+00:00,0.0756,0.0757,0.0748,0.0753,5667973.56
2026-06-28 20:00:00+00:00,0.0753,0.0769,0.0752,0.0764,6265900.65
2026-06-28 21:00:00+00:00,0.0765,0.0774,0.075,0.0753,10554217.08
2026-06-28 22:00:00+00:00,0.0754,0.077,0.075,0.0756,7153678.16
2026-06-28 23:00:00+00:00,0.0755,0.0776,0.0754,0.0769,5551747.82
2026-06-29 00:00:00+00:00,0.0768,0.0775,0.0757,0.0774,6561707.48
2026-06-29 01:00:00+00:00,0.0774,0.0775,0.0763,0.0769,6195661.87
2026-06-29 02:00:00+00:00,0.0768,0.0779,0.0759,0.0775,8061838.5
2026-06-29 03:00:00+00:00,0.0775,0.0786,0.0774,0.0783,9426014.96
2026-06-29 04:00:00+00:00,0.0783,0.079,0.0778,0.0781,10619058.71
2026-06-29 05:00:00+00:00,0.0782,0.0788,0.0769,0.0788,8643425.99
2026-06-29 06:00:00+00:00,0.0788,0.0794,0.0785,0.0788,8963849.98
2026-06-29 07:00:00+00:00,0.0788,0.079,0.0783,0.0786,3546102.57
2026-06-29 08:00:00+00:00,0.0786,0.0793,0.0779,0.078,7334537.96
2026-06-29 09:00:00+00:00,0.078,0.079,0.0779,0.0789,6732258.87
2026-06-29 10:00:00+00:00,0.079,0.08,0.0789,0.0795,10053540.89
2026-06-29 11:00:00+00:00,0.0795,0.08,0.0785,0.079,13114380.77
2026-06-29 12:00:00+00:00,0.0789,0.0824,0.0783,0.0806,32695337.61
2026-06-29 13:00:00+00:00,0.0806,0.086,0.0796,0.0806,128567579.41
2026-06-29 14:00:00+00:00,0.0806,0.0819,0.0795,0.0816,28146092.78
2026-06-29 15:00:00+00:00,0.0816,0.0816,0.0795,0.0803,19405414.8
2026-06-29 16:00:00+00:00,0.0803,0.0805,0.0781,0.0796,22555672.32
2026-06-29 17:00:00+00:00,0.0797,0.0809,0.0794,0.0795,13356812.07
2026-06-29 18:00:00+00:00,0.0795,0.0796,0.0784,0.0789,12231696.1
2026-06-29 19:00:00+00:00,0.0788,0.0792,0.0785,0.0788,5612901.59
2026-06-29 20:00:00+00:00,0.0787,0.0788,0.078,0.0782,4003266.2
2026-06-29 21:00:00+00:00,0.0781,0.0789,0.0778,0.0785,4969453.7
2026-06-29 22:00:00+00:00,0.0785,0.0789,0.0785,0.0787,5946799.58
2026-06-29 23:00:00+00:00,0.0787,0.0792,0.0786,0.0788,3921483.26
2026-06-30 00:00:00+00:00,0.0788,0.0789,0.077,0.0777,14164562.34
2026-06-30 01:00:00+00:00,0.0777,0.0781,0.0773,0.0781,4906343.97
2026-06-30 02:00:00+00:00,0.078,0.078,0.0771,0.0774,3541168.17
2026-06-30 03:00:00+00:00,0.0774,0.0777,0.0765,0.0768,6962404.53
2026-06-30 04:00:00+00:00,0.0767,0.077,0.0758,0.0763,9111509.75
2026-06-30 05:00:00+00:00,0.0763,0.0767,0.076,0.0763,12748249.21
2026-06-30 06:00:00+00:00,0.0764,0.0764,0.0753,0.0757,9357144.75
2026-06-30 07:00:00+00:00,0.0756,0.076,0.0752,0.0755,9634351.93
2026-06-30 08:00:00+00:00,0.0755,0.0756,0.0722,0.0729,61206775.29
2026-06-30 09:00:00+00:00,0.0729,0.0732,0.0725,0.0729,28389531.93
2026-06-30 10:00:00+00:00,0.0728,0.073,0.0723,0.0725,11260206.92
2026-06-30 11:00:00+00:00,0.0724,0.0726,0.0712,0.0716,31828565.29
2026-06-30 12:00:00+00:00,0.0716,0.0723,0.0711,0.0716,16832366.11
2026-06-30 13:00:00+00:00,0.0717,0.0728,0.0713,0.0718,44333893.27
2026-06-30 14:00:00+00:00,0.0718,0.0724,0.0705,0.071,33753363.74
2026-06-30 15:00:00+00:00,0.0709,0.0711,0.0702,0.0704,20472100.49
2026-06-30 16:00:00+00:00,0.0705,0.0722,0.0704,0.0712,20812780.39
2026-06-30 17:00:00+00:00,0.0712,0.0713,0.0706,0.0708,6935442.18
2026-06-30 18:00:00+00:00,0.0707,0.0715,0.0705,0.0715,11053434.78
2026-06-30 19:00:00+00:00,0.0715,0.0716,0.0707,0.0707,6954318.9
2026-06-30 20:00:00+00:00,0.0707,0.071,0.0703,0.071,5983874.83
2026-06-30 21:00:00+00:00,0.071,0.0713,0.0705,0.0713,3911740.86
2026-06-30 22:00:00+00:00,0.0712,0.0719,0.0711,0.0714,8637906.86
2026-06-30 23:00:00+00:00,0.0715,0.0723,0.0714,0.0722,4076259.95
2026-07-01 00:00:00+00:00,0.0723,0.0725,0.0715,0.0723,10746564.7
2026-07-01 01:00:00+00:00,0.0724,0.0725,0.0707,0.0719,18903492.52
2026-07-01 02:00:00+00:00,0.0719,0.0726,0.0715,0.0725,7763444.23
2026-07-01 03:00:00+00:00,0.0725,0.0726,0.0717,0.0723,5443006.8
2026-07-01 04:00:00+00:00,0.0724,0.0733,0.0721,0.0729,8348691.48
2026-07-01 05:00:00+00:00,0.073,0.0735,0.0727,0.0729,8051763.82
2026-07-01 06:00:00+00:00,0.0729,0.073,0.0707,0.0711,16107917.15
2026-07-01 07:00:00+00:00,0.0711,0.0716,0.0705,0.0713,5562352.34
2026-07-01 08:00:00+00:00,0.0713,0.0717,0.0709,0.0717,5388325.51
2026-07-01 09:00:00+00:00,0.0717,0.072,0.0711,0.0716,5552169.48
2026-07-01 10:00:00+00:00,0.0716,0.0718,0.0712,0.0715,5298156.71
2026-07-01 11:00:00+00:00,0.0716,0.0721,0.0714,0.0717,4789367.87
2026-07-01 12:00:00+00:00,0.0717,0.0718,0.0708,0.0712,3889342.52
2026-07-01 13:00:00+00:00,0.0712,0.0723,0.0706,0.0722,10983876.48
2026-07-01 14:00:00+00:00,0.0722,0.073,0.0718,0.0726,8535195.89
2026-07-01 15:00:00+00:00,0.0727,0.0733,0.0723,0.0727,8976215.68
2026-07-01 16:00:00+00:00,0.0727,0.0728,0.0716,0.0718,6941375.91
2026-07-01 17:00:00+00:00,0.0718,0.0726,0.0715,0.0724,5934317.38
2026-07-01 18:00:00+00:00,0.0724,0.0726,0.0711,0.0714,9247375.24
2026-07-01 19:00:00+00:00,0.0714,0.0726,0.0713,0.0719,22947020.78
2026-07-01 20:00:00+00:00,0.0719,0.0723,0.0713,0.0723,4688654.44
2026-07-01 21:00:00+00:00,0.0723,0.0733,0.0721,0.0732,6753099.26
2026-07-01 22:00:00+00:00,0.0731,0.0738,0.0721,0.0722,11214595.96
2026-07-01 23:00:00+00:00,0.0721,0.0721,0.071,0.0714,16036093.47
2026-07-02 00:00:00+00:00,0.0714,0.0725,0.071,0.0722,10983968.78
2026-07-02 01:00:00+00:00,0.0722,0.0742,0.072,0.0742,14536311.41
2026-07-02 02:00:00+00:00,0.0742,0.0773,0.0737,0.0765,64248076.9
2026-07-02 03:00:00+00:00,0.0765,0.0781,0.076,0.0772,73793232.94
2026-07-02 04:00:00+00:00,0.0772,0.0778,0.0764,0.0771,22608201.52
2026-07-02 05:00:00+00:00,0.0771,0.0778,0.0759,0.0762,17240961.58
2026-07-02 06:00:00+00:00,0.0762,0.0765,0.0753,0.0759,13525106.35
2026-07-02 07:00:00+00:00,0.0759,0.077,0.0758,0.0766,11005762.56
2026-07-02 08:00:00+00:00,0.0767,0.0779,0.0762,0.0775,12873597.29
2026-07-02 09:00:00+00:00,0.0775,0.0782,0.0768,0.0773,18225128.1
2026-07-02 10:00:00+00:00,0.0774,0.0784,0.0767,0.0768,22166405.64
2026-07-02 11:00:00+00:00,0.0767,0.0776,0.0767,0.0774,12681876.78
2026-07-02 12:00:00+00:00,0.0773,0.0783,0.0772,0.0777,19118443.43
2026-07-02 13:00:00+00:00,0.0777,0.0793,0.0774,0.079,21795363.44
2026-07-02 14:00:00+00:00,0.079,0.0797,0.0771,0.0772,23060712.09
2026-07-02 15:00:00+00:00,0.0772,0.0773,0.0757,0.076,17765033.44
2026-07-02 16:00:00+00:00,0.076,0.0764,0.075,0.0754,9936123.1
2026-07-02 17:00:00+00:00,0.0753,0.0764,0.0748,0.0762,21916297.03
2026-07-02 18:00:00+00:00,0.0763,0.077,0.0763,0.0768,4458854.87
2026-07-02 19:00:00+00:00,0.0767,0.0771,0.0762,0.0768,5053517.52
2026-07-02 20:00:00+00:00,0.0768,0.0771,0.0765,0.0767,2445268.07
2026-07-02 21:00:00+00:00,0.0768,0.0768,0.0763,0.0767,2416194.97
2026-07-02 22:00:00+00:00,0.0767,0.0769,0.0761,0.0767,5089871.82
2026-07-02 23:00:00+00:00,0.0766,0.077,0.0764,0.0767,2859296.65
2026-07-03 00:00:00+00:00,0.0766,0.0768,0.0754,0.0757,5305623.28
2026-07-03 01:00:00+00:00,0.0757,0.0772,0.0756,0.0771,6965284.16
2026-07-03 02:00:00+00:00,0.0771,0.0772,0.076,0.0767,3467344.96
2026-07-03 03:00:00+00:00,0.0767,0.0771,0.0761,0.077,3064708.89
2026-07-03 04:00:00+00:00,0.0771,0.0773,0.0763,0.0766,3555344.48
2026-07-03 05:00:00+00:00,0.0765,0.0773,0.0764,0.0771,2572390.6
2026-07-03 06:00:00+00:00,0.077,0.0779,0.077,0.0778,3552780.6
2026-07-03 07:00:00+00:00,0.0778,0.0778,0.0772,0.0775,7304005.25
2026-07-03 08:00:00+00:00,0.0775,0.078,0.0773,0.0775,4271973.9
2026-07-03 09:00:00+00:00,0.0776,0.0779,0.077,0.0772,4672396.64
2026-07-03 10:00:00+00:00,0.0772,0.0779,0.0768,0.0776,5197507.57
2026-07-03 11:00:00+00:00,0.0776,0.0785,0.0775,0.0777,11635478.17
2026-07-03 12:00:00+00:00,0.0777,0.0781,0.0775,0.0778,4221283.69
2026-07-03 13:00:00+00:00,0.0778,0.0789,0.0777,0.0786,6750310.53
2026-07-03 14:00:00+00:00,0.0786,0.0788,0.0776,0.0788,5085499.47
2026-07-03 15:00:00+00:00,0.0788,0.0795,0.0782,0.0782,9686933.65
2026-07-03 16:00:00+00:00,0.0783,0.0789,0.0779,0.0786,3715264.96
2026-07-03 17:00:00+00:00,0.0787,0.0791,0.0785,0.079,6135697.64
2026-07-03 18:00:00+00:00,0.0791,0.0792,0.0787,0.0789,10060605.41
2026-07-03 19:00:00+00:00,0.0789,0.0797,0.0787,0.0789,8777277.54
2026-07-03 20:00:00+00:00,0.0789,0.0802,0.0788,0.0799,12279333.1
2026-07-03 21:00:00+00:00,0.0799,0.0803,0.0794,0.0799,3671927.61
2026-07-03 22:00:00+00:00,0.0799,0.0799,0.0793,0.0794,4905781.78
2026-07-03 23:00:00+00:00,0.0794,0.0799,0.0792,0.0794,3115595.31
2026-07-04 00:00:00+00:00,0.0794,0.0798,0.0789,0.0791,3463727.04
2026-07-04 01:00:00+00:00,0.0792,0.0792,0.0783,0.0788,5867005.62
2026-07-04 02:00:00+00:00,0.0788,0.0793,0.0786,0.0789,1370786.63
2026-07-04 03:00:00+00:00,0.079,0.0795,0.0788,0.0792,2174876.66
2026-07-04 04:00:00+00:00,0.0792,0.0796,0.0789,0.0792,2437936.8
2026-07-04 05:00:00+00:00,0.0792,0.0793,0.0786,0.079,2398981.77
2026-07-04 06:00:00+00:00,0.079,0.0796,0.0784,0.0787,4996133.91
2026-07-04 07:00:00+00:00,0.0787,0.0788,0.0776,0.078,4406160.89
2026-07-04 08:00:00+00:00,0.0781,0.0784,0.0777,0.0782,2597420.0
2026-07-04 09:00:00+00:00,0.0782,0.0783,0.0773,0.0774,6715585.65
2026-07-04 10:00:00+00:00,0.0775,0.0779,0.0771,0.0779,5194264.63
2026-07-04 11:00:00+00:00,0.0778,0.0783,0.0777,0.078,4257452.16
2026-07-04 12:00:00+00:00,0.078,0.0784,0.078,0.0784,1834183.77
2026-07-04 13:00:00+00:00,0.0784,0.0788,0.0779,0.0782,6607209.22
2026-07-04 14:00:00+00:00,0.0782,0.08,0.0782,0.0796,5096662.59
2026-07-04 15:00:00+00:00,0.0796,0.0817,0.0794,0.0809,19768526.42
2026-07-04 16:00:00+00:00,0.0809,0.0815,0.0803,0.0807,13409014.21
2026-07-04 17:00:00+00:00,0.0808,0.0814,0.0801,0.0809,7685961.64
2026-07-04 18:00:00+00:00,0.0809,0.081,0.0798,0.0802,4986325.88
2026-07-04 19:00:00+00:00,0.0801,0.0803,0.0797,0.0798,4010784.78
2026-07-04 20:00:00+00:00,0.0798,0.08,0.0789,0.0792,3808791.95
2026-07-04 21:00:00+00:00,0.0792,0.0798,0.0792,0.0796,2553919.89
2026-07-04 22:00:00+00:00,0.0795,0.0796,0.0787,0.0792,3033261.64
2026-07-04 23:00:00+00:00,0.0793,0.0793,0.0784,0.0789,3145551.93
2026-07-05 00:00:00+00:00,0.0789,0.0791,0.0783,0.0789,3907166.82
2026-07-05 01:00:00+00:00,0.0789,0.0789,0.0781,0.0786,2800164.62
2026-07-05 02:00:00+00:00,0.0785,0.0786,0.0774,0.0777,6155026.99
2026-07-05 03:00:00+00:00,0.0778,0.078,0.0773,0.0775,5807117.91
2026-07-05 04:00:00+00:00,0.0775,0.078,0.0774,0.0777,1565130.71
2026-07-05 05:00:00+00:00,0.0777,0.0779,0.0767,0.0773,5507370.31
2026-07-05 06:00:00+00:00,0.0773,0.0779,0.0769,0.0777,1338766.18
2026-07-05 07:00:00+00:00,0.0777,0.0784,0.0774,0.0782,2863498.36
2026-07-05 08:00:00+00:00,0.0782,0.0784,0.0777,0.0779,1901043.78
2026-07-05 09:00:00+00:00,0.0778,0.0782,0.0772,0.0774,3333259.43
2026-07-05 10:00:00+00:00,0.0773,0.0776,0.0769,0.0775,2250184.93
2026-07-05 11:00:00+00:00,0.0775,0.078,0.0772,0.0777,3106788.31
2026-07-05 12:00:00+00:00,0.0777,0.0781,0.0772,0.078,3130480.24
2026-07-05 13:00:00+00:00,0.078,0.0781,0.0774,0.0779,2524188.48
2026-07-05 14:00:00+00:00,0.078,0.078,0.0775,0.078,2031557.61
2026-07-05 15:00:00+00:00,0.0781,0.0786,0.0778,0.0784,4022532.02
2026-07-05 16:00:00+00:00,0.0784,0.0787,0.0781,0.0784,3101876.16
2026-07-05 17:00:00+00:00,0.0784,0.0792,0.078,0.0784,4446782.94
2026-07-05 18:00:00+00:00,0.0785,0.0806,0.0783,0.0797,7005592.72
2026-07-05 19:00:00+00:00,0.0797,0.0805,0.0794,0.0798,7844837.25
2026-07-05 20:00:00+00:00,0.0798,0.0802,0.0794,0.0799,3328625.91
2026-07-05 21:00:00+00:00,0.0798,0.0813,0.0792,0.0803,6435654.22
2026-07-05 22:00:00+00:00,0.0803,0.0809,0.0801,0.0809,7288049.61
2026-07-05 23:00:00+00:00,0.0809,0.0815,0.0801,0.0807,7824485.12
2026-07-06 00:00:00+00:00,0.0807,0.0811,0.0794,0.0805,5937844.25
2026-07-06 01:00:00+00:00,0.0805,0.0808,0.079,0.0792,6302426.69
2026-07-06 02:00:00+00:00,0.0793,0.0795,0.0787,0.079,8323423.24
2026-07-06 03:00:00+00:00,0.079,0.0791,0.0783,0.0789,4912760.37
2026-07-06 04:00:00+00:00,0.0789,0.0791,0.0783,0.0789,2865399.31
2026-07-06 05:00:00+00:00,0.0788,0.0789,0.0773,0.0781,8330362.76
2026-07-06 06:00:00+00:00,0.0781,0.0782,0.0774,0.0777,5877430.98
2026-07-06 07:00:00+00:00,0.0776,0.0781,0.0774,0.0777,2451479.82
2026-07-06 08:00:00+00:00,0.0777,0.0782,0.0773,0.0776,2926595.65
2026-07-06 09:00:00+00:00,0.0775,0.0775,0.077,0.0773,4022330.9
2026-07-06 10:00:00+00:00,0.0772,0.0782,0.0772,0.078,3698065.83
2026-07-06 11:00:00+00:00,0.078,0.0783,0.0772,0.0773,3461526.33
2026-07-06 12:00:00+00:00,0.0772,0.0772,0.0748,0.0754,28078534.94
2026-07-06 13:00:00+00:00,0.0754,0.076,0.0747,0.0757,9592444.9
2026-07-06 14:00:00+00:00,0.0757,0.0767,0.0755,0.0759,6707734.4
2026-07-06 15:00:00+00:00,0.076,0.0777,0.0758,0.0775,10525004.8
2026-07-06 16:00:00+00:00,0.0775,0.0793,0.0772,0.0786,14404277.78
2026-07-06 17:00:00+00:00,0.0787,0.079,0.078,0.078,7075761.78
2026-07-06 18:00:00+00:00,0.0781,0.0787,0.0778,0.0785,3155889.62
2026-07-06 19:00:00+00:00,0.0786,0.0797,0.0782,0.0789,6580712.06
2026-07-06 20:00:00+00:00,0.0789,0.0789,0.0783,0.0785,4257634.66
2026-07-06 21:00:00+00:00,0.0786,0.0801,0.0786,0.0796,9544264.84
2026-07-06 22:00:00+00:00,0.0796,0.0798,0.0786,0.0788,3808389.18
2026-07-06 23:00:00+00:00,0.0788,0.079,0.0782,0.0784,2829275.77
2026-07-07 00:00:00+00:00,0.0784,0.0786,0.0779,0.0783,4998833.44
2026-07-07 01:00:00+00:00,0.0782,0.0783,0.0774,0.0778,3445206.43
2026-07-07 02:00:00+00:00,0.0778,0.0779,0.0769,0.077,5769750.36
2026-07-07 03:00:00+00:00,0.077,0.0771,0.0763,0.0766,3518044.29
2026-07-07 04:00:00+00:00,0.0765,0.0768,0.0764,0.0766,6385857.2
2026-07-07 05:00:00+00:00,0.0767,0.0767,0.0752,0.0763,10376836.97
2026-07-07 06:00:00+00:00,0.0763,0.077,0.076,0.0768,9297599.5
2026-07-07 07:00:00+00:00,0.0768,0.077,0.0761,0.0762,10857802.97
2026-07-07 08:00:00+00:00,0.0762,0.0766,0.0759,0.0759,4355719.82
2026-07-07 09:00:00+00:00,0.0759,0.0764,0.0758,0.0762,2799532.09
2026-07-07 10:00:00+00:00,0.0761,0.0768,0.0757,0.076,6193832.65
2026-07-07 11:00:00+00:00,0.0759,0.0768,0.0757,0.0767,4273120.1
2026-07-07 12:00:00+00:00,0.0767,0.0774,0.0767,0.077,5936797.68
2026-07-07 13:00:00+00:00,0.077,0.0771,0.0756,0.0758,5325464.45
2026-07-07 14:00:00+00:00,0.0757,0.0765,0.0749,0.0764,10490122.31
2026-07-07 15:00:00+00:00,0.0764,0.0779,0.076,0.0778,11974772.16
2026-07-07 16:00:00+00:00,0.0779,0.0787,0.0775,0.0784,10902988.36
2026-07-07 17:00:00+00:00,0.0784,0.0784,0.0776,0.0783,10957333.06
2026-07-07 18:00:00+00:00,0.0784,0.0787,0.0766,0.0768,8658424.79
2026-07-07 19:00:00+00:00,0.0768,0.078,0.0762,0.0772,8407258.83
2026-07-07 20:00:00+00:00,0.0773,0.0775,0.0764,0.0766,3400445.11
2026-07-07 21:00:00+00:00,0.0766,0.077,0.0754,0.0755,5251425.64
2026-07-07 22:00:00+00:00,0.0754,0.0762,0.0751,0.076,4754795.2
2026-07-07 23:00:00+00:00,0.076,0.0765,0.0758,0.0758,7362767.42
2026-07-08 00:00:00+00:00,0.0759,0.0774,0.0758,0.0769,8895489.48
2026-07-08 01:00:00+00:00,0.0768,0.0771,0.0749,0.0751,10875331.6
2026-07-08 02:00:00+00:00,0.075,0.075,0.0735,0.0746,10211001.28
2026-07-08 03:00:00+00:00,0.0747,0.075,0.0741,0.0742,8371306.37
2026-07-08 04:00:00+00:00,0.0742,0.0744,0.0738,0.0744,6216076.29
2026-07-08 05:00:00+00:00,0.0744,0.0748,0.0741,0.0745,3556083.31
2026-07-08 06:00:00+00:00,0.0745,0.0746,0.0738,0.0742,3556528.26
2026-07-08 07:00:00+00:00,0.0742,0.0749,0.0739,0.0745,4120355.12
2026-07-08 08:00:00+00:00,0.0744,0.0746,0.0723,0.0727,18340698.27
2026-07-08 09:00:00+00:00,0.0727,0.0733,0.0725,0.0729,9200694.85
2026-07-08 10:00:00+00:00,0.0729,0.0735,0.0726,0.0733,3702030.7
2026-07-08 11:00:00+00:00,0.0733,0.0742,0.0732,0.0738,5678856.91
2026-07-08 12:00:00+00:00,0.0738,0.0741,0.0734,0.0735,6205154.56
2026-07-08 13:00:00+00:00,0.0735,0.0742,0.0732,0.0738,8573163.59
2026-07-08 14:00:00+00:00,0.0739,0.0743,0.0733,0.0739,8919079.83
2026-07-08 15:00:00+00:00,0.0739,0.074,0.0729,0.0731,5322676.27
2026-07-08 16:00:00+00:00,0.0732,0.0741,0.0732,0.0741,5016130.29
2026-07-08 17:00:00+00:00,0.0741,0.0748,0.0738,0.074,8255082.84
2026-07-08 18:00:00+00:00,0.074,0.0743,0.0736,0.074,3878792.61
2026-07-08 19:00:00+00:00,0.0741,0.0743,0.0739,0.0741,2633618.86
2026-07-08 20:00:00+00:00,0.0741,0.0743,0.0736,0.0737,3738913.8
2026-07-08 21:00:00+00:00,0.0736,0.0745,0.0732,0.0744,4279812.7
2026-07-08 22:00:00+00:00,0.0744,0.075,0.0744,0.0747,4244286.46
2026-07-08 23:00:00+00:00,0.0747,0.0748,0.0743,0.0747,2616377.07
2026-07-09 00:00:00+00:00,0.0748,0.075,0.0742,0.0744,4089121.23
2026-07-09 01:00:00+00:00,0.0744,0.0753,0.0741,0.0742,5508878.33
2026-07-09 02:00:00+00:00,0.0742,0.0749,0.0739,0.074,2943016.24
2026-07-09 03:00:00+00:00,0.074,0.0749,0.0737,0.0749,2903582.69
2026-07-09 04:00:00+00:00,0.0749,0.0756,0.0743,0.0756,5807392.82
2026-07-09 05:00:00+00:00,0.0755,0.076,0.0753,0.0759,4073089.16
2026-07-09 06:00:00+00:00,0.076,0.0774,0.0759,0.0769,10800769.85
2026-07-09 07:00:00+00:00,0.0768,0.0771,0.076,0.0764,7762827.03
2026-07-09 08:00:00+00:00,0.0764,0.077,0.0762,0.0768,6210062.15
2026-07-09 09:00:00+00:00,0.0767,0.0769,0.0763,0.0766,3851647.24
2026-07-09 10:00:00+00:00,0.0766,0.0772,0.0761,0.0766,7510143.57
2026-07-09 11:00:00+00:00,0.0766,0.0767,0.0762,0.0764,4516582.24
2026-07-09 12:00:00+00:00,0.0763,0.0766,0.0757,0.0759,8581345.91
2026-07-09 13:00:00+00:00,0.0759,0.0764,0.0755,0.0764,6495719.53
2026-07-09 14:00:00+00:00,0.0764,0.0767,0.0757,0.0762,6837803.92
2026-07-09 15:00:00+00:00,0.0763,0.077,0.076,0.0764,5754421.67
2026-07-09 16:00:00+00:00,0.0764,0.0767,0.0759,0.0762,6239958.6
2026-07-09 17:00:00+00:00,0.0762,0.0771,0.0759,0.077,5084346.91
2026-07-09 18:00:00+00:00,0.0771,0.0779,0.0769,0.0773,7521740.39
2026-07-09 19:00:00+00:00,0.0772,0.0772,0.0766,0.0768,4598318.93
2026-07-09 20:00:00+00:00,0.0769,0.0774,0.0767,0.0773,2902564.48
2026-07-09 21:00:00+00:00,0.0772,0.0775,0.0765,0.0767,1931931.61
2026-07-09 22:00:00+00:00,0.0767,0.0771,0.0766,0.0767,2086468.52
2026-07-09 23:00:00+00:00,0.0767,0.077,0.0764,0.0764,1750668.77
2026-07-10 00:00:00+00:00,0.0765,0.0766,0.0761,0.0766,2959582.9
2026-07-10 01:00:00+00:00,0.0766,0.0786,0.0765,0.0781,7719440.31
2026-07-10 02:00:00+00:00,0.0782,0.0791,0.078,0.0789,8702873.44
2026-07-10 03:00:00+00:00,0.0789,0.0794,0.0786,0.0793,4984809.64
2026-07-10 04:00:00+00:00,0.0793,0.0795,0.0787,0.0789,3994637.15
2026-07-10 05:00:00+00:00,0.0789,0.0796,0.0788,0.0793,6818500.62
2026-07-10 06:00:00+00:00,0.0793,0.0794,0.0788,0.0791,5999653.37
2026-07-10 07:00:00+00:00,0.0791,0.0795,0.0785,0.0787,6012158.57
2026-07-10 08:00:00+00:00,0.0787,0.0792,0.0786,0.0787,6422253.06
2026-07-10 09:00:00+00:00,0.0787,0.079,0.0783,0.0787,4174849.58
2026-07-10 10:00:00+00:00,0.0787,0.0795,0.0785,0.0792,6267886.6
2026-07-10 11:00:00+00:00,0.0793,0.0793,0.0789,0.0792,2884917.89
2026-07-10 12:00:00+00:00,0.0792,0.0795,0.0787,0.079,6877098.71
2026-07-10 13:00:00+00:00,0.079,0.0794,0.0787,0.0789,5429474.68
2026-07-10 14:00:00+00:00,0.0789,0.0791,0.0771,0.0782,10149260.57
2026-07-10 15:00:00+00:00,0.0783,0.0793,0.0781,0.0793,6000372.58
2026-07-10 16:00:00+00:00,0.0793,0.0803,0.0788,0.0802,10302485.29
2026-07-10 17:00:00+00:00,0.0802,0.0802,0.0792,0.0795,4994416.26
2026-07-10 18:00:00+00:00,0.0794,0.0808,0.0791,0.0798,7010618.47
2026-07-10 19:00:00+00:00,0.0797,0.0811,0.0795,0.0804,8872822.69
2026-07-10 20:00:00+00:00,0.0804,0.0805,0.0796,0.0801,4996366.38
2026-07-10 21:00:00+00:00,0.0801,0.0816,0.0801,0.0812,5657402.88
2026-07-10 22:00:00+00:00,0.0811,0.0822,0.0811,0.0817,5946918.8
2026-07-10 23:00:00+00:00,0.0816,0.0818,0.0808,0.0811,4556489.76
2026-07-11 00:00:00+00:00,0.081,0.0816,0.0807,0.0815,5236434.51
2026-07-11 01:00:00+00:00,0.0816,0.0825,0.0813,0.0816,5567928.63
2026-07-11 02:00:00+00:00,0.0816,0.0829,0.0816,0.0827,8023605.63
2026-07-11 03:00:00+00:00,0.0827,0.0829,0.082,0.0822,4899007.9
2026-07-11 04:00:00+00:00,0.0822,0.0828,0.0816,0.0818,5642892.49
2026-07-11 05:00:00+00:00,0.0818,0.0821,0.0813,0.0813,6515096.54
2026-07-11 06:00:00+00:00,0.0813,0.0821,0.0812,0.0814,5039473.69
2026-07-11 07:00:00+00:00,0.0813,0.0818,0.0812,0.0814,3588698.41
2026-07-11 08:00:00+00:00,0.0815,0.0823,0.0814,0.0821,4402662.04
2026-07-11 09:00:00+00:00,0.082,0.0823,0.0815,0.0819,4439420.37
2026-07-11 10:00:00+00:00,0.0819,0.082,0.0816,0.082,4990261.02
2026-07-11 11:00:00+00:00,0.082,0.0835,0.0819,0.0823,7758943.36
2026-07-11 12:00:00+00:00,0.0822,0.0825,0.0819,0.0823,4581372.92
2026-07-11 13:00:00+00:00,0.0822,0.0832,0.082,0.083,4721459.49
2026-07-11 14:00:00+00:00,0.0831,0.084,0.0827,0.0838,15954786.43
2026-07-11 15:00:00+00:00,0.0837,0.0841,0.0821,0.0826,15847441.14
2026-07-11 16:00:00+00:00,0.0826,0.0826,0.0815,0.0822,6343232.51
2026-07-11 17:00:00+00:00,0.0823,0.083,0.082,0.0824,5286395.08
2026-07-11 18:00:00+00:00,0.0824,0.0842,0.0823,0.0842,9996647.32
2026-07-11 19:00:00+00:00,0.0842,0.0842,0.0832,0.084,6626780.03
2026-07-11 20:00:00+00:00,0.084,0.0841,0.0829,0.0829,4842878.69
2026-07-11 21:00:00+00:00,0.0829,0.0832,0.0823,0.0823,3971370.46
2026-07-11 22:00:00+00:00,0.0823,0.0823,0.0813,0.0816,4510267.96
2026-07-11 23:00:00+00:00,0.0817,0.0817,0.0799,0.0801,8317926.0
2026-07-12 00:00:00+00:00,0.08,0.0803,0.0791,0.0799,6318100.72
2026-07-12 01:00:00+00:00,0.0798,0.0806,0.0796,0.0805,2912467.9
2026-07-12 02:00:00+00:00,0.0805,0.0806,0.0802,0.0804,2021325.88
2026-07-12 03:00:00+00:00,0.0805,0.0811,0.0804,0.0809,1886666.79
2026-07-12 04:00:00+00:00,0.081,0.0813,0.0806,0.0808,2581927.8
2026-07-12 05:00:00+00:00,0.0809,0.0812,0.0806,0.0806,2590776.44
2026-07-12 06:00:00+00:00,0.0806,0.0807,0.0798,0.0804,4335803.47
2026-07-12 07:00:00+00:00,0.0804,0.0806,0.0803,0.0806,2866966.03
2026-07-12 08:00:00+00:00,0.0806,0.0826,0.0806,0.0817,7187495.83
2026-07-12 09:00:00+00:00,0.0817,0.0825,0.081,0.0821,5496380.03
2026-07-12 10:00:00+00:00,0.0822,0.0822,0.0816,0.0818,2681851.12
2026-07-12 11:00:00+00:00,0.0817,0.0819,0.0807,0.0816,2892240.98
2026-07-12 12:00:00+00:00,0.0815,0.082,0.081,0.0812,3025602.92
2026-07-12 13:00:00+00:00,0.0812,0.0817,0.0811,0.0812,1621790.99
2026-07-12 14:00:00+00:00,0.0812,0.0819,0.081,0.0816,2332650.51
2026-07-12 15:00:00+00:00,0.0816,0.0823,0.0812,0.0812,3287542.53
2026-07-12 16:00:00+00:00,0.0813,0.0819,0.0812,0.0816,2795150.46
2026-07-12 17:00:00+00:00,0.0816,0.0816,0.0807,0.081,2602083.18
2026-07-12 18:00:00+00:00,0.0809,0.081,0.0806,0.0809,2741640.99
2026-07-12 19:00:00+00:00,0.0809,0.0816,0.0808,0.0814,2386551.33
2026-07-12 20:00:00+00:00,0.0814,0.0815,0.0808,0.081,2362852.81
2026-07-12 21:00:00+00:00,0.081,0.0814,0.0803,0.0808,2081952.14
2026-07-12 22:00:00+00:00,0.0807,0.0808,0.0796,0.0801,3254375.91
2026-07-12 23:00:00+00:00,0.0801,0.0801,0.0797,0.0799,1569326.84
2026-07-13 00:00:00+00:00,0.08,0.0819,0.0797,0.0804,8846855.39
2026-07-13 01:00:00+00:00,0.0803,0.0807,0.0792,0.0795,3861416.04
2026-07-13 02:00:00+00:00,0.0794,0.0798,0.0789,0.0794,3996073.63
2026-07-13 03:00:00+00:00,0.0794,0.0794,0.0777,0.0783,9331685.95
2026-07-13 04:00:00+00:00,0.0782,0.0787,0.0779,0.0784,3290541.61
2026-07-13 05:00:00+00:00,0.0783,0.0793,0.078,0.0792,3812207.33
2026-07-13 06:00:00+00:00,0.0793,0.0796,0.079,0.0791,2956241.33
2026-07-13 07:00:00+00:00,0.0792,0.0793,0.0788,0.079,3958688.25
2026-07-13 08:00:00+00:00,0.079,0.0792,0.0787,0.079,1880504.7
2026-07-13 09:00:00+00:00,0.0791,0.0792,0.0789,0.0791,1351712.21
2026-07-13 10:00:00+00:00,0.079,0.0793,0.0789,0.0793,1965866.02
2026-07-13 11:00:00+00:00,0.0793,0.0797,0.0792,0.0793,2675943.91
2026-07-13 12:00:00+00:00,0.0793,0.0797,0.0788,0.0791,5045263.9
2026-07-13 13:00:00+00:00,0.0791,0.0793,0.0784,0.0789,5900037.31
2026-07-13 14:00:00+00:00,0.079,0.0797,0.0785,0.0797,7663629.06
2026-07-13 15:00:00+00:00,0.0797,0.0799,0.0789,0.0789,3520965.83
2026-07-13 16:00:00+00:00,0.0789,0.0793,0.0784,0.0789,2729457.95
2026-07-13 17:00:00+00:00,0.0788,0.079,0.0778,0.0779,5170501.82
2026-07-13 18:00:00+00:00,0.078,0.0786,0.0778,0.0782,2644147.57
2026-07-13 19:00:00+00:00,0.0783,0.079,0.0781,0.0787,1981194.75
2026-07-13 20:00:00+00:00,0.0787,0.0789,0.078,0.0783,2654180.7
2026-07-13 21:00:00+00:00,0.0782,0.0783,0.077,0.0776,3460477.67
2026-07-13 22:00:00+00:00,0.0776,0.0781,0.0775,0.078,1743565.98
2026-07-13 23:00:00+00:00,0.078,0.0786,0.0778,0.0786,1955661.23
2026-07-14 00:00:00+00:00,0.0786,0.0797,0.0782,0.0795,4411425.12
2026-07-14 01:00:00+00:00,0.0795,0.0811,0.0795,0.0807,3699425.03
2026-07-14 02:00:00+00:00,0.0807,0.0808,0.0794,0.0801,3787923.88
2026-07-14 03:00:00+00:00,0.0802,0.0803,0.0792,0.0799,2886527.49
2026-07-14 04:00:00+00:00,0.0798,0.0807,0.0797,0.0807,2191197.8
2026-07-14 05:00:00+00:00,0.0807,0.0821,0.0806,0.0817,6799212.66
2026-07-14 06:00:00+00:00,0.0817,0.0825,0.0813,0.0825,4905139.96
2026-07-14 07:00:00+00:00,0.0825,0.0839,0.0822,0.0828,10598809.74
2026-07-14 08:00:00+00:00,0.0829,0.0844,0.0827,0.0829,14421598.63
2026-07-14 09:00:00+00:00,0.083,0.0831,0.0823,0.0827,6459108.43
2026-07-14 10:00:00+00:00,0.0827,0.0847,0.0826,0.0838,11563765.05
2026-07-14 11:00:00+00:00,0.0838,0.084,0.0828,0.0829,5315358.22
2026-07-14 12:00:00+00:00,0.083,0.0851,0.0828,0.0848,21525878.47
2026-07-14 13:00:00+00:00,0.0848,0.0853,0.0837,0.0839,15674231.62
2026-07-14 14:00:00+00:00,0.0839,0.0845,0.0835,0.0844,7120187.23
2026-07-14 15:00:00+00:00,0.0843,0.0846,0.0836,0.0836,7832187.59
2026-07-14 16:00:00+00:00,0.0837,0.0842,0.0835,0.0838,7633091.67
2026-07-14 17:00:00+00:00,0.0838,0.0843,0.0832,0.0841,5514671.48
2026-07-14 18:00:00+00:00,0.0841,0.0844,0.0838,0.0842,3760626.89
2026-07-14 19:00:00+00:00,0.0841,0.0846,0.0838,0.0842,2536336.88
2026-07-14 20:00:00+00:00,0.0843,0.0845,0.0838,0.0845,2408275.0
2026-07-14 21:00:00+00:00,0.0845,0.0845,0.0839,0.0844,2444551.62
2026-07-14 22:00:00+00:00,0.0844,0.085,0.0841,0.0842,5643554.87
2026-07-14 23:00:00+00:00,0.0843,0.0845,0.0839,0.084,1488165.75
2026-07-15 00:00:00+00:00,0.084,0.0841,0.0836,0.0838,2800658.25
2026-07-15 01:00:00+00:00,0.0838,0.084,0.0833,0.0835,1766765.82
2026-07-15 02:00:00+00:00,0.0834,0.0838,0.0832,0.0832,2241850.22
2026-07-15 03:00:00+00:00,0.0833,0.0839,0.0832,0.0837,1668037.75
2026-07-15 04:00:00+00:00,0.0838,0.0839,0.0831,0.0836,3076629.47
2026-07-15 05:00:00+00:00,0.0836,0.0837,0.0828,0.0834,5687317.42
2026-07-15 06:00:00+00:00,0.0834,0.084,0.0832,0.0832,4888243.33
2026-07-15 07:00:00+00:00,0.0832,0.0832,0.0825,0.0828,5904848.82
2026-07-15 08:00:00+00:00,0.0828,0.0831,0.0825,0.0831,3641019.62
2026-07-15 09:00:00+00:00,0.083,0.0837,0.083,0.0833,2299595.04
2026-07-15 10:00:00+00:00,0.0832,0.0838,0.0831,0.0837,4572031.85
2026-07-15 11:00:00+00:00,0.0837,0.0838,0.083,0.0835,5117993.4
2026-07-15 12:00:00+00:00,0.0835,0.085,0.0831,0.0847,8501641.98
2026-07-15 13:00:00+00:00,0.0847,0.0857,0.0845,0.0849,12667128.72
2026-07-15 14:00:00+00:00,0.085,0.0851,0.084,0.0843,7643711.13
2026-07-15 15:00:00+00:00,0.0843,0.085,0.0838,0.0849,5531355.73
2026-07-15 16:00:00+00:00,0.085,0.085,0.0835,0.0843,7855869.37
2026-07-15 17:00:00+00:00,0.0843,0.0847,0.084,0.0846,4836895.91
2026-07-15 18:00:00+00:00,0.0846,0.0848,0.0831,0.0833,7695362.76
2026-07-15 19:00:00+00:00,0.0833,0.0833,0.0825,0.0827,6783259.03
2026-07-15 20:00:00+00:00,0.0827,0.0837,0.0826,0.0835,3740947.33
2026-07-15 21:00:00+00:00,0.0836,0.0842,0.0835,0.0836,2569906.51
2026-07-15 22:00:00+00:00,0.0837,0.0844,0.0835,0.0841,3273229.14
2026-07-15 23:00:00+00:00,0.0842,0.0842,0.0834,0.0835,1933180.9
2026-07-16 00:00:00+00:00,0.0835,0.0838,0.0829,0.0831,2653892.88
2026-07-16 01:00:00+00:00,0.0831,0.0838,0.0827,0.0837,3368795.22
2026-07-16 02:00:00+00:00,0.0837,0.0845,0.0835,0.0844,4579362.55
2026-07-16 03:00:00+00:00,0.0844,0.0847,0.0837,0.084,3557916.71
2026-07-16 04:00:00+00:00,0.0841,0.0844,0.0835,0.084,2523814.75
2026-07-16 05:00:00+00:00,0.084,0.0849,0.084,0.0842,4273257.69
2026-07-16 06:00:00+00:00,0.0842,0.0848,0.0842,0.0848,3659965.19
2026-07-16 07:00:00+00:00,0.0847,0.0849,0.0822,0.083,19987553.54
2026-07-16 08:00:00+00:00,0.0829,0.083,0.082,0.0824,15342246.5
2026-07-16 09:00:00+00:00,0.0824,0.0826,0.0816,0.0818,5477389.1
2026-07-16 10:00:00+00:00,0.0818,0.0824,0.0816,0.0822,3447021.74
2026-07-16 11:00:00+00:00,0.0822,0.0824,0.0817,0.0821,3588037.77
2026-07-16 12:00:00+00:00,0.0821,0.0824,0.0816,0.0821,5828800.81
2026-07-16 13:00:00+00:00,0.0821,0.0846,0.0821,0.0845,11497886.19
2026-07-16 14:00:00+00:00,0.0845,0.0863,0.0845,0.0852,20960294.32
2026-07-16 15:00:00+00:00,0.0852,0.0861,0.0843,0.0856,15501304.3
2026-07-16 16:00:00+00:00,0.0856,0.0861,0.085,0.0858,8212030.55
2026-07-16 17:00:00+00:00,0.0858,0.0858,0.0839,0.0843,10025725.89
2026-07-16 18:00:00+00:00,0.0843,0.0852,0.0843,0.0845,4235298.66
2026-07-16 19:00:00+00:00,0.0845,0.0851,0.0836,0.0841,6276813.15
2026-07-16 20:00:00+00:00,0.0842,0.0843,0.0834,0.0838,6236612.08
2026-07-16 21:00:00+00:00,0.0838,0.0849,0.0838,0.0839,2713183.93
2026-07-16 22:00:00+00:00,0.0839,0.0844,0.0826,0.0828,8392260.48
2026-07-16 23:00:00+00:00,0.0829,0.083,0.082,0.0823,6149917.65
2026-07-17 00:00:00+00:00,0.0823,0.0828,0.0818,0.0826,9447175.62
2026-07-17 01:00:00+00:00,0.0826,0.0828,0.0809,0.0811,9965142.52
2026-07-17 02:00:00+00:00,0.081,0.081,0.0799,0.0805,10103244.27
2026-07-17 03:00:00+00:00,0.0805,0.0817,0.0803,0.0808,5262640.87
2026-07-17 04:00:00+00:00,0.0808,0.0815,0.0804,0.0813,5057551.73
2026-07-17 05:00:00+00:00,0.0812,0.0812,0.0799,0.0801,9451190.86
2026-07-17 06:00:00+00:00,0.0802,0.0808,0.0801,0.0806,4406734.95
2026-07-17 07:00:00+00:00,0.0805,0.0807,0.0801,0.0801,3318832.45
2026-07-17 08:00:00+00:00,0.0801,0.0808,0.0795,0.0805,6989642.12
2026-07-17 09:00:00+00:00,0.0805,0.0812,0.0804,0.0808,3246591.18
2026-07-17 10:00:00+00:00,0.0808,0.0815,0.0807,0.0813,3794021.49
2026-07-17 11:00:00+00:00,0.0812,0.0814,0.081,0.0811,3891352.7
2026-07-17 12:00:00+00:00,0.0811,0.0812,0.08,0.0801,5972362.46
2026-07-17 13:00:00+00:00,0.0801,0.0803,0.0787,0.0803,15862960.42
2026-07-17 14:00:00+00:00,0.0803,0.0813,0.0801,0.0802,8046958.34
2026-07-17 15:00:00+00:00,0.0801,0.081,0.0795,0.0809,7774327.34
2026-07-17 16:00:00+00:00,0.0809,0.0828,0.0806,0.0822,7298214.31
2026-07-17 17:00:00+00:00,0.0821,0.0831,0.0821,0.0824,6457142.02
2026-07-17 18:00:00+00:00,0.0825,0.0831,0.0821,0.0829,3716070.63
2026-07-17 19:00:00+00:00,0.0828,0.083,0.0816,0.082,6072891.92
2026-07-17 20:00:00+00:00,0.082,0.0824,0.0816,0.0823,4190412.85
2026-07-17 21:00:00+00:00,0.0823,0.0828,0.0818,0.0819,2240007.92
2026-07-17 22:00:00+00:00,0.0819,0.082,0.0815,0.0819,846877.99
2026-07-17 23:00:00+00:00,0.0819,0.0823,0.0816,0.082,1749862.98
2026-07-18 00:00:00+00:00,0.082,0.0826,0.0816,0.0824,4522590.95
2026-07-18 01:00:00+00:00,0.0824,0.0826,0.0821,0.0822,3321214.12
2026-07-18 02:00:00+00:00,0.0823,0.0831,0.0822,0.0827,4654199.11
2026-07-18 03:00:00+00:00,0.0828,0.0829,0.0822,0.0823,1507091.07
2026-07-18 04:00:00+00:00,0.0824,0.0825,0.0818,0.0821,1617465.68
2026-07-18 05:00:00+00:00,0.0821,0.0824,0.0812,0.0814,2427328.07
2026-07-18 06:00:00+00:00,0.0814,0.0815,0.0812,0.0813,1713027.25
2026-07-18 07:00:00+00:00,0.0814,0.0814,0.081,0.0812,1379247.27
2026-07-18 08:00:00+00:00,0.0812,0.0813,0.0807,0.0808,2337218.3
2026-07-18 09:00:00+00:00,0.0808,0.0808,0.0799,0.0802,6601666.74
2026-07-18 10:00:00+00:00,0.0802,0.0808,0.0799,0.0804,2014737.3
2026-07-18 11:00:00+00:00,0.0803,0.0805,0.0802,0.0803,1277434.73
2026-07-18 12:00:00+00:00,0.0803,0.081,0.08,0.0806,5432748.0
2026-07-18 13:00:00+00:00,0.0807,0.0807,0.0801,0.0802,2465334.9
2026-07-18 14:00:00+00:00,0.0802,0.0809,0.0799,0.0806,2214234.02
2026-07-18 15:00:00+00:00,0.0806,0.0807,0.0801,0.0802,1242453.5
2026-07-18 16:00:00+00:00,0.0801,0.0805,0.0795,0.0803,4777261.51
2026-07-18 17:00:00+00:00,0.0803,0.0809,0.08,0.0806,2297290.21
2026-07-18 18:00:00+00:00,0.0806,0.0812,0.0803,0.0805,2646161.22
2026-07-18 19:00:00+00:00,0.0805,0.0807,0.0803,0.0804,1086874.21
2026-07-18 20:00:00+00:00,0.0804,0.0808,0.0803,0.0806,2088974.44
2026-07-18 21:00:00+00:00,0.0806,0.081,0.0804,0.0808,2000204.14
2026-07-18 22:00:00+00:00,0.0807,0.0813,0.0807,0.081,2157944.21
2026-07-18 23:00:00+00:00,0.0811,0.0812,0.0806,0.0806,1295970.96
2026-07-19 00:00:00+00:00,0.0807,0.0809,0.0806,0.0807,2235465.4
2026-07-19 01:00:00+00:00,0.0807,0.0808,0.0804,0.0806,1846913.55
2026-07-19 02:00:00+00:00,0.0806,0.0813,0.0805,0.0808,3952305.49
2026-07-19 03:00:00+00:00,0.0809,0.081,0.0803,0.0804,2085538.52
2026-07-19 04:00:00+00:00,0.0804,0.0806,0.0803,0.0804,1211252.23
2026-07-19 05:00:00+00:00,0.0804,0.0807,0.0803,0.0804,1017701.21
2026-07-19 06:00:00+00:00,0.0803,0.0809,0.0803,0.0806,1190460.91
2026-07-19 07:00:00+00:00,0.0807,0.0807,0.0803,0.0805,1280643.09
2026-07-19 08:00:00+00:00,0.0806,0.0812,0.0806,0.081,3725387.3
2026-07-19 09:00:00+00:00,0.081,0.0811,0.0805,0.081,2034335.89
2026-07-19 10:00:00+00:00,0.081,0.0811,0.0805,0.0808,1435917.82
2026-07-19 11:00:00+00:00,0.0807,0.0808,0.0801,0.0802,2618130.63
2026-07-19 12:00:00+00:00,0.0802,0.0804,0.0799,0.0803,1972008.52
2026-07-19 13:00:00+00:00,0.0803,0.0804,0.0799,0.0803,1746378.38
2026-07-19 14:00:00+00:00,0.0803,0.0809,0.0802,0.0807,1823398.83
2026-07-19 15:00:00+00:00,0.0808,0.0808,0.0802,0.0805,1289850.32
2026-07-19 16:00:00+00:00,0.0805,0.0806,0.0798,0.0798,2900273.26
2026-07-19 17:00:00+00:00,0.0798,0.0803,0.0791,0.0801,4127097.15
2026-07-19 18:00:00+00:00,0.0801,0.0802,0.0794,0.0802,2596757.19
2026-07-19 19:00:00+00:00,0.0803,0.0804,0.0801,0.0802,898218.68
2026-07-19 20:00:00+00:00,0.0803,0.0804,0.0801,0.0804,695903.85
2026-07-19 21:00:00+00:00,0.0803,0.0804,0.0794,0.0795,1838769.99
2026-07-19 22:00:00+00:00,0.0795,0.0805,0.0795,0.0801,2860200.23
2026-07-19 23:00:00+00:00,0.08,0.08,0.0796,0.0799,2373940.22
2026-07-20 00:00:00+00:00,0.0798,0.081,0.0794,0.0797,4573020.22
2026-07-20 01:00:00+00:00,0.0798,0.0808,0.0792,0.0795,3557529.08
2026-07-20 02:00:00+00:00,0.0794,0.0808,0.0794,0.0805,4372981.34
2026-07-20 03:00:00+00:00,0.0805,0.0811,0.0803,0.0805,2840245.36
2026-07-20 04:00:00+00:00,0.0805,0.0805,0.0796,0.0799,1623866.2
2026-07-20 05:00:00+00:00,0.08,0.08,0.079,0.0792,4523982.16
2026-07-20 06:00:00+00:00,0.0793,0.0795,0.0784,0.0789,6346832.61
2026-07-20 07:00:00+00:00,0.0789,0.0798,0.0787,0.0797,2997126.02
2026-07-20 08:00:00+00:00,0.0797,0.0799,0.0787,0.0793,6571036.0
2026-07-20 09:00:00+00:00,0.0792,0.0799,0.079,0.0797,2500776.52
2026-07-20 10:00:00+00:00,0.0797,0.08,0.0795,0.0797,1950547.93
2026-07-20 11:00:00+00:00,0.0797,0.0812,0.0793,0.081,7637711.44
2026-07-20 12:00:00+00:00,0.081,0.0819,0.0808,0.0812,12523463.9
2026-07-20 13:00:00+00:00,0.0812,0.0826,0.0808,0.081,14230495.52
2026-07-20 14:00:00+00:00,0.081,0.0818,0.0807,0.0812,6806404.61
2026-07-20 15:00:00+00:00,0.0811,0.0837,0.0811,0.0832,12973998.58
2026-07-20 16:00:00+00:00,0.0832,0.0838,0.0827,0.0835,9923302.18
2026-07-20 17:00:00+00:00,0.0834,0.0837,0.0827,0.0831,4098270.36
2026-07-20 18:00:00+00:00,0.0831,0.0834,0.0824,0.0826,6031403.84
2026-07-20 19:00:00+00:00,0.0826,0.0826,0.082,0.0825,4844194.83
2026-07-20 20:00:00+00:00,0.0825,0.0833,0.0824,0.0831,1873037.29
2026-07-20 21:00:00+00:00,0.083,0.0834,0.0824,0.0825,1361651.29
2026-07-20 22:00:00+00:00,0.0825,0.0825,0.0819,0.0822,2050786.16
2026-07-20 23:00:00+00:00,0.0821,0.0834,0.0821,0.0829,1682846.53
2026-07-21 00:00:00+00:00,0.0829,0.0834,0.0827,0.0832,1816024.41
2026-07-21 01:00:00+00:00,0.0832,0.084,0.0828,0.0831,3728126.31
2026-07-21 02:00:00+00:00,0.0831,0.0837,0.0828,0.0836,2014436.39
2026-07-21 03:00:00+00:00,0.0836,0.0844,0.0836,0.0843,2613969.83
2026-07-21 04:00:00+00:00,0.0843,0.0851,0.0841,0.0849,6965221.88
2026-07-21 05:00:00+00:00,0.0849,0.0857,0.0843,0.0857,4351786.89
2026-07-21 06:00:00+00:00,0.0856,0.0859,0.085,0.0857,4497479.72
2026-07-21 07:00:00+00:00,0.0858,0.086,0.0849,0.0857,6007260.45
2026-07-21 08:00:00+00:00,0.0858,0.0859,0.0852,0.0853,4402612.32
2026-07-21 09:00:00+00:00,0.0852,0.0862,0.0848,0.0857,7427367.64
2026-07-21 10:00:00+00:00,0.0858,0.0875,0.0858,0.0869,18647209.55
2026-07-21 11:00:00+00:00,0.0869,0.0874,0.0866,0.0872,8400291.34
2026-07-21 12:00:00+00:00,0.0872,0.0876,0.0865,0.0868,8761919.0
2026-07-21 13:00:00+00:00,0.0868,0.0875,0.0862,0.0875,12617414.56
2026-07-21 14:00:00+00:00,0.0875,0.0875,0.0855,0.0861,11493674.4
2026-07-21 15:00:00+00:00,0.0861,0.0863,0.0856,0.086,4086422.98
2026-07-21 16:00:00+00:00,0.086,0.0864,0.0858,0.0863,1918506.89
2026-07-21 17:00:00+00:00,0.0863,0.0863,0.0852,0.086,3454088.93
2026-07-21 18:00:00+00:00,0.086,0.0865,0.0856,0.0861,2516595.9
2026-07-21 19:00:00+00:00,0.086,0.0865,0.0857,0.0862,3222715.03
2026-07-21 20:00:00+00:00,0.0863,0.0867,0.0861,0.0865,2532440.14
2026-07-21 21:00:00+00:00,0.0865,0.0872,0.0864,0.0866,4131236.88
2026-07-21 22:00:00+00:00,0.0866,0.0869,0.0863,0.0869,3112261.06
2026-07-21 23:00:00+00:00,0.0868,0.0869,0.0862,0.0868,2087345.65
2026-07-22 00:00:00+00:00,0.0867,0.0877,0.0866,0.087,6025167.5
2026-07-22 01:00:00+00:00,0.087,0.0875,0.0869,0.0875,2216326.29
2026-07-22 02:00:00+00:00,0.0874,0.0878,0.0871,0.0875,4596781.65
2026-07-22 03:00:00+00:00,0.0875,0.0877,0.0864,0.0865,4758931.44
2026-07-22 04:00:00+00:00,0.0865,0.0876,0.0865,0.0874,2810292.07
2026-07-22 05:00:00+00:00,0.0874,0.0874,0.0862,0.0869,3991842.58
2026-07-22 06:00:00+00:00,0.0869,0.087,0.0862,0.0866,4814610.24
2026-07-22 07:00:00+00:00,0.0866,0.0867,0.086,0.0867,6881422.39
2026-07-22 08:00:00+00:00,0.0866,0.0883,0.0865,0.0882,12145254.58
2026-07-22 09:00:00+00:00,0.0881,0.0884,0.0873,0.0876,4097062.1
2026-07-22 10:00:00+00:00,0.0875,0.0888,0.0873,0.0884,6048227.9
2026-07-22 11:00:00+00:00,0.0883,0.089,0.0883,0.0888,10429475.06
2026-07-22 12:00:00+00:00,0.0888,0.089,0.0879,0.0886,24497423.09
2026-07-22 13:00:00+00:00,0.0887,0.0895,0.0877,0.0893,26723331.51
2026-07-22 14:00:00+00:00,0.0893,0.0903,0.0878,0.0883,13892028.61
2026-07-22 15:00:00+00:00,0.0883,0.0899,0.0883,0.0893,5291576.91
2026-07-22 16:00:00+00:00,0.0893,0.0913,0.0892,0.0911,11758164.17
2026-07-22 17:00:00+00:00,0.0911,0.0917,0.0902,0.0911,8584879.15
2026-07-22 18:00:00+00:00,0.0911,0.0922,0.0906,0.0916,7374900.78
2026-07-22 19:00:00+00:00,0.0916,0.093,0.0913,0.0925,9639257.88
2026-07-22 20:00:00+00:00,0.0924,0.0929,0.0917,0.0924,8154469.15
2026-07-22 21:00:00+00:00,0.0924,0.0927,0.0913,0.0915,4058483.96
2026-07-22 22:00:00+00:00,0.0915,0.0915,0.0905,0.0908,5183939.1
2026-07-22 23:00:00+00:00,0.0908,0.0909,0.0898,0.0902,4378087.33
2026-07-23 00:00:00+00:00,0.0902,0.091,0.0898,0.0903,4475383.34
2026-07-23 01:00:00+00:00,0.0903,0.091,0.0898,0.0902,4622764.28
2026-07-23 02:00:00+00:00,0.0902,0.0908,0.09,0.0907,2285408.4
2026-07-23 03:00:00+00:00,0.0908,0.0919,0.0903,0.091,4729511.93
2026-07-23 04:00:00+00:00,0.0911,0.092,0.0908,0.0915,4847405.82
2026-07-23 05:00:00+00:00,0.0916,0.0924,0.0909,0.0913,5279060.85
2026-07-23 06:00:00+00:00,0.0913,0.0919,0.0907,0.0913,5587287.27
2026-07-23 07:00:00+00:00,0.0913,0.0922,0.0906,0.092,16459919.49
2026-07-23 08:00:00+00:00,0.092,0.0929,0.0917,0.0919,5400555.96
2026-07-23 09:00:00+00:00,0.0919,0.0922,0.0913,0.0914,4922587.47
2026-07-23 10:00:00+00:00,0.0914,0.0921,0.0913,0.0915,7240262.03
2026-07-23 11:00:00+00:00,0.0915,0.0922,0.0911,0.0916,5512278.03
2026-07-23 12:00:00+00:00,0.0916,0.092,0.0905,0.0905,9727700.96
2026-07-23 13:00:00+00:00,0.0905,0.0905,0.0886,0.089,62032289.91
2026-07-23 14:00:00+00:00,0.089,0.0895,0.0886,0.0889,5561245.22
2026-07-23 15:00:00+00:00,0.0889,0.0901,0.0887,0.0895,6998628.31
2026-07-23 16:00:00+00:00,0.0895,0.0896,0.0888,0.0894,4673854.51
2026-07-23 17:00:00+00:00,0.0894,0.0896,0.0878,0.0881,5242884.57
2026-07-23 18:00:00+00:00,0.0881,0.0886,0.088,0.0884,4002501.6
2026-07-23 19:00:00+00:00,0.0885,0.0888,0.0881,0.0886,2766690.01
2026-07-23 20:00:00+00:00,0.0887,0.0895,0.0886,0.0894,3147002.23
2026-07-23 21:00:00+00:00,0.0894,0.0897,0.0889,0.089,2231793.11
2026-07-23 22:00:00+00:00,0.089,0.0896,0.0888,0.0892,2502078.2
2026-07-23 23:00:00+00:00,0.0892,0.0893,0.0887,0.0888,1953432.0
2026-07-24 00:00:00+00:00,0.0889,0.0889,0.0883,0.0888,4743914.9
2026-07-24 01:00:00+00:00,0.0888,0.0893,0.0887,0.089,1441295.62
2026-07-24 02:00:00+00:00,0.0891,0.0896,0.0885,0.0886,3489398.66
2026-07-24 03:00:00+00:00,0.0886,0.0913,0.0885,0.0904,9909770.36
2026-07-24 04:00:00+00:00,0.0904,0.0906,0.0896,0.0899,3748258.53
2026-07-24 05:00:00+00:00,0.0898,0.09,0.0894,0.0895,2349167.04
2026-07-24 06:00:00+00:00,0.0895,0.0908,0.0894,0.0907,3346684.19
2026-07-24 07:00:00+00:00,0.0907,0.0915,0.0901,0.0906,5276770.84
2026-07-24 08:00:00+00:00,0.0906,0.0909,0.0902,0.0903,2056836.08
2026-07-24 09:00:00+00:00,0.0903,0.0905,0.0897,0.0904,4850345.36
2026-07-24 10:00:00+00:00,0.0904,0.0904,0.0886,0.0889,6288142.93
2026-07-24 11:00:00+00:00,0.0889,0.0891,0.0882,0.0886,3005392.6
2026-07-24 12:00:00+00:00,0.0885,0.0886,0.0876,0.0878,4994309.36
2026-07-24 13:00:00+00:00,0.0878,0.0879,0.0857,0.0861,14398311.43
2026-07-24 14:00:00+00:00,0.0862,0.0865,0.0852,0.0864,7830883.07
2026-07-24 15:00:00+00:00,0.0865,0.087,0.086,0.0867,5951233.35
2026-07-24 16:00:00+00:00,0.0867,0.0877,0.0866,0.0871,4815718.81
2026-07-24 17:00:00+00:00,0.0872,0.0879,0.0868,0.0877,2666075.47
2026-07-24 18:00:00+00:00,0.0878,0.0878,0.0871,0.0873,1833557.11
2026-07-24 19:00:00+00:00,0.0874,0.0875,0.0869,0.0872,1285089.11
2026-07-24 20:00:00+00:00,0.0872,0.0875,0.0871,0.0873,860580.6
2026-07-24 21:00:00+00:00,0.0874,0.0877,0.087,0.087,1385480.23
2026-07-24 22:00:00+00:00,0.087,0.0875,0.0869,0.0873,810592.16
2026-07-24 23:00:00+00:00,0.0873,0.0878,0.0871,0.0873,1727451.74
2026-07-25 00:00:00+00:00,0.0872,0.0874,0.087,0.0874,2252369.6
2026-07-25 01:00:00+00:00,0.0874,0.0878,0.0873,0.0877,2927735.38
2026-07-25 02:00:00+00:00,0.0876,0.0883,0.0872,0.0879,2352632.48
2026-07-25 03:00:00+00:00,0.0879,0.0884,0.0879,0.0879,1468863.02
2026-07-25 04:00:00+00:00,0.088,0.0883,0.0878,0.088,1508367.9
2026-07-25 05:00:00+00:00,0.0879,0.0881,0.0877,0.0878,1157913.18
2026-07-25 06:00:00+00:00,0.0878,0.0878,0.0866,0.0869,2651536.83
2026-07-25 07:00:00+00:00,0.0868,0.0872,0.0868,0.0871,1524310.68
2026-07-25 08:00:00+00:00,0.0871,0.0873,0.0865,0.0865,2493293.33
2026-07-25 09:00:00+00:00,0.0866,0.0867,0.0852,0.0858,9404789.97
2026-07-25 10:00:00+00:00,0.0858,0.0863,0.0858,0.086,1840987.39
2026-07-25 11:00:00+00:00,0.086,0.0864,0.086,0.0862,2207454.2
2026-07-25 12:00:00+00:00,0.0862,0.0865,0.0861,0.0864,1059766.03
2026-07-25 13:00:00+00:00,0.0864,0.0868,0.0861,0.0862,1528324.93
2026-07-25 14:00:00+00:00,0.0863,0.0863,0.0859,0.0863,862274.98
2026-07-25 15:00:00+00:00,0.0862,0.0863,0.0859,0.086,2623352.83
2026-07-25 16:00:00+00:00,0.0861,0.0863,0.0859,0.0862,1406937.16
2026-07-25 17:00:00+00:00,0.0861,0.087,0.086,0.0865,2640585.14
2026-07-25 18:00:00+00:00,0.0865,0.0867,0.0861,0.0862,1966947.46
2026-07-25 19:00:00+00:00,0.0861,0.0862,0.0858,0.0861,1910337.16
2026-07-25 20:00:00+00:00,0.0861,0.0861,0.0858,0.086,547306.27
2026-07-25 21:00:00+00:00,0.086,0.0864,0.0859,0.0861,1555347.42
2026-07-25 22:00:00+00:00,0.086,0.0862,0.0859,0.0862,199940.22
2026-07-25 23:00:00+00:00,0.0862,0.0862,0.086,0.086,554351.56
2026-07-26 00:00:00+00:00,0.086,0.0862,0.0859,0.086,2011270.22
2026-07-26 01:00:00+00:00,0.0861,0.0863,0.0859,0.0861,594037.32
2026-07-26 02:00:00+00:00,0.086,0.0864,0.0853,0.0863,3164089.1
2026-07-26 03:00:00+00:00,0.0863,0.0864,0.0858,0.086,1896604.49
2026-07-26 04:00:00+00:00,0.086,0.0863,0.0858,0.0861,1493484.26
2026-07-26 05:00:00+00:00,0.0861,0.0863,0.0857,0.0859,1634303.92
2026-07-26 06:00:00+00:00,0.0859,0.0861,0.0848,0.0859,4129138.54
2026-07-26 07:00:00+00:00,0.086,0.0861,0.0853,0.0854,5382588.42
2026-07-26 08:00:00+00:00,0.0855,0.0856,0.0849,0.085,2977131.07
2026-07-26 09:00:00+00:00,0.085,0.0852,0.0843,0.0844,4126860.71
2026-07-26 10:00:00+00:00,0.0844,0.0852,0.0844,0.0848,2018415.01
2026-07-26 11:00:00+00:00,0.0849,0.0856,0.0847,0.085,2440324.58
2026-07-26 12:00:00+00:00,0.0851,0.0855,0.085,0.0853,1837021.61
2026-07-26 13:00:00+00:00,0.0853,0.0857,0.085,0.0854,3427725.11
2026-07-26 14:00:00+00:00,0.0854,0.0861,0.0851,0.0853,7492940.79
2026-07-26 15:00:00+00:00,0.0853,0.0857,0.0849,0.0857,2960999.66
2026-07-26 16:00:00+00:00,0.0857,0.0865,0.0854,0.086,4542334.85
2026-07-26 17:00:00+00:00,0.086,0.0864,0.0858,0.0858,3290660.22
2026-07-26 18:00:00+00:00,0.0858,0.0861,0.0857,0.086,1522125.25
2026-07-26 19:00:00+00:00,0.086,0.0861,0.0856,0.0856,1368708.16
2026-07-26 20:00:00+00:00,0.0856,0.0858,0.085,0.0851,2431095.97
2026-07-26 21:00:00+00:00,0.0851,0.0855,0.085,0.0853,1250891.85
2026-07-26 22:00:00+00:00,0.0853,0.0891,0.0853,0.0887,18168008.41
2026-07-26 23:00:00+00:00,0.0887,0.091,0.0887,0.0904,15305593.99
2026-07-27 00:00:00+00:00,0.0904,0.0904,0.0888,0.0893,9430155.8
2026-07-27 01:00:00+00:00,0.0893,0.0906,0.0884,0.0905,7031410.24
2026-07-27 02:00:00+00:00,0.0905,0.0912,0.0897,0.0908,7874964.84
2026-07-27 03:00:00+00:00,0.0909,0.0912,0.0897,0.09,4568699.86
2026-07-27 04:00:00+00:00,0.0899,0.0904,0.0893,0.0893,3362173.92
2026-07-27 05:00:00+00:00,0.0893,0.0896,0.089,0.0894,2731337.8
2026-07-27 06:00:00+00:00,0.0894,0.0906,0.0894,0.0905,4143172.03
2026-07-27 07:00:00+00:00,0.0904,0.0911,0.0899,0.0902,6123817.93
2026-07-27 08:00:00+00:00,0.0903,0.0909,0.0899,0.0902,5123631.49
2026-07-27 09:00:00+00:00,0.0901,0.0902,0.0893,0.0896,3297514.64
2026-07-27 10:00:00+00:00,0.0896,0.0906,0.0896,0.0904,4364751.51
2026-07-27 11:00:00+00:00,0.0904,0.0904,0.0891,0.0894,2813875.34
2026-07-27 12:00:00+00:00,0.0895,0.0906,0.0888,0.0904,6244690.0
2026-07-27 13:00:00+00:00,0.0905,0.0932,0.0901,0.0923,26439686.96
2026-07-27 14:00:00+00:00,0.0924,0.0929,0.0887,0.0892,15664449.95
2026-07-27 15:00:00+00:00,0.0892,0.0894,0.0882,0.0889,7280707.3
2026-07-27 16:00:00+00:00,0.0889,0.0898,0.0884,0.0892,5079932.74
2026-07-27 17:00:00+00:00,0.0891,0.0897,0.0888,0.0892,2743927.84
2026-07-27 18:00:00+00:00,0.0891,0.0892,0.0873,0.0876,10316323.89
2026-07-27 19:00:00+00:00,0.0877,0.0883,0.0873,0.0882,2623152.42
2026-07-27 20:00:00+00:00,0.0883,0.0885,0.0871,0.0876,3667483.34
2026-07-27 21:00:00+00:00,0.0876,0.0877,0.0864,0.0865,3041670.87
2026-07-27 22:00:00+00:00,0.0865,0.0865,0.0833,0.0836,13641110.16
2026-07-27 23:00:00+00:00,0.0836,0.0838,0.0819,0.0822,22603407.41
2026-07-28 00:00:00+00:00,0.0823,0.0831,0.0821,0.0825,6017397.29
2026-07-28 01:00:00+00:00,0.0825,0.083,0.0819,0.0828,4291082.65
2026-07-28 02:00:00+00:00,0.0828,0.0834,0.0827,0.0828,2141320.85
2026-07-28 03:00:00+00:00,0.0828,0.0834,0.0827,0.0833,3678643.79
2026-07-28 04:00:00+00:00,0.0833,0.0833,0.0826,0.0831,3338159.77
2026-07-28 05:00:00+00:00,0.0831,0.0839,0.0831,0.0836,2811891.82
2026-07-28 06:00:00+00:00,0.0837,0.0843,0.0835,0.084,2679555.71
2026-07-28 07:00:00+00:00,0.084,0.0843,0.0832,0.0833,2315467.67
2026-07-28 08:00:00+00:00,0.0833,0.0837,0.0832,0.0836,2037163.83
2026-07-28 09:00:00+00:00,0.0836,0.0842,0.0833,0.0841,2231746.94
2026-07-28 10:00:00+00:00,0.0841,0.0842,0.0836,0.0839,2479013.62
2026-07-28 11:00:00+00:00,0.0838,0.0839,0.0827,0.083,4540966.05
2026-07-28 12:00:00+00:00,0.0831,0.0842,0.083,0.0837,3862163.16
2026-07-28 13:00:00+00:00,0.0837,0.0838,0.0824,0.0834,6895157.45
2026-07-28 14:00:00+00:00,0.0835,0.0842,0.0831,0.0836,3668287.0
2026-07-28 15:00:00+00:00,0.0836,0.0865,0.0832,0.0862,12994172.09
2026-07-28 16:00:00+00:00,0.0861,0.0862,0.0853,0.0858,15441855.53
2026-07-28 17:00:00+00:00,0.0857,0.0858,0.0837,0.0841,6442466.77
2026-07-28 18:00:00+00:00,0.0841,0.0843,0.0837,0.0839,2762862.19
2026-07-28 19:00:00+00:00,0.084,0.0842,0.0833,0.0836,4913278.33
2026-07-28 20:00:00+00:00,0.0837,0.084,0.0834,0.0836,3091682.93
2026-07-28 21:00:00+00:00,0.0837,0.0839,0.0835,0.0835,2602818.98
2026-07-28 22:00:00+00:00,0.0836,0.0837,0.0828,0.0829,6854402.37
2026-07-28 23:00:00+00:00,0.083,0.0835,0.0828,0.0835,3114904.9
2026-07-29 00:00:00+00:00,0.0834,0.084,0.0829,0.0832,5070458.39
2026-07-29 01:00:00+00:00,0.0833,0.0833,0.0825,0.0826,2878918.43
2026-07-29 02:00:00+00:00,0.0825,0.0826,0.0816,0.082,6340332.63
2026-07-29 03:00:00+00:00,0.0821,0.0821,0.0799,0.0801,9688616.96
2026-07-29 04:00:00+00:00,0.0802,0.0809,0.0793,0.0809,9308409.77
2026-07-29 05:00:00+00:00,0.0809,0.0823,0.0809,0.0821,4985302.86
2026-07-29 06:00:00+00:00,0.0821,0.0825,0.0813,0.0815,9146631.99
2026-07-29 07:00:00+00:00,0.0815,0.0815,0.081,0.0814,2706408.4
2026-07-29 08:00:00+00:00,0.0814,0.0815,0.0806,0.0812,4243219.08
2026-07-29 09:00:00+00:00,0.0812,0.0818,0.0811,0.0815,3842101.28
2026-07-29 10:00:00+00:00,0.0815,0.0816,0.0811,0.0812,3160154.86
2026-07-29 11:00:00+00:00,0.0812,0.0817,0.0812,0.0817,2415120.8
2026-07-29 12:00:00+00:00,0.0817,0.0817,0.081,0.0812,2596076.28
2026-07-29 13:00:00+00:00,0.0812,0.0812,0.0804,0.081,4222370.89
2026-07-29 14:00:00+00:00,0.0811,0.0812,0.0801,0.0803,4576738.2
2026-07-29 15:00:00+00:00,0.0802,0.0805,0.0796,0.0799,10357637.84
2026-07-29 16:00:00+00:00,0.0799,0.0799,0.0787,0.0793,6308219.41
2026-07-29 17:00:00+00:00,0.0793,0.0801,0.079,0.0801,5263918.28
2026-07-29 18:00:00+00:00,0.0801,0.0809,0.0785,0.0804,18779436.48
2026-07-29 19:00:00+00:00,0.0804,0.0807,0.0778,0.078,13482393.23
2026-07-29 20:00:00+00:00,0.078,0.0784,0.0771,0.0773,8599437.0
2026-07-29 21:00:00+00:00,0.0773,0.0778,0.077,0.0775,6815241.63
2026-07-29 22:00:00+00:00,0.0775,0.0783,0.0775,0.0783,4917738.95
2026-07-29 23:00:00+00:00,0.0782,0.0784,0.0776,0.0781,4768245.36
2026-07-30 00:00:00+00:00,0.0782,0.0786,0.0778,0.0782,4288146.31
2026-07-30 01:00:00+00:00,0.0783,0.0792,0.0778,0.0789,4579557.52
2026-07-30 02:00:00+00:00,0.0788,0.0792,0.0782,0.0782,3951401.98
2026-07-30 03:00:00+00:00,0.0782,0.0785,0.078,0.0782,3901174.86
2026-07-30 04:00:00+00:00,0.0782,0.0783,0.0774,0.0774,3790997.26
2026-07-30 05:00:00+00:00,0.0774,0.0782,0.0771,0.0782,2300506.5
2026-07-30 06:00:00+00:00,0.0782,0.0787,0.0779,0.0781,6836553.67
2026-07-30 07:00:00+00:00,0.0781,0.0787,0.078,0.0784,6290472.51
2026-07-30 08:00:00+00:00,0.0785,0.0794,0.0782,0.0789,5657909.41
2026-07-30 09:00:00+00:00,0.0789,0.08,0.0788,0.0797,6241444.45
2026-07-30 10:00:00+00:00,0.0797,0.0799,0.0792,0.0794,4653238.53
2026-07-30 11:00:00+00:00,0.0794,0.08,0.0791,0.0799,5531816.19
2026-07-30 12:00:00+00:00,0.0799,0.0803,0.0792,0.08,7885325.12
2026-07-30 13:00:00+00:00,0.08,0.0829,0.0798,0.0825,14383624.07
2026-07-30 14:00:00+00:00,0.0825,0.083,0.0813,0.0814,12416296.8
2026-07-30 15:00:00+00:00,0.0814,0.0819,0.0807,0.0819,5446555.0
2026-07-30 16:00:00+00:00,0.0819,0.0822,0.0806,0.0812,5787414.07
2026-07-30 17:00:00+00:00,0.0812,0.082,0.0808,0.0819,3340484.62
2026-07-30 18:00:00+00:00,0.0819,0.0825,0.0816,0.0818,3186580.76
2026-07-30 19:00:00+00:00,0.0818,0.0831,0.0818,0.083,5158949.47
2026-07-30 20:00:00+00:00,0.083,0.0834,0.082,0.082,8408159.42
2026-07-30 21:00:00+00:00,0.0821,0.0823,0.0817,0.0818,4550576.66
2026-07-30 22:00:00+00:00,0.0817,0.0818,0.0812,0.0812,2015357.68
2026-07-30 23:00:00+00:00,0.0812,0.0818,0.0811,0.0812,2482978.36
2026-07-31 00:00:00+00:00,0.0812,0.0814,0.0808,0.0809,4601326.37
2026-07-31 01:00:00+00:00,0.0809,0.0819,0.0809,0.0811,7597898.2
2026-07-31 02:00:00+00:00,0.0811,0.0814,0.0803,0.0808,4949522.01
2026-07-31 03:00:00+00:00,0.0808,0.0817,0.0805,0.0815,2603134.28
2026-07-31 04:00:00+00:00,0.0814,0.0816,0.0808,0.0809,2055285.7
2026-07-31 05:00:00+00:00,0.0809,0.0815,0.0808,0.081,1874987.22
2026-07-31 06:00:00+00:00,0.081,0.0816,0.0809,0.0814,4157625.23
2026-07-31 07:00:00+00:00,0.0813,0.0823,0.0805,0.082,5527722.51
2026-07-31 08:00:00+00:00,0.082,0.0824,0.0816,0.0821,5319287.8
2026-07-31 09:00:00+00:00,0.0821,0.0822,0.0813,0.0819,4439638.55
2026-07-31 10:00:00+00:00,0.0818,0.0825,0.0811,0.0823,4105832.51
2026-07-31 11:00:00+00:00,0.0823,0.0829,0.0815,0.0816,5252412.69
2026-07-31 12:00:00+00:00,0.0816,0.0819,0.0811,0.0817,5562227.71
2026-07-31 13:00:00+00:00,0.0817,0.0823,0.0807,0.0809,9027014.54
2026-07-31 14:00:00+00:00,0.0808,0.082,0.08,0.0807,15648317.74
2026-07-31 15:00:00+00:00,0.0807,0.0808,0.0796,0.08,7893787.23
2026-07-31 16:00:00+00:00,0.08,0.0815,0.0798,0.0814,4336911.06
2026-07-31 17:00:00+00:00,0.0813,0.0819,0.0811,0.0816,3536966.7
2026-07-31 18:00:00+00:00,0.0816,0.0822,0.0807,0.0809,5706063.09
2026-07-31 19:00:00+00:00,0.0809,0.081,0.0803,0.0805,1571942.35
2026-07-31 20:00:00+00:00,0.0806,0.0808,0.0803,0.0804,2909141.13
2026-07-31 21:00:00+00:00,0.0803,0.0806,0.0801,0.0803,1502739.69
2026-07-31 22:00:00+00:00,0.0802,0.0804,0.08,0.0801,2570497.77
2026-07-31 23:00:00+00:00,0.0802,0.0806,0.0801,0.0803,884633.94
2026-08-01 00:00:00+00:00,0.0804,0.0808,0.0801,0.0802,1826372.8
2026-08-01 01:00:00+00:00,0.0802,0.0806,0.08,0.0806,1597809.98
2026-08-01 02:00:00+00:00,0.0805,0.0809,0.0803,0.0804,1244494.19
2026-08-01 03:00:00+00:00,0.0803,0.0804,0.08,0.0804,1314666.92
2026-08-01 04:00:00+00:00,0.0804,0.0808,0.0803,0.0808,1214939.27
2026-08-01 05:00:00+00:00,0.0808,0.0813,0.0805,0.0807,2935598.66
2026-08-01 06:00:00+00:00,0.0807,0.0811,0.0804,0.0809,2214969.61
2026-08-01 07:00:00+00:00,0.0809,0.0813,0.0807,0.0812,2334711.8
2026-08-01 08:00:00+00:00,0.0812,0.0814,0.0807,0.0808,2686742.91
2026-08-01 09:00:00+00:00,0.0808,0.0819,0.0804,0.0809,20225653.13
2026-08-01 10:00:00+00:00,0.0809,0.0817,0.0804,0.081,5273808.32
2026-08-01 11:00:00+00:00,0.081,0.0814,0.0808,0.0814,2217342.87
2026-08-01 12:00:00+00:00,0.0814,0.0818,0.0811,0.0814,3529893.22
2026-08-01 13:00:00+00:00,0.0813,0.0816,0.0809,0.0811,2317771.14
2026-08-01 14:00:00+00:00,0.0812,0.0817,0.0809,0.0812,3154750.62
2026-08-01 15:00:00+00:00,0.0811,0.0812,0.0807,0.0808,2370424.53
2026-08-01 16:00:00+00:00,0.0808,0.0814,0.0807,0.0813,2821588.97
2026-08-01 17:00:00+00:00,0.0813,0.0815,0.0803,0.0807,8541048.73
2026-08-01 18:00:00+00:00,0.0807,0.0808,0.0789,0.0805,13643447.5
2026-08-01 19:00:00+00:00,0.0805,0.0812,0.0799,0.0801,12784058.03
2026-08-01 20:00:00+00:00,0.0801,0.0803,0.0793,0.0796,5697829.86
2026-08-01 21:00:00+00:00,0.0796,0.0802,0.0796,0.0801,3459529.41
2026-08-01 22:00:00+00:00,0.08,0.0802,0.0796,0.0797,2448211.58
2026-08-01 23:00:00+00:00,0.0797,0.0797,0.0791,0.0792,2287050.45
2026-08-02 00:00:00+00:00,0.0793,0.0799,0.0792,0.0799,3113633.0
2026-08-02 01:00:00+00:00,0.0799,0.0824,0.0798,0.082,10630635.78
2026-08-02 02:00:00+00:00,0.0821,0.0835,0.0819,0.0834,11446290.41
2026-08-02 03:00:00+00:00,0.0834,0.0851,0.083,0.0847,11127645.97
2026-08-02 04:00:00+00:00,0.0847,0.0879,0.0847,0.0874,22717233.45
2026-08-02 05:00:00+00:00,0.0875,0.0883,0.0869,0.0875,18430912.91
2026-08-02 06:00:00+00:00,0.0875,0.0891,0.0874,0.0884,15596324.39
2026-08-02 07:00:00+00:00,0.0885,0.0894,0.0876,0.0884,15589126.75
2026-08-02 08:00:00+00:00,0.0884,0.0888,0.0875,0.0876,12345515.4
2026-08-02 09:00:00+00:00,0.0876,0.0897,0.0873,0.0893,10654397.6
2026-08-02 10:00:00+00:00,0.0894,0.0897,0.0885,0.0891,10608194.33
2026-08-02 11:00:00+00:00,0.0891,0.0894,0.0875,0.0877,11120417.46
2026-08-02 12:00:00+00:00,0.0877,0.089,0.0874,0.0887,6425959.1
2026-08-02 13:00:00+00:00,0.0887,0.089,0.088,0.0881,6477330.84
2026-08-02 14:00:00+00:00,0.0881,0.0893,0.0876,0.0889,9797366.07
2026-08-02 15:00:00+00:00,0.0889,0.0894,0.0882,0.0886,6032749.3
2026-08-02 16:00:00+00:00,0.0886,0.0901,0.0884,0.0892,9971431.56
2026-08-02 17:00:00+00:00,0.0891,0.0899,0.089,0.0895,4299667.4
2026-08-02 18:00:00+00:00,0.0895,0.0896,0.0887,0.089,3803729.09
2026-08-02 19:00:00+00:00,0.0889,0.0896,0.0887,0.0889,4021192.22
2026-08-02 20:00:00+00:00,0.0889,0.0892,0.0884,0.0892,2641685.96
2026-08-02 21:00:00+00:00,0.0891,0.09,0.0889,0.0896,3476681.42
2026-08-02 22:00:00+00:00,0.0896,0.0904,0.089,0.0895,8433331.49
2026-08-02 23:00:00+00:00,0.0895,0.0896,0.089,0.0894,3446142.09
2026-08-03 00:00:00+00:00,0.0894,0.0896,0.0887,0.0889,6809826.54
2026-08-03 01:00:00+00:00,0.0889,0.0892,0.0883,0.0888,4463077.99
2026-08-03 02:00:00+00:00,0.0888,0.0888,0.0873,0.0878,8290882.96
2026-08-03 03:00:00+00:00,0.0878,0.0885,0.0876,0.0878,7541885.46
2026-08-03 04:00:00+00:00,0.0878,0.0892,0.0877,0.088,6012043.79
2026-08-03 05:00:00+00:00,0.0879,0.0884,0.0873,0.0878,5774859.87
2026-08-03 06:00:00+00:00,0.0878,0.0887,0.087,0.088,7631874.79
2026-08-03 07:00:00+00:00,0.088,0.0888,0.0878,0.088,8030312.85
2026-08-03 08:00:00+00:00,0.0881,0.0897,0.088,0.0895,11907152.23
2026-08-03 09:00:00+00:00,0.0895,0.0902,0.089,0.0901,10251198.29
2026-08-03 10:00:00+00:00,0.0902,0.0911,0.0897,0.09,14982626.65
2026-08-03 11:00:00+00:00,0.09,0.0907,0.0897,0.0904,6760066.65
2026-08-03 12:00:00+00:00,0.0904,0.0915,0.0901,0.0912,6936420.19
2026-08-03 13:00:00+00:00,0.0912,0.0935,0.0911,0.0927,11955824.1
2026-08-03 14:00:00+00:00,0.0927,0.0941,0.0923,0.093,14117951.04
2026-08-03 15:00:00+00:00,0.0929,0.0934,0.0919,0.0921,13589716.69
2026-08-03 16:00:00+00:00,0.0922,0.0936,0.0919,0.0933,10057042.24
2026-08-03 17:00:00+00:00,0.0933,0.0934,0.0921,0.0924,3883287.89
2026-08-03 18:00:00+00:00,0.0925,0.0931,0.0925,0.0925,2445352.61
2026-08-03 19:00:00+00:00,0.0924,0.0925,0.0914,0.0917,7514393.6
2026-08-03 20:00:00+00:00,0.0916,0.0923,0.0914,0.0921,3730288.57
2026-08-03 21:00:00+00:00,0.0922,0.093,0.0919,0.0924,7289840.63
2026-08-03 22:00:00+00:00,0.0924,0.0929,0.0918,0.0927,3832421.12
2026-08-03 23:00:00+00:00,0.0927,0.0931,0.0924,0.093,3609024.91
2026-08-04 00:00:00+00:00,0.0929,0.0935,0.0922,0.0924,6279276.51
2026-08-04 01:00:00+00:00,0.0924,0.0928,0.0915,0.0928,7149673.53
2026-08-04 02:00:00+00:00,0.0928,0.0929,0.0915,0.0916,2629418.64
2026-08-04 03:00:00+00:00,0.0916,0.0922,0.091,0.0916,3902673.85
2026-08-04 04:00:00+00:00,0.0916,0.0928,0.091,0.0925,4031061.55
2026-08-04 05:00:00+00:00,0.0925,0.0934,0.0919,0.0923,5104384.88
2026-08-04 06:00:00+00:00,0.0924,0.093,0.092,0.0923,3695833.07
2026-08-04 07:00:00+00:00,0.0923,0.0925,0.0908,0.0917,9823096.02
2026-08-04 08:00:00+00:00,0.0917,0.0918,0.0907,0.0911,7661052.67
2026-08-04 09:00:00+00:00,0.0911,0.0911,0.0904,0.091,4252269.93
2026-08-04 10:00:00+00:00,0.0909,0.0915,0.0902,0.091,5101151.74
2026-08-04 11:00:00+00:00,0.091,0.0916,0.0908,0.0911,2332628.75
2026-08-04 12:00:00+00:00,0.091,0.0915,0.0906,0.0912,3987057.25
2026-08-04 13:00:00+00:00,0.0912,0.0918,0.0906,0.0909,5304744.51
2026-08-04 14:00:00+00:00,0.0909,0.0922,0.0905,0.092,5828078.54
2026-08-04 15:00:00+00:00,0.092,0.0925,0.0907,0.0915,5204041.65
2026-08-04 16:00:00+00:00,0.0915,0.0915,0.0909,0.0913,3251812.12
2026-08-04 17:00:00+00:00,0.0913,0.0921,0.0912,0.0917,4596667.6
2026-08-04 18:00:00+00:00,0.0917,0.0926,0.0916,0.0923,2987987.18
2026-08-04 19:00:00+00:00,0.0923,0.0928,0.0915,0.0923,5328693.39
2026-08-04 20:00:00+00:00,0.0923,0.0926,0.0917,0.0921,3333178.65
2026-08-04 21:00:00+00:00,0.0921,0.0925,0.0919,0.0922,1848476.96
2026-08-04 22:00:00+00:00,0.0922,0.0926,0.0918,0.0922,2537307.25
2026-08-04 23:00:00+00:00,0.0921,0.0931,0.0921,0.0924,3920510.23
2026-08-05 00:00:00+00:00,0.0923,0.0927,0.0917,0.0919,3054280.75
2026-08-05 01:00:00+00:00,0.0918,0.0928,0.0916,0.0923,2762068.68
2026-08-05 02:00:00+00:00,0.0922,0.0924,0.0915,0.092,3349795.38
2026-08-05 03:00:00+00:00,0.092,0.0921,0.0897,0.0901,12430500.16
2026-08-05 04:00:00+00:00,0.0901,0.0909,0.09,0.0908,2193392.89
2026-08-05 05:00:00+00:00,0.0908,0.0914,0.0903,0.0904,3726893.49
2026-08-05 06:00:00+00:00,0.0904,0.0906,0.0899,0.0904,4701487.99
2026-08-05 07:00:00+00:00,0.0904,0.0914,0.09,0.0913,4692570.13
2026-08-05 08:00:00+00:00,0.0913,0.0917,0.0904,0.0907,4097043.03
2026-08-05 09:00:00+00:00,0.0907,0.0921,0.0906,0.0919,4378004.09
2026-08-05 10:00:00+00:00,0.0919,0.092,0.0911,0.0919,5336401.76
2026-08-05 11:00:00+00:00,0.0919,0.0922,0.0915,0.0918,1736384.35
2026-08-05 12:00:00+00:00,0.0918,0.0923,0.0914,0.0917,5559717.7
2026-08-05 13:00:00+00:00,0.0917,0.0918,0.0907,0.0917,8574464.98
2026-08-05 14:00:00+00:00,0.0917,0.0923,0.0914,0.092,3953696.12
2026-08-05 15:00:00+00:00,0.092,0.0935,0.0918,0.092,10510787.83
2026-08-05 16:00:00+00:00,0.092,0.0929,0.0917,0.0925,4174390.02
2026-08-05 17:00:00+00:00,0.0925,0.0926,0.0917,0.0924,5424703.94
2026-08-05 18:00:00+00:00,0.0924,0.0927,0.0916,0.0923,3278727.04
2026-08-05 19:00:00+00:00,0.0923,0.0927,0.0919,0.092,2947042.47
2026-08-05 20:00:00+00:00,0.0918,0.0941,0.0917,0.0933,5580599.89
2026-08-05 21:00:00+00:00,0.0933,0.0935,0.0919,0.092,3922441.38
2026-08-05 22:00:00+00:00,0.092,0.0926,0.0917,0.0921,8786117.38
2026-08-05 23:00:00+00:00,0.0921,0.0926,0.092,0.0924,1759569.12
2026-08-06 00:00:00+00:00,0.0924,0.0925,0.092,0.0925,1833264.06
2026-08-06 01:00:00+00:00,0.0926,0.0926,0.0916,0.0917,2287800.35
2026-08-06 02:00:00+00:00,0.0916,0.0917,0.09,0.0904,15279467.34
2026-08-06 03:00:00+00:00,0.0903,0.0914,0.09,0.0914,4393420.72
2026-08-06 04:00:00+00:00,0.0914,0.0931,0.0912,0.0931,4361310.7
2026-08-06 05:00:00+00:00,0.093,0.0938,0.0926,0.0935,6760439.01
2026-08-06 06:00:00+00:00,0.0935,0.0936,0.0923,0.0925,5538900.8
2026-08-06 07:00:00+00:00,0.0925,0.0926,0.0918,0.0919,4229896.47
2026-08-06 08:00:00+00:00,0.0919,0.092,0.0916,0.0917,3266779.69
2026-08-06 09:00:00+00:00,0.0916,0.0923,0.0909,0.0914,8730873.34
2026-08-06 10:00:00+00:00,0.0914,0.0914,0.0903,0.0909,9087301.62
2026-08-06 11:00:00+00:00,0.091,0.0925,0.0906,0.0924,3863060.07
2026-08-06 12:00:00+00:00,0.0924,0.0925,0.091,0.0911,3117503.88
2026-08-06 13:00:00+00:00,0.0911,0.0914,0.0905,0.0908,6617234.03
2026-08-06 14:00:00+00:00,0.0908,0.0919,0.0905,0.0919,5174792.76
2026-08-06 15:00:00+00:00,0.0918,0.0933,0.0917,0.0924,6775031.35
2026-08-06 16:00:00+00:00,0.0924,0.0933,0.092,0.0931,5468410.9
2026-08-06 17:00:00+00:00,0.0931,0.0933,0.0918,0.092,3407015.48
2026-08-06 18:00:00+00:00,0.092,0.0924,0.0913,0.0916,2735907.81
2026-08-06 19:00:00+00:00,0.0916,0.0924,0.0916,0.0923,1767887.09
2026-08-06 20:00:00+00:00,0.0923,0.093,0.0919,0.092,2749802.87
2026-08-06 21:00:00+00:00,0.092,0.0935,0.092,0.093,3269222.76
2026-08-06 22:00:00+00:00,0.0931,0.0937,0.0924,0.0928,2147011.6
2026-08-06 23:00:00+00:00,0.0927,0.0932,0.0924,0.0929,1906005.53
2026-08-07 00:00:00+00:00,0.0928,0.0932,0.0924,0.0925,2058596.54
2026-08-07 01:00:00+00:00,0.0926,0.0937,0.0921,0.0931,3671518.68
2026-08-07 02:00:00+00:00,0.0932,0.0938,0.0922,0.0925,4291556.77
2026-08-07 03:00:00+00:00,0.0924,0.0931,0.0922,0.0923,2492395.62
2026-08-07 04:00:00+00:00,0.0922,0.093,0.0917,0.0919,2674794.41
2026-08-07 05:00:00+00:00,0.0919,0.0926,0.0914,0.0925,3875644.13
2026-08-07 06:00:00+00:00,0.0924,0.0937,0.0922,0.093,3577587.3
2026-08-07 07:00:00+00:00,0.093,0.0935,0.0925,0.0927,3768132.05
2026-08-07 08:00:00+00:00,0.0927,0.0965,0.0926,0.0962,27663274.32
2026-08-07 09:00:00+00:00,0.0963,0.0972,0.0955,0.0961,18463490.82
2026-08-07 10:00:00+00:00,0.0961,0.0982,0.0958,0.0968,15572430.15
2026-08-07 11:00:00+00:00,0.0969,0.0979,0.0961,0.0965,9959748.72
2026-08-07 12:00:00+00:00,0.0965,0.0969,0.0947,0.0962,10498811.21
2026-08-07 13:00:00+00:00,0.0962,0.0964,0.0952,0.0954,5168358.9
2026-08-07 14:00:00+00:00,0.0954,0.0959,0.0942,0.0944,7861104.24
2026-08-07 15:00:00+00:00,0.0944,0.0953,0.0941,0.095,2919650.16
2026-08-07 16:00:00+00:00,0.095,0.0961,0.0947,0.0948,5364429.79
2026-08-07 17:00:00+00:00,0.0947,0.0949,0.0931,0.0941,5488809.67
2026-08-07 18:00:00+00:00,0.094,0.0943,0.0936,0.0939,2316096.98
2026-08-07 19:00:00+00:00,0.0939,0.0944,0.0937,0.0942,1735831.38
2026-08-07 20:00:00+00:00,0.0941,0.0946,0.0938,0.0943,2441798.26
2026-08-07 21:00:00+00:00,0.0943,0.0944,0.0929,0.093,2411612.78
2026-08-07 22:00:00+00:00,0.0929,0.093,0.0915,0.0915,3995391.73
2026-08-07 23:00:00+00:00,0.0916,0.0919,0.0908,0.0914,6169655.33
2026-08-08 00:00:00+00:00,0.0915,0.0915,0.0906,0.0908,5207769.2
2026-08-08 01:00:00+00:00,0.0907,0.0911,0.0894,0.09,7659071.97
2026-08-08 02:00:00+00:00,0.09,0.0902,0.0896,0.0899,1945000.3
2026-08-08 03:00:00+00:00,0.0899,0.0907,0.0899,0.0906,1620771.42
2026-08-08 04:00:00+00:00,0.0906,0.0915,0.0903,0.0913,5193270.42
2026-08-08 05:00:00+00:00,0.0913,0.0919,0.0909,0.0911,3581745.91
2026-08-08 06:00:00+00:00,0.0911,0.0915,0.0907,0.0908,2001509.66
2026-08-08 07:00:00+00:00,0.0908,0.0912,0.0904,0.0909,2597406.63
2026-08-08 08:00:00+00:00,0.091,0.0915,0.0906,0.091,1495569.37
2026-08-08 09:00:00+00:00,0.091,0.0914,0.0908,0.0911,1951102.19
2026-08-08 10:00:00+00:00,0.0911,0.0914,0.0909,0.0911,1688214.53
2026-08-08 11:00:00+00:00,0.0911,0.0912,0.0906,0.0907,1676789.91
2026-08-08 12:00:00+00:00,0.0908,0.0911,0.0906,0.0908,1105414.65
2026-08-08 13:00:00+00:00,0.0909,0.0911,0.0908,0.0908,1069238.97
2026-08-08 14:00:00+00:00,0.0907,0.0918,0.0905,0.0915,4951569.26
2026-08-08 15:00:00+00:00,0.0916,0.0918,0.0913,0.0914,2719760.04
2026-08-08 16:00:00+00:00,0.0914,0.092,0.0901,0.0909,4226747.91
2026-08-08 17:00:00+00:00,0.0908,0.0909,0.0904,0.0905,1845707.29
2026-08-08 18:00:00+00:00,0.0905,0.0906,0.0899,0.0903,2565409.07
2026-08-08 19:00:00+00:00,0.0903,0.0904,0.09,0.0902,976853.63
2026-08-08 20:00:00+00:00,0.0902,0.0906,0.09,0.0904,959220.39
2026-08-08 21:00:00+00:00,0.0903,0.0906,0.0901,0.0903,1459557.79
2026-08-08 22:00:00+00:00,0.0903,0.0904,0.0897,0.0901,2600073.11
2026-08-08 23:00:00+00:00,0.0901,0.0906,0.0898,0.0903,2643083.93
2026-08-09 00:00:00+00:00,0.0903,0.0906,0.0898,0.09,1152808.96
2026-08-09 01:00:00+00:00,0.09,0.0902,0.0895,0.0898,2167882.58
2026-08-09 02:00:00+00:00,0.0897,0.09,0.0897,0.09,919146.53
2026-08-09 03:00:00+00:00,0.0899,0.09,0.0889,0.0892,2945029.41
2026-08-09 04:00:00+00:00,0.0892,0.0899,0.0891,0.0893,1889558.35
2026-08-09 05:00:00+00:00,0.0892,0.0893,0.0881,0.0884,4174582.17
2026-08-09 06:00:00+00:00,0.0884,0.0888,0.0882,0.0885,2522405.54
2026-08-09 07:00:00+00:00,0.0885,0.0886,0.0877,0.088,4579381.84
2026-08-09 08:00:00+00:00,0.0879,0.0882,0.0872,0.0877,3886286.06
2026-08-09 09:00:00+00:00,0.0877,0.0882,0.0873,0.0881,2124126.41
2026-08-09 10:00:00+00:00,0.0881,0.0888,0.088,0.0882,2721005.44
2026-08-09 11:00:00+00:00,0.0881,0.0881,0.0877,0.088,3035346.24
2026-08-09 12:00:00+00:00,0.0879,0.0879,0.0872,0.0873,1205572.53
2026-08-09 13:00:00+00:00,0.0873,0.0879,0.0869,0.0877,6896653.19
2026-08-09 14:00:00+00:00,0.0877,0.088,0.0875,0.0879,2400654.85
2026-08-09 15:00:00+00:00,0.0879,0.0882,0.0876,0.0878,2917296.29
2026-08-09 16:00:00+00:00,0.0879,0.0879,0.0871,0.0872,2801953.68
2026-08-09 17:00:00+00:00,0.0872,0.0874,0.0869,0.0873,4431213.72
2026-08-09 18:00:00+00:00,0.0872,0.0874,0.087,0.087,1156737.25
2026-08-09 19:00:00+00:00,0.0871,0.0874,0.087,0.0873,1444688.13
2026-08-09 20:00:00+00:00,0.0873,0.0878,0.0872,0.0877,1482333.03
2026-08-09 21:00:00+00:00,0.0877,0.0882,0.0876,0.0878,3042095.46
2026-08-09 22:00:00+00:00,0.0878,0.0883,0.0864,0.087,3423307.0
2026-08-09 23:00:00+00:00,0.0869,0.0872,0.0857,0.0866,6626775.74
2026-08-10 00:00:00+00:00,0.0865,0.0873,0.0863,0.0867,5367691.89
2026-08-10 01:00:00+00:00,0.0867,0.0876,0.0864,0.0873,2726346.03
2026-08-10 02:00:00+00:00,0.0874,0.0877,0.0868,0.0876,2609769.06
2026-08-10 03:00:00+00:00,0.0877,0.0879,0.0872,0.0872,3390534.2
2026-08-10 04:00:00+00:00,0.0873,0.0875,0.087,0.0872,1092799.24
2026-08-10 05:00:00+00:00,0.0872,0.0893,0.0871,0.0892,7274611.17
2026-08-10 06:00:00+00:00,0.0891,0.0902,0.0889,0.09,8607629.6
2026-08-10 07:00:00+00:00,0.0899,0.0903,0.0896,0.0902,6153581.27
2026-08-10 08:00:00+00:00,0.0902,0.091,0.0898,0.0908,5859546.55
2026-08-10 09:00:00+00:00,0.0909,0.0909,0.0898,0.09,5215007.84
2026-08-10 10:00:00+00:00,0.0899,0.0906,0.0899,0.0905,3091202.84
2026-08-10 11:00:00+00:00,0.0905,0.0915,0.0904,0.091,2747122.71
2026-08-10 12:00:00+00:00,0.0911,0.0914,0.09,0.0902,4425940.21
2026-08-10 13:00:00+00:00,0.0901,0.0906,0.089,0.0895,9073955.83
2026-08-10 14:00:00+00:00,0.0896,0.0898,0.0884,0.0885,6372166.14
2026-08-10 15:00:00+00:00,0.0885,0.0887,0.088,0.0885,4263947.42
2026-08-10 16:00:00+00:00,0.0885,0.0887,0.0876,0.0877,4375811.32
2026-08-10 17:00:00+00:00,0.0876,0.0887,0.0875,0.088,1774252.19
2026-08-10 18:00:00+00:00,0.088,0.0882,0.0872,0.0874,2094587.72
2026-08-10 19:00:00+00:00,0.0874,0.0886,0.0873,0.0879,2755298.49
2026-08-10 20:00:00+00:00,0.0879,0.0882,0.0877,0.0878,1515130.5
2026-08-10 21:00:00+00:00,0.0878,0.088,0.0873,0.0876,2227655.61
2026-08-10 22:00:00+00:00,0.0876,0.0883,0.0875,0.0881,2189825.99
2026-08-10 23:00:00+00:00,0.088,0.0882,0.0878,0.088,1546984.92
2026-08-11 00:00:00+00:00,0.088,0.0888,0.0879,0.0886,1874880.3
2026-08-11 01:00:00+00:00,0.0886,0.0909,0.0883,0.0907,9711359.96
2026-08-11 02:00:00+00:00,0.0907,0.0915,0.0905,0.0909,10469846.33
2026-08-11 03:00:00+00:00,0.0908,0.0908,0.09,0.0906,5808538.81
2026-08-11 04:00:00+00:00,0.0906,0.091,0.0898,0.0903,7897360.99
2026-08-11 05:00:00+00:00,0.0902,0.0905,0.0898,0.0902,3322202.61
2026-08-11 06:00:00+00:00,0.0902,0.0917,0.09,0.0906,7590506.58
2026-08-11 07:00:00+00:00,0.0905,0.091,0.0901,0.0906,3124302.13
2026-08-11 08:00:00+00:00,0.0906,0.0909,0.09,0.0906,2387801.36
2026-08-11 09:00:00+00:00,0.0906,0.0911,0.0902,0.0904,2583338.42
2026-08-11 10:00:00+00:00,0.0904,0.0906,0.09,0.0906,2150787.81
2026-08-11 11:00:00+00:00,0.0905,0.0909,0.09,0.0901,1642523.66
2026-08-11 12:00:00+00:00,0.0901,0.0901,0.0892,0.0895,6599720.71
2026-08-11 13:00:00+00:00,0.0895,0.0899,0.089,0.0893,5061852.57
2026-08-11 14:00:00+00:00,0.0892,0.0897,0.0887,0.089,3611326.66
2026-08-11 15:00:00+00:00,0.089,0.0904,0.0885,0.0894,9949458.44
2026-08-11 16:00:00+00:00,0.0894,0.0899,0.0891,0.0892,4427138.81
2026-08-11 17:00:00+00:00,0.0892,0.09,0.0891,0.0893,2812157.85
2026-08-11 18:00:00+00:00,0.0893,0.0894,0.0882,0.0883,2308682.3
2026-08-11 19:00:00+00:00,0.0883,0.089,0.0873,0.089,6067722.66
2026-08-11 20:00:00+00:00,0.0889,0.0916,0.0889,0.0898,10684976.12
2026-08-11 21:00:00+00:00,0.0898,0.0903,0.0897,0.0898,3832886.87
2026-08-11 22:00:00+00:00,0.0898,0.09,0.0893,0.0897,1825420.86
2026-08-11 23:00:00+00:00,0.0897,0.0903,0.0896,0.0901,2262731.73
2026-08-12 00:00:00+00:00,0.0901,0.0905,0.09,0.09,1945609.91
2026-08-12 01:00:00+00:00,0.09,0.0906,0.0899,0.0902,2322477.66
2026-08-12 02:00:00+00:00,0.0901,0.0902,0.0896,0.0896,2050100.06
2026-08-12 03:00:00+00:00,0.0897,0.0903,0.0897,0.0901,1199509.9
2026-08-12 04:00:00+00:00,0.0901,0.0903,0.0897,0.0898,1167569.92
2026-08-12 05:00:00+00:00,0.0898,0.0899,0.0892,0.0894,3757135.15
2026-08-12 06:00:00+00:00,0.0893,0.0895,0.0885,0.0886,2517359.0
2026-08-12 07:00:00+00:00,0.0885,0.0891,0.0885,0.0891,1789726.31
2026-08-12 08:00:00+00:00,0.089,0.0893,0.0889,0.0892,1249537.0
2026-08-12 09:00:00+00:00,0.0892,0.0899,0.089,0.0897,2400693.04
2026-08-12 10:00:00+00:00,0.0898,0.09,0.0894,0.0898,1994304.16
2026-08-12 11:00:00+00:00,0.0898,0.0898,0.0894,0.0896,998514.93
2026-08-12 12:00:00+00:00,0.0896,0.0902,0.0893,0.0899,6149792.84
2026-08-12 13:00:00+00:00,0.0899,0.0907,0.0897,0.0898,3764777.61
2026-08-12 14:00:00+00:00,0.0897,0.0898,0.0885,0.0885,5181300.39
2026-08-12 15:00:00+00:00,0.0885,0.0892,0.0883,0.089,3423136.12
2026-08-12 16:00:00+00:00,0.089,0.0892,0.088,0.0882,1472432.2
2026-08-12 17:00:00+00:00,0.0882,0.0886,0.0881,0.0883,1128704.6
2026-08-12 18:00:00+00:00,0.0883,0.0884,0.0875,0.0875,1469364.95
2026-08-12 19:00:00+00:00,0.0875,0.0877,0.0864,0.0867,9700737.89
2026-08-12 20:00:00+00:00,0.0867,0.0871,0.0861,0.0868,4103171.14
2026-08-12 21:00:00+00:00,0.0867,0.0868,0.0853,0.0856,7092643.89
2026-08-12 22:00:00+00:00,0.0856,0.0862,0.0855,0.0861,3312416.51
2026-08-12 23:00:00+00:00,0.0861,0.0869,0.086,0.0867,1979202.02
2026-08-13 00:00:00+00:00,0.0868,0.0875,0.0867,0.0872,2420845.03
2026-08-13 01:00:00+00:00,0.0871,0.0876,0.087,0.0871,1101856.46
2026-08-13 02:00:00+00:00,0.0871,0.0875,0.0868,0.0874,1866918.82
2026-08-13 03:00:00+00:00,0.0873,0.0882,0.0873,0.0877,5121600.1
2026-08-13 04:00:00+00:00,0.0876,0.0879,0.0874,0.0876,2406902.05
2026-08-13 05:00:00+00:00,0.0877,0.0884,0.0876,0.088,3195626.76
2026-08-13 06:00:00+00:00,0.088,0.088,0.0872,0.0877,2861258.33
2026-08-13 07:00:00+00:00,0.0877,0.088,0.087,0.0871,2285301.13
2026-08-13 08:00:00+00:00,0.0871,0.0874,0.0864,0.0866,4763473.91
2026-08-13 09:00:00+00:00,0.0866,0.0869,0.086,0.0867,5474608.18
2026-08-13 10:00:00+00:00,0.0867,0.0867,0.0861,0.0862,3039132.61
2026-08-13 11:00:00+00:00,0.0862,0.0864,0.0857,0.0862,2104937.14
2026-08-13 12:00:00+00:00,0.0862,0.0865,0.0859,0.0861,2536214.49
2026-08-13 13:00:00+00:00,0.0861,0.0865,0.0858,0.0864,2795347.05
2026-08-13 14:00:00+00:00,0.0864,0.0867,0.0861,0.0862,4507959.45
2026-08-13 15:00:00+00:00,0.0863,0.0866,0.0854,0.0856,3836481.19
2026-08-13 16:00:00+00:00,0.0856,0.0857,0.0845,0.0849,9913005.43
2026-08-13 17:00:00+00:00,0.0849,0.0854,0.0848,0.085,1883467.37
2026-08-13 18:00:00+00:00,0.0851,0.0855,0.085,0.0853,2660718.9
2026-08-13 19:00:00+00:00,0.0854,0.0857,0.0853,0.0853,2197790.97
2026-08-13 20:00:00+00:00,0.0854,0.0855,0.0849,0.0851,1076431.84
2026-08-13 21:00:00+00:00,0.0851,0.0856,0.085,0.0855,1273046.39
2026-08-13 22:00:00+00:00,0.0855,0.0859,0.0855,0.0856,1246653.93
2026-08-13 23:00:00+00:00,0.0856,0.0861,0.0856,0.086,2010777.39
2026-08-14 00:00:00+00:00,0.086,0.0863,0.0856,0.0858,2420936.15
2026-08-14 01:00:00+00:00,0.0857,0.0861,0.0856,0.0858,1244252.86
2026-08-14 02:00:00+00:00,0.0858,0.086,0.0855,0.0855,1939675.9
2026-08-14 03:00:00+00:00,0.0855,0.0858,0.085,0.0853,734000.14
2026-08-14 04:00:00+00:00,0.0854,0.0859,0.0853,0.0858,1007242.85
2026-08-14 05:00:00+00:00,0.0857,0.0859,0.0856,0.0859,1413374.23
2026-08-14 06:00:00+00:00,0.0859,0.0859,0.0852,0.0854,1578691.87
2026-08-14 07:00:00+00:00,0.0853,0.0854,0.0852,0.0854,841372.91
2026-08-14 08:00:00+00:00,0.0853,0.0857,0.0851,0.0852,1320681.36
2026-08-14 09:00:00+00:00,0.0852,0.0854,0.0844,0.0847,3280624.11
2026-08-14 10:00:00+00:00,0.0847,0.0851,0.0841,0.0841,2885970.59
2026-08-14 11:00:00+00:00,0.0841,0.0845,0.0836,0.0836,7485726.94
2026-08-14 12:00:00+00:00,0.0837,0.084,0.0835,0.0839,3174941.67
2026-08-14 13:00:00+00:00,0.0839,0.0839,0.0833,0.0836,4124263.07
2026-08-14 14:00:00+00:00,0.0837,0.0838,0.0827,0.0828,5543724.11
2026-08-14 15:00:00+00:00,0.0828,0.0837,0.0823,0.0836,5314736.09
2026-08-14 16:00:00+00:00,0.0836,0.0843,0.0833,0.084,4431410.54
2026-08-14 17:00:00+00:00,0.084,0.0843,0.0837,0.0838,2756959.81
2026-08-14 18:00:00+00:00,0.0838,0.0841,0.0834,0.0834,2356023.77
2026-08-14 19:00:00+00:00,0.0834,0.0838,0.0833,0.0837,1502363.4
2026-08-14 20:00:00+00:00,0.0837,0.0841,0.0836,0.084,1662197.51
2026-08-14 21:00:00+00:00,0.0839,0.084,0.0835,0.0836,1162099.42
2026-08-14 22:00:00+00:00,0.0836,0.0838,0.0834,0.0837,827336.56
2026-08-14 23:00:00+00:00,0.0837,0.0847,0.0837,0.0847,1202575.63
2026-08-15 00:00:00+00:00,0.0847,0.085,0.0846,0.0849,1926747.06
2026-08-15 01:00:00+00:00,0.0849,0.085,0.0846,0.0847,2004448.79
2026-08-15 02:00:00+00:00,0.0848,0.0856,0.0845,0.0852,3398889.81
2026-08-15 03:00:00+00:00,0.0853,0.0857,0.0852,0.0853,1656680.49
2026-08-15 04:00:00+00:00,0.0854,0.0858,0.0852,0.0852,1845423.43
2026-08-15 05:00:00+00:00,0.0852,0.0853,0.0848,0.085,3217582.83
2026-08-15 06:00:00+00:00,0.085,0.0851,0.0844,0.085,2588592.13
2026-08-15 07:00:00+00:00,0.0849,0.085,0.0845,0.0845,1009085.7
2026-08-15 08:00:00+00:00,0.0845,0.0846,0.0843,0.0844,1264238.03
2026-08-15 09:00:00+00:00,0.0844,0.0852,0.0844,0.085,1485786.35
2026-08-15 10:00:00+00:00,0.0851,0.0852,0.0848,0.0849,1365946.65
2026-08-15 11:00:00+00:00,0.0849,0.0851,0.0847,0.0848,795471.47
2026-08-15 12:00:00+00:00,0.0848,0.0853,0.0848,0.0853,1284127.8
2026-08-15 13:00:00+00:00,0.0853,0.0854,0.085,0.0851,2236378.47
2026-08-15 14:00:00+00:00,0.0852,0.0853,0.085,0.0852,1048349.12
2026-08-15 15:00:00+00:00,0.0852,0.0854,0.0851,0.0853,643682.42
2026-08-15 16:00:00+00:00,0.0853,0.0856,0.0852,0.0852,677888.51
2026-08-15 17:00:00+00:00,0.0852,0.0854,0.0848,0.0848,1141397.92
2026-08-15 18:00:00+00:00,0.0849,0.0849,0.0847,0.0848,665983.72
2026-08-15 19:00:00+00:00,0.0848,0.0849,0.0846,0.0847,446285.36
2026-08-15 20:00:00+00:00,0.0847,0.0847,0.0843,0.0844,652540.11
2026-08-15 21:00:00+00:00,0.0844,0.0845,0.0843,0.0845,809518.86
2026-08-15 22:00:00+00:00,0.0844,0.0846,0.084,0.084,1182189.96
2026-08-15 23:00:00+00:00,0.084,0.0842,0.0837,0.084,894599.73
2026-08-16 00:00:00+00:00,0.0839,0.084,0.0838,0.0838,1429169.36
2026-08-16 01:00:00+00:00,0.0838,0.0839,0.0835,0.0836,341343.27
2026-08-16 02:00:00+00:00,0.0837,0.084,0.0835,0.084,1124483.44
2026-08-16 03:00:00+00:00,0.084,0.0841,0.0838,0.0839,425145.42
2026-08-16 04:00:00+00:00,0.0839,0.0842,0.0838,0.0839,534371.51
2026-08-16 05:00:00+00:00,0.0839,0.084,0.0835,0.0836,318134.49
2026-08-16 06:00:00+00:00,0.0835,0.0836,0.0825,0.0827,6636108.63
2026-08-16 07:00:00+00:00,0.0828,0.0832,0.0827,0.0832,2087358.34
2026-08-16 08:00:00+00:00,0.0831,0.0832,0.0829,0.0832,951795.68
2026-08-16 09:00:00+00:00,0.0831,0.0834,0.083,0.0833,1987228.85
2026-08-16 10:00:00+00:00,0.0833,0.0834,0.0829,0.083,1036610.28
2026-08-16 11:00:00+00:00,0.0831,0.0834,0.083,0.0831,990472.82
2026-08-16 12:00:00+00:00,0.0832,0.0835,0.0831,0.0835,814520.3
2026-08-16 13:00:00+00:00,0.0835,0.0839,0.0833,0.0835,2944354.76
2026-08-16 14:00:00+00:00,0.0836,0.0838,0.0835,0.0835,985496.98
2026-08-16 15:00:00+00:00,0.0835,0.0846,0.0835,0.0842,1580409.84
2026-08-16 16:00:00+00:00,0.0842,0.0844,0.0835,0.0838,2716041.73
2026-08-16 17:00:00+00:00,0.0838,0.0839,0.0835,0.0838,1933367.62
2026-08-16 18:00:00+00:00,0.0837,0.0838,0.0833,0.0834,892363.86
2026-08-16 19:00:00+00:00,0.0834,0.0837,0.0833,0.0834,867066.75
2026-08-16 20:00:00+00:00,0.0835,0.0835,0.083,0.083,2770868.55
2026-08-16 21:00:00+00:00,0.083,0.083,0.0811,0.0821,5459954.27
2026-08-16 22:00:00+00:00,0.082,0.0828,0.0819,0.0827,1239485.97
2026-08-16 23:00:00+00:00,0.0827,0.0829,0.0822,0.0824,1251501.03
2026-08-17 00:00:00+00:00,0.0823,0.0826,0.0821,0.0825,1296297.12
2026-08-17 01:00:00+00:00,0.0825,0.0835,0.0825,0.0826,2966162.89
2026-08-17 02:00:00+00:00,0.0826,0.0838,0.0826,0.0836,2466748.11
2026-08-17 03:00:00+00:00,0.0836,0.0837,0.083,0.0834,4557465.67
2026-08-17 04:00:00+00:00,0.0834,0.0839,0.0833,0.0839,979704.82
2026-08-17 05:00:00+00:00,0.0838,0.0839,0.0835,0.0837,1158308.63
2026-08-17 06:00:00+00:00,0.0836,0.0846,0.0834,0.0844,3683101.35
2026-08-17 07:00:00+00:00,0.0844,0.0845,0.0839,0.0841,1351248.6
2026-08-17 08:00:00+00:00,0.0841,0.0841,0.0829,0.0829,2545539.07
2026-08-17 09:00:00+00:00,0.083,0.0834,0.0829,0.0832,1361795.57
2026-08-17 10:00:00+00:00,0.0832,0.0838,0.0828,0.0837,1160297.27
2026-08-17 11:00:00+00:00,0.0837,0.084,0.0835,0.0837,1422702.04
2026-08-17 12:00:00+00:00,0.0837,0.0838,0.0828,0.0829,2765545.44
2026-08-17 13:00:00+00:00,0.0829,0.0839,0.0828,0.0838,2512871.68
2026-08-17 14:00:00+00:00,0.0838,0.0841,0.0834,0.0841,2089656.84
2026-08-17 15:00:00+00:00,0.0841,0.0841,0.0832,0.0838,2881488.44
2026-08-17 16:00:00+00:00,0.0839,0.0839,0.083,0.083,1763443.45
2026-08-17 17:00:00+00:00,0.0831,0.0839,0.0828,0.0834,2900584.98
2026-08-17 18:00:00+00:00,0.0834,0.0834,0.0829,0.0832,1479738.7
2026-08-17 19:00:00+00:00,0.0833,0.0837,0.0832,0.0834,725948.36
2026-08-17 20:00:00+00:00,0.0834,0.0838,0.0833,0.0835,674555.42
2026-08-17 21:00:00+00:00,0.0835,0.0837,0.0835,0.0835,547659.5
2026-08-17 22:00:00+00:00,0.0834,0.0836,0.0827,0.0827,866040.29
2026-08-17 23:00:00+00:00,0.0827,0.0832,0.0826,0.0832,1431308.17
2026-08-18 00:00:00+00:00,0.0833,0.0834,0.0831,0.0834,936825.39
2026-08-18 01:00:00+00:00,0.0834,0.0834,0.0826,0.0827,902631.4
2026-08-18 02:00:00+00:00,0.0827,0.0829,0.0817,0.0819,2909182.43
2026-08-18 03:00:00+00:00,0.0818,0.0822,0.0816,0.0822,1467206.13
2026-08-18 04:00:00+00:00,0.0823,0.0827,0.0821,0.0824,1263172.3
2026-08-18 05:00:00+00:00,0.0824,0.0826,0.0818,0.0823,1978120.73
2026-08-18 06:00:00+00:00,0.0822,0.0832,0.0819,0.0827,2611619.42
2026-08-18 07:00:00+00:00,0.0828,0.0831,0.0825,0.0826,1293943.12
2026-08-18 08:00:00+00:00,0.0826,0.0829,0.0821,0.0828,2185218.98
2026-08-18 09:00:00+00:00,0.0827,0.083,0.0826,0.0829,733866.8
2026-08-18 10:00:00+00:00,0.0828,0.0834,0.0828,0.0832,1625600.11
2026-08-18 11:00:00+00:00,0.0832,0.0835,0.083,0.0834,1125403.35
2026-08-18 12:00:00+00:00,0.0834,0.084,0.0834,0.0837,2947883.92
2026-08-18 13:00:00+00:00,0.0836,0.0839,0.0833,0.0837,2728563.63
2026-08-18 14:00:00+00:00,0.0837,0.0855,0.0837,0.0843,9302023.3
2026-08-18 15:00:00+00:00,0.0844,0.0849,0.0843,0.0846,2071217.27
2026-08-18 16:00:00+00:00,0.0847,0.0848,0.0838,0.0838,1568736.18
2026-08-18 17:00:00+00:00,0.0838,0.0839,0.0835,0.0835,1742049.53
2026-08-18 18:00:00+00:00,0.0835,0.0842,0.0835,0.0835,1248020.01
2026-08-18 19:00:00+00:00,0.0836,0.0838,0.0834,0.0835,661422.58
2026-08-18 20:00:00+00:00,0.0834,0.0835,0.0827,0.0828,3435813.82
2026-08-18 21:00:00+00:00,0.0829,0.0832,0.0827,0.0831,1461331.64
2026-08-18 22:00:00+00:00,0.0831,0.0833,0.0827,0.0828,1075728.05
2026-08-18 23:00:00+00:00,0.0828,0.0831,0.0826,0.0828,1547264.31
2026-08-19 00:00:00+00:00,0.0828,0.0829,0.0821,0.0828,4352627.8
2026-08-19 01:00:00+00:00,0.0827,0.0842,0.0827,0.0841,3396928.73
2026-08-19 02:00:00+00:00,0.0841,0.0841,0.0837,0.0838,1407624.9
2026-08-19 03:00:00+00:00,0.0838,0.0844,0.0837,0.0842,1815984.15
2026-08-19 04:00:00+00:00,0.0842,0.0842,0.0838,0.0839,1317226.11
2026-08-19 05:00:00+00:00,0.0838,0.084,0.0835,0.0836,1246820.79
2026-08-19 06:00:00+00:00,0.0836,0.0853,0.0835,0.0852,5212377.61
2026-08-19 07:00:00+00:00,0.0852,0.0863,0.0851,0.0853,6273371.54
2026-08-19 08:00:00+00:00,0.0853,0.0856,0.0848,0.0852,3784195.8
2026-08-19 09:00:00+00:00,0.0852,0.0854,0.0842,0.0842,3782339.0
2026-08-19 10:00:00+00:00,0.0842,0.0844,0.084,0.0843,2223319.15
2026-08-19 11:00:00+00:00,0.0844,0.0844,0.0837,0.084,4348056.3
2026-08-19 12:00:00+00:00,0.084,0.0847,0.0839,0.0846,2420029.67
2026-08-19 13:00:00+00:00,0.0846,0.0858,0.0843,0.0847,8599595.18
2026-08-19 14:00:00+00:00,0.0847,0.0865,0.0846,0.0863,3199815.76
2026-08-19 15:00:00+00:00,0.0863,0.0895,0.0861,0.0875,22417917.63
2026-08-19 16:00:00+00:00,0.0876,0.0906,0.0873,0.0902,18807659.25
2026-08-19 17:00:00+00:00,0.0902,0.0902,0.0881,0.0891,8716586.94
2026-08-19 18:00:00+00:00,0.0892,0.0892,0.0878,0.0882,4639787.81
2026-08-19 19:00:00+00:00,0.0881,0.09,0.0881,0.0899,4689069.68
2026-08-19 20:00:00+00:00,0.0899,0.093,0.0897,0.0928,12653462.59
2026-08-19 21:00:00+00:00,0.0928,0.0951,0.0924,0.0943,21700709.07
2026-08-19 22:00:00+00:00,0.0943,0.0947,0.0935,0.0945,9938347.34
2026-08-19 23:00:00+00:00,0.0944,0.0952,0.0933,0.0933,5957014.69
2026-08-20 00:00:00+00:00,0.0933,0.0944,0.0929,0.0937,6626033.16
2026-08-20 01:00:00+00:00,0.0936,0.0946,0.0927,0.0945,8312679.03
2026-08-20 02:00:00+00:00,0.0945,0.0945,0.0933,0.0933,5370758.04
2026-08-20 03:00:00+00:00,0.0934,0.0934,0.0919,0.0921,5396352.77
2026-08-20 04:00:00+00:00,0.0922,0.093,0.0921,0.0929,2189146.34
2026-08-20 05:00:00+00:00,0.0929,0.0931,0.0925,0.0926,2467131.17
2026-08-20 06:00:00+00:00,0.0926,0.0933,0.0924,0.0933,3516870.96
2026-08-20 07:00:00+00:00,0.0932,0.0942,0.0931,0.0939,4186344.75
2026-08-20 08:00:00+00:00,0.094,0.0976,0.0939,0.097,23149157.75
2026-08-20 09:00:00+00:00,0.097,0.0978,0.0962,0.0967,13013485.06
2026-08-20 10:00:00+00:00,0.0967,0.0999,0.0966,0.0999,21902173.84
2026-08-20 11:00:00+00:00,0.0998,0.1017,0.0996,0.1004,23084007.86
2026-08-20 12:00:00+00:00,0.1004,0.1006,0.0983,0.0992,15241000.04
2026-08-20 13:00:00+00:00,0.0992,0.0996,0.098,0.0983,9632571.12
2026-08-20 14:00:00+00:00,0.0984,0.1,0.098,0.0996,7837721.67
2026-08-20 15:00:00+00:00,0.0996,0.1031,0.0992,0.1021,16165021.45
2026-08-20 16:00:00+00:00,0.1021,0.1032,0.1007,0.1032,11871289.89
2026-08-20 17:00:00+00:00,0.1031,0.1072,0.1027,0.1067,24041922.73
2026-08-20 18:00:00+00:00,0.1067,0.1092,0.1058,0.1075,22388409.16
2026-08-20 19:00:00+00:00,0.1075,0.1105,0.1074,0.1077,21652717.09
2026-08-20 20:00:00+00:00,0.1077,0.1118,0.1066,0.1117,20009698.85
2026-08-20 21:00:00+00:00,0.1117,0.1142,0.1103,0.1132,24045620.89
2026-08-20 22:00:00+00:00,0.1133,0.1164,0.113,0.1154,32821783.68
2026-08-20 23:00:00+00:00,0.1153,0.1189,0.1149,0.1166,23134145.03
2026-08-21 00:00:00+00:00,0.1166,0.1199,0.116,0.1197,21278263.28
2026-08-21 01:00:00+00:00,0.1197,0.1225,0.1177,0.1211,36368175.64
2026-08-21 02:00:00+00:00,0.1212,0.1246,0.1205,0.1234,30309337.06
2026-08-21 03:00:00+00:00,0.1235,0.1256,0.1207,0.1251,38424535.17
2026-08-21 04:00:00+00:00,0.1251,0.1266,0.1234,0.1259,30518194.72
2026-08-21 05:00:00+00:00,0.1259,0.1308,0.1255,0.1306,39065706.79
2026-08-21 06:00:00+00:00,0.1307,0.1317,0.1274,0.1302,37288389.06
2026-08-21 07:00:00+00:00,0.1302,0.1348,0.1295,0.131,41009121.35
2026-08-21 08:00:00+00:00,0.1311,0.1448,0.1311,0.1419,78966371.7
2026-08-21 09:00:00+00:00,0.1419,0.143,0.1311,0.1378,131231248.86
2026-08-21 10:00:00+00:00,0.1378,0.14,0.1338,0.1382,35886923.82
2026-08-21 11:00:00+00:00,0.1383,0.1438,0.1378,0.1405,65257908.08
2026-08-21 12:00:00+00:00,0.1406,0.1421,0.1373,0.1394,42383490.02
2026-08-21 13:00:00+00:00,0.1394,0.1454,0.1384,0.1448,45783605.78
2026-08-21 14:00:00+00:00,0.1449,0.1492,0.1421,0.1488,50416001.43
2026-08-21 15:00:00+00:00,0.1488,0.1555,0.1441,0.1499,136689071.7
2026-08-21 16:00:00+00:00,0.1499,0.1529,0.1475,0.1488,75108952.07
2026-08-21 17:00:00+00:00,0.1488,0.1522,0.1458,0.1487,31185395.58
2026-08-21 18:00:00+00:00,0.1487,0.1504,0.137,0.1405,55725012.88
2026-08-21 19:00:00+00:00,0.1405,0.1407,0.1351,0.1367,31342987.02
2026-08-21 20:00:00+00:00,0.1367,0.1411,0.136,0.1401,17074650.47
2026-08-21 21:00:00+00:00,0.1402,0.1446,0.1397,0.1429,28691235.82
2026-08-21 22:00:00+00:00,0.1429,0.1441,0.1391,0.1424,25925005.29
2026-08-21 23:00:00+00:00,0.1424,0.1435,0.1404,0.1421,20763311.0
2026-08-22 00:00:00+00:00,0.1421,0.1427,0.1398,0.1422,21190904.58
2026-08-22 01:00:00+00:00,0.1422,0.1461,0.1421,0.1435,28489203.25
2026-08-22 02:00:00+00:00,0.1435,0.1498,0.1435,0.1493,23321447.58
2026-08-22 03:00:00+00:00,0.1493,0.1604,0.1482,0.1557,79069982.92
2026-08-22 04:00:00+00:00,0.1558,0.1657,0.1558,0.1629,69895722.35
2026-08-22 05:00:00+00:00,0.1628,0.1635,0.1364,0.1508,172681985.38
2026-08-22 06:00:00+00:00,0.1508,0.1543,0.1471,0.1527,34990051.63
2026-08-22 07:00:00+00:00,0.1526,0.1582,0.1505,0.1522,33671316.68
2026-08-22 08:00:00+00:00,0.1522,0.1545,0.149,0.1516,26049323.88
2026-08-22 09:00:00+00:00,0.1516,0.1543,0.1492,0.1504,21844742.5
2026-08-22 10:00:00+00:00,0.1505,0.1513,0.1436,0.1505,40571965.0
2026-08-22 11:00:00+00:00,0.1505,0.1541,0.1494,0.153,18292149.03
2026-08-22 12:00:00+00:00,0.153,0.1607,0.1528,0.1582,29003538.36
2026-08-22 13:00:00+00:00,0.1583,0.1612,0.1553,0.1554,24260032.28
2026-08-22 14:00:00+00:00,0.1555,0.1566,0.1486,0.1507,32351915.49
2026-08-22 15:00:00+00:00,0.1506,0.1533,0.1476,0.1512,18004362.54
2026-08-22 16:00:00+00:00,0.1513,0.1522,0.1486,0.1507,14057059.16
2026-08-22 17:00:00+00:00,0.1508,0.1521,0.1492,0.1512,11678357.75
2026-08-22 18:00:00+00:00,0.1511,0.1537,0.1491,0.1529,6584258.33
2026-08-22 19:00:00+00:00,0.1529,0.1562,0.1508,0.1545,10231074.41
2026-08-22 20:00:00+00:00,0.1546,0.1585,0.154,0.1579,10345372.15
2026-08-22 21:00:00+00:00,0.1578,0.1586,0.1537,0.157,13985931.97
2026-08-22 22:00:00+00:00,0.1571,0.1631,0.1558,0.1582,31974093.82
2026-08-22 23:00:00+00:00,0.1582,0.1601,0.1562,0.1583,9375116.51
2026-08-23 00:00:00+00:00,0.1582,0.1609,0.1547,0.1593,16719323.33
2026-08-23 01:00:00+00:00,0.1593,0.1614,0.1561,0.1576,15575788.79
2026-08-23 02:00:00+00:00,0.1576,0.1578,0.1503,0.1539,26781119.37
2026-08-23 03:00:00+00:00,0.1539,0.1547,0.1485,0.1508,15414460.87
2026-08-23 04:00:00+00:00,0.1507,0.1521,0.1464,0.1489,17890602.96
2026-08-23 05:00:00+00:00,0.1488,0.154,0.1482,0.1503,20795103.93
2026-08-23 06:00:00+00:00,0.1504,0.1539,0.1494,0.1524,12301041.97
2026-08-23 07:00:00+00:00,0.1524,0.1567,0.152,0.1541,11385823.69
2026-08-23 08:00:00+00:00,0.154,0.1663,0.1536,0.1645,45363584.49
2026-08-23 09:00:00+00:00,0.1645,0.1747,0.1637,0.1742,72695996.42
2026-08-23 10:00:00+00:00,0.1742,0.1815,0.1709,0.1751,68869321.32
2026-08-23 11:00:00+00:00,0.175,0.1835,0.1737,0.176,50493573.58
2026-08-23 12:00:00+00:00,0.176,0.1783,0.1736,0.1757,26554798.53
2026-08-23 13:00:00+00:00,0.1757,0.18,0.1682,0.17,44712498.8
2026-08-23 14:00:00+00:00,0.17,0.1715,0.1659,0.1714,39600414.94
2026-08-23 15:00:00+00:00,0.1713,0.1749,0.1704,0.171,25002294.46
2026-08-23 16:00:00+00:00,0.1711,0.1717,0.1644,0.1672,32253916.72
2026-08-23 17:00:00+00:00,0.1672,0.1679,0.1642,0.1648,12197916.06
2026-08-23 18:00:00+00:00,0.1648,0.1673,0.1633,0.1672,10435131.18
2026-08-23 19:00:00+00:00,0.1671,0.1675,0.1644,0.165,10320172.98
2026-08-23 20:00:00+00:00,0.1649,0.1657,0.1633,0.1644,8426763.23
2026-08-23 21:00:00+00:00,0.1644,0.1677,0.1643,0.1655,10809880.75
2026-08-23 22:00:00+00:00,0.1655,0.1662,0.1619,0.164,9136276.95
2026-08-23 23:00:00+00:00,0.164,0.1647,0.16,0.1616,15860868.44
2026-08-24 00:00:00+00:00,0.1616,0.164,0.1587,0.1629,24067555.27
2026-08-24 01:00:00+00:00,0.1629,0.1642,0.1606,0.161,12996701.87
2026-08-24 02:00:00+00:00,0.161,0.1662,0.1595,0.1651,24218788.37
2026-08-24 03:00:00+00:00,0.165,0.1655,0.1614,0.164,15979932.72
2026-08-24 04:00:00+00:00,0.164,0.1698,0.164,0.1667,22632007.39
2026-08-24 05:00:00+00:00,0.1666,0.1693,0.1655,0.1678,15586953.31
2026-08-24 06:00:00+00:00,0.1677,0.1686,0.1592,0.162,24542196.69
2026-08-24 07:00:00+00:00,0.162,0.1641,0.161,0.1617,16118656.9
2026-08-24 08:00:00+00:00,0.1617,0.1634,0.1598,0.161,15335622.97
2026-08-24 09:00:00+00:00,0.1609,0.1629,0.1605,0.1607,6993860.83
2026-08-24 10:00:00+00:00,0.1606,0.1616,0.1574,0.1589,16787495.78
2026-08-24 11:00:00+00:00,0.1588,0.1625,0.1563,0.1617,30070848.31
2026-08-24 12:00:00+00:00,0.1617,0.164,0.1593,0.1634,19949339.64
2026-08-24 13:00:00+00:00,0.1634,0.1642,0.1581,0.1602,30604183.4
2026-08-24 14:00:00+00:00,0.1601,0.1641,0.1588,0.161,18753471.32
2026-08-24 15:00:00+00:00,0.161,0.165,0.1605,0.1614,26226562.8
2026-08-24 16:00:00+00:00,0.1614,0.1629,0.1576,0.1579,15950571.16
2026-08-24 17:00:00+00:00,0.1579,0.1589,0.1512,0.1536,34111622.26
2026-08-24 18:00:00+00:00,0.1536,0.1553,0.1513,0.152,8428854.32
2026-08-24 19:00:00+00:00,0.152,0.1531,0.1507,0.1524,6575139.25
2026-08-24 20:00:00+00:00,0.1525,0.1541,0.1504,0.1539,6739896.7
2026-08-24 21:00:00+00:00,0.154,0.1547,0.153,0.1534,4271848.82
2026-08-24 22:00:00+00:00,0.1534,0.1534,0.1495,0.15,6990390.07
2026-08-24 23:00:00+00:00,0.1499,0.1532,0.1491,0.1527,7296282.07
2026-08-25 00:00:00+00:00,0.1527,0.1563,0.1516,0.1549,11968222.8
2026-08-25 01:00:00+00:00,0.1549,0.1569,0.1534,0.1544,13438761.8
2026-08-25 02:00:00+00:00,0.1545,0.1598,0.1529,0.1558,21757371.88
2026-08-25 03:00:00+00:00,0.1558,0.1574,0.1541,0.1547,7913297.28
2026-08-25 04:00:00+00:00,0.1547,0.1567,0.1535,0.1559,6739049.58
2026-08-25 05:00:00+00:00,0.156,0.1582,0.1556,0.1564,5356262.16
2026-08-25 06:00:00+00:00,0.1564,0.1565,0.1519,0.1531,8588809.21
2026-08-25 07:00:00+00:00,0.1532,0.1566,0.1516,0.1516,15866985.84
2026-08-25 08:00:00+00:00,0.1516,0.1532,0.1496,0.1506,14871629.17
2026-08-25 09:00:00+00:00,0.1507,0.1529,0.1495,0.1506,10929786.54
2026-08-25 10:00:00+00:00,0.1505,0.1518,0.1499,0.1515,3892903.87
2026-08-25 11:00:00+00:00,0.1515,0.1515,0.1473,0.1475,11486637.74
2026-08-25 12:00:00+00:00,0.1475,0.1497,0.1469,0.1491,11742101.19
2026-08-25 13:00:00+00:00,0.1491,0.1492,0.1454,0.1476,15717025.29
2026-08-25 14:00:00+00:00,0.1475,0.1495,0.1473,0.1482,8605074.0
2026-08-25 15:00:00+00:00,0.1482,0.1495,0.1458,0.1492,5756346.51
2026-08-25 16:00:00+00:00,0.1492,0.1534,0.1491,0.1528,29005156.22
2026-08-25 17:00:00+00:00,0.1529,0.1529,0.1497,0.1506,6023868.96
2026-08-25 18:00:00+00:00,0.1506,0.1507,0.1477,0.1484,5145870.82
2026-08-25 19:00:00+00:00,0.1483,0.1491,0.1473,0.1476,2604721.78
2026-08-25 20:00:00+00:00,0.1476,0.1477,0.1437,0.1438,9208622.14
2026-08-25 21:00:00+00:00,0.1438,0.1453,0.1411,0.1442,13339052.48
2026-08-25 22:00:00+00:00,0.1442,0.1459,0.1442,0.1449,3518900.5
2026-08-25 23:00:00+00:00,0.1448,0.1458,0.1423,0.1429,4473544.96
2026-08-26 00:00:00+00:00,0.1429,0.1438,0.142,0.1433,7672663.88
2026-08-26 01:00:00+00:00,0.1432,0.1441,0.1415,0.142,5888234.42
2026-08-26 02:00:00+00:00,0.1421,0.1448,0.1417,0.1442,6192688.2
2026-08-26 03:00:00+00:00,0.1442,0.1447,0.141,0.1418,5139642.57
2026-08-26 04:00:00+00:00,0.1417,0.1423,0.141,0.1414,6990103.74
2026-08-26 05:00:00+00:00,0.1414,0.1432,0.141,0.143,4249867.21
2026-08-26 06:00:00+00:00,0.143,0.1445,0.1419,0.1438,9365356.58
2026-08-26 07:00:00+00:00,0.1437,0.1453,0.1425,0.1428,5464918.61
2026-08-26 08:00:00+00:00,0.1428,0.144,0.1424,0.1431,3741957.73
2026-08-26 09:00:00+00:00,0.1431,0.1436,0.1382,0.1401,17801688.74
2026-08-26 10:00:00+00:00,0.1401,0.1447,0.1396,0.1439,11049292.24
2026-08-26 11:00:00+00:00,0.1438,0.1455,0.1423,0.1435,5862741.7
2026-08-26 12:00:00+00:00,0.1435,0.145,0.1417,0.1424,8370157.79
2026-08-26 13:00:00+00:00,0.1425,0.1428,0.1383,0.1393,31964065.75
2026-08-26 14:00:00+00:00,0.1392,0.1402,0.1385,0.1388,7537539.06
2026-08-26 15:00:00+00:00,0.1389,0.1407,0.1377,0.1393,8976883.55
2026-08-26 16:00:00+00:00,0.1392,0.1395,0.135,0.1369,15615205.57
2026-08-26 17:00:00+00:00,0.137,0.138,0.135,0.1358,9744157.6
2026-08-26 18:00:00+00:00,0.1359,0.1381,0.1349,0.1381,8462038.57
2026-08-26 19:00:00+00:00,0.138,0.139,0.137,0.1382,4839469.61
2026-08-26 20:00:00+00:00,0.1381,0.1385,0.136,0.1378,2994921.91
2026-08-26 21:00:00+00:00,0.1379,0.141,0.1375,0.1409,5651116.63
2026-08-26 22:00:00+00:00,0.1409,0.1459,0.1409,0.1437,15333228.7
2026-08-26 23:00:00+00:00,0.1436,0.1488,0.1435,0.1475,17158730.07
2026-08-27 00:00:00+00:00,0.1474,0.1487,0.1457,0.1461,15688534.23
2026-08-27 01:00:00+00:00,0.1462,0.1498,0.1453,0.1464,11883484.24
2026-08-27 02:00:00+00:00,0.1464,0.1465,0.1432,0.1448,8761879.19
2026-08-27 03:00:00+00:00,0.1448,0.1449,0.1427,0.1446,6135634.57
2026-08-27 04:00:00+00:00,0.1447,0.146,0.1424,0.1452,6580864.88
2026-08-27 05:00:00+00:00,0.1453,0.1474,0.1439,0.1467,5848409.3
2026-08-27 06:00:00+00:00,0.1467,0.155,0.1448,0.152,27818272.08
2026-08-27 07:00:00+00:00,0.152,0.1529,0.1501,0.1509,14035711.43
2026-08-27 08:00:00+00:00,0.151,0.1571,0.1503,0.1567,30917125.73
2026-08-27 09:00:00+00:00,0.1567,0.16,0.1549,0.1552,48397945.86
2026-08-27 10:00:00+00:00,0.1553,0.1566,0.1489,0.1503,33044332.45
2026-08-27 11:00:00+00:00,0.1504,0.1504,0.1468,0.1477,14522523.64
2026-08-27 12:00:00+00:00,0.1477,0.1479,0.1441,0.1455,15024696.44
2026-08-27 13:00:00+00:00,0.1455,0.1572,0.145,0.1558,41216523.36
2026-08-27 14:00:00+00:00,0.1557,0.1615,0.15,0.1532,207901044.79
2026-08-27 15:00:00+00:00,0.1531,0.1632,0.152,0.1625,68767820.07
2026-08-27 16:00:00+00:00,0.1625,0.1705,0.1612,0.1678,100177269.71
2026-08-27 17:00:00+00:00,0.1678,0.1721,0.1652,0.1691,53186043.16
2026-08-27 18:00:00+00:00,0.1691,0.1702,0.1638,0.1685,45428211.34
2026-08-27 19:00:00+00:00,0.1685,0.1712,0.1667,0.1668,31439094.0
2026-08-27 20:00:00+00:00,0.1668,0.1697,0.1645,0.1681,32239169.32
2026-08-27 21:00:00+00:00,0.1681,0.1726,0.1675,0.1697,16014744.94
2026-08-27 22:00:00+00:00,0.1697,0.1725,0.1683,0.1699,15357914.29
2026-08-27 23:00:00+00:00,0.17,0.1722,0.1693,0.1701,15050113.7
2026-08-28 00:00:00+00:00,0.1702,0.1747,0.169,0.1719,23800923.4
2026-08-28 01:00:00+00:00,0.1719,0.1899,0.1719,0.1879,80543133.74
2026-08-28 02:00:00+00:00,0.1879,0.1894,0.1687,0.169,71557626.91
2026-08-28 03:00:00+00:00,0.1691,0.1691,0.1616,0.1646,46745504.66
2026-08-28 04:00:00+00:00,0.1646,0.1646,0.1567,0.1605,48970534.56
2026-08-28 05:00:00+00:00,0.1605,0.1638,0.159,0.162,30877085.1
2026-08-28 06:00:00+00:00,0.1621,0.1673,0.162,0.1664,24334291.45
2026-08-28 07:00:00+00:00,0.1665,0.1687,0.1636,0.1668,27434796.63
2026-08-28 08:00:00+00:00,0.1668,0.1712,0.1668,0.17,33888735.92
2026-08-28 09:00:00+00:00,0.17,0.1707,0.1628,0.1641,39017969.34
2026-08-28 10:00:00+00:00,0.1641,0.1683,0.1607,0.167,23111453.18
2026-08-28 11:00:00+00:00,0.1671,0.1691,0.1647,0.1659,15223657.79
2026-08-28 12:00:00+00:00,0.1659,0.1673,0.1617,0.1629,15738952.85
2026-08-28 13:00:00+00:00,0.1629,0.165,0.1614,0.1642,11514894.62
2026-08-28 14:00:00+00:00,0.1642,0.1687,0.1586,0.1676,46801967.05
2026-08-28 15:00:00+00:00,0.1676,0.1745,0.1661,0.1694,47775761.22
2026-08-28 16:00:00+00:00,0.1693,0.1701,0.1603,0.1657,51329003.78
2026-08-28 17:00:00+00:00,0.1657,0.1684,0.1615,0.1617,18039834.08
2026-08-28 18:00:00+00:00,0.1616,0.1618,0.1578,0.1594,20559725.45
2026-08-28 19:00:00+00:00,0.1595,0.1631,0.1593,0.1596,11199026.48
2026-08-28 20:00:00+00:00,0.1595,0.161,0.1583,0.1606,10445682.15
2026-08-28 21:00:00+00:00,0.1607,0.1614,0.1573,0.1588,8771487.19
2026-08-28 22:00:00+00:00,0.1588,0.1619,0.1581,0.1616,5109899.65
2026-08-28 23:00:00+00:00,0.1616,0.1637,0.1612,0.1624,10372833.76
2026-08-29 00:00:00+00:00,0.1625,0.1648,0.1623,0.163,6274389.42
2026-08-29 01:00:00+00:00,0.163,0.1631,0.1594,0.1602,8377834.99
2026-08-29 02:00:00+00:00,0.1603,0.1607,0.1582,0.1603,3935159.85
2026-08-29 03:00:00+00:00,0.1603,0.164,0.1597,0.1599,10976977.04
2026-08-29 04:00:00+00:00,0.1599,0.1621,0.1596,0.1605,4228197.03
2026-08-29 05:00:00+00:00,0.1606,0.1662,0.1604,0.1644,9744829.05
2026-08-29 06:00:00+00:00,0.1643,0.1645,0.1596,0.1612,7791062.22
2026-08-29 07:00:00+00:00,0.1612,0.1619,0.1585,0.159,5924107.78
2026-08-29 08:00:00+00:00,0.159,0.1591,0.155,0.1552,13538854.2
2026-08-29 09:00:00+00:00,0.1552,0.1571,0.1551,0.1568,9367695.38
2026-08-29 10:00:00+00:00,0.1569,0.157,0.1542,0.155,9142523.87
2026-08-29 11:00:00+00:00,0.155,0.1559,0.1539,0.155,7211528.41
2026-08-29 12:00:00+00:00,0.155,0.1558,0.1545,0.1551,4326124.27
2026-08-29 13:00:00+00:00,0.1551,0.1556,0.1546,0.1554,3256819.61
2026-08-29 14:00:00+00:00,0.1554,0.1595,0.1548,0.1587,12820048.98
2026-08-29 15:00:00+00:00,0.1588,0.1593,0.156,0.1565,8863152.29
2026-08-29 16:00:00+00:00,0.1565,0.1595,0.1562,0.1566,8126873.39
2026-08-29 17:00:00+00:00,0.1567,0.1577,0.1552,0.1569,3599064.02
2026-08-29 18:00:00+00:00,0.1569,0.1569,0.1555,0.1559,2597103.1
2026-08-29 19:00:00+00:00,0.156,0.1576,0.1557,0.1558,6184487.23
2026-08-29 20:00:00+00:00,0.1558,0.1564,0.1555,0.1558,1811579.9
2026-08-29 21:00:00+00:00,0.1558,0.1575,0.155,0.1551,6649961.44
2026-08-29 22:00:00+00:00,0.1552,0.1603,0.1551,0.1595,5127593.07
2026-08-29 23:00:00+00:00,0.1595,0.1608,0.1584,0.1596,9299659.8
2026-08-30 00:00:00+00:00,0.1596,0.1626,0.1589,0.1621,6972220.38
2026-08-30 01:00:00+00:00,0.1621,0.1621,0.1592,0.1596,7341506.97
2026-08-30 02:00:00+00:00,0.1597,0.1614,0.159,0.1599,6008864.62
2026-08-30 03:00:00+00:00,0.16,0.1606,0.1581,0.1582,4131381.44
2026-08-30 04:00:00+00:00,0.1583,0.1601,0.1575,0.1591,4961009.28
2026-08-30 05:00:00+00:00,0.1591,0.1611,0.1581,0.1598,3141427.37
2026-08-30 06:00:00+00:00,0.1598,0.1626,0.1592,0.1619,4605552.2
2026-08-30 07:00:00+00:00,0.162,0.1628,0.16,0.1603,9815248.92
2026-08-30 08:00:00+00:00,0.1604,0.1612,0.158,0.1593,6948811.48
2026-08-30 09:00:00+00:00,0.1593,0.1594,0.1564,0.1568,6245822.49
2026-08-30 10:00:00+00:00,0.1569,0.1586,0.1561,0.1584,3423277.1
2026-08-30 11:00:00+00:00,0.1585,0.1586,0.1569,0.1574,5671504.81
2026-08-30 12:00:00+00:00,0.1574,0.1618,0.1568,0.1616,11040753.99
2026-08-30 13:00:00+00:00,0.1616,0.1627,0.1601,0.1615,8932794.44
2026-08-30 14:00:00+00:00,0.1615,0.1619,0.1597,0.1597,5706263.77
2026-08-30 15:00:00+00:00,0.1597,0.16,0.1576,0.1581,5631126.09
2026-08-30 16:00:00+00:00,0.1581,0.1639,0.1579,0.1638,14195930.01
2026-08-30 17:00:00+00:00,0.1638,0.1651,0.1612,0.1632,25189796.02
2026-08-30 18:00:00+00:00,0.1633,0.1639,0.1608,0.1625,8418475.2
2026-08-30 19:00:00+00:00,0.1625,0.1629,0.1591,0.1599,6311951.38
2026-08-30 20:00:00+00:00,0.1599,0.1611,0.1578,0.1594,8942963.72
2026-08-30 21:00:00+00:00,0.1594,0.16,0.1572,0.1588,6993653.29
2026-08-30 22:00:00+00:00,0.1589,0.1601,0.1554,0.1557,6987596.19
2026-08-30 23:00:00+00:00,0.1557,0.156,0.1456,0.1482,33062349.28
2026-08-31 00:00:00+00:00,0.1481,0.1497,0.1467,0.1489,11912563.15
2026-08-31 01:00:00+00:00,0.1489,0.1495,0.1463,0.1467,9663178.3
2026-08-31 02:00:00+00:00,0.1467,0.1485,0.1462,0.1471,7225542.18
2026-08-31 03:00:00+00:00,0.1471,0.1495,0.1468,0.1492,4309635.72
2026-08-31 04:00:00+00:00,0.1493,0.1494,0.1456,0.1468,10528421.23
2026-08-31 05:00:00+00:00,0.1468,0.1518,0.1467,0.1506,9585119.84
2026-08-31 06:00:00+00:00,0.1507,0.1517,0.1487,0.1496,8971790.47
2026-08-31 07:00:00+00:00,0.1496,0.151,0.1495,0.1506,5123450.04
2026-08-31 08:00:00+00:00,0.1506,0.1515,0.1496,0.1508,4732779.19
2026-08-31 09:00:00+00:00,0.1508,0.1517,0.1502,0.1506,5283134.87
2026-08-31 10:00:00+00:00,0.1506,0.1536,0.15,0.1512,7815601.75
2026-08-31 11:00:00+00:00,0.1512,0.1514,0.1488,0.1493,5784743.56
2026-08-31 12:00:00+00:00,0.1493,0.1504,0.1483,0.1489,7205490.52
2026-08-31 13:00:00+00:00,0.1489,0.15,0.1483,0.1485,3752536.68
2026-08-31 14:00:00+00:00,0.1486,0.1526,0.1475,0.152,9971756.51
2026-08-31 15:00:00+00:00,0.1521,0.1534,0.1501,0.1514,6473148.92
2026-08-31 16:00:00+00:00,0.1514,0.1521,0.1497,0.1501,5273976.18
2026-08-31 17:00:00+00:00,0.1501,0.1504,0.1482,0.1493,6158349.3
2026-08-31 18:00:00+00:00,0.1493,0.1518,0.1487,0.1503,5663689.13
2026-08-31 19:00:00+00:00,0.1503,0.151,0.1488,0.149,5503109.65
2026-08-31 20:00:00+00:00,0.1491,0.1505,0.1484,0.149,3263937.87
2026-08-31 21:00:00+00:00,0.149,0.1497,0.1463,0.1494,7702655.75
2026-08-31 22:00:00+00:00,0.1494,0.1525,0.1494,0.1505,8756013.55
2026-08-31 23:00:00+00:00,0.1505,0.1505,0.1494,0.1495,5019308.31
2026-09-01 00:00:00+00:00,0.1495,0.153,0.1493,0.151,9838347.87
2026-09-01 01:00:00+00:00,0.151,0.1518,0.1497,0.15,4584805.55
2026-09-01 02:00:00+00:00,0.15,0.1501,0.1487,0.1493,2599627.27
2026-09-01 03:00:00+00:00,0.1493,0.1525,0.1492,0.1511,6082149.1
2026-09-01 04:00:00+00:00,0.1511,0.1516,0.1498,0.15,3327528.34
2026-09-01 05:00:00+00:00,0.1501,0.1532,0.15,0.1527,8402798.21
2026-09-01 06:00:00+00:00,0.1527,0.1528,0.15,0.1511,5634457.94
2026-09-01 07:00:00+00:00,0.1511,0.1531,0.151,0.1524,5394643.23
2026-09-01 08:00:00+00:00,0.1523,0.1526,0.1494,0.15,13736187.49
2026-09-01 09:00:00+00:00,0.1501,0.1522,0.1488,0.152,9958813.09
2026-09-01 10:00:00+00:00,0.152,0.1584,0.1517,0.1563,30676010.94
2026-09-01 11:00:00+00:00,0.1563,0.1657,0.1555,0.1655,30372277.0
2026-09-01 12:00:00+00:00,0.1656,0.167,0.1613,0.1616,39654983.85
2026-09-01 13:00:00+00:00,0.1616,0.1621,0.1585,0.1602,23897398.54
2026-09-01 14:00:00+00:00,0.1603,0.1646,0.1596,0.1633,15458327.08
2026-09-01 15:00:00+00:00,0.1634,0.1641,0.158,0.1625,22204737.81
2026-09-01 16:00:00+00:00,0.1625,0.1631,0.1593,0.1608,13826441.76
2026-09-01 17:00:00+00:00,0.1608,0.1643,0.1608,0.1611,15874624.77
2026-09-01 18:00:00+00:00,0.1612,0.1621,0.1538,0.1575,26434489.5
2026-09-01 19:00:00+00:00,0.1575,0.1599,0.1565,0.1572,13800450.52
2026-09-01 20:00:00+00:00,0.1571,0.1594,0.1564,0.1591,8098610.94
2026-09-01 21:00:00+00:00,0.1591,0.16,0.1563,0.1576,6814551.72
2026-09-01 22:00:00+00:00,0.1576,0.1585,0.1561,0.1563,4331345.67
2026-09-01 23:00:00+00:00,0.1562,0.1604,0.1553,0.1594,7287142.19
2026-09-02 00:00:00+00:00,0.1595,0.1605,0.1568,0.1576,7948503.78
2026-09-02 01:00:00+00:00,0.1576,0.1588,0.1552,0.1573,9784626.51
2026-09-02 02:00:00+00:00,0.1572,0.1596,0.1557,0.1588,7640984.08
2026-09-02 03:00:00+00:00,0.1588,0.1624,0.1587,0.1601,17947872.23
2026-09-02 04:00:00+00:00,0.1602,0.1607,0.1577,0.159,8950814.01
2026-09-02 05:00:00+00:00,0.159,0.1618,0.1576,0.1595,8508294.15
2026-09-02 06:00:00+00:00,0.1595,0.1597,0.1558,0.157,9040033.02
2026-09-02 07:00:00+00:00,0.157,0.1588,0.1564,0.1571,6170014.04
2026-09-02 08:00:00+00:00,0.1571,0.1604,0.1553,0.1562,11348499.82
2026-09-02 09:00:00+00:00,0.1562,0.1581,0.154,0.1546,9077882.46
2026-09-02 10:00:00+00:00,0.1547,0.1547,0.1502,0.1521,16590624.69
2026-09-02 11:00:00+00:00,0.1521,0.1524,0.1505,0.1511,9017319.81
2026-09-02 12:00:00+00:00,0.1511,0.153,0.1485,0.149,19039520.97
2026-09-02 13:00:00+00:00,0.149,0.1533,0.149,0.1517,13906275.65
2026-09-02 14:00:00+00:00,0.1517,0.1524,0.1498,0.15,6231615.86
2026-09-02 15:00:00+00:00,0.1501,0.1512,0.1489,0.1511,7131028.43
2026-09-02 16:00:00+00:00,0.151,0.152,0.149,0.1494,6368780.39
2026-09-02 17:00:00+00:00,0.1494,0.1502,0.1473,0.15,7950653.18
2026-09-02 18:00:00+00:00,0.1501,0.1512,0.1493,0.1499,5248429.85
2026-09-02 19:00:00+00:00,0.1498,0.1498,0.1483,0.149,2128828.28
2026-09-02 20:00:00+00:00,0.1491,0.1503,0.1487,0.1494,5111288.53
2026-09-02 21:00:00+00:00,0.1493,0.1495,0.1473,0.1484,4081978.82
2026-09-02 22:00:00+00:00,0.1484,0.1485,0.1463,0.1471,4387899.15
2026-09-02 23:00:00+00:00,0.147,0.1495,0.1469,0.1492,3122907.09
2026-09-03 00:00:00+00:00,0.1492,0.1508,0.1481,0.1496,5552623.85
2026-09-03 01:00:00+00:00,0.1496,0.1525,0.1486,0.15,9518406.13
2026-09-03 02:00:00+00:00,0.15,0.1533,0.1498,0.1532,8110760.76
2026-09-03 03:00:00+00:00,0.1531,0.1532,0.1505,0.151,4151305.33
2026-09-03 04:00:00+00:00,0.151,0.1517,0.15,0.1517,3959328.14
2026-09-03 05:00:00+00:00,0.1517,0.1522,0.149,0.1515,4664575.64
2026-09-03 06:00:00+00:00,0.1516,0.1517,0.1506,0.1511,3170057.57
2026-09-03 07:00:00+00:00,0.151,0.1539,0.1509,0.1516,9118962.7
2026-09-03 08:00:00+00:00,0.1517,0.1538,0.1508,0.1511,6849597.37
2026-09-03 09:00:00+00:00,0.1511,0.1522,0.1503,0.151,5167375.08
2026-09-03 10:00:00+00:00,0.151,0.1516,0.1498,0.1514,6025612.53
2026-09-03 11:00:00+00:00,0.1515,0.1552,0.1511,0.1542,14734156.48
2026-09-03 12:00:00+00:00,0.1542,0.1579,0.1541,0.1564,17539149.78
2026-09-03 13:00:00+00:00,0.1563,0.1564,0.1542,0.1559,8774177.25
2026-09-03 14:00:00+00:00,0.1559,0.1606,0.1552,0.1603,18651957.07
2026-09-03 15:00:00+00:00,0.1602,0.17,0.159,0.1696,42898947.16
2026-09-03 16:00:00+00:00,0.1696,0.1739,0.1687,0.1725,54060056.48
2026-09-03 17:00:00+00:00,0.1726,0.1799,0.1725,0.1787,36224371.22
2026-09-03 18:00:00+00:00,0.1787,0.18,0.1741,0.1749,20923351.01
2026-09-03 19:00:00+00:00,0.1748,0.1749,0.1702,0.1708,19548015.97
2026-09-03 20:00:00+00:00,0.1709,0.1713,0.1684,0.1697,13023796.74
2026-09-03 21:00:00+00:00,0.1697,0.1714,0.1679,0.1696,11799598.33
2026-09-03 22:00:00+00:00,0.1696,0.1697,0.1654,0.1687,13726945.33
2026-09-03 23:00:00+00:00,0.1687,0.1694,0.1678,0.1684,8355353.9
2026-09-04 00:00:00+00:00,0.1685,0.1713,0.1663,0.1664,14165036.53
2026-09-04 01:00:00+00:00,0.1663,0.1704,0.1653,0.1687,18617755.22
2026-09-04 02:00:00+00:00,0.1687,0.1701,0.167,0.1691,10327194.25
2026-09-04 03:00:00+00:00,0.1692,0.1699,0.1658,0.1663,6742143.56
2026-09-04 04:00:00+00:00,0.1662,0.1677,0.1645,0.1655,6781953.57
2026-09-04 05:00:00+00:00,0.1655,0.1656,0.1612,0.1623,15175854.69
2026-09-04 06:00:00+00:00,0.1622,0.1645,0.1613,0.1644,6649160.2
2026-09-04 07:00:00+00:00,0.1644,0.1669,0.164,0.1657,8138951.59
2026-09-04 08:00:00+00:00,0.1658,0.1701,0.1656,0.17,9932888.83
2026-09-04 09:00:00+00:00,0.1699,0.1728,0.1688,0.1698,13724899.41
2026-09-04 10:00:00+00:00,0.1698,0.172,0.1666,0.1688,16077024.52
2026-09-04 11:00:00+00:00,0.1689,0.1718,0.1689,0.1698,9839728.57
2026-09-04 12:00:00+00:00,0.1698,0.1706,0.157,0.1638,55263124.3
2026-09-04 13:00:00+00:00,0.1638,0.1686,0.1621,0.166,22162859.25
2026-09-04 14:00:00+00:00,0.166,0.1669,0.1608,0.162,14766772.4
2026-09-04 15:00:00+00:00,0.1621,0.1659,0.1614,0.1646,11765336.21
2026-09-04 16:00:00+00:00,0.1646,0.1675,0.1644,0.1658,12052453.63
2026-09-04 17:00:00+00:00,0.1659,0.1662,0.1634,0.1641,8406383.14
2026-09-04 18:00:00+00:00,0.1641,0.1656,0.1641,0.165,3756791.32
2026-09-04 19:00:00+00:00,0.165,0.1659,0.1633,0.1635,5145758.19
2026-09-04 20:00:00+00:00,0.1635,0.1646,0.1634,0.1638,4515218.29
2026-09-04 21:00:00+00:00,0.1637,0.1652,0.1628,0.1632,5229854.78
2026-09-04 22:00:00+00:00,0.1632,0.1635,0.1617,0.1627,7221760.55
2026-09-04 23:00:00+00:00,0.1627,0.1635,0.1623,0.1628,3860691.93
2026-09-05 00:00:00+00:00,0.1628,0.1632,0.1616,0.1616,5136045.27
2026-09-05 01:00:00+00:00,0.1617,0.1643,0.1617,0.1627,4555628.07
2026-09-05 02:00:00+00:00,0.1628,0.1646,0.1615,0.1642,6624443.42
2026-09-05 03:00:00+00:00,0.1642,0.1654,0.1632,0.1635,3807961.67
2026-09-05 04:00:00+00:00,0.1634,0.1641,0.1624,0.1637,3883707.05
2026-09-05 05:00:00+00:00,0.1638,0.1638,0.1619,0.163,5230987.09
2026-09-05 06:00:00+00:00,0.163,0.1664,0.1629,0.1659,6510759.99
2026-09-05 07:00:00+00:00,0.1659,0.1672,0.1643,0.1645,6844113.3
2026-09-05 08:00:00+00:00,0.1645,0.1647,0.1629,0.164,5593464.24
2026-09-05 09:00:00+00:00,0.1639,0.1645,0.1632,0.1635,4842785.89
2026-09-05 10:00:00+00:00,0.1636,0.1643,0.1633,0.1633,3525513.44
2026-09-05 11:00:00+00:00,0.1634,0.1642,0.163,0.1637,4445691.03
2026-09-05 12:00:00+00:00,0.1637,0.1658,0.1624,0.1658,10367084.57
2026-09-05 13:00:00+00:00,0.1657,0.166,0.163,0.1638,7603756.64
2026-09-05 14:00:00+00:00,0.1638,0.1643,0.1625,0.1631,8527658.06
2026-09-05 15:00:00+00:00,0.1631,0.1633,0.1616,0.1626,7377248.4
2026-09-05 16:00:00+00:00,0.1626,0.164,0.1623,0.1636,7604665.27
2026-09-05 17:00:00+00:00,0.1637,0.1661,0.1632,0.1659,10053044.3
2026-09-05 18:00:00+00:00,0.1659,0.1676,0.1641,0.1645,10391893.67
2026-09-05 19:00:00+00:00,0.1644,0.1671,0.1634,0.1637,6655130.33
2026-09-05 20:00:00+00:00,0.1638,0.1675,0.1638,0.1673,9724187.69
2026-09-05 21:00:00+00:00,0.1674,0.1743,0.1654,0.1742,29828646.35
2026-09-05 22:00:00+00:00,0.1742,0.175,0.1686,0.1699,19823235.88
2026-09-05 23:00:00+00:00,0.1699,0.1735,0.1699,0.1719,11860158.54
2026-09-06 00:00:00+00:00,0.1719,0.1817,0.1718,0.1817,28781873.31
2026-09-06 01:00:00+00:00,0.1817,0.1889,0.1817,0.1848,47415415.3
2026-09-06 02:00:00+00:00,0.1849,0.1859,0.1779,0.1786,26117375.3
2026-09-06 03:00:00+00:00,0.1786,0.1816,0.1769,0.1778,19187786.0
2026-09-06 04:00:00+00:00,0.1779,0.1783,0.1744,0.1755,20803906.93
2026-09-06 05:00:00+00:00,0.1754,0.1767,0.1699,0.1753,20624527.49
2026-09-06 06:00:00+00:00,0.1753,0.176,0.1735,0.1757,9019436.08
2026-09-06 07:00:00+00:00,0.1757,0.1766,0.1723,0.1755,9760182.04
2026-09-06 08:00:00+00:00,0.1754,0.1762,0.1733,0.1756,6651028.6
2026-09-06 09:00:00+00:00,0.1756,0.1781,0.1751,0.1761,13278527.86
2026-09-06 10:00:00+00:00,0.1761,0.1766,0.1738,0.1752,5006676.27
2026-09-06 11:00:00+00:00,0.1752,0.1753,0.1737,0.1747,6482446.51
2026-09-06 12:00:00+00:00,0.1747,0.1749,0.1711,0.1723,13817667.08
2026-09-06 13:00:00+00:00,0.1723,0.1737,0.1711,0.173,8938035.44
2026-09-06 14:00:00+00:00,0.173,0.174,0.1703,0.1724,11473260.03
2026-09-06 15:00:00+00:00,0.1724,0.1724,0.1706,0.1715,7331156.83
2026-09-06 16:00:00+00:00,0.1716,0.1749,0.1707,0.174,7336530.85
2026-09-06 17:00:00+00:00,0.1741,0.1742,0.1719,0.1736,3909889.74
2026-09-06 18:00:00+00:00,0.1736,0.1758,0.1736,0.1753,3711111.47
2026-09-06 19:00:00+00:00,0.1753,0.1765,0.1749,0.1755,3645269.58
2026-09-06 20:00:00+00:00,0.1756,0.1771,0.1748,0.1755,5032492.86
2026-09-06 21:00:00+00:00,0.1756,0.1772,0.1754,0.177,3609201.52
2026-09-06 22:00:00+00:00,0.1769,0.1771,0.1738,0.175,9683310.07
2026-09-06 23:00:00+00:00,0.175,0.1764,0.1745,0.1762,9177102.88
2026-09-07 00:00:00+00:00,0.1762,0.1769,0.1749,0.1759,6570253.1
2026-09-07 01:00:00+00:00,0.1759,0.1769,0.1722,0.1729,10820104.24
2026-09-07 02:00:00+00:00,0.1729,0.1774,0.1715,0.1738,11878348.74
2026-09-07 03:00:00+00:00,0.1739,0.1746,0.1722,0.1729,6192318.09
2026-09-07 04:00:00+00:00,0.1729,0.1755,0.172,0.1752,6228084.41
2026-09-07 05:00:00+00:00,0.1752,0.1778,0.1748,0.1756,6654349.49
2026-09-07 06:00:00+00:00,0.1755,0.1761,0.1731,0.174,4428274.4
2026-09-07 07:00:00+00:00,0.174,0.1741,0.1666,0.17,18183217.0
2026-09-07 08:00:00+00:00,0.1701,0.1719,0.1699,0.1709,6645670.14
2026-09-07 09:00:00+00:00,0.171,0.1718,0.1695,0.1697,5065329.01
2026-09-07 10:00:00+00:00,0.1697,0.1715,0.1692,0.1706,4896575.42
2026-09-07 11:00:00+00:00,0.1706,0.1708,0.1694,0.1698,5107520.99
2026-09-07 12:00:00+00:00,0.1698,0.1714,0.1691,0.1712,6995044.15
2026-09-07 13:00:00+00:00,0.1712,0.1718,0.169,0.1698,8897520.9
2026-09-07 14:00:00+00:00,0.1698,0.17,0.167,0.1685,12134236.8
2026-09-07 15:00:00+00:00,0.1685,0.1686,0.1631,0.1641,15856163.82
2026-09-07 16:00:00+00:00,0.164,0.1665,0.164,0.166,4876633.98
2026-09-07 17:00:00+00:00,0.1659,0.168,0.1655,0.1672,5481037.01
2026-09-07 18:00:00+00:00,0.1673,0.1675,0.1651,0.1656,3624526.39
2026-09-07 19:00:00+00:00,0.1656,0.1667,0.165,0.1664,2884190.8
2026-09-07 20:00:00+00:00,0.1663,0.1664,0.1634,0.1647,7138740.82
2026-09-07 21:00:00+00:00,0.1648,0.1656,0.1643,0.1647,2238942.01
2026-09-07 22:00:00+00:00,0.1647,0.1649,0.1623,0.1634,5671825.16
2026-09-07 23:00:00+00:00,0.1634,0.1647,0.163,0.1642,3520697.62
2026-09-08 00:00:00+00:00,0.1642,0.1661,0.1633,0.166,5094624.7
2026-09-08 01:00:00+00:00,0.1659,0.1686,0.1653,0.1685,8543264.05
2026-09-08 02:00:00+00:00,0.1685,0.1687,0.1644,0.1644,7296710.89
2026-09-08 03:00:00+00:00,0.1644,0.1652,0.1635,0.1642,7816998.36
2026-09-08 04:00:00+00:00,0.1642,0.1649,0.1636,0.1645,7346739.53
2026-09-08 05:00:00+00:00,0.1645,0.1669,0.164,0.165,9297602.46
2026-09-08 06:00:00+00:00,0.165,0.1651,0.1613,0.1624,14491004.77
2026-09-08 07:00:00+00:00,0.1624,0.1635,0.1616,0.1622,6133023.17
2026-09-08 08:00:00+00:00,0.1622,0.1632,0.161,0.1621,8625821.8
2026-09-08 09:00:00+00:00,0.1622,0.1654,0.1616,0.1649,7733474.47
2026-09-08 10:00:00+00:00,0.1649,0.1653,0.1622,0.1624,7275529.29
2026-09-08 11:00:00+00:00,0.1625,0.1627,0.1596,0.1605,12536411.1
2026-09-08 12:00:00+00:00,0.1605,0.1605,0.1581,0.1597,10605579.66
2026-09-08 13:00:00+00:00,0.1596,0.1605,0.1567,0.1594,16022177.15
2026-09-08 14:00:00+00:00,0.1593,0.1624,0.159,0.1614,11041838.37
2026-09-08 15:00:00+00:00,0.1614,0.1633,0.1607,0.1633,10127013.66
2026-09-08 16:00:00+00:00,0.1632,0.1635,0.1605,0.1622,8362966.6
2026-09-08 17:00:00+00:00,0.1622,0.1626,0.1594,0.1598,10257882.26
2026-09-08 18:00:00+00:00,0.1598,0.1611,0.1584,0.1593,5791747.47
2026-09-08 19:00:00+00:00,0.1592,0.1605,0.1589,0.1596,4752828.69
2026-09-08 20:00:00+00:00,0.1597,0.1607,0.1593,0.1595,3572863.27
2026-09-08 21:00:00+00:00,0.1595,0.1603,0.1589,0.1596,3197838.99
2026-09-08 22:00:00+00:00,0.1597,0.1606,0.1591,0.16,2941179.35
2026-09-08 23:00:00+00:00,0.1599,0.1602,0.1588,0.1592,4565568.71
2026-09-09 00:00:00+00:00,0.1593,0.1608,0.1591,0.1604,4506809.08
2026-09-09 01:00:00+00:00,0.1605,0.1615,0.1597,0.1612,3627022.06
2026-09-09 02:00:00+00:00,0.1612,0.1614,0.1594,0.1598,4239516.54
2026-09-09 03:00:00+00:00,0.1598,0.16,0.1589,0.1593,3129783.48
2026-09-09 04:00:00+00:00,0.1593,0.1632,0.1593,0.1632,9100504.14
2026-09-09 05:00:00+00:00,0.1631,0.165,0.1622,0.1637,11967122.2
2026-09-09 06:00:00+00:00,0.1637,0.1676,0.1632,0.1667,11170054.26
2026-09-09 07:00:00+00:00,0.1668,0.1683,0.1657,0.1672,9753743.25
2026-09-09 08:00:00+00:00,0.1672,0.1692,0.1669,0.1679,8877700.68
2026-09-09 09:00:00+00:00,0.1679,0.1679,0.1632,0.1636,14260194.89
2026-09-09 10:00:00+00:00,0.1635,0.1649,0.1625,0.1638,9397303.09
2026-09-09 11:00:00+00:00,0.1638,0.1652,0.1621,0.1644,9420995.73
2026-09-09 12:00:00+00:00,0.1645,0.1653,0.1632,0.164,10248219.4
2026-09-09 13:00:00+00:00,0.1639,0.1641,0.1613,0.1624,11941463.94
2026-09-09 14:00:00+00:00,0.1624,0.1646,0.1604,0.1617,13950342.9
2026-09-09 15:00:00+00:00,0.1617,0.1632,0.1535,0.1564,42766658.47
2026-09-09 16:00:00+00:00,0.1563,0.1576,0.1553,0.1563,13346250.87
2026-09-09 17:00:00+00:00,0.1563,0.1586,0.1558,0.1573,12077993.05
2026-09-09 18:00:00+00:00,0.1574,0.1579,0.1564,0.1566,6286499.7
2026-09-09 19:00:00+00:00,0.1567,0.1571,0.1523,0.1528,10238643.99
2026-09-09 20:00:00+00:00,0.1528,0.1543,0.1519,0.1539,12935821.29
2026-09-09 21:00:00+00:00,0.154,0.154,0.1507,0.1527,10709492.2
2026-09-09 22:00:00+00:00,0.1526,0.1531,0.1498,0.15,14946500.29
2026-09-09 23:00:00+00:00,0.1501,0.1526,0.1501,0.1521,4133825.44
2026-09-10 00:00:00+00:00,0.1521,0.1523,0.149,0.1496,9928242.45
2026-09-10 01:00:00+00:00,0.1496,0.1514,0.1476,0.1489,9801591.27
2026-09-10 02:00:00+00:00,0.1488,0.1518,0.1487,0.1511,8475053.32
2026-09-10 03:00:00+00:00,0.1511,0.1515,0.1492,0.1502,8482158.56
2026-09-10 04:00:00+00:00,0.1502,0.1512,0.1498,0.1509,5130165.44
2026-09-10 05:00:00+00:00,0.151,0.1518,0.1501,0.1516,5199622.33
2026-09-10 06:00:00+00:00,0.1517,0.1522,0.1501,0.1519,2808177.6
2026-09-10 07:00:00+00:00,0.1519,0.1519,0.1484,0.1496,6489352.78
2026-09-10 08:00:00+00:00,0.1495,0.1501,0.1492,0.1493,6638436.14
2026-09-10 09:00:00+00:00,0.1493,0.1502,0.1488,0.1492,6250537.85
2026-09-10 10:00:00+00:00,0.1492,0.1501,0.149,0.1491,5277692.09
2026-09-10 11:00:00+00:00,0.1491,0.1509,0.148,0.1488,9670377.38
2026-09-10 12:00:00+00:00,0.1487,0.1494,0.1437,0.147,30553468.99
2026-09-10 13:00:00+00:00,0.1469,0.1478,0.1455,0.1465,20950177.65
2026-09-10 14:00:00+00:00,0.1465,0.1502,0.1464,0.1501,16393721.24
2026-09-10 15:00:00+00:00,0.15,0.15,0.1477,0.1485,7758235.33
2026-09-10 16:00:00+00:00,0.1484,0.1488,0.1456,0.1474,8222581.36
2026-09-10 17:00:00+00:00,0.1474,0.149,0.1471,0.1479,10849275.83
2026-09-10 18:00:00+00:00,0.1478,0.148,0.146,0.1468,5341575.85
2026-09-10 19:00:00+00:00,0.1469,0.1469,0.1434,0.1438,13412970.61
2026-09-10 20:00:00+00:00,0.1438,0.1455,0.1435,0.1452,13005655.68
2026-09-10 21:00:00+00:00,0.1451,0.1461,0.1445,0.1452,5391187.74
2026-09-10 22:00:00+00:00,0.1453,0.1461,0.144,0.144,6012247.4
2026-09-10 23:00:00+00:00,0.1441,0.1446,0.1428,0.1429,8911537.28
2026-09-11 00:00:00+00:00,0.143,0.1447,0.1429,0.1447,4905487.68
2026-09-11 01:00:00+00:00,0.1446,0.1458,0.1438,0.1448,5851155.45
2026-09-11 02:00:00+00:00,0.1449,0.1457,0.1441,0.1455,2660247.76
2026-09-11 03:00:00+00:00,0.1455,0.1461,0.1447,0.146,4943134.55
2026-09-11 04:00:00+00:00,0.146,0.1471,0.1458,0.1467,5012996.96
2026-09-11 05:00:00+00:00,0.1466,0.1473,0.1463,0.1473,6692157.36
2026-09-11 06:00:00+00:00,0.1473,0.1475,0.1456,0.1461,5850286.55
2026-09-11 07:00:00+00:00,0.146,0.1463,0.1445,0.1449,6141626.08
2026-09-11 08:00:00+00:00,0.1449,0.1459,0.1443,0.1449,6095420.2
2026-09-11 09:00:00+00:00,0.1449,0.1451,0.1429,0.1439,6993445.51
2026-09-11 10:00:00+00:00,0.1438,0.1446,0.1425,0.1426,7445740.15
2026-09-11 11:00:00+00:00,0.1426,0.1431,0.1412,0.1429,11317050.39
2026-09-11 12:00:00+00:00,0.1428,0.1488,0.1398,0.1479,70789765.31
2026-09-11 13:00:00+00:00,0.1479,0.1565,0.1453,0.1558,47585392.61
2026-09-11 14:00:00+00:00,0.1559,0.1577,0.1509,0.1531,50447080.08
2026-09-11 15:00:00+00:00,0.1531,0.1544,0.1475,0.1489,27889622.21
2026-09-11 16:00:00+00:00,0.1488,0.1508,0.1454,0.1473,19436349.74
2026-09-11 17:00:00+00:00,0.1474,0.1484,0.1447,0.1455,8350543.14
2026-09-11 18:00:00+00:00,0.1454,0.146,0.1415,0.1419,15460605.65
2026-09-11 19:00:00+00:00,0.1419,0.1428,0.1406,0.1424,9871164.1
2026-09-11 20:00:00+00:00,0.1424,0.1437,0.1396,0.1406,11701563.45
2026-09-11 21:00:00+00:00,0.1406,0.1422,0.1384,0.1388,9269949.96
2026-09-11 22:00:00+00:00,0.1388,0.1399,0.1381,0.1384,11224530.39
2026-09-11 23:00:00+00:00,0.1384,0.1405,0.1383,0.1404,5550698.91
2026-09-12 00:00:00+00:00,0.1404,0.1413,0.1401,0.1411,4584144.03
2026-09-12 01:00:00+00:00,0.141,0.142,0.1408,0.1416,3843474.86
2026-09-12 02:00:00+00:00,0.1416,0.1433,0.141,0.1415,9015381.56
2026-09-12 03:00:00+00:00,0.1414,0.1419,0.1404,0.1417,4414732.05
2026-09-12 04:00:00+00:00,0.1418,0.1418,0.1404,0.1405,3875592.58
2026-09-12 05:00:00+00:00,0.1404,0.1409,0.1397,0.1404,5833175.74
2026-09-12 06:00:00+00:00,0.1405,0.1423,0.1399,0.1416,5255772.33
2026-09-12 07:00:00+00:00,0.1416,0.1432,0.1416,0.1428,3125728.73
2026-09-12 08:00:00+00:00,0.1428,0.1434,0.1417,0.142,3417807.33
2026-09-12 09:00:00+00:00,0.142,0.1421,0.1409,0.1417,6089813.03
2026-09-12 10:00:00+00:00,0.1418,0.1422,0.141,0.1415,4510229.56
2026-09-12 11:00:00+00:00,0.1414,0.1416,0.1406,0.1415,3614829.35
2026-09-12 12:00:00+00:00,0.1414,0.1422,0.1407,0.1417,4138036.72
2026-09-12 13:00:00+00:00,0.1417,0.1419,0.1411,0.1416,5137787.8
2026-09-12 14:00:00+00:00,0.1415,0.143,0.1413,0.1428,3208791.46
2026-09-12 15:00:00+00:00,0.1428,0.1439,0.1427,0.1435,5611708.23
2026-09-12 16:00:00+00:00,0.1435,0.1439,0.1425,0.1427,3412901.56
2026-09-12 17:00:00+00:00,0.1427,0.143,0.1421,0.1424,2390720.48
2026-09-12 18:00:00+00:00,0.1424,0.1428,0.1415,0.1417,3439934.78
2026-09-12 19:00:00+00:00,0.1418,0.1418,0.1404,0.1409,2873784.55
2026-09-12 20:00:00+00:00,0.1408,0.1418,0.1407,0.1413,1746157.07
2026-09-12 21:00:00+00:00,0.1413,0.1421,0.1409,0.1414,1410861.61
2026-09-12 22:00:00+00:00,0.1414,0.1424,0.1412,0.1419,3114620.86
2026-09-12 23:00:00+00:00,0.1418,0.1425,0.1418,0.1424,652667.24
2026-09-13 00:00:00+00:00,0.1424,0.1427,0.1415,0.1415,1913263.07
2026-09-13 01:00:00+00:00,0.1415,0.1418,0.1408,0.1416,3526271.56
2026-09-13 02:00:00+00:00,0.1416,0.1421,0.1407,0.1412,3939977.3
2026-09-13 03:00:00+00:00,0.1411,0.1416,0.14,0.1408,4795231.08
2026-09-13 04:00:00+00:00,0.1408,0.1416,0.1407,0.1414,2411792.78
2026-09-13 05:00:00+00:00,0.1413,0.1422,0.1412,0.1418,1506534.32
2026-09-13 06:00:00+00:00,0.1419,0.1419,0.1394,0.1398,2488822.44
2026-09-13 07:00:00+00:00,0.1398,0.1405,0.1392,0.1393,4377705.85
2026-09-13 08:00:00+00:00,0.1393,0.1396,0.1383,0.1386,6300195.8
2026-09-13 09:00:00+00:00,0.1387,0.1398,0.1383,0.1397,3541421.36
2026-09-13 10:00:00+00:00,0.1396,0.14,0.1388,0.1392,3047614.13
2026-09-13 11:00:00+00:00,0.1392,0.1406,0.1391,0.1399,1945010.97
2026-09-13 12:00:00+00:00,0.14,0.1403,0.1391,0.1399,2224885.23
2026-09-13 13:00:00+00:00,0.1399,0.1401,0.1374,0.1395,5214938.13
2026-09-13 14:00:00+00:00,0.1396,0.1408,0.1393,0.1401,3195386.22
2026-09-13 15:00:00+00:00,0.1401,0.1401,0.1384,0.1386,3480640.76
2026-09-13 16:00:00+00:00,0.1385,0.1399,0.1385,0.1398,2533241.76
2026-09-13 17:00:00+00:00,0.1398,0.1413,0.1398,0.141,3422269.28
2026-09-13 18:00:00+00:00,0.1409,0.1412,0.1405,0.1406,2284634.98
2026-09-13 19:00:00+00:00,0.1407,0.141,0.1387,0.139,2132246.78
2026-09-13 20:00:00+00:00,0.139,0.1402,0.1388,0.1402,1633023.41
2026-09-13 21:00:00+00:00,0.1402,0.1403,0.1394,0.1394,1579719.26
2026-09-13 22:00:00+00:00,0.1393,0.1393,0.1353,0.1368,10087313.38
2026-09-13 23:00:00+00:00,0.1368,0.1376,0.1359,0.1361,4700795.95
2026-09-14 00:00:00+00:00,0.1361,0.1375,0.1348,0.1372,6045904.52
2026-09-14 01:00:00+00:00,0.1371,0.1386,0.1361,0.1384,3058506.51
2026-09-14 02:00:00+00:00,0.1384,0.1414,0.1378,0.1404,7762489.16
2026-09-14 03:00:00+00:00,0.1403,0.1417,0.1402,0.1406,3169217.42
2026-09-14 04:00:00+00:00,0.1406,0.1416,0.1402,0.1407,5572241.91
2026-09-14 05:00:00+00:00,0.1408,0.141,0.1402,0.1407,1644062.62
2026-09-14 06:00:00+00:00,0.1408,0.1423,0.1394,0.1404,8939237.44
2026-09-14 07:00:00+00:00,0.1405,0.1415,0.14,0.141,5889119.74
2026-09-14 08:00:00+00:00,0.141,0.1424,0.1406,0.1417,5923461.75
2026-09-14 09:00:00+00:00,0.1417,0.1435,0.1396,0.1423,11812610.58
2026-09-14 10:00:00+00:00,0.1423,0.1426,0.141,0.1415,5432468.04
2026-09-14 11:00:00+00:00,0.1415,0.1422,0.1409,0.1414,4129478.67
2026-09-14 12:00:00+00:00,0.1413,0.1421,0.1398,0.14,6756999.79
2026-09-14 13:00:00+00:00,0.14,0.1416,0.138,0.1402,14894919.91
2026-09-14 14:00:00+00:00,0.1401,0.1418,0.1393,0.1397,7132354.7
2026-09-14 15:00:00+00:00,0.1397,0.1425,0.1394,0.1418,8531921.65
2026-09-14 16:00:00+00:00,0.1418,0.1433,0.1409,0.142,6617593.8
2026-09-14 17:00:00+00:00,0.142,0.1441,0.1415,0.1436,9466040.9
2026-09-14 18:00:00+00:00,0.1436,0.1463,0.1427,0.1454,17952088.73
2026-09-14 19:00:00+00:00,0.1454,0.1467,0.1439,0.1455,15961670.8
2026-09-14 20:00:00+00:00,0.1455,0.1488,0.1447,0.1466,16937890.14
2026-09-14 21:00:00+00:00,0.1467,0.1467,0.1437,0.1449,11701237.47
2026-09-14 22:00:00+00:00,0.145,0.1453,0.1431,0.1436,15749168.61
2026-09-14 23:00:00+00:00,0.1436,0.1439,0.1426,0.1432,5005412.99
2026-09-15 00:00:00+00:00,0.1432,0.145,0.1432,0.1442,8800559.07
2026-09-15 01:00:00+00:00,0.1441,0.1451,0.1428,0.1433,6728767.23
2026-09-15 02:00:00+00:00,0.1432,0.1438,0.1421,0.1437,4982241.63
2026-09-15 03:00:00+00:00,0.1436,0.1436,0.1409,0.1421,5062703.94
2026-09-15 04:00:00+00:00,0.1421,0.1427,0.141,0.1417,5100819.26
2026-09-15 05:00:00+00:00,0.1417,0.1426,0.1402,0.1424,6101114.27
2026-09-15 06:00:00+00:00,0.1424,0.1428,0.1397,0.1404,4909951.24
2026-09-15 07:00:00+00:00,0.1405,0.141,0.1401,0.1403,5309860.01
2026-09-15 08:00:00+00:00,0.1403,0.143,0.1397,0.1429,4426600.16
2026-09-15 09:00:00+00:00,0.1428,0.1439,0.1421,0.1433,4705492.14
2026-09-15 10:00:00+00:00,0.1433,0.1434,0.1423,0.1427,3287861.18
2026-09-15 11:00:00+00:00,0.1426,0.1429,0.1402,0.1414,4964494.63
2026-09-15 12:00:00+00:00,0.1413,0.1432,0.1411,0.1427,10681510.04
2026-09-15 13:00:00+00:00,0.1427,0.144,0.1405,0.1431,11551210.15
2026-09-15 14:00:00+00:00,0.143,0.1446,0.1387,0.1413,20266600.61
2026-09-15 15:00:00+00:00,0.1412,0.1455,0.1411,0.1437,24959569.09
2026-09-15 16:00:00+00:00,0.1437,0.1446,0.1416,0.1432,11016643.97
2026-09-15 17:00:00+00:00,0.1432,0.1471,0.1422,0.1448,12420674.6
2026-09-15 18:00:00+00:00,0.1448,0.1461,0.1355,0.142,45935199.1
2026-09-15 19:00:00+00:00,0.1421,0.1431,0.1397,0.1412,14989747.06
2026-09-15 20:00:00+00:00,0.1412,0.1418,0.1379,0.1396,7482328.42
2026-09-15 21:00:00+00:00,0.1397,0.1402,0.1374,0.1376,5180381.02
2026-09-15 22:00:00+00:00,0.1376,0.1402,0.1367,0.1399,5537896.29
2026-09-15 23:00:00+00:00,0.14,0.1421,0.1393,0.1396,5139347.69
2026-09-16 00:00:00+00:00,0.1396,0.1406,0.1384,0.1389,3040980.91
2026-09-16 01:00:00+00:00,0.1388,0.1402,0.1375,0.1377,3855170.04
2026-09-16 02:00:00+00:00,0.1378,0.1415,0.1377,0.14,5035576.34
2026-09-16 03:00:00+00:00,0.1401,0.1419,0.1395,0.1404,3800564.94
2026-09-16 04:00:00+00:00,0.1404,0.1423,0.1404,0.1409,4393801.58
2026-09-16 05:00:00+00:00,0.141,0.1411,0.1396,0.1402,4404813.87
2026-09-16 06:00:00+00:00,0.1402,0.1408,0.139,0.1408,3358913.94
2026-09-16 07:00:00+00:00,0.1408,0.1418,0.1398,0.1399,4680369.13
2026-09-16 08:00:00+00:00,0.1398,0.1401,0.1385,0.1397,4164612.48
2026-09-16 09:00:00+00:00,0.1398,0.1445,0.1398,0.144,10559628.08
2026-09-16 10:00:00+00:00,0.144,0.145,0.1428,0.1441,8259620.01
2026-09-16 11:00:00+00:00,0.1441,0.1453,0.1434,0.1439,13812561.55
2026-09-16 12:00:00+00:00,0.1439,0.1444,0.1416,0.1436,7826699.3
2026-09-16 13:00:00+00:00,0.1436,0.1477,0.1422,0.1455,18397419.24
2026-09-16 14:00:00+00:00,0.1455,0.1459,0.1426,0.1431,9967802.93
2026-09-16 15:00:00+00:00,0.1432,0.1446,0.1418,0.1423,9708315.97
2026-09-16 16:00:00+00:00,0.1423,0.1442,0.1418,0.1424,9010259.68
2026-09-16 17:00:00+00:00,0.1423,0.1436,0.1409,0.143,10156521.51
2026-09-16 18:00:00+00:00,0.143,0.1522,0.1418,0.1469,49689718.01
2026-09-16 19:00:00+00:00,0.1469,0.1497,0.1437,0.1465,19570252.84
2026-09-16 20:00:00+00:00,0.1466,0.1492,0.1462,0.1474,11990603.57
2026-09-16 21:00:00+00:00,0.1474,0.1477,0.1453,0.1464,3385225.9
2026-09-16 22:00:00+00:00,0.1464,0.1465,0.1444,0.1448,4996112.07
2026-09-16 23:00:00+00:00,0.1448,0.1499,0.1445,0.1489,19803751.92
2026-09-17 00:00:00+00:00,0.1488,0.1533,0.1485,0.1518,14603846.3
2026-09-17 01:00:00+00:00,0.1518,0.1547,0.151,0.1521,12887887.59
2026-09-17 02:00:00+00:00,0.1521,0.1525,0.1495,0.1507,10672125.49
2026-09-17 03:00:00+00:00,0.1508,0.1521,0.1501,0.1513,4991715.11
2026-09-17 04:00:00+00:00,0.1513,0.1517,0.1493,0.1513,6500332.25
2026-09-17 05:00:00+00:00,0.1512,0.1517,0.1501,0.1503,5326809.95
2026-09-17 06:00:00+00:00,0.1503,0.1521,0.1503,0.1515,4204817.81
2026-09-17 07:00:00+00:00,0.1516,0.1533,0.1516,0.1524,9440172.05
2026-09-17 08:00:00+00:00,0.1525,0.1551,0.1523,0.154,9670374.0
2026-09-17 09:00:00+00:00,0.154,0.1546,0.151,0.1513,9108324.33
2026-09-17 10:00:00+00:00,0.1513,0.152,0.15,0.1513,13649665.06
2026-09-17 11:00:00+00:00,0.1513,0.152,0.1497,0.1509,8605355.47
2026-09-17 12:00:00+00:00,0.1509,0.1535,0.1488,0.1519,30696074.67
2026-09-17 13:00:00+00:00,0.1519,0.1527,0.1499,0.1524,9535329.06
2026-09-17 14:00:00+00:00,0.1525,0.1554,0.1511,0.1512,16984681.2
2026-09-17 15:00:00+00:00,0.1512,0.1541,0.1501,0.1529,9602901.59
2026-09-17 16:00:00+00:00,0.153,0.1568,0.1526,0.155,18243579.68
2026-09-17 17:00:00+00:00,0.1551,0.1593,0.155,0.1581,13912648.48
2026-09-17 18:00:00+00:00,0.1581,0.1588,0.1535,0.1536,8428684.32
2026-09-17 19:00:00+00:00,0.1536,0.1547,0.1528,0.1537,6419556.91
2026-09-17 20:00:00+00:00,0.1537,0.156,0.1533,0.1535,3596875.91
2026-09-17 21:00:00+00:00,0.1536,0.1544,0.1516,0.152,5636500.37
2026-09-17 22:00:00+00:00,0.1519,0.1532,0.1507,0.1531,6030006.04
2026-09-17 23:00:00+00:00,0.1531,0.1553,0.1527,0.1546,6494249.88
2026-09-18 00:00:00+00:00,0.1547,0.1561,0.1526,0.156,6952095.91
2026-09-18 01:00:00+00:00,0.1561,0.1619,0.1557,0.1616,16259642.84
2026-09-18 02:00:00+00:00,0.1616,0.1639,0.1598,0.1632,16057750.37
2026-09-18 03:00:00+00:00,0.1632,0.1655,0.1629,0.1648,16501454.41
2026-09-18 04:00:00+00:00,0.1647,0.1652,0.1603,0.1636,16144992.83
2026-09-18 05:00:00+00:00,0.1636,0.1638,0.1614,0.1631,6381206.21
2026-09-18 06:00:00+00:00,0.1631,0.1672,0.1625,0.1671,15105046.95
2026-09-18 07:00:00+00:00,0.167,0.1716,0.1666,0.1695,20545064.05
2026-09-18 08:00:00+00:00,0.1696,0.1705,0.1674,0.1686,13809058.5
2026-09-18 09:00:00+00:00,0.1685,0.1685,0.1653,0.1674,9352986.41
2026-09-18 10:00:00+00:00,0.1673,0.169,0.165,0.1652,10095032.27
2026-09-18 11:00:00+00:00,0.1653,0.1656,0.1613,0.1641,14246179.18
2026-09-18 12:00:00+00:00,0.1641,0.1641,0.1621,0.163,7189544.75
2026-09-18 13:00:00+00:00,0.163,0.1681,0.1619,0.1636,21460108.46
2026-09-18 14:00:00+00:00,0.1637,0.1661,0.1633,0.1655,16550797.0
2026-09-18 15:00:00+00:00,0.1656,0.1671,0.1628,0.1666,13446251.31
2026-09-18 16:00:00+00:00,0.1666,0.1677,0.164,0.1649,26661300.79
2026-09-18 17:00:00+00:00,0.1649,0.1657,0.1634,0.1654,7351526.79
2026-09-18 18:00:00+00:00,0.1654,0.1666,0.1646,0.1661,9317731.44
2026-09-18 19:00:00+00:00,0.1661,0.1693,0.1658,0.168,13055458.84
2026-09-18 20:00:00+00:00,0.168,0.171,0.1669,0.1694,12034697.15
2026-09-18 21:00:00+00:00,0.1694,0.1713,0.1689,0.1696,6908781.82
2026-09-18 22:00:00+00:00,0.1697,0.1702,0.1662,0.1678,8291992.98
2026-09-18 23:00:00+00:00,0.1679,0.1703,0.1676,0.1684,7214855.86
2026-09-19 00:00:00+00:00,0.1683,0.1751,0.1674,0.1747,19286647.59
2026-09-19 01:00:00+00:00,0.1746,0.1759,0.1695,0.1723,13498460.88
2026-09-19 02:00:00+00:00,0.1723,0.1771,0.1718,0.1741,13107736.01
2026-09-19 03:00:00+00:00,0.1741,0.1846,0.1737,0.1833,33123350.73
2026-09-19 04:00:00+00:00,0.1832,0.1849,0.1736,0.1742,29934981.16
2026-09-19 05:00:00+00:00,0.1742,0.1766,0.1736,0.1753,16833435.42
2026-09-19 06:00:00+00:00,0.1753,0.1802,0.1735,0.179,16290534.21
2026-09-19 07:00:00+00:00,0.179,0.1839,0.1783,0.1801,20928527.78
2026-09-19 08:00:00+00:00,0.1802,0.1943,0.1792,0.1938,53262834.76
2026-09-19 09:00:00+00:00,0.1938,0.1947,0.1871,0.1897,30786896.06
2026-09-19 10:00:00+00:00,0.1897,0.1958,0.1889,0.1904,23457398.15
2026-09-19 11:00:00+00:00,0.1903,0.1921,0.1891,0.1911,13617813.76
2026-09-19 12:00:00+00:00,0.1911,0.2016,0.191,0.1964,31232524.84
2026-09-19 13:00:00+00:00,0.1965,0.2012,0.1941,0.1996,26533898.87
2026-09-19 14:00:00+00:00,0.1996,0.2043,0.198,0.1981,18141996.3
2026-09-19 15:00:00+00:00,0.198,0.2007,0.1949,0.1993,18921495.24
2026-09-19 16:00:00+00:00,0.1994,0.2055,0.1989,0.205,24449213.0
2026-09-19 17:00:00+00:00,0.2051,0.2059,0.1985,0.2011,15638615.37
2026-09-19 18:00:00+00:00,0.2011,0.2036,0.1958,0.2008,14132159.91
2026-09-19 19:00:00+00:00,0.2008,0.2065,0.1983,0.2058,13651028.47
2026-09-19 20:00:00+00:00,0.2057,0.2105,0.2021,0.2031,27014619.48
2026-09-19 21:00:00+00:00,0.2031,0.2052,0.198,0.2013,14294831.6
2026-09-19 22:00:00+00:00,0.2012,0.2036,0.1987,0.2025,13076397.31
2026-09-19 23:00:00+00:00,0.2025,0.2069,0.2018,0.2043,13336419.47
2026-09-20 00:00:00+00:00,0.2042,0.21,0.2019,0.2084,26455687.45
2026-09-20 01:00:00+00:00,0.2084,0.2148,0.2053,0.213,28696752.68
2026-09-20 02:00:00+00:00,0.213,0.2218,0.1935,0.1936,61273104.04
2026-09-20 03:00:00+00:00,0.1935,0.1984,0.1907,0.1971,36278195.25
2026-09-20 04:00:00+00:00,0.1971,0.1993,0.1953,0.1983,9374342.61
2026-09-20 05:00:00+00:00,0.1983,0.1983,0.1943,0.1958,8628438.55
2026-09-20 06:00:00+00:00,0.1958,0.1964,0.1931,0.1942,13381786.02
2026-09-20 07:00:00+00:00,0.1943,0.1978,0.1937,0.1952,8986948.52
2026-09-20 08:00:00+00:00,0.1952,0.202,0.1952,0.2018,13440234.8
2026-09-20 09:00:00+00:00,0.2018,0.2079,0.2015,0.2035,20644455.29
2026-09-20 10:00:00+00:00,0.2036,0.2066,0.2006,0.2028,14606447.38
2026-09-20 11:00:00+00:00,0.2028,0.2095,0.2012,0.2079,16653595.5
2026-09-20 12:00:00+00:00,0.2079,0.2121,0.2059,0.2079,21800234.32
2026-09-20 13:00:00+00:00,0.208,0.2091,0.2004,0.2023,15869587.63
2026-09-20 14:00:00+00:00,0.2023,0.2052,0.1977,0.1993,20858819.96
2026-09-20 15:00:00+00:00,0.1993,0.2042,0.1993,0.2038,10843551.73
2026-09-20 16:00:00+00:00,0.2038,0.2257,0.2032,0.2255,49713817.08
2026-09-20 17:00:00+00:00,0.2256,0.228,0.219,0.2253,37283773.85
2026-09-20 18:00:00+00:00,0.2253,0.2307,0.22,0.2218,27801772.79
2026-09-20 19:00:00+00:00,0.2218,0.2274,0.2195,0.2216,15046514.47
2026-09-20 20:00:00+00:00,0.2217,0.2222,0.2161,0.2168,11452359.58
2026-09-20 21:00:00+00:00,0.2168,0.2182,0.2129,0.218,9239491.32
2026-09-20 22:00:00+00:00,0.218,0.2237,0.2176,0.2212,11976537.54
2026-09-20 23:00:00+00:00,0.2213,0.2217,0.216,0.2169,12499877.92
2026-09-21 00:00:00+00:00,0.2168,0.2239,0.2167,0.2215,17236348.5
2026-09-21 01:00:00+00:00,0.2215,0.2247,0.2098,0.21,23431611.73
2026-09-21 02:00:00+00:00,0.21,0.2143,0.2092,0.2131,11592895.2
2026-09-21 03:00:00+00:00,0.2131,0.2157,0.2126,0.2138,9229165.47
2026-09-21 04:00:00+00:00,0.2138,0.2155,0.2114,0.2135,9241224.35
2026-09-21 05:00:00+00:00,0.2135,0.2153,0.2115,0.214,5103044.6
2026-09-21 06:00:00+00:00,0.214,0.2185,0.2122,0.2176,9348384.72
2026-09-21 07:00:00+00:00,0.2175,0.2176,0.2127,0.2147,5795497.71
2026-09-21 08:00:00+00:00,0.2147,0.2213,0.2138,0.2197,26217864.81
2026-09-21 09:00:00+00:00,0.2197,0.2224,0.2166,0.2187,25816550.49
2026-09-21 10:00:00+00:00,0.2188,0.2275,0.2178,0.2271,23437017.54
2026-09-21 11:00:00+00:00,0.227,0.2272,0.2216,0.2231,12225180.25
2026-09-21 12:00:00+00:00,0.2231,0.2291,0.2195,0.2277,20131650.57
2026-09-21 13:00:00+00:00,0.2276,0.2292,0.2199,0.2242,24844677.04
2026-09-21 14:00:00+00:00,0.2242,0.2256,0.218,0.2228,24160722.44
2026-09-21 15:00:00+00:00,0.2227,0.224,0.2144,0.2144,20501148.22
2026-09-21 16:00:00+00:00,0.2145,0.2155,0.2101,0.2109,16993214.27
2026-09-21 17:00:00+00:00,0.2109,0.2118,0.2072,0.2086,17836171.24
2026-09-21 18:00:00+00:00,0.2086,0.2126,0.2076,0.2109,11945919.78
2026-09-21 19:00:00+00:00,0.211,0.2147,0.2094,0.2135,9486414.99
2026-09-21 20:00:00+00:00,0.2135,0.2148,0.2099,0.211,14756329.12
2026-09-21 21:00:00+00:00,0.211,0.2113,0.2077,0.2082,9379302.04
2026-09-21 22:00:00+00:00,0.2083,0.2123,0.2083,0.212,8767214.64
2026-09-21 23:00:00+00:00,0.212,0.2133,0.2113,0.2127,7201303.08
2026-09-22 00:00:00+00:00,0.2127,0.2171,0.2109,0.2121,11821400.18
2026-09-22 01:00:00+00:00,0.2122,0.2154,0.2092,0.2131,13004237.94
2026-09-22 02:00:00+00:00,0.2131,0.2131,0.2093,0.2112,10931827.69
2026-09-22 03:00:00+00:00,0.2112,0.2139,0.2085,0.2116,8952747.75
2026-09-22 04:00:00+00:00,0.2116,0.2119,0.209,0.2098,8704199.66
2026-09-22 05:00:00+00:00,0.2099,0.2193,0.2085,0.2173,19594686.96
2026-09-22 06:00:00+00:00,0.2173,0.219,0.2099,0.2106,9693659.33
2026-09-22 07:00:00+00:00,0.2105,0.2134,0.2087,0.2131,13999119.89
2026-09-22 08:00:00+00:00,0.213,0.2181,0.2112,0.2134,16905515.51
2026-09-22 09:00:00+00:00,0.2133,0.2137,0.2094,0.2119,20645609.15
2026-09-22 10:00:00+00:00,0.2119,0.2119,0.2051,0.2085,15970070.74
2026-09-22 11:00:00+00:00,0.2085,0.2133,0.2071,0.2093,13551388.75
2026-09-22 12:00:00+00:00,0.2093,0.2146,0.2078,0.2144,9825507.76
2026-09-22 13:00:00+00:00,0.2144,0.2148,0.2094,0.2118,13568433.8
2026-09-22 14:00:00+00:00,0.2118,0.2118,0.2036,0.2083,14004401.49
2026-09-22 15:00:00+00:00,0.2083,0.2102,0.206,0.2063,7267021.68
2026-09-22 16:00:00+00:00,0.2063,0.2066,0.2038,0.2055,9079296.08
2026-09-22 17:00:00+00:00,0.2055,0.2062,0.2041,0.2045,6345094.48
2026-09-22 18:00:00+00:00,0.2046,0.2057,0.2036,0.2039,6385159.91
2026-09-22 19:00:00+00:00,0.204,0.208,0.2039,0.2079,7505792.86
2026-09-22 20:00:00+00:00,0.208,0.2094,0.2061,0.2086,5551393.78
2026-09-22 21:00:00+00:00,0.2086,0.2096,0.207,0.2088,4827693.04
2026-09-22 22:00:00+00:00,0.2088,0.2173,0.2077,0.2161,14034785.39
2026-09-22 23:00:00+00:00,0.2162,0.2211,0.2154,0.2165,18534528.78
2026-09-23 00:00:00+00:00,0.2164,0.2205,0.2144,0.2167,14112477.94
2026-09-23 01:00:00+00:00,0.2168,0.22,0.2147,0.2154,13971180.11
2026-09-23 02:00:00+00:00,0.2154,0.2186,0.2133,0.2171,10216290.97
2026-09-23 03:00:00+00:00,0.217,0.2198,0.2162,0.2172,9764324.03
2026-09-23 04:00:00+00:00,0.2173,0.2201,0.2152,0.2167,10168795.23
2026-09-23 05:00:00+00:00,0.2167,0.2191,0.2158,0.2183,8846242.31
2026-09-23 06:00:00+00:00,0.2182,0.2206,0.2168,0.2177,12372562.12
2026-09-23 07:00:00+00:00,0.2176,0.2176,0.2149,0.2155,7093549.12
2026-09-23 08:00:00+00:00,0.2155,0.2168,0.2112,0.213,11479429.05
2026-09-23 09:00:00+00:00,0.213,0.2159,0.213,0.2148,5146760.6
2026-09-23 10:00:00+00:00,0.2149,0.2163,0.2109,0.2132,7596146.33
2026-09-23 11:00:00+00:00,0.2132,0.2136,0.2084,0.2116,7667834.85
2026-09-23 12:00:00+00:00,0.2116,0.2158,0.2099,0.2123,9633726.66
2026-09-23 13:00:00+00:00,0.2123,0.2129,0.2095,0.2112,7457817.13
2026-09-23 14:00:00+00:00,0.2112,0.2129,0.2002,0.2062,41605309.56
2026-09-23 15:00:00+00:00,0.2062,0.209,0.2014,0.202,13060508.38
2026-09-23 16:00:00+00:00,0.202,0.2103,0.1983,0.2089,18162365.54
2026-09-23 17:00:00+00:00,0.2088,0.2146,0.2061,0.2123,16804804.13
2026-09-23 18:00:00+00:00,0.2123,0.2127,0.2072,0.2092,7755598.08
2026-09-23 19:00:00+00:00,0.2092,0.2103,0.2053,0.2059,4854373.94
2026-09-23 20:00:00+00:00,0.2059,0.2085,0.2041,0.2054,11923842.1
2026-09-23 21:00:00+00:00,0.2054,0.2063,0.2032,0.205,4544562.14
2026-09-23 22:00:00+00:00,0.2051,0.2104,0.2034,0.2056,7490038.01
2026-09-23 23:00:00+00:00,0.2056,0.2069,0.2044,0.2061,2730712.46
2026-09-24 00:00:00+00:00,0.206,0.2078,0.2034,0.2034,3965099.97
2026-09-24 01:00:00+00:00,0.2034,0.2055,0.2023,0.2042,3905595.94
2026-09-24 02:00:00+00:00,0.2043,0.2089,0.2031,0.2073,5008716.32
2026-09-24 03:00:00+00:00,0.2074,0.2096,0.2047,0.2053,3077739.0
2026-09-24 04:00:00+00:00,0.2053,0.209,0.2042,0.2087,3676867.81
2026-09-24 05:00:00+00:00,0.2087,0.2127,0.2085,0.2093,6375875.44
2026-09-24 06:00:00+00:00,0.2092,0.2122,0.2086,0.2095,5556933.91
2026-09-24 07:00:00+00:00,0.2095,0.2096,0.2074,0.2078,3702441.94
2026-09-24 08:00:00+00:00,0.2078,0.2084,0.2009,0.2031,9244423.29
2026-09-24 09:00:00+00:00,0.2032,0.2038,0.1991,0.1994,10306425.12
2026-09-24 10:00:00+00:00,0.1993,0.2039,0.1992,0.2032,10987825.72
2026-09-24 11:00:00+00:00,0.2031,0.2052,0.203,0.2043,5795024.17
2026-09-24 12:00:00+00:00,0.2043,0.2112,0.2036,0.2101,7729249.76
2026-09-24 13:00:00+00:00,0.2102,0.2202,0.21,0.2186,21300256.67
2026-09-24 14:00:00+00:00,0.2186,0.2269,0.2131,0.214,43488179.51
2026-09-24 15:00:00+00:00,0.2139,0.2203,0.2134,0.217,14495267.9
2026-09-24 16:00:00+00:00,0.2171,0.2221,0.2147,0.2199,15739094.38
2026-09-24 17:00:00+00:00,0.2199,0.2205,0.2163,0.2177,6451647.87
2026-09-24 18:00:00+00:00,0.2176,0.2181,0.215,0.2172,5158289.34
2026-09-24 19:00:00+00:00,0.2172,0.2234,0.2159,0.2227,9596636.61
2026-09-24 20:00:00+00:00,0.2228,0.2248,0.2203,0.221,6571993.8
2026-09-24 21:00:00+00:00,0.221,0.2247,0.2197,0.2233,4968543.52
2026-09-24 22:00:00+00:00,0.2233,0.2252,0.2214,0.2239,9286019.16
2026-09-24 23:00:00+00:00,0.224,0.2259,0.2222,0.2246,8334572.91
2026-09-25 00:00:00+00:00,0.2246,0.2355,0.2244,0.2349,26425323.09
2026-09-25 01:00:00+00:00,0.2348,0.2375,0.226,0.2275,20478406.48
2026-09-25 02:00:00+00:00,0.2275,0.2314,0.2253,0.2287,13126159.09
2026-09-25 03:00:00+00:00,0.2287,0.23,0.2216,0.2231,12976323.13
2026-09-25 04:00:00+00:00,0.2231,0.2235,0.2208,0.2219,10279968.19
2026-09-25 05:00:00+00:00,0.2219,0.2229,0.2197,0.2226,5850805.73
2026-09-25 06:00:00+00:00,0.2226,0.2226,0.2196,0.2205,8178801.98
2026-09-25 07:00:00+00:00,0.2204,0.2222,0.2188,0.2205,6510496.0
2026-09-25 08:00:00+00:00,0.2206,0.2248,0.2206,0.2226,7899714.49
2026-09-25 09:00:00+00:00,0.2225,0.2265,0.2207,0.2241,16529905.23
2026-09-25 10:00:00+00:00,0.224,0.2296,0.2224,0.2288,10862125.68
2026-09-25 11:00:00+00:00,0.2289,0.2439,0.2285,0.2414,48467062.06
2026-09-25 12:00:00+00:00,0.2415,0.2452,0.2343,0.2445,43393000.95
2026-09-25 13:00:00+00:00,0.2446,0.2496,0.2417,0.247,35140998.84
2026-09-25 14:00:00+00:00,0.2471,0.2512,0.2409,0.2505,34235515.92
2026-09-25 15:00:00+00:00,0.2504,0.256,0.2461,0.2518,39236766.12
2026-09-25 16:00:00+00:00,0.2519,0.2642,0.2512,0.2576,42230545.32
2026-09-25 17:00:00+00:00,0.2576,0.2641,0.2568,0.2596,27014543.04
2026-09-25 18:00:00+00:00,0.2597,0.2628,0.2571,0.2586,15245776.79
2026-09-25 19:00:00+00:00,0.2586,0.2635,0.2552,0.262,21496913.35
2026-09-25 20:00:00+00:00,0.262,0.2669,0.2603,0.2636,27280323.93
2026-09-25 21:00:00+00:00,0.2636,0.2644,0.2592,0.2624,10641525.53
2026-09-25 22:00:00+00:00,0.2623,0.2687,0.2614,0.2667,8446649.72
2026-09-25 23:00:00+00:00,0.2667,0.2701,0.2658,0.268,9072447.87
2026-09-26 00:00:00+00:00,0.268,0.2735,0.2662,0.2678,16398136.83
2026-09-26 01:00:00+00:00,0.2678,0.269,0.2641,0.2655,9229514.8
2026-09-26 02:00:00+00:00,0.2656,0.2703,0.2632,0.2661,6059095.85
2026-09-26 03:00:00+00:00,0.2661,0.2716,0.2642,0.2714,5469630.84
2026-09-26 04:00:00+00:00,0.2714,0.28,0.2693,0.2793,23906331.24
2026-09-26 05:00:00+00:00,0.2793,0.28,0.2687,0.2694,37547180.14
2026-09-26 06:00:00+00:00,0.2694,0.2697,0.2652,0.2659,20282503.54
2026-09-26 07:00:00+00:00,0.2659,0.2761,0.2652,0.2717,18900787.27
2026-09-26 08:00:00+00:00,0.2718,0.2798,0.2715,0.2777,14185540.88
2026-09-26 09:00:00+00:00,0.2777,0.2807,0.2739,0.2787,17539192.25
2026-09-26 10:00:00+00:00,0.2786,0.2857,0.2775,0.2839,16150321.91
2026-09-26 11:00:00+00:00,0.2839,0.2855,0.2794,0.2808,12890119.39
2026-09-26 12:00:00+00:00,0.2808,0.284,0.2775,0.2805,8713053.41
2026-09-26 13:00:00+00:00,0.2805,0.2817,0.2773,0.2799,7986086.36
2026-09-26 14:00:00+00:00,0.28,0.2811,0.2764,0.2781,7354158.37
2026-09-26 15:00:00+00:00,0.278,0.2795,0.2732,0.2742,7658365.25
2026-09-26 16:00:00+00:00,0.2742,0.2762,0.2715,0.2725,15530310.79
2026-09-26 17:00:00+00:00,0.2725,0.2729,0.2674,0.2702,14125777.49
2026-09-26 18:00:00+00:00,0.2701,0.2729,0.27,0.2719,3954380.3
2026-09-26 19:00:00+00:00,0.2719,0.2737,0.2717,0.2721,2735104.21
2026-09-26 20:00:00+00:00,0.2721,0.2734,0.2662,0.2686,8201524.2
2026-09-26 21:00:00+00:00,0.2686,0.2728,0.2674,0.272,4768391.62
2026-09-26 22:00:00+00:00,0.2721,0.2727,0.2694,0.2701,1719608.39
2026-09-26 23:00:00+00:00,0.27,0.2708,0.2685,0.2696,2261829.05
2026-09-27 00:00:00+00:00,0.2695,0.2713,0.2688,0.2694,2952685.94
2026-09-27 01:00:00+00:00,0.2693,0.271,0.2671,0.2709,3213239.19
2026-09-27 02:00:00+00:00,0.2709,0.2719,0.2672,0.2677,4848605.28
2026-09-27 03:00:00+00:00,0.2676,0.2683,0.2664,0.2675,2348760.34
2026-09-27 04:00:00+00:00,0.2675,0.2686,0.2657,0.2673,4926881.1
2026-09-27 05:00:00+00:00,0.2674,0.2729,0.267,0.271,5714282.03
2026-09-27 06:00:00+00:00,0.271,0.2735,0.27,0.2708,6183579.52
2026-09-27 07:00:00+00:00,0.2707,0.2723,0.269,0.2707,5329660.06
2026-09-27 08:00:00+00:00,0.2707,0.2729,0.2688,0.2693,10383709.8
2026-09-27 09:00:00+00:00,0.2693,0.2712,0.2645,0.2701,11951130.49
2026-09-27 10:00:00+00:00,0.2701,0.2761,0.2696,0.2719,10177382.7
2026-09-27 11:00:00+00:00,0.2719,0.2776,0.2716,0.2752,8370019.36
2026-09-27 12:00:00+00:00,0.2752,0.2774,0.2721,0.273,6779576.98
2026-09-27 13:00:00+00:00,0.273,0.274,0.2703,0.2731,6135120.19
2026-09-27 14:00:00+00:00,0.2731,0.2738,0.2688,0.269,8695663.12
2026-09-27 15:00:00+00:00,0.269,0.2748,0.2668,0.2739,9910147.15
2026-09-27 16:00:00+00:00,0.2739,0.2787,0.2732,0.2758,12409751.26
2026-09-27 17:00:00+00:00,0.2757,0.2814,0.2753,0.2794,12649326.26
2026-09-27 18:00:00+00:00,0.2794,0.2946,0.2793,0.2935,16507945.46
2026-09-27 19:00:00+00:00,0.2934,0.2936,0.2851,0.2864,11405765.34
2026-09-27 20:00:00+00:00,0.2864,0.289,0.2803,0.2825,8122708.91
2026-09-27 21:00:00+00:00,0.2824,0.2824,0.2767,0.2783,8230417.25
2026-09-27 22:00:00+00:00,0.2783,0.2792,0.27,0.2735,14808953.09
2026-09-27 23:00:00+00:00,0.2735,0.2737,0.2684,0.2725,10819790.63
2026-09-28 00:00:00+00:00,0.2724,0.2741,0.2688,0.2713,10188542.01
2026-09-28 01:00:00+00:00,0.2713,0.2753,0.2677,0.2732,9814216.81
2026-09-28 02:00:00+00:00,0.2731,0.2769,0.2709,0.2741,10328839.5
2026-09-28 03:00:00+00:00,0.2741,0.2764,0.2705,0.2719,9160787.37
2026-09-28 04:00:00+00:00,0.272,0.2722,0.2674,0.2701,8756620.16
2026-09-28 05:00:00+00:00,0.27,0.2707,0.2647,0.2663,15241148.99
2026-09-28 06:00:00+00:00,0.2664,0.2675,0.2626,0.264,7351141.93
2026-09-28 07:00:00+00:00,0.2641,0.2659,0.2622,0.2633,6546863.14
2026-09-28 08:00:00+00:00,0.2633,0.2677,0.2607,0.2622,13163970.89
2026-09-28 09:00:00+00:00,0.2623,0.2625,0.2574,0.2594,13493601.48
2026-09-28 10:00:00+00:00,0.2595,0.2638,0.2583,0.2601,22236772.2
2026-09-28 11:00:00+00:00,0.2601,0.2655,0.2601,0.2641,6563484.98
2026-09-28 12:00:00+00:00,0.264,0.2708,0.2636,0.2691,14343776.02
2026-09-28 13:00:00+00:00,0.269,0.2722,0.2672,0.2686,13760042.46
2026-09-28 14:00:00+00:00,0.2686,0.2701,0.2577,0.2609,25770267.87
2026-09-28 15:00:00+00:00,0.261,0.2617,0.2557,0.2589,36034390.0
2026-09-28 16:00:00+00:00,0.2589,0.2641,0.2574,0.2598,12449893.23
2026-09-28 17:00:00+00:00,0.2598,0.2648,0.2582,0.2621,6918053.43
2026-09-28 18:00:00+00:00,0.2621,0.2644,0.2603,0.2644,2716335.54
2026-09-28 19:00:00+00:00,0.2643,0.2644,0.2585,0.2601,6094865.95
2026-09-28 20:00:00+00:00,0.2602,0.2635,0.2581,0.2589,3721126.47
2026-09-28 21:00:00+00:00,0.2589,0.2602,0.2533,0.2534,6306809.31
2026-09-28 22:00:00+00:00,0.2535,0.2578,0.2522,0.2574,5559473.98
2026-09-28 23:00:00+00:00,0.2573,0.2589,0.2554,0.2566,2413752.15
2026-09-29 00:00:00+00:00,0.2567,0.2573,0.2514,0.2519,3863114.28
2026-09-29 01:00:00+00:00,0.2518,0.2536,0.2475,0.2512,9409421.48
2026-09-29 02:00:00+00:00,0.2512,0.2522,0.2472,0.2483,5653488.51
2026-09-29 03:00:00+00:00,0.2484,0.2515,0.2476,0.2501,6263881.49
2026-09-29 04:00:00+00:00,0.25,0.253,0.2491,0.2502,2217752.36
2026-09-29 05:00:00+00:00,0.2502,0.2528,0.2494,0.2523,4098411.44
2026-09-29 06:00:00+00:00,0.2522,0.2545,0.2518,0.2538,5246947.52
2026-09-29 07:00:00+00:00,0.2538,0.2551,0.2516,0.2517,7384179.18
2026-09-29 08:00:00+00:00,0.2516,0.2555,0.2503,0.2519,6208223.74
2026-09-29 09:00:00+00:00,0.2519,0.2533,0.25,0.2525,9363325.21
2026-09-29 10:00:00+00:00,0.2525,0.2531,0.2498,0.2505,5528216.58
2026-09-29 11:00:00+00:00,0.2505,0.2555,0.25,0.2547,7874508.21
2026-09-29 12:00:00+00:00,0.2546,0.2566,0.2526,0.2545,7736964.36
2026-09-29 13:00:00+00:00,0.2544,0.2611,0.2535,0.2579,12519639.44
2026-09-29 14:00:00+00:00,0.258,0.2598,0.2543,0.2552,11213583.05
2026-09-29 15:00:00+00:00,0.2553,0.2553,0.2484,0.2499,16697152.78
2026-09-29 16:00:00+00:00,0.2499,0.2514,0.2471,0.2485,9656775.84
2026-09-29 17:00:00+00:00,0.2484,0.2485,0.2433,0.2458,11504327.43
2026-09-29 18:00:00+00:00,0.2457,0.2513,0.2454,0.2503,5771347.09
2026-09-29 19:00:00+00:00,0.2502,0.2528,0.2488,0.2501,5995597.43
2026-09-29 20:00:00+00:00,0.25,0.2527,0.2486,0.252,5145884.49
2026-09-29 21:00:00+00:00,0.2521,0.2521,0.2492,0.2508,3451778.81
2026-09-29 22:00:00+00:00,0.2508,0.2519,0.25,0.2515,2621288.52
2026-09-29 23:00:00+00:00,0.2515,0.253,0.2464,0.2484,4569977.9
2026-09-30 00:00:00+00:00,0.2484,0.2493,0.2458,0.2483,3770445.91
2026-09-30 01:00:00+00:00,0.2484,0.2503,0.2479,0.2491,3623220.68
2026-09-30 02:00:00+00:00,0.2492,0.2511,0.2486,0.2495,4928930.59
2026-09-30 03:00:00+00:00,0.2495,0.2499,0.2438,0.2447,17903758.39
2026-09-30 04:00:00+00:00,0.2447,0.2473,0.2446,0.2455,7786262.62
2026-09-30 05:00:00+00:00,0.2456,0.2478,0.2448,0.2467,7624115.15
2026-09-30 06:00:00+00:00,0.2467,0.2472,0.2441,0.2457,5657241.71
2026-09-30 07:00:00+00:00,0.2457,0.2499,0.245,0.2485,4935513.34
2026-09-30 08:00:00+00:00,0.2484,0.2595,0.2467,0.2569,23841104.54
2026-09-30 09:00:00+00:00,0.2569,0.2642,0.2552,0.2587,36541489.97
2026-09-30 10:00:00+00:00,0.2588,0.2618,0.2555,0.2574,13416782.31
2026-09-30 11:00:00+00:00,0.2573,0.2573,0.2531,0.2561,13535891.63
2026-09-30 12:00:00+00:00,0.256,0.2651,0.2524,0.262,43780988.73
2026-09-30 13:00:00+00:00,0.262,0.2775,0.2612,0.2773,58061815.36
2026-09-30 14:00:00+00:00,0.2774,0.2811,0.2621,0.2641,53122386.19
2026-09-30 15:00:00+00:00,0.2642,0.2719,0.2607,0.2693,19028787.37
2026-09-30 16:00:00+00:00,0.2694,0.2754,0.2687,0.2718,14439785.8
2026-09-30 17:00:00+00:00,0.2718,0.2719,0.2653,0.2662,11275835.13
2026-09-30 18:00:00+00:00,0.2662,0.2671,0.2609,0.2649,14531360.91
2026-09-30 19:00:00+00:00,0.2648,0.2671,0.2622,0.2631,11818646.81
2026-09-30 20:00:00+00:00,0.2631,0.2663,0.2604,0.2625,9689278.02
2026-09-30 21:00:00+00:00,0.2626,0.2636,0.2581,0.2589,4966120.01
2026-09-30 22:00:00+00:00,0.2589,0.2685,0.2581,0.2675,5273783.74
2026-09-30 23:00:00+00:00,0.2675,0.2679,0.2634,0.2649,3933149.3
2026-10-01 00:00:00+00:00,0.2649,0.2693,0.2632,0.266,5800029.5
2026-10-01 01:00:00+00:00,0.2659,0.2682,0.2633,0.2641,5798957.7
2026-10-01 02:00:00+00:00,0.2641,0.2688,0.2618,0.2687,3987071.59
2026-10-01 03:00:00+00:00,0.2687,0.271,0.266,0.2691,6533109.42
2026-10-01 04:00:00+00:00,0.2692,0.2764,0.268,0.2723,10814456.96
2026-10-01 05:00:00+00:00,0.2724,0.2743,0.2705,0.2743,5131333.15
2026-10-01 06:00:00+00:00,0.2742,0.2783,0.2721,0.2723,12577588.66
2026-10-01 07:00:00+00:00,0.2723,0.2733,0.2623,0.2626,14571655.04
2026-10-01 08:00:00+00:00,0.2626,0.2648,0.2597,0.2608,10296732.37
2026-10-01 09:00:00+00:00,0.2607,0.2628,0.2588,0.2602,7631338.35
2026-10-01 10:00:00+00:00,0.2603,0.2605,0.2563,0.2587,8568830.56
2026-10-01 11:00:00+00:00,0.2587,0.2607,0.2569,0.2596,7442159.18
2026-10-01 12:00:00+00:00,0.2596,0.2647,0.2593,0.2622,9095049.72
2026-10-01 13:00:00+00:00,0.2622,0.2637,0.2587,0.2592,10627752.57
2026-10-01 14:00:00+00:00,0.2591,0.2605,0.2506,0.2508,21219967.77
2026-10-01 15:00:00+00:00,0.2507,0.2529,0.247,0.2497,17285280.0
2026-10-01 16:00:00+00:00,0.2496,0.2523,0.2458,0.2465,10343705.7
2026-10-01 17:00:00+00:00,0.2465,0.2525,0.2462,0.25,9648952.93
2026-10-01 18:00:00+00:00,0.25,0.2514,0.2436,0.246,37801466.25
2026-10-01 19:00:00+00:00,0.246,0.2476,0.2442,0.2466,7342516.83
2026-10-01 20:00:00+00:00,0.2466,0.2476,0.2446,0.2455,3650267.86
2026-10-01 21:00:00+00:00,0.2456,0.2458,0.2424,0.2429,3692115.41
2026-10-01 22:00:00+00:00,0.2429,0.2446,0.2408,0.2431,4438497.75
2026-10-01 23:00:00+00:00,0.2432,0.2437,0.2408,0.2432,5173867.13
2026-10-02 00:00:00+00:00,0.2433,0.2435,0.2416,0.2421,3374935.58
2026-10-02 01:00:00+00:00,0.2421,0.2422,0.2391,0.241,6336058.87
2026-10-02 02:00:00+00:00,0.2411,0.2437,0.2407,0.2434,7067039.38
2026-10-02 03:00:00+00:00,0.2434,0.245,0.2399,0.2416,6340913.62
