time,open,high,low,close,volume
2026-06-04 04:00:00+00:00,1809.24,1818.0,1802.69,1805.49,16956.1564
2026-06-04 05:00:00+00:00,1805.49,1805.49,1780.59,1784.06,27581.1214
2026-06-04 06:00:00+00:00,1784.05,1802.06,1782.07,1789.95,18731.1395
2026-06-04 07:00:00+00:00,1789.96,1790.72,1773.52,1777.45,19717.1342
2026-06-04 08:00:00+00:00,1777.44,1783.27,1763.98,1773.63,21922.8741
2026-06-04 09:00:00+00:00,1773.63,1774.14,1744.53,1766.52,40911.8062
2026-06-04 10:00:00+00:00,1766.58,1767.22,1730.13,1736.86,43989.1315
2026-06-04 11:00:00+00:00,1736.86,1754.67,1732.53,1751.51,34563.049
2026-06-04 12:00:00+00:00,1751.51,1782.91,1744.29,1778.16,36619.2336
2026-06-04 13:00:00+00:00,1778.17,1790.0,1755.65,1785.52,32434.3916
2026-06-04 14:00:00+00:00,1785.53,1794.43,1766.33,1774.38,24657.8169
2026-06-04 15:00:00+00:00,1774.37,1791.29,1770.64,1777.02,17792.9546
2026-06-04 16:00:00+00:00,1777.03,1781.25,1766.13,1772.2,13479.112
2026-06-04 17:00:00+00:00,1772.2,1776.03,1754.0,1768.05,18286.1872
2026-06-04 18:00:00+00:00,1768.06,1783.64,1760.01,1776.28,16596.9334
2026-06-04 19:00:00+00:00,1776.27,1787.11,1771.0,1776.94,12182.3413
2026-06-04 20:00:00+00:00,1776.93,1777.52,1764.66,1774.88,8739.7779
2026-06-04 21:00:00+00:00,1774.87,1783.02,1757.11,1761.2,14740.525
2026-06-04 22:00:00+00:00,1761.2,1770.26,1752.46,1768.73,17189.2927
2026-06-04 23:00:00+00:00,1768.74,1777.02,1757.35,1770.77,11169.0678
2026-06-05 00:00:00+00:00,1770.76,1774.99,1758.51,1759.42,11334.258
2026-06-05 01:00:00+00:00,1759.43,1764.07,1746.52,1753.33,18021.4605
2026-06-05 02:00:00+00:00,1753.34,1754.9,1727.65,1730.24,35131.516
2026-06-05 03:00:00+00:00,1730.24,1739.5,1722.36,1729.71,23683.9627
2026-06-05 04:00:00+00:00,1729.72,1746.05,1718.25,1744.64,29566.1043
2026-06-05 05:00:00+00:00,1744.64,1747.8,1681.29,1684.16,80235.8593
2026-06-05 06:00:00+00:00,1684.16,1689.5,1625.78,1656.52,128261.0302
2026-06-05 07:00:00+00:00,1656.52,1680.0,1633.45,1679.21,75612.2337
2026-06-05 08:00:00+00:00,1679.22,1679.64,1659.43,1663.87,38257.5135
2026-06-05 09:00:00+00:00,1663.88,1690.07,1662.85,1682.72,32616.2779
2026-06-05 10:00:00+00:00,1682.73,1685.03,1672.05,1676.87,22741.5096
2026-06-05 11:00:00+00:00,1676.86,1681.8,1663.0,1663.44,25803.3693
2026-06-05 12:00:00+00:00,1663.43,1671.47,1646.1,1657.28,40610.0397
2026-06-05 13:00:00+00:00,1657.28,1677.7,1612.35,1615.04,67988.5831
2026-06-05 14:00:00+00:00,1615.05,1624.56,1590.8,1600.96,118217.6046
2026-06-05 15:00:00+00:00,1600.96,1604.6,1572.22,1583.29,77516.7936
2026-06-05 16:00:00+00:00,1583.29,1612.44,1547.01,1608.49,100794.1726
2026-06-05 17:00:00+00:00,1608.48,1612.89,1588.0,1594.28,35170.7111
2026-06-05 18:00:00+00:00,1594.28,1598.66,1544.68,1553.26,65573.2969
2026-06-05 19:00:00+00:00,1553.26,1580.3,1540.19,1574.06,65869.8984
2026-06-05 20:00:00+00:00,1574.07,1608.5,1557.36,1603.38,56901.9952
2026-06-05 21:00:00+00:00,1603.38,1619.3,1602.45,1609.8,40414.3008
2026-06-05 22:00:00+00:00,1609.81,1610.25,1589.68,1597.14,33048.5983
2026-06-05 23:00:00+00:00,1597.14,1603.89,1561.07,1583.4,33642.0715
2026-06-06 00:00:00+00:00,1583.4,1601.22,1582.71,1593.03,17320.7333
2026-06-06 01:00:00+00:00,1593.04,1596.77,1578.15,1583.16,12688.5562
2026-06-06 02:00:00+00:00,1583.16,1585.84,1566.66,1576.2,19596.9168
2026-06-06 03:00:00+00:00,1576.2,1576.73,1555.28,1563.34,18998.1908
2026-06-06 04:00:00+00:00,1563.34,1569.57,1510.43,1522.56,53383.6205
2026-06-06 05:00:00+00:00,1522.57,1569.17,1505.68,1566.71,60261.821
2026-06-06 06:00:00+00:00,1566.72,1581.62,1556.01,1560.16,38270.1854
2026-06-06 07:00:00+00:00,1560.1,1580.22,1556.07,1575.14,30120.1676
2026-06-06 08:00:00+00:00,1575.14,1593.04,1570.01,1582.57,17466.5349
2026-06-06 09:00:00+00:00,1582.56,1588.53,1565.97,1570.69,18081.3602
2026-06-06 10:00:00+00:00,1570.7,1570.7,1535.68,1548.27,39259.3562
2026-06-06 11:00:00+00:00,1548.26,1567.4,1547.24,1558.89,21927.4788
2026-06-06 12:00:00+00:00,1558.9,1575.82,1551.56,1571.32,25985.715
2026-06-06 13:00:00+00:00,1571.32,1573.36,1553.92,1557.03,32529.2189
2026-06-06 14:00:00+00:00,1557.04,1566.96,1556.09,1557.7,26981.8239
2026-06-06 15:00:00+00:00,1557.71,1565.84,1544.87,1560.45,22450.9311
2026-06-06 16:00:00+00:00,1560.45,1566.0,1553.36,1563.57,15251.3466
2026-06-06 17:00:00+00:00,1563.58,1566.51,1547.05,1553.54,20604.7277
2026-06-06 18:00:00+00:00,1553.53,1566.25,1550.01,1556.58,16596.3515
2026-06-06 19:00:00+00:00,1556.59,1563.51,1553.52,1554.56,8402.4889
2026-06-06 20:00:00+00:00,1554.55,1559.99,1550.85,1557.61,11168.9504
2026-06-06 21:00:00+00:00,1557.62,1565.21,1557.62,1558.2,8365.8031
2026-06-06 22:00:00+00:00,1558.2,1561.93,1551.57,1558.33,10059.2797
2026-06-06 23:00:00+00:00,1558.33,1570.06,1556.86,1569.69,12686.8087
2026-06-07 00:00:00+00:00,1569.68,1572.42,1564.1,1565.03,8353.9229
2026-06-07 01:00:00+00:00,1565.03,1596.54,1564.16,1590.12,23011.9246
2026-06-07 02:00:00+00:00,1590.12,1594.92,1582.39,1592.67,12782.3655
2026-06-07 03:00:00+00:00,1592.67,1600.51,1589.72,1595.01,12634.904
2026-06-07 04:00:00+00:00,1595.0,1599.1,1585.0,1597.0,12510.2247
2026-06-07 05:00:00+00:00,1597.0,1609.96,1593.25,1604.02,18551.5494
2026-06-07 06:00:00+00:00,1604.02,1623.52,1598.54,1612.01,35177.9262
2026-06-07 07:00:00+00:00,1612.01,1616.46,1606.99,1615.18,22232.506
2026-06-07 08:00:00+00:00,1615.18,1642.27,1608.39,1641.35,27061.4096
2026-06-07 09:00:00+00:00,1641.35,1648.7,1627.9,1633.52,23602.6875
2026-06-07 10:00:00+00:00,1633.53,1635.73,1624.78,1625.7,16264.2458
2026-06-07 11:00:00+00:00,1625.7,1633.99,1622.22,1630.12,12876.9496
2026-06-07 12:00:00+00:00,1630.12,1631.24,1607.0,1620.17,25613.3659
2026-06-07 13:00:00+00:00,1620.17,1623.0,1613.36,1617.46,10211.5277
2026-06-07 14:00:00+00:00,1617.46,1640.0,1616.91,1628.13,23273.768
2026-06-07 15:00:00+00:00,1628.12,1636.12,1620.85,1630.07,13937.1281
2026-06-07 16:00:00+00:00,1630.07,1633.52,1623.37,1628.52,13451.8718
2026-06-07 17:00:00+00:00,1628.52,1638.0,1627.65,1631.35,16797.3291
2026-06-07 18:00:00+00:00,1631.34,1636.74,1629.0,1630.36,6104.7666
2026-06-07 19:00:00+00:00,1630.37,1630.56,1604.0,1613.11,23850.4789
2026-06-07 20:00:00+00:00,1613.1,1631.65,1609.43,1628.14,10940.1669
2026-06-07 21:00:00+00:00,1628.14,1634.57,1623.72,1634.53,7293.2485
2026-06-07 22:00:00+00:00,1634.53,1721.93,1629.05,1672.56,60333.9938
2026-06-07 23:00:00+00:00,1672.55,1691.93,1670.76,1690.51,21412.3298
2026-06-08 00:00:00+00:00,1690.5,1711.58,1683.24,1697.59,28454.8885
2026-06-08 01:00:00+00:00,1697.6,1700.2,1670.94,1687.34,23391.1458
2026-06-08 02:00:00+00:00,1687.34,1689.5,1678.07,1683.9,12316.9254
2026-06-08 03:00:00+00:00,1683.91,1692.62,1677.0,1680.01,10307.0788
2026-06-08 04:00:00+00:00,1680.02,1681.0,1655.95,1657.05,19001.8609
2026-06-08 05:00:00+00:00,1657.05,1659.87,1645.0,1653.68,17369.8858
2026-06-08 06:00:00+00:00,1653.68,1669.99,1652.78,1666.53,13339.657
2026-06-08 07:00:00+00:00,1666.54,1683.49,1661.63,1673.47,23970.6156
2026-06-08 08:00:00+00:00,1673.46,1673.46,1658.76,1661.17,18124.4271
2026-06-08 09:00:00+00:00,1661.17,1672.0,1657.21,1671.1,18578.4603
2026-06-08 10:00:00+00:00,1671.09,1676.95,1663.32,1672.36,11779.2015
2026-06-08 11:00:00+00:00,1672.37,1696.77,1667.81,1683.76,25263.313
2026-06-08 12:00:00+00:00,1683.77,1698.9,1667.46,1695.61,30493.8863
2026-06-08 13:00:00+00:00,1695.6,1696.82,1678.44,1681.59,36905.2183
2026-06-08 14:00:00+00:00,1681.59,1694.46,1676.55,1691.25,35379.9467
2026-06-08 15:00:00+00:00,1691.24,1706.22,1688.69,1691.59,26426.2471
2026-06-08 16:00:00+00:00,1691.59,1703.88,1682.69,1682.7,21935.6251
2026-06-08 17:00:00+00:00,1682.7,1687.86,1675.8,1686.8,18300.3767
2026-06-08 18:00:00+00:00,1686.81,1692.54,1678.69,1684.71,12223.9236
2026-06-08 19:00:00+00:00,1684.71,1691.76,1681.14,1684.78,20181.1462
2026-06-08 20:00:00+00:00,1684.78,1689.71,1679.25,1689.71,10762.7791
2026-06-08 21:00:00+00:00,1689.71,1714.5,1689.71,1703.52,19220.6599
2026-06-08 22:00:00+00:00,1703.51,1704.19,1688.36,1703.22,10883.8658
2026-06-08 23:00:00+00:00,1703.21,1714.45,1686.72,1690.49,15416.1776
2026-06-09 00:00:00+00:00,1690.48,1696.88,1660.0,1663.26,28703.4582
2026-06-09 01:00:00+00:00,1663.26,1674.27,1658.8,1669.02,11633.8082
2026-06-09 02:00:00+00:00,1669.01,1672.19,1654.63,1667.89,16612.0973
2026-06-09 03:00:00+00:00,1667.88,1671.68,1663.83,1669.44,8667.1447
2026-06-09 04:00:00+00:00,1669.44,1696.41,1664.33,1686.35,17666.9291
2026-06-09 05:00:00+00:00,1686.36,1695.23,1681.53,1688.25,10451.0191
2026-06-09 06:00:00+00:00,1688.25,1695.49,1684.06,1685.98,12296.1588
2026-06-09 07:00:00+00:00,1685.99,1691.59,1675.2,1679.86,15280.924
2026-06-09 08:00:00+00:00,1679.86,1680.64,1668.16,1675.28,13033.6705
2026-06-09 09:00:00+00:00,1675.28,1680.16,1665.0,1670.61,9977.7465
2026-06-09 10:00:00+00:00,1670.6,1676.41,1667.11,1674.72,8285.7183
2026-06-09 11:00:00+00:00,1674.72,1675.46,1666.12,1671.96,7742.4269
2026-06-09 12:00:00+00:00,1671.96,1683.32,1671.04,1676.9,15615.6314
2026-06-09 13:00:00+00:00,1676.9,1680.63,1664.05,1666.71,22526.1705
2026-06-09 14:00:00+00:00,1666.71,1670.84,1633.84,1645.9,43940.3185
2026-06-09 15:00:00+00:00,1645.9,1653.89,1634.45,1636.4,27668.7811
2026-06-09 16:00:00+00:00,1636.4,1639.35,1614.02,1632.27,36381.0701
2026-06-09 17:00:00+00:00,1632.28,1649.76,1632.18,1643.04,19699.237
2026-06-09 18:00:00+00:00,1643.03,1655.49,1639.87,1652.28,11940.1195
2026-06-09 19:00:00+00:00,1652.27,1658.64,1647.82,1657.33,13801.8096
2026-06-09 20:00:00+00:00,1657.33,1663.77,1655.34,1660.59,7896.3684
2026-06-09 21:00:00+00:00,1660.59,1661.69,1647.29,1650.33,6653.733
2026-06-09 22:00:00+00:00,1650.32,1655.0,1639.52,1640.0,6633.8767
2026-06-09 23:00:00+00:00,1640.01,1642.87,1630.36,1639.52,11039.0175
2026-06-10 00:00:00+00:00,1639.52,1646.83,1629.52,1645.74,8118.2128
2026-06-10 01:00:00+00:00,1645.75,1646.91,1633.55,1638.98,7176.757
2026-06-10 02:00:00+00:00,1638.99,1642.5,1621.77,1624.22,8216.5385
2026-06-10 03:00:00+00:00,1624.21,1636.53,1623.52,1630.82,4424.3258
2026-06-10 04:00:00+00:00,1630.82,1632.92,1622.45,1625.98,4591.328
2026-06-10 05:00:00+00:00,1625.99,1630.0,1616.33,1627.99,8002.8075
2026-06-10 06:00:00+00:00,1628.0,1634.41,1622.76,1632.08,8041.7926
2026-06-10 07:00:00+00:00,1632.08,1643.58,1630.73,1640.09,8126.5566
2026-06-10 08:00:00+00:00,1640.1,1640.89,1618.18,1621.34,14750.5467
2026-06-10 09:00:00+00:00,1621.35,1626.44,1606.01,1623.67,12606.9916
2026-06-10 10:00:00+00:00,1623.67,1629.99,1618.1,1628.23,5500.8261
2026-06-10 11:00:00+00:00,1628.23,1630.22,1612.0,1620.05,17819.1598
2026-06-10 12:00:00+00:00,1620.06,1645.46,1615.91,1635.4,20732.8935
2026-06-10 13:00:00+00:00,1635.4,1667.96,1632.0,1651.81,21809.4649
2026-06-10 14:00:00+00:00,1651.82,1655.64,1637.27,1646.72,15637.5251
2026-06-10 15:00:00+00:00,1646.72,1665.05,1635.85,1657.97,20813.253
2026-06-10 16:00:00+00:00,1657.98,1658.73,1632.5,1641.99,17206.2115
2026-06-10 17:00:00+00:00,1641.99,1647.59,1622.51,1632.32,19894.0712
2026-06-10 18:00:00+00:00,1632.32,1636.88,1622.52,1631.13,10584.2028
2026-06-10 19:00:00+00:00,1631.13,1633.69,1623.13,1630.15,7568.5195
2026-06-10 20:00:00+00:00,1630.15,1636.21,1623.15,1630.65,8748.524
2026-06-10 21:00:00+00:00,1630.64,1630.64,1603.44,1611.44,15299.0185
2026-06-10 22:00:00+00:00,1611.45,1622.38,1604.62,1616.52,13595.3575
2026-06-10 23:00:00+00:00,1616.52,1625.09,1609.39,1621.59,11526.3974
2026-06-11 00:00:00+00:00,1621.6,1634.72,1621.6,1628.64,7724.4295
2026-06-11 01:00:00+00:00,1628.63,1647.88,1628.57,1642.83,7074.6638
2026-06-11 02:00:00+00:00,1642.83,1645.5,1630.9,1641.07,5910.6333
2026-06-11 03:00:00+00:00,1641.06,1661.3,1636.09,1653.95,15578.307
2026-06-11 04:00:00+00:00,1653.94,1659.72,1650.0,1656.89,6886.6593
2026-06-11 05:00:00+00:00,1656.89,1656.9,1647.63,1647.95,7974.1931
2026-06-11 06:00:00+00:00,1647.96,1663.14,1646.2,1654.82,16221.9728
2026-06-11 07:00:00+00:00,1654.81,1658.3,1651.7,1654.41,5480.1414
2026-06-11 08:00:00+00:00,1654.4,1664.14,1654.33,1659.96,7619.2871
2026-06-11 09:00:00+00:00,1659.97,1662.0,1656.47,1658.98,4916.5793
2026-06-11 10:00:00+00:00,1658.97,1661.58,1654.28,1658.85,6620.7696
2026-06-11 11:00:00+00:00,1658.85,1673.5,1656.43,1666.84,11246.0665
2026-06-11 12:00:00+00:00,1666.84,1666.88,1642.12,1651.84,20236.8797
2026-06-11 13:00:00+00:00,1651.85,1659.52,1644.45,1653.24,11181.1521
2026-06-11 14:00:00+00:00,1653.24,1655.4,1638.95,1643.04,13211.5386
2026-06-11 15:00:00+00:00,1643.04,1650.83,1636.19,1645.55,11179.5317
2026-06-11 16:00:00+00:00,1645.56,1649.5,1638.35,1639.75,7669.8854
2026-06-11 17:00:00+00:00,1639.74,1693.59,1632.71,1688.66,45791.8573
2026-06-11 18:00:00+00:00,1688.65,1691.85,1676.98,1683.98,17473.6364
2026-06-11 19:00:00+00:00,1683.97,1693.55,1675.98,1681.26,14280.2674
2026-06-11 20:00:00+00:00,1681.26,1683.01,1667.18,1672.37,11476.2253
2026-06-11 21:00:00+00:00,1672.37,1683.29,1672.14,1677.0,8304.8025
2026-06-11 22:00:00+00:00,1676.99,1683.21,1675.43,1676.17,7951.566
2026-06-11 23:00:00+00:00,1676.16,1679.25,1670.19,1673.46,6496.6753
2026-06-12 00:00:00+00:00,1673.46,1677.74,1669.86,1672.74,4281.8456
2026-06-12 01:00:00+00:00,1672.74,1672.74,1660.93,1667.09,7875.9261
2026-06-12 02:00:00+00:00,1667.08,1678.42,1666.87,1675.59,4970.8546
2026-06-12 03:00:00+00:00,1675.6,1676.6,1668.81,1673.25,3530.8234
2026-06-12 04:00:00+00:00,1673.25,1682.0,1669.29,1677.47,5441.5155
2026-06-12 05:00:00+00:00,1677.48,1677.86,1662.31,1664.23,7801.1597
2026-06-12 06:00:00+00:00,1664.23,1666.82,1652.09,1657.34,8649.4647
2026-06-12 07:00:00+00:00,1657.35,1664.99,1656.23,1662.12,8331.4353
2026-06-12 08:00:00+00:00,1662.12,1678.22,1662.12,1673.53,15418.7017
2026-06-12 09:00:00+00:00,1673.53,1685.65,1671.48,1680.16,8197.0023
2026-06-12 10:00:00+00:00,1680.16,1683.35,1671.91,1674.85,6173.9875
2026-06-12 11:00:00+00:00,1674.85,1678.51,1672.1,1673.89,3363.2193
2026-06-12 12:00:00+00:00,1673.88,1673.88,1663.07,1666.54,6467.2057
2026-06-12 13:00:00+00:00,1666.55,1668.91,1653.74,1657.6,11710.1544
2026-06-12 14:00:00+00:00,1657.6,1685.93,1656.26,1685.64,16504.3485
2026-06-12 15:00:00+00:00,1685.65,1691.07,1658.75,1660.08,28712.9287
2026-06-12 16:00:00+00:00,1660.08,1675.81,1657.38,1672.9,16259.7209
2026-06-12 17:00:00+00:00,1672.91,1678.1,1667.37,1668.84,9374.8496
2026-06-12 18:00:00+00:00,1668.84,1673.57,1663.6,1666.87,7832.5232
2026-06-12 19:00:00+00:00,1666.86,1672.47,1664.9,1665.92,8724.7737
2026-06-12 20:00:00+00:00,1665.92,1667.85,1662.02,1664.92,3958.8659
2026-06-12 21:00:00+00:00,1664.93,1668.01,1663.21,1664.19,3024.2087
2026-06-12 22:00:00+00:00,1664.18,1667.49,1661.46,1662.6,2376.0563
2026-06-12 23:00:00+00:00,1662.6,1666.41,1659.02,1666.41,2906.4389
2026-06-13 00:00:00+00:00,1666.42,1669.34,1665.31,1667.47,2920.1254
2026-06-13 01:00:00+00:00,1667.47,1675.9,1666.53,1674.03,5623.2701
2026-06-13 02:00:00+00:00,1674.03,1674.52,1665.69,1668.02,4867.9917
2026-06-13 03:00:00+00:00,1668.03,1669.57,1663.36,1665.25,2988.2057
2026-06-13 04:00:00+00:00,1665.25,1668.28,1663.52,1664.51,2235.5465
2026-06-13 05:00:00+00:00,1664.52,1665.61,1662.2,1665.22,3000.8241
2026-06-13 06:00:00+00:00,1665.22,1670.25,1663.88,1669.7,3290.8776
2026-06-13 07:00:00+00:00,1669.71,1677.74,1668.47,1676.38,7516.4797
2026-06-13 08:00:00+00:00,1676.38,1679.92,1673.63,1674.57,7578.6282
2026-06-13 09:00:00+00:00,1674.57,1676.3,1672.93,1673.7,3898.675
2026-06-13 10:00:00+00:00,1673.7,1676.37,1672.8,1674.18,3139.3227
2026-06-13 11:00:00+00:00,1674.19,1678.96,1673.55,1678.34,3875.3902
2026-06-13 12:00:00+00:00,1678.33,1683.77,1676.99,1680.53,4637.8032
2026-06-13 13:00:00+00:00,1680.52,1681.58,1676.69,1678.02,4422.2372
2026-06-13 14:00:00+00:00,1678.02,1681.47,1677.82,1679.97,3196.0956
2026-06-13 15:00:00+00:00,1679.98,1686.56,1678.5,1682.15,7674.3014
2026-06-13 16:00:00+00:00,1682.14,1682.48,1671.44,1676.74,12322.1686
2026-06-13 17:00:00+00:00,1676.74,1678.4,1673.23,1674.31,3585.258
2026-06-13 18:00:00+00:00,1674.31,1682.63,1674.2,1678.53,2724.5849
2026-06-13 19:00:00+00:00,1678.53,1680.0,1675.86,1678.29,2737.3428
2026-06-13 20:00:00+00:00,1678.3,1678.3,1675.11,1676.53,2067.6627
2026-06-13 21:00:00+00:00,1676.53,1697.28,1674.91,1686.44,6677.2933
2026-06-13 22:00:00+00:00,1686.44,1686.65,1681.62,1681.63,3324.1624
2026-06-13 23:00:00+00:00,1681.62,1684.2,1678.1,1681.18,2447.3607
2026-06-14 00:00:00+00:00,1681.19,1683.52,1678.83,1681.91,2635.5197
2026-06-14 01:00:00+00:00,1681.9,1690.36,1680.3,1683.99,3518.0414
2026-06-14 02:00:00+00:00,1683.98,1685.7,1681.59,1682.47,1929.4039
2026-06-14 03:00:00+00:00,1682.46,1683.28,1679.85,1681.73,2324.9353
2026-06-14 04:00:00+00:00,1681.74,1682.66,1676.35,1677.95,3535.006
2026-06-14 05:00:00+00:00,1677.95,1679.14,1674.0,1678.13,4061.9516
2026-06-14 06:00:00+00:00,1678.13,1682.5,1675.3,1676.39,5066.5632
2026-06-14 07:00:00+00:00,1676.4,1677.55,1673.72,1675.91,2927.6836
2026-06-14 08:00:00+00:00,1675.91,1678.92,1674.73,1675.58,3088.9448
2026-06-14 09:00:00+00:00,1675.58,1679.0,1669.15,1678.49,7430.344
2026-06-14 10:00:00+00:00,1678.48,1678.55,1673.13,1673.13,1896.0713
2026-06-14 11:00:00+00:00,1673.13,1677.15,1672.36,1673.73,2400.9129
2026-06-14 12:00:00+00:00,1673.73,1674.58,1665.35,1666.9,4560.2496
2026-06-14 13:00:00+00:00,1666.9,1669.15,1664.5,1666.54,4290.0889
2026-06-14 14:00:00+00:00,1666.53,1670.2,1654.9,1659.76,10746.8189
2026-06-14 15:00:00+00:00,1659.76,1664.67,1659.6,1662.95,4335.407
2026-06-14 16:00:00+00:00,1662.95,1668.57,1659.36,1661.38,6515.369
2026-06-14 17:00:00+00:00,1661.37,1666.52,1660.92,1662.09,5151.4048
2026-06-14 18:00:00+00:00,1662.09,1663.27,1658.95,1662.08,3057.1103
2026-06-14 19:00:00+00:00,1662.07,1667.93,1661.13,1665.43,3219.0946
2026-06-14 20:00:00+00:00,1665.44,1673.72,1662.67,1670.48,4358.5103
2026-06-14 21:00:00+00:00,1670.48,1732.28,1669.97,1718.67,48781.2516
2026-06-14 22:00:00+00:00,1718.68,1729.1,1712.34,1722.62,28043.4797
2026-06-14 23:00:00+00:00,1722.62,1726.43,1716.79,1725.62,14135.7917
2026-06-15 00:00:00+00:00,1725.63,1733.04,1719.78,1720.83,14570.9812
2026-06-15 01:00:00+00:00,1720.83,1721.91,1709.66,1715.79,12097.9798
2026-06-15 02:00:00+00:00,1715.8,1726.96,1714.23,1716.78,8966.2582
2026-06-15 03:00:00+00:00,1716.78,1724.17,1715.55,1720.78,11155.8651
2026-06-15 04:00:00+00:00,1720.78,1720.78,1716.0,1717.04,11426.7749
2026-06-15 05:00:00+00:00,1717.05,1722.63,1715.95,1720.66,6961.6259
2026-06-15 06:00:00+00:00,1720.67,1723.29,1718.25,1719.82,6607.7047
2026-06-15 07:00:00+00:00,1719.82,1723.8,1716.49,1716.59,8177.2779
2026-06-15 08:00:00+00:00,1716.6,1721.91,1715.6,1720.36,6027.9286
2026-06-15 09:00:00+00:00,1720.35,1726.94,1712.17,1718.65,14597.5107
2026-06-15 10:00:00+00:00,1718.65,1748.6,1718.27,1737.77,26756.9662
2026-06-15 11:00:00+00:00,1737.77,1769.0,1734.11,1764.67,38954.8902
2026-06-15 12:00:00+00:00,1764.67,1777.77,1760.28,1777.48,27438.198
2026-06-15 13:00:00+00:00,1777.48,1827.67,1774.6,1814.12,70367.2004
2026-06-15 14:00:00+00:00,1814.12,1818.58,1804.71,1814.55,25775.3832
2026-06-15 15:00:00+00:00,1814.55,1849.54,1813.15,1845.53,47178.9802
2026-06-15 16:00:00+00:00,1845.53,1847.13,1837.48,1842.85,28115.059
2026-06-15 17:00:00+00:00,1842.85,1842.86,1823.58,1829.19,23706.4793
2026-06-15 18:00:00+00:00,1829.19,1835.58,1825.85,1828.13,9996.5735
2026-06-15 19:00:00+00:00,1828.12,1834.44,1811.66,1821.89,16646.39
2026-06-15 20:00:00+00:00,1821.88,1826.62,1815.33,1816.95,8446.3884
2026-06-15 21:00:00+00:00,1816.94,1822.15,1809.53,1811.35,8869.859
2026-06-15 22:00:00+00:00,1811.36,1813.55,1787.0,1789.68,16216.3254
2026-06-15 23:00:00+00:00,1789.69,1797.58,1782.82,1796.13,15076.6555
2026-06-16 00:00:00+00:00,1796.14,1802.09,1789.0,1789.6,9861.7639
2026-06-16 01:00:00+00:00,1789.59,1797.42,1789.13,1792.27,5337.8699
2026-06-16 02:00:00+00:00,1792.26,1794.1,1767.4,1770.13,20732.5293
2026-06-16 03:00:00+00:00,1770.13,1780.73,1764.84,1779.16,14600.4649
2026-06-16 04:00:00+00:00,1779.16,1783.32,1758.0,1760.64,17722.5148
2026-06-16 05:00:00+00:00,1760.65,1766.0,1760.57,1762.05,11474.8532
2026-06-16 06:00:00+00:00,1762.06,1774.17,1762.06,1771.4,11200.0573
2026-06-16 07:00:00+00:00,1771.41,1776.47,1769.02,1774.24,10004.5098
2026-06-16 08:00:00+00:00,1774.25,1807.97,1773.25,1803.23,22080.5005
2026-06-16 09:00:00+00:00,1803.23,1805.79,1787.07,1789.63,13315.7417
2026-06-16 10:00:00+00:00,1789.63,1800.0,1788.61,1793.95,13040.3844
2026-06-16 11:00:00+00:00,1793.95,1800.0,1790.7,1799.59,8788.3291
2026-06-16 12:00:00+00:00,1799.6,1839.77,1796.71,1814.88,38221.0614
2026-06-16 13:00:00+00:00,1814.89,1817.1,1791.57,1797.88,32836.3553
2026-06-16 14:00:00+00:00,1797.86,1805.57,1763.36,1780.56,37636.9685
2026-06-16 15:00:00+00:00,1780.56,1788.32,1774.52,1782.44,15292.7715
2026-06-16 16:00:00+00:00,1782.43,1785.58,1773.03,1777.89,10107.1978
2026-06-16 17:00:00+00:00,1777.9,1799.45,1777.38,1795.1,11225.1737
2026-06-16 18:00:00+00:00,1795.1,1808.44,1792.58,1799.21,14940.9438
2026-06-16 19:00:00+00:00,1799.2,1801.04,1790.14,1795.41,11864.4825
2026-06-16 20:00:00+00:00,1795.41,1798.5,1789.53,1797.82,7360.8483
2026-06-16 21:00:00+00:00,1797.82,1800.48,1790.57,1796.52,6138.1935
2026-06-16 22:00:00+00:00,1796.53,1799.49,1791.03,1796.21,5783.0483
2026-06-16 23:00:00+00:00,1796.22,1798.89,1791.26,1792.99,4010.9856
2026-06-17 00:00:00+00:00,1793.0,1799.01,1791.95,1794.22,3837.3514
2026-06-17 01:00:00+00:00,1794.22,1799.12,1778.99,1797.76,9518.8319
2026-06-17 02:00:00+00:00,1797.76,1810.21,1788.78,1795.59,11539.6186
2026-06-17 03:00:00+00:00,1795.59,1797.36,1787.65,1793.58,6278.7011
2026-06-17 04:00:00+00:00,1793.58,1801.79,1792.0,1794.3,4566.9498
2026-06-17 05:00:00+00:00,1794.3,1799.45,1789.13,1793.98,6224.9179
2026-06-17 06:00:00+00:00,1793.98,1797.2,1786.44,1790.38,5350.7783
2026-06-17 07:00:00+00:00,1790.38,1792.34,1778.71,1785.08,7467.6536
2026-06-17 08:00:00+00:00,1785.09,1786.15,1760.4,1765.31,15038.4696
2026-06-17 09:00:00+00:00,1765.3,1777.78,1765.0,1773.07,6492.4868
2026-06-17 10:00:00+00:00,1773.08,1776.05,1767.14,1768.38,4720.795
2026-06-17 11:00:00+00:00,1768.39,1770.77,1759.35,1763.92,8865.8541
2026-06-17 12:00:00+00:00,1763.93,1765.99,1742.94,1759.44,22647.9494
2026-06-17 13:00:00+00:00,1759.42,1771.91,1754.72,1761.25,20823.4439
2026-06-17 14:00:00+00:00,1761.24,1765.52,1741.05,1754.96,21946.5289
2026-06-17 15:00:00+00:00,1754.97,1776.94,1751.21,1773.41,16711.5499
2026-06-17 16:00:00+00:00,1773.42,1791.73,1769.52,1772.02,20521.2125
2026-06-17 17:00:00+00:00,1772.03,1796.08,1767.54,1789.27,12709.6191
2026-06-17 18:00:00+00:00,1789.27,1789.4,1746.42,1770.32,45097.9103
2026-06-17 19:00:00+00:00,1770.31,1775.85,1729.26,1734.72,48044.2229
2026-06-17 20:00:00+00:00,1734.73,1747.92,1732.97,1747.36,12478.2946
2026-06-17 21:00:00+00:00,1747.37,1748.01,1736.39,1738.9,6882.8113
2026-06-17 22:00:00+00:00,1738.91,1746.6,1725.34,1740.31,10769.2064
2026-06-17 23:00:00+00:00,1740.31,1751.66,1740.1,1750.6,5962.9002
2026-06-18 00:00:00+00:00,1750.61,1759.49,1749.98,1752.97,8434.4626
2026-06-18 01:00:00+00:00,1752.97,1762.99,1752.64,1754.92,6736.3083
2026-06-18 02:00:00+00:00,1754.93,1759.0,1750.34,1755.85,5941.1809
2026-06-18 03:00:00+00:00,1755.86,1756.26,1741.46,1744.17,9869.8515
2026-06-18 04:00:00+00:00,1744.17,1745.92,1730.0,1730.64,10827.0106
2026-06-18 05:00:00+00:00,1730.63,1733.0,1722.24,1730.97,9504.6066
2026-06-18 06:00:00+00:00,1730.97,1736.79,1725.53,1735.56,9171.8836
2026-06-18 07:00:00+00:00,1735.56,1753.29,1732.91,1749.79,14499.706
2026-06-18 08:00:00+00:00,1749.8,1753.61,1743.7,1747.67,16995.3259
2026-06-18 09:00:00+00:00,1747.67,1751.87,1742.53,1746.07,9188.0766
2026-06-18 10:00:00+00:00,1746.07,1752.84,1739.46,1746.9,10293.2199
2026-06-18 11:00:00+00:00,1746.9,1749.39,1739.11,1743.31,10599.3506
2026-06-18 12:00:00+00:00,1743.31,1753.06,1741.88,1750.41,9678.6003
2026-06-18 13:00:00+00:00,1750.41,1752.51,1729.08,1736.78,14466.2432
2026-06-18 14:00:00+00:00,1736.78,1745.46,1729.66,1739.79,15628.5169
2026-06-18 15:00:00+00:00,1739.78,1740.09,1680.0,1682.23,54756.2373
2026-06-18 16:00:00+00:00,1682.23,1692.95,1680.39,1686.93,23218.7247
2026-06-18 17:00:00+00:00,1686.96,1687.68,1671.79,1679.42,18337.1074
2026-06-18 18:00:00+00:00,1679.41,1689.4,1676.35,1685.38,11493.0957
2026-06-18 19:00:00+00:00,1685.38,1707.48,1682.78,1705.39,12972.023
2026-06-18 20:00:00+00:00,1705.4,1717.23,1705.4,1710.47,10803.4729
2026-06-18 21:00:00+00:00,1710.47,1711.96,1701.64,1708.39,8309.8533
2026-06-18 22:00:00+00:00,1708.39,1708.56,1700.19,1706.81,5388.0262
2026-06-18 23:00:00+00:00,1706.81,1712.38,1702.96,1711.11,5368.0816
2026-06-19 00:00:00+00:00,1711.11,1716.3,1708.64,1713.84,5697.9599
2026-06-19 01:00:00+00:00,1713.85,1719.51,1706.19,1713.5,4979.2932
2026-06-19 02:00:00+00:00,1713.5,1715.21,1701.29,1707.15,7104.6248
2026-06-19 03:00:00+00:00,1707.15,1708.28,1682.35,1697.69,19909.1455
2026-06-19 04:00:00+00:00,1697.7,1702.97,1686.0,1689.72,9047.7131
2026-06-19 05:00:00+00:00,1689.72,1697.75,1689.39,1697.51,6751.5611
2026-06-19 06:00:00+00:00,1697.51,1703.4,1696.18,1700.26,5912.1887
2026-06-19 07:00:00+00:00,1700.27,1700.98,1690.09,1695.82,10871.0575
2026-06-19 08:00:00+00:00,1695.82,1699.11,1693.66,1697.94,4871.7774
2026-06-19 09:00:00+00:00,1697.94,1699.82,1688.72,1689.2,5546.9736
2026-06-19 10:00:00+00:00,1689.21,1694.67,1687.05,1692.61,5996.3839
2026-06-19 11:00:00+00:00,1692.6,1694.24,1688.84,1691.74,3329.0739
2026-06-19 12:00:00+00:00,1691.74,1696.12,1679.11,1695.36,9586.951
2026-06-19 13:00:00+00:00,1695.37,1711.59,1687.75,1703.47,11636.3177
2026-06-19 14:00:00+00:00,1703.46,1709.98,1696.51,1706.97,8226.3952
2026-06-19 15:00:00+00:00,1706.96,1712.06,1698.37,1707.86,9090.8157
2026-06-19 16:00:00+00:00,1707.87,1711.76,1695.09,1696.8,7276.0252
2026-06-19 17:00:00+00:00,1696.8,1706.25,1693.7,1704.85,7369.5848
2026-06-19 18:00:00+00:00,1704.85,1705.45,1698.3,1702.7,3812.1693
2026-06-19 19:00:00+00:00,1702.69,1704.61,1698.15,1701.2,3987.7458
2026-06-19 20:00:00+00:00,1701.21,1709.37,1698.89,1708.96,3414.0082
2026-06-19 21:00:00+00:00,1708.97,1708.97,1701.52,1702.03,2847.9389
2026-06-19 22:00:00+00:00,1702.02,1710.38,1700.45,1707.61,4493.571
2026-06-19 23:00:00+00:00,1707.61,1715.0,1704.88,1711.19,3318.923
2026-06-20 00:00:00+00:00,1711.18,1718.0,1708.41,1708.8,6468.2301
2026-06-20 01:00:00+00:00,1708.8,1713.36,1706.62,1709.89,2947.0758
2026-06-20 02:00:00+00:00,1709.89,1710.52,1704.06,1704.85,3058.5958
2026-06-20 03:00:00+00:00,1704.85,1709.33,1704.56,1708.17,2012.5022
2026-06-20 04:00:00+00:00,1708.18,1715.47,1706.51,1713.52,4256.5601
2026-06-20 05:00:00+00:00,1713.52,1733.89,1712.25,1726.1,15425.5681
2026-06-20 06:00:00+00:00,1726.11,1729.84,1723.98,1727.67,4389.7401
2026-06-20 07:00:00+00:00,1727.66,1729.56,1723.05,1725.82,4567.4772
2026-06-20 08:00:00+00:00,1725.81,1726.9,1721.25,1722.83,4169.4426
2026-06-20 09:00:00+00:00,1722.83,1730.0,1722.83,1728.47,3920.341
2026-06-20 10:00:00+00:00,1728.46,1729.53,1725.26,1727.62,2117.895
2026-06-20 11:00:00+00:00,1727.63,1731.76,1725.84,1727.18,3102.374
2026-06-20 12:00:00+00:00,1727.18,1730.35,1723.61,1726.86,3168.5393
2026-06-20 13:00:00+00:00,1726.86,1727.21,1712.81,1717.56,7508.8306
2026-06-20 14:00:00+00:00,1717.56,1746.67,1708.11,1733.48,17301.3976
2026-06-20 15:00:00+00:00,1733.49,1749.55,1729.44,1740.63,17584.9923
2026-06-20 16:00:00+00:00,1740.63,1740.91,1730.9,1733.92,4672.2434
2026-06-20 17:00:00+00:00,1733.92,1733.93,1721.03,1726.86,4887.2409
2026-06-20 18:00:00+00:00,1726.87,1732.0,1726.0,1726.63,4045.8504
2026-06-20 19:00:00+00:00,1726.62,1730.18,1725.24,1729.27,9864.4156
2026-06-20 20:00:00+00:00,1729.27,1731.34,1726.53,1730.98,2561.062
2026-06-20 21:00:00+00:00,1730.98,1738.01,1730.38,1735.33,10038.6089
2026-06-20 22:00:00+00:00,1735.33,1746.17,1732.96,1743.32,13257.529
2026-06-20 23:00:00+00:00,1743.32,1743.76,1740.52,1741.08,8465.3091
2026-06-21 00:00:00+00:00,1741.08,1741.09,1736.19,1737.92,3498.051
2026-06-21 01:00:00+00:00,1737.92,1740.0,1734.5,1737.01,2282.0442
2026-06-21 02:00:00+00:00,1737.0,1738.18,1735.66,1736.09,1633.6497
2026-06-21 03:00:00+00:00,1736.08,1741.45,1733.51,1737.87,4072.1839
2026-06-21 04:00:00+00:00,1737.88,1741.41,1731.63,1732.85,3580.8594
2026-06-21 05:00:00+00:00,1732.85,1736.27,1729.8,1733.47,3450.4994
2026-06-21 06:00:00+00:00,1733.46,1738.66,1732.52,1736.14,8991.4845
2026-06-21 07:00:00+00:00,1736.14,1736.44,1731.79,1732.36,3125.8122
2026-06-21 08:00:00+00:00,1732.36,1733.22,1724.0,1729.1,4507.568
2026-06-21 09:00:00+00:00,1729.11,1734.37,1725.89,1732.78,3081.6477
2026-06-21 10:00:00+00:00,1732.77,1737.02,1731.03,1731.38,3584.3482
2026-06-21 11:00:00+00:00,1731.39,1734.81,1718.56,1725.36,8436.5416
2026-06-21 12:00:00+00:00,1725.37,1726.93,1717.14,1726.0,8012.7232
2026-06-21 13:00:00+00:00,1725.99,1728.14,1722.12,1725.15,3705.3006
2026-06-21 14:00:00+00:00,1725.15,1728.46,1721.78,1728.44,3406.0189
2026-06-21 15:00:00+00:00,1728.45,1732.57,1727.12,1730.72,3875.8192
2026-06-21 16:00:00+00:00,1730.71,1730.71,1722.21,1728.15,5613.9679
2026-06-21 17:00:00+00:00,1728.16,1731.54,1725.97,1727.36,4651.9746
2026-06-21 18:00:00+00:00,1727.37,1737.81,1721.67,1735.39,7082.1654
2026-06-21 19:00:00+00:00,1735.4,1739.32,1733.59,1734.14,2837.2696
2026-06-21 20:00:00+00:00,1734.14,1735.34,1717.3,1721.3,5585.8071
2026-06-21 21:00:00+00:00,1721.32,1724.19,1702.0,1718.6,13883.6198
2026-06-21 22:00:00+00:00,1718.59,1721.38,1708.57,1717.65,6845.1093
2026-06-21 23:00:00+00:00,1717.64,1717.64,1704.25,1706.94,8018.0035
2026-06-22 00:00:00+00:00,1706.94,1732.2,1706.94,1726.95,10130.3805
2026-06-22 01:00:00+00:00,1726.95,1759.84,1724.56,1743.82,22702.9713
2026-06-22 02:00:00+00:00,1743.83,1745.28,1737.28,1737.28,6300.0591
2026-06-22 03:00:00+00:00,1737.27,1740.98,1726.54,1730.0,9112.5799
2026-06-22 04:00:00+00:00,1730.0,1735.96,1727.69,1735.31,6465.2801
2026-06-22 05:00:00+00:00,1735.3,1739.83,1734.2,1736.85,5508.6624
2026-06-22 06:00:00+00:00,1736.85,1740.21,1733.21,1735.06,6815.1664
2026-06-22 07:00:00+00:00,1735.07,1751.58,1734.76,1746.34,12767.3267
2026-06-22 08:00:00+00:00,1746.34,1752.23,1743.56,1747.79,6440.1179
2026-06-22 09:00:00+00:00,1747.8,1750.38,1743.75,1746.2,7565.4243
2026-06-22 10:00:00+00:00,1746.19,1751.58,1745.23,1748.81,3656.4425
2026-06-22 11:00:00+00:00,1748.81,1774.7,1747.48,1767.68,22291.9665
2026-06-22 12:00:00+00:00,1767.68,1772.0,1761.29,1764.0,13529.9672
2026-06-22 13:00:00+00:00,1764.0,1779.9,1762.06,1777.51,20616.359
2026-06-22 14:00:00+00:00,1777.52,1778.0,1749.85,1754.61,17137.5904
2026-06-22 15:00:00+00:00,1754.62,1758.06,1742.41,1744.74,13111.6886
2026-06-22 16:00:00+00:00,1744.75,1746.29,1733.71,1740.1,17031.0108
2026-06-22 17:00:00+00:00,1740.1,1743.12,1731.32,1740.93,9084.9434
2026-06-22 18:00:00+00:00,1740.92,1747.7,1729.42,1733.51,12571.1935
2026-06-22 19:00:00+00:00,1733.51,1736.82,1729.15,1734.59,10968.9943
2026-06-22 20:00:00+00:00,1734.59,1740.07,1731.14,1734.61,5535.2997
2026-06-22 21:00:00+00:00,1734.61,1737.53,1726.83,1732.74,5705.2922
2026-06-22 22:00:00+00:00,1732.74,1735.93,1717.02,1724.15,11341.6732
2026-06-22 23:00:00+00:00,1724.16,1730.6,1721.38,1728.19,6266.7921
2026-06-23 00:00:00+00:00,1728.19,1731.74,1719.75,1731.27,5627.0099
2026-06-23 01:00:00+00:00,1731.26,1736.25,1721.22,1730.61,5962.0236
2026-06-23 02:00:00+00:00,1730.61,1735.04,1726.36,1732.65,3137.1425
2026-06-23 03:00:00+00:00,1732.65,1733.11,1725.98,1729.9,4003.4996
2026-06-23 04:00:00+00:00,1729.91,1731.25,1717.75,1719.07,5982.7941
2026-06-23 05:00:00+00:00,1719.07,1721.38,1710.5,1713.44,9724.8299
2026-06-23 06:00:00+00:00,1713.51,1713.7,1680.52,1692.29,25365.4413
2026-06-23 07:00:00+00:00,1692.3,1696.47,1682.34,1683.01,10843.585
2026-06-23 08:00:00+00:00,1683.02,1684.8,1635.65,1648.48,45421.5785
2026-06-23 09:00:00+00:00,1648.47,1654.39,1648.15,1650.97,9665.8399
2026-06-23 10:00:00+00:00,1650.97,1658.91,1649.37,1652.65,7703.6216
2026-06-23 11:00:00+00:00,1652.65,1663.9,1652.65,1660.9,8465.12
2026-06-23 12:00:00+00:00,1660.9,1662.59,1653.6,1654.53,8770.3273
2026-06-23 13:00:00+00:00,1654.54,1664.13,1645.52,1662.83,18188.6396
2026-06-23 14:00:00+00:00,1662.82,1672.0,1658.04,1662.1,11900.4381
2026-06-23 15:00:00+00:00,1662.1,1663.39,1651.39,1659.78,9981.5495
2026-06-23 16:00:00+00:00,1659.78,1673.89,1656.99,1659.35,16753.287
2026-06-23 17:00:00+00:00,1659.34,1664.87,1654.67,1656.85,5433.1762
2026-06-23 18:00:00+00:00,1656.86,1660.64,1650.0,1655.53,9237.5786
2026-06-23 19:00:00+00:00,1655.53,1663.97,1655.47,1662.58,7258.075
2026-06-23 20:00:00+00:00,1662.57,1667.64,1661.42,1664.13,5425.2313
2026-06-23 21:00:00+00:00,1664.12,1668.37,1663.52,1666.75,3885.2737
2026-06-23 22:00:00+00:00,1666.74,1672.92,1663.0,1664.67,4377.063
2026-06-23 23:00:00+00:00,1664.67,1669.55,1660.27,1667.13,5148.8868
2026-06-24 00:00:00+00:00,1667.13,1674.72,1666.75,1671.37,4670.7478
2026-06-24 01:00:00+00:00,1671.37,1680.46,1666.12,1672.71,6893.0807
2026-06-24 02:00:00+00:00,1672.71,1673.62,1663.53,1664.03,4564.5059
2026-06-24 03:00:00+00:00,1664.03,1670.09,1658.18,1666.67,6262.17
2026-06-24 04:00:00+00:00,1666.67,1671.01,1658.22,1669.0,6413.2087
2026-06-24 05:00:00+00:00,1669.0,1679.57,1667.8,1674.48,6618.8595
2026-06-24 06:00:00+00:00,1674.48,1677.0,1670.54,1674.89,5038.4681
2026-06-24 07:00:00+00:00,1674.89,1678.53,1670.94,1673.12,6333.9631
2026-06-24 08:00:00+00:00,1673.13,1675.2,1669.23,1673.28,5571.6204
2026-06-24 09:00:00+00:00,1673.28,1673.38,1665.29,1667.15,6153.8632
2026-06-24 10:00:00+00:00,1667.14,1668.0,1662.88,1663.69,7390.6395
2026-06-24 11:00:00+00:00,1663.68,1693.67,1655.76,1679.57,14579.9312
2026-06-24 12:00:00+00:00,1679.57,1681.29,1670.52,1671.53,8195.6948
2026-06-24 13:00:00+00:00,1671.53,1672.17,1641.44,1645.43,27387.7547
2026-06-24 14:00:00+00:00,1645.42,1657.4,1638.14,1647.26,23273.2898
2026-06-24 15:00:00+00:00,1647.27,1651.24,1616.8,1618.08,29543.9569
2026-06-24 16:00:00+00:00,1618.08,1636.08,1585.2,1589.87,48596.7881
2026-06-24 17:00:00+00:00,1589.86,1597.83,1552.95,1560.66,44350.5832
2026-06-24 18:00:00+00:00,1560.66,1585.11,1556.86,1572.26,27727.0215
2026-06-24 19:00:00+00:00,1572.27,1585.39,1567.12,1584.58,14632.3502
2026-06-24 20:00:00+00:00,1584.59,1622.12,1580.0,1613.63,23963.5871
2026-06-24 21:00:00+00:00,1613.63,1621.81,1606.09,1621.37,10321.2757
2026-06-24 22:00:00+00:00,1621.37,1629.82,1613.65,1615.46,11234.9187
2026-06-24 23:00:00+00:00,1615.45,1623.46,1613.75,1622.17,6010.0615
2026-06-25 00:00:00+00:00,1622.18,1626.51,1616.56,1619.12,10082.8277
2026-06-25 01:00:00+00:00,1619.12,1624.24,1614.69,1620.72,5059.8255
2026-06-25 02:00:00+00:00,1620.73,1621.47,1615.04,1621.0,3603.6797
2026-06-25 03:00:00+00:00,1621.01,1624.12,1616.23,1619.6,5190.7625
2026-06-25 04:00:00+00:00,1619.61,1636.52,1617.12,1635.03,10616.0313
2026-06-25 05:00:00+00:00,1635.04,1652.23,1633.58,1645.89,29374.7463
2026-06-25 06:00:00+00:00,1645.89,1660.54,1644.15,1653.95,13089.7778
2026-06-25 07:00:00+00:00,1653.95,1659.89,1651.22,1657.19,10508.2479
2026-06-25 08:00:00+00:00,1657.2,1658.98,1651.03,1652.92,5137.7257
2026-06-25 09:00:00+00:00,1652.93,1655.41,1646.62,1648.88,5291.9171
2026-06-25 10:00:00+00:00,1648.89,1649.83,1633.6,1636.58,12280.2774
2026-06-25 11:00:00+00:00,1636.58,1639.17,1628.05,1633.27,21315.38
2026-06-25 12:00:00+00:00,1633.28,1650.38,1624.71,1635.81,14082.1411
2026-06-25 13:00:00+00:00,1635.82,1640.98,1532.9,1538.15,69978.661
2026-06-25 14:00:00+00:00,1538.15,1593.07,1538.15,1568.37,74239.2585
2026-06-25 15:00:00+00:00,1568.37,1573.55,1544.68,1570.01,40193.9689
2026-06-25 16:00:00+00:00,1570.01,1587.7,1558.17,1562.04,27455.6057
2026-06-25 17:00:00+00:00,1562.04,1575.43,1557.56,1574.92,16173.2073
2026-06-25 18:00:00+00:00,1574.92,1577.49,1560.0,1567.56,15081.155
2026-06-25 19:00:00+00:00,1567.56,1567.83,1554.6,1559.42,11610.4484
2026-06-25 20:00:00+00:00,1559.41,1570.74,1556.73,1560.33,9081.7274
2026-06-25 21:00:00+00:00,1560.33,1583.09,1560.14,1580.77,11363.3588
2026-06-25 22:00:00+00:00,1580.76,1583.65,1566.62,1570.3,10594.8086
2026-06-25 23:00:00+00:00,1570.29,1579.82,1564.57,1567.84,9265.4654
2026-06-26 00:00:00+00:00,1567.86,1571.78,1563.69,1564.72,4929.4635
2026-06-26 01:00:00+00:00,1564.73,1568.65,1555.33,1560.13,7050.3691
2026-06-26 02:00:00+00:00,1560.13,1560.94,1520.0,1524.7,35180.3739
2026-06-26 03:00:00+00:00,1524.7,1563.65,1512.0,1557.93,36405.7942
2026-06-26 04:00:00+00:00,1557.93,1560.7,1547.41,1549.79,8921.6847
2026-06-26 05:00:00+00:00,1549.8,1559.22,1548.4,1555.69,11399.796
2026-06-26 06:00:00+00:00,1555.68,1574.02,1543.43,1570.99,15077.4482
2026-06-26 07:00:00+00:00,1571.0,1586.5,1570.65,1581.12,33337.5574
2026-06-26 08:00:00+00:00,1581.12,1582.43,1563.55,1566.43,27853.2557
2026-06-26 09:00:00+00:00,1566.44,1567.28,1549.33,1552.99,16726.1838
2026-06-26 10:00:00+00:00,1552.99,1556.15,1545.0,1548.37,10405.9714
2026-06-26 11:00:00+00:00,1548.36,1555.2,1541.01,1545.14,15853.2916
2026-06-26 12:00:00+00:00,1545.15,1560.61,1527.81,1536.28,20616.5501
2026-06-26 13:00:00+00:00,1536.29,1571.4,1521.54,1569.4,35433.1384
2026-06-26 14:00:00+00:00,1569.4,1575.36,1553.66,1559.98,33128.1114
2026-06-26 15:00:00+00:00,1559.98,1588.23,1559.56,1580.14,30928.0575
2026-06-26 16:00:00+00:00,1580.13,1594.7,1572.44,1577.84,19277.1459
2026-06-26 17:00:00+00:00,1577.83,1589.03,1576.59,1581.92,14613.1395
2026-06-26 18:00:00+00:00,1581.91,1585.51,1570.32,1573.34,9649.542
2026-06-26 19:00:00+00:00,1573.35,1584.2,1570.5,1574.51,10709.8894
2026-06-26 20:00:00+00:00,1574.51,1583.4,1568.0,1571.03,12801.7066
2026-06-26 21:00:00+00:00,1571.02,1579.4,1568.43,1575.18,5129.5189
2026-06-26 22:00:00+00:00,1575.17,1579.45,1569.44,1577.95,4444.5729
2026-06-26 23:00:00+00:00,1577.94,1580.76,1574.44,1578.68,3818.8772
2026-06-27 00:00:00+00:00,1578.68,1582.07,1571.55,1576.82,3878.2438
2026-06-27 01:00:00+00:00,1576.83,1577.7,1574.0,1576.01,1579.7964
2026-06-27 02:00:00+00:00,1576.0,1587.17,1574.64,1583.13,5372.9276
2026-06-27 03:00:00+00:00,1583.13,1585.09,1578.41,1580.62,8297.5749
2026-06-27 04:00:00+00:00,1580.62,1585.22,1579.0,1579.48,3722.0811
2026-06-27 05:00:00+00:00,1579.48,1581.12,1577.0,1578.65,4219.369
2026-06-27 06:00:00+00:00,1578.66,1584.61,1575.2,1582.71,3621.2467
2026-06-27 07:00:00+00:00,1582.71,1586.38,1580.39,1585.71,3657.5886
2026-06-27 08:00:00+00:00,1585.72,1585.95,1582.05,1584.18,5115.6115
2026-06-27 09:00:00+00:00,1584.18,1584.91,1579.39,1582.93,3278.6379
2026-06-27 10:00:00+00:00,1582.93,1584.97,1582.18,1584.31,2292.3254
2026-06-27 11:00:00+00:00,1584.31,1585.12,1579.0,1584.0,2769.0168
2026-06-27 12:00:00+00:00,1584.0,1586.49,1581.42,1585.95,3471.4236
2026-06-27 13:00:00+00:00,1585.95,1593.23,1584.98,1592.3,8300.5495
2026-06-27 14:00:00+00:00,1592.31,1598.88,1589.49,1594.68,7439.2954
2026-06-27 15:00:00+00:00,1594.68,1611.02,1594.09,1605.68,14977.0937
2026-06-27 16:00:00+00:00,1605.68,1607.92,1601.7,1606.97,4657.1413
2026-06-27 17:00:00+00:00,1606.98,1607.1,1588.6,1591.42,10759.7153
2026-06-27 18:00:00+00:00,1591.42,1594.7,1589.2,1593.92,2775.8577
2026-06-27 19:00:00+00:00,1593.91,1595.25,1573.36,1578.51,11430.8918
2026-06-27 20:00:00+00:00,1578.51,1583.24,1578.48,1581.48,2379.6934
2026-06-27 21:00:00+00:00,1581.48,1585.69,1573.93,1575.38,5770.0474
2026-06-27 22:00:00+00:00,1575.38,1579.56,1562.86,1578.98,7609.1967
2026-06-27 23:00:00+00:00,1578.98,1581.58,1570.55,1573.99,4217.0343
2026-06-28 00:00:00+00:00,1574.0,1578.08,1572.71,1574.75,2955.0191
2026-06-28 01:00:00+00:00,1574.74,1576.95,1570.0,1575.11,3504.1895
2026-06-28 02:00:00+00:00,1575.11,1580.05,1569.07,1572.0,4027.3051
2026-06-28 03:00:00+00:00,1572.01,1576.11,1572.01,1575.08,1672.754
2026-06-28 04:00:00+00:00,1575.08,1577.34,1570.64,1574.32,3089.3636
2026-06-28 05:00:00+00:00,1574.32,1574.33,1564.33,1569.17,6581.5522
2026-06-28 06:00:00+00:00,1569.18,1570.65,1562.41,1567.84,5839.1572
2026-06-28 07:00:00+00:00,1567.85,1577.13,1567.84,1575.96,5527.1852
2026-06-28 08:00:00+00:00,1575.96,1585.32,1573.75,1581.58,8339.7096
2026-06-28 09:00:00+00:00,1581.58,1586.35,1578.37,1579.09,6148.2754
2026-06-28 10:00:00+00:00,1579.08,1581.42,1572.23,1577.16,5257.7219
2026-06-28 11:00:00+00:00,1577.16,1584.0,1575.9,1582.87,4122.2234
2026-06-28 12:00:00+00:00,1582.86,1588.82,1578.21,1583.56,8975.4982
2026-06-28 13:00:00+00:00,1583.56,1583.85,1575.04,1579.68,4303.2526
2026-06-28 14:00:00+00:00,1579.68,1586.36,1577.92,1581.56,4893.5491
2026-06-28 15:00:00+00:00,1581.55,1585.36,1577.2,1580.89,5502.2554
2026-06-28 16:00:00+00:00,1580.9,1581.94,1566.62,1572.85,9393.4685
2026-06-28 17:00:00+00:00,1572.84,1577.36,1563.53,1572.35,6830.0724
2026-06-28 18:00:00+00:00,1572.34,1575.15,1569.08,1571.78,3637.0534
2026-06-28 19:00:00+00:00,1571.79,1574.55,1556.81,1564.62,6915.1044
2026-06-28 20:00:00+00:00,1564.61,1576.42,1564.3,1573.2,4705.0587
2026-06-28 21:00:00+00:00,1573.2,1573.87,1559.21,1563.62,4084.214
2026-06-28 22:00:00+00:00,1563.63,1582.29,1548.37,1557.09,15493.9496
2026-06-28 23:00:00+00:00,1557.08,1580.1,1555.35,1571.96,8383.2092
2026-06-29 00:00:00+00:00,1571.96,1574.69,1552.21,1573.53,9360.7204
2026-06-29 01:00:00+00:00,1573.53,1574.28,1560.19,1568.7,5801.2428
2026-06-29 02:00:00+00:00,1568.71,1579.15,1550.43,1576.6,12263.5163
2026-06-29 03:00:00+00:00,1576.6,1589.75,1576.6,1584.78,9914.2931
2026-06-29 04:00:00+00:00,1584.77,1585.05,1574.65,1575.5,4238.9336
2026-06-29 05:00:00+00:00,1575.5,1583.1,1562.26,1583.1,8554.5454
2026-06-29 06:00:00+00:00,1583.1,1589.08,1579.81,1582.82,5429.1652
2026-06-29 07:00:00+00:00,1582.82,1584.9,1577.92,1580.16,5938.948
2026-06-29 08:00:00+00:00,1580.17,1582.33,1569.85,1572.98,7152.0886
2026-06-29 09:00:00+00:00,1572.98,1580.44,1570.49,1576.2,7628.9728
2026-06-29 10:00:00+00:00,1576.2,1587.0,1576.2,1578.6,7670.0029
2026-06-29 11:00:00+00:00,1578.6,1582.54,1570.32,1574.93,10782.3057
2026-06-29 12:00:00+00:00,1574.93,1597.28,1566.6,1576.11,29333.7411
2026-06-29 13:00:00+00:00,1576.12,1588.82,1564.85,1572.74,22887.3389
2026-06-29 14:00:00+00:00,1572.74,1579.34,1557.35,1572.9,25528.2616
2026-06-29 15:00:00+00:00,1572.9,1585.41,1561.7,1580.26,22851.741
2026-06-29 16:00:00+00:00,1580.26,1587.71,1574.06,1585.37,13677.845
2026-06-29 17:00:00+00:00,1585.37,1637.58,1585.37,1628.03,47576.4852
2026-06-29 18:00:00+00:00,1628.04,1628.61,1618.37,1621.1,11128.5518
2026-06-29 19:00:00+00:00,1621.1,1627.36,1616.23,1625.6,8541.6103
2026-06-29 20:00:00+00:00,1625.6,1626.65,1617.37,1617.66,11491.5988
2026-06-29 21:00:00+00:00,1617.66,1623.0,1611.5,1619.99,8484.7618
2026-06-29 22:00:00+00:00,1620.0,1622.11,1610.36,1612.9,7654.4177
2026-06-29 23:00:00+00:00,1612.9,1613.98,1607.41,1613.07,6077.8868
2026-06-30 00:00:00+00:00,1613.07,1614.41,1592.71,1594.41,14031.367
2026-06-30 01:00:00+00:00,1594.42,1599.83,1589.0,1593.92,9136.2958
2026-06-30 02:00:00+00:00,1593.92,1593.93,1586.49,1590.57,6252.3613
2026-06-30 03:00:00+00:00,1590.57,1596.18,1586.58,1587.18,5380.6859
2026-06-30 04:00:00+00:00,1587.18,1590.99,1579.79,1588.11,8118.7324
2026-06-30 05:00:00+00:00,1588.1,1592.02,1585.22,1591.6,6208.8648
2026-06-30 06:00:00+00:00,1591.61,1594.65,1589.0,1593.72,4198.2353
2026-06-30 07:00:00+00:00,1593.72,1596.25,1590.07,1592.51,6659.2553
2026-06-30 08:00:00+00:00,1592.51,1594.28,1579.54,1583.98,12844.0851
2026-06-30 09:00:00+00:00,1583.97,1587.03,1581.49,1585.35,6708.2319
2026-06-30 10:00:00+00:00,1585.35,1586.93,1582.23,1584.51,5569.3034
2026-06-30 11:00:00+00:00,1584.52,1586.15,1575.85,1578.58,8676.2458
2026-06-30 12:00:00+00:00,1578.57,1578.58,1551.33,1552.79,21763.4864
2026-06-30 13:00:00+00:00,1552.8,1567.51,1550.2,1567.29,25249.4669
2026-06-30 14:00:00+00:00,1567.29,1578.0,1561.33,1563.52,14106.087
2026-06-30 15:00:00+00:00,1563.52,1576.94,1557.35,1565.18,12920.771
2026-06-30 16:00:00+00:00,1565.19,1575.0,1561.84,1572.38,10466.6846
2026-06-30 17:00:00+00:00,1572.38,1577.1,1568.64,1570.86,6056.3848
2026-06-30 18:00:00+00:00,1570.87,1581.83,1569.59,1579.11,9113.0683
2026-06-30 19:00:00+00:00,1579.1,1581.92,1575.56,1580.53,6894.013
2026-06-30 20:00:00+00:00,1580.52,1582.98,1573.4,1575.99,6496.5523
2026-06-30 21:00:00+00:00,1575.99,1577.26,1570.0,1571.68,4676.418
2026-06-30 22:00:00+00:00,1571.68,1575.3,1566.81,1567.64,5732.2341
2026-06-30 23:00:00+00:00,1567.64,1572.8,1566.0,1572.01,4798.3738
2026-07-01 00:00:00+00:00,1572.0,1576.7,1566.13,1575.07,5170.8349
2026-07-01 01:00:00+00:00,1575.07,1586.6,1552.92,1577.91,20972.9935
2026-07-01 02:00:00+00:00,1577.91,1589.55,1574.53,1586.3,9847.6845
2026-07-01 03:00:00+00:00,1586.3,1599.19,1582.45,1594.81,13735.444
2026-07-01 04:00:00+00:00,1594.81,1604.02,1590.89,1599.35,10850.5559
2026-07-01 05:00:00+00:00,1599.35,1600.83,1591.21,1593.0,7409.7686
2026-07-01 06:00:00+00:00,1593.0,1593.15,1571.5,1575.99,14828.2999
2026-07-01 07:00:00+00:00,1575.99,1581.19,1572.5,1578.36,6847.453
2026-07-01 08:00:00+00:00,1578.36,1582.37,1568.51,1582.37,6285.3084
2026-07-01 09:00:00+00:00,1582.36,1585.33,1578.68,1581.01,7492.7088
2026-07-01 10:00:00+00:00,1581.0,1581.52,1572.11,1573.43,5702.4791
2026-07-01 11:00:00+00:00,1573.43,1575.96,1567.13,1569.89,6688.4104
2026-07-01 12:00:00+00:00,1569.88,1572.49,1565.26,1570.24,7560.239
2026-07-01 13:00:00+00:00,1570.24,1598.0,1570.0,1597.22,20616.9671
2026-07-01 14:00:00+00:00,1597.22,1617.04,1591.2,1601.18,38319.4006
2026-07-01 15:00:00+00:00,1601.19,1631.0,1600.98,1620.09,28006.7756
2026-07-01 16:00:00+00:00,1620.1,1629.26,1612.77,1614.54,13891.3461
2026-07-01 17:00:00+00:00,1614.54,1624.79,1607.17,1622.72,10580.0853
2026-07-01 18:00:00+00:00,1622.72,1624.5,1612.01,1616.59,7761.2219
2026-07-01 19:00:00+00:00,1616.59,1624.0,1614.42,1618.09,8988.5581
2026-07-01 20:00:00+00:00,1618.07,1620.46,1610.38,1617.68,8568.5384
2026-07-01 21:00:00+00:00,1617.67,1638.63,1617.55,1632.12,18296.0103
2026-07-01 22:00:00+00:00,1632.11,1646.26,1620.58,1621.63,17822.8349
2026-07-01 23:00:00+00:00,1621.62,1621.63,1608.35,1609.58,10292.3927
2026-07-02 00:00:00+00:00,1609.59,1609.8,1597.22,1603.42,10412.1329
2026-07-02 01:00:00+00:00,1603.42,1625.0,1602.63,1620.48,8577.1529
2026-07-02 02:00:00+00:00,1620.47,1624.45,1614.64,1620.68,6676.4185
2026-07-02 03:00:00+00:00,1620.69,1642.32,1618.12,1639.47,19491.7734
2026-07-02 04:00:00+00:00,1639.46,1639.94,1630.44,1632.71,10670.8888
2026-07-02 05:00:00+00:00,1632.71,1634.84,1625.21,1626.5,6765.4143
2026-07-02 06:00:00+00:00,1626.51,1629.88,1617.51,1619.14,8049.3462
2026-07-02 07:00:00+00:00,1619.14,1619.88,1614.32,1615.97,14349.358
2026-07-02 08:00:00+00:00,1615.97,1626.35,1615.08,1624.92,8243.2229
2026-07-02 09:00:00+00:00,1624.91,1651.95,1620.34,1643.33,27834.7307
2026-07-02 10:00:00+00:00,1643.32,1649.62,1641.48,1646.12,12264.0883
2026-07-02 11:00:00+00:00,1646.12,1657.53,1644.53,1650.32,22336.0921
2026-07-02 12:00:00+00:00,1650.31,1669.72,1647.66,1662.82,25143.5073
2026-07-02 13:00:00+00:00,1662.81,1713.77,1660.73,1710.72,70316.272
2026-07-02 14:00:00+00:00,1710.73,1725.0,1692.96,1701.55,46156.9842
2026-07-02 15:00:00+00:00,1701.55,1703.5,1688.72,1697.05,15806.44
2026-07-02 16:00:00+00:00,1697.06,1704.0,1686.49,1699.67,15511.6102
2026-07-02 17:00:00+00:00,1699.66,1705.94,1694.51,1695.89,10016.6606
2026-07-02 18:00:00+00:00,1695.88,1707.14,1695.45,1702.06,6185.1802
2026-07-02 19:00:00+00:00,1702.05,1705.53,1694.75,1700.15,6640.0703
2026-07-02 20:00:00+00:00,1700.15,1706.68,1696.08,1705.75,6054.8546
2026-07-02 21:00:00+00:00,1705.75,1705.89,1697.36,1700.23,6841.1257
2026-07-02 22:00:00+00:00,1700.23,1700.98,1694.2,1696.88,4106.7179
2026-07-02 23:00:00+00:00,1696.88,1701.8,1692.13,1700.57,5003.4662
2026-07-03 00:00:00+00:00,1700.57,1702.98,1694.72,1696.75,6275.857
2026-07-03 01:00:00+00:00,1696.75,1718.97,1695.34,1712.33,14375.0928
2026-07-03 02:00:00+00:00,1712.33,1715.33,1696.23,1704.76,8846.1544
2026-07-03 03:00:00+00:00,1704.75,1712.11,1699.53,1706.43,4972.0058
2026-07-03 04:00:00+00:00,1706.43,1708.5,1702.34,1703.08,5425.9664
2026-07-03 05:00:00+00:00,1703.07,1721.8,1702.28,1714.92,8051.4626
2026-07-03 06:00:00+00:00,1714.93,1721.53,1712.94,1716.03,5814.7847
2026-07-03 07:00:00+00:00,1716.03,1722.21,1713.97,1717.77,11185.8006
2026-07-03 08:00:00+00:00,1717.77,1735.13,1715.68,1719.89,16499.8712
2026-07-03 09:00:00+00:00,1719.89,1731.25,1717.03,1726.28,8910.3848
2026-07-03 10:00:00+00:00,1726.27,1749.0,1726.26,1742.16,17896.7277
2026-07-03 11:00:00+00:00,1742.17,1748.0,1737.47,1742.54,11215.5541
2026-07-03 12:00:00+00:00,1742.54,1745.03,1731.55,1736.44,8572.5906
2026-07-03 13:00:00+00:00,1736.44,1753.29,1736.09,1748.15,18552.7621
2026-07-03 14:00:00+00:00,1748.14,1748.15,1728.99,1737.14,16334.1686
2026-07-03 15:00:00+00:00,1737.15,1745.9,1729.75,1731.24,9633.8875
2026-07-03 16:00:00+00:00,1731.24,1735.5,1727.87,1733.63,4503.3655
2026-07-03 17:00:00+00:00,1733.62,1741.86,1732.33,1738.18,5441.9173
2026-07-03 18:00:00+00:00,1738.19,1741.13,1736.19,1738.77,4412.3928
2026-07-03 19:00:00+00:00,1738.78,1753.0,1737.34,1745.38,12018.8234
2026-07-03 20:00:00+00:00,1745.39,1774.0,1743.61,1766.15,23241.5026
2026-07-03 21:00:00+00:00,1766.15,1775.78,1756.75,1763.46,12003.7722
2026-07-03 22:00:00+00:00,1763.46,1764.06,1756.0,1757.52,6188.9657
2026-07-03 23:00:00+00:00,1757.53,1762.03,1755.45,1758.21,4043.0576
2026-07-04 00:00:00+00:00,1758.22,1764.0,1756.5,1758.7,3683.7169
2026-07-04 01:00:00+00:00,1758.7,1758.7,1746.0,1747.93,7014.5287
2026-07-04 02:00:00+00:00,1747.93,1751.04,1744.09,1749.31,3003.3672
2026-07-04 03:00:00+00:00,1749.31,1756.74,1747.26,1753.92,4996.5654
2026-07-04 04:00:00+00:00,1753.91,1764.61,1752.0,1761.67,5721.9484
2026-07-04 05:00:00+00:00,1761.68,1761.68,1753.27,1755.99,5276.3624
2026-07-04 06:00:00+00:00,1755.98,1761.27,1751.72,1754.77,10308.1591
2026-07-04 07:00:00+00:00,1754.78,1759.67,1752.86,1758.19,6166.4406
2026-07-04 08:00:00+00:00,1758.18,1765.55,1757.39,1762.31,4156.4202
2026-07-04 09:00:00+00:00,1762.3,1763.05,1755.0,1758.13,4166.5661
2026-07-04 10:00:00+00:00,1758.12,1760.88,1757.12,1759.14,5248.4058
2026-07-04 11:00:00+00:00,1759.14,1760.15,1756.19,1758.24,3639.5401
2026-07-04 12:00:00+00:00,1758.23,1766.45,1758.23,1764.22,5574.7721
2026-07-04 13:00:00+00:00,1764.22,1778.63,1761.62,1764.06,12097.1614
2026-07-04 14:00:00+00:00,1764.05,1775.0,1763.92,1772.23,7318.7116
2026-07-04 15:00:00+00:00,1772.23,1799.92,1772.22,1791.09,27008.3286
2026-07-04 16:00:00+00:00,1791.08,1792.0,1783.32,1786.81,9177.8041
2026-07-04 17:00:00+00:00,1786.81,1807.65,1779.0,1799.36,29134.5021
2026-07-04 18:00:00+00:00,1799.36,1805.84,1791.58,1793.63,11047.1945
2026-07-04 19:00:00+00:00,1793.62,1797.66,1788.47,1792.83,5951.6743
2026-07-04 20:00:00+00:00,1792.83,1795.81,1783.84,1787.15,5589.824
2026-07-04 21:00:00+00:00,1787.15,1794.25,1786.24,1789.25,2648.906
2026-07-04 22:00:00+00:00,1789.25,1789.45,1782.19,1784.73,2861.6926
2026-07-04 23:00:00+00:00,1784.73,1785.59,1772.1,1780.64,9087.5575
2026-07-05 00:00:00+00:00,1780.64,1780.75,1769.64,1772.71,6958.1122
2026-07-05 01:00:00+00:00,1772.7,1774.66,1760.72,1766.62,10008.1144
2026-07-05 02:00:00+00:00,1766.61,1767.79,1757.0,1760.88,13241.5343
2026-07-05 03:00:00+00:00,1760.87,1764.0,1757.76,1761.59,6232.6391
2026-07-05 04:00:00+00:00,1761.58,1772.69,1760.07,1767.54,13059.2661
2026-07-05 05:00:00+00:00,1767.53,1767.87,1760.5,1765.98,16392.0146
2026-07-05 06:00:00+00:00,1765.98,1768.0,1762.01,1764.69,33430.8825
2026-07-05 07:00:00+00:00,1764.69,1772.35,1761.76,1770.1,34375.0591
2026-07-05 08:00:00+00:00,1770.09,1773.27,1766.46,1767.71,37769.8138
2026-07-05 09:00:00+00:00,1767.72,1767.83,1748.79,1757.98,128409.6927
2026-07-05 10:00:00+00:00,1757.99,1761.96,1755.03,1761.39,5053.513
2026-07-05 11:00:00+00:00,1761.39,1765.0,1758.7,1760.08,4765.4416
2026-07-05 12:00:00+00:00,1760.08,1769.44,1756.03,1765.12,4749.4524
2026-07-05 13:00:00+00:00,1765.12,1767.55,1761.51,1766.26,2946.7199
2026-07-05 14:00:00+00:00,1766.25,1772.77,1764.96,1772.56,3839.5301
2026-07-05 15:00:00+00:00,1772.56,1781.28,1770.11,1774.67,8462.2846
2026-07-05 16:00:00+00:00,1774.66,1777.5,1770.31,1773.0,4477.9769
2026-07-05 17:00:00+00:00,1773.0,1785.75,1772.99,1779.48,6807.844
2026-07-05 18:00:00+00:00,1779.47,1786.23,1777.8,1781.28,4040.3175
2026-07-05 19:00:00+00:00,1781.28,1784.52,1777.7,1781.43,2877.4016
2026-07-05 20:00:00+00:00,1781.44,1783.53,1776.26,1777.1,1915.6405
2026-07-05 21:00:00+00:00,1777.1,1793.25,1769.29,1786.88,10803.2629
2026-07-05 22:00:00+00:00,1786.91,1808.0,1784.34,1790.0,19757.5895
2026-07-05 23:00:00+00:00,1789.99,1802.75,1782.75,1785.65,9299.3158
2026-07-06 00:00:00+00:00,1785.65,1794.13,1774.35,1793.28,10212.8482
2026-07-06 01:00:00+00:00,1793.27,1799.02,1785.4,1786.31,5674.4473
2026-07-06 02:00:00+00:00,1786.31,1790.28,1779.26,1783.71,6310.4752
2026-07-06 03:00:00+00:00,1783.71,1784.99,1772.22,1779.71,6649.5881
2026-07-06 04:00:00+00:00,1779.7,1784.79,1776.34,1777.98,9109.7617
2026-07-06 05:00:00+00:00,1777.98,1778.18,1764.42,1774.06,7877.246
2026-07-06 06:00:00+00:00,1774.06,1775.28,1769.23,1769.63,3980.864
2026-07-06 07:00:00+00:00,1769.64,1775.54,1766.98,1772.32,5935.9849
2026-07-06 08:00:00+00:00,1772.32,1778.6,1763.08,1765.55,7580.279
2026-07-06 09:00:00+00:00,1765.54,1766.3,1755.77,1758.67,9014.2317
2026-07-06 10:00:00+00:00,1758.67,1774.32,1758.24,1771.09,9282.1222
2026-07-06 11:00:00+00:00,1771.1,1775.65,1759.59,1759.64,7461.898
2026-07-06 12:00:00+00:00,1759.64,1760.92,1735.27,1740.85,36298.1457
2026-07-06 13:00:00+00:00,1740.85,1753.54,1728.95,1744.89,23443.4343
2026-07-06 14:00:00+00:00,1744.89,1763.14,1742.1,1751.78,12993.1333
2026-07-06 15:00:00+00:00,1751.79,1788.96,1751.56,1788.57,29447.7745
2026-07-06 16:00:00+00:00,1788.57,1805.0,1782.42,1792.51,35024.3913
2026-07-06 17:00:00+00:00,1792.5,1800.4,1787.3,1788.26,14958.378
2026-07-06 18:00:00+00:00,1788.27,1796.24,1786.76,1792.68,5560.2591
2026-07-06 19:00:00+00:00,1792.69,1798.8,1791.18,1792.76,5042.2142
2026-07-06 20:00:00+00:00,1792.76,1796.4,1787.26,1793.04,4815.4255
2026-07-06 21:00:00+00:00,1793.04,1833.4,1792.63,1814.88,35802.7792
2026-07-06 22:00:00+00:00,1814.88,1816.82,1804.7,1806.3,6468.8063
2026-07-06 23:00:00+00:00,1806.29,1810.08,1797.55,1799.56,6934.8427
2026-07-07 00:00:00+00:00,1799.56,1810.16,1794.86,1803.74,8258.8655
2026-07-07 01:00:00+00:00,1803.74,1803.74,1787.35,1792.64,10940.2805
2026-07-07 02:00:00+00:00,1792.65,1794.48,1777.0,1778.57,9702.1502
2026-07-07 03:00:00+00:00,1778.57,1781.56,1768.85,1771.56,8523.348
2026-07-07 04:00:00+00:00,1771.55,1773.71,1762.66,1766.53,8330.3288
2026-07-07 05:00:00+00:00,1766.52,1773.71,1757.57,1770.58,10294.8442
2026-07-07 06:00:00+00:00,1770.57,1782.39,1764.84,1779.11,12917.9523
2026-07-07 07:00:00+00:00,1779.11,1782.59,1771.08,1771.24,5410.5719
2026-07-07 08:00:00+00:00,1771.23,1775.8,1768.37,1770.78,8034.4276
2026-07-07 09:00:00+00:00,1770.77,1783.04,1768.81,1778.16,8425.7555
2026-07-07 10:00:00+00:00,1778.16,1784.66,1774.35,1775.8,6740.8404
2026-07-07 11:00:00+00:00,1775.8,1785.0,1772.0,1780.77,4518.8445
2026-07-07 12:00:00+00:00,1780.77,1794.57,1780.27,1781.97,10488.4658
2026-07-07 13:00:00+00:00,1781.97,1783.28,1766.06,1769.01,16012.744
2026-07-07 14:00:00+00:00,1769.02,1792.93,1761.19,1789.46,21986.8013
2026-07-07 15:00:00+00:00,1789.45,1803.03,1783.0,1797.45,16643.7733
2026-07-07 16:00:00+00:00,1797.45,1813.16,1792.44,1802.23,14026.2167
2026-07-07 17:00:00+00:00,1802.23,1810.39,1798.54,1810.39,8332.286
2026-07-07 18:00:00+00:00,1810.39,1810.39,1785.88,1786.6,10232.44
2026-07-07 19:00:00+00:00,1786.6,1792.39,1773.5,1790.45,14007.652
2026-07-07 20:00:00+00:00,1790.46,1793.12,1781.39,1784.12,5049.3563
2026-07-07 21:00:00+00:00,1784.12,1789.4,1771.05,1773.84,11249.4179
2026-07-07 22:00:00+00:00,1773.83,1778.57,1765.35,1775.55,7075.2101
2026-07-07 23:00:00+00:00,1775.55,1780.94,1768.0,1771.45,4334.1525
2026-07-08 00:00:00+00:00,1771.45,1785.0,1770.02,1780.29,7805.2465
2026-07-08 01:00:00+00:00,1780.29,1780.75,1750.0,1755.94,15773.1709
2026-07-08 02:00:00+00:00,1755.93,1759.67,1741.21,1757.62,14172.6562
2026-07-08 03:00:00+00:00,1757.63,1763.87,1749.21,1751.78,7909.3394
2026-07-08 04:00:00+00:00,1751.74,1758.0,1749.49,1756.5,5605.2015
2026-07-08 05:00:00+00:00,1756.5,1759.69,1750.65,1754.14,5002.9563
2026-07-08 06:00:00+00:00,1754.15,1755.0,1746.34,1751.81,7293.5031
2026-07-08 07:00:00+00:00,1751.81,1757.4,1745.01,1756.7,7480.5338
2026-07-08 08:00:00+00:00,1756.7,1758.7,1725.18,1735.32,32556.4033
2026-07-08 09:00:00+00:00,1735.32,1740.77,1729.7,1736.05,10459.0811
2026-07-08 10:00:00+00:00,1736.06,1742.3,1732.6,1739.34,5418.1347
2026-07-08 11:00:00+00:00,1739.34,1750.96,1736.02,1747.95,8362.7553
2026-07-08 12:00:00+00:00,1747.95,1751.25,1738.2,1738.58,8062.1841
2026-07-08 13:00:00+00:00,1738.58,1744.25,1731.22,1737.72,12548.5749
2026-07-08 14:00:00+00:00,1737.71,1740.95,1722.13,1729.62,14284.7821
2026-07-08 15:00:00+00:00,1729.62,1730.53,1713.44,1722.96,17338.056
2026-07-08 16:00:00+00:00,1722.96,1738.18,1722.78,1736.38,9231.429
2026-07-08 17:00:00+00:00,1736.39,1746.52,1730.96,1733.15,10650.8526
2026-07-08 18:00:00+00:00,1733.16,1741.2,1730.03,1737.46,6602.4985
2026-07-08 19:00:00+00:00,1737.46,1741.52,1733.61,1740.98,4899.933
2026-07-08 20:00:00+00:00,1740.99,1741.31,1734.62,1736.42,4235.4422
2026-07-08 21:00:00+00:00,1736.42,1740.0,1731.41,1738.06,2971.6202
2026-07-08 22:00:00+00:00,1738.07,1743.43,1736.83,1741.4,2733.6635
2026-07-08 23:00:00+00:00,1741.39,1744.81,1738.82,1743.54,3833.2072
2026-07-09 00:00:00+00:00,1743.55,1744.68,1736.98,1738.22,4559.4541
2026-07-09 01:00:00+00:00,1738.22,1756.79,1730.29,1731.79,12551.3305
2026-07-09 02:00:00+00:00,1731.8,1739.47,1723.6,1727.3,6230.846
2026-07-09 03:00:00+00:00,1727.3,1734.61,1721.93,1730.7,4448.9758
2026-07-09 04:00:00+00:00,1730.7,1743.94,1730.35,1742.51,5752.1293
2026-07-09 05:00:00+00:00,1742.51,1749.48,1737.46,1749.39,7363.7948
2026-07-09 06:00:00+00:00,1749.38,1755.69,1745.91,1755.26,10243.236
2026-07-09 07:00:00+00:00,1755.27,1762.36,1749.83,1753.31,14267.9858
2026-07-09 08:00:00+00:00,1753.3,1758.68,1750.92,1754.45,4961.8945
2026-07-09 09:00:00+00:00,1754.45,1756.52,1749.47,1755.78,5100.4466
2026-07-09 10:00:00+00:00,1755.77,1757.34,1744.1,1746.31,4382.0395
2026-07-09 11:00:00+00:00,1746.31,1748.49,1741.26,1744.02,5775.6143
2026-07-09 12:00:00+00:00,1744.02,1747.2,1734.7,1741.8,19303.9449
2026-07-09 13:00:00+00:00,1741.8,1752.0,1735.94,1746.99,12891.6653
2026-07-09 14:00:00+00:00,1746.99,1749.83,1733.36,1743.14,12621.6315
2026-07-09 15:00:00+00:00,1743.14,1749.37,1737.52,1739.51,5941.4718
2026-07-09 16:00:00+00:00,1739.51,1743.84,1731.99,1739.25,5567.8378
2026-07-09 17:00:00+00:00,1739.25,1752.5,1738.46,1748.52,5902.7665
2026-07-09 18:00:00+00:00,1748.53,1759.82,1747.47,1751.55,8365.6834
2026-07-09 19:00:00+00:00,1751.56,1752.95,1747.12,1748.51,4098.7671
2026-07-09 20:00:00+00:00,1748.51,1750.36,1745.27,1748.76,3290.1512
2026-07-09 21:00:00+00:00,1748.77,1750.97,1745.01,1748.17,3391.9713
2026-07-09 22:00:00+00:00,1748.17,1751.08,1746.33,1747.52,2982.5422
2026-07-09 23:00:00+00:00,1747.53,1749.07,1741.56,1745.16,3709.077
2026-07-10 00:00:00+00:00,1745.17,1746.42,1737.68,1743.09,4484.7128
2026-07-10 01:00:00+00:00,1743.09,1777.47,1738.25,1767.62,21949.684
2026-07-10 02:00:00+00:00,1767.62,1775.0,1764.56,1772.86,9964.5334
2026-07-10 03:00:00+00:00,1772.87,1779.68,1769.22,1776.12,8951.6011
2026-07-10 04:00:00+00:00,1776.13,1780.33,1771.94,1774.75,6935.6825
2026-07-10 05:00:00+00:00,1774.74,1780.0,1772.54,1779.04,5928.9942
2026-07-10 06:00:00+00:00,1779.04,1779.88,1769.23,1771.17,6368.2482
2026-07-10 07:00:00+00:00,1771.17,1777.45,1768.57,1773.2,4620.3744
2026-07-10 08:00:00+00:00,1773.2,1789.59,1772.63,1783.99,10180.5542
2026-07-10 09:00:00+00:00,1783.99,1794.94,1781.27,1792.56,10631.991
2026-07-10 10:00:00+00:00,1792.55,1802.99,1789.45,1797.01,13415.1511
2026-07-10 11:00:00+00:00,1797.01,1802.41,1794.25,1801.22,12000.0323
2026-07-10 12:00:00+00:00,1801.22,1807.18,1792.98,1793.95,14822.5825
2026-07-10 13:00:00+00:00,1793.95,1812.0,1793.65,1803.82,14696.7191
2026-07-10 14:00:00+00:00,1803.82,1804.49,1775.0,1785.06,18781.4258
2026-07-10 15:00:00+00:00,1785.06,1796.88,1784.03,1791.11,8899.216
2026-07-10 16:00:00+00:00,1791.11,1799.53,1785.86,1797.49,7780.2187
2026-07-10 17:00:00+00:00,1797.48,1799.0,1788.02,1788.03,6049.0319
2026-07-10 18:00:00+00:00,1788.03,1794.0,1781.2,1784.94,6073.9716
2026-07-10 19:00:00+00:00,1784.94,1797.31,1784.1,1792.68,6542.4264
2026-07-10 20:00:00+00:00,1792.68,1794.46,1789.65,1790.14,5201.0439
2026-07-10 21:00:00+00:00,1790.13,1796.99,1789.6,1794.37,5005.503
2026-07-10 22:00:00+00:00,1794.37,1796.62,1792.95,1795.2,3421.8874
2026-07-10 23:00:00+00:00,1795.2,1798.0,1792.57,1796.85,2900.219
2026-07-11 00:00:00+00:00,1796.85,1797.2,1790.1,1793.36,3618.9527
2026-07-11 01:00:00+00:00,1793.35,1799.29,1788.25,1789.09,5003.1604
2026-07-11 02:00:00+00:00,1789.09,1796.14,1786.77,1795.59,4151.1043
2026-07-11 03:00:00+00:00,1795.59,1798.24,1792.03,1796.5,3677.8442
2026-07-11 04:00:00+00:00,1796.5,1800.18,1795.75,1796.53,3954.4207
2026-07-11 05:00:00+00:00,1796.52,1802.27,1795.07,1799.45,4300.63
2026-07-11 06:00:00+00:00,1799.44,1803.29,1794.6,1799.32,8839.6665
2026-07-11 07:00:00+00:00,1799.31,1802.0,1797.93,1800.0,5908.3944
2026-07-11 08:00:00+00:00,1799.99,1803.52,1799.58,1801.47,2510.2973
2026-07-11 09:00:00+00:00,1801.47,1802.59,1795.15,1795.5,3701.7549
2026-07-11 10:00:00+00:00,1795.51,1799.28,1795.23,1798.3,2958.8759
2026-07-11 11:00:00+00:00,1798.3,1801.02,1797.2,1800.48,3992.7228
2026-07-11 12:00:00+00:00,1800.47,1801.66,1798.42,1800.1,2803.0121
2026-07-11 13:00:00+00:00,1800.1,1808.37,1799.15,1802.61,4888.9376
2026-07-11 14:00:00+00:00,1802.61,1817.62,1802.48,1810.73,13659.347
2026-07-11 15:00:00+00:00,1810.73,1828.0,1808.73,1814.83,27611.2584
2026-07-11 16:00:00+00:00,1814.82,1824.43,1810.62,1823.34,17930.4094
2026-07-11 17:00:00+00:00,1823.34,1830.0,1818.42,1824.73,7153.2814
2026-07-11 18:00:00+00:00,1824.72,1830.0,1823.7,1826.39,6844.0462
2026-07-11 19:00:00+00:00,1826.39,1827.21,1818.96,1824.38,12178.8537
2026-07-11 20:00:00+00:00,1824.38,1828.57,1823.21,1825.97,3595.7554
2026-07-11 21:00:00+00:00,1825.97,1829.17,1822.65,1823.97,3406.4865
2026-07-11 22:00:00+00:00,1823.96,1824.21,1809.26,1813.73,7981.4488
2026-07-11 23:00:00+00:00,1813.73,1815.86,1786.58,1787.76,18032.7577
2026-07-12 00:00:00+00:00,1787.76,1791.18,1779.46,1788.98,11937.4912
2026-07-12 01:00:00+00:00,1788.98,1808.3,1788.16,1806.7,8466.368
2026-07-12 02:00:00+00:00,1806.7,1807.6,1802.97,1805.12,3503.1599
2026-07-12 03:00:00+00:00,1805.11,1813.67,1802.66,1811.53,6583.9137
2026-07-12 04:00:00+00:00,1811.53,1812.63,1804.15,1805.92,3232.0753
2026-07-12 05:00:00+00:00,1805.92,1807.15,1801.3,1803.25,2322.3498
2026-07-12 06:00:00+00:00,1803.25,1803.25,1789.44,1795.13,6351.426
2026-07-12 07:00:00+00:00,1795.14,1799.1,1794.2,1798.78,2575.7308
2026-07-12 08:00:00+00:00,1798.78,1808.94,1798.73,1805.22,3448.4174
2026-07-12 09:00:00+00:00,1805.22,1805.99,1796.69,1802.39,3895.0867
2026-07-12 10:00:00+00:00,1802.4,1802.58,1798.99,1799.4,2402.4827
2026-07-12 11:00:00+00:00,1799.41,1806.84,1796.48,1803.77,3917.3923
2026-07-12 12:00:00+00:00,1803.77,1809.42,1803.0,1807.01,2524.4339
2026-07-12 13:00:00+00:00,1807.02,1809.78,1805.33,1805.95,2484.6762
2026-07-12 14:00:00+00:00,1805.95,1822.0,1804.2,1819.51,11538.3428
2026-07-12 15:00:00+00:00,1819.5,1826.92,1816.54,1820.93,16127.378
2026-07-12 16:00:00+00:00,1820.94,1824.39,1817.6,1822.0,12343.5195
2026-07-12 17:00:00+00:00,1821.99,1822.54,1814.85,1818.5,5327.096
2026-07-12 18:00:00+00:00,1818.51,1822.38,1815.12,1821.42,5070.4522
2026-07-12 19:00:00+00:00,1821.42,1823.0,1818.71,1821.4,4492.9629
2026-07-12 20:00:00+00:00,1821.4,1824.0,1818.8,1821.26,3550.7459
2026-07-12 21:00:00+00:00,1821.26,1823.63,1810.78,1812.28,4999.7281
2026-07-12 22:00:00+00:00,1812.27,1812.27,1797.63,1805.06,10013.1409
2026-07-12 23:00:00+00:00,1805.05,1808.94,1801.0,1806.8,3964.6133
2026-07-13 00:00:00+00:00,1806.8,1846.0,1804.41,1826.59,45581.4935
2026-07-13 01:00:00+00:00,1826.6,1829.99,1805.32,1806.83,13467.7705
2026-07-13 02:00:00+00:00,1806.84,1814.82,1798.99,1806.99,12025.5538
2026-07-13 03:00:00+00:00,1806.99,1806.99,1775.0,1780.55,28414.5054
2026-07-13 04:00:00+00:00,1780.54,1785.16,1776.42,1779.03,7879.8209
2026-07-13 05:00:00+00:00,1779.03,1786.61,1773.99,1781.64,10049.8184
2026-07-13 06:00:00+00:00,1781.64,1783.42,1775.96,1777.85,7014.6965
2026-07-13 07:00:00+00:00,1777.85,1791.39,1776.44,1787.57,9229.3896
2026-07-13 08:00:00+00:00,1787.58,1793.56,1783.86,1790.17,7102.9688
2026-07-13 09:00:00+00:00,1790.18,1790.55,1784.92,1785.81,4441.8454
2026-07-13 10:00:00+00:00,1785.81,1786.89,1777.1,1779.43,8604.8338
2026-07-13 11:00:00+00:00,1779.43,1784.98,1779.43,1780.74,4821.3527
2026-07-13 12:00:00+00:00,1780.74,1783.54,1767.73,1772.33,13917.3552
2026-07-13 13:00:00+00:00,1772.33,1776.54,1763.46,1771.3,16550.7364
2026-07-13 14:00:00+00:00,1771.3,1782.0,1762.44,1781.74,19924.444
2026-07-13 15:00:00+00:00,1781.74,1786.53,1775.5,1777.01,7213.6617
2026-07-13 16:00:00+00:00,1777.0,1780.73,1767.38,1772.05,8562.9868
2026-07-13 17:00:00+00:00,1772.05,1776.33,1753.25,1753.62,16382.0209
2026-07-13 18:00:00+00:00,1753.62,1767.39,1750.2,1764.9,16733.3896
2026-07-13 19:00:00+00:00,1764.9,1775.26,1764.51,1774.92,7678.5797
2026-07-13 20:00:00+00:00,1774.93,1776.99,1761.72,1767.33,5722.3299
2026-07-13 21:00:00+00:00,1767.34,1767.34,1752.59,1761.68,8959.9707
2026-07-13 22:00:00+00:00,1761.68,1768.45,1756.41,1758.5,5489.761
2026-07-13 23:00:00+00:00,1758.51,1778.05,1756.49,1776.72,9262.3346
2026-07-14 00:00:00+00:00,1776.71,1788.64,1773.41,1786.02,8453.577
2026-07-14 01:00:00+00:00,1786.02,1794.47,1783.27,1784.84,8797.1228
2026-07-14 02:00:00+00:00,1784.83,1789.02,1775.07,1782.66,4929.1279
2026-07-14 03:00:00+00:00,1782.67,1783.96,1774.75,1783.65,3656.0138
2026-07-14 04:00:00+00:00,1783.64,1789.99,1782.26,1785.93,5691.2412
2026-07-14 05:00:00+00:00,1785.92,1793.26,1784.53,1787.04,6015.8697
2026-07-14 06:00:00+00:00,1787.03,1787.4,1781.92,1783.19,4426.5235
2026-07-14 07:00:00+00:00,1783.19,1786.55,1779.41,1781.21,6999.264
2026-07-14 08:00:00+00:00,1781.21,1789.61,1779.0,1785.93,6336.9061
2026-07-14 09:00:00+00:00,1785.94,1789.56,1782.9,1786.19,5397.6891
2026-07-14 10:00:00+00:00,1786.19,1805.0,1786.11,1800.12,27952.7187
2026-07-14 11:00:00+00:00,1800.13,1802.95,1795.82,1798.09,7829.777
2026-07-14 12:00:00+00:00,1798.09,1867.71,1794.37,1861.04,78226.0812
2026-07-14 13:00:00+00:00,1861.04,1882.85,1854.41,1871.31,59074.2425
2026-07-14 14:00:00+00:00,1871.3,1884.56,1859.46,1881.16,27015.0555
2026-07-14 15:00:00+00:00,1881.17,1888.8,1872.85,1875.22,28696.3813
2026-07-14 16:00:00+00:00,1875.22,1877.07,1868.76,1873.79,12744.1414
2026-07-14 17:00:00+00:00,1873.8,1873.8,1860.56,1871.54,12580.7554
2026-07-14 18:00:00+00:00,1871.55,1876.83,1868.18,1874.79,6718.5307
2026-07-14 19:00:00+00:00,1874.79,1881.56,1874.43,1876.74,6916.4956
2026-07-14 20:00:00+00:00,1876.74,1878.55,1873.63,1875.42,3540.1765
2026-07-14 21:00:00+00:00,1875.41,1879.74,1874.4,1876.46,4325.4409
2026-07-14 22:00:00+00:00,1876.46,1896.14,1872.06,1882.04,21465.4147
2026-07-14 23:00:00+00:00,1882.04,1893.32,1878.69,1891.87,11125.2255
2026-07-15 00:00:00+00:00,1891.87,1893.32,1878.13,1881.58,9550.6408
2026-07-15 01:00:00+00:00,1881.58,1881.98,1867.23,1870.2,10644.9734
2026-07-15 02:00:00+00:00,1870.19,1873.04,1864.38,1864.6,8096.6475
2026-07-15 03:00:00+00:00,1864.6,1878.96,1864.46,1876.08,6856.5606
2026-07-15 04:00:00+00:00,1876.08,1880.59,1873.31,1876.49,5458.1045
2026-07-15 05:00:00+00:00,1876.5,1883.54,1871.64,1882.68,5911.7597
2026-07-15 06:00:00+00:00,1882.69,1891.89,1875.52,1875.87,11821.1832
2026-07-15 07:00:00+00:00,1875.87,1877.16,1864.7,1870.04,13148.2806
2026-07-15 08:00:00+00:00,1870.04,1879.64,1870.03,1879.22,7626.3554
2026-07-15 09:00:00+00:00,1879.22,1886.59,1879.18,1879.86,11037.7879
2026-07-15 10:00:00+00:00,1879.86,1886.55,1874.98,1878.11,10094.6306
2026-07-15 11:00:00+00:00,1878.12,1885.71,1877.48,1884.62,6327.1196
2026-07-15 12:00:00+00:00,1884.62,1929.94,1879.25,1927.16,40956.8654
2026-07-15 13:00:00+00:00,1927.17,1946.52,1917.16,1925.76,55492.8037
2026-07-15 14:00:00+00:00,1925.77,1935.51,1919.12,1933.23,25792.0082
2026-07-15 15:00:00+00:00,1933.24,1937.6,1925.95,1931.95,15043.138
2026-07-15 16:00:00+00:00,1931.96,1932.95,1904.36,1919.62,21205.2658
2026-07-15 17:00:00+00:00,1919.62,1931.22,1919.44,1927.94,10664.0432
2026-07-15 18:00:00+00:00,1927.93,1937.0,1922.62,1924.47,14593.8081
2026-07-15 19:00:00+00:00,1924.47,1929.06,1918.92,1924.15,8808.6579
2026-07-15 20:00:00+00:00,1924.15,1930.71,1919.71,1923.75,4481.7148
2026-07-15 21:00:00+00:00,1923.75,1925.73,1919.8,1922.0,4689.2691
2026-07-15 22:00:00+00:00,1922.0,1928.58,1918.3,1923.43,6006.3769
2026-07-15 23:00:00+00:00,1923.43,1927.28,1914.89,1917.86,5492.9744
2026-07-16 00:00:00+00:00,1917.86,1924.98,1911.61,1914.86,8258.6048
2026-07-16 01:00:00+00:00,1914.85,1926.0,1908.12,1922.7,6776.8171
2026-07-16 02:00:00+00:00,1922.69,1926.23,1918.97,1925.37,5134.8702
2026-07-16 03:00:00+00:00,1925.36,1929.0,1917.08,1918.7,7997.9096
2026-07-16 04:00:00+00:00,1918.7,1920.98,1914.13,1918.31,5147.2064
2026-07-16 05:00:00+00:00,1918.3,1927.63,1917.12,1925.66,4973.3106
2026-07-16 06:00:00+00:00,1925.65,1929.48,1915.56,1922.53,5109.2539
2026-07-16 07:00:00+00:00,1922.54,1922.54,1905.0,1910.63,13927.6427
2026-07-16 08:00:00+00:00,1910.64,1912.85,1875.56,1886.09,48846.3453
2026-07-16 09:00:00+00:00,1886.09,1889.28,1880.41,1884.67,14158.6377
2026-07-16 10:00:00+00:00,1884.68,1891.78,1883.77,1888.58,8749.0809
2026-07-16 11:00:00+00:00,1888.58,1888.58,1879.32,1885.26,13696.67
2026-07-16 12:00:00+00:00,1885.26,1885.26,1867.68,1872.55,15798.2091
2026-07-16 13:00:00+00:00,1872.55,1890.23,1871.05,1882.81,15724.0126
2026-07-16 14:00:00+00:00,1882.8,1893.0,1874.98,1883.52,16858.936
2026-07-16 15:00:00+00:00,1883.52,1894.38,1871.12,1881.88,15612.3999
2026-07-16 16:00:00+00:00,1881.89,1883.0,1874.67,1878.9,10171.5353
2026-07-16 17:00:00+00:00,1878.9,1879.25,1862.57,1868.91,12328.356
2026-07-16 18:00:00+00:00,1868.92,1879.69,1868.1,1875.85,6809.1903
2026-07-16 19:00:00+00:00,1875.85,1877.75,1871.09,1875.59,4014.4925
2026-07-16 20:00:00+00:00,1875.59,1875.7,1871.66,1871.89,3579.9527
2026-07-16 21:00:00+00:00,1871.9,1881.36,1871.77,1878.66,4851.375
2026-07-16 22:00:00+00:00,1878.67,1881.59,1868.04,1868.89,9279.9026
2026-07-16 23:00:00+00:00,1868.89,1870.66,1857.54,1864.71,13884.3751
2026-07-17 00:00:00+00:00,1864.71,1866.71,1848.32,1865.77,14963.7226
2026-07-17 01:00:00+00:00,1865.77,1871.08,1848.07,1851.21,10000.2202
2026-07-17 02:00:00+00:00,1851.22,1855.61,1843.2,1848.1,12473.0438
2026-07-17 03:00:00+00:00,1848.09,1859.64,1847.32,1852.53,7049.8302
2026-07-17 04:00:00+00:00,1852.53,1853.08,1844.0,1850.07,6715.5958
2026-07-17 05:00:00+00:00,1850.06,1850.06,1821.36,1823.94,17781.3576
2026-07-17 06:00:00+00:00,1823.94,1836.55,1820.74,1832.31,9568.4671
2026-07-17 07:00:00+00:00,1832.31,1833.56,1826.29,1828.52,11468.3021
2026-07-17 08:00:00+00:00,1828.52,1832.51,1821.41,1830.15,13750.3415
2026-07-17 09:00:00+00:00,1830.16,1836.27,1829.29,1835.1,5043.5903
2026-07-17 10:00:00+00:00,1835.1,1840.4,1834.3,1836.97,9709.66
2026-07-17 11:00:00+00:00,1836.98,1843.26,1833.3,1839.04,8366.9051
2026-07-17 12:00:00+00:00,1839.05,1840.58,1827.73,1828.54,9851.4875
2026-07-17 13:00:00+00:00,1828.54,1829.23,1803.05,1825.5,34181.3728
2026-07-17 14:00:00+00:00,1825.5,1834.0,1817.18,1822.16,15191.5111
2026-07-17 15:00:00+00:00,1822.16,1831.26,1810.77,1830.88,13745.9541
2026-07-17 16:00:00+00:00,1830.89,1840.51,1825.32,1835.91,13830.3931
2026-07-17 17:00:00+00:00,1835.91,1856.17,1835.91,1843.71,14390.4385
2026-07-17 18:00:00+00:00,1843.72,1849.67,1835.18,1846.99,7181.026
2026-07-17 19:00:00+00:00,1846.98,1846.99,1835.65,1843.76,5576.8437
2026-07-17 20:00:00+00:00,1843.76,1846.2,1837.15,1842.93,3458.0312
2026-07-17 21:00:00+00:00,1842.93,1846.65,1840.5,1841.54,2615.192
2026-07-17 22:00:00+00:00,1841.55,1843.89,1837.62,1839.95,2602.2264
2026-07-17 23:00:00+00:00,1839.94,1844.47,1835.27,1841.93,3512.2429
2026-07-18 00:00:00+00:00,1841.94,1845.0,1839.86,1840.84,2811.4809
2026-07-18 01:00:00+00:00,1840.84,1843.39,1839.38,1842.48,2570.7256
2026-07-18 02:00:00+00:00,1842.49,1846.74,1840.73,1841.91,4865.9416
2026-07-18 03:00:00+00:00,1841.91,1846.49,1841.46,1845.96,3379.489
2026-07-18 04:00:00+00:00,1845.96,1846.19,1842.56,1844.7,1831.7738
2026-07-18 05:00:00+00:00,1844.7,1849.68,1843.19,1845.86,3424.9855
2026-07-18 06:00:00+00:00,1845.85,1848.0,1843.11,1844.97,2978.1764
2026-07-18 07:00:00+00:00,1844.98,1846.04,1843.04,1844.2,1958.4362
2026-07-18 08:00:00+00:00,1844.2,1849.44,1842.3,1847.43,3188.2871
2026-07-18 09:00:00+00:00,1847.44,1848.03,1842.93,1844.87,2560.5392
2026-07-18 10:00:00+00:00,1844.87,1846.72,1844.01,1845.57,3022.4886
2026-07-18 11:00:00+00:00,1845.57,1846.85,1844.37,1845.56,1391.1483
2026-07-18 12:00:00+00:00,1845.56,1850.64,1840.17,1844.98,5922.5121
2026-07-18 13:00:00+00:00,1844.97,1844.97,1837.58,1841.61,4107.6954
2026-07-18 14:00:00+00:00,1841.61,1846.27,1840.64,1845.95,3793.5807
2026-07-18 15:00:00+00:00,1845.95,1846.35,1842.12,1844.15,3802.5871
2026-07-18 16:00:00+00:00,1844.15,1847.14,1841.51,1846.11,3407.5633
2026-07-18 17:00:00+00:00,1846.11,1853.48,1843.54,1852.82,5045.3976
2026-07-18 18:00:00+00:00,1852.83,1867.58,1850.01,1857.54,14122.0506
2026-07-18 19:00:00+00:00,1857.53,1861.4,1855.92,1858.45,4736.7702
2026-07-18 20:00:00+00:00,1858.45,1863.37,1855.47,1857.34,4134.2864
2026-07-18 21:00:00+00:00,1857.35,1863.18,1855.96,1860.97,4154.9408
2026-07-18 22:00:00+00:00,1860.97,1865.86,1859.9,1863.7,3378.2577
2026-07-18 23:00:00+00:00,1863.7,1864.45,1860.1,1862.61,2008.8091
2026-07-19 00:00:00+00:00,1862.61,1863.88,1859.2,1861.45,3154.5044
2026-07-19 01:00:00+00:00,1861.45,1861.53,1858.3,1859.18,7970.3536
2026-07-19 02:00:00+00:00,1859.19,1877.33,1858.17,1871.44,11041.838
2026-07-19 03:00:00+00:00,1871.45,1872.99,1863.84,1867.08,5220.7991
2026-07-19 04:00:00+00:00,1867.08,1870.2,1864.21,1867.33,3479.1037
2026-07-19 05:00:00+00:00,1867.32,1870.2,1865.61,1868.56,2772.5257
2026-07-19 06:00:00+00:00,1868.55,1871.43,1868.2,1869.39,2878.4911
2026-07-19 07:00:00+00:00,1869.39,1871.99,1867.14,1870.25,8010.6219
2026-07-19 08:00:00+00:00,1870.26,1875.33,1867.76,1873.88,4893.8984
2026-07-19 09:00:00+00:00,1873.89,1874.17,1864.55,1866.16,5004.0263
2026-07-19 10:00:00+00:00,1866.15,1879.38,1863.46,1872.25,5628.6517
2026-07-19 11:00:00+00:00,1872.25,1878.86,1870.0,1871.41,6296.8803
2026-07-19 12:00:00+00:00,1871.4,1874.34,1864.47,1870.38,6783.9561
2026-07-19 13:00:00+00:00,1870.39,1873.77,1865.89,1871.83,4460.4469
2026-07-19 14:00:00+00:00,1871.83,1879.26,1868.89,1874.69,5952.7499
2026-07-19 15:00:00+00:00,1874.69,1876.0,1868.93,1870.91,6545.9297
2026-07-19 16:00:00+00:00,1870.91,1873.59,1866.0,1866.8,5220.8065
2026-07-19 17:00:00+00:00,1866.8,1873.85,1857.77,1867.23,8572.9874
2026-07-19 18:00:00+00:00,1867.23,1867.7,1851.71,1861.12,9549.4778
2026-07-19 19:00:00+00:00,1861.12,1862.77,1854.84,1862.37,3960.7276
2026-07-19 20:00:00+00:00,1862.37,1867.15,1862.2,1867.14,4536.0742
2026-07-19 21:00:00+00:00,1867.15,1868.23,1857.49,1862.12,4337.5897
2026-07-19 22:00:00+00:00,1862.12,1877.03,1857.0,1870.44,12354.1161
2026-07-19 23:00:00+00:00,1870.44,1874.94,1865.0,1872.23,5296.1101
2026-07-20 00:00:00+00:00,1872.24,1891.71,1862.08,1872.14,15861.9496
2026-07-20 01:00:00+00:00,1872.14,1889.94,1865.84,1869.56,9872.3833
2026-07-20 02:00:00+00:00,1869.57,1883.33,1867.71,1879.06,8547.5294
2026-07-20 03:00:00+00:00,1879.06,1882.24,1870.91,1879.94,6045.7088
2026-07-20 04:00:00+00:00,1879.94,1879.99,1868.46,1868.94,5573.2852
2026-07-20 05:00:00+00:00,1868.95,1869.94,1851.5,1855.45,12336.3044
2026-07-20 06:00:00+00:00,1855.46,1860.23,1843.14,1849.73,13729.7978
2026-07-20 07:00:00+00:00,1849.73,1865.54,1849.26,1863.95,9727.2283
2026-07-20 08:00:00+00:00,1863.95,1868.53,1854.31,1861.01,13950.4369
2026-07-20 09:00:00+00:00,1861.0,1867.55,1857.95,1864.16,7006.2645
2026-07-20 10:00:00+00:00,1864.15,1872.35,1862.71,1868.85,5036.692
2026-07-20 11:00:00+00:00,1868.86,1896.5,1868.06,1893.2,18098.9331
2026-07-20 12:00:00+00:00,1893.21,1893.62,1871.88,1873.33,12117.1329
2026-07-20 13:00:00+00:00,1873.34,1880.61,1857.63,1862.68,16464.2655
2026-07-20 14:00:00+00:00,1862.68,1871.96,1853.65,1868.01,11921.8963
2026-07-20 15:00:00+00:00,1868.01,1904.92,1867.65,1902.34,24635.4223
2026-07-20 16:00:00+00:00,1902.34,1906.76,1893.8,1899.41,16492.3726
2026-07-20 17:00:00+00:00,1899.41,1909.74,1895.68,1907.78,14035.2481
2026-07-20 18:00:00+00:00,1907.78,1918.16,1897.52,1899.52,17782.6016
2026-07-20 19:00:00+00:00,1899.52,1901.07,1890.07,1898.46,9999.6736
2026-07-20 20:00:00+00:00,1898.46,1906.55,1896.2,1904.84,5357.4613
2026-07-20 21:00:00+00:00,1904.83,1907.58,1902.0,1902.45,4827.6437
2026-07-20 22:00:00+00:00,1902.46,1902.58,1894.4,1895.72,5412.8433
2026-07-20 23:00:00+00:00,1895.72,1905.26,1895.33,1904.77,6362.5585
2026-07-21 00:00:00+00:00,1904.77,1917.79,1900.74,1914.8,10211.2262
2026-07-21 01:00:00+00:00,1914.8,1918.18,1907.0,1907.49,6792.7873
2026-07-21 02:00:00+00:00,1907.49,1924.0,1904.6,1917.3,8843.7731
2026-07-21 03:00:00+00:00,1917.3,1928.57,1916.94,1926.75,13542.5425
2026-07-21 04:00:00+00:00,1926.74,1931.2,1922.59,1924.59,8633.194
2026-07-21 05:00:00+00:00,1924.59,1936.0,1921.81,1930.56,9084.2452
2026-07-21 06:00:00+00:00,1930.56,1939.99,1927.8,1935.03,10889.2213
2026-07-21 07:00:00+00:00,1935.03,1940.25,1933.42,1934.08,11949.4809
2026-07-21 08:00:00+00:00,1934.07,1953.0,1931.63,1939.8,29993.0476
2026-07-21 09:00:00+00:00,1939.79,1944.17,1936.75,1942.22,34313.1419
2026-07-21 10:00:00+00:00,1942.22,1947.09,1932.1,1934.18,16251.7069
2026-07-21 11:00:00+00:00,1934.19,1937.34,1925.98,1935.69,33407.8433
2026-07-21 12:00:00+00:00,1935.69,1945.23,1932.38,1942.79,15279.9073
2026-07-21 13:00:00+00:00,1942.8,1943.77,1927.53,1940.3,19914.6022
2026-07-21 14:00:00+00:00,1940.31,1944.0,1928.0,1931.87,14705.618
2026-07-21 15:00:00+00:00,1931.88,1932.51,1923.36,1931.81,12511.0061
2026-07-21 16:00:00+00:00,1931.81,1935.36,1921.63,1926.37,7887.812
2026-07-21 17:00:00+00:00,1926.37,1928.38,1915.0,1918.71,14508.5446
2026-07-21 18:00:00+00:00,1918.7,1923.0,1915.11,1919.93,12665.6515
2026-07-21 19:00:00+00:00,1919.93,1926.16,1918.2,1923.39,14885.7775
2026-07-21 20:00:00+00:00,1923.38,1926.44,1921.68,1923.24,6018.2494
2026-07-21 21:00:00+00:00,1923.25,1926.54,1919.85,1924.32,5012.5857
2026-07-21 22:00:00+00:00,1924.31,1924.31,1918.1,1920.86,3606.7745
2026-07-21 23:00:00+00:00,1920.86,1932.0,1916.67,1930.09,6056.9389
2026-07-22 00:00:00+00:00,1930.09,1944.68,1929.02,1939.46,12280.2152
2026-07-22 01:00:00+00:00,1939.45,1940.56,1928.0,1933.61,7700.3916
2026-07-22 02:00:00+00:00,1933.62,1936.39,1926.91,1930.43,9004.7948
2026-07-22 03:00:00+00:00,1930.42,1936.05,1926.76,1928.77,9211.1631
2026-07-22 04:00:00+00:00,1928.76,1939.4,1928.11,1936.82,12044.2195
2026-07-22 05:00:00+00:00,1936.83,1936.98,1918.27,1919.35,14081.0097
2026-07-22 06:00:00+00:00,1919.36,1921.1,1913.34,1917.4,7850.8564
2026-07-22 07:00:00+00:00,1917.41,1919.0,1910.68,1914.44,13989.0518
2026-07-22 08:00:00+00:00,1914.43,1925.15,1914.08,1921.32,12358.1318
2026-07-22 09:00:00+00:00,1921.33,1926.5,1919.41,1924.49,9209.9805
2026-07-22 10:00:00+00:00,1924.49,1933.62,1923.25,1930.82,10304.8933
2026-07-22 11:00:00+00:00,1930.82,1931.5,1922.36,1927.27,4571.4306
2026-07-22 12:00:00+00:00,1927.26,1927.45,1913.26,1917.17,6931.3358
2026-07-22 13:00:00+00:00,1917.17,1942.43,1917.0,1939.93,15766.4647
2026-07-22 14:00:00+00:00,1939.92,1955.92,1923.01,1933.2,23895.4302
2026-07-22 15:00:00+00:00,1933.2,1952.36,1933.0,1943.03,15259.8036
2026-07-22 16:00:00+00:00,1943.04,1956.45,1935.42,1949.84,14899.4678
2026-07-22 17:00:00+00:00,1949.84,1950.3,1934.97,1938.53,9814.7857
2026-07-22 18:00:00+00:00,1938.53,1940.0,1923.2,1930.69,11320.4039
2026-07-22 19:00:00+00:00,1930.69,1931.88,1921.0,1925.13,5286.7954
2026-07-22 20:00:00+00:00,1925.14,1930.4,1922.95,1926.76,5448.1097
2026-07-22 21:00:00+00:00,1926.76,1939.7,1926.76,1938.76,4862.4259
2026-07-22 22:00:00+00:00,1938.76,1939.23,1930.91,1938.42,7430.7471
2026-07-22 23:00:00+00:00,1938.43,1938.43,1923.6,1934.25,7618.9172
2026-07-23 00:00:00+00:00,1934.26,1941.5,1932.37,1932.37,7806.1931
2026-07-23 01:00:00+00:00,1932.36,1936.7,1926.61,1928.39,5600.2585
2026-07-23 02:00:00+00:00,1928.38,1929.7,1921.81,1927.6,4520.1302
2026-07-23 03:00:00+00:00,1927.6,1928.03,1917.57,1920.55,7067.1535
2026-07-23 04:00:00+00:00,1920.56,1926.02,1918.63,1919.74,5718.7307
2026-07-23 05:00:00+00:00,1919.74,1928.69,1918.31,1922.77,3797.0127
2026-07-23 06:00:00+00:00,1922.78,1926.83,1921.07,1925.39,3761.1815
2026-07-23 07:00:00+00:00,1925.39,1925.39,1912.6,1915.65,15074.1808
2026-07-23 08:00:00+00:00,1915.65,1927.41,1914.44,1926.54,6170.3801
2026-07-23 09:00:00+00:00,1926.54,1931.66,1923.4,1924.36,9981.4087
2026-07-23 10:00:00+00:00,1924.36,1930.43,1922.13,1928.14,4239.3939
2026-07-23 11:00:00+00:00,1928.15,1929.08,1924.63,1926.04,5003.2542
2026-07-23 12:00:00+00:00,1926.03,1927.99,1894.0,1904.64,26669.4585
2026-07-23 13:00:00+00:00,1904.67,1909.19,1895.47,1898.72,16334.9699
2026-07-23 14:00:00+00:00,1898.73,1907.26,1892.5,1896.43,15426.3077
2026-07-23 15:00:00+00:00,1896.44,1897.88,1882.98,1895.23,21413.486
2026-07-23 16:00:00+00:00,1895.23,1895.41,1884.69,1887.95,11755.5936
2026-07-23 17:00:00+00:00,1887.94,1892.18,1875.01,1878.31,10958.922
2026-07-23 18:00:00+00:00,1878.31,1884.52,1876.05,1881.19,8210.3838
2026-07-23 19:00:00+00:00,1881.19,1883.63,1869.44,1875.65,9424.5918
2026-07-23 20:00:00+00:00,1875.64,1889.09,1874.81,1885.98,7351.5441
2026-07-23 21:00:00+00:00,1885.97,1888.93,1880.86,1882.72,4782.8337
2026-07-23 22:00:00+00:00,1882.73,1884.13,1874.23,1883.42,5133.8249
2026-07-23 23:00:00+00:00,1883.41,1884.8,1875.56,1878.38,3587.8794
2026-07-24 00:00:00+00:00,1878.38,1879.18,1859.67,1871.47,13406.7609
2026-07-24 01:00:00+00:00,1871.47,1877.6,1870.32,1872.76,6649.6745
2026-07-24 02:00:00+00:00,1872.76,1878.5,1864.82,1869.58,6328.9081
2026-07-24 03:00:00+00:00,1869.57,1881.2,1868.31,1880.67,7169.022
2026-07-24 04:00:00+00:00,1880.67,1882.0,1875.0,1876.12,3649.7064
2026-07-24 05:00:00+00:00,1876.13,1882.14,1873.48,1880.97,5641.1485
2026-07-24 06:00:00+00:00,1880.97,1888.49,1878.9,1888.13,6802.7211
2026-07-24 07:00:00+00:00,1888.14,1909.8,1888.14,1895.98,18399.9061
2026-07-24 08:00:00+00:00,1895.98,1896.04,1886.35,1888.07,5209.3782
2026-07-24 09:00:00+00:00,1888.07,1889.11,1878.39,1888.07,7006.5254
2026-07-24 10:00:00+00:00,1888.08,1888.64,1880.39,1883.82,4084.0349
2026-07-24 11:00:00+00:00,1883.81,1884.71,1876.71,1883.93,6799.138
2026-07-24 12:00:00+00:00,1883.93,1886.09,1872.0,1872.65,7785.1308
2026-07-24 13:00:00+00:00,1872.65,1875.4,1848.11,1857.6,25437.0765
2026-07-24 14:00:00+00:00,1857.61,1863.18,1848.09,1862.9,16154.1622
2026-07-24 15:00:00+00:00,1862.9,1869.43,1854.15,1861.81,18647.6311
2026-07-24 16:00:00+00:00,1861.82,1866.07,1853.5,1857.47,12748.0211
2026-07-24 17:00:00+00:00,1857.47,1866.61,1855.03,1866.53,8564.3041
2026-07-24 18:00:00+00:00,1866.53,1866.76,1858.48,1862.72,3900.7267
2026-07-24 19:00:00+00:00,1862.73,1864.58,1858.0,1863.83,4600.1132
2026-07-24 20:00:00+00:00,1863.84,1865.82,1858.42,1860.9,3703.6087
2026-07-24 21:00:00+00:00,1860.91,1862.01,1857.05,1857.51,3582.5364
2026-07-24 22:00:00+00:00,1857.51,1861.91,1856.97,1859.49,2393.0236
2026-07-24 23:00:00+00:00,1859.49,1861.85,1858.98,1861.44,2132.1776
2026-07-25 00:00:00+00:00,1861.44,1864.69,1856.85,1860.34,3991.9995
2026-07-25 01:00:00+00:00,1860.34,1863.63,1857.77,1860.0,3107.0739
2026-07-25 02:00:00+00:00,1859.99,1861.71,1858.35,1859.45,2141.2087
2026-07-25 03:00:00+00:00,1859.45,1860.52,1855.93,1858.74,4758.8668
2026-07-25 04:00:00+00:00,1858.74,1862.65,1858.57,1861.28,1922.5329
2026-07-25 05:00:00+00:00,1861.28,1862.96,1856.9,1858.42,6900.0056
2026-07-25 06:00:00+00:00,1858.42,1860.0,1854.61,1858.55,2183.2025
2026-07-25 07:00:00+00:00,1858.55,1858.79,1856.02,1856.02,1974.4548
2026-07-25 08:00:00+00:00,1856.03,1856.1,1851.22,1853.8,4826.2011
2026-07-25 09:00:00+00:00,1853.8,1859.06,1851.75,1858.34,3706.8351
2026-07-25 10:00:00+00:00,1858.35,1859.29,1856.75,1858.62,4770.0131
2026-07-25 11:00:00+00:00,1858.63,1860.09,1857.5,1857.75,2724.4089
2026-07-25 12:00:00+00:00,1857.75,1860.48,1856.96,1860.32,4110.5827
2026-07-25 13:00:00+00:00,1860.32,1872.35,1859.78,1867.24,8300.0285
2026-07-25 14:00:00+00:00,1867.25,1869.32,1865.06,1868.68,4810.2534
2026-07-25 15:00:00+00:00,1868.67,1871.43,1867.03,1867.88,3624.4878
2026-07-25 16:00:00+00:00,1867.88,1870.91,1864.65,1867.99,3186.026
2026-07-25 17:00:00+00:00,1867.99,1875.15,1867.99,1873.06,6529.8948
2026-07-25 18:00:00+00:00,1873.07,1877.07,1872.45,1875.48,4493.7246
2026-07-25 19:00:00+00:00,1875.48,1876.64,1874.4,1874.76,2018.1088
2026-07-25 20:00:00+00:00,1874.77,1875.03,1870.43,1872.23,1908.1947
2026-07-25 21:00:00+00:00,1872.23,1875.6,1867.92,1872.65,2784.1673
2026-07-25 22:00:00+00:00,1872.66,1876.92,1872.38,1875.82,2003.8834
2026-07-25 23:00:00+00:00,1875.83,1876.2,1873.2,1874.89,1658.3331
2026-07-26 00:00:00+00:00,1874.88,1881.8,1873.85,1881.05,3898.2673
2026-07-26 01:00:00+00:00,1881.05,1881.9,1877.81,1878.68,2034.9452
2026-07-26 02:00:00+00:00,1878.67,1881.65,1877.06,1880.97,1535.0872
2026-07-26 03:00:00+00:00,1880.98,1883.98,1878.98,1882.21,2891.7173
2026-07-26 04:00:00+00:00,1882.21,1889.36,1880.26,1886.26,3540.7748
2026-07-26 05:00:00+00:00,1886.25,1887.43,1882.72,1883.4,2383.3354
2026-07-26 06:00:00+00:00,1883.4,1885.39,1878.46,1884.95,3176.674
2026-07-26 07:00:00+00:00,1884.95,1886.29,1880.51,1881.56,2139.9511
2026-07-26 08:00:00+00:00,1881.57,1882.49,1878.74,1881.42,2218.8924
2026-07-26 09:00:00+00:00,1881.42,1885.76,1881.22,1883.8,2491.5347
2026-07-26 10:00:00+00:00,1883.8,1887.7,1882.01,1886.22,2816.0926
2026-07-26 11:00:00+00:00,1886.21,1887.89,1884.78,1885.87,2075.4122
2026-07-26 12:00:00+00:00,1885.87,1893.89,1885.68,1886.57,5314.2072
2026-07-26 13:00:00+00:00,1886.57,1888.86,1881.61,1886.62,5619.0793
2026-07-26 14:00:00+00:00,1886.62,1900.31,1886.61,1898.59,8707.353
2026-07-26 15:00:00+00:00,1898.58,1917.82,1898.06,1914.63,14677.3578
2026-07-26 16:00:00+00:00,1914.63,1928.08,1908.75,1916.2,15888.944
2026-07-26 17:00:00+00:00,1916.19,1917.77,1910.8,1911.23,4119.5811
2026-07-26 18:00:00+00:00,1911.23,1916.53,1911.05,1914.49,3715.1635
2026-07-26 19:00:00+00:00,1914.49,1915.86,1912.09,1914.2,4682.416
2026-07-26 20:00:00+00:00,1914.21,1914.56,1911.14,1913.8,2328.0884
2026-07-26 21:00:00+00:00,1913.79,1930.0,1913.79,1925.91,8394.0362
2026-07-26 22:00:00+00:00,1925.91,1953.03,1925.91,1949.81,23344.9293
2026-07-26 23:00:00+00:00,1949.81,1967.36,1945.99,1954.72,25239.8549
2026-07-27 00:00:00+00:00,1954.72,1955.42,1939.67,1942.54,10815.7364
2026-07-27 01:00:00+00:00,1942.54,1948.46,1936.51,1948.2,8651.072
2026-07-27 02:00:00+00:00,1948.2,1949.15,1941.48,1943.1,8333.0669
2026-07-27 03:00:00+00:00,1943.09,1950.78,1942.42,1949.64,6458.3303
2026-07-27 04:00:00+00:00,1949.65,1962.77,1948.54,1953.43,13061.709
2026-07-27 05:00:00+00:00,1953.43,1970.43,1952.63,1965.65,15079.6006
2026-07-27 06:00:00+00:00,1965.65,1981.24,1963.64,1968.45,25003.724
2026-07-27 07:00:00+00:00,1968.45,1971.7,1960.86,1964.36,16580.0434
2026-07-27 08:00:00+00:00,1964.37,1968.75,1961.81,1964.25,8606.9437
2026-07-27 09:00:00+00:00,1964.25,1968.29,1956.87,1965.19,10222.2378
2026-07-27 10:00:00+00:00,1965.19,1972.0,1963.8,1967.43,6133.2776
2026-07-27 11:00:00+00:00,1967.42,1967.43,1958.11,1959.67,7353.3544
2026-07-27 12:00:00+00:00,1959.67,1964.6,1943.0,1957.59,14137.4186
2026-07-27 13:00:00+00:00,1957.6,1977.99,1950.95,1961.16,31081.0997
2026-07-27 14:00:00+00:00,1961.18,1966.99,1919.09,1932.3,38196.3783
2026-07-27 15:00:00+00:00,1932.3,1937.87,1924.83,1927.75,16079.6453
2026-07-27 16:00:00+00:00,1927.74,1946.9,1922.65,1940.57,11388.9731
2026-07-27 17:00:00+00:00,1940.57,1946.06,1935.1,1943.71,8370.8405
2026-07-27 18:00:00+00:00,1943.72,1944.66,1929.2,1939.2,6892.7477
2026-07-27 19:00:00+00:00,1939.21,1955.41,1937.75,1948.31,10768.3753
2026-07-27 20:00:00+00:00,1948.32,1950.54,1943.69,1946.87,4740.1733
2026-07-27 21:00:00+00:00,1946.88,1950.1,1940.58,1941.9,13531.1577
2026-07-27 22:00:00+00:00,1941.89,1941.9,1892.33,1893.6,26543.049
2026-07-27 23:00:00+00:00,1893.61,1896.19,1882.49,1892.53,24422.5254
2026-07-28 00:00:00+00:00,1892.53,1894.45,1877.02,1878.86,20791.773
2026-07-28 01:00:00+00:00,1878.86,1882.77,1866.31,1875.9,14824.195
2026-07-28 02:00:00+00:00,1875.9,1880.46,1872.35,1876.0,5895.0583
2026-07-28 03:00:00+00:00,1876.01,1883.26,1873.11,1881.38,8483.7449
2026-07-28 04:00:00+00:00,1881.37,1882.84,1876.48,1879.18,6743.7128
2026-07-28 05:00:00+00:00,1879.18,1889.66,1878.46,1883.16,8292.3695
2026-07-28 06:00:00+00:00,1883.16,1888.82,1878.54,1888.62,10515.695
2026-07-28 07:00:00+00:00,1888.62,1888.97,1880.92,1883.83,7707.2078
2026-07-28 08:00:00+00:00,1883.84,1885.85,1880.4,1884.5,8547.8818
2026-07-28 09:00:00+00:00,1884.5,1885.12,1874.81,1876.44,6605.9978
2026-07-28 10:00:00+00:00,1876.43,1881.0,1873.75,1878.79,5710.996
2026-07-28 11:00:00+00:00,1878.8,1882.02,1872.0,1876.68,9475.713
2026-07-28 12:00:00+00:00,1876.69,1893.34,1874.63,1892.48,12503.8753
2026-07-28 13:00:00+00:00,1892.48,1896.28,1856.88,1874.08,26917.9509
2026-07-28 14:00:00+00:00,1874.08,1893.46,1867.74,1888.95,20017.6662
2026-07-28 15:00:00+00:00,1888.96,1924.41,1884.56,1920.02,35311.4667
2026-07-28 16:00:00+00:00,1920.02,1928.95,1914.52,1925.92,15042.0152
2026-07-28 17:00:00+00:00,1925.92,1925.92,1892.71,1901.89,19307.1025
2026-07-28 18:00:00+00:00,1901.9,1914.93,1901.6,1911.22,8918.5887
2026-07-28 19:00:00+00:00,1911.22,1922.23,1911.22,1922.23,8496.5277
2026-07-28 20:00:00+00:00,1922.24,1923.84,1916.16,1918.57,6013.7521
2026-07-28 21:00:00+00:00,1918.57,1929.67,1918.47,1923.95,6371.0141
2026-07-28 22:00:00+00:00,1923.96,1927.1,1910.1,1911.9,7483.9135
2026-07-28 23:00:00+00:00,1911.9,1923.1,1904.06,1922.23,9246.9451
2026-07-29 00:00:00+00:00,1922.22,1928.51,1916.34,1917.27,9538.2144
2026-07-29 01:00:00+00:00,1917.27,1918.16,1905.0,1905.7,7132.1448
2026-07-29 02:00:00+00:00,1905.69,1919.67,1901.17,1911.1,7118.7992
2026-07-29 03:00:00+00:00,1911.11,1913.04,1891.17,1892.7,9925.2036
2026-07-29 04:00:00+00:00,1892.7,1906.43,1884.51,1905.52,14039.2885
2026-07-29 05:00:00+00:00,1905.52,1914.99,1903.53,1912.54,6767.1437
2026-07-29 06:00:00+00:00,1912.53,1921.71,1908.89,1920.18,8086.8635
2026-07-29 07:00:00+00:00,1920.19,1925.68,1914.1,1924.71,10093.038
2026-07-29 08:00:00+00:00,1924.71,1925.35,1912.11,1915.08,6863.44
2026-07-29 09:00:00+00:00,1915.08,1924.73,1914.94,1922.31,8027.9976
2026-07-29 10:00:00+00:00,1922.31,1922.58,1910.0,1912.16,9505.431
2026-07-29 11:00:00+00:00,1912.16,1917.07,1910.35,1915.26,5128.9107
2026-07-29 12:00:00+00:00,1915.26,1915.27,1902.3,1905.23,10435.5074
2026-07-29 13:00:00+00:00,1905.23,1911.67,1895.59,1909.24,16853.3485
2026-07-29 14:00:00+00:00,1909.24,1911.46,1891.39,1895.23,19095.0094
2026-07-29 15:00:00+00:00,1895.23,1898.84,1887.31,1892.11,16820.4155
2026-07-29 16:00:00+00:00,1892.11,1899.5,1887.75,1895.4,10335.0027
2026-07-29 17:00:00+00:00,1895.4,1917.29,1894.51,1916.16,12310.8742
2026-07-29 18:00:00+00:00,1916.15,1935.68,1894.22,1920.55,37572.3934
2026-07-29 19:00:00+00:00,1920.56,1922.74,1883.7,1888.56,24739.4293
2026-07-29 20:00:00+00:00,1888.57,1891.99,1878.14,1884.15,16727.9089
2026-07-29 21:00:00+00:00,1884.16,1898.39,1872.0,1898.38,13782.3896
2026-07-29 22:00:00+00:00,1898.39,1911.61,1898.28,1907.18,9723.7496
2026-07-29 23:00:00+00:00,1907.18,1913.17,1902.68,1910.72,7939.8405
2026-07-30 00:00:00+00:00,1910.72,1914.81,1893.99,1898.22,7739.5737
2026-07-30 01:00:00+00:00,1898.22,1921.92,1897.49,1916.77,12720.6506
2026-07-30 02:00:00+00:00,1916.77,1920.0,1910.29,1911.11,7594.283
2026-07-30 03:00:00+00:00,1911.12,1915.3,1907.65,1909.99,4747.0982
2026-07-30 04:00:00+00:00,1910.0,1910.93,1901.87,1901.99,9789.7456
2026-07-30 05:00:00+00:00,1902.0,1909.67,1900.18,1906.34,6499.9185
2026-07-30 06:00:00+00:00,1906.34,1906.95,1899.59,1901.32,4978.1487
2026-07-30 07:00:00+00:00,1901.33,1908.12,1900.43,1903.25,7853.252
2026-07-30 08:00:00+00:00,1903.26,1917.95,1900.51,1914.99,9068.4709
2026-07-30 09:00:00+00:00,1914.99,1924.25,1914.06,1918.16,9956.9197
2026-07-30 10:00:00+00:00,1918.15,1921.9,1916.7,1918.26,4999.1833
2026-07-30 11:00:00+00:00,1918.27,1926.44,1916.7,1923.22,4846.6566
2026-07-30 12:00:00+00:00,1923.25,1928.0,1919.79,1925.23,6901.9258
2026-07-30 13:00:00+00:00,1925.24,1936.99,1917.15,1929.86,12236.7304
2026-07-30 14:00:00+00:00,1929.86,1930.2,1913.49,1917.4,15517.4134
2026-07-30 15:00:00+00:00,1917.41,1924.16,1914.67,1918.9,7141.6716
2026-07-30 16:00:00+00:00,1918.9,1925.98,1915.97,1919.38,5548.8542
2026-07-30 17:00:00+00:00,1919.37,1925.4,1916.28,1920.88,6281.4698
2026-07-30 18:00:00+00:00,1920.88,1922.73,1914.81,1916.29,3955.1823
2026-07-30 19:00:00+00:00,1916.3,1929.34,1916.0,1923.68,6300.4553
2026-07-30 20:00:00+00:00,1923.69,1927.4,1920.0,1921.68,4077.9852
2026-07-30 21:00:00+00:00,1921.69,1924.56,1917.23,1918.67,2954.9779
2026-07-30 22:00:00+00:00,1918.66,1933.41,1916.0,1925.63,6105.4228
2026-07-30 23:00:00+00:00,1925.62,1936.79,1918.07,1918.31,8715.6923
2026-07-31 00:00:00+00:00,1918.32,1922.09,1915.02,1917.15,7565.3209
2026-07-31 01:00:00+00:00,1917.15,1936.15,1906.79,1910.36,16082.1879
2026-07-31 02:00:00+00:00,1910.35,1912.0,1901.6,1904.15,6723.6932
2026-07-31 03:00:00+00:00,1904.15,1911.6,1899.09,1908.9,8585.8826
2026-07-31 04:00:00+00:00,1908.9,1909.49,1903.24,1905.96,3562.0432
2026-07-31 05:00:00+00:00,1905.97,1909.1,1901.49,1906.13,3830.9634
2026-07-31 06:00:00+00:00,1906.14,1911.16,1900.3,1902.61,4344.4345
2026-07-31 07:00:00+00:00,1902.6,1902.78,1884.53,1890.2,16831.5114
2026-07-31 08:00:00+00:00,1890.2,1893.33,1888.22,1890.45,9163.7608
2026-07-31 09:00:00+00:00,1890.45,1891.26,1881.42,1883.74,10359.2477
2026-07-31 10:00:00+00:00,1883.73,1890.16,1877.93,1887.12,6960.1299
2026-07-31 11:00:00+00:00,1887.12,1889.83,1882.49,1884.26,9120.4136
2026-07-31 12:00:00+00:00,1884.27,1884.82,1873.61,1882.92,11994.9695
2026-07-31 13:00:00+00:00,1882.93,1890.61,1865.0,1867.12,17383.3001
2026-07-31 14:00:00+00:00,1867.13,1870.29,1848.7,1860.19,45592.3977
2026-07-31 15:00:00+00:00,1860.2,1866.53,1854.77,1862.94,15413.4463
2026-07-31 16:00:00+00:00,1862.93,1867.32,1860.83,1864.57,10901.0391
2026-07-31 17:00:00+00:00,1864.57,1878.14,1863.26,1875.01,9319.6414
2026-07-31 18:00:00+00:00,1875.01,1876.74,1864.95,1871.83,4001.6627
2026-07-31 19:00:00+00:00,1871.82,1874.04,1865.38,1868.19,6567.6097
2026-07-31 20:00:00+00:00,1868.19,1870.73,1861.6,1862.25,5039.9544
2026-07-31 21:00:00+00:00,1862.25,1864.83,1859.64,1861.81,4404.1647
2026-07-31 22:00:00+00:00,1861.81,1865.56,1858.8,1861.49,6218.8952
2026-07-31 23:00:00+00:00,1861.49,1864.77,1860.95,1862.6,2938.1166
2026-08-01 00:00:00+00:00,1862.6,1867.64,1862.38,1864.7,4320.5922
2026-08-01 01:00:00+00:00,1864.69,1867.51,1864.69,1867.03,2874.5758
2026-08-01 02:00:00+00:00,1867.03,1870.0,1866.74,1868.25,1629.9406
2026-08-01 03:00:00+00:00,1868.25,1869.89,1866.47,1869.88,1797.9406
2026-08-01 04:00:00+00:00,1869.88,1870.53,1867.13,1869.76,1890.5488
2026-08-01 05:00:00+00:00,1869.76,1871.05,1865.34,1867.59,2681.1896
2026-08-01 06:00:00+00:00,1867.58,1871.21,1866.46,1870.5,2375.604
2026-08-01 07:00:00+00:00,1870.5,1871.98,1868.49,1869.8,2112.7899
2026-08-01 08:00:00+00:00,1869.81,1870.28,1867.6,1869.49,1883.948
2026-08-01 09:00:00+00:00,1869.5,1870.74,1867.59,1867.93,2411.8289
2026-08-01 10:00:00+00:00,1867.94,1869.11,1863.1,1867.35,7323.6147
2026-08-01 11:00:00+00:00,1867.36,1867.77,1865.79,1866.9,5035.6351
2026-08-01 12:00:00+00:00,1866.9,1870.0,1866.89,1869.06,2013.3782
2026-08-01 13:00:00+00:00,1869.07,1869.6,1867.54,1869.28,1883.4812
2026-08-01 14:00:00+00:00,1869.29,1875.33,1869.25,1875.18,4139.1814
2026-08-01 15:00:00+00:00,1875.18,1875.45,1870.07,1870.09,3029.8805
2026-08-01 16:00:00+00:00,1870.1,1873.6,1866.47,1868.79,2510.6059
2026-08-01 17:00:00+00:00,1868.79,1870.25,1857.41,1862.07,4950.8385
2026-08-01 18:00:00+00:00,1862.06,1863.03,1822.06,1836.81,30668.7809
2026-08-01 19:00:00+00:00,1836.8,1840.58,1834.2,1837.3,6052.4254
2026-08-01 20:00:00+00:00,1837.29,1840.48,1833.07,1838.41,5521.2918
2026-08-01 21:00:00+00:00,1838.41,1845.96,1836.61,1845.78,5894.9077
2026-08-01 22:00:00+00:00,1845.79,1849.26,1844.76,1847.28,2856.1786
2026-08-01 23:00:00+00:00,1847.28,1849.1,1843.39,1844.94,3027.8295
2026-08-02 00:00:00+00:00,1844.95,1849.7,1843.67,1846.69,4031.2087
2026-08-02 01:00:00+00:00,1846.69,1859.41,1846.69,1857.09,7392.1031
2026-08-02 02:00:00+00:00,1857.09,1884.69,1856.51,1876.9,17693.7596
2026-08-02 03:00:00+00:00,1876.9,1880.54,1874.32,1877.43,4976.3428
2026-08-02 04:00:00+00:00,1877.44,1882.67,1877.44,1881.22,4678.1317
2026-08-02 05:00:00+00:00,1881.21,1882.68,1875.26,1876.33,4198.7677
2026-08-02 06:00:00+00:00,1876.32,1879.33,1875.0,1877.54,3148.4584
2026-08-02 07:00:00+00:00,1877.54,1878.78,1875.67,1876.1,2714.3967
2026-08-02 08:00:00+00:00,1876.1,1879.0,1867.04,1868.2,5044.7312
2026-08-02 09:00:00+00:00,1868.19,1872.97,1862.3,1870.95,3014.6538
2026-08-02 10:00:00+00:00,1870.94,1871.13,1865.63,1868.75,1753.0272
2026-08-02 11:00:00+00:00,1868.76,1869.74,1849.5,1852.58,8195.8641
2026-08-02 12:00:00+00:00,1852.65,1860.58,1852.46,1857.06,3764.4164
2026-08-02 13:00:00+00:00,1857.07,1858.05,1852.41,1854.89,2230.6675
2026-08-02 14:00:00+00:00,1854.88,1859.27,1852.42,1854.94,2752.8167
2026-08-02 15:00:00+00:00,1854.95,1863.05,1853.81,1858.82,2831.0497
2026-08-02 16:00:00+00:00,1858.82,1865.7,1856.03,1863.13,2850.251
2026-08-02 17:00:00+00:00,1863.13,1870.57,1862.4,1868.65,3299.4741
2026-08-02 18:00:00+00:00,1868.64,1887.2,1868.49,1875.86,10697.2543
2026-08-02 19:00:00+00:00,1875.86,1883.93,1874.8,1882.2,4040.8119
2026-08-02 20:00:00+00:00,1882.2,1885.71,1879.61,1883.78,3060.4289
2026-08-02 21:00:00+00:00,1883.79,1898.5,1882.15,1890.43,8410.4818
2026-08-02 22:00:00+00:00,1890.44,1897.8,1880.5,1882.11,9510.3373
2026-08-02 23:00:00+00:00,1882.1,1885.68,1876.39,1885.36,3365.6286
2026-08-03 00:00:00+00:00,1885.36,1885.95,1871.68,1873.87,4671.4907
2026-08-03 01:00:00+00:00,1873.86,1875.52,1866.0,1867.19,4120.4684
2026-08-03 02:00:00+00:00,1867.19,1872.0,1862.9,1864.51,4058.0605
2026-08-03 03:00:00+00:00,1864.51,1865.71,1851.05,1857.22,5297.8404
2026-08-03 04:00:00+00:00,1857.21,1863.14,1854.81,1854.97,3716.6199
2026-08-03 05:00:00+00:00,1854.97,1860.91,1853.55,1859.88,4111.3952
2026-08-03 06:00:00+00:00,1859.88,1861.11,1846.38,1849.28,7050.062
2026-08-03 07:00:00+00:00,1849.29,1849.94,1840.0,1843.97,12612.232
2026-08-03 08:00:00+00:00,1843.96,1845.57,1828.62,1840.32,15329.1092
2026-08-03 09:00:00+00:00,1840.32,1853.91,1839.35,1852.63,8512.8596
2026-08-03 10:00:00+00:00,1852.62,1854.46,1841.55,1846.24,7708.7926
2026-08-03 11:00:00+00:00,1846.24,1847.88,1838.48,1839.89,4323.4095
2026-08-03 12:00:00+00:00,1839.88,1845.38,1836.75,1843.7,5012.5495
2026-08-03 13:00:00+00:00,1843.69,1860.24,1838.42,1859.18,13330.2037
2026-08-03 14:00:00+00:00,1859.18,1874.35,1851.34,1873.79,21006.5246
2026-08-03 15:00:00+00:00,1873.79,1874.08,1860.43,1863.34,10839.8182
2026-08-03 16:00:00+00:00,1863.34,1872.22,1861.68,1866.22,6771.2457
2026-08-03 17:00:00+00:00,1866.22,1874.93,1863.64,1868.84,5795.3562
2026-08-03 18:00:00+00:00,1868.85,1874.0,1866.72,1868.96,4466.282
2026-08-03 19:00:00+00:00,1868.96,1876.5,1868.2,1870.2,5831.2405
2026-08-03 20:00:00+00:00,1870.2,1875.99,1866.61,1868.97,7347.3691
2026-08-03 21:00:00+00:00,1868.97,1869.15,1863.57,1863.6,4725.1651
2026-08-03 22:00:00+00:00,1863.6,1866.12,1852.45,1860.4,6401.3077
2026-08-03 23:00:00+00:00,1860.39,1860.5,1856.22,1860.5,2567.6076
2026-08-04 00:00:00+00:00,1860.5,1863.12,1848.38,1851.3,10087.437
2026-08-04 01:00:00+00:00,1851.3,1869.72,1849.12,1867.64,9043.6029
2026-08-04 02:00:00+00:00,1867.64,1872.5,1862.09,1866.17,5344.8134
2026-08-04 03:00:00+00:00,1866.17,1866.96,1858.38,1864.19,4382.4669
2026-08-04 04:00:00+00:00,1864.2,1874.71,1862.09,1868.01,6131.0573
2026-08-04 05:00:00+00:00,1868.0,1870.54,1864.28,1864.42,3298.8071
2026-08-04 06:00:00+00:00,1864.42,1882.44,1854.65,1856.96,15678.0058
2026-08-04 07:00:00+00:00,1856.96,1864.98,1853.54,1863.87,7711.0201
2026-08-04 08:00:00+00:00,1863.88,1865.88,1856.96,1857.89,4180.9094
2026-08-04 09:00:00+00:00,1857.88,1858.83,1853.48,1858.71,5488.8272
2026-08-04 10:00:00+00:00,1858.71,1873.03,1854.11,1866.94,8858.6566
2026-08-04 11:00:00+00:00,1866.95,1874.78,1866.18,1872.89,6980.9397
2026-08-04 12:00:00+00:00,1872.88,1882.0,1868.09,1875.11,8155.32
2026-08-04 13:00:00+00:00,1875.11,1877.63,1860.01,1862.06,14674.1047
2026-08-04 14:00:00+00:00,1862.06,1875.71,1858.72,1873.03,12625.0454
2026-08-04 15:00:00+00:00,1873.02,1877.85,1862.05,1873.07,9729.2962
2026-08-04 16:00:00+00:00,1873.08,1874.09,1865.65,1869.68,7985.3408
2026-08-04 17:00:00+00:00,1869.69,1877.88,1867.01,1869.53,12012.494
2026-08-04 18:00:00+00:00,1869.54,1880.94,1869.3,1875.29,7528.9302
2026-08-04 19:00:00+00:00,1875.29,1881.81,1873.86,1875.26,8184.4653
2026-08-04 20:00:00+00:00,1875.26,1879.84,1866.17,1876.65,5884.9577
2026-08-04 21:00:00+00:00,1876.65,1876.65,1871.85,1872.32,2412.3242
2026-08-04 22:00:00+00:00,1872.32,1876.92,1868.48,1875.64,3303.5295
2026-08-04 23:00:00+00:00,1875.64,1881.28,1869.07,1869.75,5572.1938
2026-08-05 00:00:00+00:00,1869.74,1873.87,1863.33,1863.93,7040.3828
2026-08-05 01:00:00+00:00,1863.94,1874.4,1861.34,1873.37,3984.1549
2026-08-05 02:00:00+00:00,1873.37,1878.0,1872.5,1874.49,5850.9223
2026-08-05 03:00:00+00:00,1874.49,1876.23,1863.91,1867.75,7838.784
2026-08-05 04:00:00+00:00,1867.75,1869.79,1865.0,1867.5,3487.1721
2026-08-05 05:00:00+00:00,1867.5,1877.69,1867.21,1873.46,4816.0039
2026-08-05 06:00:00+00:00,1873.46,1873.69,1868.26,1869.88,9338.5186
2026-08-05 07:00:00+00:00,1869.88,1872.2,1863.53,1872.2,13188.6525
2026-08-05 08:00:00+00:00,1872.2,1874.48,1868.0,1869.99,10385.8454
2026-08-05 09:00:00+00:00,1869.99,1874.66,1868.89,1871.94,4866.2003
2026-08-05 10:00:00+00:00,1871.94,1876.06,1866.16,1868.33,5390.3805
2026-08-05 11:00:00+00:00,1868.32,1871.15,1867.27,1868.92,4882.5202
2026-08-05 12:00:00+00:00,1868.92,1885.29,1867.47,1876.25,13717.3662
2026-08-05 13:00:00+00:00,1876.26,1879.51,1855.5,1878.53,21971.7299
2026-08-05 14:00:00+00:00,1878.52,1882.84,1869.24,1875.89,15946.0181
2026-08-05 15:00:00+00:00,1875.89,1882.76,1872.95,1873.91,8156.1461
2026-08-05 16:00:00+00:00,1873.91,1897.32,1873.4,1895.56,20344.7361
2026-08-05 17:00:00+00:00,1895.55,1917.72,1891.07,1916.75,24840.2338
2026-08-05 18:00:00+00:00,1916.75,1928.0,1913.9,1918.06,19879.6167
2026-08-05 19:00:00+00:00,1918.05,1921.0,1915.6,1917.03,9433.0891
2026-08-05 20:00:00+00:00,1917.02,1924.56,1916.71,1917.1,6965.0406
2026-08-05 21:00:00+00:00,1917.1,1917.47,1907.07,1908.75,8180.0017
2026-08-05 22:00:00+00:00,1908.75,1913.43,1906.59,1906.86,4213.4409
2026-08-05 23:00:00+00:00,1906.85,1912.31,1904.34,1908.9,3613.3702
2026-08-06 00:00:00+00:00,1908.91,1914.02,1907.29,1910.4,4876.5925
2026-08-06 01:00:00+00:00,1910.4,1911.21,1903.36,1906.75,5637.5795
2026-08-06 02:00:00+00:00,1906.74,1910.82,1895.1,1899.21,9631.1508
2026-08-06 03:00:00+00:00,1899.21,1899.7,1895.37,1899.03,4875.4429
2026-08-06 04:00:00+00:00,1899.04,1908.05,1895.73,1907.7,6770.1779
2026-08-06 05:00:00+00:00,1907.7,1918.7,1907.29,1914.34,8409.6151
2026-08-06 06:00:00+00:00,1914.35,1914.77,1909.6,1913.66,3374.4198
2026-08-06 07:00:00+00:00,1913.67,1915.33,1907.65,1909.33,6344.0321
2026-08-06 08:00:00+00:00,1909.33,1920.51,1908.41,1916.26,9089.5239
2026-08-06 09:00:00+00:00,1916.26,1917.03,1904.83,1907.67,9792.3411
2026-08-06 10:00:00+00:00,1907.67,1907.67,1901.62,1902.58,5165.4282
2026-08-06 11:00:00+00:00,1902.59,1909.2,1897.0,1907.77,5920.4388
2026-08-06 12:00:00+00:00,1907.77,1908.02,1899.02,1899.09,5851.2106
2026-08-06 13:00:00+00:00,1899.1,1911.11,1892.38,1907.43,16539.6529
2026-08-06 14:00:00+00:00,1907.44,1918.72,1892.04,1915.01,18795.1192
2026-08-06 15:00:00+00:00,1915.01,1919.68,1910.38,1910.69,11802.6746
2026-08-06 16:00:00+00:00,1910.7,1916.8,1908.46,1915.77,7760.9905
2026-08-06 17:00:00+00:00,1915.78,1918.47,1910.38,1914.08,5696.3354
2026-08-06 18:00:00+00:00,1914.08,1914.1,1903.08,1905.95,7958.3294
2026-08-06 19:00:00+00:00,1905.95,1911.29,1905.95,1910.06,10004.7765
2026-08-06 20:00:00+00:00,1910.07,1910.85,1906.0,1907.14,2869.7578
2026-08-06 21:00:00+00:00,1907.15,1909.45,1905.88,1906.28,3309.8235
2026-08-06 22:00:00+00:00,1906.28,1907.44,1902.27,1905.25,3479.9443
2026-08-06 23:00:00+00:00,1905.24,1905.79,1898.94,1904.1,3574.3562
2026-08-07 00:00:00+00:00,1904.1,1905.47,1899.84,1903.88,3516.2153
2026-08-07 01:00:00+00:00,1903.89,1907.55,1899.04,1903.36,4823.4698
2026-08-07 02:00:00+00:00,1903.36,1908.61,1897.52,1902.73,5702.729
2026-08-07 03:00:00+00:00,1902.72,1903.95,1896.16,1897.43,4269.3759
2026-08-07 04:00:00+00:00,1897.43,1900.76,1894.35,1897.44,6754.204
2026-08-07 05:00:00+00:00,1897.44,1902.4,1895.41,1901.58,4024.0554
2026-08-07 06:00:00+00:00,1901.59,1907.58,1900.0,1904.53,4864.3205
2026-08-07 07:00:00+00:00,1904.54,1907.44,1902.35,1902.36,5166.215
2026-08-07 08:00:00+00:00,1902.35,1914.9,1901.91,1910.7,10662.3713
2026-08-07 09:00:00+00:00,1910.7,1917.67,1910.3,1913.04,28602.9542
2026-08-07 10:00:00+00:00,1913.04,1916.0,1912.64,1912.85,4509.058
2026-08-07 11:00:00+00:00,1912.85,1921.0,1912.62,1916.33,8756.7564
2026-08-07 12:00:00+00:00,1916.33,1943.02,1916.33,1932.13,31004.2283
2026-08-07 13:00:00+00:00,1932.14,1935.05,1921.53,1923.5,15610.4582
2026-08-07 14:00:00+00:00,1923.5,1926.5,1910.53,1913.57,18780.5279
2026-08-07 15:00:00+00:00,1913.57,1921.0,1913.02,1917.88,6340.5718
2026-08-07 16:00:00+00:00,1917.87,1925.0,1909.34,1909.51,7968.6101
2026-08-07 17:00:00+00:00,1909.5,1912.99,1905.4,1912.45,9390.7888
2026-08-07 18:00:00+00:00,1912.45,1915.29,1906.28,1909.86,4337.392
2026-08-07 19:00:00+00:00,1909.87,1920.24,1909.87,1918.85,10178.4996
2026-08-07 20:00:00+00:00,1918.84,1920.36,1914.38,1914.81,3750.1199
2026-08-07 21:00:00+00:00,1914.82,1922.81,1912.72,1916.55,6300.7153
2026-08-07 22:00:00+00:00,1916.55,1916.56,1913.92,1914.84,3447.6054
2026-08-07 23:00:00+00:00,1914.84,1916.41,1913.92,1914.18,1515.2869
2026-08-08 00:00:00+00:00,1914.19,1915.1,1912.5,1914.35,2385.6366
2026-08-08 01:00:00+00:00,1914.36,1916.62,1914.04,1914.65,3177.8497
2026-08-08 02:00:00+00:00,1914.66,1914.66,1912.27,1913.18,1370.5073
2026-08-08 03:00:00+00:00,1913.18,1919.02,1913.17,1918.08,2097.6249
2026-08-08 04:00:00+00:00,1918.09,1919.58,1916.4,1917.0,2245.9862
2026-08-08 05:00:00+00:00,1917.0,1918.78,1915.81,1917.56,1176.4942
2026-08-08 06:00:00+00:00,1917.55,1917.89,1916.17,1916.44,1409.709
2026-08-08 07:00:00+00:00,1916.45,1916.75,1914.0,1915.11,1799.6535
2026-08-08 08:00:00+00:00,1915.11,1917.73,1914.58,1916.85,1481.4706
2026-08-08 09:00:00+00:00,1916.85,1923.22,1916.25,1918.95,3514.2564
2026-08-08 10:00:00+00:00,1918.94,1922.72,1918.94,1921.17,2167.1079
2026-08-08 11:00:00+00:00,1921.18,1923.57,1919.53,1920.99,2555.556
2026-08-08 12:00:00+00:00,1920.99,1922.47,1918.7,1919.19,2376.3197
2026-08-08 13:00:00+00:00,1919.2,1920.55,1918.61,1920.0,1981.2186
2026-08-08 14:00:00+00:00,1920.0,1926.72,1919.99,1923.77,5059.4611
2026-08-08 15:00:00+00:00,1923.78,1924.56,1921.35,1922.62,2945.8968
2026-08-08 16:00:00+00:00,1922.63,1925.0,1921.65,1922.46,2239.3085
2026-08-08 17:00:00+00:00,1922.45,1926.45,1922.25,1923.85,3927.5413
2026-08-08 18:00:00+00:00,1923.84,1923.84,1919.77,1921.1,2781.192
2026-08-08 19:00:00+00:00,1921.1,1921.54,1919.67,1920.41,1779.511
2026-08-08 20:00:00+00:00,1920.41,1921.21,1919.95,1920.39,1344.3956
2026-08-08 21:00:00+00:00,1920.39,1922.73,1920.27,1920.82,1842.5995
2026-08-08 22:00:00+00:00,1920.82,1921.59,1916.66,1916.75,2433.2468
2026-08-08 23:00:00+00:00,1916.74,1919.0,1914.69,1916.74,2779.8499
2026-08-09 00:00:00+00:00,1916.75,1918.66,1916.34,1918.09,2792.4612
2026-08-09 01:00:00+00:00,1918.08,1920.21,1913.37,1916.14,2176.0306
2026-08-09 02:00:00+00:00,1916.15,1916.71,1913.64,1914.8,1341.9749
2026-08-09 03:00:00+00:00,1914.79,1914.79,1912.36,1914.04,2034.9863
2026-08-09 04:00:00+00:00,1914.04,1915.63,1912.99,1913.16,1394.2198
2026-08-09 05:00:00+00:00,1913.17,1915.04,1913.11,1914.46,1455.4914
2026-08-09 06:00:00+00:00,1914.45,1919.51,1912.83,1919.33,4314.9898
2026-08-09 07:00:00+00:00,1919.34,1919.79,1917.14,1918.97,4950.8116
2026-08-09 08:00:00+00:00,1918.97,1925.0,1914.0,1915.94,4019.2402
2026-08-09 09:00:00+00:00,1915.94,1921.45,1913.39,1921.45,4402.5705
2026-08-09 10:00:00+00:00,1921.45,1922.96,1919.64,1920.1,3788.5932
2026-08-09 11:00:00+00:00,1920.09,1921.51,1918.37,1919.23,1585.7868
2026-08-09 12:00:00+00:00,1919.23,1919.23,1916.51,1917.5,2317.0555
2026-08-09 13:00:00+00:00,1917.5,1926.31,1917.5,1923.36,6087.6127
2026-08-09 14:00:00+00:00,1923.36,1926.58,1922.61,1925.07,3783.0976
2026-08-09 15:00:00+00:00,1925.08,1927.36,1924.16,1926.56,3293.3403
2026-08-09 16:00:00+00:00,1926.57,1926.95,1921.6,1924.11,2527.6686
2026-08-09 17:00:00+00:00,1924.1,1924.84,1923.11,1923.11,2161.8139
2026-08-09 18:00:00+00:00,1923.1,1923.8,1920.15,1921.52,1893.9677
2026-08-09 19:00:00+00:00,1921.51,1922.47,1921.35,1922.04,1346.5922
2026-08-09 20:00:00+00:00,1922.04,1922.27,1918.0,1920.73,3716.9996
2026-08-09 21:00:00+00:00,1920.72,1926.91,1919.84,1924.73,3133.0872
2026-08-09 22:00:00+00:00,1924.73,1938.22,1915.0,1919.55,12501.372
2026-08-09 23:00:00+00:00,1919.54,1920.61,1907.56,1910.65,10835.5617
2026-08-10 00:00:00+00:00,1910.65,1928.28,1906.17,1912.78,10209.7156
2026-08-10 01:00:00+00:00,1912.79,1931.57,1908.01,1925.23,8100.9108
2026-08-10 02:00:00+00:00,1925.23,1926.72,1912.86,1923.52,6858.7003
2026-08-10 03:00:00+00:00,1923.51,1924.66,1913.66,1917.44,6345.0528
2026-08-10 04:00:00+00:00,1917.44,1921.01,1912.6,1915.79,7866.7888
2026-08-10 05:00:00+00:00,1915.79,1925.02,1915.33,1923.17,4320.4089
2026-08-10 06:00:00+00:00,1923.18,1929.43,1923.01,1928.03,7905.0173
2026-08-10 07:00:00+00:00,1928.03,1930.84,1924.8,1925.26,5929.0261
2026-08-10 08:00:00+00:00,1925.26,1929.74,1923.21,1926.8,4421.812
2026-08-10 09:00:00+00:00,1926.8,1927.09,1916.21,1916.39,6913.4753
2026-08-10 10:00:00+00:00,1916.38,1920.7,1916.12,1917.75,4895.296
2026-08-10 11:00:00+00:00,1917.75,1921.11,1914.68,1920.42,4343.5736
2026-08-10 12:00:00+00:00,1920.42,1923.34,1905.0,1906.0,13063.3565
2026-08-10 13:00:00+00:00,1905.99,1910.46,1894.56,1897.6,20184.687
2026-08-10 14:00:00+00:00,1897.61,1902.84,1891.6,1893.59,10048.2437
2026-08-10 15:00:00+00:00,1893.58,1893.58,1871.37,1877.0,29430.8117
2026-08-10 16:00:00+00:00,1876.99,1878.71,1867.96,1872.36,17767.9519
2026-08-10 17:00:00+00:00,1872.38,1877.39,1868.71,1873.7,8222.6701
2026-08-10 18:00:00+00:00,1873.7,1875.24,1868.0,1872.95,8602.6495
2026-08-10 19:00:00+00:00,1872.95,1880.47,1871.86,1878.51,6928.2103
2026-08-10 20:00:00+00:00,1878.52,1881.31,1877.74,1879.73,3650.5749
2026-08-10 21:00:00+00:00,1879.72,1879.72,1873.54,1874.45,4144.1711
2026-08-10 22:00:00+00:00,1874.45,1878.13,1872.13,1876.14,4964.4198
2026-08-10 23:00:00+00:00,1876.15,1876.15,1870.12,1873.16,4691.4981
2026-08-11 00:00:00+00:00,1873.16,1876.04,1871.0,1875.32,5360.8121
2026-08-11 01:00:00+00:00,1875.31,1878.6,1873.49,1878.14,4604.8217
2026-08-11 02:00:00+00:00,1878.13,1881.78,1877.36,1878.6,5445.0466
2026-08-11 03:00:00+00:00,1878.61,1881.78,1878.6,1881.03,3766.3888
2026-08-11 04:00:00+00:00,1881.02,1882.18,1876.22,1876.25,3740.0049
2026-08-11 05:00:00+00:00,1876.25,1876.81,1872.19,1874.03,5181.4013
2026-08-11 06:00:00+00:00,1874.03,1875.02,1870.86,1874.24,9415.5466
2026-08-11 07:00:00+00:00,1874.25,1879.34,1870.29,1877.95,10253.5598
2026-08-11 08:00:00+00:00,1877.95,1880.39,1875.75,1879.21,8442.7399
2026-08-11 09:00:00+00:00,1879.2,1885.41,1877.32,1885.41,8242.4218
2026-08-11 10:00:00+00:00,1885.41,1889.0,1882.66,1886.16,7409.168
2026-08-11 11:00:00+00:00,1886.17,1895.6,1886.17,1892.97,9187.1645
2026-08-11 12:00:00+00:00,1892.96,1897.8,1887.34,1888.0,10397.1725
2026-08-11 13:00:00+00:00,1888.0,1892.69,1883.63,1890.03,9070.3061
2026-08-11 14:00:00+00:00,1890.02,1891.61,1870.33,1873.69,14477.2528
2026-08-11 15:00:00+00:00,1873.68,1877.71,1853.62,1862.74,22054.1842
2026-08-11 16:00:00+00:00,1862.75,1867.06,1859.78,1864.82,8942.3877
2026-08-11 17:00:00+00:00,1864.83,1867.95,1862.88,1864.69,6492.2921
2026-08-11 18:00:00+00:00,1864.69,1867.09,1860.0,1866.03,7345.3446
2026-08-11 19:00:00+00:00,1866.03,1884.83,1862.9,1881.9,9965.2898
2026-08-11 20:00:00+00:00,1881.9,1885.38,1879.09,1882.22,7300.6273
2026-08-11 21:00:00+00:00,1882.22,1885.32,1880.43,1884.68,6936.3919
2026-08-11 22:00:00+00:00,1884.68,1887.64,1879.61,1882.16,5904.5462
2026-08-11 23:00:00+00:00,1882.17,1884.41,1878.92,1882.59,3365.6454
2026-08-12 00:00:00+00:00,1882.58,1883.72,1880.65,1882.35,4050.8679
2026-08-12 01:00:00+00:00,1882.36,1886.53,1881.11,1884.77,4162.0973
2026-08-12 02:00:00+00:00,1884.77,1887.91,1883.59,1884.47,3454.6953
2026-08-12 03:00:00+00:00,1884.48,1887.33,1882.66,1886.62,2942.8508
2026-08-12 04:00:00+00:00,1886.63,1893.37,1885.47,1889.42,6246.9058
2026-08-12 05:00:00+00:00,1889.41,1892.44,1886.77,1891.71,3205.7091
2026-08-12 06:00:00+00:00,1891.7,1891.71,1885.38,1887.73,4888.4475
2026-08-12 07:00:00+00:00,1887.74,1891.82,1886.34,1891.69,4124.2743
2026-08-12 08:00:00+00:00,1891.7,1896.11,1890.63,1890.95,4725.3454
2026-08-12 09:00:00+00:00,1890.94,1909.63,1890.0,1905.84,13427.1549
2026-08-12 10:00:00+00:00,1905.84,1915.54,1905.84,1909.17,12974.7164
2026-08-12 11:00:00+00:00,1909.18,1915.99,1907.41,1915.57,6783.1487
2026-08-12 12:00:00+00:00,1915.58,1925.0,1905.52,1911.32,22567.2084
2026-08-12 13:00:00+00:00,1911.31,1912.6,1900.04,1901.32,11484.4335
2026-08-12 14:00:00+00:00,1901.31,1903.71,1885.0,1887.79,15718.622
2026-08-12 15:00:00+00:00,1887.78,1896.29,1884.54,1892.75,7679.7558
2026-08-12 16:00:00+00:00,1892.75,1895.77,1889.24,1890.7,5223.5671
2026-08-12 17:00:00+00:00,1890.7,1891.89,1885.12,1888.14,6045.2496
2026-08-12 18:00:00+00:00,1888.13,1891.33,1885.5,1885.55,3671.5472
2026-08-12 19:00:00+00:00,1885.54,1886.8,1877.98,1879.38,6667.3674
2026-08-12 20:00:00+00:00,1879.37,1887.68,1877.81,1886.6,4232.1513
2026-08-12 21:00:00+00:00,1886.6,1889.47,1873.29,1877.95,7857.9549
2026-08-12 22:00:00+00:00,1877.94,1881.37,1875.63,1878.45,5234.3873
2026-08-12 23:00:00+00:00,1878.46,1880.11,1874.81,1879.81,3887.5396
2026-08-13 00:00:00+00:00,1879.8,1885.55,1877.26,1880.29,6876.0925
2026-08-13 01:00:00+00:00,1880.28,1882.83,1875.01,1878.09,6179.0307
2026-08-13 02:00:00+00:00,1878.09,1883.28,1873.17,1881.93,5675.9832
2026-08-13 03:00:00+00:00,1881.94,1888.89,1881.68,1887.52,6304.2606
2026-08-13 04:00:00+00:00,1887.52,1894.99,1885.46,1892.37,4484.4365
2026-08-13 05:00:00+00:00,1892.37,1900.0,1891.77,1895.81,7618.3359
2026-08-13 06:00:00+00:00,1895.8,1898.62,1892.17,1898.62,3461.1079
2026-08-13 07:00:00+00:00,1898.62,1898.93,1895.31,1895.57,4212.4745
2026-08-13 08:00:00+00:00,1895.57,1897.0,1888.38,1890.05,7584.8891
2026-08-13 09:00:00+00:00,1890.05,1890.59,1881.39,1889.78,5856.4852
2026-08-13 10:00:00+00:00,1889.78,1890.24,1882.08,1883.17,8965.8576
2026-08-13 11:00:00+00:00,1883.18,1883.72,1875.49,1880.39,7000.7025
2026-08-13 12:00:00+00:00,1880.4,1890.18,1879.17,1889.04,6735.8049
2026-08-13 13:00:00+00:00,1889.04,1895.71,1887.06,1890.39,11615.9175
2026-08-13 14:00:00+00:00,1890.39,1897.36,1888.64,1893.43,7248.0518
2026-08-13 15:00:00+00:00,1893.44,1896.04,1880.0,1880.01,7332.7645
2026-08-13 16:00:00+00:00,1880.01,1884.94,1863.67,1874.85,20788.5995
2026-08-13 17:00:00+00:00,1874.86,1881.01,1873.73,1876.98,5292.3609
2026-08-13 18:00:00+00:00,1876.98,1887.3,1876.63,1885.52,3857.1663
2026-08-13 19:00:00+00:00,1885.52,1892.73,1885.16,1887.41,6746.6604
2026-08-13 20:00:00+00:00,1887.41,1889.56,1885.32,1886.43,2575.2489
2026-08-13 21:00:00+00:00,1886.43,1889.47,1886.01,1888.76,1906.7376
2026-08-13 22:00:00+00:00,1888.77,1893.03,1888.6,1889.4,2636.376
2026-08-13 23:00:00+00:00,1889.41,1889.41,1884.6,1886.15,3185.2863
2026-08-14 00:00:00+00:00,1886.16,1889.49,1883.53,1889.4,3116.909
2026-08-14 01:00:00+00:00,1889.4,1890.23,1884.85,1889.41,3101.1848
2026-08-14 02:00:00+00:00,1889.41,1891.3,1886.05,1886.62,2797.742
2026-08-14 03:00:00+00:00,1886.63,1889.07,1882.44,1883.0,2946.7122
2026-08-14 04:00:00+00:00,1883.0,1887.87,1882.16,1884.77,2282.5247
2026-08-14 05:00:00+00:00,1884.78,1885.54,1880.55,1884.07,2570.6038
2026-08-14 06:00:00+00:00,1884.07,1884.08,1872.83,1872.85,6617.5957
2026-08-14 07:00:00+00:00,1872.86,1878.29,1872.28,1873.4,5655.4467
2026-08-14 08:00:00+00:00,1873.4,1878.71,1869.32,1878.71,7520.2378
2026-08-14 09:00:00+00:00,1878.72,1878.91,1871.34,1873.22,3960.7296
2026-08-14 10:00:00+00:00,1873.21,1878.43,1872.51,1876.19,5023.663
2026-08-14 11:00:00+00:00,1876.18,1881.19,1875.07,1878.2,3998.0616
2026-08-14 12:00:00+00:00,1878.2,1879.59,1873.0,1873.51,5265.5062
2026-08-14 13:00:00+00:00,1873.51,1873.94,1866.43,1869.97,9113.7904
2026-08-14 14:00:00+00:00,1869.98,1873.54,1864.28,1866.93,7118.7642
2026-08-14 15:00:00+00:00,1866.94,1884.71,1866.28,1881.56,9527.9298
2026-08-14 16:00:00+00:00,1881.56,1888.42,1879.32,1885.41,6301.7991
2026-08-14 17:00:00+00:00,1885.41,1887.66,1876.71,1878.57,4644.5413
2026-08-14 18:00:00+00:00,1878.57,1879.0,1873.7,1875.76,4800.9552
2026-08-14 19:00:00+00:00,1875.75,1881.96,1873.86,1880.89,3705.052
2026-08-14 20:00:00+00:00,1880.89,1881.9,1878.95,1880.42,1812.2798
2026-08-14 21:00:00+00:00,1880.42,1881.25,1877.35,1879.44,2133.2925
2026-08-14 22:00:00+00:00,1879.43,1881.16,1876.1,1879.77,2175.3415
2026-08-14 23:00:00+00:00,1879.77,1882.67,1878.74,1882.2,1933.1105
2026-08-15 00:00:00+00:00,1882.2,1883.48,1881.71,1882.41,1606.541
2026-08-15 01:00:00+00:00,1882.41,1884.69,1881.12,1884.0,1837.3712
2026-08-15 02:00:00+00:00,1884.0,1885.82,1883.99,1884.94,1694.9788
2026-08-15 03:00:00+00:00,1884.94,1886.59,1882.68,1882.68,2004.6713
2026-08-15 04:00:00+00:00,1882.69,1885.69,1882.69,1884.37,1352.4549
2026-08-15 05:00:00+00:00,1884.38,1885.36,1880.0,1880.66,1880.8764
2026-08-15 06:00:00+00:00,1880.67,1883.61,1880.02,1882.16,2440.6445
2026-08-15 07:00:00+00:00,1882.17,1882.59,1880.19,1880.4,1371.528
2026-08-15 08:00:00+00:00,1880.4,1881.69,1876.53,1877.05,3447.5778
2026-08-15 09:00:00+00:00,1877.04,1881.32,1876.01,1880.44,2238.4774
2026-08-15 10:00:00+00:00,1880.45,1881.39,1878.42,1881.01,1442.5592
2026-08-15 11:00:00+00:00,1881.0,1881.3,1879.24,1879.49,980.5767
2026-08-15 12:00:00+00:00,1879.49,1883.97,1878.19,1883.86,2231.1153
2026-08-15 13:00:00+00:00,1883.86,1884.93,1882.33,1883.86,3670.7843
2026-08-15 14:00:00+00:00,1883.85,1884.61,1881.47,1883.56,2116.7417
2026-08-15 15:00:00+00:00,1883.55,1885.83,1883.11,1884.91,2355.0637
2026-08-15 16:00:00+00:00,1884.92,1885.7,1883.92,1884.98,2801.7212
2026-08-15 17:00:00+00:00,1884.98,1886.58,1883.03,1884.49,3077.7651
2026-08-15 18:00:00+00:00,1884.49,1885.8,1882.59,1882.82,1235.8078
2026-08-15 19:00:00+00:00,1882.82,1884.97,1882.82,1884.55,1114.2486
2026-08-15 20:00:00+00:00,1884.55,1884.56,1882.8,1883.42,847.5523
2026-08-15 21:00:00+00:00,1883.41,1885.6,1883.41,1885.17,2194.4682
2026-08-15 22:00:00+00:00,1885.16,1885.8,1884.46,1884.84,1889.8622
2026-08-15 23:00:00+00:00,1884.84,1884.85,1881.98,1882.64,2363.7033
2026-08-16 00:00:00+00:00,1882.64,1883.33,1881.67,1882.57,1935.0343
2026-08-16 01:00:00+00:00,1882.57,1882.57,1877.01,1880.54,2701.766
2026-08-16 02:00:00+00:00,1880.54,1885.0,1879.09,1883.71,2554.0022
2026-08-16 03:00:00+00:00,1883.71,1884.28,1883.03,1883.3,1706.061
2026-08-16 04:00:00+00:00,1883.31,1884.56,1880.6,1881.7,1293.6813
2026-08-16 05:00:00+00:00,1881.7,1881.92,1879.16,1879.81,2045.0583
2026-08-16 06:00:00+00:00,1879.82,1881.59,1879.0,1880.58,1889.9123
2026-08-16 07:00:00+00:00,1880.58,1881.65,1879.91,1881.54,1099.7008
2026-08-16 08:00:00+00:00,1881.54,1881.56,1880.48,1880.94,1229.3845
2026-08-16 09:00:00+00:00,1880.94,1882.52,1879.27,1880.43,3170.625
2026-08-16 10:00:00+00:00,1880.42,1881.17,1879.62,1880.79,2045.3728
2026-08-16 11:00:00+00:00,1880.8,1881.08,1880.16,1880.94,1272.2043
2026-08-16 12:00:00+00:00,1880.94,1880.95,1879.32,1879.83,1107.625
2026-08-16 13:00:00+00:00,1879.82,1881.97,1879.82,1881.96,1623.8462
2026-08-16 14:00:00+00:00,1881.96,1884.49,1881.96,1883.5,2932.8428
2026-08-16 15:00:00+00:00,1883.51,1885.0,1882.33,1884.06,3467.9127
2026-08-16 16:00:00+00:00,1884.06,1892.31,1884.06,1889.58,7235.1296
2026-08-16 17:00:00+00:00,1889.59,1891.03,1883.81,1885.17,2517.0516
2026-08-16 18:00:00+00:00,1885.18,1886.41,1882.63,1885.49,2646.9734
2026-08-16 19:00:00+00:00,1885.49,1888.75,1884.48,1885.83,2513.2318
2026-08-16 20:00:00+00:00,1885.83,1887.58,1881.59,1882.0,2666.995
2026-08-16 21:00:00+00:00,1881.99,1882.92,1869.17,1875.56,8003.7077
2026-08-16 22:00:00+00:00,1875.55,1878.26,1869.26,1876.05,7937.8392
2026-08-16 23:00:00+00:00,1876.05,1877.48,1873.54,1876.0,2978.4653
2026-08-17 00:00:00+00:00,1876.01,1880.19,1872.46,1878.93,4630.5428
2026-08-17 01:00:00+00:00,1878.92,1897.29,1878.21,1891.65,16219.9416
2026-08-17 02:00:00+00:00,1891.66,1908.62,1888.72,1902.36,13096.9551
2026-08-17 03:00:00+00:00,1902.35,1905.0,1898.06,1900.92,8249.9272
2026-08-17 04:00:00+00:00,1900.93,1904.73,1900.93,1903.34,4623.4904
2026-08-17 05:00:00+00:00,1903.33,1904.0,1898.25,1899.65,4151.2619
2026-08-17 06:00:00+00:00,1899.66,1912.6,1897.13,1907.05,12834.5966
2026-08-17 07:00:00+00:00,1907.06,1907.93,1900.77,1900.93,8547.8379
2026-08-17 08:00:00+00:00,1900.93,1901.72,1891.57,1894.43,8015.9606
2026-08-17 09:00:00+00:00,1894.44,1897.4,1893.15,1894.02,3286.3375
2026-08-17 10:00:00+00:00,1894.02,1909.49,1892.16,1907.16,7049.5237
2026-08-17 11:00:00+00:00,1907.15,1908.55,1904.09,1904.46,4836.4582
2026-08-17 12:00:00+00:00,1904.46,1906.71,1896.46,1899.22,6347.6216
2026-08-17 13:00:00+00:00,1899.22,1909.11,1896.28,1904.92,10174.4195
2026-08-17 14:00:00+00:00,1904.92,1911.51,1898.37,1909.61,7986.3391
2026-08-17 15:00:00+00:00,1909.61,1915.5,1904.54,1913.22,15263.4571
2026-08-17 16:00:00+00:00,1913.22,1913.85,1905.37,1907.22,5506.4539
2026-08-17 17:00:00+00:00,1907.21,1914.19,1904.59,1908.91,8926.7678
2026-08-17 18:00:00+00:00,1908.9,1912.91,1907.33,1910.01,5594.8243
2026-08-17 19:00:00+00:00,1910.0,1910.92,1906.69,1907.25,3725.4807
2026-08-17 20:00:00+00:00,1907.24,1910.77,1905.0,1906.73,4484.5194
2026-08-17 21:00:00+00:00,1906.73,1908.82,1905.91,1906.35,2958.0005
2026-08-17 22:00:00+00:00,1906.35,1908.03,1903.59,1904.55,2080.0292
2026-08-17 23:00:00+00:00,1904.56,1918.71,1904.01,1913.6,7136.5405
2026-08-18 00:00:00+00:00,1913.59,1914.38,1908.62,1910.11,3608.7213
2026-08-18 01:00:00+00:00,1910.12,1910.33,1899.78,1901.54,5386.4683
2026-08-18 02:00:00+00:00,1901.53,1903.6,1889.28,1893.19,9341.1567
2026-08-18 03:00:00+00:00,1893.19,1895.49,1885.78,1894.69,9433.1464
2026-08-18 04:00:00+00:00,1894.68,1897.7,1891.53,1896.66,4012.2189
2026-08-18 05:00:00+00:00,1896.66,1898.95,1892.75,1895.63,4550.5462
2026-08-18 06:00:00+00:00,1895.62,1906.94,1893.64,1902.83,5111.9241
2026-08-18 07:00:00+00:00,1902.84,1903.27,1897.07,1898.84,5879.0561
2026-08-18 08:00:00+00:00,1898.83,1901.83,1893.8,1900.3,5695.0774
2026-08-18 09:00:00+00:00,1900.31,1900.31,1895.58,1896.93,5741.5425
2026-08-18 10:00:00+00:00,1896.93,1899.56,1895.21,1898.02,3128.3749
2026-08-18 11:00:00+00:00,1898.01,1905.65,1897.65,1903.11,4314.4873
2026-08-18 12:00:00+00:00,1903.12,1904.07,1899.11,1899.48,2694.0778
2026-08-18 13:00:00+00:00,1899.48,1900.0,1894.0,1897.84,6293.1075
2026-08-18 14:00:00+00:00,1897.84,1923.27,1897.31,1911.02,20033.8048
2026-08-18 15:00:00+00:00,1911.03,1919.93,1908.44,1917.7,13621.8722
2026-08-18 16:00:00+00:00,1917.71,1922.3,1912.78,1918.47,8057.2402
2026-08-18 17:00:00+00:00,1918.47,1918.62,1911.34,1911.38,5681.2003
2026-08-18 18:00:00+00:00,1911.38,1917.54,1910.81,1916.6,3514.3837
2026-08-18 19:00:00+00:00,1916.6,1917.58,1913.14,1913.28,3384.347
2026-08-18 20:00:00+00:00,1913.28,1915.71,1911.81,1913.02,3700.2419
2026-08-18 21:00:00+00:00,1913.01,1915.01,1910.87,1912.22,2957.6132
2026-08-18 22:00:00+00:00,1912.21,1915.35,1911.81,1913.42,4692.0608
2026-08-18 23:00:00+00:00,1913.42,1920.1,1912.97,1917.85,3604.2389
2026-08-19 00:00:00+00:00,1917.85,1919.15,1912.14,1913.62,5165.0239
2026-08-19 01:00:00+00:00,1913.62,1918.08,1912.28,1913.68,5909.3462
2026-08-19 02:00:00+00:00,1913.68,1913.88,1907.43,1907.7,5680.322
2026-08-19 03:00:00+00:00,1907.71,1915.57,1906.19,1912.15,5541.7325
2026-08-19 04:00:00+00:00,1912.15,1914.56,1910.17,1910.85,4283.9768
2026-08-19 05:00:00+00:00,1910.84,1914.14,1909.97,1910.27,4086.5257
2026-08-19 06:00:00+00:00,1910.28,1917.64,1906.0,1917.63,7204.8531
2026-08-19 07:00:00+00:00,1917.64,1921.32,1915.4,1916.01,9094.6623
2026-08-19 08:00:00+00:00,1916.01,1929.94,1915.32,1921.52,10356.4357
2026-08-19 09:00:00+00:00,1921.52,1923.85,1918.2,1919.3,4615.0676
2026-08-19 10:00:00+00:00,1919.3,1920.24,1917.31,1920.22,3402.4216
2026-08-19 11:00:00+00:00,1920.23,1926.43,1919.92,1923.06,5476.6675
2026-08-19 12:00:00+00:00,1923.06,1943.21,1922.05,1937.21,21644.7332
2026-08-19 13:00:00+00:00,1937.21,1941.65,1928.1,1932.9,25567.2983
2026-08-19 14:00:00+00:00,1932.91,1980.0,1932.79,1970.6,58501.4613
2026-08-19 15:00:00+00:00,1970.61,2115.0,1967.4,2085.83,195088.9753
2026-08-19 16:00:00+00:00,2085.83,2108.0,2082.24,2089.55,63550.9869
2026-08-19 17:00:00+00:00,2089.55,2093.11,2067.43,2091.02,34540.4651
2026-08-19 18:00:00+00:00,2091.03,2092.6,2079.04,2091.93,17971.8691
2026-08-19 19:00:00+00:00,2091.92,2105.4,2088.92,2102.02,25325.6006
2026-08-19 20:00:00+00:00,2102.02,2241.56,2102.02,2218.12,78138.944
2026-08-19 21:00:00+00:00,2218.13,2333.65,2215.88,2286.0,138575.5398
2026-08-19 22:00:00+00:00,2286.0,2290.0,2241.27,2249.99,49292.8432
2026-08-19 23:00:00+00:00,2250.0,2261.7,2243.36,2252.8,20537.593
2026-08-20 00:00:00+00:00,2252.81,2274.25,2251.93,2262.24,33553.5396
2026-08-20 01:00:00+00:00,2262.24,2270.94,2250.0,2266.66,22246.9746
2026-08-20 02:00:00+00:00,2266.66,2270.68,2250.0,2251.89,13211.38
2026-08-20 03:00:00+00:00,2251.88,2257.58,2221.54,2251.21,39137.1272
2026-08-20 04:00:00+00:00,2251.21,2258.39,2248.46,2250.28,13799.7223
2026-08-20 05:00:00+00:00,2250.27,2256.99,2243.86,2248.36,13843.9273
2026-08-20 06:00:00+00:00,2248.36,2267.3,2238.97,2262.76,25308.2298
2026-08-20 07:00:00+00:00,2262.77,2264.77,2244.1,2251.81,21215.33
2026-08-20 08:00:00+00:00,2251.81,2287.26,2249.19,2282.25,39913.3403
2026-08-20 09:00:00+00:00,2282.26,2298.39,2275.23,2278.56,33799.6848
2026-08-20 10:00:00+00:00,2278.56,2295.87,2275.54,2287.0,28676.9797
2026-08-20 11:00:00+00:00,2286.99,2320.0,2282.31,2296.58,46096.0654
2026-08-20 12:00:00+00:00,2296.59,2300.97,2268.0,2290.23,30637.9729
2026-08-20 13:00:00+00:00,2290.23,2298.19,2255.68,2276.91,30967.0693
2026-08-20 14:00:00+00:00,2276.92,2289.33,2271.48,2281.24,20629.5566
2026-08-20 15:00:00+00:00,2281.24,2337.89,2281.24,2326.41,57003.4211
2026-08-20 16:00:00+00:00,2326.4,2360.0,2314.44,2344.48,53188.0747
2026-08-20 17:00:00+00:00,2344.48,2351.28,2332.44,2344.26,26437.3155
2026-08-20 18:00:00+00:00,2344.25,2348.11,2310.44,2316.38,32689.169
2026-08-20 19:00:00+00:00,2316.37,2332.6,2312.14,2323.77,27281.6566
2026-08-20 20:00:00+00:00,2323.78,2331.5,2313.81,2318.58,8625.8899
2026-08-20 21:00:00+00:00,2318.58,2325.6,2313.32,2318.81,9548.3999
2026-08-20 22:00:00+00:00,2318.81,2319.45,2306.67,2314.42,10626.9634
2026-08-20 23:00:00+00:00,2314.42,2340.0,2313.1,2326.82,10182.9329
2026-08-21 00:00:00+00:00,2326.83,2351.15,2324.99,2340.82,18927.206
2026-08-21 01:00:00+00:00,2340.82,2380.82,2338.0,2359.37,39451.2176
2026-08-21 02:00:00+00:00,2359.37,2365.0,2340.0,2345.75,22518.6061
2026-08-21 03:00:00+00:00,2345.75,2354.5,2337.23,2341.04,14892.49
2026-08-21 04:00:00+00:00,2341.05,2356.0,2341.05,2354.42,9675.3592
2026-08-21 05:00:00+00:00,2354.43,2368.76,2349.67,2368.42,12323.7356
2026-08-21 06:00:00+00:00,2368.42,2384.17,2355.15,2372.47,22273.2734
2026-08-21 07:00:00+00:00,2372.48,2398.71,2362.66,2371.66,47035.8081
2026-08-21 08:00:00+00:00,2371.67,2447.98,2370.24,2444.2,66934.0221
2026-08-21 09:00:00+00:00,2444.2,2446.23,2376.32,2404.0,53795.2561
2026-08-21 10:00:00+00:00,2404.0,2411.84,2390.64,2395.33,18901.7003
2026-08-21 11:00:00+00:00,2395.32,2399.18,2357.18,2370.47,34215.0426
2026-08-21 12:00:00+00:00,2370.48,2397.5,2365.44,2388.62,28507.693
2026-08-21 13:00:00+00:00,2388.62,2406.41,2368.08,2387.65,32241.944
2026-08-21 14:00:00+00:00,2387.65,2397.45,2369.41,2393.67,26809.8804
2026-08-21 15:00:00+00:00,2393.67,2408.55,2389.02,2393.65,30899.6074
2026-08-21 16:00:00+00:00,2393.64,2413.14,2384.0,2405.97,28678.8616
2026-08-21 17:00:00+00:00,2405.97,2428.0,2402.1,2423.61,33958.3607
2026-08-21 18:00:00+00:00,2423.61,2432.35,2395.89,2420.71,23152.9566
2026-08-21 19:00:00+00:00,2420.72,2420.92,2407.56,2413.55,13795.6133
2026-08-21 20:00:00+00:00,2413.54,2447.85,2408.86,2441.05,20040.8536
2026-08-21 21:00:00+00:00,2441.05,2520.86,2434.71,2513.27,59703.6427
2026-08-21 22:00:00+00:00,2513.26,2546.78,2506.88,2521.89,52973.0082
2026-08-21 23:00:00+00:00,2521.89,2546.42,2510.0,2516.3,28956.776
2026-08-22 00:00:00+00:00,2516.31,2522.99,2491.11,2522.44,29540.6853
2026-08-22 01:00:00+00:00,2522.44,2528.58,2506.97,2506.99,22310.0778
2026-08-22 02:00:00+00:00,2506.99,2523.24,2495.65,2516.02,18116.772
2026-08-22 03:00:00+00:00,2516.02,2526.68,2512.64,2515.06,16403.6638
2026-08-22 04:00:00+00:00,2515.06,2529.99,2506.05,2514.43,25451.858
2026-08-22 05:00:00+00:00,2514.43,2518.31,2385.0,2439.95,108215.8466
2026-08-22 06:00:00+00:00,2439.95,2443.68,2412.18,2437.78,30636.7189
2026-08-22 07:00:00+00:00,2437.79,2447.6,2426.8,2433.31,17298.4565
2026-08-22 08:00:00+00:00,2433.32,2441.1,2412.16,2425.74,22459.0625
2026-08-22 09:00:00+00:00,2425.74,2429.41,2412.84,2421.93,16266.7493
2026-08-22 10:00:00+00:00,2421.93,2423.11,2389.45,2412.73,30317.9714
2026-08-22 11:00:00+00:00,2412.73,2426.73,2405.4,2423.93,11672.8817
2026-08-22 12:00:00+00:00,2423.92,2437.76,2419.1,2428.12,17244.5059
2026-08-22 13:00:00+00:00,2428.11,2433.25,2421.71,2430.09,11143.2098
2026-08-22 14:00:00+00:00,2430.09,2431.48,2409.36,2413.94,13780.1865
2026-08-22 15:00:00+00:00,2413.93,2416.71,2405.62,2410.9,10807.762
2026-08-22 16:00:00+00:00,2410.89,2429.94,2409.0,2422.63,10604.9177
2026-08-22 17:00:00+00:00,2422.64,2431.55,2417.27,2426.32,7313.1612
2026-08-22 18:00:00+00:00,2426.33,2434.49,2421.76,2427.13,7729.1319
2026-08-22 19:00:00+00:00,2427.13,2444.71,2423.98,2439.41,12157.2231
2026-08-22 20:00:00+00:00,2439.41,2443.72,2429.38,2431.84,8411.9987
2026-08-22 21:00:00+00:00,2431.83,2431.95,2403.47,2407.54,16541.7909
2026-08-22 22:00:00+00:00,2407.54,2425.14,2404.35,2414.16,12624.8863
2026-08-22 23:00:00+00:00,2414.17,2427.9,2410.82,2422.6,8115.3723
2026-08-23 00:00:00+00:00,2422.6,2435.53,2419.67,2430.96,11123.6302
2026-08-23 01:00:00+00:00,2430.96,2433.34,2420.35,2423.25,9677.4155
2026-08-23 02:00:00+00:00,2423.26,2424.49,2408.0,2416.95,7146.1295
2026-08-23 03:00:00+00:00,2416.96,2419.05,2408.4,2413.98,6317.9261
2026-08-23 04:00:00+00:00,2413.98,2417.02,2372.17,2378.66,25712.0791
2026-08-23 05:00:00+00:00,2378.67,2387.0,2355.71,2372.99,23835.6749
2026-08-23 06:00:00+00:00,2372.99,2396.67,2369.29,2389.99,17180.9368
2026-08-23 07:00:00+00:00,2389.99,2397.2,2386.84,2389.02,10125.9847
2026-08-23 08:00:00+00:00,2389.01,2426.03,2386.96,2412.46,20707.6452
2026-08-23 09:00:00+00:00,2412.45,2416.17,2404.51,2411.2,9335.204
2026-08-23 10:00:00+00:00,2411.2,2420.89,2410.84,2415.15,7057.3777
2026-08-23 11:00:00+00:00,2415.15,2438.31,2414.82,2433.68,15055.74
2026-08-23 12:00:00+00:00,2433.67,2433.68,2419.15,2427.05,8695.2427
2026-08-23 13:00:00+00:00,2427.05,2484.06,2427.0,2459.75,39983.2596
2026-08-23 14:00:00+00:00,2459.75,2469.3,2389.85,2438.95,41707.3803
2026-08-23 15:00:00+00:00,2438.95,2452.86,2421.87,2438.62,17475.7349
2026-08-23 16:00:00+00:00,2438.61,2459.22,2438.61,2450.56,9809.6928
2026-08-23 17:00:00+00:00,2450.56,2454.3,2432.81,2440.12,13407.0069
2026-08-23 18:00:00+00:00,2440.11,2449.27,2434.83,2448.68,7986.6951
2026-08-23 19:00:00+00:00,2448.68,2454.16,2437.44,2444.96,7346.7878
2026-08-23 20:00:00+00:00,2444.95,2450.72,2436.41,2450.48,7723.0749
2026-08-23 21:00:00+00:00,2450.48,2484.62,2450.47,2469.97,28824.6969
2026-08-23 22:00:00+00:00,2469.96,2474.53,2451.89,2455.05,15176.641
2026-08-23 23:00:00+00:00,2455.04,2471.02,2441.78,2463.41,17435.2456
2026-08-24 00:00:00+00:00,2463.42,2465.9,2442.35,2465.11,13925.7145
2026-08-24 01:00:00+00:00,2465.11,2466.98,2427.27,2429.4,17203.9894
2026-08-24 02:00:00+00:00,2429.4,2451.77,2424.73,2443.78,12332.7591
2026-08-24 03:00:00+00:00,2443.78,2445.62,2426.49,2430.64,10842.0748
2026-08-24 04:00:00+00:00,2430.65,2446.42,2428.11,2438.08,14103.8472
2026-08-24 05:00:00+00:00,2438.07,2459.82,2433.98,2448.92,17209.1607
2026-08-24 06:00:00+00:00,2448.92,2463.74,2444.22,2456.5,11124.9086
2026-08-24 07:00:00+00:00,2456.5,2474.09,2452.28,2454.64,17306.7407
2026-08-24 08:00:00+00:00,2454.67,2459.33,2436.41,2454.84,20193.2494
2026-08-24 09:00:00+00:00,2454.84,2465.1,2453.75,2463.08,13094.3532
2026-08-24 10:00:00+00:00,2463.07,2490.89,2461.73,2465.2,22322.7876
2026-08-24 11:00:00+00:00,2465.2,2509.0,2454.4,2494.18,29409.1072
2026-08-24 12:00:00+00:00,2494.18,2518.54,2474.5,2512.54,32212.2265
2026-08-24 13:00:00+00:00,2512.54,2519.88,2476.31,2493.83,37059.5454
2026-08-24 14:00:00+00:00,2493.83,2532.12,2491.61,2516.16,45278.8299
2026-08-24 15:00:00+00:00,2516.16,2532.95,2479.38,2487.99,38855.3412
2026-08-24 16:00:00+00:00,2487.99,2506.0,2469.02,2478.43,28194.0355
2026-08-24 17:00:00+00:00,2478.43,2484.29,2455.0,2468.97,26300.4336
2026-08-24 18:00:00+00:00,2468.97,2483.78,2467.19,2473.84,16616.8982
2026-08-24 19:00:00+00:00,2473.85,2477.69,2461.87,2471.4,16010.6571
2026-08-24 20:00:00+00:00,2471.48,2479.21,2465.46,2475.16,6569.184
2026-08-24 21:00:00+00:00,2475.16,2489.67,2475.16,2483.56,6943.7893
2026-08-24 22:00:00+00:00,2483.56,2485.38,2472.5,2474.26,6995.5242
2026-08-24 23:00:00+00:00,2474.27,2487.24,2470.7,2482.31,7330.0295
2026-08-25 00:00:00+00:00,2482.31,2504.74,2472.18,2493.61,15833.5968
2026-08-25 01:00:00+00:00,2493.61,2504.62,2484.88,2495.99,14009.329
2026-08-25 02:00:00+00:00,2495.99,2532.5,2492.31,2507.69,32395.6703
2026-08-25 03:00:00+00:00,2507.7,2514.55,2488.99,2499.29,14206.6754
2026-08-25 04:00:00+00:00,2499.3,2504.09,2488.96,2494.99,11684.8604
2026-08-25 05:00:00+00:00,2494.99,2511.82,2493.77,2508.73,10311.6664
2026-08-25 06:00:00+00:00,2508.73,2515.43,2496.04,2500.88,7866.6959
2026-08-25 07:00:00+00:00,2500.89,2513.0,2464.41,2478.94,21618.6395
2026-08-25 08:00:00+00:00,2478.94,2498.0,2475.0,2484.82,13617.6337
2026-08-25 09:00:00+00:00,2484.82,2492.0,2462.81,2474.67,14565.1871
2026-08-25 10:00:00+00:00,2474.67,2485.83,2469.87,2481.82,8631.7367
2026-08-25 11:00:00+00:00,2481.82,2486.16,2474.76,2477.91,7247.1887
2026-08-25 12:00:00+00:00,2477.9,2481.37,2458.01,2473.5,16993.8847
2026-08-25 13:00:00+00:00,2473.51,2477.08,2440.0,2460.73,27594.5647
2026-08-25 14:00:00+00:00,2460.73,2484.0,2454.33,2476.91,19279.4426
2026-08-25 15:00:00+00:00,2476.92,2483.85,2466.14,2482.88,13271.3533
2026-08-25 16:00:00+00:00,2482.89,2485.6,2467.1,2470.68,9753.9446
2026-08-25 17:00:00+00:00,2470.68,2471.47,2455.93,2471.03,13080.7242
2026-08-25 18:00:00+00:00,2471.04,2474.8,2464.23,2467.44,8754.387
2026-08-25 19:00:00+00:00,2467.44,2470.13,2455.54,2463.42,11226.2254
2026-08-25 20:00:00+00:00,2463.42,2464.24,2433.62,2436.44,16335.3831
2026-08-25 21:00:00+00:00,2436.44,2443.9,2414.64,2441.79,20143.916
2026-08-25 22:00:00+00:00,2441.8,2455.78,2441.8,2453.84,6387.4583
2026-08-25 23:00:00+00:00,2453.85,2456.51,2437.07,2442.64,6578.7972
2026-08-26 00:00:00+00:00,2442.65,2450.51,2435.81,2446.24,8066.5223
2026-08-26 01:00:00+00:00,2446.24,2462.32,2445.0,2455.99,6541.8205
2026-08-26 02:00:00+00:00,2455.98,2469.82,2454.05,2465.21,4986.1029
2026-08-26 03:00:00+00:00,2465.21,2468.0,2458.66,2465.57,4758.0286
2026-08-26 04:00:00+00:00,2465.56,2472.86,2455.68,2456.9,7464.6422
2026-08-26 05:00:00+00:00,2456.89,2468.0,2451.49,2464.92,5957.0733
2026-08-26 06:00:00+00:00,2464.91,2467.47,2453.59,2460.13,6025.7466
2026-08-26 07:00:00+00:00,2460.14,2468.66,2457.22,2461.78,9351.9319
2026-08-26 08:00:00+00:00,2461.78,2470.0,2453.66,2456.29,11249.8754
2026-08-26 09:00:00+00:00,2456.29,2461.0,2442.76,2447.87,9405.8872
2026-08-26 10:00:00+00:00,2447.86,2475.61,2444.69,2468.96,11974.6254
2026-08-26 11:00:00+00:00,2468.97,2473.25,2456.32,2463.09,6721.3461
2026-08-26 12:00:00+00:00,2463.09,2472.05,2443.76,2455.01,12480.7434
2026-08-26 13:00:00+00:00,2455.01,2462.76,2437.11,2457.3,17671.007
2026-08-26 14:00:00+00:00,2457.3,2462.14,2438.41,2439.38,12836.8844
2026-08-26 15:00:00+00:00,2439.38,2455.38,2432.32,2449.85,16157.0715
2026-08-26 16:00:00+00:00,2449.85,2455.36,2438.1,2444.64,8549.4407
2026-08-26 17:00:00+00:00,2444.65,2467.03,2443.8,2460.84,10313.2664
2026-08-26 18:00:00+00:00,2460.84,2474.34,2458.85,2472.69,8857.6172
2026-08-26 19:00:00+00:00,2472.69,2483.52,2468.0,2470.79,13772.9042
2026-08-26 20:00:00+00:00,2470.79,2474.49,2460.29,2472.27,10682.7156
2026-08-26 21:00:00+00:00,2472.27,2505.0,2470.56,2496.82,20590.6791
2026-08-26 22:00:00+00:00,2496.82,2515.38,2489.49,2493.73,13587.5517
2026-08-26 23:00:00+00:00,2493.72,2512.69,2488.33,2506.78,12579.7871
2026-08-27 00:00:00+00:00,2506.78,2510.64,2492.0,2492.01,10038.4023
2026-08-27 01:00:00+00:00,2492.0,2506.15,2487.03,2497.87,10271.3186
2026-08-27 02:00:00+00:00,2497.87,2504.95,2493.12,2494.73,4827.1326
2026-08-27 03:00:00+00:00,2494.73,2499.03,2489.2,2492.89,7708.3983
2026-08-27 04:00:00+00:00,2492.89,2495.75,2484.24,2487.38,6271.1001
2026-08-27 05:00:00+00:00,2487.39,2497.94,2481.74,2496.63,6463.0769
2026-08-27 06:00:00+00:00,2496.63,2496.63,2484.2,2493.11,4673.3062
2026-08-27 07:00:00+00:00,2493.11,2499.0,2488.86,2497.16,6268.2625
2026-08-27 08:00:00+00:00,2497.17,2546.84,2497.05,2531.05,40310.6579
2026-08-27 09:00:00+00:00,2531.05,2566.53,2525.45,2534.94,31437.4402
2026-08-27 10:00:00+00:00,2534.94,2539.98,2486.97,2503.6,29729.6134
2026-08-27 11:00:00+00:00,2503.6,2510.18,2492.56,2501.73,11345.0037
2026-08-27 12:00:00+00:00,2501.74,2507.55,2492.28,2494.9,11338.2583
2026-08-27 13:00:00+00:00,2494.9,2506.86,2482.54,2496.68,16255.4612
2026-08-27 14:00:00+00:00,2496.69,2523.46,2489.04,2517.44,24755.0865
2026-08-27 15:00:00+00:00,2517.44,2531.84,2513.62,2521.68,21621.0344
2026-08-27 16:00:00+00:00,2521.68,2533.24,2516.32,2522.31,13299.2104
2026-08-27 17:00:00+00:00,2522.31,2533.78,2515.36,2518.07,14916.3393
2026-08-27 18:00:00+00:00,2518.07,2518.21,2488.74,2506.69,24003.7481
2026-08-27 19:00:00+00:00,2506.69,2514.34,2497.51,2498.21,15462.8443
2026-08-27 20:00:00+00:00,2498.22,2507.91,2495.06,2507.83,5372.936
2026-08-27 21:00:00+00:00,2507.84,2508.79,2499.22,2504.12,5887.8717
2026-08-27 22:00:00+00:00,2504.12,2516.98,2504.12,2515.15,9923.0584
2026-08-27 23:00:00+00:00,2515.16,2516.81,2509.05,2510.94,4734.4987
2026-08-28 00:00:00+00:00,2510.94,2519.91,2506.02,2515.61,6319.2257
2026-08-28 01:00:00+00:00,2515.61,2535.05,2507.83,2512.44,14664.416
2026-08-28 02:00:00+00:00,2512.44,2512.44,2486.09,2492.26,14721.0814
2026-08-28 03:00:00+00:00,2492.26,2495.6,2486.24,2489.92,5660.3707
2026-08-28 04:00:00+00:00,2489.91,2496.17,2477.49,2486.18,8312.1118
2026-08-28 05:00:00+00:00,2486.18,2497.44,2482.23,2493.32,6358.9477
2026-08-28 06:00:00+00:00,2493.32,2505.37,2493.31,2503.0,7173.6332
2026-08-28 07:00:00+00:00,2503.01,2503.42,2494.1,2496.48,9300.5858
2026-08-28 08:00:00+00:00,2496.47,2503.66,2486.52,2488.05,10339.3477
2026-08-28 09:00:00+00:00,2488.05,2493.24,2483.4,2489.58,8732.645
2026-08-28 10:00:00+00:00,2489.57,2509.08,2482.17,2506.56,8473.1451
2026-08-28 11:00:00+00:00,2506.57,2511.51,2502.43,2505.1,7415.1881
2026-08-28 12:00:00+00:00,2505.1,2508.41,2495.29,2499.11,4979.1026
2026-08-28 13:00:00+00:00,2499.1,2518.26,2495.22,2509.17,18227.1282
2026-08-28 14:00:00+00:00,2509.17,2526.64,2468.0,2513.0,49210.4249
2026-08-28 15:00:00+00:00,2513.0,2519.25,2470.0,2471.89,33015.8405
2026-08-28 16:00:00+00:00,2471.89,2473.95,2405.97,2442.29,77040.49
2026-08-28 17:00:00+00:00,2442.3,2448.22,2437.43,2443.79,13245.1975
2026-08-28 18:00:00+00:00,2443.79,2445.02,2418.08,2428.68,20796.9807
2026-08-28 19:00:00+00:00,2428.67,2443.1,2428.62,2435.69,11643.3318
2026-08-28 20:00:00+00:00,2435.68,2436.12,2424.03,2427.61,5722.7458
2026-08-28 21:00:00+00:00,2427.61,2432.14,2422.36,2424.9,4722.7755
2026-08-28 22:00:00+00:00,2424.91,2445.0,2422.68,2442.01,9336.5578
2026-08-28 23:00:00+00:00,2442.01,2442.83,2436.47,2442.8,5671.1937
2026-08-29 00:00:00+00:00,2442.79,2448.05,2441.02,2442.47,5333.4464
2026-08-29 01:00:00+00:00,2442.47,2445.92,2439.18,2443.78,3843.4627
2026-08-29 02:00:00+00:00,2443.77,2444.95,2435.59,2438.73,3903.7061
2026-08-29 03:00:00+00:00,2438.72,2441.62,2434.56,2435.23,3828.7446
2026-08-29 04:00:00+00:00,2435.24,2441.13,2434.65,2440.45,3175.398
2026-08-29 05:00:00+00:00,2440.45,2442.03,2437.98,2438.62,3972.5746
2026-08-29 06:00:00+00:00,2438.62,2439.05,2430.45,2435.16,3603.2884
2026-08-29 07:00:00+00:00,2435.17,2438.0,2434.16,2436.41,3357.706
2026-08-29 08:00:00+00:00,2436.4,2436.4,2431.2,2434.15,3803.1816
2026-08-29 09:00:00+00:00,2434.14,2437.29,2433.65,2435.44,3585.173
2026-08-29 10:00:00+00:00,2435.43,2438.41,2431.43,2434.72,2840.5679
2026-08-29 11:00:00+00:00,2434.71,2438.5,2433.63,2435.87,2291.7896
2026-08-29 12:00:00+00:00,2435.88,2438.96,2433.14,2434.33,2306.1732
2026-08-29 13:00:00+00:00,2434.33,2436.51,2432.42,2435.63,5762.1485
2026-08-29 14:00:00+00:00,2435.63,2452.64,2435.05,2448.58,7417.4232
2026-08-29 15:00:00+00:00,2448.59,2449.35,2441.03,2444.76,4594.7812
2026-08-29 16:00:00+00:00,2444.75,2457.77,2444.52,2450.98,8805.9659
2026-08-29 17:00:00+00:00,2450.99,2455.44,2445.57,2450.74,8009.9475
2026-08-29 18:00:00+00:00,2450.74,2455.83,2445.6,2452.45,8539.113
2026-08-29 19:00:00+00:00,2452.45,2458.9,2451.7,2453.51,3897.5449
2026-08-29 20:00:00+00:00,2453.51,2458.24,2451.7,2452.82,2521.0013
2026-08-29 21:00:00+00:00,2452.82,2454.09,2449.08,2451.47,2265.0166
2026-08-29 22:00:00+00:00,2451.47,2453.25,2449.37,2452.64,1863.8534
2026-08-29 23:00:00+00:00,2452.63,2459.76,2452.63,2457.67,4001.9179
2026-08-30 00:00:00+00:00,2457.67,2467.93,2454.53,2458.95,5489.2364
2026-08-30 01:00:00+00:00,2458.94,2460.62,2453.08,2456.37,4329.9676
2026-08-30 02:00:00+00:00,2456.37,2458.99,2453.6,2454.97,3370.9771
2026-08-30 03:00:00+00:00,2454.97,2460.72,2454.17,2457.15,3413.0578
2026-08-30 04:00:00+00:00,2457.14,2458.75,2451.55,2455.87,6970.6771
2026-08-30 05:00:00+00:00,2455.86,2460.0,2455.11,2456.36,3102.5747
2026-08-30 06:00:00+00:00,2456.35,2461.52,2455.01,2461.07,3315.4443
2026-08-30 07:00:00+00:00,2461.07,2461.29,2455.0,2455.28,3413.3024
2026-08-30 08:00:00+00:00,2455.28,2459.9,2454.72,2456.86,2614.3275
2026-08-30 09:00:00+00:00,2456.87,2458.24,2451.79,2453.54,3814.7488
2026-08-30 10:00:00+00:00,2453.54,2459.8,2452.5,2459.68,3869.6043
2026-08-30 11:00:00+00:00,2459.68,2461.81,2456.51,2460.41,4487.7731
2026-08-30 12:00:00+00:00,2460.42,2473.3,2458.73,2469.47,13608.0752
2026-08-30 13:00:00+00:00,2469.47,2478.44,2460.87,2475.59,9825.3635
2026-08-30 14:00:00+00:00,2475.58,2479.71,2470.91,2477.12,11082.9787
2026-08-30 15:00:00+00:00,2477.13,2484.0,2471.86,2481.11,9469.9076
2026-08-30 16:00:00+00:00,2481.11,2534.98,2479.28,2529.28,40675.3274
2026-08-30 17:00:00+00:00,2529.27,2529.27,2494.36,2505.73,17579.3243
2026-08-30 18:00:00+00:00,2505.73,2517.54,2496.59,2510.64,8012.3212
2026-08-30 19:00:00+00:00,2510.64,2513.33,2496.25,2503.83,5231.1648
2026-08-30 20:00:00+00:00,2503.82,2508.6,2485.28,2490.81,9747.1558
2026-08-30 21:00:00+00:00,2490.82,2490.82,2460.18,2481.56,17580.4918
2026-08-30 22:00:00+00:00,2481.57,2488.77,2460.4,2470.63,11884.6268
2026-08-30 23:00:00+00:00,2470.62,2470.62,2387.28,2416.88,65409.5221
2026-08-31 00:00:00+00:00,2416.89,2441.9,2406.53,2428.25,21801.4593
2026-08-31 01:00:00+00:00,2428.24,2430.75,2409.49,2412.95,17449.6471
2026-08-31 02:00:00+00:00,2412.95,2425.31,2401.35,2407.9,9595.3566
2026-08-31 03:00:00+00:00,2407.91,2424.24,2405.03,2420.94,6133.5769
2026-08-31 04:00:00+00:00,2420.94,2421.29,2411.34,2417.68,8318.9572
2026-08-31 05:00:00+00:00,2417.67,2441.93,2414.1,2435.99,12360.5113
2026-08-31 06:00:00+00:00,2436.0,2444.83,2431.32,2438.66,9080.2755
2026-08-31 07:00:00+00:00,2438.66,2446.6,2436.17,2440.38,7598.4676
2026-08-31 08:00:00+00:00,2440.38,2449.69,2433.56,2446.14,10074.9945
2026-08-31 09:00:00+00:00,2446.15,2456.7,2443.03,2446.7,9353.1135
2026-08-31 10:00:00+00:00,2446.71,2456.9,2440.82,2455.63,12876.5817
2026-08-31 11:00:00+00:00,2455.64,2458.02,2444.02,2446.35,7395.4931
2026-08-31 12:00:00+00:00,2446.36,2464.27,2444.59,2451.55,13907.0494
2026-08-31 13:00:00+00:00,2451.55,2459.03,2437.05,2440.28,13172.5615
2026-08-31 14:00:00+00:00,2440.29,2475.0,2437.75,2467.56,24090.3456
2026-08-31 15:00:00+00:00,2467.57,2478.09,2458.28,2467.68,15473.6501
2026-08-31 16:00:00+00:00,2467.68,2477.24,2462.05,2469.2,11750.932
2026-08-31 17:00:00+00:00,2469.19,2477.37,2461.26,2475.42,9600.1435
2026-08-31 18:00:00+00:00,2475.41,2489.89,2468.98,2477.8,12840.7312
2026-08-31 19:00:00+00:00,2477.81,2489.95,2477.4,2481.84,12500.2288
2026-08-31 20:00:00+00:00,2481.84,2487.0,2470.06,2472.62,5780.9663
2026-08-31 21:00:00+00:00,2472.63,2483.51,2467.64,2478.27,6285.542
2026-08-31 22:00:00+00:00,2478.27,2480.91,2467.72,2469.45,3865.5252
2026-08-31 23:00:00+00:00,2469.45,2469.45,2462.0,2467.65,3915.7446
2026-09-01 00:00:00+00:00,2467.64,2477.55,2465.42,2471.61,6555.7578
2026-09-01 01:00:00+00:00,2471.62,2476.22,2458.18,2462.86,7182.2715
2026-09-01 02:00:00+00:00,2462.85,2465.34,2454.66,2465.08,7215.5597
2026-09-01 03:00:00+00:00,2465.09,2482.8,2463.3,2472.21,8543.4613
2026-09-01 04:00:00+00:00,2472.21,2478.2,2468.72,2470.02,5922.7902
2026-09-01 05:00:00+00:00,2470.02,2485.5,2468.73,2484.54,8773.2436
2026-09-01 06:00:00+00:00,2484.54,2484.55,2471.61,2471.61,6115.1352
2026-09-01 07:00:00+00:00,2471.61,2477.22,2466.57,2472.72,6434.0688
2026-09-01 08:00:00+00:00,2472.72,2473.62,2444.92,2448.17,21078.0254
2026-09-01 09:00:00+00:00,2448.18,2455.0,2443.44,2452.44,8281.8056
2026-09-01 10:00:00+00:00,2452.44,2463.55,2448.35,2456.97,9715.0517
2026-09-01 11:00:00+00:00,2456.97,2464.73,2452.77,2459.18,6384.3509
2026-09-01 12:00:00+00:00,2459.18,2459.32,2438.43,2446.61,12105.9852
2026-09-01 13:00:00+00:00,2446.62,2450.0,2426.58,2444.41,20969.2723
2026-09-01 14:00:00+00:00,2444.42,2457.64,2442.05,2449.29,16110.3873
2026-09-01 15:00:00+00:00,2449.3,2454.68,2435.0,2448.97,11376.7945
2026-09-01 16:00:00+00:00,2448.97,2449.6,2420.01,2432.83,15662.7999
2026-09-01 17:00:00+00:00,2432.83,2439.53,2416.85,2418.18,12086.2016
2026-09-01 18:00:00+00:00,2418.18,2421.98,2383.34,2412.83,36005.5501
2026-09-01 19:00:00+00:00,2412.83,2424.89,2412.24,2419.18,11583.273
2026-09-01 20:00:00+00:00,2419.19,2423.12,2413.07,2421.32,6994.2204
2026-09-01 21:00:00+00:00,2421.33,2423.39,2400.42,2415.46,11459.8559
2026-09-01 22:00:00+00:00,2415.46,2418.7,2405.85,2413.18,12277.7378
2026-09-01 23:00:00+00:00,2413.17,2427.15,2411.0,2418.57,7754.0827
2026-09-02 00:00:00+00:00,2418.58,2422.32,2405.87,2408.85,7274.2694
2026-09-02 01:00:00+00:00,2408.84,2415.0,2386.74,2399.32,14811.6916
2026-09-02 02:00:00+00:00,2399.32,2411.01,2395.0,2409.92,9401.4828
2026-09-02 03:00:00+00:00,2409.93,2424.3,2408.64,2414.42,12151.7278
2026-09-02 04:00:00+00:00,2414.42,2416.49,2405.44,2415.23,7359.4966
2026-09-02 05:00:00+00:00,2415.23,2425.0,2409.45,2422.53,6893.6865
2026-09-02 06:00:00+00:00,2422.53,2425.5,2414.98,2420.73,8489.7809
2026-09-02 07:00:00+00:00,2420.73,2429.0,2417.6,2417.9,6328.5646
2026-09-02 08:00:00+00:00,2417.9,2420.64,2390.09,2393.16,16675.4326
2026-09-02 09:00:00+00:00,2393.15,2400.0,2366.9,2376.61,28573.6103
2026-09-02 10:00:00+00:00,2376.62,2376.89,2356.41,2372.76,18785.4313
2026-09-02 11:00:00+00:00,2372.73,2382.28,2367.52,2381.88,16350.494
2026-09-02 12:00:00+00:00,2381.87,2390.0,2377.21,2377.65,13001.5802
2026-09-02 13:00:00+00:00,2377.65,2419.72,2377.64,2402.99,26280.6169
2026-09-02 14:00:00+00:00,2403.0,2410.9,2393.15,2394.45,13599.7026
2026-09-02 15:00:00+00:00,2394.46,2399.09,2379.01,2390.98,17063.4731
2026-09-02 16:00:00+00:00,2390.98,2404.8,2384.81,2386.2,12579.0998
2026-09-02 17:00:00+00:00,2386.21,2394.3,2372.55,2393.77,11843.1228
2026-09-02 18:00:00+00:00,2393.77,2399.91,2390.39,2394.93,7984.9934
2026-09-02 19:00:00+00:00,2394.92,2396.67,2383.14,2392.99,6876.8741
2026-09-02 20:00:00+00:00,2393.0,2399.74,2386.08,2393.56,7723.3638
2026-09-02 21:00:00+00:00,2393.56,2395.09,2389.38,2390.15,4092.8953
2026-09-02 22:00:00+00:00,2390.14,2390.15,2378.64,2379.81,6113.3481
2026-09-02 23:00:00+00:00,2379.81,2393.63,2377.77,2391.92,5354.9078
2026-09-03 00:00:00+00:00,2391.91,2395.41,2379.26,2379.84,6844.055
2026-09-03 01:00:00+00:00,2379.82,2394.61,2370.14,2386.81,10881.7295
2026-09-03 02:00:00+00:00,2386.8,2409.73,2382.53,2406.08,10233.8414
2026-09-03 03:00:00+00:00,2406.09,2410.94,2399.78,2403.3,7732.3578
2026-09-03 04:00:00+00:00,2403.29,2408.31,2396.94,2408.31,6243.5054
2026-09-03 05:00:00+00:00,2408.3,2410.0,2379.41,2404.81,11195.7719
2026-09-03 06:00:00+00:00,2404.82,2410.24,2400.37,2408.6,9065.6667
2026-09-03 07:00:00+00:00,2408.6,2419.33,2395.85,2398.68,14022.8773
2026-09-03 08:00:00+00:00,2398.68,2413.04,2398.67,2403.69,10453.2385
2026-09-03 09:00:00+00:00,2403.69,2407.64,2393.57,2393.58,8785.3227
2026-09-03 10:00:00+00:00,2393.57,2398.86,2390.0,2396.83,8074.5748
2026-09-03 11:00:00+00:00,2396.83,2411.35,2395.71,2407.2,9413.2046
2026-09-03 12:00:00+00:00,2407.2,2427.0,2405.09,2423.27,18391.3684
2026-09-03 13:00:00+00:00,2423.27,2436.21,2415.87,2430.17,21659.4411
2026-09-03 14:00:00+00:00,2430.17,2489.9,2425.71,2489.46,47006.2579
2026-09-03 15:00:00+00:00,2489.46,2517.17,2479.2,2516.58,42850.9652
2026-09-03 16:00:00+00:00,2516.58,2519.0,2488.38,2494.09,22057.2758
2026-09-03 17:00:00+00:00,2494.1,2506.0,2492.08,2500.49,10361.0627
2026-09-03 18:00:00+00:00,2500.49,2514.45,2498.37,2512.8,11556.1404
2026-09-03 19:00:00+00:00,2512.8,2529.84,2507.19,2518.18,22665.2886
2026-09-03 20:00:00+00:00,2518.18,2518.3,2502.37,2505.13,10814.7169
2026-09-03 21:00:00+00:00,2505.13,2526.19,2500.62,2511.19,14072.202
2026-09-03 22:00:00+00:00,2511.19,2512.57,2490.13,2496.54,9755.5402
2026-09-03 23:00:00+00:00,2496.54,2509.16,2495.5,2507.51,7010.8961
2026-09-04 00:00:00+00:00,2507.5,2515.76,2500.86,2501.48,10804.5221
2026-09-04 01:00:00+00:00,2501.48,2509.91,2497.26,2506.79,7309.6194
2026-09-04 02:00:00+00:00,2506.79,2507.74,2497.05,2507.74,7193.0964
2026-09-04 03:00:00+00:00,2507.74,2517.2,2505.13,2505.14,10488.2307
2026-09-04 04:00:00+00:00,2505.14,2525.0,2502.55,2509.4,13547.6521
2026-09-04 05:00:00+00:00,2509.41,2516.56,2504.52,2509.25,9901.2486
2026-09-04 06:00:00+00:00,2509.25,2519.08,2500.19,2508.19,10042.2299
2026-09-04 07:00:00+00:00,2508.19,2516.5,2503.86,2504.39,17960.4854
2026-09-04 08:00:00+00:00,2504.39,2534.47,2503.4,2527.15,24642.6367
2026-09-04 09:00:00+00:00,2527.16,2546.66,2519.5,2521.33,30131.7703
2026-09-04 10:00:00+00:00,2521.33,2528.51,2514.67,2526.52,12721.4511
2026-09-04 11:00:00+00:00,2526.52,2527.89,2520.43,2523.02,12251.9788
2026-09-04 12:00:00+00:00,2523.03,2532.21,2434.69,2451.24,103506.029
2026-09-04 13:00:00+00:00,2451.25,2463.86,2435.38,2452.27,33469.9511
2026-09-04 14:00:00+00:00,2452.26,2458.49,2431.61,2440.18,28405.8194
2026-09-04 15:00:00+00:00,2440.19,2458.76,2437.95,2451.98,12183.0817
2026-09-04 16:00:00+00:00,2451.98,2464.49,2450.1,2460.23,13654.4238
2026-09-04 17:00:00+00:00,2460.24,2460.81,2443.04,2445.36,16166.0912
2026-09-04 18:00:00+00:00,2445.35,2452.13,2444.66,2450.74,8866.9695
2026-09-04 19:00:00+00:00,2450.75,2457.75,2450.75,2455.84,10256.5399
2026-09-04 20:00:00+00:00,2455.85,2458.91,2450.8,2451.18,5300.3329
2026-09-04 21:00:00+00:00,2451.19,2456.84,2449.81,2451.8,6556.019
2026-09-04 22:00:00+00:00,2451.79,2454.57,2450.56,2451.31,3811.2075
2026-09-04 23:00:00+00:00,2451.32,2456.02,2450.0,2455.85,3096.3722
2026-09-05 00:00:00+00:00,2455.86,2456.58,2451.69,2452.14,3295.1922
2026-09-05 01:00:00+00:00,2452.15,2456.21,2451.51,2451.95,3684.7716
2026-09-05 02:00:00+00:00,2451.95,2453.17,2450.12,2453.17,2935.0736
2026-09-05 03:00:00+00:00,2453.17,2456.0,2451.09,2452.49,3389.7982
2026-09-05 04:00:00+00:00,2452.5,2453.0,2447.9,2448.95,5211.9413
2026-09-05 05:00:00+00:00,2448.95,2452.17,2444.47,2450.93,4838.6087
2026-09-05 06:00:00+00:00,2450.93,2454.71,2450.44,2453.4,3346.6174
2026-09-05 07:00:00+00:00,2453.41,2459.33,2452.94,2457.53,5021.8398
2026-09-05 08:00:00+00:00,2457.53,2457.6,2453.15,2456.84,5045.6368
2026-09-05 09:00:00+00:00,2456.85,2460.28,2456.83,2458.55,4246.8761
2026-09-05 10:00:00+00:00,2458.54,2458.55,2454.05,2454.15,4628.7032
2026-09-05 11:00:00+00:00,2454.15,2456.17,2453.0,2453.67,3148.2566
2026-09-05 12:00:00+00:00,2453.67,2461.69,2453.0,2458.94,6213.55
2026-09-05 13:00:00+00:00,2458.93,2462.0,2450.0,2454.15,7806.9039
2026-09-05 14:00:00+00:00,2454.15,2459.79,2453.93,2457.26,5733.3255
2026-09-05 15:00:00+00:00,2457.26,2460.12,2455.86,2460.0,5274.3836
2026-09-05 16:00:00+00:00,2459.99,2474.44,2458.89,2471.15,14615.2594
2026-09-05 17:00:00+00:00,2471.15,2485.34,2471.05,2481.01,10609.8259
2026-09-05 18:00:00+00:00,2481.01,2482.17,2475.59,2480.5,5263.8724
2026-09-05 19:00:00+00:00,2480.5,2482.65,2472.86,2477.57,5098.0072
2026-09-05 20:00:00+00:00,2477.57,2483.64,2475.0,2477.5,6379.9543
2026-09-05 21:00:00+00:00,2477.5,2493.57,2476.77,2489.12,5254.8057
2026-09-05 22:00:00+00:00,2489.13,2491.05,2478.9,2480.98,5254.4396
2026-09-05 23:00:00+00:00,2480.98,2483.66,2477.6,2480.34,3798.9191
2026-09-06 00:00:00+00:00,2480.33,2492.6,2479.27,2490.2,6312.725
2026-09-06 01:00:00+00:00,2490.21,2508.05,2489.3,2505.57,18052.1331
2026-09-06 02:00:00+00:00,2505.58,2511.2,2499.93,2503.38,13731.4794
2026-09-06 03:00:00+00:00,2503.38,2514.55,2500.35,2509.68,6283.7399
2026-09-06 04:00:00+00:00,2509.68,2510.52,2498.49,2504.44,6052.301
2026-09-06 05:00:00+00:00,2504.45,2523.97,2501.19,2513.5,12354.9383
2026-09-06 06:00:00+00:00,2513.52,2513.53,2503.3,2505.81,6546.9227
2026-09-06 07:00:00+00:00,2505.82,2507.98,2482.6,2496.79,13202.2096
2026-09-06 08:00:00+00:00,2496.8,2499.99,2491.95,2495.67,3982.366
2026-09-06 09:00:00+00:00,2495.66,2503.68,2493.88,2499.13,6705.0948
2026-09-06 10:00:00+00:00,2499.12,2502.6,2497.73,2501.7,4781.604
2026-09-06 11:00:00+00:00,2501.7,2504.25,2499.54,2501.93,4726.6657
2026-09-06 12:00:00+00:00,2501.94,2504.99,2497.52,2500.47,4819.1622
2026-09-06 13:00:00+00:00,2500.48,2500.94,2486.76,2494.85,7424.1827
2026-09-06 14:00:00+00:00,2494.84,2495.02,2460.92,2478.4,23430.2712
2026-09-06 15:00:00+00:00,2478.4,2482.74,2470.12,2479.79,8155.8788
2026-09-06 16:00:00+00:00,2479.78,2487.54,2475.26,2484.57,5831.7135
2026-09-06 17:00:00+00:00,2484.57,2494.68,2480.45,2491.25,6966.9309
2026-09-06 18:00:00+00:00,2491.25,2500.0,2491.25,2494.15,7061.5264
2026-09-06 19:00:00+00:00,2494.15,2494.42,2488.88,2490.42,7349.0752
2026-09-06 20:00:00+00:00,2490.42,2500.0,2488.55,2499.44,8435.5074
2026-09-06 21:00:00+00:00,2499.43,2515.69,2499.36,2508.09,10414.4886
2026-09-06 22:00:00+00:00,2508.08,2510.89,2488.8,2508.32,12177.0217
2026-09-06 23:00:00+00:00,2508.33,2526.2,2506.79,2514.48,12892.1462
2026-09-07 00:00:00+00:00,2514.48,2522.52,2509.38,2513.17,8399.6048
2026-09-07 01:00:00+00:00,2513.17,2516.34,2499.36,2503.87,11036.6179
2026-09-07 02:00:00+00:00,2503.87,2536.64,2498.56,2511.77,17172.5062
2026-09-07 03:00:00+00:00,2511.76,2516.23,2496.72,2497.43,12570.1104
2026-09-07 04:00:00+00:00,2497.43,2499.89,2492.39,2498.33,10256.4757
2026-09-07 05:00:00+00:00,2498.33,2514.03,2497.25,2504.8,11248.4805
2026-09-07 06:00:00+00:00,2504.81,2510.0,2497.69,2497.74,7795.5507
2026-09-07 07:00:00+00:00,2497.75,2502.0,2475.12,2489.35,22000.8597
2026-09-07 08:00:00+00:00,2489.34,2494.0,2488.85,2491.56,8887.7926
2026-09-07 09:00:00+00:00,2491.56,2497.46,2484.42,2484.76,9354.9067
2026-09-07 10:00:00+00:00,2484.76,2492.64,2484.76,2489.01,9291.1203
2026-09-07 11:00:00+00:00,2489.01,2493.62,2486.42,2489.15,8585.6358
2026-09-07 12:00:00+00:00,2489.16,2507.6,2488.5,2505.48,11240.7024
2026-09-07 13:00:00+00:00,2505.48,2511.4,2495.7,2498.86,9727.2203
2026-09-07 14:00:00+00:00,2498.87,2499.75,2476.4,2490.29,16693.8001
2026-09-07 15:00:00+00:00,2490.29,2490.29,2466.0,2470.43,19585.8585
2026-09-07 16:00:00+00:00,2470.44,2483.03,2470.3,2482.8,9548.433
2026-09-07 17:00:00+00:00,2482.81,2499.4,2482.23,2495.42,10696.2133
2026-09-07 18:00:00+00:00,2495.42,2497.31,2487.31,2491.79,5656.6396
2026-09-07 19:00:00+00:00,2491.79,2497.74,2489.2,2495.98,7987.0792
2026-09-07 20:00:00+00:00,2495.98,2497.3,2487.1,2494.76,10885.0718
2026-09-07 21:00:00+00:00,2494.76,2496.69,2490.3,2491.09,5497.8201
2026-09-07 22:00:00+00:00,2491.1,2492.13,2475.31,2483.06,7447.757
2026-09-07 23:00:00+00:00,2483.06,2493.91,2482.25,2490.16,4881.9264
2026-09-08 00:00:00+00:00,2490.16,2495.72,2483.45,2495.71,6506.1821
2026-09-08 01:00:00+00:00,2495.71,2505.46,2493.48,2504.31,8067.833
2026-09-08 02:00:00+00:00,2504.32,2507.99,2484.71,2484.72,7696.8175
2026-09-08 03:00:00+00:00,2484.72,2488.34,2478.0,2486.04,8947.1542
2026-09-08 04:00:00+00:00,2486.05,2486.33,2478.91,2478.99,5979.1886
2026-09-08 05:00:00+00:00,2478.99,2484.58,2472.5,2473.38,11039.273
2026-09-08 06:00:00+00:00,2473.39,2477.22,2463.0,2468.53,15556.6809
2026-09-08 07:00:00+00:00,2468.52,2485.0,2467.99,2479.63,11789.0989
2026-09-08 08:00:00+00:00,2479.63,2483.53,2469.08,2477.58,7648.0375
2026-09-08 09:00:00+00:00,2477.58,2495.56,2475.86,2492.01,10072.557
2026-09-08 10:00:00+00:00,2492.0,2500.0,2481.24,2481.24,10805.3144
2026-09-08 11:00:00+00:00,2481.25,2482.56,2471.63,2474.76,9686.7639
2026-09-08 12:00:00+00:00,2474.75,2476.24,2468.26,2472.79,8155.6911
2026-09-08 13:00:00+00:00,2472.8,2475.73,2441.68,2459.27,27139.2177
2026-09-08 14:00:00+00:00,2459.26,2486.66,2456.84,2485.76,17471.536
2026-09-08 15:00:00+00:00,2485.76,2501.74,2479.94,2498.62,15436.7925
2026-09-08 16:00:00+00:00,2498.62,2505.0,2486.98,2496.54,11041.6377
2026-09-08 17:00:00+00:00,2496.54,2502.54,2487.89,2488.07,8882.7558
2026-09-08 18:00:00+00:00,2488.07,2507.54,2476.77,2486.94,15575.9569
2026-09-08 19:00:00+00:00,2486.94,2491.91,2476.57,2482.32,10333.5229
2026-09-08 20:00:00+00:00,2482.31,2491.67,2480.56,2483.09,5152.5378
2026-09-08 21:00:00+00:00,2483.09,2487.48,2478.79,2482.93,3479.2084
2026-09-08 22:00:00+00:00,2482.92,2490.0,2481.74,2489.01,4129.6801
2026-09-08 23:00:00+00:00,2489.0,2490.52,2482.65,2485.06,3828.6893
2026-09-09 00:00:00+00:00,2485.07,2497.34,2485.07,2496.28,4765.2229
2026-09-09 01:00:00+00:00,2496.27,2499.7,2489.43,2497.8,5054.3741
2026-09-09 02:00:00+00:00,2497.79,2500.0,2490.0,2493.74,5394.5322
2026-09-09 03:00:00+00:00,2493.73,2493.74,2486.88,2488.9,5934.8177
2026-09-09 04:00:00+00:00,2488.91,2513.87,2488.91,2509.65,18657.3122
2026-09-09 05:00:00+00:00,2509.65,2511.35,2491.35,2496.56,10153.9212
2026-09-09 06:00:00+00:00,2496.56,2505.59,2492.52,2501.25,6149.0664
2026-09-09 07:00:00+00:00,2501.25,2517.0,2500.1,2510.53,17419.7439
2026-09-09 08:00:00+00:00,2510.53,2523.3,2509.95,2519.73,16536.2801
2026-09-09 09:00:00+00:00,2519.72,2520.44,2490.43,2490.62,12570.3623
2026-09-09 10:00:00+00:00,2490.61,2494.39,2482.56,2487.4,15825.7948
2026-09-09 11:00:00+00:00,2487.4,2505.88,2482.5,2501.0,11346.6383
2026-09-09 12:00:00+00:00,2501.01,2512.91,2498.7,2511.61,15653.9518
2026-09-09 13:00:00+00:00,2511.61,2521.48,2499.75,2502.52,18763.9299
2026-09-09 14:00:00+00:00,2502.52,2514.32,2495.16,2499.39,15872.5159
2026-09-09 15:00:00+00:00,2499.4,2512.7,2470.57,2490.26,32608.2525
2026-09-09 16:00:00+00:00,2490.26,2499.4,2484.81,2495.88,8353.4579
2026-09-09 17:00:00+00:00,2495.88,2499.74,2488.5,2493.62,6693.054
2026-09-09 18:00:00+00:00,2493.61,2495.81,2481.42,2481.43,5562.1976
2026-09-09 19:00:00+00:00,2481.43,2484.96,2462.52,2465.49,16619.2294
2026-09-09 20:00:00+00:00,2465.49,2472.72,2453.97,2471.82,15648.7826
2026-09-09 21:00:00+00:00,2471.82,2472.38,2456.57,2461.89,7937.2148
2026-09-09 22:00:00+00:00,2461.89,2463.46,2442.44,2450.37,23215.5956
2026-09-09 23:00:00+00:00,2450.36,2469.0,2450.12,2468.13,5009.622
2026-09-10 00:00:00+00:00,2468.14,2471.43,2462.88,2465.01,6514.3394
2026-09-10 01:00:00+00:00,2465.0,2479.29,2455.17,2463.73,13251.1072
2026-09-10 02:00:00+00:00,2463.73,2476.11,2459.74,2474.86,3595.8078
2026-09-10 03:00:00+00:00,2474.86,2479.14,2471.77,2475.41,6711.8811
2026-09-10 04:00:00+00:00,2475.4,2481.0,2474.4,2478.68,4959.8063
2026-09-10 05:00:00+00:00,2478.68,2483.83,2473.95,2482.13,4667.2936
2026-09-10 06:00:00+00:00,2482.12,2484.76,2472.0,2480.3,5077.4954
2026-09-10 07:00:00+00:00,2480.31,2480.31,2464.11,2472.97,9348.9038
2026-09-10 08:00:00+00:00,2472.96,2474.98,2468.86,2471.24,5750.8195
2026-09-10 09:00:00+00:00,2471.25,2478.0,2464.86,2468.7,7574.5915
2026-09-10 10:00:00+00:00,2468.7,2472.0,2463.0,2464.21,8572.6373
2026-09-10 11:00:00+00:00,2464.2,2470.08,2458.23,2462.21,9028.2895
2026-09-10 12:00:00+00:00,2462.21,2466.75,2408.01,2414.84,51011.6897
2026-09-10 13:00:00+00:00,2414.84,2436.9,2405.85,2435.43,62531.2622
2026-09-10 14:00:00+00:00,2435.42,2444.84,2427.15,2444.1,35327.7552
2026-09-10 15:00:00+00:00,2444.11,2445.0,2432.88,2441.54,19099.7046
2026-09-10 16:00:00+00:00,2441.54,2450.81,2432.91,2448.78,20101.5211
2026-09-10 17:00:00+00:00,2448.79,2475.03,2447.1,2466.08,18850.9906
2026-09-10 18:00:00+00:00,2466.09,2469.17,2455.0,2468.49,14175.0667
2026-09-10 19:00:00+00:00,2468.49,2472.0,2460.36,2462.54,16308.3357
2026-09-10 20:00:00+00:00,2462.55,2469.12,2460.98,2461.79,6932.756
2026-09-10 21:00:00+00:00,2461.79,2463.13,2457.88,2460.27,3179.6245
2026-09-10 22:00:00+00:00,2460.27,2462.24,2443.81,2445.08,6453.4298
2026-09-10 23:00:00+00:00,2445.08,2448.41,2435.0,2438.27,8409.1038
2026-09-11 00:00:00+00:00,2438.27,2458.62,2437.73,2456.81,8760.1084
2026-09-11 01:00:00+00:00,2456.81,2460.29,2446.52,2454.41,9025.3634
2026-09-11 02:00:00+00:00,2454.41,2455.25,2444.61,2446.91,8589.8355
2026-09-11 03:00:00+00:00,2446.91,2448.57,2440.19,2447.27,11754.9563
2026-09-11 04:00:00+00:00,2447.27,2464.23,2446.24,2459.05,16609.0815
2026-09-11 05:00:00+00:00,2459.06,2468.85,2457.54,2468.84,9331.5939
2026-09-11 06:00:00+00:00,2468.84,2471.26,2463.55,2467.03,7313.8246
2026-09-11 07:00:00+00:00,2467.04,2473.52,2466.28,2467.52,11184.2736
2026-09-11 08:00:00+00:00,2467.53,2484.62,2463.58,2476.72,12967.8561
2026-09-11 09:00:00+00:00,2476.71,2477.68,2462.08,2469.52,7406.5065
2026-09-11 10:00:00+00:00,2469.52,2475.27,2462.14,2462.14,6789.8397
2026-09-11 11:00:00+00:00,2462.14,2462.19,2452.56,2458.27,9046.6584
2026-09-11 12:00:00+00:00,2458.27,2515.25,2433.77,2511.22,76396.9639
2026-09-11 13:00:00+00:00,2511.22,2647.91,2490.49,2629.62,137923.4637
2026-09-11 14:00:00+00:00,2629.63,2665.99,2592.92,2607.93,102444.116
2026-09-11 15:00:00+00:00,2607.94,2617.03,2544.03,2559.42,63621.5085
2026-09-11 16:00:00+00:00,2559.43,2583.86,2544.0,2577.78,39391.7369
2026-09-11 17:00:00+00:00,2577.78,2582.01,2563.08,2566.72,14653.9796
2026-09-11 18:00:00+00:00,2566.72,2568.37,2529.0,2537.3,28173.9165
2026-09-11 19:00:00+00:00,2537.31,2548.34,2532.94,2539.49,10961.4259
2026-09-11 20:00:00+00:00,2539.49,2547.95,2523.15,2530.85,14127.9277
2026-09-11 21:00:00+00:00,2530.85,2540.63,2513.46,2516.69,9114.3931
2026-09-11 22:00:00+00:00,2516.68,2523.74,2506.3,2511.79,15879.1512
2026-09-11 23:00:00+00:00,2511.79,2516.59,2509.24,2516.43,8133.4519
2026-09-12 00:00:00+00:00,2516.44,2517.74,2510.76,2510.77,6819.4654
2026-09-12 01:00:00+00:00,2510.76,2517.07,2509.4,2513.71,5139.3367
2026-09-12 02:00:00+00:00,2513.71,2515.9,2512.13,2514.54,4107.2748
2026-09-12 03:00:00+00:00,2514.53,2516.29,2509.57,2513.29,3694.8275
2026-09-12 04:00:00+00:00,2513.29,2515.13,2510.0,2512.65,3756.7569
2026-09-12 05:00:00+00:00,2512.65,2513.04,2508.64,2511.7,6928.8695
2026-09-12 06:00:00+00:00,2511.7,2522.68,2510.4,2519.63,9290.9188
2026-09-12 07:00:00+00:00,2519.63,2525.39,2519.62,2524.19,8481.662
2026-09-12 08:00:00+00:00,2524.19,2536.63,2523.24,2533.27,8596.0151
2026-09-12 09:00:00+00:00,2533.28,2537.02,2529.21,2530.91,8202.1806
2026-09-12 10:00:00+00:00,2530.91,2536.12,2530.91,2533.42,4214.6889
2026-09-12 11:00:00+00:00,2533.42,2537.67,2531.03,2536.17,3180.8675
2026-09-12 12:00:00+00:00,2536.17,2537.08,2532.01,2535.54,4655.1421
2026-09-12 13:00:00+00:00,2535.53,2546.01,2533.56,2544.58,12674.0917
2026-09-12 14:00:00+00:00,2544.57,2545.55,2539.03,2539.85,10405.7112
2026-09-12 15:00:00+00:00,2539.85,2542.39,2532.0,2535.08,9293.9619
2026-09-12 16:00:00+00:00,2535.09,2536.45,2530.05,2531.78,8858.0345
2026-09-12 17:00:00+00:00,2531.78,2534.58,2524.77,2525.91,8079.3253
2026-09-12 18:00:00+00:00,2525.9,2528.01,2520.66,2522.38,9674.0957
2026-09-12 19:00:00+00:00,2522.38,2523.07,2515.16,2519.63,7990.3178
2026-09-12 20:00:00+00:00,2519.62,2524.23,2519.62,2520.82,6233.9022
2026-09-12 21:00:00+00:00,2520.83,2529.2,2520.03,2524.0,3731.3585
2026-09-12 22:00:00+00:00,2524.0,2526.19,2520.6,2523.0,3764.1967
2026-09-12 23:00:00+00:00,2522.99,2527.33,2522.5,2525.93,2145.3245
2026-09-13 00:00:00+00:00,2525.92,2527.24,2523.35,2525.23,1882.2226
2026-09-13 01:00:00+00:00,2525.22,2527.56,2522.49,2525.95,3880.0797
2026-09-13 02:00:00+00:00,2525.95,2525.95,2521.0,2521.71,4506.743
2026-09-13 03:00:00+00:00,2521.72,2522.78,2519.08,2520.82,3449.699
2026-09-13 04:00:00+00:00,2520.81,2523.3,2519.2,2520.03,2874.7856
2026-09-13 05:00:00+00:00,2520.04,2524.05,2520.03,2522.52,4588.632
2026-09-13 06:00:00+00:00,2522.52,2522.84,2509.63,2513.19,5568.658
2026-09-13 07:00:00+00:00,2513.19,2520.44,2511.92,2517.94,4831.4845
2026-09-13 08:00:00+00:00,2517.94,2519.68,2487.82,2494.29,22752.4822
2026-09-13 09:00:00+00:00,2494.3,2497.34,2470.78,2485.18,15251.5567
2026-09-13 10:00:00+00:00,2485.18,2486.1,2468.04,2472.18,12403.6504
2026-09-13 11:00:00+00:00,2472.19,2482.14,2467.5,2481.05,12836.0067
2026-09-13 12:00:00+00:00,2481.06,2483.31,2475.0,2477.56,7226.9555
2026-09-13 13:00:00+00:00,2477.56,2483.48,2462.02,2479.08,12731.4861
2026-09-13 14:00:00+00:00,2479.08,2495.68,2478.78,2492.76,11186.4199
2026-09-13 15:00:00+00:00,2492.76,2492.85,2482.86,2491.1,12711.2703
2026-09-13 16:00:00+00:00,2491.1,2505.97,2490.8,2504.59,17908.0152
2026-09-13 17:00:00+00:00,2504.6,2513.06,2503.01,2504.89,12252.8696
2026-09-13 18:00:00+00:00,2504.89,2509.64,2504.37,2509.49,7656.8326
2026-09-13 19:00:00+00:00,2509.48,2515.36,2503.19,2506.02,10191.9282
2026-09-13 20:00:00+00:00,2506.03,2515.2,2506.03,2512.85,2791.5752
2026-09-13 21:00:00+00:00,2512.86,2516.58,2508.63,2508.96,3116.5087
2026-09-13 22:00:00+00:00,2508.95,2508.95,2472.46,2475.57,15599.0038
2026-09-13 23:00:00+00:00,2475.56,2481.8,2470.68,2477.1,8271.8028
2026-09-14 00:00:00+00:00,2477.1,2491.63,2464.71,2484.42,11797.132
2026-09-14 01:00:00+00:00,2484.41,2495.97,2473.7,2493.56,5615.9957
2026-09-14 02:00:00+00:00,2493.56,2513.57,2490.77,2511.42,12447.9087
2026-09-14 03:00:00+00:00,2511.42,2520.0,2506.69,2512.96,9712.9319
2026-09-14 04:00:00+00:00,2512.96,2518.25,2511.15,2514.97,6870.8477
2026-09-14 05:00:00+00:00,2514.98,2516.3,2509.94,2516.28,5219.4826
2026-09-14 06:00:00+00:00,2516.29,2527.12,2508.12,2514.72,15248.0345
2026-09-14 07:00:00+00:00,2514.73,2526.66,2511.5,2523.47,12486.2288
2026-09-14 08:00:00+00:00,2523.48,2532.91,2516.06,2518.64,19424.7351
2026-09-14 09:00:00+00:00,2518.65,2535.0,2511.24,2523.94,11832.2762
2026-09-14 10:00:00+00:00,2523.93,2525.45,2513.0,2513.17,6248.3239
2026-09-14 11:00:00+00:00,2513.18,2516.55,2505.86,2509.21,6925.0473
2026-09-14 12:00:00+00:00,2509.21,2518.71,2499.53,2505.67,12822.6832
2026-09-14 13:00:00+00:00,2505.68,2517.77,2487.84,2500.64,22367.3815
2026-09-14 14:00:00+00:00,2500.63,2518.0,2495.0,2501.74,25705.1399
2026-09-14 15:00:00+00:00,2501.75,2513.32,2496.49,2508.48,14284.4973
2026-09-14 16:00:00+00:00,2508.49,2537.69,2504.48,2529.05,18083.5717
2026-09-14 17:00:00+00:00,2529.04,2535.57,2522.84,2533.37,11446.4946
2026-09-14 18:00:00+00:00,2533.37,2544.66,2529.78,2538.86,24141.6665
2026-09-14 19:00:00+00:00,2538.86,2549.61,2534.56,2540.0,14011.7822
2026-09-14 20:00:00+00:00,2540.01,2615.0,2540.0,2570.64,47220.5925
2026-09-14 21:00:00+00:00,2570.64,2571.64,2537.98,2547.13,20924.5372
2026-09-14 22:00:00+00:00,2547.14,2556.53,2532.56,2533.27,10323.1487
2026-09-14 23:00:00+00:00,2533.27,2534.7,2513.45,2515.75,10251.9556
2026-09-15 00:00:00+00:00,2515.72,2517.46,2506.8,2515.93,11955.0141
2026-09-15 01:00:00+00:00,2515.93,2520.0,2508.19,2515.36,11749.6357
2026-09-15 02:00:00+00:00,2515.36,2519.92,2509.48,2512.57,6552.6444
2026-09-15 03:00:00+00:00,2512.58,2512.58,2496.0,2498.62,13858.8186
2026-09-15 04:00:00+00:00,2498.63,2500.56,2490.0,2490.72,11625.2287
2026-09-15 05:00:00+00:00,2490.71,2498.0,2479.2,2496.53,14518.9822
2026-09-15 06:00:00+00:00,2496.53,2501.02,2481.72,2486.05,14085.3476
2026-09-15 07:00:00+00:00,2486.06,2486.06,2471.0,2474.3,15695.478
2026-09-15 08:00:00+00:00,2474.29,2477.58,2465.6,2477.36,12572.331
2026-09-15 09:00:00+00:00,2477.37,2480.5,2473.2,2474.33,5861.634
2026-09-15 10:00:00+00:00,2474.34,2486.33,2472.0,2483.68,9287.6093
2026-09-15 11:00:00+00:00,2483.68,2488.18,2472.56,2476.41,7929.0839
2026-09-15 12:00:00+00:00,2476.41,2485.99,2475.02,2479.19,11176.7508
2026-09-15 13:00:00+00:00,2479.18,2486.45,2433.0,2454.04,42103.599
2026-09-15 14:00:00+00:00,2454.05,2458.0,2389.72,2408.39,50330.9911
2026-09-15 15:00:00+00:00,2408.38,2432.27,2398.0,2424.46,22902.8433
2026-09-15 16:00:00+00:00,2424.47,2425.85,2412.87,2422.34,11143.1108
2026-09-15 17:00:00+00:00,2422.34,2449.0,2413.01,2441.21,19208.1756
2026-09-15 18:00:00+00:00,2441.2,2446.88,2358.88,2403.14,78043.2442
2026-09-15 19:00:00+00:00,2403.14,2420.13,2398.0,2416.65,26279.876
2026-09-15 20:00:00+00:00,2416.66,2418.63,2395.65,2407.96,13352.1263
2026-09-15 21:00:00+00:00,2407.97,2407.97,2390.41,2390.83,10490.4767
2026-09-15 22:00:00+00:00,2390.83,2402.32,2381.78,2396.95,12787.8648
2026-09-15 23:00:00+00:00,2396.94,2412.75,2396.58,2398.26,9109.893
2026-09-16 00:00:00+00:00,2398.26,2406.0,2397.44,2399.15,5792.053
2026-09-16 01:00:00+00:00,2399.14,2407.59,2390.55,2391.0,7096.7056
2026-09-16 02:00:00+00:00,2391.0,2411.31,2388.21,2403.0,7862.2532
2026-09-16 03:00:00+00:00,2403.01,2411.53,2400.15,2401.96,6759.9141
2026-09-16 04:00:00+00:00,2401.96,2410.45,2401.96,2403.89,5893.2703
2026-09-16 05:00:00+00:00,2403.88,2407.42,2393.61,2407.37,6006.6483
2026-09-16 06:00:00+00:00,2407.37,2409.0,2393.78,2406.77,5148.7045
2026-09-16 07:00:00+00:00,2406.77,2411.25,2396.72,2396.96,12461.5974
2026-09-16 08:00:00+00:00,2396.96,2403.52,2382.7,2402.97,19731.1776
2026-09-16 09:00:00+00:00,2402.97,2407.05,2399.12,2405.93,6227.1651
2026-09-16 10:00:00+00:00,2405.93,2407.21,2398.53,2406.55,6063.9353
2026-09-16 11:00:00+00:00,2406.55,2430.0,2402.99,2422.61,13762.9134
2026-09-16 12:00:00+00:00,2422.6,2423.68,2402.99,2406.77,12388.9182
2026-09-16 13:00:00+00:00,2406.76,2406.77,2390.0,2394.01,13701.1189
2026-09-16 14:00:00+00:00,2394.01,2398.87,2378.78,2390.43,17295.218
2026-09-16 15:00:00+00:00,2390.43,2402.17,2384.0,2392.76,10794.45
2026-09-16 16:00:00+00:00,2392.76,2399.51,2387.07,2392.05,7038.5583
2026-09-16 17:00:00+00:00,2392.06,2396.69,2371.62,2390.77,16435.5645
2026-09-16 18:00:00+00:00,2390.77,2430.64,2369.11,2398.05,77411.6843
2026-09-16 19:00:00+00:00,2398.07,2418.99,2377.27,2408.6,25441.5034
2026-09-16 20:00:00+00:00,2408.58,2419.9,2404.75,2411.04,10187.2402
2026-09-16 21:00:00+00:00,2411.04,2413.55,2400.01,2404.94,6842.0961
2026-09-16 22:00:00+00:00,2404.94,2405.67,2388.55,2392.63,8657.144
2026-09-16 23:00:00+00:00,2392.61,2422.65,2390.01,2418.26,12896.3043
2026-09-17 00:00:00+00:00,2418.26,2427.85,2415.87,2418.9,7956.4253
2026-09-17 01:00:00+00:00,2418.91,2445.3,2413.56,2427.57,15391.2125
2026-09-17 02:00:00+00:00,2427.58,2433.07,2416.21,2429.07,7687.732
2026-09-17 03:00:00+00:00,2429.08,2439.08,2429.08,2436.06,8751.6234
2026-09-17 04:00:00+00:00,2436.07,2444.52,2425.03,2442.21,6792.8916
2026-09-17 05:00:00+00:00,2442.21,2446.66,2436.26,2437.2,6820.6155
2026-09-17 06:00:00+00:00,2437.21,2446.83,2435.92,2441.57,5558.8776
2026-09-17 07:00:00+00:00,2441.57,2454.4,2441.34,2444.37,12204.3954
2026-09-17 08:00:00+00:00,2444.37,2446.91,2437.63,2445.65,6354.1494
2026-09-17 09:00:00+00:00,2445.66,2449.55,2438.27,2438.95,6829.9325
2026-09-17 10:00:00+00:00,2438.95,2439.4,2430.66,2435.66,5426.3059
2026-09-17 11:00:00+00:00,2435.66,2443.3,2428.12,2442.61,6071.7982
2026-09-17 12:00:00+00:00,2442.6,2479.99,2439.32,2460.08,28480.2411
2026-09-17 13:00:00+00:00,2460.08,2464.96,2432.82,2462.51,16260.3807
2026-09-17 14:00:00+00:00,2462.51,2483.74,2450.76,2461.42,27184.2208
2026-09-17 15:00:00+00:00,2461.41,2478.12,2448.62,2470.27,16883.7617
2026-09-17 16:00:00+00:00,2470.27,2473.38,2454.8,2470.65,10097.4829
2026-09-17 17:00:00+00:00,2470.64,2477.0,2460.01,2462.85,10403.7281
2026-09-17 18:00:00+00:00,2462.85,2463.74,2450.02,2452.05,6878.8247
2026-09-17 19:00:00+00:00,2452.05,2455.45,2445.08,2448.95,6036.9162
2026-09-17 20:00:00+00:00,2448.96,2458.99,2447.55,2453.64,3355.9784
2026-09-17 21:00:00+00:00,2453.63,2456.0,2447.63,2447.63,3527.8185
2026-09-17 22:00:00+00:00,2447.63,2449.76,2436.41,2445.86,8409.4225
2026-09-17 23:00:00+00:00,2445.86,2450.94,2444.63,2447.28,4515.257
2026-09-18 00:00:00+00:00,2447.28,2448.55,2436.89,2448.34,5702.1925
2026-09-18 01:00:00+00:00,2448.34,2460.23,2445.8,2457.62,10697.0295
2026-09-18 02:00:00+00:00,2457.62,2467.08,2452.71,2462.87,7295.2385
2026-09-18 03:00:00+00:00,2462.87,2485.82,2461.78,2479.44,19694.9993
2026-09-18 04:00:00+00:00,2479.44,2483.11,2470.0,2482.56,14295.3378
2026-09-18 05:00:00+00:00,2482.55,2493.0,2477.18,2480.62,17005.3408
2026-09-18 06:00:00+00:00,2480.62,2489.34,2480.61,2487.53,10416.4365
2026-09-18 07:00:00+00:00,2487.53,2498.68,2485.81,2490.0,14474.3691
2026-09-18 08:00:00+00:00,2489.99,2507.11,2485.54,2505.4,17493.8586
2026-09-18 09:00:00+00:00,2505.4,2521.65,2501.66,2508.42,32417.4596
2026-09-18 10:00:00+00:00,2508.41,2521.1,2507.81,2513.79,11218.3519
2026-09-18 11:00:00+00:00,2513.79,2518.28,2499.76,2508.12,13469.6692
2026-09-18 12:00:00+00:00,2508.12,2511.22,2500.4,2502.24,11306.4803
2026-09-18 13:00:00+00:00,2502.23,2578.0,2494.37,2554.63,54741.4793
2026-09-18 14:00:00+00:00,2554.63,2586.28,2554.47,2582.57,56383.7424
2026-09-18 15:00:00+00:00,2582.57,2597.66,2565.59,2584.06,33129.1085
2026-09-18 16:00:00+00:00,2584.07,2610.0,2578.93,2597.25,36481.5097
2026-09-18 17:00:00+00:00,2597.26,2610.0,2585.26,2607.44,19339.7904
2026-09-18 18:00:00+00:00,2607.44,2626.36,2601.48,2613.15,30243.9327
2026-09-18 19:00:00+00:00,2613.16,2646.0,2611.96,2636.71,33033.6693
2026-09-18 20:00:00+00:00,2636.71,2640.0,2624.64,2631.95,14297.7616
2026-09-18 21:00:00+00:00,2631.95,2640.21,2624.83,2626.68,13997.5231
2026-09-18 22:00:00+00:00,2626.69,2634.71,2617.64,2620.03,18439.1116
2026-09-18 23:00:00+00:00,2620.04,2622.38,2608.23,2612.14,11738.6971
2026-09-19 00:00:00+00:00,2612.14,2626.99,2606.87,2626.78,13955.592
2026-09-19 01:00:00+00:00,2626.79,2627.0,2602.94,2612.79,13814.2159
2026-09-19 02:00:00+00:00,2612.79,2623.74,2612.0,2623.31,5463.8355
2026-09-19 03:00:00+00:00,2623.31,2632.3,2619.41,2620.18,4198.6476
2026-09-19 04:00:00+00:00,2620.17,2627.68,2612.21,2619.66,6158.2074
2026-09-19 05:00:00+00:00,2619.67,2633.33,2619.66,2628.93,6261.1269
2026-09-19 06:00:00+00:00,2628.93,2630.56,2620.48,2627.29,3837.199
2026-09-19 07:00:00+00:00,2627.3,2636.0,2623.46,2626.95,5876.9395
2026-09-19 08:00:00+00:00,2626.96,2662.85,2623.95,2645.23,22200.3901
2026-09-19 09:00:00+00:00,2645.23,2660.0,2632.32,2640.88,10719.1682
2026-09-19 10:00:00+00:00,2640.88,2646.12,2637.92,2638.34,4453.4408
2026-09-19 11:00:00+00:00,2638.34,2643.02,2636.47,2639.67,4453.2327
2026-09-19 12:00:00+00:00,2639.67,2643.99,2637.0,2641.91,4844.6426
2026-09-19 13:00:00+00:00,2641.91,2643.5,2629.16,2638.47,7745.3725
2026-09-19 14:00:00+00:00,2638.47,2644.13,2634.93,2639.02,6684.6028
2026-09-19 15:00:00+00:00,2639.01,2652.1,2637.5,2641.16,8634.3148
2026-09-19 16:00:00+00:00,2641.17,2651.66,2636.0,2650.0,6451.5387
2026-09-19 17:00:00+00:00,2650.01,2668.0,2642.24,2645.41,10716.1997
2026-09-19 18:00:00+00:00,2645.42,2647.46,2635.06,2638.9,7187.6765
2026-09-19 19:00:00+00:00,2638.89,2640.56,2632.0,2634.88,4910.2309
2026-09-19 20:00:00+00:00,2634.88,2640.54,2632.3,2635.96,5698.0557
2026-09-19 21:00:00+00:00,2635.97,2639.17,2617.75,2627.98,7714.4908
2026-09-19 22:00:00+00:00,2627.97,2631.88,2619.5,2630.83,5157.2062
2026-09-19 23:00:00+00:00,2630.84,2637.99,2629.61,2632.69,4318.9797
2026-09-20 00:00:00+00:00,2632.7,2632.97,2625.98,2627.37,3607.1637
2026-09-20 01:00:00+00:00,2627.36,2627.37,2613.04,2619.8,5560.3965
2026-09-20 02:00:00+00:00,2619.8,2624.04,2566.54,2574.23,21229.0752
2026-09-20 03:00:00+00:00,2574.24,2591.25,2564.33,2588.03,15305.7718
2026-09-20 04:00:00+00:00,2588.03,2588.59,2575.81,2579.79,12258.6881
2026-09-20 05:00:00+00:00,2579.79,2586.0,2573.91,2578.31,9920.3639
2026-09-20 06:00:00+00:00,2578.31,2586.01,2570.0,2574.4,9598.0358
2026-09-20 07:00:00+00:00,2574.4,2578.63,2571.55,2576.76,5902.8042
2026-09-20 08:00:00+00:00,2576.76,2584.1,2570.0,2575.19,7585.9288
2026-09-20 09:00:00+00:00,2575.19,2587.39,2575.0,2579.77,5407.5044
2026-09-20 10:00:00+00:00,2579.77,2581.49,2570.7,2571.21,6506.1085
2026-09-20 11:00:00+00:00,2571.21,2580.82,2567.52,2579.08,4645.9855
2026-09-20 12:00:00+00:00,2579.09,2583.01,2571.96,2580.32,5277.5764
2026-09-20 13:00:00+00:00,2580.32,2586.61,2576.59,2580.78,5244.9497
2026-09-20 14:00:00+00:00,2580.79,2588.92,2573.78,2585.61,8160.4914
2026-09-20 15:00:00+00:00,2585.61,2616.0,2585.61,2613.11,15452.7449
2026-09-20 16:00:00+00:00,2613.11,2648.21,2606.69,2639.91,17520.7734
2026-09-20 17:00:00+00:00,2639.9,2649.89,2618.81,2626.41,11750.1797
2026-09-20 18:00:00+00:00,2626.4,2640.15,2621.98,2626.46,6055.4034
2026-09-20 19:00:00+00:00,2626.47,2638.72,2625.73,2633.34,5381.5325
2026-09-20 20:00:00+00:00,2633.35,2643.0,2630.05,2634.5,7084.0613
2026-09-20 21:00:00+00:00,2634.5,2635.68,2608.31,2631.06,14028.1113
2026-09-20 22:00:00+00:00,2631.07,2647.2,2624.11,2639.64,9550.0296
2026-09-20 23:00:00+00:00,2639.63,2649.14,2632.23,2645.21,8367.3423
2026-09-21 00:00:00+00:00,2645.21,2707.7,2643.99,2689.19,54303.54
2026-09-21 01:00:00+00:00,2689.18,2701.0,2643.71,2649.46,24806.4815
2026-09-21 02:00:00+00:00,2649.46,2669.54,2644.04,2661.7,13180.5321
2026-09-21 03:00:00+00:00,2661.7,2673.8,2658.33,2665.95,6447.9917
2026-09-21 04:00:00+00:00,2665.95,2670.36,2653.43,2664.06,7368.9152
2026-09-21 05:00:00+00:00,2664.05,2675.91,2658.83,2665.41,8827.0553
2026-09-21 06:00:00+00:00,2665.41,2678.7,2654.39,2662.88,13562.0926
2026-09-21 07:00:00+00:00,2662.89,2665.7,2646.58,2661.66,9810.7956
2026-09-21 08:00:00+00:00,2661.66,2713.14,2660.91,2696.28,48475.6724
2026-09-21 09:00:00+00:00,2696.27,2749.98,2691.94,2720.77,64736.5508
2026-09-21 10:00:00+00:00,2720.78,2726.51,2707.97,2715.96,21574.2797
2026-09-21 11:00:00+00:00,2715.96,2730.36,2713.3,2725.38,25405.1089
2026-09-21 12:00:00+00:00,2725.38,2740.23,2718.66,2735.15,20722.292
2026-09-21 13:00:00+00:00,2735.15,2744.88,2718.74,2732.26,30103.3157
2026-09-21 14:00:00+00:00,2732.27,2757.57,2712.2,2736.67,35963.8526
2026-09-21 15:00:00+00:00,2736.66,2765.43,2728.32,2755.27,36216.3365
2026-09-21 16:00:00+00:00,2755.28,2769.11,2742.85,2754.65,25874.9158
2026-09-21 17:00:00+00:00,2754.65,2758.52,2735.17,2743.26,20139.5658
2026-09-21 18:00:00+00:00,2743.26,2758.21,2738.18,2758.2,16940.1653
2026-09-21 19:00:00+00:00,2758.21,2776.31,2754.99,2761.83,22874.9297
2026-09-21 20:00:00+00:00,2761.84,2807.34,2761.84,2784.45,32981.3029
2026-09-21 21:00:00+00:00,2784.44,2784.44,2763.56,2768.71,11976.5823
2026-09-21 22:00:00+00:00,2768.72,2783.97,2768.0,2779.21,11449.3123
2026-09-21 23:00:00+00:00,2779.21,2788.0,2766.66,2776.19,9348.3505
2026-09-22 00:00:00+00:00,2776.2,2777.55,2752.96,2754.49,13713.7297
2026-09-22 01:00:00+00:00,2754.49,2756.87,2736.75,2748.87,15535.6931
2026-09-22 02:00:00+00:00,2748.86,2750.0,2736.73,2740.0,9690.7103
2026-09-22 03:00:00+00:00,2740.01,2743.49,2726.1,2739.65,17325.371
2026-09-22 04:00:00+00:00,2739.64,2743.2,2726.24,2729.41,10025.861
2026-09-22 05:00:00+00:00,2729.42,2739.2,2715.91,2733.54,12613.3399
2026-09-22 06:00:00+00:00,2733.55,2736.62,2725.0,2730.73,7315.9701
2026-09-22 07:00:00+00:00,2730.72,2734.67,2722.53,2726.34,6817.957
2026-09-22 08:00:00+00:00,2726.35,2755.68,2721.57,2749.02,17834.3475
2026-09-22 09:00:00+00:00,2749.01,2754.34,2730.49,2750.77,12022.7477
2026-09-22 10:00:00+00:00,2750.77,2752.33,2735.87,2742.27,7588.9588
2026-09-22 11:00:00+00:00,2742.26,2748.15,2734.74,2742.6,5930.9665
2026-09-22 12:00:00+00:00,2742.59,2756.79,2736.35,2756.61,10763.4549
2026-09-22 13:00:00+00:00,2756.6,2764.0,2739.02,2759.19,19624.3201
2026-09-22 14:00:00+00:00,2759.2,2760.27,2716.02,2742.73,27521.7152
2026-09-22 15:00:00+00:00,2742.73,2755.85,2736.88,2743.91,10507.2965
2026-09-22 16:00:00+00:00,2743.9,2751.0,2729.56,2746.13,10526.9838
2026-09-22 17:00:00+00:00,2746.13,2759.31,2742.83,2753.9,15534.5215
2026-09-22 18:00:00+00:00,2753.91,2757.01,2742.91,2752.36,8710.8901
2026-09-22 19:00:00+00:00,2752.37,2763.86,2745.1,2751.74,13334.7394
2026-09-22 20:00:00+00:00,2751.75,2758.74,2747.67,2751.53,8518.9581
2026-09-22 21:00:00+00:00,2751.53,2754.49,2746.96,2747.31,8557.0318
2026-09-22 22:00:00+00:00,2747.31,2760.0,2734.96,2753.08,16814.3309
2026-09-22 23:00:00+00:00,2753.08,2774.41,2748.86,2753.63,16185.7807
2026-09-23 00:00:00+00:00,2753.63,2766.99,2749.0,2760.0,8193.7863
2026-09-23 01:00:00+00:00,2760.01,2775.0,2745.99,2754.19,10028.0111
2026-09-23 02:00:00+00:00,2754.18,2763.0,2746.09,2762.2,6558.9222
2026-09-23 03:00:00+00:00,2762.21,2784.4,2758.2,2774.01,13812.0898
2026-09-23 04:00:00+00:00,2774.02,2789.0,2767.8,2779.65,13038.1789
2026-09-23 05:00:00+00:00,2779.65,2780.21,2755.57,2757.8,12107.6502
2026-09-23 06:00:00+00:00,2757.8,2762.07,2751.96,2754.29,11103.7763
2026-09-23 07:00:00+00:00,2754.3,2754.3,2735.2,2742.92,13069.5411
2026-09-23 08:00:00+00:00,2742.92,2750.71,2726.75,2734.99,10936.624
2026-09-23 09:00:00+00:00,2735.0,2743.71,2731.29,2733.61,7585.2508
2026-09-23 10:00:00+00:00,2733.61,2738.81,2726.0,2738.33,8822.1874
2026-09-23 11:00:00+00:00,2738.33,2739.67,2717.0,2727.96,15035.6586
2026-09-23 12:00:00+00:00,2727.95,2730.45,2712.86,2722.2,15884.267
2026-09-23 13:00:00+00:00,2722.19,2723.95,2707.72,2716.1,19574.873
2026-09-23 14:00:00+00:00,2716.11,2723.57,2647.66,2676.36,74316.81
2026-09-23 15:00:00+00:00,2676.37,2685.0,2654.78,2656.21,17387.3546
2026-09-23 16:00:00+00:00,2656.2,2667.86,2635.39,2660.93,22843.6596
2026-09-23 17:00:00+00:00,2660.92,2670.64,2648.47,2668.03,9801.699
2026-09-23 18:00:00+00:00,2668.02,2672.51,2659.44,2669.05,7430.559
2026-09-23 19:00:00+00:00,2669.05,2680.62,2664.34,2678.97,11209.5535
2026-09-23 20:00:00+00:00,2678.97,2680.18,2669.19,2671.36,5540.1241
2026-09-23 21:00:00+00:00,2671.37,2679.42,2668.45,2677.42,4865.0862
2026-09-23 22:00:00+00:00,2677.43,2698.99,2676.38,2690.27,8753.3691
2026-09-23 23:00:00+00:00,2690.27,2690.66,2681.24,2684.71,3812.0916
2026-09-24 00:00:00+00:00,2684.7,2692.74,2679.11,2682.29,4216.5147
2026-09-24 01:00:00+00:00,2682.29,2692.0,2674.66,2675.02,6030.9649
2026-09-24 02:00:00+00:00,2675.02,2688.43,2664.32,2685.72,5997.5393
2026-09-24 03:00:00+00:00,2685.72,2690.83,2671.43,2676.76,5069.2176
2026-09-24 04:00:00+00:00,2676.76,2683.63,2669.62,2682.14,5875.8005
2026-09-24 05:00:00+00:00,2682.15,2704.08,2681.65,2682.52,9016.574
2026-09-24 06:00:00+00:00,2682.52,2690.69,2679.11,2686.1,4303.9473
2026-09-24 07:00:00+00:00,2686.09,2700.0,2679.7,2693.5,8133.7037
2026-09-24 08:00:00+00:00,2693.5,2695.8,2655.5,2669.3,17140.667
2026-09-24 09:00:00+00:00,2669.3,2673.75,2600.15,2642.4,24958.8012
2026-09-24 10:00:00+00:00,2642.41,2649.46,2633.4,2648.19,10043.7994
2026-09-24 11:00:00+00:00,2648.2,2652.54,2643.38,2647.68,6350.1261
2026-09-24 12:00:00+00:00,2647.68,2654.08,2639.37,2648.8,12545.8072
2026-09-24 13:00:00+00:00,2648.8,2678.67,2648.8,2670.11,14965.3862
2026-09-24 14:00:00+00:00,2670.11,2699.76,2644.97,2657.87,28303.5034
2026-09-24 15:00:00+00:00,2657.86,2685.72,2652.32,2683.58,12563.0803
2026-09-24 16:00:00+00:00,2683.59,2706.0,2666.0,2687.63,21163.4634
2026-09-24 17:00:00+00:00,2687.62,2690.32,2666.96,2669.72,10502.1328
2026-09-24 18:00:00+00:00,2669.71,2694.62,2660.38,2690.12,13179.6913
2026-09-24 19:00:00+00:00,2690.13,2701.24,2682.91,2696.95,16362.5372
2026-09-24 20:00:00+00:00,2696.94,2697.38,2681.81,2688.27,10251.6823
2026-09-24 21:00:00+00:00,2688.28,2693.02,2685.45,2686.72,5544.1434
2026-09-24 22:00:00+00:00,2686.72,2688.28,2676.03,2685.53,9068.4852
2026-09-24 23:00:00+00:00,2685.53,2693.18,2685.02,2688.05,5220.6933
2026-09-25 00:00:00+00:00,2688.06,2697.78,2688.05,2690.78,5029.1041
2026-09-25 01:00:00+00:00,2690.78,2698.48,2682.5,2689.58,4732.5025
2026-09-25 02:00:00+00:00,2689.58,2700.21,2674.62,2676.79,9445.2496
2026-09-25 03:00:00+00:00,2676.8,2681.65,2673.0,2679.09,6244.9976
2026-09-25 04:00:00+00:00,2679.1,2686.05,2671.94,2680.3,5099.5004
2026-09-25 05:00:00+00:00,2680.29,2685.0,2675.61,2679.94,4684.4313
2026-09-25 06:00:00+00:00,2679.94,2682.99,2669.59,2674.52,6344.2249
2026-09-25 07:00:00+00:00,2674.52,2680.8,2667.33,2672.04,10480.3521
2026-09-25 08:00:00+00:00,2672.05,2696.98,2672.04,2690.91,10493.7754
2026-09-25 09:00:00+00:00,2690.9,2718.0,2690.74,2704.72,15922.8411
2026-09-25 10:00:00+00:00,2704.73,2719.28,2692.9,2713.98,9469.9105
2026-09-25 11:00:00+00:00,2713.97,2743.0,2713.1,2717.53,22424.7026
2026-09-25 12:00:00+00:00,2717.53,2724.0,2686.58,2717.72,20320.0779
2026-09-25 13:00:00+00:00,2717.71,2722.37,2680.0,2695.3,19983.8046
2026-09-25 14:00:00+00:00,2695.31,2698.21,2671.94,2695.82,23021.2135
2026-09-25 15:00:00+00:00,2695.83,2699.0,2668.84,2686.9,14861.2646
2026-09-25 16:00:00+00:00,2686.91,2698.25,2681.93,2683.71,12417.9809
2026-09-25 17:00:00+00:00,2683.72,2693.71,2678.28,2685.91,7513.6033
2026-09-25 18:00:00+00:00,2685.91,2699.5,2685.91,2693.37,7084.5597
2026-09-25 19:00:00+00:00,2693.38,2696.44,2690.43,2693.34,4271.2503
2026-09-25 20:00:00+00:00,2693.34,2696.41,2683.89,2684.74,4557.3516
2026-09-25 21:00:00+00:00,2684.74,2685.6,2677.16,2681.48,4752.2653
2026-09-25 22:00:00+00:00,2681.47,2694.4,2680.18,2692.14,3615.7417
2026-09-25 23:00:00+00:00,2692.14,2694.51,2690.7,2691.61,1926.9488
2026-09-26 00:00:00+00:00,2691.62,2694.6,2681.0,2687.31,4418.3769
2026-09-26 01:00:00+00:00,2687.31,2696.44,2687.1,2692.7,4083.4833
2026-09-26 02:00:00+00:00,2692.7,2695.81,2689.0,2691.15,2190.834
2026-09-26 03:00:00+00:00,2691.15,2691.51,2686.08,2687.98,1681.6161
2026-09-26 04:00:00+00:00,2687.98,2691.51,2685.0,2689.54,3069.0763
2026-09-26 05:00:00+00:00,2689.54,2690.55,2685.37,2686.47,3062.3566
2026-09-26 06:00:00+00:00,2686.47,2687.4,2683.46,2685.69,3705.4967
2026-09-26 07:00:00+00:00,2685.69,2691.57,2685.68,2691.16,2844.8476
2026-09-26 08:00:00+00:00,2691.15,2697.79,2687.37,2691.01,4595.8277
2026-09-26 09:00:00+00:00,2691.0,2691.01,2679.3,2682.6,4736.8771
2026-09-26 10:00:00+00:00,2682.6,2690.32,2682.6,2687.35,4798.5135
2026-09-26 11:00:00+00:00,2687.35,2690.71,2685.38,2689.49,2551.2744
2026-09-26 12:00:00+00:00,2689.48,2692.38,2686.7,2688.9,6392.0694
2026-09-26 13:00:00+00:00,2688.9,2691.95,2682.0,2686.73,4366.8652
2026-09-26 14:00:00+00:00,2686.72,2690.0,2685.6,2688.67,2538.4219
2026-09-26 15:00:00+00:00,2688.66,2696.0,2688.66,2692.97,3508.3882
2026-09-26 16:00:00+00:00,2692.97,2694.08,2689.34,2691.58,2392.5758
2026-09-26 17:00:00+00:00,2691.59,2691.8,2686.95,2690.57,2635.6134
2026-09-26 18:00:00+00:00,2690.56,2691.04,2683.56,2685.01,1834.5019
2026-09-26 19:00:00+00:00,2685.0,2686.64,2682.15,2684.64,1682.4582
2026-09-26 20:00:00+00:00,2684.63,2685.47,2664.79,2676.87,8512.7107
2026-09-26 21:00:00+00:00,2676.87,2693.77,2676.06,2686.31,4150.5881
2026-09-26 22:00:00+00:00,2686.32,2692.82,2684.43,2688.85,2591.2534
2026-09-26 23:00:00+00:00,2688.85,2697.07,2688.84,2696.33,4139.9837
2026-09-27 00:00:00+00:00,2696.33,2696.46,2690.11,2693.5,3224.0599
2026-09-27 01:00:00+00:00,2693.49,2705.55,2689.99,2701.55,9462.7331
2026-09-27 02:00:00+00:00,2701.56,2706.09,2697.18,2697.87,4267.0781
2026-09-27 03:00:00+00:00,2697.87,2700.85,2695.83,2696.69,4500.5623
2026-09-27 04:00:00+00:00,2696.69,2700.0,2691.42,2692.02,2767.3122
2026-09-27 05:00:00+00:00,2692.01,2712.13,2691.01,2705.03,6217.0025
2026-09-27 06:00:00+00:00,2705.03,2711.87,2704.95,2707.25,3794.5589
2026-09-27 07:00:00+00:00,2707.26,2718.89,2705.66,2718.27,6772.1512
2026-09-27 08:00:00+00:00,2718.27,2724.12,2713.59,2714.59,12517.8877
2026-09-27 09:00:00+00:00,2714.59,2716.85,2705.93,2716.15,8712.1409
2026-09-27 10:00:00+00:00,2716.14,2719.51,2708.61,2710.28,7508.2027
2026-09-27 11:00:00+00:00,2710.27,2711.88,2707.18,2709.8,5500.1574
2026-09-27 12:00:00+00:00,2709.81,2717.6,2707.35,2707.36,3703.6362
2026-09-27 13:00:00+00:00,2707.35,2715.7,2698.21,2709.67,11643.2363
2026-09-27 14:00:00+00:00,2709.68,2710.0,2682.67,2688.26,11837.6393
2026-09-27 15:00:00+00:00,2688.25,2694.02,2682.05,2689.76,9076.2458
2026-09-27 16:00:00+00:00,2689.76,2696.37,2684.81,2686.5,4202.606
2026-09-27 17:00:00+00:00,2686.5,2692.0,2685.81,2691.36,2782.2226
2026-09-27 18:00:00+00:00,2691.35,2699.67,2689.88,2698.26,6255.7864
2026-09-27 19:00:00+00:00,2698.27,2698.74,2690.45,2691.43,3388.7554
2026-09-27 20:00:00+00:00,2691.43,2696.23,2685.34,2686.13,5185.4579
2026-09-27 21:00:00+00:00,2686.13,2693.11,2675.28,2684.44,5329.4182
2026-09-27 22:00:00+00:00,2684.44,2686.46,2669.78,2675.71,9098.8795
2026-09-27 23:00:00+00:00,2675.7,2691.31,2673.89,2688.65,5618.1233
2026-09-28 00:00:00+00:00,2688.65,2703.51,2672.0,2673.51,12518.1463
2026-09-28 01:00:00+00:00,2673.57,2679.67,2650.0,2657.38,19436.6644
2026-09-28 02:00:00+00:00,2657.38,2662.5,2648.36,2653.01,11667.1366
2026-09-28 03:00:00+00:00,2653.02,2658.02,2642.0,2652.08,10867.517
2026-09-28 04:00:00+00:00,2652.08,2660.3,2646.94,2658.63,8712.5974
2026-09-28 05:00:00+00:00,2658.62,2661.02,2635.69,2651.63,12900.0757
2026-09-28 06:00:00+00:00,2651.64,2656.68,2646.21,2649.61,8237.9459
2026-09-28 07:00:00+00:00,2649.61,2656.51,2642.29,2644.31,12987.6078
2026-09-28 08:00:00+00:00,2644.31,2652.98,2640.1,2651.38,21713.2845
2026-09-28 09:00:00+00:00,2651.38,2654.59,2637.38,2641.55,12458.3793
2026-09-28 10:00:00+00:00,2641.56,2659.69,2641.56,2656.6,9568.4612
2026-09-28 11:00:00+00:00,2656.6,2669.53,2656.6,2669.0,8165.5762
2026-09-28 12:00:00+00:00,2668.99,2693.56,2664.82,2690.91,21422.7511
2026-09-28 13:00:00+00:00,2690.91,2698.68,2680.52,2690.65,12798.5502
2026-09-28 14:00:00+00:00,2690.65,2690.65,2651.68,2667.13,18630.5129
2026-09-28 15:00:00+00:00,2667.13,2680.75,2654.05,2677.95,14242.4671
2026-09-28 16:00:00+00:00,2677.94,2698.86,2671.0,2687.35,16592.4821
2026-09-28 17:00:00+00:00,2687.35,2721.42,2681.92,2695.71,22635.7215
2026-09-28 18:00:00+00:00,2695.71,2699.78,2687.54,2699.67,6146.4085
2026-09-28 19:00:00+00:00,2699.68,2700.31,2665.0,2673.5,9909.4311
2026-09-28 20:00:00+00:00,2673.49,2686.4,2670.96,2682.9,4918.4933
2026-09-28 21:00:00+00:00,2682.9,2690.0,2674.32,2674.36,5906.6473
2026-09-28 22:00:00+00:00,2674.37,2687.75,2667.86,2687.62,4747.0368
2026-09-28 23:00:00+00:00,2687.62,2694.41,2685.6,2688.71,4639.8877
2026-09-29 00:00:00+00:00,2688.71,2695.38,2677.23,2677.23,5865.9446
2026-09-29 01:00:00+00:00,2677.22,2681.24,2656.66,2665.61,11559.35
2026-09-29 02:00:00+00:00,2665.61,2667.85,2652.2,2657.63,7544.3068
2026-09-29 03:00:00+00:00,2657.63,2669.32,2655.4,2665.2,4717.908
2026-09-29 04:00:00+00:00,2665.21,2673.0,2661.65,2668.07,4000.9183
2026-09-29 05:00:00+00:00,2668.06,2677.87,2656.0,2676.54,6429.9094
2026-09-29 06:00:00+00:00,2676.54,2709.0,2676.27,2706.73,19073.4739
2026-09-29 07:00:00+00:00,2706.74,2719.96,2700.4,2712.36,29708.2581
2026-09-29 08:00:00+00:00,2712.35,2735.0,2706.33,2708.84,29023.6904
2026-09-29 09:00:00+00:00,2708.83,2722.0,2702.78,2717.63,17500.8689
2026-09-29 10:00:00+00:00,2717.63,2720.52,2709.78,2714.8,5002.3254
2026-09-29 11:00:00+00:00,2714.8,2738.51,2714.75,2732.47,15954.0448
2026-09-29 12:00:00+00:00,2732.47,2748.6,2729.63,2736.83,30201.375
2026-09-29 13:00:00+00:00,2736.83,2740.72,2721.5,2726.83,18022.9556
2026-09-29 14:00:00+00:00,2726.83,2732.48,2707.97,2710.99,19399.6165
2026-09-29 15:00:00+00:00,2710.99,2711.95,2668.5,2674.17,32271.8472
2026-09-29 16:00:00+00:00,2674.16,2684.36,2668.4,2675.99,9982.3243
2026-09-29 17:00:00+00:00,2675.99,2680.57,2669.59,2673.76,5889.8614
2026-09-29 18:00:00+00:00,2673.77,2697.92,2673.77,2695.86,7470.4582
2026-09-29 19:00:00+00:00,2695.85,2700.0,2686.59,2690.01,7122.2516
2026-09-29 20:00:00+00:00,2690.01,2694.19,2686.74,2689.26,3271.8848
2026-09-29 21:00:00+00:00,2689.25,2690.55,2676.96,2679.44,15446.8257
2026-09-29 22:00:00+00:00,2679.44,2686.17,2675.0,2681.83,5305.7878
2026-09-29 23:00:00+00:00,2681.84,2688.51,2675.8,2677.98,5170.251
2026-09-30 00:00:00+00:00,2677.98,2679.93,2668.08,2672.62,6346.5327
2026-09-30 01:00:00+00:00,2672.62,2677.08,2668.68,2672.57,7874.6547
2026-09-30 02:00:00+00:00,2672.58,2678.32,2666.19,2674.49,5707.0708
2026-09-30 03:00:00+00:00,2674.49,2676.35,2668.0,2671.55,6349.9849
2026-09-30 04:00:00+00:00,2671.54,2676.6,2669.99,2670.0,4264.2938
2026-09-30 05:00:00+00:00,2669.99,2680.62,2667.03,2675.09,6421.1085
2026-09-30 06:00:00+00:00,2675.09,2676.89,2656.92,2662.07,12363.0573
2026-09-30 07:00:00+00:00,2662.08,2677.98,2660.22,2674.87,7787.7084
2026-09-30 08:00:00+00:00,2674.87,2674.87,2665.0,2671.11,7031.8546
2026-09-30 09:00:00+00:00,2671.1,2699.85,2670.58,2688.67,11901.99
2026-09-30 10:00:00+00:00,2688.68,2697.7,2687.56,2695.61,7917.1029
2026-09-30 11:00:00+00:00,2695.6,2700.0,2685.37,2697.8,8295.8529
2026-09-30 12:00:00+00:00,2697.79,2738.51,2692.61,2731.01,46661.0606
2026-09-30 13:00:00+00:00,2731.0,2737.99,2690.0,2710.0,36900.2212
2026-09-30 14:00:00+00:00,2710.0,2713.52,2668.0,2678.2,34897.1764
2026-09-30 15:00:00+00:00,2678.2,2689.66,2671.72,2683.72,12780.3482
2026-09-30 16:00:00+00:00,2683.73,2696.0,2681.98,2695.83,7156.5012
2026-09-30 17:00:00+00:00,2695.83,2698.0,2676.45,2682.72,12476.5335
2026-09-30 18:00:00+00:00,2682.71,2684.7,2673.8,2679.15,5737.3515
2026-09-30 19:00:00+00:00,2679.16,2680.88,2667.94,2669.61,7313.5634
2026-09-30 20:00:00+00:00,2669.62,2682.52,2668.64,2682.52,4612.4989
2026-09-30 21:00:00+00:00,2682.51,2686.03,2682.0,2684.31,2830.6028
2026-09-30 22:00:00+00:00,2684.31,2692.56,2678.42,2687.0,4092.5852
2026-09-30 23:00:00+00:00,2687.0,2694.33,2684.52,2686.01,4215.2964
2026-10-01 00:00:00+00:00,2686.01,2688.12,2678.54,2684.96,6123.1644
2026-10-01 01:00:00+00:00,2684.95,2693.16,2684.4,2690.01,5249.0659
2026-10-01 02:00:00+00:00,2690.0,2694.61,2684.17,2687.02,8460.72
2026-10-01 03:00:00+00:00,2687.02,2696.94,2685.11,2696.07,5841.6964
2026-10-01 04:00:00+00:00,2696.08,2711.92,2693.46,2707.57,8537.0527
2026-10-01 05:00:00+00:00,2707.57,2719.96,2705.18,2717.96,7228.7817
2026-10-01 06:00:00+00:00,2717.96,2722.0,2712.04,2715.21,10046.8745
2026-10-01 07:00:00+00:00,2715.21,2721.01,2675.0,2677.48,24071.1691
2026-10-01 08:00:00+00:00,2677.47,2688.55,2673.13,2687.19,27349.6213
2026-10-01 09:00:00+00:00,2687.19,2699.0,2686.37,2691.18,8064.3247
2026-10-01 10:00:00+00:00,2691.18,2706.12,2677.0,2701.92,9316.3777
2026-10-01 11:00:00+00:00,2701.92,2708.63,2695.13,2706.56,6979.3011
2026-10-01 12:00:00+00:00,2706.56,2711.6,2688.52,2692.75,12190.9154
2026-10-01 13:00:00+00:00,2692.75,2702.04,2683.0,2697.67,13557.2367
2026-10-01 14:00:00+00:00,2697.66,2705.35,2681.6,2690.16,17869.6103
2026-10-01 15:00:00+00:00,2690.17,2696.38,2673.42,2682.69,25206.3288
2026-10-01 16:00:00+00:00,2682.68,2694.52,2676.35,2680.27,15940.3055
2026-10-01 17:00:00+00:00,2680.26,2713.0,2680.25,2701.05,17092.8051
2026-10-01 18:00:00+00:00,2701.05,2714.76,2693.28,2700.38,10187.2986
2026-10-01 19:00:00+00:00,2700.37,2706.24,2692.75,2700.7,5958.7332
2026-10-01 20:00:00+00:00,2700.7,2706.55,2695.99,2698.82,5198.2971
2026-10-01 21:00:00+00:00,2698.82,2699.19,2689.47,2693.45,5216.9454
2026-10-01 22:00:00+00:00,2693.44,2704.08,2692.88,2703.23,5056.8302
2026-10-01 23:00:00+00:00,2703.23,2707.22,2698.5,2706.42,2648.6171
2026-10-02 00:00:00+00:00,2706.43,2709.4,2701.35,2708.38,3868.7533
2026-10-02 01:00:00+00:00,2708.37,2719.09,2696.56,2716.03,5890.7617
2026-10-02 02:00:00+00:00,2716.03,2723.0,2708.95,2721.04,10481.9869
2026-10-02 03:00:00+00:00,2721.05,2728.0,2714.6,2717.93,12551.654
