time,open,high,low,close,volume
2026-06-04 04:00:00+00:00,0.2546,0.2557,0.2469,0.248,5200775.3
2026-06-04 05:00:00+00:00,0.248,0.2481,0.2433,0.2451,9864194.0
2026-06-04 06:00:00+00:00,0.245,0.2471,0.2417,0.2426,7332981.5
2026-06-04 07:00:00+00:00,0.2427,0.2432,0.2312,0.2319,11472747.2
2026-06-04 08:00:00+00:00,0.232,0.2364,0.2287,0.2322,10777698.9
2026-06-04 09:00:00+00:00,0.2322,0.2324,0.223,0.2308,15688204.6
2026-06-04 10:00:00+00:00,0.2309,0.2318,0.2219,0.2222,9784620.7
2026-06-04 11:00:00+00:00,0.2222,0.2234,0.2187,0.2216,10310208.6
2026-06-04 12:00:00+00:00,0.2215,0.2259,0.2168,0.2247,12555603.0
2026-06-04 13:00:00+00:00,0.2247,0.2269,0.2196,0.2257,7661565.3
2026-06-04 14:00:00+00:00,0.2257,0.2286,0.2245,0.2273,7705422.4
2026-06-04 15:00:00+00:00,0.2273,0.2325,0.226,0.2305,6130798.1
2026-06-04 16:00:00+00:00,0.2304,0.2317,0.2269,0.2304,6424146.5
2026-06-04 17:00:00+00:00,0.2302,0.231,0.2219,0.2241,6890064.3
2026-06-04 18:00:00+00:00,0.2242,0.2279,0.2211,0.2257,4373318.2
2026-06-04 19:00:00+00:00,0.2256,0.2272,0.2226,0.2231,3994800.0
2026-06-04 20:00:00+00:00,0.223,0.2236,0.2212,0.222,1416989.4
2026-06-04 21:00:00+00:00,0.2219,0.2245,0.2138,0.2147,5547437.9
2026-06-04 22:00:00+00:00,0.2146,0.2179,0.2136,0.2176,4049014.2
2026-06-04 23:00:00+00:00,0.2175,0.219,0.2142,0.2166,2189908.7
2026-06-05 00:00:00+00:00,0.2165,0.2183,0.212,0.2122,2669191.0
2026-06-05 01:00:00+00:00,0.2123,0.2126,0.2086,0.2116,5004049.2
2026-06-05 02:00:00+00:00,0.2115,0.2123,0.2062,0.2074,4032510.6
2026-06-05 03:00:00+00:00,0.2074,0.2117,0.206,0.2086,3554392.0
2026-06-05 04:00:00+00:00,0.2086,0.2146,0.2075,0.2139,3586579.5
2026-06-05 05:00:00+00:00,0.214,0.2186,0.2104,0.2105,7353580.9
2026-06-05 06:00:00+00:00,0.2106,0.211,0.1965,0.2035,14067420.5
2026-06-05 07:00:00+00:00,0.2034,0.2074,0.1993,0.2063,5356664.9
2026-06-05 08:00:00+00:00,0.2063,0.2063,0.1997,0.201,3274706.6
2026-06-05 09:00:00+00:00,0.2011,0.2047,0.2008,0.2026,4311614.3
2026-06-05 10:00:00+00:00,0.2026,0.2028,0.1997,0.2022,2922602.4
2026-06-05 11:00:00+00:00,0.2022,0.2027,0.1995,0.2003,2803300.3
2026-06-05 12:00:00+00:00,0.2002,0.204,0.1981,0.2009,3045078.2
2026-06-05 13:00:00+00:00,0.2009,0.2033,0.1956,0.1956,6085360.6
2026-06-05 14:00:00+00:00,0.1956,0.2026,0.1953,0.1971,9745737.6
2026-06-05 15:00:00+00:00,0.1971,0.1981,0.1893,0.1922,10541227.9
2026-06-05 16:00:00+00:00,0.1921,0.1977,0.1867,0.1968,12891394.3
2026-06-05 17:00:00+00:00,0.1968,0.1976,0.1926,0.1941,4417296.3
2026-06-05 18:00:00+00:00,0.1942,0.195,0.185,0.186,6082556.3
2026-06-05 19:00:00+00:00,0.1859,0.192,0.183,0.191,5822008.6
2026-06-05 20:00:00+00:00,0.1911,0.2001,0.1886,0.1996,5556544.1
2026-06-05 21:00:00+00:00,0.1995,0.2025,0.1984,0.2009,4778020.7
2026-06-05 22:00:00+00:00,0.2008,0.2015,0.1973,0.1987,3107776.7
2026-06-05 23:00:00+00:00,0.1987,0.2003,0.194,0.1977,2684816.1
2026-06-06 00:00:00+00:00,0.1977,0.2037,0.1976,0.2025,3408202.1
2026-06-06 01:00:00+00:00,0.2024,0.2035,0.1983,0.1985,2826991.3
2026-06-06 02:00:00+00:00,0.1984,0.199,0.1957,0.1963,3778546.0
2026-06-06 03:00:00+00:00,0.1962,0.1962,0.1923,0.193,2366362.1
2026-06-06 04:00:00+00:00,0.1929,0.1938,0.1848,0.1869,7455993.3
2026-06-06 05:00:00+00:00,0.187,0.1934,0.185,0.1929,5608300.4
2026-06-06 06:00:00+00:00,0.1929,0.1981,0.1928,0.1941,3856613.0
2026-06-06 07:00:00+00:00,0.1942,0.1989,0.1935,0.1988,3106771.3
2026-06-06 08:00:00+00:00,0.1988,0.1993,0.1968,0.1988,2165877.3
2026-06-06 09:00:00+00:00,0.1988,0.1998,0.1946,0.1952,3061167.2
2026-06-06 10:00:00+00:00,0.1952,0.1952,0.1911,0.1934,4135094.2
2026-06-06 11:00:00+00:00,0.1933,0.1947,0.1906,0.1935,4934872.1
2026-06-06 12:00:00+00:00,0.1935,0.1965,0.1929,0.1949,2528324.9
2026-06-06 13:00:00+00:00,0.1948,0.1966,0.1935,0.194,3022337.1
2026-06-06 14:00:00+00:00,0.194,0.1969,0.1936,0.1937,2574365.5
2026-06-06 15:00:00+00:00,0.1938,0.1951,0.1915,0.194,2216572.0
2026-06-06 16:00:00+00:00,0.1939,0.1964,0.1924,0.1959,2359030.6
2026-06-06 17:00:00+00:00,0.1958,0.1961,0.1916,0.1925,1393940.4
2026-06-06 18:00:00+00:00,0.1924,0.1952,0.1917,0.1937,1068206.5
2026-06-06 19:00:00+00:00,0.1938,0.195,0.1931,0.1932,969721.3
2026-06-06 20:00:00+00:00,0.1932,0.1965,0.1923,0.1957,1542676.7
2026-06-06 21:00:00+00:00,0.1957,0.1996,0.1956,0.1973,1888868.5
2026-06-06 22:00:00+00:00,0.1973,0.1978,0.1953,0.1961,1188886.6
2026-06-06 23:00:00+00:00,0.196,0.2006,0.1959,0.2001,1648231.1
2026-06-07 00:00:00+00:00,0.2001,0.202,0.1991,0.2006,1975021.5
2026-06-07 01:00:00+00:00,0.2006,0.2088,0.2001,0.2081,6523483.0
2026-06-07 02:00:00+00:00,0.2081,0.2089,0.2056,0.207,4211758.5
2026-06-07 03:00:00+00:00,0.2071,0.2085,0.2044,0.2069,3794734.1
2026-06-07 04:00:00+00:00,0.2069,0.207,0.204,0.2061,3093305.1
2026-06-07 05:00:00+00:00,0.206,0.2098,0.2047,0.2069,2626603.0
2026-06-07 06:00:00+00:00,0.2069,0.2118,0.2058,0.2099,3106167.4
2026-06-07 07:00:00+00:00,0.2098,0.2126,0.2092,0.2098,3372299.6
2026-06-07 08:00:00+00:00,0.2098,0.2116,0.2081,0.2103,2934796.5
2026-06-07 09:00:00+00:00,0.2104,0.2114,0.2058,0.2065,2461364.1
2026-06-07 10:00:00+00:00,0.2065,0.2075,0.2054,0.2067,1278139.8
2026-06-07 11:00:00+00:00,0.2067,0.2104,0.2052,0.2102,2873778.3
2026-06-07 12:00:00+00:00,0.2101,0.2101,0.2038,0.2065,6079865.0
2026-06-07 13:00:00+00:00,0.2065,0.2093,0.2056,0.2072,2001151.4
2026-06-07 14:00:00+00:00,0.2073,0.2129,0.2067,0.2121,4425254.1
2026-06-07 15:00:00+00:00,0.212,0.2164,0.2104,0.215,5401694.6
2026-06-07 16:00:00+00:00,0.2151,0.2169,0.2124,0.2138,3257455.6
2026-06-07 17:00:00+00:00,0.2137,0.2156,0.2105,0.212,2138378.9
2026-06-07 18:00:00+00:00,0.212,0.2128,0.2092,0.2095,2493791.6
2026-06-07 19:00:00+00:00,0.2095,0.2098,0.2025,0.2044,5500646.5
2026-06-07 20:00:00+00:00,0.2044,0.2066,0.202,0.2065,3194077.0
2026-06-07 21:00:00+00:00,0.2064,0.2069,0.2041,0.2059,1622997.2
2026-06-07 22:00:00+00:00,0.206,0.2178,0.206,0.2114,6985405.5
2026-06-07 23:00:00+00:00,0.2114,0.2143,0.2111,0.213,1693870.8
2026-06-08 00:00:00+00:00,0.213,0.2146,0.2107,0.2126,2892177.1
2026-06-08 01:00:00+00:00,0.2126,0.2134,0.2062,0.2087,3146643.3
2026-06-08 02:00:00+00:00,0.2088,0.2102,0.2079,0.2083,1511756.9
2026-06-08 03:00:00+00:00,0.2084,0.2099,0.2071,0.2087,1458195.7
2026-06-08 04:00:00+00:00,0.2088,0.2096,0.2043,0.2047,2119201.2
2026-06-08 05:00:00+00:00,0.2047,0.2068,0.2038,0.2068,1492124.6
2026-06-08 06:00:00+00:00,0.2068,0.2093,0.2067,0.2077,1991873.3
2026-06-08 07:00:00+00:00,0.2077,0.2121,0.2067,0.2117,2742382.8
2026-06-08 08:00:00+00:00,0.2116,0.2116,0.2071,0.2081,3033409.6
2026-06-08 09:00:00+00:00,0.2082,0.216,0.208,0.2134,3812020.8
2026-06-08 10:00:00+00:00,0.2135,0.2138,0.2095,0.2101,2737263.3
2026-06-08 11:00:00+00:00,0.2101,0.2149,0.2095,0.2143,2921910.3
2026-06-08 12:00:00+00:00,0.2143,0.2158,0.2109,0.2146,3988654.4
2026-06-08 13:00:00+00:00,0.2145,0.2195,0.2128,0.2142,4351112.3
2026-06-08 14:00:00+00:00,0.2141,0.2145,0.2114,0.2135,2666454.1
2026-06-08 15:00:00+00:00,0.2136,0.217,0.2135,0.2156,4325253.4
2026-06-08 16:00:00+00:00,0.2157,0.218,0.2126,0.2135,4288072.1
2026-06-08 17:00:00+00:00,0.2135,0.2155,0.2118,0.2155,1807264.5
2026-06-08 18:00:00+00:00,0.2155,0.2168,0.2132,0.2151,2575257.3
2026-06-08 19:00:00+00:00,0.2151,0.217,0.2131,0.2139,2044022.4
2026-06-08 20:00:00+00:00,0.2139,0.2149,0.2117,0.2147,1815450.5
2026-06-08 21:00:00+00:00,0.2148,0.2162,0.213,0.2131,2141399.5
2026-06-08 22:00:00+00:00,0.213,0.213,0.2101,0.2118,2588192.3
2026-06-08 23:00:00+00:00,0.212,0.2129,0.2081,0.2095,2097380.6
2026-06-09 00:00:00+00:00,0.2094,0.2103,0.2055,0.2074,2044527.1
2026-06-09 01:00:00+00:00,0.2073,0.2093,0.2067,0.2083,2844058.1
2026-06-09 02:00:00+00:00,0.2083,0.2086,0.2045,0.2063,1837859.7
2026-06-09 03:00:00+00:00,0.2065,0.2076,0.2046,0.2059,1341265.3
2026-06-09 04:00:00+00:00,0.2059,0.2102,0.2052,0.2093,3326333.0
2026-06-09 05:00:00+00:00,0.2092,0.2123,0.2079,0.2116,1810938.8
2026-06-09 06:00:00+00:00,0.2116,0.2117,0.2094,0.2098,1156550.7
2026-06-09 07:00:00+00:00,0.2098,0.2112,0.2084,0.2098,1296602.3
2026-06-09 08:00:00+00:00,0.2098,0.2099,0.2067,0.2076,1369308.0
2026-06-09 09:00:00+00:00,0.2076,0.2083,0.2056,0.2065,1133268.9
2026-06-09 10:00:00+00:00,0.2066,0.208,0.2056,0.2077,1568208.1
2026-06-09 11:00:00+00:00,0.2076,0.2078,0.2057,0.207,1067051.2
2026-06-09 12:00:00+00:00,0.2069,0.2084,0.2046,0.2062,1874103.4
2026-06-09 13:00:00+00:00,0.2062,0.2068,0.2036,0.2053,2421169.4
2026-06-09 14:00:00+00:00,0.2054,0.2056,0.1993,0.2025,3942895.5
2026-06-09 15:00:00+00:00,0.2025,0.2035,0.1984,0.1997,2791805.2
2026-06-09 16:00:00+00:00,0.1996,0.2013,0.1969,0.1996,3372019.8
2026-06-09 17:00:00+00:00,0.1997,0.2044,0.1997,0.2015,2487179.3
2026-06-09 18:00:00+00:00,0.2015,0.2039,0.2004,0.2022,1738623.2
2026-06-09 19:00:00+00:00,0.2021,0.2037,0.2017,0.2032,1164034.5
2026-06-09 20:00:00+00:00,0.2033,0.2054,0.2033,0.2048,1089407.9
2026-06-09 21:00:00+00:00,0.2048,0.205,0.2002,0.2006,1294800.5
2026-06-09 22:00:00+00:00,0.2006,0.2016,0.1989,0.1993,2293019.4
2026-06-09 23:00:00+00:00,0.1993,0.2007,0.1987,0.1996,1355847.4
2026-06-10 00:00:00+00:00,0.1996,0.201,0.1979,0.201,1413026.8
2026-06-10 01:00:00+00:00,0.2009,0.2014,0.199,0.1999,1580059.4
2026-06-10 02:00:00+00:00,0.1998,0.2001,0.197,0.1976,1576175.4
2026-06-10 03:00:00+00:00,0.1976,0.1993,0.1974,0.1976,662654.9
2026-06-10 04:00:00+00:00,0.1976,0.1986,0.1961,0.1972,1059152.7
2026-06-10 05:00:00+00:00,0.1972,0.1975,0.1958,0.1969,769087.1
2026-06-10 06:00:00+00:00,0.1969,0.1988,0.1963,0.198,1124773.6
2026-06-10 07:00:00+00:00,0.1979,0.2028,0.1979,0.1999,4753065.1
2026-06-10 08:00:00+00:00,0.1999,0.2,0.1969,0.1972,2379755.4
2026-06-10 09:00:00+00:00,0.1973,0.1977,0.1945,0.1969,2707339.1
2026-06-10 10:00:00+00:00,0.1969,0.197,0.1949,0.1959,1556338.2
2026-06-10 11:00:00+00:00,0.1959,0.196,0.1923,0.1936,3449830.9
2026-06-10 12:00:00+00:00,0.1936,0.1988,0.1926,0.1971,3645246.3
2026-06-10 13:00:00+00:00,0.197,0.2016,0.1963,0.1988,4090091.6
2026-06-10 14:00:00+00:00,0.1989,0.1994,0.1949,0.1962,3074286.9
2026-06-10 15:00:00+00:00,0.1963,0.1979,0.1937,0.1967,3970185.5
2026-06-10 16:00:00+00:00,0.1967,0.1971,0.1927,0.1942,3304268.0
2026-06-10 17:00:00+00:00,0.1943,0.1952,0.1913,0.1934,2509157.0
2026-06-10 18:00:00+00:00,0.1934,0.1939,0.1905,0.1925,3476540.1
2026-06-10 19:00:00+00:00,0.1925,0.1927,0.1877,0.1883,4747288.0
2026-06-10 20:00:00+00:00,0.1882,0.1895,0.187,0.1879,2244580.4
2026-06-10 21:00:00+00:00,0.1879,0.188,0.1834,0.1844,3043430.4
2026-06-10 22:00:00+00:00,0.1844,0.1864,0.1836,0.1841,2606246.2
2026-06-10 23:00:00+00:00,0.184,0.1853,0.1824,0.1837,3088818.2
2026-06-11 00:00:00+00:00,0.1838,0.1855,0.1834,0.1838,2934493.7
2026-06-11 01:00:00+00:00,0.1841,0.1879,0.184,0.1873,2481119.3
2026-06-11 02:00:00+00:00,0.1873,0.1878,0.1839,0.1853,1822181.1
2026-06-11 03:00:00+00:00,0.1853,0.1909,0.1852,0.1896,3168893.0
2026-06-11 04:00:00+00:00,0.1896,0.1914,0.188,0.1904,3205505.8
2026-06-11 05:00:00+00:00,0.1904,0.1906,0.1884,0.1884,2204343.3
2026-06-11 06:00:00+00:00,0.1884,0.1922,0.1882,0.1906,8051747.7
2026-06-11 07:00:00+00:00,0.1905,0.192,0.1888,0.191,3066397.8
2026-06-11 08:00:00+00:00,0.191,0.1931,0.1906,0.1919,3140783.8
2026-06-11 09:00:00+00:00,0.1918,0.1919,0.1884,0.1898,3325323.9
2026-06-11 10:00:00+00:00,0.1898,0.1907,0.1878,0.1889,2916327.6
2026-06-11 11:00:00+00:00,0.1888,0.1914,0.1876,0.1903,4127215.0
2026-06-11 12:00:00+00:00,0.1903,0.1913,0.1854,0.1869,4387198.1
2026-06-11 13:00:00+00:00,0.1868,0.1885,0.1852,0.1869,2887968.1
2026-06-11 14:00:00+00:00,0.187,0.1878,0.1848,0.1851,3353748.8
2026-06-11 15:00:00+00:00,0.185,0.1867,0.1839,0.1848,4921306.2
2026-06-11 16:00:00+00:00,0.1848,0.1862,0.1839,0.1843,2721504.4
2026-06-11 17:00:00+00:00,0.1842,0.1915,0.1832,0.1914,7379825.3
2026-06-11 18:00:00+00:00,0.1914,0.1937,0.1892,0.1918,3984285.0
2026-06-11 19:00:00+00:00,0.1918,0.1951,0.1904,0.193,4619763.4
2026-06-11 20:00:00+00:00,0.193,0.1943,0.1914,0.1931,2810645.0
2026-06-11 21:00:00+00:00,0.1932,0.1965,0.1931,0.1936,3516106.2
2026-06-11 22:00:00+00:00,0.1936,0.195,0.1926,0.1938,2580413.3
2026-06-11 23:00:00+00:00,0.1937,0.1941,0.1917,0.1929,2994036.3
2026-06-12 00:00:00+00:00,0.193,0.1938,0.1917,0.1919,2766447.1
2026-06-12 01:00:00+00:00,0.1918,0.1918,0.1901,0.1912,1799254.1
2026-06-12 02:00:00+00:00,0.1912,0.1939,0.1906,0.193,2434163.6
2026-06-12 03:00:00+00:00,0.1931,0.194,0.1919,0.1923,2485938.9
2026-06-12 04:00:00+00:00,0.1923,0.1935,0.1916,0.192,2428202.3
2026-06-12 05:00:00+00:00,0.192,0.1921,0.1895,0.1896,3437393.6
2026-06-12 06:00:00+00:00,0.1895,0.1902,0.1871,0.1876,2998191.5
2026-06-12 07:00:00+00:00,0.1877,0.1892,0.1876,0.1885,2139213.4
2026-06-12 08:00:00+00:00,0.1886,0.1915,0.1885,0.1914,2978282.9
2026-06-12 09:00:00+00:00,0.1915,0.1936,0.1911,0.1926,2464236.9
2026-06-12 10:00:00+00:00,0.1926,0.194,0.191,0.1914,3304467.3
2026-06-12 11:00:00+00:00,0.1914,0.1924,0.1906,0.1909,1770198.7
2026-06-12 12:00:00+00:00,0.1909,0.1921,0.1893,0.1905,2648403.9
2026-06-12 13:00:00+00:00,0.1904,0.1907,0.1868,0.1882,3559832.7
2026-06-12 14:00:00+00:00,0.1883,0.1936,0.1881,0.1936,4125239.8
2026-06-12 15:00:00+00:00,0.1936,0.195,0.1897,0.1901,4530567.4
2026-06-12 16:00:00+00:00,0.1901,0.1917,0.1888,0.1903,3332950.7
2026-06-12 17:00:00+00:00,0.1904,0.1917,0.1894,0.1896,2243031.4
2026-06-12 18:00:00+00:00,0.1896,0.1902,0.1881,0.189,2012376.1
2026-06-12 19:00:00+00:00,0.1889,0.1908,0.1885,0.1887,1821728.2
2026-06-12 20:00:00+00:00,0.1887,0.19,0.1875,0.1881,1544438.0
2026-06-12 21:00:00+00:00,0.1882,0.189,0.1865,0.187,1553315.0
2026-06-12 22:00:00+00:00,0.187,0.1876,0.1856,0.186,2042007.6
2026-06-12 23:00:00+00:00,0.186,0.1864,0.1847,0.186,2248690.0
2026-06-13 00:00:00+00:00,0.1861,0.1875,0.1849,0.1869,2053130.2
2026-06-13 01:00:00+00:00,0.1869,0.1893,0.1869,0.1889,2295485.9
2026-06-13 02:00:00+00:00,0.1889,0.1889,0.1853,0.1859,2317489.7
2026-06-13 03:00:00+00:00,0.1858,0.1864,0.1841,0.185,3903010.0
2026-06-13 04:00:00+00:00,0.1849,0.1861,0.1837,0.185,2019870.5
2026-06-13 05:00:00+00:00,0.185,0.1854,0.1836,0.1843,2481742.5
2026-06-13 06:00:00+00:00,0.1844,0.1892,0.1839,0.1885,3519506.2
2026-06-13 07:00:00+00:00,0.1884,0.1907,0.1871,0.1907,4536746.8
2026-06-13 08:00:00+00:00,0.1907,0.1914,0.1888,0.1892,3695810.0
2026-06-13 09:00:00+00:00,0.1891,0.1934,0.1882,0.1927,6587319.6
2026-06-13 10:00:00+00:00,0.1928,0.1956,0.1927,0.1946,6253289.3
2026-06-13 11:00:00+00:00,0.1947,0.199,0.1942,0.1988,5975594.7
2026-06-13 12:00:00+00:00,0.1989,0.2056,0.1983,0.2032,9264975.8
2026-06-13 13:00:00+00:00,0.2031,0.2081,0.202,0.2072,9023863.6
2026-06-13 14:00:00+00:00,0.2073,0.208,0.2016,0.2049,6760627.9
2026-06-13 15:00:00+00:00,0.205,0.2091,0.2041,0.2077,6488918.4
2026-06-13 16:00:00+00:00,0.2077,0.2092,0.2024,0.2048,5940794.4
2026-06-13 17:00:00+00:00,0.2047,0.212,0.203,0.2088,5858702.8
2026-06-13 18:00:00+00:00,0.2089,0.2109,0.2041,0.2061,5124009.6
2026-06-13 19:00:00+00:00,0.2061,0.2088,0.2042,0.2066,3179542.1
2026-06-13 20:00:00+00:00,0.2067,0.2073,0.205,0.2068,2609304.0
2026-06-13 21:00:00+00:00,0.2069,0.2116,0.2052,0.2089,2394828.2
2026-06-13 22:00:00+00:00,0.2089,0.21,0.2074,0.2075,1892439.4
2026-06-13 23:00:00+00:00,0.2075,0.2093,0.2071,0.208,1369587.2
2026-06-14 00:00:00+00:00,0.208,0.21,0.2077,0.2091,1869766.6
2026-06-14 01:00:00+00:00,0.2091,0.2118,0.2079,0.2088,4063970.4
2026-06-14 02:00:00+00:00,0.2087,0.2107,0.2078,0.21,2165569.3
2026-06-14 03:00:00+00:00,0.2101,0.215,0.2098,0.2148,4257187.9
2026-06-14 04:00:00+00:00,0.2147,0.215,0.2085,0.2092,4911551.0
2026-06-14 05:00:00+00:00,0.2092,0.2118,0.2073,0.2113,3519489.3
2026-06-14 06:00:00+00:00,0.2113,0.215,0.2092,0.2098,4657235.4
2026-06-14 07:00:00+00:00,0.2099,0.2128,0.2089,0.2097,3132894.6
2026-06-14 08:00:00+00:00,0.2097,0.2137,0.2091,0.2115,4329695.0
2026-06-14 09:00:00+00:00,0.2116,0.2136,0.21,0.2126,3758223.1
2026-06-14 10:00:00+00:00,0.2127,0.2139,0.2105,0.2112,2633323.4
2026-06-14 11:00:00+00:00,0.2112,0.2116,0.21,0.2102,2176881.5
2026-06-14 12:00:00+00:00,0.2103,0.2105,0.2042,0.2045,6576322.6
2026-06-14 13:00:00+00:00,0.2046,0.2056,0.2013,0.2024,5291954.1
2026-06-14 14:00:00+00:00,0.2024,0.2026,0.198,0.1995,4867956.1
2026-06-14 15:00:00+00:00,0.1996,0.2006,0.1989,0.1994,3490418.3
2026-06-14 16:00:00+00:00,0.1993,0.2038,0.1984,0.2027,4602666.3
2026-06-14 17:00:00+00:00,0.2026,0.205,0.201,0.2013,2339173.8
2026-06-14 18:00:00+00:00,0.2012,0.202,0.2002,0.2007,1119806.8
2026-06-14 19:00:00+00:00,0.2006,0.2033,0.1998,0.2013,1763907.7
2026-06-14 20:00:00+00:00,0.2013,0.2052,0.2012,0.204,2277941.7
2026-06-14 21:00:00+00:00,0.204,0.213,0.2033,0.2098,5614626.8
2026-06-14 22:00:00+00:00,0.2099,0.2125,0.2085,0.2114,4258536.2
2026-06-14 23:00:00+00:00,0.2114,0.2127,0.2102,0.2116,2755227.8
2026-06-15 00:00:00+00:00,0.2116,0.214,0.2085,0.2101,6599620.1
2026-06-15 01:00:00+00:00,0.2101,0.213,0.208,0.2117,3137636.6
2026-06-15 02:00:00+00:00,0.2118,0.2155,0.2113,0.2132,4667432.1
2026-06-15 03:00:00+00:00,0.2132,0.2141,0.2116,0.2124,3362459.2
2026-06-15 04:00:00+00:00,0.2123,0.2166,0.2121,0.2137,4926543.4
2026-06-15 05:00:00+00:00,0.2137,0.2181,0.2131,0.217,4079323.1
2026-06-15 06:00:00+00:00,0.2171,0.219,0.2157,0.2172,4223466.5
2026-06-15 07:00:00+00:00,0.2172,0.2179,0.213,0.2148,4276038.9
2026-06-15 08:00:00+00:00,0.2148,0.2173,0.2139,0.2145,2704787.1
2026-06-15 09:00:00+00:00,0.2146,0.2155,0.2113,0.2128,3360986.0
2026-06-15 10:00:00+00:00,0.2128,0.2154,0.2125,0.2148,2905937.3
2026-06-15 11:00:00+00:00,0.2148,0.2219,0.214,0.2214,7173242.3
2026-06-15 12:00:00+00:00,0.2215,0.2225,0.2186,0.2193,7245080.3
2026-06-15 13:00:00+00:00,0.2193,0.223,0.2181,0.2186,5920343.6
2026-06-15 14:00:00+00:00,0.2186,0.2206,0.2166,0.2193,4418015.0
2026-06-15 15:00:00+00:00,0.2192,0.2216,0.2166,0.2215,3415658.8
2026-06-15 16:00:00+00:00,0.2215,0.2215,0.2187,0.2189,3431602.9
2026-06-15 17:00:00+00:00,0.2189,0.2203,0.2169,0.2197,2142268.1
2026-06-15 18:00:00+00:00,0.2197,0.22,0.2172,0.2196,2484151.0
2026-06-15 19:00:00+00:00,0.2196,0.2214,0.2149,0.2169,3904746.1
2026-06-15 20:00:00+00:00,0.217,0.2212,0.2164,0.2204,2158278.8
2026-06-15 21:00:00+00:00,0.2204,0.2209,0.2168,0.2174,1954357.4
2026-06-15 22:00:00+00:00,0.2174,0.2179,0.21,0.2116,4705985.1
2026-06-15 23:00:00+00:00,0.2116,0.214,0.2108,0.2134,2679209.9
2026-06-16 00:00:00+00:00,0.2134,0.2151,0.2126,0.2133,1755314.9
2026-06-16 01:00:00+00:00,0.2133,0.2143,0.2108,0.2111,1717265.6
2026-06-16 02:00:00+00:00,0.2112,0.2118,0.2067,0.2104,4757083.3
2026-06-16 03:00:00+00:00,0.2105,0.2133,0.2095,0.2133,1543581.5
2026-06-16 04:00:00+00:00,0.2133,0.2145,0.2102,0.211,2798683.3
2026-06-16 05:00:00+00:00,0.211,0.2124,0.2105,0.2117,1602239.4
2026-06-16 06:00:00+00:00,0.2117,0.2145,0.2115,0.2143,2428531.0
2026-06-16 07:00:00+00:00,0.2142,0.2148,0.2111,0.2138,2911044.9
2026-06-16 08:00:00+00:00,0.2138,0.2178,0.212,0.2163,5618722.1
2026-06-16 09:00:00+00:00,0.2162,0.2173,0.2136,0.2139,2602369.0
2026-06-16 10:00:00+00:00,0.2139,0.216,0.2122,0.2125,2045375.2
2026-06-16 11:00:00+00:00,0.2126,0.2133,0.2112,0.2121,2089229.5
2026-06-16 12:00:00+00:00,0.2121,0.2137,0.2102,0.2125,2046305.8
2026-06-16 13:00:00+00:00,0.2125,0.2126,0.2078,0.2088,5410179.6
2026-06-16 14:00:00+00:00,0.2088,0.2098,0.2038,0.2057,6231482.1
2026-06-16 15:00:00+00:00,0.2057,0.2082,0.2055,0.2077,1923811.7
2026-06-16 16:00:00+00:00,0.2076,0.2092,0.2057,0.2065,4850052.0
2026-06-16 17:00:00+00:00,0.2065,0.2097,0.2055,0.2093,1718331.4
2026-06-16 18:00:00+00:00,0.2093,0.2115,0.2078,0.2088,2873415.8
2026-06-16 19:00:00+00:00,0.2088,0.2094,0.2062,0.2075,1575253.6
2026-06-16 20:00:00+00:00,0.2075,0.2106,0.207,0.2094,1450223.8
2026-06-16 21:00:00+00:00,0.2095,0.2097,0.208,0.2081,1098263.0
2026-06-16 22:00:00+00:00,0.2082,0.2085,0.2063,0.2071,1316200.0
2026-06-16 23:00:00+00:00,0.2071,0.2075,0.2048,0.2053,1372825.5
2026-06-17 00:00:00+00:00,0.2052,0.2084,0.2047,0.2072,1395233.4
2026-06-17 01:00:00+00:00,0.2072,0.2103,0.2065,0.2097,2289530.1
2026-06-17 02:00:00+00:00,0.2098,0.211,0.2085,0.2092,3526722.7
2026-06-17 03:00:00+00:00,0.2092,0.2092,0.2062,0.207,1292208.0
2026-06-17 04:00:00+00:00,0.207,0.209,0.2066,0.2078,1690976.2
2026-06-17 05:00:00+00:00,0.2077,0.2088,0.2059,0.2088,1314796.0
2026-06-17 06:00:00+00:00,0.2088,0.2098,0.2075,0.2086,2180695.1
2026-06-17 07:00:00+00:00,0.2085,0.2092,0.2063,0.2076,1488428.8
2026-06-17 08:00:00+00:00,0.2075,0.2078,0.204,0.2054,3188029.8
2026-06-17 09:00:00+00:00,0.2053,0.207,0.2051,0.2062,1939066.3
2026-06-17 10:00:00+00:00,0.2063,0.207,0.2055,0.2058,1389306.2
2026-06-17 11:00:00+00:00,0.2059,0.2075,0.2047,0.206,1960693.8
2026-06-17 12:00:00+00:00,0.206,0.2067,0.2036,0.2067,2972263.3
2026-06-17 13:00:00+00:00,0.2066,0.2073,0.2052,0.2059,1875561.4
2026-06-17 14:00:00+00:00,0.2057,0.2075,0.2046,0.2065,2251497.4
2026-06-17 15:00:00+00:00,0.2065,0.2109,0.2061,0.2107,4784727.2
2026-06-17 16:00:00+00:00,0.2108,0.2124,0.209,0.2093,4964774.9
2026-06-17 17:00:00+00:00,0.2093,0.2116,0.2087,0.2112,3807060.5
2026-06-17 18:00:00+00:00,0.2112,0.2112,0.2046,0.2077,6784463.9
2026-06-17 19:00:00+00:00,0.2077,0.2084,0.1995,0.2016,11361808.0
2026-06-17 20:00:00+00:00,0.2016,0.2031,0.2007,0.2028,4250010.2
2026-06-17 21:00:00+00:00,0.2027,0.2031,0.1987,0.1999,2091602.6
2026-06-17 22:00:00+00:00,0.1999,0.2008,0.196,0.1991,3823821.4
2026-06-17 23:00:00+00:00,0.1992,0.2008,0.1988,0.1999,1292726.5
2026-06-18 00:00:00+00:00,0.2,0.2014,0.1988,0.1993,1301762.8
2026-06-18 01:00:00+00:00,0.1993,0.2024,0.1993,0.2009,1047428.9
2026-06-18 02:00:00+00:00,0.201,0.2027,0.2003,0.2016,1210301.2
2026-06-18 03:00:00+00:00,0.2015,0.2018,0.1993,0.1996,1743813.5
2026-06-18 04:00:00+00:00,0.1997,0.2001,0.1965,0.1968,2204729.5
2026-06-18 05:00:00+00:00,0.1968,0.1983,0.1955,0.1983,1778853.4
2026-06-18 06:00:00+00:00,0.1982,0.1999,0.1975,0.1997,1129559.1
2026-06-18 07:00:00+00:00,0.1996,0.2003,0.1985,0.1989,3326980.0
2026-06-18 08:00:00+00:00,0.1989,0.201,0.1985,0.1999,2007544.5
2026-06-18 09:00:00+00:00,0.1998,0.2009,0.1994,0.2006,983674.3
2026-06-18 10:00:00+00:00,0.2006,0.2007,0.1986,0.1992,929529.0
2026-06-18 11:00:00+00:00,0.1992,0.1998,0.1965,0.1972,2005666.8
2026-06-18 12:00:00+00:00,0.1973,0.1999,0.1967,0.1994,1118338.5
2026-06-18 13:00:00+00:00,0.1995,0.1998,0.1963,0.1973,1349912.8
2026-06-18 14:00:00+00:00,0.1974,0.1992,0.1966,0.1976,1530978.9
2026-06-18 15:00:00+00:00,0.1976,0.1976,0.1893,0.1901,5514349.4
2026-06-18 16:00:00+00:00,0.19,0.1925,0.1896,0.1921,2613461.1
2026-06-18 17:00:00+00:00,0.1921,0.1924,0.189,0.1903,3095856.7
2026-06-18 18:00:00+00:00,0.1902,0.1924,0.1897,0.1912,1737006.6
2026-06-18 19:00:00+00:00,0.1912,0.1939,0.1909,0.1929,1387058.3
2026-06-18 20:00:00+00:00,0.193,0.1965,0.193,0.1952,2843000.8
2026-06-18 21:00:00+00:00,0.1952,0.1964,0.1946,0.1958,895692.0
2026-06-18 22:00:00+00:00,0.1958,0.1962,0.1948,0.1954,877713.4
2026-06-18 23:00:00+00:00,0.1954,0.1978,0.1949,0.1977,636296.7
2026-06-19 00:00:00+00:00,0.1977,0.1989,0.197,0.1987,1325286.7
2026-06-19 01:00:00+00:00,0.1988,0.1995,0.1974,0.199,593800.4
2026-06-19 02:00:00+00:00,0.199,0.2,0.1978,0.2,491950.5
2026-06-19 03:00:00+00:00,0.2,0.2005,0.1949,0.1968,1790589.8
2026-06-19 04:00:00+00:00,0.1969,0.1973,0.1925,0.1928,1582461.2
2026-06-19 05:00:00+00:00,0.1929,0.1949,0.1928,0.1945,997303.9
2026-06-19 06:00:00+00:00,0.1944,0.1953,0.1933,0.1945,699957.6
2026-06-19 07:00:00+00:00,0.1945,0.1946,0.1914,0.1923,995893.5
2026-06-19 08:00:00+00:00,0.1924,0.1937,0.1921,0.1924,657652.3
2026-06-19 09:00:00+00:00,0.1925,0.1927,0.1903,0.1908,892160.6
2026-06-19 10:00:00+00:00,0.1909,0.1918,0.1901,0.1911,1085469.2
2026-06-19 11:00:00+00:00,0.1911,0.1925,0.1905,0.1917,512131.5
2026-06-19 12:00:00+00:00,0.1918,0.1948,0.1913,0.1946,2883360.3
2026-06-19 13:00:00+00:00,0.1945,0.1978,0.1933,0.1967,2797519.9
2026-06-19 14:00:00+00:00,0.1968,0.1976,0.1951,0.1953,1848573.9
2026-06-19 15:00:00+00:00,0.1952,0.1965,0.1944,0.1961,1815005.1
2026-06-19 16:00:00+00:00,0.1962,0.1966,0.1935,0.1937,2032937.0
2026-06-19 17:00:00+00:00,0.1937,0.1961,0.1935,0.1958,1513934.2
2026-06-19 18:00:00+00:00,0.1957,0.1957,0.1915,0.1921,2076291.0
2026-06-19 19:00:00+00:00,0.1921,0.1927,0.191,0.1913,2017659.2
2026-06-19 20:00:00+00:00,0.1913,0.1928,0.1904,0.1927,1500718.5
2026-06-19 21:00:00+00:00,0.1926,0.1926,0.1897,0.1902,1975860.6
2026-06-19 22:00:00+00:00,0.1902,0.192,0.1897,0.1917,1607569.2
2026-06-19 23:00:00+00:00,0.1917,0.1934,0.191,0.1928,1582385.1
2026-06-20 00:00:00+00:00,0.1927,0.1937,0.1912,0.1913,1922769.5
2026-06-20 01:00:00+00:00,0.1913,0.1922,0.1907,0.1914,1818006.8
2026-06-20 02:00:00+00:00,0.1914,0.1916,0.1891,0.1894,2245029.4
2026-06-20 03:00:00+00:00,0.1894,0.1903,0.1885,0.1894,3382196.6
2026-06-20 04:00:00+00:00,0.1895,0.191,0.1891,0.1902,3109400.7
2026-06-20 05:00:00+00:00,0.1902,0.1928,0.19,0.1917,3040024.9
2026-06-20 06:00:00+00:00,0.1918,0.1919,0.1908,0.1909,2071490.6
2026-06-20 07:00:00+00:00,0.1909,0.1909,0.1893,0.1897,1872040.2
2026-06-20 08:00:00+00:00,0.1897,0.1901,0.1885,0.1892,3287337.2
2026-06-20 09:00:00+00:00,0.1892,0.1906,0.1888,0.1904,1396785.4
2026-06-20 10:00:00+00:00,0.1905,0.1913,0.1888,0.1895,3101391.0
2026-06-20 11:00:00+00:00,0.1895,0.1896,0.188,0.1891,2267009.0
2026-06-20 12:00:00+00:00,0.1891,0.191,0.1886,0.19,3919345.7
2026-06-20 13:00:00+00:00,0.19,0.1901,0.186,0.1868,3168220.2
2026-06-20 14:00:00+00:00,0.1867,0.191,0.1853,0.1898,4391175.8
2026-06-20 15:00:00+00:00,0.1898,0.1914,0.1885,0.1905,2169615.1
2026-06-20 16:00:00+00:00,0.1906,0.1906,0.1884,0.1889,1838248.0
2026-06-20 17:00:00+00:00,0.1889,0.1889,0.1857,0.1863,3424033.2
2026-06-20 18:00:00+00:00,0.1862,0.1873,0.1852,0.1855,3349688.2
2026-06-20 19:00:00+00:00,0.1855,0.1868,0.1853,0.1866,1202276.3
2026-06-20 20:00:00+00:00,0.1866,0.187,0.1857,0.1865,1461256.7
2026-06-20 21:00:00+00:00,0.1865,0.188,0.1861,0.1876,1493213.0
2026-06-20 22:00:00+00:00,0.1877,0.1901,0.187,0.1895,2786612.2
2026-06-20 23:00:00+00:00,0.1896,0.1897,0.1877,0.1881,1365271.0
2026-06-21 00:00:00+00:00,0.1881,0.1884,0.1858,0.1865,2588141.2
2026-06-21 01:00:00+00:00,0.1865,0.1876,0.1856,0.1867,2030818.4
2026-06-21 02:00:00+00:00,0.1866,0.1867,0.1854,0.1858,1414019.2
2026-06-21 03:00:00+00:00,0.1859,0.188,0.1855,0.1872,1951216.5
2026-06-21 04:00:00+00:00,0.1873,0.1882,0.1857,0.186,1978733.5
2026-06-21 05:00:00+00:00,0.186,0.1862,0.1852,0.1856,1794803.3
2026-06-21 06:00:00+00:00,0.1856,0.1862,0.1852,0.1856,2301547.9
2026-06-21 07:00:00+00:00,0.1857,0.1881,0.1851,0.1871,2883375.0
2026-06-21 08:00:00+00:00,0.1871,0.188,0.1845,0.1867,3678035.0
2026-06-21 09:00:00+00:00,0.1868,0.189,0.1859,0.188,3622686.4
2026-06-21 10:00:00+00:00,0.1879,0.1895,0.1877,0.1889,3703958.0
2026-06-21 11:00:00+00:00,0.189,0.1892,0.186,0.1862,5561122.8
2026-06-21 12:00:00+00:00,0.1863,0.1874,0.185,0.1872,2411351.6
2026-06-21 13:00:00+00:00,0.1872,0.1884,0.1865,0.1881,1854755.6
2026-06-21 14:00:00+00:00,0.1881,0.1884,0.1868,0.1879,1553367.9
2026-06-21 15:00:00+00:00,0.1879,0.1908,0.1876,0.189,3077424.3
2026-06-21 16:00:00+00:00,0.189,0.1893,0.1856,0.1866,2951601.4
2026-06-21 17:00:00+00:00,0.1866,0.1875,0.1858,0.186,1417611.3
2026-06-21 18:00:00+00:00,0.186,0.1876,0.1852,0.1873,2341515.3
2026-06-21 19:00:00+00:00,0.1873,0.1897,0.187,0.1885,2457255.3
2026-06-21 20:00:00+00:00,0.1885,0.1886,0.1853,0.1858,2189906.6
2026-06-21 21:00:00+00:00,0.1857,0.1858,0.1812,0.1828,5392014.2
2026-06-21 22:00:00+00:00,0.1827,0.1836,0.1775,0.1793,8046845.3
2026-06-21 23:00:00+00:00,0.1792,0.1797,0.1773,0.1794,2501727.8
2026-06-22 00:00:00+00:00,0.1793,0.1825,0.1793,0.1822,3371564.8
2026-06-22 01:00:00+00:00,0.1822,0.1864,0.1818,0.1849,3491023.5
2026-06-22 02:00:00+00:00,0.185,0.1851,0.1827,0.183,1926079.0
2026-06-22 03:00:00+00:00,0.1829,0.1836,0.1807,0.181,2924507.0
2026-06-22 04:00:00+00:00,0.1811,0.1831,0.1803,0.1826,2936017.8
2026-06-22 05:00:00+00:00,0.1826,0.184,0.1824,0.1833,1692661.5
2026-06-22 06:00:00+00:00,0.1834,0.1834,0.1816,0.1823,2507054.9
2026-06-22 07:00:00+00:00,0.1823,0.1842,0.1818,0.1833,1619886.2
2026-06-22 08:00:00+00:00,0.1834,0.1841,0.1823,0.1828,1727980.2
2026-06-22 09:00:00+00:00,0.1829,0.1833,0.1818,0.1826,2653648.8
2026-06-22 10:00:00+00:00,0.1826,0.1841,0.1825,0.1829,1792140.3
2026-06-22 11:00:00+00:00,0.1829,0.1864,0.1825,0.1862,2821708.7
2026-06-22 12:00:00+00:00,0.1862,0.1883,0.1856,0.1882,3420755.9
2026-06-22 13:00:00+00:00,0.1882,0.1897,0.1872,0.1893,5274664.0
2026-06-22 14:00:00+00:00,0.1893,0.1894,0.184,0.1852,4802346.9
2026-06-22 15:00:00+00:00,0.1853,0.1858,0.1825,0.1832,2496111.1
2026-06-22 16:00:00+00:00,0.1833,0.1833,0.1814,0.1827,2503360.9
2026-06-22 17:00:00+00:00,0.1827,0.183,0.1808,0.1817,1998851.6
2026-06-22 18:00:00+00:00,0.1817,0.1834,0.1801,0.1806,1617797.4
2026-06-22 19:00:00+00:00,0.1806,0.1813,0.1798,0.1811,1288627.9
2026-06-22 20:00:00+00:00,0.181,0.182,0.1801,0.1815,1090561.9
2026-06-22 21:00:00+00:00,0.1816,0.1818,0.179,0.1802,1558236.3
2026-06-22 22:00:00+00:00,0.1802,0.181,0.1787,0.1803,2316700.8
2026-06-22 23:00:00+00:00,0.1803,0.182,0.1801,0.1817,916123.2
2026-06-23 00:00:00+00:00,0.1817,0.1864,0.1815,0.1861,2468444.3
2026-06-23 01:00:00+00:00,0.1861,0.1864,0.1823,0.1841,2352348.0
2026-06-23 02:00:00+00:00,0.184,0.1847,0.183,0.1839,1028141.8
2026-06-23 03:00:00+00:00,0.1838,0.1842,0.1824,0.1841,882950.2
2026-06-23 04:00:00+00:00,0.1841,0.1843,0.1812,0.1812,1881251.3
2026-06-23 05:00:00+00:00,0.1813,0.1818,0.1798,0.1809,1403038.5
2026-06-23 06:00:00+00:00,0.1809,0.1809,0.1729,0.1759,7956218.3
2026-06-23 07:00:00+00:00,0.1758,0.1766,0.1749,0.1749,1355733.3
2026-06-23 08:00:00+00:00,0.175,0.1756,0.169,0.1709,7258303.9
2026-06-23 09:00:00+00:00,0.1709,0.1725,0.17,0.1715,3230086.3
2026-06-23 10:00:00+00:00,0.1715,0.1724,0.1703,0.1711,2225403.0
2026-06-23 11:00:00+00:00,0.1711,0.1738,0.1711,0.1738,1536194.3
2026-06-23 12:00:00+00:00,0.1738,0.174,0.1721,0.173,1592266.1
2026-06-23 13:00:00+00:00,0.1731,0.1757,0.1716,0.1757,2121348.5
2026-06-23 14:00:00+00:00,0.1756,0.1765,0.174,0.1741,1457457.6
2026-06-23 15:00:00+00:00,0.1741,0.1749,0.1724,0.1737,1549431.1
2026-06-23 16:00:00+00:00,0.1737,0.1752,0.173,0.1731,1195637.9
2026-06-23 17:00:00+00:00,0.173,0.1736,0.1717,0.1719,1184327.2
2026-06-23 18:00:00+00:00,0.1719,0.1732,0.1716,0.1729,733266.1
2026-06-23 19:00:00+00:00,0.1729,0.1739,0.1724,0.173,1149091.6
2026-06-23 20:00:00+00:00,0.173,0.1744,0.173,0.1742,1470282.2
2026-06-23 21:00:00+00:00,0.1743,0.1753,0.1743,0.1745,399252.2
2026-06-23 22:00:00+00:00,0.1745,0.1757,0.1735,0.1739,705356.1
2026-06-23 23:00:00+00:00,0.1739,0.1745,0.1734,0.1741,545833.1
2026-06-24 00:00:00+00:00,0.1742,0.176,0.1742,0.1754,1872912.0
2026-06-24 01:00:00+00:00,0.1755,0.1767,0.1744,0.1758,676489.6
2026-06-24 02:00:00+00:00,0.1757,0.176,0.1747,0.1754,1310102.7
2026-06-24 03:00:00+00:00,0.1755,0.1756,0.1739,0.1743,463846.0
2026-06-24 04:00:00+00:00,0.1744,0.1746,0.1724,0.1738,1131499.7
2026-06-24 05:00:00+00:00,0.1738,0.176,0.1737,0.1759,1122596.1
2026-06-24 06:00:00+00:00,0.176,0.178,0.175,0.1757,1693877.2
2026-06-24 07:00:00+00:00,0.1757,0.1757,0.1745,0.1749,1007282.0
2026-06-24 08:00:00+00:00,0.1748,0.1758,0.1745,0.175,807439.6
2026-06-24 09:00:00+00:00,0.175,0.1751,0.1733,0.174,782579.1
2026-06-24 10:00:00+00:00,0.174,0.174,0.1721,0.1722,1349161.2
2026-06-24 11:00:00+00:00,0.1722,0.1756,0.1712,0.1744,1588084.8
2026-06-24 12:00:00+00:00,0.1744,0.1748,0.173,0.1731,1624020.6
2026-06-24 13:00:00+00:00,0.1731,0.1732,0.1682,0.1695,4854017.4
2026-06-24 14:00:00+00:00,0.1695,0.172,0.1689,0.1716,2533565.8
2026-06-24 15:00:00+00:00,0.1715,0.1715,0.1664,0.1673,2399710.5
2026-06-24 16:00:00+00:00,0.1673,0.1699,0.1633,0.1651,5995234.5
2026-06-24 17:00:00+00:00,0.1651,0.1661,0.1622,0.1642,3660474.6
2026-06-24 18:00:00+00:00,0.1643,0.1686,0.164,0.1667,2226373.2
2026-06-24 19:00:00+00:00,0.1668,0.1682,0.1659,0.1677,1907829.9
2026-06-24 20:00:00+00:00,0.1678,0.1721,0.1674,0.1711,2595035.5
2026-06-24 21:00:00+00:00,0.1712,0.1726,0.1698,0.1722,1225184.6
2026-06-24 22:00:00+00:00,0.1723,0.1736,0.1714,0.1721,936969.7
2026-06-24 23:00:00+00:00,0.1721,0.1739,0.1719,0.1732,1298784.0
2026-06-25 00:00:00+00:00,0.1733,0.1758,0.1733,0.1742,1949382.2
2026-06-25 01:00:00+00:00,0.1742,0.1773,0.1738,0.1761,1021050.3
2026-06-25 02:00:00+00:00,0.1762,0.1763,0.1737,0.174,1147686.0
2026-06-25 03:00:00+00:00,0.1741,0.1751,0.1735,0.1747,1165980.8
2026-06-25 04:00:00+00:00,0.1748,0.1755,0.174,0.1749,1490222.0
2026-06-25 05:00:00+00:00,0.175,0.1777,0.175,0.1766,1660724.1
2026-06-25 06:00:00+00:00,0.1766,0.1788,0.1759,0.176,1955589.1
2026-06-25 07:00:00+00:00,0.1761,0.1769,0.1754,0.1769,947398.4
2026-06-25 08:00:00+00:00,0.1769,0.1771,0.1755,0.1762,1243997.1
2026-06-25 09:00:00+00:00,0.1763,0.1765,0.1749,0.1756,969048.4
2026-06-25 10:00:00+00:00,0.1756,0.176,0.1737,0.174,1269918.0
2026-06-25 11:00:00+00:00,0.174,0.1743,0.1726,0.173,1698743.4
2026-06-25 12:00:00+00:00,0.173,0.1735,0.1703,0.1723,3323673.5
2026-06-25 13:00:00+00:00,0.1724,0.1736,0.1597,0.1604,10833089.2
2026-06-25 14:00:00+00:00,0.1604,0.1694,0.1602,0.1658,7441526.2
2026-06-25 15:00:00+00:00,0.1658,0.1664,0.163,0.1661,3828879.5
2026-06-25 16:00:00+00:00,0.1661,0.1679,0.1648,0.1655,1807832.1
2026-06-25 17:00:00+00:00,0.1654,0.1675,0.1651,0.1675,1651613.0
2026-06-25 18:00:00+00:00,0.1676,0.1682,0.1649,0.1654,1338819.3
2026-06-25 19:00:00+00:00,0.1655,0.1655,0.1633,0.1647,1301474.3
2026-06-25 20:00:00+00:00,0.1648,0.1662,0.1639,0.1642,1389178.7
2026-06-25 21:00:00+00:00,0.1642,0.1678,0.1641,0.1677,1239430.8
2026-06-25 22:00:00+00:00,0.1677,0.1678,0.1656,0.166,1175526.1
2026-06-25 23:00:00+00:00,0.1659,0.1692,0.1656,0.1685,1392632.7
2026-06-26 00:00:00+00:00,0.1685,0.169,0.1668,0.167,1290689.0
2026-06-26 01:00:00+00:00,0.1669,0.1681,0.166,0.1666,1340186.6
2026-06-26 02:00:00+00:00,0.1665,0.1666,0.1611,0.1617,2980705.5
2026-06-26 03:00:00+00:00,0.1617,0.1683,0.1609,0.1678,2343441.6
2026-06-26 04:00:00+00:00,0.1678,0.1682,0.1658,0.1658,963970.4
2026-06-26 05:00:00+00:00,0.1658,0.1673,0.1646,0.1661,1530850.1
2026-06-26 06:00:00+00:00,0.166,0.1686,0.1648,0.1682,1603578.3
2026-06-26 07:00:00+00:00,0.1682,0.1695,0.168,0.1687,2197519.0
2026-06-26 08:00:00+00:00,0.1687,0.1692,0.1666,0.1668,1738954.5
2026-06-26 09:00:00+00:00,0.1669,0.1681,0.1657,0.1659,1324758.9
2026-06-26 10:00:00+00:00,0.166,0.1667,0.1651,0.1653,866788.9
2026-06-26 11:00:00+00:00,0.1654,0.1663,0.1645,0.165,1001517.9
2026-06-26 12:00:00+00:00,0.1651,0.1678,0.1647,0.1653,1320994.8
2026-06-26 13:00:00+00:00,0.1653,0.1712,0.1636,0.1711,4243189.9
2026-06-26 14:00:00+00:00,0.1712,0.1718,0.1692,0.17,2111181.7
2026-06-26 15:00:00+00:00,0.1699,0.1754,0.1695,0.1741,3749390.2
2026-06-26 16:00:00+00:00,0.1742,0.1779,0.1736,0.1753,5972621.4
2026-06-26 17:00:00+00:00,0.1753,0.1769,0.1749,0.1754,1911993.5
2026-06-26 18:00:00+00:00,0.1754,0.1765,0.1736,0.1746,2783350.8
2026-06-26 19:00:00+00:00,0.1746,0.1764,0.1733,0.1736,2312681.6
2026-06-26 20:00:00+00:00,0.1736,0.1762,0.1728,0.1741,2573212.1
2026-06-26 21:00:00+00:00,0.174,0.175,0.1728,0.1738,962033.9
2026-06-26 22:00:00+00:00,0.1738,0.1741,0.1726,0.174,1189376.8
2026-06-26 23:00:00+00:00,0.174,0.1779,0.1739,0.1778,2319788.2
2026-06-27 00:00:00+00:00,0.1778,0.1788,0.1755,0.1777,1742172.8
2026-06-27 01:00:00+00:00,0.1777,0.18,0.1768,0.1778,2164773.9
2026-06-27 02:00:00+00:00,0.1779,0.1827,0.1777,0.1821,2375266.3
2026-06-27 03:00:00+00:00,0.182,0.1821,0.1795,0.1812,2548165.3
2026-06-27 04:00:00+00:00,0.1812,0.1815,0.1786,0.1786,2428694.1
2026-06-27 05:00:00+00:00,0.1787,0.1813,0.1777,0.1798,1599185.1
2026-06-27 06:00:00+00:00,0.1798,0.181,0.1776,0.1797,2020700.0
2026-06-27 07:00:00+00:00,0.1798,0.1818,0.1791,0.1809,1499514.9
2026-06-27 08:00:00+00:00,0.1809,0.1812,0.1793,0.1805,1231006.9
2026-06-27 09:00:00+00:00,0.1805,0.181,0.1784,0.1795,1617423.3
2026-06-27 10:00:00+00:00,0.1795,0.1796,0.1785,0.1787,922273.3
2026-06-27 11:00:00+00:00,0.1786,0.1788,0.1771,0.1782,962804.1
2026-06-27 12:00:00+00:00,0.1782,0.1811,0.1775,0.1799,2844336.9
2026-06-27 13:00:00+00:00,0.1799,0.1807,0.1791,0.1807,1056867.2
2026-06-27 14:00:00+00:00,0.1807,0.1818,0.1791,0.1796,2166366.3
2026-06-27 15:00:00+00:00,0.1796,0.1805,0.1786,0.1795,1597697.7
2026-06-27 16:00:00+00:00,0.1795,0.1805,0.1774,0.1778,2306047.1
2026-06-27 17:00:00+00:00,0.1778,0.1778,0.1752,0.1754,1810594.9
2026-06-27 18:00:00+00:00,0.1754,0.1757,0.1745,0.1753,742021.1
2026-06-27 19:00:00+00:00,0.1752,0.1756,0.1721,0.1732,1707869.7
2026-06-27 20:00:00+00:00,0.1732,0.1756,0.1732,0.1739,1056387.0
2026-06-27 21:00:00+00:00,0.174,0.1747,0.1722,0.1729,654344.8
2026-06-27 22:00:00+00:00,0.1728,0.1736,0.1717,0.1735,1094244.9
2026-06-27 23:00:00+00:00,0.1735,0.1739,0.1723,0.1727,575928.2
2026-06-28 00:00:00+00:00,0.1727,0.1746,0.1726,0.1732,554909.0
2026-06-28 01:00:00+00:00,0.1732,0.1734,0.1723,0.1727,1275024.3
2026-06-28 02:00:00+00:00,0.1727,0.175,0.1718,0.1736,1112796.3
2026-06-28 03:00:00+00:00,0.1736,0.1754,0.1726,0.1731,1408205.9
2026-06-28 04:00:00+00:00,0.1731,0.1737,0.1721,0.1728,858583.2
2026-06-28 05:00:00+00:00,0.1728,0.1728,0.171,0.172,1252162.4
2026-06-28 06:00:00+00:00,0.1721,0.1721,0.1702,0.1708,678635.5
2026-06-28 07:00:00+00:00,0.1707,0.1726,0.1705,0.1725,1168204.2
2026-06-28 08:00:00+00:00,0.1725,0.1744,0.1718,0.1733,950393.6
2026-06-28 09:00:00+00:00,0.1733,0.1742,0.172,0.172,844213.6
2026-06-28 10:00:00+00:00,0.1721,0.1727,0.1712,0.1714,420981.1
2026-06-28 11:00:00+00:00,0.1714,0.1724,0.1714,0.1722,599654.2
2026-06-28 12:00:00+00:00,0.1722,0.1734,0.1715,0.1721,819587.6
2026-06-28 13:00:00+00:00,0.172,0.172,0.1705,0.1715,928897.6
2026-06-28 14:00:00+00:00,0.1716,0.1746,0.1713,0.1726,1292368.4
2026-06-28 15:00:00+00:00,0.1726,0.173,0.1716,0.1726,942816.4
2026-06-28 16:00:00+00:00,0.1727,0.1735,0.1717,0.1734,1488392.3
2026-06-28 17:00:00+00:00,0.1735,0.1745,0.1715,0.173,1865798.9
2026-06-28 18:00:00+00:00,0.173,0.1767,0.173,0.174,2356553.8
2026-06-28 19:00:00+00:00,0.174,0.1768,0.1732,0.1768,2497373.4
2026-06-28 20:00:00+00:00,0.1767,0.1798,0.1756,0.1766,3591088.3
2026-06-28 21:00:00+00:00,0.1767,0.1768,0.1738,0.1743,2096463.9
2026-06-28 22:00:00+00:00,0.1744,0.1783,0.1744,0.1748,2938441.3
2026-06-28 23:00:00+00:00,0.1747,0.1797,0.1743,0.1781,2972026.7
2026-06-29 00:00:00+00:00,0.1781,0.1786,0.1745,0.1783,3328503.3
2026-06-29 01:00:00+00:00,0.1783,0.1791,0.1764,0.1784,1150444.6
2026-06-29 02:00:00+00:00,0.1784,0.1812,0.1759,0.1808,3313705.7
2026-06-29 03:00:00+00:00,0.1808,0.1826,0.1797,0.1807,1912175.1
2026-06-29 04:00:00+00:00,0.1809,0.1813,0.1783,0.1786,1213569.1
2026-06-29 05:00:00+00:00,0.1787,0.1788,0.1771,0.1784,566250.4
2026-06-29 06:00:00+00:00,0.1785,0.1802,0.1782,0.1792,1616021.1
2026-06-29 07:00:00+00:00,0.1791,0.1792,0.1777,0.1778,1064079.1
2026-06-29 08:00:00+00:00,0.1777,0.1781,0.1761,0.1763,1670233.3
2026-06-29 09:00:00+00:00,0.1762,0.1776,0.1757,0.1775,1051750.0
2026-06-29 10:00:00+00:00,0.1775,0.1787,0.177,0.1776,886168.6
2026-06-29 11:00:00+00:00,0.1776,0.1782,0.176,0.177,2113784.4
2026-06-29 12:00:00+00:00,0.177,0.181,0.1761,0.1778,2308469.7
2026-06-29 13:00:00+00:00,0.1779,0.1795,0.1756,0.1775,2981625.5
2026-06-29 14:00:00+00:00,0.1776,0.1777,0.1755,0.1775,2649710.9
2026-06-29 15:00:00+00:00,0.1776,0.1776,0.1742,0.176,1529739.1
2026-06-29 16:00:00+00:00,0.1761,0.1762,0.1745,0.1755,803237.8
2026-06-29 17:00:00+00:00,0.1755,0.1802,0.1753,0.1802,2895150.6
2026-06-29 18:00:00+00:00,0.1802,0.1804,0.178,0.1785,1164080.7
2026-06-29 19:00:00+00:00,0.1784,0.1784,0.1769,0.1771,1348740.4
2026-06-29 20:00:00+00:00,0.1771,0.1776,0.1757,0.1758,911800.9
2026-06-29 21:00:00+00:00,0.1758,0.1779,0.1757,0.1768,1280822.7
2026-06-29 22:00:00+00:00,0.1769,0.1772,0.176,0.1764,1236391.2
2026-06-29 23:00:00+00:00,0.1765,0.1774,0.1764,0.1772,563639.7
2026-06-30 00:00:00+00:00,0.1771,0.1776,0.175,0.1752,1020824.6
2026-06-30 01:00:00+00:00,0.1752,0.1753,0.1734,0.1745,1898190.7
2026-06-30 02:00:00+00:00,0.1745,0.1745,0.1734,0.1739,590475.9
2026-06-30 03:00:00+00:00,0.1739,0.1747,0.1728,0.1733,1038066.3
2026-06-30 04:00:00+00:00,0.1732,0.1739,0.1723,0.1725,2692557.5
2026-06-30 05:00:00+00:00,0.1726,0.1737,0.1716,0.1731,8804860.9
2026-06-30 06:00:00+00:00,0.1732,0.1732,0.1716,0.1722,1349138.3
2026-06-30 07:00:00+00:00,0.1723,0.1726,0.1717,0.172,625997.7
2026-06-30 08:00:00+00:00,0.172,0.1722,0.1705,0.1714,2608830.5
2026-06-30 09:00:00+00:00,0.1714,0.1727,0.1699,0.1717,4018547.5
2026-06-30 10:00:00+00:00,0.1717,0.1734,0.1714,0.1724,1457405.5
2026-06-30 11:00:00+00:00,0.1723,0.1723,0.1692,0.1695,1610320.9
2026-06-30 12:00:00+00:00,0.1695,0.1695,0.1676,0.1684,2833816.2
2026-06-30 13:00:00+00:00,0.1684,0.172,0.1684,0.1715,1900291.2
2026-06-30 14:00:00+00:00,0.1715,0.1738,0.1708,0.171,1985383.1
2026-06-30 15:00:00+00:00,0.171,0.1728,0.1704,0.1715,2344261.4
2026-06-30 16:00:00+00:00,0.1715,0.1735,0.1707,0.173,1398843.5
2026-06-30 17:00:00+00:00,0.173,0.1735,0.1718,0.1729,1263160.6
2026-06-30 18:00:00+00:00,0.1728,0.1742,0.1722,0.1737,1107324.2
2026-06-30 19:00:00+00:00,0.1737,0.1738,0.1727,0.1729,927920.3
2026-06-30 20:00:00+00:00,0.1727,0.1733,0.1712,0.1718,1343714.5
2026-06-30 21:00:00+00:00,0.1717,0.1718,0.1705,0.1714,1389739.3
2026-06-30 22:00:00+00:00,0.1713,0.1722,0.1704,0.1709,809576.3
2026-06-30 23:00:00+00:00,0.171,0.1721,0.1706,0.1718,439966.3
2026-07-01 00:00:00+00:00,0.1719,0.1727,0.1715,0.172,637800.9
2026-07-01 01:00:00+00:00,0.172,0.173,0.1677,0.1722,2596244.3
2026-07-01 02:00:00+00:00,0.1722,0.1747,0.1717,0.174,1891589.9
2026-07-01 03:00:00+00:00,0.1741,0.1761,0.1728,0.1753,3098424.6
2026-07-01 04:00:00+00:00,0.1754,0.1765,0.1749,0.1753,1763478.1
2026-07-01 05:00:00+00:00,0.1754,0.1755,0.1742,0.1745,689195.7
2026-07-01 06:00:00+00:00,0.1745,0.1745,0.1721,0.1735,1539418.6
2026-07-01 07:00:00+00:00,0.1735,0.1742,0.1727,0.174,1050178.0
2026-07-01 08:00:00+00:00,0.174,0.1757,0.1732,0.1756,1295151.6
2026-07-01 09:00:00+00:00,0.1755,0.179,0.1752,0.1771,4693301.7
2026-07-01 10:00:00+00:00,0.1771,0.1789,0.1769,0.1782,5665380.0
2026-07-01 11:00:00+00:00,0.1782,0.18,0.1773,0.178,3370710.3
2026-07-01 12:00:00+00:00,0.178,0.1781,0.1767,0.1779,1946196.6
2026-07-01 13:00:00+00:00,0.1779,0.1799,0.1759,0.1796,3469647.3
2026-07-01 14:00:00+00:00,0.1796,0.1805,0.1785,0.1797,4553115.8
2026-07-01 15:00:00+00:00,0.1797,0.1823,0.1796,0.1802,3586780.9
2026-07-01 16:00:00+00:00,0.1803,0.1809,0.1784,0.1786,1477100.6
2026-07-01 17:00:00+00:00,0.1787,0.1796,0.1779,0.1789,1080856.7
2026-07-01 18:00:00+00:00,0.1788,0.1795,0.177,0.1775,1364478.7
2026-07-01 19:00:00+00:00,0.1774,0.1782,0.1762,0.1768,1013044.7
2026-07-01 20:00:00+00:00,0.1768,0.1778,0.1759,0.1774,939816.8
2026-07-01 21:00:00+00:00,0.1775,0.1799,0.1775,0.1797,1551456.3
2026-07-01 22:00:00+00:00,0.1797,0.1815,0.1781,0.1786,2369345.4
2026-07-01 23:00:00+00:00,0.1785,0.1786,0.1774,0.1781,1240407.3
2026-07-02 00:00:00+00:00,0.1781,0.1794,0.1773,0.1787,1449267.0
2026-07-02 01:00:00+00:00,0.1788,0.1816,0.1785,0.1803,1695577.6
2026-07-02 02:00:00+00:00,0.1804,0.1808,0.1794,0.1796,1088508.1
2026-07-02 03:00:00+00:00,0.1797,0.1815,0.1788,0.1813,1738013.0
2026-07-02 04:00:00+00:00,0.1813,0.1816,0.1792,0.1795,1171725.4
2026-07-02 05:00:00+00:00,0.1795,0.1805,0.1782,0.1782,972586.4
2026-07-02 06:00:00+00:00,0.1782,0.179,0.1777,0.1781,718146.1
2026-07-02 07:00:00+00:00,0.1781,0.1782,0.177,0.1777,846569.5
2026-07-02 08:00:00+00:00,0.1778,0.1785,0.1776,0.1784,1392152.3
2026-07-02 09:00:00+00:00,0.1784,0.1799,0.177,0.1792,3628147.0
2026-07-02 10:00:00+00:00,0.1792,0.1805,0.1792,0.1798,1118489.8
2026-07-02 11:00:00+00:00,0.1798,0.1807,0.1793,0.1799,2227717.7
2026-07-02 12:00:00+00:00,0.1798,0.182,0.1794,0.1802,3051020.8
2026-07-02 13:00:00+00:00,0.1802,0.1864,0.1793,0.1857,7824868.2
2026-07-02 14:00:00+00:00,0.1857,0.1862,0.1814,0.1826,4540761.6
2026-07-02 15:00:00+00:00,0.1826,0.1863,0.1818,0.1847,3251356.1
2026-07-02 16:00:00+00:00,0.1847,0.1871,0.1825,0.1835,4289789.7
2026-07-02 17:00:00+00:00,0.1834,0.1872,0.1833,0.1857,2414179.0
2026-07-02 18:00:00+00:00,0.1857,0.1878,0.1855,0.1866,2192714.3
2026-07-02 19:00:00+00:00,0.1867,0.1876,0.185,0.1856,1710844.8
2026-07-02 20:00:00+00:00,0.1857,0.1868,0.1848,0.1852,949138.3
2026-07-02 21:00:00+00:00,0.1852,0.1856,0.1839,0.1845,530418.8
2026-07-02 22:00:00+00:00,0.1845,0.1849,0.1831,0.1839,892533.2
2026-07-02 23:00:00+00:00,0.1838,0.1841,0.1831,0.1833,909876.5
2026-07-03 00:00:00+00:00,0.1834,0.1839,0.1826,0.183,1755059.8
2026-07-03 01:00:00+00:00,0.183,0.1858,0.183,0.1848,1552000.8
2026-07-03 02:00:00+00:00,0.1849,0.1854,0.1834,0.184,1800346.4
2026-07-03 03:00:00+00:00,0.1839,0.1848,0.183,0.1845,565828.8
2026-07-03 04:00:00+00:00,0.1846,0.1846,0.1832,0.1838,555460.0
2026-07-03 05:00:00+00:00,0.1838,0.1866,0.1837,0.1861,1249276.8
2026-07-03 06:00:00+00:00,0.1861,0.1886,0.1857,0.1884,2587717.6
2026-07-03 07:00:00+00:00,0.1884,0.19,0.1867,0.1878,2976967.3
2026-07-03 08:00:00+00:00,0.1879,0.1885,0.1868,0.1874,1307730.8
2026-07-03 09:00:00+00:00,0.1874,0.1881,0.1867,0.1875,881906.8
2026-07-03 10:00:00+00:00,0.1875,0.1877,0.1861,0.1871,1556011.9
2026-07-03 11:00:00+00:00,0.1871,0.1892,0.1866,0.1868,2460051.0
2026-07-03 12:00:00+00:00,0.1868,0.1873,0.1863,0.1863,1426764.6
2026-07-03 13:00:00+00:00,0.1864,0.1881,0.1862,0.1877,1313276.3
2026-07-03 14:00:00+00:00,0.1877,0.1883,0.1849,0.188,2988014.3
2026-07-03 15:00:00+00:00,0.1881,0.1882,0.1859,0.1862,1471525.1
2026-07-03 16:00:00+00:00,0.1862,0.1877,0.1859,0.1876,1175419.8
2026-07-03 17:00:00+00:00,0.1876,0.1887,0.1868,0.1876,1303517.4
2026-07-03 18:00:00+00:00,0.1877,0.1885,0.1873,0.1877,1363688.6
2026-07-03 19:00:00+00:00,0.1877,0.1893,0.1874,0.1885,988049.8
2026-07-03 20:00:00+00:00,0.1885,0.1902,0.1881,0.1895,1993217.6
2026-07-03 21:00:00+00:00,0.1895,0.1908,0.1881,0.1902,1479393.4
2026-07-03 22:00:00+00:00,0.1902,0.1903,0.1888,0.1891,1001595.0
2026-07-03 23:00:00+00:00,0.1891,0.1893,0.1873,0.1878,678321.1
2026-07-04 00:00:00+00:00,0.1878,0.1894,0.1875,0.1878,964062.1
2026-07-04 01:00:00+00:00,0.1878,0.1878,0.186,0.186,1824850.1
2026-07-04 02:00:00+00:00,0.186,0.1865,0.1852,0.1859,760031.8
2026-07-04 03:00:00+00:00,0.186,0.1869,0.1856,0.1859,637158.9
2026-07-04 04:00:00+00:00,0.1859,0.1872,0.1853,0.1869,865075.2
2026-07-04 05:00:00+00:00,0.1868,0.1868,0.1852,0.186,849834.8
2026-07-04 06:00:00+00:00,0.186,0.1868,0.1837,0.1843,1705164.0
2026-07-04 07:00:00+00:00,0.1843,0.185,0.1835,0.1843,1186135.9
2026-07-04 08:00:00+00:00,0.1842,0.1848,0.1836,0.1845,654576.3
2026-07-04 09:00:00+00:00,0.1846,0.1849,0.183,0.1839,1178937.3
2026-07-04 10:00:00+00:00,0.1838,0.1851,0.1833,0.1846,1188834.9
2026-07-04 11:00:00+00:00,0.1845,0.1854,0.1837,0.1852,1827655.6
2026-07-04 12:00:00+00:00,0.1852,0.188,0.1852,0.1861,1812155.0
2026-07-04 13:00:00+00:00,0.186,0.1862,0.1846,0.1854,2209854.7
2026-07-04 14:00:00+00:00,0.1854,0.1858,0.1841,0.1846,1460089.5
2026-07-04 15:00:00+00:00,0.1847,0.1866,0.1842,0.1864,2393562.6
2026-07-04 16:00:00+00:00,0.1864,0.187,0.1843,0.1848,3680746.8
2026-07-04 17:00:00+00:00,0.1848,0.1874,0.184,0.1865,4218121.2
2026-07-04 18:00:00+00:00,0.1865,0.1868,0.1851,0.1864,2402560.0
2026-07-04 19:00:00+00:00,0.1863,0.1887,0.1862,0.1872,3309442.9
2026-07-04 20:00:00+00:00,0.1872,0.1874,0.1848,0.1858,3237512.8
2026-07-04 21:00:00+00:00,0.1859,0.1859,0.1847,0.1856,1841123.0
2026-07-04 22:00:00+00:00,0.1855,0.1858,0.1838,0.1844,2361532.0
2026-07-04 23:00:00+00:00,0.1844,0.1845,0.1821,0.1827,2085426.0
2026-07-05 00:00:00+00:00,0.1826,0.1828,0.1782,0.1796,3626868.4
2026-07-05 01:00:00+00:00,0.1796,0.18,0.1779,0.1789,3053711.0
2026-07-05 02:00:00+00:00,0.1788,0.1789,0.1758,0.1765,2880082.2
2026-07-05 03:00:00+00:00,0.1764,0.1771,0.176,0.1766,1586302.3
2026-07-05 04:00:00+00:00,0.1765,0.1788,0.1761,0.1776,3468159.0
2026-07-05 05:00:00+00:00,0.1776,0.1776,0.1761,0.1771,1879833.5
2026-07-05 06:00:00+00:00,0.1772,0.1773,0.1763,0.177,1119492.0
2026-07-05 07:00:00+00:00,0.177,0.1779,0.1764,0.1777,2206444.4
2026-07-05 08:00:00+00:00,0.1777,0.178,0.1769,0.1769,1396064.4
2026-07-05 09:00:00+00:00,0.177,0.1774,0.1752,0.1756,2849730.4
2026-07-05 10:00:00+00:00,0.1755,0.1758,0.174,0.1754,3258260.1
2026-07-05 11:00:00+00:00,0.1754,0.1756,0.1747,0.1749,1470892.6
2026-07-05 12:00:00+00:00,0.1749,0.1764,0.1744,0.1759,1777498.6
2026-07-05 13:00:00+00:00,0.1759,0.1769,0.1756,0.1766,1853523.4
2026-07-05 14:00:00+00:00,0.1766,0.1767,0.1753,0.1766,1483890.7
2026-07-05 15:00:00+00:00,0.1767,0.1779,0.1751,0.176,3303478.7
2026-07-05 16:00:00+00:00,0.176,0.1761,0.1741,0.1748,1850595.6
2026-07-05 17:00:00+00:00,0.1748,0.1764,0.1747,0.1753,2045180.8
2026-07-05 18:00:00+00:00,0.1753,0.1764,0.175,0.1759,1832129.9
2026-07-05 19:00:00+00:00,0.1759,0.1765,0.1752,0.1757,1960839.8
2026-07-05 20:00:00+00:00,0.1757,0.1764,0.175,0.1755,2536321.3
2026-07-05 21:00:00+00:00,0.1754,0.1785,0.175,0.1779,2696359.1
2026-07-05 22:00:00+00:00,0.178,0.1809,0.1775,0.1803,3654510.7
2026-07-05 23:00:00+00:00,0.1803,0.1809,0.1788,0.1796,3709348.5
2026-07-06 00:00:00+00:00,0.1796,0.1797,0.1764,0.1774,2508989.2
2026-07-06 01:00:00+00:00,0.1775,0.178,0.1754,0.1757,2769734.4
2026-07-06 02:00:00+00:00,0.1757,0.1772,0.175,0.1756,2224964.8
2026-07-06 03:00:00+00:00,0.1756,0.1763,0.1721,0.1732,6639117.9
2026-07-06 04:00:00+00:00,0.1733,0.1733,0.1715,0.1719,3367024.5
2026-07-06 05:00:00+00:00,0.1718,0.1719,0.1703,0.1714,3303595.5
2026-07-06 06:00:00+00:00,0.1714,0.1718,0.1707,0.1711,2559237.4
2026-07-06 07:00:00+00:00,0.171,0.1725,0.1706,0.1717,2354159.8
2026-07-06 08:00:00+00:00,0.1717,0.1719,0.17,0.1711,3577128.5
2026-07-06 09:00:00+00:00,0.171,0.1712,0.17,0.1704,2123081.1
2026-07-06 10:00:00+00:00,0.1703,0.1716,0.1703,0.1711,2140991.6
2026-07-06 11:00:00+00:00,0.1711,0.1716,0.1693,0.1694,2893773.7
2026-07-06 12:00:00+00:00,0.1693,0.1693,0.1653,0.1673,8648375.7
2026-07-06 13:00:00+00:00,0.1673,0.171,0.1661,0.1699,4930915.6
2026-07-06 14:00:00+00:00,0.1699,0.1712,0.1687,0.169,2771139.8
2026-07-06 15:00:00+00:00,0.1691,0.1725,0.1691,0.1722,4242430.7
2026-07-06 16:00:00+00:00,0.1722,0.174,0.1715,0.1732,3920155.1
2026-07-06 17:00:00+00:00,0.1731,0.1743,0.1723,0.1726,2576294.9
2026-07-06 18:00:00+00:00,0.1726,0.174,0.1721,0.1733,2568715.6
2026-07-06 19:00:00+00:00,0.1733,0.1743,0.1728,0.173,2587816.0
2026-07-06 20:00:00+00:00,0.1731,0.1732,0.1724,0.1728,1164582.5
2026-07-06 21:00:00+00:00,0.1728,0.1774,0.1728,0.1748,3397138.8
2026-07-06 22:00:00+00:00,0.1748,0.175,0.1723,0.1726,2177707.2
2026-07-06 23:00:00+00:00,0.1726,0.1731,0.1712,0.1715,2621195.4
2026-07-07 00:00:00+00:00,0.1716,0.1727,0.1709,0.1721,1710143.3
2026-07-07 01:00:00+00:00,0.1721,0.1721,0.1698,0.1703,2275369.3
2026-07-07 02:00:00+00:00,0.1703,0.1704,0.1681,0.1684,2525551.9
2026-07-07 03:00:00+00:00,0.1684,0.1689,0.1668,0.1671,4163150.2
2026-07-07 04:00:00+00:00,0.1671,0.1679,0.1668,0.1673,2703481.7
2026-07-07 05:00:00+00:00,0.1674,0.1686,0.1663,0.168,2543498.6
2026-07-07 06:00:00+00:00,0.168,0.1693,0.1675,0.1688,2709393.4
2026-07-07 07:00:00+00:00,0.1687,0.1691,0.1678,0.1679,1836365.7
2026-07-07 08:00:00+00:00,0.1679,0.1686,0.1672,0.1676,1872898.0
2026-07-07 09:00:00+00:00,0.1676,0.168,0.1672,0.1675,1334646.5
2026-07-07 10:00:00+00:00,0.1675,0.1683,0.1667,0.167,2304165.5
2026-07-07 11:00:00+00:00,0.1669,0.1681,0.1664,0.168,2308819.8
2026-07-07 12:00:00+00:00,0.1681,0.1688,0.1673,0.1674,2390123.9
2026-07-07 13:00:00+00:00,0.1674,0.1674,0.1654,0.1657,5355826.3
2026-07-07 14:00:00+00:00,0.1657,0.1662,0.1631,0.1661,5483728.6
2026-07-07 15:00:00+00:00,0.1661,0.1681,0.1653,0.1679,4124607.9
2026-07-07 16:00:00+00:00,0.1679,0.169,0.1675,0.1681,3799703.6
2026-07-07 17:00:00+00:00,0.168,0.1686,0.1675,0.1682,1432501.6
2026-07-07 18:00:00+00:00,0.1682,0.1682,0.1644,0.1648,2820577.7
2026-07-07 19:00:00+00:00,0.1647,0.1654,0.1638,0.1644,3521776.7
2026-07-07 20:00:00+00:00,0.1645,0.1649,0.1637,0.164,2475637.8
2026-07-07 21:00:00+00:00,0.1641,0.165,0.1633,0.164,2730268.8
2026-07-07 22:00:00+00:00,0.1639,0.1644,0.1621,0.1641,2574038.0
2026-07-07 23:00:00+00:00,0.1641,0.1644,0.1633,0.1637,1548118.8
2026-07-08 00:00:00+00:00,0.1638,0.1644,0.1624,0.1625,2820413.6
2026-07-08 01:00:00+00:00,0.1625,0.1625,0.1602,0.1617,3409280.2
2026-07-08 02:00:00+00:00,0.1616,0.1625,0.16,0.162,4151439.8
2026-07-08 03:00:00+00:00,0.1621,0.1627,0.1612,0.1616,2035563.2
2026-07-08 04:00:00+00:00,0.1617,0.1633,0.1611,0.1625,5102143.9
2026-07-08 05:00:00+00:00,0.1625,0.1625,0.1602,0.161,3193421.1
2026-07-08 06:00:00+00:00,0.161,0.1612,0.16,0.1609,3006723.6
2026-07-08 07:00:00+00:00,0.1609,0.1612,0.1597,0.1604,4983964.2
2026-07-08 08:00:00+00:00,0.1603,0.1614,0.1576,0.1582,7294748.6
2026-07-08 09:00:00+00:00,0.1582,0.1583,0.1559,0.1573,4849322.5
2026-07-08 10:00:00+00:00,0.1573,0.1576,0.1561,0.1573,2850936.4
2026-07-08 11:00:00+00:00,0.1574,0.1593,0.1568,0.1584,1820929.0
2026-07-08 12:00:00+00:00,0.1584,0.1589,0.1572,0.1573,1829140.6
2026-07-08 13:00:00+00:00,0.1574,0.1582,0.1567,0.158,1908020.9
2026-07-08 14:00:00+00:00,0.1581,0.1585,0.1567,0.1571,3123479.5
2026-07-08 15:00:00+00:00,0.1572,0.1573,0.1546,0.155,4383048.1
2026-07-08 16:00:00+00:00,0.1551,0.1581,0.1548,0.1578,3822981.2
2026-07-08 17:00:00+00:00,0.1578,0.1585,0.1574,0.1574,1456714.2
2026-07-08 18:00:00+00:00,0.1574,0.159,0.1573,0.1585,1030747.7
2026-07-08 19:00:00+00:00,0.1585,0.1599,0.158,0.1595,2576679.0
2026-07-08 20:00:00+00:00,0.1595,0.1597,0.1575,0.1578,2832235.5
2026-07-08 21:00:00+00:00,0.1578,0.1585,0.1569,0.1584,673937.5
2026-07-08 22:00:00+00:00,0.1584,0.1596,0.1584,0.1596,618839.5
2026-07-08 23:00:00+00:00,0.1596,0.16,0.159,0.1598,998777.2
2026-07-09 00:00:00+00:00,0.1599,0.1617,0.1589,0.1593,3551903.9
2026-07-09 01:00:00+00:00,0.1593,0.1607,0.1578,0.1581,2074630.9
2026-07-09 02:00:00+00:00,0.1581,0.1592,0.1579,0.1582,421461.3
2026-07-09 03:00:00+00:00,0.1582,0.1585,0.1573,0.1584,908898.5
2026-07-09 04:00:00+00:00,0.1585,0.1598,0.1578,0.1597,1409410.7
2026-07-09 05:00:00+00:00,0.1597,0.1613,0.1588,0.1611,1930756.0
2026-07-09 06:00:00+00:00,0.1611,0.1635,0.1603,0.162,5742376.5
2026-07-09 07:00:00+00:00,0.1621,0.1624,0.1607,0.161,2004281.1
2026-07-09 08:00:00+00:00,0.1611,0.1614,0.1605,0.1607,1942323.2
2026-07-09 09:00:00+00:00,0.1607,0.1612,0.16,0.1601,1569390.7
2026-07-09 10:00:00+00:00,0.1602,0.1605,0.1588,0.1594,2167185.8
2026-07-09 11:00:00+00:00,0.1593,0.1606,0.1591,0.1604,887331.5
2026-07-09 12:00:00+00:00,0.1604,0.1607,0.1589,0.1594,2092313.8
2026-07-09 13:00:00+00:00,0.1593,0.1609,0.1588,0.1606,1256445.3
2026-07-09 14:00:00+00:00,0.1607,0.1611,0.1598,0.1602,923223.8
2026-07-09 15:00:00+00:00,0.1602,0.1604,0.1591,0.1593,2101358.1
2026-07-09 16:00:00+00:00,0.1594,0.1604,0.1586,0.1592,1143502.0
2026-07-09 17:00:00+00:00,0.1592,0.1608,0.1588,0.1606,841166.0
2026-07-09 18:00:00+00:00,0.1606,0.1616,0.1605,0.1607,760334.5
2026-07-09 19:00:00+00:00,0.1606,0.1609,0.1596,0.1598,1581359.8
2026-07-09 20:00:00+00:00,0.1598,0.1605,0.1596,0.1605,523259.0
2026-07-09 21:00:00+00:00,0.1605,0.1608,0.1597,0.1602,304087.7
2026-07-09 22:00:00+00:00,0.1602,0.1608,0.1601,0.1606,545692.5
2026-07-09 23:00:00+00:00,0.1605,0.1608,0.1594,0.1596,608446.8
2026-07-10 00:00:00+00:00,0.1597,0.1601,0.1589,0.1599,707182.8
2026-07-10 01:00:00+00:00,0.16,0.163,0.1595,0.1623,1659842.2
2026-07-10 02:00:00+00:00,0.1623,0.1625,0.1616,0.162,1082165.6
2026-07-10 03:00:00+00:00,0.162,0.1624,0.1616,0.162,491106.1
2026-07-10 04:00:00+00:00,0.1621,0.163,0.1615,0.1627,556612.9
2026-07-10 05:00:00+00:00,0.1627,0.1635,0.1624,0.163,925412.8
2026-07-10 06:00:00+00:00,0.163,0.1631,0.1616,0.1616,664151.8
2026-07-10 07:00:00+00:00,0.1617,0.1621,0.1613,0.1615,733553.2
2026-07-10 08:00:00+00:00,0.1616,0.1633,0.1615,0.1624,1559489.5
2026-07-10 09:00:00+00:00,0.1623,0.1628,0.161,0.1628,1149250.1
2026-07-10 10:00:00+00:00,0.1628,0.1643,0.1623,0.1634,1917654.2
2026-07-10 11:00:00+00:00,0.1634,0.164,0.163,0.164,761324.1
2026-07-10 12:00:00+00:00,0.164,0.1651,0.1636,0.1637,1774667.9
2026-07-10 13:00:00+00:00,0.1637,0.1639,0.163,0.1633,1252606.1
2026-07-10 14:00:00+00:00,0.1632,0.1634,0.1596,0.1613,2814828.7
2026-07-10 15:00:00+00:00,0.1613,0.1621,0.1611,0.1618,769845.9
2026-07-10 16:00:00+00:00,0.1618,0.1623,0.161,0.1621,728428.1
2026-07-10 17:00:00+00:00,0.1621,0.1623,0.161,0.161,550150.5
2026-07-10 18:00:00+00:00,0.1611,0.1617,0.1593,0.1604,3115770.7
2026-07-10 19:00:00+00:00,0.1604,0.1614,0.1602,0.1607,848462.4
2026-07-10 20:00:00+00:00,0.1606,0.1615,0.1603,0.1609,624810.7
2026-07-10 21:00:00+00:00,0.1609,0.1621,0.1608,0.1618,1180019.0
2026-07-10 22:00:00+00:00,0.1618,0.1626,0.1618,0.1626,793316.0
2026-07-10 23:00:00+00:00,0.1626,0.1629,0.162,0.1623,557274.4
2026-07-11 00:00:00+00:00,0.1622,0.1628,0.1617,0.1628,1218445.7
2026-07-11 01:00:00+00:00,0.1628,0.1631,0.1617,0.1619,950129.2
2026-07-11 02:00:00+00:00,0.1618,0.1623,0.1617,0.1622,426896.8
2026-07-11 03:00:00+00:00,0.1623,0.1629,0.162,0.1624,554068.4
2026-07-11 04:00:00+00:00,0.1624,0.1625,0.1618,0.162,298174.7
2026-07-11 05:00:00+00:00,0.1619,0.1624,0.1618,0.1621,602397.8
2026-07-11 06:00:00+00:00,0.162,0.1625,0.1614,0.1615,862786.9
2026-07-11 07:00:00+00:00,0.1614,0.1616,0.1608,0.161,633502.9
2026-07-11 08:00:00+00:00,0.1611,0.1615,0.1609,0.1615,670673.1
2026-07-11 09:00:00+00:00,0.1615,0.1623,0.1615,0.1615,613602.3
2026-07-11 10:00:00+00:00,0.1615,0.1618,0.1611,0.1612,390699.2
2026-07-11 11:00:00+00:00,0.1613,0.1622,0.1611,0.1622,496411.2
2026-07-11 12:00:00+00:00,0.1622,0.1625,0.1614,0.1622,535448.5
2026-07-11 13:00:00+00:00,0.1622,0.1627,0.1619,0.1624,808322.1
2026-07-11 14:00:00+00:00,0.1624,0.1639,0.1623,0.1633,1498224.4
2026-07-11 15:00:00+00:00,0.1633,0.1642,0.1621,0.1631,1610005.2
2026-07-11 16:00:00+00:00,0.163,0.1636,0.1622,0.1634,793830.4
2026-07-11 17:00:00+00:00,0.1635,0.1637,0.163,0.1631,789729.8
2026-07-11 18:00:00+00:00,0.163,0.1636,0.1627,0.1629,911694.1
2026-07-11 19:00:00+00:00,0.1628,0.163,0.1624,0.1629,433653.2
2026-07-11 20:00:00+00:00,0.1629,0.1633,0.1627,0.1627,464374.3
2026-07-11 21:00:00+00:00,0.1628,0.1632,0.1622,0.1624,631178.2
2026-07-11 22:00:00+00:00,0.1624,0.1624,0.1609,0.1612,918938.9
2026-07-11 23:00:00+00:00,0.1611,0.1615,0.1583,0.1587,3875238.0
2026-07-12 00:00:00+00:00,0.1587,0.1594,0.1579,0.1585,2262255.5
2026-07-12 01:00:00+00:00,0.1584,0.1606,0.1584,0.1605,909598.4
2026-07-12 02:00:00+00:00,0.1604,0.1609,0.16,0.1608,381732.6
2026-07-12 03:00:00+00:00,0.1607,0.1615,0.1604,0.1607,1089903.8
2026-07-12 04:00:00+00:00,0.1608,0.1611,0.1596,0.1599,401262.4
2026-07-12 05:00:00+00:00,0.1599,0.1603,0.1593,0.1598,359890.8
2026-07-12 06:00:00+00:00,0.1598,0.1598,0.1588,0.1595,631682.2
2026-07-12 07:00:00+00:00,0.1596,0.1598,0.1593,0.1596,367801.9
2026-07-12 08:00:00+00:00,0.1596,0.1609,0.1595,0.1603,1209056.2
2026-07-12 09:00:00+00:00,0.1603,0.1606,0.1593,0.1604,501850.9
2026-07-12 10:00:00+00:00,0.1604,0.1605,0.1597,0.16,788736.7
2026-07-12 11:00:00+00:00,0.1599,0.1608,0.1594,0.1606,551756.1
2026-07-12 12:00:00+00:00,0.1606,0.161,0.1601,0.1604,780928.1
2026-07-12 13:00:00+00:00,0.1603,0.1606,0.1598,0.1598,405831.4
2026-07-12 14:00:00+00:00,0.1599,0.1607,0.1594,0.1606,702204.2
2026-07-12 15:00:00+00:00,0.1606,0.1607,0.1597,0.1598,447010.6
2026-07-12 16:00:00+00:00,0.1598,0.16,0.1594,0.1595,541325.1
2026-07-12 17:00:00+00:00,0.1595,0.1598,0.1585,0.1589,1181582.8
2026-07-12 18:00:00+00:00,0.1589,0.1593,0.1585,0.1591,488258.8
2026-07-12 19:00:00+00:00,0.159,0.1599,0.159,0.1599,805725.2
2026-07-12 20:00:00+00:00,0.1599,0.1599,0.159,0.1596,957315.5
2026-07-12 21:00:00+00:00,0.1596,0.1603,0.1585,0.159,1237904.6
2026-07-12 22:00:00+00:00,0.1589,0.1589,0.1568,0.1581,2834327.0
2026-07-12 23:00:00+00:00,0.1582,0.1587,0.1577,0.1584,824930.6
2026-07-13 00:00:00+00:00,0.1584,0.1611,0.1582,0.1597,2903347.8
2026-07-13 01:00:00+00:00,0.1597,0.1598,0.1573,0.1575,864388.6
2026-07-13 02:00:00+00:00,0.1574,0.1584,0.1569,0.1579,916703.5
2026-07-13 03:00:00+00:00,0.1579,0.1579,0.1557,0.1573,1852852.0
2026-07-13 04:00:00+00:00,0.1572,0.1583,0.1569,0.1577,754048.7
2026-07-13 05:00:00+00:00,0.1577,0.1589,0.1572,0.1586,1348081.7
2026-07-13 06:00:00+00:00,0.1587,0.1589,0.1581,0.1587,376488.3
2026-07-13 07:00:00+00:00,0.1587,0.1609,0.1585,0.1605,3162559.7
2026-07-13 08:00:00+00:00,0.1606,0.1608,0.1598,0.1604,1231413.9
2026-07-13 09:00:00+00:00,0.1604,0.1609,0.1602,0.1602,589958.9
2026-07-13 10:00:00+00:00,0.1602,0.1606,0.1595,0.1605,1020838.0
2026-07-13 11:00:00+00:00,0.1605,0.1608,0.1598,0.1601,558333.4
2026-07-13 12:00:00+00:00,0.1601,0.1604,0.1587,0.1593,1309480.8
2026-07-13 13:00:00+00:00,0.1594,0.1596,0.1584,0.1592,1322384.5
2026-07-13 14:00:00+00:00,0.1593,0.1608,0.1587,0.1606,2369158.5
2026-07-13 15:00:00+00:00,0.1607,0.161,0.1594,0.1596,1064236.8
2026-07-13 16:00:00+00:00,0.1597,0.1599,0.1585,0.1591,1126470.8
2026-07-13 17:00:00+00:00,0.1592,0.1595,0.1578,0.1578,1603453.5
2026-07-13 18:00:00+00:00,0.1578,0.1592,0.1578,0.1586,1102547.2
2026-07-13 19:00:00+00:00,0.1587,0.1595,0.1585,0.1592,921950.8
2026-07-13 20:00:00+00:00,0.1592,0.1592,0.1576,0.1583,792585.6
2026-07-13 21:00:00+00:00,0.1582,0.1583,0.1548,0.1566,2152786.2
2026-07-13 22:00:00+00:00,0.1567,0.1573,0.1564,0.1565,554078.4
2026-07-13 23:00:00+00:00,0.1564,0.1581,0.1563,0.158,1377904.7
2026-07-14 00:00:00+00:00,0.158,0.16,0.1574,0.1599,1392355.2
2026-07-14 01:00:00+00:00,0.1599,0.1603,0.1594,0.1595,1282218.4
2026-07-14 02:00:00+00:00,0.1595,0.1603,0.1587,0.16,1240190.0
2026-07-14 03:00:00+00:00,0.1601,0.1602,0.1592,0.1601,676354.5
2026-07-14 04:00:00+00:00,0.1601,0.161,0.1595,0.1604,1374177.6
2026-07-14 05:00:00+00:00,0.1604,0.1609,0.1602,0.1603,793022.3
2026-07-14 06:00:00+00:00,0.1603,0.1606,0.16,0.1606,495535.5
2026-07-14 07:00:00+00:00,0.1606,0.1615,0.1603,0.161,1243906.9
2026-07-14 08:00:00+00:00,0.1609,0.1618,0.1601,0.1602,1035057.5
2026-07-14 09:00:00+00:00,0.1601,0.1609,0.1596,0.1596,774718.0
2026-07-14 10:00:00+00:00,0.1596,0.1602,0.1595,0.1597,995709.4
2026-07-14 11:00:00+00:00,0.1598,0.1604,0.1595,0.1602,804876.5
2026-07-14 12:00:00+00:00,0.1602,0.1628,0.1598,0.1626,4044410.1
2026-07-14 13:00:00+00:00,0.1626,0.1639,0.1619,0.1621,2772418.5
2026-07-14 14:00:00+00:00,0.1621,0.1631,0.1615,0.1628,2310205.4
2026-07-14 15:00:00+00:00,0.1628,0.1635,0.1621,0.1622,1336678.5
2026-07-14 16:00:00+00:00,0.1622,0.1632,0.1617,0.1627,1303178.0
2026-07-14 17:00:00+00:00,0.1627,0.1633,0.1618,0.1628,717169.3
2026-07-14 18:00:00+00:00,0.1628,0.1631,0.1621,0.163,826667.6
2026-07-14 19:00:00+00:00,0.1629,0.1634,0.1625,0.1628,911315.4
2026-07-14 20:00:00+00:00,0.1628,0.1629,0.1623,0.1628,416600.4
2026-07-14 21:00:00+00:00,0.1629,0.1633,0.1623,0.1627,553882.8
2026-07-14 22:00:00+00:00,0.1627,0.1632,0.1621,0.1626,949670.3
2026-07-14 23:00:00+00:00,0.1626,0.1629,0.1623,0.1624,618947.2
2026-07-15 00:00:00+00:00,0.1624,0.1625,0.1616,0.1621,794494.7
2026-07-15 01:00:00+00:00,0.1621,0.1624,0.1616,0.1621,463302.5
2026-07-15 02:00:00+00:00,0.1621,0.1621,0.1602,0.1604,1580133.9
2026-07-15 03:00:00+00:00,0.1604,0.1613,0.1603,0.1611,1196204.6
2026-07-15 04:00:00+00:00,0.1611,0.1614,0.1606,0.161,782927.1
2026-07-15 05:00:00+00:00,0.1611,0.1619,0.1605,0.1617,439037.8
2026-07-15 06:00:00+00:00,0.1618,0.163,0.1616,0.1616,1014248.2
2026-07-15 07:00:00+00:00,0.1616,0.1617,0.1602,0.1605,770254.8
2026-07-15 08:00:00+00:00,0.1605,0.1607,0.1602,0.1605,690581.3
2026-07-15 09:00:00+00:00,0.1606,0.162,0.1606,0.1612,1187459.3
2026-07-15 10:00:00+00:00,0.1612,0.1617,0.1606,0.1606,803550.5
2026-07-15 11:00:00+00:00,0.1607,0.1615,0.1605,0.1614,910152.4
2026-07-15 12:00:00+00:00,0.1614,0.1636,0.1609,0.1633,2659910.3
2026-07-15 13:00:00+00:00,0.1634,0.1645,0.1621,0.1627,4763958.7
2026-07-15 14:00:00+00:00,0.1627,0.1632,0.1619,0.1631,2010238.4
2026-07-15 15:00:00+00:00,0.1631,0.1631,0.1623,0.1626,1083617.6
2026-07-15 16:00:00+00:00,0.1626,0.1627,0.1602,0.1612,2229073.4
2026-07-15 17:00:00+00:00,0.1612,0.1618,0.1607,0.1615,1334010.0
2026-07-15 18:00:00+00:00,0.1616,0.162,0.1606,0.1608,783970.3
2026-07-15 19:00:00+00:00,0.1608,0.1612,0.1604,0.1609,775194.0
2026-07-15 20:00:00+00:00,0.1609,0.1621,0.1609,0.162,1085535.8
2026-07-15 21:00:00+00:00,0.1619,0.1623,0.161,0.1612,744507.3
2026-07-15 22:00:00+00:00,0.1612,0.1616,0.1607,0.1608,684915.5
2026-07-15 23:00:00+00:00,0.1608,0.1612,0.1603,0.1606,836397.0
2026-07-16 00:00:00+00:00,0.1607,0.162,0.1598,0.16,1632622.0
2026-07-16 01:00:00+00:00,0.1601,0.1606,0.1589,0.1603,1350235.6
2026-07-16 02:00:00+00:00,0.1603,0.1611,0.16,0.1611,642683.8
2026-07-16 03:00:00+00:00,0.1611,0.1612,0.1599,0.1603,574654.8
2026-07-16 04:00:00+00:00,0.1604,0.1604,0.1597,0.1599,634970.1
2026-07-16 05:00:00+00:00,0.16,0.161,0.1599,0.1607,988369.2
2026-07-16 06:00:00+00:00,0.1607,0.1611,0.1595,0.1602,1239223.6
2026-07-16 07:00:00+00:00,0.1603,0.1604,0.1582,0.1591,1525969.2
2026-07-16 08:00:00+00:00,0.159,0.1591,0.1574,0.1585,3587427.4
2026-07-16 09:00:00+00:00,0.1586,0.1588,0.1578,0.1578,1232793.1
2026-07-16 10:00:00+00:00,0.1578,0.1584,0.1577,0.158,713750.3
2026-07-16 11:00:00+00:00,0.1581,0.1586,0.1577,0.1584,1613199.4
2026-07-16 12:00:00+00:00,0.1585,0.1588,0.1578,0.1581,1656178.3
2026-07-16 13:00:00+00:00,0.1581,0.1602,0.1581,0.16,1714967.9
2026-07-16 14:00:00+00:00,0.16,0.1607,0.1599,0.1605,1263457.1
2026-07-16 15:00:00+00:00,0.1606,0.1607,0.159,0.1602,1400062.0
2026-07-16 16:00:00+00:00,0.1601,0.1601,0.1592,0.1598,617997.6
2026-07-16 17:00:00+00:00,0.1597,0.1597,0.1584,0.1593,977701.2
2026-07-16 18:00:00+00:00,0.1592,0.16,0.1589,0.1595,584709.1
2026-07-16 19:00:00+00:00,0.1595,0.1597,0.1593,0.1594,506134.1
2026-07-16 20:00:00+00:00,0.1594,0.1595,0.1589,0.1592,377397.8
2026-07-16 21:00:00+00:00,0.1592,0.1599,0.1591,0.1593,448202.4
2026-07-16 22:00:00+00:00,0.1594,0.1598,0.1585,0.1587,736403.8
2026-07-16 23:00:00+00:00,0.1588,0.1589,0.1575,0.158,1580237.1
2026-07-17 00:00:00+00:00,0.1581,0.1595,0.1578,0.1595,568189.3
2026-07-17 01:00:00+00:00,0.1595,0.1598,0.1576,0.1577,1079264.7
2026-07-17 02:00:00+00:00,0.1577,0.1583,0.1566,0.1572,1198940.0
2026-07-17 03:00:00+00:00,0.1573,0.1585,0.1566,0.1581,468348.3
2026-07-17 04:00:00+00:00,0.1581,0.1588,0.1575,0.1586,751419.3
2026-07-17 05:00:00+00:00,0.1586,0.1592,0.1571,0.1574,1042817.2
2026-07-17 06:00:00+00:00,0.1573,0.1585,0.1569,0.1581,1138052.9
2026-07-17 07:00:00+00:00,0.1581,0.1581,0.1573,0.1576,765173.9
2026-07-17 08:00:00+00:00,0.1575,0.1582,0.1567,0.158,639215.0
2026-07-17 09:00:00+00:00,0.1579,0.1594,0.1578,0.1592,1263910.8
2026-07-17 10:00:00+00:00,0.1592,0.1606,0.1592,0.1592,1348806.2
2026-07-17 11:00:00+00:00,0.1592,0.1597,0.1589,0.1592,717842.7
2026-07-17 12:00:00+00:00,0.1592,0.1594,0.1584,0.1585,1050139.0
2026-07-17 13:00:00+00:00,0.1584,0.1587,0.1561,0.1586,3823275.3
2026-07-17 14:00:00+00:00,0.1585,0.161,0.1585,0.16,3763451.0
2026-07-17 15:00:00+00:00,0.16,0.1604,0.1588,0.1601,2287978.5
2026-07-17 16:00:00+00:00,0.1601,0.1605,0.1594,0.1594,2308207.8
2026-07-17 17:00:00+00:00,0.1595,0.1607,0.1595,0.1602,956556.8
2026-07-17 18:00:00+00:00,0.1603,0.1609,0.1597,0.1605,761463.2
2026-07-17 19:00:00+00:00,0.1605,0.1615,0.1591,0.1596,1882840.5
2026-07-17 20:00:00+00:00,0.1595,0.16,0.1593,0.16,751418.3
2026-07-17 21:00:00+00:00,0.1599,0.1602,0.1595,0.1595,408308.0
2026-07-17 22:00:00+00:00,0.1595,0.1599,0.1594,0.1599,401467.8
2026-07-17 23:00:00+00:00,0.1598,0.16,0.1593,0.1595,545740.4
2026-07-18 00:00:00+00:00,0.1595,0.1599,0.1592,0.1594,492206.8
2026-07-18 01:00:00+00:00,0.1595,0.16,0.1593,0.1594,1012693.5
2026-07-18 02:00:00+00:00,0.1594,0.1604,0.1594,0.16,453213.5
2026-07-18 03:00:00+00:00,0.16,0.1602,0.1599,0.1602,548390.2
2026-07-18 04:00:00+00:00,0.1602,0.1602,0.1593,0.1594,516180.5
2026-07-18 05:00:00+00:00,0.1594,0.1597,0.1584,0.1585,701552.8
2026-07-18 06:00:00+00:00,0.1585,0.1589,0.1583,0.1583,473615.0
2026-07-18 07:00:00+00:00,0.1583,0.1586,0.1581,0.1583,409440.6
2026-07-18 08:00:00+00:00,0.1584,0.1587,0.158,0.1582,760748.8
2026-07-18 09:00:00+00:00,0.1583,0.1583,0.1573,0.1579,1024605.1
2026-07-18 10:00:00+00:00,0.1579,0.158,0.1575,0.1577,308701.6
2026-07-18 11:00:00+00:00,0.1576,0.1579,0.1575,0.1578,248365.7
2026-07-18 12:00:00+00:00,0.1578,0.1584,0.157,0.1577,1123574.4
2026-07-18 13:00:00+00:00,0.1577,0.1577,0.1569,0.1572,784739.2
2026-07-18 14:00:00+00:00,0.1573,0.1581,0.1571,0.1577,833060.7
2026-07-18 15:00:00+00:00,0.1576,0.1577,0.1566,0.1567,1601513.4
2026-07-18 16:00:00+00:00,0.1568,0.1576,0.1564,0.1572,1867311.4
2026-07-18 17:00:00+00:00,0.1572,0.1579,0.157,0.1577,567004.9
2026-07-18 18:00:00+00:00,0.1578,0.1587,0.1574,0.1576,797229.2
2026-07-18 19:00:00+00:00,0.1577,0.158,0.1575,0.1576,1219956.7
2026-07-18 20:00:00+00:00,0.1577,0.1581,0.1572,0.1574,802250.8
2026-07-18 21:00:00+00:00,0.1573,0.1581,0.1571,0.1578,570266.9
2026-07-18 22:00:00+00:00,0.1578,0.1586,0.1577,0.1586,641638.6
2026-07-18 23:00:00+00:00,0.1585,0.1587,0.1582,0.1586,322336.0
2026-07-19 00:00:00+00:00,0.1587,0.1593,0.1583,0.1589,627603.3
2026-07-19 01:00:00+00:00,0.159,0.1591,0.1583,0.1583,182422.4
2026-07-19 02:00:00+00:00,0.1584,0.1594,0.1583,0.1585,728765.2
2026-07-19 03:00:00+00:00,0.1586,0.1586,0.1575,0.1578,1050311.8
2026-07-19 04:00:00+00:00,0.1578,0.1578,0.1572,0.1572,274175.4
2026-07-19 05:00:00+00:00,0.1573,0.1576,0.1572,0.1573,297956.8
2026-07-19 06:00:00+00:00,0.1574,0.1577,0.1571,0.1575,502294.2
2026-07-19 07:00:00+00:00,0.1574,0.1576,0.1568,0.1569,831400.3
2026-07-19 08:00:00+00:00,0.1569,0.1578,0.1568,0.1574,544623.7
2026-07-19 09:00:00+00:00,0.1574,0.1577,0.157,0.1572,379739.2
2026-07-19 10:00:00+00:00,0.1572,0.1579,0.1571,0.1576,638607.6
2026-07-19 11:00:00+00:00,0.1576,0.1583,0.1572,0.1574,1256910.4
2026-07-19 12:00:00+00:00,0.1573,0.1573,0.1567,0.157,1027502.3
2026-07-19 13:00:00+00:00,0.157,0.1573,0.1566,0.1571,382056.5
2026-07-19 14:00:00+00:00,0.1571,0.1574,0.1565,0.157,494583.8
2026-07-19 15:00:00+00:00,0.157,0.1574,0.1567,0.1571,420029.7
2026-07-19 16:00:00+00:00,0.1571,0.1574,0.1566,0.1566,691264.5
2026-07-19 17:00:00+00:00,0.1566,0.1571,0.1557,0.1569,1260179.9
2026-07-19 18:00:00+00:00,0.1568,0.1569,0.156,0.1563,897993.6
2026-07-19 19:00:00+00:00,0.1564,0.1569,0.156,0.1567,520357.8
2026-07-19 20:00:00+00:00,0.1568,0.1574,0.1568,0.1574,449690.4
2026-07-19 21:00:00+00:00,0.1573,0.1574,0.1564,0.1566,463888.1
2026-07-19 22:00:00+00:00,0.1565,0.1577,0.1564,0.157,790025.9
2026-07-19 23:00:00+00:00,0.157,0.157,0.1561,0.1568,1067589.4
2026-07-20 00:00:00+00:00,0.1567,0.1579,0.156,0.1562,687975.6
2026-07-20 01:00:00+00:00,0.1562,0.1576,0.1551,0.1553,2211571.3
2026-07-20 02:00:00+00:00,0.1553,0.1562,0.1523,0.154,3848298.3
2026-07-20 03:00:00+00:00,0.154,0.154,0.1503,0.1514,3986329.2
2026-07-20 04:00:00+00:00,0.1514,0.1522,0.1502,0.1517,1916048.9
2026-07-20 05:00:00+00:00,0.1516,0.1521,0.1507,0.1513,1046172.6
2026-07-20 06:00:00+00:00,0.1514,0.152,0.1506,0.1517,1564497.8
2026-07-20 07:00:00+00:00,0.1518,0.1531,0.1515,0.1527,1896298.5
2026-07-20 08:00:00+00:00,0.1526,0.1529,0.1519,0.1527,2366998.8
2026-07-20 09:00:00+00:00,0.1527,0.1528,0.152,0.152,1340949.1
2026-07-20 10:00:00+00:00,0.152,0.1526,0.1514,0.1515,1024117.1
2026-07-20 11:00:00+00:00,0.1515,0.1528,0.1513,0.1528,1450081.5
2026-07-20 12:00:00+00:00,0.1528,0.1533,0.1522,0.153,1392641.1
2026-07-20 13:00:00+00:00,0.153,0.1536,0.152,0.1522,2425449.6
2026-07-20 14:00:00+00:00,0.1523,0.1527,0.1513,0.1522,995266.5
2026-07-20 15:00:00+00:00,0.1523,0.1546,0.1521,0.1546,1647834.7
2026-07-20 16:00:00+00:00,0.1546,0.1558,0.1534,0.1544,3184136.8
2026-07-20 17:00:00+00:00,0.1544,0.1545,0.1533,0.1537,1109532.5
2026-07-20 18:00:00+00:00,0.1537,0.1549,0.1537,0.1538,1446693.1
2026-07-20 19:00:00+00:00,0.1539,0.154,0.153,0.1534,1024117.7
2026-07-20 20:00:00+00:00,0.1534,0.1542,0.1532,0.154,468423.1
2026-07-20 21:00:00+00:00,0.1539,0.1546,0.1534,0.1536,664577.7
2026-07-20 22:00:00+00:00,0.1536,0.1536,0.153,0.1534,915082.9
2026-07-20 23:00:00+00:00,0.1534,0.1543,0.1533,0.1542,515311.2
2026-07-21 00:00:00+00:00,0.1542,0.1549,0.1536,0.1548,959329.1
2026-07-21 01:00:00+00:00,0.1548,0.1551,0.1543,0.1545,896029.9
2026-07-21 02:00:00+00:00,0.1546,0.1558,0.1546,0.1554,455561.2
2026-07-21 03:00:00+00:00,0.1555,0.1562,0.1552,0.1562,603599.4
2026-07-21 04:00:00+00:00,0.1562,0.1568,0.1561,0.1565,780310.8
2026-07-21 05:00:00+00:00,0.1565,0.1576,0.1563,0.1572,1188845.3
2026-07-21 06:00:00+00:00,0.1573,0.159,0.1572,0.1574,2403562.3
2026-07-21 07:00:00+00:00,0.1574,0.16,0.1573,0.1599,1865602.7
2026-07-21 08:00:00+00:00,0.1599,0.1607,0.1593,0.1596,2027550.3
2026-07-21 09:00:00+00:00,0.1596,0.1597,0.1589,0.1593,1174877.9
2026-07-21 10:00:00+00:00,0.1593,0.1602,0.1585,0.1588,1327656.4
2026-07-21 11:00:00+00:00,0.1589,0.1594,0.1584,0.1591,646794.5
2026-07-21 12:00:00+00:00,0.1592,0.1596,0.1589,0.1592,960854.8
2026-07-21 13:00:00+00:00,0.1592,0.1596,0.1583,0.1585,1545979.3
2026-07-21 14:00:00+00:00,0.1586,0.1589,0.1577,0.1588,1561650.1
2026-07-21 15:00:00+00:00,0.1587,0.1592,0.1583,0.1589,660493.8
2026-07-21 16:00:00+00:00,0.1589,0.1591,0.1579,0.1581,925034.7
2026-07-21 17:00:00+00:00,0.1581,0.1583,0.1568,0.1574,961032.2
2026-07-21 18:00:00+00:00,0.1575,0.1578,0.1571,0.1573,577409.3
2026-07-21 19:00:00+00:00,0.1573,0.158,0.1573,0.1579,709011.1
2026-07-21 20:00:00+00:00,0.158,0.1581,0.1574,0.1577,563794.8
2026-07-21 21:00:00+00:00,0.1577,0.1577,0.1572,0.1574,374801.0
2026-07-21 22:00:00+00:00,0.1573,0.1573,0.1567,0.1571,638536.8
2026-07-21 23:00:00+00:00,0.157,0.1576,0.1566,0.1573,357897.6
2026-07-22 00:00:00+00:00,0.1574,0.1581,0.1571,0.1578,688938.0
2026-07-22 01:00:00+00:00,0.1578,0.1579,0.1569,0.1577,599198.0
2026-07-22 02:00:00+00:00,0.1577,0.1579,0.1572,0.1572,1035975.1
2026-07-22 03:00:00+00:00,0.1572,0.1573,0.1566,0.1566,598839.6
2026-07-22 04:00:00+00:00,0.1566,0.1571,0.1563,0.1567,659466.8
2026-07-22 05:00:00+00:00,0.1567,0.1567,0.155,0.155,1058233.0
2026-07-22 06:00:00+00:00,0.1551,0.1552,0.1542,0.1547,773383.7
2026-07-22 07:00:00+00:00,0.1547,0.1547,0.1537,0.1541,979778.7
2026-07-22 08:00:00+00:00,0.1541,0.1546,0.154,0.1543,1423023.1
2026-07-22 09:00:00+00:00,0.1544,0.1557,0.1542,0.1548,1997846.3
2026-07-22 10:00:00+00:00,0.1548,0.1554,0.1547,0.1549,671309.7
2026-07-22 11:00:00+00:00,0.1548,0.155,0.1543,0.1546,781295.2
2026-07-22 12:00:00+00:00,0.1545,0.1545,0.1537,0.1542,1283424.4
2026-07-22 13:00:00+00:00,0.1542,0.1556,0.1542,0.1553,1382458.2
2026-07-22 14:00:00+00:00,0.1554,0.1564,0.1546,0.1551,933539.3
2026-07-22 15:00:00+00:00,0.1551,0.1561,0.1551,0.1555,1094043.1
2026-07-22 16:00:00+00:00,0.1556,0.1568,0.155,0.1568,886101.8
2026-07-22 17:00:00+00:00,0.1567,0.1571,0.1561,0.1565,639872.4
2026-07-22 18:00:00+00:00,0.1565,0.1568,0.1554,0.1557,911017.4
2026-07-22 19:00:00+00:00,0.1558,0.1559,0.1548,0.1552,505237.5
2026-07-22 20:00:00+00:00,0.1551,0.1553,0.1546,0.1551,724352.9
2026-07-22 21:00:00+00:00,0.1552,0.1554,0.1547,0.1554,370184.1
2026-07-22 22:00:00+00:00,0.1553,0.1558,0.155,0.1556,653785.0
2026-07-22 23:00:00+00:00,0.1556,0.1564,0.1547,0.1563,1503990.5
2026-07-23 00:00:00+00:00,0.1563,0.1569,0.1561,0.1562,685017.6
2026-07-23 01:00:00+00:00,0.1562,0.1564,0.1553,0.1555,366964.7
2026-07-23 02:00:00+00:00,0.1555,0.1555,0.1548,0.1552,704089.5
2026-07-23 03:00:00+00:00,0.1552,0.1552,0.154,0.1541,701352.8
2026-07-23 04:00:00+00:00,0.154,0.1549,0.154,0.1543,453640.8
2026-07-23 05:00:00+00:00,0.1543,0.1549,0.1542,0.1545,286551.5
2026-07-23 06:00:00+00:00,0.1545,0.1548,0.1544,0.1548,518345.4
2026-07-23 07:00:00+00:00,0.1549,0.1549,0.1532,0.1539,1826943.2
2026-07-23 08:00:00+00:00,0.1539,0.155,0.1538,0.155,683367.4
2026-07-23 09:00:00+00:00,0.155,0.1552,0.1544,0.1545,584641.5
2026-07-23 10:00:00+00:00,0.1545,0.1549,0.1544,0.1548,757777.9
2026-07-23 11:00:00+00:00,0.1547,0.1554,0.1543,0.155,1491630.8
2026-07-23 12:00:00+00:00,0.1551,0.1551,0.1528,0.1535,2918907.3
2026-07-23 13:00:00+00:00,0.1534,0.1537,0.1522,0.1526,1881877.0
2026-07-23 14:00:00+00:00,0.1525,0.1539,0.1524,0.1529,1144788.4
2026-07-23 15:00:00+00:00,0.1529,0.1533,0.1518,0.1532,1159112.4
2026-07-23 16:00:00+00:00,0.1532,0.1533,0.1523,0.1526,770252.8
2026-07-23 17:00:00+00:00,0.1525,0.1531,0.1514,0.1516,1010675.9
2026-07-23 18:00:00+00:00,0.1517,0.1526,0.1516,0.1524,755201.4
2026-07-23 19:00:00+00:00,0.1524,0.1525,0.1513,0.1521,928880.1
2026-07-23 20:00:00+00:00,0.1521,0.1532,0.1521,0.1529,371636.8
2026-07-23 21:00:00+00:00,0.1529,0.1533,0.1523,0.1524,472845.9
2026-07-23 22:00:00+00:00,0.1525,0.1525,0.1516,0.1524,437680.1
2026-07-23 23:00:00+00:00,0.1523,0.1526,0.1521,0.1522,330004.3
2026-07-24 00:00:00+00:00,0.1522,0.1522,0.1511,0.1518,848061.7
2026-07-24 01:00:00+00:00,0.1518,0.1529,0.1517,0.1525,1983753.9
2026-07-24 02:00:00+00:00,0.1526,0.1531,0.1523,0.1527,689499.8
2026-07-24 03:00:00+00:00,0.1527,0.1547,0.1526,0.1542,1150407.4
2026-07-24 04:00:00+00:00,0.1542,0.1542,0.1534,0.1536,380058.6
2026-07-24 05:00:00+00:00,0.1536,0.1544,0.1535,0.1543,382563.5
2026-07-24 06:00:00+00:00,0.1543,0.155,0.1541,0.1548,324993.7
2026-07-24 07:00:00+00:00,0.1548,0.1556,0.1546,0.1555,627373.3
2026-07-24 08:00:00+00:00,0.1555,0.1558,0.1551,0.1555,596523.2
2026-07-24 09:00:00+00:00,0.1555,0.1561,0.1547,0.1549,1965706.0
2026-07-24 10:00:00+00:00,0.1549,0.1549,0.1538,0.1541,590265.0
2026-07-24 11:00:00+00:00,0.154,0.1542,0.1534,0.154,559215.7
2026-07-24 12:00:00+00:00,0.1539,0.154,0.1525,0.1526,1750257.9
2026-07-24 13:00:00+00:00,0.1526,0.1526,0.1504,0.1512,3026343.9
2026-07-24 14:00:00+00:00,0.1512,0.1515,0.1501,0.1514,2530631.6
2026-07-24 15:00:00+00:00,0.1513,0.1521,0.1509,0.1519,1193682.1
2026-07-24 16:00:00+00:00,0.1518,0.1518,0.1509,0.1513,814512.1
2026-07-24 17:00:00+00:00,0.1513,0.1518,0.1508,0.1518,1137754.3
2026-07-24 18:00:00+00:00,0.1517,0.1518,0.1505,0.1508,739410.1
2026-07-24 19:00:00+00:00,0.1508,0.1511,0.1505,0.1508,662325.7
2026-07-24 20:00:00+00:00,0.1509,0.1521,0.1509,0.1518,1156279.6
2026-07-24 21:00:00+00:00,0.1518,0.1524,0.1511,0.1514,665784.2
2026-07-24 22:00:00+00:00,0.1514,0.1524,0.1514,0.1522,338367.0
2026-07-24 23:00:00+00:00,0.1522,0.1526,0.1518,0.1518,503405.2
2026-07-25 00:00:00+00:00,0.1518,0.1526,0.1517,0.1522,941960.0
2026-07-25 01:00:00+00:00,0.1522,0.1526,0.1515,0.1516,304243.5
2026-07-25 02:00:00+00:00,0.1516,0.1518,0.1507,0.1514,1212481.1
2026-07-25 03:00:00+00:00,0.1513,0.1516,0.151,0.1512,587703.0
2026-07-25 04:00:00+00:00,0.1511,0.1517,0.1511,0.1515,250868.0
2026-07-25 05:00:00+00:00,0.1516,0.1518,0.151,0.151,467697.7
2026-07-25 06:00:00+00:00,0.1511,0.1512,0.1504,0.1507,626783.6
2026-07-25 07:00:00+00:00,0.1508,0.151,0.1505,0.1505,325218.5
2026-07-25 08:00:00+00:00,0.1504,0.1508,0.1501,0.1504,354340.5
2026-07-25 09:00:00+00:00,0.1504,0.1506,0.1502,0.1505,337405.8
2026-07-25 10:00:00+00:00,0.1506,0.1511,0.1504,0.151,491371.6
2026-07-25 11:00:00+00:00,0.1511,0.1514,0.1507,0.1509,423949.6
2026-07-25 12:00:00+00:00,0.151,0.1517,0.1509,0.1517,452101.2
2026-07-25 13:00:00+00:00,0.1517,0.1531,0.1516,0.1524,1010397.7
2026-07-25 14:00:00+00:00,0.1525,0.1526,0.1522,0.1526,567218.9
2026-07-25 15:00:00+00:00,0.1525,0.1533,0.1524,0.1529,748705.6
2026-07-25 16:00:00+00:00,0.1529,0.1545,0.1529,0.154,1968610.9
2026-07-25 17:00:00+00:00,0.154,0.1551,0.1539,0.1549,979443.4
2026-07-25 18:00:00+00:00,0.155,0.157,0.1549,0.1569,1782336.4
2026-07-25 19:00:00+00:00,0.157,0.1577,0.1558,0.1562,1468719.0
2026-07-25 20:00:00+00:00,0.1562,0.1565,0.1557,0.1561,635812.8
2026-07-25 21:00:00+00:00,0.156,0.1597,0.1559,0.1595,1810817.8
2026-07-25 22:00:00+00:00,0.1595,0.1602,0.1588,0.1599,2395175.4
2026-07-25 23:00:00+00:00,0.1598,0.1598,0.158,0.1583,1191019.4
2026-07-26 00:00:00+00:00,0.1584,0.1591,0.1578,0.1579,764979.2
2026-07-26 01:00:00+00:00,0.158,0.1598,0.158,0.159,732579.1
2026-07-26 02:00:00+00:00,0.1591,0.16,0.158,0.1592,1410764.3
2026-07-26 03:00:00+00:00,0.1591,0.16,0.1585,0.1599,869693.3
2026-07-26 04:00:00+00:00,0.1599,0.161,0.1587,0.1602,2157306.0
2026-07-26 05:00:00+00:00,0.1603,0.1603,0.1586,0.1589,1216953.2
2026-07-26 06:00:00+00:00,0.1589,0.1595,0.1584,0.1595,1127270.6
2026-07-26 07:00:00+00:00,0.1595,0.1602,0.1585,0.1588,1775136.9
2026-07-26 08:00:00+00:00,0.1587,0.1593,0.1586,0.159,549383.2
2026-07-26 09:00:00+00:00,0.1591,0.1592,0.1583,0.1586,781079.1
2026-07-26 10:00:00+00:00,0.1586,0.1592,0.1577,0.1579,804430.6
2026-07-26 11:00:00+00:00,0.1579,0.1584,0.1577,0.1578,973799.5
2026-07-26 12:00:00+00:00,0.1579,0.1583,0.1569,0.157,1116917.9
2026-07-26 13:00:00+00:00,0.1569,0.157,0.156,0.1562,1764582.4
2026-07-26 14:00:00+00:00,0.1562,0.1574,0.1561,0.1568,1514610.5
2026-07-26 15:00:00+00:00,0.1569,0.1581,0.1566,0.1579,639461.1
2026-07-26 16:00:00+00:00,0.1579,0.1585,0.1575,0.1579,650717.1
2026-07-26 17:00:00+00:00,0.1579,0.1579,0.1568,0.157,511842.8
2026-07-26 18:00:00+00:00,0.157,0.1572,0.1568,0.157,288155.0
2026-07-26 19:00:00+00:00,0.1569,0.1572,0.1567,0.1569,237384.8
2026-07-26 20:00:00+00:00,0.157,0.1571,0.1567,0.1568,260521.3
2026-07-26 21:00:00+00:00,0.1567,0.158,0.1567,0.1575,517124.4
2026-07-26 22:00:00+00:00,0.1575,0.1587,0.1575,0.1584,854678.9
2026-07-26 23:00:00+00:00,0.1585,0.1589,0.1581,0.1587,591705.3
2026-07-27 00:00:00+00:00,0.1588,0.1593,0.1582,0.1592,532701.0
2026-07-27 01:00:00+00:00,0.1592,0.1605,0.1585,0.1601,1399021.1
2026-07-27 02:00:00+00:00,0.1601,0.1602,0.1593,0.1596,699015.4
2026-07-27 03:00:00+00:00,0.1596,0.1598,0.1591,0.1597,1155715.6
2026-07-27 04:00:00+00:00,0.1596,0.1604,0.1595,0.16,607870.8
2026-07-27 05:00:00+00:00,0.1599,0.1603,0.1593,0.1602,781048.7
2026-07-27 06:00:00+00:00,0.1602,0.1607,0.1594,0.1594,994809.0
2026-07-27 07:00:00+00:00,0.1593,0.1596,0.1579,0.158,1649079.4
2026-07-27 08:00:00+00:00,0.158,0.1582,0.1572,0.1574,1850372.5
2026-07-27 09:00:00+00:00,0.1573,0.1573,0.1562,0.1563,2698543.9
2026-07-27 10:00:00+00:00,0.1562,0.1565,0.1554,0.1559,3055458.8
2026-07-27 11:00:00+00:00,0.1559,0.1566,0.1553,0.1558,1433117.1
2026-07-27 12:00:00+00:00,0.1557,0.1561,0.1547,0.156,1215413.5
2026-07-27 13:00:00+00:00,0.1559,0.156,0.1525,0.1536,6065901.5
2026-07-27 14:00:00+00:00,0.1535,0.1537,0.1505,0.1513,5556586.4
2026-07-27 15:00:00+00:00,0.1513,0.1513,0.1489,0.1507,7406341.4
2026-07-27 16:00:00+00:00,0.1507,0.1515,0.1496,0.1508,3806201.0
2026-07-27 17:00:00+00:00,0.1507,0.1508,0.1499,0.1503,2278499.3
2026-07-27 18:00:00+00:00,0.1503,0.1504,0.149,0.1494,3828860.1
2026-07-27 19:00:00+00:00,0.1494,0.1501,0.1492,0.1497,2124608.2
2026-07-27 20:00:00+00:00,0.1498,0.1499,0.1489,0.1493,2131501.5
2026-07-27 21:00:00+00:00,0.1492,0.1495,0.1482,0.1487,2906797.3
2026-07-27 22:00:00+00:00,0.1487,0.1488,0.1421,0.1424,9846609.5
2026-07-27 23:00:00+00:00,0.1424,0.1453,0.1417,0.1437,6062448.0
2026-07-28 00:00:00+00:00,0.1437,0.1438,0.142,0.142,3709788.0
2026-07-28 01:00:00+00:00,0.1421,0.1421,0.1398,0.1407,5681593.0
2026-07-28 02:00:00+00:00,0.1406,0.1418,0.1399,0.1416,3533987.6
2026-07-28 03:00:00+00:00,0.1417,0.1436,0.141,0.1431,4279700.3
2026-07-28 04:00:00+00:00,0.1431,0.1435,0.1409,0.1416,3657637.1
2026-07-28 05:00:00+00:00,0.1416,0.1425,0.1408,0.1415,4445071.7
2026-07-28 06:00:00+00:00,0.1415,0.1428,0.1411,0.1427,3224694.1
2026-07-28 07:00:00+00:00,0.1426,0.1435,0.1414,0.142,5014957.0
2026-07-28 08:00:00+00:00,0.1421,0.1429,0.1405,0.1425,6681594.7
2026-07-28 09:00:00+00:00,0.1424,0.143,0.1404,0.1409,6326226.6
2026-07-28 10:00:00+00:00,0.1408,0.1416,0.1408,0.1408,3067566.7
2026-07-28 11:00:00+00:00,0.1408,0.1413,0.1401,0.1407,3401257.1
2026-07-28 12:00:00+00:00,0.1407,0.141,0.1401,0.1407,3579098.2
2026-07-28 13:00:00+00:00,0.1408,0.1412,0.1374,0.1386,7377204.1
2026-07-28 14:00:00+00:00,0.1386,0.1399,0.1382,0.1396,3027012.4
2026-07-28 15:00:00+00:00,0.1395,0.1432,0.1395,0.1427,5281332.6
2026-07-28 16:00:00+00:00,0.1428,0.143,0.1415,0.1421,2722200.0
2026-07-28 17:00:00+00:00,0.1421,0.1421,0.1395,0.1398,3254667.1
2026-07-28 18:00:00+00:00,0.1398,0.1401,0.1389,0.139,2382562.2
2026-07-28 19:00:00+00:00,0.139,0.1397,0.1383,0.1392,2693357.0
2026-07-28 20:00:00+00:00,0.1392,0.14,0.1387,0.139,3105537.8
2026-07-28 21:00:00+00:00,0.139,0.1409,0.1385,0.1403,3401364.8
2026-07-28 22:00:00+00:00,0.1403,0.1405,0.1383,0.1385,3314934.1
2026-07-28 23:00:00+00:00,0.1386,0.1393,0.138,0.1391,2070374.9
2026-07-29 00:00:00+00:00,0.1391,0.1395,0.1381,0.1381,3401602.8
2026-07-29 01:00:00+00:00,0.1381,0.1384,0.1359,0.136,4983961.2
2026-07-29 02:00:00+00:00,0.1359,0.1375,0.1355,0.1367,3844103.4
2026-07-29 03:00:00+00:00,0.1368,0.1369,0.1346,0.1348,4337588.9
2026-07-29 04:00:00+00:00,0.1348,0.1359,0.1339,0.1355,4169405.7
2026-07-29 05:00:00+00:00,0.1355,0.1361,0.1349,0.1351,2553275.4
2026-07-29 06:00:00+00:00,0.1351,0.1357,0.1343,0.1357,2413124.6
2026-07-29 07:00:00+00:00,0.1357,0.136,0.1344,0.1351,3151277.0
2026-07-29 08:00:00+00:00,0.1352,0.1353,0.1322,0.1325,7240474.8
2026-07-29 09:00:00+00:00,0.1324,0.1337,0.1323,0.1327,2483332.7
2026-07-29 10:00:00+00:00,0.1326,0.1346,0.1325,0.1344,3795374.9
2026-07-29 11:00:00+00:00,0.1344,0.1379,0.134,0.1378,4600874.0
2026-07-29 12:00:00+00:00,0.1378,0.1379,0.1355,0.1357,5647538.7
2026-07-29 13:00:00+00:00,0.1357,0.1359,0.1348,0.1353,2848445.8
2026-07-29 14:00:00+00:00,0.1354,0.136,0.135,0.1358,1260753.5
2026-07-29 15:00:00+00:00,0.1358,0.1373,0.1354,0.1358,2144925.5
2026-07-29 16:00:00+00:00,0.1359,0.1361,0.135,0.1356,1606678.0
2026-07-29 17:00:00+00:00,0.1356,0.139,0.1355,0.1387,2438705.2
2026-07-29 18:00:00+00:00,0.1388,0.1403,0.1377,0.1398,4446185.8
2026-07-29 19:00:00+00:00,0.1399,0.1402,0.137,0.1372,2324899.5
2026-07-29 20:00:00+00:00,0.1372,0.1374,0.1349,0.1349,2068112.6
2026-07-29 21:00:00+00:00,0.1349,0.1369,0.1341,0.1368,1498046.5
2026-07-29 22:00:00+00:00,0.1368,0.1384,0.1368,0.1382,1207055.4
2026-07-29 23:00:00+00:00,0.1382,0.1382,0.1375,0.1378,706700.9
2026-07-30 00:00:00+00:00,0.1378,0.139,0.1378,0.1384,2076465.9
2026-07-30 01:00:00+00:00,0.1385,0.1401,0.1385,0.1392,1786467.8
2026-07-30 02:00:00+00:00,0.1393,0.1396,0.1383,0.1386,1444499.8
2026-07-30 03:00:00+00:00,0.1386,0.1396,0.1386,0.139,888448.7
2026-07-30 04:00:00+00:00,0.139,0.139,0.1365,0.1368,2294131.9
2026-07-30 05:00:00+00:00,0.1368,0.1378,0.1366,0.1376,617989.8
2026-07-30 06:00:00+00:00,0.1375,0.138,0.137,0.137,635933.7
2026-07-30 07:00:00+00:00,0.1371,0.1401,0.1371,0.1391,3697339.8
2026-07-30 08:00:00+00:00,0.1391,0.1407,0.1388,0.1392,6391685.2
2026-07-30 09:00:00+00:00,0.1391,0.14,0.1388,0.1398,2136699.5
2026-07-30 10:00:00+00:00,0.1399,0.141,0.1397,0.1398,1935847.2
2026-07-30 11:00:00+00:00,0.1398,0.1401,0.139,0.139,1722689.6
2026-07-30 12:00:00+00:00,0.1391,0.1396,0.1388,0.1396,1298560.6
2026-07-30 13:00:00+00:00,0.1395,0.1411,0.1393,0.1403,3763045.5
2026-07-30 14:00:00+00:00,0.1402,0.1404,0.1388,0.139,1955880.5
2026-07-30 15:00:00+00:00,0.1389,0.1409,0.1387,0.1409,1306089.9
2026-07-30 16:00:00+00:00,0.1408,0.1424,0.1407,0.1416,3562917.4
2026-07-30 17:00:00+00:00,0.1417,0.1439,0.1413,0.1436,3105886.1
2026-07-30 18:00:00+00:00,0.1436,0.1449,0.1424,0.1428,2722952.0
2026-07-30 19:00:00+00:00,0.1428,0.1454,0.1428,0.1454,2268866.9
2026-07-30 20:00:00+00:00,0.1454,0.146,0.1438,0.1449,2152647.4
2026-07-30 21:00:00+00:00,0.1449,0.1457,0.1444,0.1444,783599.4
2026-07-30 22:00:00+00:00,0.1444,0.1449,0.1437,0.1442,1455346.0
2026-07-30 23:00:00+00:00,0.1441,0.1447,0.1437,0.1442,1128204.6
2026-07-31 00:00:00+00:00,0.1442,0.1458,0.1439,0.1456,1705805.9
2026-07-31 01:00:00+00:00,0.1456,0.1465,0.1442,0.1444,2072781.3
2026-07-31 02:00:00+00:00,0.1445,0.1445,0.1414,0.1419,2275378.8
2026-07-31 03:00:00+00:00,0.1419,0.1426,0.1412,0.1424,2120404.7
2026-07-31 04:00:00+00:00,0.1424,0.1433,0.1408,0.1409,2487999.4
2026-07-31 05:00:00+00:00,0.1408,0.142,0.1408,0.1416,1467666.5
2026-07-31 06:00:00+00:00,0.1416,0.1418,0.141,0.1414,1818742.2
2026-07-31 07:00:00+00:00,0.1413,0.143,0.1406,0.1425,2618778.6
2026-07-31 08:00:00+00:00,0.1424,0.1435,0.1421,0.1426,2218017.2
2026-07-31 09:00:00+00:00,0.1425,0.1425,0.1413,0.1413,929155.1
2026-07-31 10:00:00+00:00,0.1413,0.1432,0.1409,0.1432,1778240.1
2026-07-31 11:00:00+00:00,0.1432,0.1433,0.1408,0.1412,2108165.0
2026-07-31 12:00:00+00:00,0.1412,0.1424,0.1411,0.1422,1326596.0
2026-07-31 13:00:00+00:00,0.1423,0.1431,0.1414,0.1416,1423912.4
2026-07-31 14:00:00+00:00,0.1417,0.1425,0.1404,0.1422,3437544.6
2026-07-31 15:00:00+00:00,0.1422,0.1425,0.141,0.1412,2333620.3
2026-07-31 16:00:00+00:00,0.1413,0.1427,0.1413,0.1426,1825038.3
2026-07-31 17:00:00+00:00,0.1427,0.1436,0.1424,0.1434,1280759.2
2026-07-31 18:00:00+00:00,0.1434,0.1436,0.1424,0.1434,1181454.8
2026-07-31 19:00:00+00:00,0.1434,0.1435,0.1416,0.1419,787812.9
2026-07-31 20:00:00+00:00,0.1419,0.1425,0.1414,0.1415,1145926.9
2026-07-31 21:00:00+00:00,0.1414,0.1422,0.1408,0.1409,1376974.6
2026-07-31 22:00:00+00:00,0.141,0.1412,0.1403,0.1403,719920.8
2026-07-31 23:00:00+00:00,0.1403,0.1409,0.1403,0.1407,638870.8
2026-08-01 00:00:00+00:00,0.1407,0.1416,0.1407,0.1408,596112.5
2026-08-01 01:00:00+00:00,0.1409,0.1419,0.1409,0.1416,1127512.0
2026-08-01 02:00:00+00:00,0.1417,0.1424,0.1415,0.1416,699690.0
2026-08-01 03:00:00+00:00,0.1416,0.1421,0.1416,0.1419,588864.8
2026-08-01 04:00:00+00:00,0.1419,0.1423,0.1416,0.1422,378067.9
2026-08-01 05:00:00+00:00,0.1422,0.1431,0.1419,0.1421,1469601.4
2026-08-01 06:00:00+00:00,0.142,0.1427,0.1419,0.142,921447.3
2026-08-01 07:00:00+00:00,0.142,0.1422,0.1415,0.1418,796078.7
2026-08-01 08:00:00+00:00,0.1418,0.1423,0.1416,0.1419,530637.0
2026-08-01 09:00:00+00:00,0.1419,0.1421,0.1407,0.1407,1137672.7
2026-08-01 10:00:00+00:00,0.1408,0.1411,0.1402,0.1407,935755.9
2026-08-01 11:00:00+00:00,0.1407,0.1415,0.1406,0.1411,634438.3
2026-08-01 12:00:00+00:00,0.1411,0.142,0.141,0.1416,1215083.9
2026-08-01 13:00:00+00:00,0.1416,0.1418,0.1412,0.1416,881660.0
2026-08-01 14:00:00+00:00,0.1416,0.1417,0.1411,0.1412,680353.4
2026-08-01 15:00:00+00:00,0.1412,0.1415,0.141,0.1414,586972.0
2026-08-01 16:00:00+00:00,0.1414,0.142,0.1405,0.1407,2519657.8
2026-08-01 17:00:00+00:00,0.1406,0.1408,0.1381,0.1387,3530090.9
2026-08-01 18:00:00+00:00,0.1386,0.1388,0.1368,0.138,3105011.9
2026-08-01 19:00:00+00:00,0.138,0.1384,0.1376,0.138,824479.3
2026-08-01 20:00:00+00:00,0.138,0.139,0.1379,0.1386,1422683.0
2026-08-01 21:00:00+00:00,0.1386,0.1394,0.1386,0.1393,425836.9
2026-08-01 22:00:00+00:00,0.1394,0.1396,0.1389,0.1392,1021453.8
2026-08-01 23:00:00+00:00,0.1392,0.1393,0.1385,0.1391,889420.1
2026-08-02 00:00:00+00:00,0.1391,0.14,0.139,0.1397,1105544.4
2026-08-02 01:00:00+00:00,0.1398,0.1408,0.1398,0.1404,745422.9
2026-08-02 02:00:00+00:00,0.1404,0.1417,0.1399,0.1413,1159383.2
2026-08-02 03:00:00+00:00,0.1413,0.1416,0.1411,0.1414,646351.1
2026-08-02 04:00:00+00:00,0.1415,0.1418,0.1412,0.1417,653445.9
2026-08-02 05:00:00+00:00,0.1417,0.1431,0.1417,0.1424,2703821.1
2026-08-02 06:00:00+00:00,0.1425,0.1429,0.1415,0.1415,1082473.3
2026-08-02 07:00:00+00:00,0.1414,0.1427,0.1413,0.1425,1343868.1
2026-08-02 08:00:00+00:00,0.1425,0.1425,0.1412,0.1421,1231777.4
2026-08-02 09:00:00+00:00,0.1421,0.1427,0.1418,0.1421,1001752.4
2026-08-02 10:00:00+00:00,0.1421,0.1428,0.1417,0.1417,1303668.5
2026-08-02 11:00:00+00:00,0.1418,0.142,0.1415,0.1416,435746.9
2026-08-02 12:00:00+00:00,0.1416,0.1421,0.1415,0.1417,617677.4
2026-08-02 13:00:00+00:00,0.1417,0.1418,0.1411,0.1417,814043.2
2026-08-02 14:00:00+00:00,0.1416,0.142,0.1415,0.1418,796158.8
2026-08-02 15:00:00+00:00,0.1419,0.1421,0.1417,0.1417,705569.2
2026-08-02 16:00:00+00:00,0.1417,0.1425,0.1413,0.1421,533697.7
2026-08-02 17:00:00+00:00,0.1422,0.1428,0.142,0.1421,639382.8
2026-08-02 18:00:00+00:00,0.1421,0.1431,0.1421,0.1421,984309.4
2026-08-02 19:00:00+00:00,0.1421,0.1425,0.1421,0.1422,380929.8
2026-08-02 20:00:00+00:00,0.1423,0.1425,0.142,0.1422,319118.0
2026-08-02 21:00:00+00:00,0.1422,0.1427,0.1421,0.1422,646875.2
2026-08-02 22:00:00+00:00,0.1422,0.143,0.1419,0.142,1676163.9
2026-08-02 23:00:00+00:00,0.142,0.1425,0.1416,0.1419,968744.6
2026-08-03 00:00:00+00:00,0.1419,0.1421,0.1414,0.1415,798578.3
2026-08-03 01:00:00+00:00,0.1416,0.1418,0.1403,0.1404,1107435.7
2026-08-03 02:00:00+00:00,0.1403,0.1405,0.1396,0.1398,1319016.7
2026-08-03 03:00:00+00:00,0.1398,0.1406,0.1391,0.1405,2016157.6
2026-08-03 04:00:00+00:00,0.1405,0.141,0.14,0.1401,1433785.8
2026-08-03 05:00:00+00:00,0.1401,0.1406,0.1398,0.1404,986576.7
2026-08-03 06:00:00+00:00,0.1405,0.1405,0.1391,0.1391,656107.2
2026-08-03 07:00:00+00:00,0.1391,0.1396,0.139,0.1394,855912.8
2026-08-03 08:00:00+00:00,0.1394,0.1399,0.1386,0.1399,1811172.4
2026-08-03 09:00:00+00:00,0.1399,0.1402,0.1397,0.1401,658406.1
2026-08-03 10:00:00+00:00,0.1401,0.1403,0.1394,0.1398,680703.3
2026-08-03 11:00:00+00:00,0.1398,0.1405,0.1393,0.1401,972135.6
2026-08-03 12:00:00+00:00,0.1401,0.1404,0.1398,0.1402,840953.0
2026-08-03 13:00:00+00:00,0.1401,0.1419,0.14,0.1418,1647170.9
2026-08-03 14:00:00+00:00,0.1419,0.1428,0.1409,0.1417,3572634.6
2026-08-03 15:00:00+00:00,0.1418,0.1419,0.1409,0.1417,1453266.0
2026-08-03 16:00:00+00:00,0.1418,0.1426,0.1414,0.1418,1513829.0
2026-08-03 17:00:00+00:00,0.1418,0.1425,0.1413,0.1417,1354393.2
2026-08-03 18:00:00+00:00,0.1417,0.1424,0.1411,0.1418,1086144.7
2026-08-03 19:00:00+00:00,0.1419,0.1457,0.1419,0.1454,3875537.6
2026-08-03 20:00:00+00:00,0.1454,0.1463,0.1444,0.1457,2824040.5
2026-08-03 21:00:00+00:00,0.1456,0.1458,0.1447,0.1451,1518948.0
2026-08-03 22:00:00+00:00,0.1451,0.1455,0.1444,0.1454,1033383.4
2026-08-03 23:00:00+00:00,0.1454,0.1456,0.1447,0.1455,779427.5
2026-08-04 00:00:00+00:00,0.1455,0.146,0.1445,0.1446,1340479.8
2026-08-04 01:00:00+00:00,0.1445,0.1453,0.1441,0.1452,1375521.7
2026-08-04 02:00:00+00:00,0.1452,0.1463,0.1448,0.1449,1911601.9
2026-08-04 03:00:00+00:00,0.1449,0.146,0.1445,0.1455,902868.0
2026-08-04 04:00:00+00:00,0.1455,0.1459,0.145,0.1454,1151496.1
2026-08-04 05:00:00+00:00,0.1454,0.1454,0.1447,0.1451,550395.6
2026-08-04 06:00:00+00:00,0.145,0.1468,0.1449,0.1454,1300182.6
2026-08-04 07:00:00+00:00,0.1454,0.1466,0.1446,0.1463,1122686.4
2026-08-04 08:00:00+00:00,0.1463,0.1464,0.145,0.1455,783118.3
2026-08-04 09:00:00+00:00,0.1455,0.1457,0.145,0.1451,541155.4
2026-08-04 10:00:00+00:00,0.1451,0.1454,0.1447,0.1453,902830.2
2026-08-04 11:00:00+00:00,0.1453,0.1461,0.1447,0.146,456431.9
2026-08-04 12:00:00+00:00,0.146,0.1461,0.1452,0.1452,905874.3
2026-08-04 13:00:00+00:00,0.1453,0.1461,0.145,0.1451,1225837.2
2026-08-04 14:00:00+00:00,0.145,0.1452,0.1437,0.1444,1342778.6
2026-08-04 15:00:00+00:00,0.1445,0.1453,0.144,0.1452,955599.0
2026-08-04 16:00:00+00:00,0.1453,0.1455,0.1441,0.1442,794316.4
2026-08-04 17:00:00+00:00,0.1442,0.1457,0.1442,0.1452,1046418.1
2026-08-04 18:00:00+00:00,0.1452,0.1482,0.1451,0.1476,3782357.4
2026-08-04 19:00:00+00:00,0.1476,0.1482,0.1468,0.1477,2366716.1
2026-08-04 20:00:00+00:00,0.1476,0.1487,0.1467,0.1476,1517218.2
2026-08-04 21:00:00+00:00,0.1476,0.148,0.1471,0.1478,507225.3
2026-08-04 22:00:00+00:00,0.1479,0.1484,0.1477,0.148,681328.8
2026-08-04 23:00:00+00:00,0.1481,0.1485,0.1468,0.1473,1317480.8
2026-08-05 00:00:00+00:00,0.1472,0.1472,0.1462,0.1463,771075.9
2026-08-05 01:00:00+00:00,0.1462,0.1477,0.1461,0.1477,896308.8
2026-08-05 02:00:00+00:00,0.1476,0.1479,0.1474,0.1478,557972.0
2026-08-05 03:00:00+00:00,0.1478,0.1495,0.1467,0.1479,2592183.1
2026-08-05 04:00:00+00:00,0.1479,0.1488,0.1479,0.1486,545496.5
2026-08-05 05:00:00+00:00,0.1486,0.1521,0.1485,0.1517,2251802.6
2026-08-05 06:00:00+00:00,0.1517,0.1539,0.1517,0.1527,3081390.7
2026-08-05 07:00:00+00:00,0.1526,0.1529,0.1515,0.1521,2051154.4
2026-08-05 08:00:00+00:00,0.1521,0.1524,0.1512,0.1515,1183800.2
2026-08-05 09:00:00+00:00,0.1515,0.1526,0.1513,0.1524,1557144.9
2026-08-05 10:00:00+00:00,0.1524,0.1531,0.152,0.1529,1223464.9
2026-08-05 11:00:00+00:00,0.1529,0.1529,0.1505,0.1509,1515782.8
2026-08-05 12:00:00+00:00,0.1509,0.1518,0.1504,0.1504,1048255.9
2026-08-05 13:00:00+00:00,0.1504,0.1506,0.149,0.1498,1638650.9
2026-08-05 14:00:00+00:00,0.1497,0.1502,0.1487,0.149,1261018.0
2026-08-05 15:00:00+00:00,0.149,0.1494,0.1485,0.1486,1727802.8
2026-08-05 16:00:00+00:00,0.1485,0.1489,0.1469,0.1474,3102142.8
2026-08-05 17:00:00+00:00,0.1474,0.148,0.1469,0.1473,1958134.2
2026-08-05 18:00:00+00:00,0.1474,0.1479,0.1457,0.1459,3145267.3
2026-08-05 19:00:00+00:00,0.1459,0.1465,0.1445,0.1452,3901384.6
2026-08-05 20:00:00+00:00,0.1452,0.1461,0.1442,0.1443,2620380.1
2026-08-05 21:00:00+00:00,0.1443,0.1443,0.1423,0.1423,3089511.4
2026-08-05 22:00:00+00:00,0.1423,0.1435,0.1422,0.1426,3341386.4
2026-08-05 23:00:00+00:00,0.1425,0.1426,0.1419,0.1419,1963625.2
2026-08-06 00:00:00+00:00,0.142,0.144,0.1414,0.1423,3409034.5
2026-08-06 01:00:00+00:00,0.1423,0.1424,0.14,0.1407,4290714.6
2026-08-06 02:00:00+00:00,0.1406,0.1409,0.139,0.1403,4600227.9
2026-08-06 03:00:00+00:00,0.1403,0.1414,0.1395,0.1403,2926824.9
2026-08-06 04:00:00+00:00,0.1403,0.1421,0.1401,0.1412,2807630.4
2026-08-06 05:00:00+00:00,0.1412,0.1423,0.1412,0.1418,3371686.7
2026-08-06 06:00:00+00:00,0.1418,0.1426,0.1399,0.1403,5927561.7
2026-08-06 07:00:00+00:00,0.1403,0.1408,0.1396,0.14,3638369.1
2026-08-06 08:00:00+00:00,0.1401,0.1407,0.1396,0.1405,2087745.6
2026-08-06 09:00:00+00:00,0.1404,0.1404,0.139,0.1396,3174756.8
2026-08-06 10:00:00+00:00,0.1395,0.1396,0.1373,0.1376,6658132.5
2026-08-06 11:00:00+00:00,0.1377,0.1379,0.1369,0.1373,5413493.3
2026-08-06 12:00:00+00:00,0.1373,0.1375,0.136,0.1367,7973990.6
2026-08-06 13:00:00+00:00,0.1366,0.1368,0.1352,0.1357,8659171.7
2026-08-06 14:00:00+00:00,0.1358,0.137,0.1353,0.1369,8162891.7
2026-08-06 15:00:00+00:00,0.137,0.1373,0.1342,0.1349,12599904.8
2026-08-06 16:00:00+00:00,0.135,0.1407,0.1349,0.1407,7213915.5
2026-08-06 17:00:00+00:00,0.1406,0.1414,0.1381,0.1385,4284426.8
2026-08-06 18:00:00+00:00,0.1385,0.1385,0.1374,0.1378,2512753.3
2026-08-06 19:00:00+00:00,0.1377,0.1381,0.137,0.1375,1566524.8
2026-08-06 20:00:00+00:00,0.1375,0.1381,0.1373,0.1377,1531064.8
2026-08-06 21:00:00+00:00,0.1376,0.1383,0.1375,0.1376,1214971.9
2026-08-06 22:00:00+00:00,0.1376,0.1377,0.136,0.136,2586450.6
2026-08-06 23:00:00+00:00,0.136,0.1364,0.1351,0.1355,3031345.3
2026-08-07 00:00:00+00:00,0.1355,0.137,0.1344,0.1362,4645828.7
2026-08-07 01:00:00+00:00,0.1362,0.1366,0.1348,0.135,2866440.9
2026-08-07 02:00:00+00:00,0.135,0.1353,0.134,0.1342,2854126.5
2026-08-07 03:00:00+00:00,0.1341,0.1351,0.1339,0.1344,2645105.0
2026-08-07 04:00:00+00:00,0.1344,0.135,0.1339,0.1342,2691097.0
2026-08-07 05:00:00+00:00,0.1341,0.1346,0.1336,0.134,3031284.0
2026-08-07 06:00:00+00:00,0.134,0.1343,0.1334,0.1339,2983407.2
2026-08-07 07:00:00+00:00,0.1338,0.1339,0.1315,0.1318,8180517.2
2026-08-07 08:00:00+00:00,0.1318,0.1333,0.1313,0.1332,3835483.4
2026-08-07 09:00:00+00:00,0.1332,0.1339,0.1327,0.1329,3821463.6
2026-08-07 10:00:00+00:00,0.1329,0.1335,0.1327,0.133,3212220.0
2026-08-07 11:00:00+00:00,0.133,0.1354,0.1328,0.1346,4781069.7
2026-08-07 12:00:00+00:00,0.1347,0.1359,0.1341,0.1343,4087111.7
2026-08-07 13:00:00+00:00,0.1344,0.1344,0.1325,0.1337,4876643.5
2026-08-07 14:00:00+00:00,0.1337,0.1345,0.1331,0.1339,2325738.0
2026-08-07 15:00:00+00:00,0.1338,0.1365,0.1338,0.1352,2699736.1
2026-08-07 16:00:00+00:00,0.1353,0.1358,0.1341,0.1341,1663339.1
2026-08-07 17:00:00+00:00,0.1341,0.135,0.1341,0.1348,1322194.1
2026-08-07 18:00:00+00:00,0.1348,0.1353,0.1334,0.1338,1431583.4
2026-08-07 19:00:00+00:00,0.1337,0.1354,0.1337,0.1353,914999.1
2026-08-07 20:00:00+00:00,0.1353,0.1355,0.135,0.135,610806.4
2026-08-07 21:00:00+00:00,0.1351,0.136,0.1351,0.1352,975699.7
2026-08-07 22:00:00+00:00,0.1352,0.1363,0.1352,0.1357,611164.2
2026-08-07 23:00:00+00:00,0.1358,0.1377,0.1358,0.1372,568525.0
2026-08-08 00:00:00+00:00,0.1372,0.1384,0.1368,0.1378,1104952.6
2026-08-08 01:00:00+00:00,0.1378,0.1388,0.1378,0.1388,792770.7
2026-08-08 02:00:00+00:00,0.1388,0.1389,0.1371,0.1387,1627346.8
2026-08-08 03:00:00+00:00,0.1387,0.1389,0.1374,0.1376,1218740.7
2026-08-08 04:00:00+00:00,0.1376,0.139,0.1375,0.1384,1035794.2
2026-08-08 05:00:00+00:00,0.1385,0.14,0.1384,0.1392,2071322.2
2026-08-08 06:00:00+00:00,0.1392,0.1395,0.1384,0.1392,1424085.4
2026-08-08 07:00:00+00:00,0.1392,0.1392,0.1367,0.1374,2268788.0
2026-08-08 08:00:00+00:00,0.1373,0.1386,0.1367,0.1385,1885478.5
2026-08-08 09:00:00+00:00,0.1384,0.139,0.1376,0.1385,2108459.2
2026-08-08 10:00:00+00:00,0.1386,0.139,0.1381,0.1386,1657058.6
2026-08-08 11:00:00+00:00,0.1386,0.1386,0.1377,0.1381,709649.1
2026-08-08 12:00:00+00:00,0.138,0.1383,0.1375,0.1376,763282.1
2026-08-08 13:00:00+00:00,0.1376,0.1385,0.1376,0.1381,849408.5
2026-08-08 14:00:00+00:00,0.1382,0.1387,0.1379,0.1384,918093.7
2026-08-08 15:00:00+00:00,0.1384,0.1386,0.1378,0.1386,613423.4
2026-08-08 16:00:00+00:00,0.1386,0.1396,0.138,0.1394,1733881.1
2026-08-08 17:00:00+00:00,0.1393,0.1395,0.1381,0.1382,1536513.4
2026-08-08 18:00:00+00:00,0.1381,0.1389,0.1378,0.1382,2000917.9
2026-08-08 19:00:00+00:00,0.1382,0.1389,0.1369,0.1372,2169073.4
2026-08-08 20:00:00+00:00,0.1372,0.1378,0.137,0.1372,844081.3
2026-08-08 21:00:00+00:00,0.1373,0.1375,0.1366,0.1372,748529.6
2026-08-08 22:00:00+00:00,0.1372,0.1373,0.1366,0.1371,741635.8
2026-08-08 23:00:00+00:00,0.1371,0.1376,0.1365,0.1369,989297.2
2026-08-09 00:00:00+00:00,0.137,0.1382,0.1366,0.1382,624792.6
2026-08-09 01:00:00+00:00,0.1382,0.1384,0.1375,0.1376,860899.4
2026-08-09 02:00:00+00:00,0.1375,0.1383,0.1372,0.1374,1101915.4
2026-08-09 03:00:00+00:00,0.1374,0.1376,0.1368,0.137,926821.3
2026-08-09 04:00:00+00:00,0.1369,0.1377,0.1363,0.1369,1296869.2
2026-08-09 05:00:00+00:00,0.1369,0.1369,0.1359,0.1363,909733.1
2026-08-09 06:00:00+00:00,0.1362,0.1369,0.1359,0.1365,692163.8
2026-08-09 07:00:00+00:00,0.1365,0.1368,0.1359,0.1361,895173.8
2026-08-09 08:00:00+00:00,0.1361,0.1367,0.1357,0.1364,536160.8
2026-08-09 09:00:00+00:00,0.1364,0.1366,0.136,0.1366,396170.9
2026-08-09 10:00:00+00:00,0.1366,0.1368,0.1363,0.1367,732832.3
2026-08-09 11:00:00+00:00,0.1366,0.137,0.1364,0.1367,688196.7
2026-08-09 12:00:00+00:00,0.1366,0.1371,0.1362,0.1364,498265.4
2026-08-09 13:00:00+00:00,0.1364,0.1372,0.1364,0.1368,994830.7
2026-08-09 14:00:00+00:00,0.1369,0.1373,0.1364,0.1372,1493080.3
2026-08-09 15:00:00+00:00,0.1372,0.1381,0.1372,0.1381,1248731.9
2026-08-09 16:00:00+00:00,0.1381,0.1383,0.1372,0.1375,550813.8
2026-08-09 17:00:00+00:00,0.1376,0.138,0.1368,0.1373,1341013.4
2026-08-09 18:00:00+00:00,0.1372,0.1375,0.137,0.1373,232751.0
2026-08-09 19:00:00+00:00,0.1372,0.1383,0.137,0.1377,2554740.9
2026-08-09 20:00:00+00:00,0.1376,0.138,0.1373,0.1374,741030.4
2026-08-09 21:00:00+00:00,0.1374,0.1382,0.1373,0.1378,435812.1
2026-08-09 22:00:00+00:00,0.1378,0.1383,0.1364,0.1367,1002227.2
2026-08-09 23:00:00+00:00,0.1366,0.1367,0.135,0.1352,2679632.9
2026-08-10 00:00:00+00:00,0.1351,0.1366,0.1349,0.1355,1933515.7
2026-08-10 01:00:00+00:00,0.1355,0.1365,0.135,0.1361,1594551.2
2026-08-10 02:00:00+00:00,0.1361,0.1361,0.1346,0.1354,938390.3
2026-08-10 03:00:00+00:00,0.1354,0.1359,0.1351,0.1352,380780.7
2026-08-10 04:00:00+00:00,0.1353,0.1361,0.1353,0.1359,603716.8
2026-08-10 05:00:00+00:00,0.1359,0.1373,0.1356,0.1371,1825388.5
2026-08-10 06:00:00+00:00,0.1371,0.138,0.1368,0.1379,1387977.2
2026-08-10 07:00:00+00:00,0.138,0.1397,0.1379,0.1388,10123918.8
2026-08-10 08:00:00+00:00,0.1388,0.139,0.1378,0.1381,2570380.4
2026-08-10 09:00:00+00:00,0.1381,0.1381,0.1375,0.1375,1097548.2
2026-08-10 10:00:00+00:00,0.1376,0.1385,0.1375,0.1376,976984.5
2026-08-10 11:00:00+00:00,0.1376,0.1389,0.137,0.1386,2559205.9
2026-08-10 12:00:00+00:00,0.1385,0.1387,0.1378,0.1379,925167.7
2026-08-10 13:00:00+00:00,0.1379,0.1382,0.1364,0.1366,1646937.2
2026-08-10 14:00:00+00:00,0.1366,0.1372,0.136,0.1361,1277804.2
2026-08-10 15:00:00+00:00,0.1361,0.1365,0.1353,0.1363,1920681.0
2026-08-10 16:00:00+00:00,0.1363,0.1364,0.1353,0.1358,1533255.7
2026-08-10 17:00:00+00:00,0.1359,0.1367,0.1358,0.1364,1066711.0
2026-08-10 18:00:00+00:00,0.1363,0.1365,0.1355,0.136,1174409.9
2026-08-10 19:00:00+00:00,0.136,0.1365,0.1359,0.1359,669676.9
2026-08-10 20:00:00+00:00,0.1359,0.1363,0.1356,0.1356,445662.2
2026-08-10 21:00:00+00:00,0.1356,0.1357,0.1352,0.1352,721556.3
2026-08-10 22:00:00+00:00,0.1352,0.1353,0.1336,0.1341,2011054.6
2026-08-10 23:00:00+00:00,0.1341,0.1348,0.1337,0.1347,1482693.5
2026-08-11 00:00:00+00:00,0.1346,0.1346,0.1336,0.1339,787273.4
2026-08-11 01:00:00+00:00,0.1339,0.1352,0.1338,0.1349,868522.5
2026-08-11 02:00:00+00:00,0.135,0.1354,0.1349,0.135,542382.9
2026-08-11 03:00:00+00:00,0.1351,0.1357,0.1347,0.1353,814628.2
2026-08-11 04:00:00+00:00,0.1352,0.1353,0.1341,0.1342,1052870.3
2026-08-11 05:00:00+00:00,0.1342,0.1345,0.1339,0.1344,587287.1
2026-08-11 06:00:00+00:00,0.1344,0.1346,0.1333,0.1337,1596256.3
2026-08-11 07:00:00+00:00,0.1338,0.1339,0.1328,0.1333,1692631.0
2026-08-11 08:00:00+00:00,0.1332,0.1341,0.1331,0.1339,765515.6
2026-08-11 09:00:00+00:00,0.1339,0.1341,0.1334,0.1339,873346.6
2026-08-11 10:00:00+00:00,0.1339,0.1345,0.1334,0.1341,1582287.4
2026-08-11 11:00:00+00:00,0.1341,0.1347,0.1338,0.1342,1341348.8
2026-08-11 12:00:00+00:00,0.1342,0.1347,0.1339,0.1343,1400489.1
2026-08-11 13:00:00+00:00,0.1343,0.1352,0.1341,0.1347,2215841.6
2026-08-11 14:00:00+00:00,0.1347,0.1357,0.133,0.1335,2987643.8
2026-08-11 15:00:00+00:00,0.1334,0.1337,0.1322,0.1332,2206760.6
2026-08-11 16:00:00+00:00,0.1332,0.1332,0.1318,0.1327,1481472.6
2026-08-11 17:00:00+00:00,0.1326,0.1335,0.1324,0.1332,1536424.6
2026-08-11 18:00:00+00:00,0.1332,0.1335,0.1323,0.1328,1229807.7
2026-08-11 19:00:00+00:00,0.1327,0.1338,0.1319,0.1337,1696851.0
2026-08-11 20:00:00+00:00,0.1337,0.1342,0.1336,0.134,765158.0
2026-08-11 21:00:00+00:00,0.1339,0.1341,0.1335,0.1337,392350.5
2026-08-11 22:00:00+00:00,0.1338,0.1346,0.1335,0.1338,1101018.5
2026-08-11 23:00:00+00:00,0.1338,0.1341,0.1336,0.1339,359571.4
2026-08-12 00:00:00+00:00,0.1339,0.1343,0.1335,0.1341,684073.0
2026-08-12 01:00:00+00:00,0.1341,0.1361,0.1341,0.1361,1543271.5
2026-08-12 02:00:00+00:00,0.1361,0.1362,0.1351,0.1357,994413.7
2026-08-12 03:00:00+00:00,0.1358,0.1362,0.1354,0.1355,695685.8
2026-08-12 04:00:00+00:00,0.1355,0.136,0.1348,0.1349,722620.0
2026-08-12 05:00:00+00:00,0.135,0.1362,0.1349,0.1361,696531.3
2026-08-12 06:00:00+00:00,0.136,0.136,0.1352,0.1353,1265024.9
2026-08-12 07:00:00+00:00,0.1354,0.1357,0.1345,0.1348,571201.2
2026-08-12 08:00:00+00:00,0.1348,0.1351,0.1345,0.1348,595586.2
2026-08-12 09:00:00+00:00,0.1348,0.136,0.1348,0.1357,608263.3
2026-08-12 10:00:00+00:00,0.1357,0.1359,0.1346,0.1347,769078.1
2026-08-12 11:00:00+00:00,0.1347,0.1352,0.1346,0.1351,604343.9
2026-08-12 12:00:00+00:00,0.1351,0.136,0.1347,0.1356,2711083.2
2026-08-12 13:00:00+00:00,0.1357,0.1357,0.1351,0.1351,898472.4
2026-08-12 14:00:00+00:00,0.135,0.135,0.1336,0.1339,1395801.4
2026-08-12 15:00:00+00:00,0.1339,0.1348,0.1339,0.1345,596791.0
2026-08-12 16:00:00+00:00,0.1345,0.1347,0.1334,0.134,1698432.3
2026-08-12 17:00:00+00:00,0.134,0.1349,0.1339,0.1345,867543.8
2026-08-12 18:00:00+00:00,0.1345,0.1357,0.1344,0.1347,1199740.0
2026-08-12 19:00:00+00:00,0.1347,0.1349,0.134,0.1341,1027565.8
2026-08-12 20:00:00+00:00,0.134,0.1344,0.1335,0.134,1436739.9
2026-08-12 21:00:00+00:00,0.134,0.1343,0.1324,0.1325,981809.4
2026-08-12 22:00:00+00:00,0.1325,0.1333,0.1323,0.1333,1004735.2
2026-08-12 23:00:00+00:00,0.1333,0.1341,0.1332,0.134,1067634.6
2026-08-13 00:00:00+00:00,0.1339,0.1347,0.1338,0.1342,686453.9
2026-08-13 01:00:00+00:00,0.1341,0.135,0.1341,0.1344,1217917.7
2026-08-13 02:00:00+00:00,0.1344,0.1345,0.1336,0.1344,1414220.0
2026-08-13 03:00:00+00:00,0.1344,0.1355,0.1342,0.1353,1269259.0
2026-08-13 04:00:00+00:00,0.1354,0.1355,0.1349,0.1355,526341.9
2026-08-13 05:00:00+00:00,0.1355,0.1364,0.1353,0.1358,1350147.8
2026-08-13 06:00:00+00:00,0.1357,0.1361,0.1355,0.1361,803879.2
2026-08-13 07:00:00+00:00,0.136,0.1363,0.1356,0.1357,726846.4
2026-08-13 08:00:00+00:00,0.1358,0.1359,0.135,0.1351,894501.3
2026-08-13 09:00:00+00:00,0.1351,0.1355,0.1347,0.1353,474150.8
2026-08-13 10:00:00+00:00,0.1352,0.1352,0.1345,0.1348,517132.2
2026-08-13 11:00:00+00:00,0.1348,0.1348,0.1344,0.1346,341509.4
2026-08-13 12:00:00+00:00,0.1346,0.1354,0.1346,0.1354,619176.1
2026-08-13 13:00:00+00:00,0.1354,0.1362,0.1353,0.1358,893808.3
2026-08-13 14:00:00+00:00,0.1358,0.1376,0.1358,0.1363,3090575.6
2026-08-13 15:00:00+00:00,0.1363,0.1363,0.1346,0.1348,2152038.1
2026-08-13 16:00:00+00:00,0.1347,0.135,0.1337,0.1343,1807142.8
2026-08-13 17:00:00+00:00,0.1343,0.1348,0.1343,0.1344,786409.4
2026-08-13 18:00:00+00:00,0.1344,0.135,0.1342,0.1347,547110.4
2026-08-13 19:00:00+00:00,0.1347,0.1349,0.1343,0.1345,493545.6
2026-08-13 20:00:00+00:00,0.1345,0.1347,0.1344,0.1344,561888.0
2026-08-13 21:00:00+00:00,0.1344,0.135,0.1344,0.1347,527231.8
2026-08-13 22:00:00+00:00,0.1347,0.1357,0.1347,0.1354,1018305.5
2026-08-13 23:00:00+00:00,0.1355,0.1358,0.1351,0.1357,850687.8
2026-08-14 00:00:00+00:00,0.1358,0.1362,0.1355,0.1361,1064185.0
2026-08-14 01:00:00+00:00,0.1362,0.1366,0.1361,0.1362,847552.1
2026-08-14 02:00:00+00:00,0.1362,0.1369,0.1361,0.1362,1627428.0
2026-08-14 03:00:00+00:00,0.1362,0.1364,0.1352,0.1354,909195.4
2026-08-14 04:00:00+00:00,0.1354,0.1363,0.1354,0.1357,888938.7
2026-08-14 05:00:00+00:00,0.1357,0.1363,0.1355,0.1363,652600.2
2026-08-14 06:00:00+00:00,0.1363,0.1371,0.1359,0.1363,1579609.7
2026-08-14 07:00:00+00:00,0.1362,0.1371,0.1362,0.1366,1839991.7
2026-08-14 08:00:00+00:00,0.1366,0.1383,0.1363,0.1381,2062728.8
2026-08-14 09:00:00+00:00,0.1381,0.1382,0.1361,0.1362,1748216.1
2026-08-14 10:00:00+00:00,0.1362,0.1368,0.1361,0.1363,1960569.3
2026-08-14 11:00:00+00:00,0.1363,0.1368,0.1359,0.1367,2386887.0
2026-08-14 12:00:00+00:00,0.1368,0.1369,0.1354,0.1359,2830216.2
2026-08-14 13:00:00+00:00,0.1359,0.1366,0.1358,0.1363,2476981.7
2026-08-14 14:00:00+00:00,0.1363,0.1367,0.1341,0.1342,3511011.8
2026-08-14 15:00:00+00:00,0.1342,0.1352,0.134,0.135,3536928.3
2026-08-14 16:00:00+00:00,0.135,0.1354,0.1346,0.135,1959056.7
2026-08-14 17:00:00+00:00,0.1349,0.1355,0.1345,0.1345,2909367.0
2026-08-14 18:00:00+00:00,0.1345,0.1346,0.1339,0.1339,1970776.3
2026-08-14 19:00:00+00:00,0.1339,0.134,0.1334,0.1336,2412178.9
2026-08-14 20:00:00+00:00,0.1336,0.134,0.1329,0.1331,2153809.2
2026-08-14 21:00:00+00:00,0.1331,0.1334,0.1327,0.1328,2135972.6
2026-08-14 22:00:00+00:00,0.1328,0.1344,0.1327,0.1331,2842075.7
2026-08-14 23:00:00+00:00,0.1331,0.1342,0.1329,0.1339,2567068.7
2026-08-15 00:00:00+00:00,0.134,0.1344,0.1336,0.1341,2104712.7
2026-08-15 01:00:00+00:00,0.1341,0.1343,0.1333,0.1337,2062800.3
2026-08-15 02:00:00+00:00,0.1338,0.1342,0.1336,0.1341,1714896.6
2026-08-15 03:00:00+00:00,0.1341,0.1342,0.1332,0.1333,1931703.9
2026-08-15 04:00:00+00:00,0.1333,0.1341,0.1331,0.1337,2016031.4
2026-08-15 05:00:00+00:00,0.1338,0.134,0.1334,0.1335,1485454.4
2026-08-15 06:00:00+00:00,0.1336,0.1337,0.1328,0.1332,2303686.9
2026-08-15 07:00:00+00:00,0.1331,0.1331,0.1321,0.1324,2168637.2
2026-08-15 08:00:00+00:00,0.1324,0.1327,0.1322,0.1325,1693962.2
2026-08-15 09:00:00+00:00,0.1324,0.1333,0.1322,0.1327,2202818.9
2026-08-15 10:00:00+00:00,0.1327,0.133,0.1322,0.1325,1519099.0
2026-08-15 11:00:00+00:00,0.1325,0.1325,0.1319,0.132,1591556.2
2026-08-15 12:00:00+00:00,0.132,0.1321,0.1315,0.1317,1969928.6
2026-08-15 13:00:00+00:00,0.1318,0.1322,0.1316,0.1317,1690919.5
2026-08-15 14:00:00+00:00,0.1317,0.1317,0.131,0.1313,2481662.6
2026-08-15 15:00:00+00:00,0.1313,0.1326,0.1309,0.1318,3231237.2
2026-08-15 16:00:00+00:00,0.1318,0.1319,0.1311,0.1314,2866416.3
2026-08-15 17:00:00+00:00,0.1314,0.1316,0.1303,0.1305,3107717.2
2026-08-15 18:00:00+00:00,0.1305,0.1306,0.1266,0.1283,10023346.1
2026-08-15 19:00:00+00:00,0.1283,0.1286,0.1274,0.1285,3326845.5
2026-08-15 20:00:00+00:00,0.1285,0.1285,0.1277,0.1277,2325941.4
2026-08-15 21:00:00+00:00,0.1278,0.1286,0.1275,0.1282,2089313.5
2026-08-15 22:00:00+00:00,0.1282,0.1288,0.1278,0.128,1774385.5
2026-08-15 23:00:00+00:00,0.1279,0.1281,0.1275,0.1275,2029545.6
2026-08-16 00:00:00+00:00,0.1276,0.1276,0.1236,0.1245,6705334.6
2026-08-16 01:00:00+00:00,0.1245,0.1254,0.1237,0.1246,3711480.9
2026-08-16 02:00:00+00:00,0.1245,0.1254,0.1244,0.1246,2149018.1
2026-08-16 03:00:00+00:00,0.1246,0.1251,0.124,0.124,2076205.5
2026-08-16 04:00:00+00:00,0.124,0.1245,0.1239,0.1242,2323251.4
2026-08-16 05:00:00+00:00,0.1242,0.1249,0.1241,0.1243,2211269.8
2026-08-16 06:00:00+00:00,0.1244,0.1244,0.1227,0.1233,4064857.5
2026-08-16 07:00:00+00:00,0.1233,0.1246,0.1229,0.1244,2561172.6
2026-08-16 08:00:00+00:00,0.1244,0.1254,0.124,0.1252,3587912.5
2026-08-16 09:00:00+00:00,0.1252,0.1254,0.1246,0.125,3225473.9
2026-08-16 10:00:00+00:00,0.1249,0.1252,0.124,0.1244,2335009.7
2026-08-16 11:00:00+00:00,0.1245,0.1248,0.1241,0.1243,2124119.3
2026-08-16 12:00:00+00:00,0.1242,0.1243,0.1231,0.1236,2200021.3
2026-08-16 13:00:00+00:00,0.1235,0.1246,0.1228,0.1243,2813514.1
2026-08-16 14:00:00+00:00,0.1243,0.1246,0.1237,0.1243,2410510.1
2026-08-16 15:00:00+00:00,0.1244,0.1244,0.1235,0.1236,2261522.4
2026-08-16 16:00:00+00:00,0.1236,0.1245,0.1235,0.1242,2429512.8
2026-08-16 17:00:00+00:00,0.1242,0.1253,0.124,0.1242,2948371.2
2026-08-16 18:00:00+00:00,0.1242,0.1243,0.1239,0.1239,1768751.6
2026-08-16 19:00:00+00:00,0.124,0.1255,0.1239,0.1246,2872453.3
2026-08-16 20:00:00+00:00,0.1247,0.1254,0.1226,0.123,3713067.8
2026-08-16 21:00:00+00:00,0.1229,0.1231,0.1207,0.1217,5457968.5
2026-08-16 22:00:00+00:00,0.1216,0.1226,0.1205,0.122,4101558.8
2026-08-16 23:00:00+00:00,0.122,0.1225,0.1213,0.1215,2089205.9
2026-08-17 00:00:00+00:00,0.1214,0.1216,0.1204,0.1208,3316102.7
2026-08-17 01:00:00+00:00,0.1207,0.1225,0.1207,0.122,3196949.4
2026-08-17 02:00:00+00:00,0.1219,0.1225,0.1212,0.1223,3467420.8
2026-08-17 03:00:00+00:00,0.1224,0.1224,0.1211,0.1218,4395615.7
2026-08-17 04:00:00+00:00,0.1217,0.1231,0.1212,0.1227,4534827.9
2026-08-17 05:00:00+00:00,0.1228,0.1233,0.1223,0.1228,3772733.4
2026-08-17 06:00:00+00:00,0.1228,0.1231,0.1223,0.1227,6827803.5
2026-08-17 07:00:00+00:00,0.1226,0.1227,0.1194,0.1198,11499307.4
2026-08-17 08:00:00+00:00,0.1198,0.1203,0.1192,0.1195,3814254.5
2026-08-17 09:00:00+00:00,0.1195,0.1205,0.1193,0.1203,3174792.5
2026-08-17 10:00:00+00:00,0.1203,0.121,0.1201,0.1205,2672947.0
2026-08-17 11:00:00+00:00,0.1205,0.1215,0.1205,0.121,4226847.5
2026-08-17 12:00:00+00:00,0.1209,0.1212,0.12,0.1204,2113771.8
2026-08-17 13:00:00+00:00,0.1203,0.1225,0.1203,0.1222,1292577.5
2026-08-17 14:00:00+00:00,0.1222,0.1226,0.1219,0.1224,1595906.5
2026-08-17 15:00:00+00:00,0.1224,0.1238,0.1222,0.1235,1707206.2
2026-08-17 16:00:00+00:00,0.1235,0.1237,0.1226,0.1227,1069063.2
2026-08-17 17:00:00+00:00,0.1227,0.1241,0.1227,0.1236,1632618.7
2026-08-17 18:00:00+00:00,0.1235,0.1237,0.123,0.1232,1489528.7
2026-08-17 19:00:00+00:00,0.1231,0.1236,0.1228,0.123,1135590.7
2026-08-17 20:00:00+00:00,0.123,0.124,0.1227,0.1237,1164566.0
2026-08-17 21:00:00+00:00,0.1237,0.1246,0.1237,0.124,853170.5
2026-08-17 22:00:00+00:00,0.1239,0.1242,0.1229,0.123,1644015.4
2026-08-17 23:00:00+00:00,0.1231,0.1239,0.1228,0.1239,680133.7
2026-08-18 00:00:00+00:00,0.1238,0.124,0.1232,0.1234,945125.1
2026-08-18 01:00:00+00:00,0.1235,0.1236,0.1221,0.1222,1825006.9
2026-08-18 02:00:00+00:00,0.1222,0.1224,0.1194,0.12,4070709.8
2026-08-18 03:00:00+00:00,0.1199,0.1207,0.1193,0.1206,2015875.0
2026-08-18 04:00:00+00:00,0.1206,0.1213,0.1204,0.1211,763705.0
2026-08-18 05:00:00+00:00,0.1211,0.1224,0.121,0.1223,1234167.1
2026-08-18 06:00:00+00:00,0.1222,0.1232,0.1218,0.1229,1225673.8
2026-08-18 07:00:00+00:00,0.123,0.1232,0.1217,0.122,2927726.0
2026-08-18 08:00:00+00:00,0.122,0.1223,0.1212,0.1223,1374255.1
2026-08-18 09:00:00+00:00,0.1222,0.123,0.122,0.1226,1967952.6
2026-08-18 10:00:00+00:00,0.1225,0.1227,0.1222,0.1225,477929.1
2026-08-18 11:00:00+00:00,0.1224,0.1229,0.1223,0.1223,683435.2
2026-08-18 12:00:00+00:00,0.1223,0.1225,0.1221,0.1223,748736.6
2026-08-18 13:00:00+00:00,0.1222,0.1224,0.1217,0.1218,864426.6
2026-08-18 14:00:00+00:00,0.1219,0.1233,0.1214,0.1214,2318631.0
2026-08-18 15:00:00+00:00,0.1215,0.1219,0.1213,0.1217,1317658.9
2026-08-18 16:00:00+00:00,0.1217,0.1218,0.1205,0.1208,1285596.0
2026-08-18 17:00:00+00:00,0.1208,0.122,0.1208,0.1215,1459369.4
2026-08-18 18:00:00+00:00,0.1214,0.1218,0.1212,0.1216,454771.4
2026-08-18 19:00:00+00:00,0.1215,0.1215,0.1203,0.1204,920922.2
2026-08-18 20:00:00+00:00,0.1205,0.1207,0.1198,0.12,1530330.7
2026-08-18 21:00:00+00:00,0.1199,0.1204,0.1198,0.1203,720713.0
2026-08-18 22:00:00+00:00,0.1204,0.1209,0.1198,0.12,914386.7
2026-08-18 23:00:00+00:00,0.12,0.1231,0.1199,0.1222,4342514.2
2026-08-19 00:00:00+00:00,0.1222,0.1222,0.1212,0.1212,1766087.0
2026-08-19 01:00:00+00:00,0.1213,0.1218,0.1212,0.1215,1060218.6
2026-08-19 02:00:00+00:00,0.1216,0.1216,0.1209,0.121,846291.0
2026-08-19 03:00:00+00:00,0.121,0.122,0.1207,0.1217,1463090.5
2026-08-19 04:00:00+00:00,0.1217,0.1219,0.1212,0.1215,1343230.6
2026-08-19 05:00:00+00:00,0.1215,0.1219,0.1213,0.1213,717188.1
2026-08-19 06:00:00+00:00,0.1213,0.1214,0.1208,0.1212,590712.5
2026-08-19 07:00:00+00:00,0.1213,0.1214,0.1209,0.121,1013798.5
2026-08-19 08:00:00+00:00,0.121,0.1218,0.1208,0.1213,757035.2
2026-08-19 09:00:00+00:00,0.1214,0.1218,0.1212,0.1215,410017.8
2026-08-19 10:00:00+00:00,0.1215,0.1215,0.1212,0.1215,326830.6
2026-08-19 11:00:00+00:00,0.1214,0.1216,0.1208,0.1212,579661.9
2026-08-19 12:00:00+00:00,0.1211,0.1221,0.1209,0.1221,552455.4
2026-08-19 13:00:00+00:00,0.122,0.123,0.1211,0.1214,3717366.9
2026-08-19 14:00:00+00:00,0.1215,0.124,0.1214,0.1239,1629581.5
2026-08-19 15:00:00+00:00,0.124,0.1284,0.1236,0.1264,15862053.7
2026-08-19 16:00:00+00:00,0.1264,0.1269,0.1248,0.1252,7473233.1
2026-08-19 17:00:00+00:00,0.1251,0.1255,0.1246,0.1253,2718067.2
2026-08-19 18:00:00+00:00,0.1253,0.126,0.1248,0.1258,1476267.5
2026-08-19 19:00:00+00:00,0.1258,0.1274,0.1254,0.1273,2060019.4
2026-08-19 20:00:00+00:00,0.1273,0.1296,0.1269,0.129,3674035.1
2026-08-19 21:00:00+00:00,0.129,0.132,0.1289,0.1316,6063013.4
2026-08-19 22:00:00+00:00,0.1316,0.132,0.1302,0.1312,4339393.9
2026-08-19 23:00:00+00:00,0.1313,0.1314,0.1306,0.1313,1781389.3
2026-08-20 00:00:00+00:00,0.1313,0.1321,0.1308,0.1317,1988835.6
2026-08-20 01:00:00+00:00,0.1317,0.1327,0.1307,0.1323,1786852.4
2026-08-20 02:00:00+00:00,0.1323,0.1331,0.1308,0.1308,2543082.9
2026-08-20 03:00:00+00:00,0.1308,0.1308,0.1287,0.129,2716818.4
2026-08-20 04:00:00+00:00,0.1291,0.1309,0.1287,0.1307,1815067.6
2026-08-20 05:00:00+00:00,0.1306,0.1308,0.1287,0.129,2179121.4
2026-08-20 06:00:00+00:00,0.129,0.1306,0.1287,0.1303,2187224.0
2026-08-20 07:00:00+00:00,0.1303,0.1304,0.1292,0.13,1950355.1
2026-08-20 08:00:00+00:00,0.13,0.1335,0.1299,0.1335,4680350.1
2026-08-20 09:00:00+00:00,0.1335,0.1344,0.1328,0.1337,3719000.3
2026-08-20 10:00:00+00:00,0.1337,0.1355,0.1334,0.1344,5082301.3
2026-08-20 11:00:00+00:00,0.1344,0.136,0.1338,0.1349,3393661.3
2026-08-20 12:00:00+00:00,0.1349,0.1354,0.1332,0.1346,2853651.3
2026-08-20 13:00:00+00:00,0.1347,0.1348,0.132,0.1336,2877895.5
2026-08-20 14:00:00+00:00,0.1336,0.1345,0.133,0.1345,2663315.0
2026-08-20 15:00:00+00:00,0.1346,0.1384,0.1343,0.1376,4902432.6
2026-08-20 16:00:00+00:00,0.1376,0.139,0.1365,0.1389,4479261.2
2026-08-20 17:00:00+00:00,0.1388,0.145,0.1387,0.1423,14036729.9
2026-08-20 18:00:00+00:00,0.1423,0.1433,0.1403,0.1421,8459681.4
2026-08-20 19:00:00+00:00,0.142,0.1422,0.1384,0.1408,5362875.1
2026-08-20 20:00:00+00:00,0.1408,0.1423,0.1404,0.142,2398382.1
2026-08-20 21:00:00+00:00,0.1421,0.1443,0.1416,0.1435,2481608.2
2026-08-20 22:00:00+00:00,0.1435,0.1443,0.1421,0.1438,3543963.8
2026-08-20 23:00:00+00:00,0.1438,0.1448,0.142,0.1431,6017635.7
2026-08-21 00:00:00+00:00,0.1431,0.145,0.1429,0.1447,4124784.1
2026-08-21 01:00:00+00:00,0.1447,0.1468,0.1441,0.1463,4849534.5
2026-08-21 02:00:00+00:00,0.1463,0.1491,0.1452,0.1486,5333237.1
2026-08-21 03:00:00+00:00,0.1487,0.1493,0.1464,0.1464,3879655.2
2026-08-21 04:00:00+00:00,0.1464,0.1477,0.1459,0.1476,2577245.0
2026-08-21 05:00:00+00:00,0.1476,0.1476,0.1455,0.1471,2032235.8
2026-08-21 06:00:00+00:00,0.1471,0.149,0.1467,0.1478,3378220.5
2026-08-21 07:00:00+00:00,0.1479,0.152,0.1476,0.1516,8712273.7
2026-08-21 08:00:00+00:00,0.1516,0.163,0.1509,0.162,12600895.8
2026-08-21 09:00:00+00:00,0.162,0.1623,0.1542,0.16,14755487.0
2026-08-21 10:00:00+00:00,0.16,0.1629,0.1579,0.1627,8584559.3
2026-08-21 11:00:00+00:00,0.1627,0.1629,0.1565,0.1571,8936347.4
2026-08-21 12:00:00+00:00,0.1571,0.1605,0.1561,0.1601,4793646.6
2026-08-21 13:00:00+00:00,0.1602,0.1602,0.1555,0.16,5645062.2
2026-08-21 14:00:00+00:00,0.1599,0.1617,0.1583,0.1607,5492527.7
2026-08-21 15:00:00+00:00,0.1607,0.1629,0.1599,0.1607,4271117.0
2026-08-21 16:00:00+00:00,0.1608,0.1624,0.1593,0.1613,3245038.3
2026-08-21 17:00:00+00:00,0.1613,0.1647,0.1589,0.1635,4898558.5
2026-08-21 18:00:00+00:00,0.1635,0.164,0.1594,0.1602,7531200.0
2026-08-21 19:00:00+00:00,0.1602,0.1616,0.1583,0.1599,4934015.1
2026-08-21 20:00:00+00:00,0.1599,0.167,0.1591,0.1663,7197018.7
2026-08-21 21:00:00+00:00,0.1663,0.1683,0.1646,0.1667,4921399.8
2026-08-21 22:00:00+00:00,0.1667,0.1712,0.1658,0.1689,6557860.3
2026-08-21 23:00:00+00:00,0.1689,0.1758,0.1686,0.1714,12479885.4
2026-08-22 00:00:00+00:00,0.1714,0.1726,0.1681,0.1723,5070665.2
2026-08-22 01:00:00+00:00,0.1723,0.1747,0.1701,0.1728,6042188.9
2026-08-22 02:00:00+00:00,0.1728,0.1762,0.1723,0.1753,5983403.5
2026-08-22 03:00:00+00:00,0.1753,0.1816,0.1704,0.1802,11066536.4
2026-08-22 04:00:00+00:00,0.1802,0.1845,0.1796,0.1818,7733423.4
2026-08-22 05:00:00+00:00,0.1817,0.1821,0.1478,0.1669,43493551.0
2026-08-22 06:00:00+00:00,0.1669,0.1703,0.1636,0.1701,8696068.2
2026-08-22 07:00:00+00:00,0.1701,0.1709,0.1662,0.1669,8475339.0
2026-08-22 08:00:00+00:00,0.167,0.1687,0.1623,0.1635,10862935.0
2026-08-22 09:00:00+00:00,0.1635,0.1646,0.1607,0.1622,4985623.6
2026-08-22 10:00:00+00:00,0.1623,0.1624,0.1571,0.1619,8445501.3
2026-08-22 11:00:00+00:00,0.1619,0.1643,0.1603,0.1632,4335227.1
2026-08-22 12:00:00+00:00,0.1631,0.1669,0.1625,0.1642,4207551.3
2026-08-22 13:00:00+00:00,0.1643,0.1645,0.1627,0.1641,3154628.2
2026-08-22 14:00:00+00:00,0.1642,0.1642,0.1608,0.1613,2546056.2
2026-08-22 15:00:00+00:00,0.1614,0.162,0.1584,0.1598,3736533.4
2026-08-22 16:00:00+00:00,0.1598,0.1645,0.1596,0.1637,3806897.8
2026-08-22 17:00:00+00:00,0.1638,0.1666,0.1629,0.1655,2294966.6
2026-08-22 18:00:00+00:00,0.1656,0.1658,0.162,0.1632,2552965.0
2026-08-22 19:00:00+00:00,0.1632,0.1652,0.1623,0.1639,2150386.6
2026-08-22 20:00:00+00:00,0.1638,0.165,0.1623,0.1626,1852699.3
2026-08-22 21:00:00+00:00,0.1625,0.1626,0.1585,0.159,3808658.7
2026-08-22 22:00:00+00:00,0.1591,0.1627,0.1582,0.1617,2561617.2
2026-08-22 23:00:00+00:00,0.1618,0.163,0.1606,0.1614,1737085.6
2026-08-23 00:00:00+00:00,0.1614,0.1635,0.1603,0.1628,1881837.7
2026-08-23 01:00:00+00:00,0.1627,0.1628,0.159,0.1595,2051528.4
2026-08-23 02:00:00+00:00,0.1594,0.1606,0.1576,0.1584,3136282.3
2026-08-23 03:00:00+00:00,0.1584,0.1588,0.155,0.1557,5112319.2
2026-08-23 04:00:00+00:00,0.1557,0.1571,0.1531,0.1532,2559452.1
2026-08-23 05:00:00+00:00,0.1531,0.1573,0.1522,0.154,4886913.6
2026-08-23 06:00:00+00:00,0.1541,0.1559,0.153,0.1542,2078236.4
2026-08-23 07:00:00+00:00,0.1542,0.1568,0.1539,0.1561,2252148.0
2026-08-23 08:00:00+00:00,0.1561,0.1591,0.1556,0.1587,2154000.5
2026-08-23 09:00:00+00:00,0.1586,0.1603,0.1582,0.1593,2895853.9
2026-08-23 10:00:00+00:00,0.1593,0.1636,0.1591,0.1624,4867563.4
2026-08-23 11:00:00+00:00,0.1624,0.1665,0.1617,0.1658,5080308.4
2026-08-23 12:00:00+00:00,0.1658,0.1659,0.1629,0.1644,5290083.3
2026-08-23 13:00:00+00:00,0.1644,0.167,0.1644,0.1668,5320600.8
2026-08-23 14:00:00+00:00,0.1667,0.1691,0.1607,0.1656,7806003.2
2026-08-23 15:00:00+00:00,0.1656,0.1663,0.1636,0.1646,5174781.7
2026-08-23 16:00:00+00:00,0.1646,0.1669,0.1646,0.1656,2203382.7
2026-08-23 17:00:00+00:00,0.1655,0.1667,0.164,0.166,1631481.7
2026-08-23 18:00:00+00:00,0.1661,0.1669,0.1654,0.1658,1634323.1
2026-08-23 19:00:00+00:00,0.1658,0.1668,0.1642,0.1652,1420449.7
2026-08-23 20:00:00+00:00,0.1651,0.1659,0.164,0.1659,1282825.3
2026-08-23 21:00:00+00:00,0.1659,0.1701,0.1659,0.1666,4187364.1
2026-08-23 22:00:00+00:00,0.1667,0.1674,0.1653,0.1664,2292202.1
2026-08-23 23:00:00+00:00,0.1664,0.168,0.1649,0.1666,3595409.1
2026-08-24 00:00:00+00:00,0.1665,0.1679,0.1626,0.1647,3770751.6
2026-08-24 01:00:00+00:00,0.1648,0.1651,0.1602,0.1606,3340521.1
2026-08-24 02:00:00+00:00,0.1606,0.1633,0.1605,0.1632,2177706.1
2026-08-24 03:00:00+00:00,0.1632,0.1635,0.1615,0.1619,1647233.5
2026-08-24 04:00:00+00:00,0.162,0.1652,0.162,0.1643,1624948.2
2026-08-24 05:00:00+00:00,0.1643,0.167,0.1636,0.1655,1609843.9
2026-08-24 06:00:00+00:00,0.1655,0.1665,0.164,0.1643,2408114.0
2026-08-24 07:00:00+00:00,0.1642,0.1659,0.1636,0.1644,1422288.6
2026-08-24 08:00:00+00:00,0.1644,0.165,0.1625,0.163,1643569.4
2026-08-24 09:00:00+00:00,0.163,0.166,0.1627,0.1654,1272935.5
2026-08-24 10:00:00+00:00,0.1654,0.1664,0.1639,0.1642,2888186.5
2026-08-24 11:00:00+00:00,0.1641,0.1703,0.1627,0.1701,6379132.6
2026-08-24 12:00:00+00:00,0.1701,0.1723,0.1662,0.1719,7922076.7
2026-08-24 13:00:00+00:00,0.1719,0.1736,0.1668,0.1702,12420125.7
2026-08-24 14:00:00+00:00,0.1701,0.1789,0.1698,0.1748,14080136.5
2026-08-24 15:00:00+00:00,0.1747,0.1793,0.1743,0.1756,12278493.8
2026-08-24 16:00:00+00:00,0.1756,0.1775,0.1736,0.1743,6649028.5
2026-08-24 17:00:00+00:00,0.1743,0.1757,0.1699,0.172,6604772.2
2026-08-24 18:00:00+00:00,0.172,0.1736,0.1702,0.1711,2408361.2
2026-08-24 19:00:00+00:00,0.1711,0.1732,0.1696,0.1725,3201711.0
2026-08-24 20:00:00+00:00,0.1725,0.1748,0.1703,0.1739,4783130.1
2026-08-24 21:00:00+00:00,0.1739,0.1757,0.1727,0.1736,2382279.9
2026-08-24 22:00:00+00:00,0.1736,0.1741,0.1719,0.1724,2029727.6
2026-08-24 23:00:00+00:00,0.1724,0.1745,0.1715,0.1737,3747588.6
2026-08-25 00:00:00+00:00,0.1737,0.1758,0.1712,0.1752,3496336.4
2026-08-25 01:00:00+00:00,0.1752,0.1759,0.1737,0.1753,2439479.0
2026-08-25 02:00:00+00:00,0.1754,0.1782,0.1744,0.1763,4322881.9
2026-08-25 03:00:00+00:00,0.1763,0.1785,0.1753,0.1759,2374545.3
2026-08-25 04:00:00+00:00,0.176,0.1764,0.174,0.1754,2815247.1
2026-08-25 05:00:00+00:00,0.1754,0.18,0.175,0.1789,3496211.5
2026-08-25 06:00:00+00:00,0.179,0.179,0.1742,0.1748,3092793.3
2026-08-25 07:00:00+00:00,0.1747,0.1771,0.1714,0.1729,3906462.9
2026-08-25 08:00:00+00:00,0.1729,0.1755,0.1728,0.1734,2577011.2
2026-08-25 09:00:00+00:00,0.1733,0.1734,0.1691,0.1706,4549887.6
2026-08-25 10:00:00+00:00,0.1705,0.1721,0.1697,0.1718,3849813.8
2026-08-25 11:00:00+00:00,0.1718,0.1721,0.17,0.1702,2657575.3
2026-08-25 12:00:00+00:00,0.1702,0.1709,0.1682,0.1703,3356670.0
2026-08-25 13:00:00+00:00,0.1704,0.1704,0.1666,0.1684,4792078.6
2026-08-25 14:00:00+00:00,0.1683,0.1713,0.1678,0.1701,4574463.4
2026-08-25 15:00:00+00:00,0.1702,0.1708,0.1684,0.1707,2570682.0
2026-08-25 16:00:00+00:00,0.1708,0.1708,0.1688,0.1691,2660194.3
2026-08-25 17:00:00+00:00,0.169,0.1693,0.1669,0.1686,2620000.4
2026-08-25 18:00:00+00:00,0.1686,0.1708,0.1679,0.1684,3026836.8
2026-08-25 19:00:00+00:00,0.1683,0.1684,0.1663,0.1668,2417522.2
2026-08-25 20:00:00+00:00,0.1668,0.1669,0.1616,0.1624,5204711.4
2026-08-25 21:00:00+00:00,0.1624,0.1641,0.1598,0.1632,4309382.6
2026-08-25 22:00:00+00:00,0.1632,0.165,0.1632,0.1637,1654578.0
2026-08-25 23:00:00+00:00,0.1638,0.1642,0.1617,0.1627,1790064.9
2026-08-26 00:00:00+00:00,0.1628,0.1637,0.1612,0.1632,1368446.4
2026-08-26 01:00:00+00:00,0.1632,0.1647,0.1632,0.1644,1006134.0
2026-08-26 02:00:00+00:00,0.1645,0.1663,0.1635,0.166,1405842.2
2026-08-26 03:00:00+00:00,0.166,0.1666,0.1654,0.1658,1227214.8
2026-08-26 04:00:00+00:00,0.1657,0.1666,0.165,0.1652,1252288.1
2026-08-26 05:00:00+00:00,0.1652,0.1688,0.1646,0.1682,1637433.1
2026-08-26 06:00:00+00:00,0.1683,0.1694,0.1671,0.1684,1993634.4
2026-08-26 07:00:00+00:00,0.1683,0.1702,0.1673,0.1675,2797575.2
2026-08-26 08:00:00+00:00,0.1675,0.1683,0.1644,0.165,2285033.1
2026-08-26 09:00:00+00:00,0.165,0.1655,0.1617,0.1622,3561009.8
2026-08-26 10:00:00+00:00,0.1622,0.1635,0.1608,0.1628,5392823.7
2026-08-26 11:00:00+00:00,0.1627,0.163,0.1606,0.1612,4099459.3
2026-08-26 12:00:00+00:00,0.1611,0.1627,0.1595,0.1607,4301401.5
2026-08-26 13:00:00+00:00,0.1607,0.1615,0.1581,0.1591,6235144.4
2026-08-26 14:00:00+00:00,0.1591,0.1608,0.1581,0.1586,5005996.4
2026-08-26 15:00:00+00:00,0.1585,0.1609,0.1578,0.1605,2402137.2
2026-08-26 16:00:00+00:00,0.1606,0.1612,0.1588,0.1598,1134824.8
2026-08-26 17:00:00+00:00,0.1598,0.1624,0.1595,0.1604,997081.4
2026-08-26 18:00:00+00:00,0.1605,0.1621,0.1599,0.1618,1482625.6
2026-08-26 19:00:00+00:00,0.1617,0.1624,0.1612,0.1614,755137.2
2026-08-26 20:00:00+00:00,0.1614,0.163,0.1597,0.1625,2670168.1
2026-08-26 21:00:00+00:00,0.1625,0.1665,0.1618,0.1644,4264290.6
2026-08-26 22:00:00+00:00,0.1645,0.1657,0.1634,0.1642,3752040.0
2026-08-26 23:00:00+00:00,0.1641,0.1693,0.164,0.1686,2905271.7
2026-08-27 00:00:00+00:00,0.1686,0.1686,0.1651,0.1653,1562933.2
2026-08-27 01:00:00+00:00,0.1653,0.1671,0.1645,0.1651,2073693.8
2026-08-27 02:00:00+00:00,0.1652,0.1665,0.1639,0.1642,894089.9
2026-08-27 03:00:00+00:00,0.1642,0.1646,0.1629,0.1634,858724.0
2026-08-27 04:00:00+00:00,0.1635,0.1639,0.1622,0.163,1101050.6
2026-08-27 05:00:00+00:00,0.163,0.1646,0.1619,0.1643,1591749.7
2026-08-27 06:00:00+00:00,0.1642,0.166,0.1631,0.1653,1717893.4
2026-08-27 07:00:00+00:00,0.1652,0.1668,0.1648,0.1665,1941224.8
2026-08-27 08:00:00+00:00,0.1665,0.1707,0.1661,0.1694,6122452.5
2026-08-27 09:00:00+00:00,0.1695,0.1703,0.167,0.1673,3543773.7
2026-08-27 10:00:00+00:00,0.1673,0.1681,0.1639,0.1651,3028637.8
2026-08-27 11:00:00+00:00,0.1652,0.1661,0.163,0.164,2665991.0
2026-08-27 12:00:00+00:00,0.1641,0.1655,0.1633,0.1636,1511726.8
2026-08-27 13:00:00+00:00,0.1637,0.1656,0.1627,0.1649,2433130.7
2026-08-27 14:00:00+00:00,0.1648,0.167,0.1644,0.1654,3545632.5
2026-08-27 15:00:00+00:00,0.1654,0.1671,0.165,0.1664,2534965.6
2026-08-27 16:00:00+00:00,0.1664,0.168,0.1654,0.1668,3864980.7
2026-08-27 17:00:00+00:00,0.1667,0.1689,0.1661,0.1674,4183711.5
2026-08-27 18:00:00+00:00,0.1674,0.1677,0.165,0.1668,2714637.3
2026-08-27 19:00:00+00:00,0.1668,0.1671,0.1652,0.1654,1628278.7
2026-08-27 20:00:00+00:00,0.1654,0.1658,0.1641,0.1657,1762736.8
2026-08-27 21:00:00+00:00,0.1658,0.1659,0.1638,0.1647,1079306.3
2026-08-27 22:00:00+00:00,0.1647,0.1653,0.1632,0.1637,976095.1
2026-08-27 23:00:00+00:00,0.1636,0.1653,0.1634,0.1643,1280457.3
2026-08-28 00:00:00+00:00,0.1643,0.1669,0.1634,0.1659,2263196.2
2026-08-28 01:00:00+00:00,0.1659,0.1699,0.1653,0.1661,3624448.5
2026-08-28 02:00:00+00:00,0.1662,0.1662,0.1603,0.1609,3382672.7
2026-08-28 03:00:00+00:00,0.1608,0.1623,0.1602,0.1613,1917656.1
2026-08-28 04:00:00+00:00,0.1613,0.1625,0.1605,0.1615,1152410.8
2026-08-28 05:00:00+00:00,0.1615,0.1624,0.1608,0.1619,915666.5
2026-08-28 06:00:00+00:00,0.1619,0.1628,0.1617,0.1624,456922.6
2026-08-28 07:00:00+00:00,0.1624,0.1628,0.1611,0.1619,2947343.3
2026-08-28 08:00:00+00:00,0.162,0.1628,0.1601,0.1606,1373806.5
2026-08-28 09:00:00+00:00,0.1606,0.1614,0.1598,0.16,2580834.8
2026-08-28 10:00:00+00:00,0.16,0.1635,0.1585,0.1632,3166014.4
2026-08-28 11:00:00+00:00,0.1632,0.1642,0.1609,0.1624,3372000.4
2026-08-28 12:00:00+00:00,0.1625,0.1627,0.1615,0.1617,1125076.6
2026-08-28 13:00:00+00:00,0.1616,0.1628,0.1602,0.1611,3385200.4
2026-08-28 14:00:00+00:00,0.161,0.1638,0.1582,0.1622,6605549.1
2026-08-28 15:00:00+00:00,0.1623,0.163,0.1572,0.1573,4506580.0
2026-08-28 16:00:00+00:00,0.1573,0.1575,0.152,0.1559,8797942.4
2026-08-28 17:00:00+00:00,0.1559,0.156,0.154,0.1541,3395333.9
2026-08-28 18:00:00+00:00,0.154,0.1545,0.1505,0.151,5323913.2
2026-08-28 19:00:00+00:00,0.1511,0.1529,0.1511,0.1517,3899578.2
2026-08-28 20:00:00+00:00,0.1516,0.1528,0.1515,0.1517,2442415.1
2026-08-28 21:00:00+00:00,0.1517,0.1521,0.1501,0.1503,3382054.8
2026-08-28 22:00:00+00:00,0.1503,0.1513,0.1498,0.1505,3946024.8
2026-08-28 23:00:00+00:00,0.1504,0.1505,0.1498,0.15,1820172.5
2026-08-29 00:00:00+00:00,0.15,0.1515,0.1496,0.1496,3464212.8
2026-08-29 01:00:00+00:00,0.1496,0.1508,0.1494,0.15,2055860.7
2026-08-29 02:00:00+00:00,0.15,0.1501,0.1487,0.1494,3572101.1
2026-08-29 03:00:00+00:00,0.1494,0.1497,0.1475,0.1475,2436621.2
2026-08-29 04:00:00+00:00,0.1476,0.1489,0.1474,0.1487,2800563.1
2026-08-29 05:00:00+00:00,0.1488,0.1496,0.1479,0.1484,3523103.1
2026-08-29 06:00:00+00:00,0.1485,0.1486,0.147,0.1473,2990199.5
2026-08-29 07:00:00+00:00,0.1473,0.1476,0.1466,0.1471,3784330.4
2026-08-29 08:00:00+00:00,0.1471,0.1473,0.146,0.1466,3263770.3
2026-08-29 09:00:00+00:00,0.1466,0.1478,0.1464,0.147,2649083.9
2026-08-29 10:00:00+00:00,0.1469,0.1469,0.1454,0.1454,2896171.8
2026-08-29 11:00:00+00:00,0.1454,0.1471,0.1453,0.1461,3426093.5
2026-08-29 12:00:00+00:00,0.1461,0.1474,0.1458,0.1466,2539158.6
2026-08-29 13:00:00+00:00,0.1465,0.1482,0.1462,0.1481,2509929.2
2026-08-29 14:00:00+00:00,0.1481,0.1521,0.1479,0.1516,5742770.3
2026-08-29 15:00:00+00:00,0.1516,0.1525,0.1494,0.1517,8980404.0
2026-08-29 16:00:00+00:00,0.1518,0.1526,0.1502,0.1506,4583453.2
2026-08-29 17:00:00+00:00,0.1505,0.1506,0.1487,0.1499,4177716.0
2026-08-29 18:00:00+00:00,0.15,0.1505,0.149,0.1502,2717421.6
2026-08-29 19:00:00+00:00,0.1502,0.1509,0.1489,0.1495,3580181.0
2026-08-29 20:00:00+00:00,0.1494,0.1506,0.1493,0.1498,2158073.1
2026-08-29 21:00:00+00:00,0.1498,0.1506,0.1489,0.1502,3368297.6
2026-08-29 22:00:00+00:00,0.1502,0.1505,0.1497,0.1501,1322992.2
2026-08-29 23:00:00+00:00,0.1502,0.1502,0.1492,0.1494,2081429.3
2026-08-30 00:00:00+00:00,0.1493,0.1499,0.1482,0.1482,3074489.5
2026-08-30 01:00:00+00:00,0.1483,0.1488,0.1475,0.1486,1617994.1
2026-08-30 02:00:00+00:00,0.1486,0.1502,0.1486,0.1499,1179643.6
2026-08-30 03:00:00+00:00,0.15,0.1512,0.1499,0.1507,1124610.0
2026-08-30 04:00:00+00:00,0.1508,0.152,0.1497,0.1509,1793321.4
2026-08-30 05:00:00+00:00,0.1509,0.1525,0.1509,0.1521,2102419.9
2026-08-30 06:00:00+00:00,0.1522,0.154,0.1511,0.1539,1802653.5
2026-08-30 07:00:00+00:00,0.1539,0.154,0.1519,0.1521,3336317.2
2026-08-30 08:00:00+00:00,0.1522,0.1536,0.152,0.1529,1973616.8
2026-08-30 09:00:00+00:00,0.1528,0.1547,0.1521,0.1539,5403212.3
2026-08-30 10:00:00+00:00,0.1538,0.1554,0.1531,0.1548,3285614.9
2026-08-30 11:00:00+00:00,0.1548,0.1555,0.154,0.1543,3083273.7
2026-08-30 12:00:00+00:00,0.1544,0.1556,0.1541,0.1553,3238007.8
2026-08-30 13:00:00+00:00,0.1553,0.1557,0.1537,0.1543,3521794.2
2026-08-30 14:00:00+00:00,0.1543,0.1551,0.1541,0.1549,1374455.4
2026-08-30 15:00:00+00:00,0.1549,0.155,0.1533,0.1535,2067916.8
2026-08-30 16:00:00+00:00,0.1536,0.1572,0.1534,0.1569,5033854.5
2026-08-30 17:00:00+00:00,0.1569,0.1576,0.1552,0.1575,3491435.8
2026-08-30 18:00:00+00:00,0.1575,0.1608,0.1569,0.1593,6017068.3
2026-08-30 19:00:00+00:00,0.1595,0.1597,0.1549,0.1556,5480461.4
2026-08-30 20:00:00+00:00,0.1556,0.1566,0.1522,0.1531,6082436.5
2026-08-30 21:00:00+00:00,0.1532,0.1544,0.1511,0.1539,2832980.2
2026-08-30 22:00:00+00:00,0.1539,0.1551,0.1513,0.1521,2083097.7
2026-08-30 23:00:00+00:00,0.1521,0.1522,0.1457,0.1483,5294945.3
2026-08-31 00:00:00+00:00,0.1483,0.1511,0.1476,0.15,1893505.5
2026-08-31 01:00:00+00:00,0.15,0.1506,0.1476,0.1479,2322894.5
2026-08-31 02:00:00+00:00,0.148,0.1501,0.1476,0.1483,2383170.3
2026-08-31 03:00:00+00:00,0.1483,0.1506,0.148,0.1499,1177745.3
2026-08-31 04:00:00+00:00,0.15,0.1501,0.1488,0.1496,1349129.6
2026-08-31 05:00:00+00:00,0.1496,0.1537,0.1495,0.1526,2752755.2
2026-08-31 06:00:00+00:00,0.1526,0.1532,0.1509,0.1518,3365921.6
2026-08-31 07:00:00+00:00,0.1518,0.1525,0.1507,0.151,2471048.3
2026-08-31 08:00:00+00:00,0.151,0.1517,0.1503,0.1509,1316813.9
2026-08-31 09:00:00+00:00,0.1509,0.1519,0.1505,0.1509,1990043.6
2026-08-31 10:00:00+00:00,0.151,0.153,0.1506,0.1524,2439868.4
2026-08-31 11:00:00+00:00,0.1524,0.1526,0.1506,0.1508,1852819.1
2026-08-31 12:00:00+00:00,0.1508,0.1518,0.1496,0.1503,2964859.5
2026-08-31 13:00:00+00:00,0.1504,0.1514,0.1493,0.1498,2212469.6
2026-08-31 14:00:00+00:00,0.1498,0.1519,0.1493,0.1518,1841699.6
2026-08-31 15:00:00+00:00,0.1519,0.152,0.15,0.15,1344326.0
2026-08-31 16:00:00+00:00,0.15,0.151,0.1492,0.1501,1871110.5
2026-08-31 17:00:00+00:00,0.15,0.1509,0.1488,0.1503,1947497.6
2026-08-31 18:00:00+00:00,0.1502,0.1524,0.1495,0.1521,1902730.1
2026-08-31 19:00:00+00:00,0.1521,0.1544,0.1514,0.1532,2252233.2
2026-08-31 20:00:00+00:00,0.153,0.1545,0.1523,0.1537,1804801.1
2026-08-31 21:00:00+00:00,0.1537,0.1542,0.1521,0.1531,1506315.9
2026-08-31 22:00:00+00:00,0.1532,0.1537,0.1523,0.1532,883404.5
2026-08-31 23:00:00+00:00,0.1532,0.1535,0.1526,0.1535,970435.1
2026-09-01 00:00:00+00:00,0.1534,0.1576,0.1532,0.1571,3386482.8
2026-09-01 01:00:00+00:00,0.1572,0.1573,0.1551,0.1556,2761775.5
2026-09-01 02:00:00+00:00,0.1556,0.1559,0.1537,0.1548,3415557.4
2026-09-01 03:00:00+00:00,0.1548,0.1571,0.1548,0.1568,1573535.9
2026-09-01 04:00:00+00:00,0.1568,0.1576,0.156,0.1564,1787960.0
2026-09-01 05:00:00+00:00,0.1563,0.1579,0.1558,0.1576,1166878.6
2026-09-01 06:00:00+00:00,0.1577,0.158,0.1562,0.1571,1607335.8
2026-09-01 07:00:00+00:00,0.1571,0.1576,0.1553,0.1563,1533588.7
2026-09-01 08:00:00+00:00,0.1564,0.1564,0.1521,0.1525,4033766.9
2026-09-01 09:00:00+00:00,0.1526,0.1527,0.151,0.1512,2503978.0
2026-09-01 10:00:00+00:00,0.1513,0.1543,0.1512,0.1529,2048650.4
2026-09-01 11:00:00+00:00,0.1529,0.155,0.1525,0.1544,2187713.9
2026-09-01 12:00:00+00:00,0.1544,0.155,0.1524,0.1527,1892080.6
2026-09-01 13:00:00+00:00,0.1527,0.1546,0.1515,0.1543,1965159.1
2026-09-01 14:00:00+00:00,0.1544,0.1556,0.1542,0.1544,1603695.7
2026-09-01 15:00:00+00:00,0.1544,0.1545,0.1525,0.1538,1461213.0
2026-09-01 16:00:00+00:00,0.1539,0.1544,0.152,0.1529,1389636.4
2026-09-01 17:00:00+00:00,0.153,0.1561,0.1529,0.1546,1960286.9
2026-09-01 18:00:00+00:00,0.1548,0.1551,0.1505,0.1538,3600703.7
2026-09-01 19:00:00+00:00,0.1539,0.1563,0.1533,0.1546,4564254.3
2026-09-01 20:00:00+00:00,0.1546,0.1557,0.1526,0.1531,2599262.2
2026-09-01 21:00:00+00:00,0.1532,0.1537,0.1516,0.1526,1851789.3
2026-09-01 22:00:00+00:00,0.1527,0.1533,0.1522,0.1525,946080.0
2026-09-01 23:00:00+00:00,0.1526,0.1549,0.1524,0.1546,1639406.5
2026-09-02 00:00:00+00:00,0.1547,0.1547,0.1532,0.1532,877727.0
2026-09-02 01:00:00+00:00,0.1532,0.1537,0.1507,0.152,1586130.5
2026-09-02 02:00:00+00:00,0.1519,0.1554,0.1516,0.1551,2030730.0
2026-09-02 03:00:00+00:00,0.1551,0.1556,0.1542,0.155,1373715.7
2026-09-02 04:00:00+00:00,0.155,0.1557,0.1537,0.1555,961004.6
2026-09-02 05:00:00+00:00,0.1555,0.1558,0.1544,0.155,983020.6
2026-09-02 06:00:00+00:00,0.155,0.1555,0.1533,0.1547,1303379.6
2026-09-02 07:00:00+00:00,0.1545,0.155,0.1541,0.1546,1168109.6
2026-09-02 08:00:00+00:00,0.1546,0.1551,0.1517,0.1524,1522267.2
2026-09-02 09:00:00+00:00,0.1525,0.1531,0.1515,0.152,2725089.0
2026-09-02 10:00:00+00:00,0.152,0.152,0.1499,0.1514,2926259.2
2026-09-02 11:00:00+00:00,0.1514,0.1517,0.1501,0.1512,2055715.3
2026-09-02 12:00:00+00:00,0.1511,0.1527,0.1506,0.1507,1839325.8
2026-09-02 13:00:00+00:00,0.1509,0.1541,0.1509,0.1532,2830792.7
2026-09-02 14:00:00+00:00,0.1534,0.1534,0.1511,0.1512,2328865.7
2026-09-02 15:00:00+00:00,0.1512,0.1525,0.1507,0.1521,2058497.2
2026-09-02 16:00:00+00:00,0.152,0.1526,0.1513,0.1514,1340233.0
2026-09-02 17:00:00+00:00,0.1515,0.1521,0.1503,0.1515,3029315.4
2026-09-02 18:00:00+00:00,0.1515,0.1525,0.1506,0.152,2593198.3
2026-09-02 19:00:00+00:00,0.152,0.152,0.1506,0.1515,780277.1
2026-09-02 20:00:00+00:00,0.1516,0.1529,0.1514,0.1526,1251388.8
2026-09-02 21:00:00+00:00,0.1525,0.1531,0.1516,0.1524,1228471.1
2026-09-02 22:00:00+00:00,0.1523,0.1525,0.1497,0.151,2338090.8
2026-09-02 23:00:00+00:00,0.151,0.152,0.1509,0.152,856977.5
2026-09-03 00:00:00+00:00,0.1519,0.1528,0.1516,0.1524,1622875.0
2026-09-03 01:00:00+00:00,0.1524,0.1543,0.1513,0.1526,2554977.7
2026-09-03 02:00:00+00:00,0.1526,0.1548,0.1521,0.1542,1394689.3
2026-09-03 03:00:00+00:00,0.1543,0.1547,0.1534,0.1538,965229.4
2026-09-03 04:00:00+00:00,0.1538,0.1555,0.1533,0.1554,1098044.5
2026-09-03 05:00:00+00:00,0.1555,0.1556,0.1527,0.1552,3399281.0
2026-09-03 06:00:00+00:00,0.1553,0.1559,0.1535,0.154,2143007.3
2026-09-03 07:00:00+00:00,0.154,0.1558,0.1538,0.1546,2167772.9
2026-09-03 08:00:00+00:00,0.1546,0.1558,0.154,0.1544,1117130.4
2026-09-03 09:00:00+00:00,0.1544,0.1549,0.1533,0.1535,1516585.2
2026-09-03 10:00:00+00:00,0.1535,0.1544,0.1531,0.1541,1679268.6
2026-09-03 11:00:00+00:00,0.1542,0.1546,0.1538,0.1543,1384019.7
2026-09-03 12:00:00+00:00,0.1543,0.1563,0.154,0.1558,2752700.2
2026-09-03 13:00:00+00:00,0.1557,0.1561,0.1542,0.1543,2853618.7
2026-09-03 14:00:00+00:00,0.1543,0.1589,0.154,0.1589,3962997.6
2026-09-03 15:00:00+00:00,0.159,0.1607,0.1575,0.1605,6289199.3
2026-09-03 16:00:00+00:00,0.1604,0.1606,0.1584,0.1605,3254774.6
2026-09-03 17:00:00+00:00,0.1606,0.1606,0.1589,0.1595,2129122.1
2026-09-03 18:00:00+00:00,0.1595,0.16,0.159,0.1597,1531254.1
2026-09-03 19:00:00+00:00,0.1597,0.1606,0.1592,0.1595,2896533.3
2026-09-03 20:00:00+00:00,0.1595,0.1597,0.1582,0.1591,2257684.0
2026-09-03 21:00:00+00:00,0.1592,0.1608,0.1581,0.1583,4013053.3
2026-09-03 22:00:00+00:00,0.1582,0.1584,0.1559,0.1561,2634933.3
2026-09-03 23:00:00+00:00,0.1561,0.1576,0.1561,0.1575,1000407.3
2026-09-04 00:00:00+00:00,0.1575,0.1594,0.1569,0.1589,2604178.1
2026-09-04 01:00:00+00:00,0.1589,0.1596,0.1576,0.1585,1791749.3
2026-09-04 02:00:00+00:00,0.1584,0.1597,0.1574,0.1597,1674517.2
2026-09-04 03:00:00+00:00,0.1598,0.1602,0.158,0.158,1521006.9
2026-09-04 04:00:00+00:00,0.158,0.1593,0.1572,0.1576,1319268.4
2026-09-04 05:00:00+00:00,0.1576,0.1582,0.1552,0.1557,3169013.8
2026-09-04 06:00:00+00:00,0.1557,0.1557,0.1547,0.1554,4546401.5
2026-09-04 07:00:00+00:00,0.1554,0.1575,0.1554,0.1567,2499882.2
2026-09-04 08:00:00+00:00,0.1567,0.1582,0.1564,0.158,1805136.6
2026-09-04 09:00:00+00:00,0.158,0.1585,0.1568,0.158,3129234.6
2026-09-04 10:00:00+00:00,0.1579,0.1581,0.1564,0.157,1613077.6
2026-09-04 11:00:00+00:00,0.1569,0.1585,0.1567,0.1581,1507644.0
2026-09-04 12:00:00+00:00,0.1582,0.1586,0.1517,0.154,11794853.1
2026-09-04 13:00:00+00:00,0.1539,0.1555,0.1527,0.1549,4034464.5
2026-09-04 14:00:00+00:00,0.1549,0.1551,0.1512,0.1524,4397508.9
2026-09-04 15:00:00+00:00,0.1524,0.154,0.1519,0.1537,1314053.3
2026-09-04 16:00:00+00:00,0.1537,0.1548,0.1537,0.1542,2193638.3
2026-09-04 17:00:00+00:00,0.1542,0.1543,0.1523,0.1525,1552200.7
2026-09-04 18:00:00+00:00,0.1526,0.1535,0.1524,0.1535,928981.3
2026-09-04 19:00:00+00:00,0.1535,0.1554,0.1533,0.1549,3639221.2
2026-09-04 20:00:00+00:00,0.1549,0.1552,0.1542,0.1547,1443534.3
2026-09-04 21:00:00+00:00,0.1547,0.155,0.1531,0.1531,719152.2
2026-09-04 22:00:00+00:00,0.1531,0.1539,0.1531,0.1536,822888.8
2026-09-04 23:00:00+00:00,0.1536,0.1553,0.1535,0.1551,898516.0
2026-09-05 00:00:00+00:00,0.1551,0.1571,0.1547,0.157,2422438.5
2026-09-05 01:00:00+00:00,0.1569,0.158,0.1566,0.1568,1353540.7
2026-09-05 02:00:00+00:00,0.1568,0.163,0.1561,0.1627,3503878.0
2026-09-05 03:00:00+00:00,0.1627,0.163,0.1605,0.1615,3415706.7
2026-09-05 04:00:00+00:00,0.1615,0.1644,0.1607,0.1632,5226395.5
2026-09-05 05:00:00+00:00,0.1632,0.1633,0.1605,0.1626,3785935.6
2026-09-05 06:00:00+00:00,0.1626,0.1649,0.1624,0.1641,4112551.9
2026-09-05 07:00:00+00:00,0.1642,0.1679,0.1641,0.167,6472599.7
2026-09-05 08:00:00+00:00,0.167,0.1677,0.1641,0.1649,4188168.4
2026-09-05 09:00:00+00:00,0.1649,0.1659,0.1646,0.1656,2361602.9
2026-09-05 10:00:00+00:00,0.1655,0.1685,0.1655,0.1677,3151249.4
2026-09-05 11:00:00+00:00,0.1678,0.1689,0.1671,0.1689,3207110.9
2026-09-05 12:00:00+00:00,0.169,0.169,0.1671,0.1682,2587266.7
2026-09-05 13:00:00+00:00,0.1682,0.1687,0.1654,0.1655,3804047.4
2026-09-05 14:00:00+00:00,0.1655,0.1666,0.1649,0.166,2336690.5
2026-09-05 15:00:00+00:00,0.1661,0.1665,0.164,0.1644,3155583.7
2026-09-05 16:00:00+00:00,0.1645,0.1662,0.1645,0.1658,1667551.4
2026-09-05 17:00:00+00:00,0.1658,0.1662,0.164,0.165,3166097.7
2026-09-05 18:00:00+00:00,0.1649,0.1655,0.1642,0.1644,1343873.8
2026-09-05 19:00:00+00:00,0.1643,0.1654,0.1636,0.1638,1106146.5
2026-09-05 20:00:00+00:00,0.164,0.1647,0.1635,0.164,1316196.1
2026-09-05 21:00:00+00:00,0.164,0.1658,0.164,0.1652,1549100.6
2026-09-05 22:00:00+00:00,0.1653,0.1664,0.165,0.1654,1687179.8
2026-09-05 23:00:00+00:00,0.1653,0.1654,0.1639,0.1645,1283776.0
2026-09-06 00:00:00+00:00,0.1646,0.166,0.1641,0.1659,1243705.1
2026-09-06 01:00:00+00:00,0.166,0.1675,0.1653,0.1671,1911280.5
2026-09-06 02:00:00+00:00,0.1671,0.1678,0.1657,0.1657,1690380.5
2026-09-06 03:00:00+00:00,0.1658,0.1665,0.1653,0.1661,901974.8
2026-09-06 04:00:00+00:00,0.1662,0.1663,0.1639,0.1645,1987564.7
2026-09-06 05:00:00+00:00,0.1646,0.1662,0.1642,0.1657,1087862.9
2026-09-06 06:00:00+00:00,0.1656,0.1658,0.1645,0.1653,1838576.8
2026-09-06 07:00:00+00:00,0.1654,0.1666,0.1637,0.1663,2372753.3
2026-09-06 08:00:00+00:00,0.1662,0.1672,0.1657,0.1666,2036047.1
2026-09-06 09:00:00+00:00,0.1666,0.168,0.1665,0.1679,1635929.8
2026-09-06 10:00:00+00:00,0.168,0.172,0.1679,0.1719,8589033.6
2026-09-06 11:00:00+00:00,0.1719,0.1724,0.1696,0.1719,4567266.5
2026-09-06 12:00:00+00:00,0.1719,0.1723,0.1696,0.17,3227227.3
2026-09-06 13:00:00+00:00,0.17,0.1709,0.1684,0.1705,2680919.6
2026-09-06 14:00:00+00:00,0.1705,0.1719,0.1666,0.1689,5309766.5
2026-09-06 15:00:00+00:00,0.1689,0.1719,0.1678,0.1714,4848533.8
2026-09-06 16:00:00+00:00,0.1714,0.1717,0.1698,0.1712,4389620.7
2026-09-06 17:00:00+00:00,0.1712,0.1714,0.1688,0.17,3005464.0
2026-09-06 18:00:00+00:00,0.1701,0.174,0.17,0.1727,3032956.7
2026-09-06 19:00:00+00:00,0.1727,0.1743,0.1721,0.1725,3653191.6
2026-09-06 20:00:00+00:00,0.1725,0.1775,0.1724,0.1764,6790506.6
2026-09-06 21:00:00+00:00,0.1766,0.178,0.1758,0.1765,4110836.2
2026-09-06 22:00:00+00:00,0.1767,0.177,0.1725,0.1745,3946355.0
2026-09-06 23:00:00+00:00,0.1745,0.176,0.1743,0.1751,1153553.0
2026-09-07 00:00:00+00:00,0.1751,0.1779,0.1747,0.177,2327182.1
2026-09-07 01:00:00+00:00,0.177,0.1778,0.1714,0.172,4676541.9
2026-09-07 02:00:00+00:00,0.172,0.1757,0.171,0.1737,4214027.7
2026-09-07 03:00:00+00:00,0.1738,0.1748,0.1708,0.1725,2301216.9
2026-09-07 04:00:00+00:00,0.1725,0.1746,0.1724,0.1746,1545663.7
2026-09-07 05:00:00+00:00,0.1746,0.1766,0.1734,0.174,2535090.1
2026-09-07 06:00:00+00:00,0.174,0.1748,0.1733,0.1737,2467672.3
2026-09-07 07:00:00+00:00,0.1737,0.1744,0.1703,0.1725,3063862.3
2026-09-07 08:00:00+00:00,0.1726,0.1757,0.1725,0.1744,3758129.9
2026-09-07 09:00:00+00:00,0.1745,0.1778,0.1742,0.1756,4207014.3
2026-09-07 10:00:00+00:00,0.1757,0.1769,0.1756,0.1764,2459156.4
2026-09-07 11:00:00+00:00,0.1764,0.1768,0.1754,0.1759,2951025.8
2026-09-07 12:00:00+00:00,0.1758,0.182,0.1758,0.1813,7745612.1
2026-09-07 13:00:00+00:00,0.1813,0.1844,0.1794,0.1841,10566767.5
2026-09-07 14:00:00+00:00,0.1842,0.1842,0.1774,0.1818,15665153.9
2026-09-07 15:00:00+00:00,0.1818,0.1824,0.1767,0.1791,9440755.8
2026-09-07 16:00:00+00:00,0.1791,0.1831,0.179,0.1824,4966419.5
2026-09-07 17:00:00+00:00,0.1823,0.1833,0.1808,0.1821,3189495.4
2026-09-07 18:00:00+00:00,0.1819,0.1823,0.1796,0.1823,2534206.6
2026-09-07 19:00:00+00:00,0.1823,0.1872,0.1817,0.1843,6482336.1
2026-09-07 20:00:00+00:00,0.1843,0.186,0.1821,0.1849,3029091.5
2026-09-07 21:00:00+00:00,0.185,0.1867,0.1846,0.1852,3106025.5
2026-09-07 22:00:00+00:00,0.1852,0.1853,0.1788,0.1815,4924283.3
2026-09-07 23:00:00+00:00,0.1815,0.1836,0.1813,0.1832,2465212.0
2026-09-08 00:00:00+00:00,0.1831,0.186,0.182,0.1856,2259544.0
2026-09-08 01:00:00+00:00,0.1855,0.1898,0.1847,0.1888,5972667.1
2026-09-08 02:00:00+00:00,0.1888,0.1902,0.186,0.1861,4043427.4
2026-09-08 03:00:00+00:00,0.1861,0.1889,0.1856,0.1859,3592333.1
2026-09-08 04:00:00+00:00,0.1857,0.1867,0.1825,0.1828,3626764.3
2026-09-08 05:00:00+00:00,0.1829,0.1849,0.1823,0.1843,3288116.1
2026-09-08 06:00:00+00:00,0.1842,0.186,0.183,0.1856,5558522.3
2026-09-08 07:00:00+00:00,0.1856,0.1889,0.1853,0.1861,2922499.1
2026-09-08 08:00:00+00:00,0.1861,0.1861,0.183,0.1838,4350083.8
2026-09-08 09:00:00+00:00,0.1837,0.1864,0.1832,0.186,3770161.3
2026-09-08 10:00:00+00:00,0.186,0.1861,0.1832,0.1837,2560924.7
2026-09-08 11:00:00+00:00,0.1838,0.184,0.1809,0.1821,4041743.5
2026-09-08 12:00:00+00:00,0.182,0.1828,0.18,0.1817,3390935.1
2026-09-08 13:00:00+00:00,0.1818,0.182,0.1765,0.1783,7176611.4
2026-09-08 14:00:00+00:00,0.1783,0.181,0.1781,0.1808,2596754.1
2026-09-08 15:00:00+00:00,0.1808,0.1861,0.1802,0.1858,4181337.9
2026-09-08 16:00:00+00:00,0.1858,0.186,0.1824,0.1827,4697572.1
2026-09-08 17:00:00+00:00,0.1826,0.1834,0.1796,0.1797,2758165.4
2026-09-08 18:00:00+00:00,0.1797,0.181,0.1766,0.1774,4472366.4
2026-09-08 19:00:00+00:00,0.1774,0.1786,0.1771,0.1781,2379636.0
2026-09-08 20:00:00+00:00,0.1782,0.1803,0.1777,0.179,2451083.8
2026-09-08 21:00:00+00:00,0.1791,0.1804,0.1772,0.1779,2803463.6
2026-09-08 22:00:00+00:00,0.1779,0.1799,0.1778,0.1797,879006.3
2026-09-08 23:00:00+00:00,0.1798,0.1804,0.1786,0.1791,1483739.4
2026-09-09 00:00:00+00:00,0.1792,0.1819,0.1789,0.1806,1340295.1
2026-09-09 01:00:00+00:00,0.1806,0.1807,0.1775,0.1782,1443846.5
2026-09-09 02:00:00+00:00,0.1782,0.1784,0.1768,0.1774,1713800.7
2026-09-09 03:00:00+00:00,0.1772,0.1774,0.1743,0.1753,4051150.3
2026-09-09 04:00:00+00:00,0.1753,0.1797,0.1753,0.1791,3425472.1
2026-09-09 05:00:00+00:00,0.1791,0.1794,0.177,0.1774,1879414.2
2026-09-09 06:00:00+00:00,0.1775,0.1795,0.1767,0.1787,1565926.8
2026-09-09 07:00:00+00:00,0.1786,0.1799,0.1786,0.1799,1137188.0
2026-09-09 08:00:00+00:00,0.1798,0.1802,0.1783,0.1788,2595365.5
2026-09-09 09:00:00+00:00,0.1788,0.1805,0.1754,0.1756,5053022.6
2026-09-09 10:00:00+00:00,0.1756,0.1774,0.175,0.1768,1925605.1
2026-09-09 11:00:00+00:00,0.1768,0.18,0.1758,0.1796,2595958.5
2026-09-09 12:00:00+00:00,0.1796,0.18,0.1775,0.1795,5212512.0
2026-09-09 13:00:00+00:00,0.1795,0.1795,0.1768,0.177,3571092.6
2026-09-09 14:00:00+00:00,0.1771,0.1789,0.1764,0.1768,2079783.9
2026-09-09 15:00:00+00:00,0.1769,0.1783,0.1708,0.1742,7509015.0
2026-09-09 16:00:00+00:00,0.1742,0.1761,0.1731,0.1752,2707774.2
2026-09-09 17:00:00+00:00,0.1752,0.1778,0.175,0.1751,1973398.9
2026-09-09 18:00:00+00:00,0.1752,0.1758,0.1745,0.1745,1287993.3
2026-09-09 19:00:00+00:00,0.1745,0.1755,0.1718,0.1724,2100836.2
2026-09-09 20:00:00+00:00,0.1724,0.1754,0.1714,0.1725,4282422.8
2026-09-09 21:00:00+00:00,0.1725,0.1729,0.1698,0.1708,2291209.3
2026-09-09 22:00:00+00:00,0.1708,0.1711,0.1669,0.1672,3887668.4
2026-09-09 23:00:00+00:00,0.1671,0.1702,0.1671,0.1697,1726814.8
2026-09-10 00:00:00+00:00,0.1697,0.1705,0.1679,0.1682,2533553.3
2026-09-10 01:00:00+00:00,0.1682,0.1704,0.1672,0.1682,2330260.6
2026-09-10 02:00:00+00:00,0.1682,0.171,0.1676,0.171,1867924.8
2026-09-10 03:00:00+00:00,0.171,0.1714,0.1692,0.17,2222474.3
2026-09-10 04:00:00+00:00,0.1701,0.171,0.1697,0.1698,1127361.5
2026-09-10 05:00:00+00:00,0.1699,0.1713,0.1689,0.1708,1817327.6
2026-09-10 06:00:00+00:00,0.1709,0.1709,0.1683,0.1702,1364823.5
2026-09-10 07:00:00+00:00,0.1701,0.1701,0.1665,0.1668,2046408.2
2026-09-10 08:00:00+00:00,0.1668,0.168,0.1667,0.167,1358164.6
2026-09-10 09:00:00+00:00,0.167,0.1675,0.1654,0.1658,1945879.6
2026-09-10 10:00:00+00:00,0.1657,0.1664,0.1642,0.1645,3173635.5
2026-09-10 11:00:00+00:00,0.1644,0.1664,0.1639,0.1651,2127372.8
2026-09-10 12:00:00+00:00,0.1651,0.1662,0.1618,0.1637,4484872.5
2026-09-10 13:00:00+00:00,0.1637,0.1655,0.1634,0.1653,2240900.0
2026-09-10 14:00:00+00:00,0.1655,0.1661,0.1631,0.1637,1802946.6
2026-09-10 15:00:00+00:00,0.1636,0.1646,0.1626,0.1638,1840393.5
2026-09-10 16:00:00+00:00,0.1639,0.1641,0.1605,0.1627,2504104.9
2026-09-10 17:00:00+00:00,0.1626,0.1651,0.1622,0.1646,2198919.5
2026-09-10 18:00:00+00:00,0.1644,0.1654,0.1629,0.1653,1177224.4
2026-09-10 19:00:00+00:00,0.1652,0.1656,0.1637,0.1641,1786424.8
2026-09-10 20:00:00+00:00,0.1642,0.1663,0.1639,0.166,923218.3
2026-09-10 21:00:00+00:00,0.1661,0.1663,0.1645,0.1645,596659.7
2026-09-10 22:00:00+00:00,0.1646,0.1656,0.1633,0.1634,682053.9
2026-09-10 23:00:00+00:00,0.1634,0.1638,0.1618,0.1622,1005628.1
2026-09-11 00:00:00+00:00,0.1622,0.1645,0.1619,0.1643,953245.4
2026-09-11 01:00:00+00:00,0.1644,0.1649,0.1631,0.1642,1174379.9
2026-09-11 02:00:00+00:00,0.1643,0.1663,0.1632,0.1646,3747712.6
2026-09-11 03:00:00+00:00,0.1648,0.1669,0.1642,0.1668,1609378.0
2026-09-11 04:00:00+00:00,0.1669,0.169,0.1665,0.1674,1840997.9
2026-09-11 05:00:00+00:00,0.1674,0.1679,0.1668,0.1676,1018926.2
2026-09-11 06:00:00+00:00,0.1676,0.1678,0.165,0.166,1503082.8
2026-09-11 07:00:00+00:00,0.166,0.1669,0.1647,0.1651,879001.6
2026-09-11 08:00:00+00:00,0.165,0.1663,0.1644,0.1649,2171683.8
2026-09-11 09:00:00+00:00,0.1648,0.165,0.1628,0.1638,1024738.7
2026-09-11 10:00:00+00:00,0.1638,0.1647,0.1631,0.1631,1331107.1
2026-09-11 11:00:00+00:00,0.1631,0.1646,0.1615,0.1643,2375401.5
2026-09-11 12:00:00+00:00,0.1644,0.1704,0.162,0.1699,8911688.5
2026-09-11 13:00:00+00:00,0.1699,0.1737,0.1668,0.1732,5574404.9
2026-09-11 14:00:00+00:00,0.1732,0.1747,0.1704,0.1724,8038061.8
2026-09-11 15:00:00+00:00,0.1724,0.1745,0.1678,0.1688,6246134.2
2026-09-11 16:00:00+00:00,0.1687,0.1716,0.1685,0.1712,1633996.7
2026-09-11 17:00:00+00:00,0.1712,0.1721,0.1691,0.1696,2024009.4
2026-09-11 18:00:00+00:00,0.1694,0.1698,0.1657,0.1664,3684958.8
2026-09-11 19:00:00+00:00,0.1664,0.168,0.1658,0.1674,1354810.5
2026-09-11 20:00:00+00:00,0.1673,0.1687,0.1662,0.167,1266734.9
2026-09-11 21:00:00+00:00,0.167,0.1682,0.1648,0.165,767576.7
2026-09-11 22:00:00+00:00,0.1651,0.166,0.1642,0.1649,1449228.8
2026-09-11 23:00:00+00:00,0.1648,0.1664,0.1648,0.1664,362464.9
2026-09-12 00:00:00+00:00,0.1663,0.1675,0.1662,0.1674,874695.7
2026-09-12 01:00:00+00:00,0.1673,0.1683,0.1671,0.1677,605721.9
2026-09-12 02:00:00+00:00,0.1678,0.1683,0.1675,0.168,936766.3
2026-09-12 03:00:00+00:00,0.168,0.1686,0.1676,0.1679,510639.1
2026-09-12 04:00:00+00:00,0.1678,0.169,0.1677,0.1677,901685.3
2026-09-12 05:00:00+00:00,0.1678,0.1698,0.1677,0.1688,923001.4
2026-09-12 06:00:00+00:00,0.1688,0.1695,0.1683,0.1692,1018083.7
2026-09-12 07:00:00+00:00,0.1691,0.1718,0.1691,0.1714,1248615.4
2026-09-12 08:00:00+00:00,0.1714,0.1721,0.1707,0.1709,1605697.6
2026-09-12 09:00:00+00:00,0.1709,0.1709,0.1698,0.1703,979219.2
2026-09-12 10:00:00+00:00,0.1703,0.1709,0.1694,0.1698,800644.6
2026-09-12 11:00:00+00:00,0.1698,0.1707,0.1692,0.1705,642800.4
2026-09-12 12:00:00+00:00,0.1706,0.1708,0.1695,0.1696,531689.5
2026-09-12 13:00:00+00:00,0.1697,0.1698,0.1687,0.1693,645464.0
2026-09-12 14:00:00+00:00,0.1693,0.1698,0.1689,0.1693,757750.2
2026-09-12 15:00:00+00:00,0.1693,0.1709,0.1693,0.1701,1241670.4
2026-09-12 16:00:00+00:00,0.17,0.1705,0.1691,0.1694,443928.8
2026-09-12 17:00:00+00:00,0.1693,0.1696,0.1671,0.1678,1272421.6
2026-09-12 18:00:00+00:00,0.1678,0.1678,0.1669,0.1671,703304.3
2026-09-12 19:00:00+00:00,0.1672,0.1673,0.1658,0.1669,1391557.6
2026-09-12 20:00:00+00:00,0.1669,0.1676,0.1668,0.167,702399.7
2026-09-12 21:00:00+00:00,0.1669,0.1675,0.1662,0.1668,627459.6
2026-09-12 22:00:00+00:00,0.1668,0.1673,0.1663,0.1665,514755.1
2026-09-12 23:00:00+00:00,0.1665,0.1674,0.1663,0.1671,160052.5
2026-09-13 00:00:00+00:00,0.1671,0.1682,0.1669,0.1676,741570.2
2026-09-13 01:00:00+00:00,0.1677,0.1685,0.1673,0.1675,888485.5
2026-09-13 02:00:00+00:00,0.1676,0.1677,0.1659,0.1662,3067537.5
2026-09-13 03:00:00+00:00,0.1662,0.1693,0.1659,0.1672,1812826.0
2026-09-13 04:00:00+00:00,0.1672,0.1687,0.1669,0.1678,983993.0
2026-09-13 05:00:00+00:00,0.1679,0.1698,0.1677,0.1695,692000.0
2026-09-13 06:00:00+00:00,0.1694,0.1699,0.1682,0.1687,716146.3
2026-09-13 07:00:00+00:00,0.1687,0.1701,0.1675,0.1676,1486749.9
2026-09-13 08:00:00+00:00,0.1676,0.1682,0.1644,0.1647,2548581.3
2026-09-13 09:00:00+00:00,0.1647,0.1666,0.1647,0.166,2087249.9
2026-09-13 10:00:00+00:00,0.166,0.1664,0.1642,0.1646,858866.1
2026-09-13 11:00:00+00:00,0.1647,0.1657,0.1644,0.1654,985388.8
2026-09-13 12:00:00+00:00,0.1653,0.1663,0.1647,0.1659,1002839.3
2026-09-13 13:00:00+00:00,0.1658,0.1667,0.1647,0.1659,1235091.0
2026-09-13 14:00:00+00:00,0.166,0.168,0.1659,0.1675,1457682.7
2026-09-13 15:00:00+00:00,0.1675,0.1681,0.1659,0.1667,1157382.6
2026-09-13 16:00:00+00:00,0.1666,0.1681,0.1666,0.1681,1810970.9
2026-09-13 17:00:00+00:00,0.168,0.1744,0.1679,0.1711,7778175.6
2026-09-13 18:00:00+00:00,0.1712,0.1724,0.1703,0.1717,2793848.7
2026-09-13 19:00:00+00:00,0.1718,0.1719,0.17,0.1715,1402154.9
2026-09-13 20:00:00+00:00,0.1714,0.1729,0.1708,0.1727,1235453.6
2026-09-13 21:00:00+00:00,0.1726,0.1727,0.1711,0.1712,1373757.4
2026-09-13 22:00:00+00:00,0.1712,0.1712,0.1652,0.1656,2973223.0
2026-09-13 23:00:00+00:00,0.1657,0.1669,0.1653,0.1661,1335592.6
2026-09-14 00:00:00+00:00,0.1661,0.1682,0.1655,0.1676,1308446.6
2026-09-14 01:00:00+00:00,0.1676,0.1699,0.1667,0.1695,1027333.7
2026-09-14 02:00:00+00:00,0.1695,0.1722,0.1688,0.1715,2066584.2
2026-09-14 03:00:00+00:00,0.1715,0.1717,0.1695,0.1704,2219380.5
2026-09-14 04:00:00+00:00,0.1704,0.1708,0.1696,0.1697,1000127.2
2026-09-14 05:00:00+00:00,0.1698,0.1702,0.1691,0.1698,628973.1
2026-09-14 06:00:00+00:00,0.1699,0.1718,0.1698,0.1709,1515427.5
2026-09-14 07:00:00+00:00,0.171,0.1719,0.1701,0.1708,2723215.6
2026-09-14 08:00:00+00:00,0.1708,0.171,0.1686,0.1692,2409123.7
2026-09-14 09:00:00+00:00,0.1692,0.1712,0.1674,0.1703,2170134.8
2026-09-14 10:00:00+00:00,0.1704,0.1704,0.1686,0.1687,1292857.8
2026-09-14 11:00:00+00:00,0.1687,0.1695,0.168,0.169,744236.2
2026-09-14 12:00:00+00:00,0.1689,0.1692,0.1668,0.1671,1500241.2
2026-09-14 13:00:00+00:00,0.167,0.1699,0.1665,0.1681,3126628.6
2026-09-14 14:00:00+00:00,0.168,0.1699,0.1672,0.1675,1810236.0
2026-09-14 15:00:00+00:00,0.1675,0.1692,0.1668,0.1684,1583796.4
2026-09-14 16:00:00+00:00,0.1685,0.1698,0.1675,0.169,1245000.6
2026-09-14 17:00:00+00:00,0.169,0.1711,0.169,0.1709,1804840.0
2026-09-14 18:00:00+00:00,0.1709,0.1726,0.1705,0.1713,4002656.7
2026-09-14 19:00:00+00:00,0.1714,0.1714,0.1686,0.1687,1767088.7
2026-09-14 20:00:00+00:00,0.1687,0.1715,0.1687,0.1695,1873818.7
2026-09-14 21:00:00+00:00,0.1695,0.1696,0.1675,0.1681,2905459.4
2026-09-14 22:00:00+00:00,0.1681,0.1687,0.167,0.1672,1933400.6
2026-09-14 23:00:00+00:00,0.1671,0.1673,0.1627,0.163,8597068.0
2026-09-15 00:00:00+00:00,0.163,0.1643,0.1627,0.1633,3442192.2
2026-09-15 01:00:00+00:00,0.1634,0.1643,0.163,0.1633,1330183.1
2026-09-15 02:00:00+00:00,0.1634,0.1639,0.1625,0.1629,1625476.7
2026-09-15 03:00:00+00:00,0.1629,0.1635,0.162,0.1621,1256951.8
2026-09-15 04:00:00+00:00,0.1621,0.1626,0.1611,0.1618,1531876.0
2026-09-15 05:00:00+00:00,0.1618,0.1622,0.16,0.1621,2065688.0
2026-09-15 06:00:00+00:00,0.1621,0.1625,0.1603,0.1605,1293373.8
2026-09-15 07:00:00+00:00,0.1606,0.1606,0.1585,0.1587,2956528.4
2026-09-15 08:00:00+00:00,0.1587,0.1592,0.1577,0.1591,2391779.3
2026-09-15 09:00:00+00:00,0.1591,0.1594,0.1581,0.1586,2788905.9
2026-09-15 10:00:00+00:00,0.1587,0.159,0.1576,0.1581,2198752.3
2026-09-15 11:00:00+00:00,0.1581,0.1589,0.1569,0.1573,2685224.5
2026-09-15 12:00:00+00:00,0.1573,0.1589,0.1572,0.158,2400813.7
2026-09-15 13:00:00+00:00,0.1581,0.1592,0.1563,0.159,4287393.6
2026-09-15 14:00:00+00:00,0.159,0.1596,0.1541,0.1552,4533285.4
2026-09-15 15:00:00+00:00,0.1552,0.1572,0.1552,0.156,3495499.0
2026-09-15 16:00:00+00:00,0.1559,0.1565,0.1545,0.1555,2178786.9
2026-09-15 17:00:00+00:00,0.1556,0.1576,0.1549,0.1551,2434920.8
2026-09-15 18:00:00+00:00,0.1552,0.1572,0.1493,0.1543,11611027.0
2026-09-15 19:00:00+00:00,0.1543,0.155,0.1525,0.1531,3156651.4
2026-09-15 20:00:00+00:00,0.1532,0.1534,0.1509,0.1525,2338815.6
2026-09-15 21:00:00+00:00,0.1525,0.1525,0.1506,0.151,1843476.1
2026-09-15 22:00:00+00:00,0.1509,0.1516,0.1497,0.1503,3359934.5
2026-09-15 23:00:00+00:00,0.1503,0.1518,0.1503,0.1509,1724374.5
2026-09-16 00:00:00+00:00,0.1509,0.152,0.1506,0.1516,1117153.4
2026-09-16 01:00:00+00:00,0.1516,0.1518,0.1485,0.1491,2911332.5
2026-09-16 02:00:00+00:00,0.1492,0.1512,0.1491,0.1499,1849463.6
2026-09-16 03:00:00+00:00,0.15,0.1505,0.1498,0.1505,1093539.4
2026-09-16 04:00:00+00:00,0.1504,0.152,0.1504,0.1513,1549079.0
2026-09-16 05:00:00+00:00,0.1514,0.1522,0.1507,0.1511,1753558.3
2026-09-16 06:00:00+00:00,0.1512,0.1514,0.1501,0.151,1845704.8
2026-09-16 07:00:00+00:00,0.151,0.1513,0.1493,0.1496,1808152.1
2026-09-16 08:00:00+00:00,0.1495,0.1496,0.1485,0.1495,2345698.8
2026-09-16 09:00:00+00:00,0.1496,0.151,0.1495,0.1507,1914448.8
2026-09-16 10:00:00+00:00,0.1507,0.1514,0.1505,0.1508,1353558.2
2026-09-16 11:00:00+00:00,0.1509,0.1533,0.1507,0.1528,1914120.3
2026-09-16 12:00:00+00:00,0.1529,0.1529,0.1513,0.1515,1601474.0
2026-09-16 13:00:00+00:00,0.1515,0.1519,0.1501,0.1504,2534781.1
2026-09-16 14:00:00+00:00,0.1506,0.1506,0.1488,0.1492,2828142.1
2026-09-16 15:00:00+00:00,0.1492,0.1507,0.149,0.1497,1472302.2
2026-09-16 16:00:00+00:00,0.1497,0.1505,0.1492,0.1503,1093839.1
2026-09-16 17:00:00+00:00,0.1503,0.1507,0.1484,0.1501,2541136.2
2026-09-16 18:00:00+00:00,0.1501,0.1538,0.1487,0.1514,9080759.1
2026-09-16 19:00:00+00:00,0.1515,0.1532,0.1494,0.1525,4591809.0
2026-09-16 20:00:00+00:00,0.1525,0.1558,0.1522,0.1554,4395986.4
2026-09-16 21:00:00+00:00,0.1553,0.1554,0.1538,0.1548,2297159.4
2026-09-16 22:00:00+00:00,0.1549,0.1557,0.1533,0.154,1807089.5
2026-09-16 23:00:00+00:00,0.1541,0.1585,0.1538,0.158,2920367.1
2026-09-17 00:00:00+00:00,0.158,0.1585,0.157,0.1577,1911022.7
2026-09-17 01:00:00+00:00,0.1577,0.159,0.1568,0.1568,1745750.1
2026-09-17 02:00:00+00:00,0.1569,0.1586,0.1561,0.1577,1982954.9
2026-09-17 03:00:00+00:00,0.1577,0.1591,0.1574,0.158,2111924.8
2026-09-17 04:00:00+00:00,0.1581,0.1581,0.1567,0.157,1559535.3
2026-09-17 05:00:00+00:00,0.1571,0.1575,0.1553,0.1554,1889086.4
2026-09-17 06:00:00+00:00,0.1554,0.1564,0.1553,0.1558,1200453.5
2026-09-17 07:00:00+00:00,0.1559,0.1571,0.1559,0.1568,1915879.3
2026-09-17 08:00:00+00:00,0.1569,0.1581,0.1563,0.1578,1771528.9
2026-09-17 09:00:00+00:00,0.1579,0.1588,0.1573,0.1576,2284399.2
2026-09-17 10:00:00+00:00,0.1575,0.1577,0.1567,0.157,1208748.4
2026-09-17 11:00:00+00:00,0.157,0.1579,0.1569,0.1578,1568569.2
2026-09-17 12:00:00+00:00,0.1578,0.1625,0.1575,0.1618,5536837.0
2026-09-17 13:00:00+00:00,0.162,0.1625,0.1594,0.1623,3157222.5
2026-09-17 14:00:00+00:00,0.1624,0.1646,0.1613,0.1619,4452276.1
2026-09-17 15:00:00+00:00,0.162,0.1641,0.1605,0.1637,2208647.7
2026-09-17 16:00:00+00:00,0.1637,0.1676,0.1635,0.1674,5525991.5
2026-09-17 17:00:00+00:00,0.1675,0.17,0.1673,0.1678,4821750.2
2026-09-17 18:00:00+00:00,0.1679,0.1683,0.1657,0.167,2924969.3
2026-09-17 19:00:00+00:00,0.167,0.1685,0.1667,0.1679,2387345.5
2026-09-17 20:00:00+00:00,0.168,0.1702,0.1674,0.1689,3016369.6
2026-09-17 21:00:00+00:00,0.1689,0.1692,0.1669,0.1673,2029290.6
2026-09-17 22:00:00+00:00,0.1672,0.171,0.1667,0.171,3514863.5
2026-09-17 23:00:00+00:00,0.171,0.1748,0.1703,0.1742,4809295.1
2026-09-18 00:00:00+00:00,0.1742,0.178,0.1716,0.1779,4487505.7
2026-09-18 01:00:00+00:00,0.178,0.1791,0.1764,0.1784,4918687.4
2026-09-18 02:00:00+00:00,0.1785,0.18,0.1779,0.1799,3637269.8
2026-09-18 03:00:00+00:00,0.1799,0.1847,0.1797,0.1825,7473508.3
2026-09-18 04:00:00+00:00,0.1825,0.1835,0.1795,0.1814,6321254.8
2026-09-18 05:00:00+00:00,0.1814,0.1816,0.1779,0.1783,3646067.7
2026-09-18 06:00:00+00:00,0.1783,0.1814,0.1783,0.1809,4453158.8
2026-09-18 07:00:00+00:00,0.1808,0.1824,0.1806,0.1813,3082574.7
2026-09-18 08:00:00+00:00,0.1813,0.186,0.1793,0.1856,8563817.0
2026-09-18 09:00:00+00:00,0.1855,0.1875,0.1841,0.1874,6831657.0
2026-09-18 10:00:00+00:00,0.1875,0.1887,0.1855,0.186,5573478.0
2026-09-18 11:00:00+00:00,0.1859,0.1865,0.1818,0.1844,4569000.7
2026-09-18 12:00:00+00:00,0.1844,0.186,0.1829,0.185,4451416.8
2026-09-18 13:00:00+00:00,0.185,0.1872,0.1832,0.1836,4648409.3
2026-09-18 14:00:00+00:00,0.1837,0.1861,0.1832,0.186,4203716.0
2026-09-18 15:00:00+00:00,0.186,0.1861,0.1829,0.1837,3563230.3
2026-09-18 16:00:00+00:00,0.1837,0.1848,0.1828,0.1833,3514870.8
2026-09-18 17:00:00+00:00,0.1833,0.184,0.1823,0.1837,4320801.1
2026-09-18 18:00:00+00:00,0.1837,0.1838,0.1822,0.1827,4206730.1
2026-09-18 19:00:00+00:00,0.1826,0.1857,0.1824,0.1849,3222177.0
2026-09-18 20:00:00+00:00,0.1848,0.1853,0.1834,0.1836,3051976.6
2026-09-18 21:00:00+00:00,0.1836,0.1849,0.1831,0.184,2295829.6
2026-09-18 22:00:00+00:00,0.1839,0.1855,0.1831,0.1852,2950442.1
2026-09-18 23:00:00+00:00,0.1851,0.1857,0.1842,0.1853,2298598.2
2026-09-19 00:00:00+00:00,0.1854,0.1867,0.1836,0.1846,3731085.3
2026-09-19 01:00:00+00:00,0.1846,0.1852,0.1811,0.1841,4932119.9
2026-09-19 02:00:00+00:00,0.1841,0.1845,0.1829,0.1832,2783843.5
2026-09-19 03:00:00+00:00,0.1831,0.1834,0.1811,0.1815,2738661.8
2026-09-19 04:00:00+00:00,0.1816,0.1819,0.1773,0.1794,6493639.8
2026-09-19 05:00:00+00:00,0.1793,0.1801,0.1777,0.1782,3678456.5
2026-09-19 06:00:00+00:00,0.1782,0.1792,0.1764,0.1779,4134202.9
2026-09-19 07:00:00+00:00,0.1779,0.1782,0.1761,0.1766,4454960.3
2026-09-19 08:00:00+00:00,0.1766,0.1806,0.1762,0.1805,5004705.5
2026-09-19 09:00:00+00:00,0.1805,0.1831,0.1798,0.1819,5994927.2
2026-09-19 10:00:00+00:00,0.1819,0.1824,0.1801,0.1809,3525815.2
2026-09-19 11:00:00+00:00,0.1809,0.1844,0.1808,0.1836,5239009.3
2026-09-19 12:00:00+00:00,0.1836,0.1847,0.182,0.1828,5124236.2
2026-09-19 13:00:00+00:00,0.1829,0.1839,0.1808,0.1813,3367022.0
2026-09-19 14:00:00+00:00,0.1813,0.1834,0.1805,0.1809,2674864.7
2026-09-19 15:00:00+00:00,0.1809,0.1825,0.1801,0.1806,4990891.7
2026-09-19 16:00:00+00:00,0.1806,0.1823,0.1798,0.1819,2965618.1
2026-09-19 17:00:00+00:00,0.1818,0.1826,0.1797,0.1805,3127777.5
2026-09-19 18:00:00+00:00,0.1805,0.181,0.1778,0.1786,4017474.0
2026-09-19 19:00:00+00:00,0.1787,0.1798,0.1783,0.1787,2597361.9
2026-09-19 20:00:00+00:00,0.1788,0.1794,0.1763,0.177,4911215.7
2026-09-19 21:00:00+00:00,0.177,0.1774,0.1744,0.176,4849770.3
2026-09-19 22:00:00+00:00,0.1759,0.1777,0.1745,0.1771,4325025.4
2026-09-19 23:00:00+00:00,0.177,0.1776,0.1756,0.1768,3053133.9
2026-09-20 00:00:00+00:00,0.1767,0.178,0.1762,0.1771,2812634.9
2026-09-20 01:00:00+00:00,0.1771,0.1773,0.1741,0.1765,5505992.6
2026-09-20 02:00:00+00:00,0.1766,0.1788,0.1706,0.1714,7297618.0
2026-09-20 03:00:00+00:00,0.1713,0.1739,0.1707,0.1729,4772707.8
2026-09-20 04:00:00+00:00,0.1728,0.1731,0.17,0.1708,4411076.9
2026-09-20 05:00:00+00:00,0.1709,0.1714,0.169,0.1708,3228477.1
2026-09-20 06:00:00+00:00,0.1707,0.171,0.1689,0.1694,3006714.8
2026-09-20 07:00:00+00:00,0.1694,0.1704,0.1679,0.1679,4039736.8
2026-09-20 08:00:00+00:00,0.1679,0.1696,0.1672,0.1676,4155646.0
2026-09-20 09:00:00+00:00,0.1675,0.1714,0.1675,0.169,4690986.7
2026-09-20 10:00:00+00:00,0.1691,0.1707,0.1674,0.1694,6786873.4
2026-09-20 11:00:00+00:00,0.1695,0.1713,0.1694,0.1707,3611809.6
2026-09-20 12:00:00+00:00,0.1707,0.1714,0.1693,0.171,3527414.2
2026-09-20 13:00:00+00:00,0.171,0.1726,0.1704,0.1707,4802990.6
2026-09-20 14:00:00+00:00,0.1706,0.1717,0.1689,0.1695,3268989.9
2026-09-20 15:00:00+00:00,0.1696,0.173,0.1696,0.1727,4194702.3
2026-09-20 16:00:00+00:00,0.1727,0.1798,0.1722,0.1794,8503015.3
2026-09-20 17:00:00+00:00,0.1794,0.1808,0.1768,0.1774,6411334.4
2026-09-20 18:00:00+00:00,0.1774,0.1788,0.1723,0.1733,10435414.5
2026-09-20 19:00:00+00:00,0.1733,0.1774,0.1729,0.1764,5245255.9
2026-09-20 20:00:00+00:00,0.1763,0.1787,0.1756,0.176,4280131.2
2026-09-20 21:00:00+00:00,0.1759,0.1761,0.1729,0.176,4083826.4
2026-09-20 22:00:00+00:00,0.1761,0.1776,0.1748,0.175,2602960.0
2026-09-20 23:00:00+00:00,0.175,0.1762,0.1743,0.1753,2974376.7
2026-09-21 00:00:00+00:00,0.1754,0.1795,0.1747,0.1787,4664495.4
2026-09-21 01:00:00+00:00,0.1786,0.1823,0.174,0.1748,7289687.9
2026-09-21 02:00:00+00:00,0.1749,0.1801,0.174,0.1795,5091221.8
2026-09-21 03:00:00+00:00,0.1795,0.1829,0.1795,0.182,4725018.3
2026-09-21 04:00:00+00:00,0.1819,0.1821,0.1785,0.1806,4994062.4
2026-09-21 05:00:00+00:00,0.1805,0.1827,0.1791,0.1811,5628849.7
2026-09-21 06:00:00+00:00,0.1811,0.1851,0.1801,0.185,6062298.6
2026-09-21 07:00:00+00:00,0.1851,0.1851,0.1817,0.1833,4579315.0
2026-09-21 08:00:00+00:00,0.1833,0.1925,0.1823,0.191,12898543.4
2026-09-21 09:00:00+00:00,0.191,0.1932,0.1864,0.1871,15582464.3
2026-09-21 10:00:00+00:00,0.1872,0.1923,0.1864,0.1904,8324297.5
2026-09-21 11:00:00+00:00,0.1905,0.1965,0.1902,0.1953,13128657.3
2026-09-21 12:00:00+00:00,0.1953,0.1989,0.1924,0.1982,7117716.1
2026-09-21 13:00:00+00:00,0.1983,0.2071,0.1948,0.207,14685112.7
2026-09-21 14:00:00+00:00,0.2069,0.2086,0.2012,0.2019,14635857.1
2026-09-21 15:00:00+00:00,0.2018,0.2042,0.1988,0.2029,7971251.5
2026-09-21 16:00:00+00:00,0.2029,0.2068,0.2006,0.2048,6727448.3
2026-09-21 17:00:00+00:00,0.2049,0.2057,0.1965,0.1972,4320754.4
2026-09-21 18:00:00+00:00,0.1971,0.2015,0.1966,0.201,5851222.1
2026-09-21 19:00:00+00:00,0.201,0.2022,0.1978,0.2021,3457740.1
2026-09-21 20:00:00+00:00,0.2021,0.2042,0.1997,0.2016,5056688.9
2026-09-21 21:00:00+00:00,0.2016,0.2027,0.1987,0.2,2943046.9
2026-09-21 22:00:00+00:00,0.2,0.2046,0.1999,0.2046,2670642.6
2026-09-21 23:00:00+00:00,0.2045,0.2059,0.2026,0.205,3556262.4
2026-09-22 00:00:00+00:00,0.205,0.2079,0.2018,0.2021,5069508.4
2026-09-22 01:00:00+00:00,0.2021,0.204,0.1992,0.203,4795124.7
2026-09-22 02:00:00+00:00,0.2029,0.2072,0.2015,0.2054,5138443.6
2026-09-22 03:00:00+00:00,0.2055,0.2064,0.2003,0.2022,2991418.8
2026-09-22 04:00:00+00:00,0.2022,0.2023,0.1961,0.1968,5740481.9
2026-09-22 05:00:00+00:00,0.1969,0.2025,0.1968,0.2012,4232593.2
2026-09-22 06:00:00+00:00,0.2012,0.2019,0.1987,0.2005,1908814.9
2026-09-22 07:00:00+00:00,0.2004,0.2023,0.1998,0.2019,2703943.8
2026-09-22 08:00:00+00:00,0.2019,0.2122,0.201,0.2117,9913240.8
2026-09-22 09:00:00+00:00,0.2117,0.2124,0.207,0.2101,9626330.1
2026-09-22 10:00:00+00:00,0.2101,0.2102,0.2042,0.2053,5728395.9
2026-09-22 11:00:00+00:00,0.2053,0.2115,0.2032,0.2108,4114717.6
2026-09-22 12:00:00+00:00,0.2107,0.2133,0.2074,0.2129,8303544.4
2026-09-22 13:00:00+00:00,0.2128,0.213,0.2057,0.2077,8289620.0
2026-09-22 14:00:00+00:00,0.2076,0.208,0.2021,0.2054,7144573.6
2026-09-22 15:00:00+00:00,0.2053,0.2076,0.205,0.2066,2103368.4
2026-09-22 16:00:00+00:00,0.2066,0.2068,0.2022,0.204,3783188.7
2026-09-22 17:00:00+00:00,0.2041,0.2058,0.203,0.2052,3082300.3
2026-09-22 18:00:00+00:00,0.2052,0.2054,0.2033,0.2037,1854592.3
2026-09-22 19:00:00+00:00,0.2037,0.2072,0.2037,0.2056,3391895.8
2026-09-22 20:00:00+00:00,0.2057,0.2096,0.2052,0.2078,4420174.0
2026-09-22 21:00:00+00:00,0.2078,0.2088,0.2059,0.2069,1903688.2
2026-09-22 22:00:00+00:00,0.2069,0.2101,0.2048,0.209,2922108.6
2026-09-22 23:00:00+00:00,0.209,0.2124,0.2085,0.2097,4004655.0
2026-09-23 00:00:00+00:00,0.2096,0.2112,0.2075,0.2083,3065608.1
2026-09-23 01:00:00+00:00,0.2082,0.2101,0.206,0.207,1600919.9
2026-09-23 02:00:00+00:00,0.2071,0.2096,0.2062,0.2096,1438148.9
2026-09-23 03:00:00+00:00,0.2095,0.2129,0.208,0.211,3901394.9
2026-09-23 04:00:00+00:00,0.211,0.2128,0.209,0.2122,2522563.4
2026-09-23 05:00:00+00:00,0.2122,0.215,0.2103,0.2115,5312248.7
2026-09-23 06:00:00+00:00,0.2115,0.216,0.2115,0.2143,3739887.4
2026-09-23 07:00:00+00:00,0.2143,0.2146,0.208,0.2089,5030356.3
2026-09-23 08:00:00+00:00,0.2089,0.21,0.2056,0.2067,5858138.2
2026-09-23 09:00:00+00:00,0.2066,0.2104,0.2063,0.2078,4710104.1
2026-09-23 10:00:00+00:00,0.2078,0.2096,0.2055,0.2092,3573856.4
2026-09-23 11:00:00+00:00,0.2091,0.2092,0.2042,0.2066,4181180.3
2026-09-23 12:00:00+00:00,0.2066,0.2076,0.2047,0.2064,3540944.4
2026-09-23 13:00:00+00:00,0.2064,0.2065,0.2031,0.2042,4476153.2
2026-09-23 14:00:00+00:00,0.2043,0.205,0.1929,0.1978,20252561.5
2026-09-23 15:00:00+00:00,0.1977,0.199,0.1932,0.1934,4378371.4
2026-09-23 16:00:00+00:00,0.1935,0.1979,0.1905,0.1961,5866687.7
2026-09-23 17:00:00+00:00,0.196,0.1973,0.1936,0.1955,3534314.6
2026-09-23 18:00:00+00:00,0.1955,0.1962,0.1936,0.1953,1597664.6
2026-09-23 19:00:00+00:00,0.1953,0.1959,0.1939,0.1953,1919168.8
2026-09-23 20:00:00+00:00,0.1954,0.1961,0.1942,0.1952,1766157.3
2026-09-23 21:00:00+00:00,0.1952,0.1981,0.1947,0.1965,2069157.7
2026-09-23 22:00:00+00:00,0.1964,0.1987,0.1936,0.1948,2646802.7
2026-09-23 23:00:00+00:00,0.1947,0.1952,0.193,0.1941,1666733.2
2026-09-24 00:00:00+00:00,0.1941,0.1946,0.1919,0.1927,2021444.3
2026-09-24 01:00:00+00:00,0.1926,0.1953,0.1923,0.1928,2283030.3
2026-09-24 02:00:00+00:00,0.1928,0.1963,0.1916,0.1954,1945711.6
2026-09-24 03:00:00+00:00,0.1955,0.1973,0.1947,0.1955,1631236.2
2026-09-24 04:00:00+00:00,0.1956,0.1994,0.195,0.1994,1904307.0
2026-09-24 05:00:00+00:00,0.1993,0.2015,0.1979,0.1981,2121366.2
2026-09-24 06:00:00+00:00,0.1981,0.2007,0.1975,0.1993,2286334.1
2026-09-24 07:00:00+00:00,0.1993,0.2016,0.1979,0.2016,2489158.5
2026-09-24 08:00:00+00:00,0.2016,0.2031,0.1955,0.1972,4337337.4
2026-09-24 09:00:00+00:00,0.1972,0.1978,0.1933,0.1952,4536885.9
2026-09-24 10:00:00+00:00,0.1953,0.1978,0.1944,0.1975,2760107.9
2026-09-24 11:00:00+00:00,0.1974,0.1987,0.196,0.1968,2145435.4
2026-09-24 12:00:00+00:00,0.1967,0.2005,0.1957,0.2003,4166580.6
2026-09-24 13:00:00+00:00,0.2003,0.2072,0.2003,0.2059,8775583.0
2026-09-24 14:00:00+00:00,0.2059,0.2239,0.2056,0.2165,23820748.8
2026-09-24 15:00:00+00:00,0.2164,0.227,0.2154,0.2239,16893838.5
2026-09-24 16:00:00+00:00,0.2238,0.2299,0.2212,0.2234,12335708.3
2026-09-24 17:00:00+00:00,0.2233,0.2239,0.2186,0.2198,8077414.4
2026-09-24 18:00:00+00:00,0.2198,0.2245,0.2174,0.2238,7267057.4
2026-09-24 19:00:00+00:00,0.2237,0.2285,0.221,0.2244,9818713.9
2026-09-24 20:00:00+00:00,0.2243,0.2287,0.2227,0.2287,4736583.7
2026-09-24 21:00:00+00:00,0.2286,0.233,0.2266,0.2273,6438215.8
2026-09-24 22:00:00+00:00,0.2271,0.2282,0.2244,0.2273,3894957.0
2026-09-24 23:00:00+00:00,0.2274,0.2313,0.2272,0.2287,4791401.9
2026-09-25 00:00:00+00:00,0.2286,0.233,0.2251,0.2258,5559006.0
2026-09-25 01:00:00+00:00,0.2256,0.2272,0.2224,0.224,2704409.0
2026-09-25 02:00:00+00:00,0.2239,0.2268,0.2209,0.2242,3019985.1
2026-09-25 03:00:00+00:00,0.2241,0.2256,0.2228,0.2253,1903862.0
2026-09-25 04:00:00+00:00,0.2254,0.2296,0.2241,0.2285,2441036.5
2026-09-25 05:00:00+00:00,0.2284,0.2323,0.2256,0.2315,4070571.4
2026-09-25 06:00:00+00:00,0.2314,0.2338,0.2273,0.2297,6517125.3
2026-09-25 07:00:00+00:00,0.2296,0.2344,0.2264,0.2325,4763126.7
2026-09-25 08:00:00+00:00,0.2326,0.2351,0.2301,0.2325,5102022.9
2026-09-25 09:00:00+00:00,0.2324,0.2367,0.2321,0.2355,8655422.6
2026-09-25 10:00:00+00:00,0.2355,0.2419,0.2354,0.237,11113649.0
2026-09-25 11:00:00+00:00,0.2371,0.2453,0.2369,0.2407,8974468.6
2026-09-25 12:00:00+00:00,0.2407,0.2441,0.2358,0.2437,11018389.2
2026-09-25 13:00:00+00:00,0.2438,0.2465,0.2379,0.2396,12136328.1
2026-09-25 14:00:00+00:00,0.2396,0.241,0.2349,0.241,6212277.7
2026-09-25 15:00:00+00:00,0.241,0.2439,0.237,0.2393,6088314.4
2026-09-25 16:00:00+00:00,0.2394,0.2432,0.2388,0.2401,4685111.9
2026-09-25 17:00:00+00:00,0.2401,0.2428,0.2365,0.2391,2863585.4
2026-09-25 18:00:00+00:00,0.2391,0.2405,0.2372,0.2381,2386932.9
2026-09-25 19:00:00+00:00,0.2382,0.2399,0.2364,0.2381,1937317.7
2026-09-25 20:00:00+00:00,0.2382,0.2429,0.2367,0.24,3972024.1
2026-09-25 21:00:00+00:00,0.24,0.2416,0.2386,0.24,2394486.1
2026-09-25 22:00:00+00:00,0.2401,0.2449,0.2398,0.2445,2848585.9
2026-09-25 23:00:00+00:00,0.2445,0.2469,0.243,0.2467,2355600.5
2026-09-26 00:00:00+00:00,0.2467,0.248,0.2417,0.2419,3647763.1
2026-09-26 01:00:00+00:00,0.2419,0.2438,0.2408,0.2417,2109916.7
2026-09-26 02:00:00+00:00,0.2417,0.2427,0.24,0.2403,1878087.6
2026-09-26 03:00:00+00:00,0.2403,0.2427,0.2391,0.2418,2445215.8
2026-09-26 04:00:00+00:00,0.2418,0.2477,0.2413,0.2467,4354248.1
2026-09-26 05:00:00+00:00,0.2467,0.2471,0.2429,0.2434,1814670.9
2026-09-26 06:00:00+00:00,0.2432,0.2439,0.2409,0.2409,2354608.8
2026-09-26 07:00:00+00:00,0.241,0.244,0.2401,0.2429,1818373.1
2026-09-26 08:00:00+00:00,0.243,0.2442,0.2402,0.2423,2147777.1
2026-09-26 09:00:00+00:00,0.2423,0.2424,0.2374,0.2387,4109932.7
2026-09-26 10:00:00+00:00,0.2388,0.2429,0.2388,0.2417,1479252.1
2026-09-26 11:00:00+00:00,0.2418,0.2444,0.2415,0.2435,1548748.1
2026-09-26 12:00:00+00:00,0.2435,0.2461,0.2424,0.2434,2361781.5
2026-09-26 13:00:00+00:00,0.2434,0.2453,0.2417,0.2443,2719250.7
2026-09-26 14:00:00+00:00,0.2443,0.2523,0.243,0.2513,6165725.7
2026-09-26 15:00:00+00:00,0.2514,0.26,0.2508,0.2524,13038842.5
2026-09-26 16:00:00+00:00,0.2525,0.2596,0.2516,0.2586,6944287.8
2026-09-26 17:00:00+00:00,0.2586,0.2591,0.2488,0.2509,4415727.6
2026-09-26 18:00:00+00:00,0.2509,0.2521,0.2465,0.2471,3846679.6
2026-09-26 19:00:00+00:00,0.2472,0.2491,0.2442,0.2452,3012041.2
2026-09-26 20:00:00+00:00,0.2451,0.2457,0.2376,0.2413,5079649.7
2026-09-26 21:00:00+00:00,0.2412,0.2447,0.2407,0.2424,2582911.1
2026-09-26 22:00:00+00:00,0.2425,0.2446,0.2413,0.2421,1024965.6
2026-09-26 23:00:00+00:00,0.242,0.2442,0.242,0.243,1142047.2
2026-09-27 00:00:00+00:00,0.243,0.2433,0.239,0.2395,2800688.9
2026-09-27 01:00:00+00:00,0.2394,0.2422,0.2388,0.2411,2140281.1
2026-09-27 02:00:00+00:00,0.241,0.2432,0.241,0.2416,1244971.6
2026-09-27 03:00:00+00:00,0.2416,0.2423,0.2401,0.2403,768534.5
2026-09-27 04:00:00+00:00,0.2402,0.2415,0.2388,0.239,1521881.8
2026-09-27 05:00:00+00:00,0.2391,0.243,0.239,0.2422,1490594.5
2026-09-27 06:00:00+00:00,0.2423,0.2465,0.2422,0.2446,2755509.6
2026-09-27 07:00:00+00:00,0.2446,0.2488,0.2446,0.2471,2704927.8
2026-09-27 08:00:00+00:00,0.2472,0.2482,0.2441,0.2449,2431708.1
2026-09-27 09:00:00+00:00,0.2449,0.2452,0.2413,0.2441,2147921.8
2026-09-27 10:00:00+00:00,0.244,0.2454,0.2435,0.2453,1448564.2
2026-09-27 11:00:00+00:00,0.2453,0.2455,0.2422,0.2431,1998211.4
2026-09-27 12:00:00+00:00,0.243,0.2453,0.2424,0.2426,1491181.1
2026-09-27 13:00:00+00:00,0.2426,0.2443,0.2403,0.2432,1732425.7
2026-09-27 14:00:00+00:00,0.2432,0.2436,0.2401,0.2402,1973952.0
2026-09-27 15:00:00+00:00,0.2403,0.241,0.2385,0.2401,2941335.2
2026-09-27 16:00:00+00:00,0.2401,0.244,0.2397,0.2427,2590735.5
2026-09-27 17:00:00+00:00,0.2426,0.2452,0.2422,0.2449,2122502.4
2026-09-27 18:00:00+00:00,0.2448,0.2475,0.2439,0.2475,2512726.2
2026-09-27 19:00:00+00:00,0.2475,0.2476,0.2447,0.2453,1192035.5
2026-09-27 20:00:00+00:00,0.2453,0.2482,0.2445,0.245,1420685.8
2026-09-27 21:00:00+00:00,0.2449,0.2488,0.2447,0.2477,1594364.9
2026-09-27 22:00:00+00:00,0.2479,0.2487,0.2424,0.2467,2915511.4
2026-09-27 23:00:00+00:00,0.2469,0.2485,0.2445,0.2476,1902588.7
2026-09-28 00:00:00+00:00,0.2476,0.2492,0.2439,0.2449,3715309.0
2026-09-28 01:00:00+00:00,0.2449,0.2477,0.2421,0.2441,2624385.6
2026-09-28 02:00:00+00:00,0.244,0.2476,0.2417,0.2424,2161874.6
2026-09-28 03:00:00+00:00,0.2424,0.244,0.2373,0.2397,4184416.8
2026-09-28 04:00:00+00:00,0.2398,0.2421,0.2379,0.2411,2032861.0
2026-09-28 05:00:00+00:00,0.241,0.2419,0.2322,0.2364,7480249.5
2026-09-28 06:00:00+00:00,0.2363,0.2379,0.233,0.2337,3789205.1
2026-09-28 07:00:00+00:00,0.2337,0.2353,0.2292,0.2294,5409703.2
2026-09-28 08:00:00+00:00,0.2295,0.2336,0.2293,0.2315,4744624.6
2026-09-28 09:00:00+00:00,0.2315,0.2321,0.2267,0.2272,5513775.4
2026-09-28 10:00:00+00:00,0.2273,0.2318,0.2271,0.2293,6762138.3
2026-09-28 11:00:00+00:00,0.2294,0.2315,0.2291,0.2311,4451493.0
2026-09-28 12:00:00+00:00,0.2311,0.2362,0.2303,0.2351,2991735.9
2026-09-28 13:00:00+00:00,0.235,0.2359,0.2318,0.2333,5415662.1
2026-09-28 14:00:00+00:00,0.2333,0.2333,0.2238,0.226,6547324.6
2026-09-28 15:00:00+00:00,0.2261,0.2269,0.223,0.2261,4793876.7
2026-09-28 16:00:00+00:00,0.2261,0.2329,0.2244,0.2277,5096818.1
2026-09-28 17:00:00+00:00,0.2278,0.2327,0.2261,0.2308,4333371.6
2026-09-28 18:00:00+00:00,0.2309,0.2336,0.23,0.2321,4394091.6
2026-09-28 19:00:00+00:00,0.2321,0.2321,0.2256,0.2257,2063616.1
2026-09-28 20:00:00+00:00,0.2259,0.2299,0.2246,0.2292,1418819.4
2026-09-28 21:00:00+00:00,0.2293,0.2305,0.2223,0.2228,3612365.6
2026-09-28 22:00:00+00:00,0.2228,0.224,0.2202,0.2236,5605311.1
2026-09-28 23:00:00+00:00,0.2237,0.227,0.223,0.2246,7092057.9
2026-09-29 00:00:00+00:00,0.2247,0.2254,0.221,0.221,2048225.2
2026-09-29 01:00:00+00:00,0.221,0.2229,0.2161,0.2175,7551475.1
2026-09-29 02:00:00+00:00,0.2176,0.2182,0.2145,0.2172,5617022.0
2026-09-29 03:00:00+00:00,0.2173,0.22,0.2165,0.218,1424055.1
2026-09-29 04:00:00+00:00,0.218,0.2203,0.2169,0.2195,1539564.5
2026-09-29 05:00:00+00:00,0.2194,0.2224,0.2185,0.2222,2567438.0
2026-09-29 06:00:00+00:00,0.2223,0.2282,0.2217,0.2269,8328380.1
2026-09-29 07:00:00+00:00,0.2267,0.2291,0.2246,0.2277,5481188.6
2026-09-29 08:00:00+00:00,0.2277,0.231,0.226,0.2294,3766886.1
2026-09-29 09:00:00+00:00,0.2293,0.2319,0.2279,0.2302,3406540.4
2026-09-29 10:00:00+00:00,0.2301,0.2306,0.2264,0.2285,4147516.6
2026-09-29 11:00:00+00:00,0.2285,0.2358,0.2282,0.2347,3823811.0
2026-09-29 12:00:00+00:00,0.2346,0.2354,0.2305,0.2307,3613027.5
2026-09-29 13:00:00+00:00,0.2306,0.2325,0.2294,0.2313,6060629.5
2026-09-29 14:00:00+00:00,0.2313,0.2335,0.2291,0.2297,10515255.9
2026-09-29 15:00:00+00:00,0.2297,0.2301,0.2211,0.2231,10473099.5
2026-09-29 16:00:00+00:00,0.2231,0.225,0.22,0.2215,5799065.0
2026-09-29 17:00:00+00:00,0.2215,0.2216,0.2189,0.2212,5000171.9
2026-09-29 18:00:00+00:00,0.2212,0.2248,0.2209,0.2235,4538789.9
2026-09-29 19:00:00+00:00,0.2234,0.23,0.223,0.2262,8319205.6
2026-09-29 20:00:00+00:00,0.2263,0.2312,0.2256,0.2296,6444469.1
2026-09-29 21:00:00+00:00,0.2297,0.2307,0.2252,0.2258,4378512.6
2026-09-29 22:00:00+00:00,0.2258,0.2266,0.2231,0.2238,4330813.9
2026-09-29 23:00:00+00:00,0.2238,0.2251,0.2212,0.2225,3303437.5
2026-09-30 00:00:00+00:00,0.2224,0.2234,0.2204,0.2233,3633680.7
2026-09-30 01:00:00+00:00,0.2232,0.2256,0.2226,0.2226,3439597.3
2026-09-30 02:00:00+00:00,0.2227,0.224,0.2203,0.2211,3295802.7
2026-09-30 03:00:00+00:00,0.2211,0.2216,0.2194,0.2199,3335340.6
2026-09-30 04:00:00+00:00,0.2199,0.222,0.2197,0.22,3477462.1
2026-09-30 05:00:00+00:00,0.2199,0.2214,0.2185,0.2208,5994634.6
2026-09-30 06:00:00+00:00,0.2207,0.2214,0.2177,0.2181,4562035.6
2026-09-30 07:00:00+00:00,0.2181,0.2192,0.2105,0.2166,17862588.1
2026-09-30 08:00:00+00:00,0.2166,0.2198,0.2142,0.2185,4938406.3
2026-09-30 09:00:00+00:00,0.2185,0.2216,0.2184,0.2204,4693013.5
2026-09-30 10:00:00+00:00,0.2205,0.221,0.2193,0.2201,2974868.3
2026-09-30 11:00:00+00:00,0.22,0.2229,0.2181,0.2229,4636199.9
2026-09-30 12:00:00+00:00,0.2229,0.2307,0.2205,0.2284,9504829.5
2026-09-30 13:00:00+00:00,0.2285,0.2312,0.2227,0.2253,6633836.9
2026-09-30 14:00:00+00:00,0.2254,0.2262,0.2193,0.2215,5445253.1
2026-09-30 15:00:00+00:00,0.2216,0.2242,0.2194,0.2238,3159498.9
2026-09-30 16:00:00+00:00,0.2238,0.2276,0.2236,0.2259,2782058.9
2026-09-30 17:00:00+00:00,0.2258,0.2263,0.2215,0.2226,2403997.6
2026-09-30 18:00:00+00:00,0.2225,0.2238,0.2206,0.2219,1703135.3
2026-09-30 19:00:00+00:00,0.222,0.2254,0.2217,0.2237,5276455.2
2026-09-30 20:00:00+00:00,0.2237,0.2279,0.2226,0.2252,2587828.4
2026-09-30 21:00:00+00:00,0.2252,0.2273,0.2245,0.225,1310760.2
2026-09-30 22:00:00+00:00,0.2252,0.229,0.2227,0.2267,2279322.8
2026-09-30 23:00:00+00:00,0.2266,0.2295,0.2258,0.2287,2210156.5
2026-10-01 00:00:00+00:00,0.2287,0.2325,0.2267,0.2315,3855556.8
2026-10-01 01:00:00+00:00,0.2316,0.2354,0.2292,0.2292,6881709.5
2026-10-01 02:00:00+00:00,0.2292,0.2327,0.2289,0.231,3339425.7
2026-10-01 03:00:00+00:00,0.231,0.2344,0.2303,0.2339,2920123.9
2026-10-01 04:00:00+00:00,0.2337,0.2363,0.2323,0.2349,3236221.4
2026-10-01 05:00:00+00:00,0.2349,0.2407,0.2344,0.2395,6980159.1
2026-10-01 06:00:00+00:00,0.2395,0.2442,0.2364,0.2424,9227156.6
2026-10-01 07:00:00+00:00,0.2425,0.2456,0.235,0.2356,11688361.2
2026-10-01 08:00:00+00:00,0.2357,0.2365,0.2324,0.2342,5373400.9
2026-10-01 09:00:00+00:00,0.2342,0.2365,0.2304,0.2312,6201732.6
2026-10-01 10:00:00+00:00,0.2314,0.2362,0.2276,0.2356,5815329.0
2026-10-01 11:00:00+00:00,0.2355,0.2397,0.2326,0.2382,6382342.6
2026-10-01 12:00:00+00:00,0.2383,0.2389,0.2283,0.2286,6023932.9
2026-10-01 13:00:00+00:00,0.2285,0.2291,0.2245,0.2258,7577826.4
2026-10-01 14:00:00+00:00,0.2258,0.2282,0.2237,0.2251,6409815.6
2026-10-01 15:00:00+00:00,0.225,0.2287,0.2231,0.2276,5968941.0
2026-10-01 16:00:00+00:00,0.2274,0.2282,0.2237,0.2243,3425205.9
2026-10-01 17:00:00+00:00,0.2243,0.2336,0.224,0.2332,7734350.0
2026-10-01 18:00:00+00:00,0.2331,0.2342,0.2295,0.2302,3989042.6
2026-10-01 19:00:00+00:00,0.2301,0.2312,0.2278,0.2303,3084868.6
2026-10-01 20:00:00+00:00,0.2304,0.2319,0.2292,0.2315,3139993.5
2026-10-01 21:00:00+00:00,0.2314,0.2322,0.2263,0.2273,3183104.7
2026-10-01 22:00:00+00:00,0.2274,0.2293,0.2271,0.2292,1233443.6
2026-10-01 23:00:00+00:00,0.2291,0.2311,0.2282,0.2304,1036778.7
2026-10-02 00:00:00+00:00,0.2303,0.2342,0.2302,0.2316,2481274.9
2026-10-02 01:00:00+00:00,0.2315,0.2346,0.2298,0.234,3034116.5
2026-10-02 02:00:00+00:00,0.234,0.2392,0.2338,0.2387,3320854.1
2026-10-02 03:00:00+00:00,0.2387,0.2396,0.2356,0.237,1334946.5
