time,open,high,low,close,volume
2026-06-04 04:00:00+00:00,0.894,0.896,0.874,0.876,664365.58
2026-06-04 05:00:00+00:00,0.875,0.876,0.853,0.865,1276036.68
2026-06-04 06:00:00+00:00,0.866,0.884,0.857,0.872,815693.35
2026-06-04 07:00:00+00:00,0.873,0.875,0.851,0.852,1075810.76
2026-06-04 08:00:00+00:00,0.852,0.865,0.846,0.86,971865.47
2026-06-04 09:00:00+00:00,0.86,0.86,0.828,0.844,949181.76
2026-06-04 10:00:00+00:00,0.843,0.852,0.832,0.837,926745.03
2026-06-04 11:00:00+00:00,0.837,0.85,0.832,0.848,1460521.42
2026-06-04 12:00:00+00:00,0.849,0.872,0.836,0.87,1497935.8
2026-06-04 13:00:00+00:00,0.87,0.877,0.853,0.871,1033538.12
2026-06-04 14:00:00+00:00,0.872,0.875,0.861,0.871,608286.9
2026-06-04 15:00:00+00:00,0.871,0.891,0.87,0.887,426994.88
2026-06-04 16:00:00+00:00,0.887,0.898,0.881,0.892,633056.37
2026-06-04 17:00:00+00:00,0.892,0.898,0.871,0.878,756395.0
2026-06-04 18:00:00+00:00,0.879,0.903,0.872,0.899,708074.3
2026-06-04 19:00:00+00:00,0.898,0.902,0.89,0.894,212562.68
2026-06-04 20:00:00+00:00,0.894,0.894,0.879,0.891,312439.6
2026-06-04 21:00:00+00:00,0.89,0.901,0.847,0.852,717132.02
2026-06-04 22:00:00+00:00,0.851,0.865,0.841,0.864,475415.31
2026-06-04 23:00:00+00:00,0.863,0.87,0.854,0.866,386539.9
2026-06-05 00:00:00+00:00,0.866,0.876,0.848,0.849,689371.1
2026-06-05 01:00:00+00:00,0.849,0.871,0.841,0.861,557958.05
2026-06-05 02:00:00+00:00,0.861,0.862,0.824,0.828,840888.73
2026-06-05 03:00:00+00:00,0.829,0.841,0.821,0.829,942456.01
2026-06-05 04:00:00+00:00,0.83,0.851,0.825,0.849,724192.64
2026-06-05 05:00:00+00:00,0.849,0.853,0.812,0.818,921311.99
2026-06-05 06:00:00+00:00,0.819,0.823,0.765,0.797,3408726.08
2026-06-05 07:00:00+00:00,0.796,0.809,0.77,0.806,1718375.95
2026-06-05 08:00:00+00:00,0.806,0.806,0.779,0.782,971226.97
2026-06-05 09:00:00+00:00,0.783,0.804,0.782,0.804,1926095.87
2026-06-05 10:00:00+00:00,0.803,0.805,0.782,0.786,918482.43
2026-06-05 11:00:00+00:00,0.786,0.787,0.775,0.783,908335.3
2026-06-05 12:00:00+00:00,0.783,0.789,0.771,0.787,1466825.37
2026-06-05 13:00:00+00:00,0.787,0.803,0.762,0.763,1400616.71
2026-06-05 14:00:00+00:00,0.762,0.794,0.756,0.783,1293587.53
2026-06-05 15:00:00+00:00,0.782,0.785,0.725,0.738,7846093.62
2026-06-05 16:00:00+00:00,0.737,0.75,0.714,0.738,2649819.8
2026-06-05 17:00:00+00:00,0.739,0.743,0.729,0.739,897419.38
2026-06-05 18:00:00+00:00,0.739,0.748,0.711,0.716,1242181.02
2026-06-05 19:00:00+00:00,0.716,0.734,0.7,0.729,1033920.75
2026-06-05 20:00:00+00:00,0.73,0.75,0.722,0.745,717417.35
2026-06-05 21:00:00+00:00,0.745,0.751,0.742,0.744,819696.34
2026-06-05 22:00:00+00:00,0.744,0.751,0.733,0.747,727922.24
2026-06-05 23:00:00+00:00,0.748,0.749,0.723,0.735,507450.48
2026-06-06 00:00:00+00:00,0.735,0.749,0.735,0.743,252489.32
2026-06-06 01:00:00+00:00,0.743,0.746,0.73,0.731,376217.41
2026-06-06 02:00:00+00:00,0.73,0.734,0.724,0.725,442515.23
2026-06-06 03:00:00+00:00,0.725,0.726,0.717,0.719,500844.74
2026-06-06 04:00:00+00:00,0.719,0.723,0.676,0.682,2312983.28
2026-06-06 05:00:00+00:00,0.682,0.712,0.67,0.71,1064991.76
2026-06-06 06:00:00+00:00,0.71,0.721,0.71,0.711,919189.83
2026-06-06 07:00:00+00:00,0.712,0.726,0.709,0.725,876660.4
2026-06-06 08:00:00+00:00,0.725,0.739,0.722,0.734,569028.22
2026-06-06 09:00:00+00:00,0.734,0.739,0.721,0.723,568326.59
2026-06-06 10:00:00+00:00,0.722,0.722,0.708,0.719,833936.82
2026-06-06 11:00:00+00:00,0.719,0.727,0.717,0.725,319100.58
2026-06-06 12:00:00+00:00,0.725,0.735,0.721,0.731,386888.38
2026-06-06 13:00:00+00:00,0.731,0.736,0.727,0.731,509167.49
2026-06-06 14:00:00+00:00,0.73,0.736,0.727,0.728,271900.7
2026-06-06 15:00:00+00:00,0.728,0.729,0.715,0.727,444622.17
2026-06-06 16:00:00+00:00,0.727,0.732,0.719,0.727,377208.39
2026-06-06 17:00:00+00:00,0.727,0.728,0.716,0.72,402009.0
2026-06-06 18:00:00+00:00,0.719,0.734,0.718,0.729,301937.38
2026-06-06 19:00:00+00:00,0.729,0.735,0.724,0.724,248620.77
2026-06-06 20:00:00+00:00,0.724,0.729,0.722,0.726,223451.19
2026-06-06 21:00:00+00:00,0.726,0.732,0.726,0.728,286935.36
2026-06-06 22:00:00+00:00,0.728,0.73,0.723,0.726,147333.24
2026-06-06 23:00:00+00:00,0.726,0.736,0.725,0.731,134748.94
2026-06-07 00:00:00+00:00,0.731,0.736,0.727,0.732,407248.71
2026-06-07 01:00:00+00:00,0.732,0.751,0.732,0.75,627678.14
2026-06-07 02:00:00+00:00,0.749,0.751,0.743,0.747,278194.46
2026-06-07 03:00:00+00:00,0.748,0.753,0.745,0.75,292204.05
2026-06-07 04:00:00+00:00,0.749,0.749,0.742,0.746,192306.06
2026-06-07 05:00:00+00:00,0.747,0.757,0.745,0.753,337877.89
2026-06-07 06:00:00+00:00,0.752,0.76,0.748,0.756,353972.48
2026-06-07 07:00:00+00:00,0.755,0.761,0.754,0.76,284224.98
2026-06-07 08:00:00+00:00,0.76,0.772,0.754,0.771,358434.03
2026-06-07 09:00:00+00:00,0.771,0.773,0.761,0.761,276041.96
2026-06-07 10:00:00+00:00,0.761,0.764,0.757,0.76,353174.96
2026-06-07 11:00:00+00:00,0.761,0.777,0.758,0.772,426488.57
2026-06-07 12:00:00+00:00,0.773,0.775,0.748,0.757,747650.94
2026-06-07 13:00:00+00:00,0.757,0.759,0.753,0.756,266079.51
2026-06-07 14:00:00+00:00,0.755,0.769,0.755,0.768,290219.26
2026-06-07 15:00:00+00:00,0.768,0.771,0.76,0.764,612957.27
2026-06-07 16:00:00+00:00,0.764,0.765,0.758,0.76,476566.31
2026-06-07 17:00:00+00:00,0.76,0.766,0.754,0.76,222413.02
2026-06-07 18:00:00+00:00,0.759,0.762,0.753,0.753,168327.24
2026-06-07 19:00:00+00:00,0.754,0.755,0.739,0.742,593913.52
2026-06-07 20:00:00+00:00,0.742,0.756,0.74,0.754,248595.19
2026-06-07 21:00:00+00:00,0.753,0.756,0.75,0.752,222460.14
2026-06-07 22:00:00+00:00,0.753,0.801,0.752,0.77,1271420.29
2026-06-07 23:00:00+00:00,0.77,0.775,0.769,0.773,288361.75
2026-06-08 00:00:00+00:00,0.774,0.784,0.769,0.777,465880.28
2026-06-08 01:00:00+00:00,0.778,0.779,0.76,0.77,595114.7
2026-06-08 02:00:00+00:00,0.77,0.776,0.768,0.77,259362.73
2026-06-08 03:00:00+00:00,0.77,0.776,0.767,0.769,364285.11
2026-06-08 04:00:00+00:00,0.769,0.77,0.758,0.759,224140.72
2026-06-08 05:00:00+00:00,0.758,0.762,0.754,0.762,238187.89
2026-06-08 06:00:00+00:00,0.762,0.769,0.762,0.765,231356.81
2026-06-08 07:00:00+00:00,0.764,0.77,0.76,0.769,288215.88
2026-06-08 08:00:00+00:00,0.769,0.771,0.761,0.765,233528.89
2026-06-08 09:00:00+00:00,0.765,0.775,0.764,0.775,280667.66
2026-06-08 10:00:00+00:00,0.775,0.777,0.769,0.772,388451.47
2026-06-08 11:00:00+00:00,0.772,0.786,0.771,0.78,414789.39
2026-06-08 12:00:00+00:00,0.78,0.787,0.77,0.785,584546.86
2026-06-08 13:00:00+00:00,0.785,0.786,0.779,0.781,313336.7
2026-06-08 14:00:00+00:00,0.781,0.782,0.776,0.78,259541.25
2026-06-08 15:00:00+00:00,0.781,0.79,0.781,0.781,665133.1
2026-06-08 16:00:00+00:00,0.781,0.792,0.78,0.781,403151.65
2026-06-08 17:00:00+00:00,0.781,0.788,0.777,0.787,232915.38
2026-06-08 18:00:00+00:00,0.788,0.791,0.786,0.789,168506.52
2026-06-08 19:00:00+00:00,0.788,0.792,0.786,0.788,244513.42
2026-06-08 20:00:00+00:00,0.787,0.788,0.779,0.788,221069.96
2026-06-08 21:00:00+00:00,0.788,0.793,0.784,0.784,171938.65
2026-06-08 22:00:00+00:00,0.783,0.784,0.775,0.778,300740.54
2026-06-08 23:00:00+00:00,0.779,0.78,0.771,0.775,183323.73
2026-06-09 00:00:00+00:00,0.776,0.777,0.756,0.76,921028.96
2026-06-09 01:00:00+00:00,0.759,0.768,0.757,0.765,211974.15
2026-06-09 02:00:00+00:00,0.765,0.767,0.756,0.76,267946.92
2026-06-09 03:00:00+00:00,0.761,0.765,0.758,0.763,160897.48
2026-06-09 04:00:00+00:00,0.763,0.776,0.761,0.771,271359.83
2026-06-09 05:00:00+00:00,0.772,0.779,0.77,0.775,203500.12
2026-06-09 06:00:00+00:00,0.775,0.777,0.77,0.772,226399.09
2026-06-09 07:00:00+00:00,0.772,0.777,0.768,0.772,700357.68
2026-06-09 08:00:00+00:00,0.772,0.776,0.767,0.772,301953.55
2026-06-09 09:00:00+00:00,0.772,0.774,0.765,0.769,382748.44
2026-06-09 10:00:00+00:00,0.769,0.771,0.763,0.767,334190.9
2026-06-09 11:00:00+00:00,0.767,0.769,0.763,0.769,176105.78
2026-06-09 12:00:00+00:00,0.768,0.775,0.767,0.775,249166.56
2026-06-09 13:00:00+00:00,0.775,0.783,0.77,0.778,597171.98
2026-06-09 14:00:00+00:00,0.778,0.779,0.751,0.76,973632.08
2026-06-09 15:00:00+00:00,0.76,0.765,0.748,0.752,517448.77
2026-06-09 16:00:00+00:00,0.751,0.754,0.74,0.749,751180.92
2026-06-09 17:00:00+00:00,0.749,0.767,0.749,0.762,567791.35
2026-06-09 18:00:00+00:00,0.761,0.771,0.759,0.768,246105.53
2026-06-09 19:00:00+00:00,0.767,0.775,0.766,0.772,319824.02
2026-06-09 20:00:00+00:00,0.773,0.778,0.769,0.773,458575.97
2026-06-09 21:00:00+00:00,0.774,0.775,0.764,0.764,188760.93
2026-06-09 22:00:00+00:00,0.765,0.77,0.761,0.761,162668.32
2026-06-09 23:00:00+00:00,0.762,0.765,0.76,0.763,172350.22
2026-06-10 00:00:00+00:00,0.763,0.768,0.759,0.768,227782.92
2026-06-10 01:00:00+00:00,0.768,0.77,0.761,0.766,278400.75
2026-06-10 02:00:00+00:00,0.766,0.767,0.751,0.755,321511.87
2026-06-10 03:00:00+00:00,0.755,0.761,0.754,0.758,255568.94
2026-06-10 04:00:00+00:00,0.757,0.759,0.749,0.753,140464.22
2026-06-10 05:00:00+00:00,0.753,0.754,0.748,0.75,238358.73
2026-06-10 06:00:00+00:00,0.751,0.756,0.748,0.751,274295.06
2026-06-10 07:00:00+00:00,0.752,0.76,0.752,0.755,221240.86
2026-06-10 08:00:00+00:00,0.756,0.756,0.746,0.747,350744.41
2026-06-10 09:00:00+00:00,0.747,0.752,0.739,0.751,359544.37
2026-06-10 10:00:00+00:00,0.75,0.752,0.744,0.751,277812.49
2026-06-10 11:00:00+00:00,0.75,0.751,0.736,0.74,596033.32
2026-06-10 12:00:00+00:00,0.74,0.76,0.737,0.755,708506.18
2026-06-10 13:00:00+00:00,0.754,0.769,0.752,0.761,649700.26
2026-06-10 14:00:00+00:00,0.761,0.762,0.748,0.753,656648.4
2026-06-10 15:00:00+00:00,0.753,0.759,0.747,0.757,724531.25
2026-06-10 16:00:00+00:00,0.756,0.759,0.744,0.75,480153.02
2026-06-10 17:00:00+00:00,0.75,0.755,0.739,0.746,567145.61
2026-06-10 18:00:00+00:00,0.746,0.748,0.74,0.747,466074.69
2026-06-10 19:00:00+00:00,0.747,0.748,0.735,0.737,341732.2
2026-06-10 20:00:00+00:00,0.737,0.739,0.729,0.732,404198.81
2026-06-10 21:00:00+00:00,0.732,0.735,0.722,0.726,535354.3
2026-06-10 22:00:00+00:00,0.726,0.732,0.721,0.725,365764.08
2026-06-10 23:00:00+00:00,0.726,0.737,0.722,0.734,1121948.87
2026-06-11 00:00:00+00:00,0.735,0.742,0.735,0.74,269289.7
2026-06-11 01:00:00+00:00,0.741,0.751,0.741,0.749,234080.62
2026-06-11 02:00:00+00:00,0.749,0.75,0.737,0.741,221204.17
2026-06-11 03:00:00+00:00,0.742,0.764,0.74,0.76,491275.74
2026-06-11 04:00:00+00:00,0.76,0.766,0.755,0.761,277198.52
2026-06-11 05:00:00+00:00,0.761,0.761,0.756,0.756,197943.76
2026-06-11 06:00:00+00:00,0.756,0.761,0.753,0.753,192933.99
2026-06-11 07:00:00+00:00,0.753,0.757,0.752,0.754,337327.05
2026-06-11 08:00:00+00:00,0.755,0.761,0.754,0.759,661962.93
2026-06-11 09:00:00+00:00,0.758,0.758,0.749,0.753,1019322.11
2026-06-11 10:00:00+00:00,0.754,0.755,0.75,0.754,267544.41
2026-06-11 11:00:00+00:00,0.754,0.76,0.752,0.756,331624.23
2026-06-11 12:00:00+00:00,0.756,0.756,0.742,0.752,502892.75
2026-06-11 13:00:00+00:00,0.751,0.759,0.748,0.754,415190.98
2026-06-11 14:00:00+00:00,0.754,0.755,0.749,0.75,280892.65
2026-06-11 15:00:00+00:00,0.749,0.755,0.745,0.753,443763.61
2026-06-11 16:00:00+00:00,0.754,0.757,0.749,0.751,382429.86
2026-06-11 17:00:00+00:00,0.751,0.773,0.743,0.772,1012469.42
2026-06-11 18:00:00+00:00,0.772,0.775,0.764,0.766,396310.41
2026-06-11 19:00:00+00:00,0.766,0.771,0.762,0.765,350399.57
2026-06-11 20:00:00+00:00,0.765,0.766,0.759,0.763,278846.52
2026-06-11 21:00:00+00:00,0.762,0.77,0.762,0.764,235152.16
2026-06-11 22:00:00+00:00,0.765,0.766,0.759,0.761,147547.67
2026-06-11 23:00:00+00:00,0.76,0.762,0.755,0.758,343538.46
2026-06-12 00:00:00+00:00,0.758,0.762,0.756,0.758,272567.9
2026-06-12 01:00:00+00:00,0.758,0.758,0.751,0.757,190806.02
2026-06-12 02:00:00+00:00,0.757,0.763,0.756,0.76,197124.02
2026-06-12 03:00:00+00:00,0.76,0.762,0.759,0.761,258131.51
2026-06-12 04:00:00+00:00,0.761,0.762,0.757,0.759,361101.25
2026-06-12 05:00:00+00:00,0.759,0.76,0.752,0.753,567925.76
2026-06-12 06:00:00+00:00,0.753,0.753,0.742,0.746,378176.61
2026-06-12 07:00:00+00:00,0.745,0.753,0.745,0.75,364473.32
2026-06-12 08:00:00+00:00,0.75,0.757,0.75,0.754,250893.13
2026-06-12 09:00:00+00:00,0.755,0.76,0.753,0.757,638487.13
2026-06-12 10:00:00+00:00,0.757,0.761,0.753,0.754,290627.4
2026-06-12 11:00:00+00:00,0.754,0.757,0.752,0.755,274583.45
2026-06-12 12:00:00+00:00,0.754,0.76,0.751,0.753,421466.71
2026-06-12 13:00:00+00:00,0.754,0.755,0.74,0.745,820919.55
2026-06-12 14:00:00+00:00,0.745,0.763,0.745,0.762,638179.67
2026-06-12 15:00:00+00:00,0.762,0.765,0.744,0.745,759688.71
2026-06-12 16:00:00+00:00,0.745,0.758,0.743,0.757,541226.57
2026-06-12 17:00:00+00:00,0.757,0.762,0.751,0.752,285795.5
2026-06-12 18:00:00+00:00,0.752,0.755,0.746,0.751,399173.77
2026-06-12 19:00:00+00:00,0.751,0.757,0.749,0.75,448896.95
2026-06-12 20:00:00+00:00,0.75,0.754,0.747,0.749,346224.25
2026-06-12 21:00:00+00:00,0.749,0.753,0.745,0.746,235396.0
2026-06-12 22:00:00+00:00,0.746,0.751,0.745,0.747,196306.04
2026-06-12 23:00:00+00:00,0.747,0.75,0.743,0.749,205713.3
2026-06-13 00:00:00+00:00,0.75,0.755,0.748,0.755,316000.15
2026-06-13 01:00:00+00:00,0.755,0.766,0.755,0.764,320478.54
2026-06-13 02:00:00+00:00,0.765,0.765,0.757,0.763,275863.44
2026-06-13 03:00:00+00:00,0.762,0.763,0.758,0.759,185232.3
2026-06-13 04:00:00+00:00,0.758,0.77,0.757,0.763,468233.38
2026-06-13 05:00:00+00:00,0.763,0.764,0.756,0.76,257011.94
2026-06-13 06:00:00+00:00,0.76,0.775,0.758,0.772,483572.69
2026-06-13 07:00:00+00:00,0.773,0.781,0.768,0.775,641612.85
2026-06-13 08:00:00+00:00,0.775,0.781,0.774,0.776,570038.11
2026-06-13 09:00:00+00:00,0.776,0.785,0.775,0.777,369325.33
2026-06-13 10:00:00+00:00,0.777,0.78,0.776,0.78,355562.66
2026-06-13 11:00:00+00:00,0.779,0.787,0.779,0.784,334046.79
2026-06-13 12:00:00+00:00,0.784,0.793,0.783,0.788,567450.1
2026-06-13 13:00:00+00:00,0.788,0.791,0.784,0.787,337241.99
2026-06-13 14:00:00+00:00,0.787,0.79,0.78,0.787,304789.58
2026-06-13 15:00:00+00:00,0.787,0.799,0.786,0.793,547707.54
2026-06-13 16:00:00+00:00,0.793,0.793,0.78,0.787,434838.84
2026-06-13 17:00:00+00:00,0.786,0.793,0.781,0.788,536260.7
2026-06-13 18:00:00+00:00,0.788,0.792,0.784,0.788,466466.4
2026-06-13 19:00:00+00:00,0.789,0.794,0.786,0.789,431160.49
2026-06-13 20:00:00+00:00,0.789,0.79,0.785,0.786,306119.92
2026-06-13 21:00:00+00:00,0.787,0.793,0.782,0.79,154432.13
2026-06-13 22:00:00+00:00,0.79,0.791,0.784,0.785,291662.53
2026-06-13 23:00:00+00:00,0.784,0.788,0.783,0.784,451360.97
2026-06-14 00:00:00+00:00,0.785,0.786,0.775,0.78,374025.69
2026-06-14 01:00:00+00:00,0.779,0.78,0.775,0.778,461900.49
2026-06-14 02:00:00+00:00,0.777,0.782,0.776,0.777,1061732.08
2026-06-14 03:00:00+00:00,0.777,0.778,0.773,0.777,172402.58
2026-06-14 04:00:00+00:00,0.776,0.778,0.771,0.771,237864.83
2026-06-14 05:00:00+00:00,0.772,0.773,0.764,0.772,343047.43
2026-06-14 06:00:00+00:00,0.772,0.775,0.767,0.768,283246.92
2026-06-14 07:00:00+00:00,0.768,0.769,0.765,0.769,178257.59
2026-06-14 08:00:00+00:00,0.768,0.773,0.767,0.77,234728.89
2026-06-14 09:00:00+00:00,0.77,0.778,0.768,0.776,416548.06
2026-06-14 10:00:00+00:00,0.776,0.779,0.771,0.772,553846.94
2026-06-14 11:00:00+00:00,0.772,0.774,0.77,0.772,153431.89
2026-06-14 12:00:00+00:00,0.772,0.774,0.766,0.767,176549.27
2026-06-14 13:00:00+00:00,0.768,0.77,0.764,0.768,194701.16
2026-06-14 14:00:00+00:00,0.769,0.77,0.754,0.759,588128.09
2026-06-14 15:00:00+00:00,0.76,0.761,0.756,0.761,407276.33
2026-06-14 16:00:00+00:00,0.76,0.763,0.759,0.76,193337.51
2026-06-14 17:00:00+00:00,0.759,0.762,0.754,0.754,343382.46
2026-06-14 18:00:00+00:00,0.754,0.758,0.753,0.756,102068.36
2026-06-14 19:00:00+00:00,0.756,0.762,0.755,0.758,71680.71
2026-06-14 20:00:00+00:00,0.758,0.764,0.757,0.762,137410.15
2026-06-14 21:00:00+00:00,0.762,0.796,0.762,0.791,1801001.34
2026-06-14 22:00:00+00:00,0.791,0.794,0.783,0.788,695863.33
2026-06-14 23:00:00+00:00,0.788,0.798,0.784,0.794,644151.07
2026-06-15 00:00:00+00:00,0.794,0.795,0.787,0.79,415595.04
2026-06-15 01:00:00+00:00,0.789,0.793,0.784,0.791,363314.17
2026-06-15 02:00:00+00:00,0.79,0.799,0.79,0.796,394955.69
2026-06-15 03:00:00+00:00,0.796,0.807,0.794,0.803,417433.84
2026-06-15 04:00:00+00:00,0.803,0.811,0.801,0.803,397713.31
2026-06-15 05:00:00+00:00,0.802,0.812,0.801,0.804,349497.16
2026-06-15 06:00:00+00:00,0.805,0.81,0.801,0.802,334769.28
2026-06-15 07:00:00+00:00,0.803,0.807,0.798,0.8,401835.17
2026-06-15 08:00:00+00:00,0.8,0.806,0.8,0.801,264806.48
2026-06-15 09:00:00+00:00,0.801,0.804,0.798,0.799,276651.09
2026-06-15 10:00:00+00:00,0.799,0.813,0.798,0.806,449906.49
2026-06-15 11:00:00+00:00,0.806,0.825,0.806,0.818,1652177.2
2026-06-15 12:00:00+00:00,0.817,0.818,0.808,0.815,484839.64
2026-06-15 13:00:00+00:00,0.815,0.823,0.812,0.817,776398.18
2026-06-15 14:00:00+00:00,0.817,0.82,0.812,0.814,370788.55
2026-06-15 15:00:00+00:00,0.814,0.818,0.805,0.816,641897.84
2026-06-15 16:00:00+00:00,0.815,0.815,0.81,0.813,338858.18
2026-06-15 17:00:00+00:00,0.813,0.819,0.806,0.815,387521.13
2026-06-15 18:00:00+00:00,0.814,0.819,0.812,0.812,351019.72
2026-06-15 19:00:00+00:00,0.812,0.815,0.798,0.803,530094.51
2026-06-15 20:00:00+00:00,0.803,0.807,0.801,0.803,311727.02
2026-06-15 21:00:00+00:00,0.803,0.805,0.801,0.801,223098.08
2026-06-15 22:00:00+00:00,0.801,0.803,0.786,0.79,572313.9
2026-06-15 23:00:00+00:00,0.791,0.797,0.79,0.796,195255.06
2026-06-16 00:00:00+00:00,0.796,0.799,0.793,0.794,257282.71
2026-06-16 01:00:00+00:00,0.795,0.799,0.793,0.794,242072.16
2026-06-16 02:00:00+00:00,0.794,0.796,0.783,0.789,322803.51
2026-06-16 03:00:00+00:00,0.79,0.8,0.789,0.798,105514.82
2026-06-16 04:00:00+00:00,0.798,0.799,0.788,0.791,211968.21
2026-06-16 05:00:00+00:00,0.791,0.794,0.791,0.794,119071.53
2026-06-16 06:00:00+00:00,0.793,0.798,0.792,0.797,159696.02
2026-06-16 07:00:00+00:00,0.797,0.802,0.793,0.801,340654.13
2026-06-16 08:00:00+00:00,0.802,0.812,0.799,0.811,316075.65
2026-06-16 09:00:00+00:00,0.811,0.811,0.802,0.804,221178.45
2026-06-16 10:00:00+00:00,0.803,0.805,0.801,0.802,124189.99
2026-06-16 11:00:00+00:00,0.803,0.804,0.796,0.8,137107.93
2026-06-16 12:00:00+00:00,0.801,0.807,0.797,0.804,256732.6
2026-06-16 13:00:00+00:00,0.804,0.805,0.789,0.792,347419.66
2026-06-16 14:00:00+00:00,0.792,0.796,0.774,0.778,945187.49
2026-06-16 15:00:00+00:00,0.779,0.787,0.778,0.785,263718.86
2026-06-16 16:00:00+00:00,0.785,0.79,0.782,0.785,343223.73
2026-06-16 17:00:00+00:00,0.785,0.793,0.783,0.793,185729.46
2026-06-16 18:00:00+00:00,0.793,0.804,0.792,0.798,397919.29
2026-06-16 19:00:00+00:00,0.798,0.802,0.792,0.799,892721.35
2026-06-16 20:00:00+00:00,0.8,0.821,0.798,0.812,508185.67
2026-06-16 21:00:00+00:00,0.813,0.813,0.805,0.809,263662.18
2026-06-16 22:00:00+00:00,0.809,0.817,0.807,0.817,258018.73
2026-06-16 23:00:00+00:00,0.817,0.819,0.805,0.808,302986.33
2026-06-17 00:00:00+00:00,0.809,0.819,0.806,0.817,394535.98
2026-06-17 01:00:00+00:00,0.817,0.824,0.808,0.823,559694.78
2026-06-17 02:00:00+00:00,0.823,0.831,0.818,0.826,454346.44
2026-06-17 03:00:00+00:00,0.826,0.827,0.814,0.817,349429.19
2026-06-17 04:00:00+00:00,0.817,0.824,0.813,0.819,183049.62
2026-06-17 05:00:00+00:00,0.819,0.822,0.81,0.815,250200.8
2026-06-17 06:00:00+00:00,0.816,0.822,0.813,0.817,345959.2
2026-06-17 07:00:00+00:00,0.817,0.828,0.813,0.816,925756.84
2026-06-17 08:00:00+00:00,0.816,0.817,0.801,0.806,578265.34
2026-06-17 09:00:00+00:00,0.806,0.814,0.806,0.81,544854.69
2026-06-17 10:00:00+00:00,0.811,0.817,0.806,0.81,268663.96
2026-06-17 11:00:00+00:00,0.81,0.81,0.803,0.803,651284.0
2026-06-17 12:00:00+00:00,0.803,0.813,0.798,0.812,588088.21
2026-06-17 13:00:00+00:00,0.812,0.816,0.807,0.808,326486.8
2026-06-17 14:00:00+00:00,0.807,0.82,0.804,0.811,628693.87
2026-06-17 15:00:00+00:00,0.811,0.833,0.809,0.831,927461.65
2026-06-17 16:00:00+00:00,0.831,0.832,0.814,0.815,1268262.26
2026-06-17 17:00:00+00:00,0.815,0.821,0.808,0.82,344166.82
2026-06-17 18:00:00+00:00,0.82,0.823,0.796,0.812,996161.26
2026-06-17 19:00:00+00:00,0.812,0.814,0.781,0.786,783268.37
2026-06-17 20:00:00+00:00,0.786,0.795,0.783,0.794,346872.83
2026-06-17 21:00:00+00:00,0.794,0.796,0.785,0.788,320834.51
2026-06-17 22:00:00+00:00,0.788,0.799,0.777,0.796,412509.4
2026-06-17 23:00:00+00:00,0.796,0.805,0.796,0.798,263964.94
2026-06-18 00:00:00+00:00,0.799,0.804,0.798,0.799,187308.41
2026-06-18 01:00:00+00:00,0.799,0.809,0.799,0.8,105150.31
2026-06-18 02:00:00+00:00,0.8,0.805,0.799,0.802,125975.84
2026-06-18 03:00:00+00:00,0.802,0.802,0.789,0.792,245401.91
2026-06-18 04:00:00+00:00,0.792,0.793,0.781,0.784,395013.84
2026-06-18 05:00:00+00:00,0.784,0.788,0.778,0.788,263869.01
2026-06-18 06:00:00+00:00,0.787,0.791,0.784,0.791,206812.33
2026-06-18 07:00:00+00:00,0.79,0.795,0.788,0.791,257127.69
2026-06-18 08:00:00+00:00,0.791,0.798,0.788,0.793,193196.78
2026-06-18 09:00:00+00:00,0.793,0.801,0.792,0.797,148643.29
2026-06-18 10:00:00+00:00,0.798,0.799,0.794,0.794,136661.09
2026-06-18 11:00:00+00:00,0.795,0.797,0.785,0.786,136901.81
2026-06-18 12:00:00+00:00,0.787,0.793,0.784,0.792,174618.57
2026-06-18 13:00:00+00:00,0.791,0.798,0.781,0.786,425121.67
2026-06-18 14:00:00+00:00,0.787,0.804,0.785,0.797,542875.47
2026-06-18 15:00:00+00:00,0.797,0.797,0.755,0.759,1676186.7
2026-06-18 16:00:00+00:00,0.758,0.77,0.756,0.768,566145.21
2026-06-18 17:00:00+00:00,0.769,0.769,0.758,0.767,495296.71
2026-06-18 18:00:00+00:00,0.767,0.775,0.766,0.772,270189.61
2026-06-18 19:00:00+00:00,0.771,0.787,0.77,0.783,342642.49
2026-06-18 20:00:00+00:00,0.783,0.8,0.783,0.797,391856.94
2026-06-18 21:00:00+00:00,0.798,0.798,0.787,0.794,242462.94
2026-06-18 22:00:00+00:00,0.794,0.8,0.794,0.798,171760.78
2026-06-18 23:00:00+00:00,0.798,0.8,0.793,0.799,103414.26
2026-06-19 00:00:00+00:00,0.8,0.804,0.797,0.798,174904.85
2026-06-19 01:00:00+00:00,0.797,0.799,0.79,0.793,357891.02
2026-06-19 02:00:00+00:00,0.793,0.797,0.789,0.796,265148.82
2026-06-19 03:00:00+00:00,0.796,0.797,0.774,0.783,522895.45
2026-06-19 04:00:00+00:00,0.783,0.787,0.769,0.77,401244.46
2026-06-19 05:00:00+00:00,0.771,0.779,0.771,0.778,153929.06
2026-06-19 06:00:00+00:00,0.778,0.782,0.776,0.78,136774.53
2026-06-19 07:00:00+00:00,0.78,0.78,0.766,0.769,319257.97
2026-06-19 08:00:00+00:00,0.769,0.775,0.768,0.772,153061.85
2026-06-19 09:00:00+00:00,0.773,0.774,0.766,0.773,216609.52
2026-06-19 10:00:00+00:00,0.774,0.775,0.768,0.773,162017.24
2026-06-19 11:00:00+00:00,0.774,0.774,0.767,0.768,141528.79
2026-06-19 12:00:00+00:00,0.768,0.776,0.762,0.775,327346.14
2026-06-19 13:00:00+00:00,0.775,0.791,0.774,0.788,197916.88
2026-06-19 14:00:00+00:00,0.788,0.794,0.786,0.789,186429.85
2026-06-19 15:00:00+00:00,0.788,0.807,0.786,0.805,485163.24
2026-06-19 16:00:00+00:00,0.806,0.808,0.793,0.797,493378.9
2026-06-19 17:00:00+00:00,0.797,0.806,0.793,0.799,245186.22
2026-06-19 18:00:00+00:00,0.799,0.801,0.786,0.791,112072.2
2026-06-19 19:00:00+00:00,0.791,0.791,0.78,0.783,182319.36
2026-06-19 20:00:00+00:00,0.783,0.792,0.781,0.792,241049.87
2026-06-19 21:00:00+00:00,0.792,0.795,0.787,0.789,111228.98
2026-06-19 22:00:00+00:00,0.789,0.794,0.788,0.79,129180.2
2026-06-19 23:00:00+00:00,0.791,0.794,0.788,0.792,150955.44
2026-06-20 00:00:00+00:00,0.792,0.798,0.789,0.789,234244.05
2026-06-20 01:00:00+00:00,0.789,0.794,0.787,0.793,118407.33
2026-06-20 02:00:00+00:00,0.793,0.794,0.783,0.785,106435.9
2026-06-20 03:00:00+00:00,0.785,0.788,0.784,0.786,86728.8
2026-06-20 04:00:00+00:00,0.787,0.789,0.785,0.789,142141.48
2026-06-20 05:00:00+00:00,0.789,0.797,0.788,0.791,269020.44
2026-06-20 06:00:00+00:00,0.791,0.793,0.788,0.791,116254.54
2026-06-20 07:00:00+00:00,0.792,0.792,0.785,0.785,154407.94
2026-06-20 08:00:00+00:00,0.786,0.788,0.782,0.786,113960.58
2026-06-20 09:00:00+00:00,0.786,0.792,0.786,0.79,97028.47
2026-06-20 10:00:00+00:00,0.789,0.792,0.784,0.786,139132.76
2026-06-20 11:00:00+00:00,0.786,0.788,0.783,0.784,136589.42
2026-06-20 12:00:00+00:00,0.784,0.786,0.783,0.785,104427.53
2026-06-20 13:00:00+00:00,0.785,0.785,0.778,0.782,185952.7
2026-06-20 14:00:00+00:00,0.781,0.794,0.774,0.787,272811.02
2026-06-20 15:00:00+00:00,0.787,0.794,0.784,0.792,393626.01
2026-06-20 16:00:00+00:00,0.793,0.793,0.785,0.79,90178.97
2026-06-20 17:00:00+00:00,0.789,0.789,0.776,0.782,191635.7
2026-06-20 18:00:00+00:00,0.781,0.785,0.78,0.781,65431.98
2026-06-20 19:00:00+00:00,0.781,0.783,0.78,0.782,51309.51
2026-06-20 20:00:00+00:00,0.782,0.782,0.778,0.781,39068.38
2026-06-20 21:00:00+00:00,0.781,0.785,0.78,0.783,86725.65
2026-06-20 22:00:00+00:00,0.782,0.79,0.782,0.787,114825.17
2026-06-20 23:00:00+00:00,0.788,0.79,0.786,0.787,103650.01
2026-06-21 00:00:00+00:00,0.788,0.789,0.785,0.787,96650.87
2026-06-21 01:00:00+00:00,0.788,0.79,0.786,0.788,64116.9
2026-06-21 02:00:00+00:00,0.787,0.789,0.786,0.787,176255.49
2026-06-21 03:00:00+00:00,0.787,0.796,0.787,0.795,90274.08
2026-06-21 04:00:00+00:00,0.796,0.796,0.788,0.788,46370.49
2026-06-21 05:00:00+00:00,0.789,0.79,0.786,0.788,97513.56
2026-06-21 06:00:00+00:00,0.788,0.796,0.787,0.794,156482.0
2026-06-21 07:00:00+00:00,0.795,0.799,0.793,0.796,156494.66
2026-06-21 08:00:00+00:00,0.796,0.799,0.788,0.799,157088.77
2026-06-21 09:00:00+00:00,0.8,0.801,0.794,0.801,150267.0
2026-06-21 10:00:00+00:00,0.8,0.806,0.797,0.805,451645.41
2026-06-21 11:00:00+00:00,0.805,0.81,0.8,0.806,1005430.35
2026-06-21 12:00:00+00:00,0.805,0.811,0.799,0.809,734840.9
2026-06-21 13:00:00+00:00,0.809,0.826,0.806,0.811,543985.31
2026-06-21 14:00:00+00:00,0.811,0.814,0.804,0.808,678111.56
2026-06-21 15:00:00+00:00,0.808,0.817,0.807,0.815,232777.14
2026-06-21 16:00:00+00:00,0.814,0.814,0.807,0.808,354071.24
2026-06-21 17:00:00+00:00,0.808,0.81,0.802,0.803,111478.69
2026-06-21 18:00:00+00:00,0.802,0.807,0.799,0.805,157596.32
2026-06-21 19:00:00+00:00,0.804,0.806,0.801,0.802,151038.15
2026-06-21 20:00:00+00:00,0.802,0.802,0.796,0.797,142500.09
2026-06-21 21:00:00+00:00,0.797,0.797,0.782,0.792,426267.95
2026-06-21 22:00:00+00:00,0.792,0.795,0.786,0.791,238341.02
2026-06-21 23:00:00+00:00,0.79,0.79,0.78,0.782,201078.52
2026-06-22 00:00:00+00:00,0.782,0.799,0.781,0.798,272562.02
2026-06-22 01:00:00+00:00,0.799,0.82,0.796,0.815,331545.39
2026-06-22 02:00:00+00:00,0.815,0.815,0.807,0.81,136204.33
2026-06-22 03:00:00+00:00,0.809,0.813,0.803,0.806,242910.55
2026-06-22 04:00:00+00:00,0.806,0.808,0.802,0.805,251349.43
2026-06-22 05:00:00+00:00,0.805,0.809,0.804,0.807,131483.45
2026-06-22 06:00:00+00:00,0.808,0.809,0.801,0.803,175169.96
2026-06-22 07:00:00+00:00,0.803,0.811,0.802,0.807,171321.0
2026-06-22 08:00:00+00:00,0.807,0.809,0.802,0.808,187769.08
2026-06-22 09:00:00+00:00,0.808,0.809,0.802,0.803,67884.34
2026-06-22 10:00:00+00:00,0.804,0.805,0.798,0.801,97643.91
2026-06-22 11:00:00+00:00,0.801,0.815,0.801,0.811,247199.96
2026-06-22 12:00:00+00:00,0.811,0.813,0.809,0.812,144633.22
2026-06-22 13:00:00+00:00,0.812,0.819,0.809,0.817,245739.27
2026-06-22 14:00:00+00:00,0.818,0.818,0.801,0.805,207680.94
2026-06-22 15:00:00+00:00,0.805,0.816,0.803,0.803,298172.27
2026-06-22 16:00:00+00:00,0.804,0.812,0.802,0.812,266946.06
2026-06-22 17:00:00+00:00,0.811,0.813,0.8,0.803,169666.08
2026-06-22 18:00:00+00:00,0.803,0.805,0.791,0.793,224608.74
2026-06-22 19:00:00+00:00,0.793,0.794,0.788,0.791,197891.72
2026-06-22 20:00:00+00:00,0.791,0.797,0.79,0.793,85901.6
2026-06-22 21:00:00+00:00,0.794,0.794,0.784,0.787,292555.21
2026-06-22 22:00:00+00:00,0.787,0.791,0.78,0.785,434890.68
2026-06-22 23:00:00+00:00,0.785,0.791,0.783,0.789,221814.86
2026-06-23 00:00:00+00:00,0.788,0.796,0.785,0.796,363115.45
2026-06-23 01:00:00+00:00,0.796,0.801,0.789,0.799,292026.07
2026-06-23 02:00:00+00:00,0.799,0.799,0.792,0.798,250922.66
2026-06-23 03:00:00+00:00,0.798,0.804,0.794,0.803,130888.65
2026-06-23 04:00:00+00:00,0.804,0.804,0.793,0.794,158429.35
2026-06-23 05:00:00+00:00,0.794,0.797,0.787,0.793,310169.86
2026-06-23 06:00:00+00:00,0.792,0.792,0.765,0.775,942104.28
2026-06-23 07:00:00+00:00,0.775,0.777,0.767,0.767,416405.52
2026-06-23 08:00:00+00:00,0.768,0.772,0.738,0.747,1510971.37
2026-06-23 09:00:00+00:00,0.748,0.753,0.748,0.752,170491.57
2026-06-23 10:00:00+00:00,0.752,0.756,0.75,0.752,166899.6
2026-06-23 11:00:00+00:00,0.752,0.76,0.75,0.758,231750.26
2026-06-23 12:00:00+00:00,0.758,0.759,0.755,0.758,215517.91
2026-06-23 13:00:00+00:00,0.758,0.776,0.756,0.774,476599.53
2026-06-23 14:00:00+00:00,0.774,0.783,0.771,0.773,344547.54
2026-06-23 15:00:00+00:00,0.773,0.773,0.763,0.769,280704.76
2026-06-23 16:00:00+00:00,0.769,0.778,0.768,0.77,188725.71
2026-06-23 17:00:00+00:00,0.77,0.771,0.764,0.765,117431.4
2026-06-23 18:00:00+00:00,0.765,0.772,0.765,0.771,231486.6
2026-06-23 19:00:00+00:00,0.771,0.78,0.771,0.777,262004.06
2026-06-23 20:00:00+00:00,0.778,0.802,0.778,0.8,750581.48
2026-06-23 21:00:00+00:00,0.8,0.806,0.789,0.794,402793.36
2026-06-23 22:00:00+00:00,0.794,0.797,0.787,0.788,203214.4
2026-06-23 23:00:00+00:00,0.788,0.789,0.784,0.789,138582.51
2026-06-24 00:00:00+00:00,0.788,0.792,0.787,0.79,369280.6
2026-06-24 01:00:00+00:00,0.791,0.795,0.786,0.791,158827.15
2026-06-24 02:00:00+00:00,0.791,0.795,0.788,0.788,237068.9
2026-06-24 03:00:00+00:00,0.787,0.789,0.781,0.783,201856.12
2026-06-24 04:00:00+00:00,0.783,0.785,0.773,0.781,139049.37
2026-06-24 05:00:00+00:00,0.781,0.787,0.78,0.786,101907.02
2026-06-24 06:00:00+00:00,0.786,0.786,0.78,0.782,75164.66
2026-06-24 07:00:00+00:00,0.782,0.784,0.776,0.777,204712.78
2026-06-24 08:00:00+00:00,0.777,0.782,0.775,0.776,132696.99
2026-06-24 09:00:00+00:00,0.777,0.779,0.775,0.777,143373.63
2026-06-24 10:00:00+00:00,0.777,0.778,0.77,0.771,148454.19
2026-06-24 11:00:00+00:00,0.77,0.783,0.766,0.775,235543.12
2026-06-24 12:00:00+00:00,0.775,0.778,0.77,0.77,125038.14
2026-06-24 13:00:00+00:00,0.771,0.772,0.75,0.757,975009.06
2026-06-24 14:00:00+00:00,0.756,0.764,0.753,0.762,613652.99
2026-06-24 15:00:00+00:00,0.762,0.762,0.736,0.739,718675.81
2026-06-24 16:00:00+00:00,0.74,0.75,0.71,0.718,1758814.46
2026-06-24 17:00:00+00:00,0.718,0.723,0.698,0.701,1484361.51
2026-06-24 18:00:00+00:00,0.701,0.718,0.701,0.711,524338.93
2026-06-24 19:00:00+00:00,0.711,0.721,0.707,0.721,265400.35
2026-06-24 20:00:00+00:00,0.72,0.742,0.719,0.739,486445.32
2026-06-24 21:00:00+00:00,0.738,0.75,0.733,0.75,432242.41
2026-06-24 22:00:00+00:00,0.751,0.759,0.751,0.753,356207.39
2026-06-24 23:00:00+00:00,0.754,0.756,0.748,0.749,282938.06
2026-06-25 00:00:00+00:00,0.75,0.752,0.742,0.743,266155.18
2026-06-25 01:00:00+00:00,0.744,0.748,0.74,0.746,221293.69
2026-06-25 02:00:00+00:00,0.746,0.75,0.745,0.749,217879.48
2026-06-25 03:00:00+00:00,0.748,0.75,0.744,0.747,140381.62
2026-06-25 04:00:00+00:00,0.748,0.757,0.744,0.756,189710.66
2026-06-25 05:00:00+00:00,0.755,0.765,0.755,0.759,250707.16
2026-06-25 06:00:00+00:00,0.759,0.774,0.759,0.759,573424.52
2026-06-25 07:00:00+00:00,0.759,0.762,0.757,0.761,166289.13
2026-06-25 08:00:00+00:00,0.761,0.762,0.755,0.755,94376.63
2026-06-25 09:00:00+00:00,0.756,0.76,0.753,0.759,162415.65
2026-06-25 10:00:00+00:00,0.759,0.759,0.752,0.753,145584.76
2026-06-25 11:00:00+00:00,0.753,0.756,0.751,0.754,180390.61
2026-06-25 12:00:00+00:00,0.754,0.762,0.748,0.753,508252.16
2026-06-25 13:00:00+00:00,0.754,0.76,0.687,0.693,2162170.06
2026-06-25 14:00:00+00:00,0.694,0.738,0.694,0.721,1513000.09
2026-06-25 15:00:00+00:00,0.721,0.723,0.71,0.722,579805.92
2026-06-25 16:00:00+00:00,0.721,0.732,0.712,0.716,746958.27
2026-06-25 17:00:00+00:00,0.717,0.73,0.714,0.73,476209.28
2026-06-25 18:00:00+00:00,0.73,0.734,0.722,0.725,337824.89
2026-06-25 19:00:00+00:00,0.725,0.726,0.716,0.722,220180.63
2026-06-25 20:00:00+00:00,0.723,0.73,0.721,0.723,188056.85
2026-06-25 21:00:00+00:00,0.723,0.737,0.723,0.737,214426.98
2026-06-25 22:00:00+00:00,0.736,0.738,0.731,0.732,218571.08
2026-06-25 23:00:00+00:00,0.732,0.742,0.731,0.737,349300.91
2026-06-26 00:00:00+00:00,0.737,0.739,0.734,0.735,150730.08
2026-06-26 01:00:00+00:00,0.735,0.736,0.724,0.726,240020.13
2026-06-26 02:00:00+00:00,0.727,0.728,0.704,0.708,868114.52
2026-06-26 03:00:00+00:00,0.709,0.732,0.701,0.73,660680.85
2026-06-26 04:00:00+00:00,0.73,0.73,0.72,0.722,222619.21
2026-06-26 05:00:00+00:00,0.721,0.728,0.721,0.726,133508.32
2026-06-26 06:00:00+00:00,0.726,0.738,0.72,0.735,279982.21
2026-06-26 07:00:00+00:00,0.736,0.745,0.735,0.744,256862.66
2026-06-26 08:00:00+00:00,0.744,0.745,0.729,0.731,1604479.46
2026-06-26 09:00:00+00:00,0.732,0.733,0.721,0.722,239072.18
2026-06-26 10:00:00+00:00,0.722,0.728,0.72,0.721,211817.74
2026-06-26 11:00:00+00:00,0.721,0.727,0.717,0.718,216905.08
2026-06-26 12:00:00+00:00,0.719,0.727,0.711,0.716,418231.68
2026-06-26 13:00:00+00:00,0.716,0.735,0.71,0.734,674382.3
2026-06-26 14:00:00+00:00,0.734,0.737,0.723,0.725,573807.99
2026-06-26 15:00:00+00:00,0.725,0.74,0.723,0.736,641644.16
2026-06-26 16:00:00+00:00,0.736,0.748,0.733,0.744,613561.51
2026-06-26 17:00:00+00:00,0.744,0.758,0.744,0.753,441111.26
2026-06-26 18:00:00+00:00,0.752,0.756,0.746,0.748,286722.58
2026-06-26 19:00:00+00:00,0.747,0.756,0.742,0.743,629799.62
2026-06-26 20:00:00+00:00,0.743,0.754,0.743,0.745,427912.45
2026-06-26 21:00:00+00:00,0.745,0.75,0.741,0.744,244114.88
2026-06-26 22:00:00+00:00,0.743,0.746,0.741,0.746,182026.41
2026-06-26 23:00:00+00:00,0.745,0.747,0.744,0.744,102730.09
2026-06-27 00:00:00+00:00,0.744,0.747,0.739,0.744,96087.2
2026-06-27 01:00:00+00:00,0.744,0.744,0.739,0.741,98098.61
2026-06-27 02:00:00+00:00,0.742,0.755,0.74,0.753,1230510.68
2026-06-27 03:00:00+00:00,0.752,0.752,0.745,0.747,299793.16
2026-06-27 04:00:00+00:00,0.746,0.751,0.744,0.744,57887.59
2026-06-27 05:00:00+00:00,0.745,0.748,0.742,0.748,138984.7
2026-06-27 06:00:00+00:00,0.747,0.755,0.741,0.745,574621.76
2026-06-27 07:00:00+00:00,0.746,0.748,0.743,0.747,76402.69
2026-06-27 08:00:00+00:00,0.747,0.748,0.742,0.744,150525.75
2026-06-27 09:00:00+00:00,0.744,0.749,0.743,0.746,191699.69
2026-06-27 10:00:00+00:00,0.746,0.747,0.743,0.745,89880.45
2026-06-27 11:00:00+00:00,0.744,0.745,0.738,0.744,258162.46
2026-06-27 12:00:00+00:00,0.744,0.745,0.74,0.742,85399.75
2026-06-27 13:00:00+00:00,0.742,0.747,0.742,0.744,101332.88
2026-06-27 14:00:00+00:00,0.745,0.749,0.744,0.747,132849.72
2026-06-27 15:00:00+00:00,0.747,0.754,0.746,0.75,317894.84
2026-06-27 16:00:00+00:00,0.75,0.752,0.746,0.75,210092.86
2026-06-27 17:00:00+00:00,0.75,0.75,0.741,0.741,173228.46
2026-06-27 18:00:00+00:00,0.74,0.743,0.739,0.742,76379.08
2026-06-27 19:00:00+00:00,0.742,0.744,0.729,0.733,395827.68
2026-06-27 20:00:00+00:00,0.734,0.736,0.733,0.734,59524.89
2026-06-27 21:00:00+00:00,0.734,0.737,0.729,0.731,222405.77
2026-06-27 22:00:00+00:00,0.731,0.732,0.725,0.732,173187.44
2026-06-27 23:00:00+00:00,0.732,0.734,0.727,0.728,106378.3
2026-06-28 00:00:00+00:00,0.728,0.734,0.728,0.73,68662.31
2026-06-28 01:00:00+00:00,0.73,0.733,0.728,0.731,84200.51
2026-06-28 02:00:00+00:00,0.731,0.733,0.728,0.729,74637.46
2026-06-28 03:00:00+00:00,0.73,0.735,0.73,0.734,54378.27
2026-06-28 04:00:00+00:00,0.734,0.735,0.731,0.733,77932.91
2026-06-28 05:00:00+00:00,0.733,0.734,0.727,0.732,96563.49
2026-06-28 06:00:00+00:00,0.733,0.733,0.725,0.73,244656.79
2026-06-28 07:00:00+00:00,0.73,0.735,0.73,0.733,56867.36
2026-06-28 08:00:00+00:00,0.733,0.74,0.731,0.737,85418.31
2026-06-28 09:00:00+00:00,0.737,0.737,0.727,0.728,1125436.23
2026-06-28 10:00:00+00:00,0.728,0.731,0.726,0.727,99281.12
2026-06-28 11:00:00+00:00,0.728,0.73,0.724,0.73,178443.55
2026-06-28 12:00:00+00:00,0.729,0.73,0.723,0.726,189097.82
2026-06-28 13:00:00+00:00,0.726,0.726,0.719,0.72,322713.49
2026-06-28 14:00:00+00:00,0.72,0.728,0.72,0.725,216416.8
2026-06-28 15:00:00+00:00,0.726,0.727,0.719,0.722,226233.87
2026-06-28 16:00:00+00:00,0.722,0.724,0.716,0.72,113694.37
2026-06-28 17:00:00+00:00,0.721,0.725,0.715,0.72,348599.43
2026-06-28 18:00:00+00:00,0.721,0.726,0.718,0.723,278689.66
2026-06-28 19:00:00+00:00,0.723,0.723,0.713,0.717,158413.18
2026-06-28 20:00:00+00:00,0.716,0.722,0.716,0.72,161460.96
2026-06-28 21:00:00+00:00,0.719,0.72,0.702,0.711,457876.31
2026-06-28 22:00:00+00:00,0.712,0.72,0.704,0.709,443691.28
2026-06-28 23:00:00+00:00,0.708,0.719,0.706,0.717,214228.29
2026-06-29 00:00:00+00:00,0.716,0.72,0.706,0.717,1116004.07
2026-06-29 01:00:00+00:00,0.718,0.718,0.711,0.717,209887.68
2026-06-29 02:00:00+00:00,0.716,0.723,0.709,0.72,496463.28
2026-06-29 03:00:00+00:00,0.72,0.728,0.719,0.726,427066.95
2026-06-29 04:00:00+00:00,0.727,0.727,0.719,0.72,142364.04
2026-06-29 05:00:00+00:00,0.721,0.723,0.712,0.723,176986.2
2026-06-29 06:00:00+00:00,0.723,0.73,0.722,0.723,197477.4
2026-06-29 07:00:00+00:00,0.723,0.725,0.721,0.722,221217.6
2026-06-29 08:00:00+00:00,0.721,0.723,0.716,0.717,321258.96
2026-06-29 09:00:00+00:00,0.718,0.723,0.717,0.722,155101.27
2026-06-29 10:00:00+00:00,0.723,0.728,0.721,0.723,237819.79
2026-06-29 11:00:00+00:00,0.724,0.724,0.716,0.718,381642.51
2026-06-29 12:00:00+00:00,0.718,0.732,0.712,0.721,723614.36
2026-06-29 13:00:00+00:00,0.721,0.727,0.713,0.718,797474.93
2026-06-29 14:00:00+00:00,0.719,0.72,0.708,0.72,847027.78
2026-06-29 15:00:00+00:00,0.72,0.725,0.711,0.724,505636.0
2026-06-29 16:00:00+00:00,0.724,0.729,0.721,0.726,373455.13
2026-06-29 17:00:00+00:00,0.726,0.748,0.726,0.744,787030.11
2026-06-29 18:00:00+00:00,0.743,0.746,0.741,0.742,172457.84
2026-06-29 19:00:00+00:00,0.742,0.744,0.737,0.738,215341.65
2026-06-29 20:00:00+00:00,0.738,0.739,0.733,0.733,121332.7
2026-06-29 21:00:00+00:00,0.733,0.739,0.729,0.737,290553.39
2026-06-29 22:00:00+00:00,0.737,0.738,0.734,0.735,120359.87
2026-06-29 23:00:00+00:00,0.735,0.736,0.731,0.733,249652.89
2026-06-30 00:00:00+00:00,0.732,0.734,0.724,0.727,389320.84
2026-06-30 01:00:00+00:00,0.726,0.728,0.723,0.724,206825.26
2026-06-30 02:00:00+00:00,0.724,0.728,0.72,0.727,251782.73
2026-06-30 03:00:00+00:00,0.727,0.729,0.724,0.727,144157.56
2026-06-30 04:00:00+00:00,0.726,0.73,0.724,0.728,174479.71
2026-06-30 05:00:00+00:00,0.728,0.729,0.726,0.727,51451.89
2026-06-30 06:00:00+00:00,0.727,0.728,0.725,0.725,109550.65
2026-06-30 07:00:00+00:00,0.725,0.727,0.722,0.725,171380.1
2026-06-30 08:00:00+00:00,0.725,0.726,0.718,0.725,296601.89
2026-06-30 09:00:00+00:00,0.724,0.728,0.721,0.727,164526.88
2026-06-30 10:00:00+00:00,0.728,0.743,0.727,0.732,747010.16
2026-06-30 11:00:00+00:00,0.732,0.733,0.72,0.722,454211.36
2026-06-30 12:00:00+00:00,0.722,0.722,0.705,0.706,532362.18
2026-06-30 13:00:00+00:00,0.706,0.718,0.705,0.716,618918.39
2026-06-30 14:00:00+00:00,0.715,0.723,0.712,0.714,265670.63
2026-06-30 15:00:00+00:00,0.714,0.721,0.712,0.715,142482.14
2026-06-30 16:00:00+00:00,0.716,0.72,0.71,0.718,588246.54
2026-06-30 17:00:00+00:00,0.719,0.722,0.714,0.715,151789.62
2026-06-30 18:00:00+00:00,0.715,0.726,0.715,0.722,199138.21
2026-06-30 19:00:00+00:00,0.722,0.735,0.72,0.727,365580.89
2026-06-30 20:00:00+00:00,0.726,0.726,0.717,0.718,92299.38
2026-06-30 21:00:00+00:00,0.717,0.719,0.713,0.718,108031.84
2026-06-30 22:00:00+00:00,0.718,0.72,0.714,0.715,99569.06
2026-06-30 23:00:00+00:00,0.715,0.717,0.714,0.717,67264.89
2026-07-01 00:00:00+00:00,0.718,0.723,0.716,0.721,156555.43
2026-07-01 01:00:00+00:00,0.722,0.722,0.702,0.719,876356.27
2026-07-01 02:00:00+00:00,0.719,0.728,0.716,0.728,176991.22
2026-07-01 03:00:00+00:00,0.728,0.735,0.722,0.733,357496.77
2026-07-01 04:00:00+00:00,0.733,0.738,0.732,0.735,285940.57
2026-07-01 05:00:00+00:00,0.735,0.735,0.727,0.729,105617.64
2026-07-01 06:00:00+00:00,0.729,0.729,0.718,0.721,384704.98
2026-07-01 07:00:00+00:00,0.721,0.723,0.718,0.723,153304.96
2026-07-01 08:00:00+00:00,0.722,0.724,0.718,0.724,225060.58
2026-07-01 09:00:00+00:00,0.724,0.73,0.723,0.729,214290.32
2026-07-01 10:00:00+00:00,0.728,0.731,0.725,0.728,95437.03
2026-07-01 11:00:00+00:00,0.728,0.734,0.726,0.729,210887.86
2026-07-01 12:00:00+00:00,0.728,0.728,0.72,0.724,143179.23
2026-07-01 13:00:00+00:00,0.724,0.739,0.72,0.736,796924.5
2026-07-01 14:00:00+00:00,0.736,0.745,0.735,0.738,498289.28
2026-07-01 15:00:00+00:00,0.737,0.754,0.737,0.745,533201.86
2026-07-01 16:00:00+00:00,0.745,0.746,0.739,0.741,235443.22
2026-07-01 17:00:00+00:00,0.741,0.747,0.737,0.745,195487.04
2026-07-01 18:00:00+00:00,0.744,0.745,0.734,0.737,118482.36
2026-07-01 19:00:00+00:00,0.737,0.74,0.733,0.734,104095.77
2026-07-01 20:00:00+00:00,0.735,0.741,0.734,0.74,257742.27
2026-07-01 21:00:00+00:00,0.74,0.749,0.74,0.748,202610.31
2026-07-01 22:00:00+00:00,0.747,0.756,0.742,0.743,216887.82
2026-07-01 23:00:00+00:00,0.743,0.743,0.735,0.736,140825.52
2026-07-02 00:00:00+00:00,0.737,0.738,0.732,0.738,185803.17
2026-07-02 01:00:00+00:00,0.739,0.748,0.738,0.746,169767.42
2026-07-02 02:00:00+00:00,0.745,0.752,0.745,0.746,942420.13
2026-07-02 03:00:00+00:00,0.747,0.757,0.744,0.755,457748.42
2026-07-02 04:00:00+00:00,0.755,0.755,0.749,0.752,167012.69
2026-07-02 05:00:00+00:00,0.753,0.753,0.748,0.75,77522.9
2026-07-02 06:00:00+00:00,0.75,0.76,0.747,0.753,581537.56
2026-07-02 07:00:00+00:00,0.753,0.762,0.752,0.76,251180.87
2026-07-02 08:00:00+00:00,0.761,0.768,0.758,0.767,308569.25
2026-07-02 09:00:00+00:00,0.766,0.774,0.758,0.773,409226.35
2026-07-02 10:00:00+00:00,0.772,0.784,0.772,0.78,345735.01
2026-07-02 11:00:00+00:00,0.779,0.786,0.771,0.784,968555.38
2026-07-02 12:00:00+00:00,0.784,0.786,0.778,0.779,481407.23
2026-07-02 13:00:00+00:00,0.78,0.789,0.777,0.786,496205.6
2026-07-02 14:00:00+00:00,0.786,0.789,0.775,0.78,552562.07
2026-07-02 15:00:00+00:00,0.78,0.78,0.774,0.78,180493.48
2026-07-02 16:00:00+00:00,0.779,0.782,0.775,0.778,202507.16
2026-07-02 17:00:00+00:00,0.778,0.781,0.776,0.779,145520.9
2026-07-02 18:00:00+00:00,0.778,0.785,0.778,0.782,154673.81
2026-07-02 19:00:00+00:00,0.783,0.783,0.776,0.776,156937.39
2026-07-02 20:00:00+00:00,0.776,0.778,0.772,0.775,258335.78
2026-07-02 21:00:00+00:00,0.774,0.776,0.767,0.772,198856.59
2026-07-02 22:00:00+00:00,0.772,0.774,0.769,0.772,72376.27
2026-07-02 23:00:00+00:00,0.771,0.776,0.769,0.773,84183.1
2026-07-03 00:00:00+00:00,0.774,0.776,0.772,0.774,92142.74
2026-07-03 01:00:00+00:00,0.774,0.787,0.774,0.783,153978.88
2026-07-03 02:00:00+00:00,0.783,0.785,0.779,0.783,145210.44
2026-07-03 03:00:00+00:00,0.783,0.783,0.778,0.78,118857.55
2026-07-03 04:00:00+00:00,0.78,0.781,0.776,0.776,57721.04
2026-07-03 05:00:00+00:00,0.776,0.78,0.773,0.779,68742.4
2026-07-03 06:00:00+00:00,0.778,0.787,0.777,0.781,218685.03
2026-07-03 07:00:00+00:00,0.782,0.785,0.78,0.782,150527.61
2026-07-03 08:00:00+00:00,0.783,0.787,0.78,0.78,128745.03
2026-07-03 09:00:00+00:00,0.78,0.785,0.779,0.783,93393.33
2026-07-03 10:00:00+00:00,0.783,0.79,0.783,0.789,97713.35
2026-07-03 11:00:00+00:00,0.788,0.794,0.784,0.792,922708.79
2026-07-03 12:00:00+00:00,0.792,0.794,0.786,0.789,323418.29
2026-07-03 13:00:00+00:00,0.79,0.797,0.789,0.796,192469.68
2026-07-03 14:00:00+00:00,0.797,0.809,0.79,0.804,432778.87
2026-07-03 15:00:00+00:00,0.805,0.808,0.797,0.799,211870.38
2026-07-03 16:00:00+00:00,0.8,0.801,0.795,0.798,125707.72
2026-07-03 17:00:00+00:00,0.798,0.803,0.797,0.801,852293.01
2026-07-03 18:00:00+00:00,0.803,0.803,0.797,0.8,75353.21
2026-07-03 19:00:00+00:00,0.8,0.807,0.799,0.802,162632.55
2026-07-03 20:00:00+00:00,0.801,0.815,0.801,0.809,500034.18
2026-07-03 21:00:00+00:00,0.809,0.815,0.805,0.812,170486.7
2026-07-03 22:00:00+00:00,0.812,0.812,0.799,0.8,146212.95
2026-07-03 23:00:00+00:00,0.8,0.811,0.798,0.806,712586.58
2026-07-04 00:00:00+00:00,0.807,0.81,0.801,0.801,255889.69
2026-07-04 01:00:00+00:00,0.801,0.801,0.796,0.801,126141.32
2026-07-04 02:00:00+00:00,0.8,0.803,0.799,0.802,108789.27
2026-07-04 03:00:00+00:00,0.802,0.806,0.8,0.803,117415.07
2026-07-04 04:00:00+00:00,0.803,0.804,0.798,0.802,109396.74
2026-07-04 05:00:00+00:00,0.802,0.802,0.796,0.798,145933.61
2026-07-04 06:00:00+00:00,0.798,0.801,0.79,0.795,716959.48
2026-07-04 07:00:00+00:00,0.794,0.796,0.791,0.795,121433.42
2026-07-04 08:00:00+00:00,0.795,0.801,0.793,0.799,111427.82
2026-07-04 09:00:00+00:00,0.798,0.805,0.793,0.793,177848.18
2026-07-04 10:00:00+00:00,0.792,0.796,0.791,0.796,53591.54
2026-07-04 11:00:00+00:00,0.796,0.8,0.793,0.798,101289.2
2026-07-04 12:00:00+00:00,0.799,0.803,0.798,0.8,101646.43
2026-07-04 13:00:00+00:00,0.8,0.804,0.796,0.801,161006.08
2026-07-04 14:00:00+00:00,0.801,0.804,0.799,0.802,128006.94
2026-07-04 15:00:00+00:00,0.803,0.812,0.801,0.809,301569.03
2026-07-04 16:00:00+00:00,0.809,0.81,0.804,0.808,119941.99
2026-07-04 17:00:00+00:00,0.808,0.818,0.806,0.814,203055.43
2026-07-04 18:00:00+00:00,0.814,0.814,0.807,0.807,118744.23
2026-07-04 19:00:00+00:00,0.808,0.809,0.802,0.804,108447.72
2026-07-04 20:00:00+00:00,0.803,0.806,0.798,0.801,118284.08
2026-07-04 21:00:00+00:00,0.801,0.805,0.8,0.803,81883.74
2026-07-04 22:00:00+00:00,0.804,0.805,0.798,0.801,81859.68
2026-07-04 23:00:00+00:00,0.801,0.801,0.793,0.797,116368.56
2026-07-05 00:00:00+00:00,0.797,0.798,0.792,0.795,198037.41
2026-07-05 01:00:00+00:00,0.796,0.798,0.787,0.792,199158.63
2026-07-05 02:00:00+00:00,0.792,0.792,0.782,0.785,298395.18
2026-07-05 03:00:00+00:00,0.785,0.787,0.782,0.785,237811.45
2026-07-05 04:00:00+00:00,0.784,0.79,0.784,0.787,70278.02
2026-07-05 05:00:00+00:00,0.787,0.787,0.781,0.784,59004.78
2026-07-05 06:00:00+00:00,0.784,0.785,0.78,0.783,96333.24
2026-07-05 07:00:00+00:00,0.784,0.789,0.783,0.789,63340.57
2026-07-05 08:00:00+00:00,0.788,0.792,0.784,0.79,508704.27
2026-07-05 09:00:00+00:00,0.79,0.793,0.776,0.779,356234.33
2026-07-05 10:00:00+00:00,0.778,0.782,0.775,0.781,184065.77
2026-07-05 11:00:00+00:00,0.781,0.782,0.78,0.781,62996.4
2026-07-05 12:00:00+00:00,0.78,0.785,0.776,0.785,70815.41
2026-07-05 13:00:00+00:00,0.784,0.787,0.783,0.787,92801.94
2026-07-05 14:00:00+00:00,0.787,0.787,0.782,0.787,108050.66
2026-07-05 15:00:00+00:00,0.787,0.791,0.783,0.786,66236.38
2026-07-05 16:00:00+00:00,0.786,0.787,0.783,0.786,76540.59
2026-07-05 17:00:00+00:00,0.786,0.792,0.786,0.789,79799.42
2026-07-05 18:00:00+00:00,0.79,0.794,0.789,0.791,50856.93
2026-07-05 19:00:00+00:00,0.791,0.792,0.788,0.791,84400.41
2026-07-05 20:00:00+00:00,0.79,0.791,0.789,0.79,32662.08
2026-07-05 21:00:00+00:00,0.79,0.804,0.786,0.799,374353.77
2026-07-05 22:00:00+00:00,0.798,0.808,0.797,0.803,1043535.36
2026-07-05 23:00:00+00:00,0.804,0.806,0.798,0.8,234443.63
2026-07-06 00:00:00+00:00,0.801,0.807,0.795,0.803,376905.26
2026-07-06 01:00:00+00:00,0.802,0.805,0.798,0.798,90448.2
2026-07-06 02:00:00+00:00,0.799,0.804,0.794,0.797,218827.22
2026-07-06 03:00:00+00:00,0.797,0.797,0.789,0.791,111234.93
2026-07-06 04:00:00+00:00,0.791,0.794,0.786,0.789,156773.72
2026-07-06 05:00:00+00:00,0.789,0.789,0.778,0.782,165361.51
2026-07-06 06:00:00+00:00,0.783,0.784,0.78,0.783,117507.27
2026-07-06 07:00:00+00:00,0.783,0.786,0.781,0.785,56806.98
2026-07-06 08:00:00+00:00,0.785,0.788,0.78,0.781,137066.67
2026-07-06 09:00:00+00:00,0.781,0.782,0.778,0.78,113203.34
2026-07-06 10:00:00+00:00,0.78,0.786,0.78,0.783,84735.13
2026-07-06 11:00:00+00:00,0.784,0.785,0.774,0.775,161036.17
2026-07-06 12:00:00+00:00,0.776,0.776,0.759,0.766,786482.25
2026-07-06 13:00:00+00:00,0.766,0.775,0.761,0.772,346641.04
2026-07-06 14:00:00+00:00,0.772,0.78,0.771,0.776,167224.52
2026-07-06 15:00:00+00:00,0.777,0.799,0.777,0.797,304380.21
2026-07-06 16:00:00+00:00,0.797,0.806,0.795,0.801,309041.2
2026-07-06 17:00:00+00:00,0.802,0.803,0.789,0.792,1170521.35
2026-07-06 18:00:00+00:00,0.792,0.799,0.791,0.796,142836.75
2026-07-06 19:00:00+00:00,0.797,0.798,0.794,0.795,141320.15
2026-07-06 20:00:00+00:00,0.795,0.795,0.79,0.792,87276.33
2026-07-06 21:00:00+00:00,0.792,0.814,0.791,0.802,682686.87
2026-07-06 22:00:00+00:00,0.802,0.802,0.796,0.796,79763.6
2026-07-06 23:00:00+00:00,0.796,0.799,0.793,0.794,113531.47
2026-07-07 00:00:00+00:00,0.795,0.798,0.792,0.795,108689.92
2026-07-07 01:00:00+00:00,0.795,0.795,0.789,0.793,203131.22
2026-07-07 02:00:00+00:00,0.793,0.794,0.783,0.784,154516.06
2026-07-07 03:00:00+00:00,0.783,0.785,0.777,0.779,303513.91
2026-07-07 04:00:00+00:00,0.779,0.78,0.777,0.778,120442.05
2026-07-07 05:00:00+00:00,0.779,0.782,0.772,0.78,146511.68
2026-07-07 06:00:00+00:00,0.781,0.787,0.779,0.786,100022.6
2026-07-07 07:00:00+00:00,0.785,0.786,0.78,0.781,68886.76
2026-07-07 08:00:00+00:00,0.781,0.784,0.78,0.782,117171.13
2026-07-07 09:00:00+00:00,0.782,0.785,0.781,0.784,111714.9
2026-07-07 10:00:00+00:00,0.784,0.787,0.78,0.781,209703.25
2026-07-07 11:00:00+00:00,0.781,0.787,0.777,0.786,89659.12
2026-07-07 12:00:00+00:00,0.786,0.791,0.784,0.784,139908.49
2026-07-07 13:00:00+00:00,0.783,0.784,0.775,0.779,306594.21
2026-07-07 14:00:00+00:00,0.778,0.788,0.774,0.788,246048.48
2026-07-07 15:00:00+00:00,0.787,0.798,0.786,0.796,233696.53
2026-07-07 16:00:00+00:00,0.796,0.802,0.791,0.798,178439.27
2026-07-07 17:00:00+00:00,0.798,0.799,0.794,0.797,138551.21
2026-07-07 18:00:00+00:00,0.798,0.798,0.783,0.783,198701.94
2026-07-07 19:00:00+00:00,0.783,0.787,0.778,0.785,177766.57
2026-07-07 20:00:00+00:00,0.786,0.787,0.78,0.781,115454.64
2026-07-07 21:00:00+00:00,0.782,0.784,0.776,0.778,78715.99
2026-07-07 22:00:00+00:00,0.778,0.778,0.77,0.774,261395.02
2026-07-07 23:00:00+00:00,0.774,0.779,0.773,0.773,153314.09
2026-07-08 00:00:00+00:00,0.774,0.783,0.774,0.781,232266.4
2026-07-08 01:00:00+00:00,0.781,0.782,0.759,0.765,632286.06
2026-07-08 02:00:00+00:00,0.764,0.764,0.754,0.762,290584.75
2026-07-08 03:00:00+00:00,0.763,0.767,0.759,0.76,99051.26
2026-07-08 04:00:00+00:00,0.76,0.767,0.758,0.765,285121.34
2026-07-08 05:00:00+00:00,0.766,0.77,0.764,0.767,118806.85
2026-07-08 06:00:00+00:00,0.767,0.767,0.761,0.764,266346.17
2026-07-08 07:00:00+00:00,0.764,0.767,0.759,0.764,244314.27
2026-07-08 08:00:00+00:00,0.765,0.765,0.744,0.747,1025137.76
2026-07-08 09:00:00+00:00,0.747,0.751,0.744,0.747,355986.98
2026-07-08 10:00:00+00:00,0.747,0.753,0.745,0.752,182922.73
2026-07-08 11:00:00+00:00,0.752,0.757,0.749,0.752,315623.27
2026-07-08 12:00:00+00:00,0.752,0.755,0.75,0.75,168356.68
2026-07-08 13:00:00+00:00,0.75,0.758,0.748,0.758,264161.68
2026-07-08 14:00:00+00:00,0.757,0.762,0.754,0.759,1379158.07
2026-07-08 15:00:00+00:00,0.759,0.759,0.751,0.755,205389.63
2026-07-08 16:00:00+00:00,0.755,0.763,0.754,0.763,160738.11
2026-07-08 17:00:00+00:00,0.763,0.766,0.761,0.763,109022.27
2026-07-08 18:00:00+00:00,0.763,0.767,0.76,0.767,90835.33
2026-07-08 19:00:00+00:00,0.768,0.769,0.762,0.765,115117.0
2026-07-08 20:00:00+00:00,0.764,0.765,0.757,0.758,109710.92
2026-07-08 21:00:00+00:00,0.758,0.762,0.753,0.761,79426.17
2026-07-08 22:00:00+00:00,0.761,0.765,0.76,0.763,243775.75
2026-07-08 23:00:00+00:00,0.764,0.766,0.761,0.765,322269.93
2026-07-09 00:00:00+00:00,0.765,0.769,0.764,0.766,410292.47
2026-07-09 01:00:00+00:00,0.767,0.777,0.765,0.769,363730.79
2026-07-09 02:00:00+00:00,0.77,0.775,0.762,0.764,251598.23
2026-07-09 03:00:00+00:00,0.764,0.771,0.761,0.77,128804.99
2026-07-09 04:00:00+00:00,0.771,0.776,0.768,0.775,178205.05
2026-07-09 05:00:00+00:00,0.775,0.777,0.771,0.775,169014.91
2026-07-09 06:00:00+00:00,0.774,0.782,0.774,0.78,205810.92
2026-07-09 07:00:00+00:00,0.78,0.783,0.772,0.775,576283.58
2026-07-09 08:00:00+00:00,0.776,0.778,0.775,0.775,112428.16
2026-07-09 09:00:00+00:00,0.775,0.777,0.77,0.772,245855.58
2026-07-09 10:00:00+00:00,0.773,0.775,0.77,0.773,187565.36
2026-07-09 11:00:00+00:00,0.772,0.776,0.771,0.773,242854.85
2026-07-09 12:00:00+00:00,0.773,0.776,0.771,0.772,152245.47
2026-07-09 13:00:00+00:00,0.773,0.781,0.771,0.78,112498.14
2026-07-09 14:00:00+00:00,0.781,0.783,0.776,0.782,133972.6
2026-07-09 15:00:00+00:00,0.783,0.791,0.78,0.786,245928.34
2026-07-09 16:00:00+00:00,0.785,0.8,0.785,0.789,416549.17
2026-07-09 17:00:00+00:00,0.789,0.79,0.782,0.787,224997.05
2026-07-09 18:00:00+00:00,0.788,0.792,0.787,0.787,132387.47
2026-07-09 19:00:00+00:00,0.786,0.786,0.781,0.782,67189.97
2026-07-09 20:00:00+00:00,0.781,0.784,0.78,0.783,56367.84
2026-07-09 21:00:00+00:00,0.783,0.786,0.782,0.783,33859.05
2026-07-09 22:00:00+00:00,0.783,0.785,0.781,0.781,113027.64
2026-07-09 23:00:00+00:00,0.781,0.784,0.779,0.781,158772.45
2026-07-10 00:00:00+00:00,0.781,0.782,0.775,0.78,190406.22
2026-07-10 01:00:00+00:00,0.781,0.798,0.779,0.792,420900.38
2026-07-10 02:00:00+00:00,0.792,0.792,0.788,0.789,118403.47
2026-07-10 03:00:00+00:00,0.789,0.79,0.786,0.789,98066.87
2026-07-10 04:00:00+00:00,0.788,0.791,0.787,0.789,66602.54
2026-07-10 05:00:00+00:00,0.789,0.791,0.788,0.791,60323.57
2026-07-10 06:00:00+00:00,0.791,0.792,0.789,0.789,66046.01
2026-07-10 07:00:00+00:00,0.789,0.797,0.788,0.793,125785.37
2026-07-10 08:00:00+00:00,0.794,0.799,0.793,0.794,128986.73
2026-07-10 09:00:00+00:00,0.794,0.799,0.792,0.797,149399.58
2026-07-10 10:00:00+00:00,0.797,0.805,0.796,0.8,170357.22
2026-07-10 11:00:00+00:00,0.8,0.816,0.796,0.813,1155976.51
2026-07-10 12:00:00+00:00,0.814,0.819,0.799,0.8,1068862.16
2026-07-10 13:00:00+00:00,0.8,0.805,0.797,0.803,164632.06
2026-07-10 14:00:00+00:00,0.803,0.803,0.787,0.797,267583.93
2026-07-10 15:00:00+00:00,0.797,0.802,0.796,0.799,221629.09
2026-07-10 16:00:00+00:00,0.798,0.804,0.795,0.802,200403.85
2026-07-10 17:00:00+00:00,0.801,0.801,0.789,0.796,1302601.06
2026-07-10 18:00:00+00:00,0.796,0.797,0.793,0.794,220966.12
2026-07-10 19:00:00+00:00,0.794,0.795,0.788,0.789,141851.65
2026-07-10 20:00:00+00:00,0.789,0.79,0.784,0.785,138290.15
2026-07-10 21:00:00+00:00,0.786,0.793,0.786,0.791,55288.29
2026-07-10 22:00:00+00:00,0.791,0.792,0.788,0.789,139296.92
2026-07-10 23:00:00+00:00,0.788,0.79,0.787,0.788,85170.88
2026-07-11 00:00:00+00:00,0.787,0.791,0.784,0.79,80491.78
2026-07-11 01:00:00+00:00,0.79,0.793,0.787,0.787,87296.31
2026-07-11 02:00:00+00:00,0.788,0.791,0.787,0.79,54816.68
2026-07-11 03:00:00+00:00,0.791,0.791,0.788,0.788,51458.14
2026-07-11 04:00:00+00:00,0.788,0.789,0.785,0.785,104357.1
2026-07-11 05:00:00+00:00,0.786,0.79,0.785,0.788,68222.14
2026-07-11 06:00:00+00:00,0.787,0.793,0.786,0.789,109529.46
2026-07-11 07:00:00+00:00,0.789,0.791,0.788,0.79,60306.68
2026-07-11 08:00:00+00:00,0.79,0.795,0.79,0.793,58710.84
2026-07-11 09:00:00+00:00,0.794,0.795,0.791,0.792,87133.39
2026-07-11 10:00:00+00:00,0.792,0.793,0.788,0.788,130818.85
2026-07-11 11:00:00+00:00,0.788,0.792,0.787,0.792,71808.46
2026-07-11 12:00:00+00:00,0.791,0.793,0.79,0.792,84783.87
2026-07-11 13:00:00+00:00,0.793,0.796,0.791,0.792,54150.6
2026-07-11 14:00:00+00:00,0.792,0.797,0.791,0.794,113340.69
2026-07-11 15:00:00+00:00,0.795,0.799,0.789,0.794,258112.54
2026-07-11 16:00:00+00:00,0.794,0.794,0.789,0.792,132693.16
2026-07-11 17:00:00+00:00,0.792,0.796,0.792,0.794,76084.98
2026-07-11 18:00:00+00:00,0.793,0.795,0.792,0.794,49794.75
2026-07-11 19:00:00+00:00,0.794,0.794,0.792,0.794,34995.78
2026-07-11 20:00:00+00:00,0.794,0.795,0.793,0.794,40864.18
2026-07-11 21:00:00+00:00,0.794,0.799,0.793,0.793,171033.73
2026-07-11 22:00:00+00:00,0.793,0.794,0.778,0.783,336901.43
2026-07-11 23:00:00+00:00,0.784,0.786,0.769,0.771,331181.48
2026-07-12 00:00:00+00:00,0.771,0.775,0.766,0.772,344256.13
2026-07-12 01:00:00+00:00,0.771,0.782,0.771,0.781,1033376.03
2026-07-12 02:00:00+00:00,0.78,0.784,0.778,0.783,342855.04
2026-07-12 03:00:00+00:00,0.783,0.787,0.782,0.786,193045.53
2026-07-12 04:00:00+00:00,0.786,0.788,0.784,0.786,95127.07
2026-07-12 05:00:00+00:00,0.787,0.791,0.785,0.788,137761.78
2026-07-12 06:00:00+00:00,0.788,0.789,0.78,0.785,110440.75
2026-07-12 07:00:00+00:00,0.784,0.787,0.783,0.784,33993.33
2026-07-12 08:00:00+00:00,0.783,0.788,0.783,0.785,70975.55
2026-07-12 09:00:00+00:00,0.785,0.791,0.784,0.787,61860.28
2026-07-12 10:00:00+00:00,0.787,0.788,0.785,0.786,69833.84
2026-07-12 11:00:00+00:00,0.786,0.787,0.782,0.785,38534.11
2026-07-12 12:00:00+00:00,0.784,0.788,0.783,0.784,80289.31
2026-07-12 13:00:00+00:00,0.784,0.786,0.781,0.781,131000.45
2026-07-12 14:00:00+00:00,0.781,0.787,0.779,0.785,123308.13
2026-07-12 15:00:00+00:00,0.786,0.787,0.773,0.776,1954577.51
2026-07-12 16:00:00+00:00,0.776,0.777,0.773,0.775,122857.3
2026-07-12 17:00:00+00:00,0.775,0.777,0.772,0.774,121677.54
2026-07-12 18:00:00+00:00,0.774,0.777,0.774,0.776,31438.48
2026-07-12 19:00:00+00:00,0.777,0.779,0.776,0.778,39457.28
2026-07-12 20:00:00+00:00,0.778,0.78,0.776,0.78,96971.04
2026-07-12 21:00:00+00:00,0.78,0.782,0.774,0.776,118732.43
2026-07-12 22:00:00+00:00,0.775,0.775,0.766,0.771,255687.54
2026-07-12 23:00:00+00:00,0.77,0.772,0.767,0.772,102914.61
2026-07-13 00:00:00+00:00,0.772,0.786,0.77,0.777,527306.92
2026-07-13 01:00:00+00:00,0.776,0.777,0.763,0.766,204485.87
2026-07-13 02:00:00+00:00,0.765,0.77,0.764,0.769,62667.43
2026-07-13 03:00:00+00:00,0.768,0.768,0.754,0.761,411616.29
2026-07-13 04:00:00+00:00,0.76,0.764,0.759,0.761,146122.32
2026-07-13 05:00:00+00:00,0.761,0.772,0.759,0.767,420248.48
2026-07-13 06:00:00+00:00,0.768,0.769,0.765,0.766,96104.11
2026-07-13 07:00:00+00:00,0.765,0.766,0.762,0.763,173051.49
2026-07-13 08:00:00+00:00,0.763,0.765,0.761,0.763,108178.23
2026-07-13 09:00:00+00:00,0.763,0.764,0.76,0.76,94626.81
2026-07-13 10:00:00+00:00,0.761,0.762,0.757,0.759,254712.57
2026-07-13 11:00:00+00:00,0.759,0.763,0.759,0.759,127999.89
2026-07-13 12:00:00+00:00,0.76,0.761,0.756,0.761,296092.77
2026-07-13 13:00:00+00:00,0.761,0.762,0.754,0.758,420102.18
2026-07-13 14:00:00+00:00,0.758,0.762,0.751,0.761,522027.97
2026-07-13 15:00:00+00:00,0.761,0.763,0.754,0.755,114667.87
2026-07-13 16:00:00+00:00,0.754,0.761,0.749,0.755,879206.74
2026-07-13 17:00:00+00:00,0.756,0.758,0.749,0.751,167108.79
2026-07-13 18:00:00+00:00,0.751,0.753,0.75,0.752,51353.7
2026-07-13 19:00:00+00:00,0.751,0.756,0.751,0.755,60949.08
2026-07-13 20:00:00+00:00,0.755,0.755,0.75,0.753,108021.25
2026-07-13 21:00:00+00:00,0.752,0.752,0.734,0.739,537058.3
2026-07-13 22:00:00+00:00,0.739,0.744,0.738,0.743,127732.16
2026-07-13 23:00:00+00:00,0.743,0.75,0.741,0.749,83263.91
2026-07-14 00:00:00+00:00,0.75,0.755,0.749,0.755,236695.69
2026-07-14 01:00:00+00:00,0.754,0.757,0.751,0.754,85273.67
2026-07-14 02:00:00+00:00,0.755,0.757,0.751,0.755,95946.79
2026-07-14 03:00:00+00:00,0.756,0.759,0.751,0.758,131751.89
2026-07-14 04:00:00+00:00,0.759,0.76,0.757,0.759,85037.92
2026-07-14 05:00:00+00:00,0.759,0.765,0.759,0.76,138703.87
2026-07-14 06:00:00+00:00,0.76,0.761,0.757,0.758,103678.28
2026-07-14 07:00:00+00:00,0.758,0.76,0.756,0.757,84516.93
2026-07-14 08:00:00+00:00,0.757,0.758,0.754,0.754,108636.33
2026-07-14 09:00:00+00:00,0.754,0.756,0.752,0.753,119178.78
2026-07-14 10:00:00+00:00,0.752,0.755,0.752,0.753,100958.58
2026-07-14 11:00:00+00:00,0.754,0.762,0.752,0.758,799683.93
2026-07-14 12:00:00+00:00,0.758,0.768,0.755,0.767,481317.71
2026-07-14 13:00:00+00:00,0.767,0.781,0.764,0.774,1038306.62
2026-07-14 14:00:00+00:00,0.773,0.775,0.769,0.774,320976.62
2026-07-14 15:00:00+00:00,0.774,0.78,0.772,0.776,186088.29
2026-07-14 16:00:00+00:00,0.776,0.78,0.774,0.776,144651.26
2026-07-14 17:00:00+00:00,0.776,0.787,0.775,0.779,381087.71
2026-07-14 18:00:00+00:00,0.779,0.78,0.773,0.776,83851.7
2026-07-14 19:00:00+00:00,0.776,0.782,0.776,0.782,103370.46
2026-07-14 20:00:00+00:00,0.783,0.783,0.778,0.781,55821.37
2026-07-14 21:00:00+00:00,0.781,0.788,0.779,0.783,149777.89
2026-07-14 22:00:00+00:00,0.783,0.787,0.78,0.784,90476.16
2026-07-14 23:00:00+00:00,0.785,0.787,0.784,0.785,180620.79
2026-07-15 00:00:00+00:00,0.785,0.792,0.784,0.787,126422.97
2026-07-15 01:00:00+00:00,0.786,0.788,0.783,0.785,67868.91
2026-07-15 02:00:00+00:00,0.784,0.787,0.78,0.783,293698.53
2026-07-15 03:00:00+00:00,0.782,0.785,0.781,0.784,75750.99
2026-07-15 04:00:00+00:00,0.784,0.786,0.78,0.78,71357.9
2026-07-15 05:00:00+00:00,0.781,0.784,0.778,0.782,94001.88
2026-07-15 06:00:00+00:00,0.783,0.787,0.782,0.783,87574.79
2026-07-15 07:00:00+00:00,0.782,0.783,0.778,0.78,177047.3
2026-07-15 08:00:00+00:00,0.781,0.787,0.779,0.785,68427.8
2026-07-15 09:00:00+00:00,0.786,0.793,0.783,0.785,278718.62
2026-07-15 10:00:00+00:00,0.785,0.789,0.784,0.789,146285.18
2026-07-15 11:00:00+00:00,0.789,0.793,0.787,0.791,111302.84
2026-07-15 12:00:00+00:00,0.791,0.803,0.788,0.803,684947.78
2026-07-15 13:00:00+00:00,0.802,0.807,0.793,0.799,916026.31
2026-07-15 14:00:00+00:00,0.798,0.801,0.792,0.796,145235.77
2026-07-15 15:00:00+00:00,0.796,0.797,0.792,0.794,97339.07
2026-07-15 16:00:00+00:00,0.795,0.795,0.785,0.791,322331.76
2026-07-15 17:00:00+00:00,0.791,0.798,0.79,0.798,225078.24
2026-07-15 18:00:00+00:00,0.798,0.803,0.789,0.793,1430257.01
2026-07-15 19:00:00+00:00,0.793,0.795,0.787,0.788,209246.25
2026-07-15 20:00:00+00:00,0.789,0.796,0.788,0.791,185086.22
2026-07-15 21:00:00+00:00,0.792,0.795,0.791,0.793,78465.43
2026-07-15 22:00:00+00:00,0.792,0.794,0.791,0.791,144400.81
2026-07-15 23:00:00+00:00,0.791,0.792,0.788,0.789,83055.74
2026-07-16 00:00:00+00:00,0.789,0.791,0.78,0.785,333033.74
2026-07-16 01:00:00+00:00,0.784,0.791,0.779,0.789,207868.78
2026-07-16 02:00:00+00:00,0.789,0.79,0.786,0.789,53574.05
2026-07-16 03:00:00+00:00,0.788,0.789,0.784,0.785,74861.73
2026-07-16 04:00:00+00:00,0.785,0.786,0.782,0.784,130192.46
2026-07-16 05:00:00+00:00,0.785,0.788,0.784,0.785,202267.55
2026-07-16 06:00:00+00:00,0.786,0.788,0.781,0.783,267772.04
2026-07-16 07:00:00+00:00,0.783,0.784,0.778,0.781,163576.03
2026-07-16 08:00:00+00:00,0.781,0.782,0.77,0.775,307693.88
2026-07-16 09:00:00+00:00,0.776,0.777,0.775,0.775,47574.82
2026-07-16 10:00:00+00:00,0.775,0.778,0.775,0.777,73646.41
2026-07-16 11:00:00+00:00,0.777,0.777,0.772,0.775,102998.91
2026-07-16 12:00:00+00:00,0.775,0.777,0.77,0.772,241948.3
2026-07-16 13:00:00+00:00,0.772,0.781,0.772,0.779,139444.85
2026-07-16 14:00:00+00:00,0.78,0.783,0.777,0.779,275208.81
2026-07-16 15:00:00+00:00,0.78,0.789,0.776,0.785,218617.6
2026-07-16 16:00:00+00:00,0.785,0.786,0.78,0.782,106662.26
2026-07-16 17:00:00+00:00,0.781,0.781,0.773,0.778,166815.26
2026-07-16 18:00:00+00:00,0.778,0.782,0.777,0.778,58433.09
2026-07-16 19:00:00+00:00,0.778,0.78,0.777,0.777,82156.77
2026-07-16 20:00:00+00:00,0.778,0.778,0.774,0.776,98988.98
2026-07-16 21:00:00+00:00,0.775,0.781,0.775,0.778,60380.8
2026-07-16 22:00:00+00:00,0.778,0.78,0.771,0.772,80202.49
2026-07-16 23:00:00+00:00,0.772,0.773,0.764,0.77,268941.89
2026-07-17 00:00:00+00:00,0.77,0.775,0.767,0.774,169547.85
2026-07-17 01:00:00+00:00,0.775,0.777,0.768,0.769,67472.3
2026-07-17 02:00:00+00:00,0.769,0.771,0.766,0.769,685123.32
2026-07-17 03:00:00+00:00,0.769,0.779,0.769,0.775,194960.99
2026-07-17 04:00:00+00:00,0.774,0.775,0.77,0.774,70823.82
2026-07-17 05:00:00+00:00,0.773,0.775,0.764,0.765,465816.8
2026-07-17 06:00:00+00:00,0.765,0.772,0.764,0.769,476029.8
2026-07-17 07:00:00+00:00,0.769,0.771,0.764,0.765,344144.48
2026-07-17 08:00:00+00:00,0.765,0.767,0.758,0.764,266832.59
2026-07-17 09:00:00+00:00,0.763,0.767,0.762,0.766,193671.69
2026-07-17 10:00:00+00:00,0.765,0.771,0.765,0.768,81373.94
2026-07-17 11:00:00+00:00,0.768,0.776,0.767,0.775,727008.34
2026-07-17 12:00:00+00:00,0.776,0.776,0.765,0.765,478514.45
2026-07-17 13:00:00+00:00,0.765,0.766,0.752,0.764,1522602.21
2026-07-17 14:00:00+00:00,0.765,0.768,0.763,0.764,654531.84
2026-07-17 15:00:00+00:00,0.764,0.765,0.758,0.765,780933.32
2026-07-17 16:00:00+00:00,0.764,0.769,0.762,0.767,308213.1
2026-07-17 17:00:00+00:00,0.768,0.772,0.768,0.768,170784.9
2026-07-17 18:00:00+00:00,0.767,0.77,0.764,0.767,61739.64
2026-07-17 19:00:00+00:00,0.768,0.769,0.762,0.764,466815.84
2026-07-17 20:00:00+00:00,0.763,0.764,0.761,0.763,82159.28
2026-07-17 21:00:00+00:00,0.763,0.766,0.762,0.762,81421.34
2026-07-17 22:00:00+00:00,0.762,0.764,0.762,0.764,27825.45
2026-07-17 23:00:00+00:00,0.763,0.765,0.761,0.765,80388.97
2026-07-18 00:00:00+00:00,0.765,0.767,0.763,0.765,50985.92
2026-07-18 01:00:00+00:00,0.765,0.766,0.764,0.765,50535.78
2026-07-18 02:00:00+00:00,0.765,0.768,0.763,0.765,145915.29
2026-07-18 03:00:00+00:00,0.765,0.766,0.764,0.766,60952.48
2026-07-18 04:00:00+00:00,0.766,0.766,0.761,0.761,88613.09
2026-07-18 05:00:00+00:00,0.761,0.761,0.756,0.758,83553.87
2026-07-18 06:00:00+00:00,0.758,0.76,0.757,0.758,75958.33
2026-07-18 07:00:00+00:00,0.759,0.759,0.757,0.758,42765.78
2026-07-18 08:00:00+00:00,0.757,0.76,0.756,0.757,37024.54
2026-07-18 09:00:00+00:00,0.757,0.757,0.753,0.755,87348.28
2026-07-18 10:00:00+00:00,0.756,0.757,0.755,0.756,61902.9
2026-07-18 11:00:00+00:00,0.756,0.758,0.756,0.757,56193.48
2026-07-18 12:00:00+00:00,0.756,0.758,0.746,0.75,582347.15
2026-07-18 13:00:00+00:00,0.75,0.751,0.738,0.744,560016.13
2026-07-18 14:00:00+00:00,0.743,0.746,0.741,0.746,387745.6
2026-07-18 15:00:00+00:00,0.746,0.746,0.743,0.745,152260.5
2026-07-18 16:00:00+00:00,0.745,0.748,0.744,0.747,137802.66
2026-07-18 17:00:00+00:00,0.746,0.751,0.745,0.75,46302.2
2026-07-18 18:00:00+00:00,0.749,0.753,0.747,0.749,86051.06
2026-07-18 19:00:00+00:00,0.75,0.75,0.748,0.749,33977.82
2026-07-18 20:00:00+00:00,0.749,0.752,0.747,0.749,268395.65
2026-07-18 21:00:00+00:00,0.749,0.751,0.747,0.75,53305.14
2026-07-18 22:00:00+00:00,0.75,0.751,0.748,0.751,104297.53
2026-07-18 23:00:00+00:00,0.751,0.751,0.748,0.749,86281.95
2026-07-19 00:00:00+00:00,0.75,0.751,0.748,0.75,90994.76
2026-07-19 01:00:00+00:00,0.75,0.751,0.748,0.749,59322.25
2026-07-19 02:00:00+00:00,0.749,0.755,0.749,0.754,186755.27
2026-07-19 03:00:00+00:00,0.753,0.754,0.748,0.75,94931.36
2026-07-19 04:00:00+00:00,0.75,0.75,0.745,0.747,34663.56
2026-07-19 05:00:00+00:00,0.746,0.748,0.745,0.747,41960.91
2026-07-19 06:00:00+00:00,0.747,0.748,0.745,0.747,42674.51
2026-07-19 07:00:00+00:00,0.746,0.746,0.742,0.743,68634.29
2026-07-19 08:00:00+00:00,0.744,0.745,0.741,0.743,166376.67
2026-07-19 09:00:00+00:00,0.743,0.744,0.727,0.733,792958.21
2026-07-19 10:00:00+00:00,0.733,0.735,0.731,0.732,225256.25
2026-07-19 11:00:00+00:00,0.733,0.733,0.729,0.729,246344.57
2026-07-19 12:00:00+00:00,0.729,0.73,0.723,0.728,337268.23
2026-07-19 13:00:00+00:00,0.727,0.728,0.725,0.727,133026.45
2026-07-19 14:00:00+00:00,0.728,0.728,0.718,0.721,421856.74
2026-07-19 15:00:00+00:00,0.721,0.725,0.719,0.725,255824.77
2026-07-19 16:00:00+00:00,0.724,0.726,0.714,0.717,322547.81
2026-07-19 17:00:00+00:00,0.717,0.719,0.71,0.717,906338.97
2026-07-19 18:00:00+00:00,0.717,0.719,0.711,0.715,488442.97
2026-07-19 19:00:00+00:00,0.716,0.717,0.713,0.715,74997.39
2026-07-19 20:00:00+00:00,0.716,0.718,0.715,0.716,83001.86
2026-07-19 21:00:00+00:00,0.717,0.718,0.712,0.714,126105.89
2026-07-19 22:00:00+00:00,0.714,0.72,0.713,0.718,193186.16
2026-07-19 23:00:00+00:00,0.718,0.72,0.715,0.72,309382.02
2026-07-20 00:00:00+00:00,0.72,0.726,0.716,0.718,502817.65
2026-07-20 01:00:00+00:00,0.719,0.727,0.715,0.717,287441.82
2026-07-20 02:00:00+00:00,0.716,0.724,0.716,0.723,110472.72
2026-07-20 03:00:00+00:00,0.724,0.725,0.719,0.72,156830.24
2026-07-20 04:00:00+00:00,0.72,0.72,0.715,0.717,164614.67
2026-07-20 05:00:00+00:00,0.717,0.718,0.706,0.708,486135.98
2026-07-20 06:00:00+00:00,0.708,0.712,0.703,0.706,464863.97
2026-07-20 07:00:00+00:00,0.707,0.712,0.704,0.71,209834.04
2026-07-20 08:00:00+00:00,0.711,0.712,0.701,0.706,466798.23
2026-07-20 09:00:00+00:00,0.706,0.709,0.703,0.709,135823.24
2026-07-20 10:00:00+00:00,0.708,0.713,0.707,0.71,69939.67
2026-07-20 11:00:00+00:00,0.71,0.717,0.71,0.717,286173.53
2026-07-20 12:00:00+00:00,0.717,0.717,0.713,0.715,171720.85
2026-07-20 13:00:00+00:00,0.716,0.721,0.711,0.713,163749.21
2026-07-20 14:00:00+00:00,0.713,0.721,0.712,0.718,1278218.95
2026-07-20 15:00:00+00:00,0.718,0.735,0.718,0.733,583384.82
2026-07-20 16:00:00+00:00,0.732,0.743,0.729,0.73,957191.01
2026-07-20 17:00:00+00:00,0.73,0.733,0.727,0.73,132072.18
2026-07-20 18:00:00+00:00,0.731,0.733,0.729,0.731,457552.25
2026-07-20 19:00:00+00:00,0.731,0.732,0.726,0.732,802918.22
2026-07-20 20:00:00+00:00,0.732,0.735,0.731,0.735,270381.97
2026-07-20 21:00:00+00:00,0.734,0.738,0.734,0.735,118900.82
2026-07-20 22:00:00+00:00,0.736,0.736,0.731,0.733,81501.34
2026-07-20 23:00:00+00:00,0.733,0.739,0.733,0.735,133095.36
2026-07-21 00:00:00+00:00,0.735,0.738,0.733,0.736,66869.19
2026-07-21 01:00:00+00:00,0.737,0.739,0.732,0.733,223297.76
2026-07-21 02:00:00+00:00,0.734,0.737,0.731,0.736,234878.6
2026-07-21 03:00:00+00:00,0.737,0.745,0.736,0.743,377935.77
2026-07-21 04:00:00+00:00,0.743,0.744,0.739,0.74,255720.11
2026-07-21 05:00:00+00:00,0.74,0.743,0.737,0.741,100022.96
2026-07-21 06:00:00+00:00,0.74,0.743,0.739,0.742,153615.25
2026-07-21 07:00:00+00:00,0.741,0.746,0.741,0.746,226363.56
2026-07-21 08:00:00+00:00,0.746,0.758,0.745,0.754,433576.41
2026-07-21 09:00:00+00:00,0.753,0.757,0.749,0.754,480976.12
2026-07-21 10:00:00+00:00,0.754,0.76,0.744,0.748,1791729.74
2026-07-21 11:00:00+00:00,0.748,0.752,0.746,0.75,246543.53
2026-07-21 12:00:00+00:00,0.75,0.751,0.748,0.75,139065.85
2026-07-21 13:00:00+00:00,0.75,0.756,0.749,0.755,383382.56
2026-07-21 14:00:00+00:00,0.755,0.756,0.75,0.755,317211.31
2026-07-21 15:00:00+00:00,0.754,0.76,0.753,0.758,222442.29
2026-07-21 16:00:00+00:00,0.758,0.759,0.751,0.754,134076.37
2026-07-21 17:00:00+00:00,0.754,0.756,0.75,0.755,163542.64
2026-07-21 18:00:00+00:00,0.756,0.784,0.756,0.769,1002123.81
2026-07-21 19:00:00+00:00,0.769,0.778,0.765,0.774,441306.12
2026-07-21 20:00:00+00:00,0.775,0.776,0.77,0.771,211128.86
2026-07-21 21:00:00+00:00,0.771,0.782,0.77,0.775,392402.8
2026-07-21 22:00:00+00:00,0.774,0.775,0.77,0.772,127041.38
2026-07-21 23:00:00+00:00,0.772,0.772,0.767,0.769,308615.47
2026-07-22 00:00:00+00:00,0.769,0.781,0.768,0.778,1770055.31
2026-07-22 01:00:00+00:00,0.778,0.779,0.773,0.774,139607.97
2026-07-22 02:00:00+00:00,0.774,0.775,0.771,0.771,97341.1
2026-07-22 03:00:00+00:00,0.771,0.773,0.769,0.77,135396.97
2026-07-22 04:00:00+00:00,0.769,0.773,0.769,0.771,61832.79
2026-07-22 05:00:00+00:00,0.771,0.7755,0.7648,0.7674,406720.68
2026-07-22 06:00:00+00:00,0.7675,0.7726,0.7652,0.7691,309289.55
2026-07-22 07:00:00+00:00,0.7692,0.772,0.7673,0.7704,359314.86
2026-07-22 08:00:00+00:00,0.7704,0.7765,0.7703,0.7721,219880.22
2026-07-22 09:00:00+00:00,0.772,0.7732,0.7648,0.7687,184576.72
2026-07-22 10:00:00+00:00,0.7688,0.7751,0.7686,0.7747,155442.62
2026-07-22 11:00:00+00:00,0.7747,0.7752,0.7671,0.7689,150999.22
2026-07-22 12:00:00+00:00,0.7688,0.7699,0.7594,0.7623,220725.92
2026-07-22 13:00:00+00:00,0.7624,0.7692,0.7622,0.7679,181635.92
2026-07-22 14:00:00+00:00,0.768,0.7722,0.7642,0.7673,97032.49
2026-07-22 15:00:00+00:00,0.7674,0.7711,0.7671,0.7694,133710.73
2026-07-22 16:00:00+00:00,0.7695,0.7748,0.7691,0.7732,126354.99
2026-07-22 17:00:00+00:00,0.7733,0.7733,0.7678,0.7685,119673.41
2026-07-22 18:00:00+00:00,0.7684,0.7689,0.7612,0.765,150348.47
2026-07-22 19:00:00+00:00,0.7651,0.7654,0.7619,0.7633,37202.34
2026-07-22 20:00:00+00:00,0.7633,0.7654,0.7615,0.7649,109631.57
2026-07-22 21:00:00+00:00,0.7648,0.7677,0.7642,0.7677,51762.86
2026-07-22 22:00:00+00:00,0.7678,0.7683,0.7621,0.7647,88519.44
2026-07-22 23:00:00+00:00,0.7646,0.7646,0.7573,0.7624,213217.5
2026-07-23 00:00:00+00:00,0.7623,0.7653,0.7619,0.7626,100427.5
2026-07-23 01:00:00+00:00,0.7625,0.7625,0.7557,0.7567,165359.09
2026-07-23 02:00:00+00:00,0.7566,0.7566,0.7529,0.7547,213264.3
2026-07-23 03:00:00+00:00,0.7546,0.7546,0.7387,0.7414,756455.48
2026-07-23 04:00:00+00:00,0.7414,0.746,0.7384,0.7448,236541.15
2026-07-23 05:00:00+00:00,0.7449,0.7457,0.74,0.7405,163211.35
2026-07-23 06:00:00+00:00,0.7406,0.7439,0.7398,0.7428,129561.38
2026-07-23 07:00:00+00:00,0.7428,0.7428,0.729,0.734,670913.62
2026-07-23 08:00:00+00:00,0.7339,0.7403,0.7334,0.7381,1741922.2
2026-07-23 09:00:00+00:00,0.7381,0.7397,0.7371,0.7376,137587.41
2026-07-23 10:00:00+00:00,0.7376,0.7407,0.7371,0.7401,122046.56
2026-07-23 11:00:00+00:00,0.74,0.7414,0.7365,0.737,124270.8
2026-07-23 12:00:00+00:00,0.7369,0.7377,0.7329,0.7364,321634.71
2026-07-23 13:00:00+00:00,0.7365,0.7369,0.7316,0.7324,256980.81
2026-07-23 14:00:00+00:00,0.7323,0.7363,0.7294,0.7296,119610.12
2026-07-23 15:00:00+00:00,0.7297,0.7298,0.7239,0.7274,309168.94
2026-07-23 16:00:00+00:00,0.7275,0.7289,0.7232,0.7281,281724.06
2026-07-23 17:00:00+00:00,0.7281,0.7322,0.7227,0.7238,270711.22
2026-07-23 18:00:00+00:00,0.7238,0.7287,0.7233,0.7264,67589.13
2026-07-23 19:00:00+00:00,0.7265,0.7294,0.7244,0.7282,89264.02
2026-07-23 20:00:00+00:00,0.7282,0.7326,0.728,0.7304,106221.15
2026-07-23 21:00:00+00:00,0.7304,0.7315,0.7276,0.7284,82429.68
2026-07-23 22:00:00+00:00,0.7285,0.7296,0.7256,0.7287,75902.43
2026-07-23 23:00:00+00:00,0.7288,0.7294,0.7272,0.7282,79753.14
2026-07-24 00:00:00+00:00,0.7282,0.7284,0.7232,0.728,121300.6
2026-07-24 01:00:00+00:00,0.7279,0.7294,0.7267,0.7283,128996.56
2026-07-24 02:00:00+00:00,0.7282,0.7285,0.7238,0.7257,111816.44
2026-07-24 03:00:00+00:00,0.7256,0.7299,0.7251,0.7296,102513.69
2026-07-24 04:00:00+00:00,0.7297,0.7299,0.7253,0.7277,135207.14
2026-07-24 05:00:00+00:00,0.7278,0.7306,0.7269,0.7306,111943.87
2026-07-24 06:00:00+00:00,0.7305,0.7355,0.7304,0.7343,152518.59
2026-07-24 07:00:00+00:00,0.7343,0.739,0.7312,0.7339,134190.91
2026-07-24 08:00:00+00:00,0.7338,0.735,0.7326,0.7344,60139.74
2026-07-24 09:00:00+00:00,0.7343,0.7348,0.7305,0.7332,107564.2
2026-07-24 10:00:00+00:00,0.7332,0.7337,0.7284,0.7296,90059.84
2026-07-24 11:00:00+00:00,0.7296,0.7317,0.7278,0.7312,69747.37
2026-07-24 12:00:00+00:00,0.7312,0.7323,0.7241,0.7248,162618.88
2026-07-24 13:00:00+00:00,0.7248,0.7249,0.7114,0.7158,708062.38
2026-07-24 14:00:00+00:00,0.7159,0.7202,0.7107,0.72,654759.66
2026-07-24 15:00:00+00:00,0.72,0.7256,0.7181,0.7246,1364907.29
2026-07-24 16:00:00+00:00,0.7246,0.7275,0.7231,0.726,189695.44
2026-07-24 17:00:00+00:00,0.7259,0.7293,0.7243,0.7274,183939.95
2026-07-24 18:00:00+00:00,0.7275,0.7282,0.724,0.726,150702.14
2026-07-24 19:00:00+00:00,0.7261,0.7278,0.7254,0.7264,38027.26
2026-07-24 20:00:00+00:00,0.7264,0.7273,0.7234,0.7245,128825.08
2026-07-24 21:00:00+00:00,0.7246,0.7246,0.7177,0.7177,123282.41
2026-07-24 22:00:00+00:00,0.7181,0.7189,0.7162,0.7165,106068.94
2026-07-24 23:00:00+00:00,0.7166,0.7197,0.7166,0.7196,100646.35
2026-07-25 00:00:00+00:00,0.7197,0.7214,0.718,0.7205,114399.29
2026-07-25 01:00:00+00:00,0.7205,0.7218,0.7195,0.7204,90257.65
2026-07-25 02:00:00+00:00,0.7205,0.7212,0.7184,0.7208,62264.49
2026-07-25 03:00:00+00:00,0.7211,0.723,0.7211,0.7225,71564.41
2026-07-25 04:00:00+00:00,0.7225,0.7284,0.7225,0.7244,146689.7
2026-07-25 05:00:00+00:00,0.7244,0.725,0.7221,0.7235,95972.04
2026-07-25 06:00:00+00:00,0.7233,0.7238,0.7185,0.7208,108935.26
2026-07-25 07:00:00+00:00,0.7209,0.7215,0.7176,0.7176,75378.59
2026-07-25 08:00:00+00:00,0.7177,0.7179,0.7148,0.7162,225554.32
2026-07-25 09:00:00+00:00,0.7163,0.7188,0.7157,0.7179,96875.32
2026-07-25 10:00:00+00:00,0.7178,0.7191,0.7171,0.7189,56181.41
2026-07-25 11:00:00+00:00,0.7189,0.7193,0.717,0.7189,112314.19
2026-07-25 12:00:00+00:00,0.7189,0.7206,0.7182,0.7205,67909.85
2026-07-25 13:00:00+00:00,0.7206,0.7234,0.7203,0.7209,101797.4
2026-07-25 14:00:00+00:00,0.7209,0.7209,0.7178,0.72,123156.85
2026-07-25 15:00:00+00:00,0.72,0.7256,0.7199,0.7223,225305.4
2026-07-25 16:00:00+00:00,0.7223,0.7251,0.7218,0.7242,113638.75
2026-07-25 17:00:00+00:00,0.7243,0.7318,0.7232,0.7273,252217.69
2026-07-25 18:00:00+00:00,0.7274,0.7293,0.7266,0.7286,142839.99
2026-07-25 19:00:00+00:00,0.7288,0.7329,0.7268,0.7313,219737.65
2026-07-25 20:00:00+00:00,0.7314,0.7349,0.73,0.7302,233619.02
2026-07-25 21:00:00+00:00,0.7302,0.7406,0.7298,0.7364,258393.74
2026-07-25 22:00:00+00:00,0.7364,0.7416,0.736,0.7386,176818.18
2026-07-25 23:00:00+00:00,0.7385,0.7385,0.7344,0.7363,129831.35
2026-07-26 00:00:00+00:00,0.7363,0.7387,0.7338,0.7358,285571.66
2026-07-26 01:00:00+00:00,0.7358,0.7368,0.7324,0.7349,121708.3
2026-07-26 02:00:00+00:00,0.735,0.7392,0.7323,0.7391,160954.65
2026-07-26 03:00:00+00:00,0.7391,0.7407,0.7359,0.7365,173330.32
2026-07-26 04:00:00+00:00,0.7366,0.7476,0.7361,0.7416,379771.1
2026-07-26 05:00:00+00:00,0.7416,0.7442,0.7403,0.7423,206752.31
2026-07-26 06:00:00+00:00,0.7422,0.7456,0.7398,0.7455,183465.18
2026-07-26 07:00:00+00:00,0.7455,0.7518,0.7446,0.7494,239260.71
2026-07-26 08:00:00+00:00,0.7494,0.7537,0.747,0.7527,195066.15
2026-07-26 09:00:00+00:00,0.7529,0.7535,0.7474,0.7484,271922.73
2026-07-26 10:00:00+00:00,0.7484,0.75,0.7468,0.7473,204787.42
2026-07-26 11:00:00+00:00,0.7471,0.7514,0.7469,0.7485,155751.95
2026-07-26 12:00:00+00:00,0.7485,0.7507,0.7446,0.7455,302540.47
2026-07-26 13:00:00+00:00,0.7456,0.7469,0.7423,0.7442,232077.36
2026-07-26 14:00:00+00:00,0.7442,0.7476,0.7433,0.746,199561.65
2026-07-26 15:00:00+00:00,0.7459,0.7486,0.7453,0.7457,780134.14
2026-07-26 16:00:00+00:00,0.7458,0.7504,0.7438,0.7448,685568.45
2026-07-26 17:00:00+00:00,0.7448,0.7461,0.7439,0.7446,87348.06
2026-07-26 18:00:00+00:00,0.7445,0.745,0.7428,0.7444,84696.02
2026-07-26 19:00:00+00:00,0.7444,0.7446,0.7326,0.7383,420297.62
2026-07-26 20:00:00+00:00,0.7383,0.739,0.735,0.7364,198214.96
2026-07-26 21:00:00+00:00,0.7364,0.7397,0.7347,0.7383,119383.31
2026-07-26 22:00:00+00:00,0.7385,0.7441,0.7385,0.7431,152611.47
2026-07-26 23:00:00+00:00,0.7431,0.7469,0.7413,0.7451,324039.89
2026-07-27 00:00:00+00:00,0.7451,0.7451,0.7417,0.7425,151349.13
2026-07-27 01:00:00+00:00,0.7425,0.7447,0.7384,0.7447,164573.07
2026-07-27 02:00:00+00:00,0.7446,0.7564,0.7441,0.7524,597997.9
2026-07-27 03:00:00+00:00,0.7524,0.7543,0.7494,0.7525,344509.53
2026-07-27 04:00:00+00:00,0.7526,0.7536,0.7478,0.7478,157485.16
2026-07-27 05:00:00+00:00,0.7478,0.7487,0.7443,0.7459,398468.57
2026-07-27 06:00:00+00:00,0.7461,0.7494,0.7423,0.7445,842065.44
2026-07-27 07:00:00+00:00,0.7445,0.7449,0.7413,0.7417,156083.47
2026-07-27 08:00:00+00:00,0.7417,0.7417,0.7367,0.7369,303072.93
2026-07-27 09:00:00+00:00,0.7368,0.741,0.7358,0.7397,306337.96
2026-07-27 10:00:00+00:00,0.7397,0.743,0.7392,0.7409,103013.85
2026-07-27 11:00:00+00:00,0.7408,0.7434,0.7392,0.7416,153892.64
2026-07-27 12:00:00+00:00,0.7416,0.7465,0.7396,0.7451,313137.94
2026-07-27 13:00:00+00:00,0.7452,0.7519,0.7431,0.7444,708510.12
2026-07-27 14:00:00+00:00,0.7442,0.7447,0.7175,0.724,936367.51
2026-07-27 15:00:00+00:00,0.724,0.7251,0.7185,0.7213,350727.95
2026-07-27 16:00:00+00:00,0.7214,0.7265,0.718,0.725,342251.27
2026-07-27 17:00:00+00:00,0.7252,0.7267,0.723,0.7252,70768.26
2026-07-27 18:00:00+00:00,0.7254,0.7265,0.7178,0.7214,174089.05
2026-07-27 19:00:00+00:00,0.7215,0.7248,0.712,0.7154,785406.16
2026-07-27 20:00:00+00:00,0.7155,0.72,0.7128,0.719,241351.33
2026-07-27 21:00:00+00:00,0.7188,0.719,0.71,0.7122,261467.48
2026-07-27 22:00:00+00:00,0.712,0.7139,0.6895,0.6931,3401882.68
2026-07-27 23:00:00+00:00,0.693,0.6972,0.6882,0.6946,996194.03
2026-07-28 00:00:00+00:00,0.6947,0.6982,0.6929,0.6948,521324.56
2026-07-28 01:00:00+00:00,0.6949,0.6956,0.6846,0.6917,595802.13
2026-07-28 02:00:00+00:00,0.6916,0.698,0.6903,0.6976,206626.22
2026-07-28 03:00:00+00:00,0.6976,0.7011,0.6968,0.6998,478458.51
2026-07-28 04:00:00+00:00,0.6997,0.7001,0.693,0.6936,279204.85
2026-07-28 05:00:00+00:00,0.6936,0.6975,0.6935,0.6939,251336.06
2026-07-28 06:00:00+00:00,0.6939,0.6966,0.6925,0.6956,167849.43
2026-07-28 07:00:00+00:00,0.6956,0.6967,0.6925,0.694,140445.26
2026-07-28 08:00:00+00:00,0.6941,0.6969,0.6925,0.696,195004.18
2026-07-28 09:00:00+00:00,0.6961,0.697,0.694,0.6951,383719.64
2026-07-28 10:00:00+00:00,0.6951,0.6979,0.6951,0.6966,116342.9
2026-07-28 11:00:00+00:00,0.6967,0.6988,0.6944,0.6981,219870.05
2026-07-28 12:00:00+00:00,0.6982,0.7025,0.6966,0.6997,314929.9
2026-07-28 13:00:00+00:00,0.6997,0.7013,0.6872,0.6946,499351.83
2026-07-28 14:00:00+00:00,0.6945,0.699,0.6913,0.6965,353586.7
2026-07-28 15:00:00+00:00,0.6964,0.7052,0.6939,0.7043,371506.25
2026-07-28 16:00:00+00:00,0.7044,0.7081,0.7023,0.7071,201628.82
2026-07-28 17:00:00+00:00,0.7068,0.7068,0.6976,0.7001,140556.97
2026-07-28 18:00:00+00:00,0.7002,0.7016,0.6964,0.6998,224616.98
2026-07-28 19:00:00+00:00,0.6999,0.7037,0.6999,0.7027,106612.39
2026-07-28 20:00:00+00:00,0.7028,0.7059,0.7024,0.7052,160987.58
2026-07-28 21:00:00+00:00,0.7052,0.7076,0.7034,0.7062,96590.19
2026-07-28 22:00:00+00:00,0.7064,0.7068,0.7014,0.7017,97833.31
2026-07-28 23:00:00+00:00,0.7016,0.7078,0.7002,0.7066,107336.37
2026-07-29 00:00:00+00:00,0.7066,0.7119,0.7064,0.7067,272817.99
2026-07-29 01:00:00+00:00,0.7067,0.7068,0.6963,0.6967,247102.13
2026-07-29 02:00:00+00:00,0.6967,0.7002,0.693,0.6964,352121.72
2026-07-29 03:00:00+00:00,0.6963,0.6965,0.6856,0.6862,646335.42
2026-07-29 04:00:00+00:00,0.6863,0.6929,0.6795,0.6907,990058.18
2026-07-29 05:00:00+00:00,0.6907,0.6959,0.6906,0.6945,699705.87
2026-07-29 06:00:00+00:00,0.6945,0.6968,0.6924,0.6946,220208.56
2026-07-29 07:00:00+00:00,0.6946,0.6964,0.6928,0.6963,202969.0
2026-07-29 08:00:00+00:00,0.6962,0.6965,0.6919,0.6941,123653.95
2026-07-29 09:00:00+00:00,0.6941,0.6979,0.6941,0.6954,107251.07
2026-07-29 10:00:00+00:00,0.6953,0.6953,0.6901,0.6919,104194.28
2026-07-29 11:00:00+00:00,0.692,0.6946,0.6907,0.6919,256136.05
2026-07-29 12:00:00+00:00,0.692,0.692,0.6873,0.691,880924.74
2026-07-29 13:00:00+00:00,0.691,0.6946,0.6895,0.6934,324574.76
2026-07-29 14:00:00+00:00,0.6936,0.6948,0.6895,0.6907,371749.55
2026-07-29 15:00:00+00:00,0.6906,0.6939,0.6883,0.6886,828547.2
2026-07-29 16:00:00+00:00,0.6886,0.6886,0.6669,0.6683,3138605.35
2026-07-29 17:00:00+00:00,0.6684,0.6794,0.6645,0.6769,1210303.66
2026-07-29 18:00:00+00:00,0.6768,0.6856,0.6748,0.6838,756065.13
2026-07-29 19:00:00+00:00,0.6838,0.686,0.6639,0.6659,684061.7
2026-07-29 20:00:00+00:00,0.6659,0.6671,0.6538,0.6591,897215.45
2026-07-29 21:00:00+00:00,0.659,0.6696,0.6571,0.6695,336572.64
2026-07-29 22:00:00+00:00,0.6696,0.6749,0.6696,0.6747,266269.81
2026-07-29 23:00:00+00:00,0.6746,0.68,0.6742,0.6787,215714.73
2026-07-30 00:00:00+00:00,0.6788,0.6816,0.6771,0.6796,294701.02
2026-07-30 01:00:00+00:00,0.6797,0.6868,0.6779,0.683,277821.99
2026-07-30 02:00:00+00:00,0.6831,0.6868,0.6829,0.6834,255750.28
2026-07-30 03:00:00+00:00,0.6835,0.6881,0.6824,0.6859,273723.27
2026-07-30 04:00:00+00:00,0.686,0.6872,0.6778,0.6781,287609.8
2026-07-30 05:00:00+00:00,0.6781,0.6823,0.6754,0.6823,147580.69
2026-07-30 06:00:00+00:00,0.6822,0.6824,0.6796,0.6808,98029.05
2026-07-30 07:00:00+00:00,0.6809,0.6838,0.6781,0.6811,211297.1
2026-07-30 08:00:00+00:00,0.6812,0.6872,0.6808,0.6866,177964.36
2026-07-30 09:00:00+00:00,0.6867,0.6922,0.6831,0.6911,231675.47
2026-07-30 10:00:00+00:00,0.6911,0.696,0.6911,0.6936,244621.45
2026-07-30 11:00:00+00:00,0.6937,0.6993,0.6922,0.6932,345717.14
2026-07-30 12:00:00+00:00,0.6933,0.6966,0.691,0.6922,241377.05
2026-07-30 13:00:00+00:00,0.6922,0.6984,0.6903,0.6968,278773.94
2026-07-30 14:00:00+00:00,0.6968,0.6973,0.6925,0.6949,201951.33
2026-07-30 15:00:00+00:00,0.6948,0.7099,0.6922,0.7074,819933.58
2026-07-30 16:00:00+00:00,0.7075,0.7093,0.7031,0.7074,385435.91
2026-07-30 17:00:00+00:00,0.7075,0.7298,0.7045,0.7213,1980396.39
2026-07-30 18:00:00+00:00,0.7213,0.7254,0.7142,0.7153,961359.65
2026-07-30 19:00:00+00:00,0.7153,0.7213,0.715,0.7204,447421.02
2026-07-30 20:00:00+00:00,0.7203,0.7275,0.7202,0.7226,813229.0
2026-07-30 21:00:00+00:00,0.7225,0.7239,0.7194,0.7199,199677.34
2026-07-30 22:00:00+00:00,0.7198,0.7201,0.7153,0.7163,180239.05
2026-07-30 23:00:00+00:00,0.7163,0.7173,0.7125,0.7133,171985.12
2026-07-31 00:00:00+00:00,0.7134,0.7189,0.7132,0.716,326950.12
2026-07-31 01:00:00+00:00,0.716,0.7215,0.7148,0.7161,200641.32
2026-07-31 02:00:00+00:00,0.716,0.7167,0.7068,0.7091,398130.02
2026-07-31 03:00:00+00:00,0.709,0.7138,0.7064,0.7125,144221.75
2026-07-31 04:00:00+00:00,0.7123,0.7154,0.7108,0.7133,155504.57
2026-07-31 05:00:00+00:00,0.7134,0.7171,0.7134,0.7165,97480.49
2026-07-31 06:00:00+00:00,0.7165,0.7179,0.7119,0.7151,152148.01
2026-07-31 07:00:00+00:00,0.715,0.719,0.7098,0.7177,275890.68
2026-07-31 08:00:00+00:00,0.7177,0.7192,0.7148,0.7185,192043.39
2026-07-31 09:00:00+00:00,0.7184,0.719,0.7114,0.7142,348365.94
2026-07-31 10:00:00+00:00,0.7141,0.7213,0.7104,0.7186,233690.68
2026-07-31 11:00:00+00:00,0.7187,0.7204,0.7164,0.7186,128031.92
2026-07-31 12:00:00+00:00,0.7184,0.721,0.7148,0.7192,324941.47
2026-07-31 13:00:00+00:00,0.7193,0.7246,0.7142,0.7172,485443.72
2026-07-31 14:00:00+00:00,0.7172,0.7233,0.7109,0.7188,1305479.23
2026-07-31 15:00:00+00:00,0.7187,0.724,0.7156,0.718,785878.51
2026-07-31 16:00:00+00:00,0.7179,0.7212,0.7153,0.7197,314398.91
2026-07-31 17:00:00+00:00,0.7198,0.7274,0.7194,0.7242,618583.54
2026-07-31 18:00:00+00:00,0.7242,0.7256,0.7185,0.7209,177832.16
2026-07-31 19:00:00+00:00,0.721,0.7219,0.7145,0.7164,228775.93
2026-07-31 20:00:00+00:00,0.7165,0.7184,0.7139,0.7142,173510.41
2026-07-31 21:00:00+00:00,0.7142,0.716,0.7119,0.7148,136767.22
2026-07-31 22:00:00+00:00,0.7148,0.7179,0.714,0.7153,83277.79
2026-07-31 23:00:00+00:00,0.7152,0.7177,0.714,0.7154,166183.26
2026-08-01 00:00:00+00:00,0.7155,0.7178,0.7139,0.7149,398697.13
2026-08-01 01:00:00+00:00,0.715,0.7189,0.715,0.7179,128140.85
2026-08-01 02:00:00+00:00,0.718,0.7208,0.7171,0.7201,131565.99
2026-08-01 03:00:00+00:00,0.7201,0.722,0.7185,0.7207,172230.74
2026-08-01 04:00:00+00:00,0.7208,0.7267,0.7196,0.7233,379779.74
2026-08-01 05:00:00+00:00,0.7234,0.7248,0.7185,0.7213,251936.15
2026-08-01 06:00:00+00:00,0.7214,0.7255,0.7201,0.7237,407821.35
2026-08-01 07:00:00+00:00,0.7236,0.7255,0.7222,0.7222,111891.41
2026-08-01 08:00:00+00:00,0.7221,0.7289,0.7209,0.7276,212903.23
2026-08-01 09:00:00+00:00,0.7276,0.7281,0.7199,0.7216,479972.96
2026-08-01 10:00:00+00:00,0.7215,0.7215,0.7055,0.7128,1956111.95
2026-08-01 11:00:00+00:00,0.7129,0.7141,0.7105,0.7115,142744.08
2026-08-01 12:00:00+00:00,0.7114,0.7129,0.7094,0.7111,218355.93
2026-08-01 13:00:00+00:00,0.7111,0.7136,0.7109,0.7126,113895.41
2026-08-01 14:00:00+00:00,0.7126,0.713,0.7077,0.711,205104.6
2026-08-01 15:00:00+00:00,0.711,0.7126,0.7085,0.7114,177918.04
2026-08-01 16:00:00+00:00,0.7114,0.7128,0.7083,0.7095,141635.8
2026-08-01 17:00:00+00:00,0.7096,0.7112,0.6987,0.7023,411927.07
2026-08-01 18:00:00+00:00,0.7022,0.7023,0.6904,0.6968,655059.22
2026-08-01 19:00:00+00:00,0.6967,0.6988,0.6956,0.6981,122022.26
2026-08-01 20:00:00+00:00,0.698,0.6997,0.6971,0.6995,110360.17
2026-08-01 21:00:00+00:00,0.6994,0.7021,0.6993,0.7005,74068.46
2026-08-01 22:00:00+00:00,0.7006,0.7023,0.6998,0.7004,76278.16
2026-08-01 23:00:00+00:00,0.7004,0.7017,0.6998,0.7009,113527.48
2026-08-02 00:00:00+00:00,0.701,0.7025,0.7003,0.7023,99335.51
2026-08-02 01:00:00+00:00,0.7023,0.7094,0.7021,0.7083,337076.28
2026-08-02 02:00:00+00:00,0.7081,0.7165,0.7062,0.7116,500647.68
2026-08-02 03:00:00+00:00,0.7117,0.7146,0.7116,0.7131,49222.22
2026-08-02 04:00:00+00:00,0.7132,0.7186,0.7131,0.7182,131211.54
2026-08-02 05:00:00+00:00,0.7181,0.7201,0.7144,0.7184,196963.64
2026-08-02 06:00:00+00:00,0.7185,0.7197,0.715,0.7158,200343.38
2026-08-02 07:00:00+00:00,0.7159,0.7189,0.7151,0.7179,103256.7
2026-08-02 08:00:00+00:00,0.7179,0.7182,0.7141,0.7144,201138.42
2026-08-02 09:00:00+00:00,0.7144,0.7156,0.7124,0.7131,156911.74
2026-08-02 10:00:00+00:00,0.713,0.7151,0.7128,0.7137,64349.12
2026-08-02 11:00:00+00:00,0.7137,0.717,0.7132,0.7147,118148.05
2026-08-02 12:00:00+00:00,0.7149,0.7259,0.7149,0.7208,609584.42
2026-08-02 13:00:00+00:00,0.7208,0.7221,0.7179,0.72,509110.99
2026-08-02 14:00:00+00:00,0.7199,0.7233,0.7191,0.7223,193102.14
2026-08-02 15:00:00+00:00,0.7223,0.7227,0.719,0.7199,337693.1
2026-08-02 16:00:00+00:00,0.7197,0.7228,0.7181,0.7189,673553.44
2026-08-02 17:00:00+00:00,0.7187,0.7209,0.718,0.7205,87358.4
2026-08-02 18:00:00+00:00,0.7206,0.7241,0.7202,0.7204,180362.83
2026-08-02 19:00:00+00:00,0.7204,0.7221,0.7185,0.7221,217050.21
2026-08-02 20:00:00+00:00,0.7221,0.7223,0.7202,0.7211,278203.08
2026-08-02 21:00:00+00:00,0.721,0.7238,0.7202,0.7213,421964.5
2026-08-02 22:00:00+00:00,0.7214,0.723,0.717,0.7181,286972.69
2026-08-02 23:00:00+00:00,0.7181,0.719,0.7167,0.719,80807.7
2026-08-03 00:00:00+00:00,0.7188,0.7194,0.7157,0.7174,118072.14
2026-08-03 01:00:00+00:00,0.7173,0.7182,0.7128,0.7133,111307.01
2026-08-03 02:00:00+00:00,0.7132,0.7188,0.7105,0.7184,1166095.98
2026-08-03 03:00:00+00:00,0.7185,0.7202,0.7119,0.7153,344975.73
2026-08-03 04:00:00+00:00,0.7152,0.7186,0.7085,0.7089,1300767.24
2026-08-03 05:00:00+00:00,0.7091,0.7127,0.7088,0.7125,144482.63
2026-08-03 06:00:00+00:00,0.7126,0.7131,0.7083,0.7092,174384.42
2026-08-03 07:00:00+00:00,0.7091,0.7119,0.7082,0.7096,159502.42
2026-08-03 08:00:00+00:00,0.7095,0.7123,0.7052,0.7123,189023.12
2026-08-03 09:00:00+00:00,0.7121,0.7148,0.7112,0.7139,110213.55
2026-08-03 10:00:00+00:00,0.7139,0.7153,0.7128,0.7148,128275.86
2026-08-03 11:00:00+00:00,0.7147,0.7171,0.713,0.7147,100993.75
2026-08-03 12:00:00+00:00,0.7149,0.717,0.7139,0.7156,208276.68
2026-08-03 13:00:00+00:00,0.7156,0.7345,0.7156,0.7249,1551845.8
2026-08-03 14:00:00+00:00,0.7248,0.7269,0.7216,0.7246,543383.88
2026-08-03 15:00:00+00:00,0.7247,0.7248,0.7209,0.7243,143229.3
2026-08-03 16:00:00+00:00,0.7244,0.7273,0.7222,0.724,800048.93
2026-08-03 17:00:00+00:00,0.7239,0.7262,0.7231,0.7239,334664.25
2026-08-03 18:00:00+00:00,0.724,0.727,0.724,0.7262,83237.6
2026-08-03 19:00:00+00:00,0.7263,0.7288,0.7259,0.7261,122164.57
2026-08-03 20:00:00+00:00,0.7261,0.7272,0.7234,0.7245,129591.56
2026-08-03 21:00:00+00:00,0.7246,0.7266,0.7234,0.7248,128755.15
2026-08-03 22:00:00+00:00,0.7248,0.7248,0.7183,0.7222,228519.64
2026-08-03 23:00:00+00:00,0.7221,0.7243,0.7199,0.7242,68326.51
2026-08-04 00:00:00+00:00,0.7241,0.726,0.7193,0.7199,176888.03
2026-08-04 01:00:00+00:00,0.72,0.7288,0.7197,0.7282,119169.54
2026-08-04 02:00:00+00:00,0.7282,0.7285,0.7227,0.7227,139019.1
2026-08-04 03:00:00+00:00,0.7228,0.7232,0.7186,0.7193,91748.05
2026-08-04 04:00:00+00:00,0.7197,0.724,0.7194,0.7218,60391.36
2026-08-04 05:00:00+00:00,0.7219,0.7236,0.7206,0.7234,63516.8
2026-08-04 06:00:00+00:00,0.7233,0.7241,0.7169,0.7181,81796.94
2026-08-04 07:00:00+00:00,0.718,0.7189,0.714,0.7182,118731.06
2026-08-04 08:00:00+00:00,0.7184,0.7192,0.716,0.716,66521.72
2026-08-04 09:00:00+00:00,0.7161,0.7163,0.713,0.7139,111341.62
2026-08-04 10:00:00+00:00,0.7139,0.7168,0.7118,0.7153,84123.5
2026-08-04 11:00:00+00:00,0.715,0.7152,0.7122,0.7143,165650.53
2026-08-04 12:00:00+00:00,0.7142,0.7158,0.7119,0.7122,90526.04
2026-08-04 13:00:00+00:00,0.7123,0.7158,0.709,0.7101,250377.35
2026-08-04 14:00:00+00:00,0.7103,0.7131,0.7068,0.7123,259448.77
2026-08-04 15:00:00+00:00,0.7122,0.7138,0.7087,0.7124,260653.68
2026-08-04 16:00:00+00:00,0.7126,0.718,0.7114,0.7146,374988.86
2026-08-04 17:00:00+00:00,0.7147,0.7172,0.7119,0.7119,251751.26
2026-08-04 18:00:00+00:00,0.712,0.7163,0.712,0.715,77584.09
2026-08-04 19:00:00+00:00,0.7151,0.7179,0.7151,0.7167,176140.39
2026-08-04 20:00:00+00:00,0.7167,0.7216,0.714,0.72,180494.76
2026-08-04 21:00:00+00:00,0.72,0.7227,0.7175,0.7196,175086.68
2026-08-04 22:00:00+00:00,0.7197,0.7257,0.7185,0.7223,324246.78
2026-08-04 23:00:00+00:00,0.7224,0.723,0.7183,0.719,112213.82
2026-08-05 00:00:00+00:00,0.7189,0.7192,0.7131,0.7133,134944.99
2026-08-05 01:00:00+00:00,0.7132,0.7176,0.7117,0.7166,87609.04
2026-08-05 02:00:00+00:00,0.7167,0.7196,0.7158,0.7194,79766.88
2026-08-05 03:00:00+00:00,0.7195,0.7209,0.7115,0.7124,279701.56
2026-08-05 04:00:00+00:00,0.7124,0.7135,0.7112,0.7133,116945.19
2026-08-05 05:00:00+00:00,0.7133,0.7178,0.7132,0.716,265114.1
2026-08-05 06:00:00+00:00,0.7158,0.7175,0.7148,0.7154,192117.02
2026-08-05 07:00:00+00:00,0.7156,0.7174,0.7145,0.717,276655.16
2026-08-05 08:00:00+00:00,0.7171,0.7187,0.7089,0.7098,297202.1
2026-08-05 09:00:00+00:00,0.7098,0.7141,0.7088,0.7114,214010.44
2026-08-05 10:00:00+00:00,0.7113,0.7114,0.7071,0.7078,145588.68
2026-08-05 11:00:00+00:00,0.7079,0.7099,0.7072,0.708,152640.94
2026-08-05 12:00:00+00:00,0.708,0.7238,0.7045,0.7137,1546780.02
2026-08-05 13:00:00+00:00,0.7136,0.7152,0.708,0.7129,253338.31
2026-08-05 14:00:00+00:00,0.7129,0.7196,0.7126,0.7182,377755.4
2026-08-05 15:00:00+00:00,0.7183,0.7232,0.7162,0.7176,511245.59
2026-08-05 16:00:00+00:00,0.7176,0.7228,0.7145,0.7202,141221.26
2026-08-05 17:00:00+00:00,0.7203,0.7312,0.7192,0.7248,323116.49
2026-08-05 18:00:00+00:00,0.7247,0.7253,0.722,0.7228,196742.53
2026-08-05 19:00:00+00:00,0.7228,0.7246,0.7201,0.7201,82001.56
2026-08-05 20:00:00+00:00,0.7201,0.7273,0.7184,0.7243,146012.33
2026-08-05 21:00:00+00:00,0.7242,0.7242,0.7217,0.7233,53251.91
2026-08-05 22:00:00+00:00,0.7233,0.7235,0.7195,0.7195,59779.42
2026-08-05 23:00:00+00:00,0.7195,0.7229,0.7186,0.7203,156235.22
2026-08-06 00:00:00+00:00,0.7203,0.723,0.7203,0.7223,132278.02
2026-08-06 01:00:00+00:00,0.7223,0.7224,0.7152,0.7153,110797.08
2026-08-06 02:00:00+00:00,0.7152,0.7152,0.7076,0.7109,461346.54
2026-08-06 03:00:00+00:00,0.7108,0.7132,0.708,0.7123,155860.1
2026-08-06 04:00:00+00:00,0.7123,0.7164,0.7114,0.7147,118453.06
2026-08-06 05:00:00+00:00,0.7148,0.7188,0.7135,0.7147,107652.31
2026-08-06 06:00:00+00:00,0.7147,0.7163,0.7122,0.7145,145438.47
2026-08-06 07:00:00+00:00,0.7144,0.7146,0.7125,0.7135,79293.92
2026-08-06 08:00:00+00:00,0.7134,0.7141,0.7116,0.7127,126522.2
2026-08-06 09:00:00+00:00,0.7126,0.7126,0.7013,0.7036,734163.22
2026-08-06 10:00:00+00:00,0.7036,0.7036,0.6791,0.6879,4189160.68
2026-08-06 11:00:00+00:00,0.688,0.6912,0.6861,0.6891,356240.37
2026-08-06 12:00:00+00:00,0.6891,0.6898,0.686,0.686,338188.75
2026-08-06 13:00:00+00:00,0.686,0.6913,0.6845,0.6905,447620.63
2026-08-06 14:00:00+00:00,0.6904,0.6962,0.689,0.6952,573917.97
2026-08-06 15:00:00+00:00,0.695,0.7117,0.6944,0.709,858797.05
2026-08-06 16:00:00+00:00,0.7089,0.7389,0.7027,0.7291,2481686.18
2026-08-06 17:00:00+00:00,0.7292,0.7314,0.7142,0.7162,1135888.46
2026-08-06 18:00:00+00:00,0.7164,0.7164,0.6991,0.7033,759246.49
2026-08-06 19:00:00+00:00,0.7034,0.7048,0.6991,0.7005,189050.05
2026-08-06 20:00:00+00:00,0.7004,0.7046,0.7004,0.7039,155978.26
2026-08-06 21:00:00+00:00,0.7039,0.7067,0.7039,0.7051,61161.65
2026-08-06 22:00:00+00:00,0.705,0.7067,0.7021,0.7026,137916.47
2026-08-06 23:00:00+00:00,0.7025,0.7041,0.7017,0.7041,108572.61
2026-08-07 00:00:00+00:00,0.704,0.7059,0.7001,0.7048,162319.32
2026-08-07 01:00:00+00:00,0.7049,0.7062,0.7014,0.7021,222669.8
2026-08-07 02:00:00+00:00,0.7021,0.7034,0.6983,0.7009,200950.91
2026-08-07 03:00:00+00:00,0.7009,0.7028,0.6883,0.6918,501699.9
2026-08-07 04:00:00+00:00,0.6919,0.6946,0.6901,0.6936,151878.34
2026-08-07 05:00:00+00:00,0.6937,0.6951,0.691,0.6951,98691.63
2026-08-07 06:00:00+00:00,0.695,0.6963,0.6933,0.6948,168752.6
2026-08-07 07:00:00+00:00,0.6948,0.6969,0.694,0.6959,71193.08
2026-08-07 08:00:00+00:00,0.696,0.6969,0.6864,0.6916,450169.63
2026-08-07 09:00:00+00:00,0.6915,0.6937,0.6912,0.6929,187572.97
2026-08-07 10:00:00+00:00,0.6928,0.6931,0.691,0.6913,95867.53
2026-08-07 11:00:00+00:00,0.6913,0.6962,0.6913,0.6952,91400.93
2026-08-07 12:00:00+00:00,0.6951,0.7013,0.6945,0.6974,301352.37
2026-08-07 13:00:00+00:00,0.6974,0.6993,0.695,0.6976,149323.47
2026-08-07 14:00:00+00:00,0.6977,0.6977,0.6882,0.6908,446361.78
2026-08-07 15:00:00+00:00,0.6909,0.697,0.69,0.6945,143718.96
2026-08-07 16:00:00+00:00,0.6945,0.6965,0.6884,0.6887,164295.83
2026-08-07 17:00:00+00:00,0.6886,0.6892,0.6694,0.6798,1805371.45
2026-08-07 18:00:00+00:00,0.6798,0.6837,0.6788,0.6797,304144.89
2026-08-07 19:00:00+00:00,0.6795,0.686,0.6793,0.6839,135359.89
2026-08-07 20:00:00+00:00,0.6839,0.6861,0.6796,0.6861,150537.81
2026-08-07 21:00:00+00:00,0.686,0.6863,0.6825,0.6829,89710.62
2026-08-07 22:00:00+00:00,0.6828,0.6847,0.681,0.6827,80545.42
2026-08-07 23:00:00+00:00,0.6826,0.6845,0.6812,0.6839,46825.83
2026-08-08 00:00:00+00:00,0.6838,0.6875,0.6821,0.6874,122297.07
2026-08-08 01:00:00+00:00,0.6873,0.6916,0.6858,0.6909,95254.71
2026-08-08 02:00:00+00:00,0.6909,0.6919,0.6891,0.6912,153070.41
2026-08-08 03:00:00+00:00,0.6913,0.6973,0.6903,0.6972,176465.02
2026-08-08 04:00:00+00:00,0.6973,0.6987,0.693,0.6939,279543.58
2026-08-08 05:00:00+00:00,0.6939,0.6966,0.6939,0.6964,111634.03
2026-08-08 06:00:00+00:00,0.6964,0.6969,0.694,0.6966,177589.76
2026-08-08 07:00:00+00:00,0.6967,0.7048,0.6967,0.704,321973.17
2026-08-08 08:00:00+00:00,0.7039,0.7087,0.701,0.7075,346966.93
2026-08-08 09:00:00+00:00,0.7076,0.718,0.7052,0.7136,446254.45
2026-08-08 10:00:00+00:00,0.7137,0.7269,0.7137,0.7199,971570.25
2026-08-08 11:00:00+00:00,0.7199,0.72,0.7137,0.715,516802.65
2026-08-08 12:00:00+00:00,0.715,0.7176,0.7133,0.7151,164379.09
2026-08-08 13:00:00+00:00,0.7151,0.7169,0.7135,0.7159,174888.02
2026-08-08 14:00:00+00:00,0.7158,0.7183,0.7117,0.7179,145514.51
2026-08-08 15:00:00+00:00,0.7177,0.7196,0.716,0.7167,203284.08
2026-08-08 16:00:00+00:00,0.7168,0.7197,0.716,0.719,167636.62
2026-08-08 17:00:00+00:00,0.7188,0.7191,0.7169,0.7177,52825.3
2026-08-08 18:00:00+00:00,0.7177,0.7201,0.7175,0.719,42725.28
2026-08-08 19:00:00+00:00,0.7189,0.7194,0.7161,0.7163,66649.79
2026-08-08 20:00:00+00:00,0.7162,0.7179,0.7148,0.7174,108557.7
2026-08-08 21:00:00+00:00,0.7174,0.719,0.7163,0.7166,68040.57
2026-08-08 22:00:00+00:00,0.7167,0.7174,0.7057,0.71,290317.74
2026-08-08 23:00:00+00:00,0.71,0.7112,0.7085,0.7103,120243.55
2026-08-09 00:00:00+00:00,0.7104,0.7127,0.71,0.7121,107918.41
2026-08-09 01:00:00+00:00,0.712,0.7155,0.7115,0.7142,226624.33
2026-08-09 02:00:00+00:00,0.7141,0.7159,0.7113,0.7116,109824.96
2026-08-09 03:00:00+00:00,0.7116,0.7122,0.7088,0.7102,139810.97
2026-08-09 04:00:00+00:00,0.7101,0.7151,0.7092,0.7122,132175.51
2026-08-09 05:00:00+00:00,0.7122,0.7132,0.709,0.712,65873.04
2026-08-09 06:00:00+00:00,0.7119,0.714,0.7113,0.7127,143087.35
2026-08-09 07:00:00+00:00,0.7126,0.7132,0.7104,0.7109,129567.26
2026-08-09 08:00:00+00:00,0.7108,0.7139,0.7108,0.7116,94406.78
2026-08-09 09:00:00+00:00,0.7115,0.7123,0.7104,0.7123,41543.14
2026-08-09 10:00:00+00:00,0.7121,0.7129,0.7088,0.709,87933.92
2026-08-09 11:00:00+00:00,0.7089,0.7098,0.7054,0.7086,175282.55
2026-08-09 12:00:00+00:00,0.7086,0.7099,0.7073,0.7095,70548.52
2026-08-09 13:00:00+00:00,0.7096,0.7132,0.7094,0.7097,59787.1
2026-08-09 14:00:00+00:00,0.7098,0.7106,0.7086,0.7103,73048.87
2026-08-09 15:00:00+00:00,0.7103,0.713,0.7099,0.7122,118843.61
2026-08-09 16:00:00+00:00,0.7123,0.7124,0.7097,0.7113,101573.7
2026-08-09 17:00:00+00:00,0.7113,0.7121,0.7086,0.7099,137695.68
2026-08-09 18:00:00+00:00,0.7099,0.7103,0.7086,0.7092,81413.8
2026-08-09 19:00:00+00:00,0.7091,0.7129,0.7079,0.7125,109176.78
2026-08-09 20:00:00+00:00,0.7125,0.7134,0.7117,0.7129,56976.54
2026-08-09 21:00:00+00:00,0.7129,0.7148,0.712,0.7133,52650.85
2026-08-09 22:00:00+00:00,0.7134,0.717,0.6998,0.7037,362395.68
2026-08-09 23:00:00+00:00,0.7037,0.7053,0.6979,0.7007,244661.56
2026-08-10 00:00:00+00:00,0.7006,0.7056,0.699,0.7034,216101.67
2026-08-10 01:00:00+00:00,0.7034,0.7092,0.7018,0.7066,116303.39
2026-08-10 02:00:00+00:00,0.7068,0.7068,0.7,0.7045,127059.14
2026-08-10 03:00:00+00:00,0.7044,0.705,0.7008,0.7017,125425.18
2026-08-10 04:00:00+00:00,0.7016,0.7051,0.7009,0.7028,119421.85
2026-08-10 05:00:00+00:00,0.7027,0.7069,0.7027,0.7063,94397.81
2026-08-10 06:00:00+00:00,0.7063,0.709,0.7057,0.7078,131305.09
2026-08-10 07:00:00+00:00,0.7079,0.709,0.7054,0.7061,287860.19
2026-08-10 08:00:00+00:00,0.7059,0.7071,0.7029,0.7057,160002.8
2026-08-10 09:00:00+00:00,0.7057,0.7057,0.699,0.7003,264856.81
2026-08-10 10:00:00+00:00,0.7003,0.7024,0.6995,0.7005,169901.04
2026-08-10 11:00:00+00:00,0.7004,0.7037,0.6943,0.7023,356032.56
2026-08-10 12:00:00+00:00,0.7025,0.704,0.7003,0.7028,371088.0
2026-08-10 13:00:00+00:00,0.7028,0.7046,0.6986,0.7015,371929.4
2026-08-10 14:00:00+00:00,0.7014,0.7032,0.699,0.6991,262006.62
2026-08-10 15:00:00+00:00,0.6991,0.7,0.6909,0.6975,456776.69
2026-08-10 16:00:00+00:00,0.6974,0.6996,0.6931,0.6951,264431.31
2026-08-10 17:00:00+00:00,0.6952,0.7015,0.6946,0.7003,116804.81
2026-08-10 18:00:00+00:00,0.7004,0.7047,0.7004,0.7035,113010.9
2026-08-10 19:00:00+00:00,0.7034,0.7077,0.7025,0.7048,136160.9
2026-08-10 20:00:00+00:00,0.7048,0.7071,0.7034,0.704,91418.63
2026-08-10 21:00:00+00:00,0.7039,0.7039,0.7,0.7004,63900.49
2026-08-10 22:00:00+00:00,0.7003,0.7034,0.6988,0.7033,80905.64
2026-08-10 23:00:00+00:00,0.7031,0.7048,0.7004,0.7029,170094.13
2026-08-11 00:00:00+00:00,0.7028,0.7041,0.6992,0.7037,185241.89
2026-08-11 01:00:00+00:00,0.7037,0.7075,0.7017,0.7075,97299.87
2026-08-11 02:00:00+00:00,0.7076,0.7097,0.7069,0.7079,337606.7
2026-08-11 03:00:00+00:00,0.7079,0.7103,0.7074,0.7081,246703.99
2026-08-11 04:00:00+00:00,0.708,0.7081,0.7035,0.7048,88714.63
2026-08-11 05:00:00+00:00,0.7047,0.7055,0.702,0.7036,151989.72
2026-08-11 06:00:00+00:00,0.7035,0.7088,0.7,0.702,244645.57
2026-08-11 07:00:00+00:00,0.7021,0.7036,0.6971,0.6983,343469.51
2026-08-11 08:00:00+00:00,0.6983,0.7025,0.6983,0.7014,133400.46
2026-08-11 09:00:00+00:00,0.7015,0.705,0.7001,0.7033,189917.46
2026-08-11 10:00:00+00:00,0.7033,0.7048,0.7012,0.7039,97328.46
2026-08-11 11:00:00+00:00,0.704,0.7066,0.7034,0.7046,136301.76
2026-08-11 12:00:00+00:00,0.7046,0.7049,0.7,0.7031,139494.36
2026-08-11 13:00:00+00:00,0.7031,0.7071,0.7031,0.7056,352159.44
2026-08-11 14:00:00+00:00,0.7055,0.7079,0.6926,0.6947,470210.5
2026-08-11 15:00:00+00:00,0.6946,0.6981,0.6876,0.6951,470574.68
2026-08-11 16:00:00+00:00,0.695,0.7,0.6933,0.699,149438.55
2026-08-11 17:00:00+00:00,0.6991,0.7038,0.6991,0.7029,137143.57
2026-08-11 18:00:00+00:00,0.7028,0.7086,0.7028,0.7054,183286.98
2026-08-11 19:00:00+00:00,0.7053,0.7097,0.7023,0.7096,152396.79
2026-08-11 20:00:00+00:00,0.7097,0.7179,0.7092,0.7151,292601.58
2026-08-11 21:00:00+00:00,0.7151,0.7157,0.7097,0.7107,101525.44
2026-08-11 22:00:00+00:00,0.7108,0.713,0.7098,0.7121,114577.66
2026-08-11 23:00:00+00:00,0.712,0.7122,0.71,0.7114,47613.7
2026-08-12 00:00:00+00:00,0.7114,0.7132,0.7097,0.71,157571.68
2026-08-12 01:00:00+00:00,0.7099,0.7117,0.7091,0.7105,111530.59
2026-08-12 02:00:00+00:00,0.7105,0.7105,0.707,0.7075,100851.46
2026-08-12 03:00:00+00:00,0.7074,0.7086,0.7064,0.7082,65071.79
2026-08-12 04:00:00+00:00,0.7082,0.7097,0.7063,0.7068,87236.39
2026-08-12 05:00:00+00:00,0.7069,0.7071,0.7043,0.7054,256709.87
2026-08-12 06:00:00+00:00,0.7054,0.7054,0.701,0.701,117521.69
2026-08-12 07:00:00+00:00,0.7011,0.7031,0.6988,0.7024,133335.46
2026-08-12 08:00:00+00:00,0.7023,0.7039,0.6987,0.699,134957.81
2026-08-12 09:00:00+00:00,0.699,0.704,0.6984,0.7005,165222.75
2026-08-12 10:00:00+00:00,0.7005,0.7026,0.6993,0.701,100675.23
2026-08-12 11:00:00+00:00,0.7011,0.7022,0.7005,0.7017,59120.28
2026-08-12 12:00:00+00:00,0.7017,0.7079,0.7014,0.705,275962.92
2026-08-12 13:00:00+00:00,0.705,0.7064,0.7032,0.705,161624.45
2026-08-12 14:00:00+00:00,0.7049,0.705,0.6972,0.6992,387778.4
2026-08-12 15:00:00+00:00,0.6991,0.7031,0.6985,0.6995,119368.23
2026-08-12 16:00:00+00:00,0.6993,0.7018,0.698,0.7008,146435.89
2026-08-12 17:00:00+00:00,0.7008,0.7009,0.694,0.6974,180183.49
2026-08-12 18:00:00+00:00,0.6972,0.6984,0.695,0.6951,82037.76
2026-08-12 19:00:00+00:00,0.695,0.6958,0.6871,0.6884,471085.35
2026-08-12 20:00:00+00:00,0.6884,0.6924,0.6871,0.6906,254168.66
2026-08-12 21:00:00+00:00,0.6906,0.6921,0.658,0.6696,3389020.74
2026-08-12 22:00:00+00:00,0.6698,0.6722,0.6646,0.6703,535391.48
2026-08-12 23:00:00+00:00,0.6704,0.6717,0.6654,0.6699,484414.46
2026-08-13 00:00:00+00:00,0.6698,0.6742,0.6687,0.6688,597973.2
2026-08-13 01:00:00+00:00,0.6688,0.6736,0.6665,0.6725,285920.28
2026-08-13 02:00:00+00:00,0.6725,0.6757,0.6711,0.6755,240895.22
2026-08-13 03:00:00+00:00,0.6753,0.6787,0.6742,0.6765,254440.42
2026-08-13 04:00:00+00:00,0.6766,0.68,0.6756,0.6798,126882.97
2026-08-13 05:00:00+00:00,0.6798,0.6825,0.6774,0.6804,181899.54
2026-08-13 06:00:00+00:00,0.6803,0.6816,0.6784,0.6812,106102.74
2026-08-13 07:00:00+00:00,0.6811,0.6824,0.6771,0.6778,121458.99
2026-08-13 08:00:00+00:00,0.6778,0.6783,0.6734,0.6739,220381.12
2026-08-13 09:00:00+00:00,0.6739,0.6739,0.6719,0.673,205139.95
2026-08-13 10:00:00+00:00,0.6732,0.6753,0.6719,0.674,169538.75
2026-08-13 11:00:00+00:00,0.6741,0.6741,0.6692,0.6711,184808.31
2026-08-13 12:00:00+00:00,0.6711,0.6758,0.6704,0.6755,187651.0
2026-08-13 13:00:00+00:00,0.6755,0.6797,0.6737,0.678,212164.48
2026-08-13 14:00:00+00:00,0.678,0.6802,0.677,0.6799,130221.1
2026-08-13 15:00:00+00:00,0.6798,0.6801,0.6643,0.6672,456826.01
2026-08-13 16:00:00+00:00,0.6673,0.6712,0.6648,0.6684,532540.08
2026-08-13 17:00:00+00:00,0.6683,0.6714,0.6681,0.6712,127422.19
2026-08-13 18:00:00+00:00,0.6712,0.6734,0.67,0.6731,113710.03
2026-08-13 19:00:00+00:00,0.6732,0.6752,0.6726,0.6743,46478.09
2026-08-13 20:00:00+00:00,0.6745,0.6748,0.6721,0.6723,38749.31
2026-08-13 21:00:00+00:00,0.6724,0.6753,0.6719,0.6744,47126.45
2026-08-13 22:00:00+00:00,0.6746,0.6773,0.6744,0.676,98140.74
2026-08-13 23:00:00+00:00,0.676,0.6778,0.6751,0.6774,133861.24
2026-08-14 00:00:00+00:00,0.6775,0.6791,0.6757,0.6773,136460.61
2026-08-14 01:00:00+00:00,0.6773,0.6786,0.6752,0.6767,83535.08
2026-08-14 02:00:00+00:00,0.6767,0.6783,0.6739,0.6751,103865.26
2026-08-14 03:00:00+00:00,0.6751,0.6751,0.672,0.673,121385.87
2026-08-14 04:00:00+00:00,0.6729,0.6742,0.6718,0.6724,94909.8
2026-08-14 05:00:00+00:00,0.6723,0.6728,0.6699,0.672,136158.38
2026-08-14 06:00:00+00:00,0.6721,0.6721,0.6676,0.6678,154476.98
2026-08-14 07:00:00+00:00,0.6678,0.6693,0.667,0.6688,148826.62
2026-08-14 08:00:00+00:00,0.6687,0.6717,0.6672,0.6714,176363.54
2026-08-14 09:00:00+00:00,0.6713,0.672,0.6626,0.6644,257941.16
2026-08-14 10:00:00+00:00,0.6643,0.6674,0.6634,0.6662,131399.75
2026-08-14 11:00:00+00:00,0.6662,0.6676,0.6657,0.6659,84008.42
2026-08-14 12:00:00+00:00,0.666,0.6669,0.662,0.6644,180109.67
2026-08-14 13:00:00+00:00,0.6644,0.6705,0.6643,0.668,161879.4
2026-08-14 14:00:00+00:00,0.668,0.6686,0.6656,0.6666,141072.38
2026-08-14 15:00:00+00:00,0.6666,0.6728,0.6647,0.6725,237187.17
2026-08-14 16:00:00+00:00,0.6724,0.6745,0.6699,0.6727,202682.08
2026-08-14 17:00:00+00:00,0.6728,0.6813,0.6722,0.6771,362758.63
2026-08-14 18:00:00+00:00,0.6771,0.6797,0.6748,0.6748,150930.5
2026-08-14 19:00:00+00:00,0.6748,0.6748,0.6727,0.6729,141281.0
2026-08-14 20:00:00+00:00,0.6729,0.6741,0.6704,0.6718,163514.04
2026-08-14 21:00:00+00:00,0.6719,0.673,0.6709,0.672,108251.88
2026-08-14 22:00:00+00:00,0.672,0.6754,0.6713,0.6749,104236.35
2026-08-14 23:00:00+00:00,0.675,0.6818,0.675,0.6809,281888.03
2026-08-15 00:00:00+00:00,0.681,0.7005,0.6795,0.6899,1204272.57
2026-08-15 01:00:00+00:00,0.6899,0.6934,0.6877,0.6904,362783.21
2026-08-15 02:00:00+00:00,0.6905,0.6984,0.6905,0.6972,322049.06
2026-08-15 03:00:00+00:00,0.6972,0.6988,0.6916,0.6929,292259.63
2026-08-15 04:00:00+00:00,0.693,0.6968,0.693,0.6957,176593.49
2026-08-15 05:00:00+00:00,0.6958,0.6958,0.692,0.6933,188546.12
2026-08-15 06:00:00+00:00,0.6934,0.6939,0.6893,0.6911,173985.02
2026-08-15 07:00:00+00:00,0.691,0.691,0.6859,0.6869,237762.29
2026-08-15 08:00:00+00:00,0.6871,0.6895,0.6813,0.6881,549155.94
2026-08-15 09:00:00+00:00,0.6882,0.6914,0.6873,0.6914,257909.25
2026-08-15 10:00:00+00:00,0.6915,0.6928,0.6904,0.6923,127247.27
2026-08-15 11:00:00+00:00,0.6924,0.6944,0.6921,0.6926,136713.89
2026-08-15 12:00:00+00:00,0.6927,0.6955,0.692,0.6954,140472.67
2026-08-15 13:00:00+00:00,0.6954,0.6954,0.6911,0.6916,133887.85
2026-08-15 14:00:00+00:00,0.6916,0.6917,0.6881,0.6913,98149.45
2026-08-15 15:00:00+00:00,0.6912,0.6936,0.6909,0.6931,58179.92
2026-08-15 16:00:00+00:00,0.693,0.693,0.688,0.6884,82441.34
2026-08-15 17:00:00+00:00,0.6885,0.6908,0.6883,0.6888,45581.62
2026-08-15 18:00:00+00:00,0.6889,0.6891,0.6856,0.6869,99649.81
2026-08-15 19:00:00+00:00,0.687,0.6879,0.6866,0.6874,40996.01
2026-08-15 20:00:00+00:00,0.6874,0.6888,0.6867,0.688,30644.2
2026-08-15 21:00:00+00:00,0.6879,0.6891,0.6868,0.6868,23680.48
2026-08-15 22:00:00+00:00,0.687,0.6881,0.6851,0.6851,83075.24
2026-08-15 23:00:00+00:00,0.685,0.685,0.6735,0.6762,481285.87
2026-08-16 00:00:00+00:00,0.6761,0.6784,0.6738,0.6766,135501.22
2026-08-16 01:00:00+00:00,0.6766,0.6766,0.6722,0.6741,196606.5
2026-08-16 02:00:00+00:00,0.674,0.6763,0.6719,0.6763,196266.92
2026-08-16 03:00:00+00:00,0.6763,0.6786,0.6759,0.6778,101627.32
2026-08-16 04:00:00+00:00,0.678,0.6789,0.6763,0.6781,87265.59
2026-08-16 05:00:00+00:00,0.678,0.6786,0.6765,0.6773,44727.65
2026-08-16 06:00:00+00:00,0.6773,0.6784,0.6771,0.678,83589.74
2026-08-16 07:00:00+00:00,0.678,0.6803,0.6773,0.6803,47907.7
2026-08-16 08:00:00+00:00,0.6802,0.6808,0.6781,0.6789,55073.51
2026-08-16 09:00:00+00:00,0.6788,0.682,0.6785,0.6816,79724.72
2026-08-16 10:00:00+00:00,0.6817,0.6837,0.6798,0.6802,75311.08
2026-08-16 11:00:00+00:00,0.6803,0.6821,0.6803,0.6817,40725.72
2026-08-16 12:00:00+00:00,0.6818,0.6826,0.6801,0.6819,57343.23
2026-08-16 13:00:00+00:00,0.6819,0.6822,0.6787,0.6816,54335.4
2026-08-16 14:00:00+00:00,0.6817,0.6832,0.6812,0.6822,118504.49
2026-08-16 15:00:00+00:00,0.6822,0.684,0.6814,0.6833,46333.37
2026-08-16 16:00:00+00:00,0.6833,0.6838,0.6795,0.6803,163390.63
2026-08-16 17:00:00+00:00,0.6804,0.6854,0.6804,0.682,277512.4
2026-08-16 18:00:00+00:00,0.6819,0.6825,0.681,0.6812,54290.23
2026-08-16 19:00:00+00:00,0.6812,0.6814,0.6791,0.6802,43319.2
2026-08-16 20:00:00+00:00,0.6803,0.6804,0.6731,0.6759,163213.73
2026-08-16 21:00:00+00:00,0.6758,0.6764,0.6583,0.6637,813696.93
2026-08-16 22:00:00+00:00,0.6637,0.6671,0.6618,0.6664,251383.63
2026-08-16 23:00:00+00:00,0.6665,0.6681,0.6655,0.667,123596.45
2026-08-17 00:00:00+00:00,0.667,0.6693,0.6641,0.669,180921.19
2026-08-17 01:00:00+00:00,0.6688,0.6742,0.6685,0.6695,230004.9
2026-08-17 02:00:00+00:00,0.6695,0.6713,0.6595,0.669,2572571.93
2026-08-17 03:00:00+00:00,0.669,0.6694,0.6661,0.6674,148243.12
2026-08-17 04:00:00+00:00,0.6673,0.67,0.6668,0.6683,589334.9
2026-08-17 05:00:00+00:00,0.6682,0.6702,0.6669,0.6689,1050718.25
2026-08-17 06:00:00+00:00,0.6689,0.6711,0.667,0.6703,424889.94
2026-08-17 07:00:00+00:00,0.6703,0.6704,0.6668,0.6694,190924.32
2026-08-17 08:00:00+00:00,0.6695,0.6695,0.6643,0.6645,127852.81
2026-08-17 09:00:00+00:00,0.6644,0.667,0.6635,0.6668,48150.65
2026-08-17 10:00:00+00:00,0.6669,0.6696,0.6662,0.6692,75595.71
2026-08-17 11:00:00+00:00,0.6692,0.6702,0.6684,0.6685,31800.13
2026-08-17 12:00:00+00:00,0.6686,0.6691,0.6664,0.6682,157125.46
2026-08-17 13:00:00+00:00,0.6682,0.6729,0.6676,0.6701,125446.59
2026-08-17 14:00:00+00:00,0.6701,0.6701,0.667,0.6697,48498.87
2026-08-17 15:00:00+00:00,0.6697,0.6731,0.6671,0.6714,189863.37
2026-08-17 16:00:00+00:00,0.6715,0.6723,0.6673,0.6674,131289.2
2026-08-17 17:00:00+00:00,0.6674,0.6732,0.6663,0.6701,227282.72
2026-08-17 18:00:00+00:00,0.67,0.6713,0.6693,0.6702,89499.77
2026-08-17 19:00:00+00:00,0.6702,0.6716,0.6694,0.6702,39152.21
2026-08-17 20:00:00+00:00,0.6701,0.6772,0.6696,0.6742,208448.51
2026-08-17 21:00:00+00:00,0.6742,0.6749,0.6722,0.6723,105091.91
2026-08-17 22:00:00+00:00,0.6725,0.6733,0.6703,0.6711,79365.16
2026-08-17 23:00:00+00:00,0.6712,0.6738,0.671,0.6725,26597.7
2026-08-18 00:00:00+00:00,0.6725,0.6731,0.671,0.6719,126888.94
2026-08-18 01:00:00+00:00,0.672,0.6721,0.66,0.6629,577496.97
2026-08-18 02:00:00+00:00,0.6627,0.6628,0.6172,0.6238,3681178.06
2026-08-18 03:00:00+00:00,0.624,0.6268,0.6095,0.6162,2901826.0
2026-08-18 04:00:00+00:00,0.6161,0.6201,0.6147,0.6187,946818.07
2026-08-18 05:00:00+00:00,0.6187,0.6255,0.618,0.6253,721208.78
2026-08-18 06:00:00+00:00,0.6251,0.6296,0.6238,0.6264,285346.65
2026-08-18 07:00:00+00:00,0.6265,0.6286,0.6253,0.6277,246860.06
2026-08-18 08:00:00+00:00,0.6276,0.6291,0.6243,0.6276,321246.11
2026-08-18 09:00:00+00:00,0.6276,0.6285,0.6243,0.6259,185795.2
2026-08-18 10:00:00+00:00,0.6258,0.627,0.6247,0.6258,86431.75
2026-08-18 11:00:00+00:00,0.6258,0.627,0.6224,0.6234,399795.71
2026-08-18 12:00:00+00:00,0.6235,0.626,0.6189,0.6209,630057.87
2026-08-18 13:00:00+00:00,0.621,0.6234,0.6179,0.6211,465067.68
2026-08-18 14:00:00+00:00,0.621,0.6268,0.62,0.6236,338886.18
2026-08-18 15:00:00+00:00,0.6237,0.6308,0.6221,0.6297,254540.47
2026-08-18 16:00:00+00:00,0.6297,0.6304,0.6232,0.6235,154248.73
2026-08-18 17:00:00+00:00,0.6235,0.6322,0.6221,0.6315,147158.45
2026-08-18 18:00:00+00:00,0.6314,0.635,0.6295,0.634,372443.14
2026-08-18 19:00:00+00:00,0.6341,0.6368,0.6328,0.6351,173339.72
2026-08-18 20:00:00+00:00,0.6352,0.6356,0.6304,0.631,158766.61
2026-08-18 21:00:00+00:00,0.631,0.6335,0.6305,0.6315,133684.36
2026-08-18 22:00:00+00:00,0.6314,0.6327,0.6279,0.6282,91901.63
2026-08-18 23:00:00+00:00,0.628,0.6322,0.6279,0.632,82938.91
2026-08-19 00:00:00+00:00,0.6322,0.6323,0.6251,0.6315,220549.15
2026-08-19 01:00:00+00:00,0.6313,0.6355,0.6309,0.6339,199121.69
2026-08-19 02:00:00+00:00,0.6341,0.6366,0.6327,0.6342,192585.61
2026-08-19 03:00:00+00:00,0.6342,0.6388,0.6334,0.6371,242144.43
2026-08-19 04:00:00+00:00,0.6372,0.6394,0.6342,0.6346,175748.36
2026-08-19 05:00:00+00:00,0.6345,0.6377,0.6343,0.6376,128959.12
2026-08-19 06:00:00+00:00,0.6374,0.6391,0.6333,0.6391,159543.62
2026-08-19 07:00:00+00:00,0.6392,0.6395,0.6349,0.6355,159849.54
2026-08-19 08:00:00+00:00,0.6356,0.6393,0.6346,0.6352,229374.33
2026-08-19 09:00:00+00:00,0.6353,0.6387,0.6336,0.6339,126011.91
2026-08-19 10:00:00+00:00,0.6339,0.6378,0.6336,0.6369,179331.04
2026-08-19 11:00:00+00:00,0.6367,0.6395,0.6364,0.6388,97602.44
2026-08-19 12:00:00+00:00,0.6389,0.6427,0.6389,0.639,226608.37
2026-08-19 13:00:00+00:00,0.6389,0.6389,0.6327,0.6348,260994.42
2026-08-19 14:00:00+00:00,0.6349,0.6434,0.6336,0.6423,393179.98
2026-08-19 15:00:00+00:00,0.6424,0.673,0.6397,0.6548,2232438.71
2026-08-19 16:00:00+00:00,0.6549,0.6616,0.6542,0.6585,670977.84
2026-08-19 17:00:00+00:00,0.6584,0.6594,0.6519,0.6587,221059.2
2026-08-19 18:00:00+00:00,0.6588,0.6601,0.654,0.6564,129734.95
2026-08-19 19:00:00+00:00,0.6563,0.6672,0.6549,0.666,220479.3
2026-08-19 20:00:00+00:00,0.6661,0.6783,0.663,0.6751,678213.5
2026-08-19 21:00:00+00:00,0.6751,0.6998,0.6744,0.6927,1482642.19
2026-08-19 22:00:00+00:00,0.6931,0.6947,0.6735,0.6764,705335.57
2026-08-19 23:00:00+00:00,0.6763,0.6784,0.6704,0.6741,574354.89
2026-08-20 00:00:00+00:00,0.674,0.6798,0.673,0.6764,493414.56
2026-08-20 01:00:00+00:00,0.6764,0.6769,0.6706,0.6758,367348.1
2026-08-20 02:00:00+00:00,0.6757,0.6757,0.6712,0.6713,239198.7
2026-08-20 03:00:00+00:00,0.6714,0.6714,0.6633,0.6681,479624.6
2026-08-20 04:00:00+00:00,0.6681,0.6721,0.6674,0.6714,353677.39
2026-08-20 05:00:00+00:00,0.6714,0.6719,0.6681,0.6688,130977.26
2026-08-20 06:00:00+00:00,0.6687,0.6741,0.6685,0.6734,139555.89
2026-08-20 07:00:00+00:00,0.6733,0.6745,0.6684,0.6708,673268.93
2026-08-20 08:00:00+00:00,0.6707,0.6885,0.6701,0.6867,2174684.9
2026-08-20 09:00:00+00:00,0.6869,0.692,0.6833,0.686,881461.75
2026-08-20 10:00:00+00:00,0.686,0.693,0.6854,0.6905,433032.33
2026-08-20 11:00:00+00:00,0.6904,0.6958,0.6878,0.6912,411264.83
2026-08-20 12:00:00+00:00,0.6912,0.6949,0.6862,0.6933,1701797.35
2026-08-20 13:00:00+00:00,0.6934,0.6988,0.6872,0.697,1573197.08
2026-08-20 14:00:00+00:00,0.697,0.7048,0.6965,0.7017,2154099.12
2026-08-20 15:00:00+00:00,0.7017,0.728,0.7003,0.723,2501042.82
2026-08-20 16:00:00+00:00,0.723,0.7504,0.7153,0.749,2198512.83
2026-08-20 17:00:00+00:00,0.7491,0.7699,0.7418,0.7658,1691332.27
2026-08-20 18:00:00+00:00,0.766,0.7718,0.7435,0.7598,1247605.43
2026-08-20 19:00:00+00:00,0.7597,0.761,0.7274,0.7299,895351.35
2026-08-20 20:00:00+00:00,0.7299,0.7358,0.7288,0.7336,521136.79
2026-08-20 21:00:00+00:00,0.7336,0.736,0.7309,0.7334,127031.17
2026-08-20 22:00:00+00:00,0.7334,0.7334,0.7277,0.7307,199800.3
2026-08-20 23:00:00+00:00,0.7307,0.7384,0.7305,0.7355,174671.64
2026-08-21 00:00:00+00:00,0.7357,0.7455,0.7345,0.7444,297874.93
2026-08-21 01:00:00+00:00,0.7443,0.7564,0.7418,0.7536,603172.28
2026-08-21 02:00:00+00:00,0.7537,0.7605,0.7421,0.7474,657598.86
2026-08-21 03:00:00+00:00,0.7473,0.7506,0.7417,0.7447,320911.12
2026-08-21 04:00:00+00:00,0.7448,0.755,0.742,0.7512,271401.63
2026-08-21 05:00:00+00:00,0.751,0.757,0.7476,0.7566,382771.65
2026-08-21 06:00:00+00:00,0.7566,0.757,0.7478,0.7517,390615.89
2026-08-21 07:00:00+00:00,0.7516,0.7692,0.7513,0.765,668425.54
2026-08-21 08:00:00+00:00,0.7653,0.783,0.7648,0.7824,697957.52
2026-08-21 09:00:00+00:00,0.7824,0.79,0.7561,0.7826,1713674.7
2026-08-21 10:00:00+00:00,0.7827,0.787,0.7698,0.7798,688255.09
2026-08-21 11:00:00+00:00,0.7797,0.7854,0.7639,0.7746,1656772.15
2026-08-21 12:00:00+00:00,0.7747,0.7832,0.7686,0.7795,526107.66
2026-08-21 13:00:00+00:00,0.7796,0.785,0.7678,0.7839,597670.67
2026-08-21 14:00:00+00:00,0.7839,0.7893,0.7742,0.788,601327.5
2026-08-21 15:00:00+00:00,0.7881,0.7961,0.7807,0.7847,549270.67
2026-08-21 16:00:00+00:00,0.7846,0.7893,0.7769,0.7843,390907.42
2026-08-21 17:00:00+00:00,0.7843,0.7869,0.7776,0.7832,285671.41
2026-08-21 18:00:00+00:00,0.7833,0.7894,0.7717,0.7744,244795.03
2026-08-21 19:00:00+00:00,0.7743,0.78,0.7647,0.7795,229654.9
2026-08-21 20:00:00+00:00,0.7796,0.8002,0.7765,0.7979,434165.59
2026-08-21 21:00:00+00:00,0.798,0.8081,0.7977,0.8039,535597.35
2026-08-21 22:00:00+00:00,0.8039,0.82,0.8011,0.8156,840024.14
2026-08-21 23:00:00+00:00,0.8157,0.8191,0.8056,0.8096,551842.06
2026-08-22 00:00:00+00:00,0.8097,0.8251,0.8011,0.8237,496070.17
2026-08-22 01:00:00+00:00,0.8236,0.8293,0.8144,0.8161,677271.21
2026-08-22 02:00:00+00:00,0.8161,0.8388,0.8161,0.8366,459318.5
2026-08-22 03:00:00+00:00,0.8368,0.8578,0.8339,0.8469,4718919.74
2026-08-22 04:00:00+00:00,0.847,0.8595,0.844,0.8533,1624909.93
2026-08-22 05:00:00+00:00,0.8533,0.856,0.7179,0.7899,6163079.14
2026-08-22 06:00:00+00:00,0.79,0.7954,0.7754,0.7934,1312855.04
2026-08-22 07:00:00+00:00,0.7934,0.8016,0.7856,0.7867,746004.62
2026-08-22 08:00:00+00:00,0.7868,0.7906,0.7684,0.7793,758957.18
2026-08-22 09:00:00+00:00,0.7797,0.7807,0.765,0.7726,684298.56
2026-08-22 10:00:00+00:00,0.7727,0.773,0.7505,0.7682,804844.46
2026-08-22 11:00:00+00:00,0.7683,0.7743,0.7633,0.7718,262320.38
2026-08-22 12:00:00+00:00,0.7717,0.78,0.77,0.7759,277057.32
2026-08-22 13:00:00+00:00,0.7759,0.7795,0.7724,0.7776,209009.86
2026-08-22 14:00:00+00:00,0.7775,0.7783,0.7655,0.7697,304472.56
2026-08-22 15:00:00+00:00,0.7698,0.7715,0.7615,0.7687,253885.93
2026-08-22 16:00:00+00:00,0.7686,0.7825,0.7673,0.7782,291405.74
2026-08-22 17:00:00+00:00,0.7783,0.786,0.7761,0.7818,235450.83
2026-08-22 18:00:00+00:00,0.7819,0.7819,0.7693,0.7734,207729.16
2026-08-22 19:00:00+00:00,0.7732,0.7761,0.7699,0.7737,162856.38
2026-08-22 20:00:00+00:00,0.7736,0.7794,0.7705,0.7727,132452.6
2026-08-22 21:00:00+00:00,0.7727,0.7727,0.7515,0.7538,331691.68
2026-08-22 22:00:00+00:00,0.7537,0.7649,0.7463,0.7619,381277.82
2026-08-22 23:00:00+00:00,0.762,0.7638,0.7565,0.7617,187114.84
2026-08-23 00:00:00+00:00,0.7616,0.7725,0.7572,0.7714,364366.7
2026-08-23 01:00:00+00:00,0.7715,0.7716,0.7612,0.7625,220805.91
2026-08-23 02:00:00+00:00,0.7627,0.7628,0.7501,0.7527,413304.24
2026-08-23 03:00:00+00:00,0.7526,0.7536,0.7398,0.7447,1035335.47
2026-08-23 04:00:00+00:00,0.7448,0.7499,0.7352,0.7396,448193.2
2026-08-23 05:00:00+00:00,0.7395,0.7482,0.731,0.7381,521957.87
2026-08-23 06:00:00+00:00,0.7379,0.7442,0.735,0.7394,274089.56
2026-08-23 07:00:00+00:00,0.7395,0.7439,0.7381,0.7415,347448.98
2026-08-23 08:00:00+00:00,0.7414,0.7498,0.7406,0.7474,224078.63
2026-08-23 09:00:00+00:00,0.7472,0.7504,0.7442,0.7497,102592.38
2026-08-23 10:00:00+00:00,0.7496,0.7575,0.7493,0.7561,316814.36
2026-08-23 11:00:00+00:00,0.7561,0.7709,0.7554,0.7678,406608.86
2026-08-23 12:00:00+00:00,0.7678,0.7695,0.7591,0.7677,281090.44
2026-08-23 13:00:00+00:00,0.7676,0.779,0.7664,0.7744,451646.7
2026-08-23 14:00:00+00:00,0.7744,0.7775,0.7513,0.767,776132.93
2026-08-23 15:00:00+00:00,0.7671,0.7758,0.763,0.771,325890.77
2026-08-23 16:00:00+00:00,0.7711,0.7735,0.766,0.77,298508.05
2026-08-23 17:00:00+00:00,0.7703,0.7756,0.764,0.7702,209479.64
2026-08-23 18:00:00+00:00,0.7703,0.7744,0.7697,0.7736,149410.38
2026-08-23 19:00:00+00:00,0.7737,0.7752,0.7688,0.7694,95930.4
2026-08-23 20:00:00+00:00,0.7693,0.7737,0.7657,0.772,86809.82
2026-08-23 21:00:00+00:00,0.7719,0.7841,0.7714,0.7762,260780.0
2026-08-23 22:00:00+00:00,0.7763,0.7799,0.7714,0.7764,186115.5
2026-08-23 23:00:00+00:00,0.7765,0.7789,0.7713,0.7739,227029.69
2026-08-24 00:00:00+00:00,0.7739,0.7739,0.7614,0.7704,336005.05
2026-08-24 01:00:00+00:00,0.7705,0.7715,0.7465,0.7506,599265.95
2026-08-24 02:00:00+00:00,0.7506,0.769,0.7478,0.7619,633876.13
2026-08-24 03:00:00+00:00,0.7618,0.7632,0.7536,0.7547,213082.99
2026-08-24 04:00:00+00:00,0.7548,0.7664,0.7548,0.7607,459980.96
2026-08-24 05:00:00+00:00,0.7606,0.7659,0.7545,0.758,271940.14
2026-08-24 06:00:00+00:00,0.7579,0.7588,0.7494,0.7525,247358.55
2026-08-24 07:00:00+00:00,0.7525,0.7615,0.7486,0.749,253437.91
2026-08-24 08:00:00+00:00,0.749,0.7511,0.7424,0.7491,373910.72
2026-08-24 09:00:00+00:00,0.7491,0.757,0.7486,0.7551,89504.21
2026-08-24 10:00:00+00:00,0.755,0.7601,0.7538,0.7549,236513.76
2026-08-24 11:00:00+00:00,0.755,0.7674,0.7509,0.7637,301151.72
2026-08-24 12:00:00+00:00,0.7637,0.7684,0.7529,0.7653,281871.72
2026-08-24 13:00:00+00:00,0.7654,0.7673,0.7465,0.7533,543608.21
2026-08-24 14:00:00+00:00,0.753,0.7655,0.7518,0.7646,306196.06
2026-08-24 15:00:00+00:00,0.7645,0.7719,0.7544,0.7571,441477.37
2026-08-24 16:00:00+00:00,0.7572,0.7687,0.7572,0.7637,253268.37
2026-08-24 17:00:00+00:00,0.7638,0.7667,0.7486,0.7563,290677.58
2026-08-24 18:00:00+00:00,0.7564,0.7644,0.7564,0.757,110903.75
2026-08-24 19:00:00+00:00,0.757,0.7592,0.7517,0.7533,183668.02
2026-08-24 20:00:00+00:00,0.7534,0.7562,0.747,0.7555,121402.15
2026-08-24 21:00:00+00:00,0.7556,0.7588,0.7541,0.7564,128962.24
2026-08-24 22:00:00+00:00,0.7564,0.7577,0.7497,0.75,78488.09
2026-08-24 23:00:00+00:00,0.75,0.7541,0.7473,0.7539,101700.49
2026-08-25 00:00:00+00:00,0.7539,0.7615,0.7482,0.7601,308847.65
2026-08-25 01:00:00+00:00,0.7601,0.7649,0.7534,0.758,284391.93
2026-08-25 02:00:00+00:00,0.7578,0.7717,0.7555,0.7654,560037.25
2026-08-25 03:00:00+00:00,0.7655,0.7707,0.7597,0.761,180169.52
2026-08-25 04:00:00+00:00,0.761,0.7645,0.7552,0.7643,262257.8
2026-08-25 05:00:00+00:00,0.7643,0.7694,0.7637,0.7656,211131.73
2026-08-25 06:00:00+00:00,0.7657,0.7671,0.737,0.7488,1783534.3
2026-08-25 07:00:00+00:00,0.7489,0.7542,0.7303,0.7414,1058610.95
2026-08-25 08:00:00+00:00,0.7415,0.7448,0.7381,0.7409,334609.9
2026-08-25 09:00:00+00:00,0.741,0.7462,0.7332,0.7392,480184.56
2026-08-25 10:00:00+00:00,0.7392,0.746,0.738,0.7441,244044.75
2026-08-25 11:00:00+00:00,0.7441,0.7445,0.7393,0.7396,193421.44
2026-08-25 12:00:00+00:00,0.7395,0.7426,0.7342,0.7394,277254.46
2026-08-25 13:00:00+00:00,0.7394,0.74,0.7243,0.7325,1146970.34
2026-08-25 14:00:00+00:00,0.7324,0.7381,0.7311,0.7339,279314.69
2026-08-25 15:00:00+00:00,0.734,0.7345,0.7267,0.7316,339324.27
2026-08-25 16:00:00+00:00,0.7316,0.7345,0.728,0.7308,290382.53
2026-08-25 17:00:00+00:00,0.7309,0.7349,0.7229,0.7349,291883.86
2026-08-25 18:00:00+00:00,0.7349,0.7371,0.7298,0.7305,156111.2
2026-08-25 19:00:00+00:00,0.7305,0.7318,0.7267,0.7284,145154.95
2026-08-25 20:00:00+00:00,0.7284,0.7288,0.71,0.7106,863450.4
2026-08-25 21:00:00+00:00,0.7105,0.7133,0.6976,0.7113,1061656.53
2026-08-25 22:00:00+00:00,0.7116,0.7173,0.7116,0.7164,150811.2
2026-08-25 23:00:00+00:00,0.7163,0.7169,0.7102,0.712,180514.29
2026-08-26 00:00:00+00:00,0.7121,0.7204,0.71,0.7183,413861.22
2026-08-26 01:00:00+00:00,0.7182,0.7248,0.718,0.7201,286241.34
2026-08-26 02:00:00+00:00,0.7201,0.7249,0.7169,0.7235,113284.79
2026-08-26 03:00:00+00:00,0.7234,0.7244,0.7204,0.7222,67884.32
2026-08-26 04:00:00+00:00,0.7222,0.7232,0.7156,0.7163,108521.54
2026-08-26 05:00:00+00:00,0.7164,0.7212,0.7126,0.7199,238932.31
2026-08-26 06:00:00+00:00,0.7199,0.7233,0.7195,0.7226,77821.62
2026-08-26 07:00:00+00:00,0.7225,0.7247,0.7187,0.7193,105165.56
2026-08-26 08:00:00+00:00,0.7191,0.7226,0.7168,0.7188,87669.15
2026-08-26 09:00:00+00:00,0.7187,0.7207,0.7079,0.7116,349766.19
2026-08-26 10:00:00+00:00,0.7115,0.7191,0.7092,0.717,185206.26
2026-08-26 11:00:00+00:00,0.7168,0.7181,0.7086,0.7119,162552.27
2026-08-26 12:00:00+00:00,0.712,0.7168,0.7051,0.7116,356451.55
2026-08-26 13:00:00+00:00,0.7116,0.7123,0.7038,0.7082,348390.64
2026-08-26 14:00:00+00:00,0.7082,0.711,0.6976,0.6992,528692.9
2026-08-26 15:00:00+00:00,0.6993,0.7008,0.6915,0.698,660448.43
2026-08-26 16:00:00+00:00,0.6981,0.7001,0.6912,0.6938,269680.66
2026-08-26 17:00:00+00:00,0.6939,0.7021,0.6924,0.6989,161023.68
2026-08-26 18:00:00+00:00,0.699,0.7,0.6963,0.6979,89203.3
2026-08-26 19:00:00+00:00,0.698,0.7021,0.6974,0.6976,121224.02
2026-08-26 20:00:00+00:00,0.6975,0.6984,0.6868,0.6982,351209.03
2026-08-26 21:00:00+00:00,0.6983,0.7059,0.6979,0.7053,121517.06
2026-08-26 22:00:00+00:00,0.7054,0.7099,0.7031,0.7036,216079.48
2026-08-26 23:00:00+00:00,0.7035,0.7229,0.7017,0.7161,1318868.07
2026-08-27 00:00:00+00:00,0.7161,0.7161,0.7087,0.7087,280155.02
2026-08-27 01:00:00+00:00,0.7086,0.7138,0.7063,0.7102,374380.72
2026-08-27 02:00:00+00:00,0.7101,0.7116,0.7036,0.7047,84985.42
2026-08-27 03:00:00+00:00,0.7046,0.7092,0.7028,0.7071,71979.55
2026-08-27 04:00:00+00:00,0.7071,0.7124,0.7071,0.7109,102553.09
2026-08-27 05:00:00+00:00,0.711,0.7166,0.7068,0.7152,341497.08
2026-08-27 06:00:00+00:00,0.7153,0.7198,0.7117,0.717,785937.45
2026-08-27 07:00:00+00:00,0.717,0.7171,0.7122,0.714,91617.94
2026-08-27 08:00:00+00:00,0.714,0.7227,0.7134,0.7197,479011.6
2026-08-27 09:00:00+00:00,0.7198,0.724,0.7154,0.7167,411246.83
2026-08-27 10:00:00+00:00,0.7166,0.7205,0.7067,0.713,406765.28
2026-08-27 11:00:00+00:00,0.7131,0.7162,0.7099,0.7122,108304.1
2026-08-27 12:00:00+00:00,0.7122,0.7136,0.7096,0.7122,134052.17
2026-08-27 13:00:00+00:00,0.7123,0.7158,0.7083,0.7155,271036.51
2026-08-27 14:00:00+00:00,0.7154,0.7226,0.7144,0.7176,353222.65
2026-08-27 15:00:00+00:00,0.7177,0.7231,0.716,0.7218,340675.6
2026-08-27 16:00:00+00:00,0.7219,0.7276,0.7182,0.724,564707.75
2026-08-27 17:00:00+00:00,0.7239,0.7291,0.7221,0.7267,208761.89
2026-08-27 18:00:00+00:00,0.7267,0.7272,0.7181,0.7239,253366.05
2026-08-27 19:00:00+00:00,0.7239,0.7248,0.7205,0.7236,87827.71
2026-08-27 20:00:00+00:00,0.7235,0.7253,0.72,0.721,310396.8
2026-08-27 21:00:00+00:00,0.721,0.7211,0.704,0.7063,1385752.16
2026-08-27 22:00:00+00:00,0.7063,0.7107,0.7032,0.7055,1435773.32
2026-08-27 23:00:00+00:00,0.7054,0.7094,0.7025,0.7043,1258500.94
2026-08-28 00:00:00+00:00,0.7044,0.7084,0.697,0.707,1635883.85
2026-08-28 01:00:00+00:00,0.707,0.7206,0.707,0.7097,566761.33
2026-08-28 02:00:00+00:00,0.7097,0.7097,0.6964,0.7015,1057075.26
2026-08-28 03:00:00+00:00,0.7016,0.7033,0.6981,0.6998,431022.29
2026-08-28 04:00:00+00:00,0.6997,0.704,0.6965,0.7024,242277.78
2026-08-28 05:00:00+00:00,0.7025,0.7036,0.6987,0.7013,220898.38
2026-08-28 06:00:00+00:00,0.7013,0.7051,0.701,0.7047,243634.19
2026-08-28 07:00:00+00:00,0.7048,0.7049,0.6988,0.7002,186011.79
2026-08-28 08:00:00+00:00,0.7003,0.7026,0.6972,0.6983,219125.99
2026-08-28 09:00:00+00:00,0.6986,0.7019,0.698,0.7001,219194.33
2026-08-28 10:00:00+00:00,0.7002,0.7028,0.688,0.7026,711862.77
2026-08-28 11:00:00+00:00,0.7026,0.7042,0.701,0.7026,104504.49
2026-08-28 12:00:00+00:00,0.7027,0.7043,0.694,0.6969,391601.57
2026-08-28 13:00:00+00:00,0.6968,0.7029,0.6962,0.7006,191978.8
2026-08-28 14:00:00+00:00,0.7005,0.7077,0.6903,0.704,997794.79
2026-08-28 15:00:00+00:00,0.704,0.7062,0.6903,0.6909,797089.86
2026-08-28 16:00:00+00:00,0.6911,0.6915,0.672,0.6836,1842538.0
2026-08-28 17:00:00+00:00,0.6837,0.6855,0.6793,0.6793,315864.59
2026-08-28 18:00:00+00:00,0.6792,0.68,0.6668,0.6732,547517.81
2026-08-28 19:00:00+00:00,0.6733,0.6783,0.6729,0.6774,200349.79
2026-08-28 20:00:00+00:00,0.6773,0.6808,0.6761,0.6802,169374.72
2026-08-28 21:00:00+00:00,0.6803,0.6815,0.6748,0.6768,190604.26
2026-08-28 22:00:00+00:00,0.6769,0.6842,0.6764,0.6827,171617.64
2026-08-28 23:00:00+00:00,0.6827,0.6868,0.6823,0.6863,124517.06
2026-08-29 00:00:00+00:00,0.6862,0.6874,0.6842,0.6846,130543.35
2026-08-29 01:00:00+00:00,0.6845,0.686,0.6829,0.6848,99690.64
2026-08-29 02:00:00+00:00,0.6848,0.6855,0.6818,0.6847,96048.79
2026-08-29 03:00:00+00:00,0.6845,0.6859,0.6832,0.684,85926.78
2026-08-29 04:00:00+00:00,0.6839,0.6865,0.6839,0.6862,97171.23
2026-08-29 05:00:00+00:00,0.6862,0.6883,0.6851,0.6883,95497.53
2026-08-29 06:00:00+00:00,0.6883,0.6884,0.681,0.6836,138549.51
2026-08-29 07:00:00+00:00,0.6836,0.6851,0.6827,0.6837,67480.69
2026-08-29 08:00:00+00:00,0.6836,0.6836,0.6772,0.6788,139064.74
2026-08-29 09:00:00+00:00,0.6788,0.683,0.678,0.6808,71730.49
2026-08-29 10:00:00+00:00,0.6807,0.6814,0.6791,0.6801,59980.88
2026-08-29 11:00:00+00:00,0.68,0.68,0.6769,0.6783,75260.44
2026-08-29 12:00:00+00:00,0.6782,0.6803,0.6775,0.6788,112219.02
2026-08-29 13:00:00+00:00,0.6788,0.6806,0.678,0.6801,77909.11
2026-08-29 14:00:00+00:00,0.68,0.687,0.6798,0.6856,191935.0
2026-08-29 15:00:00+00:00,0.6857,0.6857,0.6822,0.6834,130351.47
2026-08-29 16:00:00+00:00,0.6835,0.6857,0.6813,0.6816,103222.13
2026-08-29 17:00:00+00:00,0.6816,0.6826,0.6783,0.6801,81077.43
2026-08-29 18:00:00+00:00,0.6802,0.6821,0.6793,0.6807,70655.6
2026-08-29 19:00:00+00:00,0.6806,0.6829,0.6805,0.6808,68643.38
2026-08-29 20:00:00+00:00,0.6808,0.6829,0.6808,0.6813,32219.46
2026-08-29 21:00:00+00:00,0.6813,0.6822,0.6786,0.6798,50111.77
2026-08-29 22:00:00+00:00,0.6798,0.6815,0.679,0.6812,48959.58
2026-08-29 23:00:00+00:00,0.6811,0.6832,0.681,0.6825,76314.88
2026-08-30 00:00:00+00:00,0.6825,0.6847,0.6807,0.6809,68137.59
2026-08-30 01:00:00+00:00,0.6808,0.6813,0.6754,0.6767,303156.39
2026-08-30 02:00:00+00:00,0.6766,0.6782,0.676,0.6771,56424.45
2026-08-30 03:00:00+00:00,0.6771,0.6796,0.6764,0.6776,95006.33
2026-08-30 04:00:00+00:00,0.6776,0.6793,0.6707,0.6759,284840.77
2026-08-30 05:00:00+00:00,0.676,0.681,0.676,0.6809,132801.55
2026-08-30 06:00:00+00:00,0.681,0.6824,0.678,0.682,98225.47
2026-08-30 07:00:00+00:00,0.6821,0.6821,0.6803,0.6804,74069.0
2026-08-30 08:00:00+00:00,0.6804,0.6828,0.678,0.6794,97601.2
2026-08-30 09:00:00+00:00,0.6794,0.682,0.6782,0.68,161416.2
2026-08-30 10:00:00+00:00,0.6799,0.684,0.6787,0.6833,91602.47
2026-08-30 11:00:00+00:00,0.6834,0.6862,0.6824,0.6841,196348.37
2026-08-30 12:00:00+00:00,0.6841,0.6878,0.683,0.6869,271711.83
2026-08-30 13:00:00+00:00,0.687,0.6884,0.6852,0.6875,146789.15
2026-08-30 14:00:00+00:00,0.6874,0.6875,0.6832,0.6855,120783.51
2026-08-30 15:00:00+00:00,0.6856,0.6858,0.6808,0.6849,154064.59
2026-08-30 16:00:00+00:00,0.685,0.6923,0.6832,0.6908,323122.7
2026-08-30 17:00:00+00:00,0.6907,0.6913,0.686,0.6892,353014.5
2026-08-30 18:00:00+00:00,0.6893,0.6948,0.6866,0.6935,216205.66
2026-08-30 19:00:00+00:00,0.6935,0.6943,0.6868,0.6889,108319.44
2026-08-30 20:00:00+00:00,0.689,0.6916,0.6812,0.6843,237224.87
2026-08-30 21:00:00+00:00,0.6841,0.6847,0.6728,0.684,451634.11
2026-08-30 22:00:00+00:00,0.684,0.6871,0.6758,0.6781,398562.26
2026-08-30 23:00:00+00:00,0.6779,0.6785,0.6482,0.66,1613614.84
2026-08-31 00:00:00+00:00,0.66,0.6692,0.6561,0.6669,435755.36
2026-08-31 01:00:00+00:00,0.6669,0.6676,0.66,0.6613,317513.78
2026-08-31 02:00:00+00:00,0.6612,0.6675,0.6597,0.6633,138349.29
2026-08-31 03:00:00+00:00,0.6634,0.6692,0.6622,0.668,109467.9
2026-08-31 04:00:00+00:00,0.6681,0.6693,0.6651,0.6693,145755.64
2026-08-31 05:00:00+00:00,0.6692,0.6777,0.6683,0.6753,627014.93
2026-08-31 06:00:00+00:00,0.6752,0.678,0.6743,0.6779,184024.23
2026-08-31 07:00:00+00:00,0.6778,0.6787,0.675,0.6754,218592.83
2026-08-31 08:00:00+00:00,0.6753,0.6782,0.6728,0.6753,123905.77
2026-08-31 09:00:00+00:00,0.6753,0.6782,0.6745,0.6753,115874.86
2026-08-31 10:00:00+00:00,0.6755,0.6804,0.6741,0.6789,165256.13
2026-08-31 11:00:00+00:00,0.6788,0.679,0.6753,0.6782,194367.28
2026-08-31 12:00:00+00:00,0.6781,0.6803,0.6705,0.6737,260946.37
2026-08-31 13:00:00+00:00,0.6737,0.6757,0.6667,0.6685,452810.38
2026-08-31 14:00:00+00:00,0.6686,0.6759,0.6675,0.6752,404808.85
2026-08-31 15:00:00+00:00,0.6753,0.6757,0.6681,0.6693,257156.03
2026-08-31 16:00:00+00:00,0.6691,0.675,0.666,0.6714,406667.57
2026-08-31 17:00:00+00:00,0.6714,0.6796,0.671,0.6783,313977.75
2026-08-31 18:00:00+00:00,0.6783,0.6833,0.677,0.6814,177809.22
2026-08-31 19:00:00+00:00,0.6815,0.6838,0.678,0.6793,113979.79
2026-08-31 20:00:00+00:00,0.6793,0.683,0.6779,0.679,120997.64
2026-08-31 21:00:00+00:00,0.679,0.682,0.6728,0.6803,108582.36
2026-08-31 22:00:00+00:00,0.6804,0.6814,0.6768,0.6792,88364.72
2026-08-31 23:00:00+00:00,0.6791,0.6834,0.6777,0.6825,111000.03
2026-09-01 00:00:00+00:00,0.6823,0.6881,0.6817,0.688,267233.76
2026-09-01 01:00:00+00:00,0.688,0.6903,0.683,0.6855,250501.23
2026-09-01 02:00:00+00:00,0.6855,0.6862,0.6807,0.6849,209195.57
2026-09-01 03:00:00+00:00,0.6849,0.6916,0.6845,0.6912,141934.18
2026-09-01 04:00:00+00:00,0.6913,0.6977,0.6893,0.6895,404433.19
2026-09-01 05:00:00+00:00,0.6896,0.6948,0.6876,0.6925,560704.83
2026-09-01 06:00:00+00:00,0.6924,0.6987,0.6904,0.6981,565195.8
2026-09-01 07:00:00+00:00,0.6979,0.7016,0.6926,0.6939,1246611.66
2026-09-01 08:00:00+00:00,0.6939,0.6972,0.6867,0.6938,822446.89
2026-09-01 09:00:00+00:00,0.6939,0.6964,0.6883,0.6948,436783.97
2026-09-01 10:00:00+00:00,0.6949,0.711,0.6948,0.7052,585934.29
2026-09-01 11:00:00+00:00,0.7052,0.708,0.6998,0.7034,317783.03
2026-09-01 12:00:00+00:00,0.7034,0.704,0.6928,0.6938,351305.54
2026-09-01 13:00:00+00:00,0.6937,0.7024,0.6899,0.7017,329638.19
2026-09-01 14:00:00+00:00,0.7017,0.714,0.7008,0.7126,803970.5
2026-09-01 15:00:00+00:00,0.7127,0.7218,0.706,0.7089,927914.47
2026-09-01 16:00:00+00:00,0.709,0.728,0.7043,0.7247,1310717.5
2026-09-01 17:00:00+00:00,0.7246,0.7851,0.7238,0.7729,7420287.55
2026-09-01 18:00:00+00:00,0.773,0.7817,0.7475,0.7629,3474596.76
2026-09-01 19:00:00+00:00,0.7628,0.7985,0.7599,0.788,2569380.51
2026-09-01 20:00:00+00:00,0.7881,0.796,0.7719,0.7758,1462661.54
2026-09-01 21:00:00+00:00,0.7757,0.7816,0.7635,0.7748,928039.79
2026-09-01 22:00:00+00:00,0.7746,0.775,0.7554,0.7603,701382.06
2026-09-01 23:00:00+00:00,0.7604,0.7845,0.7595,0.7794,1023963.23
2026-09-02 00:00:00+00:00,0.7794,0.786,0.7675,0.7732,1322321.19
2026-09-02 01:00:00+00:00,0.7731,0.7769,0.76,0.77,1116520.92
2026-09-02 02:00:00+00:00,0.7698,0.7896,0.7657,0.7788,1833248.52
2026-09-02 03:00:00+00:00,0.7787,0.8063,0.778,0.8034,2833827.34
2026-09-02 04:00:00+00:00,0.8034,0.81,0.7851,0.8017,1774962.89
2026-09-02 05:00:00+00:00,0.8025,0.8114,0.7921,0.7938,1180690.03
2026-09-02 06:00:00+00:00,0.7937,0.7979,0.7858,0.7934,908321.09
2026-09-02 07:00:00+00:00,0.7935,0.8078,0.7905,0.8025,656272.97
2026-09-02 08:00:00+00:00,0.8025,0.805,0.7889,0.7924,1450469.08
2026-09-02 09:00:00+00:00,0.7923,0.7994,0.7768,0.7942,2089760.92
2026-09-02 10:00:00+00:00,0.7943,0.7955,0.773,0.779,1282561.5
2026-09-02 11:00:00+00:00,0.7787,0.7787,0.7664,0.7727,1029499.53
2026-09-02 12:00:00+00:00,0.7726,0.7763,0.7637,0.7719,682490.16
2026-09-02 13:00:00+00:00,0.772,0.7758,0.759,0.7733,700729.33
2026-09-02 14:00:00+00:00,0.7734,0.7745,0.7638,0.7648,431161.61
2026-09-02 15:00:00+00:00,0.765,0.7791,0.7613,0.7787,412553.04
2026-09-02 16:00:00+00:00,0.7786,0.8008,0.7733,0.7964,1066797.14
2026-09-02 17:00:00+00:00,0.7965,0.8151,0.7898,0.8063,972448.32
2026-09-02 18:00:00+00:00,0.8063,0.8148,0.8015,0.8104,536503.83
2026-09-02 19:00:00+00:00,0.8105,0.8105,0.7959,0.7985,358918.66
2026-09-02 20:00:00+00:00,0.7986,0.8134,0.7979,0.8088,636404.98
2026-09-02 21:00:00+00:00,0.8087,0.8114,0.7992,0.801,377534.23
2026-09-02 22:00:00+00:00,0.8008,0.8019,0.7863,0.7931,533077.08
2026-09-02 23:00:00+00:00,0.7932,0.8072,0.7917,0.799,575308.38
2026-09-03 00:00:00+00:00,0.799,0.804,0.7911,0.7961,520503.36
2026-09-03 01:00:00+00:00,0.796,0.8349,0.7913,0.8132,1650771.49
2026-09-03 02:00:00+00:00,0.8131,0.8188,0.8052,0.8176,828435.51
2026-09-03 03:00:00+00:00,0.8176,0.8176,0.8012,0.8054,480096.08
2026-09-03 04:00:00+00:00,0.8054,0.8171,0.8022,0.8142,376004.07
2026-09-03 05:00:00+00:00,0.8142,0.8173,0.8048,0.8162,775195.85
2026-09-03 06:00:00+00:00,0.8162,0.819,0.8066,0.8077,440651.34
2026-09-03 07:00:00+00:00,0.8075,0.815,0.7927,0.7949,666587.34
2026-09-03 08:00:00+00:00,0.795,0.8024,0.7798,0.7845,1271043.54
2026-09-03 09:00:00+00:00,0.7845,0.7868,0.7795,0.7832,510202.57
2026-09-03 10:00:00+00:00,0.7832,0.7991,0.7826,0.7936,534957.46
2026-09-03 11:00:00+00:00,0.7937,0.7966,0.7897,0.7911,311076.9
2026-09-03 12:00:00+00:00,0.7911,0.7956,0.7882,0.7898,387711.33
2026-09-03 13:00:00+00:00,0.7898,0.7907,0.7821,0.7837,373489.59
2026-09-03 14:00:00+00:00,0.7837,0.8006,0.7819,0.8001,924746.7
2026-09-03 15:00:00+00:00,0.8,0.8029,0.7905,0.7996,751333.6
2026-09-03 16:00:00+00:00,0.7994,0.8098,0.7907,0.8079,654125.55
2026-09-03 17:00:00+00:00,0.8079,0.8116,0.7985,0.8009,460032.96
2026-09-03 18:00:00+00:00,0.8008,0.8067,0.7981,0.8035,232784.51
2026-09-03 19:00:00+00:00,0.8034,0.8053,0.7938,0.7959,238062.07
2026-09-03 20:00:00+00:00,0.7958,0.8005,0.7919,0.7994,168422.44
2026-09-03 21:00:00+00:00,0.7994,0.8042,0.7969,0.7983,243432.16
2026-09-03 22:00:00+00:00,0.7984,0.8024,0.7936,0.7973,227329.4
2026-09-03 23:00:00+00:00,0.7973,0.7976,0.7886,0.7925,244988.75
2026-09-04 00:00:00+00:00,0.7925,0.7925,0.7712,0.7781,829711.19
2026-09-04 01:00:00+00:00,0.7781,0.7823,0.7735,0.7772,304679.64
2026-09-04 02:00:00+00:00,0.7775,0.7783,0.7637,0.775,663020.87
2026-09-04 03:00:00+00:00,0.775,0.778,0.773,0.7778,255222.02
2026-09-04 04:00:00+00:00,0.7777,0.7798,0.7733,0.7749,206118.6
2026-09-04 05:00:00+00:00,0.7748,0.7768,0.7659,0.7695,286369.52
2026-09-04 06:00:00+00:00,0.7694,0.7719,0.7673,0.7703,355225.12
2026-09-04 07:00:00+00:00,0.7701,0.7733,0.7694,0.7703,203128.26
2026-09-04 08:00:00+00:00,0.7703,0.7736,0.769,0.7736,262254.81
2026-09-04 09:00:00+00:00,0.7736,0.777,0.7725,0.7742,337181.44
2026-09-04 10:00:00+00:00,0.7742,0.7755,0.7705,0.7724,120075.04
2026-09-04 11:00:00+00:00,0.7724,0.7749,0.771,0.7711,131743.9
2026-09-04 12:00:00+00:00,0.7711,0.7724,0.7378,0.7467,2224408.36
2026-09-04 13:00:00+00:00,0.7466,0.7549,0.745,0.7508,537707.5
2026-09-04 14:00:00+00:00,0.7508,0.7513,0.7398,0.7451,458130.7
2026-09-04 15:00:00+00:00,0.7452,0.7475,0.7419,0.7432,429751.57
2026-09-04 16:00:00+00:00,0.7431,0.751,0.7428,0.7453,149758.15
2026-09-04 17:00:00+00:00,0.7453,0.7463,0.7416,0.7422,273880.18
2026-09-04 18:00:00+00:00,0.7421,0.7488,0.7418,0.7487,194323.93
2026-09-04 19:00:00+00:00,0.7487,0.7524,0.7479,0.7518,299326.0
2026-09-04 20:00:00+00:00,0.7518,0.7519,0.7484,0.7493,90047.51
2026-09-04 21:00:00+00:00,0.7493,0.7546,0.7491,0.7496,124261.78
2026-09-04 22:00:00+00:00,0.7496,0.7522,0.749,0.7503,95843.49
2026-09-04 23:00:00+00:00,0.7503,0.7609,0.75,0.7598,489591.3
2026-09-05 00:00:00+00:00,0.7597,0.7636,0.7547,0.7598,318651.68
2026-09-05 01:00:00+00:00,0.7599,0.7656,0.7597,0.7621,210938.84
2026-09-05 02:00:00+00:00,0.7624,0.7682,0.7588,0.7655,279642.13
2026-09-05 03:00:00+00:00,0.7656,0.7727,0.7644,0.765,346678.54
2026-09-05 04:00:00+00:00,0.7649,0.769,0.7623,0.7672,199338.7
2026-09-05 05:00:00+00:00,0.7672,0.7698,0.7633,0.7669,204685.91
2026-09-05 06:00:00+00:00,0.7669,0.7757,0.7668,0.772,239916.87
2026-09-05 07:00:00+00:00,0.7721,0.775,0.7683,0.7688,214425.58
2026-09-05 08:00:00+00:00,0.769,0.7703,0.7632,0.7647,255002.2
2026-09-05 09:00:00+00:00,0.7647,0.77,0.7647,0.7696,168253.42
2026-09-05 10:00:00+00:00,0.7696,0.7723,0.7682,0.7709,147635.28
2026-09-05 11:00:00+00:00,0.771,0.7786,0.7687,0.7756,277488.35
2026-09-05 12:00:00+00:00,0.7756,0.7927,0.774,0.7882,888567.56
2026-09-05 13:00:00+00:00,0.7881,0.7962,0.7781,0.7813,906742.53
2026-09-05 14:00:00+00:00,0.7812,0.7881,0.7779,0.7853,596581.83
2026-09-05 15:00:00+00:00,0.7853,0.7885,0.7785,0.7805,576429.34
2026-09-05 16:00:00+00:00,0.7802,0.7843,0.7752,0.779,503899.58
2026-09-05 17:00:00+00:00,0.7791,0.7818,0.7764,0.7802,191950.11
2026-09-05 18:00:00+00:00,0.7803,0.7835,0.7785,0.7823,114424.0
2026-09-05 19:00:00+00:00,0.7824,0.7919,0.7824,0.7883,360527.48
2026-09-05 20:00:00+00:00,0.7884,0.7923,0.7884,0.7893,254300.31
2026-09-05 21:00:00+00:00,0.7893,0.7992,0.7874,0.796,212492.23
2026-09-05 22:00:00+00:00,0.7962,0.7973,0.7891,0.7919,156183.09
2026-09-05 23:00:00+00:00,0.7918,0.7921,0.7862,0.7871,276139.22
2026-09-06 00:00:00+00:00,0.7872,0.7958,0.7859,0.7916,439405.18
2026-09-06 01:00:00+00:00,0.7917,0.8225,0.7909,0.8145,1341762.82
2026-09-06 02:00:00+00:00,0.8144,0.8409,0.8109,0.834,1881615.15
2026-09-06 03:00:00+00:00,0.8341,0.8352,0.8124,0.8174,1136227.25
2026-09-06 04:00:00+00:00,0.8176,0.8182,0.8069,0.813,498313.74
2026-09-06 05:00:00+00:00,0.8131,0.8149,0.807,0.8079,545114.24
2026-09-06 06:00:00+00:00,0.8078,0.8093,0.8026,0.8042,534059.1
2026-09-06 07:00:00+00:00,0.8043,0.8067,0.7937,0.8042,567790.08
2026-09-06 08:00:00+00:00,0.8043,0.8046,0.7965,0.799,302593.97
2026-09-06 09:00:00+00:00,0.7989,0.8004,0.794,0.8,336108.13
2026-09-06 10:00:00+00:00,0.8,0.8,0.7946,0.7976,474329.5
2026-09-06 11:00:00+00:00,0.7976,0.7993,0.7966,0.7976,184864.95
2026-09-06 12:00:00+00:00,0.7976,0.7981,0.7898,0.7927,331865.51
2026-09-06 13:00:00+00:00,0.7927,0.7959,0.7886,0.7948,308435.46
2026-09-06 14:00:00+00:00,0.7947,0.7958,0.7747,0.7855,763979.96
2026-09-06 15:00:00+00:00,0.7855,0.7894,0.78,0.7889,306931.82
2026-09-06 16:00:00+00:00,0.7889,0.7956,0.788,0.7948,222197.62
2026-09-06 17:00:00+00:00,0.7947,0.7952,0.7905,0.7937,137122.08
2026-09-06 18:00:00+00:00,0.7938,0.7959,0.7923,0.7937,135401.08
2026-09-06 19:00:00+00:00,0.7937,0.7994,0.7926,0.7969,96577.64
2026-09-06 20:00:00+00:00,0.7969,0.8057,0.7969,0.805,125074.85
2026-09-06 21:00:00+00:00,0.805,0.8107,0.8042,0.8075,187892.76
2026-09-06 22:00:00+00:00,0.8076,0.8083,0.7983,0.8046,380764.95
2026-09-06 23:00:00+00:00,0.8047,0.8079,0.801,0.8075,198767.13
2026-09-07 00:00:00+00:00,0.8074,0.822,0.8058,0.8117,638875.64
2026-09-07 01:00:00+00:00,0.8118,0.8122,0.7998,0.8017,398324.29
2026-09-07 02:00:00+00:00,0.8016,0.8134,0.7961,0.8056,567460.73
2026-09-07 03:00:00+00:00,0.8057,0.807,0.7989,0.8016,201929.37
2026-09-07 04:00:00+00:00,0.8017,0.8054,0.7969,0.7992,223186.16
2026-09-07 05:00:00+00:00,0.7992,0.8114,0.7985,0.8097,451017.98
2026-09-07 06:00:00+00:00,0.8096,0.824,0.8081,0.8193,992446.41
2026-09-07 07:00:00+00:00,0.8195,0.8268,0.8099,0.8177,1360678.42
2026-09-07 08:00:00+00:00,0.8175,0.8272,0.8137,0.8171,760127.69
2026-09-07 09:00:00+00:00,0.8171,0.8271,0.815,0.8205,695676.5
2026-09-07 10:00:00+00:00,0.8205,0.8236,0.8153,0.8168,336431.7
2026-09-07 11:00:00+00:00,0.8167,0.8242,0.8146,0.8223,416790.82
2026-09-07 12:00:00+00:00,0.8222,0.858,0.8216,0.8565,1565294.55
2026-09-07 13:00:00+00:00,0.8565,0.8821,0.8539,0.8608,3305341.51
2026-09-07 14:00:00+00:00,0.8607,0.868,0.8444,0.863,1736961.74
2026-09-07 15:00:00+00:00,0.8631,0.8669,0.8451,0.8525,1211576.09
2026-09-07 16:00:00+00:00,0.8526,0.8786,0.8526,0.865,1247474.07
2026-09-07 17:00:00+00:00,0.8649,0.8752,0.8596,0.8606,522370.78
2026-09-07 18:00:00+00:00,0.8607,0.8607,0.8323,0.8344,1042135.7
2026-09-07 19:00:00+00:00,0.8343,0.8412,0.8301,0.8379,548336.4
2026-09-07 20:00:00+00:00,0.8378,0.8382,0.8295,0.8365,254290.88
2026-09-07 21:00:00+00:00,0.8365,0.8426,0.8311,0.8354,424444.77
2026-09-07 22:00:00+00:00,0.8354,0.8354,0.8215,0.8298,353878.09
2026-09-07 23:00:00+00:00,0.8297,0.838,0.8297,0.8369,179228.32
2026-09-08 00:00:00+00:00,0.8368,0.8457,0.8355,0.845,308500.74
2026-09-08 01:00:00+00:00,0.845,0.8478,0.8399,0.8469,435759.53
2026-09-08 02:00:00+00:00,0.847,0.8522,0.8418,0.843,308210.91
2026-09-08 03:00:00+00:00,0.843,0.8577,0.84,0.852,736109.41
2026-09-08 04:00:00+00:00,0.8518,0.8534,0.8352,0.8371,575420.2
2026-09-08 05:00:00+00:00,0.8372,0.8544,0.8353,0.8501,471144.2
2026-09-08 06:00:00+00:00,0.8502,0.8522,0.8412,0.8485,460400.32
2026-09-08 07:00:00+00:00,0.8486,0.85,0.8358,0.8393,543278.39
2026-09-08 08:00:00+00:00,0.8393,0.858,0.8339,0.8464,473818.14
2026-09-08 09:00:00+00:00,0.8465,0.8649,0.8409,0.8619,517139.49
2026-09-08 10:00:00+00:00,0.8622,0.8665,0.8574,0.8619,593872.85
2026-09-08 11:00:00+00:00,0.8618,0.8634,0.8518,0.8599,484072.9
2026-09-08 12:00:00+00:00,0.8598,0.86,0.8426,0.8525,466463.06
2026-09-08 13:00:00+00:00,0.8524,0.8534,0.835,0.8456,550247.0
2026-09-08 14:00:00+00:00,0.8455,0.8622,0.8436,0.8619,374505.33
2026-09-08 15:00:00+00:00,0.8619,0.877,0.8585,0.8668,1005030.99
2026-09-08 16:00:00+00:00,0.8668,0.8668,0.8522,0.8557,359390.32
2026-09-08 17:00:00+00:00,0.8558,0.8599,0.8434,0.845,936481.75
2026-09-08 18:00:00+00:00,0.845,0.8508,0.8368,0.8405,431976.03
2026-09-08 19:00:00+00:00,0.8405,0.8451,0.8382,0.8431,205890.23
2026-09-08 20:00:00+00:00,0.8432,0.857,0.8427,0.8526,221477.48
2026-09-08 21:00:00+00:00,0.8527,0.8591,0.8475,0.851,223085.01
2026-09-08 22:00:00+00:00,0.851,0.8564,0.8472,0.8508,119085.14
2026-09-08 23:00:00+00:00,0.8506,0.8513,0.8445,0.8447,141694.71
2026-09-09 00:00:00+00:00,0.845,0.8555,0.8448,0.8502,240919.84
2026-09-09 01:00:00+00:00,0.8503,0.8504,0.8349,0.8414,387783.61
2026-09-09 02:00:00+00:00,0.8411,0.842,0.8256,0.8346,492798.23
2026-09-09 03:00:00+00:00,0.8347,0.8396,0.8322,0.8341,260045.22
2026-09-09 04:00:00+00:00,0.834,0.8449,0.8339,0.844,292598.2
2026-09-09 05:00:00+00:00,0.8442,0.8445,0.8328,0.8346,463790.11
2026-09-09 06:00:00+00:00,0.8346,0.8394,0.831,0.8374,315040.81
2026-09-09 07:00:00+00:00,0.8373,0.8437,0.8347,0.8362,270093.82
2026-09-09 08:00:00+00:00,0.8362,0.8407,0.8353,0.8372,235661.18
2026-09-09 09:00:00+00:00,0.8371,0.8379,0.8269,0.827,357539.79
2026-09-09 10:00:00+00:00,0.8269,0.8327,0.8225,0.8327,318727.88
2026-09-09 11:00:00+00:00,0.8328,0.8505,0.8292,0.8483,450943.25
2026-09-09 12:00:00+00:00,0.8483,0.849,0.841,0.8417,373812.77
2026-09-09 13:00:00+00:00,0.8417,0.8525,0.8394,0.8431,380437.07
2026-09-09 14:00:00+00:00,0.843,0.8499,0.8375,0.8481,422161.82
2026-09-09 15:00:00+00:00,0.8482,0.8544,0.8312,0.8507,673964.03
2026-09-09 16:00:00+00:00,0.8508,0.8514,0.8282,0.8435,412497.35
2026-09-09 17:00:00+00:00,0.8436,0.8541,0.8424,0.8436,341042.21
2026-09-09 18:00:00+00:00,0.8437,0.8505,0.8405,0.8455,216193.02
2026-09-09 19:00:00+00:00,0.8457,0.8484,0.826,0.8303,280047.88
2026-09-09 20:00:00+00:00,0.8304,0.837,0.8252,0.8343,156825.64
2026-09-09 21:00:00+00:00,0.8345,0.8376,0.826,0.8335,138365.57
2026-09-09 22:00:00+00:00,0.8335,0.8345,0.8063,0.8113,879753.11
2026-09-09 23:00:00+00:00,0.8113,0.8228,0.8102,0.8202,189795.46
2026-09-10 00:00:00+00:00,0.8201,0.8232,0.8123,0.8154,309191.94
2026-09-10 01:00:00+00:00,0.8154,0.8239,0.8086,0.8116,464775.95
2026-09-10 02:00:00+00:00,0.8115,0.8158,0.8034,0.8151,242981.02
2026-09-10 03:00:00+00:00,0.8152,0.8204,0.8144,0.8169,142228.81
2026-09-10 04:00:00+00:00,0.817,0.8207,0.813,0.8163,241631.84
2026-09-10 05:00:00+00:00,0.8163,0.8215,0.8132,0.8171,154063.5
2026-09-10 06:00:00+00:00,0.8172,0.8173,0.8066,0.814,182439.94
2026-09-10 07:00:00+00:00,0.8141,0.8141,0.7973,0.8006,573123.93
2026-09-10 08:00:00+00:00,0.8006,0.8036,0.796,0.7962,541345.96
2026-09-10 09:00:00+00:00,0.7963,0.8027,0.7949,0.7985,250818.23
2026-09-10 10:00:00+00:00,0.7984,0.8057,0.7983,0.8022,182498.42
2026-09-10 11:00:00+00:00,0.8022,0.8106,0.8003,0.8062,153125.41
2026-09-10 12:00:00+00:00,0.8063,0.8105,0.7839,0.7987,841308.14
2026-09-10 13:00:00+00:00,0.7987,0.8058,0.7983,0.8026,333478.92
2026-09-10 14:00:00+00:00,0.8027,0.8083,0.7954,0.8011,336595.05
2026-09-10 15:00:00+00:00,0.8011,0.805,0.7961,0.802,245622.46
2026-09-10 16:00:00+00:00,0.8019,0.8034,0.7851,0.7992,618104.91
2026-09-10 17:00:00+00:00,0.7992,0.807,0.7977,0.8046,180906.11
2026-09-10 18:00:00+00:00,0.8044,0.8052,0.7976,0.8051,252975.33
2026-09-10 19:00:00+00:00,0.805,0.8056,0.7946,0.7959,707968.8
2026-09-10 20:00:00+00:00,0.7959,0.8022,0.7945,0.8014,553529.11
2026-09-10 21:00:00+00:00,0.8012,0.8012,0.7904,0.7916,174042.67
2026-09-10 22:00:00+00:00,0.7917,0.7954,0.785,0.7857,234855.68
2026-09-10 23:00:00+00:00,0.7857,0.7893,0.777,0.7802,501248.12
2026-09-11 00:00:00+00:00,0.7803,0.7901,0.7792,0.789,468611.23
2026-09-11 01:00:00+00:00,0.7889,0.7906,0.7801,0.7853,254341.4
2026-09-11 02:00:00+00:00,0.7855,0.7877,0.7793,0.7858,191619.95
2026-09-11 03:00:00+00:00,0.7857,0.7892,0.7817,0.788,225196.51
2026-09-11 04:00:00+00:00,0.788,0.7949,0.7864,0.7932,92554.58
2026-09-11 05:00:00+00:00,0.7933,0.7981,0.7927,0.7966,139083.94
2026-09-11 06:00:00+00:00,0.7966,0.7966,0.7915,0.7926,266606.78
2026-09-11 07:00:00+00:00,0.7924,0.7966,0.7867,0.7874,166015.55
2026-09-11 08:00:00+00:00,0.7874,0.7916,0.785,0.7873,121217.96
2026-09-11 09:00:00+00:00,0.7873,0.7875,0.7764,0.7811,256689.54
2026-09-11 10:00:00+00:00,0.781,0.7876,0.7799,0.7803,324669.85
2026-09-11 11:00:00+00:00,0.7803,0.7832,0.7725,0.782,840738.11
2026-09-11 12:00:00+00:00,0.782,0.8013,0.7742,0.7982,1214968.9
2026-09-11 13:00:00+00:00,0.7984,0.8193,0.7868,0.8176,667502.96
2026-09-11 14:00:00+00:00,0.8177,0.828,0.811,0.8171,1691107.55
2026-09-11 15:00:00+00:00,0.8172,0.8211,0.7928,0.7972,730444.62
2026-09-11 16:00:00+00:00,0.7971,0.8091,0.7962,0.8074,414829.08
2026-09-11 17:00:00+00:00,0.8073,0.809,0.7894,0.7914,366844.52
2026-09-11 18:00:00+00:00,0.7913,0.7928,0.7753,0.7775,435205.49
2026-09-11 19:00:00+00:00,0.7776,0.7837,0.775,0.783,238602.09
2026-09-11 20:00:00+00:00,0.7829,0.7868,0.7783,0.7814,180687.28
2026-09-11 21:00:00+00:00,0.7813,0.7852,0.7743,0.7768,128297.7
2026-09-11 22:00:00+00:00,0.7767,0.7821,0.7748,0.7792,256928.29
2026-09-11 23:00:00+00:00,0.7792,0.786,0.7786,0.7859,115146.32
2026-09-12 00:00:00+00:00,0.786,0.8003,0.7855,0.7987,416990.32
2026-09-12 01:00:00+00:00,0.7987,0.802,0.7963,0.8006,163965.86
2026-09-12 02:00:00+00:00,0.8007,0.8012,0.7945,0.7959,300229.36
2026-09-12 03:00:00+00:00,0.7958,0.7987,0.794,0.7974,171751.05
2026-09-12 04:00:00+00:00,0.7973,0.8022,0.7969,0.7998,133733.01
2026-09-12 05:00:00+00:00,0.7998,0.8032,0.7975,0.8006,84397.63
2026-09-12 06:00:00+00:00,0.8006,0.8072,0.7981,0.8032,168244.81
2026-09-12 07:00:00+00:00,0.8033,0.8154,0.8018,0.8106,251406.14
2026-09-12 08:00:00+00:00,0.8106,0.8154,0.8079,0.8128,303267.83
2026-09-12 09:00:00+00:00,0.8128,0.8162,0.809,0.8111,240767.11
2026-09-12 10:00:00+00:00,0.8109,0.8131,0.8093,0.8129,165154.18
2026-09-12 11:00:00+00:00,0.813,0.8163,0.8097,0.8138,116999.2
2026-09-12 12:00:00+00:00,0.8138,0.8155,0.8107,0.812,92595.35
2026-09-12 13:00:00+00:00,0.8121,0.8129,0.8052,0.807,162206.7
2026-09-12 14:00:00+00:00,0.807,0.8107,0.8054,0.8091,126002.71
2026-09-12 15:00:00+00:00,0.8089,0.812,0.8073,0.8101,165082.05
2026-09-12 16:00:00+00:00,0.8102,0.8123,0.8074,0.8094,105748.67
2026-09-12 17:00:00+00:00,0.8094,0.8097,0.8032,0.805,86000.12
2026-09-12 18:00:00+00:00,0.805,0.806,0.8014,0.8024,86484.47
2026-09-12 19:00:00+00:00,0.8023,0.8028,0.7977,0.7997,101036.78
2026-09-12 20:00:00+00:00,0.7996,0.8033,0.7991,0.801,43484.91
2026-09-12 21:00:00+00:00,0.8008,0.805,0.8007,0.8017,75102.5
2026-09-12 22:00:00+00:00,0.8018,0.804,0.7986,0.7986,51374.97
2026-09-12 23:00:00+00:00,0.7985,0.8022,0.7969,0.8013,70736.27
2026-09-13 00:00:00+00:00,0.8012,0.808,0.8003,0.8075,66292.38
2026-09-13 01:00:00+00:00,0.8076,0.8094,0.804,0.8056,149573.93
2026-09-13 02:00:00+00:00,0.8056,0.8116,0.804,0.808,158883.82
2026-09-13 03:00:00+00:00,0.8079,0.8114,0.8054,0.808,123701.13
2026-09-13 04:00:00+00:00,0.8079,0.8227,0.8056,0.8142,345340.63
2026-09-13 05:00:00+00:00,0.8141,0.8181,0.8132,0.8154,294506.75
2026-09-13 06:00:00+00:00,0.8155,0.8168,0.8104,0.8131,183592.22
2026-09-13 07:00:00+00:00,0.8131,0.8153,0.8102,0.8105,135508.91
2026-09-13 08:00:00+00:00,0.8105,0.8123,0.8015,0.8024,241438.22
2026-09-13 09:00:00+00:00,0.8024,0.815,0.7997,0.8138,589561.74
2026-09-13 10:00:00+00:00,0.8137,0.8207,0.8114,0.8144,568646.46
2026-09-13 11:00:00+00:00,0.8145,0.8244,0.8093,0.8199,454669.95
2026-09-13 12:00:00+00:00,0.8194,0.8405,0.8168,0.8363,903995.87
2026-09-13 13:00:00+00:00,0.8364,0.8565,0.834,0.8549,1420608.3
2026-09-13 14:00:00+00:00,0.8548,0.9244,0.8523,0.9123,6918424.35
2026-09-13 15:00:00+00:00,0.9123,0.9655,0.9067,0.9474,6177926.9
2026-09-13 16:00:00+00:00,0.9473,0.9865,0.9413,0.9836,4783405.97
2026-09-13 17:00:00+00:00,0.9837,1.0336,0.9533,0.9672,7085312.57
2026-09-13 18:00:00+00:00,0.9672,1.0087,0.9657,0.9846,2427816.08
2026-09-13 19:00:00+00:00,0.9847,1.0047,0.975,0.9803,1654176.18
2026-09-13 20:00:00+00:00,0.9806,0.9969,0.9706,0.9908,1096083.39
2026-09-13 21:00:00+00:00,0.9907,1.0021,0.9762,0.9879,1157194.0
2026-09-13 22:00:00+00:00,0.9879,0.9879,0.9348,0.9382,3000147.95
2026-09-13 23:00:00+00:00,0.9384,0.9581,0.9369,0.9521,1372511.2
2026-09-14 00:00:00+00:00,0.9522,0.9873,0.9505,0.9772,1676984.66
2026-09-14 01:00:00+00:00,0.9773,1.0077,0.9683,0.9877,3194699.99
2026-09-14 02:00:00+00:00,0.9876,1.0096,0.9776,0.9839,2545493.84
2026-09-14 03:00:00+00:00,0.9838,1.035,0.9523,0.9683,3839498.95
2026-09-14 04:00:00+00:00,0.9682,0.9736,0.9459,0.968,1453085.22
2026-09-14 05:00:00+00:00,0.9681,0.9717,0.9534,0.9638,685318.82
2026-09-14 06:00:00+00:00,0.964,1.0063,0.9606,0.9965,1868302.21
2026-09-14 07:00:00+00:00,0.9966,1.0109,0.9873,1.0021,2239620.31
2026-09-14 08:00:00+00:00,1.0023,1.0218,0.9986,1.0162,1313370.93
2026-09-14 09:00:00+00:00,1.0163,1.0342,0.9927,1.0068,3083934.14
2026-09-14 10:00:00+00:00,1.0067,1.037,0.9974,1.0016,2670690.34
2026-09-14 11:00:00+00:00,1.0017,1.0097,0.9841,1.0005,2166389.76
2026-09-14 12:00:00+00:00,1.0004,1.0039,0.9821,1.0005,1252218.54
2026-09-14 13:00:00+00:00,1.0003,1.0027,0.977,0.9942,1584181.51
2026-09-14 14:00:00+00:00,0.9943,1.0397,0.9836,0.9856,2694823.18
2026-09-14 15:00:00+00:00,0.9856,0.9991,0.945,0.9538,2359841.94
2026-09-14 16:00:00+00:00,0.9538,0.9711,0.94,0.9701,1408943.45
2026-09-14 17:00:00+00:00,0.9701,0.972,0.953,0.9602,589386.57
2026-09-14 18:00:00+00:00,0.9601,0.971,0.9549,0.9594,1166741.95
2026-09-14 19:00:00+00:00,0.9594,0.9623,0.9449,0.9481,712300.94
2026-09-14 20:00:00+00:00,0.9481,0.9618,0.9424,0.9458,816622.96
2026-09-14 21:00:00+00:00,0.9458,0.9475,0.9326,0.9404,701652.89
2026-09-14 22:00:00+00:00,0.9405,0.947,0.9332,0.9356,407136.65
2026-09-14 23:00:00+00:00,0.9357,0.9433,0.935,0.9356,382224.19
2026-09-15 00:00:00+00:00,0.9355,0.9357,0.8982,0.9074,2941677.57
2026-09-15 01:00:00+00:00,0.9074,0.913,0.8956,0.8991,1027995.27
2026-09-15 02:00:00+00:00,0.899,0.9027,0.8932,0.8995,786686.81
2026-09-15 03:00:00+00:00,0.8995,0.9,0.8909,0.8915,414083.59
2026-09-15 04:00:00+00:00,0.8916,0.9018,0.888,0.8992,564513.36
2026-09-15 05:00:00+00:00,0.8993,0.9009,0.8805,0.8896,906813.07
2026-09-15 06:00:00+00:00,0.8895,0.8959,0.8877,0.8949,419049.95
2026-09-15 07:00:00+00:00,0.8948,0.8972,0.8822,0.8872,477724.45
2026-09-15 08:00:00+00:00,0.8873,0.8912,0.8849,0.8906,424413.57
2026-09-15 09:00:00+00:00,0.8905,0.8985,0.8862,0.8947,522886.63
2026-09-15 10:00:00+00:00,0.8945,0.8959,0.8838,0.8864,524461.67
2026-09-15 11:00:00+00:00,0.8865,0.8879,0.8677,0.8743,1113377.51
2026-09-15 12:00:00+00:00,0.8743,0.8808,0.8719,0.8765,796274.4
2026-09-15 13:00:00+00:00,0.8765,0.8862,0.8762,0.8805,818656.42
2026-09-15 14:00:00+00:00,0.8806,0.8823,0.8558,0.8622,1338428.82
2026-09-15 15:00:00+00:00,0.8622,0.8711,0.8584,0.8604,660238.78
2026-09-15 16:00:00+00:00,0.8605,0.8687,0.8599,0.86,465861.59
2026-09-15 17:00:00+00:00,0.8599,0.8599,0.8448,0.8457,1055770.89
2026-09-15 18:00:00+00:00,0.8456,0.848,0.8068,0.8254,2258899.1
2026-09-15 19:00:00+00:00,0.8254,0.8262,0.808,0.8131,985797.37
2026-09-15 20:00:00+00:00,0.813,0.8198,0.803,0.818,1089930.0
2026-09-15 21:00:00+00:00,0.8175,0.8203,0.8056,0.8065,359761.4
2026-09-15 22:00:00+00:00,0.8066,0.8159,0.8048,0.8128,552134.52
2026-09-15 23:00:00+00:00,0.8129,0.822,0.8111,0.8158,1174236.75
2026-09-16 00:00:00+00:00,0.8157,0.8164,0.8093,0.8099,432498.34
2026-09-16 01:00:00+00:00,0.8098,0.8109,0.7996,0.8048,819404.86
2026-09-16 02:00:00+00:00,0.8047,0.8208,0.8044,0.8135,939142.3
2026-09-16 03:00:00+00:00,0.8134,0.8167,0.8106,0.8156,495613.86
2026-09-16 04:00:00+00:00,0.8157,0.8262,0.8137,0.82,693371.35
2026-09-16 05:00:00+00:00,0.82,0.8244,0.8131,0.8139,599634.47
2026-09-16 06:00:00+00:00,0.8139,0.8166,0.8025,0.8105,468648.07
2026-09-16 07:00:00+00:00,0.8104,0.8126,0.8075,0.8097,479901.85
2026-09-16 08:00:00+00:00,0.8096,0.811,0.8043,0.808,706183.33
2026-09-16 09:00:00+00:00,0.808,0.8138,0.8029,0.8047,611797.12
2026-09-16 10:00:00+00:00,0.8048,0.8095,0.8038,0.8081,279931.38
2026-09-16 11:00:00+00:00,0.8082,0.8132,0.8053,0.8057,446088.75
2026-09-16 12:00:00+00:00,0.8057,0.8099,0.7557,0.7846,3647157.66
2026-09-16 13:00:00+00:00,0.7846,0.8003,0.7793,0.7871,2339668.12
2026-09-16 14:00:00+00:00,0.7872,0.7877,0.7735,0.7764,1484148.04
2026-09-16 15:00:00+00:00,0.7762,0.7816,0.7699,0.7762,1296162.03
2026-09-16 16:00:00+00:00,0.7763,0.7771,0.7695,0.7724,504863.99
2026-09-16 17:00:00+00:00,0.7723,0.7768,0.7673,0.774,684415.13
2026-09-16 18:00:00+00:00,0.774,0.7932,0.769,0.7791,1707661.7
2026-09-16 19:00:00+00:00,0.7788,0.7903,0.7754,0.7885,642746.36
2026-09-16 20:00:00+00:00,0.7886,0.8035,0.7874,0.8032,1368031.28
2026-09-16 21:00:00+00:00,0.8031,0.8078,0.7958,0.8001,627523.54
2026-09-16 22:00:00+00:00,0.8002,0.8023,0.7906,0.7995,376356.28
2026-09-16 23:00:00+00:00,0.7995,0.8099,0.7964,0.8066,606919.61
2026-09-17 00:00:00+00:00,0.8067,0.808,0.801,0.8017,560371.23
2026-09-17 01:00:00+00:00,0.8017,0.8063,0.7964,0.8009,420526.17
2026-09-17 02:00:00+00:00,0.801,0.8043,0.7963,0.7981,344199.87
2026-09-17 03:00:00+00:00,0.798,0.8038,0.7977,0.8003,221004.51
2026-09-17 04:00:00+00:00,0.8004,0.8009,0.787,0.7984,1999779.95
2026-09-17 05:00:00+00:00,0.7986,0.8029,0.7981,0.7989,469841.71
2026-09-17 06:00:00+00:00,0.7988,0.8035,0.7948,0.7989,268355.53
2026-09-17 07:00:00+00:00,0.7988,0.8042,0.7965,0.7985,509232.52
2026-09-17 08:00:00+00:00,0.7986,0.7994,0.795,0.7983,346061.32
2026-09-17 09:00:00+00:00,0.7984,0.803,0.796,0.7981,531885.37
2026-09-17 10:00:00+00:00,0.7981,0.8037,0.794,0.8017,496993.64
2026-09-17 11:00:00+00:00,0.8016,0.8034,0.7962,0.8011,254315.01
2026-09-17 12:00:00+00:00,0.8009,0.8191,0.7995,0.8122,1134831.71
2026-09-17 13:00:00+00:00,0.8122,0.8178,0.806,0.8175,1050353.69
2026-09-17 14:00:00+00:00,0.8176,0.8276,0.8127,0.8251,1211939.66
2026-09-17 15:00:00+00:00,0.825,0.8331,0.8134,0.829,951148.65
2026-09-17 16:00:00+00:00,0.8286,0.8306,0.8193,0.8238,523713.33
2026-09-17 17:00:00+00:00,0.8239,0.8271,0.8141,0.8158,337200.53
2026-09-17 18:00:00+00:00,0.8159,0.8193,0.8096,0.8121,501412.21
2026-09-17 19:00:00+00:00,0.812,0.8213,0.8116,0.8178,410499.99
2026-09-17 20:00:00+00:00,0.8177,0.8259,0.8172,0.825,243874.2
2026-09-17 21:00:00+00:00,0.825,0.8266,0.819,0.8197,157801.39
2026-09-17 22:00:00+00:00,0.8196,0.8305,0.8179,0.8291,274576.04
2026-09-17 23:00:00+00:00,0.829,0.8488,0.8268,0.841,717894.26
2026-09-18 00:00:00+00:00,0.8408,0.8526,0.8322,0.8511,635212.03
2026-09-18 01:00:00+00:00,0.8512,0.8589,0.8448,0.8573,646470.75
2026-09-18 02:00:00+00:00,0.8573,0.8615,0.8524,0.8543,1284878.13
2026-09-18 03:00:00+00:00,0.8543,0.8732,0.8513,0.8653,810044.43
2026-09-18 04:00:00+00:00,0.8654,0.8672,0.8574,0.8623,541469.17
2026-09-18 05:00:00+00:00,0.8624,0.865,0.8519,0.8616,723415.33
2026-09-18 06:00:00+00:00,0.8616,0.879,0.8577,0.8698,960597.36
2026-09-18 07:00:00+00:00,0.8697,0.8754,0.8647,0.8727,1564200.56
2026-09-18 08:00:00+00:00,0.8726,0.8731,0.8643,0.8673,683273.68
2026-09-18 09:00:00+00:00,0.8672,0.879,0.8654,0.8776,920776.27
2026-09-18 10:00:00+00:00,0.8777,0.8812,0.8692,0.871,734003.64
2026-09-18 11:00:00+00:00,0.871,0.8711,0.8514,0.8579,764491.59
2026-09-18 12:00:00+00:00,0.858,0.866,0.856,0.864,439723.59
2026-09-18 13:00:00+00:00,0.8641,0.89,0.862,0.8798,1384160.35
2026-09-18 14:00:00+00:00,0.8799,0.8961,0.8782,0.8926,1091587.86
2026-09-18 15:00:00+00:00,0.8926,0.8949,0.88,0.8929,693957.24
2026-09-18 16:00:00+00:00,0.8929,0.8974,0.8824,0.8855,684562.3
2026-09-18 17:00:00+00:00,0.8855,0.8995,0.881,0.8923,566480.81
2026-09-18 18:00:00+00:00,0.8921,0.8946,0.8877,0.8932,305603.17
2026-09-18 19:00:00+00:00,0.8933,0.9221,0.8922,0.9172,1468667.99
2026-09-18 20:00:00+00:00,0.9171,0.9262,0.906,0.9232,903685.2
2026-09-18 21:00:00+00:00,0.9231,0.9262,0.9121,0.9232,508251.91
2026-09-18 22:00:00+00:00,0.9235,0.9357,0.9177,0.9304,797617.81
2026-09-18 23:00:00+00:00,0.9303,0.9456,0.9221,0.9436,846303.28
2026-09-19 00:00:00+00:00,0.9436,0.9766,0.9409,0.9547,1413057.05
2026-09-19 01:00:00+00:00,0.9546,0.9746,0.9366,0.9663,1150654.81
2026-09-19 02:00:00+00:00,0.9659,0.9845,0.9564,0.9814,1112373.7
2026-09-19 03:00:00+00:00,0.9811,0.99,0.9632,0.989,1441975.85
2026-09-19 04:00:00+00:00,0.989,0.9971,0.9697,0.9841,1803267.95
2026-09-19 05:00:00+00:00,0.9836,0.999,0.9785,0.991,1420432.2
2026-09-19 06:00:00+00:00,0.9909,0.9994,0.954,0.9613,1959279.18
2026-09-19 07:00:00+00:00,0.9613,0.9627,0.9419,0.9531,2046060.8
2026-09-19 08:00:00+00:00,0.9531,0.9898,0.9509,0.9793,1538111.46
2026-09-19 09:00:00+00:00,0.9793,0.9795,0.9665,0.9717,849188.46
2026-09-19 10:00:00+00:00,0.9717,0.9882,0.969,0.979,725341.42
2026-09-19 11:00:00+00:00,0.979,0.9913,0.979,0.9867,685737.8
2026-09-19 12:00:00+00:00,0.9867,1.0032,0.9813,0.988,1347666.08
2026-09-19 13:00:00+00:00,0.9879,1.0058,0.9843,0.9884,909783.67
2026-09-19 14:00:00+00:00,0.9884,0.9964,0.9755,0.9772,857139.75
2026-09-19 15:00:00+00:00,0.9771,0.998,0.9728,0.9969,1411956.79
2026-09-19 16:00:00+00:00,0.9969,1.0787,0.9867,1.0763,3056872.23
2026-09-19 17:00:00+00:00,1.0766,1.1228,1.0552,1.116,4880496.89
2026-09-19 18:00:00+00:00,1.1165,1.1342,1.062,1.0745,3643584.73
2026-09-19 19:00:00+00:00,1.0746,1.0796,1.0324,1.0385,2258005.8
2026-09-19 20:00:00+00:00,1.0386,1.0428,1.012,1.0146,789236.45
2026-09-19 21:00:00+00:00,1.0149,1.0295,0.9959,0.996,1879136.55
2026-09-19 22:00:00+00:00,0.9963,0.9994,0.9393,0.9643,4350557.66
2026-09-19 23:00:00+00:00,0.9644,0.9725,0.9613,0.9619,716774.78
2026-09-20 00:00:00+00:00,0.962,0.9708,0.9541,0.9671,1102747.05
2026-09-20 01:00:00+00:00,0.967,0.9693,0.9538,0.9689,597634.06
2026-09-20 02:00:00+00:00,0.9689,0.9775,0.9361,0.9487,1206235.19
2026-09-20 03:00:00+00:00,0.9491,0.9636,0.9434,0.9562,1932120.45
2026-09-20 04:00:00+00:00,0.9562,0.9599,0.9496,0.9584,395029.34
2026-09-20 05:00:00+00:00,0.9585,0.9598,0.9503,0.9532,326791.41
2026-09-20 06:00:00+00:00,0.9533,0.955,0.9444,0.95,574060.92
2026-09-20 07:00:00+00:00,0.95,0.9608,0.9499,0.9536,490855.65
2026-09-20 08:00:00+00:00,0.9535,0.961,0.9419,0.9468,621603.31
2026-09-20 09:00:00+00:00,0.9467,0.9607,0.946,0.955,366134.44
2026-09-20 10:00:00+00:00,0.9551,0.9571,0.9479,0.9527,279715.09
2026-09-20 11:00:00+00:00,0.9528,0.9572,0.948,0.9569,337966.31
2026-09-20 12:00:00+00:00,0.9568,0.9591,0.945,0.9489,416303.25
2026-09-20 13:00:00+00:00,0.9488,0.9507,0.916,0.9182,1584104.55
2026-09-20 14:00:00+00:00,0.9183,0.9259,0.91,0.9148,974725.17
2026-09-20 15:00:00+00:00,0.9148,0.9306,0.9148,0.9295,754566.22
2026-09-20 16:00:00+00:00,0.9295,0.9643,0.9257,0.9584,1654638.55
2026-09-20 17:00:00+00:00,0.9583,0.9583,0.9423,0.9484,1501203.68
2026-09-20 18:00:00+00:00,0.9483,0.9536,0.9317,0.9387,641004.47
2026-09-20 19:00:00+00:00,0.9388,0.9534,0.9365,0.9509,389133.23
2026-09-20 20:00:00+00:00,0.951,0.9572,0.9449,0.9527,403804.07
2026-09-20 21:00:00+00:00,0.9526,0.9528,0.9356,0.9494,621766.58
2026-09-20 22:00:00+00:00,0.9495,0.9534,0.944,0.9464,396951.61
2026-09-20 23:00:00+00:00,0.9463,0.9497,0.9421,0.943,298506.6
2026-09-21 00:00:00+00:00,0.943,0.9644,0.9426,0.9588,1146352.16
2026-09-21 01:00:00+00:00,0.9587,0.9677,0.9367,0.9397,1138689.46
2026-09-21 02:00:00+00:00,0.9399,0.9502,0.9348,0.9463,506391.5
2026-09-21 03:00:00+00:00,0.9464,0.9572,0.9464,0.9543,599984.82
2026-09-21 04:00:00+00:00,0.9543,0.9568,0.9446,0.9527,594719.38
2026-09-21 05:00:00+00:00,0.9526,0.9592,0.9474,0.9536,483066.0
2026-09-21 06:00:00+00:00,0.9536,0.9651,0.9494,0.9636,953151.65
2026-09-21 07:00:00+00:00,0.9636,0.9692,0.9573,0.9656,647729.23
2026-09-21 08:00:00+00:00,0.9656,0.9899,0.9602,0.9884,2427169.83
2026-09-21 09:00:00+00:00,0.9883,1.0174,0.9651,0.9726,2812143.43
2026-09-21 10:00:00+00:00,0.9725,0.9908,0.966,0.9884,1307053.88
2026-09-21 11:00:00+00:00,0.9883,0.9949,0.9848,0.9855,922989.63
2026-09-21 12:00:00+00:00,0.9857,0.9965,0.979,0.9948,1114339.23
2026-09-21 13:00:00+00:00,0.9947,0.9985,0.9723,0.981,998801.23
2026-09-21 14:00:00+00:00,0.9809,0.983,0.9642,0.9765,1504265.72
2026-09-21 15:00:00+00:00,0.9764,0.9829,0.9567,0.9724,1109074.75
2026-09-21 16:00:00+00:00,0.9723,0.9794,0.9609,0.9649,514176.74
2026-09-21 17:00:00+00:00,0.965,0.9685,0.9522,0.9584,667759.73
2026-09-21 18:00:00+00:00,0.9584,0.9651,0.9551,0.9625,353217.73
2026-09-21 19:00:00+00:00,0.9627,0.9689,0.9588,0.9676,340613.16
2026-09-21 20:00:00+00:00,0.9677,0.9809,0.966,0.9741,724305.18
2026-09-21 21:00:00+00:00,0.974,0.9865,0.9699,0.9785,463146.9
2026-09-21 22:00:00+00:00,0.9786,0.9967,0.9786,0.9951,861267.7
2026-09-21 23:00:00+00:00,0.9951,0.9957,0.9816,0.9858,475401.54
2026-09-22 00:00:00+00:00,0.9858,1.0029,0.9835,0.9877,2587466.01
2026-09-22 01:00:00+00:00,0.9878,1.0108,0.9845,1.0018,1981800.05
2026-09-22 02:00:00+00:00,1.0017,1.0129,0.9956,0.9994,869499.95
2026-09-22 03:00:00+00:00,0.9995,1.0069,0.9888,1.0017,802509.51
2026-09-22 04:00:00+00:00,1.0016,1.0099,0.989,0.9923,752673.62
2026-09-22 05:00:00+00:00,0.9924,1.0017,0.9818,0.9962,599633.39
2026-09-22 06:00:00+00:00,0.9962,1.001,0.9854,0.9915,570483.0
2026-09-22 07:00:00+00:00,0.9916,0.9954,0.9844,0.9924,403789.72
2026-09-22 08:00:00+00:00,0.9925,1.0043,0.9797,0.9928,3213403.16
2026-09-22 09:00:00+00:00,0.9927,0.9927,0.9729,0.9861,1050694.33
2026-09-22 10:00:00+00:00,0.986,0.9877,0.9737,0.9869,627442.16
2026-09-22 11:00:00+00:00,0.987,0.9991,0.9836,0.9961,493421.22
2026-09-22 12:00:00+00:00,0.9959,1.0202,0.9888,1.0095,2952676.04
2026-09-22 13:00:00+00:00,1.0096,1.0376,1.0071,1.0191,2281645.01
2026-09-22 14:00:00+00:00,1.0192,1.0196,0.9824,0.9939,1433649.45
2026-09-22 15:00:00+00:00,0.9939,1.0139,0.9932,1.0101,757049.76
2026-09-22 16:00:00+00:00,1.0102,1.0137,0.9972,1.0056,646325.28
2026-09-22 17:00:00+00:00,1.0057,1.0069,0.9965,1.0026,465679.73
2026-09-22 18:00:00+00:00,1.0024,1.0052,0.9967,0.998,360820.8
2026-09-22 19:00:00+00:00,0.9982,1.0315,0.9963,1.0046,2425619.6
2026-09-22 20:00:00+00:00,1.0048,1.0186,1.001,1.0167,519362.08
2026-09-22 21:00:00+00:00,1.0168,1.0237,1.0123,1.0166,422563.65
2026-09-22 22:00:00+00:00,1.0163,1.0394,1.0081,1.0325,1154351.78
2026-09-22 23:00:00+00:00,1.0326,1.0556,1.0285,1.044,875955.17
2026-09-23 00:00:00+00:00,1.0439,1.0624,1.0345,1.0373,935344.8
2026-09-23 01:00:00+00:00,1.0374,1.0461,1.0254,1.0297,873169.41
2026-09-23 02:00:00+00:00,1.0296,1.0448,1.0221,1.0441,463894.1
2026-09-23 03:00:00+00:00,1.0441,1.065,1.0424,1.0566,1298151.26
2026-09-23 04:00:00+00:00,1.0563,1.059,1.045,1.045,541091.56
2026-09-23 05:00:00+00:00,1.045,1.0552,1.0371,1.0433,925302.31
2026-09-23 06:00:00+00:00,1.0432,1.0561,1.0401,1.0452,2544646.6
2026-09-23 07:00:00+00:00,1.0448,1.0448,1.029,1.0319,1029261.84
2026-09-23 08:00:00+00:00,1.0321,1.0417,1.0212,1.0279,627155.5
2026-09-23 09:00:00+00:00,1.0276,1.0395,1.0254,1.0293,674662.04
2026-09-23 10:00:00+00:00,1.0294,1.0427,1.0244,1.0419,658338.58
2026-09-23 11:00:00+00:00,1.0419,1.042,1.0153,1.0283,1764129.15
2026-09-23 12:00:00+00:00,1.0282,1.0336,1.0208,1.0262,614976.21
2026-09-23 13:00:00+00:00,1.0262,1.0264,1.011,1.0161,976729.31
2026-09-23 14:00:00+00:00,1.0162,1.0217,0.912,0.9568,5836858.2
2026-09-23 15:00:00+00:00,0.9568,0.9636,0.9251,0.9291,1781313.96
2026-09-23 16:00:00+00:00,0.9292,0.9413,0.9153,0.9409,1446590.89
2026-09-23 17:00:00+00:00,0.9408,0.9434,0.9294,0.9375,524598.16
2026-09-23 18:00:00+00:00,0.9376,0.938,0.925,0.9281,547747.65
2026-09-23 19:00:00+00:00,0.9282,0.933,0.9253,0.9283,320297.81
2026-09-23 20:00:00+00:00,0.9284,0.9296,0.9172,0.92,463645.87
2026-09-23 21:00:00+00:00,0.9201,0.9283,0.918,0.9231,502412.58
2026-09-23 22:00:00+00:00,0.9233,0.9334,0.9223,0.9268,875209.37
2026-09-23 23:00:00+00:00,0.9266,0.94,0.925,0.9361,579016.94
2026-09-24 00:00:00+00:00,0.9363,0.9432,0.9316,0.9332,466832.75
2026-09-24 01:00:00+00:00,0.9333,0.9388,0.9279,0.9293,277407.32
2026-09-24 02:00:00+00:00,0.9294,0.9615,0.9266,0.9564,522106.41
2026-09-24 03:00:00+00:00,0.9565,0.9583,0.9387,0.9411,501999.49
2026-09-24 04:00:00+00:00,0.9412,0.9638,0.939,0.9632,389526.77
2026-09-24 05:00:00+00:00,0.9631,0.9874,0.9623,0.9776,1337172.61
2026-09-24 06:00:00+00:00,0.9775,0.9922,0.9752,0.9876,721088.31
2026-09-24 07:00:00+00:00,0.9876,0.997,0.9786,0.9915,802471.75
2026-09-24 08:00:00+00:00,0.9917,1.0,0.9642,0.9795,1197772.85
2026-09-24 09:00:00+00:00,0.9796,0.9849,0.9534,0.9549,1222107.08
2026-09-24 10:00:00+00:00,0.9548,0.9698,0.954,0.9637,495679.27
2026-09-24 11:00:00+00:00,0.9637,0.9677,0.9533,0.9585,418037.72
2026-09-24 12:00:00+00:00,0.9584,0.9627,0.9484,0.9619,509481.49
2026-09-24 13:00:00+00:00,0.962,0.9817,0.962,0.9813,644295.35
2026-09-24 14:00:00+00:00,0.9812,1.0202,0.9793,0.9919,2718764.09
2026-09-24 15:00:00+00:00,0.9917,1.006,0.9836,0.9957,1091536.52
2026-09-24 16:00:00+00:00,0.9958,1.0147,0.9879,1.0119,1166401.72
2026-09-24 17:00:00+00:00,1.0118,1.0164,0.9976,1.0013,581040.03
2026-09-24 18:00:00+00:00,1.0012,1.0028,0.9901,1.0005,364373.75
2026-09-24 19:00:00+00:00,1.0007,1.0033,0.9921,0.9977,281168.7
2026-09-24 20:00:00+00:00,0.9976,1.0042,0.9936,1.0004,243985.91
2026-09-24 21:00:00+00:00,1.0005,1.005,0.9971,0.9989,134380.68
2026-09-24 22:00:00+00:00,0.9988,0.9988,0.9905,0.9932,392458.53
2026-09-24 23:00:00+00:00,0.9933,0.9982,0.9893,0.9908,267240.81
2026-09-25 00:00:00+00:00,0.9906,0.9988,0.9867,0.9912,543402.86
2026-09-25 01:00:00+00:00,0.9912,0.9997,0.9826,0.9859,377728.04
2026-09-25 02:00:00+00:00,0.986,0.9944,0.9722,0.9769,816606.08
2026-09-25 03:00:00+00:00,0.977,0.9873,0.9747,0.9855,281243.39
2026-09-25 04:00:00+00:00,0.9855,0.9948,0.9802,0.9896,185494.51
2026-09-25 05:00:00+00:00,0.9895,0.9929,0.9838,0.9871,278192.16
2026-09-25 06:00:00+00:00,0.987,0.9965,0.9833,0.993,385062.36
2026-09-25 07:00:00+00:00,0.9929,1.0027,0.9899,0.9999,408874.34
2026-09-25 08:00:00+00:00,0.9999,1.03,0.9976,1.018,1643069.35
2026-09-25 09:00:00+00:00,1.018,1.0211,1.0085,1.0178,493924.04
2026-09-25 10:00:00+00:00,1.0174,1.021,1.0089,1.0188,580821.52
2026-09-25 11:00:00+00:00,1.0192,1.0392,1.0185,1.03,1623501.76
2026-09-25 12:00:00+00:00,1.0301,1.035,1.012,1.0286,1021139.1
2026-09-25 13:00:00+00:00,1.0287,1.034,1.0075,1.016,698683.76
2026-09-25 14:00:00+00:00,1.0161,1.0216,0.9938,1.0214,839582.41
2026-09-25 15:00:00+00:00,1.0213,1.0299,1.0089,1.0279,702169.78
2026-09-25 16:00:00+00:00,1.028,1.0403,1.0213,1.0225,720617.07
2026-09-25 17:00:00+00:00,1.0225,1.0292,1.0134,1.024,389459.37
2026-09-25 18:00:00+00:00,1.0241,1.0305,1.0202,1.0287,248395.18
2026-09-25 19:00:00+00:00,1.0285,1.031,1.0231,1.0303,223384.21
2026-09-25 20:00:00+00:00,1.0305,1.05,1.0305,1.0432,384614.28
2026-09-25 21:00:00+00:00,1.0431,1.0445,1.0306,1.0328,346650.34
2026-09-25 22:00:00+00:00,1.033,1.0518,1.0317,1.0477,347611.49
2026-09-25 23:00:00+00:00,1.0476,1.0596,1.0453,1.05,488665.44
2026-09-26 00:00:00+00:00,1.0499,1.0512,1.0401,1.0424,360351.98
2026-09-26 01:00:00+00:00,1.0423,1.0554,1.0415,1.0438,322380.34
2026-09-26 02:00:00+00:00,1.0438,1.0452,1.0366,1.0382,296173.58
2026-09-26 03:00:00+00:00,1.0381,1.0381,1.0308,1.0349,276119.28
2026-09-26 04:00:00+00:00,1.0349,1.0502,1.034,1.0475,245545.99
2026-09-26 05:00:00+00:00,1.0476,1.0628,1.0454,1.0577,619047.78
2026-09-26 06:00:00+00:00,1.0577,1.087,1.0536,1.0812,1299220.08
2026-09-26 07:00:00+00:00,1.0813,1.0889,1.0717,1.076,869548.62
2026-09-26 08:00:00+00:00,1.076,1.0898,1.0738,1.0838,498194.08
2026-09-26 09:00:00+00:00,1.0838,1.0874,1.0642,1.0756,659713.28
2026-09-26 10:00:00+00:00,1.0757,1.0994,1.0757,1.094,752367.34
2026-09-26 11:00:00+00:00,1.0938,1.1039,1.0824,1.0879,1159946.59
2026-09-26 12:00:00+00:00,1.0879,1.0957,1.0786,1.0801,569685.48
2026-09-26 13:00:00+00:00,1.0802,1.1036,1.0754,1.0998,714008.54
2026-09-26 14:00:00+00:00,1.0999,1.1837,1.0918,1.1674,4576112.86
2026-09-26 15:00:00+00:00,1.1674,1.2258,1.1665,1.1991,5531587.47
2026-09-26 16:00:00+00:00,1.199,1.2296,1.186,1.2197,2932115.05
2026-09-26 17:00:00+00:00,1.2198,1.2266,1.1632,1.1703,2652648.03
2026-09-26 18:00:00+00:00,1.1703,1.1722,1.1415,1.1493,1410385.06
2026-09-26 19:00:00+00:00,1.1493,1.153,1.1387,1.1399,674667.38
2026-09-26 20:00:00+00:00,1.1397,1.1413,1.1064,1.1117,961812.39
2026-09-26 21:00:00+00:00,1.1118,1.1332,1.111,1.1213,552876.61
2026-09-26 22:00:00+00:00,1.1211,1.1291,1.116,1.1221,301275.48
2026-09-26 23:00:00+00:00,1.1216,1.1395,1.1212,1.1335,488195.85
2026-09-27 00:00:00+00:00,1.1336,1.1364,1.1258,1.1276,520740.65
2026-09-27 01:00:00+00:00,1.1275,1.1429,1.1222,1.1348,544192.68
2026-09-27 02:00:00+00:00,1.1346,1.1534,1.1345,1.1463,970146.22
2026-09-27 03:00:00+00:00,1.1463,1.1522,1.1385,1.1391,488942.39
2026-09-27 04:00:00+00:00,1.1391,1.1393,1.114,1.1265,694838.08
2026-09-27 05:00:00+00:00,1.1264,1.1397,1.123,1.1368,365890.23
2026-09-27 06:00:00+00:00,1.1369,1.1446,1.134,1.1401,434911.74
2026-09-27 07:00:00+00:00,1.1401,1.1567,1.1368,1.1531,572723.52
2026-09-27 08:00:00+00:00,1.1532,1.1582,1.1471,1.1472,682515.29
2026-09-27 09:00:00+00:00,1.1474,1.1504,1.1395,1.1432,566263.25
2026-09-27 10:00:00+00:00,1.1432,1.1474,1.1339,1.1351,396213.41
2026-09-27 11:00:00+00:00,1.1351,1.1438,1.1321,1.1409,281290.58
2026-09-27 12:00:00+00:00,1.1408,1.1453,1.1264,1.1301,390964.59
2026-09-27 13:00:00+00:00,1.1301,1.1325,1.118,1.1311,544936.15
2026-09-27 14:00:00+00:00,1.1312,1.1383,1.1284,1.1337,286180.34
2026-09-27 15:00:00+00:00,1.1341,1.1402,1.123,1.1383,424431.06
2026-09-27 16:00:00+00:00,1.1382,1.1571,1.1339,1.1489,668218.75
2026-09-27 17:00:00+00:00,1.1488,1.1578,1.1459,1.1545,410185.6
2026-09-27 18:00:00+00:00,1.1547,1.1599,1.1455,1.1491,311038.38
2026-09-27 19:00:00+00:00,1.1492,1.1501,1.1361,1.1368,436867.59
2026-09-27 20:00:00+00:00,1.1369,1.1428,1.1323,1.1345,212126.29
2026-09-27 21:00:00+00:00,1.1346,1.145,1.1294,1.138,348590.72
2026-09-27 22:00:00+00:00,1.1382,1.1403,1.1193,1.1285,520742.64
2026-09-27 23:00:00+00:00,1.1286,1.1421,1.1286,1.1409,303569.94
2026-09-28 00:00:00+00:00,1.1409,1.1528,1.1272,1.1307,674036.12
2026-09-28 01:00:00+00:00,1.1306,1.1389,1.1129,1.1165,959674.69
2026-09-28 02:00:00+00:00,1.1164,1.1221,1.103,1.1088,1121713.72
2026-09-28 03:00:00+00:00,1.1089,1.1156,1.0823,1.0888,1041654.98
2026-09-28 04:00:00+00:00,1.0889,1.0997,1.078,1.0987,474640.84
2026-09-28 05:00:00+00:00,1.0986,1.1028,1.0667,1.0827,779930.34
2026-09-28 06:00:00+00:00,1.0826,1.0887,1.0736,1.0804,378231.56
2026-09-28 07:00:00+00:00,1.0803,1.0878,1.0603,1.0641,613670.4
2026-09-28 08:00:00+00:00,1.0642,1.0751,1.0605,1.0614,512355.83
2026-09-28 09:00:00+00:00,1.0616,1.063,1.0377,1.0465,1399637.08
2026-09-28 10:00:00+00:00,1.0466,1.0589,1.045,1.0511,521651.43
2026-09-28 11:00:00+00:00,1.0512,1.0548,1.0442,1.0484,687304.04
2026-09-28 12:00:00+00:00,1.0482,1.0704,1.0455,1.0676,1328492.77
2026-09-28 13:00:00+00:00,1.0676,1.0688,1.0562,1.0598,683902.11
2026-09-28 14:00:00+00:00,1.0598,1.0598,1.0168,1.0285,2315837.2
2026-09-28 15:00:00+00:00,1.0286,1.0396,1.0207,1.038,969656.75
2026-09-28 16:00:00+00:00,1.0381,1.0678,1.0329,1.0591,741529.98
2026-09-28 17:00:00+00:00,1.059,1.068,1.0454,1.0546,559983.4
2026-09-28 18:00:00+00:00,1.0545,1.0624,1.0504,1.0612,342803.0
2026-09-28 19:00:00+00:00,1.0614,1.0614,1.033,1.0347,288198.47
2026-09-28 20:00:00+00:00,1.0348,1.0501,1.0293,1.0464,226526.72
2026-09-28 21:00:00+00:00,1.0465,1.0529,1.0359,1.0366,227822.56
2026-09-28 22:00:00+00:00,1.0366,1.0475,1.0304,1.0468,698335.47
2026-09-28 23:00:00+00:00,1.0469,1.0653,1.0456,1.0633,449656.44
2026-09-29 00:00:00+00:00,1.0635,1.0671,1.0537,1.0564,985955.23
2026-09-29 01:00:00+00:00,1.0563,1.063,1.0277,1.035,574234.27
2026-09-29 02:00:00+00:00,1.0351,1.0389,1.0088,1.0178,1878497.55
2026-09-29 03:00:00+00:00,1.0178,1.0369,1.0168,1.0315,601094.17
2026-09-29 04:00:00+00:00,1.0316,1.0416,1.0237,1.0298,366955.62
2026-09-29 05:00:00+00:00,1.0297,1.0478,1.0263,1.0459,737408.32
2026-09-29 06:00:00+00:00,1.046,1.051,1.0422,1.0473,524476.06
2026-09-29 07:00:00+00:00,1.0473,1.0614,1.0428,1.0592,457233.97
2026-09-29 08:00:00+00:00,1.0591,1.0706,1.0522,1.0653,740227.45
2026-09-29 09:00:00+00:00,1.0653,1.0823,1.0614,1.0739,601526.43
2026-09-29 10:00:00+00:00,1.0737,1.082,1.0649,1.08,447764.31
2026-09-29 11:00:00+00:00,1.0801,1.09,1.0753,1.0852,673587.69
2026-09-29 12:00:00+00:00,1.085,1.0915,1.0736,1.0759,370119.06
2026-09-29 13:00:00+00:00,1.0758,1.0812,1.0684,1.0773,338562.58
2026-09-29 14:00:00+00:00,1.0771,1.1166,1.0728,1.1083,1584494.19
2026-09-29 15:00:00+00:00,1.1082,1.1098,1.0769,1.0844,1701745.38
2026-09-29 16:00:00+00:00,1.0843,1.0876,1.0585,1.0634,852449.95
2026-09-29 17:00:00+00:00,1.0635,1.0644,1.0518,1.0596,384529.47
2026-09-29 18:00:00+00:00,1.0596,1.0777,1.0592,1.0734,249103.26
2026-09-29 19:00:00+00:00,1.0733,1.0819,1.0682,1.0686,156775.66
2026-09-29 20:00:00+00:00,1.0685,1.0872,1.0652,1.0828,193741.92
2026-09-29 21:00:00+00:00,1.0827,1.0865,1.0717,1.08,647462.58
2026-09-29 22:00:00+00:00,1.08,1.0854,1.07,1.074,189809.06
2026-09-29 23:00:00+00:00,1.0739,1.0776,1.0515,1.0586,761344.29
2026-09-30 00:00:00+00:00,1.0585,1.0618,1.0521,1.0587,403921.99
2026-09-30 01:00:00+00:00,1.0587,1.078,1.057,1.0675,381514.68
2026-09-30 02:00:00+00:00,1.0675,1.0731,1.0578,1.0664,666247.45
2026-09-30 03:00:00+00:00,1.0664,1.0675,1.0527,1.0551,263777.53
2026-09-30 04:00:00+00:00,1.0551,1.069,1.0544,1.0614,299757.56
2026-09-30 05:00:00+00:00,1.0615,1.0747,1.06,1.0693,321192.72
2026-09-30 06:00:00+00:00,1.0692,1.0729,1.0485,1.0536,368290.01
2026-09-30 07:00:00+00:00,1.0535,1.0668,1.0512,1.0609,264464.04
2026-09-30 08:00:00+00:00,1.061,1.0728,1.0555,1.0701,286772.93
2026-09-30 09:00:00+00:00,1.0702,1.0854,1.0692,1.0757,370266.4
2026-09-30 10:00:00+00:00,1.0756,1.0774,1.0706,1.0747,194621.26
2026-09-30 11:00:00+00:00,1.0746,1.0751,1.0615,1.0747,401417.19
2026-09-30 12:00:00+00:00,1.0747,1.0915,1.0626,1.0853,1360762.26
2026-09-30 13:00:00+00:00,1.0851,1.0902,1.0555,1.0707,1693139.76
2026-09-30 14:00:00+00:00,1.0708,1.0736,1.0426,1.0542,974003.99
2026-09-30 15:00:00+00:00,1.0541,1.0623,1.0393,1.0602,1658626.1
2026-09-30 16:00:00+00:00,1.0602,1.07,1.0589,1.0642,668817.38
2026-09-30 17:00:00+00:00,1.0643,1.0668,1.0385,1.0405,1078592.38
2026-09-30 18:00:00+00:00,1.0404,1.0431,1.0277,1.0332,986452.25
2026-09-30 19:00:00+00:00,1.0333,1.0358,1.0234,1.0292,376006.93
2026-09-30 20:00:00+00:00,1.0293,1.0426,1.0293,1.0391,405186.11
2026-09-30 21:00:00+00:00,1.0391,1.0433,1.035,1.0353,301444.43
2026-09-30 22:00:00+00:00,1.0354,1.0437,1.0264,1.0414,270096.29
2026-09-30 23:00:00+00:00,1.0413,1.0495,1.0412,1.0433,359194.34
2026-10-01 00:00:00+00:00,1.0432,1.0505,1.0385,1.0479,330605.73
2026-10-01 01:00:00+00:00,1.0479,1.0647,1.0435,1.0443,473076.33
2026-10-01 02:00:00+00:00,1.0444,1.0529,1.0388,1.0519,323590.81
2026-10-01 03:00:00+00:00,1.052,1.0595,1.049,1.0576,369351.3
2026-10-01 04:00:00+00:00,1.0576,1.058,1.0477,1.0497,222596.37
2026-10-01 05:00:00+00:00,1.0504,1.0546,1.0474,1.0492,214322.36
2026-10-01 06:00:00+00:00,1.0492,1.0512,1.043,1.0494,416602.7
2026-10-01 07:00:00+00:00,1.0493,1.0507,1.019,1.0234,1045598.97
2026-10-01 08:00:00+00:00,1.0234,1.0298,1.0191,1.0284,977256.74
2026-10-01 09:00:00+00:00,1.0282,1.0308,1.024,1.0263,321203.59
2026-10-01 10:00:00+00:00,1.0264,1.027,1.0057,1.0214,1499592.36
2026-10-01 11:00:00+00:00,1.0213,1.0266,1.0145,1.0253,560894.86
2026-10-01 12:00:00+00:00,1.0254,1.0258,1.0094,1.0138,501937.33
2026-10-01 13:00:00+00:00,1.0139,1.0151,1.0004,1.0081,1262289.07
2026-10-01 14:00:00+00:00,1.0077,1.0098,0.9901,0.9981,1290131.62
2026-10-01 15:00:00+00:00,0.9981,1.012,0.9922,1.0069,885126.28
2026-10-01 16:00:00+00:00,1.0064,1.0168,1.0037,1.0045,467656.71
2026-10-01 17:00:00+00:00,1.0047,1.0294,1.0039,1.0255,813185.62
2026-10-01 18:00:00+00:00,1.0253,1.0278,1.0174,1.0199,390511.68
2026-10-01 19:00:00+00:00,1.02,1.0239,1.0098,1.0186,346821.32
2026-10-01 20:00:00+00:00,1.0189,1.0217,1.0156,1.0171,249413.18
2026-10-01 21:00:00+00:00,1.0169,1.017,1.0057,1.0083,157077.16
2026-10-01 22:00:00+00:00,1.0082,1.0168,1.008,1.0137,239862.85
2026-10-01 23:00:00+00:00,1.0138,1.0212,1.0121,1.0204,106022.68
2026-10-02 00:00:00+00:00,1.0203,1.0241,1.0147,1.0151,213676.35
2026-10-02 01:00:00+00:00,1.0153,1.0188,1.0088,1.0174,201315.93
2026-10-02 02:00:00+00:00,1.0175,1.0248,1.0168,1.0235,457166.77
2026-10-02 03:00:00+00:00,1.0236,1.0279,1.0165,1.0188,137639.85
