time,open,high,low,close,volume
2026-06-04 04:00:00+00:00,0.08578,0.08685,0.08576,0.08644,10862325.0
2026-06-04 05:00:00+00:00,0.08644,0.08663,0.08535,0.08591,9389837.0
2026-06-04 06:00:00+00:00,0.08591,0.08757,0.08568,0.08713,10680674.0
2026-06-04 07:00:00+00:00,0.08712,0.08719,0.08562,0.08576,9662919.0
2026-06-04 08:00:00+00:00,0.08577,0.08612,0.08497,0.0851,10356463.0
2026-06-04 09:00:00+00:00,0.0851,0.08511,0.08325,0.08418,9900253.0
2026-06-04 10:00:00+00:00,0.08419,0.0842,0.08293,0.08321,10405756.0
2026-06-04 11:00:00+00:00,0.08322,0.08376,0.0827,0.08361,9124192.0
2026-06-04 12:00:00+00:00,0.08362,0.08542,0.08311,0.08519,10292774.0
2026-06-04 13:00:00+00:00,0.08517,0.08586,0.08417,0.08579,10236752.0
2026-06-04 14:00:00+00:00,0.0858,0.08606,0.08531,0.08601,7419717.0
2026-06-04 15:00:00+00:00,0.08601,0.08771,0.08548,0.08575,15814196.0
2026-06-04 16:00:00+00:00,0.08574,0.08575,0.08456,0.08563,11318194.0
2026-06-04 17:00:00+00:00,0.08562,0.08587,0.08481,0.0852,6950538.0
2026-06-04 18:00:00+00:00,0.08522,0.08558,0.08442,0.08497,5714435.0
2026-06-04 19:00:00+00:00,0.08497,0.08535,0.08454,0.08482,3780809.0
2026-06-04 20:00:00+00:00,0.08482,0.08509,0.08441,0.08482,3417904.0
2026-06-04 21:00:00+00:00,0.08483,0.08541,0.08358,0.08358,7193441.0
2026-06-04 22:00:00+00:00,0.08358,0.08422,0.08333,0.08412,5339181.0
2026-06-04 23:00:00+00:00,0.08411,0.08438,0.08321,0.08381,3840448.0
2026-06-05 00:00:00+00:00,0.08379,0.08396,0.08329,0.0835,5125358.0
2026-06-05 01:00:00+00:00,0.0835,0.0839,0.08289,0.0835,4915704.0
2026-06-05 02:00:00+00:00,0.08349,0.08349,0.08205,0.08214,5872100.0
2026-06-05 03:00:00+00:00,0.08214,0.08259,0.08175,0.0818,6449968.0
2026-06-05 04:00:00+00:00,0.08181,0.08312,0.08127,0.08284,10018513.0
2026-06-05 05:00:00+00:00,0.08282,0.08296,0.08119,0.08119,8655104.0
2026-06-05 06:00:00+00:00,0.08121,0.08158,0.07903,0.08136,28382264.0
2026-06-05 07:00:00+00:00,0.08135,0.08207,0.08059,0.082,18034347.0
2026-06-05 08:00:00+00:00,0.08202,0.08203,0.08088,0.08138,10544128.0
2026-06-05 09:00:00+00:00,0.08139,0.08241,0.08134,0.0823,9525751.0
2026-06-05 10:00:00+00:00,0.08231,0.08261,0.08158,0.08212,6645187.0
2026-06-05 11:00:00+00:00,0.08212,0.08212,0.08006,0.08068,17877002.0
2026-06-05 12:00:00+00:00,0.08067,0.08148,0.08025,0.08105,6635330.0
2026-06-05 13:00:00+00:00,0.08106,0.08273,0.08073,0.08078,13994918.0
2026-06-05 14:00:00+00:00,0.08077,0.08131,0.07963,0.07981,15585680.0
2026-06-05 15:00:00+00:00,0.0798,0.08011,0.07881,0.0798,15548778.0
2026-06-05 16:00:00+00:00,0.07979,0.08062,0.07832,0.0805,18717899.0
2026-06-05 17:00:00+00:00,0.08049,0.08111,0.07983,0.08069,8106825.0
2026-06-05 18:00:00+00:00,0.08069,0.08085,0.0782,0.07824,9092104.0
2026-06-05 19:00:00+00:00,0.07825,0.0798,0.07742,0.07935,14614668.0
2026-06-05 20:00:00+00:00,0.07934,0.08093,0.07869,0.08086,10821096.0
2026-06-05 21:00:00+00:00,0.08085,0.08167,0.08081,0.08105,7334432.0
2026-06-05 22:00:00+00:00,0.08104,0.08129,0.08029,0.08095,8334346.0
2026-06-05 23:00:00+00:00,0.08095,0.0813,0.07954,0.08035,8281261.0
2026-06-06 00:00:00+00:00,0.08034,0.0813,0.08027,0.08118,5584310.0
2026-06-06 01:00:00+00:00,0.08119,0.08127,0.08013,0.08032,4266452.0
2026-06-06 02:00:00+00:00,0.08031,0.08036,0.07971,0.07971,3706092.0
2026-06-06 03:00:00+00:00,0.07971,0.07977,0.07857,0.07868,6682387.0
2026-06-06 04:00:00+00:00,0.07868,0.07897,0.07659,0.07714,13714568.0
2026-06-06 05:00:00+00:00,0.07715,0.079,0.07668,0.07881,11122351.0
2026-06-06 06:00:00+00:00,0.07882,0.07958,0.07864,0.07876,9910597.0
2026-06-06 07:00:00+00:00,0.07875,0.0796,0.07839,0.0795,6931725.0
2026-06-06 08:00:00+00:00,0.07951,0.07998,0.07903,0.07994,11385971.0
2026-06-06 09:00:00+00:00,0.07994,0.08012,0.07905,0.07923,4458516.0
2026-06-06 10:00:00+00:00,0.07922,0.07923,0.07767,0.07836,7578294.0
2026-06-06 11:00:00+00:00,0.07835,0.07895,0.07822,0.07866,3125088.0
2026-06-06 12:00:00+00:00,0.07867,0.07938,0.07836,0.07911,4857130.0
2026-06-06 13:00:00+00:00,0.0791,0.07931,0.07855,0.07864,3635117.0
2026-06-06 14:00:00+00:00,0.07863,0.07953,0.07855,0.07915,5020079.0
2026-06-06 15:00:00+00:00,0.07916,0.07933,0.07815,0.07926,5852873.0
2026-06-06 16:00:00+00:00,0.07925,0.07978,0.07895,0.07948,6684107.0
2026-06-06 17:00:00+00:00,0.07949,0.07952,0.07797,0.07824,13523564.0
2026-06-06 18:00:00+00:00,0.07823,0.07893,0.07816,0.07885,4601595.0
2026-06-06 19:00:00+00:00,0.07886,0.0792,0.07861,0.07874,2834478.0
2026-06-06 20:00:00+00:00,0.07873,0.07922,0.07846,0.07915,4904087.0
2026-06-06 21:00:00+00:00,0.07915,0.07972,0.07903,0.07924,5694906.0
2026-06-06 22:00:00+00:00,0.07923,0.07982,0.07912,0.07953,2726179.0
2026-06-06 23:00:00+00:00,0.07954,0.07989,0.07933,0.0797,2371142.0
2026-06-07 00:00:00+00:00,0.0797,0.07996,0.07953,0.07956,3543246.0
2026-06-07 01:00:00+00:00,0.07955,0.08143,0.07941,0.08101,10158892.0
2026-06-07 02:00:00+00:00,0.08101,0.08149,0.08086,0.08138,2706873.0
2026-06-07 03:00:00+00:00,0.08138,0.08155,0.08107,0.0814,1657750.0
2026-06-07 04:00:00+00:00,0.08141,0.08182,0.08091,0.08171,3080493.0
2026-06-07 05:00:00+00:00,0.08171,0.08194,0.08144,0.08158,5390183.0
2026-06-07 06:00:00+00:00,0.08159,0.08202,0.08129,0.08175,4765052.0
2026-06-07 07:00:00+00:00,0.08174,0.08197,0.08149,0.08193,5143416.0
2026-06-07 08:00:00+00:00,0.08192,0.08243,0.08135,0.08238,5073712.0
2026-06-07 09:00:00+00:00,0.08238,0.08257,0.08183,0.08195,4881939.0
2026-06-07 10:00:00+00:00,0.08194,0.08195,0.08124,0.08137,3578958.0
2026-06-07 11:00:00+00:00,0.08138,0.08181,0.08132,0.08161,2054580.0
2026-06-07 12:00:00+00:00,0.08162,0.08164,0.08047,0.08088,6407563.0
2026-06-07 13:00:00+00:00,0.08087,0.08091,0.08062,0.08075,1592706.0
2026-06-07 14:00:00+00:00,0.08074,0.08155,0.08073,0.0814,6316406.0
2026-06-07 15:00:00+00:00,0.0814,0.0814,0.08095,0.08132,3050694.0
2026-06-07 16:00:00+00:00,0.08133,0.08155,0.08108,0.08121,1934348.0
2026-06-07 17:00:00+00:00,0.08121,0.08152,0.08116,0.08151,1345560.0
2026-06-07 18:00:00+00:00,0.08151,0.08174,0.0811,0.08111,2058985.0
2026-06-07 19:00:00+00:00,0.08111,0.08111,0.07978,0.08011,7026737.0
2026-06-07 20:00:00+00:00,0.0801,0.08073,0.07991,0.08058,2352906.0
2026-06-07 21:00:00+00:00,0.08057,0.08078,0.08021,0.08052,1582389.0
2026-06-07 22:00:00+00:00,0.08052,0.08286,0.08044,0.08167,13865836.0
2026-06-07 23:00:00+00:00,0.08165,0.08211,0.0816,0.08195,2347497.0
2026-06-08 00:00:00+00:00,0.08194,0.08259,0.08165,0.08231,3434836.0
2026-06-08 01:00:00+00:00,0.08232,0.08232,0.08139,0.08186,4464957.0
2026-06-08 02:00:00+00:00,0.08187,0.08227,0.08182,0.08222,3399970.0
2026-06-08 03:00:00+00:00,0.08222,0.08252,0.08201,0.08215,1892951.0
2026-06-08 04:00:00+00:00,0.08216,0.08225,0.0813,0.08131,3616882.0
2026-06-08 05:00:00+00:00,0.08132,0.08149,0.08079,0.08116,3521265.0
2026-06-08 06:00:00+00:00,0.08116,0.08175,0.08115,0.0816,2759113.0
2026-06-08 07:00:00+00:00,0.08159,0.08199,0.08132,0.08181,3318997.0
2026-06-08 08:00:00+00:00,0.0818,0.08182,0.08114,0.08138,2606368.0
2026-06-08 09:00:00+00:00,0.08137,0.08191,0.08136,0.08178,3060183.0
2026-06-08 10:00:00+00:00,0.08178,0.08214,0.08151,0.08156,3676480.0
2026-06-08 11:00:00+00:00,0.08156,0.08251,0.08149,0.08219,5184620.0
2026-06-08 12:00:00+00:00,0.08219,0.08239,0.08158,0.08226,4917706.0
2026-06-08 13:00:00+00:00,0.08227,0.0824,0.0818,0.08214,3296338.0
2026-06-08 14:00:00+00:00,0.08213,0.08262,0.082,0.08262,3667161.0
2026-06-08 15:00:00+00:00,0.08263,0.08331,0.08213,0.08218,6354593.0
2026-06-08 16:00:00+00:00,0.08219,0.08253,0.082,0.08205,2507108.0
2026-06-08 17:00:00+00:00,0.08205,0.08215,0.08154,0.0821,5793858.0
2026-06-08 18:00:00+00:00,0.08209,0.08222,0.08165,0.08172,2743731.0
2026-06-08 19:00:00+00:00,0.08173,0.08207,0.08162,0.0817,2301800.0
2026-06-08 20:00:00+00:00,0.08171,0.08187,0.0813,0.08186,3432422.0
2026-06-08 21:00:00+00:00,0.08187,0.08222,0.08183,0.08189,1928901.0
2026-06-08 22:00:00+00:00,0.08189,0.08196,0.0815,0.08185,2197687.0
2026-06-08 23:00:00+00:00,0.08184,0.08205,0.08132,0.08133,3134368.0
2026-06-09 00:00:00+00:00,0.08132,0.08144,0.08013,0.08021,6481132.0
2026-06-09 01:00:00+00:00,0.08021,0.08063,0.08008,0.08043,2710594.0
2026-06-09 02:00:00+00:00,0.08043,0.08061,0.07998,0.08045,2436350.0
2026-06-09 03:00:00+00:00,0.08046,0.08053,0.0799,0.08038,1921809.0
2026-06-09 04:00:00+00:00,0.08037,0.08148,0.08027,0.08125,4964790.0
2026-06-09 05:00:00+00:00,0.08124,0.08165,0.08108,0.08127,3578945.0
2026-06-09 06:00:00+00:00,0.08127,0.08149,0.08098,0.08112,3583275.0
2026-06-09 07:00:00+00:00,0.08113,0.0813,0.08079,0.08095,2360617.0
2026-06-09 08:00:00+00:00,0.08095,0.081,0.08055,0.08055,1653293.0
2026-06-09 09:00:00+00:00,0.08055,0.08078,0.08016,0.08028,2189895.0
2026-06-09 10:00:00+00:00,0.08029,0.08051,0.08017,0.08042,1592454.0
2026-06-09 11:00:00+00:00,0.08041,0.08048,0.08009,0.08044,1799443.0
2026-06-09 12:00:00+00:00,0.08043,0.08077,0.08025,0.0806,2138711.0
2026-06-09 13:00:00+00:00,0.0806,0.08083,0.08027,0.08052,2914631.0
2026-06-09 14:00:00+00:00,0.08053,0.08077,0.0793,0.07975,7292267.0
2026-06-09 15:00:00+00:00,0.07975,0.08002,0.07919,0.07919,5262603.0
2026-06-09 16:00:00+00:00,0.07919,0.07957,0.07868,0.07923,11062900.0
2026-06-09 17:00:00+00:00,0.07924,0.08008,0.07917,0.07966,5001804.0
2026-06-09 18:00:00+00:00,0.07966,0.08017,0.07956,0.07982,3256474.0
2026-06-09 19:00:00+00:00,0.07983,0.08034,0.07972,0.0802,3939444.0
2026-06-09 20:00:00+00:00,0.08021,0.08047,0.08,0.08025,2193365.0
2026-06-09 21:00:00+00:00,0.08025,0.08027,0.07965,0.07966,2103683.0
2026-06-09 22:00:00+00:00,0.07967,0.0799,0.07945,0.07945,2136291.0
2026-06-09 23:00:00+00:00,0.07946,0.07963,0.0793,0.0795,2606806.0
2026-06-10 00:00:00+00:00,0.07951,0.07968,0.07875,0.07958,4362286.0
2026-06-10 01:00:00+00:00,0.07957,0.0796,0.07909,0.07917,2322850.0
2026-06-10 02:00:00+00:00,0.07916,0.07925,0.07834,0.07849,3483495.0
2026-06-10 03:00:00+00:00,0.07849,0.07882,0.07841,0.07867,2144930.0
2026-06-10 04:00:00+00:00,0.07867,0.07874,0.07837,0.07841,1637254.0
2026-06-10 05:00:00+00:00,0.07842,0.07852,0.07819,0.07835,1373093.0
2026-06-10 06:00:00+00:00,0.07835,0.07865,0.07824,0.07854,1489765.0
2026-06-10 07:00:00+00:00,0.07853,0.07898,0.07851,0.07865,2189586.0
2026-06-10 08:00:00+00:00,0.07866,0.07868,0.07812,0.07821,3619688.0
2026-06-10 09:00:00+00:00,0.07821,0.07851,0.07783,0.07834,2022128.0
2026-06-10 10:00:00+00:00,0.07834,0.07848,0.07795,0.07841,1162716.0
2026-06-10 11:00:00+00:00,0.07842,0.07844,0.07745,0.07783,5189737.0
2026-06-10 12:00:00+00:00,0.07782,0.07885,0.07761,0.07845,6465180.0
2026-06-10 13:00:00+00:00,0.07846,0.07938,0.07837,0.07893,5508287.0
2026-06-10 14:00:00+00:00,0.07893,0.0792,0.07867,0.0792,4862298.0
2026-06-10 15:00:00+00:00,0.07921,0.07974,0.07885,0.07945,11678699.0
2026-06-10 16:00:00+00:00,0.07945,0.07958,0.07831,0.07851,6213457.0
2026-06-10 17:00:00+00:00,0.07852,0.07868,0.07788,0.07834,5222349.0
2026-06-10 18:00:00+00:00,0.07835,0.0784,0.07794,0.0782,2081717.0
2026-06-10 19:00:00+00:00,0.07821,0.07831,0.0776,0.07782,3536448.0
2026-06-10 20:00:00+00:00,0.07781,0.07807,0.07754,0.07774,2847716.0
2026-06-10 21:00:00+00:00,0.07775,0.07777,0.07696,0.07713,3252866.0
2026-06-10 22:00:00+00:00,0.07714,0.07784,0.07695,0.07752,4014731.0
2026-06-10 23:00:00+00:00,0.07751,0.0779,0.07724,0.07769,3575080.0
2026-06-11 00:00:00+00:00,0.07769,0.07837,0.07767,0.07818,3889545.0
2026-06-11 01:00:00+00:00,0.07818,0.07883,0.07818,0.07873,3200606.0
2026-06-11 02:00:00+00:00,0.07873,0.07879,0.07821,0.07844,3268072.0
2026-06-11 03:00:00+00:00,0.07843,0.07937,0.07828,0.0792,6029954.0
2026-06-11 04:00:00+00:00,0.0792,0.0794,0.07903,0.07922,2773243.0
2026-06-11 05:00:00+00:00,0.07923,0.07923,0.07891,0.07892,1769228.0
2026-06-11 06:00:00+00:00,0.07892,0.07917,0.07873,0.07892,2563637.0
2026-06-11 07:00:00+00:00,0.07892,0.07927,0.07877,0.07885,2265821.0
2026-06-11 08:00:00+00:00,0.07886,0.07932,0.07883,0.07899,2425535.0
2026-06-11 09:00:00+00:00,0.07899,0.07903,0.07866,0.07882,2327883.0
2026-06-11 10:00:00+00:00,0.07881,0.07891,0.07865,0.07887,2684505.0
2026-06-11 11:00:00+00:00,0.07886,0.07922,0.07871,0.07892,2315650.0
2026-06-11 12:00:00+00:00,0.07891,0.07891,0.07816,0.07851,5920926.0
2026-06-11 13:00:00+00:00,0.07851,0.07889,0.07824,0.07857,3081766.0
2026-06-11 14:00:00+00:00,0.07858,0.07867,0.0779,0.0779,5540283.0
2026-06-11 15:00:00+00:00,0.0779,0.07791,0.07716,0.0774,7665637.0
2026-06-11 16:00:00+00:00,0.0774,0.07778,0.0772,0.0772,5535387.0
2026-06-11 17:00:00+00:00,0.0772,0.07931,0.07694,0.07911,14201086.0
2026-06-11 18:00:00+00:00,0.07911,0.07962,0.07881,0.07937,10515793.0
2026-06-11 19:00:00+00:00,0.07936,0.07983,0.07919,0.07948,7494469.0
2026-06-11 20:00:00+00:00,0.07949,0.07981,0.07896,0.07912,5313468.0
2026-06-11 21:00:00+00:00,0.07912,0.07982,0.07911,0.07962,3723953.0
2026-06-11 22:00:00+00:00,0.07961,0.08023,0.07951,0.07989,4686495.0
2026-06-11 23:00:00+00:00,0.07989,0.07989,0.07921,0.07925,7233028.0
2026-06-12 00:00:00+00:00,0.07925,0.07973,0.0792,0.07939,3749346.0
2026-06-12 01:00:00+00:00,0.0794,0.07968,0.07923,0.07966,3356441.0
2026-06-12 02:00:00+00:00,0.07966,0.08015,0.07966,0.08,3426115.0
2026-06-12 03:00:00+00:00,0.08,0.08032,0.0799,0.08032,3275309.0
2026-06-12 04:00:00+00:00,0.08033,0.08052,0.08,0.08024,3877290.0
2026-06-12 05:00:00+00:00,0.08025,0.08029,0.07974,0.07977,2743758.0
2026-06-12 06:00:00+00:00,0.07976,0.07991,0.07863,0.07891,8448143.0
2026-06-12 07:00:00+00:00,0.07893,0.07907,0.07858,0.07868,3259716.0
2026-06-12 08:00:00+00:00,0.07867,0.07952,0.07866,0.07934,5654246.0
2026-06-12 09:00:00+00:00,0.07933,0.07996,0.07908,0.07967,6952405.0
2026-06-12 10:00:00+00:00,0.07966,0.08014,0.07961,0.07965,5337507.0
2026-06-12 11:00:00+00:00,0.07965,0.07992,0.07948,0.07953,3095050.0
2026-06-12 12:00:00+00:00,0.07952,0.07971,0.07896,0.07897,5679942.0
2026-06-12 13:00:00+00:00,0.07898,0.07902,0.07817,0.07852,7211417.0
2026-06-12 14:00:00+00:00,0.07853,0.07962,0.07845,0.07954,7574948.0
2026-06-12 15:00:00+00:00,0.07954,0.07995,0.07796,0.07806,13970303.0
2026-06-12 16:00:00+00:00,0.07806,0.0784,0.07766,0.07791,7393518.0
2026-06-12 17:00:00+00:00,0.07791,0.07819,0.07753,0.07801,5058462.0
2026-06-12 18:00:00+00:00,0.07802,0.07814,0.07759,0.07787,3172034.0
2026-06-12 19:00:00+00:00,0.07786,0.07848,0.07784,0.07797,4850489.0
2026-06-12 20:00:00+00:00,0.07798,0.07816,0.07787,0.07802,1799935.0
2026-06-12 21:00:00+00:00,0.07803,0.07828,0.07775,0.07794,2272127.0
2026-06-12 22:00:00+00:00,0.07794,0.0781,0.0778,0.07784,2615823.0
2026-06-12 23:00:00+00:00,0.07785,0.07793,0.07766,0.07787,1560234.0
2026-06-13 00:00:00+00:00,0.07788,0.07804,0.07771,0.07801,1337788.0
2026-06-13 01:00:00+00:00,0.07801,0.07835,0.07776,0.07826,5122807.0
2026-06-13 02:00:00+00:00,0.07826,0.07831,0.07772,0.07787,1830236.0
2026-06-13 03:00:00+00:00,0.07788,0.07791,0.07762,0.07778,1142019.0
2026-06-13 04:00:00+00:00,0.0778,0.07781,0.07739,0.07747,4226350.0
2026-06-13 05:00:00+00:00,0.07747,0.07751,0.07695,0.07715,3301667.0
2026-06-13 06:00:00+00:00,0.07715,0.07773,0.0768,0.07771,4937080.0
2026-06-13 07:00:00+00:00,0.07772,0.07816,0.07756,0.07802,3663193.0
2026-06-13 08:00:00+00:00,0.07801,0.07825,0.0779,0.07818,3366278.0
2026-06-13 09:00:00+00:00,0.07818,0.07827,0.07804,0.07821,1516744.0
2026-06-13 10:00:00+00:00,0.07822,0.07831,0.078,0.07817,2390318.0
2026-06-13 11:00:00+00:00,0.07817,0.07862,0.07812,0.07859,2865216.0
2026-06-13 12:00:00+00:00,0.07859,0.07879,0.07844,0.07878,2386017.0
2026-06-13 13:00:00+00:00,0.07879,0.07896,0.07831,0.0784,5030392.0
2026-06-13 14:00:00+00:00,0.0784,0.0785,0.0781,0.07844,5884796.0
2026-06-13 15:00:00+00:00,0.07844,0.07867,0.07833,0.07859,4020031.0
2026-06-13 16:00:00+00:00,0.0786,0.07872,0.07817,0.07832,5331665.0
2026-06-13 17:00:00+00:00,0.07832,0.07845,0.07803,0.07811,3503200.0
2026-06-13 18:00:00+00:00,0.07811,0.07818,0.07788,0.07793,2290813.0
2026-06-13 19:00:00+00:00,0.07793,0.07813,0.07781,0.07794,2224321.0
2026-06-13 20:00:00+00:00,0.07793,0.07816,0.07786,0.07807,1689049.0
2026-06-13 21:00:00+00:00,0.07807,0.07896,0.07797,0.07871,4255193.0
2026-06-13 22:00:00+00:00,0.07872,0.07883,0.07835,0.07835,1357259.0
2026-06-13 23:00:00+00:00,0.07835,0.07847,0.07826,0.07833,1082252.0
2026-06-14 00:00:00+00:00,0.07834,0.0786,0.07826,0.07842,999464.0
2026-06-14 01:00:00+00:00,0.07842,0.07909,0.0784,0.07867,3515444.0
2026-06-14 02:00:00+00:00,0.07867,0.07886,0.07832,0.07843,1729524.0
2026-06-14 03:00:00+00:00,0.07843,0.07852,0.07828,0.0783,2015310.0
2026-06-14 04:00:00+00:00,0.0783,0.07896,0.07827,0.07893,13890619.0
2026-06-14 05:00:00+00:00,0.07894,0.07905,0.07863,0.07869,2587747.0
2026-06-14 06:00:00+00:00,0.0787,0.0791,0.07862,0.07865,1780032.0
2026-06-14 07:00:00+00:00,0.07865,0.07922,0.07862,0.07914,2295499.0
2026-06-14 08:00:00+00:00,0.07915,0.07943,0.079,0.0792,3947691.0
2026-06-14 09:00:00+00:00,0.07919,0.07927,0.0788,0.07914,2283691.0
2026-06-14 10:00:00+00:00,0.07913,0.07965,0.07888,0.07888,7089808.0
2026-06-14 11:00:00+00:00,0.07887,0.079,0.07858,0.07859,2634319.0
2026-06-14 12:00:00+00:00,0.07859,0.0788,0.07844,0.07844,1855257.0
2026-06-14 13:00:00+00:00,0.07845,0.07866,0.07812,0.07824,2550479.0
2026-06-14 14:00:00+00:00,0.07824,0.07826,0.07732,0.07765,11051961.0
2026-06-14 15:00:00+00:00,0.07765,0.07781,0.07748,0.07749,3065988.0
2026-06-14 16:00:00+00:00,0.07749,0.07775,0.07726,0.07747,3954120.0
2026-06-14 17:00:00+00:00,0.07748,0.07757,0.07695,0.07704,4470589.0
2026-06-14 18:00:00+00:00,0.07704,0.07719,0.07685,0.07699,2860343.0
2026-06-14 19:00:00+00:00,0.07699,0.07773,0.07697,0.07745,4095360.0
2026-06-14 20:00:00+00:00,0.07746,0.07783,0.07731,0.07754,2452357.0
2026-06-14 21:00:00+00:00,0.07754,0.07994,0.07753,0.07975,11258472.0
2026-06-14 22:00:00+00:00,0.07976,0.08037,0.07946,0.08014,8313259.0
2026-06-14 23:00:00+00:00,0.08014,0.08119,0.0799,0.08118,6843553.0
2026-06-15 00:00:00+00:00,0.08119,0.08169,0.08093,0.08166,7641480.0
2026-06-15 01:00:00+00:00,0.08166,0.08204,0.0813,0.08135,6852761.0
2026-06-15 02:00:00+00:00,0.08136,0.08225,0.08122,0.08157,8046077.0
2026-06-15 03:00:00+00:00,0.08156,0.08177,0.08063,0.08118,18082522.0
2026-06-15 04:00:00+00:00,0.08118,0.08126,0.08084,0.08107,2618558.0
2026-06-15 05:00:00+00:00,0.08106,0.08174,0.08091,0.08163,4226693.0
2026-06-15 06:00:00+00:00,0.08162,0.08219,0.0816,0.08198,5120526.0
2026-06-15 07:00:00+00:00,0.08198,0.08205,0.0814,0.08144,4299838.0
2026-06-15 08:00:00+00:00,0.08145,0.08178,0.0814,0.08168,2562216.0
2026-06-15 09:00:00+00:00,0.08167,0.08175,0.08099,0.08126,8392864.0
2026-06-15 10:00:00+00:00,0.08126,0.08198,0.0812,0.08187,4941437.0
2026-06-15 11:00:00+00:00,0.08188,0.08233,0.08164,0.08197,6727057.0
2026-06-15 12:00:00+00:00,0.08198,0.08294,0.08183,0.0828,10842214.0
2026-06-15 13:00:00+00:00,0.08279,0.08369,0.08268,0.08305,13907088.0
2026-06-15 14:00:00+00:00,0.08306,0.08346,0.08277,0.08323,6933253.0
2026-06-15 15:00:00+00:00,0.08323,0.08397,0.08255,0.08381,21663972.0
2026-06-15 16:00:00+00:00,0.08381,0.08459,0.08325,0.08329,21290685.0
2026-06-15 17:00:00+00:00,0.08329,0.08369,0.08295,0.08338,14517639.0
2026-06-15 18:00:00+00:00,0.08338,0.08363,0.08314,0.08316,9197238.0
2026-06-15 19:00:00+00:00,0.08315,0.08357,0.08246,0.08286,7443017.0
2026-06-15 20:00:00+00:00,0.08287,0.08327,0.08271,0.08281,2591418.0
2026-06-15 21:00:00+00:00,0.08281,0.0831,0.08255,0.08295,2244190.0
2026-06-15 22:00:00+00:00,0.08294,0.0831,0.08203,0.08225,5209513.0
2026-06-15 23:00:00+00:00,0.08226,0.08264,0.08207,0.08258,2790489.0
2026-06-16 00:00:00+00:00,0.08259,0.08333,0.0824,0.0829,4038385.0
2026-06-16 01:00:00+00:00,0.08291,0.08335,0.08282,0.08285,3508040.0
2026-06-16 02:00:00+00:00,0.08285,0.08285,0.08172,0.0819,8183722.0
2026-06-16 03:00:00+00:00,0.08189,0.08282,0.08173,0.08281,5391673.0
2026-06-16 04:00:00+00:00,0.08282,0.08292,0.08179,0.08186,5559923.0
2026-06-16 05:00:00+00:00,0.08185,0.08212,0.08178,0.08202,1897358.0
2026-06-16 06:00:00+00:00,0.08202,0.08247,0.08192,0.08247,3835419.0
2026-06-16 07:00:00+00:00,0.08247,0.08315,0.08238,0.08315,4836747.0
2026-06-16 08:00:00+00:00,0.08316,0.08421,0.08301,0.08399,11079829.0
2026-06-16 09:00:00+00:00,0.08399,0.08414,0.08315,0.08372,11514125.0
2026-06-16 10:00:00+00:00,0.08372,0.08483,0.08356,0.08439,5791722.0
2026-06-16 11:00:00+00:00,0.0844,0.08446,0.08355,0.08382,4671115.0
2026-06-16 12:00:00+00:00,0.08383,0.08395,0.083,0.0832,9955877.0
2026-06-16 13:00:00+00:00,0.08321,0.08332,0.08155,0.08158,13825269.0
2026-06-16 14:00:00+00:00,0.08157,0.08177,0.08037,0.08084,11576717.0
2026-06-16 15:00:00+00:00,0.08084,0.08131,0.08073,0.08097,3782749.0
2026-06-16 16:00:00+00:00,0.08098,0.08148,0.08092,0.0814,2604688.0
2026-06-16 17:00:00+00:00,0.0814,0.08202,0.08102,0.08151,10302247.0
2026-06-16 18:00:00+00:00,0.08151,0.08193,0.08105,0.08106,2605628.0
2026-06-16 19:00:00+00:00,0.08105,0.08142,0.08054,0.08106,4346795.0
2026-06-16 20:00:00+00:00,0.08105,0.08163,0.08082,0.08155,3539733.0
2026-06-16 21:00:00+00:00,0.08155,0.08175,0.08118,0.0813,3606581.0
2026-06-16 22:00:00+00:00,0.08131,0.08134,0.0809,0.08109,1858853.0
2026-06-16 23:00:00+00:00,0.0811,0.0812,0.08059,0.08068,1588511.0
2026-06-17 00:00:00+00:00,0.08069,0.08091,0.0804,0.08064,2879546.0
2026-06-17 01:00:00+00:00,0.08064,0.08143,0.08044,0.08127,3292044.0
2026-06-17 02:00:00+00:00,0.08128,0.08176,0.08105,0.08146,5749250.0
2026-06-17 03:00:00+00:00,0.08146,0.08146,0.08095,0.08118,1666423.0
2026-06-17 04:00:00+00:00,0.08119,0.08156,0.08113,0.08115,2201302.0
2026-06-17 05:00:00+00:00,0.08114,0.0813,0.08093,0.08104,1401557.0
2026-06-17 06:00:00+00:00,0.08104,0.08161,0.0808,0.08085,8896326.0
2026-06-17 07:00:00+00:00,0.08084,0.08116,0.08065,0.08104,3412029.0
2026-06-17 08:00:00+00:00,0.08104,0.08107,0.07978,0.07995,7110548.0
2026-06-17 09:00:00+00:00,0.07994,0.08028,0.07993,0.08019,3785498.0
2026-06-17 10:00:00+00:00,0.0802,0.08071,0.07967,0.07983,15827406.0
2026-06-17 11:00:00+00:00,0.07984,0.08036,0.0797,0.08005,4619549.0
2026-06-17 12:00:00+00:00,0.08006,0.08089,0.07985,0.08088,5973859.0
2026-06-17 13:00:00+00:00,0.08088,0.08117,0.08058,0.08094,3186220.0
2026-06-17 14:00:00+00:00,0.08094,0.08126,0.08028,0.08056,2567790.0
2026-06-17 15:00:00+00:00,0.08057,0.08233,0.08057,0.08214,5641115.0
2026-06-17 16:00:00+00:00,0.08215,0.0824,0.08146,0.08147,3599713.0
2026-06-17 17:00:00+00:00,0.08149,0.08152,0.081,0.08143,2884801.0
2026-06-17 18:00:00+00:00,0.08142,0.08167,0.08005,0.08165,13138436.0
2026-06-17 19:00:00+00:00,0.08164,0.08187,0.07943,0.07985,14634784.0
2026-06-17 20:00:00+00:00,0.07985,0.08043,0.07973,0.08034,2846005.0
2026-06-17 21:00:00+00:00,0.08034,0.08063,0.08001,0.08031,2258960.0
2026-06-17 22:00:00+00:00,0.08031,0.082,0.07945,0.0809,9990795.0
2026-06-17 23:00:00+00:00,0.08091,0.08134,0.08081,0.0813,3022621.0
2026-06-18 00:00:00+00:00,0.08131,0.08144,0.08062,0.08077,4021247.0
2026-06-18 01:00:00+00:00,0.08077,0.08189,0.08068,0.08172,6017851.0
2026-06-18 02:00:00+00:00,0.08171,0.08218,0.08161,0.08204,4876709.0
2026-06-18 03:00:00+00:00,0.08203,0.08203,0.08067,0.08067,3835113.0
2026-06-18 04:00:00+00:00,0.08067,0.08088,0.07972,0.07978,12451651.0
2026-06-18 05:00:00+00:00,0.07978,0.07987,0.07926,0.07983,4166637.0
2026-06-18 06:00:00+00:00,0.07982,0.08019,0.07962,0.08013,2985046.0
2026-06-18 07:00:00+00:00,0.08013,0.08055,0.07992,0.08033,2386834.0
2026-06-18 08:00:00+00:00,0.08033,0.08099,0.0802,0.08076,2400229.0
2026-06-18 09:00:00+00:00,0.08077,0.08097,0.08016,0.08087,4745628.0
2026-06-18 10:00:00+00:00,0.08087,0.0809,0.08028,0.08047,1969863.0
2026-06-18 11:00:00+00:00,0.08047,0.08071,0.08003,0.08067,2595801.0
2026-06-18 12:00:00+00:00,0.08068,0.08122,0.08027,0.08117,3492107.0
2026-06-18 13:00:00+00:00,0.08118,0.0816,0.08,0.08036,5735799.0
2026-06-18 14:00:00+00:00,0.08037,0.0809,0.07994,0.08058,8470945.0
2026-06-18 15:00:00+00:00,0.08058,0.0806,0.0787,0.07908,11844772.0
2026-06-18 16:00:00+00:00,0.07907,0.07972,0.07896,0.07942,7597105.0
2026-06-18 17:00:00+00:00,0.07943,0.08001,0.07912,0.07948,6133600.0
2026-06-18 18:00:00+00:00,0.07949,0.0801,0.07933,0.0799,2320243.0
2026-06-18 19:00:00+00:00,0.0799,0.08041,0.07977,0.0802,3222988.0
2026-06-18 20:00:00+00:00,0.08021,0.08097,0.08016,0.08042,12851120.0
2026-06-18 21:00:00+00:00,0.08042,0.08051,0.08004,0.08024,1340842.0
2026-06-18 22:00:00+00:00,0.08024,0.08047,0.08005,0.08039,1698154.0
2026-06-18 23:00:00+00:00,0.08038,0.08043,0.08008,0.08026,1655127.0
2026-06-19 00:00:00+00:00,0.08027,0.08071,0.08016,0.08066,2192115.0
2026-06-19 01:00:00+00:00,0.08067,0.08091,0.08052,0.08064,2646447.0
2026-06-19 02:00:00+00:00,0.08064,0.08075,0.08035,0.0807,2053475.0
2026-06-19 03:00:00+00:00,0.08069,0.0807,0.07952,0.07982,4380193.0
2026-06-19 04:00:00+00:00,0.07983,0.07984,0.07881,0.07887,4808031.0
2026-06-19 05:00:00+00:00,0.07888,0.07957,0.07888,0.07954,2454699.0
2026-06-19 06:00:00+00:00,0.07953,0.07966,0.07909,0.07931,1971444.0
2026-06-19 07:00:00+00:00,0.0793,0.07931,0.07873,0.07905,5325006.0
2026-06-19 08:00:00+00:00,0.07905,0.07921,0.07893,0.07904,1815537.0
2026-06-19 09:00:00+00:00,0.07906,0.07945,0.07888,0.07943,3331052.0
2026-06-19 10:00:00+00:00,0.07943,0.07947,0.07894,0.07911,1962652.0
2026-06-19 11:00:00+00:00,0.07912,0.07929,0.07881,0.07919,3537121.0
2026-06-19 12:00:00+00:00,0.0792,0.07955,0.07886,0.07952,4572570.0
2026-06-19 13:00:00+00:00,0.07954,0.08031,0.07929,0.08023,5654294.0
2026-06-19 14:00:00+00:00,0.08022,0.08038,0.07987,0.07991,2556375.0
2026-06-19 15:00:00+00:00,0.07991,0.08141,0.07982,0.08138,9324930.0
2026-06-19 16:00:00+00:00,0.08139,0.0814,0.0803,0.08032,7530274.0
2026-06-19 17:00:00+00:00,0.08033,0.08105,0.08033,0.08063,2274305.0
2026-06-19 18:00:00+00:00,0.08062,0.08083,0.08016,0.08036,2626574.0
2026-06-19 19:00:00+00:00,0.08035,0.08048,0.08002,0.08017,2349963.0
2026-06-19 20:00:00+00:00,0.08017,0.08062,0.08002,0.08057,1254350.0
2026-06-19 21:00:00+00:00,0.08056,0.08067,0.08019,0.08026,1781858.0
2026-06-19 22:00:00+00:00,0.08026,0.08046,0.08006,0.08034,2070238.0
2026-06-19 23:00:00+00:00,0.08034,0.0807,0.08023,0.08051,1502379.0
2026-06-20 00:00:00+00:00,0.0805,0.08087,0.08024,0.08025,3395901.0
2026-06-20 01:00:00+00:00,0.08025,0.08038,0.08,0.08024,1823396.0
2026-06-20 02:00:00+00:00,0.08024,0.08024,0.07957,0.07957,1795971.0
2026-06-20 03:00:00+00:00,0.07957,0.08014,0.07942,0.07976,4514408.0
2026-06-20 04:00:00+00:00,0.07977,0.08011,0.07966,0.07998,3834266.0
2026-06-20 05:00:00+00:00,0.07999,0.08081,0.07996,0.08032,4276286.0
2026-06-20 06:00:00+00:00,0.08034,0.0805,0.08024,0.08044,1223745.0
2026-06-20 07:00:00+00:00,0.08044,0.0805,0.08015,0.08025,1506425.0
2026-06-20 08:00:00+00:00,0.08024,0.08036,0.07995,0.08002,3425894.0
2026-06-20 09:00:00+00:00,0.08003,0.08052,0.08003,0.08037,1724351.0
2026-06-20 10:00:00+00:00,0.08036,0.08083,0.08028,0.0804,4865347.0
2026-06-20 11:00:00+00:00,0.0804,0.08046,0.08006,0.08006,1414655.0
2026-06-20 12:00:00+00:00,0.08008,0.08041,0.07993,0.07999,3008742.0
2026-06-20 13:00:00+00:00,0.07998,0.08005,0.0797,0.07983,1822876.0
2026-06-20 14:00:00+00:00,0.07983,0.08055,0.07934,0.08017,6711408.0
2026-06-20 15:00:00+00:00,0.08018,0.08056,0.07997,0.0804,2434509.0
2026-06-20 16:00:00+00:00,0.0804,0.0807,0.08022,0.08067,1565694.0
2026-06-20 17:00:00+00:00,0.08068,0.08068,0.07985,0.08016,2087659.0
2026-06-20 18:00:00+00:00,0.08017,0.08033,0.07995,0.07999,655820.0
2026-06-20 19:00:00+00:00,0.07998,0.08023,0.07996,0.08018,620637.0
2026-06-20 20:00:00+00:00,0.08017,0.08026,0.08003,0.08018,389206.0
2026-06-20 21:00:00+00:00,0.08018,0.08059,0.08011,0.08024,2502952.0
2026-06-20 22:00:00+00:00,0.08024,0.08068,0.08011,0.08061,2527786.0
2026-06-20 23:00:00+00:00,0.08061,0.08077,0.08054,0.0807,761296.0
2026-06-21 00:00:00+00:00,0.08071,0.08082,0.08048,0.08058,1696412.0
2026-06-21 01:00:00+00:00,0.08059,0.08068,0.08044,0.0805,475370.0
2026-06-21 02:00:00+00:00,0.0805,0.08056,0.08016,0.08027,703839.0
2026-06-21 03:00:00+00:00,0.08026,0.08057,0.08016,0.08048,784622.0
2026-06-21 04:00:00+00:00,0.08049,0.08059,0.08002,0.08005,581280.0
2026-06-21 05:00:00+00:00,0.08005,0.08017,0.07988,0.08008,1720470.0
2026-06-21 06:00:00+00:00,0.08008,0.08019,0.07997,0.08012,709132.0
2026-06-21 07:00:00+00:00,0.08013,0.08029,0.08,0.08013,940622.0
2026-06-21 08:00:00+00:00,0.08013,0.0805,0.07971,0.0799,4112888.0
2026-06-21 09:00:00+00:00,0.0799,0.08001,0.07977,0.07993,1052899.0
2026-06-21 10:00:00+00:00,0.07994,0.0802,0.0799,0.08007,1719509.0
2026-06-21 11:00:00+00:00,0.08008,0.08017,0.07981,0.07987,4480545.0
2026-06-21 12:00:00+00:00,0.07987,0.08009,0.07969,0.08003,1372334.0
2026-06-21 13:00:00+00:00,0.08004,0.08017,0.07991,0.08013,677278.0
2026-06-21 14:00:00+00:00,0.08014,0.08023,0.07987,0.08012,759657.0
2026-06-21 15:00:00+00:00,0.08012,0.08045,0.08003,0.08025,3932948.0
2026-06-21 16:00:00+00:00,0.08025,0.08028,0.07965,0.0799,2006721.0
2026-06-21 17:00:00+00:00,0.07991,0.08002,0.07959,0.07978,1348255.0
2026-06-21 18:00:00+00:00,0.07979,0.07997,0.07953,0.07983,970350.0
2026-06-21 19:00:00+00:00,0.07984,0.08002,0.07981,0.07996,1086250.0
2026-06-21 20:00:00+00:00,0.07996,0.07996,0.07953,0.07958,1335323.0
2026-06-21 21:00:00+00:00,0.07958,0.07958,0.07876,0.079,5774658.0
2026-06-21 22:00:00+00:00,0.079,0.07919,0.07854,0.07887,3299586.0
2026-06-21 23:00:00+00:00,0.07886,0.07886,0.07801,0.07808,4434055.0
2026-06-22 00:00:00+00:00,0.07809,0.07875,0.07801,0.0787,3285088.0
2026-06-22 01:00:00+00:00,0.07871,0.07961,0.07852,0.07936,3989747.0
2026-06-22 02:00:00+00:00,0.07938,0.07947,0.07895,0.07896,1263958.0
2026-06-22 03:00:00+00:00,0.07896,0.0792,0.07863,0.07873,4204715.0
2026-06-22 04:00:00+00:00,0.07873,0.07919,0.07855,0.07917,1140769.0
2026-06-22 05:00:00+00:00,0.07918,0.07945,0.07915,0.0794,1528614.0
2026-06-22 06:00:00+00:00,0.0794,0.07948,0.07921,0.07933,749563.0
2026-06-22 07:00:00+00:00,0.07933,0.07963,0.07929,0.07951,1279858.0
2026-06-22 08:00:00+00:00,0.07952,0.07954,0.07919,0.07927,621454.0
2026-06-22 09:00:00+00:00,0.07928,0.07935,0.07885,0.07895,1961460.0
2026-06-22 10:00:00+00:00,0.07894,0.07927,0.07892,0.07909,510336.0
2026-06-22 11:00:00+00:00,0.07909,0.08063,0.07904,0.08022,6592791.0
2026-06-22 12:00:00+00:00,0.08024,0.08054,0.0801,0.08051,3533602.0
2026-06-22 13:00:00+00:00,0.08051,0.08062,0.08004,0.08054,3855107.0
2026-06-22 14:00:00+00:00,0.08054,0.08061,0.07943,0.07977,4858139.0
2026-06-22 15:00:00+00:00,0.07977,0.08005,0.07934,0.07939,4073215.0
2026-06-22 16:00:00+00:00,0.0794,0.0797,0.07909,0.07961,1783159.0
2026-06-22 17:00:00+00:00,0.07962,0.07976,0.07917,0.07965,1169935.0
2026-06-22 18:00:00+00:00,0.07964,0.07993,0.07905,0.07912,3223095.0
2026-06-22 19:00:00+00:00,0.07913,0.07926,0.07901,0.07917,1911005.0
2026-06-22 20:00:00+00:00,0.07918,0.07941,0.079,0.07917,2922978.0
2026-06-22 21:00:00+00:00,0.07916,0.07929,0.07891,0.07908,2053297.0
2026-06-22 22:00:00+00:00,0.07909,0.07928,0.0786,0.07885,2157281.0
2026-06-22 23:00:00+00:00,0.07884,0.07888,0.07854,0.07875,1045629.0
2026-06-23 00:00:00+00:00,0.07874,0.07895,0.0785,0.07884,2905953.0
2026-06-23 01:00:00+00:00,0.07884,0.07903,0.07829,0.07872,3107538.0
2026-06-23 02:00:00+00:00,0.07873,0.07894,0.07858,0.07887,2711221.0
2026-06-23 03:00:00+00:00,0.07888,0.07913,0.07861,0.07908,1259807.0
2026-06-23 04:00:00+00:00,0.07909,0.07912,0.07868,0.07881,1231479.0
2026-06-23 05:00:00+00:00,0.07881,0.07894,0.07838,0.07849,2813191.0
2026-06-23 06:00:00+00:00,0.0785,0.07853,0.07721,0.07772,7939602.0
2026-06-23 07:00:00+00:00,0.07771,0.07798,0.07768,0.07781,1383089.0
2026-06-23 08:00:00+00:00,0.07782,0.07786,0.07663,0.07729,6749361.0
2026-06-23 09:00:00+00:00,0.0773,0.07744,0.07717,0.07725,2583059.0
2026-06-23 10:00:00+00:00,0.07726,0.0775,0.0772,0.07743,1959457.0
2026-06-23 11:00:00+00:00,0.07743,0.0779,0.0772,0.0777,3346877.0
2026-06-23 12:00:00+00:00,0.07769,0.07786,0.07745,0.07757,1454591.0
2026-06-23 13:00:00+00:00,0.07757,0.07788,0.07724,0.07784,6228937.0
2026-06-23 14:00:00+00:00,0.07783,0.07822,0.07773,0.07776,3581153.0
2026-06-23 15:00:00+00:00,0.07774,0.07779,0.07732,0.07773,1552458.0
2026-06-23 16:00:00+00:00,0.07774,0.07812,0.07757,0.0778,1808768.0
2026-06-23 17:00:00+00:00,0.0778,0.07795,0.07724,0.07725,1774589.0
2026-06-23 18:00:00+00:00,0.07725,0.07746,0.07708,0.07724,1407094.0
2026-06-23 19:00:00+00:00,0.07723,0.0776,0.0771,0.07723,1854815.0
2026-06-23 20:00:00+00:00,0.07723,0.07771,0.07722,0.07765,1227521.0
2026-06-23 21:00:00+00:00,0.07766,0.07796,0.07765,0.0777,861053.0
2026-06-23 22:00:00+00:00,0.0777,0.07803,0.07756,0.0776,845574.0
2026-06-23 23:00:00+00:00,0.0776,0.07767,0.07736,0.07757,1635144.0
2026-06-24 00:00:00+00:00,0.07756,0.07807,0.07753,0.07803,2158099.0
2026-06-24 01:00:00+00:00,0.07804,0.07826,0.07779,0.07798,1861675.0
2026-06-24 02:00:00+00:00,0.07799,0.078,0.07755,0.07764,4812686.0
2026-06-24 03:00:00+00:00,0.07765,0.07771,0.07718,0.07728,16298298.0
2026-06-24 04:00:00+00:00,0.07727,0.07733,0.07677,0.07729,12697050.0
2026-06-24 05:00:00+00:00,0.0773,0.07776,0.07722,0.07759,7671402.0
2026-06-24 06:00:00+00:00,0.07759,0.07774,0.07749,0.0777,1762221.0
2026-06-24 07:00:00+00:00,0.0777,0.07773,0.07726,0.07736,1214820.0
2026-06-24 08:00:00+00:00,0.07737,0.07742,0.07718,0.07727,698001.0
2026-06-24 09:00:00+00:00,0.07727,0.07728,0.07685,0.07695,1524781.0
2026-06-24 10:00:00+00:00,0.07695,0.07695,0.07661,0.07668,3006484.0
2026-06-24 11:00:00+00:00,0.07668,0.07734,0.07605,0.07696,6154562.0
2026-06-24 12:00:00+00:00,0.07695,0.077,0.07633,0.07635,2414026.0
2026-06-24 13:00:00+00:00,0.07637,0.07641,0.07509,0.07518,8837748.0
2026-06-24 14:00:00+00:00,0.07517,0.07534,0.07444,0.07525,7467643.0
2026-06-24 15:00:00+00:00,0.07526,0.07534,0.07391,0.07403,5798998.0
2026-06-24 16:00:00+00:00,0.07403,0.07476,0.073,0.07352,14036234.0
2026-06-24 17:00:00+00:00,0.07352,0.07395,0.07318,0.07379,7704827.0
2026-06-24 18:00:00+00:00,0.07378,0.07469,0.07322,0.07398,4365886.0
2026-06-24 19:00:00+00:00,0.07399,0.07451,0.07386,0.07448,3826815.0
2026-06-24 20:00:00+00:00,0.07448,0.0759,0.07439,0.07556,7709295.0
2026-06-24 21:00:00+00:00,0.07557,0.07577,0.07526,0.07573,2986861.0
2026-06-24 22:00:00+00:00,0.07573,0.07727,0.07557,0.07562,5630916.0
2026-06-24 23:00:00+00:00,0.07562,0.07569,0.07546,0.07565,2757863.0
2026-06-25 00:00:00+00:00,0.07566,0.07592,0.07527,0.07536,3703758.0
2026-06-25 01:00:00+00:00,0.07535,0.07546,0.07504,0.07507,2550053.0
2026-06-25 02:00:00+00:00,0.07508,0.07522,0.07475,0.07475,2374337.0
2026-06-25 03:00:00+00:00,0.07476,0.07484,0.07437,0.0744,3157101.0
2026-06-25 04:00:00+00:00,0.0744,0.07492,0.07416,0.07484,3613242.0
2026-06-25 05:00:00+00:00,0.07484,0.07534,0.07468,0.07468,5035478.0
2026-06-25 06:00:00+00:00,0.0747,0.07496,0.07462,0.07478,3265820.0
2026-06-25 07:00:00+00:00,0.07479,0.07483,0.0741,0.07431,3711249.0
2026-06-25 08:00:00+00:00,0.07431,0.07433,0.07379,0.07391,3955448.0
2026-06-25 09:00:00+00:00,0.07392,0.07406,0.07366,0.07388,2683477.0
2026-06-25 10:00:00+00:00,0.07389,0.07393,0.07333,0.07334,2970474.0
2026-06-25 11:00:00+00:00,0.07335,0.07356,0.07315,0.07342,2338011.0
2026-06-25 12:00:00+00:00,0.07343,0.07394,0.07297,0.07377,4077083.0
2026-06-25 13:00:00+00:00,0.07377,0.07425,0.07066,0.07087,16696329.0
2026-06-25 14:00:00+00:00,0.07088,0.07346,0.07088,0.07255,14583366.0
2026-06-25 15:00:00+00:00,0.07255,0.07327,0.07214,0.07313,6119954.0
2026-06-25 16:00:00+00:00,0.07314,0.0736,0.07205,0.0721,4481966.0
2026-06-25 17:00:00+00:00,0.0721,0.07382,0.07205,0.0738,7198114.0
2026-06-25 18:00:00+00:00,0.0738,0.07392,0.07275,0.07297,3768152.0
2026-06-25 19:00:00+00:00,0.07298,0.07301,0.07232,0.0729,2678788.0
2026-06-25 20:00:00+00:00,0.07291,0.07331,0.07279,0.07315,3038025.0
2026-06-25 21:00:00+00:00,0.07316,0.07389,0.07315,0.07388,2350356.0
2026-06-25 22:00:00+00:00,0.07387,0.074,0.07338,0.07343,1425501.0
2026-06-25 23:00:00+00:00,0.07343,0.07379,0.07327,0.07346,1057087.0
2026-06-26 00:00:00+00:00,0.07347,0.07371,0.07324,0.07335,1271705.0
2026-06-26 01:00:00+00:00,0.07335,0.07339,0.0727,0.07278,1195289.0
2026-06-26 02:00:00+00:00,0.07279,0.07285,0.07152,0.0716,4198054.0
2026-06-26 03:00:00+00:00,0.0716,0.0728,0.07129,0.07264,3763369.0
2026-06-26 04:00:00+00:00,0.07265,0.07279,0.07247,0.0726,1266787.0
2026-06-26 05:00:00+00:00,0.07261,0.07297,0.07251,0.07271,1197229.0
2026-06-26 06:00:00+00:00,0.07271,0.07352,0.07269,0.07334,2754889.0
2026-06-26 07:00:00+00:00,0.07336,0.07422,0.07335,0.07422,2172873.0
2026-06-26 08:00:00+00:00,0.07421,0.07423,0.07332,0.07336,2238636.0
2026-06-26 09:00:00+00:00,0.07336,0.07367,0.07296,0.07308,3108338.0
2026-06-26 10:00:00+00:00,0.07309,0.07318,0.07276,0.07285,1376126.0
2026-06-26 11:00:00+00:00,0.07285,0.07304,0.07258,0.07279,1043680.0
2026-06-26 12:00:00+00:00,0.07279,0.07332,0.07207,0.07228,3267579.0
2026-06-26 13:00:00+00:00,0.07229,0.07353,0.07179,0.07353,6123797.0
2026-06-26 14:00:00+00:00,0.07353,0.07371,0.07263,0.07275,3250418.0
2026-06-26 15:00:00+00:00,0.07274,0.0736,0.07266,0.07318,3202955.0
2026-06-26 16:00:00+00:00,0.07319,0.07365,0.07292,0.07342,3242579.0
2026-06-26 17:00:00+00:00,0.07341,0.07392,0.0731,0.07314,3947409.0
2026-06-26 18:00:00+00:00,0.07313,0.07317,0.07186,0.07197,10970721.0
2026-06-26 19:00:00+00:00,0.07197,0.0726,0.07162,0.07185,4631188.0
2026-06-26 20:00:00+00:00,0.07185,0.07232,0.07146,0.07149,4989626.0
2026-06-26 21:00:00+00:00,0.0715,0.07176,0.07066,0.07111,6895329.0
2026-06-26 22:00:00+00:00,0.07111,0.0713,0.07085,0.07107,3913289.0
2026-06-26 23:00:00+00:00,0.07108,0.07134,0.07075,0.07094,5594754.0
2026-06-27 00:00:00+00:00,0.07096,0.07165,0.07096,0.0715,3484572.0
2026-06-27 01:00:00+00:00,0.07151,0.07243,0.07134,0.07242,2387324.0
2026-06-27 02:00:00+00:00,0.07243,0.07255,0.07213,0.07247,2606195.0
2026-06-27 03:00:00+00:00,0.07246,0.07253,0.07219,0.07246,1394184.0
2026-06-27 04:00:00+00:00,0.07247,0.07291,0.07238,0.07244,2390621.0
2026-06-27 05:00:00+00:00,0.07243,0.07251,0.07208,0.07251,3140935.0
2026-06-27 06:00:00+00:00,0.0725,0.07276,0.07212,0.0726,3683637.0
2026-06-27 07:00:00+00:00,0.0726,0.07292,0.07223,0.07252,6585878.0
2026-06-27 08:00:00+00:00,0.07253,0.07255,0.07209,0.07224,3380259.0
2026-06-27 09:00:00+00:00,0.07223,0.07244,0.07201,0.07221,4167673.0
2026-06-27 10:00:00+00:00,0.0722,0.07255,0.07213,0.07247,4102007.0
2026-06-27 11:00:00+00:00,0.07248,0.07277,0.0722,0.07276,1915809.0
2026-06-27 12:00:00+00:00,0.07276,0.07286,0.07258,0.07281,2194678.0
2026-06-27 13:00:00+00:00,0.07282,0.0734,0.07274,0.07305,2064588.0
2026-06-27 14:00:00+00:00,0.07305,0.07331,0.07288,0.07289,1403347.0
2026-06-27 15:00:00+00:00,0.0729,0.07349,0.0729,0.07328,2588514.0
2026-06-27 16:00:00+00:00,0.07328,0.07341,0.07272,0.07278,1599290.0
2026-06-27 17:00:00+00:00,0.07278,0.07286,0.07223,0.07261,2753917.0
2026-06-27 18:00:00+00:00,0.07261,0.07267,0.07233,0.07258,879859.0
2026-06-27 19:00:00+00:00,0.07257,0.0726,0.0719,0.07214,1265319.0
2026-06-27 20:00:00+00:00,0.07214,0.07241,0.07214,0.07241,1419586.0
2026-06-27 21:00:00+00:00,0.07242,0.07254,0.07185,0.07191,1460515.0
2026-06-27 22:00:00+00:00,0.07191,0.07232,0.07161,0.07217,3263203.0
2026-06-27 23:00:00+00:00,0.07218,0.07219,0.07179,0.07193,1065584.0
2026-06-28 00:00:00+00:00,0.07193,0.07196,0.07152,0.07152,1437427.0
2026-06-28 01:00:00+00:00,0.07152,0.07167,0.07138,0.07157,1402746.0
2026-06-28 02:00:00+00:00,0.07156,0.07169,0.07137,0.07145,813936.0
2026-06-28 03:00:00+00:00,0.07146,0.07169,0.07146,0.07166,481947.0
2026-06-28 04:00:00+00:00,0.07167,0.07199,0.07164,0.0717,2047333.0
2026-06-28 05:00:00+00:00,0.07171,0.07182,0.07141,0.07158,1685146.0
2026-06-28 06:00:00+00:00,0.07159,0.07162,0.07116,0.07124,1209453.0
2026-06-28 07:00:00+00:00,0.07123,0.07148,0.0712,0.07133,1018284.0
2026-06-28 08:00:00+00:00,0.07133,0.07173,0.07123,0.07147,1390888.0
2026-06-28 09:00:00+00:00,0.07148,0.07151,0.071,0.07123,3642689.0
2026-06-28 10:00:00+00:00,0.07125,0.07143,0.07115,0.07124,1858705.0
2026-06-28 11:00:00+00:00,0.07126,0.0716,0.07126,0.07158,981670.0
2026-06-28 12:00:00+00:00,0.07158,0.07186,0.07132,0.07136,1572350.0
2026-06-28 13:00:00+00:00,0.07137,0.07139,0.07111,0.07121,3091803.0
2026-06-28 14:00:00+00:00,0.07122,0.07154,0.07113,0.07125,1373189.0
2026-06-28 15:00:00+00:00,0.07126,0.07145,0.07115,0.07125,2797136.0
2026-06-28 16:00:00+00:00,0.07125,0.07129,0.07052,0.07068,4083331.0
2026-06-28 17:00:00+00:00,0.07069,0.07089,0.07046,0.07089,1974287.0
2026-06-28 18:00:00+00:00,0.07089,0.07116,0.07073,0.07108,4541703.0
2026-06-28 19:00:00+00:00,0.07109,0.07114,0.07072,0.07094,1861165.0
2026-06-28 20:00:00+00:00,0.07094,0.07137,0.0709,0.07111,1471630.0
2026-06-28 21:00:00+00:00,0.07112,0.0712,0.07051,0.07058,1358587.0
2026-06-28 22:00:00+00:00,0.07059,0.07134,0.07018,0.07057,2986380.0
2026-06-28 23:00:00+00:00,0.07056,0.0712,0.07041,0.07103,1664580.0
2026-06-29 00:00:00+00:00,0.07103,0.07169,0.07085,0.07165,2676259.0
2026-06-29 01:00:00+00:00,0.07165,0.07165,0.07106,0.07155,4688161.0
2026-06-29 02:00:00+00:00,0.07156,0.07177,0.07091,0.07171,3022538.0
2026-06-29 03:00:00+00:00,0.07171,0.07211,0.07162,0.07187,2655015.0
2026-06-29 04:00:00+00:00,0.07188,0.07188,0.07103,0.07108,1565415.0
2026-06-29 05:00:00+00:00,0.07109,0.07141,0.07061,0.07141,1801524.0
2026-06-29 06:00:00+00:00,0.07141,0.07183,0.07137,0.07175,1997233.0
2026-06-29 07:00:00+00:00,0.07175,0.07183,0.07149,0.07168,2065664.0
2026-06-29 08:00:00+00:00,0.07167,0.07179,0.07127,0.07132,1526644.0
2026-06-29 09:00:00+00:00,0.07132,0.07148,0.07121,0.07146,1832295.0
2026-06-29 10:00:00+00:00,0.07146,0.07164,0.07093,0.071,2202357.0
2026-06-29 11:00:00+00:00,0.07101,0.07137,0.07076,0.07097,2378305.0
2026-06-29 12:00:00+00:00,0.07098,0.07192,0.07065,0.07121,4076721.0
2026-06-29 13:00:00+00:00,0.07122,0.07167,0.07092,0.07167,3076509.0
2026-06-29 14:00:00+00:00,0.07168,0.07169,0.07094,0.0716,3493974.0
2026-06-29 15:00:00+00:00,0.07161,0.07165,0.07092,0.07127,3017467.0
2026-06-29 16:00:00+00:00,0.07126,0.0713,0.07078,0.0711,1902946.0
2026-06-29 17:00:00+00:00,0.07111,0.07243,0.07111,0.07185,3475156.0
2026-06-29 18:00:00+00:00,0.07185,0.07216,0.07173,0.07182,3450257.0
2026-06-29 19:00:00+00:00,0.07181,0.07217,0.07144,0.07198,3145598.0
2026-06-29 20:00:00+00:00,0.07198,0.07226,0.07167,0.07174,1852304.0
2026-06-29 21:00:00+00:00,0.07173,0.07204,0.07161,0.07196,1044136.0
2026-06-29 22:00:00+00:00,0.07195,0.0721,0.07183,0.07184,917536.0
2026-06-29 23:00:00+00:00,0.07183,0.07203,0.07148,0.07169,3376958.0
2026-06-30 00:00:00+00:00,0.07168,0.07181,0.07123,0.07124,1101853.0
2026-06-30 01:00:00+00:00,0.07123,0.07145,0.071,0.0712,1529053.0
2026-06-30 02:00:00+00:00,0.07121,0.07128,0.07083,0.07099,1397155.0
2026-06-30 03:00:00+00:00,0.071,0.07125,0.07082,0.07091,1511155.0
2026-06-30 04:00:00+00:00,0.07091,0.0712,0.0708,0.071,866252.0
2026-06-30 05:00:00+00:00,0.07099,0.07144,0.07095,0.07139,1266491.0
2026-06-30 06:00:00+00:00,0.0714,0.07144,0.071,0.07119,1833586.0
2026-06-30 07:00:00+00:00,0.07118,0.07156,0.07105,0.07108,4713958.0
2026-06-30 08:00:00+00:00,0.07108,0.07114,0.07054,0.07064,2973150.0
2026-06-30 09:00:00+00:00,0.07063,0.07075,0.07056,0.07058,2083739.0
2026-06-30 10:00:00+00:00,0.07058,0.07073,0.07052,0.07057,1181062.0
2026-06-30 11:00:00+00:00,0.07056,0.07063,0.07015,0.07031,1909786.0
2026-06-30 12:00:00+00:00,0.07031,0.07033,0.06965,0.06966,5139927.0
2026-06-30 13:00:00+00:00,0.06967,0.07053,0.06965,0.07027,4836210.0
2026-06-30 14:00:00+00:00,0.07026,0.07122,0.07021,0.07048,4002455.0
2026-06-30 15:00:00+00:00,0.07047,0.07065,0.06983,0.06994,6559681.0
2026-06-30 16:00:00+00:00,0.06995,0.07031,0.06942,0.07024,3923040.0
2026-06-30 17:00:00+00:00,0.07024,0.07033,0.0687,0.06912,15185516.0
2026-06-30 18:00:00+00:00,0.06912,0.06992,0.0685,0.0699,12270360.0
2026-06-30 19:00:00+00:00,0.06989,0.0699,0.06951,0.06968,2700454.0
2026-06-30 20:00:00+00:00,0.06967,0.06968,0.06906,0.06921,2010400.0
2026-06-30 21:00:00+00:00,0.06921,0.06972,0.06908,0.0696,2957206.0
2026-06-30 22:00:00+00:00,0.06957,0.06981,0.06927,0.06954,2762420.0
2026-06-30 23:00:00+00:00,0.06954,0.06958,0.06925,0.06953,1152467.0
2026-07-01 00:00:00+00:00,0.06954,0.06975,0.06937,0.06974,1929314.0
2026-07-01 01:00:00+00:00,0.06974,0.06996,0.0685,0.06987,5380961.0
2026-07-01 02:00:00+00:00,0.06988,0.07021,0.06962,0.07012,2394854.0
2026-07-01 03:00:00+00:00,0.07013,0.07043,0.0699,0.07034,2993780.0
2026-07-01 04:00:00+00:00,0.07033,0.07084,0.07031,0.07046,2707918.0
2026-07-01 05:00:00+00:00,0.07046,0.07056,0.07011,0.07019,1341943.0
2026-07-01 06:00:00+00:00,0.07018,0.0702,0.06911,0.06955,2330703.0
2026-07-01 07:00:00+00:00,0.06955,0.06959,0.06854,0.06878,4268641.0
2026-07-01 08:00:00+00:00,0.06877,0.06938,0.06866,0.06937,2018607.0
2026-07-01 09:00:00+00:00,0.06938,0.06947,0.06925,0.06943,1552932.0
2026-07-01 10:00:00+00:00,0.06944,0.06954,0.0692,0.06936,1155642.0
2026-07-01 11:00:00+00:00,0.06936,0.0696,0.06925,0.06939,1872013.0
2026-07-01 12:00:00+00:00,0.0694,0.06941,0.06889,0.06906,2868429.0
2026-07-01 13:00:00+00:00,0.06908,0.06994,0.06877,0.06988,4581400.0
2026-07-01 14:00:00+00:00,0.06988,0.07094,0.06971,0.07077,3971800.0
2026-07-01 15:00:00+00:00,0.07077,0.0723,0.07077,0.07227,9567866.0
2026-07-01 16:00:00+00:00,0.07228,0.07302,0.07156,0.07156,5211793.0
2026-07-01 17:00:00+00:00,0.07159,0.07229,0.07142,0.07222,2607855.0
2026-07-01 18:00:00+00:00,0.07223,0.07259,0.07163,0.07191,2416856.0
2026-07-01 19:00:00+00:00,0.07191,0.07302,0.07182,0.072,4838368.0
2026-07-01 20:00:00+00:00,0.072,0.07208,0.07164,0.07207,1770030.0
2026-07-01 21:00:00+00:00,0.07208,0.07281,0.072,0.07242,2135374.0
2026-07-01 22:00:00+00:00,0.07241,0.07283,0.072,0.07206,2721071.0
2026-07-01 23:00:00+00:00,0.07205,0.07252,0.07146,0.07192,5441166.0
2026-07-02 00:00:00+00:00,0.07192,0.07231,0.07165,0.07231,3104766.0
2026-07-02 01:00:00+00:00,0.07231,0.07369,0.07226,0.07327,4824939.0
2026-07-02 02:00:00+00:00,0.07327,0.07357,0.07296,0.07351,5211387.0
2026-07-02 03:00:00+00:00,0.07351,0.07385,0.07302,0.07374,4680833.0
2026-07-02 04:00:00+00:00,0.07373,0.07379,0.07306,0.07328,3332912.0
2026-07-02 05:00:00+00:00,0.07328,0.07336,0.07272,0.07278,2244396.0
2026-07-02 06:00:00+00:00,0.07278,0.07304,0.0726,0.07282,1268296.0
2026-07-02 07:00:00+00:00,0.07282,0.07309,0.07261,0.07298,1413493.0
2026-07-02 08:00:00+00:00,0.07298,0.07342,0.07294,0.07316,2422962.0
2026-07-02 09:00:00+00:00,0.07317,0.07377,0.07275,0.07345,2945660.0
2026-07-02 10:00:00+00:00,0.07344,0.07373,0.07335,0.07352,1723992.0
2026-07-02 11:00:00+00:00,0.07353,0.07386,0.07342,0.07383,1608874.0
2026-07-02 12:00:00+00:00,0.07382,0.0743,0.07365,0.07419,3727295.0
2026-07-02 13:00:00+00:00,0.07419,0.07494,0.07412,0.07444,5478606.0
2026-07-02 14:00:00+00:00,0.07445,0.07483,0.07408,0.0742,4981782.0
2026-07-02 15:00:00+00:00,0.07421,0.07451,0.07398,0.07419,2767267.0
2026-07-02 16:00:00+00:00,0.07419,0.07452,0.07398,0.07413,2890767.0
2026-07-02 17:00:00+00:00,0.07412,0.07421,0.07355,0.07393,3317989.0
2026-07-02 18:00:00+00:00,0.07394,0.07401,0.07282,0.07316,3473145.0
2026-07-02 19:00:00+00:00,0.07317,0.0732,0.0724,0.07261,4206670.0
2026-07-02 20:00:00+00:00,0.07262,0.07271,0.07151,0.07172,16845629.0
2026-07-02 21:00:00+00:00,0.07172,0.07219,0.07127,0.0715,4614801.0
2026-07-02 22:00:00+00:00,0.0715,0.07153,0.07068,0.0709,4468262.0
2026-07-02 23:00:00+00:00,0.07089,0.07099,0.07054,0.07088,3892334.0
2026-07-03 00:00:00+00:00,0.0709,0.07122,0.0705,0.07101,7514741.0
2026-07-03 01:00:00+00:00,0.071,0.07237,0.07096,0.07226,4699357.0
2026-07-03 02:00:00+00:00,0.07227,0.07231,0.07104,0.07138,15484360.0
2026-07-03 03:00:00+00:00,0.07137,0.07153,0.07095,0.07149,16116562.0
2026-07-03 04:00:00+00:00,0.07149,0.07155,0.07087,0.07115,8399810.0
2026-07-03 05:00:00+00:00,0.07115,0.07153,0.071,0.07144,6727703.0
2026-07-03 06:00:00+00:00,0.07144,0.07182,0.07135,0.07158,6729256.0
2026-07-03 07:00:00+00:00,0.07158,0.07159,0.07115,0.07121,3445633.0
2026-07-03 08:00:00+00:00,0.07121,0.07148,0.07099,0.07116,4619333.0
2026-07-03 09:00:00+00:00,0.07117,0.07138,0.07103,0.07118,3075537.0
2026-07-03 10:00:00+00:00,0.07118,0.0719,0.07117,0.07162,5626069.0
2026-07-03 11:00:00+00:00,0.07161,0.07191,0.07154,0.0717,4555543.0
2026-07-03 12:00:00+00:00,0.0717,0.07209,0.07159,0.07186,5206867.0
2026-07-03 13:00:00+00:00,0.07188,0.07244,0.07185,0.07231,6824420.0
2026-07-03 14:00:00+00:00,0.0723,0.07234,0.07157,0.07186,8319977.0
2026-07-03 15:00:00+00:00,0.07186,0.07241,0.07169,0.07192,5043129.0
2026-07-03 16:00:00+00:00,0.07193,0.07199,0.07141,0.07143,4440456.0
2026-07-03 17:00:00+00:00,0.07143,0.07269,0.07133,0.07254,8980955.0
2026-07-03 18:00:00+00:00,0.07255,0.07278,0.0721,0.07262,6309099.0
2026-07-03 19:00:00+00:00,0.07262,0.0735,0.07255,0.07276,7935828.0
2026-07-03 20:00:00+00:00,0.07276,0.07443,0.07276,0.07399,10206025.0
2026-07-03 21:00:00+00:00,0.074,0.07415,0.07294,0.0736,5254980.0
2026-07-03 22:00:00+00:00,0.0736,0.07395,0.07335,0.07351,2965914.0
2026-07-03 23:00:00+00:00,0.07352,0.07356,0.07304,0.07338,3082027.0
2026-07-04 00:00:00+00:00,0.07338,0.07351,0.07311,0.07316,2345253.0
2026-07-04 01:00:00+00:00,0.07315,0.07315,0.07258,0.07285,3067411.0
2026-07-04 02:00:00+00:00,0.07285,0.07293,0.0726,0.07266,1840597.0
2026-07-04 03:00:00+00:00,0.07266,0.07299,0.07251,0.07285,3062940.0
2026-07-04 04:00:00+00:00,0.07286,0.07337,0.0727,0.07324,2232441.0
2026-07-04 05:00:00+00:00,0.07323,0.07323,0.07256,0.0726,2849432.0
2026-07-04 06:00:00+00:00,0.07261,0.07297,0.07223,0.07233,2469269.0
2026-07-04 07:00:00+00:00,0.07234,0.07238,0.072,0.07233,2600663.0
2026-07-04 08:00:00+00:00,0.07234,0.0726,0.07222,0.07241,1114708.0
2026-07-04 09:00:00+00:00,0.07242,0.07392,0.07205,0.07346,9641323.0
2026-07-04 10:00:00+00:00,0.07345,0.07437,0.07329,0.07367,7987039.0
2026-07-04 11:00:00+00:00,0.07368,0.07382,0.07317,0.07338,2925497.0
2026-07-04 12:00:00+00:00,0.07338,0.07409,0.07336,0.07366,6114398.0
2026-07-04 13:00:00+00:00,0.07367,0.07401,0.07329,0.07357,3635601.0
2026-07-04 14:00:00+00:00,0.07358,0.0744,0.07357,0.07433,5099961.0
2026-07-04 15:00:00+00:00,0.07433,0.07506,0.07423,0.07474,6834512.0
2026-07-04 16:00:00+00:00,0.07473,0.07488,0.07442,0.07451,3809354.0
2026-07-04 17:00:00+00:00,0.07451,0.07533,0.0742,0.07515,4417948.0
2026-07-04 18:00:00+00:00,0.07515,0.07584,0.07502,0.07533,3850395.0
2026-07-04 19:00:00+00:00,0.07533,0.07547,0.0745,0.07464,3418504.0
2026-07-04 20:00:00+00:00,0.07463,0.07609,0.07447,0.0756,11606789.0
2026-07-04 21:00:00+00:00,0.07561,0.07664,0.07517,0.07618,5351116.0
2026-07-04 22:00:00+00:00,0.07618,0.07733,0.07545,0.0772,8337518.0
2026-07-04 23:00:00+00:00,0.07721,0.07734,0.07598,0.07729,8308132.0
2026-07-05 00:00:00+00:00,0.07729,0.07764,0.07597,0.07634,8715983.0
2026-07-05 01:00:00+00:00,0.07634,0.07655,0.07532,0.07574,4389805.0
2026-07-05 02:00:00+00:00,0.07574,0.07574,0.07478,0.07537,6004261.0
2026-07-05 03:00:00+00:00,0.07537,0.07552,0.07509,0.07525,2927368.0
2026-07-05 04:00:00+00:00,0.07526,0.07563,0.07522,0.07529,3495706.0
2026-07-05 05:00:00+00:00,0.07528,0.07531,0.0749,0.07497,2088179.0
2026-07-05 06:00:00+00:00,0.07497,0.075,0.07435,0.07459,3226274.0
2026-07-05 07:00:00+00:00,0.07459,0.07516,0.07453,0.07505,3300489.0
2026-07-05 08:00:00+00:00,0.07507,0.07582,0.07498,0.07549,1729673.0
2026-07-05 09:00:00+00:00,0.0755,0.0758,0.07458,0.07464,2675634.0
2026-07-05 10:00:00+00:00,0.07463,0.07481,0.07433,0.0747,2992225.0
2026-07-05 11:00:00+00:00,0.07472,0.0751,0.07456,0.07489,1078498.0
2026-07-05 12:00:00+00:00,0.07488,0.07551,0.07464,0.07508,2101209.0
2026-07-05 13:00:00+00:00,0.07509,0.07511,0.07461,0.07485,1472654.0
2026-07-05 14:00:00+00:00,0.07486,0.07524,0.07469,0.07524,1724238.0
2026-07-05 15:00:00+00:00,0.07524,0.07564,0.0751,0.07529,1564601.0
2026-07-05 16:00:00+00:00,0.07529,0.07542,0.07492,0.07518,2705305.0
2026-07-05 17:00:00+00:00,0.07519,0.07552,0.07498,0.07524,2391089.0
2026-07-05 18:00:00+00:00,0.07524,0.07543,0.07514,0.07527,1130975.0
2026-07-05 19:00:00+00:00,0.07527,0.07561,0.07525,0.07538,907788.0
2026-07-05 20:00:00+00:00,0.07538,0.07549,0.07515,0.07524,854349.0
2026-07-05 21:00:00+00:00,0.07524,0.07612,0.075,0.07581,1995671.0
2026-07-05 22:00:00+00:00,0.07582,0.07666,0.07562,0.0765,4611871.0
2026-07-05 23:00:00+00:00,0.07651,0.07691,0.07599,0.07632,3188815.0
2026-07-06 00:00:00+00:00,0.07631,0.07637,0.07548,0.07591,2743712.0
2026-07-06 01:00:00+00:00,0.0759,0.07614,0.07565,0.0758,1219605.0
2026-07-06 02:00:00+00:00,0.07579,0.076,0.07544,0.07592,1336766.0
2026-07-06 03:00:00+00:00,0.07592,0.07609,0.07543,0.07565,2205724.0
2026-07-06 04:00:00+00:00,0.07565,0.07572,0.07515,0.07531,1771581.0
2026-07-06 05:00:00+00:00,0.0753,0.07534,0.07435,0.07444,3073682.0
2026-07-06 06:00:00+00:00,0.07444,0.07454,0.07432,0.07443,1145104.0
2026-07-06 07:00:00+00:00,0.07444,0.07486,0.07442,0.07479,2207540.0
2026-07-06 08:00:00+00:00,0.07478,0.07496,0.07466,0.0748,1172793.0
2026-07-06 09:00:00+00:00,0.07481,0.07483,0.07439,0.07458,2695079.0
2026-07-06 10:00:00+00:00,0.07458,0.07467,0.07439,0.07467,1041865.0
2026-07-06 11:00:00+00:00,0.07467,0.07477,0.07425,0.07425,2113114.0
2026-07-06 12:00:00+00:00,0.07424,0.07424,0.07293,0.073,16297817.0
2026-07-06 13:00:00+00:00,0.07299,0.07339,0.07254,0.07311,4105663.0
2026-07-06 14:00:00+00:00,0.0731,0.07395,0.07285,0.07352,4385378.0
2026-07-06 15:00:00+00:00,0.07353,0.0746,0.07353,0.07452,2888125.0
2026-07-06 16:00:00+00:00,0.07452,0.07496,0.07431,0.0748,3492937.0
2026-07-06 17:00:00+00:00,0.0748,0.07502,0.07438,0.07438,1904460.0
2026-07-06 18:00:00+00:00,0.0744,0.07468,0.07421,0.07452,1342674.0
2026-07-06 19:00:00+00:00,0.07453,0.07457,0.07409,0.0741,1165115.0
2026-07-06 20:00:00+00:00,0.07411,0.07412,0.07344,0.07351,1477429.0
2026-07-06 21:00:00+00:00,0.07351,0.07467,0.07335,0.07421,6765198.0
2026-07-06 22:00:00+00:00,0.07421,0.07423,0.07294,0.07311,4892005.0
2026-07-06 23:00:00+00:00,0.07312,0.0737,0.07292,0.07336,4497898.0
2026-07-07 00:00:00+00:00,0.07337,0.07369,0.07317,0.07332,2515411.0
2026-07-07 01:00:00+00:00,0.07332,0.07332,0.07259,0.07307,3582042.0
2026-07-07 02:00:00+00:00,0.07308,0.07311,0.07241,0.0725,2310489.0
2026-07-07 03:00:00+00:00,0.0725,0.07269,0.07215,0.07224,2066681.0
2026-07-07 04:00:00+00:00,0.07223,0.07239,0.07181,0.07199,2909236.0
2026-07-07 05:00:00+00:00,0.07198,0.07235,0.0716,0.07208,4424515.0
2026-07-07 06:00:00+00:00,0.07208,0.0724,0.07186,0.07231,2597318.0
2026-07-07 07:00:00+00:00,0.07232,0.07236,0.07166,0.07173,3110414.0
2026-07-07 08:00:00+00:00,0.07172,0.07182,0.07123,0.07127,3857115.0
2026-07-07 09:00:00+00:00,0.07126,0.07149,0.07119,0.07147,4402369.0
2026-07-07 10:00:00+00:00,0.07148,0.07167,0.07096,0.07103,6176440.0
2026-07-07 11:00:00+00:00,0.07103,0.0714,0.07091,0.0714,2718657.0
2026-07-07 12:00:00+00:00,0.07138,0.07188,0.07124,0.07148,4553023.0
2026-07-07 13:00:00+00:00,0.07148,0.07176,0.0711,0.0712,5649337.0
2026-07-07 14:00:00+00:00,0.07121,0.07185,0.07058,0.07175,4837548.0
2026-07-07 15:00:00+00:00,0.07174,0.07257,0.07152,0.07257,6916634.0
2026-07-07 16:00:00+00:00,0.07258,0.07289,0.07202,0.0724,4932437.0
2026-07-07 17:00:00+00:00,0.0724,0.07281,0.07206,0.07281,2414468.0
2026-07-07 18:00:00+00:00,0.07281,0.07284,0.07198,0.072,2629373.0
2026-07-07 19:00:00+00:00,0.07198,0.07205,0.07136,0.0715,3170886.0
2026-07-07 20:00:00+00:00,0.07151,0.07173,0.07136,0.07144,1725759.0
2026-07-07 21:00:00+00:00,0.07144,0.0716,0.07069,0.07078,3648432.0
2026-07-07 22:00:00+00:00,0.07074,0.07083,0.07034,0.07065,3264510.0
2026-07-07 23:00:00+00:00,0.07065,0.07108,0.0706,0.07091,2317797.0
2026-07-08 00:00:00+00:00,0.07092,0.07117,0.07064,0.07082,2957062.0
2026-07-08 01:00:00+00:00,0.07083,0.07094,0.07,0.07034,4577457.0
2026-07-08 02:00:00+00:00,0.07033,0.07059,0.07,0.07057,3454921.0
2026-07-08 03:00:00+00:00,0.07058,0.0707,0.07034,0.07035,1964845.0
2026-07-08 04:00:00+00:00,0.07036,0.07038,0.06991,0.07007,2338299.0
2026-07-08 05:00:00+00:00,0.07007,0.07019,0.06979,0.07,1613476.0
2026-07-08 06:00:00+00:00,0.07,0.07003,0.0696,0.06975,2160529.0
2026-07-08 07:00:00+00:00,0.06975,0.07025,0.06961,0.07002,1747564.0
2026-07-08 08:00:00+00:00,0.07002,0.0702,0.06906,0.06938,5650248.0
2026-07-08 09:00:00+00:00,0.06939,0.06952,0.06903,0.06926,2412945.0
2026-07-08 10:00:00+00:00,0.06927,0.06956,0.06907,0.06949,1807792.0
2026-07-08 11:00:00+00:00,0.06947,0.06984,0.06929,0.06962,4023075.0
2026-07-08 12:00:00+00:00,0.06962,0.06971,0.069,0.06902,4020057.0
2026-07-08 13:00:00+00:00,0.06902,0.06977,0.06896,0.06974,3479200.0
2026-07-08 14:00:00+00:00,0.06974,0.07013,0.06918,0.06949,4070019.0
2026-07-08 15:00:00+00:00,0.0695,0.06958,0.06904,0.06914,2361696.0
2026-07-08 16:00:00+00:00,0.06915,0.06997,0.0691,0.06981,3706903.0
2026-07-08 17:00:00+00:00,0.06982,0.06996,0.06931,0.0694,2869320.0
2026-07-08 18:00:00+00:00,0.0694,0.06972,0.06934,0.06942,2509924.0
2026-07-08 19:00:00+00:00,0.06944,0.06968,0.06936,0.06948,1979826.0
2026-07-08 20:00:00+00:00,0.0695,0.06958,0.06914,0.06915,1204244.0
2026-07-08 21:00:00+00:00,0.06915,0.06934,0.06884,0.06926,2954343.0
2026-07-08 22:00:00+00:00,0.06927,0.06935,0.06903,0.06917,1625705.0
2026-07-08 23:00:00+00:00,0.06917,0.06936,0.06898,0.06936,1394860.0
2026-07-09 00:00:00+00:00,0.06936,0.06973,0.06924,0.06963,2974457.0
2026-07-09 01:00:00+00:00,0.06964,0.07051,0.06956,0.06983,4961050.0
2026-07-09 02:00:00+00:00,0.06985,0.0702,0.06954,0.06972,1347699.0
2026-07-09 03:00:00+00:00,0.06973,0.06982,0.06916,0.06952,1801067.0
2026-07-09 04:00:00+00:00,0.06953,0.07046,0.06947,0.07018,4531676.0
2026-07-09 05:00:00+00:00,0.07017,0.07153,0.07013,0.07113,7742367.0
2026-07-09 06:00:00+00:00,0.07114,0.07135,0.07059,0.07102,2992426.0
2026-07-09 07:00:00+00:00,0.07103,0.07109,0.06991,0.07058,3609806.0
2026-07-09 08:00:00+00:00,0.07059,0.07107,0.07058,0.07101,1905759.0
2026-07-09 09:00:00+00:00,0.071,0.07107,0.07073,0.07091,1817482.0
2026-07-09 10:00:00+00:00,0.07091,0.07096,0.07029,0.07054,1682768.0
2026-07-09 11:00:00+00:00,0.07055,0.07061,0.0702,0.07059,3564977.0
2026-07-09 12:00:00+00:00,0.07057,0.0708,0.07031,0.07032,3130842.0
2026-07-09 13:00:00+00:00,0.07031,0.07073,0.07017,0.07064,1359678.0
2026-07-09 14:00:00+00:00,0.07065,0.07084,0.07004,0.07005,2178169.0
2026-07-09 15:00:00+00:00,0.07007,0.07046,0.06976,0.06996,2824836.0
2026-07-09 16:00:00+00:00,0.06995,0.07018,0.06965,0.06984,1572854.0
2026-07-09 17:00:00+00:00,0.06984,0.07052,0.06974,0.07023,3277730.0
2026-07-09 18:00:00+00:00,0.07024,0.07055,0.07012,0.07017,3299865.0
2026-07-09 19:00:00+00:00,0.07016,0.07024,0.0698,0.07005,1719725.0
2026-07-09 20:00:00+00:00,0.07006,0.07043,0.06996,0.07043,1178550.0
2026-07-09 21:00:00+00:00,0.07044,0.07053,0.0703,0.07044,1188147.0
2026-07-09 22:00:00+00:00,0.07046,0.07054,0.07018,0.07042,2609518.0
2026-07-09 23:00:00+00:00,0.07041,0.07053,0.0698,0.06994,2201445.0
2026-07-10 00:00:00+00:00,0.06993,0.06996,0.0695,0.06983,2290782.0
2026-07-10 01:00:00+00:00,0.06984,0.07122,0.06962,0.07073,4975570.0
2026-07-10 02:00:00+00:00,0.07073,0.07101,0.0706,0.07074,2299458.0
2026-07-10 03:00:00+00:00,0.07073,0.07075,0.07031,0.07048,2044909.0
2026-07-10 04:00:00+00:00,0.07049,0.07091,0.07047,0.07081,1080542.0
2026-07-10 05:00:00+00:00,0.07082,0.07097,0.0707,0.0708,1056788.0
2026-07-10 06:00:00+00:00,0.07079,0.0709,0.07043,0.07049,1533087.0
2026-07-10 07:00:00+00:00,0.0705,0.07058,0.07041,0.07046,950390.0
2026-07-10 08:00:00+00:00,0.07045,0.07115,0.07041,0.0707,2237576.0
2026-07-10 09:00:00+00:00,0.07071,0.07093,0.07054,0.07092,1144235.0
2026-07-10 10:00:00+00:00,0.07092,0.07137,0.0708,0.07116,2451977.0
2026-07-10 11:00:00+00:00,0.07116,0.07125,0.07094,0.07122,1716129.0
2026-07-10 12:00:00+00:00,0.07121,0.07147,0.07076,0.07076,3009537.0
2026-07-10 13:00:00+00:00,0.07077,0.07131,0.07056,0.07097,3090362.0
2026-07-10 14:00:00+00:00,0.07094,0.07099,0.06985,0.07006,7701380.0
2026-07-10 15:00:00+00:00,0.07004,0.07035,0.06997,0.07035,1912749.0
2026-07-10 16:00:00+00:00,0.07035,0.07061,0.07016,0.07033,2800682.0
2026-07-10 17:00:00+00:00,0.07032,0.0704,0.06987,0.06987,2099015.0
2026-07-10 18:00:00+00:00,0.06987,0.07009,0.06969,0.06984,2888902.0
2026-07-10 19:00:00+00:00,0.06984,0.07016,0.06981,0.06997,2357044.0
2026-07-10 20:00:00+00:00,0.06996,0.06999,0.06976,0.06986,1640304.0
2026-07-10 21:00:00+00:00,0.06986,0.07011,0.06976,0.07004,1899662.0
2026-07-10 22:00:00+00:00,0.07004,0.07021,0.06987,0.07007,1639723.0
2026-07-10 23:00:00+00:00,0.07008,0.07041,0.06995,0.07035,1389838.0
2026-07-11 00:00:00+00:00,0.07034,0.07121,0.07006,0.07074,12105508.0
2026-07-11 01:00:00+00:00,0.07074,0.07079,0.07036,0.07051,3379620.0
2026-07-11 02:00:00+00:00,0.07051,0.07106,0.07025,0.07046,5655912.0
2026-07-11 03:00:00+00:00,0.07046,0.07053,0.06988,0.07005,8735899.0
2026-07-11 04:00:00+00:00,0.07004,0.07065,0.06982,0.07007,16584579.0
2026-07-11 05:00:00+00:00,0.07006,0.07039,0.06995,0.07024,4333726.0
2026-07-11 06:00:00+00:00,0.07026,0.07065,0.07012,0.07047,2407498.0
2026-07-11 07:00:00+00:00,0.07049,0.07068,0.07047,0.07066,939424.0
2026-07-11 08:00:00+00:00,0.07064,0.07071,0.06916,0.06963,13468407.0
2026-07-11 09:00:00+00:00,0.06962,0.06977,0.0686,0.06951,18538423.0
2026-07-11 10:00:00+00:00,0.06951,0.06953,0.06689,0.06711,16190051.0
2026-07-11 11:00:00+00:00,0.06711,0.06888,0.06666,0.06871,15568353.0
2026-07-11 12:00:00+00:00,0.0687,0.06891,0.06825,0.06847,5712795.0
2026-07-11 13:00:00+00:00,0.06847,0.06923,0.06838,0.06872,4264962.0
2026-07-11 14:00:00+00:00,0.06874,0.06949,0.06844,0.06936,8279453.0
2026-07-11 15:00:00+00:00,0.06937,0.07014,0.06934,0.06992,5463830.0
2026-07-11 16:00:00+00:00,0.06993,0.06996,0.06927,0.06952,2895519.0
2026-07-11 17:00:00+00:00,0.06951,0.06978,0.06944,0.06955,2000556.0
2026-07-11 18:00:00+00:00,0.06954,0.06995,0.06953,0.06973,1899505.0
2026-07-11 19:00:00+00:00,0.06973,0.07018,0.06963,0.06994,2581704.0
2026-07-11 20:00:00+00:00,0.06995,0.07,0.06969,0.06975,2254681.0
2026-07-11 21:00:00+00:00,0.06975,0.06987,0.06949,0.06959,1645840.0
2026-07-11 22:00:00+00:00,0.06959,0.06972,0.06915,0.06924,2155868.0
2026-07-11 23:00:00+00:00,0.06924,0.06924,0.0685,0.0685,2422417.0
2026-07-12 00:00:00+00:00,0.06849,0.06856,0.06786,0.06805,5651329.0
2026-07-12 01:00:00+00:00,0.06807,0.06893,0.06807,0.06833,12789689.0
2026-07-12 02:00:00+00:00,0.06832,0.06833,0.06742,0.06759,3583352.0
2026-07-12 03:00:00+00:00,0.06759,0.06856,0.06756,0.06856,2761672.0
2026-07-12 04:00:00+00:00,0.06856,0.06857,0.06804,0.06812,1719363.0
2026-07-12 05:00:00+00:00,0.06814,0.06821,0.06802,0.06814,1163421.0
2026-07-12 06:00:00+00:00,0.06813,0.06813,0.06731,0.06773,4144311.0
2026-07-12 07:00:00+00:00,0.06773,0.06801,0.06758,0.06766,1340797.0
2026-07-12 08:00:00+00:00,0.06766,0.06805,0.06764,0.06785,2708616.0
2026-07-12 09:00:00+00:00,0.06786,0.06794,0.06755,0.06776,1716612.0
2026-07-12 10:00:00+00:00,0.06775,0.06779,0.0675,0.06769,1854648.0
2026-07-12 11:00:00+00:00,0.0677,0.06794,0.06757,0.06789,2404131.0
2026-07-12 12:00:00+00:00,0.06789,0.06817,0.06769,0.06798,2339904.0
2026-07-12 13:00:00+00:00,0.06797,0.06814,0.06754,0.0676,2450437.0
2026-07-12 14:00:00+00:00,0.0676,0.06787,0.06716,0.06779,3466179.0
2026-07-12 15:00:00+00:00,0.0678,0.06802,0.06767,0.06775,1714863.0
2026-07-12 16:00:00+00:00,0.06776,0.06783,0.06734,0.06753,1632569.0
2026-07-12 17:00:00+00:00,0.06754,0.06777,0.06741,0.06755,1140166.0
2026-07-12 18:00:00+00:00,0.06756,0.06769,0.06745,0.06762,931703.0
2026-07-12 19:00:00+00:00,0.06761,0.06777,0.06758,0.06775,750859.0
2026-07-12 20:00:00+00:00,0.06774,0.06798,0.06767,0.06796,1352248.0
2026-07-12 21:00:00+00:00,0.06797,0.06841,0.06773,0.06773,1523855.0
2026-07-12 22:00:00+00:00,0.06773,0.06773,0.06709,0.06741,2346849.0
2026-07-12 23:00:00+00:00,0.06739,0.06769,0.06728,0.06762,1822270.0
2026-07-13 00:00:00+00:00,0.06762,0.06869,0.06745,0.06843,5284064.0
2026-07-13 01:00:00+00:00,0.06842,0.06849,0.06748,0.06763,2896526.0
2026-07-13 02:00:00+00:00,0.06762,0.06783,0.06737,0.06739,1890291.0
2026-07-13 03:00:00+00:00,0.06738,0.06738,0.06672,0.06715,5496132.0
2026-07-13 04:00:00+00:00,0.06714,0.06728,0.06709,0.06714,1561055.0
2026-07-13 05:00:00+00:00,0.06715,0.06752,0.06698,0.06745,2186834.0
2026-07-13 06:00:00+00:00,0.06746,0.06757,0.06738,0.06746,870288.0
2026-07-13 07:00:00+00:00,0.06747,0.06778,0.06747,0.06769,1707498.0
2026-07-13 08:00:00+00:00,0.0677,0.06794,0.06761,0.06774,2073437.0
2026-07-13 09:00:00+00:00,0.06774,0.0678,0.06732,0.06747,1076483.0
2026-07-13 10:00:00+00:00,0.06748,0.06752,0.06696,0.067,3404387.0
2026-07-13 11:00:00+00:00,0.067,0.06711,0.06681,0.06683,4384293.0
2026-07-13 12:00:00+00:00,0.06684,0.06696,0.0664,0.06695,8522161.0
2026-07-13 13:00:00+00:00,0.06694,0.06717,0.06678,0.06699,2608708.0
2026-07-13 14:00:00+00:00,0.06697,0.06732,0.06671,0.06725,2960305.0
2026-07-13 15:00:00+00:00,0.06725,0.0673,0.06672,0.06674,2455971.0
2026-07-13 16:00:00+00:00,0.06675,0.06687,0.06625,0.06664,3034917.0
2026-07-13 17:00:00+00:00,0.06664,0.0667,0.06608,0.06611,4959460.0
2026-07-13 18:00:00+00:00,0.06612,0.06636,0.06601,0.06622,3186004.0
2026-07-13 19:00:00+00:00,0.06621,0.06652,0.06617,0.06649,1829577.0
2026-07-13 20:00:00+00:00,0.0665,0.06656,0.0662,0.06638,1229088.0
2026-07-13 21:00:00+00:00,0.06638,0.06642,0.06559,0.06603,3522052.0
2026-07-13 22:00:00+00:00,0.06602,0.0665,0.066,0.06635,2139893.0
2026-07-13 23:00:00+00:00,0.06634,0.06669,0.06623,0.06661,1484713.0
2026-07-14 00:00:00+00:00,0.06662,0.0667,0.06632,0.06663,2135429.0
2026-07-14 01:00:00+00:00,0.06663,0.06664,0.06605,0.06613,4092276.0
2026-07-14 02:00:00+00:00,0.06612,0.06621,0.06575,0.06604,3437354.0
2026-07-14 03:00:00+00:00,0.06605,0.06619,0.06565,0.06617,2883182.0
2026-07-14 04:00:00+00:00,0.06616,0.06654,0.06609,0.06645,2554022.0
2026-07-14 05:00:00+00:00,0.06646,0.06672,0.06601,0.06614,4066804.0
2026-07-14 06:00:00+00:00,0.06613,0.0663,0.06593,0.06598,1869189.0
2026-07-14 07:00:00+00:00,0.06598,0.06617,0.06591,0.06604,1476643.0
2026-07-14 08:00:00+00:00,0.06604,0.06617,0.06592,0.06592,2739050.0
2026-07-14 09:00:00+00:00,0.06592,0.06603,0.0658,0.06599,3532169.0
2026-07-14 10:00:00+00:00,0.06598,0.06616,0.06592,0.0661,2388714.0
2026-07-14 11:00:00+00:00,0.0661,0.06636,0.06601,0.06634,1786024.0
2026-07-14 12:00:00+00:00,0.06635,0.06715,0.06595,0.06705,22551364.0
2026-07-14 13:00:00+00:00,0.06706,0.06771,0.06679,0.06727,8605347.0
2026-07-14 14:00:00+00:00,0.06728,0.06738,0.06691,0.06726,6363738.0
2026-07-14 15:00:00+00:00,0.06726,0.06746,0.06697,0.06699,6352808.0
2026-07-14 16:00:00+00:00,0.067,0.06721,0.06678,0.06681,3590981.0
2026-07-14 17:00:00+00:00,0.06681,0.06697,0.06662,0.06679,3066474.0
2026-07-14 18:00:00+00:00,0.06679,0.06684,0.06633,0.06663,3826594.0
2026-07-14 19:00:00+00:00,0.06663,0.06677,0.06646,0.06662,2863868.0
2026-07-14 20:00:00+00:00,0.06662,0.06678,0.06635,0.06669,2661710.0
2026-07-14 21:00:00+00:00,0.06669,0.06689,0.06658,0.06683,3766237.0
2026-07-14 22:00:00+00:00,0.06682,0.06747,0.06668,0.06731,5018838.0
2026-07-14 23:00:00+00:00,0.06732,0.06743,0.06719,0.06737,2557172.0
2026-07-15 00:00:00+00:00,0.06737,0.06744,0.0671,0.0673,2327164.0
2026-07-15 01:00:00+00:00,0.0673,0.06741,0.06711,0.06724,1823097.0
2026-07-15 02:00:00+00:00,0.06725,0.06733,0.06712,0.06725,976973.0
2026-07-15 03:00:00+00:00,0.06724,0.06749,0.0671,0.06749,1730217.0
2026-07-15 04:00:00+00:00,0.06749,0.06757,0.06724,0.06738,1753269.0
2026-07-15 05:00:00+00:00,0.06739,0.06755,0.0671,0.06754,2585386.0
2026-07-15 06:00:00+00:00,0.06754,0.06789,0.06754,0.06776,3220589.0
2026-07-15 07:00:00+00:00,0.06776,0.06793,0.06729,0.06751,4130610.0
2026-07-15 08:00:00+00:00,0.06751,0.06758,0.06729,0.06735,3480180.0
2026-07-15 09:00:00+00:00,0.06734,0.06761,0.06729,0.06731,2244734.0
2026-07-15 10:00:00+00:00,0.06731,0.06746,0.06724,0.0673,1970625.0
2026-07-15 11:00:00+00:00,0.06729,0.06752,0.06716,0.06751,2504208.0
2026-07-15 12:00:00+00:00,0.06752,0.06838,0.06743,0.06815,9682128.0
2026-07-15 13:00:00+00:00,0.06814,0.06839,0.06777,0.06793,4593650.0
2026-07-15 14:00:00+00:00,0.06794,0.06828,0.06781,0.06827,4361097.0
2026-07-15 15:00:00+00:00,0.06828,0.0684,0.06811,0.06829,3360003.0
2026-07-15 16:00:00+00:00,0.0683,0.06833,0.06726,0.06755,4348711.0
2026-07-15 17:00:00+00:00,0.06754,0.06776,0.06738,0.06745,2434852.0
2026-07-15 18:00:00+00:00,0.06745,0.06774,0.06731,0.06731,1819163.0
2026-07-15 19:00:00+00:00,0.06732,0.06749,0.06721,0.06746,1261370.0
2026-07-15 20:00:00+00:00,0.06746,0.06765,0.06738,0.06745,1198242.0
2026-07-15 21:00:00+00:00,0.06745,0.06781,0.06744,0.06779,1425972.0
2026-07-15 22:00:00+00:00,0.06779,0.06824,0.06744,0.06802,7669662.0
2026-07-15 23:00:00+00:00,0.06802,0.06822,0.06786,0.06796,2259769.0
2026-07-16 00:00:00+00:00,0.06797,0.0683,0.06776,0.06784,3149325.0
2026-07-16 01:00:00+00:00,0.06785,0.06785,0.0674,0.06776,1696225.0
2026-07-16 02:00:00+00:00,0.06776,0.06785,0.06764,0.06778,1140882.0
2026-07-16 03:00:00+00:00,0.06777,0.06801,0.06753,0.06753,1345767.0
2026-07-16 04:00:00+00:00,0.06754,0.06763,0.0674,0.06743,1275150.0
2026-07-16 05:00:00+00:00,0.06742,0.06769,0.06738,0.06765,1229849.0
2026-07-16 06:00:00+00:00,0.06764,0.06775,0.06735,0.06746,2164088.0
2026-07-16 07:00:00+00:00,0.06746,0.06755,0.06696,0.06709,4254257.0
2026-07-16 08:00:00+00:00,0.06709,0.06742,0.06679,0.06711,3095040.0
2026-07-16 09:00:00+00:00,0.06712,0.06728,0.06706,0.06712,1449695.0
2026-07-16 10:00:00+00:00,0.06713,0.0673,0.06712,0.0673,1124739.0
2026-07-16 11:00:00+00:00,0.06731,0.06766,0.06719,0.06757,2731827.0
2026-07-16 12:00:00+00:00,0.06758,0.06762,0.06693,0.06708,7687730.0
2026-07-16 13:00:00+00:00,0.06709,0.06748,0.06691,0.06731,13751736.0
2026-07-16 14:00:00+00:00,0.06731,0.06773,0.06711,0.06771,4197690.0
2026-07-16 15:00:00+00:00,0.06771,0.06811,0.06747,0.06807,2595309.0
2026-07-16 16:00:00+00:00,0.06808,0.0682,0.06775,0.06791,3764732.0
2026-07-16 17:00:00+00:00,0.06789,0.06794,0.06749,0.06765,5412596.0
2026-07-16 18:00:00+00:00,0.06765,0.06782,0.06736,0.06736,1840924.0
2026-07-16 19:00:00+00:00,0.06735,0.06752,0.06713,0.06734,2936096.0
2026-07-16 20:00:00+00:00,0.06734,0.0674,0.06713,0.06717,1234426.0
2026-07-16 21:00:00+00:00,0.06715,0.06782,0.06715,0.06739,4376799.0
2026-07-16 22:00:00+00:00,0.06739,0.0674,0.06643,0.06658,7464249.0
2026-07-16 23:00:00+00:00,0.06658,0.06665,0.06632,0.06658,2641599.0
2026-07-17 00:00:00+00:00,0.06658,0.06694,0.06644,0.06684,2892862.0
2026-07-17 01:00:00+00:00,0.06683,0.06685,0.06645,0.06652,1624012.0
2026-07-17 02:00:00+00:00,0.06652,0.06663,0.06619,0.06635,2050433.0
2026-07-17 03:00:00+00:00,0.06634,0.06663,0.06629,0.06643,1454403.0
2026-07-17 04:00:00+00:00,0.06642,0.06661,0.06625,0.06654,1739336.0
2026-07-17 05:00:00+00:00,0.06654,0.06654,0.06583,0.06598,4517803.0
2026-07-17 06:00:00+00:00,0.06598,0.06625,0.06581,0.06621,2651786.0
2026-07-17 07:00:00+00:00,0.06622,0.06629,0.06581,0.06603,6221373.0
2026-07-17 08:00:00+00:00,0.06604,0.0663,0.06587,0.06614,5061794.0
2026-07-17 09:00:00+00:00,0.06614,0.06628,0.0661,0.06628,1224735.0
2026-07-17 10:00:00+00:00,0.06627,0.06652,0.06626,0.06626,4018049.0
2026-07-17 11:00:00+00:00,0.06625,0.06632,0.06604,0.06604,1673800.0
2026-07-17 12:00:00+00:00,0.06604,0.06612,0.06584,0.06589,2145779.0
2026-07-17 13:00:00+00:00,0.06588,0.06598,0.06534,0.06596,10368613.0
2026-07-17 14:00:00+00:00,0.06597,0.06633,0.06597,0.06627,5357023.0
2026-07-17 15:00:00+00:00,0.06627,0.06627,0.06588,0.06602,7038231.0
2026-07-17 16:00:00+00:00,0.06602,0.06632,0.06589,0.06616,4547661.0
2026-07-17 17:00:00+00:00,0.06616,0.06647,0.06616,0.06624,4871708.0
2026-07-17 18:00:00+00:00,0.06625,0.06632,0.06597,0.06631,3220160.0
2026-07-17 19:00:00+00:00,0.06631,0.06632,0.06593,0.06613,2783876.0
2026-07-17 20:00:00+00:00,0.06613,0.06613,0.06594,0.06603,1597935.0
2026-07-17 21:00:00+00:00,0.06604,0.06618,0.066,0.06612,1673757.0
2026-07-17 22:00:00+00:00,0.06612,0.06614,0.06597,0.06603,1043981.0
2026-07-17 23:00:00+00:00,0.06602,0.06606,0.06586,0.0659,1914028.0
2026-07-18 00:00:00+00:00,0.06591,0.06613,0.06569,0.06571,2383622.0
2026-07-18 01:00:00+00:00,0.0657,0.06591,0.06568,0.06589,1040311.0
2026-07-18 02:00:00+00:00,0.0659,0.06624,0.06584,0.06622,3002120.0
2026-07-18 03:00:00+00:00,0.06622,0.06634,0.06606,0.06633,1780910.0
2026-07-18 04:00:00+00:00,0.06634,0.06636,0.06612,0.06616,2682063.0
2026-07-18 05:00:00+00:00,0.06615,0.06628,0.06607,0.06613,925700.0
2026-07-18 06:00:00+00:00,0.06614,0.0662,0.06596,0.06616,2315442.0
2026-07-18 07:00:00+00:00,0.06616,0.06634,0.06611,0.06633,1111371.0
2026-07-18 08:00:00+00:00,0.06633,0.06645,0.06627,0.06638,1410521.0
2026-07-18 09:00:00+00:00,0.06638,0.06638,0.06606,0.06609,1816270.0
2026-07-18 10:00:00+00:00,0.06609,0.06626,0.06609,0.06612,713081.0
2026-07-18 11:00:00+00:00,0.06613,0.0663,0.06613,0.06623,1046518.0
2026-07-18 12:00:00+00:00,0.06622,0.06649,0.06616,0.06643,3889666.0
2026-07-18 13:00:00+00:00,0.06643,0.06643,0.06619,0.06631,1562090.0
2026-07-18 14:00:00+00:00,0.06632,0.06665,0.06629,0.0666,2613007.0
2026-07-18 15:00:00+00:00,0.0666,0.0667,0.06644,0.06668,2989607.0
2026-07-18 16:00:00+00:00,0.06667,0.06692,0.06661,0.06687,4662448.0
2026-07-18 17:00:00+00:00,0.06686,0.06691,0.06667,0.06679,1755955.0
2026-07-18 18:00:00+00:00,0.06679,0.06693,0.06662,0.06667,2298246.0
2026-07-18 19:00:00+00:00,0.06666,0.06687,0.06662,0.06677,1568270.0
2026-07-18 20:00:00+00:00,0.06677,0.06695,0.06676,0.06693,871180.0
2026-07-18 21:00:00+00:00,0.06693,0.06707,0.06683,0.06686,1975447.0
2026-07-18 22:00:00+00:00,0.06685,0.06709,0.06683,0.06699,1522088.0
2026-07-18 23:00:00+00:00,0.067,0.06711,0.067,0.06711,917915.0
2026-07-19 00:00:00+00:00,0.06712,0.06736,0.06702,0.06731,3215933.0
2026-07-19 01:00:00+00:00,0.06732,0.06743,0.06716,0.06722,2451185.0
2026-07-19 02:00:00+00:00,0.06723,0.06739,0.06695,0.06703,2745655.0
2026-07-19 03:00:00+00:00,0.06704,0.06704,0.06666,0.06678,2435452.0
2026-07-19 04:00:00+00:00,0.06678,0.06686,0.06666,0.0668,1276852.0
2026-07-19 05:00:00+00:00,0.06681,0.06685,0.06672,0.06676,404528.0
2026-07-19 06:00:00+00:00,0.06676,0.06716,0.06666,0.06706,5356520.0
2026-07-19 07:00:00+00:00,0.06706,0.06754,0.06684,0.06719,20166151.0
2026-07-19 08:00:00+00:00,0.06719,0.06731,0.0665,0.06682,12014335.0
2026-07-19 09:00:00+00:00,0.06683,0.06687,0.06669,0.06683,606337.0
2026-07-19 10:00:00+00:00,0.06682,0.06693,0.06673,0.06677,875186.0
2026-07-19 11:00:00+00:00,0.06676,0.06688,0.06669,0.06672,718157.0
2026-07-19 12:00:00+00:00,0.06672,0.06672,0.06655,0.06662,1591485.0
2026-07-19 13:00:00+00:00,0.06661,0.06673,0.06654,0.06665,1193286.0
2026-07-19 14:00:00+00:00,0.06666,0.06696,0.06657,0.06685,1180494.0
2026-07-19 15:00:00+00:00,0.06685,0.0669,0.06662,0.06672,635909.0
2026-07-19 16:00:00+00:00,0.06673,0.06678,0.06655,0.06657,1461251.0
2026-07-19 17:00:00+00:00,0.06657,0.06667,0.06628,0.06653,1641610.0
2026-07-19 18:00:00+00:00,0.06654,0.06658,0.0663,0.0664,1103180.0
2026-07-19 19:00:00+00:00,0.06641,0.06646,0.06632,0.06644,597084.0
2026-07-19 20:00:00+00:00,0.06643,0.06657,0.06643,0.06654,711868.0
2026-07-19 21:00:00+00:00,0.06655,0.06667,0.06637,0.06641,1258599.0
2026-07-19 22:00:00+00:00,0.06641,0.0667,0.06633,0.06652,1248180.0
2026-07-19 23:00:00+00:00,0.06652,0.06658,0.0664,0.06655,832967.0
2026-07-20 00:00:00+00:00,0.06656,0.0669,0.06613,0.06621,3395350.0
2026-07-20 01:00:00+00:00,0.06622,0.06655,0.06591,0.06602,2345265.0
2026-07-20 02:00:00+00:00,0.06603,0.06625,0.06584,0.06624,2033094.0
2026-07-20 03:00:00+00:00,0.06624,0.06628,0.06601,0.06617,1346501.0
2026-07-20 04:00:00+00:00,0.06617,0.06617,0.06593,0.06599,1237942.0
2026-07-20 05:00:00+00:00,0.06599,0.06605,0.0657,0.06573,4955034.0
2026-07-20 06:00:00+00:00,0.06574,0.06588,0.06544,0.0655,2753239.0
2026-07-20 07:00:00+00:00,0.06551,0.0658,0.06543,0.06574,1397716.0
2026-07-20 08:00:00+00:00,0.06573,0.06591,0.06552,0.06568,2319848.0
2026-07-20 09:00:00+00:00,0.06567,0.06599,0.06557,0.06598,2348909.0
2026-07-20 10:00:00+00:00,0.06598,0.06633,0.06585,0.06606,4519343.0
2026-07-20 11:00:00+00:00,0.06607,0.06667,0.06603,0.06664,3831452.0
2026-07-20 12:00:00+00:00,0.06665,0.06672,0.06631,0.06634,2154109.0
2026-07-20 13:00:00+00:00,0.06635,0.06649,0.06597,0.06605,2691715.0
2026-07-20 14:00:00+00:00,0.06604,0.06634,0.06578,0.06604,3400882.0
2026-07-20 15:00:00+00:00,0.06605,0.0669,0.06602,0.06674,4822057.0
2026-07-20 16:00:00+00:00,0.06674,0.06688,0.06644,0.06664,4864200.0
2026-07-20 17:00:00+00:00,0.06665,0.0669,0.06661,0.06681,1658317.0
2026-07-20 18:00:00+00:00,0.06681,0.06711,0.06657,0.06662,3061856.0
2026-07-20 19:00:00+00:00,0.06661,0.06662,0.06599,0.06611,5755711.0
2026-07-20 20:00:00+00:00,0.06611,0.06637,0.06605,0.06637,1192452.0
2026-07-20 21:00:00+00:00,0.06636,0.06686,0.06636,0.0666,7688407.0
2026-07-20 22:00:00+00:00,0.0666,0.06667,0.06647,0.06659,2916505.0
2026-07-20 23:00:00+00:00,0.0666,0.06675,0.0666,0.06672,1213041.0
2026-07-21 00:00:00+00:00,0.06672,0.06704,0.06665,0.06703,3554375.0
2026-07-21 01:00:00+00:00,0.06702,0.06709,0.06676,0.06682,2703826.0
2026-07-21 02:00:00+00:00,0.06682,0.06697,0.06665,0.06696,3134786.0
2026-07-21 03:00:00+00:00,0.06696,0.06719,0.06694,0.06718,2544522.0
2026-07-21 04:00:00+00:00,0.06717,0.06726,0.06674,0.06688,9549748.0
2026-07-21 05:00:00+00:00,0.06689,0.06714,0.06683,0.06708,6170746.0
2026-07-21 06:00:00+00:00,0.06707,0.06748,0.06699,0.06744,5134505.0
2026-07-21 07:00:00+00:00,0.06744,0.06756,0.06734,0.06749,2965289.0
2026-07-21 08:00:00+00:00,0.06749,0.06775,0.06747,0.06774,5886694.0
2026-07-21 09:00:00+00:00,0.06773,0.06815,0.06765,0.06801,6514107.0
2026-07-21 10:00:00+00:00,0.06803,0.06843,0.06802,0.06829,6422084.0
2026-07-21 11:00:00+00:00,0.06829,0.06856,0.06821,0.06841,4115378.0
2026-07-21 12:00:00+00:00,0.06842,0.06886,0.06816,0.06832,4643746.0
2026-07-21 13:00:00+00:00,0.06832,0.06889,0.06823,0.06868,5893726.0
2026-07-21 14:00:00+00:00,0.06868,0.06876,0.06829,0.0684,3503947.0
2026-07-21 15:00:00+00:00,0.06839,0.06891,0.06819,0.06862,4896912.0
2026-07-21 16:00:00+00:00,0.06861,0.0687,0.06842,0.0685,2159157.0
2026-07-21 17:00:00+00:00,0.0685,0.06901,0.06834,0.06881,4404661.0
2026-07-21 18:00:00+00:00,0.06881,0.06936,0.0687,0.06927,3788388.0
2026-07-21 19:00:00+00:00,0.06928,0.07101,0.06928,0.06982,26130994.0
2026-07-21 20:00:00+00:00,0.06983,0.07025,0.06939,0.07017,6235186.0
2026-07-21 21:00:00+00:00,0.07016,0.07021,0.0697,0.06998,3659711.0
2026-07-21 22:00:00+00:00,0.06997,0.06997,0.06942,0.06944,1873320.0
2026-07-21 23:00:00+00:00,0.06944,0.06959,0.06912,0.06959,1721513.0
2026-07-22 00:00:00+00:00,0.06959,0.06997,0.06945,0.06994,2216012.0
2026-07-22 01:00:00+00:00,0.06995,0.07019,0.06978,0.07001,2576151.0
2026-07-22 02:00:00+00:00,0.07002,0.07076,0.07,0.07036,4900595.0
2026-07-22 03:00:00+00:00,0.07037,0.07062,0.07019,0.07026,2163068.0
2026-07-22 04:00:00+00:00,0.07026,0.07041,0.06978,0.07006,4422342.0
2026-07-22 05:00:00+00:00,0.07006,0.07012,0.06952,0.06977,2120886.0
2026-07-22 06:00:00+00:00,0.06978,0.07017,0.06955,0.0697,4891601.0
2026-07-22 07:00:00+00:00,0.06971,0.0702,0.06962,0.0702,4886512.0
2026-07-22 08:00:00+00:00,0.07019,0.07139,0.07016,0.07135,6160565.0
2026-07-22 09:00:00+00:00,0.07134,0.07195,0.0708,0.07088,6314109.0
2026-07-22 10:00:00+00:00,0.07089,0.07149,0.0706,0.07149,3878657.0
2026-07-22 11:00:00+00:00,0.07148,0.07149,0.07093,0.07141,3583523.0
2026-07-22 12:00:00+00:00,0.07141,0.07153,0.07074,0.07098,5496997.0
2026-07-22 13:00:00+00:00,0.07097,0.07147,0.07074,0.07147,4978808.0
2026-07-22 14:00:00+00:00,0.07147,0.07221,0.07142,0.0722,4946230.0
2026-07-22 15:00:00+00:00,0.07221,0.07335,0.07195,0.07253,19909826.0
2026-07-22 16:00:00+00:00,0.07252,0.07406,0.07252,0.07401,12342966.0
2026-07-22 17:00:00+00:00,0.07401,0.07419,0.07216,0.07238,14057762.0
2026-07-22 18:00:00+00:00,0.07238,0.07242,0.07149,0.07188,7817877.0
2026-07-22 19:00:00+00:00,0.07189,0.07198,0.07159,0.07176,2310391.0
2026-07-22 20:00:00+00:00,0.07175,0.0719,0.07153,0.07172,2418025.0
2026-07-22 21:00:00+00:00,0.07171,0.07278,0.07165,0.07263,3415302.0
2026-07-22 22:00:00+00:00,0.07263,0.07322,0.07249,0.07321,3803402.0
2026-07-22 23:00:00+00:00,0.07321,0.07321,0.07233,0.07288,4705016.0
2026-07-23 00:00:00+00:00,0.07289,0.07342,0.07262,0.07331,6404996.0
2026-07-23 01:00:00+00:00,0.0733,0.07365,0.07317,0.07336,7315847.0
2026-07-23 02:00:00+00:00,0.07336,0.07342,0.07269,0.07295,5102682.0
2026-07-23 03:00:00+00:00,0.07294,0.07312,0.07247,0.07266,4946339.0
2026-07-23 04:00:00+00:00,0.07265,0.07333,0.07259,0.07321,4447052.0
2026-07-23 05:00:00+00:00,0.0732,0.07358,0.07302,0.07353,2666713.0
2026-07-23 06:00:00+00:00,0.07352,0.07393,0.07289,0.07393,4416225.0
2026-07-23 07:00:00+00:00,0.07392,0.07397,0.07323,0.07352,5978509.0
2026-07-23 08:00:00+00:00,0.07353,0.0745,0.07353,0.07446,5384538.0
2026-07-23 09:00:00+00:00,0.07446,0.07447,0.07386,0.07391,7799071.0
2026-07-23 10:00:00+00:00,0.07392,0.07404,0.07334,0.07373,3377263.0
2026-07-23 11:00:00+00:00,0.07373,0.07373,0.07275,0.07285,4663070.0
2026-07-23 12:00:00+00:00,0.07283,0.07297,0.07213,0.0724,7080187.0
2026-07-23 13:00:00+00:00,0.0724,0.07246,0.07171,0.07192,6293793.0
2026-07-23 14:00:00+00:00,0.07191,0.07219,0.07134,0.07134,4141410.0
2026-07-23 15:00:00+00:00,0.07134,0.07258,0.071,0.07194,8061372.0
2026-07-23 16:00:00+00:00,0.07195,0.07259,0.07163,0.0724,5391079.0
2026-07-23 17:00:00+00:00,0.07239,0.07257,0.07164,0.07166,3368773.0
2026-07-23 18:00:00+00:00,0.07165,0.07228,0.07162,0.07221,4050664.0
2026-07-23 19:00:00+00:00,0.07221,0.07244,0.07198,0.07214,2852765.0
2026-07-23 20:00:00+00:00,0.07214,0.07267,0.07195,0.07195,3220260.0
2026-07-23 21:00:00+00:00,0.07196,0.07216,0.07136,0.07141,2467010.0
2026-07-23 22:00:00+00:00,0.07142,0.0718,0.07128,0.07142,2790323.0
2026-07-23 23:00:00+00:00,0.07141,0.07153,0.07112,0.07112,1446718.0
2026-07-24 00:00:00+00:00,0.07112,0.07128,0.0706,0.07078,2744525.0
2026-07-24 01:00:00+00:00,0.07078,0.07128,0.07071,0.07105,1934333.0
2026-07-24 02:00:00+00:00,0.07104,0.07129,0.07058,0.07072,2958354.0
2026-07-24 03:00:00+00:00,0.07073,0.07102,0.07063,0.07095,2115238.0
2026-07-24 04:00:00+00:00,0.07096,0.07119,0.07086,0.07099,1182471.0
2026-07-24 05:00:00+00:00,0.071,0.0715,0.07097,0.07129,1402695.0
2026-07-24 06:00:00+00:00,0.07126,0.07141,0.07112,0.07119,1170742.0
2026-07-24 07:00:00+00:00,0.07119,0.07153,0.07071,0.07114,3710543.0
2026-07-24 08:00:00+00:00,0.07114,0.07114,0.07062,0.07072,1184252.0
2026-07-24 09:00:00+00:00,0.07072,0.07096,0.07053,0.07076,1619505.0
2026-07-24 10:00:00+00:00,0.07077,0.07082,0.07058,0.07072,1510702.0
2026-07-24 11:00:00+00:00,0.07072,0.07077,0.07032,0.07049,2765656.0
2026-07-24 12:00:00+00:00,0.07048,0.07072,0.07038,0.07051,2318992.0
2026-07-24 13:00:00+00:00,0.07052,0.07092,0.0704,0.07061,3607270.0
2026-07-24 14:00:00+00:00,0.07062,0.07082,0.07042,0.07082,2575037.0
2026-07-24 15:00:00+00:00,0.07082,0.07118,0.07048,0.07081,2560408.0
2026-07-24 16:00:00+00:00,0.07081,0.07099,0.07046,0.0707,1437528.0
2026-07-24 17:00:00+00:00,0.07069,0.07095,0.0706,0.07071,1640986.0
2026-07-24 18:00:00+00:00,0.07069,0.07104,0.07046,0.07102,2251079.0
2026-07-24 19:00:00+00:00,0.07102,0.07198,0.07081,0.07141,6747987.0
2026-07-24 20:00:00+00:00,0.07141,0.0727,0.07141,0.07262,6407588.0
2026-07-24 21:00:00+00:00,0.07262,0.07282,0.07151,0.07151,6055232.0
2026-07-24 22:00:00+00:00,0.07153,0.07176,0.07075,0.07098,4827097.0
2026-07-24 23:00:00+00:00,0.07098,0.07101,0.07035,0.0708,4413660.0
2026-07-25 00:00:00+00:00,0.07081,0.0712,0.06995,0.07022,8869391.0
2026-07-25 01:00:00+00:00,0.07021,0.07085,0.07016,0.07085,2625044.0
2026-07-25 02:00:00+00:00,0.07085,0.07085,0.07055,0.07056,1037451.0
2026-07-25 03:00:00+00:00,0.07055,0.07069,0.07043,0.07045,893859.0
2026-07-25 04:00:00+00:00,0.07045,0.07055,0.07024,0.07043,838492.0
2026-07-25 05:00:00+00:00,0.07042,0.07052,0.07024,0.07026,636901.0
2026-07-25 06:00:00+00:00,0.07026,0.07031,0.07006,0.07023,590493.0
2026-07-25 07:00:00+00:00,0.07023,0.07024,0.07008,0.07009,1169653.0
2026-07-25 08:00:00+00:00,0.0701,0.0701,0.06977,0.06984,2861269.0
2026-07-25 09:00:00+00:00,0.06985,0.07016,0.06984,0.06993,753035.0
2026-07-25 10:00:00+00:00,0.06994,0.07024,0.06994,0.07012,1185036.0
2026-07-25 11:00:00+00:00,0.07011,0.07041,0.07008,0.0701,4103901.0
2026-07-25 12:00:00+00:00,0.07012,0.07014,0.06998,0.07009,767162.0
2026-07-25 13:00:00+00:00,0.07009,0.07026,0.06998,0.07003,2435010.0
2026-07-25 14:00:00+00:00,0.07002,0.07017,0.06996,0.07003,667604.0
2026-07-25 15:00:00+00:00,0.07003,0.07023,0.07001,0.0702,601174.0
2026-07-25 16:00:00+00:00,0.07021,0.07051,0.07009,0.07047,918791.0
2026-07-25 17:00:00+00:00,0.07047,0.07132,0.07044,0.07113,3743642.0
2026-07-25 18:00:00+00:00,0.07113,0.07142,0.07079,0.07095,3632062.0
2026-07-25 19:00:00+00:00,0.07096,0.07106,0.0708,0.07101,1314743.0
2026-07-25 20:00:00+00:00,0.07102,0.07112,0.07062,0.07071,1015846.0
2026-07-25 21:00:00+00:00,0.07071,0.07073,0.07031,0.07073,2643630.0
2026-07-25 22:00:00+00:00,0.07073,0.07122,0.07064,0.07094,3386141.0
2026-07-25 23:00:00+00:00,0.07093,0.07106,0.07078,0.07099,693289.0
2026-07-26 00:00:00+00:00,0.07098,0.07102,0.07053,0.07057,1882582.0
2026-07-26 01:00:00+00:00,0.07056,0.0706,0.07026,0.07042,1071988.0
2026-07-26 02:00:00+00:00,0.07043,0.07046,0.07009,0.07022,2594516.0
2026-07-26 03:00:00+00:00,0.0702,0.07028,0.07005,0.07019,780157.0
2026-07-26 04:00:00+00:00,0.07018,0.07028,0.07005,0.07018,462399.0
2026-07-26 05:00:00+00:00,0.07018,0.07046,0.07001,0.07001,2043442.0
2026-07-26 06:00:00+00:00,0.07003,0.07005,0.06969,0.06985,1932821.0
2026-07-26 07:00:00+00:00,0.06984,0.07017,0.06977,0.06994,3398836.0
2026-07-26 08:00:00+00:00,0.06996,0.07014,0.06991,0.07012,767340.0
2026-07-26 09:00:00+00:00,0.07012,0.07015,0.06991,0.07011,1030105.0
2026-07-26 10:00:00+00:00,0.07011,0.07026,0.07004,0.07013,786843.0
2026-07-26 11:00:00+00:00,0.07013,0.07049,0.06998,0.07007,2301471.0
2026-07-26 12:00:00+00:00,0.07007,0.07027,0.07,0.07003,816867.0
2026-07-26 13:00:00+00:00,0.07002,0.07009,0.06976,0.06992,1948277.0
2026-07-26 14:00:00+00:00,0.06992,0.0702,0.0698,0.06987,1273285.0
2026-07-26 15:00:00+00:00,0.06988,0.07022,0.06984,0.07013,1308807.0
2026-07-26 16:00:00+00:00,0.07014,0.07042,0.07005,0.0701,742021.0
2026-07-26 17:00:00+00:00,0.07011,0.07014,0.0699,0.06998,733209.0
2026-07-26 18:00:00+00:00,0.06998,0.0701,0.06992,0.07008,672999.0
2026-07-26 19:00:00+00:00,0.07009,0.07014,0.06993,0.06998,873362.0
2026-07-26 20:00:00+00:00,0.06998,0.0701,0.06991,0.06995,739713.0
2026-07-26 21:00:00+00:00,0.06996,0.06998,0.06912,0.06975,5334239.0
2026-07-26 22:00:00+00:00,0.06976,0.0704,0.06976,0.07026,2787167.0
2026-07-26 23:00:00+00:00,0.07025,0.07048,0.07015,0.07026,1347743.0
2026-07-27 00:00:00+00:00,0.07026,0.07026,0.06962,0.06964,2779492.0
2026-07-27 01:00:00+00:00,0.06963,0.06976,0.0693,0.06973,951613.0
2026-07-27 02:00:00+00:00,0.06974,0.06983,0.06947,0.06981,2392109.0
2026-07-27 03:00:00+00:00,0.06982,0.07001,0.06977,0.07001,572072.0
2026-07-27 04:00:00+00:00,0.07001,0.07002,0.06985,0.06986,953255.0
2026-07-27 05:00:00+00:00,0.06987,0.07004,0.06948,0.06962,1576965.0
2026-07-27 06:00:00+00:00,0.06963,0.06994,0.06956,0.06961,1604774.0
2026-07-27 07:00:00+00:00,0.0696,0.06968,0.06937,0.0694,1595050.0
2026-07-27 08:00:00+00:00,0.06941,0.06961,0.06936,0.06936,5030918.0
2026-07-27 09:00:00+00:00,0.06936,0.06943,0.06903,0.0691,1986158.0
2026-07-27 10:00:00+00:00,0.0691,0.06936,0.06898,0.06933,862885.0
2026-07-27 11:00:00+00:00,0.06933,0.06937,0.06917,0.06923,692785.0
2026-07-27 12:00:00+00:00,0.06922,0.06967,0.06889,0.0695,2606589.0
2026-07-27 13:00:00+00:00,0.06951,0.0698,0.06922,0.06932,2834461.0
2026-07-27 14:00:00+00:00,0.0693,0.06931,0.06828,0.06859,5672725.0
2026-07-27 15:00:00+00:00,0.06859,0.06898,0.06787,0.06804,7071059.0
2026-07-27 16:00:00+00:00,0.06805,0.06871,0.06795,0.06855,3062846.0
2026-07-27 17:00:00+00:00,0.06856,0.06885,0.06851,0.06885,1097604.0
2026-07-27 18:00:00+00:00,0.06885,0.06899,0.06871,0.06891,1557731.0
2026-07-27 19:00:00+00:00,0.06891,0.06906,0.06883,0.06897,916056.0
2026-07-27 20:00:00+00:00,0.06897,0.06907,0.06883,0.06907,342054.0
2026-07-27 21:00:00+00:00,0.06908,0.06908,0.06869,0.06872,831673.0
2026-07-27 22:00:00+00:00,0.06873,0.06877,0.06816,0.06819,2798658.0
2026-07-27 23:00:00+00:00,0.06818,0.06851,0.06807,0.06814,2722656.0
2026-07-28 00:00:00+00:00,0.06814,0.06838,0.06778,0.0678,2254639.0
2026-07-28 01:00:00+00:00,0.0678,0.06783,0.06731,0.06743,5088170.0
2026-07-28 02:00:00+00:00,0.06742,0.06775,0.06736,0.06749,2114736.0
2026-07-28 03:00:00+00:00,0.06749,0.0679,0.06743,0.06775,1063995.0
2026-07-28 04:00:00+00:00,0.06773,0.06805,0.0677,0.06798,705107.0
2026-07-28 05:00:00+00:00,0.06799,0.06881,0.06792,0.06823,10788288.0
2026-07-28 06:00:00+00:00,0.06823,0.06836,0.0678,0.06797,6451615.0
2026-07-28 07:00:00+00:00,0.06797,0.06832,0.06789,0.06793,8465448.0
2026-07-28 08:00:00+00:00,0.06793,0.06797,0.06775,0.06788,1072571.0
2026-07-28 09:00:00+00:00,0.06789,0.06813,0.06784,0.06787,1313292.0
2026-07-28 10:00:00+00:00,0.06787,0.068,0.06785,0.06786,664355.0
2026-07-28 11:00:00+00:00,0.06785,0.06788,0.06754,0.06755,3004578.0
2026-07-28 12:00:00+00:00,0.06754,0.06773,0.06743,0.06765,2650925.0
2026-07-28 13:00:00+00:00,0.06764,0.06771,0.06709,0.06746,4669326.0
2026-07-28 14:00:00+00:00,0.06746,0.06814,0.06745,0.06799,2208201.0
2026-07-28 15:00:00+00:00,0.06799,0.06855,0.06783,0.06851,2762810.0
2026-07-28 16:00:00+00:00,0.06851,0.06905,0.0684,0.06884,4445120.0
2026-07-28 17:00:00+00:00,0.06884,0.06884,0.06794,0.0682,2816349.0
2026-07-28 18:00:00+00:00,0.0682,0.0684,0.06795,0.0681,1294950.0
2026-07-28 19:00:00+00:00,0.06811,0.06841,0.06808,0.06839,1173261.0
2026-07-28 20:00:00+00:00,0.06839,0.0686,0.0683,0.0683,1242854.0
2026-07-28 21:00:00+00:00,0.0683,0.06855,0.06821,0.06843,1486413.0
2026-07-28 22:00:00+00:00,0.06844,0.06851,0.06806,0.06811,1365409.0
2026-07-28 23:00:00+00:00,0.06812,0.06846,0.06803,0.06845,1374154.0
2026-07-29 00:00:00+00:00,0.06845,0.06893,0.06845,0.06888,2261791.0
2026-07-29 01:00:00+00:00,0.06889,0.06902,0.06875,0.06877,1152223.0
2026-07-29 02:00:00+00:00,0.06876,0.06924,0.06856,0.06899,2175452.0
2026-07-29 03:00:00+00:00,0.06898,0.069,0.06824,0.06825,2009759.0
2026-07-29 04:00:00+00:00,0.06826,0.06846,0.06794,0.06845,2848034.0
2026-07-29 05:00:00+00:00,0.06845,0.06873,0.06844,0.06858,995379.0
2026-07-29 06:00:00+00:00,0.06858,0.06879,0.06849,0.06863,919938.0
2026-07-29 07:00:00+00:00,0.06864,0.06875,0.0685,0.06873,816814.0
2026-07-29 08:00:00+00:00,0.06874,0.06879,0.06822,0.06834,1431996.0
2026-07-29 09:00:00+00:00,0.06835,0.0688,0.06835,0.06877,738790.0
2026-07-29 10:00:00+00:00,0.06878,0.06897,0.06844,0.06855,2358032.0
2026-07-29 11:00:00+00:00,0.06856,0.06862,0.06835,0.06845,482300.0
2026-07-29 12:00:00+00:00,0.06845,0.06845,0.06812,0.06819,1185420.0
2026-07-29 13:00:00+00:00,0.06819,0.06836,0.06793,0.06812,1188597.0
2026-07-29 14:00:00+00:00,0.06813,0.06819,0.06789,0.068,1293845.0
2026-07-29 15:00:00+00:00,0.06799,0.06814,0.06777,0.06786,1859046.0
2026-07-29 16:00:00+00:00,0.06786,0.06796,0.06757,0.06774,2104558.0
2026-07-29 17:00:00+00:00,0.06775,0.06809,0.06765,0.06806,1172287.0
2026-07-29 18:00:00+00:00,0.06806,0.06854,0.06774,0.06851,4973706.0
2026-07-29 19:00:00+00:00,0.06852,0.06854,0.06743,0.06744,3270710.0
2026-07-29 20:00:00+00:00,0.06744,0.06762,0.067,0.06712,3010081.0
2026-07-29 21:00:00+00:00,0.06712,0.06756,0.06695,0.06752,4306758.0
2026-07-29 22:00:00+00:00,0.06754,0.06791,0.06754,0.06788,1375877.0
2026-07-29 23:00:00+00:00,0.06788,0.06795,0.06766,0.06789,806274.0
2026-07-30 00:00:00+00:00,0.06792,0.06808,0.06769,0.06788,1451461.0
2026-07-30 01:00:00+00:00,0.06789,0.06859,0.06789,0.06843,2228593.0
2026-07-30 02:00:00+00:00,0.06843,0.06853,0.06824,0.06824,1233629.0
2026-07-30 03:00:00+00:00,0.06824,0.06831,0.06797,0.06803,803130.0
2026-07-30 04:00:00+00:00,0.06804,0.06804,0.06789,0.06789,993890.0
2026-07-30 05:00:00+00:00,0.0679,0.06795,0.06779,0.06785,791098.0
2026-07-30 06:00:00+00:00,0.06786,0.06801,0.06781,0.06781,351694.0
2026-07-30 07:00:00+00:00,0.06781,0.068,0.06772,0.06772,816148.0
2026-07-30 08:00:00+00:00,0.06773,0.06809,0.06768,0.0678,1271928.0
2026-07-30 09:00:00+00:00,0.06781,0.06791,0.06775,0.06778,1205987.0
2026-07-30 10:00:00+00:00,0.06778,0.06791,0.06775,0.06784,606104.0
2026-07-30 11:00:00+00:00,0.06785,0.06808,0.06779,0.06806,1111958.0
2026-07-30 12:00:00+00:00,0.06807,0.06831,0.06807,0.06828,1157171.0
2026-07-30 13:00:00+00:00,0.06828,0.06853,0.06801,0.06853,3213695.0
2026-07-30 14:00:00+00:00,0.06852,0.06858,0.06807,0.06823,2456056.0
2026-07-30 15:00:00+00:00,0.06822,0.06844,0.06807,0.06816,1599517.0
2026-07-30 16:00:00+00:00,0.06814,0.06842,0.06814,0.06838,697045.0
2026-07-30 17:00:00+00:00,0.06838,0.06852,0.06819,0.06849,1356547.0
2026-07-30 18:00:00+00:00,0.0685,0.06851,0.06824,0.06832,674590.0
2026-07-30 19:00:00+00:00,0.06831,0.06867,0.06823,0.0686,1305891.0
2026-07-30 20:00:00+00:00,0.0686,0.06874,0.06847,0.06847,1934314.0
2026-07-30 21:00:00+00:00,0.06848,0.06862,0.06844,0.06848,572099.0
2026-07-30 22:00:00+00:00,0.06847,0.06884,0.06842,0.06882,2126765.0
2026-07-30 23:00:00+00:00,0.06882,0.06902,0.0684,0.0684,2597912.0
2026-07-31 00:00:00+00:00,0.0684,0.0685,0.06799,0.06804,2135401.0
2026-07-31 01:00:00+00:00,0.06804,0.06831,0.068,0.06809,1623601.0
2026-07-31 02:00:00+00:00,0.06808,0.06827,0.06807,0.06808,912670.0
2026-07-31 03:00:00+00:00,0.06808,0.06846,0.06798,0.06837,1209176.0
2026-07-31 04:00:00+00:00,0.06837,0.06863,0.06832,0.06853,808170.0
2026-07-31 05:00:00+00:00,0.06854,0.06879,0.06854,0.06877,1724146.0
2026-07-31 06:00:00+00:00,0.06875,0.06881,0.06855,0.0686,1449934.0
2026-07-31 07:00:00+00:00,0.0686,0.06891,0.06839,0.06885,2263761.0
2026-07-31 08:00:00+00:00,0.06883,0.06891,0.06868,0.06873,976021.0
2026-07-31 09:00:00+00:00,0.06872,0.06872,0.06811,0.06815,1808633.0
2026-07-31 10:00:00+00:00,0.06814,0.0683,0.06802,0.06809,667444.0
2026-07-31 11:00:00+00:00,0.06809,0.06824,0.06805,0.06809,700668.0
2026-07-31 12:00:00+00:00,0.06809,0.06821,0.068,0.0681,1307789.0
2026-07-31 13:00:00+00:00,0.06811,0.06829,0.06774,0.06786,3195748.0
2026-07-31 14:00:00+00:00,0.06785,0.06839,0.06757,0.06791,5331753.0
2026-07-31 15:00:00+00:00,0.0679,0.06804,0.06746,0.0675,1982130.0
2026-07-31 16:00:00+00:00,0.06749,0.06801,0.06745,0.06799,1922249.0
2026-07-31 17:00:00+00:00,0.06797,0.06839,0.06791,0.06834,1930354.0
2026-07-31 18:00:00+00:00,0.06834,0.06844,0.06814,0.06837,998566.0
2026-07-31 19:00:00+00:00,0.06839,0.06846,0.06807,0.06812,807574.0
2026-07-31 20:00:00+00:00,0.06812,0.06833,0.06804,0.0682,762366.0
2026-07-31 21:00:00+00:00,0.0682,0.06841,0.06807,0.06836,467786.0
2026-07-31 22:00:00+00:00,0.06837,0.06883,0.06829,0.06876,1851679.0
2026-07-31 23:00:00+00:00,0.06878,0.06888,0.06854,0.06884,1569439.0
2026-08-01 00:00:00+00:00,0.06884,0.06955,0.06873,0.06928,3993907.0
2026-08-01 01:00:00+00:00,0.06929,0.07036,0.06929,0.07029,5036885.0
2026-08-01 02:00:00+00:00,0.0703,0.0706,0.06987,0.06995,3218554.0
2026-08-01 03:00:00+00:00,0.06996,0.07028,0.06986,0.07006,1320557.0
2026-08-01 04:00:00+00:00,0.07007,0.07013,0.06978,0.06989,1396240.0
2026-08-01 05:00:00+00:00,0.06988,0.06992,0.0694,0.06945,1488242.0
2026-08-01 06:00:00+00:00,0.06945,0.06993,0.06945,0.06977,952222.0
2026-08-01 07:00:00+00:00,0.06976,0.07009,0.06976,0.06979,1466017.0
2026-08-01 08:00:00+00:00,0.06979,0.0703,0.06979,0.07025,1697657.0
2026-08-01 09:00:00+00:00,0.07024,0.07049,0.07002,0.07006,1674859.0
2026-08-01 10:00:00+00:00,0.07008,0.07014,0.06973,0.06982,1249366.0
2026-08-01 11:00:00+00:00,0.06983,0.06998,0.06979,0.06993,454824.0
2026-08-01 12:00:00+00:00,0.06992,0.07001,0.06959,0.06993,1720090.0
2026-08-01 13:00:00+00:00,0.06994,0.0702,0.06992,0.07016,2091905.0
2026-08-01 14:00:00+00:00,0.07016,0.07026,0.06996,0.07016,899421.0
2026-08-01 15:00:00+00:00,0.07015,0.07021,0.06976,0.06987,672973.0
2026-08-01 16:00:00+00:00,0.06986,0.07001,0.06973,0.06982,1304055.0
2026-08-01 17:00:00+00:00,0.06982,0.06984,0.06937,0.06943,2424923.0
2026-08-01 18:00:00+00:00,0.06941,0.06945,0.06872,0.06925,4502711.0
2026-08-01 19:00:00+00:00,0.06924,0.06935,0.06903,0.06918,1179223.0
2026-08-01 20:00:00+00:00,0.06917,0.06929,0.06903,0.06906,831983.0
2026-08-01 21:00:00+00:00,0.06904,0.06932,0.06901,0.06932,1084082.0
2026-08-01 22:00:00+00:00,0.06933,0.06945,0.06911,0.06913,866254.0
2026-08-01 23:00:00+00:00,0.06914,0.06922,0.06902,0.06904,495228.0
2026-08-02 00:00:00+00:00,0.06904,0.06973,0.06899,0.06921,4601413.0
2026-08-02 01:00:00+00:00,0.06921,0.06949,0.06921,0.06926,882258.0
2026-08-02 02:00:00+00:00,0.06926,0.06968,0.06919,0.06948,1946796.0
2026-08-02 03:00:00+00:00,0.06948,0.06961,0.06942,0.06953,1322338.0
2026-08-02 04:00:00+00:00,0.06953,0.07021,0.06953,0.07004,1940646.0
2026-08-02 05:00:00+00:00,0.07003,0.07022,0.06981,0.07,1166004.0
2026-08-02 06:00:00+00:00,0.07001,0.07014,0.06988,0.07009,1283163.0
2026-08-02 07:00:00+00:00,0.0701,0.07073,0.07002,0.0705,3829409.0
2026-08-02 08:00:00+00:00,0.07051,0.07067,0.07006,0.07011,2109519.0
2026-08-02 09:00:00+00:00,0.07012,0.0703,0.07001,0.07025,2537870.0
2026-08-02 10:00:00+00:00,0.07025,0.07026,0.06981,0.07001,2621516.0
2026-08-02 11:00:00+00:00,0.07001,0.07025,0.06994,0.07012,1244340.0
2026-08-02 12:00:00+00:00,0.07013,0.07044,0.06985,0.07027,4417962.0
2026-08-02 13:00:00+00:00,0.07025,0.07038,0.07016,0.07034,1164218.0
2026-08-02 14:00:00+00:00,0.07033,0.07038,0.06999,0.06999,4402202.0
2026-08-02 15:00:00+00:00,0.06999,0.07016,0.06996,0.06998,1225004.0
2026-08-02 16:00:00+00:00,0.06998,0.07018,0.0699,0.07004,1773290.0
2026-08-02 17:00:00+00:00,0.07005,0.07016,0.07001,0.07004,1300257.0
2026-08-02 18:00:00+00:00,0.07001,0.07019,0.06992,0.06994,1128738.0
2026-08-02 19:00:00+00:00,0.06993,0.06993,0.06965,0.06988,1216397.0
2026-08-02 20:00:00+00:00,0.06986,0.0699,0.06969,0.06975,1177651.0
2026-08-02 21:00:00+00:00,0.06976,0.07,0.06969,0.06985,1407923.0
2026-08-02 22:00:00+00:00,0.06986,0.07016,0.06985,0.06992,1746293.0
2026-08-02 23:00:00+00:00,0.06993,0.07007,0.06977,0.07007,1667789.0
2026-08-03 00:00:00+00:00,0.07006,0.0701,0.0697,0.06977,1777000.0
2026-08-03 01:00:00+00:00,0.06976,0.06982,0.06948,0.06957,1152710.0
2026-08-03 02:00:00+00:00,0.06957,0.0696,0.06928,0.06928,2346870.0
2026-08-03 03:00:00+00:00,0.06929,0.06937,0.06912,0.06934,1681502.0
2026-08-03 04:00:00+00:00,0.06933,0.06949,0.06922,0.06923,992317.0
2026-08-03 05:00:00+00:00,0.06923,0.06937,0.06912,0.06926,1011214.0
2026-08-03 06:00:00+00:00,0.06926,0.06936,0.069,0.06903,909974.0
2026-08-03 07:00:00+00:00,0.06903,0.06935,0.06888,0.06903,3041153.0
2026-08-03 08:00:00+00:00,0.06903,0.06903,0.06853,0.06856,2357678.0
2026-08-03 09:00:00+00:00,0.06857,0.06888,0.06848,0.06884,1989519.0
2026-08-03 10:00:00+00:00,0.06883,0.0689,0.06872,0.06887,713152.0
2026-08-03 11:00:00+00:00,0.06888,0.0689,0.06867,0.06872,537755.0
2026-08-03 12:00:00+00:00,0.06873,0.06902,0.06872,0.06891,1069058.0
2026-08-03 13:00:00+00:00,0.06892,0.06934,0.06876,0.06923,3448396.0
2026-08-03 14:00:00+00:00,0.06922,0.06969,0.06904,0.06967,7096851.0
2026-08-03 15:00:00+00:00,0.06967,0.07033,0.06955,0.07027,5161326.0
2026-08-03 16:00:00+00:00,0.07027,0.07079,0.07002,0.07015,6515973.0
2026-08-03 17:00:00+00:00,0.07012,0.07092,0.07011,0.07071,2620528.0
2026-08-03 18:00:00+00:00,0.07072,0.07082,0.0705,0.07065,1215928.0
2026-08-03 19:00:00+00:00,0.07065,0.07086,0.07046,0.07047,1474037.0
2026-08-03 20:00:00+00:00,0.07046,0.07077,0.07039,0.07077,1068516.0
2026-08-03 21:00:00+00:00,0.07078,0.07131,0.07078,0.07082,2664740.0
2026-08-03 22:00:00+00:00,0.07083,0.07101,0.07053,0.07097,1286672.0
2026-08-03 23:00:00+00:00,0.07097,0.07097,0.07048,0.07052,1065471.0
2026-08-04 00:00:00+00:00,0.07051,0.07071,0.06994,0.07005,2678620.0
2026-08-04 01:00:00+00:00,0.07006,0.07069,0.07002,0.07064,1514983.0
2026-08-04 02:00:00+00:00,0.07064,0.0711,0.0706,0.07099,869421.0
2026-08-04 03:00:00+00:00,0.071,0.07128,0.07083,0.0712,1930064.0
2026-08-04 04:00:00+00:00,0.07119,0.07156,0.07118,0.07132,2531829.0
2026-08-04 05:00:00+00:00,0.0713,0.07135,0.07075,0.07083,1150482.0
2026-08-04 06:00:00+00:00,0.07082,0.07087,0.07059,0.07064,642456.0
2026-08-04 07:00:00+00:00,0.07064,0.07095,0.07045,0.07087,961959.0
2026-08-04 08:00:00+00:00,0.07087,0.07106,0.07054,0.07083,2594397.0
2026-08-04 09:00:00+00:00,0.07083,0.07126,0.07081,0.07116,3153778.0
2026-08-04 10:00:00+00:00,0.07116,0.07156,0.07105,0.07109,8256458.0
2026-08-04 11:00:00+00:00,0.0711,0.07124,0.07089,0.07096,4455210.0
2026-08-04 12:00:00+00:00,0.07096,0.07096,0.07062,0.0707,2322298.0
2026-08-04 13:00:00+00:00,0.07069,0.07086,0.06959,0.06961,19571198.0
2026-08-04 14:00:00+00:00,0.06961,0.06981,0.06919,0.06981,7630317.0
2026-08-04 15:00:00+00:00,0.0698,0.06981,0.06923,0.06969,4161353.0
2026-08-04 16:00:00+00:00,0.06968,0.06996,0.0696,0.06996,1829917.0
2026-08-04 17:00:00+00:00,0.06996,0.07006,0.06981,0.06988,1342870.0
2026-08-04 18:00:00+00:00,0.06988,0.07012,0.06986,0.06998,868013.0
2026-08-04 19:00:00+00:00,0.06998,0.07026,0.06998,0.07022,996041.0
2026-08-04 20:00:00+00:00,0.07021,0.07022,0.0699,0.06993,730727.0
2026-08-04 21:00:00+00:00,0.06994,0.07007,0.06971,0.06975,1297563.0
2026-08-04 22:00:00+00:00,0.06975,0.06977,0.06949,0.06958,848855.0
2026-08-04 23:00:00+00:00,0.06958,0.06959,0.06936,0.06942,1540697.0
2026-08-05 00:00:00+00:00,0.06941,0.06952,0.0691,0.06916,1276443.0
2026-08-05 01:00:00+00:00,0.06917,0.06933,0.0691,0.06924,1326483.0
2026-08-05 02:00:00+00:00,0.06924,0.06943,0.06922,0.06926,1087688.0
2026-08-05 03:00:00+00:00,0.06927,0.06931,0.06901,0.06912,818093.0
2026-08-05 04:00:00+00:00,0.0691,0.0692,0.06903,0.06905,536971.0
2026-08-05 05:00:00+00:00,0.06904,0.0694,0.06901,0.06926,1017703.0
2026-08-05 06:00:00+00:00,0.06925,0.06941,0.06916,0.06932,1133653.0
2026-08-05 07:00:00+00:00,0.06932,0.06935,0.06908,0.06918,1144470.0
2026-08-05 08:00:00+00:00,0.06918,0.06921,0.06903,0.06907,719465.0
2026-08-05 09:00:00+00:00,0.06907,0.06946,0.06905,0.0692,2259494.0
2026-08-05 10:00:00+00:00,0.0692,0.06944,0.06914,0.0693,844174.0
2026-08-05 11:00:00+00:00,0.06932,0.06941,0.06918,0.0692,656199.0
2026-08-05 12:00:00+00:00,0.0692,0.06965,0.06915,0.06954,1142358.0
2026-08-05 13:00:00+00:00,0.06954,0.06969,0.06936,0.06954,2089460.0
2026-08-05 14:00:00+00:00,0.06952,0.06984,0.06937,0.06968,5461814.0
2026-08-05 15:00:00+00:00,0.06969,0.07005,0.0687,0.06872,6882636.0
2026-08-05 16:00:00+00:00,0.06873,0.06933,0.06871,0.06922,1944028.0
2026-08-05 17:00:00+00:00,0.06924,0.06964,0.06921,0.06952,1761022.0
2026-08-05 18:00:00+00:00,0.06951,0.06981,0.06939,0.06973,1150374.0
2026-08-05 19:00:00+00:00,0.06972,0.06987,0.06966,0.06968,412121.0
2026-08-05 20:00:00+00:00,0.06967,0.06987,0.06937,0.06937,1688426.0
2026-08-05 21:00:00+00:00,0.06937,0.06949,0.06916,0.06918,758248.0
2026-08-05 22:00:00+00:00,0.06918,0.06925,0.06909,0.06916,771179.0
2026-08-05 23:00:00+00:00,0.06915,0.06932,0.06907,0.06907,576699.0
2026-08-06 00:00:00+00:00,0.06909,0.06953,0.06909,0.06935,1052929.0
2026-08-06 01:00:00+00:00,0.06934,0.06939,0.06891,0.06891,796991.0
2026-08-06 02:00:00+00:00,0.06891,0.06896,0.06854,0.06869,1992769.0
2026-08-06 03:00:00+00:00,0.06868,0.06884,0.06831,0.06838,1646122.0
2026-08-06 04:00:00+00:00,0.06838,0.06876,0.0683,0.06863,3477540.0
2026-08-06 05:00:00+00:00,0.06864,0.06887,0.06863,0.0687,1440934.0
2026-08-06 06:00:00+00:00,0.06869,0.06879,0.06865,0.06874,768466.0
2026-08-06 07:00:00+00:00,0.06872,0.06879,0.06846,0.06853,825419.0
2026-08-06 08:00:00+00:00,0.06851,0.06861,0.0684,0.0685,869960.0
2026-08-06 09:00:00+00:00,0.06851,0.06854,0.0682,0.06828,1388081.0
2026-08-06 10:00:00+00:00,0.06825,0.06857,0.06818,0.0684,933172.0
2026-08-06 11:00:00+00:00,0.0684,0.06894,0.06834,0.06883,2265753.0
2026-08-06 12:00:00+00:00,0.06883,0.06909,0.06872,0.06891,1022042.0
2026-08-06 13:00:00+00:00,0.0689,0.06909,0.06871,0.06905,2005723.0
2026-08-06 14:00:00+00:00,0.06904,0.06951,0.06903,0.06949,4620413.0
2026-08-06 15:00:00+00:00,0.06949,0.06971,0.06841,0.06842,5191639.0
2026-08-06 16:00:00+00:00,0.06843,0.06885,0.0684,0.06849,2976176.0
2026-08-06 17:00:00+00:00,0.0685,0.06895,0.0685,0.0686,1370533.0
2026-08-06 18:00:00+00:00,0.06859,0.06876,0.06851,0.06851,1646598.0
2026-08-06 19:00:00+00:00,0.0685,0.06859,0.06807,0.06814,2411923.0
2026-08-06 20:00:00+00:00,0.06813,0.06839,0.06808,0.06814,2256307.0
2026-08-06 21:00:00+00:00,0.06814,0.06834,0.06811,0.0682,963779.0
2026-08-06 22:00:00+00:00,0.06819,0.0685,0.06809,0.06837,1418577.0
2026-08-06 23:00:00+00:00,0.06837,0.06837,0.06814,0.06823,1742612.0
2026-08-07 00:00:00+00:00,0.06823,0.0685,0.0682,0.06846,751795.0
2026-08-07 01:00:00+00:00,0.06846,0.06859,0.06829,0.06829,809584.0
2026-08-07 02:00:00+00:00,0.06829,0.06858,0.06826,0.06827,1609822.0
2026-08-07 03:00:00+00:00,0.06827,0.06837,0.06808,0.06808,1257650.0
2026-08-07 04:00:00+00:00,0.06808,0.06828,0.06792,0.06816,1703628.0
2026-08-07 05:00:00+00:00,0.06816,0.06823,0.06797,0.06805,1369706.0
2026-08-07 06:00:00+00:00,0.06804,0.06852,0.06801,0.06845,1776592.0
2026-08-07 07:00:00+00:00,0.06844,0.06869,0.06839,0.0686,2214991.0
2026-08-07 08:00:00+00:00,0.06861,0.06878,0.06858,0.06878,1169805.0
2026-08-07 09:00:00+00:00,0.06878,0.06885,0.06845,0.06846,1812980.0
2026-08-07 10:00:00+00:00,0.06847,0.06859,0.06842,0.06844,820253.0
2026-08-07 11:00:00+00:00,0.06843,0.06867,0.06839,0.06852,728645.0
2026-08-07 12:00:00+00:00,0.06852,0.06881,0.06828,0.06839,3096175.0
2026-08-07 13:00:00+00:00,0.0684,0.06854,0.06828,0.06836,1124889.0
2026-08-07 14:00:00+00:00,0.06835,0.06848,0.06796,0.06798,3519295.0
2026-08-07 15:00:00+00:00,0.06799,0.06816,0.0677,0.06792,2448312.0
2026-08-07 16:00:00+00:00,0.06792,0.06804,0.06765,0.06765,2291540.0
2026-08-07 17:00:00+00:00,0.06765,0.06779,0.06716,0.06723,4328448.0
2026-08-07 18:00:00+00:00,0.06724,0.06755,0.06724,0.06742,951350.0
2026-08-07 19:00:00+00:00,0.06742,0.06779,0.06742,0.06772,1062511.0
2026-08-07 20:00:00+00:00,0.06774,0.06795,0.06768,0.06794,1191154.0
2026-08-07 21:00:00+00:00,0.06795,0.06809,0.06789,0.068,896935.0
2026-08-07 22:00:00+00:00,0.06801,0.06815,0.06795,0.06809,467079.0
2026-08-07 23:00:00+00:00,0.0681,0.06817,0.06804,0.06807,320512.0
2026-08-08 00:00:00+00:00,0.06806,0.06827,0.06799,0.06827,580003.0
2026-08-08 01:00:00+00:00,0.06826,0.06852,0.06826,0.06829,1690387.0
2026-08-08 02:00:00+00:00,0.06829,0.06829,0.06796,0.06799,634791.0
2026-08-08 03:00:00+00:00,0.068,0.06836,0.06799,0.06821,1082771.0
2026-08-08 04:00:00+00:00,0.06821,0.06825,0.06806,0.06813,736253.0
2026-08-08 05:00:00+00:00,0.06814,0.06828,0.06814,0.0682,383598.0
2026-08-08 06:00:00+00:00,0.06821,0.06829,0.06819,0.06821,327948.0
2026-08-08 07:00:00+00:00,0.06821,0.06841,0.06806,0.06841,1816899.0
2026-08-08 08:00:00+00:00,0.06842,0.06876,0.06828,0.06866,4944388.0
2026-08-08 09:00:00+00:00,0.06867,0.06873,0.06847,0.06861,1184296.0
2026-08-08 10:00:00+00:00,0.0686,0.06872,0.06849,0.06867,791070.0
2026-08-08 11:00:00+00:00,0.06868,0.06874,0.06856,0.06858,826197.0
2026-08-08 12:00:00+00:00,0.06858,0.06872,0.06858,0.06861,508500.0
2026-08-08 13:00:00+00:00,0.06862,0.06895,0.06862,0.06895,1973818.0
2026-08-08 14:00:00+00:00,0.06895,0.06926,0.06895,0.06921,2229360.0
2026-08-08 15:00:00+00:00,0.06921,0.06942,0.06914,0.0693,1112631.0
2026-08-08 16:00:00+00:00,0.06931,0.06998,0.0692,0.06967,3645763.0
2026-08-08 17:00:00+00:00,0.06967,0.06983,0.06948,0.06961,916555.0
2026-08-08 18:00:00+00:00,0.0696,0.06966,0.0693,0.06936,785871.0
2026-08-08 19:00:00+00:00,0.06937,0.06937,0.06906,0.06919,1160981.0
2026-08-08 20:00:00+00:00,0.06918,0.06949,0.06913,0.06932,586092.0
2026-08-08 21:00:00+00:00,0.06931,0.06939,0.06901,0.06904,264303.0
2026-08-08 22:00:00+00:00,0.06904,0.06912,0.06898,0.069,248366.0
2026-08-08 23:00:00+00:00,0.069,0.06906,0.06885,0.06899,629744.0
2026-08-09 00:00:00+00:00,0.06898,0.06911,0.06889,0.06894,818156.0
2026-08-09 01:00:00+00:00,0.06893,0.06911,0.06889,0.06893,366035.0
2026-08-09 02:00:00+00:00,0.06894,0.06924,0.06888,0.0692,598590.0
2026-08-09 03:00:00+00:00,0.06919,0.06955,0.06906,0.06943,1601725.0
2026-08-09 04:00:00+00:00,0.06942,0.06999,0.06942,0.06993,1449780.0
2026-08-09 05:00:00+00:00,0.06993,0.07006,0.06905,0.06926,2767572.0
2026-08-09 06:00:00+00:00,0.06926,0.06969,0.06925,0.06962,1078028.0
2026-08-09 07:00:00+00:00,0.06963,0.06973,0.06941,0.06949,751151.0
2026-08-09 08:00:00+00:00,0.0695,0.06968,0.0694,0.06964,583165.0
2026-08-09 09:00:00+00:00,0.06963,0.06967,0.06898,0.06902,3010340.0
2026-08-09 10:00:00+00:00,0.06901,0.06906,0.06871,0.06875,1658583.0
2026-08-09 11:00:00+00:00,0.06875,0.06897,0.06875,0.06883,855592.0
2026-08-09 12:00:00+00:00,0.06883,0.06901,0.0688,0.06897,392987.0
2026-08-09 13:00:00+00:00,0.06897,0.06915,0.06896,0.06901,565734.0
2026-08-09 14:00:00+00:00,0.06902,0.06915,0.06899,0.0691,384618.0
2026-08-09 15:00:00+00:00,0.06909,0.06936,0.06901,0.06919,1453111.0
2026-08-09 16:00:00+00:00,0.06918,0.06938,0.06915,0.06925,606786.0
2026-08-09 17:00:00+00:00,0.06925,0.06935,0.06909,0.06909,978862.0
2026-08-09 18:00:00+00:00,0.0691,0.06935,0.0691,0.0693,306371.0
2026-08-09 19:00:00+00:00,0.06929,0.06947,0.06924,0.06944,619039.0
2026-08-09 20:00:00+00:00,0.06944,0.06946,0.06928,0.06936,410315.0
2026-08-09 21:00:00+00:00,0.06936,0.06947,0.06926,0.06933,442302.0
2026-08-09 22:00:00+00:00,0.06934,0.06973,0.06892,0.06898,1596397.0
2026-08-09 23:00:00+00:00,0.06897,0.06899,0.06858,0.06862,1738495.0
2026-08-10 00:00:00+00:00,0.06861,0.06899,0.06853,0.06878,1173208.0
2026-08-10 01:00:00+00:00,0.06877,0.06923,0.06868,0.06894,1679814.0
2026-08-10 02:00:00+00:00,0.06895,0.06895,0.0686,0.0688,949048.0
2026-08-10 03:00:00+00:00,0.06884,0.06884,0.06843,0.06843,1097339.0
2026-08-10 04:00:00+00:00,0.06843,0.06866,0.06842,0.0686,367128.0
2026-08-10 05:00:00+00:00,0.06861,0.0688,0.06853,0.06874,903262.0
2026-08-10 06:00:00+00:00,0.06875,0.06883,0.06865,0.06882,725202.0
2026-08-10 07:00:00+00:00,0.06882,0.06888,0.06862,0.06878,939828.0
2026-08-10 08:00:00+00:00,0.06878,0.06885,0.06854,0.06864,688558.0
2026-08-10 09:00:00+00:00,0.06863,0.06877,0.06853,0.06855,1428906.0
2026-08-10 10:00:00+00:00,0.06855,0.06882,0.06855,0.06871,761528.0
2026-08-10 11:00:00+00:00,0.06871,0.06872,0.06857,0.06858,1970902.0
2026-08-10 12:00:00+00:00,0.06858,0.06871,0.06822,0.06834,4249931.0
2026-08-10 13:00:00+00:00,0.06833,0.0686,0.06807,0.06816,3543537.0
2026-08-10 14:00:00+00:00,0.06816,0.06847,0.0679,0.06817,2088980.0
2026-08-10 15:00:00+00:00,0.06817,0.06829,0.06805,0.06814,1027113.0
2026-08-10 16:00:00+00:00,0.06813,0.0683,0.06788,0.06793,1360964.0
2026-08-10 17:00:00+00:00,0.06794,0.06818,0.06785,0.06798,874374.0
2026-08-10 18:00:00+00:00,0.06799,0.06812,0.0678,0.06807,1024604.0
2026-08-10 19:00:00+00:00,0.06807,0.06818,0.0679,0.06806,672565.0
2026-08-10 20:00:00+00:00,0.06805,0.06809,0.06787,0.06791,961796.0
2026-08-10 21:00:00+00:00,0.0679,0.06793,0.06774,0.06777,1088142.0
2026-08-10 22:00:00+00:00,0.06778,0.06779,0.06746,0.06758,1502583.0
2026-08-10 23:00:00+00:00,0.0676,0.06783,0.06759,0.06766,1223937.0
2026-08-11 00:00:00+00:00,0.06766,0.06766,0.06747,0.06762,964105.0
2026-08-11 01:00:00+00:00,0.06763,0.0677,0.06741,0.06753,949586.0
2026-08-11 02:00:00+00:00,0.06753,0.06787,0.0675,0.06782,1824580.0
2026-08-11 03:00:00+00:00,0.06782,0.06799,0.06778,0.06788,2149503.0
2026-08-11 04:00:00+00:00,0.06788,0.06795,0.06758,0.06763,2451953.0
2026-08-11 05:00:00+00:00,0.06762,0.06762,0.06748,0.06748,1258380.0
2026-08-11 06:00:00+00:00,0.06748,0.06749,0.0672,0.06721,2058241.0
2026-08-11 07:00:00+00:00,0.06722,0.06747,0.06722,0.06739,1168508.0
2026-08-11 08:00:00+00:00,0.0674,0.06753,0.06731,0.06733,830064.0
2026-08-11 09:00:00+00:00,0.06733,0.06741,0.06728,0.06739,1575658.0
2026-08-11 10:00:00+00:00,0.06738,0.06742,0.06721,0.06722,779995.0
2026-08-11 11:00:00+00:00,0.06722,0.06738,0.06685,0.06718,8121662.0
2026-08-11 12:00:00+00:00,0.06718,0.06726,0.06641,0.06663,14815999.0
2026-08-11 13:00:00+00:00,0.06663,0.06696,0.06663,0.0669,2394104.0
2026-08-11 14:00:00+00:00,0.06689,0.06697,0.0663,0.06642,2460830.0
2026-08-11 15:00:00+00:00,0.06642,0.06658,0.06588,0.06617,5300783.0
2026-08-11 16:00:00+00:00,0.06616,0.0664,0.06607,0.06609,1550637.0
2026-08-11 17:00:00+00:00,0.06609,0.0662,0.06603,0.06604,1091604.0
2026-08-11 18:00:00+00:00,0.06605,0.06618,0.06595,0.06617,1571613.0
2026-08-11 19:00:00+00:00,0.06617,0.06632,0.06606,0.06629,1690497.0
2026-08-11 20:00:00+00:00,0.06629,0.06662,0.06626,0.0666,1938115.0
2026-08-11 21:00:00+00:00,0.0666,0.06664,0.06639,0.06662,667291.0
2026-08-11 22:00:00+00:00,0.06661,0.0667,0.06642,0.06647,566318.0
2026-08-11 23:00:00+00:00,0.06647,0.06656,0.06632,0.06643,831232.0
2026-08-12 00:00:00+00:00,0.06643,0.0665,0.06631,0.06649,944707.0
2026-08-12 01:00:00+00:00,0.0665,0.0668,0.06648,0.06668,966042.0
2026-08-12 02:00:00+00:00,0.06667,0.06686,0.06662,0.0668,674586.0
2026-08-12 03:00:00+00:00,0.06679,0.06684,0.06671,0.06674,312963.0
2026-08-12 04:00:00+00:00,0.06673,0.06681,0.06666,0.06668,968518.0
2026-08-12 05:00:00+00:00,0.06669,0.06669,0.06655,0.06665,713372.0
2026-08-12 06:00:00+00:00,0.06664,0.06671,0.06648,0.06664,1422358.0
2026-08-12 07:00:00+00:00,0.06665,0.0668,0.06665,0.0668,654738.0
2026-08-12 08:00:00+00:00,0.06679,0.06681,0.06643,0.06644,519876.0
2026-08-12 09:00:00+00:00,0.06642,0.06678,0.06641,0.06671,643957.0
2026-08-12 10:00:00+00:00,0.06673,0.06684,0.06662,0.06663,479752.0
2026-08-12 11:00:00+00:00,0.06663,0.06684,0.0666,0.06684,1254090.0
2026-08-12 12:00:00+00:00,0.06684,0.067,0.0666,0.06671,2476611.0
2026-08-12 13:00:00+00:00,0.06671,0.06673,0.06591,0.06606,3331963.0
2026-08-12 14:00:00+00:00,0.06605,0.06617,0.06558,0.0656,5261845.0
2026-08-12 15:00:00+00:00,0.0656,0.06605,0.0656,0.06602,1683082.0
2026-08-12 16:00:00+00:00,0.06602,0.06613,0.06584,0.06587,1106671.0
2026-08-12 17:00:00+00:00,0.06588,0.06612,0.06588,0.06602,372454.0
2026-08-12 18:00:00+00:00,0.06602,0.06614,0.06591,0.06596,716904.0
2026-08-12 19:00:00+00:00,0.06597,0.06597,0.06568,0.06581,1501988.0
2026-08-12 20:00:00+00:00,0.0658,0.06604,0.06579,0.06598,419425.0
2026-08-12 21:00:00+00:00,0.06599,0.06605,0.06562,0.0657,1612233.0
2026-08-12 22:00:00+00:00,0.06569,0.06585,0.06563,0.06582,552351.0
2026-08-12 23:00:00+00:00,0.06583,0.06607,0.06578,0.06606,964137.0
2026-08-13 00:00:00+00:00,0.06606,0.06611,0.06589,0.06589,531117.0
2026-08-13 01:00:00+00:00,0.0659,0.06604,0.06579,0.0659,431696.0
2026-08-13 02:00:00+00:00,0.0659,0.06591,0.06566,0.06587,776183.0
2026-08-13 03:00:00+00:00,0.06588,0.06607,0.06588,0.06607,605278.0
2026-08-13 04:00:00+00:00,0.06607,0.06633,0.06607,0.06633,1515597.0
2026-08-13 05:00:00+00:00,0.06631,0.06641,0.06624,0.06634,710014.0
2026-08-13 06:00:00+00:00,0.06634,0.0666,0.06633,0.06659,834858.0
2026-08-13 07:00:00+00:00,0.06659,0.0666,0.0664,0.06643,279869.0
2026-08-13 08:00:00+00:00,0.06643,0.06645,0.06634,0.06643,363891.0
2026-08-13 09:00:00+00:00,0.06643,0.06664,0.0664,0.06659,500275.0
2026-08-13 10:00:00+00:00,0.0666,0.06662,0.06637,0.06637,716930.0
2026-08-13 11:00:00+00:00,0.06637,0.06645,0.0659,0.06605,5108531.0
2026-08-13 12:00:00+00:00,0.06605,0.0665,0.06601,0.06649,1964627.0
2026-08-13 13:00:00+00:00,0.0665,0.06652,0.06625,0.06644,539354.0
2026-08-13 14:00:00+00:00,0.06645,0.0667,0.06638,0.06667,931849.0
2026-08-13 15:00:00+00:00,0.06667,0.06696,0.06648,0.06649,3633185.0
2026-08-13 16:00:00+00:00,0.06649,0.06684,0.06617,0.06642,3088504.0
2026-08-13 17:00:00+00:00,0.06643,0.06658,0.06562,0.06595,5420025.0
2026-08-13 18:00:00+00:00,0.06595,0.06606,0.0656,0.06579,8703843.0
2026-08-13 19:00:00+00:00,0.06578,0.06593,0.06547,0.0656,2716244.0
2026-08-13 20:00:00+00:00,0.06561,0.06574,0.06558,0.06562,1301251.0
2026-08-13 21:00:00+00:00,0.06561,0.06567,0.06548,0.06553,1099176.0
2026-08-13 22:00:00+00:00,0.06553,0.06565,0.06547,0.06552,1142583.0
2026-08-13 23:00:00+00:00,0.06553,0.06569,0.06548,0.06553,957018.0
2026-08-14 00:00:00+00:00,0.06553,0.0656,0.06539,0.06552,2122730.0
2026-08-14 01:00:00+00:00,0.06552,0.06561,0.06525,0.0654,2251969.0
2026-08-14 02:00:00+00:00,0.0654,0.06582,0.06539,0.06568,3436166.0
2026-08-14 03:00:00+00:00,0.06569,0.06578,0.06543,0.06545,1211204.0
2026-08-14 04:00:00+00:00,0.06544,0.06567,0.06521,0.06528,1972706.0
2026-08-14 05:00:00+00:00,0.06527,0.06546,0.06521,0.06542,852395.0
2026-08-14 06:00:00+00:00,0.06543,0.06548,0.06523,0.06523,1197025.0
2026-08-14 07:00:00+00:00,0.06523,0.06542,0.06523,0.06528,695386.0
2026-08-14 08:00:00+00:00,0.06528,0.06566,0.065,0.06546,4774365.0
2026-08-14 09:00:00+00:00,0.06547,0.0655,0.06524,0.06525,1102303.0
2026-08-14 10:00:00+00:00,0.06525,0.06531,0.06482,0.06497,2706707.0
2026-08-14 11:00:00+00:00,0.06496,0.06558,0.06482,0.06551,3328101.0
2026-08-14 12:00:00+00:00,0.06552,0.06564,0.0654,0.06557,2064728.0
2026-08-14 13:00:00+00:00,0.06557,0.06571,0.06542,0.06571,1473756.0
2026-08-14 14:00:00+00:00,0.06571,0.06596,0.06557,0.06585,1535433.0
2026-08-14 15:00:00+00:00,0.06584,0.06622,0.06584,0.06593,1772452.0
2026-08-14 16:00:00+00:00,0.06594,0.06605,0.06546,0.06552,1444555.0
2026-08-14 17:00:00+00:00,0.06553,0.06567,0.06532,0.06542,997560.0
2026-08-14 18:00:00+00:00,0.06542,0.06561,0.06533,0.06536,867110.0
2026-08-14 19:00:00+00:00,0.06535,0.06535,0.06507,0.06512,1280036.0
2026-08-14 20:00:00+00:00,0.06512,0.06535,0.06505,0.06535,1572308.0
2026-08-14 21:00:00+00:00,0.06535,0.06548,0.06528,0.06539,1272113.0
2026-08-14 22:00:00+00:00,0.0654,0.06547,0.06525,0.06529,1159243.0
2026-08-14 23:00:00+00:00,0.06529,0.06592,0.06528,0.0659,1373438.0
2026-08-15 00:00:00+00:00,0.06591,0.06606,0.06576,0.06596,1769383.0
2026-08-15 01:00:00+00:00,0.06596,0.06604,0.06584,0.06603,467641.0
2026-08-15 02:00:00+00:00,0.06603,0.06632,0.066,0.06631,988508.0
2026-08-15 03:00:00+00:00,0.06631,0.0664,0.06604,0.06624,1728122.0
2026-08-15 04:00:00+00:00,0.06623,0.06638,0.06615,0.06623,806831.0
2026-08-15 05:00:00+00:00,0.06624,0.0663,0.06604,0.06607,548974.0
2026-08-15 06:00:00+00:00,0.06607,0.0661,0.06593,0.066,473660.0
2026-08-15 07:00:00+00:00,0.066,0.066,0.06563,0.06563,959911.0
2026-08-15 08:00:00+00:00,0.06563,0.06577,0.06549,0.06562,835556.0
2026-08-15 09:00:00+00:00,0.06563,0.06577,0.06558,0.06576,367275.0
2026-08-15 10:00:00+00:00,0.06577,0.0658,0.06563,0.06572,479121.0
2026-08-15 11:00:00+00:00,0.06572,0.0659,0.06572,0.06578,1272165.0
2026-08-15 12:00:00+00:00,0.06578,0.06584,0.06572,0.06584,347339.0
2026-08-15 13:00:00+00:00,0.06584,0.06584,0.06566,0.0658,282383.0
2026-08-15 14:00:00+00:00,0.06581,0.06589,0.06578,0.06584,413369.0
2026-08-15 15:00:00+00:00,0.06584,0.06591,0.06576,0.06591,328872.0
2026-08-15 16:00:00+00:00,0.06591,0.06591,0.06538,0.06544,1696949.0
2026-08-15 17:00:00+00:00,0.06544,0.06587,0.06544,0.0657,899356.0
2026-08-15 18:00:00+00:00,0.06571,0.06575,0.06556,0.06566,435543.0
2026-08-15 19:00:00+00:00,0.06566,0.06583,0.06563,0.06582,395686.0
2026-08-15 20:00:00+00:00,0.06582,0.06582,0.06574,0.0658,419214.0
2026-08-15 21:00:00+00:00,0.0658,0.0658,0.06557,0.06557,430841.0
2026-08-15 22:00:00+00:00,0.06557,0.06563,0.0655,0.06551,364717.0
2026-08-15 23:00:00+00:00,0.06551,0.0656,0.06544,0.06549,1014908.0
2026-08-16 00:00:00+00:00,0.06548,0.06549,0.06522,0.06534,2884137.0
2026-08-16 01:00:00+00:00,0.06533,0.06533,0.06511,0.06515,1860132.0
2026-08-16 02:00:00+00:00,0.06515,0.06523,0.06489,0.06515,1227181.0
2026-08-16 03:00:00+00:00,0.06514,0.06533,0.06512,0.06526,454646.0
2026-08-16 04:00:00+00:00,0.06527,0.06534,0.06515,0.06531,569066.0
2026-08-16 05:00:00+00:00,0.0653,0.06533,0.0651,0.06512,817334.0
2026-08-16 06:00:00+00:00,0.06512,0.0652,0.06503,0.06512,385198.0
2026-08-16 07:00:00+00:00,0.06512,0.06518,0.06506,0.06511,385227.0
2026-08-16 08:00:00+00:00,0.0651,0.06518,0.0651,0.06512,193971.0
2026-08-16 09:00:00+00:00,0.06511,0.06514,0.06507,0.06507,192421.0
2026-08-16 10:00:00+00:00,0.06507,0.06512,0.06503,0.06506,308111.0
2026-08-16 11:00:00+00:00,0.06507,0.06514,0.06506,0.06513,395716.0
2026-08-16 12:00:00+00:00,0.06512,0.06512,0.06503,0.06508,192632.0
2026-08-16 13:00:00+00:00,0.06508,0.0652,0.06508,0.06512,417309.0
2026-08-16 14:00:00+00:00,0.06514,0.06521,0.06511,0.06512,222659.0
2026-08-16 15:00:00+00:00,0.06512,0.06529,0.06512,0.06518,677543.0
2026-08-16 16:00:00+00:00,0.06519,0.06545,0.06518,0.06526,882985.0
2026-08-16 17:00:00+00:00,0.06526,0.06529,0.0652,0.06521,260692.0
2026-08-16 18:00:00+00:00,0.0652,0.06522,0.06511,0.06513,210886.0
2026-08-16 19:00:00+00:00,0.06514,0.06527,0.06514,0.06519,396810.0
2026-08-16 20:00:00+00:00,0.06519,0.06526,0.065,0.06501,550048.0
2026-08-16 21:00:00+00:00,0.06502,0.06508,0.06444,0.06498,3472922.0
2026-08-16 22:00:00+00:00,0.06497,0.06519,0.06475,0.06479,1574055.0
2026-08-16 23:00:00+00:00,0.0648,0.06488,0.06454,0.06465,882529.0
2026-08-17 00:00:00+00:00,0.06466,0.06472,0.06429,0.06466,1653777.0
2026-08-17 01:00:00+00:00,0.06465,0.06496,0.06462,0.06486,1040177.0
2026-08-17 02:00:00+00:00,0.06487,0.06511,0.0648,0.06508,1095817.0
2026-08-17 03:00:00+00:00,0.06508,0.0651,0.06487,0.06492,321512.0
2026-08-17 04:00:00+00:00,0.06492,0.06509,0.06492,0.06508,681478.0
2026-08-17 05:00:00+00:00,0.06508,0.0651,0.06494,0.06494,223888.0
2026-08-17 06:00:00+00:00,0.06494,0.06528,0.06491,0.06525,1117793.0
2026-08-17 07:00:00+00:00,0.06525,0.06602,0.06511,0.06561,18385729.0
2026-08-17 08:00:00+00:00,0.06562,0.06564,0.06532,0.06537,637988.0
2026-08-17 09:00:00+00:00,0.06538,0.06603,0.06537,0.06595,3421760.0
2026-08-17 10:00:00+00:00,0.06595,0.06629,0.06575,0.06627,2269030.0
2026-08-17 11:00:00+00:00,0.06628,0.06638,0.06612,0.06619,1894057.0
2026-08-17 12:00:00+00:00,0.06619,0.06622,0.06585,0.06589,1817420.0
2026-08-17 13:00:00+00:00,0.06587,0.06602,0.06545,0.06574,3515212.0
2026-08-17 14:00:00+00:00,0.06574,0.06593,0.06557,0.06593,1102360.0
2026-08-17 15:00:00+00:00,0.06592,0.06635,0.0659,0.06633,1999495.0
2026-08-17 16:00:00+00:00,0.06633,0.06633,0.06573,0.06578,1220109.0
2026-08-17 17:00:00+00:00,0.06578,0.06612,0.06575,0.06597,5834627.0
2026-08-17 18:00:00+00:00,0.06597,0.06608,0.06587,0.06587,668585.0
2026-08-17 19:00:00+00:00,0.06587,0.06596,0.06574,0.06578,747863.0
2026-08-17 20:00:00+00:00,0.06577,0.06588,0.0657,0.0658,479563.0
2026-08-17 21:00:00+00:00,0.0658,0.06591,0.06578,0.06584,412161.0
2026-08-17 22:00:00+00:00,0.06585,0.06586,0.06577,0.06584,563988.0
2026-08-17 23:00:00+00:00,0.06583,0.06609,0.06582,0.066,890671.0
2026-08-18 00:00:00+00:00,0.06601,0.06611,0.06594,0.06608,642589.0
2026-08-18 01:00:00+00:00,0.06607,0.06608,0.06569,0.06574,1276014.0
2026-08-18 02:00:00+00:00,0.06574,0.06575,0.06521,0.06531,3146446.0
2026-08-18 03:00:00+00:00,0.06531,0.06555,0.06521,0.06545,1846413.0
2026-08-18 04:00:00+00:00,0.06544,0.06569,0.06537,0.06569,744452.0
2026-08-18 05:00:00+00:00,0.06568,0.06579,0.06557,0.06577,647075.0
2026-08-18 06:00:00+00:00,0.06577,0.06601,0.06569,0.06578,1536378.0
2026-08-18 07:00:00+00:00,0.06579,0.06589,0.06572,0.06576,619315.0
2026-08-18 08:00:00+00:00,0.06577,0.06593,0.0655,0.06592,1742819.0
2026-08-18 09:00:00+00:00,0.06592,0.06594,0.06569,0.06586,680177.0
2026-08-18 10:00:00+00:00,0.06587,0.0659,0.06581,0.06586,488675.0
2026-08-18 11:00:00+00:00,0.06585,0.06614,0.06585,0.06594,1179201.0
2026-08-18 12:00:00+00:00,0.06593,0.06609,0.06583,0.06609,816694.0
2026-08-18 13:00:00+00:00,0.06609,0.0661,0.06579,0.06585,940477.0
2026-08-18 14:00:00+00:00,0.06585,0.06646,0.06583,0.0661,3898101.0
2026-08-18 15:00:00+00:00,0.0661,0.06632,0.06603,0.06619,1155803.0
2026-08-18 16:00:00+00:00,0.06622,0.06623,0.06585,0.06586,2185942.0
2026-08-18 17:00:00+00:00,0.06588,0.06618,0.06578,0.06602,1145467.0
2026-08-18 18:00:00+00:00,0.06601,0.06638,0.06601,0.06633,1686034.0
2026-08-18 19:00:00+00:00,0.06633,0.06637,0.06622,0.06623,816982.0
2026-08-18 20:00:00+00:00,0.06623,0.06636,0.06619,0.06636,1330435.0
2026-08-18 21:00:00+00:00,0.06636,0.06689,0.06635,0.06689,5877120.0
2026-08-18 22:00:00+00:00,0.0669,0.06716,0.06676,0.0671,3714591.0
2026-08-18 23:00:00+00:00,0.0671,0.0674,0.067,0.06737,4859374.0
2026-08-19 00:00:00+00:00,0.06738,0.06743,0.06708,0.06729,3302083.0
2026-08-19 01:00:00+00:00,0.06728,0.06759,0.06721,0.06741,3831820.0
2026-08-19 02:00:00+00:00,0.06741,0.06782,0.06732,0.06733,4398707.0
2026-08-19 03:00:00+00:00,0.06733,0.0678,0.06719,0.06771,2906447.0
2026-08-19 04:00:00+00:00,0.06772,0.068,0.06754,0.06793,2471939.0
2026-08-19 05:00:00+00:00,0.06793,0.06799,0.06759,0.06761,1777359.0
2026-08-19 06:00:00+00:00,0.06762,0.06787,0.0674,0.06756,3105715.0
2026-08-19 07:00:00+00:00,0.06756,0.06768,0.06745,0.06751,943490.0
2026-08-19 08:00:00+00:00,0.06752,0.06774,0.06734,0.06774,2131873.0
2026-08-19 09:00:00+00:00,0.06774,0.06789,0.06753,0.06761,1690570.0
2026-08-19 10:00:00+00:00,0.06761,0.06766,0.06744,0.06746,1320466.0
2026-08-19 11:00:00+00:00,0.06745,0.0678,0.06742,0.06779,2209124.0
2026-08-19 12:00:00+00:00,0.0678,0.06803,0.06771,0.06793,2976850.0
2026-08-19 13:00:00+00:00,0.06793,0.06797,0.0676,0.06768,2037479.0
2026-08-19 14:00:00+00:00,0.06768,0.06839,0.06767,0.06826,5057737.0
2026-08-19 15:00:00+00:00,0.06828,0.06984,0.06819,0.06921,14876037.0
2026-08-19 16:00:00+00:00,0.06921,0.07045,0.0692,0.06947,9317929.0
2026-08-19 17:00:00+00:00,0.06947,0.06968,0.06904,0.06956,11024561.0
2026-08-19 18:00:00+00:00,0.06957,0.06961,0.06896,0.06945,7000326.0
2026-08-19 19:00:00+00:00,0.06943,0.06963,0.06915,0.06954,3137864.0
2026-08-19 20:00:00+00:00,0.06953,0.07064,0.06946,0.07038,8729853.0
2026-08-19 21:00:00+00:00,0.07038,0.07181,0.07036,0.07168,14670870.0
2026-08-19 22:00:00+00:00,0.07168,0.07177,0.07071,0.07098,7058221.0
2026-08-19 23:00:00+00:00,0.07098,0.07099,0.07054,0.07065,3321354.0
2026-08-20 00:00:00+00:00,0.07064,0.07138,0.07045,0.07127,5452568.0
2026-08-20 01:00:00+00:00,0.07127,0.07146,0.0707,0.07121,3159485.0
2026-08-20 02:00:00+00:00,0.07122,0.07137,0.07081,0.07081,3579567.0
2026-08-20 03:00:00+00:00,0.07081,0.07081,0.0702,0.07055,3416918.0
2026-08-20 04:00:00+00:00,0.07055,0.07117,0.07055,0.07112,2716998.0
2026-08-20 05:00:00+00:00,0.07112,0.07174,0.07097,0.0715,2963684.0
2026-08-20 06:00:00+00:00,0.07151,0.07189,0.0713,0.07187,3797692.0
2026-08-20 07:00:00+00:00,0.07187,0.07187,0.07104,0.0714,2162058.0
2026-08-20 08:00:00+00:00,0.0714,0.07269,0.07121,0.07252,18349104.0
2026-08-20 09:00:00+00:00,0.07252,0.07259,0.07209,0.0721,5548088.0
2026-08-20 10:00:00+00:00,0.0721,0.07306,0.07196,0.07279,6409131.0
2026-08-20 11:00:00+00:00,0.07279,0.0736,0.0724,0.07342,7233990.0
2026-08-20 12:00:00+00:00,0.07343,0.07354,0.07257,0.07299,9232006.0
2026-08-20 13:00:00+00:00,0.07299,0.07318,0.07237,0.07311,5862764.0
2026-08-20 14:00:00+00:00,0.07311,0.07395,0.07289,0.07312,11212254.0
2026-08-20 15:00:00+00:00,0.07312,0.07388,0.07297,0.0738,10086581.0
2026-08-20 16:00:00+00:00,0.0738,0.07446,0.07341,0.07446,13999336.0
2026-08-20 17:00:00+00:00,0.07446,0.07449,0.07332,0.07347,12156337.0
2026-08-20 18:00:00+00:00,0.07348,0.07362,0.07171,0.07171,15045507.0
2026-08-20 19:00:00+00:00,0.07171,0.07241,0.07171,0.07226,6440497.0
2026-08-20 20:00:00+00:00,0.07226,0.07314,0.07226,0.07285,6429317.0
2026-08-20 21:00:00+00:00,0.07285,0.07345,0.07262,0.07329,9453454.0
2026-08-20 22:00:00+00:00,0.07329,0.07341,0.07284,0.07323,3619709.0
2026-08-20 23:00:00+00:00,0.07323,0.07362,0.07299,0.07344,4675334.0
2026-08-21 00:00:00+00:00,0.07345,0.07412,0.07345,0.07383,6515505.0
2026-08-21 01:00:00+00:00,0.07382,0.075,0.07367,0.07496,8984850.0
2026-08-21 02:00:00+00:00,0.07497,0.07498,0.07437,0.07465,4386259.0
2026-08-21 03:00:00+00:00,0.07464,0.07533,0.07435,0.07507,4831077.0
2026-08-21 04:00:00+00:00,0.07507,0.07556,0.07474,0.07508,7895234.0
2026-08-21 05:00:00+00:00,0.07507,0.07529,0.07478,0.07499,5059161.0
2026-08-21 06:00:00+00:00,0.07499,0.07543,0.07483,0.07491,4506695.0
2026-08-21 07:00:00+00:00,0.07491,0.07574,0.07481,0.07573,7145420.0
2026-08-21 08:00:00+00:00,0.07572,0.07733,0.07564,0.07733,12870697.0
2026-08-21 09:00:00+00:00,0.07731,0.07732,0.07483,0.07661,29691960.0
2026-08-21 10:00:00+00:00,0.07662,0.07733,0.07606,0.07717,10906134.0
2026-08-21 11:00:00+00:00,0.07716,0.07728,0.07557,0.07558,19640633.0
2026-08-21 12:00:00+00:00,0.07558,0.07768,0.07537,0.07765,13202917.0
2026-08-21 13:00:00+00:00,0.07765,0.0786,0.07691,0.07823,25755762.0
2026-08-21 14:00:00+00:00,0.07822,0.07833,0.07681,0.07752,11794894.0
2026-08-21 15:00:00+00:00,0.07753,0.07839,0.07735,0.07785,12250432.0
2026-08-21 16:00:00+00:00,0.07788,0.07829,0.07721,0.07768,13963598.0
2026-08-21 17:00:00+00:00,0.07769,0.07796,0.07654,0.07744,15692768.0
2026-08-21 18:00:00+00:00,0.07745,0.07754,0.07628,0.07673,9450094.0
2026-08-21 19:00:00+00:00,0.07672,0.07728,0.07602,0.07608,13325520.0
2026-08-21 20:00:00+00:00,0.07608,0.07708,0.07589,0.07706,6526141.0
2026-08-21 21:00:00+00:00,0.07705,0.07953,0.07696,0.07922,13736605.0
2026-08-21 22:00:00+00:00,0.07921,0.07978,0.07798,0.07976,17597068.0
2026-08-21 23:00:00+00:00,0.07977,0.08083,0.0794,0.07981,18261563.0
2026-08-22 00:00:00+00:00,0.0798,0.08026,0.07873,0.07971,19161574.0
2026-08-22 01:00:00+00:00,0.07971,0.08077,0.07959,0.07976,15610678.0
2026-08-22 02:00:00+00:00,0.07976,0.08224,0.07976,0.08219,17509398.0
2026-08-22 03:00:00+00:00,0.08219,0.0835,0.0817,0.08274,23899136.0
2026-08-22 04:00:00+00:00,0.08275,0.0865,0.08265,0.08608,25471576.0
2026-08-22 05:00:00+00:00,0.08609,0.08687,0.0746,0.07911,101935844.0
2026-08-22 06:00:00+00:00,0.07912,0.0806,0.07842,0.07904,28468346.0
2026-08-22 07:00:00+00:00,0.07903,0.07973,0.07827,0.07852,15060287.0
2026-08-22 08:00:00+00:00,0.07853,0.07897,0.0776,0.0782,14724741.0
2026-08-22 09:00:00+00:00,0.07819,0.0787,0.07741,0.07778,11254851.0
2026-08-22 10:00:00+00:00,0.07779,0.0778,0.07604,0.07715,19184912.0
2026-08-22 11:00:00+00:00,0.07715,0.07756,0.07689,0.07746,5939433.0
2026-08-22 12:00:00+00:00,0.07745,0.07832,0.07729,0.07747,7083874.0
2026-08-22 13:00:00+00:00,0.07748,0.07762,0.07666,0.07698,12908515.0
2026-08-22 14:00:00+00:00,0.07697,0.07736,0.07619,0.07651,7580715.0
2026-08-22 15:00:00+00:00,0.0765,0.07669,0.07594,0.07629,6530375.0
2026-08-22 16:00:00+00:00,0.07628,0.07791,0.07626,0.07753,5627332.0
2026-08-22 17:00:00+00:00,0.07753,0.07813,0.07726,0.07784,4246723.0
2026-08-22 18:00:00+00:00,0.07784,0.07809,0.07727,0.07761,3609340.0
2026-08-22 19:00:00+00:00,0.0776,0.07806,0.07737,0.07789,1900262.0
2026-08-22 20:00:00+00:00,0.07789,0.07816,0.07752,0.07785,3478473.0
2026-08-22 21:00:00+00:00,0.07784,0.07785,0.07654,0.07689,5820672.0
2026-08-22 22:00:00+00:00,0.0769,0.07793,0.07664,0.07793,8062774.0
2026-08-22 23:00:00+00:00,0.07793,0.07794,0.07715,0.07742,2807340.0
2026-08-23 00:00:00+00:00,0.07743,0.07835,0.07731,0.07819,4540607.0
2026-08-23 01:00:00+00:00,0.07818,0.07818,0.07736,0.07746,4833256.0
2026-08-23 02:00:00+00:00,0.07746,0.07779,0.07684,0.0774,7588199.0
2026-08-23 03:00:00+00:00,0.0774,0.07747,0.07651,0.07701,6910933.0
2026-08-23 04:00:00+00:00,0.077,0.07751,0.07604,0.07654,8527840.0
2026-08-23 05:00:00+00:00,0.07652,0.07717,0.07575,0.07622,11094666.0
2026-08-23 06:00:00+00:00,0.07621,0.0766,0.0759,0.07617,6571879.0
2026-08-23 07:00:00+00:00,0.07617,0.0768,0.07611,0.07666,2496915.0
2026-08-23 08:00:00+00:00,0.07667,0.07815,0.07662,0.07803,9588380.0
2026-08-23 09:00:00+00:00,0.07804,0.07821,0.0776,0.07791,2906737.0
2026-08-23 10:00:00+00:00,0.07791,0.07901,0.07789,0.07868,8592427.0
2026-08-23 11:00:00+00:00,0.07868,0.07945,0.07862,0.07924,6125967.0
2026-08-23 12:00:00+00:00,0.07924,0.07985,0.07859,0.07978,7003609.0
2026-08-23 13:00:00+00:00,0.07978,0.08103,0.07977,0.08026,12998500.0
2026-08-23 14:00:00+00:00,0.08025,0.08041,0.07795,0.07904,12775378.0
2026-08-23 15:00:00+00:00,0.07905,0.07974,0.07863,0.07944,5282260.0
2026-08-23 16:00:00+00:00,0.07944,0.07976,0.07906,0.07927,3617351.0
2026-08-23 17:00:00+00:00,0.07926,0.07941,0.07838,0.07857,6294629.0
2026-08-23 18:00:00+00:00,0.07857,0.07903,0.07853,0.07892,2606786.0
2026-08-23 19:00:00+00:00,0.07892,0.0791,0.07867,0.07888,2795338.0
2026-08-23 20:00:00+00:00,0.07888,0.07934,0.07866,0.07908,4839282.0
2026-08-23 21:00:00+00:00,0.07907,0.08084,0.07907,0.08049,10883561.0
2026-08-23 22:00:00+00:00,0.08048,0.08101,0.07997,0.08058,5354756.0
2026-08-23 23:00:00+00:00,0.08056,0.08056,0.0797,0.07981,8723989.0
2026-08-24 00:00:00+00:00,0.07981,0.08013,0.07852,0.0793,8937743.0
2026-08-24 01:00:00+00:00,0.07931,0.07934,0.07734,0.07765,6901847.0
2026-08-24 02:00:00+00:00,0.07766,0.07912,0.07766,0.07897,6226137.0
2026-08-24 03:00:00+00:00,0.07898,0.079,0.07829,0.07874,3293244.0
2026-08-24 04:00:00+00:00,0.07874,0.08004,0.07874,0.07918,9609870.0
2026-08-24 05:00:00+00:00,0.07917,0.08004,0.07884,0.07999,5733945.0
2026-08-24 06:00:00+00:00,0.07998,0.08071,0.07936,0.07961,6586886.0
2026-08-24 07:00:00+00:00,0.07962,0.08054,0.07946,0.0803,6980371.0
2026-08-24 08:00:00+00:00,0.08031,0.08069,0.07924,0.07955,6422820.0
2026-08-24 09:00:00+00:00,0.07956,0.08027,0.07931,0.07947,7257980.0
2026-08-24 10:00:00+00:00,0.07948,0.07995,0.07873,0.07909,5585726.0
2026-08-24 11:00:00+00:00,0.07909,0.0805,0.0787,0.08023,6282334.0
2026-08-24 12:00:00+00:00,0.08023,0.08125,0.0794,0.08101,6224004.0
2026-08-24 13:00:00+00:00,0.08102,0.08113,0.0787,0.07934,10884065.0
2026-08-24 14:00:00+00:00,0.07935,0.08151,0.07935,0.08041,10512437.0
2026-08-24 15:00:00+00:00,0.08041,0.08078,0.07921,0.07937,12128910.0
2026-08-24 16:00:00+00:00,0.07937,0.07998,0.07888,0.07906,11931827.0
2026-08-24 17:00:00+00:00,0.07907,0.07925,0.07839,0.07897,15146206.0
2026-08-24 18:00:00+00:00,0.07898,0.07946,0.07877,0.07887,10879663.0
2026-08-24 19:00:00+00:00,0.07887,0.07955,0.07873,0.07919,10207708.0
2026-08-24 20:00:00+00:00,0.0792,0.07981,0.07898,0.07978,7019496.0
2026-08-24 21:00:00+00:00,0.07977,0.08025,0.07972,0.07994,7493736.0
2026-08-24 22:00:00+00:00,0.07994,0.08005,0.07957,0.07958,9925173.0
2026-08-24 23:00:00+00:00,0.07959,0.07971,0.07897,0.07928,11562401.0
2026-08-25 00:00:00+00:00,0.07928,0.08062,0.07905,0.08039,13017266.0
2026-08-25 01:00:00+00:00,0.08039,0.08103,0.07997,0.08103,12636231.0
2026-08-25 02:00:00+00:00,0.08102,0.083,0.08062,0.08179,21770065.0
2026-08-25 03:00:00+00:00,0.08178,0.08426,0.08151,0.08337,24520733.0
2026-08-25 04:00:00+00:00,0.08337,0.08356,0.08168,0.08184,9394297.0
2026-08-25 05:00:00+00:00,0.08184,0.08248,0.08171,0.08206,4939588.0
2026-08-25 06:00:00+00:00,0.08207,0.08261,0.08136,0.08158,12846369.0
2026-08-25 07:00:00+00:00,0.08157,0.08202,0.07961,0.08009,19146114.0
2026-08-25 08:00:00+00:00,0.08009,0.08103,0.08009,0.08054,7824443.0
2026-08-25 09:00:00+00:00,0.08054,0.08071,0.07982,0.08029,3956689.0
2026-08-25 10:00:00+00:00,0.08028,0.08081,0.08025,0.08074,4166503.0
2026-08-25 11:00:00+00:00,0.08074,0.0808,0.0802,0.08029,2849853.0
2026-08-25 12:00:00+00:00,0.0803,0.08054,0.07973,0.0804,6503246.0
2026-08-25 13:00:00+00:00,0.08042,0.08062,0.07926,0.07991,9575008.0
2026-08-25 14:00:00+00:00,0.07991,0.08061,0.07971,0.08028,6226185.0
2026-08-25 15:00:00+00:00,0.08028,0.08035,0.07968,0.08017,4825454.0
2026-08-25 16:00:00+00:00,0.08016,0.08056,0.07983,0.07989,5109337.0
2026-08-25 17:00:00+00:00,0.07989,0.08005,0.07943,0.07997,4543140.0
2026-08-25 18:00:00+00:00,0.07997,0.08058,0.0797,0.07993,6001725.0
2026-08-25 19:00:00+00:00,0.07994,0.08007,0.07882,0.07893,6171238.0
2026-08-25 20:00:00+00:00,0.07893,0.07904,0.078,0.07806,14871835.0
2026-08-25 21:00:00+00:00,0.07806,0.07834,0.07721,0.07788,8166991.0
2026-08-25 22:00:00+00:00,0.07788,0.07871,0.07788,0.07846,8274335.0
2026-08-25 23:00:00+00:00,0.07845,0.07858,0.07764,0.07775,7602933.0
2026-08-26 00:00:00+00:00,0.07774,0.07807,0.07723,0.07792,9264591.0
2026-08-26 01:00:00+00:00,0.07792,0.07836,0.07789,0.07812,7498519.0
2026-08-26 02:00:00+00:00,0.07812,0.07874,0.07804,0.07853,7588959.0
2026-08-26 03:00:00+00:00,0.07853,0.0786,0.07792,0.07822,7398905.0
2026-08-26 04:00:00+00:00,0.07823,0.07874,0.07814,0.07818,2727131.0
2026-08-26 05:00:00+00:00,0.07818,0.07847,0.07794,0.07826,2855423.0
2026-08-26 06:00:00+00:00,0.07826,0.07841,0.07806,0.07812,1629781.0
2026-08-26 07:00:00+00:00,0.07811,0.0783,0.07783,0.07783,1995723.0
2026-08-26 08:00:00+00:00,0.07783,0.07806,0.07741,0.07752,2209081.0
2026-08-26 09:00:00+00:00,0.07751,0.07771,0.077,0.07719,4427381.0
2026-08-26 10:00:00+00:00,0.07718,0.078,0.077,0.07789,2827874.0
2026-08-26 11:00:00+00:00,0.07788,0.078,0.07727,0.07747,3164616.0
2026-08-26 12:00:00+00:00,0.07746,0.07818,0.07729,0.07788,4548948.0
2026-08-26 13:00:00+00:00,0.07788,0.07793,0.0768,0.07735,6624663.0
2026-08-26 14:00:00+00:00,0.07733,0.07751,0.07661,0.07669,4903569.0
2026-08-26 15:00:00+00:00,0.07668,0.07717,0.07629,0.07675,8976986.0
2026-08-26 16:00:00+00:00,0.07674,0.07711,0.07645,0.07683,4041958.0
2026-08-26 17:00:00+00:00,0.07683,0.07755,0.07673,0.07724,4336833.0
2026-08-26 18:00:00+00:00,0.07723,0.07762,0.0771,0.07754,4124682.0
2026-08-26 19:00:00+00:00,0.07754,0.07778,0.07741,0.07743,3055423.0
2026-08-26 20:00:00+00:00,0.07742,0.07753,0.07678,0.07709,4020212.0
2026-08-26 21:00:00+00:00,0.0771,0.07801,0.07707,0.078,2894207.0
2026-08-26 22:00:00+00:00,0.07799,0.0785,0.07783,0.078,4420494.0
2026-08-26 23:00:00+00:00,0.07798,0.07871,0.07783,0.07859,2997121.0
2026-08-27 00:00:00+00:00,0.07859,0.07859,0.07759,0.07759,2850869.0
2026-08-27 01:00:00+00:00,0.07758,0.07815,0.07737,0.07798,4659923.0
2026-08-27 02:00:00+00:00,0.07797,0.07806,0.07711,0.0772,3035479.0
2026-08-27 03:00:00+00:00,0.07722,0.07777,0.07717,0.07728,4141800.0
2026-08-27 04:00:00+00:00,0.0773,0.07764,0.07711,0.07723,2507667.0
2026-08-27 05:00:00+00:00,0.07724,0.07762,0.07694,0.07755,3122134.0
2026-08-27 06:00:00+00:00,0.07754,0.07763,0.07712,0.07758,1561067.0
2026-08-27 07:00:00+00:00,0.0776,0.07793,0.07746,0.07792,1413356.0
2026-08-27 08:00:00+00:00,0.07792,0.07878,0.07783,0.07854,6040048.0
2026-08-27 09:00:00+00:00,0.07853,0.07893,0.07827,0.07849,3399211.0
2026-08-27 10:00:00+00:00,0.0785,0.07891,0.07775,0.0783,3120252.0
2026-08-27 11:00:00+00:00,0.07827,0.07849,0.07792,0.07823,2029633.0
2026-08-27 12:00:00+00:00,0.07823,0.07862,0.07821,0.07845,1598392.0
2026-08-27 13:00:00+00:00,0.07847,0.07877,0.07811,0.07866,3269639.0
2026-08-27 14:00:00+00:00,0.07866,0.07962,0.07858,0.07921,6265966.0
2026-08-27 15:00:00+00:00,0.07922,0.07961,0.07904,0.07918,5108586.0
2026-08-27 16:00:00+00:00,0.07918,0.07975,0.07895,0.0793,4671491.0
2026-08-27 17:00:00+00:00,0.0793,0.07969,0.07907,0.07914,4892780.0
2026-08-27 18:00:00+00:00,0.07918,0.07927,0.07845,0.07891,3948758.0
2026-08-27 19:00:00+00:00,0.0789,0.07903,0.07841,0.07851,2984180.0
2026-08-27 20:00:00+00:00,0.07848,0.079,0.0783,0.07888,1588635.0
2026-08-27 21:00:00+00:00,0.07889,0.07903,0.07864,0.07903,1438635.0
2026-08-27 22:00:00+00:00,0.07902,0.07938,0.07872,0.07882,1558903.0
2026-08-27 23:00:00+00:00,0.07882,0.07896,0.07865,0.07874,2223603.0
2026-08-28 00:00:00+00:00,0.07876,0.07924,0.07861,0.0791,1734393.0
2026-08-28 01:00:00+00:00,0.0791,0.0798,0.07864,0.0788,3519031.0
2026-08-28 02:00:00+00:00,0.07878,0.07885,0.07781,0.07792,4192903.0
2026-08-28 03:00:00+00:00,0.07791,0.07795,0.07752,0.07761,1892718.0
2026-08-28 04:00:00+00:00,0.07761,0.07775,0.07719,0.0774,3627676.0
2026-08-28 05:00:00+00:00,0.07739,0.07803,0.07732,0.07783,1681092.0
2026-08-28 06:00:00+00:00,0.07783,0.07841,0.07783,0.07831,1730382.0
2026-08-28 07:00:00+00:00,0.07829,0.07841,0.07787,0.07811,1792837.0
2026-08-28 08:00:00+00:00,0.07812,0.07833,0.0776,0.07765,2613866.0
2026-08-28 09:00:00+00:00,0.07766,0.07794,0.07743,0.07749,1744008.0
2026-08-28 10:00:00+00:00,0.07749,0.07805,0.07715,0.07804,2917895.0
2026-08-28 11:00:00+00:00,0.07804,0.07824,0.07788,0.07803,2395066.0
2026-08-28 12:00:00+00:00,0.07803,0.07808,0.07731,0.07769,3092702.0
2026-08-28 13:00:00+00:00,0.07768,0.07777,0.07716,0.07748,2761852.0
2026-08-28 14:00:00+00:00,0.07748,0.07819,0.07615,0.0776,11799211.0
2026-08-28 15:00:00+00:00,0.0776,0.07779,0.07502,0.07576,19846071.0
2026-08-28 16:00:00+00:00,0.07576,0.07581,0.07375,0.07566,78188781.0
2026-08-28 17:00:00+00:00,0.07566,0.07615,0.07557,0.07609,6960283.0
2026-08-28 18:00:00+00:00,0.0761,0.07612,0.07539,0.07597,5449501.0
2026-08-28 19:00:00+00:00,0.07598,0.07641,0.07598,0.07635,4481021.0
2026-08-28 20:00:00+00:00,0.07634,0.07675,0.07633,0.0767,3518503.0
2026-08-28 21:00:00+00:00,0.0767,0.07679,0.0759,0.07594,2560358.0
2026-08-28 22:00:00+00:00,0.07595,0.07624,0.07579,0.07591,2840899.0
2026-08-28 23:00:00+00:00,0.07591,0.07613,0.07577,0.07609,1550333.0
2026-08-29 00:00:00+00:00,0.0761,0.07627,0.07553,0.07554,2850413.0
2026-08-29 01:00:00+00:00,0.07555,0.07567,0.07542,0.07543,1027016.0
2026-08-29 02:00:00+00:00,0.07543,0.07567,0.07534,0.07565,1451693.0
2026-08-29 03:00:00+00:00,0.07564,0.07582,0.07542,0.07542,1235491.0
2026-08-29 04:00:00+00:00,0.07541,0.07558,0.07537,0.07545,922203.0
2026-08-29 05:00:00+00:00,0.07544,0.07561,0.07522,0.07531,1119107.0
2026-08-29 06:00:00+00:00,0.07532,0.07535,0.07475,0.07529,2642104.0
2026-08-29 07:00:00+00:00,0.07528,0.07538,0.07494,0.07498,979169.0
2026-08-29 08:00:00+00:00,0.07497,0.07497,0.07464,0.07469,1751230.0
2026-08-29 09:00:00+00:00,0.07471,0.07477,0.07463,0.07471,752170.0
2026-08-29 10:00:00+00:00,0.0747,0.07486,0.07461,0.07479,661447.0
2026-08-29 11:00:00+00:00,0.07478,0.07488,0.07459,0.07473,1349947.0
2026-08-29 12:00:00+00:00,0.07473,0.075,0.07472,0.07486,837327.0
2026-08-29 13:00:00+00:00,0.07486,0.07513,0.07479,0.07504,1923357.0
2026-08-29 14:00:00+00:00,0.07505,0.07581,0.07505,0.0756,2583326.0
2026-08-29 15:00:00+00:00,0.07562,0.07562,0.07537,0.07553,1177583.0
2026-08-29 16:00:00+00:00,0.07552,0.07565,0.0753,0.0754,1661244.0
2026-08-29 17:00:00+00:00,0.0754,0.07552,0.07516,0.07534,940628.0
2026-08-29 18:00:00+00:00,0.07535,0.07554,0.07532,0.07545,1268256.0
2026-08-29 19:00:00+00:00,0.07546,0.07563,0.07542,0.0755,2837798.0
2026-08-29 20:00:00+00:00,0.07551,0.07572,0.07542,0.07546,2858363.0
2026-08-29 21:00:00+00:00,0.07546,0.07566,0.07538,0.07542,1544374.0
2026-08-29 22:00:00+00:00,0.07542,0.07556,0.07542,0.0755,611364.0
2026-08-29 23:00:00+00:00,0.0755,0.07559,0.0754,0.07551,720249.0
2026-08-30 00:00:00+00:00,0.07551,0.07572,0.07546,0.07549,1564124.0
2026-08-30 01:00:00+00:00,0.07548,0.07558,0.07526,0.0753,2028148.0
2026-08-30 02:00:00+00:00,0.07528,0.07539,0.07517,0.07527,679039.0
2026-08-30 03:00:00+00:00,0.07528,0.07529,0.07507,0.07513,976211.0
2026-08-30 04:00:00+00:00,0.07512,0.07518,0.07376,0.07488,23134429.0
2026-08-30 05:00:00+00:00,0.07487,0.07507,0.07484,0.07496,1861594.0
2026-08-30 06:00:00+00:00,0.07497,0.07521,0.07479,0.07521,1929828.0
2026-08-30 07:00:00+00:00,0.0752,0.07521,0.07484,0.07487,911472.0
2026-08-30 08:00:00+00:00,0.07486,0.07496,0.07479,0.07487,1178593.0
2026-08-30 09:00:00+00:00,0.07487,0.07502,0.07481,0.07492,1168825.0
2026-08-30 10:00:00+00:00,0.07492,0.0752,0.07484,0.07511,1253514.0
2026-08-30 11:00:00+00:00,0.0751,0.07512,0.07487,0.07505,743204.0
2026-08-30 12:00:00+00:00,0.07505,0.07561,0.07505,0.0756,1681523.0
2026-08-30 13:00:00+00:00,0.07561,0.07577,0.07534,0.07569,1933576.0
2026-08-30 14:00:00+00:00,0.07567,0.07567,0.07508,0.07529,2126061.0
2026-08-30 15:00:00+00:00,0.07529,0.07532,0.07494,0.07498,1092476.0
2026-08-30 16:00:00+00:00,0.07499,0.07568,0.07496,0.07558,2405924.0
2026-08-30 17:00:00+00:00,0.07559,0.0759,0.07548,0.07562,2542664.0
2026-08-30 18:00:00+00:00,0.07562,0.07614,0.07553,0.07592,3585746.0
2026-08-30 19:00:00+00:00,0.07592,0.07607,0.07562,0.07574,1854990.0
2026-08-30 20:00:00+00:00,0.07575,0.07604,0.075,0.07525,2172316.0
2026-08-30 21:00:00+00:00,0.07524,0.07533,0.07464,0.07509,2951593.0
2026-08-30 22:00:00+00:00,0.07509,0.07533,0.07436,0.07448,2571786.0
2026-08-30 23:00:00+00:00,0.07448,0.07459,0.07295,0.07345,10279555.0
2026-08-31 00:00:00+00:00,0.07345,0.07424,0.0733,0.0739,3513020.0
2026-08-31 01:00:00+00:00,0.07389,0.07408,0.0732,0.07325,4373389.0
2026-08-31 02:00:00+00:00,0.07326,0.07377,0.07308,0.07326,2087918.0
2026-08-31 03:00:00+00:00,0.07326,0.07365,0.07317,0.07363,1072300.0
2026-08-31 04:00:00+00:00,0.07365,0.074,0.07344,0.07384,5695521.0
2026-08-31 05:00:00+00:00,0.07381,0.07438,0.07368,0.07424,3922257.0
2026-08-31 06:00:00+00:00,0.07424,0.07442,0.07413,0.0743,1449131.0
2026-08-31 07:00:00+00:00,0.07428,0.07448,0.07427,0.07443,1502441.0
2026-08-31 08:00:00+00:00,0.07443,0.07449,0.07401,0.07413,1747522.0
2026-08-31 09:00:00+00:00,0.07413,0.07442,0.07405,0.07421,1634660.0
2026-08-31 10:00:00+00:00,0.07419,0.07463,0.07411,0.07451,1189818.0
2026-08-31 11:00:00+00:00,0.07449,0.0745,0.07412,0.07419,1224257.0
2026-08-31 12:00:00+00:00,0.0742,0.07461,0.07375,0.07395,3655271.0
2026-08-31 13:00:00+00:00,0.07396,0.07422,0.07311,0.07326,4495860.0
2026-08-31 14:00:00+00:00,0.07327,0.07419,0.07326,0.07408,5354014.0
2026-08-31 15:00:00+00:00,0.07408,0.07412,0.07331,0.07333,4528629.0
2026-08-31 16:00:00+00:00,0.07333,0.07353,0.07313,0.07331,4467566.0
2026-08-31 17:00:00+00:00,0.0733,0.07375,0.07322,0.07352,3417347.0
2026-08-31 18:00:00+00:00,0.07353,0.07391,0.07334,0.07349,4400355.0
2026-08-31 19:00:00+00:00,0.07349,0.07369,0.0733,0.0734,3678602.0
2026-08-31 20:00:00+00:00,0.07341,0.07423,0.07338,0.07391,5695105.0
2026-08-31 21:00:00+00:00,0.07394,0.07414,0.07343,0.07392,3651885.0
2026-08-31 22:00:00+00:00,0.07391,0.07402,0.0736,0.0736,937193.0
2026-08-31 23:00:00+00:00,0.07359,0.0737,0.07352,0.07363,1470612.0
2026-09-01 00:00:00+00:00,0.07363,0.07416,0.07355,0.0739,3698306.0
2026-09-01 01:00:00+00:00,0.07391,0.07415,0.07371,0.07403,2153059.0
2026-09-01 02:00:00+00:00,0.07403,0.07404,0.07377,0.07401,1205590.0
2026-09-01 03:00:00+00:00,0.07402,0.07446,0.0739,0.07444,1952050.0
2026-09-01 04:00:00+00:00,0.07445,0.07468,0.07443,0.07461,1997729.0
2026-09-01 05:00:00+00:00,0.07462,0.07529,0.07462,0.0751,3431770.0
2026-09-01 06:00:00+00:00,0.07509,0.07509,0.07478,0.07485,1849919.0
2026-09-01 07:00:00+00:00,0.07485,0.07493,0.0745,0.07475,4248299.0
2026-09-01 08:00:00+00:00,0.07475,0.07479,0.07382,0.07389,3742483.0
2026-09-01 09:00:00+00:00,0.07389,0.07426,0.07379,0.07423,1483576.0
2026-09-01 10:00:00+00:00,0.07424,0.07487,0.07422,0.0748,1763150.0
2026-09-01 11:00:00+00:00,0.07479,0.07525,0.07454,0.07522,3001377.0
2026-09-01 12:00:00+00:00,0.07523,0.07559,0.0751,0.07533,3745490.0
2026-09-01 13:00:00+00:00,0.07532,0.07544,0.07418,0.07442,8960844.0
2026-09-01 14:00:00+00:00,0.07443,0.07507,0.07441,0.07468,3651314.0
2026-09-01 15:00:00+00:00,0.07469,0.07492,0.07423,0.07456,3774669.0
2026-09-01 16:00:00+00:00,0.07457,0.07464,0.07404,0.0745,5146143.0
2026-09-01 17:00:00+00:00,0.07448,0.07471,0.07426,0.07437,4631582.0
2026-09-01 18:00:00+00:00,0.07439,0.07458,0.07339,0.0743,8105700.0
2026-09-01 19:00:00+00:00,0.07429,0.07466,0.07415,0.07437,5562751.0
2026-09-01 20:00:00+00:00,0.07438,0.07465,0.07426,0.07449,2309733.0
2026-09-01 21:00:00+00:00,0.07447,0.07456,0.07377,0.07418,2174101.0
2026-09-01 22:00:00+00:00,0.07418,0.07432,0.07373,0.07386,2164161.0
2026-09-01 23:00:00+00:00,0.07386,0.0742,0.0738,0.07407,1502433.0
2026-09-02 00:00:00+00:00,0.07408,0.07416,0.07349,0.07349,2066318.0
2026-09-02 01:00:00+00:00,0.07349,0.07383,0.07303,0.07326,4916012.0
2026-09-02 02:00:00+00:00,0.07324,0.07369,0.07311,0.07361,2164443.0
2026-09-02 03:00:00+00:00,0.07361,0.07421,0.07361,0.07401,2315037.0
2026-09-02 04:00:00+00:00,0.07401,0.07418,0.07365,0.07415,1844616.0
2026-09-02 05:00:00+00:00,0.07414,0.07434,0.074,0.07409,3197023.0
2026-09-02 06:00:00+00:00,0.0741,0.07419,0.07382,0.07406,2555870.0
2026-09-02 07:00:00+00:00,0.07407,0.07429,0.07403,0.07404,1172750.0
2026-09-02 08:00:00+00:00,0.07404,0.07412,0.07338,0.07353,2090322.0
2026-09-02 09:00:00+00:00,0.07354,0.07384,0.07321,0.07345,2954569.0
2026-09-02 10:00:00+00:00,0.07346,0.07351,0.07277,0.07317,3163419.0
2026-09-02 11:00:00+00:00,0.07315,0.07341,0.07292,0.0734,1906741.0
2026-09-02 12:00:00+00:00,0.07338,0.07355,0.07308,0.07309,1174788.0
2026-09-02 13:00:00+00:00,0.07311,0.07415,0.07311,0.07404,2200587.0
2026-09-02 14:00:00+00:00,0.07402,0.07417,0.07344,0.07344,3827256.0
2026-09-02 15:00:00+00:00,0.07344,0.07367,0.0731,0.07337,3466957.0
2026-09-02 16:00:00+00:00,0.07336,0.07375,0.07329,0.07332,2382585.0
2026-09-02 17:00:00+00:00,0.07332,0.07385,0.07313,0.07382,3097314.0
2026-09-02 18:00:00+00:00,0.07382,0.0741,0.07377,0.07393,2745854.0
2026-09-02 19:00:00+00:00,0.07392,0.0741,0.07376,0.07396,2144516.0
2026-09-02 20:00:00+00:00,0.07397,0.07427,0.07393,0.0741,1910262.0
2026-09-02 21:00:00+00:00,0.07407,0.07413,0.07392,0.07406,972482.0
2026-09-02 22:00:00+00:00,0.07407,0.07415,0.0739,0.07402,1642505.0
2026-09-02 23:00:00+00:00,0.07403,0.07461,0.07401,0.07458,2501302.0
2026-09-03 00:00:00+00:00,0.07458,0.07492,0.07432,0.07477,3427606.0
2026-09-03 01:00:00+00:00,0.07476,0.07554,0.07445,0.07521,5209203.0
2026-09-03 02:00:00+00:00,0.0752,0.07625,0.07466,0.07617,10776739.0
2026-09-03 03:00:00+00:00,0.07615,0.07628,0.07566,0.07588,2816623.0
2026-09-03 04:00:00+00:00,0.07588,0.07626,0.07563,0.0762,1650312.0
2026-09-03 05:00:00+00:00,0.0762,0.07627,0.0754,0.07609,2532316.0
2026-09-03 06:00:00+00:00,0.07611,0.07613,0.0758,0.07591,1462893.0
2026-09-03 07:00:00+00:00,0.0759,0.07662,0.07585,0.07605,3834174.0
2026-09-03 08:00:00+00:00,0.07605,0.07709,0.07603,0.07702,8544404.0
2026-09-03 09:00:00+00:00,0.07701,0.07707,0.07661,0.0767,2949549.0
2026-09-03 10:00:00+00:00,0.07668,0.07687,0.07626,0.07681,2427270.0
2026-09-03 11:00:00+00:00,0.07682,0.07704,0.07661,0.07695,3249530.0
2026-09-03 12:00:00+00:00,0.07694,0.07763,0.07684,0.07753,8751654.0
2026-09-03 13:00:00+00:00,0.07752,0.0776,0.07698,0.07745,5382891.0
2026-09-03 14:00:00+00:00,0.07744,0.07899,0.07734,0.07896,14711245.0
2026-09-03 15:00:00+00:00,0.07895,0.07928,0.07831,0.07925,9000471.0
2026-09-03 16:00:00+00:00,0.07924,0.08098,0.07851,0.08062,14793443.0
2026-09-03 17:00:00+00:00,0.08064,0.08064,0.07951,0.07953,5445474.0
2026-09-03 18:00:00+00:00,0.07953,0.07983,0.07939,0.07953,4839898.0
2026-09-03 19:00:00+00:00,0.07953,0.07992,0.07946,0.07966,2676393.0
2026-09-03 20:00:00+00:00,0.07966,0.07972,0.07923,0.07955,4105958.0
2026-09-03 21:00:00+00:00,0.07955,0.07974,0.07918,0.07938,2474922.0
2026-09-03 22:00:00+00:00,0.07938,0.07947,0.07859,0.07898,3786874.0
2026-09-03 23:00:00+00:00,0.07899,0.07932,0.07891,0.07928,2580164.0
2026-09-04 00:00:00+00:00,0.07927,0.07941,0.0789,0.0789,2206626.0
2026-09-04 01:00:00+00:00,0.0789,0.07908,0.07856,0.0788,3075963.0
2026-09-04 02:00:00+00:00,0.07879,0.07879,0.07816,0.07834,3109611.0
2026-09-04 03:00:00+00:00,0.07835,0.07845,0.07818,0.07818,1670780.0
2026-09-04 04:00:00+00:00,0.07817,0.07876,0.07817,0.07829,1819030.0
2026-09-04 05:00:00+00:00,0.07826,0.07827,0.07778,0.07789,2451058.0
2026-09-04 06:00:00+00:00,0.07789,0.07808,0.07779,0.07792,1447717.0
2026-09-04 07:00:00+00:00,0.07793,0.07818,0.07761,0.0778,3384708.0
2026-09-04 08:00:00+00:00,0.07782,0.0786,0.07771,0.07858,5259593.0
2026-09-04 09:00:00+00:00,0.07859,0.07963,0.07856,0.0791,6995053.0
2026-09-04 10:00:00+00:00,0.0791,0.07918,0.07859,0.07899,2728640.0
2026-09-04 11:00:00+00:00,0.07899,0.07929,0.07879,0.07894,2596235.0
2026-09-04 12:00:00+00:00,0.07895,0.07929,0.07714,0.07759,14643488.0
2026-09-04 13:00:00+00:00,0.07756,0.07819,0.07719,0.07775,4931163.0
2026-09-04 14:00:00+00:00,0.07775,0.07788,0.07644,0.07667,8158722.0
2026-09-04 15:00:00+00:00,0.07666,0.07751,0.0766,0.0773,4434936.0
2026-09-04 16:00:00+00:00,0.0773,0.07774,0.07719,0.07754,3385584.0
2026-09-04 17:00:00+00:00,0.07755,0.07766,0.07713,0.07716,3059159.0
2026-09-04 18:00:00+00:00,0.07717,0.07734,0.07715,0.07729,1756063.0
2026-09-04 19:00:00+00:00,0.07729,0.0776,0.07725,0.07732,3835705.0
2026-09-04 20:00:00+00:00,0.07733,0.07818,0.07732,0.07813,2473845.0
2026-09-04 21:00:00+00:00,0.07812,0.07824,0.07776,0.07781,2314274.0
2026-09-04 22:00:00+00:00,0.0778,0.07813,0.07773,0.07783,1667813.0
2026-09-04 23:00:00+00:00,0.07783,0.0784,0.07768,0.0784,1966535.0
2026-09-05 00:00:00+00:00,0.0784,0.07916,0.07835,0.07879,5816206.0
2026-09-05 01:00:00+00:00,0.0788,0.07913,0.07877,0.0789,1617206.0
2026-09-05 02:00:00+00:00,0.07891,0.07902,0.07861,0.07898,2148078.0
2026-09-05 03:00:00+00:00,0.07897,0.07905,0.0787,0.07884,1956118.0
2026-09-05 04:00:00+00:00,0.07885,0.0793,0.07865,0.07919,3299342.0
2026-09-05 05:00:00+00:00,0.0792,0.07964,0.07885,0.07959,2986936.0
2026-09-05 06:00:00+00:00,0.07959,0.0798,0.07948,0.07971,3340866.0
2026-09-05 07:00:00+00:00,0.07972,0.08027,0.0797,0.07975,3704425.0
2026-09-05 08:00:00+00:00,0.07976,0.08002,0.0794,0.07997,2117265.0
2026-09-05 09:00:00+00:00,0.07998,0.08072,0.07996,0.08045,10130830.0
2026-09-05 10:00:00+00:00,0.08046,0.08054,0.08011,0.08038,1749418.0
2026-09-05 11:00:00+00:00,0.08038,0.0805,0.08004,0.08041,1422281.0
2026-09-05 12:00:00+00:00,0.0804,0.08099,0.08027,0.08093,1910972.0
2026-09-05 13:00:00+00:00,0.08093,0.08153,0.08036,0.08037,7153149.0
2026-09-05 14:00:00+00:00,0.08035,0.08091,0.08028,0.08077,3879211.0
2026-09-05 15:00:00+00:00,0.08076,0.08082,0.08043,0.08046,2700614.0
2026-09-05 16:00:00+00:00,0.08046,0.08068,0.08028,0.08049,3133919.0
2026-09-05 17:00:00+00:00,0.08049,0.08125,0.08041,0.08118,3428605.0
2026-09-05 18:00:00+00:00,0.08118,0.08129,0.08067,0.08067,2258858.0
2026-09-05 19:00:00+00:00,0.08066,0.08113,0.08051,0.08074,1870400.0
2026-09-05 20:00:00+00:00,0.08074,0.08099,0.08061,0.08077,1597956.0
2026-09-05 21:00:00+00:00,0.08077,0.08106,0.08068,0.08083,1840675.0
2026-09-05 22:00:00+00:00,0.08084,0.08087,0.08008,0.08034,5246187.0
2026-09-05 23:00:00+00:00,0.08033,0.08045,0.08007,0.08022,1731692.0
2026-09-06 00:00:00+00:00,0.08022,0.08071,0.08013,0.08058,2291571.0
2026-09-06 01:00:00+00:00,0.08059,0.08124,0.08051,0.08121,2899944.0
2026-09-06 02:00:00+00:00,0.0812,0.08157,0.08104,0.08119,5195857.0
2026-09-06 03:00:00+00:00,0.0812,0.08231,0.08106,0.08218,4444613.0
2026-09-06 04:00:00+00:00,0.08218,0.08224,0.08119,0.08144,2525043.0
2026-09-06 05:00:00+00:00,0.08145,0.08193,0.08118,0.08158,2221624.0
2026-09-06 06:00:00+00:00,0.08156,0.08161,0.08093,0.08104,2590283.0
2026-09-06 07:00:00+00:00,0.08104,0.08113,0.08057,0.08107,2013433.0
2026-09-06 08:00:00+00:00,0.08107,0.08132,0.08088,0.08114,3353700.0
2026-09-06 09:00:00+00:00,0.08113,0.08201,0.08103,0.0814,4531889.0
2026-09-06 10:00:00+00:00,0.08139,0.08153,0.08117,0.08147,1221642.0
2026-09-06 11:00:00+00:00,0.08147,0.08166,0.08132,0.08154,1982907.0
2026-09-06 12:00:00+00:00,0.08155,0.08155,0.08106,0.08111,2194893.0
2026-09-06 13:00:00+00:00,0.08108,0.08117,0.08071,0.08106,2623997.0
2026-09-06 14:00:00+00:00,0.08105,0.08129,0.08025,0.08041,4122050.0
2026-09-06 15:00:00+00:00,0.08042,0.08065,0.08013,0.08051,2305911.0
2026-09-06 16:00:00+00:00,0.08052,0.0809,0.08038,0.08071,2751327.0
2026-09-06 17:00:00+00:00,0.08071,0.08086,0.08019,0.08042,5189494.0
2026-09-06 18:00:00+00:00,0.08044,0.08068,0.08035,0.08044,1168050.0
2026-09-06 19:00:00+00:00,0.08044,0.08055,0.0803,0.08052,818775.0
2026-09-06 20:00:00+00:00,0.08053,0.0815,0.08043,0.08144,3306330.0
2026-09-06 21:00:00+00:00,0.08144,0.08187,0.08134,0.08174,3006557.0
2026-09-06 22:00:00+00:00,0.08173,0.08173,0.08067,0.0812,3230493.0
2026-09-06 23:00:00+00:00,0.08121,0.08165,0.08113,0.08162,1765349.0
2026-09-07 00:00:00+00:00,0.0816,0.08235,0.0814,0.08184,5474269.0
2026-09-07 01:00:00+00:00,0.08186,0.08205,0.08091,0.08111,3219725.0
2026-09-07 02:00:00+00:00,0.08109,0.08221,0.08072,0.08125,3670738.0
2026-09-07 03:00:00+00:00,0.08124,0.08144,0.08057,0.08064,2200125.0
2026-09-07 04:00:00+00:00,0.08064,0.081,0.08059,0.0809,1456713.0
2026-09-07 05:00:00+00:00,0.08088,0.08149,0.0808,0.08081,2222700.0
2026-09-07 06:00:00+00:00,0.0808,0.08128,0.08076,0.08083,1430794.0
2026-09-07 07:00:00+00:00,0.08084,0.08104,0.07997,0.08043,4902570.0
2026-09-07 08:00:00+00:00,0.0804,0.08078,0.08037,0.0805,3945623.0
2026-09-07 09:00:00+00:00,0.0805,0.08083,0.08035,0.08041,2409180.0
2026-09-07 10:00:00+00:00,0.08041,0.08112,0.08041,0.08084,2444210.0
2026-09-07 11:00:00+00:00,0.08085,0.08145,0.08067,0.08068,4122764.0
2026-09-07 12:00:00+00:00,0.0807,0.08309,0.0807,0.08302,7939684.0
2026-09-07 13:00:00+00:00,0.08302,0.0832,0.08186,0.08294,18256209.0
2026-09-07 14:00:00+00:00,0.08293,0.08308,0.08196,0.08252,11447881.0
2026-09-07 15:00:00+00:00,0.08251,0.08266,0.08054,0.0807,12401652.0
2026-09-07 16:00:00+00:00,0.08074,0.08307,0.08074,0.08301,18595821.0
2026-09-07 17:00:00+00:00,0.08301,0.08306,0.08208,0.08258,6126620.0
2026-09-07 18:00:00+00:00,0.08258,0.08271,0.08201,0.08217,6543890.0
2026-09-07 19:00:00+00:00,0.08217,0.08297,0.08191,0.08249,2722871.0
2026-09-07 20:00:00+00:00,0.0825,0.0828,0.08206,0.08245,2544296.0
2026-09-07 21:00:00+00:00,0.08245,0.08301,0.08235,0.08244,2227447.0
2026-09-07 22:00:00+00:00,0.08243,0.08243,0.08147,0.08174,4418023.0
2026-09-07 23:00:00+00:00,0.08173,0.08229,0.08169,0.08187,3667209.0
2026-09-08 00:00:00+00:00,0.08186,0.08264,0.08174,0.08261,3359946.0
2026-09-08 01:00:00+00:00,0.08259,0.08281,0.08239,0.08268,4028134.0
2026-09-08 02:00:00+00:00,0.08266,0.083,0.08169,0.0817,2869720.0
2026-09-08 03:00:00+00:00,0.08169,0.08185,0.08143,0.08167,3147453.0
2026-09-08 04:00:00+00:00,0.08166,0.08166,0.08113,0.08113,2239679.0
2026-09-08 05:00:00+00:00,0.08112,0.08164,0.08104,0.08111,2932325.0
2026-09-08 06:00:00+00:00,0.08111,0.08121,0.08006,0.08044,8323777.0
2026-09-08 07:00:00+00:00,0.08046,0.08073,0.08022,0.08039,5669319.0
2026-09-08 08:00:00+00:00,0.08034,0.08034,0.07955,0.08008,4758974.0
2026-09-08 09:00:00+00:00,0.08006,0.08068,0.07978,0.08066,3448980.0
2026-09-08 10:00:00+00:00,0.08065,0.08092,0.0803,0.08031,3111695.0
2026-09-08 11:00:00+00:00,0.08031,0.08041,0.0798,0.08003,4266911.0
2026-09-08 12:00:00+00:00,0.08,0.08072,0.07971,0.08024,4385609.0
2026-09-08 13:00:00+00:00,0.08024,0.08039,0.07907,0.07977,7220163.0
2026-09-08 14:00:00+00:00,0.07977,0.08028,0.07966,0.08021,3175831.0
2026-09-08 15:00:00+00:00,0.08021,0.0809,0.08007,0.0809,6550848.0
2026-09-08 16:00:00+00:00,0.08089,0.08089,0.08015,0.08025,3696926.0
2026-09-08 17:00:00+00:00,0.08022,0.08038,0.0795,0.07965,6742767.0
2026-09-08 18:00:00+00:00,0.07965,0.08003,0.07933,0.07941,4836797.0
2026-09-08 19:00:00+00:00,0.07941,0.07961,0.07914,0.07933,3284856.0
2026-09-08 20:00:00+00:00,0.07933,0.07988,0.07929,0.07934,2606879.0
2026-09-08 21:00:00+00:00,0.07936,0.07937,0.07872,0.07906,6218846.0
2026-09-08 22:00:00+00:00,0.07905,0.07939,0.07903,0.07933,2490576.0
2026-09-08 23:00:00+00:00,0.07932,0.07935,0.07904,0.07906,1440383.0
2026-09-09 00:00:00+00:00,0.07907,0.07936,0.0788,0.07895,2215007.0
2026-09-09 01:00:00+00:00,0.07896,0.079,0.0786,0.07883,5542058.0
2026-09-09 02:00:00+00:00,0.07883,0.07906,0.07857,0.07858,3429499.0
2026-09-09 03:00:00+00:00,0.07858,0.07872,0.07844,0.07856,2991042.0
2026-09-09 04:00:00+00:00,0.07854,0.07958,0.07854,0.07958,5842220.0
2026-09-09 05:00:00+00:00,0.07958,0.0796,0.07893,0.07903,4256896.0
2026-09-09 06:00:00+00:00,0.07903,0.0795,0.07895,0.07941,2952209.0
2026-09-09 07:00:00+00:00,0.0794,0.0798,0.07939,0.0796,4002147.0
2026-09-09 08:00:00+00:00,0.07961,0.07998,0.07953,0.07995,3483805.0
2026-09-09 09:00:00+00:00,0.07995,0.07998,0.07886,0.07888,4959983.0
2026-09-09 10:00:00+00:00,0.07888,0.0792,0.07815,0.07856,6942613.0
2026-09-09 11:00:00+00:00,0.07856,0.07877,0.078,0.0787,4693360.0
2026-09-09 12:00:00+00:00,0.0787,0.07903,0.07852,0.07892,3135233.0
2026-09-09 13:00:00+00:00,0.07893,0.07906,0.07835,0.07845,1942929.0
2026-09-09 14:00:00+00:00,0.07844,0.07891,0.0782,0.07831,2747530.0
2026-09-09 15:00:00+00:00,0.07832,0.07877,0.07728,0.07773,13596314.0
2026-09-09 16:00:00+00:00,0.07772,0.07862,0.0777,0.07854,5620801.0
2026-09-09 17:00:00+00:00,0.07855,0.07855,0.07794,0.07807,2919097.0
2026-09-09 18:00:00+00:00,0.07808,0.07835,0.07788,0.07788,2964712.0
2026-09-09 19:00:00+00:00,0.07788,0.07828,0.07701,0.07704,11131734.0
2026-09-09 20:00:00+00:00,0.07705,0.07779,0.07688,0.07717,6646737.0
2026-09-09 21:00:00+00:00,0.07717,0.07726,0.07663,0.07679,4553122.0
2026-09-09 22:00:00+00:00,0.07679,0.07687,0.07567,0.07587,7042482.0
2026-09-09 23:00:00+00:00,0.07587,0.07663,0.07583,0.07656,2942366.0
2026-09-10 00:00:00+00:00,0.07655,0.07676,0.07628,0.07648,3245847.0
2026-09-10 01:00:00+00:00,0.07648,0.077,0.07613,0.07645,3571716.0
2026-09-10 02:00:00+00:00,0.07645,0.0771,0.07625,0.07709,2078386.0
2026-09-10 03:00:00+00:00,0.0771,0.07717,0.07678,0.07693,1674744.0
2026-09-10 04:00:00+00:00,0.07692,0.07707,0.07671,0.07699,1793558.0
2026-09-10 05:00:00+00:00,0.07699,0.07725,0.07678,0.07712,1835354.0
2026-09-10 06:00:00+00:00,0.07713,0.07717,0.07674,0.07695,1697924.0
2026-09-10 07:00:00+00:00,0.07695,0.07698,0.07616,0.07632,2351664.0
2026-09-10 08:00:00+00:00,0.07631,0.07656,0.07611,0.0763,2671097.0
2026-09-10 09:00:00+00:00,0.07631,0.07642,0.07597,0.07605,1848685.0
2026-09-10 10:00:00+00:00,0.07605,0.07633,0.07589,0.07603,1959633.0
2026-09-10 11:00:00+00:00,0.07602,0.07644,0.07584,0.07618,2605502.0
2026-09-10 12:00:00+00:00,0.07616,0.07631,0.07474,0.07506,9887238.0
2026-09-10 13:00:00+00:00,0.07506,0.07571,0.07494,0.07567,3720797.0
2026-09-10 14:00:00+00:00,0.07567,0.07593,0.07536,0.07564,2820375.0
2026-09-10 15:00:00+00:00,0.07565,0.07585,0.07538,0.07553,4014775.0
2026-09-10 16:00:00+00:00,0.07552,0.07564,0.07461,0.07505,3731808.0
2026-09-10 17:00:00+00:00,0.07506,0.07562,0.07502,0.07534,4326485.0
2026-09-10 18:00:00+00:00,0.07533,0.07535,0.07501,0.07527,2284277.0
2026-09-10 19:00:00+00:00,0.07527,0.07554,0.07513,0.07526,2461904.0
2026-09-10 20:00:00+00:00,0.07526,0.07575,0.07526,0.07572,1795090.0
2026-09-10 21:00:00+00:00,0.07573,0.07592,0.07556,0.07562,1476734.0
2026-09-10 22:00:00+00:00,0.07563,0.07575,0.07525,0.07529,1681003.0
2026-09-10 23:00:00+00:00,0.07528,0.07532,0.07465,0.07477,2198511.0
2026-09-11 00:00:00+00:00,0.07478,0.07527,0.07476,0.07517,1519944.0
2026-09-11 01:00:00+00:00,0.07516,0.07539,0.07494,0.07537,1762803.0
2026-09-11 02:00:00+00:00,0.07537,0.0754,0.07496,0.07507,1148695.0
2026-09-11 03:00:00+00:00,0.07504,0.07524,0.07477,0.07521,2554659.0
2026-09-11 04:00:00+00:00,0.07518,0.07568,0.07515,0.07554,1943860.0
2026-09-11 05:00:00+00:00,0.07552,0.07568,0.07547,0.07552,1761882.0
2026-09-11 06:00:00+00:00,0.07552,0.07555,0.07486,0.07506,3792165.0
2026-09-11 07:00:00+00:00,0.07506,0.07525,0.07429,0.07452,5344037.0
2026-09-11 08:00:00+00:00,0.07451,0.0748,0.07445,0.07452,1623425.0
2026-09-11 09:00:00+00:00,0.07452,0.07454,0.07392,0.07417,2787827.0
2026-09-11 10:00:00+00:00,0.07416,0.07429,0.07363,0.0737,3448346.0
2026-09-11 11:00:00+00:00,0.07369,0.07389,0.07332,0.07386,5620973.0
2026-09-11 12:00:00+00:00,0.07386,0.07578,0.07352,0.07553,16654719.0
2026-09-11 13:00:00+00:00,0.07557,0.07697,0.07495,0.07686,7309434.0
2026-09-11 14:00:00+00:00,0.07687,0.07712,0.07591,0.07629,8299173.0
2026-09-11 15:00:00+00:00,0.0763,0.07658,0.07495,0.07533,5285412.0
2026-09-11 16:00:00+00:00,0.07533,0.07589,0.0752,0.07555,3731500.0
2026-09-11 17:00:00+00:00,0.07557,0.07563,0.07469,0.07477,3543097.0
2026-09-11 18:00:00+00:00,0.07477,0.07481,0.07389,0.07397,6265800.0
2026-09-11 19:00:00+00:00,0.07396,0.07454,0.07389,0.07447,3182378.0
2026-09-11 20:00:00+00:00,0.07447,0.07483,0.07429,0.07441,2382464.0
2026-09-11 21:00:00+00:00,0.07442,0.07471,0.07409,0.07409,1951049.0
2026-09-11 22:00:00+00:00,0.07409,0.07432,0.07393,0.07413,2713351.0
2026-09-11 23:00:00+00:00,0.0741,0.07443,0.074,0.07443,1657361.0
2026-09-12 00:00:00+00:00,0.07442,0.07451,0.0743,0.07445,1350088.0
2026-09-12 01:00:00+00:00,0.07444,0.07464,0.07437,0.07456,848491.0
2026-09-12 02:00:00+00:00,0.07456,0.07471,0.07447,0.07462,1294278.0
2026-09-12 03:00:00+00:00,0.07462,0.07475,0.07436,0.07456,1367723.0
2026-09-12 04:00:00+00:00,0.07457,0.07467,0.07442,0.07442,968350.0
2026-09-12 05:00:00+00:00,0.07441,0.07451,0.07423,0.07427,2280965.0
2026-09-12 06:00:00+00:00,0.07428,0.07437,0.07414,0.0743,1729378.0
2026-09-12 07:00:00+00:00,0.0743,0.0747,0.0743,0.07462,1270468.0
2026-09-12 08:00:00+00:00,0.0746,0.07472,0.07441,0.07445,998194.0
2026-09-12 09:00:00+00:00,0.07445,0.07453,0.07437,0.07441,949217.0
2026-09-12 10:00:00+00:00,0.07442,0.07462,0.07439,0.0746,995072.0
2026-09-12 11:00:00+00:00,0.0746,0.07485,0.07449,0.07482,1125531.0
2026-09-12 12:00:00+00:00,0.07482,0.07487,0.07459,0.07464,1136865.0
2026-09-12 13:00:00+00:00,0.07465,0.07465,0.07445,0.07451,934395.0
2026-09-12 14:00:00+00:00,0.07451,0.07467,0.0745,0.07467,703581.0
2026-09-12 15:00:00+00:00,0.07468,0.07501,0.07468,0.07495,1832268.0
2026-09-12 16:00:00+00:00,0.07496,0.07508,0.07469,0.07474,837075.0
2026-09-12 17:00:00+00:00,0.07471,0.07486,0.07465,0.07473,1308314.0
2026-09-12 18:00:00+00:00,0.07473,0.07473,0.07451,0.07455,1147753.0
2026-09-12 19:00:00+00:00,0.07457,0.07472,0.074,0.07439,3157759.0
2026-09-12 20:00:00+00:00,0.0744,0.07473,0.0744,0.0746,929543.0
2026-09-12 21:00:00+00:00,0.07461,0.07471,0.07445,0.07448,643705.0
2026-09-12 22:00:00+00:00,0.07448,0.07472,0.07442,0.07458,747366.0
2026-09-12 23:00:00+00:00,0.07459,0.07473,0.07451,0.07469,734501.0
2026-09-13 00:00:00+00:00,0.07469,0.07484,0.07462,0.07481,708118.0
2026-09-13 01:00:00+00:00,0.0748,0.07518,0.07473,0.07516,1590537.0
2026-09-13 02:00:00+00:00,0.07515,0.07521,0.07491,0.07499,1347757.0
2026-09-13 03:00:00+00:00,0.07498,0.07511,0.07485,0.07495,897458.0
2026-09-13 04:00:00+00:00,0.07494,0.07523,0.07489,0.07521,913245.0
2026-09-13 05:00:00+00:00,0.07522,0.07565,0.07521,0.07563,1391200.0
2026-09-13 06:00:00+00:00,0.07563,0.07565,0.07532,0.07543,1457962.0
2026-09-13 07:00:00+00:00,0.07542,0.07581,0.07537,0.0754,2981002.0
2026-09-13 08:00:00+00:00,0.07542,0.07557,0.07459,0.0749,3410206.0
2026-09-13 09:00:00+00:00,0.0749,0.07539,0.07464,0.07536,2630146.0
2026-09-13 10:00:00+00:00,0.07534,0.07551,0.07491,0.07496,2102818.0
2026-09-13 11:00:00+00:00,0.075,0.07542,0.07497,0.07537,1735012.0
2026-09-13 12:00:00+00:00,0.07536,0.07569,0.07508,0.07521,3183423.0
2026-09-13 13:00:00+00:00,0.07522,0.07594,0.07509,0.07591,4276722.0
2026-09-13 14:00:00+00:00,0.07592,0.07657,0.07588,0.07625,5153994.0
2026-09-13 15:00:00+00:00,0.07625,0.0763,0.07553,0.07555,2369409.0
2026-09-13 16:00:00+00:00,0.07554,0.07596,0.07554,0.07588,1346066.0
2026-09-13 17:00:00+00:00,0.07588,0.07658,0.07586,0.07634,1540210.0
2026-09-13 18:00:00+00:00,0.07632,0.07671,0.07632,0.07664,1478990.0
2026-09-13 19:00:00+00:00,0.07666,0.07669,0.07598,0.07607,1528704.0
2026-09-13 20:00:00+00:00,0.07607,0.07689,0.07606,0.07689,2282834.0
2026-09-13 21:00:00+00:00,0.07689,0.07752,0.07645,0.07652,4746598.0
2026-09-13 22:00:00+00:00,0.0765,0.0765,0.07476,0.0749,6284731.0
2026-09-13 23:00:00+00:00,0.07489,0.07526,0.07476,0.07511,1642697.0
2026-09-14 00:00:00+00:00,0.07512,0.07564,0.07498,0.07549,3518682.0
2026-09-14 01:00:00+00:00,0.07548,0.07598,0.07513,0.07592,2409424.0
2026-09-14 02:00:00+00:00,0.0759,0.07637,0.07573,0.07601,3441770.0
2026-09-14 03:00:00+00:00,0.076,0.0763,0.07597,0.07619,995195.0
2026-09-14 04:00:00+00:00,0.07621,0.07642,0.07609,0.07642,2078540.0
2026-09-14 05:00:00+00:00,0.07643,0.07661,0.07628,0.0764,1059780.0
2026-09-14 06:00:00+00:00,0.07641,0.07683,0.07619,0.0767,2680446.0
2026-09-14 07:00:00+00:00,0.0767,0.07684,0.07644,0.07663,2594335.0
2026-09-14 08:00:00+00:00,0.07664,0.07679,0.07629,0.07673,1883331.0
2026-09-14 09:00:00+00:00,0.07674,0.0769,0.07603,0.07668,3196564.0
2026-09-14 10:00:00+00:00,0.0767,0.07691,0.07637,0.07652,1423258.0
2026-09-14 11:00:00+00:00,0.07651,0.07706,0.07622,0.07669,3325777.0
2026-09-14 12:00:00+00:00,0.07671,0.07749,0.07666,0.0768,5092825.0
2026-09-14 13:00:00+00:00,0.07679,0.07714,0.07624,0.07675,4178867.0
2026-09-14 14:00:00+00:00,0.07674,0.07703,0.07634,0.07649,3530253.0
2026-09-14 15:00:00+00:00,0.07648,0.07684,0.07629,0.07667,2597985.0
2026-09-14 16:00:00+00:00,0.07667,0.078,0.07664,0.07776,5007102.0
2026-09-14 17:00:00+00:00,0.07776,0.07802,0.07725,0.07796,5956813.0
2026-09-14 18:00:00+00:00,0.07797,0.0786,0.07779,0.0784,9834051.0
2026-09-14 19:00:00+00:00,0.07841,0.07841,0.07775,0.07788,4357090.0
2026-09-14 20:00:00+00:00,0.0779,0.07934,0.0779,0.07896,5335289.0
2026-09-14 21:00:00+00:00,0.07897,0.079,0.07796,0.07797,3683856.0
2026-09-14 22:00:00+00:00,0.07797,0.07824,0.07738,0.07777,4211803.0
2026-09-14 23:00:00+00:00,0.07774,0.07784,0.07749,0.07771,1680681.0
2026-09-15 00:00:00+00:00,0.07774,0.07848,0.07769,0.07838,3433195.0
2026-09-15 01:00:00+00:00,0.07839,0.07839,0.0776,0.07796,5636582.0
2026-09-15 02:00:00+00:00,0.07795,0.07868,0.07773,0.07844,2761405.0
2026-09-15 03:00:00+00:00,0.07845,0.07846,0.07731,0.07735,4270867.0
2026-09-15 04:00:00+00:00,0.07734,0.07754,0.07677,0.07702,8352163.0
2026-09-15 05:00:00+00:00,0.077,0.0771,0.07652,0.07703,5782626.0
2026-09-15 06:00:00+00:00,0.07705,0.07708,0.07663,0.07672,3079702.0
2026-09-15 07:00:00+00:00,0.07673,0.07753,0.07659,0.07661,2952243.0
2026-09-15 08:00:00+00:00,0.07661,0.07727,0.07629,0.07726,3125068.0
2026-09-15 09:00:00+00:00,0.07727,0.07796,0.0771,0.07756,3411995.0
2026-09-15 10:00:00+00:00,0.07757,0.07785,0.07719,0.07769,1852697.0
2026-09-15 11:00:00+00:00,0.07768,0.07771,0.07691,0.07711,2328701.0
2026-09-15 12:00:00+00:00,0.07712,0.07955,0.07693,0.07905,9961596.0
2026-09-15 13:00:00+00:00,0.07904,0.07991,0.07784,0.07863,16173133.0
2026-09-15 14:00:00+00:00,0.07864,0.07898,0.07675,0.07719,11115243.0
2026-09-15 15:00:00+00:00,0.07716,0.07816,0.07689,0.07802,6119123.0
2026-09-15 16:00:00+00:00,0.07803,0.07844,0.07753,0.07766,5441997.0
2026-09-15 17:00:00+00:00,0.07765,0.07869,0.07745,0.07804,5200513.0
2026-09-15 18:00:00+00:00,0.07802,0.07824,0.07414,0.07603,34375554.0
2026-09-15 19:00:00+00:00,0.07602,0.07638,0.07513,0.07565,13706358.0
2026-09-15 20:00:00+00:00,0.07565,0.07584,0.07474,0.07557,11925140.0
2026-09-15 21:00:00+00:00,0.07557,0.07557,0.07457,0.07459,5536434.0
2026-09-15 22:00:00+00:00,0.0746,0.07482,0.07408,0.07444,5620866.0
2026-09-15 23:00:00+00:00,0.07442,0.07486,0.07416,0.07431,4687235.0
2026-09-16 00:00:00+00:00,0.0743,0.07462,0.0741,0.07425,3074328.0
2026-09-16 01:00:00+00:00,0.07424,0.07443,0.0738,0.07384,4082105.0
2026-09-16 02:00:00+00:00,0.07383,0.07486,0.07373,0.07439,4123327.0
2026-09-16 03:00:00+00:00,0.07439,0.07472,0.07424,0.07431,2281040.0
2026-09-16 04:00:00+00:00,0.0743,0.07485,0.07428,0.07458,3596549.0
2026-09-16 05:00:00+00:00,0.07457,0.07475,0.07431,0.07449,3218798.0
2026-09-16 06:00:00+00:00,0.07451,0.0747,0.07435,0.07467,2400282.0
2026-09-16 07:00:00+00:00,0.07467,0.07482,0.07443,0.07447,2698229.0
2026-09-16 08:00:00+00:00,0.07444,0.07445,0.07389,0.07412,4224353.0
2026-09-16 09:00:00+00:00,0.07412,0.07456,0.07412,0.07441,2211646.0
2026-09-16 10:00:00+00:00,0.07442,0.0745,0.07421,0.07439,2311935.0
2026-09-16 11:00:00+00:00,0.0744,0.07463,0.07428,0.07446,1558780.0
2026-09-16 12:00:00+00:00,0.07445,0.07448,0.0739,0.07415,2503999.0
2026-09-16 13:00:00+00:00,0.07413,0.07414,0.07305,0.07309,8370072.0
2026-09-16 14:00:00+00:00,0.07309,0.07311,0.07217,0.07263,8910881.0
2026-09-16 15:00:00+00:00,0.07263,0.07289,0.07196,0.07205,6377318.0
2026-09-16 16:00:00+00:00,0.07207,0.07297,0.07201,0.07278,5608218.0
2026-09-16 17:00:00+00:00,0.07276,0.07305,0.072,0.07244,4325295.0
2026-09-16 18:00:00+00:00,0.07244,0.07369,0.07207,0.07276,16930096.0
2026-09-16 19:00:00+00:00,0.0728,0.0736,0.07252,0.07359,4868684.0
2026-09-16 20:00:00+00:00,0.0736,0.07409,0.07331,0.07373,7571847.0
2026-09-16 21:00:00+00:00,0.07372,0.07372,0.07298,0.07314,2313732.0
2026-09-16 22:00:00+00:00,0.07313,0.07316,0.07267,0.07271,2543273.0
2026-09-16 23:00:00+00:00,0.07271,0.074,0.07261,0.0739,5778059.0
2026-09-17 00:00:00+00:00,0.07391,0.074,0.07345,0.07361,4020297.0
2026-09-17 01:00:00+00:00,0.07359,0.07435,0.07337,0.07393,11378532.0
2026-09-17 02:00:00+00:00,0.07394,0.07432,0.07353,0.07396,4592963.0
2026-09-17 03:00:00+00:00,0.07396,0.07443,0.07395,0.07441,3809949.0
2026-09-17 04:00:00+00:00,0.07441,0.07443,0.07368,0.07416,4369837.0
2026-09-17 05:00:00+00:00,0.07416,0.07435,0.0735,0.07358,5158090.0
2026-09-17 06:00:00+00:00,0.07358,0.074,0.07355,0.07395,2109592.0
2026-09-17 07:00:00+00:00,0.07396,0.07426,0.07377,0.07384,4111944.0
2026-09-17 08:00:00+00:00,0.07385,0.07433,0.07376,0.07419,3833662.0
2026-09-17 09:00:00+00:00,0.07419,0.0748,0.074,0.07436,8592699.0
2026-09-17 10:00:00+00:00,0.07435,0.07465,0.07421,0.07444,2975987.0
2026-09-17 11:00:00+00:00,0.07443,0.07459,0.07406,0.07444,2809740.0
2026-09-17 12:00:00+00:00,0.07442,0.07535,0.07438,0.07491,5382817.0
2026-09-17 13:00:00+00:00,0.07492,0.0751,0.07401,0.07467,4208822.0
2026-09-17 14:00:00+00:00,0.07467,0.07644,0.07446,0.07595,10649666.0
2026-09-17 15:00:00+00:00,0.07595,0.07649,0.07518,0.07639,2133584.0
2026-09-17 16:00:00+00:00,0.07639,0.07664,0.0757,0.07606,3722584.0
2026-09-17 17:00:00+00:00,0.07607,0.07656,0.07559,0.07561,2654145.0
2026-09-17 18:00:00+00:00,0.07561,0.07574,0.07519,0.0752,3384855.0
2026-09-17 19:00:00+00:00,0.0752,0.07539,0.07493,0.07514,4439615.0
2026-09-17 20:00:00+00:00,0.07514,0.07582,0.07513,0.07547,1672849.0
2026-09-17 21:00:00+00:00,0.07547,0.0756,0.0748,0.07481,2275063.0
2026-09-17 22:00:00+00:00,0.07481,0.07484,0.07398,0.07452,6514965.0
2026-09-17 23:00:00+00:00,0.07453,0.07475,0.07438,0.0746,2036836.0
2026-09-18 00:00:00+00:00,0.07461,0.07519,0.07434,0.07513,2282402.0
2026-09-18 01:00:00+00:00,0.07514,0.07528,0.0747,0.07523,3298976.0
2026-09-18 02:00:00+00:00,0.07525,0.07644,0.07515,0.07632,6093965.0
2026-09-18 03:00:00+00:00,0.07632,0.07765,0.07629,0.07741,8464104.0
2026-09-18 04:00:00+00:00,0.07741,0.07766,0.07678,0.07711,4008234.0
2026-09-18 05:00:00+00:00,0.07711,0.07731,0.07615,0.07631,4898577.0
2026-09-18 06:00:00+00:00,0.07632,0.07647,0.07594,0.07606,3544120.0
2026-09-18 07:00:00+00:00,0.07604,0.0768,0.07599,0.07657,4666376.0
2026-09-18 08:00:00+00:00,0.0766,0.07723,0.07631,0.07721,4378094.0
2026-09-18 09:00:00+00:00,0.07719,0.078,0.07708,0.07751,14321906.0
2026-09-18 10:00:00+00:00,0.07751,0.07818,0.07744,0.07757,6815944.0
2026-09-18 11:00:00+00:00,0.07756,0.07765,0.07656,0.07714,7704634.0
2026-09-18 12:00:00+00:00,0.07716,0.07721,0.07669,0.07703,6083871.0
2026-09-18 13:00:00+00:00,0.07703,0.07848,0.07695,0.07769,12671234.0
2026-09-18 14:00:00+00:00,0.0777,0.07899,0.0777,0.07892,13830207.0
2026-09-18 15:00:00+00:00,0.07894,0.0794,0.07835,0.07876,11722969.0
2026-09-18 16:00:00+00:00,0.0788,0.07914,0.07823,0.07837,4598248.0
2026-09-18 17:00:00+00:00,0.07837,0.07877,0.078,0.07875,6874787.0
2026-09-18 18:00:00+00:00,0.07875,0.07887,0.07849,0.07856,4921101.0
2026-09-18 19:00:00+00:00,0.07856,0.07945,0.07856,0.07944,6055508.0
2026-09-18 20:00:00+00:00,0.07943,0.07975,0.07907,0.07947,4705184.0
2026-09-18 21:00:00+00:00,0.07947,0.07998,0.07913,0.0793,5130414.0
2026-09-18 22:00:00+00:00,0.0793,0.07956,0.07901,0.07931,5196189.0
2026-09-18 23:00:00+00:00,0.07932,0.07951,0.07906,0.07923,3474627.0
2026-09-19 00:00:00+00:00,0.07923,0.07976,0.07913,0.07922,5160130.0
2026-09-19 01:00:00+00:00,0.07922,0.07946,0.07831,0.07934,9303985.0
2026-09-19 02:00:00+00:00,0.07936,0.07978,0.0793,0.07951,3815476.0
2026-09-19 03:00:00+00:00,0.07952,0.0798,0.07926,0.07953,3498686.0
2026-09-19 04:00:00+00:00,0.07952,0.07987,0.0787,0.07901,5278803.0
2026-09-19 05:00:00+00:00,0.079,0.07959,0.079,0.07927,4122336.0
2026-09-19 06:00:00+00:00,0.07928,0.07976,0.07845,0.07891,6429275.0
2026-09-19 07:00:00+00:00,0.07894,0.07916,0.07834,0.07834,4215444.0
2026-09-19 08:00:00+00:00,0.07835,0.07935,0.07816,0.07913,5321189.0
2026-09-19 09:00:00+00:00,0.07913,0.0797,0.07913,0.07943,5273992.0
2026-09-19 10:00:00+00:00,0.07945,0.08074,0.07934,0.08025,13761038.0
2026-09-19 11:00:00+00:00,0.08025,0.08094,0.08023,0.08077,9624385.0
2026-09-19 12:00:00+00:00,0.08076,0.08089,0.08042,0.08072,3922472.0
2026-09-19 13:00:00+00:00,0.08073,0.08164,0.08051,0.08095,18103873.0
2026-09-19 14:00:00+00:00,0.08097,0.08151,0.08071,0.08084,8824378.0
2026-09-19 15:00:00+00:00,0.08082,0.08141,0.08057,0.08107,7029375.0
2026-09-19 16:00:00+00:00,0.08108,0.08211,0.08075,0.08188,13267542.0
2026-09-19 17:00:00+00:00,0.08189,0.08226,0.08157,0.08157,7928024.0
2026-09-19 18:00:00+00:00,0.08157,0.0824,0.08142,0.08175,10137857.0
2026-09-19 19:00:00+00:00,0.08178,0.0824,0.08178,0.08207,5668590.0
2026-09-19 20:00:00+00:00,0.08208,0.08238,0.08109,0.08131,11153908.0
2026-09-19 21:00:00+00:00,0.08134,0.08165,0.08009,0.08076,12939092.0
2026-09-19 22:00:00+00:00,0.08076,0.08145,0.08031,0.08137,6578575.0
2026-09-19 23:00:00+00:00,0.08135,0.08169,0.08123,0.08145,4284803.0
2026-09-20 00:00:00+00:00,0.08145,0.08247,0.08117,0.08223,8591733.0
2026-09-20 01:00:00+00:00,0.08224,0.08389,0.08172,0.08188,28236612.0
2026-09-20 02:00:00+00:00,0.08189,0.08224,0.07951,0.07972,16274013.0
2026-09-20 03:00:00+00:00,0.0797,0.08067,0.07953,0.08058,8907946.0
2026-09-20 04:00:00+00:00,0.08057,0.0807,0.08003,0.08067,5962684.0
2026-09-20 05:00:00+00:00,0.08066,0.08113,0.08045,0.08108,7572023.0
2026-09-20 06:00:00+00:00,0.08106,0.08116,0.08044,0.08086,2497233.0
2026-09-20 07:00:00+00:00,0.08088,0.08232,0.08088,0.08149,16618083.0
2026-09-20 08:00:00+00:00,0.08149,0.0821,0.08088,0.081,5777132.0
2026-09-20 09:00:00+00:00,0.08099,0.08184,0.08097,0.08115,3498555.0
2026-09-20 10:00:00+00:00,0.08116,0.0812,0.08001,0.08025,6558521.0
2026-09-20 11:00:00+00:00,0.08025,0.08185,0.08008,0.08169,3946537.0
2026-09-20 12:00:00+00:00,0.0817,0.08289,0.0812,0.08182,11394554.0
2026-09-20 13:00:00+00:00,0.08182,0.08703,0.08182,0.0862,35449707.0
2026-09-20 14:00:00+00:00,0.0862,0.08855,0.08568,0.08754,63829361.0
2026-09-20 15:00:00+00:00,0.08754,0.08999,0.08555,0.08656,50162921.0
2026-09-20 16:00:00+00:00,0.08656,0.08852,0.08512,0.0878,30676720.0
2026-09-20 17:00:00+00:00,0.08779,0.08796,0.08558,0.08667,14910422.0
2026-09-20 18:00:00+00:00,0.08666,0.08695,0.08564,0.08593,9017126.0
2026-09-20 19:00:00+00:00,0.08593,0.08624,0.08484,0.08511,11545751.0
2026-09-20 20:00:00+00:00,0.08511,0.08602,0.08495,0.08586,8201729.0
2026-09-20 21:00:00+00:00,0.08586,0.0866,0.08451,0.0865,12329658.0
2026-09-20 22:00:00+00:00,0.08651,0.08714,0.08598,0.08625,7133463.0
2026-09-20 23:00:00+00:00,0.08626,0.08717,0.08594,0.08653,8615130.0
2026-09-21 00:00:00+00:00,0.08653,0.08846,0.08533,0.08572,30140721.0
2026-09-21 01:00:00+00:00,0.08572,0.08688,0.0849,0.08517,11506063.0
2026-09-21 02:00:00+00:00,0.08518,0.08628,0.0849,0.08594,4575089.0
2026-09-21 03:00:00+00:00,0.08595,0.08728,0.08595,0.08709,5153633.0
2026-09-21 04:00:00+00:00,0.0871,0.08796,0.08676,0.08692,7434771.0
2026-09-21 05:00:00+00:00,0.08691,0.08734,0.08627,0.08675,6922026.0
2026-09-21 06:00:00+00:00,0.08675,0.08792,0.08641,0.08685,7222220.0
2026-09-21 07:00:00+00:00,0.08685,0.08706,0.08637,0.08705,7758011.0
2026-09-21 08:00:00+00:00,0.08705,0.0889,0.08659,0.08863,16859288.0
2026-09-21 09:00:00+00:00,0.08863,0.0895,0.08793,0.08854,21557441.0
2026-09-21 10:00:00+00:00,0.08853,0.08965,0.08829,0.08958,9337811.0
2026-09-21 11:00:00+00:00,0.08958,0.09105,0.0894,0.09011,16001597.0
2026-09-21 12:00:00+00:00,0.0901,0.093,0.0897,0.09137,26815464.0
2026-09-21 13:00:00+00:00,0.09136,0.09213,0.08998,0.09113,19437220.0
2026-09-21 14:00:00+00:00,0.09113,0.09167,0.08972,0.09143,14215933.0
2026-09-21 15:00:00+00:00,0.09143,0.09274,0.09039,0.09255,13256561.0
2026-09-21 16:00:00+00:00,0.09255,0.09341,0.09174,0.09174,15994006.0
2026-09-21 17:00:00+00:00,0.09175,0.09254,0.09044,0.09079,16259581.0
2026-09-21 18:00:00+00:00,0.0908,0.09152,0.09049,0.09097,6459842.0
2026-09-21 19:00:00+00:00,0.09098,0.09142,0.09029,0.0914,8651234.0
2026-09-21 20:00:00+00:00,0.09141,0.09235,0.09119,0.09206,9235092.0
2026-09-21 21:00:00+00:00,0.09205,0.09281,0.09156,0.09177,6782991.0
2026-09-21 22:00:00+00:00,0.09179,0.09338,0.09179,0.09294,7127246.0
2026-09-21 23:00:00+00:00,0.09293,0.09358,0.09235,0.09336,5030464.0
2026-09-22 00:00:00+00:00,0.09339,0.09388,0.09232,0.0925,10352810.0
2026-09-22 01:00:00+00:00,0.09251,0.0929,0.09152,0.09206,8597257.0
2026-09-22 02:00:00+00:00,0.09207,0.09288,0.09136,0.0921,12565452.0
2026-09-22 03:00:00+00:00,0.09209,0.09438,0.0911,0.09399,19306002.0
2026-09-22 04:00:00+00:00,0.09399,0.09531,0.09239,0.09247,16855913.0
2026-09-22 05:00:00+00:00,0.09248,0.0931,0.09137,0.09271,8592131.0
2026-09-22 06:00:00+00:00,0.09272,0.0935,0.09239,0.09312,5231723.0
2026-09-22 07:00:00+00:00,0.09312,0.09524,0.09303,0.09482,12364581.0
2026-09-22 08:00:00+00:00,0.09482,0.09775,0.09462,0.09718,32347979.0
2026-09-22 09:00:00+00:00,0.09717,0.09743,0.09435,0.09473,17812163.0
2026-09-22 10:00:00+00:00,0.09472,0.09494,0.09297,0.0936,11293056.0
2026-09-22 11:00:00+00:00,0.09359,0.09447,0.09286,0.09392,8202128.0
2026-09-22 12:00:00+00:00,0.09392,0.09525,0.09352,0.09525,7888774.0
2026-09-22 13:00:00+00:00,0.09524,0.09734,0.09509,0.09701,13621055.0
2026-09-22 14:00:00+00:00,0.097,0.098,0.09475,0.09653,18426643.0
2026-09-22 15:00:00+00:00,0.09654,0.09899,0.0964,0.09862,18033515.0
2026-09-22 16:00:00+00:00,0.09861,0.09861,0.09473,0.09618,23688129.0
2026-09-22 17:00:00+00:00,0.09619,0.09673,0.0955,0.0959,9148548.0
2026-09-22 18:00:00+00:00,0.09591,0.09764,0.09573,0.09724,8396003.0
2026-09-22 19:00:00+00:00,0.09725,0.09999,0.0972,0.0988,23980615.0
2026-09-22 20:00:00+00:00,0.09879,0.10072,0.0983,0.0995,27139188.0
2026-09-22 21:00:00+00:00,0.09951,0.10059,0.09861,0.09972,7212112.0
2026-09-22 22:00:00+00:00,0.09971,0.10003,0.09825,0.09904,10401065.0
2026-09-22 23:00:00+00:00,0.09905,0.10005,0.09872,0.0991,11649048.0
2026-09-23 00:00:00+00:00,0.0991,0.09967,0.09843,0.09903,11321540.0
2026-09-23 01:00:00+00:00,0.09904,0.10054,0.09885,0.1002,10531511.0
2026-09-23 02:00:00+00:00,0.10019,0.10133,0.09941,0.10092,11566159.0
2026-09-23 03:00:00+00:00,0.10093,0.10133,0.09978,0.10039,11890613.0
2026-09-23 04:00:00+00:00,0.10038,0.10093,0.09963,0.10001,11875636.0
2026-09-23 05:00:00+00:00,0.10002,0.10009,0.09849,0.09884,10483290.0
2026-09-23 06:00:00+00:00,0.09885,0.10034,0.09885,0.09986,6236847.0
2026-09-23 07:00:00+00:00,0.09986,0.09988,0.09783,0.09785,9538587.0
2026-09-23 08:00:00+00:00,0.09784,0.09867,0.09697,0.09751,11716923.0
2026-09-23 09:00:00+00:00,0.0975,0.09807,0.09689,0.09736,7002625.0
2026-09-23 10:00:00+00:00,0.09738,0.09767,0.09651,0.0972,5740105.0
2026-09-23 11:00:00+00:00,0.0972,0.0972,0.09476,0.09523,19162457.0
2026-09-23 12:00:00+00:00,0.09522,0.09541,0.09436,0.0948,11612200.0
2026-09-23 13:00:00+00:00,0.0948,0.09481,0.09371,0.09406,9971372.0
2026-09-23 14:00:00+00:00,0.09405,0.09452,0.08827,0.09185,45183142.0
2026-09-23 15:00:00+00:00,0.09186,0.09215,0.08973,0.08998,15099484.0
2026-09-23 16:00:00+00:00,0.08997,0.09101,0.08892,0.09039,10362598.0
2026-09-23 17:00:00+00:00,0.09038,0.09073,0.0897,0.09042,5911634.0
2026-09-23 18:00:00+00:00,0.09042,0.09055,0.08988,0.09024,7030956.0
2026-09-23 19:00:00+00:00,0.09024,0.09067,0.08999,0.09029,4631216.0
2026-09-23 20:00:00+00:00,0.0903,0.0905,0.0897,0.08995,5064908.0
2026-09-23 21:00:00+00:00,0.08997,0.09071,0.08982,0.09029,3402352.0
2026-09-23 22:00:00+00:00,0.09029,0.09114,0.09005,0.09046,6596054.0
2026-09-23 23:00:00+00:00,0.09046,0.09074,0.09019,0.0905,2893118.0
2026-09-24 00:00:00+00:00,0.0905,0.09078,0.08967,0.08987,4476500.0
2026-09-24 01:00:00+00:00,0.08987,0.09014,0.08935,0.08943,4909378.0
2026-09-24 02:00:00+00:00,0.08943,0.09098,0.08896,0.09081,7090918.0
2026-09-24 03:00:00+00:00,0.09082,0.09188,0.09039,0.09067,7111752.0
2026-09-24 04:00:00+00:00,0.09067,0.09125,0.09017,0.09122,3833631.0
2026-09-24 05:00:00+00:00,0.09119,0.09191,0.09116,0.09129,7374384.0
2026-09-24 06:00:00+00:00,0.09129,0.09198,0.09114,0.0914,3300003.0
2026-09-24 07:00:00+00:00,0.0914,0.09171,0.09098,0.09143,4984114.0
2026-09-24 08:00:00+00:00,0.09143,0.09162,0.08971,0.09013,5692178.0
2026-09-24 09:00:00+00:00,0.09014,0.09033,0.08822,0.08897,8031252.0
2026-09-24 10:00:00+00:00,0.08898,0.09017,0.08875,0.09,4301618.0
2026-09-24 11:00:00+00:00,0.08999,0.09011,0.08936,0.08955,3974198.0
2026-09-24 12:00:00+00:00,0.08954,0.09083,0.08928,0.0907,5437791.0
2026-09-24 13:00:00+00:00,0.09069,0.09268,0.09067,0.09261,7638781.0
2026-09-24 14:00:00+00:00,0.0926,0.09493,0.09187,0.09272,18912409.0
2026-09-24 15:00:00+00:00,0.09271,0.0934,0.09169,0.09201,15854527.0
2026-09-24 16:00:00+00:00,0.09203,0.09339,0.09111,0.09296,13364503.0
2026-09-24 17:00:00+00:00,0.09296,0.09315,0.09225,0.09243,7318415.0
2026-09-24 18:00:00+00:00,0.09243,0.09338,0.09167,0.09327,6927869.0
2026-09-24 19:00:00+00:00,0.09328,0.0933,0.09236,0.09268,5003014.0
2026-09-24 20:00:00+00:00,0.09266,0.09322,0.09249,0.09292,3959764.0
2026-09-24 21:00:00+00:00,0.09294,0.09434,0.0928,0.09387,5027605.0
2026-09-24 22:00:00+00:00,0.09386,0.09392,0.09269,0.09307,4839308.0
2026-09-24 23:00:00+00:00,0.09306,0.09356,0.09294,0.09309,3102615.0
2026-09-25 00:00:00+00:00,0.0931,0.09383,0.0928,0.09328,6705589.0
2026-09-25 01:00:00+00:00,0.09328,0.09396,0.09267,0.09336,5887648.0
2026-09-25 02:00:00+00:00,0.09334,0.09424,0.09226,0.09236,7180559.0
2026-09-25 03:00:00+00:00,0.09236,0.09284,0.09193,0.09211,4906452.0
2026-09-25 04:00:00+00:00,0.09211,0.09296,0.09189,0.09245,4315336.0
2026-09-25 05:00:00+00:00,0.09245,0.09272,0.09202,0.09235,5761406.0
2026-09-25 06:00:00+00:00,0.09235,0.09262,0.09179,0.09202,4357799.0
2026-09-25 07:00:00+00:00,0.09201,0.09248,0.09145,0.09205,5184726.0
2026-09-25 08:00:00+00:00,0.09206,0.09307,0.09202,0.09275,4633547.0
2026-09-25 09:00:00+00:00,0.09275,0.09325,0.09254,0.09318,4859166.0
2026-09-25 10:00:00+00:00,0.09319,0.09389,0.09263,0.0936,8530068.0
2026-09-25 11:00:00+00:00,0.09361,0.09616,0.09353,0.09562,14512873.0
2026-09-25 12:00:00+00:00,0.09563,0.09673,0.09382,0.09504,15248154.0
2026-09-25 13:00:00+00:00,0.09505,0.09559,0.09376,0.0943,7764158.0
2026-09-25 14:00:00+00:00,0.0943,0.09456,0.0928,0.09416,14673454.0
2026-09-25 15:00:00+00:00,0.09415,0.0943,0.09255,0.09329,10146533.0
2026-09-25 16:00:00+00:00,0.0933,0.0941,0.09289,0.09297,7928180.0
2026-09-25 17:00:00+00:00,0.09297,0.09348,0.09259,0.09307,8340833.0
2026-09-25 18:00:00+00:00,0.09308,0.09431,0.09307,0.09406,7388861.0
2026-09-25 19:00:00+00:00,0.09406,0.0944,0.09379,0.09417,5067862.0
2026-09-25 20:00:00+00:00,0.09417,0.09594,0.09412,0.09477,11079895.0
2026-09-25 21:00:00+00:00,0.09477,0.09496,0.0938,0.09405,4914724.0
2026-09-25 22:00:00+00:00,0.09405,0.09553,0.09391,0.0951,4851251.0
2026-09-25 23:00:00+00:00,0.09511,0.09599,0.09489,0.09569,8218317.0
2026-09-26 00:00:00+00:00,0.09569,0.09571,0.09459,0.09483,3904541.0
2026-09-26 01:00:00+00:00,0.09482,0.09542,0.09431,0.09495,9519362.0
2026-09-26 02:00:00+00:00,0.09494,0.09523,0.0945,0.09466,4606300.0
2026-09-26 03:00:00+00:00,0.09465,0.09476,0.09418,0.09432,2365057.0
2026-09-26 04:00:00+00:00,0.09432,0.09475,0.09393,0.09417,1954730.0
2026-09-26 05:00:00+00:00,0.09417,0.0942,0.09356,0.09357,2118111.0
2026-09-26 06:00:00+00:00,0.09357,0.09395,0.09337,0.09377,2678092.0
2026-09-26 07:00:00+00:00,0.09378,0.0945,0.09375,0.09435,1859576.0
2026-09-26 08:00:00+00:00,0.09432,0.09472,0.09396,0.09436,1958237.0
2026-09-26 09:00:00+00:00,0.09436,0.09445,0.09334,0.09379,2502059.0
2026-09-26 10:00:00+00:00,0.09379,0.09477,0.09379,0.09457,3965717.0
2026-09-26 11:00:00+00:00,0.09457,0.09461,0.09405,0.0941,3068753.0
2026-09-26 12:00:00+00:00,0.09409,0.09442,0.09354,0.09367,2729259.0
2026-09-26 13:00:00+00:00,0.09367,0.09396,0.09307,0.09343,3747114.0
2026-09-26 14:00:00+00:00,0.09342,0.0943,0.09328,0.09417,3410390.0
2026-09-26 15:00:00+00:00,0.09417,0.09529,0.09406,0.09523,4987408.0
2026-09-26 16:00:00+00:00,0.09523,0.09537,0.09465,0.09523,5085296.0
2026-09-26 17:00:00+00:00,0.09524,0.09528,0.09393,0.09419,3821390.0
2026-09-26 18:00:00+00:00,0.09419,0.0943,0.09326,0.09331,5473522.0
2026-09-26 19:00:00+00:00,0.09332,0.09371,0.09329,0.09333,2052291.0
2026-09-26 20:00:00+00:00,0.09334,0.09347,0.09178,0.09248,6711950.0
2026-09-26 21:00:00+00:00,0.09248,0.0935,0.09244,0.09304,2835133.0
2026-09-26 22:00:00+00:00,0.09305,0.09346,0.09295,0.09323,2060252.0
2026-09-26 23:00:00+00:00,0.09323,0.09381,0.09323,0.0935,2474530.0
2026-09-27 00:00:00+00:00,0.0935,0.09369,0.09267,0.09275,2053518.0
2026-09-27 01:00:00+00:00,0.09275,0.09331,0.09237,0.09314,3851472.0
2026-09-27 02:00:00+00:00,0.09315,0.09351,0.09275,0.09343,3539140.0
2026-09-27 03:00:00+00:00,0.09343,0.09408,0.0932,0.09323,7993386.0
2026-09-27 04:00:00+00:00,0.09322,0.09353,0.0925,0.09256,4045436.0
2026-09-27 05:00:00+00:00,0.09257,0.09386,0.09251,0.09377,3447189.0
2026-09-27 06:00:00+00:00,0.09376,0.09457,0.09369,0.09444,4537314.0
2026-09-27 07:00:00+00:00,0.09443,0.09578,0.0942,0.09569,7931602.0
2026-09-27 08:00:00+00:00,0.09569,0.0959,0.095,0.09522,6448234.0
2026-09-27 09:00:00+00:00,0.09522,0.09525,0.09459,0.09488,3667303.0
2026-09-27 10:00:00+00:00,0.09487,0.09507,0.09466,0.09476,2265421.0
2026-09-27 11:00:00+00:00,0.09475,0.095,0.09448,0.09474,2539272.0
2026-09-27 12:00:00+00:00,0.09474,0.09581,0.09446,0.09453,6596872.0
2026-09-27 13:00:00+00:00,0.09453,0.09453,0.09297,0.09435,11228479.0
2026-09-27 14:00:00+00:00,0.09435,0.09441,0.09314,0.09346,5162220.0
2026-09-27 15:00:00+00:00,0.09346,0.09374,0.09292,0.09336,4588193.0
2026-09-27 16:00:00+00:00,0.09336,0.09398,0.09329,0.09342,2606606.0
2026-09-27 17:00:00+00:00,0.09341,0.09406,0.09334,0.094,2327622.0
2026-09-27 18:00:00+00:00,0.09398,0.09514,0.09378,0.09512,4336084.0
2026-09-27 19:00:00+00:00,0.09513,0.09526,0.09469,0.09487,5170013.0
2026-09-27 20:00:00+00:00,0.09487,0.09554,0.09438,0.09463,3837176.0
2026-09-27 21:00:00+00:00,0.09463,0.09541,0.09416,0.09484,3219838.0
2026-09-27 22:00:00+00:00,0.09485,0.09501,0.09355,0.09419,7630708.0
2026-09-27 23:00:00+00:00,0.0942,0.09607,0.09418,0.09586,8215367.0
2026-09-28 00:00:00+00:00,0.09586,0.0969,0.09492,0.09632,13863766.0
2026-09-28 01:00:00+00:00,0.09631,0.09772,0.09617,0.09647,13064515.0
2026-09-28 02:00:00+00:00,0.09643,0.09763,0.09467,0.09492,11787109.0
2026-09-28 03:00:00+00:00,0.09493,0.09616,0.09415,0.09519,10523922.0
2026-09-28 04:00:00+00:00,0.0952,0.09709,0.09431,0.09611,11247745.0
2026-09-28 05:00:00+00:00,0.09613,0.09756,0.09465,0.09725,18403606.0
2026-09-28 06:00:00+00:00,0.09725,0.09855,0.096,0.09754,22746640.0
2026-09-28 07:00:00+00:00,0.09753,0.09944,0.09614,0.09684,31616020.0
2026-09-28 08:00:00+00:00,0.09684,0.11418,0.0968,0.10787,224069100.0
2026-09-28 09:00:00+00:00,0.10787,0.11549,0.10709,0.11216,220068771.0
2026-09-28 10:00:00+00:00,0.11216,0.11826,0.1119,0.11562,116574837.0
2026-09-28 11:00:00+00:00,0.11564,0.1195,0.11389,0.11752,89613887.0
2026-09-28 12:00:00+00:00,0.11753,0.125,0.11632,0.11937,115984695.0
2026-09-28 13:00:00+00:00,0.11938,0.12278,0.11578,0.12031,100245671.0
2026-09-28 14:00:00+00:00,0.12034,0.1216,0.11651,0.11816,78275276.0
2026-09-28 15:00:00+00:00,0.11817,0.12669,0.11538,0.12561,107804405.0
2026-09-28 16:00:00+00:00,0.12561,0.12867,0.12307,0.1264,108133508.0
2026-09-28 17:00:00+00:00,0.1264,0.13075,0.12454,0.12984,102144760.0
2026-09-28 18:00:00+00:00,0.12984,0.13096,0.12517,0.12749,68939172.0
2026-09-28 19:00:00+00:00,0.12749,0.1292,0.12093,0.1218,71214511.0
2026-09-28 20:00:00+00:00,0.1218,0.12422,0.11818,0.12298,77396667.0
2026-09-28 21:00:00+00:00,0.12297,0.12522,0.12087,0.12161,42734938.0
2026-09-28 22:00:00+00:00,0.1216,0.12463,0.12132,0.12288,32377390.0
2026-09-28 23:00:00+00:00,0.1229,0.12293,0.12084,0.12205,28259725.0
2026-09-29 00:00:00+00:00,0.12205,0.12289,0.12014,0.1206,34343079.0
2026-09-29 01:00:00+00:00,0.12059,0.12187,0.11852,0.11969,37688001.0
2026-09-29 02:00:00+00:00,0.1197,0.12053,0.11724,0.11814,34338825.0
2026-09-29 03:00:00+00:00,0.11814,0.11961,0.1171,0.11857,26166667.0
2026-09-29 04:00:00+00:00,0.11858,0.12146,0.11797,0.12047,32041544.0
2026-09-29 05:00:00+00:00,0.12046,0.12163,0.1171,0.11948,52865354.0
2026-09-29 06:00:00+00:00,0.11947,0.11985,0.11656,0.11768,33462462.0
2026-09-29 07:00:00+00:00,0.11768,0.1183,0.11662,0.11688,24113336.0
2026-09-29 08:00:00+00:00,0.11688,0.11834,0.11615,0.11816,24505573.0
2026-09-29 09:00:00+00:00,0.11817,0.11895,0.11714,0.11829,18064759.0
2026-09-29 10:00:00+00:00,0.11828,0.11861,0.11704,0.1171,14868510.0
2026-09-29 11:00:00+00:00,0.11709,0.1198,0.11701,0.11858,20346343.0
2026-09-29 12:00:00+00:00,0.11856,0.11901,0.11358,0.11396,38528494.0
2026-09-29 13:00:00+00:00,0.11395,0.11536,0.11257,0.11314,42326249.0
2026-09-29 14:00:00+00:00,0.11315,0.11473,0.11232,0.11425,17832291.0
2026-09-29 15:00:00+00:00,0.11425,0.11425,0.11174,0.11226,24813334.0
2026-09-29 16:00:00+00:00,0.11225,0.11292,0.10346,0.10544,114491118.0
2026-09-29 17:00:00+00:00,0.10545,0.1073,0.10307,0.10375,61112797.0
2026-09-29 18:00:00+00:00,0.10375,0.10593,0.10363,0.10492,22719510.0
2026-09-29 19:00:00+00:00,0.10491,0.10557,0.1038,0.10407,25860146.0
2026-09-29 20:00:00+00:00,0.10406,0.1045,0.10278,0.10358,23432421.0
2026-09-29 21:00:00+00:00,0.10357,0.1042,0.1029,0.10312,16495827.0
2026-09-29 22:00:00+00:00,0.1031,0.1039,0.10244,0.10293,15636736.0
2026-09-29 23:00:00+00:00,0.10293,0.10388,0.10206,0.10241,21827777.0
2026-09-30 00:00:00+00:00,0.10242,0.10257,0.10112,0.10157,23087204.0
2026-09-30 01:00:00+00:00,0.10157,0.10402,0.10155,0.1032,20653299.0
2026-09-30 02:00:00+00:00,0.1032,0.10394,0.10273,0.10341,17376703.0
2026-09-30 03:00:00+00:00,0.10342,0.10502,0.10285,0.10449,19229589.0
2026-09-30 04:00:00+00:00,0.10447,0.10524,0.10324,0.10383,21817965.0
2026-09-30 05:00:00+00:00,0.10385,0.10504,0.10368,0.10457,14753311.0
2026-09-30 06:00:00+00:00,0.10456,0.1055,0.10377,0.10467,15260118.0
2026-09-30 07:00:00+00:00,0.10468,0.10654,0.10451,0.10608,24211985.0
2026-09-30 08:00:00+00:00,0.10608,0.1067,0.10496,0.10607,16847993.0
2026-09-30 09:00:00+00:00,0.10605,0.10688,0.10587,0.10597,11781035.0
2026-09-30 10:00:00+00:00,0.10597,0.10687,0.10522,0.10679,16940214.0
2026-09-30 11:00:00+00:00,0.10679,0.10936,0.10636,0.10932,28523891.0
2026-09-30 12:00:00+00:00,0.10934,0.11001,0.10763,0.10878,35597409.0
2026-09-30 13:00:00+00:00,0.10878,0.10933,0.10626,0.10812,27186104.0
2026-09-30 14:00:00+00:00,0.10813,0.10887,0.10681,0.10744,23303716.0
2026-09-30 15:00:00+00:00,0.10744,0.10898,0.10684,0.10809,13308723.0
2026-09-30 16:00:00+00:00,0.10809,0.10871,0.1073,0.10788,12503668.0
2026-09-30 17:00:00+00:00,0.10789,0.10791,0.10612,0.10655,16181391.0
2026-09-30 18:00:00+00:00,0.10654,0.10738,0.10575,0.10716,10568292.0
2026-09-30 19:00:00+00:00,0.10716,0.10914,0.10679,0.10854,20692925.0
2026-09-30 20:00:00+00:00,0.10855,0.11006,0.1079,0.10882,13290325.0
2026-09-30 21:00:00+00:00,0.10882,0.109,0.10649,0.10673,10031026.0
2026-09-30 22:00:00+00:00,0.10674,0.10691,0.10459,0.10531,21197317.0
2026-09-30 23:00:00+00:00,0.10532,0.10591,0.10468,0.10476,9474039.0
2026-10-01 00:00:00+00:00,0.10477,0.10483,0.10352,0.10413,22980662.0
2026-10-01 01:00:00+00:00,0.10412,0.10495,0.10378,0.10397,13996334.0
2026-10-01 02:00:00+00:00,0.10397,0.10476,0.10346,0.10454,11799545.0
2026-10-01 03:00:00+00:00,0.10454,0.10563,0.10444,0.10542,13243234.0
2026-10-01 04:00:00+00:00,0.10543,0.1072,0.10487,0.10627,24743173.0
2026-10-01 05:00:00+00:00,0.1063,0.10672,0.10584,0.10626,12138467.0
2026-10-01 06:00:00+00:00,0.10628,0.10644,0.10569,0.10606,10605734.0
2026-10-01 07:00:00+00:00,0.10604,0.10635,0.1047,0.10494,13038759.0
2026-10-01 08:00:00+00:00,0.10493,0.10581,0.10386,0.1054,13057474.0
2026-10-01 09:00:00+00:00,0.10539,0.10572,0.10462,0.1049,8274352.0
2026-10-01 10:00:00+00:00,0.1049,0.10501,0.10389,0.10456,13325256.0
2026-10-01 11:00:00+00:00,0.10455,0.10521,0.104,0.10469,10804205.0
2026-10-01 12:00:00+00:00,0.10468,0.10508,0.10424,0.10492,5687714.0
2026-10-01 13:00:00+00:00,0.10494,0.10566,0.10432,0.10494,8746154.0
2026-10-01 14:00:00+00:00,0.10493,0.10499,0.10312,0.10383,19482721.0
2026-10-01 15:00:00+00:00,0.10382,0.10408,0.10241,0.10323,17585621.0
2026-10-01 16:00:00+00:00,0.10322,0.10366,0.10211,0.10253,10480140.0
2026-10-01 17:00:00+00:00,0.10253,0.10434,0.10242,0.10387,11523282.0
2026-10-01 18:00:00+00:00,0.10386,0.10427,0.10305,0.10333,8809485.0
2026-10-01 19:00:00+00:00,0.10332,0.10376,0.10278,0.10302,7804715.0
2026-10-01 20:00:00+00:00,0.10303,0.10339,0.10277,0.10299,6382478.0
2026-10-01 21:00:00+00:00,0.10299,0.10312,0.1022,0.10221,8867956.0
2026-10-01 22:00:00+00:00,0.10222,0.10265,0.10165,0.10257,11371543.0
2026-10-01 23:00:00+00:00,0.10257,0.10285,0.10218,0.10265,5738078.0
2026-10-02 00:00:00+00:00,0.10263,0.10298,0.10212,0.1022,5486893.0
2026-10-02 01:00:00+00:00,0.1022,0.10283,0.10179,0.1026,4786587.0
2026-10-02 02:00:00+00:00,0.10261,0.10419,0.10249,0.10399,5797291.0
2026-10-02 03:00:00+00:00,0.10398,0.10445,0.10337,0.10362,3637122.0
