time,open,high,low,close,volume
2026-06-04 04:00:00+00:00,2.955,2.98,2.853,2.861,242679.79
2026-06-04 05:00:00+00:00,2.86,2.86,2.783,2.816,336477.9
2026-06-04 06:00:00+00:00,2.815,2.853,2.774,2.776,406982.04
2026-06-04 07:00:00+00:00,2.777,2.8,2.723,2.732,467138.95
2026-06-04 08:00:00+00:00,2.732,2.75,2.696,2.715,150930.58
2026-06-04 09:00:00+00:00,2.716,2.716,2.629,2.679,267367.63
2026-06-04 10:00:00+00:00,2.679,2.712,2.654,2.666,217324.91
2026-06-04 11:00:00+00:00,2.668,2.686,2.643,2.68,188626.37
2026-06-04 12:00:00+00:00,2.68,2.722,2.613,2.71,303466.95
2026-06-04 13:00:00+00:00,2.709,2.724,2.631,2.705,331182.38
2026-06-04 14:00:00+00:00,2.705,2.745,2.686,2.733,229036.83
2026-06-04 15:00:00+00:00,2.732,2.852,2.722,2.842,349806.85
2026-06-04 16:00:00+00:00,2.842,2.904,2.82,2.901,259649.59
2026-06-04 17:00:00+00:00,2.9,2.903,2.775,2.789,287648.37
2026-06-04 18:00:00+00:00,2.791,2.806,2.762,2.788,104778.07
2026-06-04 19:00:00+00:00,2.787,2.809,2.768,2.79,65164.52
2026-06-04 20:00:00+00:00,2.792,2.792,2.744,2.766,88095.14
2026-06-04 21:00:00+00:00,2.765,2.804,2.668,2.673,162359.27
2026-06-04 22:00:00+00:00,2.674,2.711,2.663,2.702,183135.22
2026-06-04 23:00:00+00:00,2.701,2.739,2.674,2.729,83472.81
2026-06-05 00:00:00+00:00,2.729,2.764,2.697,2.7,126239.41
2026-06-05 01:00:00+00:00,2.699,2.757,2.66,2.705,157212.13
2026-06-05 02:00:00+00:00,2.706,2.708,2.551,2.567,353037.96
2026-06-05 03:00:00+00:00,2.568,2.581,2.523,2.541,456354.93
2026-06-05 04:00:00+00:00,2.542,2.607,2.529,2.595,204316.93
2026-06-05 05:00:00+00:00,2.594,2.603,2.517,2.52,239864.32
2026-06-05 06:00:00+00:00,2.521,2.529,2.401,2.465,780906.16
2026-06-05 07:00:00+00:00,2.464,2.51,2.405,2.503,348701.01
2026-06-05 08:00:00+00:00,2.503,2.503,2.425,2.435,210845.19
2026-06-05 09:00:00+00:00,2.436,2.508,2.436,2.503,197337.28
2026-06-05 10:00:00+00:00,2.502,2.511,2.425,2.443,158278.11
2026-06-05 11:00:00+00:00,2.443,2.457,2.386,2.394,298465.79
2026-06-05 12:00:00+00:00,2.395,2.416,2.363,2.386,243609.93
2026-06-05 13:00:00+00:00,2.387,2.422,2.318,2.32,434355.48
2026-06-05 14:00:00+00:00,2.319,2.374,2.299,2.312,512263.8
2026-06-05 15:00:00+00:00,2.311,2.312,2.206,2.217,700832.7
2026-06-05 16:00:00+00:00,2.216,2.278,2.176,2.259,828153.59
2026-06-05 17:00:00+00:00,2.259,2.277,2.232,2.252,314560.84
2026-06-05 18:00:00+00:00,2.252,2.268,2.158,2.158,467849.97
2026-06-05 19:00:00+00:00,2.158,2.266,2.118,2.25,455666.46
2026-06-05 20:00:00+00:00,2.25,2.356,2.223,2.35,496915.38
2026-06-05 21:00:00+00:00,2.351,2.369,2.337,2.346,189657.49
2026-06-05 22:00:00+00:00,2.345,2.35,2.308,2.335,232059.67
2026-06-05 23:00:00+00:00,2.336,2.351,2.288,2.303,125076.65
2026-06-06 00:00:00+00:00,2.302,2.345,2.3,2.324,106447.89
2026-06-06 01:00:00+00:00,2.326,2.339,2.283,2.286,80508.17
2026-06-06 02:00:00+00:00,2.285,2.294,2.262,2.265,104283.63
2026-06-06 03:00:00+00:00,2.264,2.267,2.233,2.24,115741.59
2026-06-06 04:00:00+00:00,2.239,2.25,2.149,2.192,484516.69
2026-06-06 05:00:00+00:00,2.192,2.26,2.164,2.255,223055.35
2026-06-06 06:00:00+00:00,2.256,2.323,2.256,2.281,239029.49
2026-06-06 07:00:00+00:00,2.281,2.315,2.271,2.297,141163.79
2026-06-06 08:00:00+00:00,2.297,2.343,2.283,2.329,115021.12
2026-06-06 09:00:00+00:00,2.33,2.361,2.304,2.308,240456.69
2026-06-06 10:00:00+00:00,2.309,2.31,2.26,2.29,197868.22
2026-06-06 11:00:00+00:00,2.289,2.318,2.273,2.306,73110.56
2026-06-06 12:00:00+00:00,2.306,2.348,2.293,2.333,98757.08
2026-06-06 13:00:00+00:00,2.331,2.343,2.295,2.305,113089.49
2026-06-06 14:00:00+00:00,2.306,2.335,2.303,2.312,109343.73
2026-06-06 15:00:00+00:00,2.312,2.32,2.269,2.308,365509.85
2026-06-06 16:00:00+00:00,2.306,2.312,2.281,2.302,106595.97
2026-06-06 17:00:00+00:00,2.302,2.304,2.269,2.278,62461.86
2026-06-06 18:00:00+00:00,2.277,2.308,2.275,2.285,54630.3
2026-06-06 19:00:00+00:00,2.284,2.294,2.268,2.27,29462.5
2026-06-06 20:00:00+00:00,2.27,2.298,2.265,2.289,47867.19
2026-06-06 21:00:00+00:00,2.288,2.309,2.288,2.297,60913.54
2026-06-06 22:00:00+00:00,2.296,2.308,2.282,2.296,45797.67
2026-06-06 23:00:00+00:00,2.295,2.326,2.293,2.323,41226.03
2026-06-07 00:00:00+00:00,2.323,2.347,2.32,2.321,63668.53
2026-06-07 01:00:00+00:00,2.32,2.367,2.318,2.357,147649.03
2026-06-07 02:00:00+00:00,2.356,2.359,2.321,2.34,75564.54
2026-06-07 03:00:00+00:00,2.338,2.37,2.335,2.369,87152.77
2026-06-07 04:00:00+00:00,2.368,2.398,2.34,2.386,142768.36
2026-06-07 05:00:00+00:00,2.386,2.424,2.375,2.409,233479.38
2026-06-07 06:00:00+00:00,2.408,2.494,2.398,2.433,637153.52
2026-06-07 07:00:00+00:00,2.433,2.44,2.406,2.411,156786.09
2026-06-07 08:00:00+00:00,2.41,2.433,2.38,2.427,173361.99
2026-06-07 09:00:00+00:00,2.425,2.43,2.386,2.387,91394.7
2026-06-07 10:00:00+00:00,2.387,2.391,2.363,2.364,65510.58
2026-06-07 11:00:00+00:00,2.366,2.386,2.364,2.371,56260.84
2026-06-07 12:00:00+00:00,2.37,2.377,2.319,2.338,156960.72
2026-06-07 13:00:00+00:00,2.339,2.357,2.332,2.348,63808.41
2026-06-07 14:00:00+00:00,2.347,2.398,2.345,2.389,99254.75
2026-06-07 15:00:00+00:00,2.389,2.395,2.352,2.366,110421.25
2026-06-07 16:00:00+00:00,2.366,2.375,2.347,2.357,121992.72
2026-06-07 17:00:00+00:00,2.358,2.374,2.353,2.366,48276.0
2026-06-07 18:00:00+00:00,2.367,2.376,2.342,2.343,60113.11
2026-06-07 19:00:00+00:00,2.343,2.345,2.286,2.294,190239.33
2026-06-07 20:00:00+00:00,2.293,2.32,2.287,2.314,71401.2
2026-06-07 21:00:00+00:00,2.314,2.32,2.294,2.309,33878.08
2026-06-07 22:00:00+00:00,2.31,2.422,2.307,2.366,197488.73
2026-06-07 23:00:00+00:00,2.366,2.391,2.352,2.381,87883.04
2026-06-08 00:00:00+00:00,2.381,2.396,2.362,2.38,56437.13
2026-06-08 01:00:00+00:00,2.382,2.387,2.33,2.35,202561.98
2026-06-08 02:00:00+00:00,2.351,2.36,2.34,2.341,69848.87
2026-06-08 03:00:00+00:00,2.342,2.351,2.328,2.344,94292.89
2026-06-08 04:00:00+00:00,2.346,2.352,2.305,2.309,89305.07
2026-06-08 05:00:00+00:00,2.309,2.33,2.299,2.329,91665.4
2026-06-08 06:00:00+00:00,2.329,2.364,2.329,2.338,87108.28
2026-06-08 07:00:00+00:00,2.338,2.39,2.325,2.379,153431.83
2026-06-08 08:00:00+00:00,2.378,2.381,2.349,2.36,63177.77
2026-06-08 09:00:00+00:00,2.362,2.374,2.348,2.365,85558.72
2026-06-08 10:00:00+00:00,2.365,2.37,2.342,2.351,64214.98
2026-06-08 11:00:00+00:00,2.351,2.395,2.343,2.372,144656.07
2026-06-08 12:00:00+00:00,2.373,2.405,2.347,2.396,231207.1
2026-06-08 13:00:00+00:00,2.396,2.402,2.377,2.387,118765.34
2026-06-08 14:00:00+00:00,2.387,2.389,2.366,2.384,74399.43
2026-06-08 15:00:00+00:00,2.385,2.408,2.365,2.368,124101.68
2026-06-08 16:00:00+00:00,2.368,2.406,2.362,2.371,238299.11
2026-06-08 17:00:00+00:00,2.371,2.39,2.356,2.384,74902.2
2026-06-08 18:00:00+00:00,2.385,2.394,2.364,2.374,89986.76
2026-06-08 19:00:00+00:00,2.373,2.376,2.358,2.363,46610.49
2026-06-08 20:00:00+00:00,2.363,2.376,2.341,2.368,86364.1
2026-06-08 21:00:00+00:00,2.37,2.394,2.366,2.373,72548.28
2026-06-08 22:00:00+00:00,2.374,2.377,2.349,2.356,106592.2
2026-06-08 23:00:00+00:00,2.355,2.363,2.326,2.335,92138.88
2026-06-09 00:00:00+00:00,2.334,2.336,2.269,2.273,117004.23
2026-06-09 01:00:00+00:00,2.274,2.293,2.271,2.282,87800.67
2026-06-09 02:00:00+00:00,2.281,2.287,2.258,2.276,70970.87
2026-06-09 03:00:00+00:00,2.277,2.294,2.274,2.289,76411.72
2026-06-09 04:00:00+00:00,2.288,2.333,2.279,2.328,130342.12
2026-06-09 05:00:00+00:00,2.327,2.353,2.324,2.341,66766.53
2026-06-09 06:00:00+00:00,2.34,2.356,2.331,2.336,52302.33
2026-06-09 07:00:00+00:00,2.337,2.357,2.331,2.342,42831.2
2026-06-09 08:00:00+00:00,2.343,2.352,2.326,2.326,53757.7
2026-06-09 09:00:00+00:00,2.327,2.337,2.307,2.308,59900.8
2026-06-09 10:00:00+00:00,2.31,2.326,2.3,2.315,82691.17
2026-06-09 11:00:00+00:00,2.315,2.329,2.3,2.325,36756.31
2026-06-09 12:00:00+00:00,2.324,2.347,2.324,2.336,47440.94
2026-06-09 13:00:00+00:00,2.338,2.341,2.296,2.309,126546.99
2026-06-09 14:00:00+00:00,2.309,2.316,2.258,2.293,159496.71
2026-06-09 15:00:00+00:00,2.293,2.305,2.262,2.263,93220.03
2026-06-09 16:00:00+00:00,2.262,2.279,2.233,2.264,162907.88
2026-06-09 17:00:00+00:00,2.265,2.313,2.262,2.294,136607.04
2026-06-09 18:00:00+00:00,2.295,2.304,2.281,2.288,80502.31
2026-06-09 19:00:00+00:00,2.288,2.299,2.275,2.294,84089.39
2026-06-09 20:00:00+00:00,2.294,2.31,2.278,2.296,112641.92
2026-06-09 21:00:00+00:00,2.297,2.303,2.27,2.275,43432.97
2026-06-09 22:00:00+00:00,2.275,2.29,2.267,2.268,32928.51
2026-06-09 23:00:00+00:00,2.269,2.293,2.266,2.283,50190.08
2026-06-10 00:00:00+00:00,2.284,2.304,2.272,2.3,45570.61
2026-06-10 01:00:00+00:00,2.3,2.308,2.287,2.3,65255.86
2026-06-10 02:00:00+00:00,2.299,2.304,2.258,2.269,53855.57
2026-06-10 03:00:00+00:00,2.266,2.284,2.261,2.273,22864.07
2026-06-10 04:00:00+00:00,2.273,2.284,2.256,2.261,34550.07
2026-06-10 05:00:00+00:00,2.261,2.265,2.246,2.255,44169.64
2026-06-10 06:00:00+00:00,2.254,2.268,2.245,2.26,42362.79
2026-06-10 07:00:00+00:00,2.26,2.28,2.258,2.269,57924.96
2026-06-10 08:00:00+00:00,2.27,2.27,2.227,2.23,173764.97
2026-06-10 09:00:00+00:00,2.229,2.253,2.216,2.249,76665.71
2026-06-10 10:00:00+00:00,2.249,2.253,2.237,2.244,37922.58
2026-06-10 11:00:00+00:00,2.244,2.248,2.208,2.22,106777.88
2026-06-10 12:00:00+00:00,2.221,2.273,2.21,2.258,118007.19
2026-06-10 13:00:00+00:00,2.257,2.316,2.255,2.291,152007.72
2026-06-10 14:00:00+00:00,2.291,2.303,2.262,2.279,107856.43
2026-06-10 15:00:00+00:00,2.279,2.291,2.237,2.266,164424.02
2026-06-10 16:00:00+00:00,2.267,2.274,2.23,2.248,103486.86
2026-06-10 17:00:00+00:00,2.248,2.262,2.229,2.25,91201.5
2026-06-10 18:00:00+00:00,2.251,2.257,2.236,2.256,58684.44
2026-06-10 19:00:00+00:00,2.256,2.261,2.225,2.231,60476.5
2026-06-10 20:00:00+00:00,2.231,2.247,2.218,2.231,37398.73
2026-06-10 21:00:00+00:00,2.23,2.23,2.185,2.194,92486.61
2026-06-10 22:00:00+00:00,2.195,2.204,2.175,2.184,194356.96
2026-06-10 23:00:00+00:00,2.185,2.219,2.18,2.214,89477.61
2026-06-11 00:00:00+00:00,2.213,2.239,2.212,2.23,70530.82
2026-06-11 01:00:00+00:00,2.231,2.253,2.228,2.248,41613.78
2026-06-11 02:00:00+00:00,2.247,2.253,2.235,2.247,94217.53
2026-06-11 03:00:00+00:00,2.246,2.292,2.234,2.285,86838.2
2026-06-11 04:00:00+00:00,2.285,2.294,2.272,2.282,107100.11
2026-06-11 05:00:00+00:00,2.282,2.29,2.269,2.269,49332.64
2026-06-11 06:00:00+00:00,2.269,2.285,2.266,2.275,50777.24
2026-06-11 07:00:00+00:00,2.274,2.28,2.266,2.276,40023.81
2026-06-11 08:00:00+00:00,2.277,2.298,2.269,2.293,70659.73
2026-06-11 09:00:00+00:00,2.292,2.295,2.276,2.288,103039.52
2026-06-11 10:00:00+00:00,2.288,2.291,2.275,2.282,57656.92
2026-06-11 11:00:00+00:00,2.281,2.304,2.278,2.297,61978.38
2026-06-11 12:00:00+00:00,2.297,2.305,2.265,2.288,186080.92
2026-06-11 13:00:00+00:00,2.287,2.302,2.269,2.275,81596.57
2026-06-11 14:00:00+00:00,2.274,2.276,2.233,2.233,163284.82
2026-06-11 15:00:00+00:00,2.234,2.24,2.218,2.229,170584.73
2026-06-11 16:00:00+00:00,2.23,2.256,2.229,2.235,111349.84
2026-06-11 17:00:00+00:00,2.234,2.303,2.214,2.296,232315.57
2026-06-11 18:00:00+00:00,2.296,2.302,2.272,2.277,110375.86
2026-06-11 19:00:00+00:00,2.276,2.304,2.271,2.284,129737.55
2026-06-11 20:00:00+00:00,2.285,2.295,2.269,2.282,68584.48
2026-06-11 21:00:00+00:00,2.283,2.305,2.283,2.285,53070.35
2026-06-11 22:00:00+00:00,2.285,2.295,2.274,2.279,59720.93
2026-06-11 23:00:00+00:00,2.278,2.283,2.264,2.278,60444.42
2026-06-12 00:00:00+00:00,2.277,2.284,2.264,2.271,57473.65
2026-06-12 01:00:00+00:00,2.27,2.27,2.247,2.255,83110.76
2026-06-12 02:00:00+00:00,2.256,2.276,2.254,2.268,50501.13
2026-06-12 03:00:00+00:00,2.268,2.278,2.262,2.266,60096.58
2026-06-12 04:00:00+00:00,2.266,2.283,2.26,2.274,66426.86
2026-06-12 05:00:00+00:00,2.274,2.276,2.251,2.252,81753.17
2026-06-12 06:00:00+00:00,2.251,2.257,2.223,2.23,97835.94
2026-06-12 07:00:00+00:00,2.231,2.243,2.231,2.239,83282.34
2026-06-12 08:00:00+00:00,2.24,2.259,2.24,2.253,111193.51
2026-06-12 09:00:00+00:00,2.254,2.281,2.249,2.27,115282.05
2026-06-12 10:00:00+00:00,2.271,2.282,2.258,2.263,93518.26
2026-06-12 11:00:00+00:00,2.263,2.285,2.262,2.28,97506.49
2026-06-12 12:00:00+00:00,2.278,2.294,2.271,2.282,114507.71
2026-06-12 13:00:00+00:00,2.283,2.288,2.238,2.258,119483.98
2026-06-12 14:00:00+00:00,2.258,2.299,2.255,2.299,121602.04
2026-06-12 15:00:00+00:00,2.3,2.316,2.258,2.26,186180.47
2026-06-12 16:00:00+00:00,2.259,2.302,2.255,2.302,161015.38
2026-06-12 17:00:00+00:00,2.302,2.306,2.277,2.284,63192.12
2026-06-12 18:00:00+00:00,2.285,2.291,2.264,2.272,48076.6
2026-06-12 19:00:00+00:00,2.272,2.287,2.265,2.267,71551.37
2026-06-12 20:00:00+00:00,2.267,2.284,2.262,2.266,21007.38
2026-06-12 21:00:00+00:00,2.266,2.273,2.255,2.26,32643.74
2026-06-12 22:00:00+00:00,2.261,2.279,2.258,2.276,41980.54
2026-06-12 23:00:00+00:00,2.277,2.294,2.26,2.294,88092.06
2026-06-13 00:00:00+00:00,2.294,2.361,2.289,2.351,145366.02
2026-06-13 01:00:00+00:00,2.35,2.395,2.343,2.366,244464.76
2026-06-13 02:00:00+00:00,2.365,2.397,2.338,2.358,240267.74
2026-06-13 03:00:00+00:00,2.357,2.367,2.329,2.351,216381.91
2026-06-13 04:00:00+00:00,2.35,2.445,2.336,2.414,281086.57
2026-06-13 05:00:00+00:00,2.415,2.473,2.386,2.409,448736.12
2026-06-13 06:00:00+00:00,2.41,2.431,2.385,2.389,229099.97
2026-06-13 07:00:00+00:00,2.389,2.427,2.372,2.416,139718.38
2026-06-13 08:00:00+00:00,2.415,2.44,2.39,2.438,191298.35
2026-06-13 09:00:00+00:00,2.438,2.46,2.415,2.452,233272.1
2026-06-13 10:00:00+00:00,2.453,2.463,2.43,2.452,178647.36
2026-06-13 11:00:00+00:00,2.451,2.485,2.44,2.443,212437.27
2026-06-13 12:00:00+00:00,2.443,2.483,2.442,2.47,137580.01
2026-06-13 13:00:00+00:00,2.47,2.485,2.445,2.461,143219.4
2026-06-13 14:00:00+00:00,2.462,2.51,2.454,2.504,163980.88
2026-06-13 15:00:00+00:00,2.504,2.56,2.502,2.536,512614.94
2026-06-13 16:00:00+00:00,2.536,2.56,2.486,2.546,432435.95
2026-06-13 17:00:00+00:00,2.547,2.566,2.5,2.517,261013.53
2026-06-13 18:00:00+00:00,2.517,2.62,2.505,2.608,493706.03
2026-06-13 19:00:00+00:00,2.608,2.624,2.556,2.57,774942.45
2026-06-13 20:00:00+00:00,2.57,2.589,2.554,2.569,176762.77
2026-06-13 21:00:00+00:00,2.568,2.606,2.547,2.597,172832.0
2026-06-13 22:00:00+00:00,2.597,2.617,2.576,2.577,197583.69
2026-06-13 23:00:00+00:00,2.576,2.582,2.495,2.509,459251.6
2026-06-14 00:00:00+00:00,2.508,2.508,2.474,2.489,187957.17
2026-06-14 01:00:00+00:00,2.49,2.497,2.427,2.437,310908.77
2026-06-14 02:00:00+00:00,2.436,2.445,2.428,2.43,76259.22
2026-06-14 03:00:00+00:00,2.43,2.44,2.416,2.435,95581.23
2026-06-14 04:00:00+00:00,2.435,2.439,2.398,2.405,106242.63
2026-06-14 05:00:00+00:00,2.405,2.421,2.39,2.415,149729.76
2026-06-14 06:00:00+00:00,2.415,2.434,2.401,2.414,121431.78
2026-06-14 07:00:00+00:00,2.413,2.479,2.398,2.465,223763.57
2026-06-14 08:00:00+00:00,2.466,2.519,2.457,2.51,280458.15
2026-06-14 09:00:00+00:00,2.51,2.521,2.461,2.516,176582.74
2026-06-14 10:00:00+00:00,2.515,2.559,2.488,2.49,491425.93
2026-06-14 11:00:00+00:00,2.49,2.496,2.444,2.452,369785.76
2026-06-14 12:00:00+00:00,2.453,2.455,2.42,2.424,118531.8
2026-06-14 13:00:00+00:00,2.426,2.451,2.401,2.443,167758.74
2026-06-14 14:00:00+00:00,2.442,2.456,2.402,2.422,261880.11
2026-06-14 15:00:00+00:00,2.422,2.44,2.414,2.431,154179.03
2026-06-14 16:00:00+00:00,2.43,2.45,2.42,2.423,107601.56
2026-06-14 17:00:00+00:00,2.424,2.436,2.402,2.405,74613.99
2026-06-14 18:00:00+00:00,2.405,2.437,2.401,2.426,106792.25
2026-06-14 19:00:00+00:00,2.425,2.432,2.415,2.423,61750.84
2026-06-14 20:00:00+00:00,2.424,2.442,2.412,2.431,125672.82
2026-06-14 21:00:00+00:00,2.431,2.52,2.429,2.481,279201.85
2026-06-14 22:00:00+00:00,2.482,2.506,2.452,2.488,266280.0
2026-06-14 23:00:00+00:00,2.49,2.532,2.479,2.521,190400.0
2026-06-15 00:00:00+00:00,2.521,2.524,2.483,2.521,207692.92
2026-06-15 01:00:00+00:00,2.522,2.523,2.483,2.5,110470.27
2026-06-15 02:00:00+00:00,2.501,2.553,2.496,2.552,224520.52
2026-06-15 03:00:00+00:00,2.551,2.566,2.52,2.54,262163.32
2026-06-15 04:00:00+00:00,2.541,2.58,2.54,2.564,256423.85
2026-06-15 05:00:00+00:00,2.563,2.596,2.548,2.563,165932.79
2026-06-15 06:00:00+00:00,2.562,2.58,2.53,2.535,177643.91
2026-06-15 07:00:00+00:00,2.536,2.545,2.508,2.51,144940.5
2026-06-15 08:00:00+00:00,2.51,2.547,2.506,2.517,153407.21
2026-06-15 09:00:00+00:00,2.516,2.542,2.511,2.537,133070.58
2026-06-15 10:00:00+00:00,2.537,2.587,2.528,2.558,276318.7
2026-06-15 11:00:00+00:00,2.559,2.589,2.554,2.57,254245.74
2026-06-15 12:00:00+00:00,2.57,2.577,2.549,2.554,186715.35
2026-06-15 13:00:00+00:00,2.554,2.601,2.518,2.552,517981.08
2026-06-15 14:00:00+00:00,2.552,2.552,2.49,2.506,450667.12
2026-06-15 15:00:00+00:00,2.506,2.543,2.498,2.539,308893.08
2026-06-15 16:00:00+00:00,2.538,2.544,2.509,2.514,240321.56
2026-06-15 17:00:00+00:00,2.514,2.514,2.485,2.509,189084.15
2026-06-15 18:00:00+00:00,2.51,2.51,2.471,2.474,225443.02
2026-06-15 19:00:00+00:00,2.474,2.488,2.43,2.458,311040.65
2026-06-15 20:00:00+00:00,2.458,2.48,2.451,2.47,189116.51
2026-06-15 21:00:00+00:00,2.471,2.474,2.45,2.456,141090.14
2026-06-15 22:00:00+00:00,2.457,2.466,2.392,2.416,349873.77
2026-06-15 23:00:00+00:00,2.416,2.428,2.401,2.421,203667.77
2026-06-16 00:00:00+00:00,2.422,2.426,2.407,2.42,120917.46
2026-06-16 01:00:00+00:00,2.42,2.434,2.408,2.427,339267.98
2026-06-16 02:00:00+00:00,2.425,2.429,2.376,2.387,183712.96
2026-06-16 03:00:00+00:00,2.388,2.414,2.377,2.41,127992.34
2026-06-16 04:00:00+00:00,2.409,2.415,2.398,2.408,226749.21
2026-06-16 05:00:00+00:00,2.408,2.432,2.407,2.425,122969.09
2026-06-16 06:00:00+00:00,2.426,2.452,2.419,2.423,273967.88
2026-06-16 07:00:00+00:00,2.423,2.445,2.42,2.429,148044.41
2026-06-16 08:00:00+00:00,2.428,2.463,2.424,2.458,233138.56
2026-06-16 09:00:00+00:00,2.458,2.471,2.441,2.445,189961.83
2026-06-16 10:00:00+00:00,2.446,2.465,2.436,2.444,111187.35
2026-06-16 11:00:00+00:00,2.444,2.449,2.421,2.433,108423.98
2026-06-16 12:00:00+00:00,2.434,2.458,2.424,2.443,159437.19
2026-06-16 13:00:00+00:00,2.443,2.447,2.389,2.406,262247.34
2026-06-16 14:00:00+00:00,2.407,2.421,2.351,2.372,367542.97
2026-06-16 15:00:00+00:00,2.373,2.386,2.355,2.373,101046.38
2026-06-16 16:00:00+00:00,2.372,2.379,2.351,2.357,99622.02
2026-06-16 17:00:00+00:00,2.358,2.381,2.351,2.378,76295.26
2026-06-16 18:00:00+00:00,2.377,2.395,2.362,2.373,89897.14
2026-06-16 19:00:00+00:00,2.371,2.39,2.338,2.353,184301.95
2026-06-16 20:00:00+00:00,2.353,2.389,2.35,2.381,61071.58
2026-06-16 21:00:00+00:00,2.382,2.384,2.369,2.377,69198.98
2026-06-16 22:00:00+00:00,2.377,2.39,2.372,2.381,48547.71
2026-06-16 23:00:00+00:00,2.383,2.39,2.351,2.358,47779.42
2026-06-17 00:00:00+00:00,2.358,2.391,2.355,2.381,60461.91
2026-06-17 01:00:00+00:00,2.381,2.425,2.37,2.42,125633.68
2026-06-17 02:00:00+00:00,2.42,2.453,2.411,2.452,120295.23
2026-06-17 03:00:00+00:00,2.452,2.455,2.405,2.414,87107.13
2026-06-17 04:00:00+00:00,2.415,2.425,2.395,2.421,173467.89
2026-06-17 05:00:00+00:00,2.421,2.444,2.411,2.421,184956.35
2026-06-17 06:00:00+00:00,2.421,2.443,2.406,2.413,196128.37
2026-06-17 07:00:00+00:00,2.413,2.434,2.397,2.426,165561.85
2026-06-17 08:00:00+00:00,2.426,2.465,2.372,2.393,391725.4
2026-06-17 09:00:00+00:00,2.392,2.411,2.381,2.402,110189.33
2026-06-17 10:00:00+00:00,2.401,2.428,2.398,2.403,85483.54
2026-06-17 11:00:00+00:00,2.403,2.424,2.393,2.407,125632.71
2026-06-17 12:00:00+00:00,2.408,2.424,2.366,2.413,241154.09
2026-06-17 13:00:00+00:00,2.412,2.429,2.394,2.397,114368.45
2026-06-17 14:00:00+00:00,2.396,2.457,2.394,2.416,216876.76
2026-06-17 15:00:00+00:00,2.417,2.46,2.415,2.451,130410.45
2026-06-17 16:00:00+00:00,2.452,2.455,2.422,2.425,175328.13
2026-06-17 17:00:00+00:00,2.425,2.43,2.4,2.422,71580.55
2026-06-17 18:00:00+00:00,2.421,2.43,2.362,2.407,228166.7
2026-06-17 19:00:00+00:00,2.406,2.418,2.331,2.354,196628.96
2026-06-17 20:00:00+00:00,2.355,2.375,2.347,2.369,107296.06
2026-06-17 21:00:00+00:00,2.37,2.373,2.321,2.33,107197.61
2026-06-17 22:00:00+00:00,2.331,2.35,2.304,2.337,97171.93
2026-06-17 23:00:00+00:00,2.338,2.353,2.334,2.343,65200.24
2026-06-18 00:00:00+00:00,2.344,2.355,2.325,2.326,125493.13
2026-06-18 01:00:00+00:00,2.325,2.345,2.325,2.33,99532.2
2026-06-18 02:00:00+00:00,2.33,2.345,2.32,2.336,62714.08
2026-06-18 03:00:00+00:00,2.337,2.337,2.297,2.3,111663.36
2026-06-18 04:00:00+00:00,2.3,2.302,2.275,2.29,140137.82
2026-06-18 05:00:00+00:00,2.29,2.291,2.265,2.287,85686.39
2026-06-18 06:00:00+00:00,2.286,2.29,2.267,2.284,107909.5
2026-06-18 07:00:00+00:00,2.283,2.303,2.279,2.295,79297.39
2026-06-18 08:00:00+00:00,2.295,2.304,2.286,2.29,60643.49
2026-06-18 09:00:00+00:00,2.29,2.304,2.281,2.303,96924.61
2026-06-18 10:00:00+00:00,2.303,2.309,2.291,2.299,50033.33
2026-06-18 11:00:00+00:00,2.3,2.307,2.247,2.254,564958.56
2026-06-18 12:00:00+00:00,2.254,2.28,2.246,2.278,98049.84
2026-06-18 13:00:00+00:00,2.278,2.285,2.248,2.27,200498.98
2026-06-18 14:00:00+00:00,2.272,2.298,2.265,2.287,114578.97
2026-06-18 15:00:00+00:00,2.287,2.287,2.177,2.204,530465.87
2026-06-18 16:00:00+00:00,2.202,2.23,2.198,2.224,157283.95
2026-06-18 17:00:00+00:00,2.225,2.231,2.194,2.224,140591.78
2026-06-18 18:00:00+00:00,2.223,2.249,2.221,2.235,97309.47
2026-06-18 19:00:00+00:00,2.235,2.262,2.232,2.257,66324.1
2026-06-18 20:00:00+00:00,2.258,2.279,2.247,2.26,204278.97
2026-06-18 21:00:00+00:00,2.259,2.264,2.239,2.252,34218.37
2026-06-18 22:00:00+00:00,2.251,2.255,2.236,2.246,46625.37
2026-06-18 23:00:00+00:00,2.246,2.269,2.239,2.269,42566.92
2026-06-19 00:00:00+00:00,2.268,2.278,2.258,2.273,34384.54
2026-06-19 01:00:00+00:00,2.275,2.281,2.261,2.269,30006.77
2026-06-19 02:00:00+00:00,2.269,2.278,2.262,2.272,37652.68
2026-06-19 03:00:00+00:00,2.273,2.275,2.225,2.236,89846.98
2026-06-19 04:00:00+00:00,2.236,2.246,2.202,2.216,170535.74
2026-06-19 05:00:00+00:00,2.216,2.237,2.214,2.234,20151.01
2026-06-19 06:00:00+00:00,2.234,2.245,2.228,2.244,48873.14
2026-06-19 07:00:00+00:00,2.243,2.244,2.217,2.229,26731.23
2026-06-19 08:00:00+00:00,2.23,2.249,2.228,2.24,95127.35
2026-06-19 09:00:00+00:00,2.241,2.242,2.219,2.223,57023.25
2026-06-19 10:00:00+00:00,2.222,2.228,2.211,2.223,38172.31
2026-06-19 11:00:00+00:00,2.223,2.228,2.214,2.22,36408.69
2026-06-19 12:00:00+00:00,2.22,2.239,2.21,2.238,100960.05
2026-06-19 13:00:00+00:00,2.238,2.265,2.23,2.257,136044.04
2026-06-19 14:00:00+00:00,2.256,2.266,2.249,2.251,81948.46
2026-06-19 15:00:00+00:00,2.25,2.257,2.239,2.25,63091.67
2026-06-19 16:00:00+00:00,2.251,2.259,2.232,2.236,42262.06
2026-06-19 17:00:00+00:00,2.237,2.267,2.235,2.256,42393.2
2026-06-19 18:00:00+00:00,2.256,2.257,2.235,2.241,18973.42
2026-06-19 19:00:00+00:00,2.24,2.24,2.22,2.224,43856.7
2026-06-19 20:00:00+00:00,2.226,2.238,2.22,2.238,30828.51
2026-06-19 21:00:00+00:00,2.237,2.244,2.227,2.231,32511.24
2026-06-19 22:00:00+00:00,2.231,2.251,2.231,2.249,27361.95
2026-06-19 23:00:00+00:00,2.25,2.27,2.246,2.268,39038.55
2026-06-20 00:00:00+00:00,2.268,2.275,2.252,2.254,21479.12
2026-06-20 01:00:00+00:00,2.253,2.27,2.246,2.267,32661.52
2026-06-20 02:00:00+00:00,2.266,2.27,2.248,2.25,24686.54
2026-06-20 03:00:00+00:00,2.249,2.27,2.243,2.265,68247.1
2026-06-20 04:00:00+00:00,2.265,2.287,2.26,2.277,98504.75
2026-06-20 05:00:00+00:00,2.279,2.292,2.271,2.286,132479.71
2026-06-20 06:00:00+00:00,2.287,2.293,2.279,2.29,61577.86
2026-06-20 07:00:00+00:00,2.29,2.292,2.272,2.28,56253.49
2026-06-20 08:00:00+00:00,2.281,2.313,2.272,2.296,150426.83
2026-06-20 09:00:00+00:00,2.296,2.313,2.293,2.31,98792.29
2026-06-20 10:00:00+00:00,2.309,2.316,2.278,2.287,103128.67
2026-06-20 11:00:00+00:00,2.288,2.3,2.283,2.287,67189.99
2026-06-20 12:00:00+00:00,2.288,2.301,2.274,2.284,73991.29
2026-06-20 13:00:00+00:00,2.282,2.29,2.26,2.268,60842.75
2026-06-20 14:00:00+00:00,2.267,2.299,2.245,2.29,114227.96
2026-06-20 15:00:00+00:00,2.289,2.314,2.283,2.307,133072.63
2026-06-20 16:00:00+00:00,2.308,2.309,2.286,2.294,61016.17
2026-06-20 17:00:00+00:00,2.292,2.292,2.258,2.267,69093.53
2026-06-20 18:00:00+00:00,2.267,2.278,2.267,2.27,52824.2
2026-06-20 19:00:00+00:00,2.27,2.283,2.27,2.281,20393.88
2026-06-20 20:00:00+00:00,2.282,2.288,2.278,2.284,11274.38
2026-06-20 21:00:00+00:00,2.285,2.299,2.283,2.298,21091.03
2026-06-20 22:00:00+00:00,2.298,2.315,2.296,2.308,48600.51
2026-06-20 23:00:00+00:00,2.308,2.311,2.297,2.302,27669.8
2026-06-21 00:00:00+00:00,2.302,2.305,2.273,2.277,101410.35
2026-06-21 01:00:00+00:00,2.277,2.284,2.268,2.279,50545.11
2026-06-21 02:00:00+00:00,2.278,2.281,2.263,2.264,27053.57
2026-06-21 03:00:00+00:00,2.264,2.282,2.262,2.277,47948.7
2026-06-21 04:00:00+00:00,2.278,2.28,2.262,2.264,69292.26
2026-06-21 05:00:00+00:00,2.263,2.267,2.254,2.26,71143.75
2026-06-21 06:00:00+00:00,2.259,2.271,2.256,2.265,29745.03
2026-06-21 07:00:00+00:00,2.265,2.274,2.259,2.266,22831.66
2026-06-21 08:00:00+00:00,2.267,2.279,2.257,2.275,88269.66
2026-06-21 09:00:00+00:00,2.275,2.285,2.266,2.283,63564.18
2026-06-21 10:00:00+00:00,2.282,2.297,2.28,2.28,214959.93
2026-06-21 11:00:00+00:00,2.281,2.286,2.263,2.266,88000.49
2026-06-21 12:00:00+00:00,2.266,2.273,2.258,2.268,62834.29
2026-06-21 13:00:00+00:00,2.268,2.284,2.266,2.28,43962.08
2026-06-21 14:00:00+00:00,2.279,2.281,2.266,2.278,41131.76
2026-06-21 15:00:00+00:00,2.278,2.292,2.276,2.29,97417.41
2026-06-21 16:00:00+00:00,2.29,2.294,2.271,2.277,87649.87
2026-06-21 17:00:00+00:00,2.276,2.283,2.266,2.27,27115.78
2026-06-21 18:00:00+00:00,2.27,2.281,2.263,2.276,22239.82
2026-06-21 19:00:00+00:00,2.276,2.282,2.275,2.279,12663.88
2026-06-21 20:00:00+00:00,2.278,2.278,2.25,2.255,43353.83
2026-06-21 21:00:00+00:00,2.255,2.255,2.224,2.239,83420.93
2026-06-21 22:00:00+00:00,2.238,2.243,2.226,2.231,135101.05
2026-06-21 23:00:00+00:00,2.23,2.23,2.197,2.211,146688.67
2026-06-22 00:00:00+00:00,2.212,2.242,2.212,2.24,57069.35
2026-06-22 01:00:00+00:00,2.241,2.289,2.239,2.268,125186.92
2026-06-22 02:00:00+00:00,2.268,2.269,2.249,2.25,28607.57
2026-06-22 03:00:00+00:00,2.25,2.257,2.235,2.24,32416.7
2026-06-22 04:00:00+00:00,2.241,2.25,2.229,2.25,63550.27
2026-06-22 05:00:00+00:00,2.25,2.261,2.246,2.255,57069.25
2026-06-22 06:00:00+00:00,2.256,2.265,2.248,2.252,25229.75
2026-06-22 07:00:00+00:00,2.251,2.269,2.25,2.259,47052.38
2026-06-22 08:00:00+00:00,2.259,2.263,2.249,2.258,36116.88
2026-06-22 09:00:00+00:00,2.259,2.286,2.255,2.262,80791.04
2026-06-22 10:00:00+00:00,2.261,2.27,2.259,2.266,34347.38
2026-06-22 11:00:00+00:00,2.267,2.299,2.263,2.297,165603.26
2026-06-22 12:00:00+00:00,2.298,2.312,2.291,2.299,98009.66
2026-06-22 13:00:00+00:00,2.298,2.321,2.294,2.319,165071.19
2026-06-22 14:00:00+00:00,2.319,2.32,2.274,2.294,100597.96
2026-06-22 15:00:00+00:00,2.295,2.307,2.283,2.283,82219.06
2026-06-22 16:00:00+00:00,2.285,2.287,2.262,2.276,86979.91
2026-06-22 17:00:00+00:00,2.277,2.281,2.26,2.279,31311.94
2026-06-22 18:00:00+00:00,2.28,2.286,2.258,2.259,44530.29
2026-06-22 19:00:00+00:00,2.258,2.262,2.239,2.25,54115.8
2026-06-22 20:00:00+00:00,2.25,2.263,2.247,2.258,29873.02
2026-06-22 21:00:00+00:00,2.259,2.264,2.245,2.255,25147.3
2026-06-22 22:00:00+00:00,2.254,2.26,2.22,2.232,67048.77
2026-06-22 23:00:00+00:00,2.231,2.246,2.225,2.239,34071.57
2026-06-23 00:00:00+00:00,2.238,2.253,2.234,2.25,30431.94
2026-06-23 01:00:00+00:00,2.25,2.27,2.233,2.25,58096.57
2026-06-23 02:00:00+00:00,2.249,2.253,2.235,2.247,28424.73
2026-06-23 03:00:00+00:00,2.246,2.247,2.232,2.247,25124.64
2026-06-23 04:00:00+00:00,2.247,2.251,2.226,2.228,49329.98
2026-06-23 05:00:00+00:00,2.229,2.244,2.226,2.241,42471.46
2026-06-23 06:00:00+00:00,2.242,2.242,2.167,2.203,199644.74
2026-06-23 07:00:00+00:00,2.201,2.211,2.186,2.187,53177.59
2026-06-23 08:00:00+00:00,2.187,2.194,2.126,2.157,199286.07
2026-06-23 09:00:00+00:00,2.157,2.167,2.151,2.163,63212.72
2026-06-23 10:00:00+00:00,2.163,2.169,2.135,2.145,164152.35
2026-06-23 11:00:00+00:00,2.145,2.17,2.142,2.161,242413.38
2026-06-23 12:00:00+00:00,2.163,2.166,2.139,2.144,60032.47
2026-06-23 13:00:00+00:00,2.141,2.171,2.136,2.167,110507.8
2026-06-23 14:00:00+00:00,2.168,2.179,2.15,2.154,95072.12
2026-06-23 15:00:00+00:00,2.155,2.16,2.139,2.152,68381.98
2026-06-23 16:00:00+00:00,2.153,2.174,2.15,2.159,83100.78
2026-06-23 17:00:00+00:00,2.158,2.175,2.143,2.149,83151.56
2026-06-23 18:00:00+00:00,2.15,2.161,2.143,2.151,26283.66
2026-06-23 19:00:00+00:00,2.151,2.167,2.151,2.161,35793.22
2026-06-23 20:00:00+00:00,2.161,2.178,2.161,2.177,37814.45
2026-06-23 21:00:00+00:00,2.178,2.219,2.176,2.208,175211.43
2026-06-23 22:00:00+00:00,2.209,2.226,2.209,2.219,57371.18
2026-06-23 23:00:00+00:00,2.22,2.221,2.202,2.214,43870.52
2026-06-24 00:00:00+00:00,2.215,2.224,2.207,2.211,45610.81
2026-06-24 01:00:00+00:00,2.212,2.226,2.204,2.213,33089.91
2026-06-24 02:00:00+00:00,2.214,2.215,2.19,2.192,45993.87
2026-06-24 03:00:00+00:00,2.193,2.195,2.18,2.184,57587.63
2026-06-24 04:00:00+00:00,2.183,2.191,2.167,2.185,35912.18
2026-06-24 05:00:00+00:00,2.185,2.197,2.185,2.192,30218.02
2026-06-24 06:00:00+00:00,2.191,2.191,2.185,2.19,16057.09
2026-06-24 07:00:00+00:00,2.189,2.191,2.176,2.179,27673.84
2026-06-24 08:00:00+00:00,2.179,2.193,2.177,2.193,37472.32
2026-06-24 09:00:00+00:00,2.192,2.195,2.181,2.189,19190.85
2026-06-24 10:00:00+00:00,2.189,2.19,2.172,2.172,44210.47
2026-06-24 11:00:00+00:00,2.174,2.212,2.169,2.194,121228.21
2026-06-24 12:00:00+00:00,2.194,2.216,2.191,2.194,114319.14
2026-06-24 13:00:00+00:00,2.195,2.196,2.142,2.168,229644.0
2026-06-24 14:00:00+00:00,2.168,2.189,2.157,2.183,131891.21
2026-06-24 15:00:00+00:00,2.184,2.184,2.119,2.127,253851.06
2026-06-24 16:00:00+00:00,2.127,2.147,2.05,2.07,492273.71
2026-06-24 17:00:00+00:00,2.071,2.089,2.046,2.055,367451.58
2026-06-24 18:00:00+00:00,2.056,2.108,2.046,2.098,154938.96
2026-06-24 19:00:00+00:00,2.099,2.119,2.09,2.118,148149.03
2026-06-24 20:00:00+00:00,2.117,2.176,2.113,2.165,146864.52
2026-06-24 21:00:00+00:00,2.166,2.189,2.153,2.187,64888.97
2026-06-24 22:00:00+00:00,2.187,2.198,2.181,2.181,35850.35
2026-06-24 23:00:00+00:00,2.18,2.192,2.175,2.19,48884.23
2026-06-25 00:00:00+00:00,2.19,2.221,2.182,2.185,125796.4
2026-06-25 01:00:00+00:00,2.184,2.191,2.179,2.191,31076.37
2026-06-25 02:00:00+00:00,2.19,2.196,2.184,2.192,29590.45
2026-06-25 03:00:00+00:00,2.193,2.201,2.183,2.201,33379.84
2026-06-25 04:00:00+00:00,2.2,2.219,2.195,2.217,49926.34
2026-06-25 05:00:00+00:00,2.216,2.249,2.214,2.237,103336.44
2026-06-25 06:00:00+00:00,2.237,2.29,2.237,2.258,307529.24
2026-06-25 07:00:00+00:00,2.258,2.269,2.254,2.261,78350.75
2026-06-25 08:00:00+00:00,2.262,2.273,2.256,2.265,114221.44
2026-06-25 09:00:00+00:00,2.266,2.268,2.244,2.26,90218.94
2026-06-25 10:00:00+00:00,2.26,2.262,2.237,2.24,81188.19
2026-06-25 11:00:00+00:00,2.24,2.242,2.227,2.237,93971.34
2026-06-25 12:00:00+00:00,2.238,2.245,2.214,2.225,146246.66
2026-06-25 13:00:00+00:00,2.225,2.249,2.068,2.079,400099.46
2026-06-25 14:00:00+00:00,2.08,2.191,2.08,2.165,396764.0
2026-06-25 15:00:00+00:00,2.166,2.181,2.141,2.175,178733.98
2026-06-25 16:00:00+00:00,2.176,2.2,2.159,2.165,76703.95
2026-06-25 17:00:00+00:00,2.165,2.2,2.161,2.185,100245.52
2026-06-25 18:00:00+00:00,2.186,2.186,2.14,2.145,349605.81
2026-06-25 19:00:00+00:00,2.145,2.146,2.126,2.144,207651.58
2026-06-25 20:00:00+00:00,2.144,2.167,2.136,2.136,62105.14
2026-06-25 21:00:00+00:00,2.137,2.168,2.134,2.166,72186.2
2026-06-25 22:00:00+00:00,2.166,2.17,2.155,2.16,40598.37
2026-06-25 23:00:00+00:00,2.159,2.188,2.159,2.169,59692.74
2026-06-26 00:00:00+00:00,2.17,2.187,2.168,2.173,29049.55
2026-06-26 01:00:00+00:00,2.174,2.175,2.141,2.143,65079.22
2026-06-26 02:00:00+00:00,2.144,2.145,2.086,2.102,121715.68
2026-06-26 03:00:00+00:00,2.103,2.161,2.08,2.16,217778.64
2026-06-26 04:00:00+00:00,2.16,2.17,2.142,2.144,51166.59
2026-06-26 05:00:00+00:00,2.143,2.157,2.135,2.15,24270.79
2026-06-26 06:00:00+00:00,2.149,2.172,2.135,2.167,77980.85
2026-06-26 07:00:00+00:00,2.165,2.185,2.164,2.175,46769.89
2026-06-26 08:00:00+00:00,2.175,2.181,2.151,2.156,78989.7
2026-06-26 09:00:00+00:00,2.158,2.158,2.136,2.136,36188.47
2026-06-26 10:00:00+00:00,2.137,2.138,2.115,2.115,85532.47
2026-06-26 11:00:00+00:00,2.115,2.126,2.11,2.113,41400.64
2026-06-26 12:00:00+00:00,2.114,2.134,2.093,2.107,67995.17
2026-06-26 13:00:00+00:00,2.108,2.169,2.09,2.167,99743.98
2026-06-26 14:00:00+00:00,2.168,2.173,2.135,2.143,59834.23
2026-06-26 15:00:00+00:00,2.142,2.197,2.14,2.182,99259.97
2026-06-26 16:00:00+00:00,2.183,2.24,2.183,2.213,160181.08
2026-06-26 17:00:00+00:00,2.213,2.232,2.202,2.204,55480.75
2026-06-26 18:00:00+00:00,2.205,2.212,2.191,2.195,34167.06
2026-06-26 19:00:00+00:00,2.196,2.248,2.195,2.208,93709.69
2026-06-26 20:00:00+00:00,2.209,2.24,2.202,2.205,90049.39
2026-06-26 21:00:00+00:00,2.206,2.22,2.197,2.203,42387.86
2026-06-26 22:00:00+00:00,2.202,2.207,2.193,2.202,42360.85
2026-06-26 23:00:00+00:00,2.201,2.211,2.197,2.205,16712.1
2026-06-27 00:00:00+00:00,2.207,2.212,2.181,2.192,23171.47
2026-06-27 01:00:00+00:00,2.192,2.202,2.186,2.188,28100.66
2026-06-27 02:00:00+00:00,2.187,2.221,2.186,2.211,48475.09
2026-06-27 03:00:00+00:00,2.21,2.212,2.189,2.193,30333.23
2026-06-27 04:00:00+00:00,2.193,2.206,2.184,2.189,66832.41
2026-06-27 05:00:00+00:00,2.189,2.193,2.184,2.192,20128.95
2026-06-27 06:00:00+00:00,2.191,2.195,2.18,2.185,29331.22
2026-06-27 07:00:00+00:00,2.186,2.196,2.178,2.191,25205.55
2026-06-27 08:00:00+00:00,2.19,2.19,2.182,2.184,12921.91
2026-06-27 09:00:00+00:00,2.183,2.183,2.168,2.179,31017.77
2026-06-27 10:00:00+00:00,2.179,2.183,2.176,2.177,12760.81
2026-06-27 11:00:00+00:00,2.177,2.178,2.168,2.177,27285.24
2026-06-27 12:00:00+00:00,2.178,2.206,2.178,2.19,69068.09
2026-06-27 13:00:00+00:00,2.189,2.206,2.188,2.196,34446.95
2026-06-27 14:00:00+00:00,2.196,2.198,2.183,2.186,39687.34
2026-06-27 15:00:00+00:00,2.187,2.199,2.183,2.194,43541.14
2026-06-27 16:00:00+00:00,2.194,2.197,2.186,2.19,22869.42
2026-06-27 17:00:00+00:00,2.19,2.19,2.17,2.175,65744.52
2026-06-27 18:00:00+00:00,2.174,2.178,2.165,2.172,46379.31
2026-06-27 19:00:00+00:00,2.173,2.178,2.14,2.156,57167.02
2026-06-27 20:00:00+00:00,2.156,2.161,2.152,2.155,19778.33
2026-06-27 21:00:00+00:00,2.156,2.163,2.142,2.151,20775.94
2026-06-27 22:00:00+00:00,2.151,2.158,2.138,2.153,26968.27
2026-06-27 23:00:00+00:00,2.153,2.158,2.143,2.145,33866.9
2026-06-28 00:00:00+00:00,2.145,2.154,2.142,2.147,25226.22
2026-06-28 01:00:00+00:00,2.146,2.15,2.139,2.147,23178.86
2026-06-28 02:00:00+00:00,2.147,2.158,2.142,2.151,33813.07
2026-06-28 03:00:00+00:00,2.152,2.193,2.152,2.188,64621.43
2026-06-28 04:00:00+00:00,2.188,2.188,2.16,2.166,47428.01
2026-06-28 05:00:00+00:00,2.166,2.166,2.153,2.161,33943.08
2026-06-28 06:00:00+00:00,2.161,2.162,2.14,2.145,22259.45
2026-06-28 07:00:00+00:00,2.144,2.163,2.144,2.162,22502.36
2026-06-28 08:00:00+00:00,2.162,2.189,2.151,2.175,111210.66
2026-06-28 09:00:00+00:00,2.176,2.178,2.152,2.155,14305.49
2026-06-28 10:00:00+00:00,2.156,2.164,2.144,2.152,76993.09
2026-06-28 11:00:00+00:00,2.152,2.158,2.146,2.152,35792.77
2026-06-28 12:00:00+00:00,2.152,2.16,2.144,2.152,30821.66
2026-06-28 13:00:00+00:00,2.151,2.152,2.14,2.148,23363.77
2026-06-28 14:00:00+00:00,2.148,2.175,2.141,2.167,130026.47
2026-06-28 15:00:00+00:00,2.167,2.183,2.163,2.172,28960.43
2026-06-28 16:00:00+00:00,2.173,2.174,2.154,2.163,26949.13
2026-06-28 17:00:00+00:00,2.163,2.17,2.144,2.155,23388.32
2026-06-28 18:00:00+00:00,2.155,2.157,2.147,2.154,10290.84
2026-06-28 19:00:00+00:00,2.156,2.156,2.129,2.138,37168.18
2026-06-28 20:00:00+00:00,2.137,2.149,2.135,2.141,48628.41
2026-06-28 21:00:00+00:00,2.141,2.143,2.113,2.119,59443.25
2026-06-28 22:00:00+00:00,2.12,2.15,2.11,2.125,47525.59
2026-06-28 23:00:00+00:00,2.124,2.151,2.123,2.145,22175.5
2026-06-29 00:00:00+00:00,2.144,2.17,2.128,2.169,74469.35
2026-06-29 01:00:00+00:00,2.168,2.171,2.143,2.17,30556.12
2026-06-29 02:00:00+00:00,2.168,2.181,2.146,2.177,54527.06
2026-06-29 03:00:00+00:00,2.178,2.201,2.173,2.182,98688.21
2026-06-29 04:00:00+00:00,2.182,2.182,2.161,2.167,101187.27
2026-06-29 05:00:00+00:00,2.167,2.17,2.145,2.17,50463.56
2026-06-29 06:00:00+00:00,2.171,2.178,2.162,2.165,52226.39
2026-06-29 07:00:00+00:00,2.164,2.18,2.158,2.17,31403.66
2026-06-29 08:00:00+00:00,2.169,2.175,2.158,2.161,101448.54
2026-06-29 09:00:00+00:00,2.161,2.173,2.16,2.171,30809.23
2026-06-29 10:00:00+00:00,2.171,2.192,2.171,2.181,62162.85
2026-06-29 11:00:00+00:00,2.181,2.191,2.165,2.171,47148.83
2026-06-29 12:00:00+00:00,2.172,2.199,2.157,2.176,84588.8
2026-06-29 13:00:00+00:00,2.177,2.189,2.15,2.16,76913.0
2026-06-29 14:00:00+00:00,2.161,2.162,2.131,2.156,97321.56
2026-06-29 15:00:00+00:00,2.157,2.163,2.132,2.16,52476.6
2026-06-29 16:00:00+00:00,2.16,2.169,2.15,2.167,39154.37
2026-06-29 17:00:00+00:00,2.166,2.203,2.166,2.188,106309.52
2026-06-29 18:00:00+00:00,2.188,2.193,2.173,2.176,28728.14
2026-06-29 19:00:00+00:00,2.177,2.19,2.173,2.179,23702.21
2026-06-29 20:00:00+00:00,2.179,2.214,2.177,2.187,101072.03
2026-06-29 21:00:00+00:00,2.186,2.216,2.183,2.206,49668.17
2026-06-29 22:00:00+00:00,2.207,2.236,2.197,2.204,64082.62
2026-06-29 23:00:00+00:00,2.205,2.212,2.192,2.199,35093.58
2026-06-30 00:00:00+00:00,2.199,2.205,2.174,2.176,44228.58
2026-06-30 01:00:00+00:00,2.176,2.178,2.162,2.172,36316.26
2026-06-30 02:00:00+00:00,2.171,2.171,2.153,2.154,50367.99
2026-06-30 03:00:00+00:00,2.155,2.163,2.151,2.154,27417.07
2026-06-30 04:00:00+00:00,2.154,2.163,2.146,2.159,39410.42
2026-06-30 05:00:00+00:00,2.157,2.16,2.145,2.156,23548.13
2026-06-30 06:00:00+00:00,2.156,2.159,2.149,2.152,17269.33
2026-06-30 07:00:00+00:00,2.153,2.157,2.14,2.144,42189.29
2026-06-30 08:00:00+00:00,2.144,2.147,2.134,2.145,53726.93
2026-06-30 09:00:00+00:00,2.143,2.148,2.132,2.147,78153.66
2026-06-30 10:00:00+00:00,2.147,2.152,2.14,2.142,36061.09
2026-06-30 11:00:00+00:00,2.141,2.144,2.112,2.122,157991.99
2026-06-30 12:00:00+00:00,2.121,2.13,2.084,2.085,191979.93
2026-06-30 13:00:00+00:00,2.086,2.12,2.086,2.115,144852.48
2026-06-30 14:00:00+00:00,2.114,2.147,2.112,2.122,103885.36
2026-06-30 15:00:00+00:00,2.122,2.127,2.105,2.105,81012.05
2026-06-30 16:00:00+00:00,2.106,2.119,2.088,2.118,95691.28
2026-06-30 17:00:00+00:00,2.117,2.122,2.108,2.114,45213.35
2026-06-30 18:00:00+00:00,2.114,2.121,2.102,2.111,55277.32
2026-06-30 19:00:00+00:00,2.111,2.117,2.105,2.106,63030.05
2026-06-30 20:00:00+00:00,2.104,2.111,2.097,2.1,46426.24
2026-06-30 21:00:00+00:00,2.101,2.107,2.099,2.106,25570.96
2026-06-30 22:00:00+00:00,2.107,2.114,2.097,2.105,42088.09
2026-06-30 23:00:00+00:00,2.104,2.107,2.098,2.1,69256.08
2026-07-01 00:00:00+00:00,2.1,2.108,2.094,2.098,47976.62
2026-07-01 01:00:00+00:00,2.098,2.105,2.049,2.101,172138.5
2026-07-01 02:00:00+00:00,2.1,2.115,2.092,2.112,99135.29
2026-07-01 03:00:00+00:00,2.112,2.135,2.099,2.13,102851.65
2026-07-01 04:00:00+00:00,2.132,2.148,2.129,2.144,56852.88
2026-07-01 05:00:00+00:00,2.144,2.146,2.133,2.135,47462.86
2026-07-01 06:00:00+00:00,2.136,2.137,2.101,2.111,91637.22
2026-07-01 07:00:00+00:00,2.113,2.114,2.101,2.105,59688.12
2026-07-01 08:00:00+00:00,2.104,2.108,2.087,2.107,101579.35
2026-07-01 09:00:00+00:00,2.106,2.114,2.102,2.105,52782.01
2026-07-01 10:00:00+00:00,2.105,2.115,2.098,2.11,57954.36
2026-07-01 11:00:00+00:00,2.109,2.12,2.102,2.108,74083.44
2026-07-01 12:00:00+00:00,2.109,2.111,2.101,2.111,47954.23
2026-07-01 13:00:00+00:00,2.112,2.181,2.097,2.163,225858.7
2026-07-01 14:00:00+00:00,2.162,2.191,2.147,2.184,273616.56
2026-07-01 15:00:00+00:00,2.184,2.211,2.174,2.179,191067.09
2026-07-01 16:00:00+00:00,2.178,2.191,2.158,2.164,88608.36
2026-07-01 17:00:00+00:00,2.164,2.168,2.153,2.166,36236.67
2026-07-01 18:00:00+00:00,2.166,2.171,2.151,2.157,57031.99
2026-07-01 19:00:00+00:00,2.157,2.166,2.14,2.143,36660.11
2026-07-01 20:00:00+00:00,2.143,2.151,2.135,2.15,35204.56
2026-07-01 21:00:00+00:00,2.15,2.214,2.15,2.208,154885.95
2026-07-01 22:00:00+00:00,2.209,2.258,2.181,2.185,372203.14
2026-07-01 23:00:00+00:00,2.184,2.184,2.148,2.149,71439.33
2026-07-02 00:00:00+00:00,2.149,2.158,2.124,2.139,103554.47
2026-07-02 01:00:00+00:00,2.14,2.186,2.139,2.183,157402.73
2026-07-02 02:00:00+00:00,2.183,2.203,2.175,2.181,114609.55
2026-07-02 03:00:00+00:00,2.181,2.204,2.174,2.201,83399.03
2026-07-02 04:00:00+00:00,2.201,2.204,2.183,2.194,53046.68
2026-07-02 05:00:00+00:00,2.193,2.193,2.17,2.171,44984.4
2026-07-02 06:00:00+00:00,2.171,2.171,2.158,2.164,73130.87
2026-07-02 07:00:00+00:00,2.163,2.198,2.158,2.196,124036.17
2026-07-02 08:00:00+00:00,2.197,2.226,2.186,2.21,187926.06
2026-07-02 09:00:00+00:00,2.209,2.229,2.198,2.225,137024.63
2026-07-02 10:00:00+00:00,2.224,2.249,2.221,2.237,167605.04
2026-07-02 11:00:00+00:00,2.237,2.243,2.22,2.228,72280.17
2026-07-02 12:00:00+00:00,2.227,2.241,2.222,2.236,85920.7
2026-07-02 13:00:00+00:00,2.238,2.254,2.226,2.243,126345.97
2026-07-02 14:00:00+00:00,2.243,2.251,2.19,2.197,358676.55
2026-07-02 15:00:00+00:00,2.196,2.199,2.177,2.195,113855.31
2026-07-02 16:00:00+00:00,2.195,2.21,2.18,2.186,99946.52
2026-07-02 17:00:00+00:00,2.185,2.212,2.182,2.202,77322.36
2026-07-02 18:00:00+00:00,2.202,2.212,2.199,2.208,57375.2
2026-07-02 19:00:00+00:00,2.209,2.21,2.19,2.194,34935.19
2026-07-02 20:00:00+00:00,2.193,2.194,2.186,2.192,45042.11
2026-07-02 21:00:00+00:00,2.193,2.197,2.184,2.197,18007.93
2026-07-02 22:00:00+00:00,2.196,2.199,2.187,2.196,17164.53
2026-07-02 23:00:00+00:00,2.195,2.203,2.191,2.194,37884.92
2026-07-03 00:00:00+00:00,2.196,2.206,2.178,2.181,104300.7
2026-07-03 01:00:00+00:00,2.182,2.219,2.181,2.214,71595.64
2026-07-03 02:00:00+00:00,2.214,2.221,2.206,2.216,41488.26
2026-07-03 03:00:00+00:00,2.215,2.219,2.2,2.218,63461.23
2026-07-03 04:00:00+00:00,2.219,2.219,2.203,2.206,29536.02
2026-07-03 05:00:00+00:00,2.206,2.222,2.203,2.21,25938.3
2026-07-03 06:00:00+00:00,2.209,2.225,2.205,2.219,59637.55
2026-07-03 07:00:00+00:00,2.218,2.219,2.208,2.212,26684.37
2026-07-03 08:00:00+00:00,2.213,2.232,2.208,2.221,175397.73
2026-07-03 09:00:00+00:00,2.221,2.234,2.22,2.232,76138.55
2026-07-03 10:00:00+00:00,2.232,2.243,2.227,2.232,172788.24
2026-07-03 11:00:00+00:00,2.231,2.249,2.227,2.244,85974.35
2026-07-03 12:00:00+00:00,2.244,2.253,2.23,2.237,66938.46
2026-07-03 13:00:00+00:00,2.237,2.244,2.23,2.244,61226.24
2026-07-03 14:00:00+00:00,2.243,2.243,2.213,2.243,82876.28
2026-07-03 15:00:00+00:00,2.243,2.253,2.218,2.219,104115.31
2026-07-03 16:00:00+00:00,2.22,2.225,2.213,2.222,72716.12
2026-07-03 17:00:00+00:00,2.222,2.24,2.221,2.234,76360.51
2026-07-03 18:00:00+00:00,2.234,2.24,2.226,2.229,51189.48
2026-07-03 19:00:00+00:00,2.229,2.243,2.222,2.23,109752.07
2026-07-03 20:00:00+00:00,2.229,2.252,2.222,2.246,235454.31
2026-07-03 21:00:00+00:00,2.247,2.25,2.23,2.245,59465.2
2026-07-03 22:00:00+00:00,2.244,2.246,2.237,2.242,44204.9
2026-07-03 23:00:00+00:00,2.241,2.243,2.233,2.241,34430.56
2026-07-04 00:00:00+00:00,2.24,2.249,2.232,2.233,46257.45
2026-07-04 01:00:00+00:00,2.233,2.233,2.208,2.217,67800.42
2026-07-04 02:00:00+00:00,2.216,2.225,2.212,2.224,78115.26
2026-07-04 03:00:00+00:00,2.225,2.232,2.218,2.227,41920.0
2026-07-04 04:00:00+00:00,2.227,2.235,2.217,2.228,34609.6
2026-07-04 05:00:00+00:00,2.226,2.226,2.211,2.222,38392.42
2026-07-04 06:00:00+00:00,2.221,2.228,2.212,2.221,22512.84
2026-07-04 07:00:00+00:00,2.221,2.225,2.207,2.213,42860.31
2026-07-04 08:00:00+00:00,2.213,2.221,2.206,2.215,41655.93
2026-07-04 09:00:00+00:00,2.216,2.221,2.197,2.204,65788.02
2026-07-04 10:00:00+00:00,2.203,2.212,2.2,2.21,36936.71
2026-07-04 11:00:00+00:00,2.209,2.221,2.208,2.218,40594.99
2026-07-04 12:00:00+00:00,2.218,2.233,2.218,2.226,75763.18
2026-07-04 13:00:00+00:00,2.228,2.238,2.22,2.225,120998.73
2026-07-04 14:00:00+00:00,2.225,2.249,2.217,2.237,172039.86
2026-07-04 15:00:00+00:00,2.237,2.268,2.234,2.267,156766.01
2026-07-04 16:00:00+00:00,2.266,2.28,2.257,2.259,166330.42
2026-07-04 17:00:00+00:00,2.259,2.3,2.25,2.277,178654.99
2026-07-04 18:00:00+00:00,2.278,2.281,2.26,2.273,88810.78
2026-07-04 19:00:00+00:00,2.272,2.275,2.256,2.26,30054.59
2026-07-04 20:00:00+00:00,2.26,2.279,2.244,2.251,147400.65
2026-07-04 21:00:00+00:00,2.252,2.268,2.251,2.26,69402.64
2026-07-04 22:00:00+00:00,2.261,2.266,2.25,2.26,67053.77
2026-07-04 23:00:00+00:00,2.26,2.26,2.236,2.247,57816.91
2026-07-05 00:00:00+00:00,2.246,2.246,2.217,2.223,60454.42
2026-07-05 01:00:00+00:00,2.224,2.228,2.214,2.222,72073.42
2026-07-05 02:00:00+00:00,2.222,2.226,2.201,2.208,90853.02
2026-07-05 03:00:00+00:00,2.209,2.213,2.202,2.206,19020.11
2026-07-05 04:00:00+00:00,2.208,2.221,2.205,2.215,20625.62
2026-07-05 05:00:00+00:00,2.214,2.219,2.202,2.214,36539.09
2026-07-05 06:00:00+00:00,2.214,2.215,2.205,2.213,17687.88
2026-07-05 07:00:00+00:00,2.212,2.23,2.21,2.225,58000.41
2026-07-05 08:00:00+00:00,2.224,2.228,2.212,2.213,40461.54
2026-07-05 09:00:00+00:00,2.213,2.224,2.187,2.192,119527.62
2026-07-05 10:00:00+00:00,2.191,2.191,2.167,2.185,177962.67
2026-07-05 11:00:00+00:00,2.185,2.186,2.171,2.178,45482.34
2026-07-05 12:00:00+00:00,2.177,2.198,2.174,2.196,86717.33
2026-07-05 13:00:00+00:00,2.196,2.2,2.188,2.196,35983.51
2026-07-05 14:00:00+00:00,2.198,2.199,2.187,2.197,18714.94
2026-07-05 15:00:00+00:00,2.197,2.207,2.19,2.197,24323.54
2026-07-05 16:00:00+00:00,2.197,2.201,2.181,2.188,60816.37
2026-07-05 17:00:00+00:00,2.187,2.201,2.185,2.192,26354.3
2026-07-05 18:00:00+00:00,2.192,2.201,2.191,2.196,17061.09
2026-07-05 19:00:00+00:00,2.195,2.202,2.189,2.192,25279.73
2026-07-05 20:00:00+00:00,2.192,2.197,2.186,2.189,16638.52
2026-07-05 21:00:00+00:00,2.191,2.211,2.184,2.203,38769.64
2026-07-05 22:00:00+00:00,2.203,2.22,2.201,2.209,74009.44
2026-07-05 23:00:00+00:00,2.21,2.226,2.205,2.209,166024.91
2026-07-06 00:00:00+00:00,2.207,2.213,2.182,2.205,86923.12
2026-07-06 01:00:00+00:00,2.204,2.209,2.194,2.196,22827.11
2026-07-06 02:00:00+00:00,2.197,2.221,2.191,2.202,129472.0
2026-07-06 03:00:00+00:00,2.202,2.211,2.197,2.209,45482.86
2026-07-06 04:00:00+00:00,2.208,2.213,2.197,2.197,34762.5
2026-07-06 05:00:00+00:00,2.196,2.196,2.148,2.161,188811.18
2026-07-06 06:00:00+00:00,2.16,2.165,2.152,2.162,67721.79
2026-07-06 07:00:00+00:00,2.16,2.176,2.159,2.17,34746.69
2026-07-06 08:00:00+00:00,2.169,2.173,2.15,2.159,80997.7
2026-07-06 09:00:00+00:00,2.159,2.166,2.156,2.162,79696.16
2026-07-06 10:00:00+00:00,2.161,2.191,2.16,2.186,63303.74
2026-07-06 11:00:00+00:00,2.187,2.194,2.174,2.174,38893.92
2026-07-06 12:00:00+00:00,2.175,2.175,2.132,2.145,225168.91
2026-07-06 13:00:00+00:00,2.146,2.18,2.13,2.168,236177.3
2026-07-06 14:00:00+00:00,2.167,2.187,2.166,2.177,97509.6
2026-07-06 15:00:00+00:00,2.178,2.212,2.177,2.211,102854.66
2026-07-06 16:00:00+00:00,2.211,2.24,2.196,2.208,325642.79
2026-07-06 17:00:00+00:00,2.207,2.22,2.201,2.203,40728.74
2026-07-06 18:00:00+00:00,2.203,2.219,2.203,2.214,41532.81
2026-07-06 19:00:00+00:00,2.214,2.232,2.212,2.223,98737.78
2026-07-06 20:00:00+00:00,2.222,2.243,2.218,2.228,163298.42
2026-07-06 21:00:00+00:00,2.228,2.272,2.228,2.25,107296.54
2026-07-06 22:00:00+00:00,2.25,2.25,2.23,2.23,49275.72
2026-07-06 23:00:00+00:00,2.232,2.238,2.221,2.222,83287.72
2026-07-07 00:00:00+00:00,2.224,2.246,2.223,2.237,35383.76
2026-07-07 01:00:00+00:00,2.237,2.239,2.202,2.213,57994.58
2026-07-07 02:00:00+00:00,2.213,2.218,2.197,2.201,31945.28
2026-07-07 03:00:00+00:00,2.202,2.206,2.179,2.183,74164.02
2026-07-07 04:00:00+00:00,2.181,2.184,2.17,2.181,109121.33
2026-07-07 05:00:00+00:00,2.18,2.201,2.167,2.199,79634.82
2026-07-07 06:00:00+00:00,2.198,2.221,2.196,2.217,49533.44
2026-07-07 07:00:00+00:00,2.216,2.232,2.215,2.231,78780.23
2026-07-07 08:00:00+00:00,2.231,2.235,2.214,2.232,124234.83
2026-07-07 09:00:00+00:00,2.232,2.263,2.214,2.24,177712.81
2026-07-07 10:00:00+00:00,2.24,2.268,2.226,2.236,209370.72
2026-07-07 11:00:00+00:00,2.234,2.248,2.227,2.243,61665.98
2026-07-07 12:00:00+00:00,2.244,2.258,2.229,2.23,59444.42
2026-07-07 13:00:00+00:00,2.229,2.231,2.204,2.208,90862.11
2026-07-07 14:00:00+00:00,2.208,2.229,2.185,2.226,184700.46
2026-07-07 15:00:00+00:00,2.225,2.257,2.224,2.256,145728.77
2026-07-07 16:00:00+00:00,2.256,2.262,2.247,2.249,136711.74
2026-07-07 17:00:00+00:00,2.248,2.25,2.236,2.245,54643.07
2026-07-07 18:00:00+00:00,2.245,2.245,2.203,2.203,59757.76
2026-07-07 19:00:00+00:00,2.204,2.219,2.192,2.214,90870.63
2026-07-07 20:00:00+00:00,2.215,2.217,2.192,2.197,47800.39
2026-07-07 21:00:00+00:00,2.198,2.215,2.19,2.19,65694.04
2026-07-07 22:00:00+00:00,2.191,2.205,2.179,2.204,73746.73
2026-07-07 23:00:00+00:00,2.204,2.213,2.204,2.209,37907.77
2026-07-08 00:00:00+00:00,2.21,2.246,2.207,2.244,140948.06
2026-07-08 01:00:00+00:00,2.245,2.251,2.188,2.205,129358.4
2026-07-08 02:00:00+00:00,2.204,2.209,2.176,2.202,123610.35
2026-07-08 03:00:00+00:00,2.203,2.21,2.186,2.187,71237.45
2026-07-08 04:00:00+00:00,2.188,2.194,2.178,2.186,97051.66
2026-07-08 05:00:00+00:00,2.186,2.191,2.175,2.185,33586.25
2026-07-08 06:00:00+00:00,2.185,2.193,2.173,2.191,53643.25
2026-07-08 07:00:00+00:00,2.192,2.21,2.183,2.199,113349.02
2026-07-08 08:00:00+00:00,2.199,2.202,2.15,2.166,198177.01
2026-07-08 09:00:00+00:00,2.165,2.171,2.15,2.158,94722.03
2026-07-08 10:00:00+00:00,2.158,2.168,2.151,2.167,38195.92
2026-07-08 11:00:00+00:00,2.166,2.187,2.16,2.18,49044.97
2026-07-08 12:00:00+00:00,2.179,2.186,2.159,2.159,52338.79
2026-07-08 13:00:00+00:00,2.159,2.182,2.145,2.18,109650.54
2026-07-08 14:00:00+00:00,2.18,2.186,2.159,2.174,89176.22
2026-07-08 15:00:00+00:00,2.175,2.176,2.153,2.17,38598.27
2026-07-08 16:00:00+00:00,2.17,2.198,2.169,2.195,61378.01
2026-07-08 17:00:00+00:00,2.195,2.201,2.179,2.18,67867.57
2026-07-08 18:00:00+00:00,2.181,2.204,2.181,2.198,50296.84
2026-07-08 19:00:00+00:00,2.198,2.231,2.197,2.21,99928.72
2026-07-08 20:00:00+00:00,2.208,2.21,2.195,2.199,27890.27
2026-07-08 21:00:00+00:00,2.198,2.207,2.185,2.207,24398.97
2026-07-08 22:00:00+00:00,2.205,2.224,2.205,2.218,85973.93
2026-07-08 23:00:00+00:00,2.218,2.238,2.215,2.234,80941.09
2026-07-09 00:00:00+00:00,2.233,2.247,2.223,2.232,90482.44
2026-07-09 01:00:00+00:00,2.232,2.28,2.231,2.238,236326.89
2026-07-09 02:00:00+00:00,2.238,2.251,2.224,2.229,72450.69
2026-07-09 03:00:00+00:00,2.228,2.233,2.214,2.228,47534.18
2026-07-09 04:00:00+00:00,2.229,2.23,2.216,2.229,54462.48
2026-07-09 05:00:00+00:00,2.227,2.248,2.219,2.231,103250.76
2026-07-09 06:00:00+00:00,2.232,2.25,2.226,2.25,82299.71
2026-07-09 07:00:00+00:00,2.251,2.265,2.241,2.246,197756.68
2026-07-09 08:00:00+00:00,2.246,2.26,2.242,2.26,131424.49
2026-07-09 09:00:00+00:00,2.259,2.263,2.244,2.247,70982.64
2026-07-09 10:00:00+00:00,2.246,2.251,2.228,2.24,67412.04
2026-07-09 11:00:00+00:00,2.24,2.272,2.239,2.265,85419.97
2026-07-09 12:00:00+00:00,2.266,2.297,2.262,2.266,256860.13
2026-07-09 13:00:00+00:00,2.265,2.275,2.245,2.274,73251.85
2026-07-09 14:00:00+00:00,2.275,2.301,2.27,2.28,138952.62
2026-07-09 15:00:00+00:00,2.28,2.295,2.267,2.268,79828.01
2026-07-09 16:00:00+00:00,2.269,2.275,2.258,2.264,43619.26
2026-07-09 17:00:00+00:00,2.264,2.346,2.264,2.341,286572.99
2026-07-09 18:00:00+00:00,2.34,2.399,2.322,2.375,448136.3
2026-07-09 19:00:00+00:00,2.375,2.389,2.329,2.332,195589.0
2026-07-09 20:00:00+00:00,2.331,2.356,2.328,2.346,64556.09
2026-07-09 21:00:00+00:00,2.346,2.372,2.321,2.348,104054.67
2026-07-09 22:00:00+00:00,2.348,2.364,2.341,2.344,111326.2
2026-07-09 23:00:00+00:00,2.344,2.364,2.332,2.353,128241.53
2026-07-10 00:00:00+00:00,2.353,2.367,2.332,2.351,114953.24
2026-07-10 01:00:00+00:00,2.352,2.392,2.349,2.358,146405.12
2026-07-10 02:00:00+00:00,2.36,2.362,2.335,2.354,51724.93
2026-07-10 03:00:00+00:00,2.353,2.356,2.326,2.33,153307.18
2026-07-10 04:00:00+00:00,2.331,2.331,2.308,2.319,78216.54
2026-07-10 05:00:00+00:00,2.319,2.322,2.313,2.321,21230.75
2026-07-10 06:00:00+00:00,2.321,2.321,2.304,2.307,44924.62
2026-07-10 07:00:00+00:00,2.306,2.321,2.304,2.315,55863.86
2026-07-10 08:00:00+00:00,2.317,2.338,2.314,2.334,61387.62
2026-07-10 09:00:00+00:00,2.334,2.345,2.326,2.336,57453.68
2026-07-10 10:00:00+00:00,2.336,2.349,2.327,2.338,51378.4
2026-07-10 11:00:00+00:00,2.336,2.34,2.31,2.322,196356.88
2026-07-10 12:00:00+00:00,2.321,2.338,2.301,2.304,274216.96
2026-07-10 13:00:00+00:00,2.304,2.324,2.296,2.317,141184.08
2026-07-10 14:00:00+00:00,2.316,2.322,2.276,2.279,236119.5
2026-07-10 15:00:00+00:00,2.279,2.304,2.275,2.294,122497.95
2026-07-10 16:00:00+00:00,2.294,2.305,2.286,2.3,41738.92
2026-07-10 17:00:00+00:00,2.299,2.318,2.291,2.293,102111.96
2026-07-10 18:00:00+00:00,2.292,2.302,2.276,2.286,90884.2
2026-07-10 19:00:00+00:00,2.286,2.302,2.282,2.287,180154.57
2026-07-10 20:00:00+00:00,2.286,2.291,2.26,2.263,83892.13
2026-07-10 21:00:00+00:00,2.264,2.285,2.263,2.282,50076.76
2026-07-10 22:00:00+00:00,2.283,2.298,2.283,2.296,22917.02
2026-07-10 23:00:00+00:00,2.295,2.304,2.29,2.301,72749.72
2026-07-11 00:00:00+00:00,2.301,2.302,2.282,2.294,27337.16
2026-07-11 01:00:00+00:00,2.294,2.31,2.29,2.302,45534.19
2026-07-11 02:00:00+00:00,2.302,2.33,2.3,2.31,92672.14
2026-07-11 03:00:00+00:00,2.311,2.312,2.3,2.304,23463.82
2026-07-11 04:00:00+00:00,2.304,2.306,2.282,2.285,67598.2
2026-07-11 05:00:00+00:00,2.284,2.295,2.278,2.29,48469.95
2026-07-11 06:00:00+00:00,2.289,2.296,2.282,2.285,81375.72
2026-07-11 07:00:00+00:00,2.285,2.286,2.277,2.28,31144.7
2026-07-11 08:00:00+00:00,2.279,2.283,2.274,2.283,21220.99
2026-07-11 09:00:00+00:00,2.284,2.288,2.28,2.281,14882.13
2026-07-11 10:00:00+00:00,2.281,2.287,2.277,2.282,17838.47
2026-07-11 11:00:00+00:00,2.282,2.291,2.278,2.291,38420.66
2026-07-11 12:00:00+00:00,2.29,2.291,2.278,2.288,26602.68
2026-07-11 13:00:00+00:00,2.288,2.294,2.28,2.285,44028.77
2026-07-11 14:00:00+00:00,2.284,2.291,2.267,2.274,290083.1
2026-07-11 15:00:00+00:00,2.275,2.283,2.258,2.268,177710.71
2026-07-11 16:00:00+00:00,2.268,2.283,2.247,2.283,97580.29
2026-07-11 17:00:00+00:00,2.284,2.285,2.276,2.281,34852.12
2026-07-11 18:00:00+00:00,2.281,2.295,2.278,2.29,93232.63
2026-07-11 19:00:00+00:00,2.29,2.321,2.286,2.307,230845.82
2026-07-11 20:00:00+00:00,2.308,2.314,2.298,2.298,49409.17
2026-07-11 21:00:00+00:00,2.299,2.304,2.29,2.298,59420.22
2026-07-11 22:00:00+00:00,2.298,2.298,2.272,2.278,28773.23
2026-07-11 23:00:00+00:00,2.278,2.281,2.251,2.251,82560.26
2026-07-12 00:00:00+00:00,2.251,2.266,2.246,2.256,65447.28
2026-07-12 01:00:00+00:00,2.256,2.278,2.256,2.277,106736.37
2026-07-12 02:00:00+00:00,2.277,2.278,2.271,2.274,43301.94
2026-07-12 03:00:00+00:00,2.274,2.283,2.271,2.28,17538.02
2026-07-12 04:00:00+00:00,2.281,2.287,2.276,2.286,17237.42
2026-07-12 05:00:00+00:00,2.286,2.29,2.274,2.279,53429.42
2026-07-12 06:00:00+00:00,2.278,2.278,2.255,2.264,28514.71
2026-07-12 07:00:00+00:00,2.264,2.27,2.262,2.264,44426.94
2026-07-12 08:00:00+00:00,2.263,2.273,2.248,2.254,190881.58
2026-07-12 09:00:00+00:00,2.253,2.257,2.24,2.256,54191.83
2026-07-12 10:00:00+00:00,2.256,2.257,2.239,2.246,50394.5
2026-07-12 11:00:00+00:00,2.247,2.257,2.247,2.253,22876.45
2026-07-12 12:00:00+00:00,2.253,2.258,2.249,2.251,9768.5
2026-07-12 13:00:00+00:00,2.25,2.257,2.248,2.25,18372.27
2026-07-12 14:00:00+00:00,2.25,2.262,2.24,2.257,54067.68
2026-07-12 15:00:00+00:00,2.257,2.259,2.244,2.247,17151.67
2026-07-12 16:00:00+00:00,2.247,2.253,2.241,2.246,23212.05
2026-07-12 17:00:00+00:00,2.245,2.256,2.245,2.253,78033.2
2026-07-12 18:00:00+00:00,2.253,2.261,2.25,2.259,28480.95
2026-07-12 19:00:00+00:00,2.259,2.266,2.258,2.266,23076.78
2026-07-12 20:00:00+00:00,2.267,2.268,2.254,2.255,17560.58
2026-07-12 21:00:00+00:00,2.256,2.259,2.245,2.245,84265.76
2026-07-12 22:00:00+00:00,2.244,2.244,2.222,2.228,117618.92
2026-07-12 23:00:00+00:00,2.228,2.228,2.217,2.222,103328.98
2026-07-13 00:00:00+00:00,2.222,2.252,2.216,2.232,82159.22
2026-07-13 01:00:00+00:00,2.23,2.233,2.2,2.202,94014.37
2026-07-13 02:00:00+00:00,2.201,2.215,2.194,2.21,42599.34
2026-07-13 03:00:00+00:00,2.212,2.213,2.171,2.189,118036.15
2026-07-13 04:00:00+00:00,2.188,2.193,2.183,2.187,19622.55
2026-07-13 05:00:00+00:00,2.187,2.194,2.175,2.189,69426.68
2026-07-13 06:00:00+00:00,2.19,2.194,2.182,2.191,30706.87
2026-07-13 07:00:00+00:00,2.192,2.203,2.187,2.2,19719.9
2026-07-13 08:00:00+00:00,2.199,2.217,2.197,2.212,27046.31
2026-07-13 09:00:00+00:00,2.214,2.221,2.212,2.215,97729.93
2026-07-13 10:00:00+00:00,2.215,2.228,2.21,2.219,46380.83
2026-07-13 11:00:00+00:00,2.22,2.222,2.209,2.21,87069.63
2026-07-13 12:00:00+00:00,2.21,2.212,2.193,2.197,113368.13
2026-07-13 13:00:00+00:00,2.197,2.205,2.18,2.189,42560.51
2026-07-13 14:00:00+00:00,2.188,2.205,2.175,2.204,117956.16
2026-07-13 15:00:00+00:00,2.206,2.21,2.178,2.181,78164.61
2026-07-13 16:00:00+00:00,2.181,2.188,2.166,2.172,104905.67
2026-07-13 17:00:00+00:00,2.172,2.178,2.159,2.166,47548.74
2026-07-13 18:00:00+00:00,2.167,2.179,2.166,2.172,58625.37
2026-07-13 19:00:00+00:00,2.172,2.179,2.167,2.177,35526.07
2026-07-13 20:00:00+00:00,2.176,2.176,2.157,2.164,33919.43
2026-07-13 21:00:00+00:00,2.164,2.164,2.145,2.162,53652.43
2026-07-13 22:00:00+00:00,2.163,2.178,2.163,2.167,36432.93
2026-07-13 23:00:00+00:00,2.166,2.179,2.164,2.177,53504.17
2026-07-14 00:00:00+00:00,2.177,2.192,2.169,2.19,28727.56
2026-07-14 01:00:00+00:00,2.19,2.19,2.178,2.179,15163.05
2026-07-14 02:00:00+00:00,2.179,2.182,2.17,2.173,32671.52
2026-07-14 03:00:00+00:00,2.173,2.201,2.169,2.201,45451.76
2026-07-14 04:00:00+00:00,2.202,2.205,2.187,2.191,75876.38
2026-07-14 05:00:00+00:00,2.193,2.205,2.192,2.203,27140.27
2026-07-14 06:00:00+00:00,2.203,2.213,2.198,2.212,19059.68
2026-07-14 07:00:00+00:00,2.212,2.212,2.202,2.202,29984.98
2026-07-14 08:00:00+00:00,2.201,2.203,2.194,2.198,41502.51
2026-07-14 09:00:00+00:00,2.199,2.206,2.194,2.194,35860.58
2026-07-14 10:00:00+00:00,2.195,2.195,2.184,2.186,39661.61
2026-07-14 11:00:00+00:00,2.185,2.192,2.178,2.186,28329.21
2026-07-14 12:00:00+00:00,2.187,2.224,2.183,2.22,203346.05
2026-07-14 13:00:00+00:00,2.22,2.242,2.213,2.228,187513.17
2026-07-14 14:00:00+00:00,2.228,2.249,2.221,2.245,116203.71
2026-07-14 15:00:00+00:00,2.245,2.248,2.231,2.234,125917.48
2026-07-14 16:00:00+00:00,2.234,2.239,2.225,2.232,69047.78
2026-07-14 17:00:00+00:00,2.232,2.234,2.217,2.219,82913.67
2026-07-14 18:00:00+00:00,2.219,2.225,2.211,2.217,62741.36
2026-07-14 19:00:00+00:00,2.217,2.228,2.215,2.226,45570.27
2026-07-14 20:00:00+00:00,2.226,2.227,2.217,2.222,16494.31
2026-07-14 21:00:00+00:00,2.221,2.224,2.209,2.218,61143.83
2026-07-14 22:00:00+00:00,2.22,2.232,2.213,2.224,36150.86
2026-07-14 23:00:00+00:00,2.223,2.231,2.219,2.223,55066.05
2026-07-15 00:00:00+00:00,2.223,2.225,2.218,2.224,58861.09
2026-07-15 01:00:00+00:00,2.225,2.225,2.192,2.196,137635.43
2026-07-15 02:00:00+00:00,2.197,2.197,2.186,2.19,57263.24
2026-07-15 03:00:00+00:00,2.189,2.2,2.187,2.199,40245.75
2026-07-15 04:00:00+00:00,2.198,2.202,2.193,2.197,55525.69
2026-07-15 05:00:00+00:00,2.197,2.205,2.19,2.205,19639.99
2026-07-15 06:00:00+00:00,2.203,2.214,2.199,2.2,66841.77
2026-07-15 07:00:00+00:00,2.2,2.202,2.18,2.189,42662.43
2026-07-15 08:00:00+00:00,2.188,2.191,2.182,2.188,37728.84
2026-07-15 09:00:00+00:00,2.188,2.203,2.188,2.196,120663.9
2026-07-15 10:00:00+00:00,2.197,2.204,2.196,2.2,23460.66
2026-07-15 11:00:00+00:00,2.199,2.202,2.196,2.198,25910.72
2026-07-15 12:00:00+00:00,2.198,2.227,2.192,2.227,114421.8
2026-07-15 13:00:00+00:00,2.227,2.242,2.213,2.221,144315.91
2026-07-15 14:00:00+00:00,2.221,2.227,2.206,2.212,125614.3
2026-07-15 15:00:00+00:00,2.211,2.218,2.206,2.209,73051.22
2026-07-15 16:00:00+00:00,2.21,2.212,2.19,2.201,98568.71
2026-07-15 17:00:00+00:00,2.201,2.206,2.188,2.201,47380.32
2026-07-15 18:00:00+00:00,2.202,2.209,2.192,2.193,23793.83
2026-07-15 19:00:00+00:00,2.193,2.197,2.186,2.188,29141.15
2026-07-15 20:00:00+00:00,2.188,2.204,2.187,2.195,22618.85
2026-07-15 21:00:00+00:00,2.196,2.203,2.173,2.177,65712.34
2026-07-15 22:00:00+00:00,2.177,2.189,2.173,2.185,75562.22
2026-07-15 23:00:00+00:00,2.185,2.186,2.176,2.179,33274.93
2026-07-16 00:00:00+00:00,2.179,2.186,2.165,2.17,112957.83
2026-07-16 01:00:00+00:00,2.169,2.177,2.161,2.173,80696.38
2026-07-16 02:00:00+00:00,2.173,2.184,2.169,2.183,36563.22
2026-07-16 03:00:00+00:00,2.183,2.186,2.175,2.177,20412.81
2026-07-16 04:00:00+00:00,2.177,2.179,2.172,2.176,25130.22
2026-07-16 05:00:00+00:00,2.176,2.189,2.175,2.184,72130.48
2026-07-16 06:00:00+00:00,2.184,2.19,2.173,2.177,64767.51
2026-07-16 07:00:00+00:00,2.177,2.177,2.16,2.168,58046.51
2026-07-16 08:00:00+00:00,2.168,2.169,2.149,2.16,158924.71
2026-07-16 09:00:00+00:00,2.159,2.162,2.154,2.155,45933.08
2026-07-16 10:00:00+00:00,2.155,2.164,2.154,2.163,50828.34
2026-07-16 11:00:00+00:00,2.162,2.162,2.151,2.16,37303.61
2026-07-16 12:00:00+00:00,2.16,2.163,2.149,2.153,62856.95
2026-07-16 13:00:00+00:00,2.153,2.179,2.152,2.172,62587.73
2026-07-16 14:00:00+00:00,2.173,2.182,2.164,2.17,47557.42
2026-07-16 15:00:00+00:00,2.171,2.172,2.156,2.159,59516.6
2026-07-16 16:00:00+00:00,2.158,2.159,2.152,2.156,46813.81
2026-07-16 17:00:00+00:00,2.155,2.156,2.135,2.14,120010.89
2026-07-16 18:00:00+00:00,2.141,2.149,2.137,2.144,39111.1
2026-07-16 19:00:00+00:00,2.145,2.155,2.136,2.149,51799.64
2026-07-16 20:00:00+00:00,2.148,2.149,2.138,2.141,20151.2
2026-07-16 21:00:00+00:00,2.141,2.156,2.14,2.149,43678.72
2026-07-16 22:00:00+00:00,2.15,2.155,2.128,2.133,87068.85
2026-07-16 23:00:00+00:00,2.132,2.135,2.111,2.123,152030.08
2026-07-17 00:00:00+00:00,2.123,2.136,2.12,2.136,29169.14
2026-07-17 01:00:00+00:00,2.137,2.142,2.122,2.126,26545.67
2026-07-17 02:00:00+00:00,2.128,2.133,2.118,2.126,93434.26
2026-07-17 03:00:00+00:00,2.127,2.139,2.124,2.13,20296.47
2026-07-17 04:00:00+00:00,2.129,2.137,2.117,2.136,33214.71
2026-07-17 05:00:00+00:00,2.134,2.136,2.111,2.117,56536.29
2026-07-17 06:00:00+00:00,2.116,2.134,2.11,2.131,91550.22
2026-07-17 07:00:00+00:00,2.13,2.134,2.117,2.118,85926.65
2026-07-17 08:00:00+00:00,2.118,2.122,2.095,2.109,119069.81
2026-07-17 09:00:00+00:00,2.108,2.119,2.099,2.117,44623.58
2026-07-17 10:00:00+00:00,2.117,2.146,2.117,2.13,248733.48
2026-07-17 11:00:00+00:00,2.131,2.133,2.125,2.128,22619.08
2026-07-17 12:00:00+00:00,2.129,2.135,2.126,2.128,44649.27
2026-07-17 13:00:00+00:00,2.127,2.13,2.102,2.13,134694.88
2026-07-17 14:00:00+00:00,2.13,2.142,2.128,2.13,71291.24
2026-07-17 15:00:00+00:00,2.129,2.146,2.116,2.144,124091.51
2026-07-17 16:00:00+00:00,2.145,2.15,2.14,2.143,88717.1
2026-07-17 17:00:00+00:00,2.145,2.157,2.145,2.149,98179.07
2026-07-17 18:00:00+00:00,2.148,2.156,2.141,2.151,36391.22
2026-07-17 19:00:00+00:00,2.151,2.155,2.136,2.14,15035.92
2026-07-17 20:00:00+00:00,2.139,2.14,2.123,2.131,41442.89
2026-07-17 21:00:00+00:00,2.131,2.141,2.13,2.135,11421.12
2026-07-17 22:00:00+00:00,2.137,2.14,2.134,2.14,9816.69
2026-07-17 23:00:00+00:00,2.139,2.146,2.134,2.144,15403.46
2026-07-18 00:00:00+00:00,2.145,2.149,2.145,2.146,9985.38
2026-07-18 01:00:00+00:00,2.146,2.154,2.144,2.152,15351.21
2026-07-18 02:00:00+00:00,2.152,2.169,2.149,2.156,52403.21
2026-07-18 03:00:00+00:00,2.154,2.172,2.153,2.162,69298.95
2026-07-18 04:00:00+00:00,2.162,2.168,2.153,2.157,17975.39
2026-07-18 05:00:00+00:00,2.156,2.168,2.153,2.16,12828.36
2026-07-18 06:00:00+00:00,2.161,2.178,2.16,2.169,40521.6
2026-07-18 07:00:00+00:00,2.169,2.17,2.152,2.154,24225.73
2026-07-18 08:00:00+00:00,2.154,2.157,2.149,2.151,11892.4
2026-07-18 09:00:00+00:00,2.151,2.151,2.142,2.147,24940.53
2026-07-18 10:00:00+00:00,2.147,2.149,2.144,2.146,13619.43
2026-07-18 11:00:00+00:00,2.147,2.15,2.144,2.148,22563.85
2026-07-18 12:00:00+00:00,2.149,2.156,2.137,2.146,39460.31
2026-07-18 13:00:00+00:00,2.147,2.148,2.134,2.137,45294.95
2026-07-18 14:00:00+00:00,2.139,2.149,2.136,2.146,33317.92
2026-07-18 15:00:00+00:00,2.147,2.15,2.14,2.143,8126.43
2026-07-18 16:00:00+00:00,2.143,2.149,2.138,2.145,33384.71
2026-07-18 17:00:00+00:00,2.145,2.159,2.144,2.159,44013.68
2026-07-18 18:00:00+00:00,2.159,2.167,2.155,2.158,24266.78
2026-07-18 19:00:00+00:00,2.158,2.163,2.157,2.163,19479.1
2026-07-18 20:00:00+00:00,2.163,2.168,2.162,2.165,13646.34
2026-07-18 21:00:00+00:00,2.165,2.179,2.165,2.174,62109.5
2026-07-18 22:00:00+00:00,2.174,2.186,2.174,2.182,49031.24
2026-07-18 23:00:00+00:00,2.181,2.185,2.174,2.175,16349.26
2026-07-19 00:00:00+00:00,2.175,2.187,2.17,2.172,43981.21
2026-07-19 01:00:00+00:00,2.172,2.175,2.167,2.169,15184.87
2026-07-19 02:00:00+00:00,2.17,2.182,2.17,2.175,10314.39
2026-07-19 03:00:00+00:00,2.174,2.174,2.163,2.166,16134.31
2026-07-19 04:00:00+00:00,2.167,2.169,2.157,2.16,24294.17
2026-07-19 05:00:00+00:00,2.161,2.167,2.16,2.165,15623.83
2026-07-19 06:00:00+00:00,2.164,2.167,2.162,2.164,12614.63
2026-07-19 07:00:00+00:00,2.163,2.168,2.161,2.164,18266.43
2026-07-19 08:00:00+00:00,2.165,2.17,2.164,2.167,16960.54
2026-07-19 09:00:00+00:00,2.166,2.168,2.157,2.162,14079.92
2026-07-19 10:00:00+00:00,2.161,2.172,2.161,2.167,24908.36
2026-07-19 11:00:00+00:00,2.166,2.17,2.158,2.16,47381.42
2026-07-19 12:00:00+00:00,2.159,2.16,2.15,2.156,39396.55
2026-07-19 13:00:00+00:00,2.156,2.156,2.145,2.153,39163.24
2026-07-19 14:00:00+00:00,2.154,2.158,2.147,2.152,25467.33
2026-07-19 15:00:00+00:00,2.152,2.155,2.15,2.154,16937.89
2026-07-19 16:00:00+00:00,2.153,2.157,2.148,2.148,28313.24
2026-07-19 17:00:00+00:00,2.148,2.151,2.136,2.145,65655.57
2026-07-19 18:00:00+00:00,2.145,2.146,2.127,2.133,75716.64
2026-07-19 19:00:00+00:00,2.134,2.138,2.129,2.137,17073.24
2026-07-19 20:00:00+00:00,2.138,2.141,2.136,2.137,6225.89
2026-07-19 21:00:00+00:00,2.137,2.139,2.126,2.132,22498.56
2026-07-19 22:00:00+00:00,2.132,2.15,2.132,2.141,25454.85
2026-07-19 23:00:00+00:00,2.14,2.143,2.133,2.139,17852.69
2026-07-20 00:00:00+00:00,2.138,2.156,2.127,2.133,27852.07
2026-07-20 01:00:00+00:00,2.134,2.153,2.129,2.132,65104.18
2026-07-20 02:00:00+00:00,2.131,2.146,2.128,2.146,35299.99
2026-07-20 03:00:00+00:00,2.145,2.152,2.138,2.148,29918.14
2026-07-20 04:00:00+00:00,2.147,2.149,2.135,2.138,35344.44
2026-07-20 05:00:00+00:00,2.138,2.139,2.119,2.12,59188.7
2026-07-20 06:00:00+00:00,2.12,2.129,2.107,2.127,110056.58
2026-07-20 07:00:00+00:00,2.128,2.144,2.123,2.135,75846.67
2026-07-20 08:00:00+00:00,2.135,2.14,2.118,2.13,83761.58
2026-07-20 09:00:00+00:00,2.131,2.145,2.129,2.143,19672.2
2026-07-20 10:00:00+00:00,2.142,2.151,2.141,2.144,31397.38
2026-07-20 11:00:00+00:00,2.143,2.16,2.141,2.158,43169.69
2026-07-20 12:00:00+00:00,2.159,2.159,2.15,2.153,59053.09
2026-07-20 13:00:00+00:00,2.154,2.166,2.145,2.148,55036.04
2026-07-20 14:00:00+00:00,2.148,2.158,2.138,2.152,50692.68
2026-07-20 15:00:00+00:00,2.153,2.173,2.153,2.17,58893.59
2026-07-20 16:00:00+00:00,2.169,2.181,2.159,2.165,60387.41
2026-07-20 17:00:00+00:00,2.166,2.167,2.155,2.164,38846.52
2026-07-20 18:00:00+00:00,2.163,2.18,2.163,2.169,58773.94
2026-07-20 19:00:00+00:00,2.168,2.176,2.162,2.175,66145.23
2026-07-20 20:00:00+00:00,2.175,2.186,2.169,2.184,25965.23
2026-07-20 21:00:00+00:00,2.185,2.204,2.182,2.188,90569.34
2026-07-20 22:00:00+00:00,2.19,2.208,2.187,2.203,126531.97
2026-07-20 23:00:00+00:00,2.203,2.215,2.199,2.204,103810.12
2026-07-21 00:00:00+00:00,2.203,2.235,2.2,2.232,146309.69
2026-07-21 01:00:00+00:00,2.231,2.239,2.203,2.207,82803.76
2026-07-21 02:00:00+00:00,2.207,2.22,2.206,2.217,34588.7
2026-07-21 03:00:00+00:00,2.217,2.231,2.215,2.218,32021.1
2026-07-21 04:00:00+00:00,2.219,2.221,2.212,2.214,23033.39
2026-07-21 05:00:00+00:00,2.215,2.219,2.208,2.215,37623.55
2026-07-21 06:00:00+00:00,2.215,2.226,2.212,2.218,77626.06
2026-07-21 07:00:00+00:00,2.218,2.224,2.212,2.22,46231.65
2026-07-21 08:00:00+00:00,2.221,2.223,2.215,2.218,45049.79
2026-07-21 09:00:00+00:00,2.218,2.221,2.214,2.216,36986.69
2026-07-21 10:00:00+00:00,2.215,2.218,2.2,2.203,44954.37
2026-07-21 11:00:00+00:00,2.203,2.226,2.2,2.225,79891.37
2026-07-21 12:00:00+00:00,2.224,2.231,2.22,2.231,64417.56
2026-07-21 13:00:00+00:00,2.231,2.246,2.228,2.244,80845.11
2026-07-21 14:00:00+00:00,2.243,2.25,2.232,2.234,94590.57
2026-07-21 15:00:00+00:00,2.233,2.239,2.228,2.238,47816.88
2026-07-21 16:00:00+00:00,2.237,2.24,2.223,2.226,38620.95
2026-07-21 17:00:00+00:00,2.226,2.227,2.211,2.221,43979.6
2026-07-21 18:00:00+00:00,2.222,2.231,2.217,2.224,119041.9
2026-07-21 19:00:00+00:00,2.223,2.223,2.216,2.219,46834.99
2026-07-21 20:00:00+00:00,2.22,2.221,2.212,2.213,33608.69
2026-07-21 21:00:00+00:00,2.212,2.217,2.206,2.214,65722.29
2026-07-21 22:00:00+00:00,2.213,2.215,2.207,2.209,37881.91
2026-07-21 23:00:00+00:00,2.208,2.226,2.206,2.224,19461.94
2026-07-22 00:00:00+00:00,2.223,2.226,2.22,2.22,15180.78
2026-07-22 01:00:00+00:00,2.221,2.221,2.212,2.212,34484.4
2026-07-22 02:00:00+00:00,2.213,2.22,2.206,2.207,78770.32
2026-07-22 03:00:00+00:00,2.206,2.211,2.201,2.204,34125.71
2026-07-22 04:00:00+00:00,2.203,2.209,2.192,2.194,56560.52
2026-07-22 05:00:00+00:00,2.194,2.196,2.181,2.183,41591.44
2026-07-22 06:00:00+00:00,2.183,2.183,2.165,2.174,81806.03
2026-07-22 07:00:00+00:00,2.175,2.18,2.17,2.179,55852.52
2026-07-22 08:00:00+00:00,2.178,2.188,2.177,2.185,11106.75
2026-07-22 09:00:00+00:00,2.185,2.191,2.184,2.19,15397.87
2026-07-22 10:00:00+00:00,2.191,2.198,2.188,2.188,34498.26
2026-07-22 11:00:00+00:00,2.188,2.196,2.186,2.192,26131.31
2026-07-22 12:00:00+00:00,2.192,2.192,2.174,2.18,59266.33
2026-07-22 13:00:00+00:00,2.18,2.199,2.18,2.197,56984.42
2026-07-22 14:00:00+00:00,2.195,2.205,2.187,2.191,67003.61
2026-07-22 15:00:00+00:00,2.193,2.207,2.193,2.203,32327.48
2026-07-22 16:00:00+00:00,2.204,2.218,2.203,2.216,68603.22
2026-07-22 17:00:00+00:00,2.215,2.217,2.207,2.21,38569.03
2026-07-22 18:00:00+00:00,2.21,2.212,2.197,2.205,53645.4
2026-07-22 19:00:00+00:00,2.204,2.21,2.198,2.21,31080.42
2026-07-22 20:00:00+00:00,2.21,2.215,2.206,2.206,49269.69
2026-07-22 21:00:00+00:00,2.207,2.215,2.202,2.215,17239.66
2026-07-22 22:00:00+00:00,2.215,2.216,2.207,2.211,8603.15
2026-07-22 23:00:00+00:00,2.211,2.213,2.201,2.21,13484.49
2026-07-23 00:00:00+00:00,2.208,2.219,2.208,2.215,11382.01
2026-07-23 01:00:00+00:00,2.215,2.22,2.212,2.218,24111.27
2026-07-23 02:00:00+00:00,2.218,2.221,2.206,2.212,24961.23
2026-07-23 03:00:00+00:00,2.212,2.212,2.182,2.187,66461.93
2026-07-23 04:00:00+00:00,2.186,2.201,2.185,2.195,40642.44
2026-07-23 05:00:00+00:00,2.194,2.203,2.191,2.197,13232.39
2026-07-23 06:00:00+00:00,2.196,2.205,2.196,2.203,10241.98
2026-07-23 07:00:00+00:00,2.203,2.204,2.19,2.2,27218.93
2026-07-23 08:00:00+00:00,2.198,2.207,2.197,2.202,30440.82
2026-07-23 09:00:00+00:00,2.202,2.205,2.195,2.195,17692.06
2026-07-23 10:00:00+00:00,2.196,2.199,2.189,2.19,49258.9
2026-07-23 11:00:00+00:00,2.191,2.202,2.187,2.189,67922.31
2026-07-23 12:00:00+00:00,2.19,2.195,2.167,2.18,69642.23
2026-07-23 13:00:00+00:00,2.179,2.182,2.161,2.165,124788.36
2026-07-23 14:00:00+00:00,2.165,2.176,2.156,2.157,92353.81
2026-07-23 15:00:00+00:00,2.156,2.167,2.145,2.166,95321.84
2026-07-23 16:00:00+00:00,2.166,2.167,2.153,2.155,37800.15
2026-07-23 17:00:00+00:00,2.154,2.166,2.146,2.149,71458.92
2026-07-23 18:00:00+00:00,2.148,2.16,2.148,2.154,25086.22
2026-07-23 19:00:00+00:00,2.156,2.16,2.149,2.156,15569.78
2026-07-23 20:00:00+00:00,2.157,2.17,2.157,2.167,24884.05
2026-07-23 21:00:00+00:00,2.167,2.171,2.161,2.161,19010.83
2026-07-23 22:00:00+00:00,2.161,2.162,2.152,2.158,24570.99
2026-07-23 23:00:00+00:00,2.157,2.162,2.156,2.157,18236.4
2026-07-24 00:00:00+00:00,2.158,2.158,2.143,2.156,25326.16
2026-07-24 01:00:00+00:00,2.157,2.163,2.151,2.151,28169.24
2026-07-24 02:00:00+00:00,2.152,2.157,2.146,2.151,20461.91
2026-07-24 03:00:00+00:00,2.151,2.17,2.15,2.169,10309.6
2026-07-24 04:00:00+00:00,2.169,2.176,2.168,2.175,42749.94
2026-07-24 05:00:00+00:00,2.176,2.186,2.172,2.182,42928.82
2026-07-24 06:00:00+00:00,2.183,2.185,2.177,2.181,47407.3
2026-07-24 07:00:00+00:00,2.18,2.191,2.15,2.176,367063.9
2026-07-24 08:00:00+00:00,2.176,2.176,2.165,2.165,27654.66
2026-07-24 09:00:00+00:00,2.166,2.167,2.16,2.165,19484.96
2026-07-24 10:00:00+00:00,2.165,2.165,2.151,2.155,46348.93
2026-07-24 11:00:00+00:00,2.155,2.156,2.144,2.151,19255.46
2026-07-24 12:00:00+00:00,2.15,2.167,2.146,2.15,104360.07
2026-07-24 13:00:00+00:00,2.15,2.151,2.125,2.141,143737.62
2026-07-24 14:00:00+00:00,2.142,2.149,2.129,2.148,85349.28
2026-07-24 15:00:00+00:00,2.148,2.159,2.138,2.151,69487.14
2026-07-24 16:00:00+00:00,2.151,2.161,2.15,2.159,38482.27
2026-07-24 17:00:00+00:00,2.158,2.16,2.15,2.154,29155.53
2026-07-24 18:00:00+00:00,2.153,2.156,2.142,2.145,20056.83
2026-07-24 19:00:00+00:00,2.144,2.145,2.137,2.141,19438.03
2026-07-24 20:00:00+00:00,2.141,2.144,2.133,2.136,20990.88
2026-07-24 21:00:00+00:00,2.136,2.141,2.126,2.129,44922.03
2026-07-24 22:00:00+00:00,2.128,2.139,2.128,2.135,45093.56
2026-07-24 23:00:00+00:00,2.134,2.143,2.133,2.14,27831.18
2026-07-25 00:00:00+00:00,2.139,2.141,2.131,2.141,28089.91
2026-07-25 01:00:00+00:00,2.141,2.142,2.127,2.129,22648.71
2026-07-25 02:00:00+00:00,2.13,2.13,2.122,2.125,24154.02
2026-07-25 03:00:00+00:00,2.125,2.129,2.122,2.126,19187.34
2026-07-25 04:00:00+00:00,2.124,2.136,2.124,2.128,39386.1
2026-07-25 05:00:00+00:00,2.129,2.131,2.121,2.123,17722.48
2026-07-25 06:00:00+00:00,2.124,2.126,2.12,2.126,49835.44
2026-07-25 07:00:00+00:00,2.127,2.155,2.12,2.146,364264.95
2026-07-25 08:00:00+00:00,2.146,2.146,2.125,2.126,38910.7
2026-07-25 09:00:00+00:00,2.127,2.138,2.125,2.133,34439.57
2026-07-25 10:00:00+00:00,2.133,2.138,2.126,2.126,100052.88
2026-07-25 11:00:00+00:00,2.127,2.127,2.12,2.123,44157.65
2026-07-25 12:00:00+00:00,2.124,2.129,2.123,2.128,35938.08
2026-07-25 13:00:00+00:00,2.128,2.14,2.127,2.134,96669.25
2026-07-25 14:00:00+00:00,2.134,2.144,2.131,2.142,56788.68
2026-07-25 15:00:00+00:00,2.142,2.144,2.137,2.137,27034.44
2026-07-25 16:00:00+00:00,2.137,2.144,2.134,2.14,43317.43
2026-07-25 17:00:00+00:00,2.14,2.149,2.14,2.144,21770.13
2026-07-25 18:00:00+00:00,2.144,2.16,2.144,2.155,60061.4
2026-07-25 19:00:00+00:00,2.155,2.156,2.152,2.156,24814.41
2026-07-25 20:00:00+00:00,2.156,2.158,2.146,2.147,28071.28
2026-07-25 21:00:00+00:00,2.147,2.158,2.144,2.155,31614.75
2026-07-25 22:00:00+00:00,2.154,2.157,2.154,2.155,17548.83
2026-07-25 23:00:00+00:00,2.155,2.155,2.148,2.149,13056.12
2026-07-26 00:00:00+00:00,2.15,2.161,2.145,2.159,39370.22
2026-07-26 01:00:00+00:00,2.159,2.178,2.155,2.165,80200.39
2026-07-26 02:00:00+00:00,2.166,2.175,2.159,2.174,24600.37
2026-07-26 03:00:00+00:00,2.174,2.205,2.173,2.204,99575.06
2026-07-26 04:00:00+00:00,2.204,2.208,2.19,2.197,91756.95
2026-07-26 05:00:00+00:00,2.196,2.197,2.17,2.174,221099.82
2026-07-26 06:00:00+00:00,2.174,2.175,2.159,2.17,188040.17
2026-07-26 07:00:00+00:00,2.17,2.175,2.167,2.172,44993.88
2026-07-26 08:00:00+00:00,2.172,2.178,2.17,2.178,36259.14
2026-07-26 09:00:00+00:00,2.178,2.178,2.167,2.171,40867.66
2026-07-26 10:00:00+00:00,2.171,2.181,2.17,2.173,17527.28
2026-07-26 11:00:00+00:00,2.174,2.177,2.168,2.17,25002.91
2026-07-26 12:00:00+00:00,2.17,2.174,2.161,2.163,47422.14
2026-07-26 13:00:00+00:00,2.163,2.183,2.156,2.172,278919.08
2026-07-26 14:00:00+00:00,2.171,2.176,2.17,2.173,34458.37
2026-07-26 15:00:00+00:00,2.173,2.183,2.17,2.183,22886.06
2026-07-26 16:00:00+00:00,2.183,2.191,2.176,2.177,29680.87
2026-07-26 17:00:00+00:00,2.176,2.181,2.173,2.175,18105.03
2026-07-26 18:00:00+00:00,2.175,2.177,2.167,2.171,18162.92
2026-07-26 19:00:00+00:00,2.17,2.172,2.165,2.167,33370.92
2026-07-26 20:00:00+00:00,2.167,2.171,2.166,2.167,19010.07
2026-07-26 21:00:00+00:00,2.167,2.18,2.165,2.177,34769.46
2026-07-26 22:00:00+00:00,2.177,2.21,2.177,2.194,159575.9
2026-07-26 23:00:00+00:00,2.194,2.201,2.189,2.196,70802.69
2026-07-27 00:00:00+00:00,2.196,2.207,2.183,2.185,43913.17
2026-07-27 01:00:00+00:00,2.185,2.19,2.18,2.19,20071.36
2026-07-27 02:00:00+00:00,2.19,2.202,2.188,2.194,25396.94
2026-07-27 03:00:00+00:00,2.194,2.198,2.191,2.194,16504.87
2026-07-27 04:00:00+00:00,2.195,2.202,2.192,2.194,16212.07
2026-07-27 05:00:00+00:00,2.194,2.198,2.169,2.184,343834.47
2026-07-27 06:00:00+00:00,2.183,2.19,2.181,2.181,40455.22
2026-07-27 07:00:00+00:00,2.18,2.181,2.172,2.174,28671.8
2026-07-27 08:00:00+00:00,2.174,2.177,2.169,2.176,15656.37
2026-07-27 09:00:00+00:00,2.175,2.18,2.171,2.179,46989.07
2026-07-27 10:00:00+00:00,2.179,2.19,2.177,2.186,88966.99
2026-07-27 11:00:00+00:00,2.186,2.19,2.18,2.183,23777.09
2026-07-27 12:00:00+00:00,2.183,2.19,2.174,2.186,57794.61
2026-07-27 13:00:00+00:00,2.186,2.198,2.174,2.179,69721.73
2026-07-27 14:00:00+00:00,2.18,2.183,2.137,2.149,149575.12
2026-07-27 15:00:00+00:00,2.149,2.153,2.14,2.15,62561.94
2026-07-27 16:00:00+00:00,2.149,2.165,2.148,2.161,35789.83
2026-07-27 17:00:00+00:00,2.161,2.166,2.157,2.163,32957.46
2026-07-27 18:00:00+00:00,2.164,2.166,2.148,2.156,76609.44
2026-07-27 19:00:00+00:00,2.157,2.158,2.148,2.153,30493.48
2026-07-27 20:00:00+00:00,2.153,2.157,2.147,2.152,32304.85
2026-07-27 21:00:00+00:00,2.153,2.153,2.142,2.148,18303.22
2026-07-27 22:00:00+00:00,2.147,2.148,2.092,2.101,236180.17
2026-07-27 23:00:00+00:00,2.1,2.112,2.085,2.098,218192.27
2026-07-28 00:00:00+00:00,2.099,2.109,2.09,2.106,70305.81
2026-07-28 01:00:00+00:00,2.107,2.107,2.075,2.083,143131.7
2026-07-28 02:00:00+00:00,2.083,2.099,2.082,2.098,18992.32
2026-07-28 03:00:00+00:00,2.099,2.106,2.095,2.102,63043.18
2026-07-28 04:00:00+00:00,2.102,2.103,2.086,2.091,42597.92
2026-07-28 05:00:00+00:00,2.092,2.097,2.086,2.088,29612.02
2026-07-28 06:00:00+00:00,2.088,2.099,2.084,2.097,42765.0
2026-07-28 07:00:00+00:00,2.096,2.098,2.086,2.089,46311.14
2026-07-28 08:00:00+00:00,2.089,2.093,2.087,2.089,36205.74
2026-07-28 09:00:00+00:00,2.089,2.1,2.089,2.095,32057.05
2026-07-28 10:00:00+00:00,2.095,2.102,2.095,2.099,37109.59
2026-07-28 11:00:00+00:00,2.099,2.111,2.094,2.109,41413.77
2026-07-28 12:00:00+00:00,2.11,2.119,2.109,2.117,51694.43
2026-07-28 13:00:00+00:00,2.116,2.119,2.084,2.102,90395.09
2026-07-28 14:00:00+00:00,2.102,2.111,2.093,2.104,35154.11
2026-07-28 15:00:00+00:00,2.104,2.129,2.103,2.12,63313.24
2026-07-28 16:00:00+00:00,2.12,2.124,2.107,2.117,38954.31
2026-07-28 17:00:00+00:00,2.118,2.121,2.102,2.106,41148.4
2026-07-28 18:00:00+00:00,2.106,2.112,2.104,2.11,15871.07
2026-07-28 19:00:00+00:00,2.111,2.122,2.108,2.121,27668.36
2026-07-28 20:00:00+00:00,2.122,2.133,2.119,2.126,59655.55
2026-07-28 21:00:00+00:00,2.127,2.131,2.124,2.128,11082.12
2026-07-28 22:00:00+00:00,2.128,2.128,2.108,2.108,22587.33
2026-07-28 23:00:00+00:00,2.109,2.12,2.104,2.12,26656.6
2026-07-29 00:00:00+00:00,2.12,2.129,2.117,2.124,42622.82
2026-07-29 01:00:00+00:00,2.125,2.125,2.097,2.099,31638.24
2026-07-29 02:00:00+00:00,2.099,2.114,2.093,2.106,31353.28
2026-07-29 03:00:00+00:00,2.106,2.109,2.067,2.07,178380.64
2026-07-29 04:00:00+00:00,2.071,2.084,2.056,2.078,76189.6
2026-07-29 05:00:00+00:00,2.077,2.091,2.076,2.079,71826.45
2026-07-29 06:00:00+00:00,2.078,2.093,2.072,2.088,61492.7
2026-07-29 07:00:00+00:00,2.089,2.091,2.083,2.091,19121.35
2026-07-29 08:00:00+00:00,2.09,2.09,2.074,2.08,61757.91
2026-07-29 09:00:00+00:00,2.079,2.094,2.079,2.086,28421.21
2026-07-29 10:00:00+00:00,2.086,2.09,2.075,2.079,18896.72
2026-07-29 11:00:00+00:00,2.079,2.087,2.079,2.084,15677.04
2026-07-29 12:00:00+00:00,2.084,2.089,2.076,2.082,24178.04
2026-07-29 13:00:00+00:00,2.082,2.097,2.08,2.089,35427.9
2026-07-29 14:00:00+00:00,2.09,2.091,2.07,2.074,56796.91
2026-07-29 15:00:00+00:00,2.074,2.075,2.048,2.057,138043.55
2026-07-29 16:00:00+00:00,2.058,2.068,2.05,2.054,67564.43
2026-07-29 17:00:00+00:00,2.055,2.075,2.055,2.074,28519.34
2026-07-29 18:00:00+00:00,2.075,2.098,2.065,2.092,114058.56
2026-07-29 19:00:00+00:00,2.094,2.094,2.055,2.058,74667.07
2026-07-29 20:00:00+00:00,2.058,2.065,2.024,2.025,248006.66
2026-07-29 21:00:00+00:00,2.024,2.045,2.014,2.045,82176.67
2026-07-29 22:00:00+00:00,2.046,2.061,2.041,2.06,65970.84
2026-07-29 23:00:00+00:00,2.06,2.064,2.054,2.063,72689.65
2026-07-30 00:00:00+00:00,2.063,2.076,2.058,2.069,73853.18
2026-07-30 01:00:00+00:00,2.07,2.096,2.07,2.09,48962.22
2026-07-30 02:00:00+00:00,2.09,2.1,2.09,2.09,28794.85
2026-07-30 03:00:00+00:00,2.091,2.093,2.082,2.086,22920.54
2026-07-30 04:00:00+00:00,2.087,2.087,2.069,2.07,24315.37
2026-07-30 05:00:00+00:00,2.07,2.09,2.068,2.086,22012.59
2026-07-30 06:00:00+00:00,2.086,2.086,2.081,2.084,27520.65
2026-07-30 07:00:00+00:00,2.085,2.095,2.071,2.074,72522.76
2026-07-30 08:00:00+00:00,2.075,2.083,2.072,2.081,27078.88
2026-07-30 09:00:00+00:00,2.08,2.082,2.073,2.077,22388.91
2026-07-30 10:00:00+00:00,2.077,2.082,2.072,2.077,38502.5
2026-07-30 11:00:00+00:00,2.076,2.081,2.073,2.075,15565.45
2026-07-30 12:00:00+00:00,2.077,2.077,2.065,2.072,68258.75
2026-07-30 13:00:00+00:00,2.073,2.088,2.061,2.085,63424.42
2026-07-30 14:00:00+00:00,2.085,2.086,2.07,2.071,95201.09
2026-07-30 15:00:00+00:00,2.071,2.075,2.062,2.069,28880.15
2026-07-30 16:00:00+00:00,2.069,2.077,2.065,2.066,30487.0
2026-07-30 17:00:00+00:00,2.066,2.089,2.065,2.08,38955.66
2026-07-30 18:00:00+00:00,2.08,2.083,2.073,2.075,25173.57
2026-07-30 19:00:00+00:00,2.073,2.092,2.073,2.082,74204.59
2026-07-30 20:00:00+00:00,2.081,2.09,2.073,2.076,72199.25
2026-07-30 21:00:00+00:00,2.076,2.086,2.074,2.079,41216.59
2026-07-30 22:00:00+00:00,2.077,2.08,2.07,2.073,29775.75
2026-07-30 23:00:00+00:00,2.072,2.075,2.066,2.069,35918.38
2026-07-31 00:00:00+00:00,2.069,2.087,2.065,2.084,40321.52
2026-07-31 01:00:00+00:00,2.086,2.099,2.076,2.077,75933.71
2026-07-31 02:00:00+00:00,2.077,2.081,2.071,2.078,26197.39
2026-07-31 03:00:00+00:00,2.078,2.089,2.073,2.085,29436.96
2026-07-31 04:00:00+00:00,2.084,2.085,2.073,2.074,23069.36
2026-07-31 05:00:00+00:00,2.075,2.079,2.07,2.075,17947.93
2026-07-31 06:00:00+00:00,2.074,2.076,2.07,2.073,46585.45
2026-07-31 07:00:00+00:00,2.072,2.075,2.058,2.073,27185.68
2026-07-31 08:00:00+00:00,2.071,2.077,2.068,2.072,24652.11
2026-07-31 09:00:00+00:00,2.071,2.073,2.059,2.061,30091.3
2026-07-31 10:00:00+00:00,2.061,2.068,2.044,2.065,57768.61
2026-07-31 11:00:00+00:00,2.066,2.07,2.057,2.061,18926.13
2026-07-31 12:00:00+00:00,2.061,2.069,2.047,2.068,55066.54
2026-07-31 13:00:00+00:00,2.068,2.075,2.051,2.056,39132.51
2026-07-31 14:00:00+00:00,2.056,2.067,2.039,2.053,123433.44
2026-07-31 15:00:00+00:00,2.052,2.061,2.048,2.052,53216.38
2026-07-31 16:00:00+00:00,2.052,2.065,2.05,2.062,38151.46
2026-07-31 17:00:00+00:00,2.063,2.08,2.062,2.076,31621.08
2026-07-31 18:00:00+00:00,2.076,2.09,2.065,2.071,54491.23
2026-07-31 19:00:00+00:00,2.072,2.077,2.053,2.059,48768.77
2026-07-31 20:00:00+00:00,2.059,2.068,2.058,2.063,19394.3
2026-07-31 21:00:00+00:00,2.063,2.072,2.061,2.062,9609.22
2026-07-31 22:00:00+00:00,2.062,2.068,2.061,2.067,15161.35
2026-07-31 23:00:00+00:00,2.067,2.072,2.064,2.072,19632.33
2026-08-01 00:00:00+00:00,2.073,2.084,2.073,2.08,13468.92
2026-08-01 01:00:00+00:00,2.081,2.089,2.077,2.081,50530.26
2026-08-01 02:00:00+00:00,2.082,2.084,2.075,2.079,19008.92
2026-08-01 03:00:00+00:00,2.079,2.079,2.067,2.072,28471.43
2026-08-01 04:00:00+00:00,2.073,2.084,2.071,2.081,24957.65
2026-08-01 05:00:00+00:00,2.08,2.082,2.068,2.073,24712.98
2026-08-01 06:00:00+00:00,2.073,2.073,2.065,2.072,9128.49
2026-08-01 07:00:00+00:00,2.072,2.077,2.069,2.07,9823.69
2026-08-01 08:00:00+00:00,2.071,2.075,2.068,2.074,16710.95
2026-08-01 09:00:00+00:00,2.073,2.076,2.069,2.072,22798.16
2026-08-01 10:00:00+00:00,2.072,2.072,2.06,2.066,22907.2
2026-08-01 11:00:00+00:00,2.067,2.07,2.064,2.07,10839.43
2026-08-01 12:00:00+00:00,2.07,2.076,2.068,2.075,11592.75
2026-08-01 13:00:00+00:00,2.075,2.075,2.067,2.069,11363.26
2026-08-01 14:00:00+00:00,2.07,2.072,2.066,2.069,9592.22
2026-08-01 15:00:00+00:00,2.069,2.069,2.06,2.067,8482.25
2026-08-01 16:00:00+00:00,2.066,2.073,2.061,2.063,41361.47
2026-08-01 17:00:00+00:00,2.063,2.065,2.05,2.052,55013.88
2026-08-01 18:00:00+00:00,2.052,2.053,2.019,2.033,107353.68
2026-08-01 19:00:00+00:00,2.034,2.037,2.025,2.029,27196.24
2026-08-01 20:00:00+00:00,2.028,2.036,1.994,2.02,396341.87
2026-08-01 21:00:00+00:00,2.019,2.04,2.018,2.036,41137.84
2026-08-01 22:00:00+00:00,2.038,2.038,2.022,2.022,24327.48
2026-08-01 23:00:00+00:00,2.023,2.028,2.018,2.023,30934.46
2026-08-02 00:00:00+00:00,2.023,2.032,2.023,2.032,37032.68
2026-08-02 01:00:00+00:00,2.033,2.046,2.033,2.04,56914.06
2026-08-02 02:00:00+00:00,2.04,2.057,2.037,2.05,71430.94
2026-08-02 03:00:00+00:00,2.05,2.053,2.044,2.046,17933.43
2026-08-02 04:00:00+00:00,2.046,2.059,2.042,2.056,48508.06
2026-08-02 05:00:00+00:00,2.057,2.06,2.051,2.058,40643.89
2026-08-02 06:00:00+00:00,2.059,2.068,2.059,2.063,58286.03
2026-08-02 07:00:00+00:00,2.063,2.072,2.061,2.065,38383.93
2026-08-02 08:00:00+00:00,2.065,2.067,2.054,2.057,16414.26
2026-08-02 09:00:00+00:00,2.057,2.065,2.053,2.057,23499.4
2026-08-02 10:00:00+00:00,2.058,2.062,2.055,2.06,14047.27
2026-08-02 11:00:00+00:00,2.061,2.064,2.056,2.06,14295.93
2026-08-02 12:00:00+00:00,2.06,2.086,2.06,2.078,57237.84
2026-08-02 13:00:00+00:00,2.077,2.077,2.066,2.075,40392.32
2026-08-02 14:00:00+00:00,2.075,2.082,2.065,2.075,43662.69
2026-08-02 15:00:00+00:00,2.075,2.082,2.072,2.077,21446.91
2026-08-02 16:00:00+00:00,2.077,2.091,2.074,2.075,73537.86
2026-08-02 17:00:00+00:00,2.076,2.094,2.076,2.086,20411.42
2026-08-02 18:00:00+00:00,2.086,2.091,2.084,2.086,12215.29
2026-08-02 19:00:00+00:00,2.086,2.087,2.083,2.086,16821.76
2026-08-02 20:00:00+00:00,2.085,2.089,2.08,2.085,25373.23
2026-08-02 21:00:00+00:00,2.086,2.093,2.086,2.092,44399.0
2026-08-02 22:00:00+00:00,2.093,2.094,2.076,2.076,18743.6
2026-08-02 23:00:00+00:00,2.077,2.078,2.068,2.077,21111.62
2026-08-03 00:00:00+00:00,2.076,2.08,2.066,2.067,39857.61
2026-08-03 01:00:00+00:00,2.068,2.071,2.06,2.063,20272.13
2026-08-03 02:00:00+00:00,2.061,2.067,2.058,2.06,24512.94
2026-08-03 03:00:00+00:00,2.059,2.062,2.049,2.056,25168.01
2026-08-03 04:00:00+00:00,2.056,2.064,2.053,2.053,27951.13
2026-08-03 05:00:00+00:00,2.053,2.066,2.053,2.066,18340.98
2026-08-03 06:00:00+00:00,2.066,2.069,2.051,2.051,15985.45
2026-08-03 07:00:00+00:00,2.051,2.056,2.047,2.049,50362.81
2026-08-03 08:00:00+00:00,2.05,2.054,2.043,2.051,28301.59
2026-08-03 09:00:00+00:00,2.051,2.067,2.051,2.066,60969.88
2026-08-03 10:00:00+00:00,2.067,2.068,2.052,2.057,43402.62
2026-08-03 11:00:00+00:00,2.056,2.066,2.053,2.062,29674.48
2026-08-03 12:00:00+00:00,2.063,2.069,2.061,2.069,16642.92
2026-08-03 13:00:00+00:00,2.069,2.087,2.067,2.085,86849.34
2026-08-03 14:00:00+00:00,2.086,2.092,2.082,2.088,64472.69
2026-08-03 15:00:00+00:00,2.087,2.096,2.084,2.091,74187.83
2026-08-03 16:00:00+00:00,2.091,2.124,2.088,2.116,224480.84
2026-08-03 17:00:00+00:00,2.117,2.125,2.106,2.108,34706.51
2026-08-03 18:00:00+00:00,2.109,2.118,2.105,2.105,52565.73
2026-08-03 19:00:00+00:00,2.106,2.113,2.106,2.11,25903.57
2026-08-03 20:00:00+00:00,2.109,2.115,2.106,2.114,12166.26
2026-08-03 21:00:00+00:00,2.114,2.123,2.111,2.118,21715.09
2026-08-03 22:00:00+00:00,2.117,2.119,2.107,2.113,12947.39
2026-08-03 23:00:00+00:00,2.112,2.119,2.1,2.118,152529.74
2026-08-04 00:00:00+00:00,2.118,2.121,2.101,2.103,39475.35
2026-08-04 01:00:00+00:00,2.103,2.119,2.095,2.119,91382.28
2026-08-04 02:00:00+00:00,2.119,2.127,2.115,2.122,60127.02
2026-08-04 03:00:00+00:00,2.121,2.122,2.113,2.119,27911.15
2026-08-04 04:00:00+00:00,2.119,2.126,2.117,2.119,21945.35
2026-08-04 05:00:00+00:00,2.118,2.119,2.11,2.118,38732.98
2026-08-04 06:00:00+00:00,2.118,2.12,2.101,2.104,38586.2
2026-08-04 07:00:00+00:00,2.104,2.104,2.089,2.103,72025.39
2026-08-04 08:00:00+00:00,2.103,2.104,2.095,2.098,27897.6
2026-08-04 09:00:00+00:00,2.098,2.098,2.092,2.097,12431.37
2026-08-04 10:00:00+00:00,2.097,2.111,2.096,2.108,26796.13
2026-08-04 11:00:00+00:00,2.107,2.11,2.102,2.107,24611.83
2026-08-04 12:00:00+00:00,2.106,2.106,2.09,2.093,28322.54
2026-08-04 13:00:00+00:00,2.093,2.11,2.091,2.095,47977.4
2026-08-04 14:00:00+00:00,2.095,2.098,2.084,2.093,47603.87
2026-08-04 15:00:00+00:00,2.093,2.098,2.077,2.092,102470.21
2026-08-04 16:00:00+00:00,2.093,2.098,2.088,2.092,63853.34
2026-08-04 17:00:00+00:00,2.093,2.099,2.086,2.09,61666.09
2026-08-04 18:00:00+00:00,2.091,2.104,2.09,2.1,51047.69
2026-08-04 19:00:00+00:00,2.1,2.108,2.099,2.102,65177.64
2026-08-04 20:00:00+00:00,2.101,2.114,2.095,2.11,42872.04
2026-08-04 21:00:00+00:00,2.11,2.115,2.104,2.104,61303.67
2026-08-04 22:00:00+00:00,2.104,2.114,2.101,2.109,25671.61
2026-08-04 23:00:00+00:00,2.109,2.11,2.091,2.091,34487.96
2026-08-05 00:00:00+00:00,2.092,2.092,2.085,2.088,23671.51
2026-08-05 01:00:00+00:00,2.087,2.099,2.084,2.099,38609.29
2026-08-05 02:00:00+00:00,2.099,2.103,2.093,2.098,45875.89
2026-08-05 03:00:00+00:00,2.098,2.099,2.087,2.091,49905.92
2026-08-05 04:00:00+00:00,2.089,2.101,2.089,2.099,18488.73
2026-08-05 05:00:00+00:00,2.099,2.115,2.097,2.112,44987.57
2026-08-05 06:00:00+00:00,2.111,2.126,2.108,2.114,55724.27
2026-08-05 07:00:00+00:00,2.114,2.12,2.107,2.12,40210.52
2026-08-05 08:00:00+00:00,2.119,2.12,2.105,2.107,43495.37
2026-08-05 09:00:00+00:00,2.106,2.113,2.098,2.102,98746.91
2026-08-05 10:00:00+00:00,2.101,2.103,2.094,2.095,56097.07
2026-08-05 11:00:00+00:00,2.096,2.099,2.094,2.097,17238.38
2026-08-05 12:00:00+00:00,2.097,2.104,2.094,2.095,57809.53
2026-08-05 13:00:00+00:00,2.095,2.097,2.078,2.092,83347.76
2026-08-05 14:00:00+00:00,2.092,2.1,2.09,2.097,61831.51
2026-08-05 15:00:00+00:00,2.097,2.1,2.082,2.082,39848.49
2026-08-05 16:00:00+00:00,2.082,2.096,2.081,2.091,17764.28
2026-08-05 17:00:00+00:00,2.093,2.103,2.09,2.098,17882.39
2026-08-05 18:00:00+00:00,2.099,2.101,2.092,2.097,15524.5
2026-08-05 19:00:00+00:00,2.097,2.103,2.096,2.101,49831.13
2026-08-05 20:00:00+00:00,2.101,2.104,2.096,2.096,20292.48
2026-08-05 21:00:00+00:00,2.096,2.097,2.086,2.092,44839.73
2026-08-05 22:00:00+00:00,2.092,2.095,2.089,2.09,15588.86
2026-08-05 23:00:00+00:00,2.09,2.091,2.088,2.09,6251.06
2026-08-06 00:00:00+00:00,2.091,2.104,2.089,2.102,62019.51
2026-08-06 01:00:00+00:00,2.102,2.103,2.088,2.09,29434.22
2026-08-06 02:00:00+00:00,2.089,2.099,2.083,2.099,45083.5
2026-08-06 03:00:00+00:00,2.099,2.104,2.095,2.102,69997.15
2026-08-06 04:00:00+00:00,2.101,2.104,2.098,2.102,54186.13
2026-08-06 05:00:00+00:00,2.103,2.105,2.093,2.098,99534.52
2026-08-06 06:00:00+00:00,2.098,2.099,2.092,2.098,33380.0
2026-08-06 07:00:00+00:00,2.097,2.102,2.096,2.1,27278.19
2026-08-06 08:00:00+00:00,2.099,2.104,2.098,2.101,14716.15
2026-08-06 09:00:00+00:00,2.101,2.102,2.084,2.087,36701.35
2026-08-06 10:00:00+00:00,2.087,2.087,2.076,2.079,63062.71
2026-08-06 11:00:00+00:00,2.077,2.097,2.071,2.093,39880.99
2026-08-06 12:00:00+00:00,2.093,2.097,2.087,2.087,27115.16
2026-08-06 13:00:00+00:00,2.088,2.095,2.083,2.091,28116.48
2026-08-06 14:00:00+00:00,2.093,2.101,2.085,2.099,42009.62
2026-08-06 15:00:00+00:00,2.099,2.102,2.082,2.082,30552.32
2026-08-06 16:00:00+00:00,2.084,2.1,2.083,2.097,51131.3
2026-08-06 17:00:00+00:00,2.099,2.101,2.091,2.095,26797.81
2026-08-06 18:00:00+00:00,2.095,2.096,2.087,2.09,29459.16
2026-08-06 19:00:00+00:00,2.091,2.092,2.088,2.089,17235.05
2026-08-06 20:00:00+00:00,2.088,2.092,2.085,2.088,14625.74
2026-08-06 21:00:00+00:00,2.088,2.097,2.088,2.095,11844.37
2026-08-06 22:00:00+00:00,2.097,2.1,2.092,2.094,12370.35
2026-08-06 23:00:00+00:00,2.094,2.096,2.089,2.096,5717.56
2026-08-07 00:00:00+00:00,2.095,2.099,2.089,2.092,15871.06
2026-08-07 01:00:00+00:00,2.093,2.094,2.081,2.084,43106.07
2026-08-07 02:00:00+00:00,2.084,2.091,2.082,2.087,42615.95
2026-08-07 03:00:00+00:00,2.087,2.087,2.075,2.076,13739.53
2026-08-07 04:00:00+00:00,2.074,2.075,2.063,2.065,135516.84
2026-08-07 05:00:00+00:00,2.065,2.075,2.065,2.073,78225.99
2026-08-07 06:00:00+00:00,2.074,2.078,2.073,2.077,35419.46
2026-08-07 07:00:00+00:00,2.076,2.079,2.073,2.075,27368.34
2026-08-07 08:00:00+00:00,2.076,2.078,2.069,2.073,26556.27
2026-08-07 09:00:00+00:00,2.073,2.08,2.07,2.074,33494.34
2026-08-07 10:00:00+00:00,2.074,2.077,2.069,2.071,14831.14
2026-08-07 11:00:00+00:00,2.07,2.085,2.07,2.077,38303.74
2026-08-07 12:00:00+00:00,2.077,2.089,2.072,2.083,154325.37
2026-08-07 13:00:00+00:00,2.083,2.085,2.072,2.08,35246.29
2026-08-07 14:00:00+00:00,2.08,2.089,2.073,2.081,100888.07
2026-08-07 15:00:00+00:00,2.08,2.103,2.078,2.09,111424.75
2026-08-07 16:00:00+00:00,2.091,2.103,2.091,2.094,77213.98
2026-08-07 17:00:00+00:00,2.093,2.094,2.077,2.089,32824.66
2026-08-07 18:00:00+00:00,2.088,2.092,2.086,2.088,30608.79
2026-08-07 19:00:00+00:00,2.089,2.101,2.087,2.1,25986.91
2026-08-07 20:00:00+00:00,2.1,2.1,2.089,2.095,13560.91
2026-08-07 21:00:00+00:00,2.093,2.1,2.093,2.096,12610.9
2026-08-07 22:00:00+00:00,2.095,2.118,2.094,2.099,102989.57
2026-08-07 23:00:00+00:00,2.1,2.102,2.096,2.101,12947.61
2026-08-08 00:00:00+00:00,2.102,2.103,2.093,2.095,32972.43
2026-08-08 01:00:00+00:00,2.096,2.101,2.095,2.1,13852.29
2026-08-08 02:00:00+00:00,2.1,2.102,2.091,2.095,20989.23
2026-08-08 03:00:00+00:00,2.095,2.099,2.09,2.092,32554.81
2026-08-08 04:00:00+00:00,2.091,2.096,2.09,2.092,13746.67
2026-08-08 05:00:00+00:00,2.092,2.092,2.087,2.091,6335.13
2026-08-08 06:00:00+00:00,2.092,2.098,2.091,2.093,27954.32
2026-08-08 07:00:00+00:00,2.093,2.101,2.092,2.097,51557.81
2026-08-08 08:00:00+00:00,2.097,2.103,2.097,2.101,38575.6
2026-08-08 09:00:00+00:00,2.1,2.108,2.1,2.103,35330.13
2026-08-08 10:00:00+00:00,2.104,2.116,2.104,2.112,77546.21
2026-08-08 11:00:00+00:00,2.111,2.111,2.098,2.104,110614.95
2026-08-08 12:00:00+00:00,2.104,2.108,2.101,2.107,22989.71
2026-08-08 13:00:00+00:00,2.107,2.11,2.103,2.104,8328.25
2026-08-08 14:00:00+00:00,2.104,2.129,2.104,2.127,72842.2
2026-08-08 15:00:00+00:00,2.127,2.148,2.122,2.136,87330.49
2026-08-08 16:00:00+00:00,2.136,2.182,2.136,2.164,131481.17
2026-08-08 17:00:00+00:00,2.164,2.249,2.164,2.243,343588.8
2026-08-08 18:00:00+00:00,2.242,2.257,2.209,2.231,263329.08
2026-08-08 19:00:00+00:00,2.232,2.241,2.209,2.219,101971.28
2026-08-08 20:00:00+00:00,2.218,2.228,2.159,2.187,398924.61
2026-08-08 21:00:00+00:00,2.186,2.2,2.159,2.2,290547.43
2026-08-08 22:00:00+00:00,2.2,2.217,2.19,2.198,77076.92
2026-08-08 23:00:00+00:00,2.197,2.207,2.189,2.2,44680.3
2026-08-09 00:00:00+00:00,2.2,2.214,2.192,2.208,94582.86
2026-08-09 01:00:00+00:00,2.207,2.21,2.18,2.187,59803.91
2026-08-09 02:00:00+00:00,2.188,2.191,2.167,2.173,91668.57
2026-08-09 03:00:00+00:00,2.172,2.172,2.157,2.168,100590.99
2026-08-09 04:00:00+00:00,2.169,2.176,2.166,2.172,59680.26
2026-08-09 05:00:00+00:00,2.172,2.173,2.163,2.166,15123.35
2026-08-09 06:00:00+00:00,2.167,2.195,2.165,2.188,109412.03
2026-08-09 07:00:00+00:00,2.188,2.188,2.165,2.177,76769.84
2026-08-09 08:00:00+00:00,2.176,2.187,2.176,2.184,30362.51
2026-08-09 09:00:00+00:00,2.185,2.192,2.175,2.189,47274.96
2026-08-09 10:00:00+00:00,2.189,2.191,2.172,2.173,47055.78
2026-08-09 11:00:00+00:00,2.173,2.179,2.172,2.178,31056.04
2026-08-09 12:00:00+00:00,2.179,2.193,2.177,2.19,51670.46
2026-08-09 13:00:00+00:00,2.19,2.193,2.183,2.188,28732.75
2026-08-09 14:00:00+00:00,2.188,2.208,2.187,2.208,84940.7
2026-08-09 15:00:00+00:00,2.209,2.227,2.189,2.221,303522.13
2026-08-09 16:00:00+00:00,2.221,2.221,2.207,2.213,91650.14
2026-08-09 17:00:00+00:00,2.213,2.215,2.202,2.202,24384.34
2026-08-09 18:00:00+00:00,2.203,2.205,2.192,2.203,86819.2
2026-08-09 19:00:00+00:00,2.202,2.206,2.192,2.198,64958.73
2026-08-09 20:00:00+00:00,2.197,2.201,2.193,2.2,29961.76
2026-08-09 21:00:00+00:00,2.2,2.209,2.197,2.204,15890.18
2026-08-09 22:00:00+00:00,2.204,2.213,2.185,2.193,64346.74
2026-08-09 23:00:00+00:00,2.193,2.193,2.167,2.169,94305.48
2026-08-10 00:00:00+00:00,2.168,2.189,2.165,2.178,81167.78
2026-08-10 01:00:00+00:00,2.177,2.195,2.172,2.187,24254.02
2026-08-10 02:00:00+00:00,2.187,2.187,2.173,2.181,21084.39
2026-08-10 03:00:00+00:00,2.18,2.181,2.172,2.173,21737.29
2026-08-10 04:00:00+00:00,2.172,2.186,2.172,2.181,24268.59
2026-08-10 05:00:00+00:00,2.181,2.205,2.181,2.202,48507.38
2026-08-10 06:00:00+00:00,2.203,2.216,2.201,2.213,58101.84
2026-08-10 07:00:00+00:00,2.212,2.217,2.199,2.216,60369.8
2026-08-10 08:00:00+00:00,2.216,2.233,2.211,2.227,93828.58
2026-08-10 09:00:00+00:00,2.226,2.24,2.212,2.23,100148.94
2026-08-10 10:00:00+00:00,2.23,2.23,2.218,2.222,94704.59
2026-08-10 11:00:00+00:00,2.222,2.225,2.211,2.216,64022.83
2026-08-10 12:00:00+00:00,2.217,2.221,2.209,2.213,62453.12
2026-08-10 13:00:00+00:00,2.213,2.22,2.199,2.214,222187.67
2026-08-10 14:00:00+00:00,2.214,2.222,2.211,2.218,52023.2
2026-08-10 15:00:00+00:00,2.217,2.226,2.216,2.222,117562.74
2026-08-10 16:00:00+00:00,2.222,2.316,2.221,2.282,1188803.38
2026-08-10 17:00:00+00:00,2.282,2.329,2.279,2.279,697343.28
2026-08-10 18:00:00+00:00,2.279,2.315,2.279,2.297,235240.24
2026-08-10 19:00:00+00:00,2.297,2.355,2.292,2.329,268813.37
2026-08-10 20:00:00+00:00,2.329,2.349,2.311,2.314,117173.47
2026-08-10 21:00:00+00:00,2.314,2.32,2.28,2.282,94761.92
2026-08-10 22:00:00+00:00,2.281,2.293,2.268,2.275,121300.65
2026-08-10 23:00:00+00:00,2.276,2.29,2.269,2.288,95962.38
2026-08-11 00:00:00+00:00,2.287,2.374,2.284,2.358,361724.21
2026-08-11 01:00:00+00:00,2.357,2.364,2.315,2.335,294958.0
2026-08-11 02:00:00+00:00,2.334,2.387,2.334,2.377,249294.04
2026-08-11 03:00:00+00:00,2.378,2.397,2.364,2.374,216473.16
2026-08-11 04:00:00+00:00,2.375,2.395,2.357,2.38,183442.63
2026-08-11 05:00:00+00:00,2.379,2.384,2.357,2.361,146870.56
2026-08-11 06:00:00+00:00,2.361,2.363,2.34,2.345,118510.03
2026-08-11 07:00:00+00:00,2.345,2.352,2.3,2.316,142395.6
2026-08-11 08:00:00+00:00,2.317,2.321,2.284,2.314,203558.78
2026-08-11 09:00:00+00:00,2.313,2.326,2.304,2.309,90181.7
2026-08-11 10:00:00+00:00,2.308,2.309,2.285,2.295,92034.95
2026-08-11 11:00:00+00:00,2.294,2.301,2.279,2.286,78150.61
2026-08-11 12:00:00+00:00,2.285,2.306,2.273,2.298,149175.86
2026-08-11 13:00:00+00:00,2.298,2.311,2.291,2.291,83314.63
2026-08-11 14:00:00+00:00,2.29,2.349,2.286,2.319,260423.62
2026-08-11 15:00:00+00:00,2.319,2.326,2.234,2.261,319467.51
2026-08-11 16:00:00+00:00,2.26,2.273,2.239,2.26,169017.42
2026-08-11 17:00:00+00:00,2.26,2.266,2.245,2.25,67168.37
2026-08-11 18:00:00+00:00,2.251,2.261,2.199,2.231,438721.16
2026-08-11 19:00:00+00:00,2.232,2.245,2.223,2.243,36097.26
2026-08-11 20:00:00+00:00,2.242,2.26,2.238,2.253,68703.71
2026-08-11 21:00:00+00:00,2.253,2.264,2.252,2.254,34591.99
2026-08-11 22:00:00+00:00,2.255,2.263,2.24,2.247,31348.11
2026-08-11 23:00:00+00:00,2.247,2.247,2.239,2.241,35463.59
2026-08-12 00:00:00+00:00,2.241,2.26,2.236,2.251,53104.54
2026-08-12 01:00:00+00:00,2.251,2.256,2.244,2.25,37094.71
2026-08-12 02:00:00+00:00,2.25,2.264,2.239,2.256,66806.1
2026-08-12 03:00:00+00:00,2.256,2.257,2.236,2.236,34522.89
2026-08-12 04:00:00+00:00,2.235,2.238,2.222,2.232,63042.63
2026-08-12 05:00:00+00:00,2.231,2.243,2.229,2.241,12459.51
2026-08-12 06:00:00+00:00,2.241,2.242,2.225,2.227,33929.32
2026-08-12 07:00:00+00:00,2.227,2.229,2.216,2.229,29915.82
2026-08-12 08:00:00+00:00,2.229,2.229,2.215,2.222,32468.36
2026-08-12 09:00:00+00:00,2.222,2.245,2.222,2.241,30866.47
2026-08-12 10:00:00+00:00,2.242,2.251,2.242,2.248,48312.18
2026-08-12 11:00:00+00:00,2.248,2.249,2.24,2.243,29382.48
2026-08-12 12:00:00+00:00,2.244,2.257,2.238,2.245,111118.34
2026-08-12 13:00:00+00:00,2.245,2.261,2.239,2.257,26077.77
2026-08-12 14:00:00+00:00,2.256,2.256,2.224,2.227,94921.39
2026-08-12 15:00:00+00:00,2.226,2.235,2.222,2.227,26164.85
2026-08-12 16:00:00+00:00,2.226,2.227,2.206,2.212,65077.44
2026-08-12 17:00:00+00:00,2.212,2.219,2.21,2.211,28784.71
2026-08-12 18:00:00+00:00,2.21,2.215,2.184,2.185,68551.87
2026-08-12 19:00:00+00:00,2.187,2.189,2.174,2.183,52343.21
2026-08-12 20:00:00+00:00,2.183,2.187,2.175,2.177,21450.39
2026-08-12 21:00:00+00:00,2.178,2.181,2.144,2.149,107873.87
2026-08-12 22:00:00+00:00,2.148,2.159,2.134,2.155,61922.55
2026-08-12 23:00:00+00:00,2.155,2.166,2.151,2.161,25365.85
2026-08-13 00:00:00+00:00,2.161,2.177,2.158,2.167,63642.05
2026-08-13 01:00:00+00:00,2.166,2.168,2.151,2.157,43860.83
2026-08-13 02:00:00+00:00,2.158,2.161,2.15,2.161,17626.05
2026-08-13 03:00:00+00:00,2.16,2.167,2.152,2.164,78034.88
2026-08-13 04:00:00+00:00,2.164,2.176,2.161,2.174,30197.02
2026-08-13 05:00:00+00:00,2.174,2.19,2.172,2.187,40829.4
2026-08-13 06:00:00+00:00,2.186,2.193,2.178,2.192,39467.12
2026-08-13 07:00:00+00:00,2.192,2.196,2.18,2.182,17278.1
2026-08-13 08:00:00+00:00,2.182,2.186,2.174,2.178,34387.65
2026-08-13 09:00:00+00:00,2.178,2.186,2.166,2.185,34128.96
2026-08-13 10:00:00+00:00,2.186,2.186,2.177,2.185,15760.44
2026-08-13 11:00:00+00:00,2.185,2.187,2.176,2.179,12053.15
2026-08-13 12:00:00+00:00,2.18,2.186,2.15,2.163,68135.59
2026-08-13 13:00:00+00:00,2.163,2.17,2.15,2.156,29860.69
2026-08-13 14:00:00+00:00,2.156,2.174,2.149,2.171,50951.47
2026-08-13 15:00:00+00:00,2.172,2.175,2.157,2.157,36330.2
2026-08-13 16:00:00+00:00,2.157,2.164,2.142,2.15,75685.57
2026-08-13 17:00:00+00:00,2.149,2.162,2.148,2.159,47708.55
2026-08-13 18:00:00+00:00,2.157,2.165,2.153,2.163,16347.47
2026-08-13 19:00:00+00:00,2.163,2.178,2.163,2.176,20111.11
2026-08-13 20:00:00+00:00,2.177,2.179,2.169,2.173,30504.16
2026-08-13 21:00:00+00:00,2.174,2.181,2.174,2.178,10755.03
2026-08-13 22:00:00+00:00,2.178,2.187,2.178,2.181,11598.85
2026-08-13 23:00:00+00:00,2.181,2.19,2.176,2.177,29702.07
2026-08-14 00:00:00+00:00,2.177,2.194,2.17,2.183,107357.75
2026-08-14 01:00:00+00:00,2.184,2.198,2.184,2.193,42077.92
2026-08-14 02:00:00+00:00,2.195,2.196,2.18,2.181,24509.18
2026-08-14 03:00:00+00:00,2.181,2.181,2.159,2.16,38483.97
2026-08-14 04:00:00+00:00,2.16,2.177,2.158,2.171,11384.72
2026-08-14 05:00:00+00:00,2.171,2.177,2.165,2.177,11832.96
2026-08-14 06:00:00+00:00,2.177,2.177,2.168,2.171,19324.41
2026-08-14 07:00:00+00:00,2.171,2.178,2.163,2.169,41226.44
2026-08-14 08:00:00+00:00,2.169,2.173,2.164,2.172,37601.77
2026-08-14 09:00:00+00:00,2.173,2.191,2.169,2.179,112473.82
2026-08-14 10:00:00+00:00,2.178,2.232,2.177,2.209,228865.53
2026-08-14 11:00:00+00:00,2.209,2.22,2.202,2.22,69235.52
2026-08-14 12:00:00+00:00,2.22,2.221,2.19,2.194,68329.53
2026-08-14 13:00:00+00:00,2.193,2.203,2.181,2.184,51585.23
2026-08-14 14:00:00+00:00,2.184,2.185,2.168,2.177,46907.14
2026-08-14 15:00:00+00:00,2.177,2.199,2.171,2.198,37596.42
2026-08-14 16:00:00+00:00,2.199,2.213,2.193,2.212,59752.59
2026-08-14 17:00:00+00:00,2.212,2.224,2.206,2.219,99203.49
2026-08-14 18:00:00+00:00,2.22,2.224,2.2,2.223,40450.91
2026-08-14 19:00:00+00:00,2.223,2.225,2.215,2.223,28529.72
2026-08-14 20:00:00+00:00,2.223,2.232,2.217,2.232,41681.15
2026-08-14 21:00:00+00:00,2.232,2.252,2.226,2.229,75861.04
2026-08-14 22:00:00+00:00,2.23,2.233,2.225,2.229,49451.29
2026-08-14 23:00:00+00:00,2.229,2.247,2.228,2.246,68885.13
2026-08-15 00:00:00+00:00,2.247,2.322,2.24,2.318,208198.95
2026-08-15 01:00:00+00:00,2.318,2.326,2.278,2.282,99027.56
2026-08-15 02:00:00+00:00,2.281,2.312,2.278,2.3,116200.71
2026-08-15 03:00:00+00:00,2.3,2.308,2.278,2.289,77073.9
2026-08-15 04:00:00+00:00,2.289,2.296,2.278,2.285,47346.51
2026-08-15 05:00:00+00:00,2.284,2.295,2.275,2.285,30897.94
2026-08-15 06:00:00+00:00,2.285,2.306,2.28,2.284,77177.92
2026-08-15 07:00:00+00:00,2.283,2.285,2.275,2.278,16711.49
2026-08-15 08:00:00+00:00,2.279,2.286,2.275,2.28,29737.67
2026-08-15 09:00:00+00:00,2.28,2.28,2.271,2.274,32778.34
2026-08-15 10:00:00+00:00,2.275,2.279,2.266,2.267,15914.25
2026-08-15 11:00:00+00:00,2.267,2.267,2.253,2.255,26594.27
2026-08-15 12:00:00+00:00,2.254,2.262,2.251,2.262,32396.61
2026-08-15 13:00:00+00:00,2.261,2.261,2.243,2.244,37251.18
2026-08-15 14:00:00+00:00,2.244,2.261,2.241,2.258,36981.5
2026-08-15 15:00:00+00:00,2.261,2.287,2.257,2.281,140338.33
2026-08-15 16:00:00+00:00,2.282,2.284,2.27,2.279,86314.92
2026-08-15 17:00:00+00:00,2.278,2.278,2.266,2.271,25280.6
2026-08-15 18:00:00+00:00,2.27,2.271,2.264,2.267,20198.17
2026-08-15 19:00:00+00:00,2.267,2.267,2.264,2.264,20334.81
2026-08-15 20:00:00+00:00,2.264,2.265,2.249,2.252,50202.78
2026-08-15 21:00:00+00:00,2.251,2.257,2.244,2.249,37042.08
2026-08-15 22:00:00+00:00,2.249,2.253,2.243,2.243,17659.8
2026-08-15 23:00:00+00:00,2.242,2.243,2.227,2.232,34757.27
2026-08-16 00:00:00+00:00,2.231,2.243,2.23,2.234,20756.75
2026-08-16 01:00:00+00:00,2.234,2.234,2.209,2.212,60741.45
2026-08-16 02:00:00+00:00,2.212,2.224,2.212,2.22,18719.03
2026-08-16 03:00:00+00:00,2.221,2.23,2.22,2.226,13177.2
2026-08-16 04:00:00+00:00,2.226,2.236,2.225,2.231,32802.87
2026-08-16 05:00:00+00:00,2.232,2.242,2.232,2.237,24075.86
2026-08-16 06:00:00+00:00,2.237,2.249,2.237,2.249,17709.62
2026-08-16 07:00:00+00:00,2.25,2.268,2.244,2.264,41223.46
2026-08-16 08:00:00+00:00,2.263,2.282,2.263,2.28,38818.73
2026-08-16 09:00:00+00:00,2.279,2.279,2.263,2.277,35388.59
2026-08-16 10:00:00+00:00,2.277,2.283,2.267,2.276,37931.24
2026-08-16 11:00:00+00:00,2.276,2.279,2.27,2.278,16089.29
2026-08-16 12:00:00+00:00,2.279,2.286,2.267,2.27,25528.0
2026-08-16 13:00:00+00:00,2.271,2.28,2.262,2.279,23917.84
2026-08-16 14:00:00+00:00,2.28,2.286,2.264,2.277,47505.48
2026-08-16 15:00:00+00:00,2.277,2.287,2.274,2.283,29830.07
2026-08-16 16:00:00+00:00,2.284,2.287,2.269,2.281,52124.85
2026-08-16 17:00:00+00:00,2.282,2.286,2.276,2.28,41998.79
2026-08-16 18:00:00+00:00,2.281,2.281,2.259,2.274,55673.39
2026-08-16 19:00:00+00:00,2.274,2.276,2.27,2.272,6271.69
2026-08-16 20:00:00+00:00,2.272,2.277,2.252,2.258,37156.84
2026-08-16 21:00:00+00:00,2.258,2.258,2.225,2.234,86509.37
2026-08-16 22:00:00+00:00,2.232,2.242,2.226,2.242,48008.01
2026-08-16 23:00:00+00:00,2.242,2.264,2.242,2.261,37301.46
2026-08-17 00:00:00+00:00,2.26,2.28,2.257,2.271,44189.53
2026-08-17 01:00:00+00:00,2.271,2.279,2.264,2.265,35298.06
2026-08-17 02:00:00+00:00,2.265,2.277,2.259,2.275,73366.68
2026-08-17 03:00:00+00:00,2.275,2.276,2.258,2.271,28935.36
2026-08-17 04:00:00+00:00,2.271,2.281,2.266,2.28,16272.78
2026-08-17 05:00:00+00:00,2.28,2.288,2.277,2.284,54749.02
2026-08-17 06:00:00+00:00,2.284,2.324,2.279,2.313,124026.41
2026-08-17 07:00:00+00:00,2.314,2.317,2.288,2.294,65279.22
2026-08-17 08:00:00+00:00,2.293,2.293,2.265,2.27,36758.24
2026-08-17 09:00:00+00:00,2.27,2.286,2.27,2.277,73197.75
2026-08-17 10:00:00+00:00,2.277,2.287,2.274,2.282,38554.62
2026-08-17 11:00:00+00:00,2.282,2.287,2.268,2.275,68183.62
2026-08-17 12:00:00+00:00,2.273,2.298,2.273,2.293,29904.97
2026-08-17 13:00:00+00:00,2.292,2.292,2.28,2.282,17660.77
2026-08-17 14:00:00+00:00,2.283,2.283,2.258,2.267,65117.54
2026-08-17 15:00:00+00:00,2.267,2.276,2.26,2.268,94525.75
2026-08-17 16:00:00+00:00,2.267,2.288,2.265,2.277,35219.57
2026-08-17 17:00:00+00:00,2.276,2.278,2.258,2.264,27689.4
2026-08-17 18:00:00+00:00,2.265,2.267,2.255,2.258,28303.08
2026-08-17 19:00:00+00:00,2.257,2.261,2.247,2.249,65675.6
2026-08-17 20:00:00+00:00,2.248,2.253,2.245,2.246,33989.58
2026-08-17 21:00:00+00:00,2.247,2.259,2.245,2.255,28123.54
2026-08-17 22:00:00+00:00,2.256,2.259,2.25,2.255,15854.24
2026-08-17 23:00:00+00:00,2.255,2.261,2.251,2.257,25398.2
2026-08-18 00:00:00+00:00,2.257,2.287,2.256,2.284,135047.1
2026-08-18 01:00:00+00:00,2.283,2.296,2.28,2.284,81581.89
2026-08-18 02:00:00+00:00,2.285,2.298,2.26,2.262,65055.6
2026-08-18 03:00:00+00:00,2.262,2.284,2.253,2.273,59224.96
2026-08-18 04:00:00+00:00,2.275,2.278,2.259,2.275,85481.12
2026-08-18 05:00:00+00:00,2.274,2.28,2.263,2.27,31701.06
2026-08-18 06:00:00+00:00,2.27,2.281,2.265,2.271,22071.93
2026-08-18 07:00:00+00:00,2.271,2.276,2.266,2.271,23799.55
2026-08-18 08:00:00+00:00,2.27,2.27,2.248,2.249,49801.86
2026-08-18 09:00:00+00:00,2.249,2.254,2.223,2.23,183512.16
2026-08-18 10:00:00+00:00,2.231,2.236,2.227,2.232,46983.25
2026-08-18 11:00:00+00:00,2.231,2.239,2.222,2.226,62396.35
2026-08-18 12:00:00+00:00,2.225,2.246,2.224,2.237,49914.15
2026-08-18 13:00:00+00:00,2.236,2.239,2.225,2.228,54486.61
2026-08-18 14:00:00+00:00,2.226,2.24,2.21,2.217,87412.75
2026-08-18 15:00:00+00:00,2.217,2.226,2.208,2.21,75202.01
2026-08-18 16:00:00+00:00,2.21,2.231,2.21,2.216,49166.8
2026-08-18 17:00:00+00:00,2.216,2.216,2.2,2.207,46511.88
2026-08-18 18:00:00+00:00,2.206,2.213,2.205,2.213,5944.51
2026-08-18 19:00:00+00:00,2.212,2.212,2.195,2.198,77265.94
2026-08-18 20:00:00+00:00,2.198,2.22,2.17,2.183,160256.22
2026-08-18 21:00:00+00:00,2.183,2.196,2.179,2.195,51321.93
2026-08-18 22:00:00+00:00,2.195,2.198,2.189,2.19,10618.97
2026-08-18 23:00:00+00:00,2.191,2.204,2.191,2.196,17465.97
2026-08-19 00:00:00+00:00,2.196,2.199,2.183,2.184,29331.5
2026-08-19 01:00:00+00:00,2.184,2.211,2.18,2.206,105909.14
2026-08-19 02:00:00+00:00,2.206,2.206,2.19,2.195,78167.19
2026-08-19 03:00:00+00:00,2.194,2.215,2.19,2.211,51200.51
2026-08-19 04:00:00+00:00,2.21,2.212,2.199,2.212,15898.27
2026-08-19 05:00:00+00:00,2.213,2.223,2.211,2.214,24330.19
2026-08-19 06:00:00+00:00,2.215,2.217,2.204,2.215,28498.59
2026-08-19 07:00:00+00:00,2.215,2.225,2.21,2.211,35853.32
2026-08-19 08:00:00+00:00,2.211,2.215,2.205,2.207,51894.49
2026-08-19 09:00:00+00:00,2.208,2.209,2.188,2.192,70368.22
2026-08-19 10:00:00+00:00,2.192,2.194,2.181,2.193,89596.71
2026-08-19 11:00:00+00:00,2.193,2.199,2.186,2.187,65406.73
2026-08-19 12:00:00+00:00,2.187,2.187,2.17,2.171,144086.23
2026-08-19 13:00:00+00:00,2.171,2.193,2.164,2.186,183601.63
2026-08-19 14:00:00+00:00,2.186,2.213,2.183,2.209,261544.82
2026-08-19 15:00:00+00:00,2.21,2.29,2.209,2.243,528939.85
2026-08-19 16:00:00+00:00,2.244,2.258,2.237,2.243,78316.21
2026-08-19 17:00:00+00:00,2.243,2.249,2.235,2.237,31428.94
2026-08-19 18:00:00+00:00,2.238,2.239,2.223,2.232,117224.96
2026-08-19 19:00:00+00:00,2.232,2.246,2.225,2.246,112073.98
2026-08-19 20:00:00+00:00,2.246,2.28,2.23,2.278,229941.37
2026-08-19 21:00:00+00:00,2.279,2.328,2.278,2.304,275183.36
2026-08-19 22:00:00+00:00,2.306,2.306,2.277,2.298,83216.28
2026-08-19 23:00:00+00:00,2.298,2.316,2.294,2.311,109027.19
2026-08-20 00:00:00+00:00,2.311,2.388,2.31,2.354,277527.09
2026-08-20 01:00:00+00:00,2.354,2.358,2.315,2.327,106700.96
2026-08-20 02:00:00+00:00,2.327,2.327,2.295,2.3,69643.18
2026-08-20 03:00:00+00:00,2.3,2.3,2.279,2.293,88702.79
2026-08-20 04:00:00+00:00,2.294,2.303,2.286,2.295,33222.67
2026-08-20 05:00:00+00:00,2.295,2.297,2.275,2.29,91582.29
2026-08-20 06:00:00+00:00,2.29,2.307,2.284,2.29,51610.67
2026-08-20 07:00:00+00:00,2.289,2.33,2.286,2.316,101356.81
2026-08-20 08:00:00+00:00,2.317,2.353,2.314,2.351,146215.44
2026-08-20 09:00:00+00:00,2.351,2.354,2.326,2.329,115419.51
2026-08-20 10:00:00+00:00,2.33,2.359,2.33,2.357,63589.0
2026-08-20 11:00:00+00:00,2.358,2.368,2.34,2.353,91568.95
2026-08-20 12:00:00+00:00,2.354,2.365,2.301,2.314,183949.13
2026-08-20 13:00:00+00:00,2.315,2.334,2.301,2.327,125333.65
2026-08-20 14:00:00+00:00,2.328,2.347,2.32,2.346,83383.35
2026-08-20 15:00:00+00:00,2.346,2.419,2.341,2.372,209864.87
2026-08-20 16:00:00+00:00,2.372,2.396,2.364,2.379,198598.67
2026-08-20 17:00:00+00:00,2.378,2.387,2.367,2.37,148707.14
2026-08-20 18:00:00+00:00,2.37,2.374,2.333,2.338,112833.97
2026-08-20 19:00:00+00:00,2.338,2.4,2.335,2.356,265649.35
2026-08-20 20:00:00+00:00,2.357,2.371,2.356,2.37,46916.41
2026-08-20 21:00:00+00:00,2.371,2.393,2.371,2.387,121132.77
2026-08-20 22:00:00+00:00,2.386,2.397,2.373,2.389,51625.68
2026-08-20 23:00:00+00:00,2.389,2.399,2.381,2.388,53631.98
2026-08-21 00:00:00+00:00,2.388,2.41,2.381,2.385,89443.64
2026-08-21 01:00:00+00:00,2.385,2.408,2.379,2.4,95774.59
2026-08-21 02:00:00+00:00,2.399,2.443,2.396,2.414,117948.65
2026-08-21 03:00:00+00:00,2.413,2.425,2.396,2.415,89503.5
2026-08-21 04:00:00+00:00,2.415,2.432,2.406,2.428,47447.45
2026-08-21 05:00:00+00:00,2.426,2.437,2.419,2.434,71833.22
2026-08-21 06:00:00+00:00,2.432,2.437,2.41,2.415,84222.8
2026-08-21 07:00:00+00:00,2.413,2.465,2.411,2.451,133016.85
2026-08-21 08:00:00+00:00,2.452,2.501,2.452,2.499,353639.1
2026-08-21 09:00:00+00:00,2.5,2.5,2.41,2.46,402288.32
2026-08-21 10:00:00+00:00,2.461,2.482,2.447,2.475,218474.46
2026-08-21 11:00:00+00:00,2.476,2.484,2.444,2.457,124268.03
2026-08-21 12:00:00+00:00,2.458,2.486,2.435,2.474,124940.68
2026-08-21 13:00:00+00:00,2.475,2.487,2.452,2.486,130188.9
2026-08-21 14:00:00+00:00,2.486,2.489,2.453,2.487,185601.67
2026-08-21 15:00:00+00:00,2.488,2.52,2.478,2.487,195118.41
2026-08-21 16:00:00+00:00,2.488,2.532,2.483,2.5,143997.82
2026-08-21 17:00:00+00:00,2.5,2.513,2.476,2.488,115465.69
2026-08-21 18:00:00+00:00,2.49,2.497,2.45,2.463,112766.69
2026-08-21 19:00:00+00:00,2.462,2.462,2.429,2.437,93998.55
2026-08-21 20:00:00+00:00,2.436,2.497,2.426,2.496,104728.62
2026-08-21 21:00:00+00:00,2.497,2.519,2.486,2.515,214281.22
2026-08-21 22:00:00+00:00,2.513,2.563,2.493,2.546,292947.51
2026-08-21 23:00:00+00:00,2.547,2.55,2.522,2.525,136554.77
2026-08-22 00:00:00+00:00,2.525,2.574,2.511,2.564,235138.46
2026-08-22 01:00:00+00:00,2.564,2.569,2.546,2.556,155150.97
2026-08-22 02:00:00+00:00,2.557,2.645,2.556,2.634,367221.41
2026-08-22 03:00:00+00:00,2.633,2.699,2.612,2.633,329380.78
2026-08-22 04:00:00+00:00,2.634,2.714,2.628,2.689,367325.92
2026-08-22 05:00:00+00:00,2.688,2.698,2.203,2.461,1621400.73
2026-08-22 06:00:00+00:00,2.463,2.486,2.419,2.484,245111.79
2026-08-22 07:00:00+00:00,2.485,2.506,2.458,2.46,239399.85
2026-08-22 08:00:00+00:00,2.461,2.472,2.411,2.439,190599.17
2026-08-22 09:00:00+00:00,2.439,2.442,2.393,2.423,182776.33
2026-08-22 10:00:00+00:00,2.424,2.425,2.345,2.393,354668.87
2026-08-22 11:00:00+00:00,2.392,2.402,2.374,2.395,122971.5
2026-08-22 12:00:00+00:00,2.394,2.421,2.388,2.389,238182.65
2026-08-22 13:00:00+00:00,2.39,2.412,2.38,2.393,130802.39
2026-08-22 14:00:00+00:00,2.393,2.4,2.359,2.368,160541.6
2026-08-22 15:00:00+00:00,2.368,2.378,2.354,2.357,98496.18
2026-08-22 16:00:00+00:00,2.357,2.399,2.356,2.38,80925.58
2026-08-22 17:00:00+00:00,2.38,2.401,2.372,2.392,92081.54
2026-08-22 18:00:00+00:00,2.393,2.404,2.373,2.386,49924.37
2026-08-22 19:00:00+00:00,2.387,2.4,2.379,2.392,65126.82
2026-08-22 20:00:00+00:00,2.392,2.399,2.367,2.374,247547.26
2026-08-22 21:00:00+00:00,2.374,2.374,2.318,2.327,251116.72
2026-08-22 22:00:00+00:00,2.327,2.368,2.314,2.358,95573.4
2026-08-22 23:00:00+00:00,2.359,2.381,2.322,2.336,255271.37
2026-08-23 00:00:00+00:00,2.336,2.369,2.318,2.363,130358.75
2026-08-23 01:00:00+00:00,2.363,2.374,2.338,2.342,115283.98
2026-08-23 02:00:00+00:00,2.341,2.352,2.327,2.331,81645.65
2026-08-23 03:00:00+00:00,2.331,2.333,2.274,2.294,284194.82
2026-08-23 04:00:00+00:00,2.294,2.316,2.278,2.288,101107.66
2026-08-23 05:00:00+00:00,2.287,2.346,2.275,2.305,187005.27
2026-08-23 06:00:00+00:00,2.304,2.337,2.299,2.329,54328.47
2026-08-23 07:00:00+00:00,2.328,2.395,2.321,2.39,240407.14
2026-08-23 08:00:00+00:00,2.391,2.424,2.372,2.392,300219.58
2026-08-23 09:00:00+00:00,2.393,2.399,2.383,2.393,157631.75
2026-08-23 10:00:00+00:00,2.394,2.436,2.389,2.426,162758.45
2026-08-23 11:00:00+00:00,2.427,2.46,2.423,2.451,144447.55
2026-08-23 12:00:00+00:00,2.451,2.46,2.391,2.396,309054.93
2026-08-23 13:00:00+00:00,2.395,2.449,2.394,2.438,237568.47
2026-08-23 14:00:00+00:00,2.439,2.45,2.356,2.393,325419.43
2026-08-23 15:00:00+00:00,2.394,2.446,2.386,2.42,138735.19
2026-08-23 16:00:00+00:00,2.42,2.431,2.404,2.431,70575.16
2026-08-23 17:00:00+00:00,2.431,2.448,2.413,2.418,145920.81
2026-08-23 18:00:00+00:00,2.418,2.437,2.41,2.435,60373.97
2026-08-23 19:00:00+00:00,2.434,2.441,2.418,2.43,46485.12
2026-08-23 20:00:00+00:00,2.429,2.436,2.419,2.429,82530.54
2026-08-23 21:00:00+00:00,2.429,2.46,2.429,2.442,104933.83
2026-08-23 22:00:00+00:00,2.443,2.448,2.425,2.435,46144.79
2026-08-23 23:00:00+00:00,2.435,2.447,2.421,2.432,74388.74
2026-08-24 00:00:00+00:00,2.431,2.432,2.379,2.405,137625.54
2026-08-24 01:00:00+00:00,2.406,2.408,2.363,2.366,113077.93
2026-08-24 02:00:00+00:00,2.366,2.415,2.357,2.401,88120.41
2026-08-24 03:00:00+00:00,2.399,2.401,2.378,2.389,48372.62
2026-08-24 04:00:00+00:00,2.39,2.418,2.387,2.395,56769.05
2026-08-24 05:00:00+00:00,2.395,2.416,2.384,2.4,123705.95
2026-08-24 06:00:00+00:00,2.399,2.399,2.37,2.382,83331.48
2026-08-24 07:00:00+00:00,2.38,2.4,2.368,2.373,52741.24
2026-08-24 08:00:00+00:00,2.375,2.408,2.359,2.408,241240.96
2026-08-24 09:00:00+00:00,2.407,2.411,2.386,2.402,102395.98
2026-08-24 10:00:00+00:00,2.402,2.435,2.402,2.413,81190.27
2026-08-24 11:00:00+00:00,2.411,2.453,2.399,2.446,117000.33
2026-08-24 12:00:00+00:00,2.446,2.45,2.409,2.425,147869.2
2026-08-24 13:00:00+00:00,2.426,2.441,2.383,2.396,202989.14
2026-08-24 14:00:00+00:00,2.395,2.439,2.394,2.424,128398.85
2026-08-24 15:00:00+00:00,2.422,2.457,2.394,2.431,209346.18
2026-08-24 16:00:00+00:00,2.432,2.448,2.411,2.425,101526.77
2026-08-24 17:00:00+00:00,2.425,2.437,2.39,2.4,143954.72
2026-08-24 18:00:00+00:00,2.4,2.424,2.4,2.408,42518.58
2026-08-24 19:00:00+00:00,2.409,2.417,2.381,2.413,62522.31
2026-08-24 20:00:00+00:00,2.414,2.43,2.4,2.426,18130.41
2026-08-24 21:00:00+00:00,2.428,2.434,2.42,2.43,10067.17
2026-08-24 22:00:00+00:00,2.43,2.451,2.426,2.441,67326.64
2026-08-24 23:00:00+00:00,2.441,2.444,2.407,2.42,43327.22
2026-08-25 00:00:00+00:00,2.419,2.437,2.406,2.424,50280.21
2026-08-25 01:00:00+00:00,2.425,2.431,2.411,2.419,63938.98
2026-08-25 02:00:00+00:00,2.419,2.454,2.413,2.429,116440.59
2026-08-25 03:00:00+00:00,2.429,2.453,2.426,2.445,206790.62
2026-08-25 04:00:00+00:00,2.444,2.469,2.435,2.46,149000.25
2026-08-25 05:00:00+00:00,2.459,2.496,2.455,2.493,163472.58
2026-08-25 06:00:00+00:00,2.494,2.494,2.446,2.447,230309.76
2026-08-25 07:00:00+00:00,2.449,2.467,2.4,2.419,133812.42
2026-08-25 08:00:00+00:00,2.419,2.439,2.41,2.424,97182.07
2026-08-25 09:00:00+00:00,2.423,2.444,2.41,2.419,77765.16
2026-08-25 10:00:00+00:00,2.418,2.431,2.415,2.43,72568.96
2026-08-25 11:00:00+00:00,2.43,2.434,2.413,2.414,42280.47
2026-08-25 12:00:00+00:00,2.413,2.433,2.4,2.418,142542.69
2026-08-25 13:00:00+00:00,2.419,2.427,2.375,2.402,244809.47
2026-08-25 14:00:00+00:00,2.402,2.426,2.399,2.408,100636.12
2026-08-25 15:00:00+00:00,2.408,2.421,2.396,2.421,50496.25
2026-08-25 16:00:00+00:00,2.42,2.433,2.407,2.421,59564.45
2026-08-25 17:00:00+00:00,2.42,2.421,2.386,2.406,95509.12
2026-08-25 18:00:00+00:00,2.407,2.419,2.403,2.415,36769.56
2026-08-25 19:00:00+00:00,2.415,2.436,2.405,2.413,97748.46
2026-08-25 20:00:00+00:00,2.413,2.419,2.37,2.374,144330.98
2026-08-25 21:00:00+00:00,2.373,2.385,2.33,2.383,314402.35
2026-08-25 22:00:00+00:00,2.382,2.403,2.382,2.393,41814.89
2026-08-25 23:00:00+00:00,2.392,2.403,2.37,2.383,52342.79
2026-08-26 00:00:00+00:00,2.382,2.4,2.365,2.394,76194.17
2026-08-26 01:00:00+00:00,2.393,2.406,2.39,2.405,24885.12
2026-08-26 02:00:00+00:00,2.405,2.42,2.394,2.416,30093.21
2026-08-26 03:00:00+00:00,2.415,2.425,2.4,2.404,22320.76
2026-08-26 04:00:00+00:00,2.403,2.411,2.387,2.39,39272.21
2026-08-26 05:00:00+00:00,2.39,2.409,2.377,2.404,31372.82
2026-08-26 06:00:00+00:00,2.404,2.411,2.4,2.41,20923.54
2026-08-26 07:00:00+00:00,2.409,2.413,2.393,2.396,23750.74
2026-08-26 08:00:00+00:00,2.396,2.412,2.394,2.395,25844.13
2026-08-26 09:00:00+00:00,2.396,2.404,2.365,2.382,79823.33
2026-08-26 10:00:00+00:00,2.381,2.404,2.363,2.401,82193.09
2026-08-26 11:00:00+00:00,2.403,2.406,2.382,2.396,35425.61
2026-08-26 12:00:00+00:00,2.396,2.421,2.382,2.398,101526.61
2026-08-26 13:00:00+00:00,2.397,2.402,2.368,2.379,136572.02
2026-08-26 14:00:00+00:00,2.378,2.39,2.34,2.351,143090.43
2026-08-26 15:00:00+00:00,2.351,2.362,2.339,2.344,110392.09
2026-08-26 16:00:00+00:00,2.344,2.356,2.329,2.344,84669.81
2026-08-26 17:00:00+00:00,2.344,2.365,2.343,2.349,59615.32
2026-08-26 18:00:00+00:00,2.35,2.355,2.344,2.352,47167.47
2026-08-26 19:00:00+00:00,2.352,2.361,2.346,2.35,29320.56
2026-08-26 20:00:00+00:00,2.35,2.354,2.322,2.348,69300.3
2026-08-26 21:00:00+00:00,2.349,2.38,2.348,2.377,92689.35
2026-08-26 22:00:00+00:00,2.379,2.398,2.377,2.383,85123.54
2026-08-26 23:00:00+00:00,2.381,2.405,2.376,2.403,85465.94
2026-08-27 00:00:00+00:00,2.404,2.405,2.386,2.387,34218.69
2026-08-27 01:00:00+00:00,2.386,2.404,2.38,2.394,35994.74
2026-08-27 02:00:00+00:00,2.394,2.399,2.379,2.39,35503.1
2026-08-27 03:00:00+00:00,2.39,2.404,2.38,2.397,28243.59
2026-08-27 04:00:00+00:00,2.398,2.414,2.398,2.409,48320.22
2026-08-27 05:00:00+00:00,2.41,2.421,2.402,2.415,57817.52
2026-08-27 06:00:00+00:00,2.414,2.42,2.395,2.419,33679.0
2026-08-27 07:00:00+00:00,2.419,2.429,2.397,2.401,86388.24
2026-08-27 08:00:00+00:00,2.403,2.47,2.402,2.454,184572.57
2026-08-27 09:00:00+00:00,2.454,2.473,2.445,2.448,136927.62
2026-08-27 10:00:00+00:00,2.449,2.453,2.42,2.437,65287.6
2026-08-27 11:00:00+00:00,2.437,2.455,2.426,2.439,58753.92
2026-08-27 12:00:00+00:00,2.439,2.447,2.411,2.417,44723.93
2026-08-27 13:00:00+00:00,2.418,2.438,2.41,2.437,54037.05
2026-08-27 14:00:00+00:00,2.437,2.463,2.429,2.46,83894.37
2026-08-27 15:00:00+00:00,2.461,2.473,2.454,2.46,99631.73
2026-08-27 16:00:00+00:00,2.458,2.48,2.451,2.465,85131.98
2026-08-27 17:00:00+00:00,2.463,2.474,2.453,2.457,52320.11
2026-08-27 18:00:00+00:00,2.454,2.455,2.43,2.454,70403.21
2026-08-27 19:00:00+00:00,2.453,2.459,2.44,2.442,28660.1
2026-08-27 20:00:00+00:00,2.442,2.454,2.433,2.448,24712.36
2026-08-27 21:00:00+00:00,2.45,2.457,2.445,2.456,26087.44
2026-08-27 22:00:00+00:00,2.455,2.471,2.453,2.465,75525.63
2026-08-27 23:00:00+00:00,2.465,2.465,2.454,2.46,19769.38
2026-08-28 00:00:00+00:00,2.46,2.473,2.451,2.463,47990.84
2026-08-28 01:00:00+00:00,2.463,2.489,2.462,2.463,96584.24
2026-08-28 02:00:00+00:00,2.463,2.469,2.413,2.419,112138.16
2026-08-28 03:00:00+00:00,2.419,2.43,2.402,2.421,77078.28
2026-08-28 04:00:00+00:00,2.422,2.425,2.405,2.413,31907.21
2026-08-28 05:00:00+00:00,2.413,2.42,2.405,2.416,37572.98
2026-08-28 06:00:00+00:00,2.417,2.424,2.414,2.419,42641.64
2026-08-28 07:00:00+00:00,2.419,2.419,2.396,2.398,38064.13
2026-08-28 08:00:00+00:00,2.398,2.406,2.386,2.39,40517.22
2026-08-28 09:00:00+00:00,2.391,2.4,2.383,2.393,51117.44
2026-08-28 10:00:00+00:00,2.393,2.412,2.377,2.41,42701.93
2026-08-28 11:00:00+00:00,2.41,2.42,2.398,2.406,37266.0
2026-08-28 12:00:00+00:00,2.406,2.42,2.401,2.409,34184.89
2026-08-28 13:00:00+00:00,2.408,2.417,2.391,2.407,71239.27
2026-08-28 14:00:00+00:00,2.405,2.429,2.375,2.421,135543.34
2026-08-28 15:00:00+00:00,2.423,2.428,2.375,2.375,64132.97
2026-08-28 16:00:00+00:00,2.375,2.375,2.321,2.355,248469.6
2026-08-28 17:00:00+00:00,2.354,2.373,2.348,2.358,32369.12
2026-08-28 18:00:00+00:00,2.357,2.359,2.335,2.355,66698.46
2026-08-28 19:00:00+00:00,2.356,2.363,2.352,2.356,18112.23
2026-08-28 20:00:00+00:00,2.354,2.364,2.347,2.359,32327.14
2026-08-28 21:00:00+00:00,2.36,2.369,2.355,2.358,32655.66
2026-08-28 22:00:00+00:00,2.359,2.383,2.359,2.38,31886.2
2026-08-28 23:00:00+00:00,2.38,2.402,2.377,2.39,51598.1
2026-08-29 00:00:00+00:00,2.391,2.401,2.381,2.383,69533.32
2026-08-29 01:00:00+00:00,2.383,2.396,2.383,2.392,15452.99
2026-08-29 02:00:00+00:00,2.392,2.414,2.391,2.405,53030.04
2026-08-29 03:00:00+00:00,2.406,2.435,2.395,2.424,70967.31
2026-08-29 04:00:00+00:00,2.424,2.437,2.412,2.424,117711.65
2026-08-29 05:00:00+00:00,2.423,2.45,2.42,2.449,111261.61
2026-08-29 06:00:00+00:00,2.449,2.457,2.431,2.451,89627.2
2026-08-29 07:00:00+00:00,2.452,2.466,2.446,2.448,126717.4
2026-08-29 08:00:00+00:00,2.447,2.457,2.434,2.448,100773.24
2026-08-29 09:00:00+00:00,2.447,2.485,2.447,2.47,165118.53
2026-08-29 10:00:00+00:00,2.47,2.503,2.462,2.496,210039.29
2026-08-29 11:00:00+00:00,2.497,2.498,2.472,2.486,84739.09
2026-08-29 12:00:00+00:00,2.489,2.492,2.448,2.459,121059.55
2026-08-29 13:00:00+00:00,2.459,2.473,2.456,2.466,43892.07
2026-08-29 14:00:00+00:00,2.466,2.532,2.461,2.52,136826.44
2026-08-29 15:00:00+00:00,2.522,2.542,2.506,2.533,174867.27
2026-08-29 16:00:00+00:00,2.534,2.541,2.497,2.498,122091.66
2026-08-29 17:00:00+00:00,2.499,2.508,2.485,2.505,86522.92
2026-08-29 18:00:00+00:00,2.505,2.518,2.492,2.515,49675.39
2026-08-29 19:00:00+00:00,2.515,2.521,2.505,2.51,36171.96
2026-08-29 20:00:00+00:00,2.51,2.516,2.494,2.501,65889.39
2026-08-29 21:00:00+00:00,2.502,2.504,2.49,2.498,35963.62
2026-08-29 22:00:00+00:00,2.497,2.502,2.491,2.491,15533.51
2026-08-29 23:00:00+00:00,2.491,2.494,2.476,2.485,44347.74
2026-08-30 00:00:00+00:00,2.484,2.486,2.467,2.467,31503.37
2026-08-30 01:00:00+00:00,2.466,2.469,2.452,2.457,42979.82
2026-08-30 02:00:00+00:00,2.458,2.463,2.448,2.459,30792.16
2026-08-30 03:00:00+00:00,2.458,2.468,2.45,2.456,24495.08
2026-08-30 04:00:00+00:00,2.455,2.466,2.442,2.447,54494.95
2026-08-30 05:00:00+00:00,2.447,2.46,2.443,2.457,50303.96
2026-08-30 06:00:00+00:00,2.456,2.456,2.41,2.428,191626.85
2026-08-30 07:00:00+00:00,2.429,2.429,2.405,2.41,76368.68
2026-08-30 08:00:00+00:00,2.411,2.418,2.409,2.414,41122.19
2026-08-30 09:00:00+00:00,2.415,2.43,2.414,2.427,42864.87
2026-08-30 10:00:00+00:00,2.427,2.44,2.423,2.438,28298.51
2026-08-30 11:00:00+00:00,2.438,2.443,2.433,2.442,44301.92
2026-08-30 12:00:00+00:00,2.442,2.454,2.438,2.454,62537.87
2026-08-30 13:00:00+00:00,2.454,2.467,2.45,2.462,63074.32
2026-08-30 14:00:00+00:00,2.461,2.466,2.455,2.457,37078.02
2026-08-30 15:00:00+00:00,2.457,2.461,2.44,2.451,60947.51
2026-08-30 16:00:00+00:00,2.451,2.472,2.446,2.469,122949.96
2026-08-30 17:00:00+00:00,2.47,2.47,2.443,2.453,73302.73
2026-08-30 18:00:00+00:00,2.454,2.464,2.442,2.461,30940.47
2026-08-30 19:00:00+00:00,2.461,2.463,2.447,2.452,42361.1
2026-08-30 20:00:00+00:00,2.453,2.456,2.421,2.423,52530.51
2026-08-30 21:00:00+00:00,2.422,2.432,2.392,2.426,137801.01
2026-08-30 22:00:00+00:00,2.426,2.433,2.386,2.391,97889.23
2026-08-30 23:00:00+00:00,2.39,2.395,2.322,2.347,395315.59
2026-08-31 00:00:00+00:00,2.346,2.386,2.338,2.378,78000.55
2026-08-31 01:00:00+00:00,2.378,2.381,2.345,2.348,60208.59
2026-08-31 02:00:00+00:00,2.348,2.374,2.347,2.359,46515.29
2026-08-31 03:00:00+00:00,2.36,2.376,2.356,2.373,67655.99
2026-08-31 04:00:00+00:00,2.374,2.415,2.366,2.401,113466.15
2026-08-31 05:00:00+00:00,2.399,2.415,2.398,2.403,61780.19
2026-08-31 06:00:00+00:00,2.403,2.41,2.392,2.398,59848.24
2026-08-31 07:00:00+00:00,2.397,2.435,2.397,2.423,304381.54
2026-08-31 08:00:00+00:00,2.424,2.427,2.401,2.406,39279.54
2026-08-31 09:00:00+00:00,2.405,2.416,2.391,2.394,114358.64
2026-08-31 10:00:00+00:00,2.394,2.415,2.392,2.412,69616.25
2026-08-31 11:00:00+00:00,2.411,2.411,2.393,2.398,66497.52
2026-08-31 12:00:00+00:00,2.399,2.417,2.386,2.393,57573.05
2026-08-31 13:00:00+00:00,2.393,2.407,2.378,2.381,63515.05
2026-08-31 14:00:00+00:00,2.38,2.407,2.374,2.401,85243.53
2026-08-31 15:00:00+00:00,2.401,2.404,2.378,2.378,66051.11
2026-08-31 16:00:00+00:00,2.377,2.412,2.377,2.398,62842.11
2026-08-31 17:00:00+00:00,2.398,2.41,2.396,2.406,34477.63
2026-08-31 18:00:00+00:00,2.406,2.413,2.399,2.405,62148.88
2026-08-31 19:00:00+00:00,2.406,2.408,2.39,2.398,29770.94
2026-08-31 20:00:00+00:00,2.397,2.411,2.397,2.404,30612.1
2026-08-31 21:00:00+00:00,2.405,2.418,2.389,2.412,52762.25
2026-08-31 22:00:00+00:00,2.412,2.412,2.393,2.398,32195.14
2026-08-31 23:00:00+00:00,2.398,2.402,2.391,2.402,30190.35
2026-09-01 00:00:00+00:00,2.401,2.426,2.399,2.415,79480.51
2026-09-01 01:00:00+00:00,2.416,2.427,2.408,2.418,61949.5
2026-09-01 02:00:00+00:00,2.418,2.418,2.395,2.41,49341.36
2026-09-01 03:00:00+00:00,2.408,2.428,2.408,2.418,34810.19
2026-09-01 04:00:00+00:00,2.419,2.432,2.417,2.427,29791.21
2026-09-01 05:00:00+00:00,2.427,2.439,2.423,2.436,35420.32
2026-09-01 06:00:00+00:00,2.436,2.437,2.421,2.425,19754.34
2026-09-01 07:00:00+00:00,2.425,2.433,2.409,2.416,52812.07
2026-09-01 08:00:00+00:00,2.416,2.425,2.384,2.385,122338.14
2026-09-01 09:00:00+00:00,2.386,2.406,2.38,2.399,45790.49
2026-09-01 10:00:00+00:00,2.398,2.422,2.39,2.414,25042.78
2026-09-01 11:00:00+00:00,2.413,2.429,2.41,2.421,51003.2
2026-09-01 12:00:00+00:00,2.421,2.455,2.42,2.439,86811.24
2026-09-01 13:00:00+00:00,2.44,2.453,2.41,2.443,75922.13
2026-09-01 14:00:00+00:00,2.444,2.474,2.443,2.46,87718.82
2026-09-01 15:00:00+00:00,2.46,2.47,2.439,2.462,98767.28
2026-09-01 16:00:00+00:00,2.461,2.492,2.453,2.483,156646.64
2026-09-01 17:00:00+00:00,2.483,2.52,2.465,2.479,287303.0
2026-09-01 18:00:00+00:00,2.48,2.49,2.435,2.465,265618.77
2026-09-01 19:00:00+00:00,2.465,2.511,2.461,2.502,161752.17
2026-09-01 20:00:00+00:00,2.503,2.508,2.476,2.485,69170.44
2026-09-01 21:00:00+00:00,2.485,2.493,2.459,2.474,60817.21
2026-09-01 22:00:00+00:00,2.474,2.474,2.453,2.459,28927.12
2026-09-01 23:00:00+00:00,2.459,2.487,2.433,2.482,158931.37
2026-09-02 00:00:00+00:00,2.48,2.494,2.448,2.452,85118.32
2026-09-02 01:00:00+00:00,2.451,2.463,2.43,2.442,68296.83
2026-09-02 02:00:00+00:00,2.442,2.455,2.432,2.445,57094.36
2026-09-02 03:00:00+00:00,2.444,2.478,2.442,2.476,61377.76
2026-09-02 04:00:00+00:00,2.475,2.545,2.472,2.53,246483.35
2026-09-02 05:00:00+00:00,2.531,2.587,2.523,2.57,240371.9
2026-09-02 06:00:00+00:00,2.572,2.598,2.542,2.567,242412.19
2026-09-02 07:00:00+00:00,2.565,2.569,2.541,2.549,77510.09
2026-09-02 08:00:00+00:00,2.549,2.564,2.511,2.524,142924.01
2026-09-02 09:00:00+00:00,2.524,2.556,2.506,2.538,175169.6
2026-09-02 10:00:00+00:00,2.54,2.558,2.47,2.493,354763.34
2026-09-02 11:00:00+00:00,2.492,2.493,2.461,2.483,70493.95
2026-09-02 12:00:00+00:00,2.483,2.519,2.469,2.478,142653.24
2026-09-02 13:00:00+00:00,2.479,2.53,2.479,2.53,121148.92
2026-09-02 14:00:00+00:00,2.531,2.533,2.49,2.49,92812.39
2026-09-02 15:00:00+00:00,2.488,2.5,2.47,2.5,95085.56
2026-09-02 16:00:00+00:00,2.498,2.498,2.471,2.474,46466.91
2026-09-02 17:00:00+00:00,2.475,2.496,2.47,2.485,59022.28
2026-09-02 18:00:00+00:00,2.485,2.489,2.475,2.487,44513.73
2026-09-02 19:00:00+00:00,2.486,2.488,2.472,2.483,72376.99
2026-09-02 20:00:00+00:00,2.482,2.533,2.481,2.506,173031.49
2026-09-02 21:00:00+00:00,2.505,2.507,2.485,2.498,48634.76
2026-09-02 22:00:00+00:00,2.497,2.498,2.438,2.45,150595.11
2026-09-02 23:00:00+00:00,2.45,2.472,2.448,2.465,37825.12
2026-09-03 00:00:00+00:00,2.464,2.467,2.43,2.444,166012.89
2026-09-03 01:00:00+00:00,2.445,2.496,2.438,2.469,130781.36
2026-09-03 02:00:00+00:00,2.469,2.5,2.468,2.496,49192.45
2026-09-03 03:00:00+00:00,2.496,2.496,2.474,2.475,86553.19
2026-09-03 04:00:00+00:00,2.476,2.496,2.471,2.496,23715.4
2026-09-03 05:00:00+00:00,2.496,2.499,2.451,2.492,81510.01
2026-09-03 06:00:00+00:00,2.493,2.502,2.484,2.502,64950.96
2026-09-03 07:00:00+00:00,2.502,2.525,2.495,2.502,104992.54
2026-09-03 08:00:00+00:00,2.502,2.52,2.495,2.5,65491.08
2026-09-03 09:00:00+00:00,2.499,2.512,2.493,2.495,38758.94
2026-09-03 10:00:00+00:00,2.494,2.515,2.484,2.498,47912.09
2026-09-03 11:00:00+00:00,2.498,2.502,2.487,2.494,51586.92
2026-09-03 12:00:00+00:00,2.494,2.52,2.491,2.516,69898.3
2026-09-03 13:00:00+00:00,2.516,2.52,2.484,2.489,136515.0
2026-09-03 14:00:00+00:00,2.489,2.534,2.478,2.534,152407.87
2026-09-03 15:00:00+00:00,2.533,2.55,2.508,2.549,191626.5
2026-09-03 16:00:00+00:00,2.55,2.55,2.51,2.531,156651.47
2026-09-03 17:00:00+00:00,2.531,2.545,2.527,2.535,71788.61
2026-09-03 18:00:00+00:00,2.535,2.542,2.523,2.534,114267.92
2026-09-03 19:00:00+00:00,2.533,2.546,2.524,2.536,95961.25
2026-09-03 20:00:00+00:00,2.536,2.544,2.525,2.539,52588.38
2026-09-03 21:00:00+00:00,2.539,2.56,2.529,2.532,61299.12
2026-09-03 22:00:00+00:00,2.531,2.534,2.502,2.508,104297.25
2026-09-03 23:00:00+00:00,2.507,2.519,2.502,2.514,48745.34
2026-09-04 00:00:00+00:00,2.513,2.543,2.504,2.521,96616.74
2026-09-04 01:00:00+00:00,2.522,2.542,2.514,2.536,120338.74
2026-09-04 02:00:00+00:00,2.535,2.538,2.506,2.529,127527.25
2026-09-04 03:00:00+00:00,2.53,2.564,2.524,2.554,131504.36
2026-09-04 04:00:00+00:00,2.554,2.568,2.549,2.557,208417.24
2026-09-04 05:00:00+00:00,2.556,2.556,2.519,2.532,116221.44
2026-09-04 06:00:00+00:00,2.53,2.547,2.528,2.54,92532.35
2026-09-04 07:00:00+00:00,2.54,2.551,2.524,2.524,94315.39
2026-09-04 08:00:00+00:00,2.526,2.565,2.523,2.562,74946.89
2026-09-04 09:00:00+00:00,2.561,2.6,2.56,2.579,207487.74
2026-09-04 10:00:00+00:00,2.579,2.579,2.554,2.566,95094.36
2026-09-04 11:00:00+00:00,2.565,2.594,2.559,2.578,82456.61
2026-09-04 12:00:00+00:00,2.578,2.587,2.4,2.472,764370.17
2026-09-04 13:00:00+00:00,2.472,2.491,2.456,2.474,183693.45
2026-09-04 14:00:00+00:00,2.474,2.48,2.421,2.443,210258.28
2026-09-04 15:00:00+00:00,2.443,2.467,2.439,2.46,94502.14
2026-09-04 16:00:00+00:00,2.459,2.483,2.455,2.476,130563.59
2026-09-04 17:00:00+00:00,2.476,2.479,2.465,2.471,80062.39
2026-09-04 18:00:00+00:00,2.472,2.481,2.471,2.474,24635.64
2026-09-04 19:00:00+00:00,2.474,2.496,2.471,2.483,42022.27
2026-09-04 20:00:00+00:00,2.484,2.488,2.469,2.477,53014.31
2026-09-04 21:00:00+00:00,2.479,2.484,2.463,2.466,60980.26
2026-09-04 22:00:00+00:00,2.466,2.47,2.457,2.458,23402.4
2026-09-04 23:00:00+00:00,2.458,2.473,2.453,2.468,45096.56
2026-09-05 00:00:00+00:00,2.469,2.485,2.461,2.479,42336.8
2026-09-05 01:00:00+00:00,2.479,2.492,2.479,2.481,72810.28
2026-09-05 02:00:00+00:00,2.48,2.55,2.47,2.548,171433.22
2026-09-05 03:00:00+00:00,2.548,2.59,2.54,2.589,165850.37
2026-09-05 04:00:00+00:00,2.589,2.631,2.572,2.628,205569.27
2026-09-05 05:00:00+00:00,2.628,2.635,2.594,2.629,276998.2
2026-09-05 06:00:00+00:00,2.63,2.714,2.627,2.702,368640.26
2026-09-05 07:00:00+00:00,2.702,2.718,2.621,2.641,430703.59
2026-09-05 08:00:00+00:00,2.64,2.694,2.626,2.652,257116.04
2026-09-05 09:00:00+00:00,2.654,2.669,2.637,2.639,100955.78
2026-09-05 10:00:00+00:00,2.639,2.641,2.615,2.627,109411.35
2026-09-05 11:00:00+00:00,2.627,2.633,2.614,2.626,58199.98
2026-09-05 12:00:00+00:00,2.626,2.639,2.622,2.633,107534.58
2026-09-05 13:00:00+00:00,2.633,2.634,2.598,2.606,238580.41
2026-09-05 14:00:00+00:00,2.605,2.614,2.594,2.607,62738.33
2026-09-05 15:00:00+00:00,2.607,2.616,2.595,2.601,76538.52
2026-09-05 16:00:00+00:00,2.6,2.613,2.59,2.609,64231.17
2026-09-05 17:00:00+00:00,2.61,2.631,2.606,2.627,99104.86
2026-09-05 18:00:00+00:00,2.628,2.631,2.618,2.628,110830.81
2026-09-05 19:00:00+00:00,2.627,2.676,2.627,2.657,163538.05
2026-09-05 20:00:00+00:00,2.658,2.682,2.648,2.674,126746.57
2026-09-05 21:00:00+00:00,2.675,2.7,2.65,2.695,99555.85
2026-09-05 22:00:00+00:00,2.696,2.704,2.676,2.685,76303.36
2026-09-05 23:00:00+00:00,2.683,2.683,2.666,2.669,82921.6
2026-09-06 00:00:00+00:00,2.669,2.705,2.661,2.694,100849.05
2026-09-06 01:00:00+00:00,2.696,2.733,2.691,2.708,200419.63
2026-09-06 02:00:00+00:00,2.71,2.713,2.673,2.677,175919.95
2026-09-06 03:00:00+00:00,2.676,2.689,2.659,2.67,98523.48
2026-09-06 04:00:00+00:00,2.668,2.669,2.637,2.65,105253.75
2026-09-06 05:00:00+00:00,2.651,2.667,2.643,2.656,86178.17
2026-09-06 06:00:00+00:00,2.655,2.657,2.629,2.645,102601.94
2026-09-06 07:00:00+00:00,2.645,2.669,2.622,2.663,125014.89
2026-09-06 08:00:00+00:00,2.661,2.683,2.659,2.677,86244.07
2026-09-06 09:00:00+00:00,2.677,2.689,2.667,2.682,74202.04
2026-09-06 10:00:00+00:00,2.681,2.691,2.658,2.673,77395.1
2026-09-06 11:00:00+00:00,2.673,2.684,2.67,2.676,61051.38
2026-09-06 12:00:00+00:00,2.676,2.711,2.657,2.71,359403.72
2026-09-06 13:00:00+00:00,2.71,2.786,2.696,2.776,594982.75
2026-09-06 14:00:00+00:00,2.775,2.806,2.709,2.723,630673.48
2026-09-06 15:00:00+00:00,2.723,2.725,2.66,2.677,443840.62
2026-09-06 16:00:00+00:00,2.678,2.701,2.67,2.697,152181.53
2026-09-06 17:00:00+00:00,2.696,2.696,2.679,2.683,127758.87
2026-09-06 18:00:00+00:00,2.683,2.689,2.666,2.673,247345.19
2026-09-06 19:00:00+00:00,2.673,2.675,2.663,2.675,78994.4
2026-09-06 20:00:00+00:00,2.674,2.694,2.672,2.687,93221.96
2026-09-06 21:00:00+00:00,2.687,2.724,2.687,2.718,136137.28
2026-09-06 22:00:00+00:00,2.716,2.717,2.676,2.708,155483.25
2026-09-06 23:00:00+00:00,2.708,2.742,2.708,2.735,111143.64
2026-09-07 00:00:00+00:00,2.736,2.763,2.73,2.741,231268.66
2026-09-07 01:00:00+00:00,2.741,2.746,2.695,2.695,185124.77
2026-09-07 02:00:00+00:00,2.697,2.758,2.691,2.741,144740.47
2026-09-07 03:00:00+00:00,2.741,2.747,2.706,2.72,177418.61
2026-09-07 04:00:00+00:00,2.721,2.81,2.72,2.802,305368.85
2026-09-07 05:00:00+00:00,2.801,2.963,2.793,2.952,777361.44
2026-09-07 06:00:00+00:00,2.952,3.02,2.922,2.946,1124873.67
2026-09-07 07:00:00+00:00,2.945,3.037,2.939,3.019,748091.23
2026-09-07 08:00:00+00:00,3.018,3.064,2.976,2.992,559891.52
2026-09-07 09:00:00+00:00,2.991,3.045,2.984,3.03,322641.08
2026-09-07 10:00:00+00:00,3.031,3.063,2.976,2.979,413673.83
2026-09-07 11:00:00+00:00,2.98,3.027,2.901,2.911,526796.03
2026-09-07 12:00:00+00:00,2.911,2.983,2.884,2.978,339797.25
2026-09-07 13:00:00+00:00,2.979,3.012,2.952,2.98,307025.89
2026-09-07 14:00:00+00:00,2.978,3.004,2.941,2.973,355749.03
2026-09-07 15:00:00+00:00,2.973,2.98,2.873,2.895,319532.23
2026-09-07 16:00:00+00:00,2.895,2.992,2.895,2.985,221738.73
2026-09-07 17:00:00+00:00,2.985,3.083,2.978,3.027,408837.02
2026-09-07 18:00:00+00:00,3.027,3.031,2.978,2.998,153071.57
2026-09-07 19:00:00+00:00,2.997,3.04,2.984,3.032,106191.93
2026-09-07 20:00:00+00:00,3.032,3.127,3.03,3.084,427332.06
2026-09-07 21:00:00+00:00,3.084,3.1,3.05,3.062,141029.7
2026-09-07 22:00:00+00:00,3.062,3.062,2.96,2.976,298942.81
2026-09-07 23:00:00+00:00,2.977,3.013,2.969,2.989,105773.59
2026-09-08 00:00:00+00:00,2.988,3.041,2.986,3.036,171106.41
2026-09-08 01:00:00+00:00,3.035,3.054,3.006,3.029,154532.86
2026-09-08 02:00:00+00:00,3.03,3.057,3.0,3.012,146193.38
2026-09-08 03:00:00+00:00,3.011,3.068,2.994,3.001,194487.44
2026-09-08 04:00:00+00:00,3.001,3.061,2.983,3.018,295467.35
2026-09-08 05:00:00+00:00,3.018,3.054,3.012,3.029,131945.74
2026-09-08 06:00:00+00:00,3.03,3.038,2.989,3.012,210581.45
2026-09-08 07:00:00+00:00,3.013,3.059,3.011,3.035,155456.39
2026-09-08 08:00:00+00:00,3.035,3.088,3.022,3.077,266935.96
2026-09-08 09:00:00+00:00,3.077,3.107,3.07,3.098,203003.73
2026-09-08 10:00:00+00:00,3.098,3.139,2.994,3.015,269072.35
2026-09-08 11:00:00+00:00,3.015,3.016,2.989,3.008,171474.31
2026-09-08 12:00:00+00:00,3.007,3.1,2.974,3.063,233818.42
2026-09-08 13:00:00+00:00,3.062,3.065,2.973,3.013,236810.78
2026-09-08 14:00:00+00:00,3.012,3.051,3.012,3.032,137191.05
2026-09-08 15:00:00+00:00,3.031,3.098,3.017,3.027,183008.86
2026-09-08 16:00:00+00:00,3.026,3.026,2.956,2.965,149907.03
2026-09-08 17:00:00+00:00,2.965,2.973,2.925,2.948,214076.37
2026-09-08 18:00:00+00:00,2.949,2.965,2.909,2.923,79194.53
2026-09-08 19:00:00+00:00,2.923,2.929,2.899,2.909,119552.53
2026-09-08 20:00:00+00:00,2.908,2.944,2.904,2.942,248912.02
2026-09-08 21:00:00+00:00,2.941,2.95,2.919,2.922,37992.85
2026-09-08 22:00:00+00:00,2.922,2.952,2.922,2.943,52477.05
2026-09-08 23:00:00+00:00,2.943,2.954,2.934,2.938,56723.26
2026-09-09 00:00:00+00:00,2.938,2.962,2.907,2.915,66155.47
2026-09-09 01:00:00+00:00,2.916,2.916,2.88,2.884,147784.59
2026-09-09 02:00:00+00:00,2.884,2.899,2.874,2.874,79474.67
2026-09-09 03:00:00+00:00,2.874,2.876,2.824,2.843,427345.21
2026-09-09 04:00:00+00:00,2.843,2.886,2.831,2.883,139109.88
2026-09-09 05:00:00+00:00,2.883,2.887,2.865,2.868,67143.39
2026-09-09 06:00:00+00:00,2.868,2.911,2.857,2.906,109895.68
2026-09-09 07:00:00+00:00,2.904,2.905,2.869,2.874,80105.76
2026-09-09 08:00:00+00:00,2.874,2.897,2.873,2.885,107619.87
2026-09-09 09:00:00+00:00,2.885,2.886,2.837,2.838,103735.15
2026-09-09 10:00:00+00:00,2.839,2.869,2.826,2.868,137846.12
2026-09-09 11:00:00+00:00,2.868,2.881,2.847,2.873,88440.97
2026-09-09 12:00:00+00:00,2.872,2.898,2.87,2.881,80731.11
2026-09-09 13:00:00+00:00,2.881,2.9,2.852,2.857,127117.53
2026-09-09 14:00:00+00:00,2.856,2.887,2.85,2.871,77733.2
2026-09-09 15:00:00+00:00,2.873,2.889,2.815,2.862,160915.85
2026-09-09 16:00:00+00:00,2.863,2.872,2.814,2.84,92093.91
2026-09-09 17:00:00+00:00,2.841,2.889,2.841,2.874,87310.61
2026-09-09 18:00:00+00:00,2.874,2.889,2.865,2.882,47173.97
2026-09-09 19:00:00+00:00,2.882,2.886,2.822,2.831,53729.43
2026-09-09 20:00:00+00:00,2.831,2.857,2.823,2.85,93329.8
2026-09-09 21:00:00+00:00,2.85,2.853,2.819,2.823,50007.71
2026-09-09 22:00:00+00:00,2.825,2.83,2.762,2.764,172121.05
2026-09-09 23:00:00+00:00,2.763,2.786,2.755,2.781,133723.81
2026-09-10 00:00:00+00:00,2.781,2.794,2.764,2.782,90723.82
2026-09-10 01:00:00+00:00,2.782,2.798,2.72,2.732,276019.38
2026-09-10 02:00:00+00:00,2.732,2.791,2.725,2.79,103203.51
2026-09-10 03:00:00+00:00,2.79,2.794,2.772,2.779,75516.15
2026-09-10 04:00:00+00:00,2.777,2.786,2.742,2.753,48705.88
2026-09-10 05:00:00+00:00,2.752,2.783,2.744,2.771,79012.46
2026-09-10 06:00:00+00:00,2.77,2.805,2.744,2.802,107512.68
2026-09-10 07:00:00+00:00,2.801,2.813,2.746,2.752,150870.99
2026-09-10 08:00:00+00:00,2.753,2.797,2.752,2.768,128093.08
2026-09-10 09:00:00+00:00,2.768,2.774,2.748,2.753,34698.72
2026-09-10 10:00:00+00:00,2.753,2.771,2.746,2.746,29772.87
2026-09-10 11:00:00+00:00,2.746,2.769,2.727,2.748,75012.61
2026-09-10 12:00:00+00:00,2.748,2.773,2.694,2.735,233486.25
2026-09-10 13:00:00+00:00,2.735,2.769,2.731,2.755,131905.79
2026-09-10 14:00:00+00:00,2.755,2.79,2.742,2.774,120627.87
2026-09-10 15:00:00+00:00,2.773,2.773,2.749,2.763,46178.33
2026-09-10 16:00:00+00:00,2.763,2.768,2.696,2.72,106992.03
2026-09-10 17:00:00+00:00,2.719,2.759,2.715,2.745,48473.51
2026-09-10 18:00:00+00:00,2.744,2.764,2.721,2.763,32781.58
2026-09-10 19:00:00+00:00,2.762,2.776,2.752,2.761,58382.18
2026-09-10 20:00:00+00:00,2.761,2.833,2.758,2.798,111348.52
2026-09-10 21:00:00+00:00,2.798,2.81,2.783,2.79,49581.74
2026-09-10 22:00:00+00:00,2.792,2.829,2.79,2.802,98399.55
2026-09-10 23:00:00+00:00,2.802,2.83,2.785,2.813,107308.32
2026-09-11 00:00:00+00:00,2.812,2.84,2.791,2.816,104238.27
2026-09-11 01:00:00+00:00,2.815,2.828,2.771,2.783,72329.08
2026-09-11 02:00:00+00:00,2.784,2.795,2.76,2.767,85201.9
2026-09-11 03:00:00+00:00,2.768,2.797,2.755,2.779,51237.28
2026-09-11 04:00:00+00:00,2.782,2.823,2.777,2.79,54630.12
2026-09-11 05:00:00+00:00,2.79,2.792,2.772,2.787,64467.59
2026-09-11 06:00:00+00:00,2.788,2.794,2.75,2.755,64054.83
2026-09-11 07:00:00+00:00,2.754,2.765,2.738,2.741,47499.86
2026-09-11 08:00:00+00:00,2.74,2.766,2.737,2.762,38165.04
2026-09-11 09:00:00+00:00,2.762,2.763,2.73,2.746,32734.65
2026-09-11 10:00:00+00:00,2.746,2.76,2.724,2.731,31831.15
2026-09-11 11:00:00+00:00,2.731,2.758,2.718,2.75,72285.65
2026-09-11 12:00:00+00:00,2.75,2.825,2.704,2.816,240614.65
2026-09-11 13:00:00+00:00,2.817,2.852,2.774,2.844,162258.2
2026-09-11 14:00:00+00:00,2.847,2.877,2.825,2.852,140229.89
2026-09-11 15:00:00+00:00,2.854,2.864,2.77,2.773,94464.17
2026-09-11 16:00:00+00:00,2.774,2.835,2.773,2.821,100236.89
2026-09-11 17:00:00+00:00,2.823,2.824,2.786,2.792,31824.87
2026-09-11 18:00:00+00:00,2.792,2.794,2.734,2.742,79628.89
2026-09-11 19:00:00+00:00,2.745,2.765,2.734,2.763,38849.4
2026-09-11 20:00:00+00:00,2.763,2.783,2.748,2.759,39945.95
2026-09-11 21:00:00+00:00,2.759,2.775,2.724,2.73,40999.51
2026-09-11 22:00:00+00:00,2.733,2.749,2.713,2.716,54636.51
2026-09-11 23:00:00+00:00,2.716,2.728,2.713,2.725,93117.74
2026-09-12 00:00:00+00:00,2.724,2.732,2.715,2.726,73454.23
2026-09-12 01:00:00+00:00,2.726,2.749,2.726,2.742,34514.42
2026-09-12 02:00:00+00:00,2.742,2.771,2.736,2.762,56296.62
2026-09-12 03:00:00+00:00,2.761,2.78,2.757,2.776,37006.29
2026-09-12 04:00:00+00:00,2.777,2.787,2.767,2.769,36722.33
2026-09-12 05:00:00+00:00,2.767,2.778,2.755,2.762,50472.04
2026-09-12 06:00:00+00:00,2.763,2.779,2.76,2.773,23364.91
2026-09-12 07:00:00+00:00,2.773,2.796,2.768,2.785,25816.85
2026-09-12 08:00:00+00:00,2.785,2.789,2.773,2.779,26145.48
2026-09-12 09:00:00+00:00,2.779,2.789,2.765,2.771,39621.01
2026-09-12 10:00:00+00:00,2.771,2.773,2.763,2.768,14261.39
2026-09-12 11:00:00+00:00,2.767,2.768,2.751,2.755,26717.27
2026-09-12 12:00:00+00:00,2.756,2.76,2.746,2.749,25457.2
2026-09-12 13:00:00+00:00,2.749,2.773,2.744,2.763,56134.76
2026-09-12 14:00:00+00:00,2.762,2.769,2.755,2.758,27724.58
2026-09-12 15:00:00+00:00,2.758,2.772,2.755,2.767,26169.82
2026-09-12 16:00:00+00:00,2.765,2.768,2.745,2.746,15914.92
2026-09-12 17:00:00+00:00,2.747,2.751,2.73,2.744,27145.61
2026-09-12 18:00:00+00:00,2.744,2.744,2.729,2.734,25293.86
2026-09-12 19:00:00+00:00,2.734,2.743,2.723,2.738,41317.55
2026-09-12 20:00:00+00:00,2.739,2.747,2.736,2.738,19653.3
2026-09-12 21:00:00+00:00,2.738,2.749,2.736,2.736,13987.87
2026-09-12 22:00:00+00:00,2.736,2.747,2.734,2.74,41871.06
2026-09-12 23:00:00+00:00,2.74,2.741,2.731,2.734,15217.79
2026-09-13 00:00:00+00:00,2.735,2.742,2.727,2.728,17269.9
2026-09-13 01:00:00+00:00,2.727,2.734,2.715,2.729,56893.28
2026-09-13 02:00:00+00:00,2.728,2.746,2.725,2.739,34072.55
2026-09-13 03:00:00+00:00,2.738,2.747,2.709,2.722,76644.43
2026-09-13 04:00:00+00:00,2.721,2.732,2.695,2.7,57504.12
2026-09-13 05:00:00+00:00,2.699,2.72,2.699,2.717,23941.52
2026-09-13 06:00:00+00:00,2.717,2.72,2.698,2.703,22751.22
2026-09-13 07:00:00+00:00,2.703,2.708,2.667,2.669,186111.17
2026-09-13 08:00:00+00:00,2.67,2.675,2.64,2.648,175686.9
2026-09-13 09:00:00+00:00,2.648,2.668,2.646,2.663,42371.56
2026-09-13 10:00:00+00:00,2.662,2.667,2.647,2.65,101057.03
2026-09-13 11:00:00+00:00,2.652,2.664,2.648,2.658,18243.22
2026-09-13 12:00:00+00:00,2.657,2.683,2.655,2.68,35072.22
2026-09-13 13:00:00+00:00,2.679,2.7,2.657,2.698,34072.4
2026-09-13 14:00:00+00:00,2.699,2.762,2.699,2.728,180656.0
2026-09-13 15:00:00+00:00,2.728,2.804,2.717,2.784,190251.69
2026-09-13 16:00:00+00:00,2.784,2.79,2.751,2.76,134017.11
2026-09-13 17:00:00+00:00,2.76,2.814,2.757,2.786,162528.21
2026-09-13 18:00:00+00:00,2.785,2.809,2.783,2.787,75713.82
2026-09-13 19:00:00+00:00,2.789,2.798,2.765,2.775,55725.13
2026-09-13 20:00:00+00:00,2.773,2.793,2.77,2.782,54508.56
2026-09-13 21:00:00+00:00,2.784,2.835,2.779,2.806,125235.13
2026-09-13 22:00:00+00:00,2.803,2.803,2.723,2.758,167431.65
2026-09-13 23:00:00+00:00,2.761,2.78,2.747,2.768,67541.54
2026-09-14 00:00:00+00:00,2.768,2.797,2.765,2.766,89355.11
2026-09-14 01:00:00+00:00,2.764,2.801,2.748,2.795,66127.01
2026-09-14 02:00:00+00:00,2.795,2.861,2.794,2.831,163032.55
2026-09-14 03:00:00+00:00,2.832,2.845,2.808,2.815,101684.89
2026-09-14 04:00:00+00:00,2.815,2.82,2.774,2.776,78111.08
2026-09-14 05:00:00+00:00,2.776,2.778,2.765,2.772,36044.82
2026-09-14 06:00:00+00:00,2.773,2.81,2.772,2.793,77888.64
2026-09-14 07:00:00+00:00,2.793,2.812,2.769,2.778,190796.77
2026-09-14 08:00:00+00:00,2.779,2.793,2.775,2.786,67928.23
2026-09-14 09:00:00+00:00,2.785,2.788,2.746,2.771,117477.18
2026-09-14 10:00:00+00:00,2.772,2.773,2.759,2.759,46243.46
2026-09-14 11:00:00+00:00,2.759,2.76,2.737,2.749,55128.99
2026-09-14 12:00:00+00:00,2.747,2.761,2.728,2.731,66631.62
2026-09-14 13:00:00+00:00,2.73,2.752,2.703,2.737,69869.25
2026-09-14 14:00:00+00:00,2.734,2.749,2.722,2.725,42409.16
2026-09-14 15:00:00+00:00,2.725,2.748,2.711,2.733,47432.92
2026-09-14 16:00:00+00:00,2.735,2.768,2.732,2.758,61923.49
2026-09-14 17:00:00+00:00,2.758,2.776,2.753,2.772,69427.97
2026-09-14 18:00:00+00:00,2.772,2.799,2.768,2.788,52498.03
2026-09-14 19:00:00+00:00,2.788,2.795,2.771,2.776,77697.33
2026-09-14 20:00:00+00:00,2.776,2.815,2.776,2.797,59901.89
2026-09-14 21:00:00+00:00,2.797,2.798,2.768,2.769,39063.03
2026-09-14 22:00:00+00:00,2.77,2.775,2.745,2.746,70587.84
2026-09-14 23:00:00+00:00,2.745,2.761,2.735,2.746,100652.2
2026-09-15 00:00:00+00:00,2.746,2.751,2.731,2.734,44218.22
2026-09-15 01:00:00+00:00,2.735,2.738,2.725,2.727,48764.25
2026-09-15 02:00:00+00:00,2.726,2.737,2.72,2.735,43807.28
2026-09-15 03:00:00+00:00,2.735,2.738,2.63,2.667,388416.59
2026-09-15 04:00:00+00:00,2.667,2.667,2.595,2.607,250422.21
2026-09-15 05:00:00+00:00,2.606,2.626,2.586,2.616,166937.69
2026-09-15 06:00:00+00:00,2.616,2.625,2.607,2.614,49823.43
2026-09-15 07:00:00+00:00,2.615,2.621,2.577,2.579,110996.32
2026-09-15 08:00:00+00:00,2.58,2.591,2.571,2.59,73175.5
2026-09-15 09:00:00+00:00,2.591,2.597,2.58,2.59,64311.47
2026-09-15 10:00:00+00:00,2.591,2.593,2.579,2.582,33270.08
2026-09-15 11:00:00+00:00,2.582,2.587,2.553,2.562,52017.07
2026-09-15 12:00:00+00:00,2.561,2.584,2.554,2.575,77173.8
2026-09-15 13:00:00+00:00,2.575,2.586,2.547,2.567,154987.74
2026-09-15 14:00:00+00:00,2.568,2.57,2.514,2.542,191863.99
2026-09-15 15:00:00+00:00,2.542,2.567,2.539,2.543,77909.75
2026-09-15 16:00:00+00:00,2.543,2.548,2.518,2.522,95099.68
2026-09-15 17:00:00+00:00,2.521,2.551,2.501,2.535,129368.11
2026-09-15 18:00:00+00:00,2.535,2.548,2.456,2.506,223757.39
2026-09-15 19:00:00+00:00,2.505,2.518,2.47,2.484,154225.12
2026-09-15 20:00:00+00:00,2.485,2.488,2.449,2.475,146457.47
2026-09-15 21:00:00+00:00,2.474,2.478,2.445,2.452,154939.49
2026-09-15 22:00:00+00:00,2.453,2.48,2.451,2.478,57457.63
2026-09-15 23:00:00+00:00,2.478,2.491,2.475,2.482,115632.73
2026-09-16 00:00:00+00:00,2.482,2.496,2.478,2.485,89782.67
2026-09-16 01:00:00+00:00,2.484,2.491,2.455,2.456,100258.96
2026-09-16 02:00:00+00:00,2.456,2.479,2.456,2.466,65160.61
2026-09-16 03:00:00+00:00,2.465,2.481,2.464,2.479,55554.52
2026-09-16 04:00:00+00:00,2.479,2.524,2.475,2.519,396101.55
2026-09-16 05:00:00+00:00,2.519,2.527,2.507,2.514,55055.88
2026-09-16 06:00:00+00:00,2.514,2.534,2.508,2.528,50935.77
2026-09-16 07:00:00+00:00,2.528,2.53,2.496,2.5,39252.53
2026-09-16 08:00:00+00:00,2.5,2.5,2.48,2.486,47719.67
2026-09-16 09:00:00+00:00,2.488,2.51,2.488,2.507,31051.29
2026-09-16 10:00:00+00:00,2.506,2.519,2.501,2.515,23795.85
2026-09-16 11:00:00+00:00,2.514,2.544,2.514,2.53,64677.64
2026-09-16 12:00:00+00:00,2.53,2.536,2.476,2.5,61626.87
2026-09-16 13:00:00+00:00,2.499,2.504,2.477,2.49,49719.65
2026-09-16 14:00:00+00:00,2.491,2.491,2.458,2.466,71179.66
2026-09-16 15:00:00+00:00,2.467,2.476,2.451,2.452,38577.11
2026-09-16 16:00:00+00:00,2.451,2.47,2.449,2.465,21639.88
2026-09-16 17:00:00+00:00,2.464,2.469,2.436,2.463,112651.63
2026-09-16 18:00:00+00:00,2.464,2.515,2.447,2.474,213264.99
2026-09-16 19:00:00+00:00,2.474,2.504,2.452,2.494,53429.39
2026-09-16 20:00:00+00:00,2.494,2.532,2.491,2.532,83805.89
2026-09-16 21:00:00+00:00,2.531,2.544,2.512,2.52,85608.02
2026-09-16 22:00:00+00:00,2.521,2.534,2.502,2.528,30690.55
2026-09-16 23:00:00+00:00,2.526,2.578,2.523,2.57,86970.06
2026-09-17 00:00:00+00:00,2.57,2.571,2.549,2.552,34488.38
2026-09-17 01:00:00+00:00,2.552,2.572,2.544,2.561,72269.48
2026-09-17 02:00:00+00:00,2.56,2.574,2.548,2.566,29422.63
2026-09-17 03:00:00+00:00,2.566,2.587,2.562,2.577,42202.77
2026-09-17 04:00:00+00:00,2.576,2.579,2.555,2.575,42534.59
2026-09-17 05:00:00+00:00,2.574,2.575,2.554,2.558,51616.12
2026-09-17 06:00:00+00:00,2.557,2.573,2.554,2.568,30215.19
2026-09-17 07:00:00+00:00,2.566,2.58,2.563,2.568,42917.9
2026-09-17 08:00:00+00:00,2.567,2.581,2.563,2.574,43645.58
2026-09-17 09:00:00+00:00,2.575,2.577,2.563,2.563,79122.65
2026-09-17 10:00:00+00:00,2.566,2.566,2.538,2.545,82003.14
2026-09-17 11:00:00+00:00,2.545,2.554,2.536,2.553,54268.9
2026-09-17 12:00:00+00:00,2.552,2.571,2.552,2.56,78771.93
2026-09-17 13:00:00+00:00,2.561,2.564,2.524,2.544,67431.92
2026-09-17 14:00:00+00:00,2.544,2.58,2.538,2.561,134089.91
2026-09-17 15:00:00+00:00,2.559,2.59,2.55,2.585,73843.91
2026-09-17 16:00:00+00:00,2.584,2.609,2.577,2.607,73366.05
2026-09-17 17:00:00+00:00,2.608,2.62,2.601,2.613,89916.31
2026-09-17 18:00:00+00:00,2.615,2.632,2.609,2.615,57074.59
2026-09-17 19:00:00+00:00,2.614,2.641,2.612,2.627,79513.74
2026-09-17 20:00:00+00:00,2.628,2.645,2.625,2.644,35414.32
2026-09-17 21:00:00+00:00,2.644,2.645,2.601,2.606,67913.85
2026-09-17 22:00:00+00:00,2.605,2.626,2.594,2.624,67363.35
2026-09-17 23:00:00+00:00,2.623,2.641,2.617,2.634,39122.21
2026-09-18 00:00:00+00:00,2.635,2.658,2.623,2.655,52648.97
2026-09-18 01:00:00+00:00,2.656,2.692,2.648,2.691,68199.41
2026-09-18 02:00:00+00:00,2.691,2.708,2.685,2.703,61290.88
2026-09-18 03:00:00+00:00,2.703,2.801,2.701,2.782,170185.52
2026-09-18 04:00:00+00:00,2.783,2.798,2.751,2.79,136023.29
2026-09-18 05:00:00+00:00,2.79,2.795,2.743,2.75,135591.3
2026-09-18 06:00:00+00:00,2.75,2.771,2.749,2.756,80131.3
2026-09-18 07:00:00+00:00,2.755,2.767,2.75,2.757,78732.3
2026-09-18 08:00:00+00:00,2.757,2.789,2.745,2.784,70990.67
2026-09-18 09:00:00+00:00,2.784,2.816,2.77,2.809,83699.97
2026-09-18 10:00:00+00:00,2.809,2.821,2.775,2.775,216404.97
2026-09-18 11:00:00+00:00,2.776,2.787,2.725,2.751,194573.9
2026-09-18 12:00:00+00:00,2.753,2.832,2.75,2.817,136285.13
2026-09-18 13:00:00+00:00,2.816,2.85,2.793,2.817,140261.19
2026-09-18 14:00:00+00:00,2.819,2.842,2.803,2.84,165181.83
2026-09-18 15:00:00+00:00,2.839,2.849,2.809,2.833,160527.07
2026-09-18 16:00:00+00:00,2.834,2.858,2.814,2.824,207746.57
2026-09-18 17:00:00+00:00,2.822,2.825,2.805,2.808,66231.49
2026-09-18 18:00:00+00:00,2.807,2.822,2.804,2.811,43097.32
2026-09-18 19:00:00+00:00,2.811,2.872,2.81,2.853,145821.84
2026-09-18 20:00:00+00:00,2.852,2.871,2.838,2.867,70040.02
2026-09-18 21:00:00+00:00,2.867,2.873,2.848,2.866,54299.12
2026-09-18 22:00:00+00:00,2.867,2.875,2.849,2.86,48586.6
2026-09-18 23:00:00+00:00,2.86,2.886,2.847,2.864,60142.03
2026-09-19 00:00:00+00:00,2.865,2.895,2.862,2.863,58842.87
2026-09-19 01:00:00+00:00,2.863,2.883,2.827,2.871,149363.13
2026-09-19 02:00:00+00:00,2.872,2.905,2.87,2.902,141811.77
2026-09-19 03:00:00+00:00,2.9,2.902,2.857,2.872,90317.46
2026-09-19 04:00:00+00:00,2.872,2.873,2.833,2.857,86906.15
2026-09-19 05:00:00+00:00,2.856,2.882,2.856,2.869,67510.78
2026-09-19 06:00:00+00:00,2.87,2.884,2.825,2.854,132071.22
2026-09-19 07:00:00+00:00,2.856,2.86,2.838,2.853,97487.9
2026-09-19 08:00:00+00:00,2.852,2.888,2.851,2.868,75827.98
2026-09-19 09:00:00+00:00,2.869,2.873,2.855,2.866,87379.11
2026-09-19 10:00:00+00:00,2.866,2.904,2.856,2.882,62827.81
2026-09-19 11:00:00+00:00,2.881,2.888,2.873,2.879,90632.02
2026-09-19 12:00:00+00:00,2.88,2.904,2.875,2.901,89241.87
2026-09-19 13:00:00+00:00,2.902,2.905,2.857,2.873,122790.22
2026-09-19 14:00:00+00:00,2.872,2.894,2.868,2.878,70568.96
2026-09-19 15:00:00+00:00,2.88,2.882,2.848,2.866,84993.02
2026-09-19 16:00:00+00:00,2.865,2.9,2.858,2.896,113647.3
2026-09-19 17:00:00+00:00,2.897,2.908,2.855,2.906,160441.95
2026-09-19 18:00:00+00:00,2.905,2.968,2.898,2.968,316906.39
2026-09-19 19:00:00+00:00,2.969,2.973,2.91,2.916,148919.75
2026-09-19 20:00:00+00:00,2.916,2.925,2.895,2.895,92372.07
2026-09-19 21:00:00+00:00,2.896,2.905,2.831,2.847,149044.58
2026-09-19 22:00:00+00:00,2.846,2.871,2.815,2.865,85358.1
2026-09-19 23:00:00+00:00,2.865,2.873,2.853,2.864,42054.2
2026-09-20 00:00:00+00:00,2.864,2.874,2.852,2.86,76916.05
2026-09-20 01:00:00+00:00,2.861,2.868,2.822,2.843,97703.04
2026-09-20 02:00:00+00:00,2.844,2.859,2.737,2.744,271624.88
2026-09-20 03:00:00+00:00,2.745,2.789,2.741,2.778,96108.46
2026-09-20 04:00:00+00:00,2.779,2.795,2.764,2.792,175049.7
2026-09-20 05:00:00+00:00,2.792,2.794,2.768,2.791,113914.06
2026-09-20 06:00:00+00:00,2.792,2.797,2.774,2.794,82981.83
2026-09-20 07:00:00+00:00,2.794,2.798,2.786,2.788,81409.48
2026-09-20 08:00:00+00:00,2.789,2.805,2.779,2.785,90259.86
2026-09-20 09:00:00+00:00,2.785,2.804,2.772,2.789,140432.11
2026-09-20 10:00:00+00:00,2.789,2.794,2.747,2.785,176008.27
2026-09-20 11:00:00+00:00,2.785,2.794,2.766,2.788,67037.46
2026-09-20 12:00:00+00:00,2.786,2.789,2.766,2.784,73418.45
2026-09-20 13:00:00+00:00,2.784,2.786,2.746,2.753,70401.76
2026-09-20 14:00:00+00:00,2.753,2.771,2.746,2.757,125534.29
2026-09-20 15:00:00+00:00,2.757,2.816,2.757,2.814,230735.2
2026-09-20 16:00:00+00:00,2.815,2.962,2.807,2.935,564524.85
2026-09-20 17:00:00+00:00,2.935,2.936,2.879,2.896,192721.56
2026-09-20 18:00:00+00:00,2.895,2.919,2.864,2.874,132053.1
2026-09-20 19:00:00+00:00,2.874,2.894,2.866,2.89,56573.29
2026-09-20 20:00:00+00:00,2.89,2.922,2.887,2.902,121184.98
2026-09-20 21:00:00+00:00,2.902,2.906,2.86,2.898,88260.76
2026-09-20 22:00:00+00:00,2.899,2.913,2.888,2.891,68304.75
2026-09-20 23:00:00+00:00,2.892,2.912,2.885,2.897,89061.46
2026-09-21 00:00:00+00:00,2.896,2.927,2.891,2.909,134737.27
2026-09-21 01:00:00+00:00,2.908,2.94,2.892,2.909,186344.1
2026-09-21 02:00:00+00:00,2.91,2.982,2.902,2.98,174023.53
2026-09-21 03:00:00+00:00,2.979,3.044,2.977,3.02,302127.67
2026-09-21 04:00:00+00:00,3.019,3.02,2.919,2.966,266848.11
2026-09-21 05:00:00+00:00,2.967,2.967,2.93,2.936,80452.03
2026-09-21 06:00:00+00:00,2.936,2.973,2.916,2.925,169100.05
2026-09-21 07:00:00+00:00,2.924,2.939,2.898,2.93,131029.08
2026-09-21 08:00:00+00:00,2.931,2.984,2.918,2.969,165991.55
2026-09-21 09:00:00+00:00,2.968,2.991,2.933,2.939,230166.3
2026-09-21 10:00:00+00:00,2.939,2.969,2.931,2.969,153319.27
2026-09-21 11:00:00+00:00,2.968,2.983,2.943,2.949,163811.39
2026-09-21 12:00:00+00:00,2.95,2.985,2.949,2.978,181267.01
2026-09-21 13:00:00+00:00,2.979,2.981,2.921,2.958,204502.86
2026-09-21 14:00:00+00:00,2.959,2.98,2.925,2.969,107292.89
2026-09-21 15:00:00+00:00,2.969,2.979,2.932,2.956,139267.51
2026-09-21 16:00:00+00:00,2.956,2.982,2.939,2.941,221250.78
2026-09-21 17:00:00+00:00,2.941,2.947,2.878,2.906,333255.07
2026-09-21 18:00:00+00:00,2.904,2.928,2.891,2.918,103585.41
2026-09-21 19:00:00+00:00,2.916,2.941,2.906,2.94,93360.32
2026-09-21 20:00:00+00:00,2.942,3.0,2.94,2.969,165970.64
2026-09-21 21:00:00+00:00,2.968,2.99,2.954,2.969,101811.47
2026-09-21 22:00:00+00:00,2.969,3.014,2.969,3.014,123314.81
2026-09-21 23:00:00+00:00,3.014,3.063,3.011,3.031,165836.31
2026-09-22 00:00:00+00:00,3.03,3.075,3.013,3.019,153929.06
2026-09-22 01:00:00+00:00,3.02,3.022,2.973,2.996,176970.08
2026-09-22 02:00:00+00:00,2.996,3.008,2.959,2.962,182136.91
2026-09-22 03:00:00+00:00,2.962,2.981,2.941,2.969,117562.12
2026-09-22 04:00:00+00:00,2.968,2.971,2.913,2.917,160431.13
2026-09-22 05:00:00+00:00,2.919,2.961,2.907,2.955,139076.16
2026-09-22 06:00:00+00:00,2.956,2.973,2.93,2.964,103304.98
2026-09-22 07:00:00+00:00,2.964,2.98,2.936,2.958,145846.63
2026-09-22 08:00:00+00:00,2.958,2.982,2.929,2.973,160605.24
2026-09-22 09:00:00+00:00,2.972,2.975,2.921,2.953,238545.44
2026-09-22 10:00:00+00:00,2.951,2.953,2.912,2.933,166978.42
2026-09-22 11:00:00+00:00,2.933,2.958,2.919,2.935,148871.41
2026-09-22 12:00:00+00:00,2.935,2.965,2.915,2.965,224407.59
2026-09-22 13:00:00+00:00,2.965,2.979,2.937,2.962,122078.25
2026-09-22 14:00:00+00:00,2.96,2.964,2.882,2.926,225373.68
2026-09-22 15:00:00+00:00,2.926,2.965,2.925,2.959,141765.17
2026-09-22 16:00:00+00:00,2.959,2.968,2.915,2.964,117279.22
2026-09-22 17:00:00+00:00,2.963,2.968,2.938,2.949,79182.92
2026-09-22 18:00:00+00:00,2.951,2.971,2.946,2.957,85175.68
2026-09-22 19:00:00+00:00,2.957,2.997,2.957,2.997,136627.68
2026-09-22 20:00:00+00:00,2.997,3.007,2.974,2.981,138212.38
2026-09-22 21:00:00+00:00,2.981,2.995,2.971,2.98,45827.9
2026-09-22 22:00:00+00:00,2.981,3.0,2.959,2.985,84041.05
2026-09-22 23:00:00+00:00,2.985,3.04,2.984,3.022,168665.94
2026-09-23 00:00:00+00:00,3.022,3.034,2.98,2.984,117635.45
2026-09-23 01:00:00+00:00,2.983,3.014,2.97,2.98,87412.0
2026-09-23 02:00:00+00:00,2.979,3.011,2.964,3.011,76405.88
2026-09-23 03:00:00+00:00,3.012,3.071,3.0,3.052,125902.12
2026-09-23 04:00:00+00:00,3.053,3.055,3.02,3.027,123578.44
2026-09-23 05:00:00+00:00,3.026,3.061,3.007,3.018,133547.4
2026-09-23 06:00:00+00:00,3.018,3.065,3.014,3.051,130349.69
2026-09-23 07:00:00+00:00,3.05,3.05,3.0,3.027,134724.83
2026-09-23 08:00:00+00:00,3.028,3.062,2.995,3.027,101084.78
2026-09-23 09:00:00+00:00,3.027,3.1,3.02,3.06,271624.38
2026-09-23 10:00:00+00:00,3.059,3.099,3.038,3.089,193786.02
2026-09-23 11:00:00+00:00,3.089,3.2,3.075,3.169,670663.74
2026-09-23 12:00:00+00:00,3.169,3.17,3.029,3.051,507017.09
2026-09-23 13:00:00+00:00,3.051,3.124,3.047,3.113,381996.74
2026-09-23 14:00:00+00:00,3.114,3.157,2.87,2.95,1457316.25
2026-09-23 15:00:00+00:00,2.95,2.977,2.856,2.86,327229.11
2026-09-23 16:00:00+00:00,2.86,2.941,2.823,2.935,292580.14
2026-09-23 17:00:00+00:00,2.935,2.945,2.895,2.94,146400.38
2026-09-23 18:00:00+00:00,2.938,2.938,2.893,2.915,90700.83
2026-09-23 19:00:00+00:00,2.914,2.925,2.897,2.9,66003.92
2026-09-23 20:00:00+00:00,2.901,2.906,2.869,2.88,37239.75
2026-09-23 21:00:00+00:00,2.88,2.914,2.873,2.903,49488.07
2026-09-23 22:00:00+00:00,2.902,2.926,2.883,2.91,64494.89
2026-09-23 23:00:00+00:00,2.91,2.927,2.901,2.925,46755.41
2026-09-24 00:00:00+00:00,2.925,2.942,2.888,2.895,111459.43
2026-09-24 01:00:00+00:00,2.895,2.917,2.878,2.885,50492.34
2026-09-24 02:00:00+00:00,2.885,2.988,2.867,2.98,144387.48
2026-09-24 03:00:00+00:00,2.983,3.003,2.927,2.933,102848.33
2026-09-24 04:00:00+00:00,2.933,2.969,2.915,2.969,72061.49
2026-09-24 05:00:00+00:00,2.968,3.01,2.96,2.96,139635.7
2026-09-24 06:00:00+00:00,2.961,2.973,2.951,2.96,82659.12
2026-09-24 07:00:00+00:00,2.959,2.992,2.938,2.992,154938.41
2026-09-24 08:00:00+00:00,2.993,3.008,2.895,2.913,165284.63
2026-09-24 09:00:00+00:00,2.914,2.923,2.876,2.905,129126.4
2026-09-24 10:00:00+00:00,2.904,2.968,2.903,2.949,82759.51
2026-09-24 11:00:00+00:00,2.948,2.953,2.916,2.928,72796.81
2026-09-24 12:00:00+00:00,2.929,3.03,2.918,3.025,211115.53
2026-09-24 13:00:00+00:00,3.026,3.088,3.025,3.087,313647.18
2026-09-24 14:00:00+00:00,3.086,3.218,3.019,3.07,1141859.52
2026-09-24 15:00:00+00:00,3.069,3.158,3.057,3.103,740369.31
2026-09-24 16:00:00+00:00,3.102,3.21,3.085,3.165,694872.29
2026-09-24 17:00:00+00:00,3.166,3.181,3.105,3.119,153414.29
2026-09-24 18:00:00+00:00,3.119,3.122,3.088,3.114,176498.46
2026-09-24 19:00:00+00:00,3.115,3.117,3.085,3.102,96334.42
2026-09-24 20:00:00+00:00,3.101,3.119,3.088,3.114,86228.67
2026-09-24 21:00:00+00:00,3.114,3.164,3.11,3.115,205044.75
2026-09-24 22:00:00+00:00,3.113,3.124,3.094,3.103,70073.06
2026-09-24 23:00:00+00:00,3.103,3.131,3.077,3.084,90281.19
2026-09-25 00:00:00+00:00,3.084,3.12,3.084,3.091,212318.01
2026-09-25 01:00:00+00:00,3.091,3.116,3.05,3.063,125490.75
2026-09-25 02:00:00+00:00,3.063,3.091,3.04,3.065,80699.56
2026-09-25 03:00:00+00:00,3.065,3.081,3.05,3.066,95254.17
2026-09-25 04:00:00+00:00,3.064,3.1,3.051,3.079,69790.15
2026-09-25 05:00:00+00:00,3.079,3.087,3.057,3.07,22685.32
2026-09-25 06:00:00+00:00,3.071,3.093,3.059,3.087,46292.43
2026-09-25 07:00:00+00:00,3.085,3.181,3.085,3.166,300373.14
2026-09-25 08:00:00+00:00,3.166,3.229,3.144,3.205,267614.66
2026-09-25 09:00:00+00:00,3.204,3.224,3.173,3.21,215221.07
2026-09-25 10:00:00+00:00,3.21,3.255,3.196,3.251,249623.66
2026-09-25 11:00:00+00:00,3.251,3.274,3.229,3.232,254677.28
2026-09-25 12:00:00+00:00,3.234,3.251,3.128,3.2,382308.7
2026-09-25 13:00:00+00:00,3.199,3.216,3.145,3.17,177624.38
2026-09-25 14:00:00+00:00,3.169,3.179,3.112,3.156,354572.45
2026-09-25 15:00:00+00:00,3.156,3.162,3.092,3.125,230350.63
2026-09-25 16:00:00+00:00,3.125,3.16,3.116,3.12,131378.11
2026-09-25 17:00:00+00:00,3.12,3.162,3.104,3.145,122957.99
2026-09-25 18:00:00+00:00,3.143,3.171,3.14,3.16,86709.37
2026-09-25 19:00:00+00:00,3.161,3.174,3.15,3.159,59362.95
2026-09-25 20:00:00+00:00,3.16,3.198,3.159,3.176,87102.14
2026-09-25 21:00:00+00:00,3.176,3.182,3.136,3.14,56643.64
2026-09-25 22:00:00+00:00,3.139,3.2,3.137,3.192,77531.25
2026-09-25 23:00:00+00:00,3.191,3.208,3.182,3.192,48153.61
2026-09-26 00:00:00+00:00,3.191,3.212,3.162,3.162,153516.97
2026-09-26 01:00:00+00:00,3.162,3.204,3.16,3.179,103909.81
2026-09-26 02:00:00+00:00,3.179,3.204,3.148,3.153,69456.49
2026-09-26 03:00:00+00:00,3.151,3.153,3.131,3.148,45279.58
2026-09-26 04:00:00+00:00,3.147,3.185,3.14,3.173,96162.85
2026-09-26 05:00:00+00:00,3.172,3.198,3.165,3.189,146707.18
2026-09-26 06:00:00+00:00,3.189,3.225,3.182,3.198,185842.78
2026-09-26 07:00:00+00:00,3.198,3.249,3.195,3.21,170355.5
2026-09-26 08:00:00+00:00,3.209,3.223,3.19,3.19,87003.67
2026-09-26 09:00:00+00:00,3.19,3.193,3.148,3.176,126131.07
2026-09-26 10:00:00+00:00,3.177,3.236,3.177,3.227,84839.69
2026-09-26 11:00:00+00:00,3.226,3.241,3.18,3.2,445237.63
2026-09-26 12:00:00+00:00,3.201,3.222,3.18,3.2,124018.34
2026-09-26 13:00:00+00:00,3.2,3.216,3.183,3.212,140411.28
2026-09-26 14:00:00+00:00,3.212,3.277,3.203,3.271,244896.02
2026-09-26 15:00:00+00:00,3.272,3.33,3.241,3.303,385244.27
2026-09-26 16:00:00+00:00,3.302,3.358,3.294,3.337,261077.33
2026-09-26 17:00:00+00:00,3.338,3.35,3.276,3.285,225264.57
2026-09-26 18:00:00+00:00,3.285,3.295,3.229,3.237,145218.36
2026-09-26 19:00:00+00:00,3.237,3.253,3.214,3.218,104180.62
2026-09-26 20:00:00+00:00,3.219,3.219,3.109,3.149,404910.8
2026-09-26 21:00:00+00:00,3.15,3.207,3.148,3.193,135517.9
2026-09-26 22:00:00+00:00,3.192,3.206,3.182,3.185,57160.5
2026-09-26 23:00:00+00:00,3.185,3.208,3.184,3.198,38265.69
2026-09-27 00:00:00+00:00,3.197,3.198,3.172,3.19,54786.16
2026-09-27 01:00:00+00:00,3.189,3.219,3.173,3.212,130195.08
2026-09-27 02:00:00+00:00,3.212,3.224,3.187,3.19,57703.32
2026-09-27 03:00:00+00:00,3.191,3.2,3.177,3.184,45308.18
2026-09-27 04:00:00+00:00,3.183,3.185,3.154,3.171,85851.47
2026-09-27 05:00:00+00:00,3.17,3.207,3.163,3.197,97374.24
2026-09-27 06:00:00+00:00,3.198,3.22,3.178,3.206,107694.49
2026-09-27 07:00:00+00:00,3.207,3.286,3.197,3.248,273481.88
2026-09-27 08:00:00+00:00,3.249,3.251,3.212,3.215,124531.49
2026-09-27 09:00:00+00:00,3.214,3.228,3.184,3.212,122365.56
2026-09-27 10:00:00+00:00,3.21,3.248,3.196,3.22,284754.68
2026-09-27 11:00:00+00:00,3.219,3.259,3.202,3.208,125648.64
2026-09-27 12:00:00+00:00,3.208,3.223,3.191,3.191,143973.19
2026-09-27 13:00:00+00:00,3.191,3.197,3.152,3.196,111258.15
2026-09-27 14:00:00+00:00,3.196,3.204,3.172,3.174,58219.77
2026-09-27 15:00:00+00:00,3.174,3.181,3.145,3.168,89484.04
2026-09-27 16:00:00+00:00,3.168,3.192,3.163,3.174,46615.51
2026-09-27 17:00:00+00:00,3.173,3.196,3.171,3.19,57146.19
2026-09-27 18:00:00+00:00,3.191,3.201,3.181,3.198,73996.67
2026-09-27 19:00:00+00:00,3.198,3.198,3.171,3.172,58345.71
2026-09-27 20:00:00+00:00,3.174,3.193,3.131,3.142,84184.56
2026-09-27 21:00:00+00:00,3.142,3.171,3.135,3.166,106005.01
2026-09-27 22:00:00+00:00,3.167,3.171,3.07,3.101,446988.02
2026-09-27 23:00:00+00:00,3.102,3.152,3.094,3.148,313016.85
2026-09-28 00:00:00+00:00,3.147,3.162,3.111,3.124,90519.79
2026-09-28 01:00:00+00:00,3.123,3.138,3.07,3.085,175391.25
2026-09-28 02:00:00+00:00,3.085,3.119,3.073,3.079,146457.08
2026-09-28 03:00:00+00:00,3.079,3.091,3.032,3.051,198760.13
2026-09-28 04:00:00+00:00,3.052,3.086,3.031,3.078,72950.86
2026-09-28 05:00:00+00:00,3.078,3.089,3.017,3.055,181179.3
2026-09-28 06:00:00+00:00,3.053,3.074,3.035,3.044,69238.38
2026-09-28 07:00:00+00:00,3.042,3.057,2.958,2.965,544345.28
2026-09-28 08:00:00+00:00,2.965,3.005,2.964,2.986,140930.77
2026-09-28 09:00:00+00:00,2.985,3.01,2.94,2.968,405046.48
2026-09-28 10:00:00+00:00,2.969,3.006,2.966,2.984,168660.17
2026-09-28 11:00:00+00:00,2.985,2.996,2.97,2.985,96847.92
2026-09-28 12:00:00+00:00,2.984,3.03,2.98,3.015,198747.49
2026-09-28 13:00:00+00:00,3.014,3.022,2.985,2.992,195762.6
2026-09-28 14:00:00+00:00,2.991,2.991,2.9,2.93,262739.25
2026-09-28 15:00:00+00:00,2.929,2.968,2.91,2.963,123152.01
2026-09-28 16:00:00+00:00,2.96,3.029,2.95,3.008,148234.96
2026-09-28 17:00:00+00:00,3.008,3.05,2.983,3.045,153437.99
2026-09-28 18:00:00+00:00,3.044,3.063,3.027,3.054,82983.79
2026-09-28 19:00:00+00:00,3.054,3.057,2.991,3.013,73145.97
2026-09-28 20:00:00+00:00,3.013,3.054,3.0,3.038,55339.08
2026-09-28 21:00:00+00:00,3.039,3.06,2.996,3.0,57409.0
2026-09-28 22:00:00+00:00,3.001,3.083,2.986,3.059,163647.73
2026-09-28 23:00:00+00:00,3.059,3.144,3.041,3.135,586072.85
2026-09-29 00:00:00+00:00,3.135,3.154,3.108,3.123,169505.83
2026-09-29 01:00:00+00:00,3.122,3.142,3.056,3.094,170680.65
2026-09-29 02:00:00+00:00,3.094,3.115,3.049,3.093,139159.9
2026-09-29 03:00:00+00:00,3.094,3.243,3.084,3.234,438310.56
2026-09-29 04:00:00+00:00,3.235,3.283,3.2,3.245,482143.86
2026-09-29 05:00:00+00:00,3.246,3.293,3.216,3.286,311133.47
2026-09-29 06:00:00+00:00,3.284,3.358,3.284,3.308,625133.77
2026-09-29 07:00:00+00:00,3.307,3.406,3.292,3.355,633399.31
2026-09-29 08:00:00+00:00,3.356,3.413,3.326,3.363,295135.99
2026-09-29 09:00:00+00:00,3.361,3.361,3.303,3.308,284739.83
2026-09-29 10:00:00+00:00,3.307,3.34,3.284,3.307,150381.19
2026-09-29 11:00:00+00:00,3.304,3.4,3.303,3.352,293856.83
2026-09-29 12:00:00+00:00,3.352,3.36,3.292,3.33,304250.58
2026-09-29 13:00:00+00:00,3.331,3.481,3.32,3.448,661466.53
2026-09-29 14:00:00+00:00,3.449,3.476,3.41,3.418,582282.17
2026-09-29 15:00:00+00:00,3.419,3.438,3.332,3.39,749828.19
2026-09-29 16:00:00+00:00,3.391,3.405,3.349,3.367,306329.92
2026-09-29 17:00:00+00:00,3.366,3.383,3.311,3.332,236896.33
2026-09-29 18:00:00+00:00,3.333,3.406,3.329,3.403,161754.88
2026-09-29 19:00:00+00:00,3.402,3.432,3.382,3.423,248767.09
2026-09-29 20:00:00+00:00,3.423,3.554,3.421,3.478,980717.14
2026-09-29 21:00:00+00:00,3.477,3.521,3.408,3.442,328896.42
2026-09-29 22:00:00+00:00,3.441,3.47,3.411,3.433,182444.87
2026-09-29 23:00:00+00:00,3.434,3.468,3.405,3.44,190379.4
2026-09-30 00:00:00+00:00,3.439,3.485,3.412,3.458,170248.76
2026-09-30 01:00:00+00:00,3.458,3.503,3.451,3.481,170769.48
2026-09-30 02:00:00+00:00,3.481,3.494,3.345,3.372,419484.46
2026-09-30 03:00:00+00:00,3.371,3.381,3.344,3.358,131692.28
2026-09-30 04:00:00+00:00,3.36,3.432,3.357,3.418,152425.33
2026-09-30 05:00:00+00:00,3.418,3.486,3.418,3.448,240760.16
2026-09-30 06:00:00+00:00,3.448,3.459,3.372,3.373,148699.68
2026-09-30 07:00:00+00:00,3.373,3.459,3.366,3.441,189297.05
2026-09-30 08:00:00+00:00,3.442,3.514,3.439,3.473,245797.1
2026-09-30 09:00:00+00:00,3.473,3.477,3.417,3.418,199293.46
2026-09-30 10:00:00+00:00,3.418,3.449,3.407,3.438,131430.89
2026-09-30 11:00:00+00:00,3.438,3.442,3.411,3.427,141798.41
2026-09-30 12:00:00+00:00,3.427,3.547,3.419,3.521,546616.09
2026-09-30 13:00:00+00:00,3.521,3.558,3.429,3.463,417412.9
2026-09-30 14:00:00+00:00,3.464,3.468,3.376,3.432,376538.46
2026-09-30 15:00:00+00:00,3.433,3.477,3.402,3.461,133150.22
2026-09-30 16:00:00+00:00,3.46,3.499,3.456,3.469,183177.9
2026-09-30 17:00:00+00:00,3.468,3.497,3.414,3.432,249155.15
2026-09-30 18:00:00+00:00,3.432,3.441,3.39,3.399,100291.61
2026-09-30 19:00:00+00:00,3.4,3.469,3.377,3.4,231244.15
2026-09-30 20:00:00+00:00,3.402,3.411,3.332,3.346,226476.4
2026-09-30 21:00:00+00:00,3.347,3.353,3.314,3.316,122848.68
2026-09-30 22:00:00+00:00,3.315,3.346,3.296,3.32,118438.45
2026-09-30 23:00:00+00:00,3.319,3.34,3.317,3.337,58704.27
2026-10-01 00:00:00+00:00,3.336,3.343,3.318,3.324,99755.8
2026-10-01 01:00:00+00:00,3.324,3.384,3.324,3.358,94193.01
2026-10-01 02:00:00+00:00,3.359,3.421,3.353,3.411,122944.16
2026-10-01 03:00:00+00:00,3.41,3.427,3.388,3.422,122203.96
2026-10-01 04:00:00+00:00,3.422,3.423,3.377,3.384,76626.25
2026-10-01 05:00:00+00:00,3.385,3.399,3.347,3.355,106599.31
2026-10-01 06:00:00+00:00,3.354,3.371,3.341,3.355,89947.13
2026-10-01 07:00:00+00:00,3.354,3.362,3.285,3.299,164836.73
2026-10-01 08:00:00+00:00,3.3,3.326,3.277,3.323,144438.42
2026-10-01 09:00:00+00:00,3.324,3.33,3.302,3.311,39583.54
2026-10-01 10:00:00+00:00,3.312,3.313,3.251,3.302,169854.88
2026-10-01 11:00:00+00:00,3.301,3.314,3.278,3.304,104186.6
2026-10-01 12:00:00+00:00,3.305,3.321,3.289,3.293,156148.49
2026-10-01 13:00:00+00:00,3.293,3.31,3.263,3.286,107446.91
2026-10-01 14:00:00+00:00,3.286,3.291,3.232,3.242,170695.13
2026-10-01 15:00:00+00:00,3.242,3.278,3.224,3.262,149031.96
2026-10-01 16:00:00+00:00,3.265,3.278,3.233,3.24,116898.89
2026-10-01 17:00:00+00:00,3.241,3.296,3.241,3.277,83893.86
2026-10-01 18:00:00+00:00,3.276,3.29,3.253,3.266,59837.67
2026-10-01 19:00:00+00:00,3.265,3.284,3.238,3.274,65269.69
2026-10-01 20:00:00+00:00,3.273,3.289,3.259,3.268,70817.85
2026-10-01 21:00:00+00:00,3.267,3.268,3.242,3.259,42481.12
2026-10-01 22:00:00+00:00,3.26,3.276,3.252,3.276,33160.33
2026-10-01 23:00:00+00:00,3.272,3.293,3.258,3.29,49419.68
2026-10-02 00:00:00+00:00,3.289,3.306,3.273,3.282,102577.87
2026-10-02 01:00:00+00:00,3.282,3.31,3.28,3.296,145244.43
2026-10-02 02:00:00+00:00,3.296,3.314,3.285,3.298,62203.78
2026-10-02 03:00:00+00:00,3.298,3.309,3.263,3.272,52992.18
