time,open,high,low,close,volume
2026-06-04 04:00:00+00:00,0.4102,0.4119,0.3916,0.3944,5985289.3
2026-06-04 05:00:00+00:00,0.3945,0.3978,0.3792,0.3819,9803746.5
2026-06-04 06:00:00+00:00,0.3818,0.3918,0.3806,0.3879,2941010.6
2026-06-04 07:00:00+00:00,0.388,0.3886,0.3789,0.3792,2860576.0
2026-06-04 08:00:00+00:00,0.3793,0.3825,0.3632,0.3681,16490405.7
2026-06-04 09:00:00+00:00,0.3682,0.3684,0.353,0.3598,27788815.3
2026-06-04 10:00:00+00:00,0.3598,0.3606,0.3509,0.3532,6865653.0
2026-06-04 11:00:00+00:00,0.3533,0.3628,0.35,0.3627,6183205.8
2026-06-04 12:00:00+00:00,0.3627,0.3788,0.3617,0.3774,10968496.2
2026-06-04 13:00:00+00:00,0.3775,0.379,0.3658,0.3779,5788432.5
2026-06-04 14:00:00+00:00,0.378,0.3826,0.3744,0.382,4377997.2
2026-06-04 15:00:00+00:00,0.3819,0.3916,0.3785,0.3825,7620464.4
2026-06-04 16:00:00+00:00,0.3824,0.3952,0.381,0.3898,4358957.0
2026-06-04 17:00:00+00:00,0.3899,0.3945,0.3814,0.3875,4582457.4
2026-06-04 18:00:00+00:00,0.3874,0.3877,0.3756,0.3806,3465973.1
2026-06-04 19:00:00+00:00,0.3805,0.3847,0.3767,0.382,1528745.3
2026-06-04 20:00:00+00:00,0.3819,0.3824,0.3748,0.3779,1516897.3
2026-06-04 21:00:00+00:00,0.3778,0.3794,0.3632,0.3644,2504924.0
2026-06-04 22:00:00+00:00,0.3643,0.3728,0.3639,0.3728,2302320.7
2026-06-04 23:00:00+00:00,0.3727,0.3754,0.3672,0.3704,2049856.9
2026-06-05 00:00:00+00:00,0.3704,0.3732,0.3653,0.3679,2697245.4
2026-06-05 01:00:00+00:00,0.3681,0.3748,0.3623,0.374,2851725.9
2026-06-05 02:00:00+00:00,0.374,0.3756,0.3596,0.361,3354861.5
2026-06-05 03:00:00+00:00,0.3609,0.3635,0.3564,0.3578,2736230.9
2026-06-05 04:00:00+00:00,0.3579,0.3688,0.356,0.3687,2125763.2
2026-06-05 05:00:00+00:00,0.3688,0.3706,0.3565,0.3578,2605461.0
2026-06-05 06:00:00+00:00,0.3579,0.361,0.343,0.3562,8694090.4
2026-06-05 07:00:00+00:00,0.3561,0.3657,0.3478,0.3648,4764938.2
2026-06-05 08:00:00+00:00,0.3649,0.3649,0.3532,0.3552,3872552.0
2026-06-05 09:00:00+00:00,0.3553,0.3602,0.3537,0.3566,3389002.9
2026-06-05 10:00:00+00:00,0.3566,0.3588,0.3495,0.3519,2069986.2
2026-06-05 11:00:00+00:00,0.3518,0.3538,0.3482,0.3506,4094510.7
2026-06-05 12:00:00+00:00,0.3505,0.3546,0.347,0.3536,2949600.7
2026-06-05 13:00:00+00:00,0.3537,0.3631,0.3484,0.3485,4056853.0
2026-06-05 14:00:00+00:00,0.3484,0.3567,0.344,0.3472,6164349.7
2026-06-05 15:00:00+00:00,0.3473,0.3486,0.3261,0.3306,15087680.5
2026-06-05 16:00:00+00:00,0.3304,0.3426,0.3271,0.3407,9741087.2
2026-06-05 17:00:00+00:00,0.3407,0.3459,0.336,0.3429,2425439.6
2026-06-05 18:00:00+00:00,0.343,0.3446,0.3256,0.3259,3407596.3
2026-06-05 19:00:00+00:00,0.3261,0.3351,0.3213,0.3329,6697842.8
2026-06-05 20:00:00+00:00,0.3328,0.3395,0.3277,0.339,3535939.6
2026-06-05 21:00:00+00:00,0.3389,0.3473,0.3386,0.3468,2140065.0
2026-06-05 22:00:00+00:00,0.3468,0.3518,0.3403,0.3496,2115837.3
2026-06-05 23:00:00+00:00,0.3497,0.3523,0.3364,0.3443,2790292.9
2026-06-06 00:00:00+00:00,0.3442,0.349,0.3437,0.3445,996705.4
2026-06-06 01:00:00+00:00,0.3447,0.3469,0.3373,0.3373,1184289.1
2026-06-06 02:00:00+00:00,0.3372,0.3372,0.331,0.3318,2036081.3
2026-06-06 03:00:00+00:00,0.3317,0.3324,0.3261,0.3298,1214407.9
2026-06-06 04:00:00+00:00,0.3296,0.331,0.3141,0.3168,4056211.5
2026-06-06 05:00:00+00:00,0.3169,0.33,0.3131,0.3296,2999468.6
2026-06-06 06:00:00+00:00,0.3296,0.3357,0.3268,0.3274,1594995.4
2026-06-06 07:00:00+00:00,0.3274,0.3342,0.3267,0.3306,1250217.7
2026-06-06 08:00:00+00:00,0.3307,0.3358,0.328,0.3355,2241551.6
2026-06-06 09:00:00+00:00,0.3354,0.3389,0.3288,0.3292,1784977.9
2026-06-06 10:00:00+00:00,0.3291,0.3292,0.3195,0.3226,2582048.5
2026-06-06 11:00:00+00:00,0.3225,0.3268,0.3219,0.3238,1034102.1
2026-06-06 12:00:00+00:00,0.3238,0.3281,0.3216,0.3271,1170850.9
2026-06-06 13:00:00+00:00,0.3272,0.3294,0.3242,0.325,803598.8
2026-06-06 14:00:00+00:00,0.3251,0.3321,0.3246,0.3268,1497543.3
2026-06-06 15:00:00+00:00,0.3269,0.3279,0.3212,0.3256,1163624.9
2026-06-06 16:00:00+00:00,0.3255,0.3301,0.3235,0.33,1580135.5
2026-06-06 17:00:00+00:00,0.3301,0.3308,0.3229,0.3237,1225810.0
2026-06-06 18:00:00+00:00,0.3237,0.3257,0.3208,0.3216,747961.4
2026-06-06 19:00:00+00:00,0.3215,0.3236,0.3191,0.3197,955896.9
2026-06-06 20:00:00+00:00,0.3196,0.324,0.3182,0.3218,916036.8
2026-06-06 21:00:00+00:00,0.3218,0.3263,0.3218,0.3229,652639.3
2026-06-06 22:00:00+00:00,0.3228,0.3248,0.3207,0.3232,741166.5
2026-06-06 23:00:00+00:00,0.3232,0.326,0.3215,0.3247,498232.7
2026-06-07 00:00:00+00:00,0.3246,0.3293,0.3224,0.3284,1020089.4
2026-06-07 01:00:00+00:00,0.3283,0.3391,0.3273,0.339,2265272.8
2026-06-07 02:00:00+00:00,0.3391,0.3394,0.3314,0.3348,1254845.2
2026-06-07 03:00:00+00:00,0.3347,0.3377,0.3316,0.3337,1282929.7
2026-06-07 04:00:00+00:00,0.3336,0.3369,0.3307,0.336,1113876.2
2026-06-07 05:00:00+00:00,0.3361,0.3392,0.3346,0.3369,1463867.7
2026-06-07 06:00:00+00:00,0.3368,0.3914,0.3352,0.3457,7870889.7
2026-06-07 07:00:00+00:00,0.3457,0.3546,0.3449,0.3496,3358316.7
2026-06-07 08:00:00+00:00,0.3496,0.3581,0.3448,0.3544,3750025.6
2026-06-07 09:00:00+00:00,0.3543,0.3543,0.3415,0.3439,4782437.9
2026-06-07 10:00:00+00:00,0.344,0.3467,0.3398,0.3414,1561055.6
2026-06-07 11:00:00+00:00,0.3415,0.3473,0.3402,0.3437,968791.1
2026-06-07 12:00:00+00:00,0.3438,0.3456,0.3331,0.3372,1948386.0
2026-06-07 13:00:00+00:00,0.3372,0.344,0.3358,0.3436,1565943.0
2026-06-07 14:00:00+00:00,0.3436,0.3517,0.3428,0.3475,2778731.7
2026-06-07 15:00:00+00:00,0.3474,0.3527,0.344,0.3487,3923441.3
2026-06-07 16:00:00+00:00,0.3487,0.3517,0.3439,0.3455,2402878.5
2026-06-07 17:00:00+00:00,0.3456,0.3505,0.342,0.3436,1349446.1
2026-06-07 18:00:00+00:00,0.3436,0.3487,0.342,0.3421,1513560.5
2026-06-07 19:00:00+00:00,0.3422,0.3423,0.3302,0.3329,3187367.8
2026-06-07 20:00:00+00:00,0.3328,0.3376,0.3316,0.3364,887019.0
2026-06-07 21:00:00+00:00,0.3365,0.3387,0.3335,0.3368,867711.7
2026-06-07 22:00:00+00:00,0.3369,0.3539,0.3368,0.3428,2550578.6
2026-06-07 23:00:00+00:00,0.3427,0.3503,0.342,0.3495,1022023.4
2026-06-08 00:00:00+00:00,0.3494,0.3546,0.3439,0.3521,1689672.6
2026-06-08 01:00:00+00:00,0.3521,0.3529,0.3434,0.3484,1224091.9
2026-06-08 02:00:00+00:00,0.3485,0.3515,0.347,0.3485,943510.0
2026-06-08 03:00:00+00:00,0.3484,0.3508,0.346,0.3498,664221.1
2026-06-08 04:00:00+00:00,0.3498,0.3503,0.3431,0.3462,1668979.6
2026-06-08 05:00:00+00:00,0.3462,0.3477,0.342,0.3476,1186153.8
2026-06-08 06:00:00+00:00,0.3475,0.3609,0.3475,0.357,2799174.0
2026-06-08 07:00:00+00:00,0.3568,0.3666,0.3542,0.3625,3100702.8
2026-06-08 08:00:00+00:00,0.3624,0.3624,0.3551,0.3579,1629034.9
2026-06-08 09:00:00+00:00,0.358,0.3641,0.3563,0.3641,2120697.2
2026-06-08 10:00:00+00:00,0.364,0.365,0.3573,0.358,1703724.2
2026-06-08 11:00:00+00:00,0.358,0.3707,0.3568,0.364,3756925.3
2026-06-08 12:00:00+00:00,0.3641,0.37,0.3585,0.3686,3039874.7
2026-06-08 13:00:00+00:00,0.3685,0.3701,0.3617,0.3653,3035698.1
2026-06-08 14:00:00+00:00,0.3654,0.3676,0.3625,0.3676,4161229.4
2026-06-08 15:00:00+00:00,0.3677,0.3711,0.3649,0.37,6365509.3
2026-06-08 16:00:00+00:00,0.37,0.379,0.3673,0.3684,4373171.5
2026-06-08 17:00:00+00:00,0.3684,0.3754,0.3664,0.3754,2294327.2
2026-06-08 18:00:00+00:00,0.3754,0.3776,0.3725,0.3737,1623691.2
2026-06-08 19:00:00+00:00,0.3736,0.3799,0.3729,0.3749,3512253.1
2026-06-08 20:00:00+00:00,0.375,0.3752,0.3688,0.374,2416213.0
2026-06-08 21:00:00+00:00,0.3741,0.3783,0.3718,0.3718,1729865.2
2026-06-08 22:00:00+00:00,0.3717,0.3723,0.3657,0.367,1903676.3
2026-06-08 23:00:00+00:00,0.3671,0.3689,0.3633,0.3647,1399306.5
2026-06-09 00:00:00+00:00,0.3647,0.3651,0.3548,0.355,3040391.3
2026-06-09 01:00:00+00:00,0.3549,0.3586,0.354,0.3572,920537.0
2026-06-09 02:00:00+00:00,0.3571,0.3587,0.3525,0.356,814658.7
2026-06-09 03:00:00+00:00,0.3561,0.3574,0.3535,0.3559,781775.3
2026-06-09 04:00:00+00:00,0.3558,0.3681,0.3549,0.3644,1476572.9
2026-06-09 05:00:00+00:00,0.3643,0.3715,0.3635,0.3699,1924554.3
2026-06-09 06:00:00+00:00,0.37,0.3729,0.3675,0.3682,1518833.5
2026-06-09 07:00:00+00:00,0.3683,0.3738,0.3683,0.3724,1106035.2
2026-06-09 08:00:00+00:00,0.3725,0.375,0.3674,0.3699,1303088.9
2026-06-09 09:00:00+00:00,0.37,0.3721,0.3629,0.3636,2688180.6
2026-06-09 10:00:00+00:00,0.3637,0.3663,0.3622,0.365,1961675.7
2026-06-09 11:00:00+00:00,0.3648,0.3652,0.3597,0.361,1058510.8
2026-06-09 12:00:00+00:00,0.3609,0.3664,0.3608,0.3648,1355139.9
2026-06-09 13:00:00+00:00,0.3649,0.3684,0.3588,0.3658,1599440.9
2026-06-09 14:00:00+00:00,0.3658,0.3681,0.3555,0.3614,3505219.2
2026-06-09 15:00:00+00:00,0.3612,0.3668,0.3559,0.3567,2565794.3
2026-06-09 16:00:00+00:00,0.3566,0.3578,0.3473,0.3514,4074812.9
2026-06-09 17:00:00+00:00,0.3515,0.3598,0.3512,0.3568,1320604.2
2026-06-09 18:00:00+00:00,0.3569,0.3639,0.3556,0.3626,1957512.8
2026-06-09 19:00:00+00:00,0.3625,0.3648,0.3577,0.3613,698504.0
2026-06-09 20:00:00+00:00,0.3613,0.3667,0.3606,0.3667,1135877.1
2026-06-09 21:00:00+00:00,0.3667,0.3684,0.3575,0.3583,1444251.6
2026-06-09 22:00:00+00:00,0.3583,0.3598,0.3561,0.3568,1679720.0
2026-06-09 23:00:00+00:00,0.3569,0.3603,0.3555,0.3577,720622.2
2026-06-10 00:00:00+00:00,0.3578,0.3631,0.3537,0.3628,1278897.5
2026-06-10 01:00:00+00:00,0.3629,0.3649,0.357,0.3573,1197126.3
2026-06-10 02:00:00+00:00,0.3572,0.3581,0.3507,0.3516,1326316.3
2026-06-10 03:00:00+00:00,0.3516,0.3559,0.3512,0.3518,1169126.8
2026-06-10 04:00:00+00:00,0.3517,0.3523,0.3455,0.3492,1090333.5
2026-06-10 05:00:00+00:00,0.3493,0.3499,0.3463,0.3477,780877.9
2026-06-10 06:00:00+00:00,0.3477,0.3494,0.344,0.3469,1199044.6
2026-06-10 07:00:00+00:00,0.3468,0.3511,0.3463,0.3488,1085325.9
2026-06-10 08:00:00+00:00,0.3489,0.349,0.345,0.3453,862811.0
2026-06-10 09:00:00+00:00,0.3454,0.3479,0.3426,0.345,1070603.8
2026-06-10 10:00:00+00:00,0.345,0.3457,0.3422,0.3448,830237.0
2026-06-10 11:00:00+00:00,0.3449,0.3454,0.3393,0.3409,1758952.2
2026-06-10 12:00:00+00:00,0.3408,0.3522,0.3392,0.3495,2606789.4
2026-06-10 13:00:00+00:00,0.3495,0.3601,0.3472,0.3571,2208785.5
2026-06-10 14:00:00+00:00,0.357,0.3581,0.3505,0.3535,1823385.4
2026-06-10 15:00:00+00:00,0.3536,0.3566,0.3481,0.3535,2388424.0
2026-06-10 16:00:00+00:00,0.3535,0.3547,0.343,0.3457,1539964.8
2026-06-10 17:00:00+00:00,0.3457,0.3475,0.3406,0.343,1441609.4
2026-06-10 18:00:00+00:00,0.3431,0.3437,0.3364,0.3391,2133732.8
2026-06-10 19:00:00+00:00,0.3392,0.3396,0.3341,0.3348,2027130.3
2026-06-10 20:00:00+00:00,0.3349,0.3363,0.3317,0.3327,1400134.1
2026-06-10 21:00:00+00:00,0.3326,0.3335,0.3277,0.3288,2491961.0
2026-06-10 22:00:00+00:00,0.3288,0.3344,0.3271,0.3323,1677854.6
2026-06-10 23:00:00+00:00,0.3322,0.3347,0.33,0.3332,1403474.3
2026-06-11 00:00:00+00:00,0.3333,0.3373,0.3324,0.3356,2155253.8
2026-06-11 01:00:00+00:00,0.3357,0.3407,0.3356,0.3403,1666067.6
2026-06-11 02:00:00+00:00,0.3403,0.3407,0.3343,0.3373,1108148.8
2026-06-11 03:00:00+00:00,0.3374,0.3488,0.3355,0.3459,1525880.4
2026-06-11 04:00:00+00:00,0.3459,0.3481,0.3437,0.346,779858.5
2026-06-11 05:00:00+00:00,0.3459,0.3471,0.3432,0.3434,603578.4
2026-06-11 06:00:00+00:00,0.3435,0.3486,0.3429,0.3459,789557.3
2026-06-11 07:00:00+00:00,0.3458,0.3489,0.3448,0.3467,657390.7
2026-06-11 08:00:00+00:00,0.3467,0.3527,0.3463,0.3503,1266056.2
2026-06-11 09:00:00+00:00,0.3503,0.3505,0.344,0.3472,855076.6
2026-06-11 10:00:00+00:00,0.3472,0.3483,0.3448,0.3463,873416.0
2026-06-11 11:00:00+00:00,0.3462,0.3507,0.3454,0.3491,959565.4
2026-06-11 12:00:00+00:00,0.3492,0.35,0.3424,0.3459,1549802.3
2026-06-11 13:00:00+00:00,0.3459,0.357,0.3448,0.3547,3158818.4
2026-06-11 14:00:00+00:00,0.3548,0.3561,0.3474,0.3476,1526410.2
2026-06-11 15:00:00+00:00,0.3475,0.3514,0.3447,0.3502,1737885.3
2026-06-11 16:00:00+00:00,0.3504,0.3529,0.3464,0.3467,907471.0
2026-06-11 17:00:00+00:00,0.3466,0.3604,0.3441,0.3602,2477002.0
2026-06-11 18:00:00+00:00,0.3601,0.362,0.3555,0.357,1155994.1
2026-06-11 19:00:00+00:00,0.357,0.3638,0.3553,0.3629,1019020.9
2026-06-11 20:00:00+00:00,0.3629,0.3632,0.3568,0.3597,1110672.8
2026-06-11 21:00:00+00:00,0.3597,0.3673,0.3597,0.3649,1148442.5
2026-06-11 22:00:00+00:00,0.365,0.3696,0.3643,0.3651,1247977.5
2026-06-11 23:00:00+00:00,0.3651,0.3686,0.3631,0.3658,866436.7
2026-06-12 00:00:00+00:00,0.3658,0.3696,0.3645,0.3661,978454.1
2026-06-12 01:00:00+00:00,0.3659,0.3669,0.3616,0.3648,851336.6
2026-06-12 02:00:00+00:00,0.3649,0.3688,0.364,0.3669,960501.5
2026-06-12 03:00:00+00:00,0.367,0.368,0.3636,0.364,514289.4
2026-06-12 04:00:00+00:00,0.3641,0.3672,0.362,0.3653,912139.1
2026-06-12 05:00:00+00:00,0.3654,0.3655,0.3582,0.3587,906052.6
2026-06-12 06:00:00+00:00,0.3586,0.3592,0.3537,0.3558,917014.6
2026-06-12 07:00:00+00:00,0.3559,0.3593,0.3559,0.3575,807957.1
2026-06-12 08:00:00+00:00,0.3574,0.3619,0.3572,0.3617,791177.2
2026-06-12 09:00:00+00:00,0.3618,0.3678,0.3601,0.3673,976890.4
2026-06-12 10:00:00+00:00,0.3674,0.3689,0.3641,0.3668,2557305.6
2026-06-12 11:00:00+00:00,0.3667,0.3681,0.3641,0.3662,2453929.1
2026-06-12 12:00:00+00:00,0.3663,0.37,0.3634,0.3644,1201096.2
2026-06-12 13:00:00+00:00,0.3644,0.3652,0.3563,0.359,1354608.5
2026-06-12 14:00:00+00:00,0.3591,0.3673,0.3588,0.3667,1809983.9
2026-06-12 15:00:00+00:00,0.3667,0.3707,0.3592,0.3595,2865438.3
2026-06-12 16:00:00+00:00,0.3595,0.368,0.358,0.368,1594756.2
2026-06-12 17:00:00+00:00,0.3679,0.3693,0.3617,0.362,1473331.1
2026-06-12 18:00:00+00:00,0.362,0.3639,0.36,0.3601,496726.3
2026-06-12 19:00:00+00:00,0.3602,0.3628,0.3585,0.3587,633404.1
2026-06-12 20:00:00+00:00,0.3587,0.3591,0.3538,0.3551,1293407.2
2026-06-12 21:00:00+00:00,0.3552,0.3573,0.3531,0.3538,657347.8
2026-06-12 22:00:00+00:00,0.3539,0.3571,0.3539,0.3549,502280.5
2026-06-12 23:00:00+00:00,0.3548,0.355,0.3519,0.3539,1187062.6
2026-06-13 00:00:00+00:00,0.354,0.3562,0.3528,0.3558,497440.1
2026-06-13 01:00:00+00:00,0.3558,0.3602,0.3556,0.3588,787156.2
2026-06-13 02:00:00+00:00,0.3587,0.3588,0.3559,0.3573,575905.6
2026-06-13 03:00:00+00:00,0.3573,0.3586,0.3546,0.3554,799217.4
2026-06-13 04:00:00+00:00,0.3554,0.358,0.3538,0.355,535813.4
2026-06-13 05:00:00+00:00,0.3551,0.3557,0.3535,0.3556,450987.7
2026-06-13 06:00:00+00:00,0.3557,0.3586,0.353,0.3582,762933.3
2026-06-13 07:00:00+00:00,0.3582,0.3657,0.3562,0.3654,1549528.7
2026-06-13 08:00:00+00:00,0.3654,0.3658,0.3611,0.3616,900216.4
2026-06-13 09:00:00+00:00,0.3616,0.3642,0.3613,0.3615,677048.5
2026-06-13 10:00:00+00:00,0.3615,0.366,0.3615,0.3654,1226651.2
2026-06-13 11:00:00+00:00,0.3654,0.3685,0.3643,0.3672,1002405.8
2026-06-13 12:00:00+00:00,0.3671,0.3767,0.366,0.3744,2466389.9
2026-06-13 13:00:00+00:00,0.3745,0.3756,0.3697,0.3713,2110099.8
2026-06-13 14:00:00+00:00,0.3714,0.3749,0.3698,0.3749,1208950.1
2026-06-13 15:00:00+00:00,0.375,0.3751,0.3715,0.3719,1494200.5
2026-06-13 16:00:00+00:00,0.3719,0.3722,0.3648,0.3677,3058399.1
2026-06-13 17:00:00+00:00,0.3676,0.3712,0.3653,0.3662,1061831.0
2026-06-13 18:00:00+00:00,0.3661,0.3688,0.3652,0.3664,503776.3
2026-06-13 19:00:00+00:00,0.3663,0.3687,0.365,0.3656,820234.1
2026-06-13 20:00:00+00:00,0.3657,0.3662,0.363,0.3641,944814.8
2026-06-13 21:00:00+00:00,0.3642,0.3705,0.3622,0.3692,1149118.0
2026-06-13 22:00:00+00:00,0.3693,0.3699,0.3657,0.3658,689645.4
2026-06-13 23:00:00+00:00,0.3657,0.3669,0.363,0.365,893312.4
2026-06-14 00:00:00+00:00,0.3649,0.3654,0.3626,0.3632,499266.6
2026-06-14 01:00:00+00:00,0.3631,0.3661,0.3616,0.364,957711.0
2026-06-14 02:00:00+00:00,0.3639,0.3664,0.3627,0.3635,619995.4
2026-06-14 03:00:00+00:00,0.3635,0.3643,0.36,0.3623,1001889.0
2026-06-14 04:00:00+00:00,0.3622,0.3626,0.3573,0.3585,890775.7
2026-06-14 05:00:00+00:00,0.3586,0.3612,0.3569,0.36,830804.6
2026-06-14 06:00:00+00:00,0.36,0.3633,0.3587,0.3591,734656.7
2026-06-14 07:00:00+00:00,0.3591,0.3607,0.3576,0.359,881852.4
2026-06-14 08:00:00+00:00,0.3591,0.3614,0.3578,0.3594,432549.6
2026-06-14 09:00:00+00:00,0.3594,0.3621,0.357,0.3609,1285436.9
2026-06-14 10:00:00+00:00,0.3608,0.3625,0.3576,0.3576,1209607.5
2026-06-14 11:00:00+00:00,0.3577,0.3594,0.3562,0.3565,870046.6
2026-06-14 12:00:00+00:00,0.3566,0.3569,0.3524,0.3535,1052920.2
2026-06-14 13:00:00+00:00,0.3536,0.3539,0.3482,0.3492,2588962.5
2026-06-14 14:00:00+00:00,0.3494,0.3537,0.3439,0.347,5048215.2
2026-06-14 15:00:00+00:00,0.3471,0.3495,0.347,0.3487,1076542.8
2026-06-14 16:00:00+00:00,0.3487,0.351,0.3484,0.3489,729958.9
2026-06-14 17:00:00+00:00,0.3489,0.3504,0.3461,0.3463,911136.0
2026-06-14 18:00:00+00:00,0.3463,0.3476,0.3446,0.3471,962557.0
2026-06-14 19:00:00+00:00,0.347,0.3484,0.3451,0.3458,1898446.0
2026-06-14 20:00:00+00:00,0.3459,0.35,0.345,0.3486,568507.1
2026-06-14 21:00:00+00:00,0.3486,0.3673,0.3485,0.3641,2763663.4
2026-06-14 22:00:00+00:00,0.3642,0.3696,0.3607,0.3685,3196788.7
2026-06-14 23:00:00+00:00,0.3685,0.3704,0.3659,0.3679,2177138.1
2026-06-15 00:00:00+00:00,0.3678,0.3695,0.3657,0.3681,1478907.5
2026-06-15 01:00:00+00:00,0.3682,0.3695,0.3628,0.367,1229293.0
2026-06-15 02:00:00+00:00,0.3671,0.3749,0.3658,0.3748,1962038.9
2026-06-15 03:00:00+00:00,0.3747,0.3828,0.3739,0.3785,3066661.4
2026-06-15 04:00:00+00:00,0.3785,0.3832,0.3768,0.3784,2432510.9
2026-06-15 05:00:00+00:00,0.3784,0.3859,0.3772,0.3815,3942934.5
2026-06-15 06:00:00+00:00,0.3815,0.3876,0.3788,0.3804,4149086.6
2026-06-15 07:00:00+00:00,0.3804,0.3828,0.3768,0.3776,1466696.6
2026-06-15 08:00:00+00:00,0.3776,0.3813,0.377,0.3789,1603291.0
2026-06-15 09:00:00+00:00,0.379,0.3808,0.3771,0.3799,1215163.0
2026-06-15 10:00:00+00:00,0.38,0.3862,0.3777,0.3822,1740380.2
2026-06-15 11:00:00+00:00,0.382,0.3863,0.3805,0.3832,2614341.3
2026-06-15 12:00:00+00:00,0.3832,0.3854,0.3777,0.384,2394150.3
2026-06-15 13:00:00+00:00,0.384,0.3883,0.3807,0.3869,3629470.8
2026-06-15 14:00:00+00:00,0.3868,0.3923,0.3835,0.3914,2764426.0
2026-06-15 15:00:00+00:00,0.3913,0.3922,0.3849,0.3895,2174964.3
2026-06-15 16:00:00+00:00,0.3895,0.3895,0.3831,0.3837,1848523.8
2026-06-15 17:00:00+00:00,0.3837,0.3849,0.381,0.3842,1198803.8
2026-06-15 18:00:00+00:00,0.3841,0.3858,0.3818,0.3822,1542344.9
2026-06-15 19:00:00+00:00,0.3822,0.384,0.3736,0.3754,2286274.9
2026-06-15 20:00:00+00:00,0.3754,0.3779,0.3735,0.3739,831076.3
2026-06-15 21:00:00+00:00,0.374,0.3742,0.3706,0.3722,1214728.9
2026-06-15 22:00:00+00:00,0.3722,0.3745,0.3661,0.3677,1380015.4
2026-06-15 23:00:00+00:00,0.3676,0.3711,0.3657,0.3701,1184467.7
2026-06-16 00:00:00+00:00,0.3701,0.3733,0.3692,0.3709,1118359.8
2026-06-16 01:00:00+00:00,0.371,0.3738,0.3701,0.3705,1245709.1
2026-06-16 02:00:00+00:00,0.3707,0.3707,0.3631,0.3653,1613147.8
2026-06-16 03:00:00+00:00,0.3652,0.3755,0.3643,0.375,1583006.1
2026-06-16 04:00:00+00:00,0.375,0.3764,0.3674,0.3698,1710151.6
2026-06-16 05:00:00+00:00,0.3697,0.3752,0.3697,0.3709,1192581.3
2026-06-16 06:00:00+00:00,0.3708,0.3758,0.3707,0.3731,1398823.6
2026-06-16 07:00:00+00:00,0.3731,0.3789,0.3717,0.3783,1100092.5
2026-06-16 08:00:00+00:00,0.3783,0.3871,0.3769,0.3858,2571091.2
2026-06-16 09:00:00+00:00,0.3858,0.387,0.3815,0.383,1617427.1
2026-06-16 10:00:00+00:00,0.383,0.3911,0.3816,0.3851,2361795.8
2026-06-16 11:00:00+00:00,0.3851,0.3887,0.3825,0.3847,1953677.6
2026-06-16 12:00:00+00:00,0.3847,0.3875,0.3819,0.3838,1962567.8
2026-06-16 13:00:00+00:00,0.3837,0.384,0.3719,0.3746,4998175.2
2026-06-16 14:00:00+00:00,0.3747,0.3785,0.3656,0.3702,5663450.9
2026-06-16 15:00:00+00:00,0.3702,0.3742,0.3695,0.3703,2279917.5
2026-06-16 16:00:00+00:00,0.3703,0.3719,0.3665,0.3674,1920646.3
2026-06-16 17:00:00+00:00,0.3675,0.3695,0.3648,0.3685,2080726.3
2026-06-16 18:00:00+00:00,0.3686,0.3729,0.3678,0.3685,2067735.2
2026-06-16 19:00:00+00:00,0.3686,0.3701,0.3656,0.3673,1469219.4
2026-06-16 20:00:00+00:00,0.3672,0.3797,0.3657,0.3778,1677755.7
2026-06-16 21:00:00+00:00,0.3778,0.3791,0.3705,0.3738,1211862.9
2026-06-16 22:00:00+00:00,0.3739,0.3751,0.3706,0.3723,620021.7
2026-06-16 23:00:00+00:00,0.3723,0.3729,0.3693,0.3698,602477.1
2026-06-17 00:00:00+00:00,0.3699,0.3777,0.3699,0.3767,2216657.9
2026-06-17 01:00:00+00:00,0.3768,0.3835,0.3715,0.3834,2189212.9
2026-06-17 02:00:00+00:00,0.3833,0.3834,0.3768,0.3784,1294286.0
2026-06-17 03:00:00+00:00,0.3784,0.3789,0.3743,0.3785,2620711.1
2026-06-17 04:00:00+00:00,0.3786,0.3829,0.3766,0.3768,1586328.4
2026-06-17 05:00:00+00:00,0.3768,0.3795,0.3744,0.3767,2094580.4
2026-06-17 06:00:00+00:00,0.3768,0.3795,0.3739,0.3745,1135580.4
2026-06-17 07:00:00+00:00,0.3744,0.3753,0.3697,0.3717,2328585.7
2026-06-17 08:00:00+00:00,0.3717,0.3731,0.3657,0.3678,2384877.5
2026-06-17 09:00:00+00:00,0.3677,0.3704,0.3673,0.3702,1134568.4
2026-06-17 10:00:00+00:00,0.3701,0.3717,0.369,0.3698,2064981.4
2026-06-17 11:00:00+00:00,0.3698,0.3723,0.3668,0.3714,1480709.8
2026-06-17 12:00:00+00:00,0.3714,0.3749,0.3642,0.3748,2008101.4
2026-06-17 13:00:00+00:00,0.3748,0.3788,0.3738,0.375,2036360.7
2026-06-17 14:00:00+00:00,0.3749,0.3776,0.3713,0.3751,1310674.4
2026-06-17 15:00:00+00:00,0.3752,0.3829,0.3716,0.3829,2001643.2
2026-06-17 16:00:00+00:00,0.3829,0.3848,0.3768,0.3775,2932525.8
2026-06-17 17:00:00+00:00,0.3776,0.3819,0.3764,0.3816,1501891.2
2026-06-17 18:00:00+00:00,0.3816,0.3837,0.3694,0.3778,4931193.2
2026-06-17 19:00:00+00:00,0.3778,0.3814,0.3652,0.367,4166378.2
2026-06-17 20:00:00+00:00,0.3669,0.3715,0.3657,0.3704,2655917.0
2026-06-17 21:00:00+00:00,0.3704,0.3708,0.3614,0.3638,1835537.5
2026-06-17 22:00:00+00:00,0.3639,0.3654,0.3577,0.3632,1933777.8
2026-06-17 23:00:00+00:00,0.3633,0.3662,0.3631,0.365,2384829.9
2026-06-18 00:00:00+00:00,0.3651,0.3693,0.3629,0.3636,1669627.7
2026-06-18 01:00:00+00:00,0.3636,0.3698,0.3634,0.3687,1761218.0
2026-06-18 02:00:00+00:00,0.3688,0.3715,0.3663,0.3709,2201617.8
2026-06-18 03:00:00+00:00,0.3708,0.3726,0.3644,0.3648,2543628.5
2026-06-18 04:00:00+00:00,0.3648,0.3655,0.3582,0.3584,2789596.2
2026-06-18 05:00:00+00:00,0.3583,0.3589,0.3534,0.3579,2126976.2
2026-06-18 06:00:00+00:00,0.358,0.3611,0.3567,0.3606,983137.7
2026-06-18 07:00:00+00:00,0.3607,0.3658,0.3593,0.3644,1508954.0
2026-06-18 08:00:00+00:00,0.3644,0.3685,0.3621,0.3664,1786447.7
2026-06-18 09:00:00+00:00,0.3665,0.3719,0.3648,0.3684,1708686.7
2026-06-18 10:00:00+00:00,0.3685,0.3685,0.3626,0.365,1655143.3
2026-06-18 11:00:00+00:00,0.3651,0.3674,0.36,0.3623,1440916.4
2026-06-18 12:00:00+00:00,0.3624,0.3762,0.3605,0.3744,5556549.3
2026-06-18 13:00:00+00:00,0.3744,0.3788,0.3667,0.3705,5910716.2
2026-06-18 14:00:00+00:00,0.3706,0.3785,0.3693,0.3748,3806179.5
2026-06-18 15:00:00+00:00,0.3748,0.375,0.3558,0.3564,6583949.4
2026-06-18 16:00:00+00:00,0.3565,0.3643,0.356,0.361,3111044.9
2026-06-18 17:00:00+00:00,0.3611,0.3619,0.3547,0.358,1629170.5
2026-06-18 18:00:00+00:00,0.3581,0.3582,0.3511,0.3515,4447729.2
2026-06-18 19:00:00+00:00,0.3515,0.3584,0.35,0.3571,2285587.7
2026-06-18 20:00:00+00:00,0.3571,0.3625,0.3571,0.3602,1249795.1
2026-06-18 21:00:00+00:00,0.3603,0.3625,0.3578,0.3617,897204.4
2026-06-18 22:00:00+00:00,0.3616,0.3629,0.3589,0.3609,757889.9
2026-06-18 23:00:00+00:00,0.3609,0.3668,0.36,0.3664,1231299.5
2026-06-19 00:00:00+00:00,0.3664,0.367,0.3626,0.3631,832589.6
2026-06-19 01:00:00+00:00,0.363,0.3647,0.3602,0.3639,1022433.9
2026-06-19 02:00:00+00:00,0.3639,0.3662,0.3595,0.3613,970061.1
2026-06-19 03:00:00+00:00,0.3614,0.3627,0.3542,0.358,2126511.1
2026-06-19 04:00:00+00:00,0.3579,0.3609,0.3514,0.3521,1325869.5
2026-06-19 05:00:00+00:00,0.3522,0.3568,0.3521,0.3563,1120243.3
2026-06-19 06:00:00+00:00,0.3562,0.3579,0.3538,0.3565,615234.7
2026-06-19 07:00:00+00:00,0.3565,0.3569,0.3473,0.3491,1603575.9
2026-06-19 08:00:00+00:00,0.3491,0.3535,0.3489,0.3512,1103790.8
2026-06-19 09:00:00+00:00,0.3513,0.352,0.3474,0.3484,1042108.0
2026-06-19 10:00:00+00:00,0.3484,0.3488,0.3453,0.3474,1438656.6
2026-06-19 11:00:00+00:00,0.3475,0.3495,0.3465,0.3487,1016691.2
2026-06-19 12:00:00+00:00,0.3488,0.3526,0.3455,0.3522,1067850.9
2026-06-19 13:00:00+00:00,0.3522,0.3603,0.3509,0.3572,2353554.9
2026-06-19 14:00:00+00:00,0.3571,0.3588,0.3549,0.3553,1041991.2
2026-06-19 15:00:00+00:00,0.3552,0.3569,0.353,0.3549,997006.8
2026-06-19 16:00:00+00:00,0.3551,0.3569,0.3517,0.3528,1302701.8
2026-06-19 17:00:00+00:00,0.3528,0.3575,0.3518,0.3566,666634.9
2026-06-19 18:00:00+00:00,0.3566,0.3569,0.3516,0.353,507303.8
2026-06-19 19:00:00+00:00,0.3529,0.3531,0.3483,0.3496,846683.9
2026-06-19 20:00:00+00:00,0.3497,0.3523,0.348,0.352,600285.3
2026-06-19 21:00:00+00:00,0.3519,0.3527,0.3485,0.3495,1054246.4
2026-06-19 22:00:00+00:00,0.3494,0.3536,0.349,0.353,462476.3
2026-06-19 23:00:00+00:00,0.353,0.3569,0.3512,0.3557,483412.7
2026-06-20 00:00:00+00:00,0.3557,0.3569,0.3512,0.3512,1187232.1
2026-06-20 01:00:00+00:00,0.3512,0.3535,0.3496,0.3517,771222.7
2026-06-20 02:00:00+00:00,0.3516,0.3523,0.3488,0.3491,473452.4
2026-06-20 03:00:00+00:00,0.3491,0.3517,0.3485,0.3501,681815.6
2026-06-20 04:00:00+00:00,0.3501,0.3515,0.3493,0.351,1403858.4
2026-06-20 05:00:00+00:00,0.351,0.3549,0.3505,0.3526,870551.8
2026-06-20 06:00:00+00:00,0.3527,0.354,0.3512,0.3514,451029.0
2026-06-20 07:00:00+00:00,0.3515,0.3518,0.3492,0.3505,512100.4
2026-06-20 08:00:00+00:00,0.3506,0.3524,0.3488,0.3497,960107.7
2026-06-20 09:00:00+00:00,0.3498,0.3525,0.3493,0.3519,471969.7
2026-06-20 10:00:00+00:00,0.3518,0.3528,0.349,0.3501,618652.9
2026-06-20 11:00:00+00:00,0.3502,0.3503,0.347,0.3479,533357.5
2026-06-20 12:00:00+00:00,0.3479,0.3497,0.346,0.3462,746930.9
2026-06-20 13:00:00+00:00,0.3461,0.3468,0.3416,0.3437,1383435.1
2026-06-20 14:00:00+00:00,0.3436,0.3479,0.3373,0.345,3840132.4
2026-06-20 15:00:00+00:00,0.3452,0.3482,0.343,0.3444,3659829.3
2026-06-20 16:00:00+00:00,0.3445,0.3445,0.3395,0.3409,1018803.9
2026-06-20 17:00:00+00:00,0.3409,0.3411,0.3361,0.339,994906.6
2026-06-20 18:00:00+00:00,0.339,0.3404,0.3376,0.3381,878559.2
2026-06-20 19:00:00+00:00,0.338,0.3397,0.3372,0.3389,741063.0
2026-06-20 20:00:00+00:00,0.339,0.3403,0.3377,0.3396,723463.3
2026-06-20 21:00:00+00:00,0.3397,0.343,0.3395,0.3413,520038.9
2026-06-20 22:00:00+00:00,0.3413,0.3461,0.3404,0.3446,2386862.2
2026-06-20 23:00:00+00:00,0.3446,0.3456,0.3427,0.3436,539374.2
2026-06-21 00:00:00+00:00,0.3436,0.3439,0.3399,0.3406,849988.9
2026-06-21 01:00:00+00:00,0.3407,0.341,0.3388,0.3389,799410.5
2026-06-21 02:00:00+00:00,0.339,0.3396,0.3378,0.3389,774250.7
2026-06-21 03:00:00+00:00,0.3388,0.3419,0.3385,0.3403,544032.6
2026-06-21 04:00:00+00:00,0.3403,0.3416,0.3376,0.3378,539074.6
2026-06-21 05:00:00+00:00,0.3377,0.3382,0.3363,0.3376,621009.8
2026-06-21 06:00:00+00:00,0.3377,0.3388,0.3367,0.3385,393921.2
2026-06-21 07:00:00+00:00,0.3386,0.3404,0.3373,0.3388,917239.7
2026-06-21 08:00:00+00:00,0.3389,0.34,0.3344,0.3377,1022536.0
2026-06-21 09:00:00+00:00,0.3377,0.3405,0.3362,0.3403,939735.2
2026-06-21 10:00:00+00:00,0.3403,0.3431,0.3397,0.3399,1913639.7
2026-06-21 11:00:00+00:00,0.34,0.3409,0.3365,0.337,1124200.2
2026-06-21 12:00:00+00:00,0.337,0.3398,0.3359,0.3391,918671.6
2026-06-21 13:00:00+00:00,0.3391,0.3408,0.3384,0.3396,673773.3
2026-06-21 14:00:00+00:00,0.3396,0.3401,0.338,0.34,434549.0
2026-06-21 15:00:00+00:00,0.34,0.3428,0.3394,0.3417,1313957.9
2026-06-21 16:00:00+00:00,0.3416,0.3419,0.3381,0.3398,997086.0
2026-06-21 17:00:00+00:00,0.3398,0.3409,0.3371,0.3377,1375540.9
2026-06-21 18:00:00+00:00,0.3377,0.34,0.3361,0.3398,920367.0
2026-06-21 19:00:00+00:00,0.34,0.3413,0.3393,0.3405,597007.8
2026-06-21 20:00:00+00:00,0.3406,0.3407,0.3362,0.3368,451810.1
2026-06-21 21:00:00+00:00,0.3367,0.3374,0.3325,0.3343,1550665.0
2026-06-21 22:00:00+00:00,0.3343,0.3359,0.3328,0.334,623580.8
2026-06-21 23:00:00+00:00,0.334,0.334,0.3294,0.3298,1671354.2
2026-06-22 00:00:00+00:00,0.3298,0.3371,0.3298,0.3366,1342500.2
2026-06-22 01:00:00+00:00,0.3367,0.342,0.3358,0.3399,1261822.3
2026-06-22 02:00:00+00:00,0.34,0.3403,0.3368,0.337,470692.3
2026-06-22 03:00:00+00:00,0.3369,0.3383,0.3331,0.3336,540678.3
2026-06-22 04:00:00+00:00,0.3336,0.3356,0.3328,0.3351,576007.6
2026-06-22 05:00:00+00:00,0.3351,0.338,0.335,0.3371,652203.1
2026-06-22 06:00:00+00:00,0.3372,0.3381,0.3355,0.3362,409273.4
2026-06-22 07:00:00+00:00,0.3363,0.3398,0.336,0.3375,899664.0
2026-06-22 08:00:00+00:00,0.3376,0.3382,0.3356,0.3365,442990.1
2026-06-22 09:00:00+00:00,0.3365,0.337,0.3348,0.3352,307001.3
2026-06-22 10:00:00+00:00,0.335,0.3356,0.3338,0.3343,475124.2
2026-06-22 11:00:00+00:00,0.3343,0.34,0.334,0.3394,791650.0
2026-06-22 12:00:00+00:00,0.3395,0.3426,0.3389,0.3425,1405646.0
2026-06-22 13:00:00+00:00,0.3425,0.344,0.3405,0.3433,1299969.6
2026-06-22 14:00:00+00:00,0.3432,0.3436,0.335,0.3364,1746568.4
2026-06-22 15:00:00+00:00,0.3365,0.3374,0.332,0.3331,1284661.5
2026-06-22 16:00:00+00:00,0.3331,0.3341,0.3312,0.3323,787673.1
2026-06-22 17:00:00+00:00,0.3323,0.333,0.329,0.3319,654994.3
2026-06-22 18:00:00+00:00,0.3319,0.334,0.3296,0.3303,642720.7
2026-06-22 19:00:00+00:00,0.3304,0.3318,0.3292,0.3308,572973.9
2026-06-22 20:00:00+00:00,0.3309,0.3334,0.3306,0.3324,399483.4
2026-06-22 21:00:00+00:00,0.3324,0.3327,0.3288,0.3306,386451.5
2026-06-22 22:00:00+00:00,0.3307,0.3322,0.3258,0.3285,1384515.2
2026-06-22 23:00:00+00:00,0.3285,0.3294,0.3265,0.3291,492980.1
2026-06-23 00:00:00+00:00,0.3291,0.3291,0.3257,0.3283,960230.3
2026-06-23 01:00:00+00:00,0.3282,0.3294,0.324,0.3271,1134319.2
2026-06-23 02:00:00+00:00,0.3271,0.3272,0.3241,0.3249,850898.9
2026-06-23 03:00:00+00:00,0.3249,0.3249,0.3222,0.3248,1331093.5
2026-06-23 04:00:00+00:00,0.3249,0.3253,0.3204,0.3204,838870.2
2026-06-23 05:00:00+00:00,0.3205,0.3218,0.3177,0.3181,1038163.6
2026-06-23 06:00:00+00:00,0.3182,0.3182,0.3105,0.3143,3290792.4
2026-06-23 07:00:00+00:00,0.3142,0.3174,0.3142,0.3145,1310774.1
2026-06-23 08:00:00+00:00,0.3146,0.317,0.309,0.3143,2635795.4
2026-06-23 09:00:00+00:00,0.3143,0.3153,0.3121,0.3136,1362891.5
2026-06-23 10:00:00+00:00,0.3135,0.3145,0.3106,0.3119,1102725.4
2026-06-23 11:00:00+00:00,0.312,0.3145,0.3117,0.3136,916824.6
2026-06-23 12:00:00+00:00,0.3137,0.314,0.3106,0.3115,661392.0
2026-06-23 13:00:00+00:00,0.3115,0.3152,0.3095,0.3144,1409635.2
2026-06-23 14:00:00+00:00,0.3144,0.316,0.3121,0.3126,2027554.2
2026-06-23 15:00:00+00:00,0.3127,0.3128,0.3081,0.311,1666867.0
2026-06-23 16:00:00+00:00,0.3109,0.3132,0.3096,0.3101,1613631.9
2026-06-23 17:00:00+00:00,0.31,0.312,0.3084,0.3091,1105097.9
2026-06-23 18:00:00+00:00,0.3091,0.3109,0.3086,0.3104,670248.3
2026-06-23 19:00:00+00:00,0.3103,0.3121,0.3097,0.3116,1027421.9
2026-06-23 20:00:00+00:00,0.3116,0.3148,0.3116,0.3137,687544.9
2026-06-23 21:00:00+00:00,0.3137,0.3165,0.3134,0.3147,526893.2
2026-06-23 22:00:00+00:00,0.3146,0.3166,0.3129,0.313,516957.4
2026-06-23 23:00:00+00:00,0.313,0.315,0.3117,0.3148,707345.5
2026-06-24 00:00:00+00:00,0.3148,0.3159,0.3135,0.3144,554611.3
2026-06-24 01:00:00+00:00,0.3145,0.3147,0.3117,0.3128,536232.3
2026-06-24 02:00:00+00:00,0.3129,0.3133,0.3097,0.3109,524275.3
2026-06-24 03:00:00+00:00,0.3109,0.3109,0.3077,0.3092,669473.4
2026-06-24 04:00:00+00:00,0.3092,0.3095,0.306,0.3086,816303.4
2026-06-24 05:00:00+00:00,0.3086,0.3121,0.3085,0.3108,570529.8
2026-06-24 06:00:00+00:00,0.3109,0.3114,0.3097,0.3101,360327.2
2026-06-24 07:00:00+00:00,0.3102,0.3103,0.307,0.3073,660874.6
2026-06-24 08:00:00+00:00,0.3074,0.3086,0.3065,0.3076,611269.1
2026-06-24 09:00:00+00:00,0.3075,0.3075,0.3055,0.3058,690140.5
2026-06-24 10:00:00+00:00,0.3058,0.306,0.3034,0.3039,923344.9
2026-06-24 11:00:00+00:00,0.304,0.3094,0.3018,0.307,1054158.1
2026-06-24 12:00:00+00:00,0.3071,0.3086,0.3047,0.3048,622388.8
2026-06-24 13:00:00+00:00,0.3048,0.305,0.2992,0.3012,3489389.5
2026-06-24 14:00:00+00:00,0.3012,0.3054,0.3001,0.3036,2332286.9
2026-06-24 15:00:00+00:00,0.3036,0.3036,0.2968,0.2984,1303905.5
2026-06-24 16:00:00+00:00,0.2984,0.3025,0.295,0.2984,2141287.7
2026-06-24 17:00:00+00:00,0.2983,0.3008,0.294,0.294,2622503.8
2026-06-24 18:00:00+00:00,0.2941,0.3045,0.2937,0.303,1702947.5
2026-06-24 19:00:00+00:00,0.3031,0.304,0.2995,0.3019,969969.6
2026-06-24 20:00:00+00:00,0.302,0.3097,0.3014,0.308,1799745.1
2026-06-24 21:00:00+00:00,0.3081,0.3125,0.307,0.3118,587485.3
2026-06-24 22:00:00+00:00,0.3118,0.314,0.3095,0.31,998699.2
2026-06-24 23:00:00+00:00,0.3099,0.3147,0.3098,0.3145,1122491.6
2026-06-25 00:00:00+00:00,0.3146,0.3183,0.3141,0.3171,1358359.6
2026-06-25 01:00:00+00:00,0.3171,0.3197,0.3147,0.3195,1472434.7
2026-06-25 02:00:00+00:00,0.3195,0.3198,0.3153,0.3158,1056568.0
2026-06-25 03:00:00+00:00,0.3158,0.3163,0.3128,0.3151,996597.4
2026-06-25 04:00:00+00:00,0.3152,0.3179,0.3126,0.3167,849820.3
2026-06-25 05:00:00+00:00,0.3167,0.322,0.3167,0.3204,1749761.2
2026-06-25 06:00:00+00:00,0.3204,0.322,0.3189,0.3191,1094694.2
2026-06-25 07:00:00+00:00,0.3192,0.3239,0.318,0.3201,1472894.6
2026-06-25 08:00:00+00:00,0.3202,0.3204,0.3156,0.3161,517790.7
2026-06-25 09:00:00+00:00,0.3162,0.3171,0.3149,0.3162,487799.5
2026-06-25 10:00:00+00:00,0.3162,0.3166,0.3129,0.3129,669415.2
2026-06-25 11:00:00+00:00,0.313,0.3145,0.3117,0.3128,882200.1
2026-06-25 12:00:00+00:00,0.3128,0.3154,0.309,0.3141,1408902.5
2026-06-25 13:00:00+00:00,0.3142,0.3207,0.2955,0.2971,5107595.0
2026-06-25 14:00:00+00:00,0.2972,0.3128,0.2971,0.3066,3817876.4
2026-06-25 15:00:00+00:00,0.3066,0.3097,0.3036,0.309,977827.3
2026-06-25 16:00:00+00:00,0.309,0.3136,0.3079,0.3084,1431549.0
2026-06-25 17:00:00+00:00,0.3085,0.3134,0.308,0.3126,745927.9
2026-06-25 18:00:00+00:00,0.3127,0.3134,0.3058,0.3069,1085078.7
2026-06-25 19:00:00+00:00,0.3069,0.3069,0.3032,0.3068,553110.6
2026-06-25 20:00:00+00:00,0.3067,0.3104,0.3067,0.3083,579976.2
2026-06-25 21:00:00+00:00,0.3083,0.3146,0.3083,0.3145,839284.6
2026-06-25 22:00:00+00:00,0.3145,0.3155,0.3112,0.3118,591987.9
2026-06-25 23:00:00+00:00,0.3118,0.315,0.3109,0.3141,994991.7
2026-06-26 00:00:00+00:00,0.3142,0.3159,0.3126,0.3129,693146.9
2026-06-26 01:00:00+00:00,0.3128,0.3135,0.3074,0.3085,1152359.8
2026-06-26 02:00:00+00:00,0.3085,0.3085,0.3017,0.3037,1340739.1
2026-06-26 03:00:00+00:00,0.3036,0.3099,0.3018,0.3092,1625383.6
2026-06-26 04:00:00+00:00,0.3092,0.3105,0.3066,0.307,557894.0
2026-06-26 05:00:00+00:00,0.3071,0.3099,0.3064,0.3091,504913.8
2026-06-26 06:00:00+00:00,0.3091,0.3134,0.3074,0.313,642721.8
2026-06-26 07:00:00+00:00,0.3129,0.3186,0.3128,0.3173,1028910.6
2026-06-26 08:00:00+00:00,0.3173,0.3179,0.3123,0.3137,886795.9
2026-06-26 09:00:00+00:00,0.3138,0.3138,0.3084,0.3085,887389.4
2026-06-26 10:00:00+00:00,0.3085,0.3095,0.3071,0.3077,712379.7
2026-06-26 11:00:00+00:00,0.3077,0.3097,0.3057,0.3067,476193.7
2026-06-26 12:00:00+00:00,0.3068,0.312,0.3062,0.3069,767217.5
2026-06-26 13:00:00+00:00,0.307,0.3139,0.3032,0.3138,1486038.4
2026-06-26 14:00:00+00:00,0.3137,0.3144,0.3099,0.3107,1152030.9
2026-06-26 15:00:00+00:00,0.3107,0.3171,0.31,0.3154,1347771.9
2026-06-26 16:00:00+00:00,0.3155,0.3185,0.3129,0.3172,1348591.5
2026-06-26 17:00:00+00:00,0.3172,0.3209,0.3171,0.3181,1170471.0
2026-06-26 18:00:00+00:00,0.318,0.3197,0.3144,0.315,662692.9
2026-06-26 19:00:00+00:00,0.315,0.3201,0.3145,0.3174,825635.6
2026-06-26 20:00:00+00:00,0.3175,0.3213,0.3152,0.3158,795996.4
2026-06-26 21:00:00+00:00,0.3159,0.318,0.3145,0.3154,452392.8
2026-06-26 22:00:00+00:00,0.3154,0.3177,0.3144,0.3173,323435.3
2026-06-26 23:00:00+00:00,0.3173,0.319,0.3161,0.3172,455496.9
2026-06-27 00:00:00+00:00,0.3173,0.3184,0.3142,0.3166,565625.3
2026-06-27 01:00:00+00:00,0.3167,0.3175,0.3155,0.3158,424580.3
2026-06-27 02:00:00+00:00,0.3158,0.3229,0.3156,0.3222,974837.1
2026-06-27 03:00:00+00:00,0.3221,0.3223,0.3191,0.3212,970585.3
2026-06-27 04:00:00+00:00,0.3213,0.3234,0.3195,0.3196,609857.9
2026-06-27 05:00:00+00:00,0.3196,0.3207,0.3189,0.3202,330132.9
2026-06-27 06:00:00+00:00,0.3202,0.3218,0.3176,0.3197,706597.4
2026-06-27 07:00:00+00:00,0.3197,0.3211,0.3185,0.3194,540283.2
2026-06-27 08:00:00+00:00,0.3194,0.3194,0.3171,0.3175,273949.0
2026-06-27 09:00:00+00:00,0.3175,0.3184,0.3155,0.3164,313541.2
2026-06-27 10:00:00+00:00,0.3164,0.3178,0.3163,0.3171,380772.8
2026-06-27 11:00:00+00:00,0.3171,0.3184,0.3151,0.3182,380561.4
2026-06-27 12:00:00+00:00,0.3181,0.3188,0.3164,0.3183,251648.4
2026-06-27 13:00:00+00:00,0.3181,0.3211,0.3181,0.3201,508011.0
2026-06-27 14:00:00+00:00,0.32,0.3216,0.3184,0.3185,659784.2
2026-06-27 15:00:00+00:00,0.3186,0.3205,0.3182,0.3191,536469.3
2026-06-27 16:00:00+00:00,0.3191,0.3194,0.317,0.3183,413050.2
2026-06-27 17:00:00+00:00,0.3183,0.3191,0.3145,0.3152,1204527.3
2026-06-27 18:00:00+00:00,0.3151,0.3153,0.3136,0.3143,214338.3
2026-06-27 19:00:00+00:00,0.3143,0.3147,0.3095,0.312,770146.0
2026-06-27 20:00:00+00:00,0.3121,0.3142,0.312,0.3132,316123.7
2026-06-27 21:00:00+00:00,0.3133,0.3148,0.3113,0.3121,136178.6
2026-06-27 22:00:00+00:00,0.312,0.3126,0.3096,0.312,886861.0
2026-06-27 23:00:00+00:00,0.3121,0.3133,0.3108,0.3111,147566.1
2026-06-28 00:00:00+00:00,0.3112,0.3134,0.3107,0.3107,310314.8
2026-06-28 01:00:00+00:00,0.3107,0.3108,0.3081,0.3104,553555.0
2026-06-28 02:00:00+00:00,0.3104,0.3111,0.3086,0.3099,155162.0
2026-06-28 03:00:00+00:00,0.3099,0.3108,0.3093,0.3104,130589.4
2026-06-28 04:00:00+00:00,0.3103,0.3105,0.3091,0.3091,213009.8
2026-06-28 05:00:00+00:00,0.3092,0.3092,0.3067,0.309,219911.3
2026-06-28 06:00:00+00:00,0.3091,0.3093,0.3071,0.3086,334794.2
2026-06-28 07:00:00+00:00,0.3085,0.3112,0.3085,0.3107,424771.1
2026-06-28 08:00:00+00:00,0.3106,0.3133,0.3095,0.3117,236715.3
2026-06-28 09:00:00+00:00,0.3117,0.3125,0.3092,0.3094,214264.9
2026-06-28 10:00:00+00:00,0.3093,0.3101,0.3077,0.3083,309650.0
2026-06-28 11:00:00+00:00,0.3083,0.3102,0.3079,0.31,358604.2
2026-06-28 12:00:00+00:00,0.3099,0.3127,0.3094,0.3115,317837.3
2026-06-28 13:00:00+00:00,0.3115,0.3115,0.3088,0.3102,209210.1
2026-06-28 14:00:00+00:00,0.3101,0.3123,0.3095,0.3097,228466.2
2026-06-28 15:00:00+00:00,0.3099,0.3103,0.3077,0.3085,333647.4
2026-06-28 16:00:00+00:00,0.3086,0.3095,0.3073,0.309,373525.7
2026-06-28 17:00:00+00:00,0.309,0.3098,0.3053,0.3075,793371.6
2026-06-28 18:00:00+00:00,0.3074,0.3085,0.3068,0.3083,205734.5
2026-06-28 19:00:00+00:00,0.3084,0.3095,0.3064,0.3075,166223.6
2026-06-28 20:00:00+00:00,0.3074,0.3098,0.3071,0.309,118947.7
2026-06-28 21:00:00+00:00,0.3089,0.3094,0.3053,0.3066,331634.7
2026-06-28 22:00:00+00:00,0.3067,0.3103,0.3043,0.3055,637636.7
2026-06-28 23:00:00+00:00,0.3054,0.3111,0.3051,0.3098,385352.5
2026-06-29 00:00:00+00:00,0.3099,0.3104,0.3056,0.3101,516282.1
2026-06-29 01:00:00+00:00,0.3102,0.3104,0.3074,0.3088,282878.1
2026-06-29 02:00:00+00:00,0.3087,0.3117,0.3056,0.3111,3067128.2
2026-06-29 03:00:00+00:00,0.3112,0.3135,0.3107,0.3125,931369.1
2026-06-29 04:00:00+00:00,0.3125,0.3125,0.3098,0.3108,454548.8
2026-06-29 05:00:00+00:00,0.3108,0.3114,0.3078,0.3114,1160581.9
2026-06-29 06:00:00+00:00,0.3114,0.3134,0.3107,0.3112,747668.8
2026-06-29 07:00:00+00:00,0.3114,0.3127,0.3104,0.3116,289803.0
2026-06-29 08:00:00+00:00,0.3116,0.314,0.3095,0.3098,1217175.0
2026-06-29 09:00:00+00:00,0.3097,0.313,0.3097,0.313,503231.3
2026-06-29 10:00:00+00:00,0.313,0.315,0.3129,0.3141,778098.8
2026-06-29 11:00:00+00:00,0.3141,0.3143,0.3104,0.3111,1167498.9
2026-06-29 12:00:00+00:00,0.3112,0.3167,0.3095,0.3131,1650308.8
2026-06-29 13:00:00+00:00,0.3131,0.3159,0.3104,0.3123,936934.4
2026-06-29 14:00:00+00:00,0.3124,0.3125,0.3082,0.312,939311.1
2026-06-29 15:00:00+00:00,0.3121,0.3131,0.3089,0.3122,890402.1
2026-06-29 16:00:00+00:00,0.3121,0.3142,0.311,0.3139,633958.2
2026-06-29 17:00:00+00:00,0.314,0.3197,0.314,0.3193,2086804.0
2026-06-29 18:00:00+00:00,0.3193,0.323,0.3182,0.3195,1059111.6
2026-06-29 19:00:00+00:00,0.3196,0.3208,0.3182,0.3197,319069.6
2026-06-29 20:00:00+00:00,0.3197,0.3202,0.3174,0.3174,375121.5
2026-06-29 21:00:00+00:00,0.3174,0.3198,0.3158,0.3182,442892.9
2026-06-29 22:00:00+00:00,0.3181,0.3187,0.3163,0.3168,385454.6
2026-06-29 23:00:00+00:00,0.3168,0.3177,0.3161,0.3174,471229.3
2026-06-30 00:00:00+00:00,0.3173,0.3177,0.3124,0.313,1048679.6
2026-06-30 01:00:00+00:00,0.313,0.314,0.3117,0.3127,357981.5
2026-06-30 02:00:00+00:00,0.3125,0.3136,0.3111,0.3125,248853.5
2026-06-30 03:00:00+00:00,0.3125,0.3137,0.3118,0.3122,271362.4
2026-06-30 04:00:00+00:00,0.312,0.3144,0.3108,0.3141,439241.9
2026-06-30 05:00:00+00:00,0.3141,0.317,0.3137,0.3168,388068.6
2026-06-30 06:00:00+00:00,0.3169,0.3177,0.3158,0.317,531769.4
2026-06-30 07:00:00+00:00,0.317,0.3172,0.3133,0.3143,441903.9
2026-06-30 08:00:00+00:00,0.3143,0.3145,0.3108,0.3117,724330.6
2026-06-30 09:00:00+00:00,0.3116,0.3121,0.3103,0.312,285961.4
2026-06-30 10:00:00+00:00,0.3121,0.3123,0.3108,0.3115,197741.8
2026-06-30 11:00:00+00:00,0.3114,0.3119,0.3083,0.309,1227891.4
2026-06-30 12:00:00+00:00,0.3089,0.3089,0.305,0.305,1287519.9
2026-06-30 13:00:00+00:00,0.305,0.3093,0.3047,0.308,1250500.5
2026-06-30 14:00:00+00:00,0.3079,0.312,0.3072,0.3077,992553.7
2026-06-30 15:00:00+00:00,0.3077,0.3116,0.3069,0.3089,783886.5
2026-06-30 16:00:00+00:00,0.3089,0.3105,0.3068,0.31,497963.4
2026-06-30 17:00:00+00:00,0.3099,0.311,0.3082,0.3085,634959.1
2026-06-30 18:00:00+00:00,0.3084,0.3117,0.3078,0.3117,299372.0
2026-06-30 19:00:00+00:00,0.3115,0.3128,0.311,0.312,430460.6
2026-06-30 20:00:00+00:00,0.3119,0.3136,0.3102,0.3103,643096.5
2026-06-30 21:00:00+00:00,0.3102,0.3108,0.3089,0.3099,167780.8
2026-06-30 22:00:00+00:00,0.3099,0.311,0.308,0.3085,251697.8
2026-06-30 23:00:00+00:00,0.3086,0.3095,0.3083,0.3084,406302.9
2026-07-01 00:00:00+00:00,0.3085,0.3101,0.3074,0.3097,557911.6
2026-07-01 01:00:00+00:00,0.3098,0.3107,0.303,0.3093,1323538.1
2026-07-01 02:00:00+00:00,0.3093,0.3137,0.3079,0.3133,836120.9
2026-07-01 03:00:00+00:00,0.3134,0.3153,0.3112,0.3148,711782.6
2026-07-01 04:00:00+00:00,0.3149,0.3165,0.3138,0.3155,638245.6
2026-07-01 05:00:00+00:00,0.3155,0.3159,0.3129,0.3134,438094.3
2026-07-01 06:00:00+00:00,0.3134,0.3135,0.3088,0.3099,929099.4
2026-07-01 07:00:00+00:00,0.31,0.3116,0.3085,0.3115,403708.1
2026-07-01 08:00:00+00:00,0.3115,0.3121,0.3084,0.3121,331090.6
2026-07-01 09:00:00+00:00,0.312,0.3132,0.3106,0.312,445056.5
2026-07-01 10:00:00+00:00,0.312,0.3122,0.3091,0.3099,381490.9
2026-07-01 11:00:00+00:00,0.31,0.3114,0.3094,0.3106,452927.3
2026-07-01 12:00:00+00:00,0.3108,0.3112,0.3076,0.3082,654001.6
2026-07-01 13:00:00+00:00,0.3082,0.3144,0.3081,0.3142,1214776.5
2026-07-01 14:00:00+00:00,0.3142,0.3199,0.3133,0.318,2258767.3
2026-07-01 15:00:00+00:00,0.318,0.3215,0.3176,0.3207,1682692.6
2026-07-01 16:00:00+00:00,0.3208,0.3224,0.3176,0.3182,1463427.0
2026-07-01 17:00:00+00:00,0.3183,0.3205,0.3167,0.3202,539639.5
2026-07-01 18:00:00+00:00,0.3201,0.3207,0.3168,0.3184,598396.8
2026-07-01 19:00:00+00:00,0.3184,0.3202,0.3178,0.3183,369700.1
2026-07-01 20:00:00+00:00,0.3184,0.3195,0.3169,0.3195,349881.1
2026-07-01 21:00:00+00:00,0.3196,0.3274,0.3196,0.3266,645435.1
2026-07-01 22:00:00+00:00,0.3265,0.331,0.3244,0.3258,1554081.8
2026-07-01 23:00:00+00:00,0.3257,0.3279,0.3232,0.3247,992179.6
2026-07-02 00:00:00+00:00,0.3248,0.3261,0.3224,0.3251,990145.5
2026-07-02 01:00:00+00:00,0.3251,0.3367,0.3248,0.3366,1591167.2
2026-07-02 02:00:00+00:00,0.3367,0.337,0.3312,0.3328,1290867.2
2026-07-02 03:00:00+00:00,0.3329,0.3339,0.3296,0.3337,1081547.0
2026-07-02 04:00:00+00:00,0.3337,0.334,0.3303,0.3324,483496.7
2026-07-02 05:00:00+00:00,0.3324,0.3331,0.3297,0.3315,1126012.9
2026-07-02 06:00:00+00:00,0.3313,0.3329,0.3289,0.3293,580525.5
2026-07-02 07:00:00+00:00,0.3293,0.332,0.3282,0.3308,824718.4
2026-07-02 08:00:00+00:00,0.3308,0.3331,0.3302,0.333,646614.4
2026-07-02 09:00:00+00:00,0.333,0.3348,0.3303,0.3337,897890.6
2026-07-02 10:00:00+00:00,0.3336,0.3341,0.3326,0.3329,640267.5
2026-07-02 11:00:00+00:00,0.3328,0.3356,0.3326,0.3341,908735.9
2026-07-02 12:00:00+00:00,0.334,0.3395,0.3336,0.3354,2247517.8
2026-07-02 13:00:00+00:00,0.3355,0.339,0.3346,0.3371,1518208.0
2026-07-02 14:00:00+00:00,0.3372,0.3379,0.3318,0.3332,1399578.6
2026-07-02 15:00:00+00:00,0.3331,0.3341,0.3307,0.333,852929.7
2026-07-02 16:00:00+00:00,0.3332,0.3348,0.3304,0.3326,761623.4
2026-07-02 17:00:00+00:00,0.3325,0.3336,0.3316,0.3319,399157.5
2026-07-02 18:00:00+00:00,0.3319,0.3331,0.3315,0.3317,407542.1
2026-07-02 19:00:00+00:00,0.3317,0.3327,0.3306,0.3313,488400.3
2026-07-02 20:00:00+00:00,0.3312,0.332,0.3296,0.3306,570016.5
2026-07-02 21:00:00+00:00,0.3306,0.331,0.3271,0.3281,439995.9
2026-07-02 22:00:00+00:00,0.3279,0.3286,0.3263,0.328,452131.6
2026-07-02 23:00:00+00:00,0.3279,0.3291,0.3262,0.3284,352577.4
2026-07-03 00:00:00+00:00,0.3285,0.3293,0.3277,0.3288,446109.6
2026-07-03 01:00:00+00:00,0.3288,0.334,0.3288,0.3331,924532.4
2026-07-03 02:00:00+00:00,0.3331,0.335,0.3309,0.3327,841607.2
2026-07-03 03:00:00+00:00,0.3327,0.3332,0.3303,0.3318,453637.7
2026-07-03 04:00:00+00:00,0.3318,0.3321,0.3293,0.3294,344898.8
2026-07-03 05:00:00+00:00,0.3293,0.3319,0.3289,0.3298,599180.6
2026-07-03 06:00:00+00:00,0.3299,0.3315,0.3294,0.3306,374861.2
2026-07-03 07:00:00+00:00,0.3305,0.3313,0.3294,0.3306,291170.7
2026-07-03 08:00:00+00:00,0.3307,0.3325,0.3294,0.33,696662.8
2026-07-03 09:00:00+00:00,0.3298,0.3308,0.3288,0.3294,642227.5
2026-07-03 10:00:00+00:00,0.3295,0.3322,0.3295,0.3312,595307.0
2026-07-03 11:00:00+00:00,0.3313,0.3339,0.3309,0.3339,1632006.2
2026-07-03 12:00:00+00:00,0.3339,0.3382,0.3316,0.3376,1232067.3
2026-07-03 13:00:00+00:00,0.3377,0.3378,0.335,0.3364,804978.4
2026-07-03 14:00:00+00:00,0.3363,0.3364,0.3328,0.3358,613904.8
2026-07-03 15:00:00+00:00,0.3359,0.3371,0.3316,0.3322,1570378.4
2026-07-03 16:00:00+00:00,0.3322,0.3329,0.3303,0.3325,675295.6
2026-07-03 17:00:00+00:00,0.3325,0.3346,0.3321,0.334,355457.2
2026-07-03 18:00:00+00:00,0.3341,0.3364,0.3332,0.3352,547585.2
2026-07-03 19:00:00+00:00,0.3353,0.3378,0.3347,0.3353,449725.2
2026-07-03 20:00:00+00:00,0.3352,0.3393,0.3345,0.3375,961280.1
2026-07-03 21:00:00+00:00,0.3375,0.3383,0.3337,0.3358,513979.7
2026-07-03 22:00:00+00:00,0.3359,0.336,0.3336,0.3352,287702.7
2026-07-03 23:00:00+00:00,0.335,0.335,0.3337,0.3341,319665.5
2026-07-04 00:00:00+00:00,0.3341,0.3353,0.3335,0.3346,328826.2
2026-07-04 01:00:00+00:00,0.3346,0.3346,0.3315,0.3332,527269.4
2026-07-04 02:00:00+00:00,0.3331,0.3378,0.3329,0.3369,492651.6
2026-07-04 03:00:00+00:00,0.337,0.3383,0.3351,0.336,541027.7
2026-07-04 04:00:00+00:00,0.336,0.34,0.335,0.3366,784119.5
2026-07-04 05:00:00+00:00,0.3365,0.3365,0.3335,0.335,665729.0
2026-07-04 06:00:00+00:00,0.3351,0.3365,0.3332,0.3339,221680.7
2026-07-04 07:00:00+00:00,0.3339,0.3343,0.3314,0.3328,618701.5
2026-07-04 08:00:00+00:00,0.3328,0.3346,0.3323,0.333,284770.0
2026-07-04 09:00:00+00:00,0.3331,0.3339,0.3302,0.3306,500102.3
2026-07-04 10:00:00+00:00,0.3305,0.3317,0.3296,0.3313,671078.9
2026-07-04 11:00:00+00:00,0.3313,0.3322,0.3303,0.3316,293597.9
2026-07-04 12:00:00+00:00,0.3315,0.3333,0.3315,0.333,255193.1
2026-07-04 13:00:00+00:00,0.3329,0.3335,0.3311,0.3316,264301.9
2026-07-04 14:00:00+00:00,0.3316,0.3336,0.3314,0.3336,223275.5
2026-07-04 15:00:00+00:00,0.3336,0.3371,0.3334,0.3362,1481457.9
2026-07-04 16:00:00+00:00,0.3363,0.3422,0.335,0.3394,1527511.7
2026-07-04 17:00:00+00:00,0.3395,0.3477,0.3377,0.3472,1517209.8
2026-07-04 18:00:00+00:00,0.3473,0.348,0.3424,0.3446,866443.5
2026-07-04 19:00:00+00:00,0.3445,0.3452,0.3398,0.3399,932316.8
2026-07-04 20:00:00+00:00,0.3398,0.3413,0.3369,0.3382,744091.8
2026-07-04 21:00:00+00:00,0.3383,0.3397,0.3375,0.3381,258901.9
2026-07-04 22:00:00+00:00,0.338,0.338,0.3363,0.3377,233469.1
2026-07-04 23:00:00+00:00,0.3377,0.3378,0.3341,0.3358,513177.5
2026-07-05 00:00:00+00:00,0.3358,0.3358,0.3305,0.3322,885536.2
2026-07-05 01:00:00+00:00,0.3323,0.3327,0.3298,0.3314,509337.0
2026-07-05 02:00:00+00:00,0.3313,0.3313,0.3261,0.3274,925555.6
2026-07-05 03:00:00+00:00,0.3274,0.3284,0.3262,0.3272,269458.5
2026-07-05 04:00:00+00:00,0.3271,0.3294,0.3266,0.3283,357574.1
2026-07-05 05:00:00+00:00,0.3283,0.3296,0.3272,0.3286,337041.6
2026-07-05 06:00:00+00:00,0.3285,0.3289,0.3273,0.3285,327052.5
2026-07-05 07:00:00+00:00,0.3286,0.3298,0.3272,0.3297,440812.4
2026-07-05 08:00:00+00:00,0.3297,0.3303,0.3278,0.3279,339405.1
2026-07-05 09:00:00+00:00,0.3279,0.3282,0.323,0.3245,937321.9
2026-07-05 10:00:00+00:00,0.3244,0.3264,0.3235,0.3255,1853188.7
2026-07-05 11:00:00+00:00,0.3256,0.3262,0.3246,0.3248,408953.5
2026-07-05 12:00:00+00:00,0.3248,0.3276,0.3241,0.3274,273059.0
2026-07-05 13:00:00+00:00,0.3274,0.3297,0.3267,0.3297,713238.4
2026-07-05 14:00:00+00:00,0.3296,0.3299,0.3274,0.3296,478389.4
2026-07-05 15:00:00+00:00,0.3297,0.3318,0.3293,0.3302,427556.5
2026-07-05 16:00:00+00:00,0.3303,0.3309,0.3267,0.3275,369996.0
2026-07-05 17:00:00+00:00,0.3275,0.3291,0.327,0.3275,246791.6
2026-07-05 18:00:00+00:00,0.3274,0.3291,0.3273,0.3287,241757.9
2026-07-05 19:00:00+00:00,0.3286,0.3306,0.3285,0.3298,239372.0
2026-07-05 20:00:00+00:00,0.3299,0.3309,0.3294,0.3305,224755.1
2026-07-05 21:00:00+00:00,0.3305,0.3342,0.3286,0.3334,591608.8
2026-07-05 22:00:00+00:00,0.3334,0.3366,0.3323,0.334,939127.3
2026-07-05 23:00:00+00:00,0.334,0.3359,0.3324,0.333,653769.3
2026-07-06 00:00:00+00:00,0.3331,0.3345,0.3292,0.3342,973616.3
2026-07-06 01:00:00+00:00,0.3343,0.3353,0.3301,0.3303,516164.2
2026-07-06 02:00:00+00:00,0.3304,0.3311,0.329,0.3299,534440.8
2026-07-06 03:00:00+00:00,0.3299,0.33,0.3273,0.3283,376918.3
2026-07-06 04:00:00+00:00,0.3282,0.3285,0.3266,0.3275,330521.9
2026-07-06 05:00:00+00:00,0.3274,0.3274,0.324,0.3261,629484.5
2026-07-06 06:00:00+00:00,0.326,0.3266,0.3254,0.3259,264193.7
2026-07-06 07:00:00+00:00,0.3258,0.3272,0.3253,0.3268,215734.5
2026-07-06 08:00:00+00:00,0.3268,0.3279,0.3242,0.3253,414675.4
2026-07-06 09:00:00+00:00,0.3252,0.3328,0.3241,0.3289,8016463.3
2026-07-06 10:00:00+00:00,0.329,0.3332,0.3288,0.3326,2251070.6
2026-07-06 11:00:00+00:00,0.3327,0.3348,0.3291,0.3291,1252391.8
2026-07-06 12:00:00+00:00,0.3291,0.3305,0.3246,0.3255,2064357.4
2026-07-06 13:00:00+00:00,0.3255,0.3304,0.3233,0.3299,2564579.1
2026-07-06 14:00:00+00:00,0.3299,0.3321,0.3282,0.3305,1064058.6
2026-07-06 15:00:00+00:00,0.3306,0.3366,0.3304,0.3361,1460475.0
2026-07-06 16:00:00+00:00,0.3362,0.3397,0.3356,0.3373,2227601.7
2026-07-06 17:00:00+00:00,0.3373,0.3373,0.3343,0.3343,1023938.9
2026-07-06 18:00:00+00:00,0.3344,0.3375,0.3341,0.3368,611345.6
2026-07-06 19:00:00+00:00,0.3368,0.3398,0.3366,0.3379,1386206.8
2026-07-06 20:00:00+00:00,0.338,0.3381,0.3355,0.3364,397267.7
2026-07-06 21:00:00+00:00,0.3364,0.3417,0.3361,0.3395,1428038.9
2026-07-06 22:00:00+00:00,0.3395,0.3397,0.3358,0.3361,602239.7
2026-07-06 23:00:00+00:00,0.3361,0.3364,0.333,0.3331,732807.8
2026-07-07 00:00:00+00:00,0.3332,0.3371,0.333,0.3363,642118.5
2026-07-07 01:00:00+00:00,0.3362,0.3362,0.3327,0.3336,589630.0
2026-07-07 02:00:00+00:00,0.3336,0.3341,0.3302,0.3305,1004536.6
2026-07-07 03:00:00+00:00,0.3304,0.3307,0.3279,0.3287,545423.3
2026-07-07 04:00:00+00:00,0.3288,0.3295,0.328,0.329,397828.3
2026-07-07 05:00:00+00:00,0.329,0.3311,0.3268,0.3303,594294.6
2026-07-07 06:00:00+00:00,0.3302,0.3319,0.3289,0.3313,266566.0
2026-07-07 07:00:00+00:00,0.3312,0.3327,0.3309,0.3309,312884.4
2026-07-07 08:00:00+00:00,0.331,0.3332,0.3308,0.3312,404760.7
2026-07-07 09:00:00+00:00,0.3311,0.3331,0.3306,0.3319,463465.5
2026-07-07 10:00:00+00:00,0.3318,0.3332,0.3298,0.3298,610355.8
2026-07-07 11:00:00+00:00,0.3298,0.333,0.3287,0.3323,639341.2
2026-07-07 12:00:00+00:00,0.3324,0.3353,0.3324,0.3332,1080485.7
2026-07-07 13:00:00+00:00,0.3332,0.3356,0.3297,0.332,2254565.0
2026-07-07 14:00:00+00:00,0.3319,0.3346,0.3282,0.3341,1971961.0
2026-07-07 15:00:00+00:00,0.3341,0.3371,0.3327,0.337,1516735.5
2026-07-07 16:00:00+00:00,0.3371,0.338,0.3349,0.3364,754111.7
2026-07-07 17:00:00+00:00,0.3363,0.3367,0.3347,0.3362,360508.1
2026-07-07 18:00:00+00:00,0.3363,0.3363,0.3299,0.3301,870947.5
2026-07-07 19:00:00+00:00,0.3301,0.3325,0.3276,0.3315,784055.0
2026-07-07 20:00:00+00:00,0.3316,0.3323,0.329,0.3296,278231.6
2026-07-07 21:00:00+00:00,0.3296,0.3313,0.3274,0.3276,651866.9
2026-07-07 22:00:00+00:00,0.3275,0.329,0.3254,0.3283,521792.6
2026-07-07 23:00:00+00:00,0.3282,0.33,0.3275,0.3278,336948.2
2026-07-08 00:00:00+00:00,0.3279,0.3325,0.3275,0.3314,590390.5
2026-07-08 01:00:00+00:00,0.3315,0.3317,0.3248,0.3263,896331.7
2026-07-08 02:00:00+00:00,0.3261,0.3283,0.3233,0.3281,888652.1
2026-07-08 03:00:00+00:00,0.3282,0.3304,0.3269,0.3278,985239.7
2026-07-08 04:00:00+00:00,0.3277,0.3277,0.3245,0.3249,544704.8
2026-07-08 05:00:00+00:00,0.325,0.3256,0.3217,0.3233,713833.9
2026-07-08 06:00:00+00:00,0.3234,0.3234,0.3177,0.3195,1410606.0
2026-07-08 07:00:00+00:00,0.3196,0.3222,0.3177,0.3209,829067.6
2026-07-08 08:00:00+00:00,0.3209,0.3232,0.3151,0.3165,2434926.4
2026-07-08 09:00:00+00:00,0.3165,0.3175,0.3147,0.3162,837301.0
2026-07-08 10:00:00+00:00,0.3163,0.3187,0.3159,0.3184,532232.4
2026-07-08 11:00:00+00:00,0.3184,0.3206,0.3172,0.3196,618283.9
2026-07-08 12:00:00+00:00,0.3195,0.3204,0.317,0.317,451717.4
2026-07-08 13:00:00+00:00,0.3169,0.3194,0.3156,0.3183,790562.2
2026-07-08 14:00:00+00:00,0.3182,0.3189,0.3108,0.3122,2455397.6
2026-07-08 15:00:00+00:00,0.3123,0.3127,0.3093,0.3116,1559972.7
2026-07-08 16:00:00+00:00,0.3115,0.3159,0.3115,0.3158,1102347.9
2026-07-08 17:00:00+00:00,0.3159,0.3186,0.3149,0.3161,1008320.6
2026-07-08 18:00:00+00:00,0.3162,0.3172,0.3148,0.3161,338011.9
2026-07-08 19:00:00+00:00,0.316,0.3165,0.3139,0.3152,251300.2
2026-07-08 20:00:00+00:00,0.3152,0.3159,0.3138,0.3139,305237.2
2026-07-08 21:00:00+00:00,0.3139,0.316,0.3127,0.3157,268431.1
2026-07-08 22:00:00+00:00,0.3157,0.3171,0.3151,0.3157,141675.5
2026-07-08 23:00:00+00:00,0.3157,0.316,0.3146,0.316,220398.8
2026-07-09 00:00:00+00:00,0.316,0.316,0.3124,0.3136,230831.2
2026-07-09 01:00:00+00:00,0.3136,0.3168,0.3109,0.3111,633839.1
2026-07-09 02:00:00+00:00,0.3112,0.3134,0.3096,0.3112,987258.0
2026-07-09 03:00:00+00:00,0.3112,0.3135,0.3107,0.3134,341683.1
2026-07-09 04:00:00+00:00,0.3135,0.3161,0.3132,0.3157,404443.3
2026-07-09 05:00:00+00:00,0.3157,0.3183,0.3146,0.3183,853754.6
2026-07-09 06:00:00+00:00,0.3183,0.322,0.3169,0.3197,1000487.6
2026-07-09 07:00:00+00:00,0.3198,0.3205,0.3179,0.3191,451571.7
2026-07-09 08:00:00+00:00,0.319,0.3198,0.3183,0.3196,443567.4
2026-07-09 09:00:00+00:00,0.3197,0.3201,0.3175,0.3185,329565.8
2026-07-09 10:00:00+00:00,0.3186,0.3194,0.3163,0.3174,242119.6
2026-07-09 11:00:00+00:00,0.3174,0.3186,0.3169,0.3181,401679.3
2026-07-09 12:00:00+00:00,0.3181,0.3185,0.3146,0.3157,1704374.2
2026-07-09 13:00:00+00:00,0.3158,0.3198,0.3149,0.3198,1046322.2
2026-07-09 14:00:00+00:00,0.3198,0.3205,0.3183,0.3189,779059.8
2026-07-09 15:00:00+00:00,0.3189,0.3206,0.3161,0.317,1169588.1
2026-07-09 16:00:00+00:00,0.3171,0.3181,0.3137,0.3146,481787.8
2026-07-09 17:00:00+00:00,0.3148,0.3183,0.3147,0.3178,347889.3
2026-07-09 18:00:00+00:00,0.3179,0.3204,0.3179,0.3197,434949.0
2026-07-09 19:00:00+00:00,0.3196,0.3196,0.3174,0.3185,1255265.1
2026-07-09 20:00:00+00:00,0.3184,0.3189,0.3173,0.3179,234006.9
2026-07-09 21:00:00+00:00,0.3179,0.3184,0.3166,0.3167,332232.5
2026-07-09 22:00:00+00:00,0.3166,0.3182,0.316,0.3176,344847.9
2026-07-09 23:00:00+00:00,0.3175,0.3181,0.3158,0.3167,248264.6
2026-07-10 00:00:00+00:00,0.3166,0.3168,0.3147,0.3168,701119.9
2026-07-10 01:00:00+00:00,0.3169,0.323,0.3162,0.3212,1047808.5
2026-07-10 02:00:00+00:00,0.3213,0.3222,0.3205,0.3214,635456.2
2026-07-10 03:00:00+00:00,0.3213,0.3214,0.3196,0.3206,332480.6
2026-07-10 04:00:00+00:00,0.3207,0.3216,0.3202,0.3213,247344.3
2026-07-10 05:00:00+00:00,0.3213,0.3234,0.321,0.3229,1116357.2
2026-07-10 06:00:00+00:00,0.323,0.3236,0.3209,0.3216,166882.1
2026-07-10 07:00:00+00:00,0.3215,0.325,0.3206,0.321,606199.9
2026-07-10 08:00:00+00:00,0.3211,0.3234,0.3206,0.3225,730281.0
2026-07-10 09:00:00+00:00,0.3225,0.325,0.3212,0.3246,476855.2
2026-07-10 10:00:00+00:00,0.3247,0.3284,0.3247,0.326,1227268.7
2026-07-10 11:00:00+00:00,0.326,0.3278,0.3254,0.3272,779110.4
2026-07-10 12:00:00+00:00,0.3272,0.3301,0.3264,0.328,1683722.6
2026-07-10 13:00:00+00:00,0.3281,0.3307,0.327,0.3295,1077266.7
2026-07-10 14:00:00+00:00,0.3294,0.33,0.3223,0.3262,1653250.3
2026-07-10 15:00:00+00:00,0.3263,0.3286,0.3239,0.3264,695217.7
2026-07-10 16:00:00+00:00,0.3264,0.3283,0.3257,0.3282,505612.3
2026-07-10 17:00:00+00:00,0.328,0.3287,0.327,0.3274,429546.7
2026-07-10 18:00:00+00:00,0.3274,0.3293,0.3244,0.3255,680778.7
2026-07-10 19:00:00+00:00,0.3254,0.3279,0.325,0.3265,359382.3
2026-07-10 20:00:00+00:00,0.3265,0.3269,0.3247,0.3258,276016.6
2026-07-10 21:00:00+00:00,0.3258,0.3279,0.3255,0.3277,220241.6
2026-07-10 22:00:00+00:00,0.3277,0.3305,0.3277,0.3296,654614.0
2026-07-10 23:00:00+00:00,0.3296,0.3298,0.3278,0.3284,183734.3
2026-07-11 00:00:00+00:00,0.3283,0.3311,0.327,0.331,1241559.0
2026-07-11 01:00:00+00:00,0.331,0.3325,0.3286,0.3286,458454.0
2026-07-11 02:00:00+00:00,0.3287,0.3302,0.3281,0.3301,338303.1
2026-07-11 03:00:00+00:00,0.3302,0.3316,0.3287,0.3296,223533.3
2026-07-11 04:00:00+00:00,0.3295,0.3299,0.3276,0.3281,211491.6
2026-07-11 05:00:00+00:00,0.328,0.3292,0.3274,0.3281,109857.1
2026-07-11 06:00:00+00:00,0.328,0.33,0.3277,0.3279,394259.7
2026-07-11 07:00:00+00:00,0.3279,0.3284,0.3262,0.3272,404165.7
2026-07-11 08:00:00+00:00,0.3272,0.33,0.3267,0.33,396790.8
2026-07-11 09:00:00+00:00,0.33,0.3334,0.3299,0.3304,1426684.5
2026-07-11 10:00:00+00:00,0.3304,0.3321,0.3293,0.3316,518249.0
2026-07-11 11:00:00+00:00,0.3317,0.3344,0.3317,0.3337,580528.2
2026-07-11 12:00:00+00:00,0.3338,0.3345,0.332,0.3336,571458.0
2026-07-11 13:00:00+00:00,0.3337,0.3363,0.332,0.3351,763142.5
2026-07-11 14:00:00+00:00,0.3353,0.3376,0.3342,0.3351,988197.2
2026-07-11 15:00:00+00:00,0.3351,0.3362,0.3318,0.3344,895810.9
2026-07-11 16:00:00+00:00,0.3344,0.335,0.3324,0.3345,504821.2
2026-07-11 17:00:00+00:00,0.3346,0.3359,0.3335,0.3346,286882.5
2026-07-11 18:00:00+00:00,0.3346,0.336,0.3339,0.3346,330276.6
2026-07-11 19:00:00+00:00,0.3347,0.3363,0.3346,0.3348,372139.2
2026-07-11 20:00:00+00:00,0.3349,0.3354,0.334,0.3344,128898.5
2026-07-11 21:00:00+00:00,0.3344,0.3349,0.3324,0.3332,195128.0
2026-07-11 22:00:00+00:00,0.3331,0.3339,0.3306,0.3307,369209.8
2026-07-11 23:00:00+00:00,0.3306,0.331,0.3242,0.3242,1393273.1
2026-07-12 00:00:00+00:00,0.3241,0.3254,0.3225,0.3237,640940.3
2026-07-12 01:00:00+00:00,0.3236,0.3266,0.3234,0.3264,553563.6
2026-07-12 02:00:00+00:00,0.3264,0.3264,0.3247,0.3254,258170.9
2026-07-12 03:00:00+00:00,0.3254,0.3265,0.3243,0.3263,253006.4
2026-07-12 04:00:00+00:00,0.3264,0.3274,0.3249,0.3252,552302.9
2026-07-12 05:00:00+00:00,0.3252,0.3262,0.3248,0.3261,106758.6
2026-07-12 06:00:00+00:00,0.326,0.326,0.3232,0.325,611311.9
2026-07-12 07:00:00+00:00,0.3249,0.3261,0.3246,0.3257,135015.7
2026-07-12 08:00:00+00:00,0.3256,0.3284,0.3255,0.327,325066.9
2026-07-12 09:00:00+00:00,0.327,0.3286,0.3254,0.3281,221721.4
2026-07-12 10:00:00+00:00,0.3281,0.3282,0.3263,0.3276,383769.0
2026-07-12 11:00:00+00:00,0.3276,0.3308,0.3273,0.3287,644201.5
2026-07-12 12:00:00+00:00,0.3288,0.331,0.3285,0.3285,375416.5
2026-07-12 13:00:00+00:00,0.3285,0.3296,0.3262,0.3263,404463.7
2026-07-12 14:00:00+00:00,0.3263,0.3289,0.3258,0.3282,309634.5
2026-07-12 15:00:00+00:00,0.3283,0.3291,0.3272,0.3276,415549.6
2026-07-12 16:00:00+00:00,0.3276,0.3288,0.3276,0.3278,168930.0
2026-07-12 17:00:00+00:00,0.3279,0.3285,0.3261,0.3266,152597.6
2026-07-12 18:00:00+00:00,0.3266,0.327,0.3242,0.3243,584597.7
2026-07-12 19:00:00+00:00,0.3244,0.3276,0.3243,0.3271,426174.5
2026-07-12 20:00:00+00:00,0.3271,0.3271,0.3249,0.3257,156101.6
2026-07-12 21:00:00+00:00,0.3258,0.3267,0.3248,0.3253,190153.5
2026-07-12 22:00:00+00:00,0.3253,0.3253,0.3212,0.3233,694727.3
2026-07-12 23:00:00+00:00,0.3233,0.3236,0.3217,0.3229,183419.5
2026-07-13 00:00:00+00:00,0.3229,0.328,0.3217,0.324,800442.2
2026-07-13 01:00:00+00:00,0.324,0.3246,0.3184,0.3187,888678.1
2026-07-13 02:00:00+00:00,0.3188,0.3211,0.3182,0.3194,691720.7
2026-07-13 03:00:00+00:00,0.3193,0.3194,0.3146,0.3166,895136.8
2026-07-13 04:00:00+00:00,0.3165,0.3179,0.316,0.3166,349016.7
2026-07-13 05:00:00+00:00,0.3166,0.3194,0.3158,0.3183,640673.1
2026-07-13 06:00:00+00:00,0.3184,0.3194,0.3179,0.3188,126879.1
2026-07-13 07:00:00+00:00,0.3189,0.3202,0.3184,0.319,164364.5
2026-07-13 08:00:00+00:00,0.3192,0.3207,0.3191,0.3204,300504.1
2026-07-13 09:00:00+00:00,0.3203,0.3208,0.3198,0.3205,140021.5
2026-07-13 10:00:00+00:00,0.3206,0.3211,0.3198,0.3204,238991.9
2026-07-13 11:00:00+00:00,0.3205,0.321,0.3185,0.3185,230596.1
2026-07-13 12:00:00+00:00,0.3185,0.3185,0.3148,0.3159,546590.3
2026-07-13 13:00:00+00:00,0.3159,0.3169,0.3135,0.3156,486716.9
2026-07-13 14:00:00+00:00,0.3155,0.3188,0.3139,0.3188,907665.1
2026-07-13 15:00:00+00:00,0.3187,0.3189,0.3158,0.3159,279468.2
2026-07-13 16:00:00+00:00,0.3159,0.3168,0.3138,0.3146,534468.8
2026-07-13 17:00:00+00:00,0.3146,0.3149,0.3108,0.3108,975100.8
2026-07-13 18:00:00+00:00,0.3109,0.3129,0.3103,0.3117,1201414.6
2026-07-13 19:00:00+00:00,0.3117,0.3136,0.3116,0.3133,361269.7
2026-07-13 20:00:00+00:00,0.3132,0.3135,0.3106,0.311,173595.9
2026-07-13 21:00:00+00:00,0.3109,0.3115,0.3078,0.3095,1947260.2
2026-07-13 22:00:00+00:00,0.3095,0.3114,0.3091,0.3094,334619.5
2026-07-13 23:00:00+00:00,0.3092,0.3111,0.3083,0.3109,296790.6
2026-07-14 00:00:00+00:00,0.311,0.3122,0.309,0.3118,556967.2
2026-07-14 01:00:00+00:00,0.3119,0.3125,0.3101,0.3103,697892.5
2026-07-14 02:00:00+00:00,0.3101,0.3107,0.3078,0.3079,614173.1
2026-07-14 03:00:00+00:00,0.3079,0.308,0.3053,0.3062,895786.8
2026-07-14 04:00:00+00:00,0.3061,0.3098,0.3061,0.3088,371801.7
2026-07-14 05:00:00+00:00,0.3087,0.3104,0.3084,0.3099,299568.7
2026-07-14 06:00:00+00:00,0.31,0.3105,0.3092,0.31,229044.1
2026-07-14 07:00:00+00:00,0.31,0.3104,0.3076,0.3078,480182.4
2026-07-14 08:00:00+00:00,0.3078,0.3096,0.3071,0.3091,1192021.0
2026-07-14 09:00:00+00:00,0.3091,0.3097,0.3081,0.3082,391111.6
2026-07-14 10:00:00+00:00,0.3081,0.3094,0.3074,0.3091,432058.8
2026-07-14 11:00:00+00:00,0.309,0.309,0.3073,0.308,594687.4
2026-07-14 12:00:00+00:00,0.3081,0.3157,0.3069,0.3149,2303216.6
2026-07-14 13:00:00+00:00,0.315,0.3179,0.3136,0.3145,1977358.9
2026-07-14 14:00:00+00:00,0.3145,0.3167,0.3122,0.316,1712249.1
2026-07-14 15:00:00+00:00,0.3159,0.3189,0.3149,0.3155,1604690.4
2026-07-14 16:00:00+00:00,0.3155,0.3169,0.3148,0.3157,853056.1
2026-07-14 17:00:00+00:00,0.3155,0.3164,0.3135,0.3162,609585.5
2026-07-14 18:00:00+00:00,0.3163,0.3164,0.3141,0.3148,399067.1
2026-07-14 19:00:00+00:00,0.3147,0.3165,0.3147,0.3153,653504.4
2026-07-14 20:00:00+00:00,0.3153,0.3155,0.3139,0.3143,171133.1
2026-07-14 21:00:00+00:00,0.3143,0.3162,0.3138,0.3153,248533.5
2026-07-14 22:00:00+00:00,0.3154,0.3163,0.3134,0.3144,460114.1
2026-07-14 23:00:00+00:00,0.3143,0.3153,0.3137,0.3149,239281.7
2026-07-15 00:00:00+00:00,0.315,0.3203,0.315,0.32,1035452.2
2026-07-15 01:00:00+00:00,0.32,0.3202,0.317,0.3181,470908.2
2026-07-15 02:00:00+00:00,0.3181,0.3184,0.316,0.3181,556824.5
2026-07-15 03:00:00+00:00,0.3181,0.3233,0.3181,0.3222,1610452.1
2026-07-15 04:00:00+00:00,0.3222,0.324,0.3196,0.321,796036.5
2026-07-15 05:00:00+00:00,0.3211,0.3218,0.3186,0.3215,546162.9
2026-07-15 06:00:00+00:00,0.3216,0.3226,0.3204,0.3205,877771.4
2026-07-15 07:00:00+00:00,0.3205,0.3207,0.3173,0.3182,695155.4
2026-07-15 08:00:00+00:00,0.3182,0.3202,0.317,0.3198,518466.1
2026-07-15 09:00:00+00:00,0.3198,0.3221,0.3194,0.3195,332551.2
2026-07-15 10:00:00+00:00,0.3193,0.323,0.3188,0.3221,700962.9
2026-07-15 11:00:00+00:00,0.3221,0.3243,0.321,0.3231,899974.8
2026-07-15 12:00:00+00:00,0.3232,0.3332,0.3224,0.3318,6823152.3
2026-07-15 13:00:00+00:00,0.3318,0.341,0.3316,0.3348,11324083.9
2026-07-15 14:00:00+00:00,0.3349,0.3364,0.3315,0.3348,1689099.6
2026-07-15 15:00:00+00:00,0.3349,0.3356,0.3323,0.3334,1590847.0
2026-07-15 16:00:00+00:00,0.3334,0.3341,0.3271,0.3301,2125515.1
2026-07-15 17:00:00+00:00,0.3301,0.3333,0.3301,0.333,803058.2
2026-07-15 18:00:00+00:00,0.333,0.3369,0.3327,0.3343,1152179.0
2026-07-15 19:00:00+00:00,0.3344,0.3361,0.3322,0.3339,709044.6
2026-07-15 20:00:00+00:00,0.3339,0.3602,0.3339,0.3593,14093732.8
2026-07-15 21:00:00+00:00,0.3594,0.3693,0.3587,0.3638,8366353.1
2026-07-15 22:00:00+00:00,0.3638,0.369,0.3625,0.3657,4223855.7
2026-07-15 23:00:00+00:00,0.3657,0.3706,0.3636,0.3651,4006065.9
2026-07-16 00:00:00+00:00,0.3651,0.3702,0.358,0.3586,4551225.1
2026-07-16 01:00:00+00:00,0.3585,0.3694,0.3585,0.3675,3977343.8
2026-07-16 02:00:00+00:00,0.3675,0.3732,0.3644,0.3719,3693083.0
2026-07-16 03:00:00+00:00,0.3719,0.3721,0.3639,0.3682,2461030.1
2026-07-16 04:00:00+00:00,0.3681,0.3684,0.3607,0.3633,1659616.0
2026-07-16 05:00:00+00:00,0.3634,0.3774,0.3633,0.3713,7006695.2
2026-07-16 06:00:00+00:00,0.3713,0.3742,0.368,0.3732,2855951.2
2026-07-16 07:00:00+00:00,0.3732,0.3761,0.3678,0.3707,4105729.7
2026-07-16 08:00:00+00:00,0.3707,0.3752,0.366,0.3684,5890772.3
2026-07-16 09:00:00+00:00,0.3683,0.3744,0.3676,0.3722,2610249.2
2026-07-16 10:00:00+00:00,0.3723,0.377,0.3716,0.3735,1977896.2
2026-07-16 11:00:00+00:00,0.3735,0.3754,0.3702,0.3744,2036466.1
2026-07-16 12:00:00+00:00,0.3744,0.3848,0.3719,0.383,8559895.7
2026-07-16 13:00:00+00:00,0.3831,0.3936,0.3808,0.391,7462796.7
2026-07-16 14:00:00+00:00,0.3909,0.3947,0.386,0.3889,7756917.0
2026-07-16 15:00:00+00:00,0.3889,0.3915,0.3799,0.3842,4878766.7
2026-07-16 16:00:00+00:00,0.3843,0.3898,0.3818,0.3883,3332745.0
2026-07-16 17:00:00+00:00,0.3883,0.3884,0.3807,0.3826,2282289.1
2026-07-16 18:00:00+00:00,0.3826,0.3861,0.374,0.374,2629768.2
2026-07-16 19:00:00+00:00,0.3741,0.3772,0.3725,0.3759,2784477.7
2026-07-16 20:00:00+00:00,0.3759,0.3779,0.3691,0.3696,3030821.5
2026-07-16 21:00:00+00:00,0.3695,0.3727,0.3645,0.3652,3908220.1
2026-07-16 22:00:00+00:00,0.3652,0.3684,0.3612,0.3644,3276384.3
2026-07-16 23:00:00+00:00,0.3644,0.3664,0.3606,0.3639,1870423.4
2026-07-17 00:00:00+00:00,0.3637,0.3689,0.3598,0.3687,2423785.2
2026-07-17 01:00:00+00:00,0.3686,0.3721,0.363,0.3641,2468678.4
2026-07-17 02:00:00+00:00,0.3641,0.3698,0.3633,0.3661,1778919.5
2026-07-17 03:00:00+00:00,0.3661,0.37,0.3657,0.368,1250762.4
2026-07-17 04:00:00+00:00,0.3679,0.374,0.3676,0.37,1792157.8
2026-07-17 05:00:00+00:00,0.3699,0.3711,0.3598,0.3621,11303958.1
2026-07-17 06:00:00+00:00,0.3621,0.3679,0.3616,0.3658,1995035.1
2026-07-17 07:00:00+00:00,0.3658,0.367,0.3599,0.3642,2649932.3
2026-07-17 08:00:00+00:00,0.364,0.3658,0.3622,0.3647,1000189.6
2026-07-17 09:00:00+00:00,0.3647,0.3715,0.3635,0.369,2925227.8
2026-07-17 10:00:00+00:00,0.3689,0.383,0.3679,0.3777,4027169.4
2026-07-17 11:00:00+00:00,0.3777,0.3851,0.3771,0.3804,4841025.0
2026-07-17 12:00:00+00:00,0.3803,0.3841,0.3731,0.3735,3734392.0
2026-07-17 13:00:00+00:00,0.3736,0.3739,0.3654,0.3733,4328630.4
2026-07-17 14:00:00+00:00,0.3734,0.3776,0.372,0.373,2254098.3
2026-07-17 15:00:00+00:00,0.3729,0.378,0.3693,0.378,2855520.6
2026-07-17 16:00:00+00:00,0.378,0.3809,0.375,0.3792,2032095.7
2026-07-17 17:00:00+00:00,0.3792,0.3813,0.3766,0.3779,1976653.9
2026-07-17 18:00:00+00:00,0.378,0.3789,0.3747,0.3781,936612.5
2026-07-17 19:00:00+00:00,0.3782,0.379,0.3744,0.3754,623566.1
2026-07-17 20:00:00+00:00,0.3754,0.3754,0.3712,0.3729,806617.5
2026-07-17 21:00:00+00:00,0.3729,0.3744,0.3698,0.3706,603825.4
2026-07-17 22:00:00+00:00,0.3707,0.3723,0.3692,0.3704,323327.1
2026-07-17 23:00:00+00:00,0.3702,0.3734,0.368,0.3731,393413.5
2026-07-18 00:00:00+00:00,0.3731,0.3742,0.3699,0.3736,557725.4
2026-07-18 01:00:00+00:00,0.3736,0.3885,0.3732,0.3819,2674833.8
2026-07-18 02:00:00+00:00,0.382,0.3834,0.3772,0.3786,564427.8
2026-07-18 03:00:00+00:00,0.3787,0.3788,0.3758,0.3781,673513.5
2026-07-18 04:00:00+00:00,0.378,0.3782,0.3727,0.3768,354483.1
2026-07-18 05:00:00+00:00,0.3769,0.3786,0.3705,0.3713,964814.1
2026-07-18 06:00:00+00:00,0.3712,0.3735,0.3708,0.3727,302659.3
2026-07-18 07:00:00+00:00,0.3726,0.3728,0.3664,0.3667,2753429.2
2026-07-18 08:00:00+00:00,0.3667,0.3712,0.3653,0.3685,1539588.8
2026-07-18 09:00:00+00:00,0.3686,0.3689,0.3403,0.3465,22898884.6
2026-07-18 10:00:00+00:00,0.3464,0.349,0.3405,0.3471,8024997.3
2026-07-18 11:00:00+00:00,0.3473,0.3482,0.3433,0.344,1199336.4
2026-07-18 12:00:00+00:00,0.344,0.3456,0.34,0.3449,3730509.7
2026-07-18 13:00:00+00:00,0.3448,0.3459,0.3396,0.3409,3539568.1
2026-07-18 14:00:00+00:00,0.3409,0.3421,0.3382,0.3417,3992691.5
2026-07-18 15:00:00+00:00,0.3418,0.3421,0.3377,0.34,1308512.8
2026-07-18 16:00:00+00:00,0.34,0.3419,0.338,0.3414,1131770.8
2026-07-18 17:00:00+00:00,0.3414,0.3481,0.34,0.347,2779166.2
2026-07-18 18:00:00+00:00,0.347,0.3494,0.3457,0.3493,1855878.9
2026-07-18 19:00:00+00:00,0.3494,0.3496,0.3473,0.3484,866339.0
2026-07-18 20:00:00+00:00,0.3485,0.3528,0.3482,0.3482,881669.8
2026-07-18 21:00:00+00:00,0.3481,0.3508,0.3458,0.3471,1594775.9
2026-07-18 22:00:00+00:00,0.3472,0.3495,0.3454,0.3481,2033393.9
2026-07-18 23:00:00+00:00,0.348,0.3482,0.3464,0.347,522970.3
2026-07-19 00:00:00+00:00,0.347,0.3472,0.3447,0.3452,626175.0
2026-07-19 01:00:00+00:00,0.3453,0.3453,0.3428,0.343,446939.9
2026-07-19 02:00:00+00:00,0.3431,0.3468,0.343,0.3446,471603.6
2026-07-19 03:00:00+00:00,0.3446,0.3452,0.3407,0.3428,987107.4
2026-07-19 04:00:00+00:00,0.3427,0.3438,0.3418,0.3435,579162.3
2026-07-19 05:00:00+00:00,0.3435,0.3466,0.3435,0.3456,1021496.0
2026-07-19 06:00:00+00:00,0.3456,0.3518,0.3449,0.3506,2420756.3
2026-07-19 07:00:00+00:00,0.3507,0.3516,0.3484,0.351,1101814.0
2026-07-19 08:00:00+00:00,0.351,0.3573,0.3498,0.3545,2830177.8
2026-07-19 09:00:00+00:00,0.3544,0.3563,0.3518,0.3527,2531954.8
2026-07-19 10:00:00+00:00,0.3529,0.3544,0.3511,0.3526,762372.0
2026-07-19 11:00:00+00:00,0.3525,0.3556,0.3516,0.3531,575963.5
2026-07-19 12:00:00+00:00,0.353,0.3531,0.3471,0.3508,1130384.1
2026-07-19 13:00:00+00:00,0.3508,0.3509,0.3486,0.3497,378429.4
2026-07-19 14:00:00+00:00,0.3497,0.3498,0.3467,0.3491,899839.0
2026-07-19 15:00:00+00:00,0.3493,0.35,0.3468,0.348,853881.0
2026-07-19 16:00:00+00:00,0.348,0.3484,0.3445,0.3451,736367.9
2026-07-19 17:00:00+00:00,0.3451,0.3472,0.3426,0.3455,437949.6
2026-07-19 18:00:00+00:00,0.3455,0.3461,0.3429,0.3459,406604.7
2026-07-19 19:00:00+00:00,0.346,0.3476,0.3453,0.3475,436827.9
2026-07-19 20:00:00+00:00,0.3476,0.3519,0.3476,0.3479,965682.5
2026-07-19 21:00:00+00:00,0.3481,0.3484,0.3443,0.3444,498923.6
2026-07-19 22:00:00+00:00,0.3444,0.3479,0.3444,0.3461,287240.9
2026-07-19 23:00:00+00:00,0.3461,0.3469,0.3443,0.3456,371451.9
2026-07-20 00:00:00+00:00,0.3456,0.3505,0.3443,0.3458,688920.8
2026-07-20 01:00:00+00:00,0.3459,0.3497,0.3438,0.3445,688330.1
2026-07-20 02:00:00+00:00,0.3446,0.348,0.3445,0.3474,281193.7
2026-07-20 03:00:00+00:00,0.3475,0.3484,0.3454,0.3461,555248.6
2026-07-20 04:00:00+00:00,0.346,0.3478,0.344,0.345,393109.2
2026-07-20 05:00:00+00:00,0.3451,0.3452,0.3405,0.3411,995899.1
2026-07-20 06:00:00+00:00,0.3412,0.3427,0.339,0.3407,680099.1
2026-07-20 07:00:00+00:00,0.3408,0.3434,0.3406,0.3429,555837.0
2026-07-20 08:00:00+00:00,0.3428,0.3438,0.34,0.341,879512.6
2026-07-20 09:00:00+00:00,0.341,0.3461,0.3404,0.3456,897821.7
2026-07-20 10:00:00+00:00,0.3455,0.3488,0.3437,0.3479,1193597.7
2026-07-20 11:00:00+00:00,0.348,0.356,0.348,0.354,1993546.7
2026-07-20 12:00:00+00:00,0.3538,0.3538,0.3468,0.3485,2166056.0
2026-07-20 13:00:00+00:00,0.3484,0.352,0.3454,0.3468,1125649.7
2026-07-20 14:00:00+00:00,0.3468,0.3476,0.344,0.3445,643604.7
2026-07-20 15:00:00+00:00,0.3446,0.3559,0.3444,0.3531,2521214.5
2026-07-20 16:00:00+00:00,0.3532,0.3593,0.3512,0.3593,2475774.9
2026-07-20 17:00:00+00:00,0.3592,0.3592,0.3547,0.356,1331004.9
2026-07-20 18:00:00+00:00,0.3561,0.3624,0.356,0.3563,2164891.6
2026-07-20 19:00:00+00:00,0.3563,0.3571,0.3549,0.3563,808829.7
2026-07-20 20:00:00+00:00,0.3563,0.3601,0.3552,0.3597,432532.0
2026-07-20 21:00:00+00:00,0.3596,0.3596,0.3539,0.3546,1145703.0
2026-07-20 22:00:00+00:00,0.3547,0.3556,0.3527,0.3534,584993.2
2026-07-20 23:00:00+00:00,0.3533,0.3583,0.353,0.3583,802860.7
2026-07-21 00:00:00+00:00,0.3581,0.3609,0.3574,0.3596,922324.8
2026-07-21 01:00:00+00:00,0.3596,0.3611,0.358,0.3598,842743.4
2026-07-21 02:00:00+00:00,0.3598,0.3624,0.3577,0.3599,1152251.6
2026-07-21 03:00:00+00:00,0.3599,0.365,0.3599,0.3636,988850.3
2026-07-21 04:00:00+00:00,0.3636,0.3639,0.3614,0.363,491044.0
2026-07-21 05:00:00+00:00,0.363,0.3646,0.363,0.3634,486642.6
2026-07-21 06:00:00+00:00,0.3634,0.381,0.3631,0.3797,4816062.2
2026-07-21 07:00:00+00:00,0.3796,0.3949,0.3781,0.3906,13339088.4
2026-07-21 08:00:00+00:00,0.3907,0.3996,0.3857,0.3902,7692480.1
2026-07-21 09:00:00+00:00,0.39,0.4048,0.3877,0.4,7026868.4
2026-07-21 10:00:00+00:00,0.4001,0.409,0.4001,0.4027,6014471.0
2026-07-21 11:00:00+00:00,0.4029,0.4056,0.3971,0.4011,4715820.4
2026-07-21 12:00:00+00:00,0.4012,0.405,0.3995,0.4013,2813452.9
2026-07-21 13:00:00+00:00,0.4014,0.4082,0.3988,0.4077,4041833.6
2026-07-21 14:00:00+00:00,0.4077,0.4118,0.4039,0.4087,4908948.9
2026-07-21 15:00:00+00:00,0.4087,0.4098,0.4052,0.4078,2963435.8
2026-07-21 16:00:00+00:00,0.4078,0.4081,0.3991,0.4004,2905169.3
2026-07-21 17:00:00+00:00,0.4005,0.4008,0.395,0.3967,2345099.0
2026-07-21 18:00:00+00:00,0.3968,0.4023,0.3949,0.4019,1661658.2
2026-07-21 19:00:00+00:00,0.4019,0.4042,0.4007,0.4013,1033736.6
2026-07-21 20:00:00+00:00,0.4014,0.4029,0.3989,0.4004,741379.2
2026-07-21 21:00:00+00:00,0.4003,0.4014,0.3976,0.3986,1337654.5
2026-07-21 22:00:00+00:00,0.3986,0.3986,0.391,0.3979,1621692.5
2026-07-21 23:00:00+00:00,0.3978,0.4017,0.3964,0.4017,793596.3
2026-07-22 00:00:00+00:00,0.4018,0.407,0.4002,0.4061,1289876.6
2026-07-22 01:00:00+00:00,0.4061,0.4067,0.3995,0.4004,1042141.3
2026-07-22 02:00:00+00:00,0.4004,0.4022,0.3995,0.4008,837771.6
2026-07-22 03:00:00+00:00,0.4007,0.4028,0.396,0.3967,670219.0
2026-07-22 04:00:00+00:00,0.3968,0.4042,0.3963,0.4007,1032307.8
2026-07-22 05:00:00+00:00,0.4006,0.4011,0.3981,0.3981,794202.5
2026-07-22 06:00:00+00:00,0.398,0.3999,0.395,0.3969,2666763.5
2026-07-22 07:00:00+00:00,0.3969,0.4034,0.3964,0.4,1283483.6
2026-07-22 08:00:00+00:00,0.3999,0.4054,0.3991,0.4028,1862956.2
2026-07-22 09:00:00+00:00,0.4028,0.408,0.4027,0.4046,1272321.8
2026-07-22 10:00:00+00:00,0.4048,0.4186,0.4038,0.4109,4123880.2
2026-07-22 11:00:00+00:00,0.4111,0.4198,0.4063,0.4104,3997561.6
2026-07-22 12:00:00+00:00,0.4104,0.4124,0.4044,0.411,2829219.0
2026-07-22 13:00:00+00:00,0.4109,0.4227,0.4096,0.4176,3739642.9
2026-07-22 14:00:00+00:00,0.4176,0.4194,0.4099,0.4128,2419145.5
2026-07-22 15:00:00+00:00,0.4128,0.4198,0.4117,0.4137,2398855.6
2026-07-22 16:00:00+00:00,0.4136,0.418,0.4115,0.4169,1675267.8
2026-07-22 17:00:00+00:00,0.4168,0.42,0.4083,0.4097,2360881.5
2026-07-22 18:00:00+00:00,0.4097,0.4114,0.4074,0.4109,737423.6
2026-07-22 19:00:00+00:00,0.4109,0.4133,0.4068,0.4108,2199359.4
2026-07-22 20:00:00+00:00,0.4107,0.4142,0.4104,0.4136,930143.5
2026-07-22 21:00:00+00:00,0.4135,0.4185,0.4134,0.4165,2059238.0
2026-07-22 22:00:00+00:00,0.4165,0.421,0.4147,0.4155,2397932.9
2026-07-22 23:00:00+00:00,0.4156,0.4164,0.412,0.413,2101273.3
2026-07-23 00:00:00+00:00,0.413,0.4162,0.412,0.4126,603834.3
2026-07-23 01:00:00+00:00,0.4125,0.4159,0.4102,0.4134,1157711.2
2026-07-23 02:00:00+00:00,0.4133,0.4133,0.3993,0.4071,3879696.5
2026-07-23 03:00:00+00:00,0.4071,0.4108,0.4047,0.4099,1709618.3
2026-07-23 04:00:00+00:00,0.4099,0.4114,0.4072,0.408,1016048.7
2026-07-23 05:00:00+00:00,0.408,0.4146,0.4071,0.4074,1531849.8
2026-07-23 06:00:00+00:00,0.4075,0.4094,0.4048,0.4059,872016.9
2026-07-23 07:00:00+00:00,0.4058,0.4058,0.4021,0.405,642309.9
2026-07-23 08:00:00+00:00,0.405,0.4074,0.4046,0.4058,537929.3
2026-07-23 09:00:00+00:00,0.4057,0.4066,0.4027,0.4038,757274.9
2026-07-23 10:00:00+00:00,0.4038,0.4074,0.4033,0.4035,935357.5
2026-07-23 11:00:00+00:00,0.4035,0.405,0.4028,0.4038,551143.0
2026-07-23 12:00:00+00:00,0.4039,0.4048,0.4006,0.4032,1309868.6
2026-07-23 13:00:00+00:00,0.4034,0.4092,0.3988,0.4055,2540543.4
2026-07-23 14:00:00+00:00,0.4055,0.407,0.401,0.4021,1028210.1
2026-07-23 15:00:00+00:00,0.4021,0.4042,0.3989,0.4008,2601975.3
2026-07-23 16:00:00+00:00,0.4009,0.4055,0.3994,0.4052,951028.8
2026-07-23 17:00:00+00:00,0.4052,0.4061,0.3975,0.3979,1319136.5
2026-07-23 18:00:00+00:00,0.3979,0.3989,0.3952,0.3984,1091006.5
2026-07-23 19:00:00+00:00,0.3985,0.4015,0.3977,0.401,631998.7
2026-07-23 20:00:00+00:00,0.4009,0.4045,0.4006,0.4044,1128965.6
2026-07-23 21:00:00+00:00,0.4044,0.4053,0.4012,0.4019,529181.7
2026-07-23 22:00:00+00:00,0.4018,0.4046,0.4008,0.4024,937180.3
2026-07-23 23:00:00+00:00,0.4024,0.4034,0.4002,0.4014,432685.8
2026-07-24 00:00:00+00:00,0.4015,0.4015,0.3934,0.3981,1959423.3
2026-07-24 01:00:00+00:00,0.3982,0.4043,0.3979,0.401,1354147.6
2026-07-24 02:00:00+00:00,0.4011,0.403,0.3973,0.3983,1293756.1
2026-07-24 03:00:00+00:00,0.3983,0.4053,0.3981,0.4046,861808.3
2026-07-24 04:00:00+00:00,0.4047,0.4071,0.4031,0.4046,847982.0
2026-07-24 05:00:00+00:00,0.4047,0.4065,0.4007,0.4031,636632.6
2026-07-24 06:00:00+00:00,0.4032,0.4048,0.401,0.4017,512861.1
2026-07-24 07:00:00+00:00,0.4017,0.4074,0.4,0.4008,1034230.7
2026-07-24 08:00:00+00:00,0.4009,0.401,0.3965,0.3967,897776.3
2026-07-24 09:00:00+00:00,0.3967,0.3973,0.3918,0.3966,874953.6
2026-07-24 10:00:00+00:00,0.3965,0.3967,0.3909,0.3933,717775.1
2026-07-24 11:00:00+00:00,0.3932,0.394,0.3911,0.3935,631537.5
2026-07-24 12:00:00+00:00,0.3935,0.3959,0.3909,0.3916,752336.4
2026-07-24 13:00:00+00:00,0.3915,0.3917,0.3807,0.39,5039810.7
2026-07-24 14:00:00+00:00,0.39,0.3934,0.3867,0.3914,2045986.1
2026-07-24 15:00:00+00:00,0.3914,0.3953,0.3894,0.3939,1334557.7
2026-07-24 16:00:00+00:00,0.3937,0.3952,0.3903,0.3926,618967.7
2026-07-24 17:00:00+00:00,0.3925,0.3946,0.3911,0.3922,700404.8
2026-07-24 18:00:00+00:00,0.3922,0.3935,0.3899,0.3908,612467.5
2026-07-24 19:00:00+00:00,0.3909,0.3909,0.3879,0.3896,381813.3
2026-07-24 20:00:00+00:00,0.3896,0.3902,0.388,0.3882,257537.8
2026-07-24 21:00:00+00:00,0.3883,0.3908,0.3831,0.3837,1591221.3
2026-07-24 22:00:00+00:00,0.3838,0.3845,0.3785,0.3828,3917815.3
2026-07-24 23:00:00+00:00,0.3829,0.3839,0.3817,0.3837,316360.1
2026-07-25 00:00:00+00:00,0.3836,0.3846,0.3808,0.3832,852907.0
2026-07-25 01:00:00+00:00,0.3833,0.3839,0.3788,0.3792,619534.6
2026-07-25 02:00:00+00:00,0.3793,0.3796,0.3752,0.3771,1911822.7
2026-07-25 03:00:00+00:00,0.3772,0.3779,0.3745,0.3752,737909.2
2026-07-25 04:00:00+00:00,0.3752,0.3773,0.375,0.3756,480244.7
2026-07-25 05:00:00+00:00,0.3757,0.3765,0.3736,0.3753,353112.2
2026-07-25 06:00:00+00:00,0.3753,0.3772,0.3736,0.3772,798595.4
2026-07-25 07:00:00+00:00,0.3771,0.3796,0.3766,0.377,807516.2
2026-07-25 08:00:00+00:00,0.3772,0.3772,0.3719,0.3743,2035923.9
2026-07-25 09:00:00+00:00,0.3744,0.3788,0.3744,0.3775,721933.7
2026-07-25 10:00:00+00:00,0.3775,0.3828,0.3775,0.3819,1476934.6
2026-07-25 11:00:00+00:00,0.382,0.384,0.3797,0.3802,646176.9
2026-07-25 12:00:00+00:00,0.3802,0.3807,0.3786,0.3795,499482.2
2026-07-25 13:00:00+00:00,0.3796,0.3838,0.3792,0.3811,939001.2
2026-07-25 14:00:00+00:00,0.3812,0.3846,0.38,0.3822,657593.0
2026-07-25 15:00:00+00:00,0.3822,0.3835,0.3811,0.3813,541107.1
2026-07-25 16:00:00+00:00,0.3813,0.3832,0.3807,0.3829,576917.3
2026-07-25 17:00:00+00:00,0.3829,0.386,0.3824,0.385,774546.0
2026-07-25 18:00:00+00:00,0.3851,0.3861,0.3828,0.3848,683537.0
2026-07-25 19:00:00+00:00,0.3848,0.3858,0.3823,0.383,573326.3
2026-07-25 20:00:00+00:00,0.383,0.3835,0.3809,0.3811,177516.5
2026-07-25 21:00:00+00:00,0.3811,0.3815,0.3795,0.3807,571055.1
2026-07-25 22:00:00+00:00,0.3805,0.3821,0.3802,0.3811,439198.9
2026-07-25 23:00:00+00:00,0.3811,0.3812,0.3778,0.3783,503524.2
2026-07-26 00:00:00+00:00,0.3782,0.3834,0.3767,0.3831,1776190.5
2026-07-26 01:00:00+00:00,0.3831,0.3853,0.3823,0.3838,681259.5
2026-07-26 02:00:00+00:00,0.3838,0.3854,0.3802,0.3845,624992.1
2026-07-26 03:00:00+00:00,0.3846,0.3853,0.3825,0.385,599064.6
2026-07-26 04:00:00+00:00,0.3851,0.3905,0.3834,0.3902,1274541.1
2026-07-26 05:00:00+00:00,0.3904,0.3913,0.3863,0.3863,1049113.0
2026-07-26 06:00:00+00:00,0.3864,0.3889,0.384,0.3885,670116.1
2026-07-26 07:00:00+00:00,0.3887,0.3902,0.3867,0.3875,637697.7
2026-07-26 08:00:00+00:00,0.3873,0.3886,0.3842,0.3842,688203.3
2026-07-26 09:00:00+00:00,0.3844,0.3876,0.384,0.3859,851245.8
2026-07-26 10:00:00+00:00,0.3859,0.3892,0.3852,0.3877,994912.5
2026-07-26 11:00:00+00:00,0.3876,0.3893,0.3843,0.3845,577833.7
2026-07-26 12:00:00+00:00,0.3846,0.3885,0.3842,0.3852,1338632.8
2026-07-26 13:00:00+00:00,0.3851,0.3861,0.3822,0.3846,1116989.6
2026-07-26 14:00:00+00:00,0.3847,0.3881,0.3846,0.3856,754605.9
2026-07-26 15:00:00+00:00,0.3856,0.3966,0.3849,0.3959,1910782.6
2026-07-26 16:00:00+00:00,0.396,0.4082,0.396,0.4062,3950776.6
2026-07-26 17:00:00+00:00,0.4062,0.4093,0.4006,0.4041,1964727.5
2026-07-26 18:00:00+00:00,0.4039,0.4059,0.3962,0.3979,2645875.9
2026-07-26 19:00:00+00:00,0.3978,0.4008,0.3971,0.4003,667289.4
2026-07-26 20:00:00+00:00,0.4002,0.4019,0.3966,0.3969,513764.8
2026-07-26 21:00:00+00:00,0.3969,0.4002,0.3962,0.3977,589260.7
2026-07-26 22:00:00+00:00,0.3977,0.4066,0.3977,0.4054,1638011.4
2026-07-26 23:00:00+00:00,0.4055,0.4071,0.4038,0.4051,1378538.6
2026-07-27 00:00:00+00:00,0.405,0.4054,0.4008,0.4021,1051959.8
2026-07-27 01:00:00+00:00,0.4022,0.4136,0.401,0.4116,2589302.6
2026-07-27 02:00:00+00:00,0.4117,0.4139,0.4078,0.4092,2432234.9
2026-07-27 03:00:00+00:00,0.4092,0.411,0.4047,0.4057,767493.1
2026-07-27 04:00:00+00:00,0.4058,0.4067,0.4039,0.4063,945611.6
2026-07-27 05:00:00+00:00,0.4063,0.4097,0.4061,0.409,600768.6
2026-07-27 06:00:00+00:00,0.4091,0.4149,0.4083,0.4116,1178632.7
2026-07-27 07:00:00+00:00,0.4114,0.4178,0.4103,0.4148,2295854.5
2026-07-27 08:00:00+00:00,0.4148,0.4164,0.4109,0.4136,1552429.5
2026-07-27 09:00:00+00:00,0.4135,0.4148,0.4087,0.4114,1301170.1
2026-07-27 10:00:00+00:00,0.4114,0.4187,0.4107,0.4169,1317370.1
2026-07-27 11:00:00+00:00,0.4169,0.4172,0.4057,0.4059,1883585.0
2026-07-27 12:00:00+00:00,0.4058,0.4141,0.4057,0.4127,1998008.3
2026-07-27 13:00:00+00:00,0.4128,0.4183,0.4078,0.4134,2272060.1
2026-07-27 14:00:00+00:00,0.4136,0.4177,0.3989,0.4032,4141504.0
2026-07-27 15:00:00+00:00,0.4031,0.4063,0.4005,0.4031,1549737.9
2026-07-27 16:00:00+00:00,0.4031,0.4123,0.4011,0.4094,2465419.1
2026-07-27 17:00:00+00:00,0.4093,0.4129,0.4059,0.4068,833513.4
2026-07-27 18:00:00+00:00,0.4069,0.4083,0.3983,0.4011,1784360.3
2026-07-27 19:00:00+00:00,0.4012,0.4053,0.3991,0.4045,548800.5
2026-07-27 20:00:00+00:00,0.4046,0.4056,0.4018,0.4036,587029.6
2026-07-27 21:00:00+00:00,0.4035,0.4039,0.3971,0.3996,772126.7
2026-07-27 22:00:00+00:00,0.3996,0.4014,0.3915,0.3927,2024511.5
2026-07-27 23:00:00+00:00,0.3928,0.3988,0.3909,0.3942,1968056.6
2026-07-28 00:00:00+00:00,0.3943,0.3961,0.3893,0.3896,1437568.5
2026-07-28 01:00:00+00:00,0.3897,0.3954,0.387,0.3915,1704014.4
2026-07-28 02:00:00+00:00,0.3915,0.3936,0.3886,0.3894,810177.6
2026-07-28 03:00:00+00:00,0.3895,0.3934,0.3873,0.3921,749845.6
2026-07-28 04:00:00+00:00,0.3922,0.393,0.3882,0.3898,384394.0
2026-07-28 05:00:00+00:00,0.3898,0.3928,0.3892,0.3896,601087.6
2026-07-28 06:00:00+00:00,0.3897,0.3963,0.3885,0.3938,812344.5
2026-07-28 07:00:00+00:00,0.3939,0.397,0.3891,0.3902,731958.5
2026-07-28 08:00:00+00:00,0.3904,0.3907,0.3879,0.3904,782818.1
2026-07-28 09:00:00+00:00,0.3903,0.3914,0.3878,0.389,586104.4
2026-07-28 10:00:00+00:00,0.389,0.3897,0.3843,0.3866,1593087.3
2026-07-28 11:00:00+00:00,0.3867,0.39,0.3859,0.3895,873446.8
2026-07-28 12:00:00+00:00,0.3894,0.3996,0.3883,0.3981,1503941.0
2026-07-28 13:00:00+00:00,0.3981,0.4003,0.3904,0.3937,2107035.4
2026-07-28 14:00:00+00:00,0.3936,0.406,0.393,0.4038,1802145.6
2026-07-28 15:00:00+00:00,0.404,0.413,0.4028,0.41,5069981.6
2026-07-28 16:00:00+00:00,0.41,0.4142,0.4081,0.4088,1947670.7
2026-07-28 17:00:00+00:00,0.409,0.409,0.4007,0.4033,1549241.6
2026-07-28 18:00:00+00:00,0.4033,0.4043,0.4004,0.4013,702506.8
2026-07-28 19:00:00+00:00,0.4013,0.407,0.401,0.4061,765304.6
2026-07-28 20:00:00+00:00,0.4062,0.4076,0.4025,0.4036,916745.0
2026-07-28 21:00:00+00:00,0.4037,0.4124,0.4037,0.4082,2571041.9
2026-07-28 22:00:00+00:00,0.4085,0.41,0.4039,0.4049,795382.9
2026-07-28 23:00:00+00:00,0.4048,0.4076,0.4039,0.4062,584153.5
2026-07-29 00:00:00+00:00,0.4063,0.4086,0.4022,0.4031,801829.2
2026-07-29 01:00:00+00:00,0.403,0.4039,0.3969,0.3973,826215.9
2026-07-29 02:00:00+00:00,0.3974,0.4038,0.3968,0.402,742195.2
2026-07-29 03:00:00+00:00,0.4019,0.4022,0.3927,0.3942,960922.0
2026-07-29 04:00:00+00:00,0.3943,0.3987,0.3922,0.3978,834991.8
2026-07-29 05:00:00+00:00,0.3979,0.4055,0.3977,0.4027,1168556.2
2026-07-29 06:00:00+00:00,0.4028,0.4073,0.401,0.4047,1011386.4
2026-07-29 07:00:00+00:00,0.4049,0.4059,0.4014,0.4048,748781.6
2026-07-29 08:00:00+00:00,0.4049,0.4051,0.401,0.4046,542755.1
2026-07-29 09:00:00+00:00,0.4047,0.4095,0.4037,0.4074,1181884.0
2026-07-29 10:00:00+00:00,0.4075,0.4095,0.4014,0.4023,1193247.1
2026-07-29 11:00:00+00:00,0.4023,0.4052,0.4012,0.404,806862.2
2026-07-29 12:00:00+00:00,0.4039,0.4039,0.3976,0.3998,1355237.3
2026-07-29 13:00:00+00:00,0.3997,0.4014,0.3971,0.4012,1221152.7
2026-07-29 14:00:00+00:00,0.4014,0.4024,0.3944,0.3953,1329297.1
2026-07-29 15:00:00+00:00,0.3952,0.397,0.3919,0.3936,1409853.2
2026-07-29 16:00:00+00:00,0.3937,0.3949,0.3911,0.3937,733532.4
2026-07-29 17:00:00+00:00,0.3939,0.4007,0.3934,0.4005,1270955.3
2026-07-29 18:00:00+00:00,0.4004,0.4102,0.3983,0.4093,2840258.0
2026-07-29 19:00:00+00:00,0.4094,0.412,0.398,0.3983,2092686.4
2026-07-29 20:00:00+00:00,0.3983,0.3997,0.3924,0.3946,1141734.3
2026-07-29 21:00:00+00:00,0.3945,0.404,0.3931,0.404,1263840.9
2026-07-29 22:00:00+00:00,0.404,0.4082,0.4028,0.4051,1274333.0
2026-07-29 23:00:00+00:00,0.4051,0.4065,0.4018,0.4038,743591.1
2026-07-30 00:00:00+00:00,0.4039,0.4068,0.4005,0.4018,641453.7
2026-07-30 01:00:00+00:00,0.4018,0.411,0.4012,0.4085,707563.7
2026-07-30 02:00:00+00:00,0.4086,0.4115,0.4056,0.4057,1421026.6
2026-07-30 03:00:00+00:00,0.4058,0.4074,0.4024,0.4027,563694.8
2026-07-30 04:00:00+00:00,0.4029,0.4061,0.4001,0.4009,590519.3
2026-07-30 05:00:00+00:00,0.4009,0.4084,0.3996,0.4065,838323.3
2026-07-30 06:00:00+00:00,0.4064,0.4092,0.4041,0.405,901393.1
2026-07-30 07:00:00+00:00,0.4049,0.4107,0.4049,0.4094,1296954.4
2026-07-30 08:00:00+00:00,0.4094,0.4155,0.4086,0.4148,1811377.4
2026-07-30 09:00:00+00:00,0.4147,0.4211,0.4133,0.4209,3381404.8
2026-07-30 10:00:00+00:00,0.4209,0.4241,0.4148,0.4157,2826994.0
2026-07-30 11:00:00+00:00,0.4158,0.4218,0.4137,0.4218,1496955.9
2026-07-30 12:00:00+00:00,0.4217,0.4279,0.4211,0.4231,4105817.9
2026-07-30 13:00:00+00:00,0.423,0.4258,0.4184,0.4232,2439396.5
2026-07-30 14:00:00+00:00,0.4232,0.4244,0.4165,0.4178,2014835.8
2026-07-30 15:00:00+00:00,0.4179,0.4214,0.4166,0.4186,1162502.2
2026-07-30 16:00:00+00:00,0.4186,0.4278,0.4121,0.4168,4593325.8
2026-07-30 17:00:00+00:00,0.4169,0.4205,0.4146,0.4197,1225969.5
2026-07-30 18:00:00+00:00,0.4197,0.4217,0.4167,0.4184,917825.6
2026-07-30 19:00:00+00:00,0.4183,0.425,0.4176,0.4209,1114089.1
2026-07-30 20:00:00+00:00,0.4209,0.4236,0.4179,0.4183,906265.7
2026-07-30 21:00:00+00:00,0.4184,0.4208,0.4159,0.4171,563049.4
2026-07-30 22:00:00+00:00,0.417,0.4203,0.416,0.4168,674777.3
2026-07-30 23:00:00+00:00,0.4169,0.419,0.4155,0.416,959526.5
2026-07-31 00:00:00+00:00,0.416,0.4164,0.4131,0.4138,1098813.0
2026-07-31 01:00:00+00:00,0.4138,0.4193,0.41,0.4118,1684999.4
2026-07-31 02:00:00+00:00,0.4117,0.4125,0.4057,0.4075,1916053.7
2026-07-31 03:00:00+00:00,0.4076,0.4097,0.4061,0.408,745305.1
2026-07-31 04:00:00+00:00,0.408,0.4081,0.4044,0.4071,876316.2
2026-07-31 05:00:00+00:00,0.407,0.4086,0.4048,0.406,553727.4
2026-07-31 06:00:00+00:00,0.4059,0.4059,0.4025,0.4033,1718257.2
2026-07-31 07:00:00+00:00,0.4032,0.4057,0.4012,0.4044,1286503.0
2026-07-31 08:00:00+00:00,0.4043,0.4062,0.404,0.4056,710377.6
2026-07-31 09:00:00+00:00,0.4057,0.4057,0.3994,0.4036,1209160.8
2026-07-31 10:00:00+00:00,0.4037,0.4079,0.4029,0.405,871608.3
2026-07-31 11:00:00+00:00,0.4051,0.4063,0.402,0.4023,985633.1
2026-07-31 12:00:00+00:00,0.4024,0.4054,0.3992,0.4054,1724034.2
2026-07-31 13:00:00+00:00,0.4054,0.4057,0.4,0.4005,1035607.5
2026-07-31 14:00:00+00:00,0.4004,0.4047,0.3962,0.4021,2446464.9
2026-07-31 15:00:00+00:00,0.4021,0.4021,0.3979,0.3982,1562632.5
2026-07-31 16:00:00+00:00,0.3982,0.401,0.3946,0.3966,1831678.0
2026-07-31 17:00:00+00:00,0.3965,0.4002,0.3965,0.3993,835677.4
2026-07-31 18:00:00+00:00,0.3992,0.3997,0.3975,0.3993,561812.7
2026-07-31 19:00:00+00:00,0.3993,0.3996,0.3962,0.3967,466832.7
2026-07-31 20:00:00+00:00,0.3967,0.3971,0.3928,0.3935,1655279.1
2026-07-31 21:00:00+00:00,0.3936,0.395,0.3891,0.3894,1102660.8
2026-07-31 22:00:00+00:00,0.3895,0.392,0.3892,0.3901,499915.0
2026-07-31 23:00:00+00:00,0.3901,0.3913,0.3894,0.3902,672622.7
2026-08-01 00:00:00+00:00,0.3903,0.3931,0.3893,0.3901,1157974.3
2026-08-01 01:00:00+00:00,0.3901,0.3937,0.39,0.3928,950517.9
2026-08-01 02:00:00+00:00,0.3929,0.3937,0.3917,0.3918,694244.9
2026-08-01 03:00:00+00:00,0.3917,0.3934,0.3916,0.3921,639126.9
2026-08-01 04:00:00+00:00,0.3922,0.3934,0.3901,0.3916,437620.0
2026-08-01 05:00:00+00:00,0.3916,0.3922,0.3867,0.3879,1313293.6
2026-08-01 06:00:00+00:00,0.3879,0.3885,0.3863,0.3869,1181623.7
2026-08-01 07:00:00+00:00,0.3869,0.3877,0.3848,0.3864,1256425.6
2026-08-01 08:00:00+00:00,0.3865,0.3869,0.3852,0.3854,842993.2
2026-08-01 09:00:00+00:00,0.3854,0.3858,0.3836,0.384,1355742.6
2026-08-01 10:00:00+00:00,0.384,0.3877,0.3824,0.3869,937133.6
2026-08-01 11:00:00+00:00,0.3869,0.3876,0.3834,0.3855,801201.3
2026-08-01 12:00:00+00:00,0.3856,0.3901,0.3855,0.3893,761135.4
2026-08-01 13:00:00+00:00,0.3893,0.3906,0.3883,0.39,541871.7
2026-08-01 14:00:00+00:00,0.39,0.3915,0.3887,0.3894,917766.2
2026-08-01 15:00:00+00:00,0.3895,0.3909,0.3877,0.3877,690800.5
2026-08-01 16:00:00+00:00,0.3878,0.3884,0.385,0.3871,853452.2
2026-08-01 17:00:00+00:00,0.387,0.3873,0.3849,0.386,390156.5
2026-08-01 18:00:00+00:00,0.3859,0.3859,0.3788,0.3815,1872290.1
2026-08-01 19:00:00+00:00,0.3815,0.3825,0.3785,0.3785,800285.1
2026-08-01 20:00:00+00:00,0.3785,0.3803,0.3764,0.3802,853734.8
2026-08-01 21:00:00+00:00,0.3803,0.384,0.3803,0.3822,1253178.2
2026-08-01 22:00:00+00:00,0.3822,0.383,0.381,0.3814,449777.1
2026-08-01 23:00:00+00:00,0.3815,0.382,0.3798,0.38,384354.1
2026-08-02 00:00:00+00:00,0.3801,0.3818,0.3792,0.3804,713863.8
2026-08-02 01:00:00+00:00,0.3805,0.3851,0.3799,0.3842,875541.5
2026-08-02 02:00:00+00:00,0.3842,0.3925,0.3837,0.392,1419063.7
2026-08-02 03:00:00+00:00,0.392,0.396,0.3899,0.3943,1470670.9
2026-08-02 04:00:00+00:00,0.3943,0.3957,0.3921,0.3947,813663.3
2026-08-02 05:00:00+00:00,0.3947,0.3966,0.3896,0.3904,1512613.6
2026-08-02 06:00:00+00:00,0.3905,0.3947,0.3885,0.3935,1561442.9
2026-08-02 07:00:00+00:00,0.3935,0.3942,0.3917,0.392,446362.8
2026-08-02 08:00:00+00:00,0.392,0.3921,0.3884,0.3893,462224.4
2026-08-02 09:00:00+00:00,0.3894,0.3922,0.3885,0.3897,931683.4
2026-08-02 10:00:00+00:00,0.3896,0.3898,0.3862,0.3864,1295599.2
2026-08-02 11:00:00+00:00,0.3864,0.3865,0.384,0.3848,678850.7
2026-08-02 12:00:00+00:00,0.3848,0.3869,0.3842,0.3853,526601.4
2026-08-02 13:00:00+00:00,0.3852,0.3858,0.3837,0.3854,361520.5
2026-08-02 14:00:00+00:00,0.3854,0.3871,0.3844,0.3847,1003649.1
2026-08-02 15:00:00+00:00,0.3847,0.3864,0.3844,0.3851,277366.6
2026-08-02 16:00:00+00:00,0.385,0.3864,0.3836,0.3852,230754.7
2026-08-02 17:00:00+00:00,0.3852,0.3882,0.385,0.3861,520833.2
2026-08-02 18:00:00+00:00,0.386,0.3894,0.386,0.3865,264477.9
2026-08-02 19:00:00+00:00,0.3865,0.3896,0.3864,0.3893,482500.7
2026-08-02 20:00:00+00:00,0.3894,0.3895,0.3871,0.3875,312435.6
2026-08-02 21:00:00+00:00,0.3876,0.3913,0.3872,0.389,448841.4
2026-08-02 22:00:00+00:00,0.3891,0.391,0.3786,0.3808,5160959.7
2026-08-02 23:00:00+00:00,0.3807,0.381,0.3771,0.3797,855563.2
2026-08-03 00:00:00+00:00,0.3795,0.3798,0.3722,0.3759,1802736.4
2026-08-03 01:00:00+00:00,0.3758,0.376,0.3729,0.3733,710606.5
2026-08-03 02:00:00+00:00,0.3731,0.3734,0.37,0.3704,2010864.1
2026-08-03 03:00:00+00:00,0.3702,0.3736,0.3685,0.3718,2832581.0
2026-08-03 04:00:00+00:00,0.3718,0.3738,0.3709,0.3711,681944.1
2026-08-03 05:00:00+00:00,0.3711,0.3718,0.3691,0.3702,495920.1
2026-08-03 06:00:00+00:00,0.3701,0.371,0.3664,0.3667,1777708.4
2026-08-03 07:00:00+00:00,0.3667,0.3738,0.3662,0.3705,1636131.8
2026-08-03 08:00:00+00:00,0.3705,0.3712,0.3681,0.3696,636363.1
2026-08-03 09:00:00+00:00,0.3695,0.3725,0.3695,0.3722,586378.7
2026-08-03 10:00:00+00:00,0.3722,0.373,0.3703,0.371,598140.2
2026-08-03 11:00:00+00:00,0.3709,0.3725,0.3696,0.372,525336.4
2026-08-03 12:00:00+00:00,0.3721,0.3746,0.3712,0.3746,755363.1
2026-08-03 13:00:00+00:00,0.3745,0.3775,0.3718,0.3774,1472525.6
2026-08-03 14:00:00+00:00,0.3773,0.3796,0.3755,0.3781,1442064.2
2026-08-03 15:00:00+00:00,0.3781,0.3783,0.3753,0.3758,1063634.2
2026-08-03 16:00:00+00:00,0.3758,0.3796,0.3751,0.3758,1458827.9
2026-08-03 17:00:00+00:00,0.3759,0.3778,0.3744,0.3762,973813.6
2026-08-03 18:00:00+00:00,0.3762,0.3771,0.3729,0.3739,505783.4
2026-08-03 19:00:00+00:00,0.374,0.377,0.3738,0.3749,598987.3
2026-08-03 20:00:00+00:00,0.375,0.3756,0.3731,0.3749,429560.3
2026-08-03 21:00:00+00:00,0.3749,0.3764,0.3741,0.3743,304007.3
2026-08-03 22:00:00+00:00,0.3742,0.3746,0.3714,0.372,822712.0
2026-08-03 23:00:00+00:00,0.372,0.372,0.3701,0.3719,332572.6
2026-08-04 00:00:00+00:00,0.3719,0.3733,0.3688,0.3697,1105724.3
2026-08-04 01:00:00+00:00,0.3698,0.3741,0.3691,0.3739,1076048.6
2026-08-04 02:00:00+00:00,0.374,0.3757,0.3729,0.374,620997.3
2026-08-04 03:00:00+00:00,0.3739,0.375,0.3718,0.3721,714777.7
2026-08-04 04:00:00+00:00,0.3722,0.3736,0.3712,0.3732,708931.8
2026-08-04 05:00:00+00:00,0.3733,0.3736,0.3707,0.3721,682419.1
2026-08-04 06:00:00+00:00,0.372,0.372,0.3672,0.3677,835585.6
2026-08-04 07:00:00+00:00,0.3677,0.3702,0.3643,0.3697,2027045.9
2026-08-04 08:00:00+00:00,0.3697,0.37,0.3676,0.3688,541809.6
2026-08-04 09:00:00+00:00,0.3688,0.3695,0.3673,0.3688,463732.4
2026-08-04 10:00:00+00:00,0.3688,0.3747,0.3674,0.3717,2185361.5
2026-08-04 11:00:00+00:00,0.3717,0.3748,0.3703,0.3737,1342354.4
2026-08-04 12:00:00+00:00,0.3736,0.3741,0.3708,0.3714,620558.1
2026-08-04 13:00:00+00:00,0.3714,0.372,0.3685,0.3688,1085293.3
2026-08-04 14:00:00+00:00,0.3688,0.3735,0.3669,0.3727,1155746.5
2026-08-04 15:00:00+00:00,0.3728,0.3728,0.3659,0.3684,892479.4
2026-08-04 16:00:00+00:00,0.3684,0.3685,0.3654,0.3667,1261489.1
2026-08-04 17:00:00+00:00,0.3668,0.3725,0.3668,0.3684,1328440.1
2026-08-04 18:00:00+00:00,0.3683,0.3747,0.3682,0.3734,1495204.3
2026-08-04 19:00:00+00:00,0.3735,0.3762,0.3732,0.3745,1119689.9
2026-08-04 20:00:00+00:00,0.3744,0.3787,0.3717,0.3774,1378594.5
2026-08-04 21:00:00+00:00,0.3773,0.3775,0.3729,0.3741,433073.3
2026-08-04 22:00:00+00:00,0.3741,0.3777,0.3732,0.3757,975043.2
2026-08-04 23:00:00+00:00,0.3757,0.3772,0.3736,0.3739,655253.4
2026-08-05 00:00:00+00:00,0.374,0.3748,0.3701,0.371,587687.7
2026-08-05 01:00:00+00:00,0.3711,0.3778,0.3703,0.3764,884532.6
2026-08-05 02:00:00+00:00,0.3765,0.3812,0.3765,0.3784,1659298.8
2026-08-05 03:00:00+00:00,0.3784,0.3807,0.3761,0.3764,971590.2
2026-08-05 04:00:00+00:00,0.3763,0.3785,0.376,0.3768,534045.8
2026-08-05 05:00:00+00:00,0.3768,0.3854,0.3766,0.3849,1129635.8
2026-08-05 06:00:00+00:00,0.3848,0.3871,0.3827,0.3832,1708763.2
2026-08-05 07:00:00+00:00,0.3833,0.3833,0.3797,0.3817,777975.0
2026-08-05 08:00:00+00:00,0.3818,0.3838,0.3794,0.3799,766442.1
2026-08-05 09:00:00+00:00,0.3798,0.382,0.3789,0.3803,400816.1
2026-08-05 10:00:00+00:00,0.3804,0.3836,0.38,0.3817,453973.2
2026-08-05 11:00:00+00:00,0.3816,0.3858,0.3813,0.384,1260349.4
2026-08-05 12:00:00+00:00,0.3841,0.3896,0.382,0.382,1860125.4
2026-08-05 13:00:00+00:00,0.382,0.3821,0.3761,0.381,1478286.7
2026-08-05 14:00:00+00:00,0.381,0.3841,0.3798,0.3829,1346249.6
2026-08-05 15:00:00+00:00,0.3827,0.3859,0.3779,0.3781,974271.6
2026-08-05 16:00:00+00:00,0.3781,0.3839,0.3781,0.3833,575406.1
2026-08-05 17:00:00+00:00,0.3834,0.3836,0.3801,0.3811,628683.9
2026-08-05 18:00:00+00:00,0.381,0.3813,0.377,0.3779,781045.8
2026-08-05 19:00:00+00:00,0.3779,0.3795,0.3761,0.3763,531513.9
2026-08-05 20:00:00+00:00,0.3763,0.3773,0.3748,0.3753,891956.4
2026-08-05 21:00:00+00:00,0.3753,0.376,0.3728,0.3743,506940.1
2026-08-05 22:00:00+00:00,0.3742,0.3765,0.3735,0.3735,694763.1
2026-08-05 23:00:00+00:00,0.3736,0.3747,0.3727,0.3739,357776.0
2026-08-06 00:00:00+00:00,0.374,0.3754,0.3732,0.3744,402991.5
2026-08-06 01:00:00+00:00,0.3744,0.3751,0.3704,0.3713,1059520.5
2026-08-06 02:00:00+00:00,0.3712,0.372,0.3696,0.3706,914458.3
2026-08-06 03:00:00+00:00,0.3705,0.3719,0.3702,0.3717,217667.2
2026-08-06 04:00:00+00:00,0.3717,0.376,0.3714,0.3747,656190.2
2026-08-06 05:00:00+00:00,0.3747,0.3774,0.3737,0.3741,435145.6
2026-08-06 06:00:00+00:00,0.374,0.3757,0.3725,0.3742,431988.7
2026-08-06 07:00:00+00:00,0.3742,0.3763,0.3737,0.3737,750797.7
2026-08-06 08:00:00+00:00,0.3737,0.3759,0.373,0.3737,955870.6
2026-08-06 09:00:00+00:00,0.3736,0.3736,0.3687,0.37,2412963.0
2026-08-06 10:00:00+00:00,0.37,0.3713,0.3675,0.3704,1184580.6
2026-08-06 11:00:00+00:00,0.3705,0.3727,0.3689,0.3716,789887.3
2026-08-06 12:00:00+00:00,0.3716,0.3716,0.3654,0.3675,1466187.4
2026-08-06 13:00:00+00:00,0.3674,0.3698,0.3661,0.3693,956323.6
2026-08-06 14:00:00+00:00,0.3692,0.3709,0.368,0.3709,591553.7
2026-08-06 15:00:00+00:00,0.3709,0.3725,0.3693,0.3693,570997.5
2026-08-06 16:00:00+00:00,0.3693,0.3711,0.3685,0.3709,329123.1
2026-08-06 17:00:00+00:00,0.3709,0.3718,0.3697,0.3715,205836.1
2026-08-06 18:00:00+00:00,0.3716,0.3716,0.367,0.3678,246957.8
2026-08-06 19:00:00+00:00,0.3678,0.3696,0.3663,0.3667,375456.1
2026-08-06 20:00:00+00:00,0.3669,0.3682,0.36,0.3608,1456119.4
2026-08-06 21:00:00+00:00,0.3608,0.3637,0.3602,0.3621,837319.4
2026-08-06 22:00:00+00:00,0.3622,0.3626,0.3575,0.3605,1035358.2
2026-08-06 23:00:00+00:00,0.3603,0.3606,0.3576,0.3589,588222.7
2026-08-07 00:00:00+00:00,0.3589,0.3594,0.354,0.3556,2314846.2
2026-08-07 01:00:00+00:00,0.3556,0.3594,0.3552,0.3564,810617.5
2026-08-07 02:00:00+00:00,0.3565,0.3572,0.3528,0.3533,1480034.7
2026-08-07 03:00:00+00:00,0.3534,0.3553,0.3507,0.3509,1306825.7
2026-08-07 04:00:00+00:00,0.3508,0.3544,0.35,0.3505,1426535.4
2026-08-07 05:00:00+00:00,0.3504,0.3523,0.343,0.3477,8929348.2
2026-08-07 06:00:00+00:00,0.3476,0.3518,0.3473,0.3495,1596587.9
2026-08-07 07:00:00+00:00,0.3495,0.352,0.3494,0.3499,1147317.8
2026-08-07 08:00:00+00:00,0.3499,0.3527,0.3497,0.3506,1462528.4
2026-08-07 09:00:00+00:00,0.3507,0.3517,0.3483,0.3502,2714769.5
2026-08-07 10:00:00+00:00,0.3502,0.352,0.3498,0.3507,822153.7
2026-08-07 11:00:00+00:00,0.3507,0.3537,0.3505,0.3526,1484729.8
2026-08-07 12:00:00+00:00,0.3525,0.355,0.3509,0.3532,3172220.1
2026-08-07 13:00:00+00:00,0.3532,0.355,0.3511,0.3528,1023607.9
2026-08-07 14:00:00+00:00,0.3527,0.3551,0.35,0.3506,1020245.3
2026-08-07 15:00:00+00:00,0.3506,0.3516,0.3481,0.3493,831920.1
2026-08-07 16:00:00+00:00,0.3495,0.3504,0.3475,0.3478,785453.0
2026-08-07 17:00:00+00:00,0.3477,0.3489,0.3447,0.3455,742539.3
2026-08-07 18:00:00+00:00,0.3456,0.3488,0.3439,0.3447,1158828.8
2026-08-07 19:00:00+00:00,0.3447,0.3502,0.3446,0.3473,1434077.3
2026-08-07 20:00:00+00:00,0.3473,0.3503,0.347,0.349,872378.0
2026-08-07 21:00:00+00:00,0.349,0.3505,0.3475,0.3476,833490.2
2026-08-07 22:00:00+00:00,0.3476,0.3485,0.3454,0.3465,706092.7
2026-08-07 23:00:00+00:00,0.3465,0.3485,0.3465,0.3479,347185.9
2026-08-08 00:00:00+00:00,0.348,0.348,0.3459,0.3474,603563.5
2026-08-08 01:00:00+00:00,0.3472,0.352,0.3472,0.3508,608727.8
2026-08-08 02:00:00+00:00,0.3507,0.3512,0.349,0.3501,438959.5
2026-08-08 03:00:00+00:00,0.35,0.3545,0.3499,0.3527,545684.4
2026-08-08 04:00:00+00:00,0.3528,0.354,0.3513,0.3515,536041.1
2026-08-08 05:00:00+00:00,0.3516,0.3535,0.3511,0.352,403326.9
2026-08-08 06:00:00+00:00,0.3519,0.354,0.3514,0.3521,417534.5
2026-08-08 07:00:00+00:00,0.3522,0.3552,0.351,0.3548,669217.1
2026-08-08 08:00:00+00:00,0.3549,0.3558,0.3526,0.3535,465085.4
2026-08-08 09:00:00+00:00,0.3534,0.3556,0.3534,0.3539,293006.7
2026-08-08 10:00:00+00:00,0.3538,0.3551,0.3533,0.3538,246726.4
2026-08-08 11:00:00+00:00,0.3538,0.3538,0.3518,0.3528,433320.3
2026-08-08 12:00:00+00:00,0.3527,0.3527,0.3513,0.3518,451581.8
2026-08-08 13:00:00+00:00,0.3517,0.3526,0.3512,0.352,485790.6
2026-08-08 14:00:00+00:00,0.3519,0.357,0.3516,0.3563,792598.0
2026-08-08 15:00:00+00:00,0.3563,0.3579,0.3554,0.357,1285706.7
2026-08-08 16:00:00+00:00,0.357,0.3593,0.356,0.357,959098.6
2026-08-08 17:00:00+00:00,0.3571,0.3571,0.3548,0.3553,359020.1
2026-08-08 18:00:00+00:00,0.3553,0.3553,0.3542,0.3546,547948.9
2026-08-08 19:00:00+00:00,0.3545,0.3551,0.3538,0.3549,182022.9
2026-08-08 20:00:00+00:00,0.3548,0.3558,0.3548,0.3555,296715.0
2026-08-08 21:00:00+00:00,0.3555,0.3556,0.3531,0.3532,263837.1
2026-08-08 22:00:00+00:00,0.3533,0.3535,0.3521,0.3524,287873.6
2026-08-08 23:00:00+00:00,0.3524,0.3526,0.3515,0.3519,224623.6
2026-08-09 00:00:00+00:00,0.352,0.3522,0.3487,0.3506,832978.7
2026-08-09 01:00:00+00:00,0.3506,0.3509,0.346,0.348,1061593.8
2026-08-09 02:00:00+00:00,0.3479,0.3491,0.3471,0.3483,460282.1
2026-08-09 03:00:00+00:00,0.3483,0.3492,0.3475,0.349,262628.8
2026-08-09 04:00:00+00:00,0.3491,0.3504,0.3485,0.3489,479364.8
2026-08-09 05:00:00+00:00,0.3488,0.349,0.3462,0.3472,463666.8
2026-08-09 06:00:00+00:00,0.3471,0.349,0.3471,0.3487,583155.2
2026-08-09 07:00:00+00:00,0.3487,0.3488,0.3474,0.3479,440717.8
2026-08-09 08:00:00+00:00,0.3479,0.3494,0.3472,0.348,485138.1
2026-08-09 09:00:00+00:00,0.3479,0.3489,0.3472,0.3485,248562.7
2026-08-09 10:00:00+00:00,0.3485,0.3497,0.3478,0.3479,659629.0
2026-08-09 11:00:00+00:00,0.3479,0.3487,0.3473,0.348,447834.4
2026-08-09 12:00:00+00:00,0.3479,0.3494,0.3472,0.3494,294093.0
2026-08-09 13:00:00+00:00,0.3492,0.3515,0.3492,0.3511,1142308.9
2026-08-09 14:00:00+00:00,0.3511,0.3522,0.3499,0.3518,584514.6
2026-08-09 15:00:00+00:00,0.3519,0.3545,0.3519,0.3542,892743.6
2026-08-09 16:00:00+00:00,0.3542,0.3546,0.352,0.3538,674846.5
2026-08-09 17:00:00+00:00,0.3538,0.3539,0.3522,0.3525,281766.7
2026-08-09 18:00:00+00:00,0.3526,0.3536,0.3513,0.3516,688017.9
2026-08-09 19:00:00+00:00,0.3516,0.3523,0.3506,0.3519,218810.5
2026-08-09 20:00:00+00:00,0.3518,0.3584,0.3515,0.3582,2393730.8
2026-08-09 21:00:00+00:00,0.358,0.3587,0.356,0.3574,708517.7
2026-08-09 22:00:00+00:00,0.3574,0.3593,0.3523,0.3536,919653.6
2026-08-09 23:00:00+00:00,0.3536,0.3539,0.3472,0.3484,1859685.7
2026-08-10 00:00:00+00:00,0.3483,0.3518,0.3477,0.3492,980052.2
2026-08-10 01:00:00+00:00,0.349,0.3523,0.348,0.3518,840091.3
2026-08-10 02:00:00+00:00,0.3518,0.3519,0.3483,0.3504,438335.1
2026-08-10 03:00:00+00:00,0.3503,0.3519,0.3483,0.3485,429976.9
2026-08-10 04:00:00+00:00,0.3484,0.3506,0.3483,0.3504,867025.4
2026-08-10 05:00:00+00:00,0.3504,0.3537,0.3504,0.3526,814638.6
2026-08-10 06:00:00+00:00,0.3526,0.3544,0.3526,0.3543,623346.6
2026-08-10 07:00:00+00:00,0.3544,0.3545,0.3519,0.3525,1181222.0
2026-08-10 08:00:00+00:00,0.3526,0.3533,0.3507,0.3518,471987.7
2026-08-10 09:00:00+00:00,0.3516,0.3521,0.3496,0.3498,437642.7
2026-08-10 10:00:00+00:00,0.3496,0.3512,0.3494,0.3507,410489.5
2026-08-10 11:00:00+00:00,0.3507,0.3543,0.35,0.354,1554850.2
2026-08-10 12:00:00+00:00,0.354,0.3542,0.3497,0.3498,1052490.0
2026-08-10 13:00:00+00:00,0.3497,0.3506,0.3477,0.3505,993522.8
2026-08-10 14:00:00+00:00,0.3504,0.3517,0.3465,0.3467,782234.1
2026-08-10 15:00:00+00:00,0.3465,0.3476,0.3442,0.3471,1272673.7
2026-08-10 16:00:00+00:00,0.347,0.349,0.3447,0.3452,1177724.1
2026-08-10 17:00:00+00:00,0.3451,0.3473,0.344,0.3452,382797.2
2026-08-10 18:00:00+00:00,0.3452,0.3453,0.3432,0.3446,927310.8
2026-08-10 19:00:00+00:00,0.3446,0.3467,0.3446,0.3448,345409.8
2026-08-10 20:00:00+00:00,0.3448,0.3466,0.3445,0.3454,438506.6
2026-08-10 21:00:00+00:00,0.3454,0.3455,0.3433,0.3436,484140.4
2026-08-10 22:00:00+00:00,0.3436,0.3439,0.339,0.3392,1373305.5
2026-08-10 23:00:00+00:00,0.3393,0.3424,0.3376,0.34,793128.9
2026-08-11 00:00:00+00:00,0.3401,0.3407,0.3366,0.3384,2672197.4
2026-08-11 01:00:00+00:00,0.3384,0.3421,0.3383,0.3417,640460.3
2026-08-11 02:00:00+00:00,0.3418,0.3426,0.3404,0.3406,489166.8
2026-08-11 03:00:00+00:00,0.3406,0.3413,0.3393,0.3399,360528.0
2026-08-11 04:00:00+00:00,0.3399,0.3399,0.3386,0.3392,358630.4
2026-08-11 05:00:00+00:00,0.3391,0.34,0.3384,0.3392,449370.3
2026-08-11 06:00:00+00:00,0.3391,0.34,0.3374,0.3385,384681.2
2026-08-11 07:00:00+00:00,0.3386,0.339,0.337,0.3374,668149.8
2026-08-11 08:00:00+00:00,0.3374,0.3395,0.3366,0.3388,763282.6
2026-08-11 09:00:00+00:00,0.339,0.3405,0.3383,0.3402,637262.7
2026-08-11 10:00:00+00:00,0.3402,0.3404,0.3379,0.3395,1238995.8
2026-08-11 11:00:00+00:00,0.3395,0.3414,0.3392,0.3398,325024.5
2026-08-11 12:00:00+00:00,0.3398,0.3398,0.3352,0.3372,1309851.8
2026-08-11 13:00:00+00:00,0.3372,0.3395,0.3371,0.339,1037733.4
2026-08-11 14:00:00+00:00,0.3389,0.3397,0.3333,0.3346,1338006.2
2026-08-11 15:00:00+00:00,0.3346,0.3349,0.3312,0.3333,2258618.6
2026-08-11 16:00:00+00:00,0.3332,0.3347,0.3324,0.3337,668721.9
2026-08-11 17:00:00+00:00,0.3337,0.3351,0.3321,0.3327,635542.2
2026-08-11 18:00:00+00:00,0.3327,0.3351,0.3325,0.334,1348451.4
2026-08-11 19:00:00+00:00,0.334,0.3364,0.3332,0.3361,634513.2
2026-08-11 20:00:00+00:00,0.3361,0.3379,0.3354,0.3357,661457.6
2026-08-11 21:00:00+00:00,0.3358,0.3362,0.335,0.3357,481261.1
2026-08-11 22:00:00+00:00,0.3357,0.3369,0.3354,0.3358,312862.6
2026-08-11 23:00:00+00:00,0.3357,0.3362,0.3347,0.336,514387.8
2026-08-12 00:00:00+00:00,0.3359,0.3375,0.3349,0.3356,490109.7
2026-08-12 01:00:00+00:00,0.3357,0.3388,0.3356,0.3376,850821.7
2026-08-12 02:00:00+00:00,0.3376,0.3381,0.3365,0.3368,549810.5
2026-08-12 03:00:00+00:00,0.3369,0.3376,0.3358,0.3361,699455.2
2026-08-12 04:00:00+00:00,0.3361,0.3375,0.3324,0.3334,2267007.6
2026-08-12 05:00:00+00:00,0.3335,0.3351,0.333,0.335,462621.7
2026-08-12 06:00:00+00:00,0.3349,0.335,0.3338,0.334,434671.8
2026-08-12 07:00:00+00:00,0.334,0.336,0.3311,0.3339,1066325.0
2026-08-12 08:00:00+00:00,0.3338,0.3344,0.332,0.3323,486837.9
2026-08-12 09:00:00+00:00,0.3323,0.3374,0.3322,0.337,873844.0
2026-08-12 10:00:00+00:00,0.3371,0.3378,0.3351,0.3364,971897.1
2026-08-12 11:00:00+00:00,0.3365,0.3387,0.3357,0.3378,630344.2
2026-08-12 12:00:00+00:00,0.3379,0.3406,0.3362,0.3378,2362427.8
2026-08-12 13:00:00+00:00,0.3378,0.3389,0.3361,0.3369,897195.2
2026-08-12 14:00:00+00:00,0.3368,0.3369,0.332,0.3325,1677426.4
2026-08-12 15:00:00+00:00,0.3325,0.3355,0.3322,0.3347,700095.7
2026-08-12 16:00:00+00:00,0.3347,0.3351,0.3322,0.3337,936986.2
2026-08-12 17:00:00+00:00,0.3337,0.3348,0.3327,0.3346,845826.5
2026-08-12 18:00:00+00:00,0.3347,0.3351,0.3316,0.3319,542197.6
2026-08-12 19:00:00+00:00,0.3319,0.332,0.3293,0.3307,940859.1
2026-08-12 20:00:00+00:00,0.3308,0.3326,0.3304,0.3307,306784.4
2026-08-12 21:00:00+00:00,0.3306,0.3312,0.3256,0.3268,1616819.5
2026-08-12 22:00:00+00:00,0.3267,0.3294,0.3257,0.3292,708511.6
2026-08-12 23:00:00+00:00,0.3291,0.3306,0.3284,0.3305,303421.7
2026-08-13 00:00:00+00:00,0.3304,0.3343,0.3303,0.3322,491520.2
2026-08-13 01:00:00+00:00,0.3322,0.3335,0.3309,0.3312,888004.2
2026-08-13 02:00:00+00:00,0.3312,0.3347,0.3312,0.3346,533878.5
2026-08-13 03:00:00+00:00,0.3346,0.3357,0.3336,0.3348,532559.1
2026-08-13 04:00:00+00:00,0.335,0.3358,0.3346,0.3351,306221.0
2026-08-13 05:00:00+00:00,0.3351,0.3372,0.3343,0.3358,640335.7
2026-08-13 06:00:00+00:00,0.3357,0.3366,0.3351,0.3366,332860.7
2026-08-13 07:00:00+00:00,0.3366,0.3368,0.3347,0.3348,375261.1
2026-08-13 08:00:00+00:00,0.3348,0.3363,0.3341,0.3355,510719.3
2026-08-13 09:00:00+00:00,0.3354,0.3365,0.3338,0.3363,591534.0
2026-08-13 10:00:00+00:00,0.3363,0.3364,0.3337,0.3345,533213.6
2026-08-13 11:00:00+00:00,0.3345,0.3347,0.3322,0.3325,771971.9
2026-08-13 12:00:00+00:00,0.3324,0.3348,0.332,0.3346,563817.1
2026-08-13 13:00:00+00:00,0.3345,0.3358,0.3328,0.3351,707739.3
2026-08-13 14:00:00+00:00,0.335,0.3398,0.3349,0.3384,1437866.6
2026-08-13 15:00:00+00:00,0.3385,0.3392,0.3348,0.3348,610866.4
2026-08-13 16:00:00+00:00,0.3349,0.3355,0.3305,0.3322,1268164.1
2026-08-13 17:00:00+00:00,0.3322,0.3343,0.3316,0.3333,501463.9
2026-08-13 18:00:00+00:00,0.3333,0.3357,0.3324,0.335,566582.3
2026-08-13 19:00:00+00:00,0.335,0.3363,0.3332,0.3333,447462.7
2026-08-13 20:00:00+00:00,0.3333,0.334,0.3324,0.3324,486941.6
2026-08-13 21:00:00+00:00,0.3324,0.3341,0.3323,0.3335,259326.2
2026-08-13 22:00:00+00:00,0.3335,0.3354,0.3335,0.3349,435832.7
2026-08-13 23:00:00+00:00,0.3348,0.3358,0.3342,0.335,374534.5
2026-08-14 00:00:00+00:00,0.3351,0.3355,0.3335,0.3342,559319.6
2026-08-14 01:00:00+00:00,0.3342,0.3352,0.3336,0.3342,291391.0
2026-08-14 02:00:00+00:00,0.3343,0.3348,0.333,0.3332,270651.6
2026-08-14 03:00:00+00:00,0.3332,0.3345,0.3306,0.3307,1301935.6
2026-08-14 04:00:00+00:00,0.3306,0.3326,0.3301,0.3315,315852.6
2026-08-14 05:00:00+00:00,0.3315,0.3326,0.3309,0.3326,393702.3
2026-08-14 06:00:00+00:00,0.3325,0.3328,0.3311,0.3311,584829.7
2026-08-14 07:00:00+00:00,0.331,0.3316,0.3295,0.3312,743005.8
2026-08-14 08:00:00+00:00,0.3312,0.3317,0.3295,0.3312,464204.4
2026-08-14 09:00:00+00:00,0.3312,0.3312,0.3285,0.3292,583887.6
2026-08-14 10:00:00+00:00,0.3291,0.3303,0.3268,0.3271,1044587.6
2026-08-14 11:00:00+00:00,0.3271,0.3282,0.3266,0.3268,728444.9
2026-08-14 12:00:00+00:00,0.3267,0.3289,0.325,0.3287,1516594.9
2026-08-14 13:00:00+00:00,0.3288,0.3296,0.3274,0.3283,1049206.7
2026-08-14 14:00:00+00:00,0.3282,0.3284,0.3238,0.3238,1234687.6
2026-08-14 15:00:00+00:00,0.3239,0.3276,0.3227,0.3272,1643127.2
2026-08-14 16:00:00+00:00,0.3271,0.3289,0.3263,0.3263,1168266.9
2026-08-14 17:00:00+00:00,0.3263,0.3277,0.326,0.3264,414070.3
2026-08-14 18:00:00+00:00,0.3263,0.3267,0.324,0.3241,441143.0
2026-08-14 19:00:00+00:00,0.3242,0.3248,0.3221,0.3241,1271850.9
2026-08-14 20:00:00+00:00,0.3241,0.3248,0.3232,0.3233,333800.3
2026-08-14 21:00:00+00:00,0.3233,0.3245,0.3214,0.3226,596988.9
2026-08-14 22:00:00+00:00,0.3226,0.324,0.3223,0.3234,287392.3
2026-08-14 23:00:00+00:00,0.3234,0.3273,0.3233,0.3273,721974.5
2026-08-15 00:00:00+00:00,0.3274,0.33,0.3271,0.328,563549.6
2026-08-15 01:00:00+00:00,0.328,0.3288,0.3274,0.3285,338666.9
2026-08-15 02:00:00+00:00,0.3286,0.3305,0.3286,0.3304,763545.1
2026-08-15 03:00:00+00:00,0.3304,0.3315,0.33,0.3305,644905.2
2026-08-15 04:00:00+00:00,0.3306,0.3311,0.3295,0.3295,315556.6
2026-08-15 05:00:00+00:00,0.3295,0.3298,0.3281,0.3289,840821.4
2026-08-15 06:00:00+00:00,0.329,0.329,0.3282,0.3284,310329.3
2026-08-15 07:00:00+00:00,0.3283,0.3283,0.3261,0.3263,812850.6
2026-08-15 08:00:00+00:00,0.3263,0.3282,0.3258,0.3259,871257.9
2026-08-15 09:00:00+00:00,0.3259,0.3269,0.3255,0.3269,436563.8
2026-08-15 10:00:00+00:00,0.3269,0.3269,0.3262,0.3267,257178.1
2026-08-15 11:00:00+00:00,0.3266,0.3267,0.3259,0.326,668493.4
2026-08-15 12:00:00+00:00,0.3259,0.329,0.3257,0.3289,412781.8
2026-08-15 13:00:00+00:00,0.3288,0.3296,0.3277,0.328,550738.0
2026-08-15 14:00:00+00:00,0.3281,0.3288,0.3275,0.3275,366390.6
2026-08-15 15:00:00+00:00,0.3274,0.3275,0.3264,0.3271,363133.0
2026-08-15 16:00:00+00:00,0.3271,0.3274,0.3263,0.3264,291335.1
2026-08-15 17:00:00+00:00,0.3264,0.3267,0.3258,0.3263,286566.3
2026-08-15 18:00:00+00:00,0.3263,0.3267,0.3246,0.3247,301207.6
2026-08-15 19:00:00+00:00,0.3246,0.3258,0.3246,0.3256,205349.6
2026-08-15 20:00:00+00:00,0.3256,0.326,0.3248,0.3251,174437.2
2026-08-15 21:00:00+00:00,0.3251,0.3256,0.3246,0.3253,209079.1
2026-08-15 22:00:00+00:00,0.3253,0.3253,0.324,0.3241,329676.8
2026-08-15 23:00:00+00:00,0.3241,0.3245,0.3233,0.3235,321392.2
2026-08-16 00:00:00+00:00,0.3236,0.3283,0.3233,0.3251,774687.9
2026-08-16 01:00:00+00:00,0.3251,0.3253,0.3233,0.3235,255198.0
2026-08-16 02:00:00+00:00,0.3234,0.3253,0.3221,0.3245,677530.0
2026-08-16 03:00:00+00:00,0.3245,0.3254,0.3244,0.3248,386112.2
2026-08-16 04:00:00+00:00,0.3248,0.3254,0.3242,0.3242,257293.1
2026-08-16 05:00:00+00:00,0.3243,0.3248,0.3234,0.3239,619087.2
2026-08-16 06:00:00+00:00,0.3239,0.3246,0.3232,0.3237,462426.1
2026-08-16 07:00:00+00:00,0.3237,0.3248,0.3233,0.3243,463072.6
2026-08-16 08:00:00+00:00,0.3243,0.325,0.324,0.3248,332981.7
2026-08-16 09:00:00+00:00,0.3249,0.3261,0.3245,0.3257,244760.6
2026-08-16 10:00:00+00:00,0.3256,0.3262,0.3252,0.326,314662.4
2026-08-16 11:00:00+00:00,0.326,0.3271,0.3259,0.3262,456036.7
2026-08-16 12:00:00+00:00,0.3261,0.3268,0.3255,0.3263,461129.8
2026-08-16 13:00:00+00:00,0.3264,0.3276,0.3263,0.3271,350444.0
2026-08-16 14:00:00+00:00,0.3271,0.3298,0.327,0.3295,1153526.6
2026-08-16 15:00:00+00:00,0.3295,0.3341,0.3293,0.3328,1121806.5
2026-08-16 16:00:00+00:00,0.3329,0.3338,0.3311,0.3324,794582.2
2026-08-16 17:00:00+00:00,0.3324,0.3327,0.3308,0.332,385648.7
2026-08-16 18:00:00+00:00,0.332,0.3326,0.3302,0.3302,332139.8
2026-08-16 19:00:00+00:00,0.3303,0.3325,0.3302,0.332,508855.4
2026-08-16 20:00:00+00:00,0.3321,0.3323,0.3302,0.3307,314015.6
2026-08-16 21:00:00+00:00,0.3306,0.3306,0.3267,0.3278,528452.1
2026-08-16 22:00:00+00:00,0.3277,0.3299,0.3265,0.3293,364899.4
2026-08-16 23:00:00+00:00,0.3294,0.3305,0.3286,0.3305,217888.4
2026-08-17 00:00:00+00:00,0.3305,0.3328,0.3289,0.331,505204.2
2026-08-17 01:00:00+00:00,0.3309,0.3346,0.3308,0.3337,749587.4
2026-08-17 02:00:00+00:00,0.3338,0.3358,0.3335,0.335,1120122.8
2026-08-17 03:00:00+00:00,0.335,0.3356,0.3328,0.3338,513415.8
2026-08-17 04:00:00+00:00,0.3339,0.3353,0.3337,0.3351,314728.7
2026-08-17 05:00:00+00:00,0.3351,0.3385,0.3347,0.3365,1260595.2
2026-08-17 06:00:00+00:00,0.3365,0.3393,0.3365,0.3393,993772.1
2026-08-17 07:00:00+00:00,0.3393,0.3396,0.3373,0.3383,596264.4
2026-08-17 08:00:00+00:00,0.3382,0.3383,0.3354,0.3358,394468.4
2026-08-17 09:00:00+00:00,0.3358,0.3375,0.3353,0.3374,336626.7
2026-08-17 10:00:00+00:00,0.3373,0.3383,0.3354,0.3377,461699.5
2026-08-17 11:00:00+00:00,0.3377,0.3419,0.3375,0.341,1894976.8
2026-08-17 12:00:00+00:00,0.3411,0.3423,0.3381,0.3383,1514511.1
2026-08-17 13:00:00+00:00,0.3383,0.34,0.3368,0.3398,896946.1
2026-08-17 14:00:00+00:00,0.3399,0.34,0.3372,0.3392,907581.3
2026-08-17 15:00:00+00:00,0.3392,0.3394,0.337,0.3387,800249.1
2026-08-17 16:00:00+00:00,0.3388,0.3388,0.3358,0.3362,1125511.5
2026-08-17 17:00:00+00:00,0.3361,0.3381,0.3357,0.3361,360971.7
2026-08-17 18:00:00+00:00,0.3361,0.3362,0.3335,0.3335,544937.2
2026-08-17 19:00:00+00:00,0.3336,0.3344,0.3325,0.3331,593229.4
2026-08-17 20:00:00+00:00,0.333,0.3341,0.3321,0.3338,326706.4
2026-08-17 21:00:00+00:00,0.3337,0.3348,0.3334,0.3344,281651.7
2026-08-17 22:00:00+00:00,0.3345,0.3348,0.3331,0.3333,330158.9
2026-08-17 23:00:00+00:00,0.3333,0.3367,0.333,0.3364,623790.6
2026-08-18 00:00:00+00:00,0.3364,0.3366,0.3341,0.3356,708824.8
2026-08-18 01:00:00+00:00,0.3357,0.3359,0.3308,0.3313,1255012.9
2026-08-18 02:00:00+00:00,0.3314,0.3319,0.3277,0.3288,1096806.4
2026-08-18 03:00:00+00:00,0.3288,0.3308,0.3286,0.3304,493446.3
2026-08-18 04:00:00+00:00,0.3305,0.3315,0.3299,0.3311,305292.7
2026-08-18 05:00:00+00:00,0.3311,0.3317,0.3288,0.3299,406111.0
2026-08-18 06:00:00+00:00,0.3298,0.3329,0.3288,0.3306,624251.2
2026-08-18 07:00:00+00:00,0.3307,0.331,0.3291,0.3294,337912.0
2026-08-18 08:00:00+00:00,0.3294,0.3296,0.3279,0.3294,408107.1
2026-08-18 09:00:00+00:00,0.3293,0.3308,0.3292,0.3303,328321.3
2026-08-18 10:00:00+00:00,0.3303,0.3312,0.3294,0.3311,198793.8
2026-08-18 11:00:00+00:00,0.331,0.332,0.331,0.3315,194905.3
2026-08-18 12:00:00+00:00,0.3316,0.3317,0.3296,0.3299,274744.7
2026-08-18 13:00:00+00:00,0.3299,0.3314,0.3283,0.3287,1787420.4
2026-08-18 14:00:00+00:00,0.3288,0.3333,0.3286,0.3306,715241.7
2026-08-18 15:00:00+00:00,0.3306,0.3346,0.33,0.3339,839787.4
2026-08-18 16:00:00+00:00,0.334,0.3344,0.3303,0.3307,423270.0
2026-08-18 17:00:00+00:00,0.3306,0.3321,0.3299,0.3307,313218.6
2026-08-18 18:00:00+00:00,0.3306,0.3325,0.3304,0.3316,476104.9
2026-08-18 19:00:00+00:00,0.3317,0.3318,0.3305,0.3308,188750.4
2026-08-18 20:00:00+00:00,0.3309,0.331,0.3282,0.3288,373392.5
2026-08-18 21:00:00+00:00,0.3288,0.3294,0.3235,0.3255,1733126.6
2026-08-18 22:00:00+00:00,0.3253,0.3267,0.3252,0.3258,544240.2
2026-08-18 23:00:00+00:00,0.3258,0.3274,0.3258,0.3263,377277.4
2026-08-19 00:00:00+00:00,0.3264,0.3265,0.3235,0.3235,754758.7
2026-08-19 01:00:00+00:00,0.3235,0.3246,0.3216,0.3242,725978.2
2026-08-19 02:00:00+00:00,0.3242,0.3243,0.3228,0.3236,696842.4
2026-08-19 03:00:00+00:00,0.3236,0.3265,0.3234,0.3257,383343.7
2026-08-19 04:00:00+00:00,0.3258,0.3259,0.3236,0.3239,282012.6
2026-08-19 05:00:00+00:00,0.3239,0.3246,0.3231,0.3231,397213.4
2026-08-19 06:00:00+00:00,0.3232,0.3257,0.3223,0.3257,644583.9
2026-08-19 07:00:00+00:00,0.3258,0.3258,0.3242,0.3245,361580.1
2026-08-19 08:00:00+00:00,0.3245,0.3258,0.324,0.3247,406252.6
2026-08-19 09:00:00+00:00,0.3247,0.3255,0.3231,0.3238,523260.3
2026-08-19 10:00:00+00:00,0.3238,0.3253,0.323,0.3253,392971.3
2026-08-19 11:00:00+00:00,0.3252,0.3268,0.3249,0.3259,390896.4
2026-08-19 12:00:00+00:00,0.3259,0.3292,0.3252,0.3285,715379.5
2026-08-19 13:00:00+00:00,0.3285,0.3301,0.3278,0.3298,1709885.5
2026-08-19 14:00:00+00:00,0.3298,0.3369,0.3295,0.3359,1677099.0
2026-08-19 15:00:00+00:00,0.336,0.35,0.335,0.3403,7819895.9
2026-08-19 16:00:00+00:00,0.3402,0.3417,0.3389,0.3397,2070024.7
2026-08-19 17:00:00+00:00,0.3397,0.3401,0.3356,0.3393,1770485.2
2026-08-19 18:00:00+00:00,0.3393,0.3402,0.3376,0.3379,609571.6
2026-08-19 19:00:00+00:00,0.3377,0.3413,0.3367,0.3412,976736.7
2026-08-19 20:00:00+00:00,0.3411,0.3486,0.3407,0.3478,3093330.7
2026-08-19 21:00:00+00:00,0.3478,0.3553,0.3477,0.3537,4357557.7
2026-08-19 22:00:00+00:00,0.3538,0.355,0.3453,0.3465,3987059.6
2026-08-19 23:00:00+00:00,0.3466,0.3487,0.3455,0.3472,1267036.9
2026-08-20 00:00:00+00:00,0.3471,0.3522,0.3458,0.3487,2145643.3
2026-08-20 01:00:00+00:00,0.3488,0.3519,0.3459,0.3505,1397926.9
2026-08-20 02:00:00+00:00,0.3505,0.3511,0.3461,0.3463,1129026.8
2026-08-20 03:00:00+00:00,0.3464,0.3464,0.3413,0.342,1481308.4
2026-08-20 04:00:00+00:00,0.3418,0.3457,0.3414,0.3455,1215346.8
2026-08-20 05:00:00+00:00,0.3454,0.3467,0.3447,0.3453,999881.3
2026-08-20 06:00:00+00:00,0.3454,0.3475,0.3444,0.3459,1254230.5
2026-08-20 07:00:00+00:00,0.3459,0.3464,0.3423,0.3436,1385468.9
2026-08-20 08:00:00+00:00,0.3436,0.3534,0.3429,0.3525,3191991.0
2026-08-20 09:00:00+00:00,0.3525,0.3537,0.3475,0.3492,2741507.1
2026-08-20 10:00:00+00:00,0.3493,0.3549,0.3483,0.3524,2120026.7
2026-08-20 11:00:00+00:00,0.3524,0.3568,0.3499,0.3534,3465297.8
2026-08-20 12:00:00+00:00,0.3533,0.3543,0.3482,0.3522,2859130.2
2026-08-20 13:00:00+00:00,0.3523,0.3531,0.3471,0.3514,2313180.3
2026-08-20 14:00:00+00:00,0.3515,0.3536,0.3491,0.3536,2852728.8
2026-08-20 15:00:00+00:00,0.3535,0.358,0.3519,0.357,3451541.3
2026-08-20 16:00:00+00:00,0.357,0.3587,0.3542,0.3585,1949550.4
2026-08-20 17:00:00+00:00,0.3584,0.3624,0.3576,0.3583,2548806.1
2026-08-20 18:00:00+00:00,0.3584,0.3597,0.3486,0.3493,2839527.7
2026-08-20 19:00:00+00:00,0.3492,0.3506,0.3467,0.3474,2179844.7
2026-08-20 20:00:00+00:00,0.3475,0.3498,0.3466,0.3494,1491160.7
2026-08-20 21:00:00+00:00,0.3494,0.3524,0.3479,0.3523,1631239.8
2026-08-20 22:00:00+00:00,0.3523,0.3562,0.3511,0.3529,1791468.8
2026-08-20 23:00:00+00:00,0.353,0.3573,0.3524,0.3556,2325260.9
2026-08-21 00:00:00+00:00,0.3557,0.3589,0.3528,0.3555,2513897.5
2026-08-21 01:00:00+00:00,0.3555,0.364,0.3551,0.3636,4410786.7
2026-08-21 02:00:00+00:00,0.3637,0.3694,0.3605,0.3672,3946176.3
2026-08-21 03:00:00+00:00,0.3673,0.3673,0.3618,0.364,2797703.4
2026-08-21 04:00:00+00:00,0.364,0.3674,0.3625,0.3667,2230581.8
2026-08-21 05:00:00+00:00,0.3667,0.3667,0.3628,0.3659,1598999.0
2026-08-21 06:00:00+00:00,0.3658,0.3677,0.3635,0.3663,2029965.9
2026-08-21 07:00:00+00:00,0.3662,0.3757,0.3659,0.374,4144006.1
2026-08-21 08:00:00+00:00,0.3741,0.3822,0.3734,0.3816,4701951.1
2026-08-21 09:00:00+00:00,0.3816,0.3818,0.3667,0.3779,7216714.5
2026-08-21 10:00:00+00:00,0.3778,0.3806,0.3726,0.3792,2674003.3
2026-08-21 11:00:00+00:00,0.3791,0.3799,0.3703,0.3722,3750356.6
2026-08-21 12:00:00+00:00,0.3723,0.3808,0.3711,0.3785,2454408.6
2026-08-21 13:00:00+00:00,0.3786,0.3815,0.3712,0.3799,2838459.7
2026-08-21 14:00:00+00:00,0.3798,0.3883,0.3767,0.3855,5090236.3
2026-08-21 15:00:00+00:00,0.3855,0.4006,0.3846,0.3996,7963868.8
2026-08-21 16:00:00+00:00,0.3996,0.4066,0.3934,0.3943,8698762.2
2026-08-21 17:00:00+00:00,0.3944,0.3988,0.3876,0.39,3638817.2
2026-08-21 18:00:00+00:00,0.3899,0.3905,0.3793,0.3808,3243070.2
2026-08-21 19:00:00+00:00,0.3808,0.3808,0.3752,0.3791,2343898.4
2026-08-21 20:00:00+00:00,0.3792,0.3866,0.3777,0.386,2154494.6
2026-08-21 21:00:00+00:00,0.3861,0.393,0.3858,0.3927,2117252.3
2026-08-21 22:00:00+00:00,0.3927,0.3991,0.3916,0.3987,2088660.5
2026-08-21 23:00:00+00:00,0.3987,0.4029,0.3961,0.3968,3838597.9
2026-08-22 00:00:00+00:00,0.3968,0.4032,0.3931,0.4029,4192982.9
2026-08-22 01:00:00+00:00,0.4028,0.41,0.3988,0.4008,5475403.3
2026-08-22 02:00:00+00:00,0.4008,0.4143,0.4008,0.4126,4179270.6
2026-08-22 03:00:00+00:00,0.4127,0.4248,0.412,0.4193,6957765.4
2026-08-22 04:00:00+00:00,0.4194,0.4282,0.418,0.4236,4300901.1
2026-08-22 05:00:00+00:00,0.4235,0.4257,0.3384,0.3903,25998648.4
2026-08-22 06:00:00+00:00,0.3903,0.3966,0.384,0.389,6173786.3
2026-08-22 07:00:00+00:00,0.3888,0.394,0.3838,0.3841,2849130.6
2026-08-22 08:00:00+00:00,0.3843,0.3844,0.3721,0.3763,4374012.0
2026-08-22 09:00:00+00:00,0.3763,0.3784,0.3706,0.3732,3559732.8
2026-08-22 10:00:00+00:00,0.3733,0.3738,0.3605,0.3682,6253088.4
2026-08-22 11:00:00+00:00,0.3682,0.3715,0.3659,0.3707,3061995.2
2026-08-22 12:00:00+00:00,0.3706,0.377,0.3699,0.3719,3783968.5
2026-08-22 13:00:00+00:00,0.372,0.374,0.3691,0.3719,2047944.3
2026-08-22 14:00:00+00:00,0.3719,0.3726,0.3646,0.3669,3117527.2
2026-08-22 15:00:00+00:00,0.367,0.3705,0.3629,0.3682,3710377.5
2026-08-22 16:00:00+00:00,0.3681,0.3768,0.3665,0.3741,1965761.9
2026-08-22 17:00:00+00:00,0.3742,0.3766,0.3718,0.3734,1162311.2
2026-08-22 18:00:00+00:00,0.3734,0.3744,0.3696,0.3728,1088942.5
2026-08-22 19:00:00+00:00,0.3728,0.3755,0.3722,0.3738,686702.8
2026-08-22 20:00:00+00:00,0.3738,0.3779,0.3723,0.3739,971111.0
2026-08-22 21:00:00+00:00,0.3738,0.3741,0.3639,0.3654,1677387.0
2026-08-22 22:00:00+00:00,0.3653,0.3712,0.3625,0.3683,1760562.6
2026-08-22 23:00:00+00:00,0.3683,0.3685,0.3627,0.3636,2491839.9
2026-08-23 00:00:00+00:00,0.3637,0.3704,0.3633,0.3694,2943166.8
2026-08-23 01:00:00+00:00,0.3693,0.3693,0.365,0.3659,1796760.6
2026-08-23 02:00:00+00:00,0.3659,0.366,0.3575,0.3604,4247663.0
2026-08-23 03:00:00+00:00,0.3605,0.3608,0.3528,0.356,3569272.1
2026-08-23 04:00:00+00:00,0.3559,0.3586,0.3501,0.3519,2815055.5
2026-08-23 05:00:00+00:00,0.3518,0.3562,0.3481,0.3523,4132413.1
2026-08-23 06:00:00+00:00,0.3523,0.3571,0.352,0.3545,2280005.1
2026-08-23 07:00:00+00:00,0.3545,0.3594,0.3541,0.3573,1388261.1
2026-08-23 08:00:00+00:00,0.3572,0.3615,0.3562,0.3604,3337399.7
2026-08-23 09:00:00+00:00,0.3603,0.3625,0.3588,0.3612,1006452.6
2026-08-23 10:00:00+00:00,0.3612,0.3684,0.361,0.3683,1920004.8
2026-08-23 11:00:00+00:00,0.3682,0.3754,0.3674,0.3702,5411676.3
2026-08-23 12:00:00+00:00,0.3703,0.3741,0.3682,0.3725,1847011.5
2026-08-23 13:00:00+00:00,0.3725,0.3813,0.3724,0.3797,3591762.9
2026-08-23 14:00:00+00:00,0.3798,0.3838,0.3691,0.38,5934218.4
2026-08-23 15:00:00+00:00,0.3801,0.3894,0.3779,0.3844,3800176.7
2026-08-23 16:00:00+00:00,0.3845,0.3918,0.3845,0.3851,5409600.4
2026-08-23 17:00:00+00:00,0.3852,0.3884,0.38,0.3808,4261200.0
2026-08-23 18:00:00+00:00,0.3808,0.3847,0.3799,0.3846,1553198.8
2026-08-23 19:00:00+00:00,0.3846,0.3847,0.3783,0.3811,1332281.9
2026-08-23 20:00:00+00:00,0.3811,0.3842,0.3788,0.3837,935981.7
2026-08-23 21:00:00+00:00,0.3837,0.389,0.3837,0.3853,1330317.6
2026-08-23 22:00:00+00:00,0.3854,0.3873,0.3804,0.3847,1553931.1
2026-08-23 23:00:00+00:00,0.3848,0.3866,0.3817,0.3827,1094923.6
2026-08-24 00:00:00+00:00,0.3828,0.3831,0.3712,0.3763,4147386.1
2026-08-24 01:00:00+00:00,0.3763,0.3781,0.366,0.3674,2155797.8
2026-08-24 02:00:00+00:00,0.3673,0.3745,0.3657,0.3731,1500815.7
2026-08-24 03:00:00+00:00,0.3731,0.3735,0.3687,0.3695,1973944.7
2026-08-24 04:00:00+00:00,0.3696,0.3755,0.3694,0.3722,1704114.3
2026-08-24 05:00:00+00:00,0.3721,0.3758,0.3699,0.3742,1467129.3
2026-08-24 06:00:00+00:00,0.3741,0.3758,0.371,0.3724,1300183.5
2026-08-24 07:00:00+00:00,0.3724,0.3761,0.3718,0.3733,1324071.9
2026-08-24 08:00:00+00:00,0.3734,0.3767,0.3678,0.3709,1641148.6
2026-08-24 09:00:00+00:00,0.3708,0.3795,0.3694,0.3761,1987953.2
2026-08-24 10:00:00+00:00,0.376,0.3785,0.3733,0.374,1131085.2
2026-08-24 11:00:00+00:00,0.374,0.3833,0.3706,0.3811,2226802.8
2026-08-24 12:00:00+00:00,0.3811,0.388,0.3748,0.3857,5583679.7
2026-08-24 13:00:00+00:00,0.3858,0.3887,0.3739,0.3791,5038712.1
2026-08-24 14:00:00+00:00,0.379,0.3852,0.378,0.3814,2541131.6
2026-08-24 15:00:00+00:00,0.3816,0.3866,0.3749,0.3768,3857878.2
2026-08-24 16:00:00+00:00,0.3768,0.3829,0.3766,0.3804,2835491.4
2026-08-24 17:00:00+00:00,0.3805,0.3832,0.3723,0.3766,4363567.6
2026-08-24 18:00:00+00:00,0.3765,0.3859,0.3765,0.3832,3266683.2
2026-08-24 19:00:00+00:00,0.3833,0.3842,0.3793,0.3819,1493890.3
2026-08-24 20:00:00+00:00,0.3821,0.3872,0.3807,0.3848,1477812.4
2026-08-24 21:00:00+00:00,0.3849,0.3879,0.3826,0.3834,1362848.8
2026-08-24 22:00:00+00:00,0.3834,0.3849,0.3814,0.3817,1044288.1
2026-08-24 23:00:00+00:00,0.3817,0.3824,0.3796,0.3819,1004417.3
2026-08-25 00:00:00+00:00,0.3818,0.3882,0.3792,0.388,2107958.4
2026-08-25 01:00:00+00:00,0.388,0.3937,0.3868,0.3888,4057369.7
2026-08-25 02:00:00+00:00,0.3888,0.3993,0.3883,0.3913,4655122.5
2026-08-25 03:00:00+00:00,0.3913,0.3963,0.39,0.3917,2593747.3
2026-08-25 04:00:00+00:00,0.3917,0.3961,0.3908,0.3924,2009310.1
2026-08-25 05:00:00+00:00,0.3925,0.3963,0.3914,0.3929,1945659.5
2026-08-25 06:00:00+00:00,0.3931,0.394,0.3863,0.388,2862820.2
2026-08-25 07:00:00+00:00,0.3879,0.3916,0.3794,0.3822,2562648.0
2026-08-25 08:00:00+00:00,0.3823,0.3871,0.3815,0.384,2548110.7
2026-08-25 09:00:00+00:00,0.3841,0.3863,0.378,0.3796,1957732.0
2026-08-25 10:00:00+00:00,0.3795,0.3813,0.3773,0.3807,1788864.3
2026-08-25 11:00:00+00:00,0.3805,0.3814,0.3774,0.3778,1090220.2
2026-08-25 12:00:00+00:00,0.3779,0.3796,0.3749,0.378,1543778.6
2026-08-25 13:00:00+00:00,0.3781,0.3785,0.3675,0.371,3644522.6
2026-08-25 14:00:00+00:00,0.3709,0.375,0.3697,0.3732,1616371.5
2026-08-25 15:00:00+00:00,0.3732,0.3739,0.3698,0.3734,1278530.0
2026-08-25 16:00:00+00:00,0.3734,0.3743,0.3698,0.3724,808269.9
2026-08-25 17:00:00+00:00,0.3724,0.3724,0.3692,0.3713,650105.1
2026-08-25 18:00:00+00:00,0.3713,0.3737,0.3706,0.3723,659921.3
2026-08-25 19:00:00+00:00,0.3723,0.3729,0.3686,0.3691,795150.0
2026-08-25 20:00:00+00:00,0.369,0.3697,0.3606,0.3611,2758776.2
2026-08-25 21:00:00+00:00,0.361,0.3646,0.3563,0.364,2483453.4
2026-08-25 22:00:00+00:00,0.3641,0.3681,0.3641,0.3677,559149.8
2026-08-25 23:00:00+00:00,0.3677,0.3686,0.3625,0.3639,556447.1
2026-08-26 00:00:00+00:00,0.3639,0.3664,0.3609,0.3653,823919.4
2026-08-26 01:00:00+00:00,0.3653,0.3681,0.365,0.3672,676758.8
2026-08-26 02:00:00+00:00,0.3671,0.3698,0.3656,0.3691,1006825.0
2026-08-26 03:00:00+00:00,0.3691,0.3698,0.3656,0.367,484747.5
2026-08-26 04:00:00+00:00,0.3669,0.3693,0.3652,0.3653,515814.5
2026-08-26 05:00:00+00:00,0.3653,0.3689,0.3644,0.3684,915635.2
2026-08-26 06:00:00+00:00,0.3686,0.3706,0.3668,0.3678,442241.4
2026-08-26 07:00:00+00:00,0.3678,0.3694,0.3659,0.3667,382536.7
2026-08-26 08:00:00+00:00,0.3667,0.3682,0.3655,0.3664,610142.3
2026-08-26 09:00:00+00:00,0.3665,0.3677,0.3611,0.3631,1439847.5
2026-08-26 10:00:00+00:00,0.363,0.3707,0.3616,0.368,1357646.9
2026-08-26 11:00:00+00:00,0.368,0.3686,0.3642,0.3657,512145.6
2026-08-26 12:00:00+00:00,0.3658,0.3701,0.3632,0.3657,1551311.7
2026-08-26 13:00:00+00:00,0.3656,0.3667,0.3602,0.3624,1752507.2
2026-08-26 14:00:00+00:00,0.3624,0.3642,0.357,0.3575,1361792.8
2026-08-26 15:00:00+00:00,0.3574,0.361,0.3552,0.359,1418273.8
2026-08-26 16:00:00+00:00,0.359,0.3606,0.3566,0.3587,876872.4
2026-08-26 17:00:00+00:00,0.3587,0.3648,0.3585,0.362,488723.8
2026-08-26 18:00:00+00:00,0.3619,0.3632,0.3609,0.3618,507810.8
2026-08-26 19:00:00+00:00,0.3618,0.3647,0.3611,0.3645,781415.0
2026-08-26 20:00:00+00:00,0.3644,0.3645,0.3599,0.3636,735755.4
2026-08-26 21:00:00+00:00,0.3637,0.3688,0.3632,0.3683,1096126.8
2026-08-26 22:00:00+00:00,0.3682,0.3712,0.3676,0.3691,768886.7
2026-08-26 23:00:00+00:00,0.369,0.3755,0.3682,0.3746,1330409.2
2026-08-27 00:00:00+00:00,0.3745,0.3765,0.3707,0.3707,1603837.0
2026-08-27 01:00:00+00:00,0.3706,0.3736,0.3693,0.3723,960128.6
2026-08-27 02:00:00+00:00,0.3723,0.3739,0.3686,0.3702,1232791.8
2026-08-27 03:00:00+00:00,0.3702,0.3724,0.3686,0.3704,487338.9
2026-08-27 04:00:00+00:00,0.3705,0.3717,0.3675,0.3688,509725.2
2026-08-27 05:00:00+00:00,0.3689,0.371,0.3662,0.3705,558641.1
2026-08-27 06:00:00+00:00,0.3704,0.3731,0.3682,0.3716,1071036.5
2026-08-27 07:00:00+00:00,0.3715,0.3732,0.3704,0.3728,753523.6
2026-08-27 08:00:00+00:00,0.3729,0.38,0.3724,0.3772,2436551.2
2026-08-27 09:00:00+00:00,0.3771,0.3809,0.3756,0.3763,1734105.0
2026-08-27 10:00:00+00:00,0.3762,0.3783,0.37,0.3723,1619201.4
2026-08-27 11:00:00+00:00,0.3724,0.3741,0.3704,0.3729,2469015.6
2026-08-27 12:00:00+00:00,0.3728,0.3748,0.3715,0.3733,831500.5
2026-08-27 13:00:00+00:00,0.3733,0.3774,0.3725,0.3772,1450209.3
2026-08-27 14:00:00+00:00,0.3771,0.3799,0.3744,0.3784,2380529.1
2026-08-27 15:00:00+00:00,0.3785,0.3795,0.377,0.3788,1734410.8
2026-08-27 16:00:00+00:00,0.3789,0.3838,0.3779,0.3817,1798817.4
2026-08-27 17:00:00+00:00,0.3817,0.3842,0.3793,0.3799,1468792.5
2026-08-27 18:00:00+00:00,0.3799,0.3802,0.3737,0.3769,1222956.7
2026-08-27 19:00:00+00:00,0.377,0.3783,0.3746,0.3751,1978134.3
2026-08-27 20:00:00+00:00,0.3751,0.3797,0.3733,0.3794,4522162.6
2026-08-27 21:00:00+00:00,0.3795,0.3812,0.3786,0.3812,983227.1
2026-08-27 22:00:00+00:00,0.3812,0.3826,0.3792,0.3795,1856087.2
2026-08-27 23:00:00+00:00,0.3795,0.3795,0.3768,0.3771,690046.8
2026-08-28 00:00:00+00:00,0.3771,0.3803,0.3748,0.3793,1047820.7
2026-08-28 01:00:00+00:00,0.3793,0.3869,0.3793,0.3801,1693957.4
2026-08-28 02:00:00+00:00,0.3801,0.3801,0.3685,0.3706,2515773.8
2026-08-28 03:00:00+00:00,0.3707,0.3719,0.3687,0.3704,1080882.0
2026-08-28 04:00:00+00:00,0.3704,0.372,0.3677,0.3693,1183691.5
2026-08-28 05:00:00+00:00,0.3692,0.3703,0.3676,0.3688,908470.7
2026-08-28 06:00:00+00:00,0.3689,0.3732,0.3689,0.3717,1146211.6
2026-08-28 07:00:00+00:00,0.3717,0.3719,0.3674,0.3681,1320844.9
2026-08-28 08:00:00+00:00,0.3683,0.3698,0.3657,0.367,1463253.4
2026-08-28 09:00:00+00:00,0.367,0.3683,0.3656,0.3661,797328.9
2026-08-28 10:00:00+00:00,0.3662,0.3699,0.3638,0.3697,1309891.0
2026-08-28 11:00:00+00:00,0.3698,0.371,0.3666,0.3678,1131873.4
2026-08-28 12:00:00+00:00,0.3678,0.3693,0.3673,0.3678,837858.0
2026-08-28 13:00:00+00:00,0.3677,0.3689,0.3655,0.3674,1138923.7
2026-08-28 14:00:00+00:00,0.3675,0.3724,0.3599,0.3713,3993519.7
2026-08-28 15:00:00+00:00,0.3714,0.3725,0.3609,0.3609,1659751.4
2026-08-28 16:00:00+00:00,0.3611,0.3618,0.351,0.3573,4612484.2
2026-08-28 17:00:00+00:00,0.3574,0.3578,0.3547,0.3556,1706637.1
2026-08-28 18:00:00+00:00,0.3555,0.356,0.3501,0.353,1912998.2
2026-08-28 19:00:00+00:00,0.353,0.3548,0.3523,0.353,607916.6
2026-08-28 20:00:00+00:00,0.3528,0.3542,0.3519,0.3532,421213.1
2026-08-28 21:00:00+00:00,0.3533,0.3553,0.3514,0.3519,638620.3
2026-08-28 22:00:00+00:00,0.3519,0.3559,0.3519,0.3554,637311.0
2026-08-28 23:00:00+00:00,0.3553,0.3565,0.3548,0.3564,667631.7
2026-08-29 00:00:00+00:00,0.3563,0.3574,0.3548,0.3551,662635.6
2026-08-29 01:00:00+00:00,0.3551,0.3551,0.3527,0.3533,395457.0
2026-08-29 02:00:00+00:00,0.3532,0.3536,0.3506,0.3516,910116.4
2026-08-29 03:00:00+00:00,0.3516,0.3527,0.3501,0.3501,449777.9
2026-08-29 04:00:00+00:00,0.3501,0.3513,0.3495,0.3505,695670.1
2026-08-29 05:00:00+00:00,0.3505,0.3523,0.3505,0.3519,578684.3
2026-08-29 06:00:00+00:00,0.352,0.3521,0.3485,0.349,830710.6
2026-08-29 07:00:00+00:00,0.349,0.3502,0.3482,0.3488,804442.3
2026-08-29 08:00:00+00:00,0.3487,0.3491,0.3472,0.3479,670206.5
2026-08-29 09:00:00+00:00,0.348,0.3497,0.3477,0.3494,608266.3
2026-08-29 10:00:00+00:00,0.3494,0.3508,0.3486,0.3497,456939.9
2026-08-29 11:00:00+00:00,0.3496,0.3509,0.3493,0.3497,544203.8
2026-08-29 12:00:00+00:00,0.3497,0.3529,0.3494,0.3503,1046598.7
2026-08-29 13:00:00+00:00,0.3503,0.352,0.3493,0.3514,651782.2
2026-08-29 14:00:00+00:00,0.3514,0.3556,0.3512,0.3553,910122.7
2026-08-29 15:00:00+00:00,0.3553,0.3554,0.3525,0.3537,810876.3
2026-08-29 16:00:00+00:00,0.3538,0.3555,0.3528,0.3531,800127.3
2026-08-29 17:00:00+00:00,0.3531,0.3534,0.3505,0.3513,629545.0
2026-08-29 18:00:00+00:00,0.3514,0.3542,0.3508,0.3534,512029.6
2026-08-29 19:00:00+00:00,0.3534,0.3543,0.3527,0.3534,384779.7
2026-08-29 20:00:00+00:00,0.3534,0.3546,0.3533,0.3539,251227.6
2026-08-29 21:00:00+00:00,0.354,0.3546,0.3527,0.3527,239424.0
2026-08-29 22:00:00+00:00,0.3528,0.353,0.3515,0.3528,393489.5
2026-08-29 23:00:00+00:00,0.3529,0.3537,0.3525,0.3532,444869.9
2026-08-30 00:00:00+00:00,0.3532,0.354,0.3521,0.3522,441042.3
2026-08-30 01:00:00+00:00,0.3523,0.3525,0.35,0.3502,494075.3
2026-08-30 02:00:00+00:00,0.3501,0.3514,0.3496,0.3509,516042.9
2026-08-30 03:00:00+00:00,0.3509,0.3518,0.3503,0.3507,770805.0
2026-08-30 04:00:00+00:00,0.3506,0.3524,0.3503,0.3518,406209.2
2026-08-30 05:00:00+00:00,0.3519,0.3543,0.3519,0.3543,434089.8
2026-08-30 06:00:00+00:00,0.3542,0.3581,0.3535,0.3572,974940.3
2026-08-30 07:00:00+00:00,0.3573,0.3574,0.3545,0.355,650416.5
2026-08-30 08:00:00+00:00,0.355,0.3556,0.3526,0.3537,479204.4
2026-08-30 09:00:00+00:00,0.3536,0.355,0.3519,0.3527,758969.9
2026-08-30 10:00:00+00:00,0.3526,0.3552,0.352,0.355,622898.4
2026-08-30 11:00:00+00:00,0.3551,0.3559,0.3541,0.3559,638650.2
2026-08-30 12:00:00+00:00,0.3559,0.3588,0.3554,0.3582,1213701.0
2026-08-30 13:00:00+00:00,0.3581,0.3631,0.3571,0.3615,1511489.0
2026-08-30 14:00:00+00:00,0.3614,0.3628,0.3588,0.3594,1073850.2
2026-08-30 15:00:00+00:00,0.3594,0.3604,0.3569,0.3586,1111515.7
2026-08-30 16:00:00+00:00,0.3587,0.3624,0.3582,0.3622,2403660.7
2026-08-30 17:00:00+00:00,0.3622,0.3626,0.3586,0.3609,2380667.0
2026-08-30 18:00:00+00:00,0.3609,0.3637,0.3588,0.3631,879263.2
2026-08-30 19:00:00+00:00,0.3631,0.3633,0.3577,0.358,1109428.9
2026-08-30 20:00:00+00:00,0.358,0.3595,0.3538,0.3557,967816.5
2026-08-30 21:00:00+00:00,0.3557,0.357,0.3522,0.3569,1123894.4
2026-08-30 22:00:00+00:00,0.3569,0.3588,0.3512,0.3522,1000649.6
2026-08-30 23:00:00+00:00,0.3521,0.3525,0.3383,0.3441,5335166.4
2026-08-31 00:00:00+00:00,0.3441,0.348,0.3424,0.3468,1176859.3
2026-08-31 01:00:00+00:00,0.3469,0.3476,0.3418,0.3423,939854.6
2026-08-31 02:00:00+00:00,0.3423,0.3459,0.3407,0.3428,690289.1
2026-08-31 03:00:00+00:00,0.3428,0.3465,0.3422,0.3458,411228.4
2026-08-31 04:00:00+00:00,0.3458,0.3458,0.3427,0.3452,606112.3
2026-08-31 05:00:00+00:00,0.3452,0.3496,0.3448,0.3478,705693.8
2026-08-31 06:00:00+00:00,0.3478,0.3489,0.3463,0.3474,797337.5
2026-08-31 07:00:00+00:00,0.3473,0.3498,0.3469,0.3485,713139.5
2026-08-31 08:00:00+00:00,0.3485,0.3501,0.3475,0.3479,614753.7
2026-08-31 09:00:00+00:00,0.3478,0.3495,0.347,0.3474,744244.9
2026-08-31 10:00:00+00:00,0.3475,0.3485,0.3461,0.348,859425.2
2026-08-31 11:00:00+00:00,0.348,0.348,0.3455,0.3463,591727.3
2026-08-31 12:00:00+00:00,0.3463,0.3484,0.3428,0.344,851916.1
2026-08-31 13:00:00+00:00,0.3441,0.3459,0.3419,0.3425,691132.9
2026-08-31 14:00:00+00:00,0.3427,0.348,0.3417,0.3477,1381120.2
2026-08-31 15:00:00+00:00,0.3478,0.3478,0.3436,0.344,821667.6
2026-08-31 16:00:00+00:00,0.344,0.346,0.3425,0.3442,998772.7
2026-08-31 17:00:00+00:00,0.3442,0.3473,0.3432,0.3472,766921.8
2026-08-31 18:00:00+00:00,0.3472,0.35,0.3462,0.3479,1681168.7
2026-08-31 19:00:00+00:00,0.348,0.3491,0.3462,0.3469,560250.6
2026-08-31 20:00:00+00:00,0.3469,0.3496,0.3466,0.3479,478063.9
2026-08-31 21:00:00+00:00,0.348,0.3493,0.3457,0.3483,642799.4
2026-08-31 22:00:00+00:00,0.3483,0.3486,0.345,0.3457,346494.4
2026-08-31 23:00:00+00:00,0.3456,0.3471,0.3444,0.3461,326825.9
2026-09-01 00:00:00+00:00,0.3461,0.3492,0.3454,0.3475,635778.5
2026-09-01 01:00:00+00:00,0.3476,0.3488,0.3457,0.347,412903.7
2026-09-01 02:00:00+00:00,0.347,0.3476,0.345,0.3476,780391.3
2026-09-01 03:00:00+00:00,0.3476,0.3504,0.3468,0.3489,938858.9
2026-09-01 04:00:00+00:00,0.349,0.3504,0.3479,0.3483,715752.8
2026-09-01 05:00:00+00:00,0.3483,0.3545,0.3483,0.3531,1692060.0
2026-09-01 06:00:00+00:00,0.353,0.3537,0.349,0.3513,1191655.1
2026-09-01 07:00:00+00:00,0.3513,0.3523,0.3489,0.3501,673311.7
2026-09-01 08:00:00+00:00,0.3502,0.3503,0.3442,0.3446,1206809.4
2026-09-01 09:00:00+00:00,0.3447,0.3462,0.3438,0.3453,800608.9
2026-09-01 10:00:00+00:00,0.3453,0.3499,0.3444,0.3485,916670.5
2026-09-01 11:00:00+00:00,0.3485,0.3514,0.3467,0.3493,1539564.9
2026-09-01 12:00:00+00:00,0.3494,0.3497,0.3441,0.3461,1096376.5
2026-09-01 13:00:00+00:00,0.346,0.347,0.3424,0.3466,4420080.0
2026-09-01 14:00:00+00:00,0.3467,0.3489,0.3461,0.3462,1160569.8
2026-09-01 15:00:00+00:00,0.3463,0.3476,0.3435,0.3463,783834.1
2026-09-01 16:00:00+00:00,0.3463,0.3465,0.3408,0.3435,1073571.4
2026-09-01 17:00:00+00:00,0.3435,0.3461,0.3426,0.343,561292.6
2026-09-01 18:00:00+00:00,0.3431,0.3439,0.3371,0.3433,2343141.7
2026-09-01 19:00:00+00:00,0.3434,0.3443,0.3416,0.3425,873977.5
2026-09-01 20:00:00+00:00,0.3426,0.3436,0.3412,0.3427,515089.6
2026-09-01 21:00:00+00:00,0.3427,0.343,0.3392,0.3398,657320.4
2026-09-01 22:00:00+00:00,0.3397,0.341,0.3381,0.3391,602476.2
2026-09-01 23:00:00+00:00,0.3391,0.3414,0.3384,0.3406,447249.4
2026-09-02 00:00:00+00:00,0.3407,0.3415,0.3386,0.3388,684459.6
2026-09-02 01:00:00+00:00,0.3388,0.34,0.3357,0.3372,1252764.7
2026-09-02 02:00:00+00:00,0.3372,0.3421,0.3366,0.3416,1079604.2
2026-09-02 03:00:00+00:00,0.3417,0.3442,0.3416,0.3427,814773.5
2026-09-02 04:00:00+00:00,0.3427,0.3439,0.341,0.3431,659550.0
2026-09-02 05:00:00+00:00,0.3432,0.3453,0.342,0.3441,707681.8
2026-09-02 06:00:00+00:00,0.3442,0.3446,0.3417,0.3434,600029.6
2026-09-02 07:00:00+00:00,0.3435,0.3449,0.3427,0.3427,394799.8
2026-09-02 08:00:00+00:00,0.3428,0.345,0.3399,0.3408,1856304.5
2026-09-02 09:00:00+00:00,0.3408,0.3431,0.3393,0.3407,1606312.6
2026-09-02 10:00:00+00:00,0.3406,0.3408,0.3373,0.3407,1283112.0
2026-09-02 11:00:00+00:00,0.3407,0.3419,0.339,0.3418,680063.5
2026-09-02 12:00:00+00:00,0.3418,0.3432,0.3398,0.3398,670271.1
2026-09-02 13:00:00+00:00,0.3399,0.3454,0.3392,0.3436,813791.0
2026-09-02 14:00:00+00:00,0.3436,0.3446,0.3408,0.341,726310.4
2026-09-02 15:00:00+00:00,0.3411,0.3425,0.339,0.3413,890721.8
2026-09-02 16:00:00+00:00,0.3412,0.343,0.3397,0.34,663802.2
2026-09-02 17:00:00+00:00,0.3401,0.3417,0.3383,0.3412,636161.9
2026-09-02 18:00:00+00:00,0.3412,0.3426,0.3406,0.3424,476716.3
2026-09-02 19:00:00+00:00,0.3423,0.3429,0.3409,0.3421,456560.1
2026-09-02 20:00:00+00:00,0.3422,0.3469,0.342,0.3465,1129729.2
2026-09-02 21:00:00+00:00,0.3465,0.347,0.344,0.3451,579185.7
2026-09-02 22:00:00+00:00,0.3451,0.3452,0.3425,0.3434,408317.7
2026-09-02 23:00:00+00:00,0.3435,0.3487,0.3431,0.3484,548096.0
2026-09-03 00:00:00+00:00,0.3483,0.35,0.3453,0.3472,775398.5
2026-09-03 01:00:00+00:00,0.3472,0.352,0.3458,0.3483,1417359.6
2026-09-03 02:00:00+00:00,0.3483,0.355,0.3482,0.3525,2291448.9
2026-09-03 03:00:00+00:00,0.3526,0.3527,0.349,0.3496,1030915.1
2026-09-03 04:00:00+00:00,0.3497,0.3529,0.3487,0.3529,509319.9
2026-09-03 05:00:00+00:00,0.3528,0.3533,0.3474,0.3516,1084991.4
2026-09-03 06:00:00+00:00,0.3517,0.3519,0.3501,0.3514,437784.5
2026-09-03 07:00:00+00:00,0.3514,0.3544,0.3509,0.3512,1063205.0
2026-09-03 08:00:00+00:00,0.3513,0.3539,0.3506,0.3512,693336.4
2026-09-03 09:00:00+00:00,0.3513,0.3531,0.3502,0.3518,764905.7
2026-09-03 10:00:00+00:00,0.3517,0.3556,0.3508,0.3555,1030354.1
2026-09-03 11:00:00+00:00,0.3556,0.3573,0.3539,0.3551,1840540.5
2026-09-03 12:00:00+00:00,0.355,0.3578,0.3549,0.3568,1405977.4
2026-09-03 13:00:00+00:00,0.3567,0.357,0.3541,0.3551,1190532.4
2026-09-03 14:00:00+00:00,0.3551,0.3689,0.3537,0.3688,3765751.0
2026-09-03 15:00:00+00:00,0.3688,0.3723,0.3648,0.3712,3644246.7
2026-09-03 16:00:00+00:00,0.3713,0.3718,0.3663,0.3689,2333125.9
2026-09-03 17:00:00+00:00,0.369,0.3694,0.367,0.3677,989121.8
2026-09-03 18:00:00+00:00,0.3678,0.3699,0.3669,0.3675,782903.5
2026-09-03 19:00:00+00:00,0.3675,0.3691,0.3654,0.3674,1094573.8
2026-09-03 20:00:00+00:00,0.3673,0.3687,0.3661,0.3674,647495.3
2026-09-03 21:00:00+00:00,0.3676,0.3692,0.3652,0.3654,1524227.1
2026-09-03 22:00:00+00:00,0.3654,0.3659,0.3609,0.3628,1562133.7
2026-09-03 23:00:00+00:00,0.3628,0.3634,0.3621,0.363,586459.1
2026-09-04 00:00:00+00:00,0.363,0.3651,0.3612,0.3613,833278.1
2026-09-04 01:00:00+00:00,0.3614,0.3641,0.3597,0.3636,1006888.7
2026-09-04 02:00:00+00:00,0.3636,0.365,0.3616,0.3647,591589.7
2026-09-04 03:00:00+00:00,0.3647,0.3663,0.3629,0.3634,1469755.6
2026-09-04 04:00:00+00:00,0.3634,0.3662,0.3633,0.3642,666141.4
2026-09-04 05:00:00+00:00,0.3642,0.365,0.36,0.3613,580184.6
2026-09-04 06:00:00+00:00,0.3613,0.3617,0.3587,0.361,919640.2
2026-09-04 07:00:00+00:00,0.3612,0.363,0.3601,0.3611,1327374.9
2026-09-04 08:00:00+00:00,0.3612,0.3683,0.3603,0.3681,1833385.5
2026-09-04 09:00:00+00:00,0.3681,0.3696,0.3663,0.3667,1576572.0
2026-09-04 10:00:00+00:00,0.3667,0.3674,0.3637,0.3672,1431323.1
2026-09-04 11:00:00+00:00,0.3672,0.3682,0.3659,0.3668,982471.2
2026-09-04 12:00:00+00:00,0.3669,0.3676,0.3519,0.3557,7073008.2
2026-09-04 13:00:00+00:00,0.3556,0.3611,0.3542,0.3577,2110005.0
2026-09-04 14:00:00+00:00,0.3578,0.3584,0.3495,0.3505,2007136.1
2026-09-04 15:00:00+00:00,0.3506,0.3546,0.3501,0.3538,1063856.7
2026-09-04 16:00:00+00:00,0.3537,0.3565,0.3532,0.3559,1280645.9
2026-09-04 17:00:00+00:00,0.356,0.356,0.3525,0.3527,730381.4
2026-09-04 18:00:00+00:00,0.3528,0.3558,0.3528,0.3556,587986.5
2026-09-04 19:00:00+00:00,0.3557,0.3613,0.3552,0.3583,2653280.3
2026-09-04 20:00:00+00:00,0.3584,0.3591,0.357,0.357,1045563.5
2026-09-04 21:00:00+00:00,0.357,0.3586,0.3558,0.3559,709709.9
2026-09-04 22:00:00+00:00,0.356,0.357,0.355,0.355,466110.9
2026-09-04 23:00:00+00:00,0.355,0.3576,0.3546,0.3576,417471.6
2026-09-05 00:00:00+00:00,0.3576,0.3643,0.3572,0.3641,1709355.4
2026-09-05 01:00:00+00:00,0.3641,0.3667,0.3638,0.364,1464147.0
2026-09-05 02:00:00+00:00,0.3641,0.3691,0.3627,0.3676,1951191.1
2026-09-05 03:00:00+00:00,0.3676,0.37,0.3667,0.3674,1630102.6
2026-09-05 04:00:00+00:00,0.3675,0.3765,0.3659,0.3711,4308453.7
2026-09-05 05:00:00+00:00,0.3711,0.3737,0.3701,0.373,1528323.9
2026-09-05 06:00:00+00:00,0.373,0.3745,0.3713,0.3732,1852552.4
2026-09-05 07:00:00+00:00,0.3732,0.3735,0.3692,0.3697,1949557.3
2026-09-05 08:00:00+00:00,0.3696,0.3704,0.3675,0.3687,1674295.0
2026-09-05 09:00:00+00:00,0.3688,0.3703,0.3677,0.3683,891300.0
2026-09-05 10:00:00+00:00,0.3684,0.3692,0.3673,0.3679,857070.5
2026-09-05 11:00:00+00:00,0.368,0.37,0.3675,0.3694,820729.2
2026-09-05 12:00:00+00:00,0.3695,0.3734,0.369,0.3731,1177788.2
2026-09-05 13:00:00+00:00,0.3732,0.3735,0.3687,0.3701,1028826.2
2026-09-05 14:00:00+00:00,0.3701,0.3708,0.3687,0.3691,801034.0
2026-09-05 15:00:00+00:00,0.3691,0.3697,0.3679,0.3689,976310.8
2026-09-05 16:00:00+00:00,0.3689,0.3697,0.3672,0.3691,1319065.3
2026-09-05 17:00:00+00:00,0.3691,0.3705,0.3682,0.3692,1179867.5
2026-09-05 18:00:00+00:00,0.3692,0.3702,0.3677,0.369,836623.2
2026-09-05 19:00:00+00:00,0.3691,0.3714,0.3683,0.3691,912075.0
2026-09-05 20:00:00+00:00,0.3692,0.3712,0.3691,0.3693,694770.5
2026-09-05 21:00:00+00:00,0.3694,0.3733,0.3684,0.3732,675665.7
2026-09-05 22:00:00+00:00,0.3732,0.3741,0.3694,0.3703,735900.5
2026-09-05 23:00:00+00:00,0.3702,0.3716,0.3699,0.3701,670648.5
2026-09-06 00:00:00+00:00,0.3702,0.3747,0.37,0.3738,726442.4
2026-09-06 01:00:00+00:00,0.374,0.3799,0.3735,0.3783,2194342.2
2026-09-06 02:00:00+00:00,0.3784,0.3789,0.3746,0.375,661803.4
2026-09-06 03:00:00+00:00,0.375,0.3772,0.3734,0.3766,803130.9
2026-09-06 04:00:00+00:00,0.3766,0.3773,0.3726,0.3726,888558.9
2026-09-06 05:00:00+00:00,0.3727,0.3767,0.3714,0.3767,1026000.0
2026-09-06 06:00:00+00:00,0.3767,0.3778,0.3744,0.3751,1160145.7
2026-09-06 07:00:00+00:00,0.3751,0.3767,0.3715,0.3757,1024240.7
2026-09-06 08:00:00+00:00,0.3759,0.3761,0.3731,0.3741,796265.7
2026-09-06 09:00:00+00:00,0.374,0.3774,0.3737,0.3754,1114078.3
2026-09-06 10:00:00+00:00,0.3754,0.3795,0.3746,0.3785,1003440.4
2026-09-06 11:00:00+00:00,0.3786,0.3812,0.3779,0.3799,2183101.4
2026-09-06 12:00:00+00:00,0.3799,0.3819,0.3777,0.3796,1566511.0
2026-09-06 13:00:00+00:00,0.3795,0.3807,0.3764,0.3795,1700677.4
2026-09-06 14:00:00+00:00,0.3797,0.3808,0.3713,0.3737,2110423.9
2026-09-06 15:00:00+00:00,0.3738,0.3748,0.3708,0.3743,814863.9
2026-09-06 16:00:00+00:00,0.3744,0.3788,0.3736,0.3787,1144265.5
2026-09-06 17:00:00+00:00,0.3787,0.3803,0.3769,0.3783,1710274.9
2026-09-06 18:00:00+00:00,0.3784,0.3796,0.3771,0.3783,639010.4
2026-09-06 19:00:00+00:00,0.3783,0.3786,0.3769,0.3776,537703.6
2026-09-06 20:00:00+00:00,0.3776,0.3801,0.3769,0.3788,764152.2
2026-09-06 21:00:00+00:00,0.379,0.3855,0.3789,0.3823,1746279.2
2026-09-06 22:00:00+00:00,0.3824,0.3841,0.3775,0.384,1185293.2
2026-09-06 23:00:00+00:00,0.384,0.3885,0.3834,0.3876,1908415.4
2026-09-07 00:00:00+00:00,0.3875,0.3953,0.3864,0.3889,4314684.6
2026-09-07 01:00:00+00:00,0.389,0.389,0.3801,0.3823,2173773.9
2026-09-07 02:00:00+00:00,0.3822,0.3913,0.379,0.3871,2170080.1
2026-09-07 03:00:00+00:00,0.3872,0.389,0.3812,0.3813,1448094.9
2026-09-07 04:00:00+00:00,0.3815,0.3858,0.3811,0.3826,1598618.7
2026-09-07 05:00:00+00:00,0.3826,0.3896,0.382,0.3856,1800585.8
2026-09-07 06:00:00+00:00,0.3855,0.3885,0.3837,0.3853,1801743.3
2026-09-07 07:00:00+00:00,0.3853,0.3875,0.3782,0.382,2357572.2
2026-09-07 08:00:00+00:00,0.382,0.3936,0.3819,0.391,3048169.2
2026-09-07 09:00:00+00:00,0.3912,0.3974,0.3861,0.3864,4413626.4
2026-09-07 10:00:00+00:00,0.3864,0.3889,0.3856,0.3859,935713.0
2026-09-07 11:00:00+00:00,0.3859,0.387,0.3834,0.3848,1372377.6
2026-09-07 12:00:00+00:00,0.3849,0.3937,0.3847,0.393,1664475.6
2026-09-07 13:00:00+00:00,0.3931,0.3932,0.386,0.388,1880173.0
2026-09-07 14:00:00+00:00,0.388,0.3916,0.3831,0.3881,2576654.9
2026-09-07 15:00:00+00:00,0.388,0.3909,0.3755,0.3784,5860200.1
2026-09-07 16:00:00+00:00,0.3783,0.3911,0.3781,0.3889,4118851.2
2026-09-07 17:00:00+00:00,0.389,0.3914,0.3872,0.3877,1353544.9
2026-09-07 18:00:00+00:00,0.3876,0.3885,0.3839,0.3844,1018687.6
2026-09-07 19:00:00+00:00,0.3843,0.388,0.3823,0.3873,1308853.6
2026-09-07 20:00:00+00:00,0.3872,0.3876,0.3844,0.3855,866091.5
2026-09-07 21:00:00+00:00,0.3856,0.3869,0.3826,0.3838,706250.9
2026-09-07 22:00:00+00:00,0.3837,0.3859,0.3787,0.3805,1230911.1
2026-09-07 23:00:00+00:00,0.3804,0.3847,0.3804,0.3838,691713.1
2026-09-08 00:00:00+00:00,0.3837,0.3884,0.3811,0.3883,1487279.6
2026-09-08 01:00:00+00:00,0.3882,0.3905,0.3855,0.3874,1437956.8
2026-09-08 02:00:00+00:00,0.3874,0.388,0.3796,0.3797,2536664.1
2026-09-08 03:00:00+00:00,0.3797,0.3813,0.3767,0.3794,3385804.7
2026-09-08 04:00:00+00:00,0.3793,0.3799,0.376,0.376,1118501.9
2026-09-08 05:00:00+00:00,0.376,0.3804,0.3749,0.3764,1765932.9
2026-09-08 06:00:00+00:00,0.3763,0.3768,0.3728,0.3737,1410514.2
2026-09-08 07:00:00+00:00,0.3737,0.3772,0.3727,0.3761,1318547.6
2026-09-08 08:00:00+00:00,0.376,0.3781,0.3736,0.3765,905621.6
2026-09-08 09:00:00+00:00,0.3763,0.383,0.3761,0.3823,1896838.7
2026-09-08 10:00:00+00:00,0.3822,0.3835,0.3784,0.3786,1790680.3
2026-09-08 11:00:00+00:00,0.3787,0.3788,0.374,0.3768,1519881.9
2026-09-08 12:00:00+00:00,0.3767,0.378,0.3731,0.3772,1178130.8
2026-09-08 13:00:00+00:00,0.3773,0.3781,0.3693,0.3742,2388362.5
2026-09-08 14:00:00+00:00,0.3743,0.3793,0.3733,0.3784,1065819.5
2026-09-08 15:00:00+00:00,0.3783,0.3857,0.3777,0.3856,2285002.0
2026-09-08 16:00:00+00:00,0.3856,0.3859,0.381,0.3823,1439484.6
2026-09-08 17:00:00+00:00,0.3822,0.3836,0.3731,0.3757,4586354.6
2026-09-08 18:00:00+00:00,0.3757,0.3807,0.3741,0.3755,1190341.7
2026-09-08 19:00:00+00:00,0.3756,0.3774,0.3745,0.3759,949341.8
2026-09-08 20:00:00+00:00,0.376,0.3798,0.3751,0.3755,826168.3
2026-09-08 21:00:00+00:00,0.3757,0.3769,0.3735,0.3744,777278.8
2026-09-08 22:00:00+00:00,0.3744,0.3769,0.3742,0.376,876192.9
2026-09-08 23:00:00+00:00,0.376,0.3762,0.3742,0.3747,542931.8
2026-09-09 00:00:00+00:00,0.3748,0.3775,0.3738,0.3754,722351.3
2026-09-09 01:00:00+00:00,0.3755,0.3761,0.3722,0.3741,1135992.5
2026-09-09 02:00:00+00:00,0.3741,0.3746,0.3717,0.3727,1830454.3
2026-09-09 03:00:00+00:00,0.3727,0.3729,0.3698,0.3704,2073552.1
2026-09-09 04:00:00+00:00,0.3704,0.3774,0.3704,0.3768,1564192.3
2026-09-09 05:00:00+00:00,0.3769,0.3778,0.373,0.3744,1071889.0
2026-09-09 06:00:00+00:00,0.3744,0.3788,0.3738,0.3777,1160389.8
2026-09-09 07:00:00+00:00,0.3777,0.3802,0.3776,0.379,1101987.9
2026-09-09 08:00:00+00:00,0.3791,0.3812,0.3786,0.3801,1144240.6
2026-09-09 09:00:00+00:00,0.3803,0.3803,0.3733,0.3736,1517155.1
2026-09-09 10:00:00+00:00,0.3737,0.3764,0.373,0.3762,1241247.7
2026-09-09 11:00:00+00:00,0.3761,0.3785,0.3726,0.3776,1561210.6
2026-09-09 12:00:00+00:00,0.3777,0.3797,0.3769,0.379,1109857.8
2026-09-09 13:00:00+00:00,0.3791,0.3801,0.3748,0.3764,1595148.4
2026-09-09 14:00:00+00:00,0.3764,0.3786,0.3742,0.375,1194771.0
2026-09-09 15:00:00+00:00,0.3751,0.378,0.3643,0.3691,4005683.7
2026-09-09 16:00:00+00:00,0.369,0.3725,0.3677,0.3709,1612733.4
2026-09-09 17:00:00+00:00,0.3709,0.372,0.3694,0.3709,1626577.3
2026-09-09 18:00:00+00:00,0.3711,0.3722,0.3695,0.3697,687090.7
2026-09-09 19:00:00+00:00,0.3698,0.3706,0.3649,0.365,1077788.8
2026-09-09 20:00:00+00:00,0.3651,0.3674,0.362,0.3663,1696483.0
2026-09-09 21:00:00+00:00,0.3664,0.3664,0.3594,0.3607,2349806.4
2026-09-09 22:00:00+00:00,0.3608,0.3614,0.3533,0.3557,2807507.6
2026-09-09 23:00:00+00:00,0.3558,0.3603,0.3558,0.3597,705306.9
2026-09-10 00:00:00+00:00,0.3597,0.3604,0.3552,0.3559,2179449.0
2026-09-10 01:00:00+00:00,0.3561,0.3599,0.3537,0.3561,1806570.6
2026-09-10 02:00:00+00:00,0.3562,0.36,0.3553,0.3599,1042362.0
2026-09-10 03:00:00+00:00,0.36,0.3631,0.3588,0.3595,1792315.6
2026-09-10 04:00:00+00:00,0.3595,0.3615,0.3584,0.3594,980321.3
2026-09-10 05:00:00+00:00,0.3593,0.3614,0.3578,0.3601,940476.8
2026-09-10 06:00:00+00:00,0.3601,0.3601,0.3562,0.3584,696024.6
2026-09-10 07:00:00+00:00,0.3584,0.3584,0.3526,0.3539,2048182.1
2026-09-10 08:00:00+00:00,0.3538,0.355,0.3531,0.3536,1642703.6
2026-09-10 09:00:00+00:00,0.3537,0.3551,0.3518,0.3525,1736102.3
2026-09-10 10:00:00+00:00,0.3525,0.3543,0.3518,0.3524,1076868.6
2026-09-10 11:00:00+00:00,0.3526,0.3551,0.3517,0.3526,1607624.5
2026-09-10 12:00:00+00:00,0.3526,0.3538,0.3457,0.3484,5784039.4
2026-09-10 13:00:00+00:00,0.3484,0.3519,0.3476,0.3508,4277045.0
2026-09-10 14:00:00+00:00,0.3508,0.3523,0.3481,0.3504,1906899.5
2026-09-10 15:00:00+00:00,0.3504,0.3507,0.3478,0.3485,1301369.8
2026-09-10 16:00:00+00:00,0.3484,0.349,0.3429,0.3471,3333391.0
2026-09-10 17:00:00+00:00,0.3471,0.3516,0.3464,0.3495,2000989.3
2026-09-10 18:00:00+00:00,0.3496,0.3498,0.347,0.3497,538398.4
2026-09-10 19:00:00+00:00,0.3497,0.3497,0.3468,0.347,947057.3
2026-09-10 20:00:00+00:00,0.3471,0.3493,0.3469,0.3481,309799.0
2026-09-10 21:00:00+00:00,0.3483,0.3493,0.3466,0.347,328890.8
2026-09-10 22:00:00+00:00,0.347,0.3497,0.3446,0.3448,5539635.7
2026-09-10 23:00:00+00:00,0.3449,0.3453,0.3421,0.3426,1197009.6
2026-09-11 00:00:00+00:00,0.3428,0.3462,0.3428,0.3459,859370.4
2026-09-11 01:00:00+00:00,0.3458,0.3474,0.3444,0.3466,690119.0
2026-09-11 02:00:00+00:00,0.3466,0.3467,0.3439,0.3459,415197.4
2026-09-11 03:00:00+00:00,0.3459,0.3485,0.3448,0.3477,760436.9
2026-09-11 04:00:00+00:00,0.3477,0.3509,0.3474,0.3504,595639.2
2026-09-11 05:00:00+00:00,0.3505,0.3514,0.35,0.3512,709312.4
2026-09-11 06:00:00+00:00,0.3513,0.3516,0.3497,0.3502,546380.7
2026-09-11 07:00:00+00:00,0.3502,0.3523,0.3492,0.3494,620652.0
2026-09-11 08:00:00+00:00,0.3495,0.3525,0.3486,0.3515,432656.9
2026-09-11 09:00:00+00:00,0.3515,0.3518,0.3477,0.3486,628442.7
2026-09-11 10:00:00+00:00,0.3486,0.3501,0.3462,0.3462,727247.9
2026-09-11 11:00:00+00:00,0.3461,0.348,0.344,0.3473,971798.3
2026-09-11 12:00:00+00:00,0.3473,0.3589,0.3431,0.3573,4362747.5
2026-09-11 13:00:00+00:00,0.3574,0.3674,0.3525,0.3665,2559026.4
2026-09-11 14:00:00+00:00,0.3667,0.369,0.3595,0.3625,3242073.6
2026-09-11 15:00:00+00:00,0.3624,0.3645,0.3532,0.3559,2758540.8
2026-09-11 16:00:00+00:00,0.3558,0.3599,0.3547,0.3587,1413761.4
2026-09-11 17:00:00+00:00,0.3587,0.3602,0.3555,0.3562,747160.7
2026-09-11 18:00:00+00:00,0.3563,0.3569,0.3492,0.3502,2125789.5
2026-09-11 19:00:00+00:00,0.3503,0.3533,0.3491,0.3525,683023.9
2026-09-11 20:00:00+00:00,0.3525,0.3547,0.3506,0.3523,783617.1
2026-09-11 21:00:00+00:00,0.3522,0.3544,0.3485,0.3488,729292.7
2026-09-11 22:00:00+00:00,0.3488,0.35,0.3464,0.3477,852417.6
2026-09-11 23:00:00+00:00,0.3476,0.3507,0.3475,0.3506,325078.8
2026-09-12 00:00:00+00:00,0.3506,0.351,0.3495,0.35,368817.2
2026-09-12 01:00:00+00:00,0.3498,0.352,0.3498,0.3507,526270.1
2026-09-12 02:00:00+00:00,0.3507,0.3519,0.3504,0.3514,577054.7
2026-09-12 03:00:00+00:00,0.3513,0.3521,0.3497,0.3504,713301.4
2026-09-12 04:00:00+00:00,0.3505,0.3513,0.3495,0.3506,510141.8
2026-09-12 05:00:00+00:00,0.3506,0.3512,0.3493,0.3494,408913.5
2026-09-12 06:00:00+00:00,0.3495,0.3509,0.3487,0.3497,415716.6
2026-09-12 07:00:00+00:00,0.3498,0.3521,0.3497,0.3518,280756.9
2026-09-12 08:00:00+00:00,0.3518,0.3531,0.3511,0.3516,668598.9
2026-09-12 09:00:00+00:00,0.3518,0.3522,0.3506,0.3515,500608.2
2026-09-12 10:00:00+00:00,0.3515,0.3524,0.3513,0.3522,462890.7
2026-09-12 11:00:00+00:00,0.3523,0.3534,0.3515,0.3526,485572.5
2026-09-12 12:00:00+00:00,0.3526,0.3528,0.351,0.3512,407236.0
2026-09-12 13:00:00+00:00,0.3513,0.352,0.3494,0.3503,622930.7
2026-09-12 14:00:00+00:00,0.3502,0.3509,0.3493,0.3507,531693.5
2026-09-12 15:00:00+00:00,0.3507,0.3536,0.3505,0.3535,2082889.5
2026-09-12 16:00:00+00:00,0.3533,0.3536,0.3512,0.3515,1845619.7
2026-09-12 17:00:00+00:00,0.3516,0.3517,0.3499,0.3503,2767985.6
2026-09-12 18:00:00+00:00,0.3503,0.3504,0.3481,0.3483,699354.9
2026-09-12 19:00:00+00:00,0.3483,0.349,0.3467,0.3477,958861.8
2026-09-12 20:00:00+00:00,0.3478,0.3489,0.3476,0.3477,436361.9
2026-09-12 21:00:00+00:00,0.3477,0.349,0.3476,0.3481,429201.9
2026-09-12 22:00:00+00:00,0.3481,0.3488,0.3476,0.3478,654140.2
2026-09-12 23:00:00+00:00,0.3478,0.349,0.3478,0.3487,272044.3
2026-09-13 00:00:00+00:00,0.3487,0.3497,0.3482,0.3486,288621.2
2026-09-13 01:00:00+00:00,0.3485,0.3507,0.3485,0.3488,2998544.9
2026-09-13 02:00:00+00:00,0.3488,0.3489,0.3472,0.348,3141790.8
2026-09-13 03:00:00+00:00,0.3481,0.3487,0.3465,0.3466,788074.4
2026-09-13 04:00:00+00:00,0.3466,0.3481,0.3465,0.3471,418140.7
2026-09-13 05:00:00+00:00,0.3471,0.348,0.347,0.3475,357092.3
2026-09-13 06:00:00+00:00,0.3476,0.3476,0.3449,0.3459,919045.9
2026-09-13 07:00:00+00:00,0.3458,0.3465,0.3448,0.3454,483362.1
2026-09-13 08:00:00+00:00,0.3453,0.3457,0.3418,0.3425,1531650.0
2026-09-13 09:00:00+00:00,0.3425,0.3446,0.3411,0.3442,736334.0
2026-09-13 10:00:00+00:00,0.3441,0.3447,0.3427,0.3431,352790.8
2026-09-13 11:00:00+00:00,0.3432,0.3443,0.3426,0.3439,412280.5
2026-09-13 12:00:00+00:00,0.3439,0.3446,0.3434,0.3443,347220.0
2026-09-13 13:00:00+00:00,0.3443,0.3475,0.342,0.3463,801952.4
2026-09-13 14:00:00+00:00,0.3464,0.3491,0.3461,0.3475,802905.0
2026-09-13 15:00:00+00:00,0.3476,0.3476,0.3444,0.3446,387489.2
2026-09-13 16:00:00+00:00,0.3446,0.347,0.3446,0.3468,495829.5
2026-09-13 17:00:00+00:00,0.3468,0.3496,0.3463,0.3489,388653.4
2026-09-13 18:00:00+00:00,0.3489,0.3529,0.3487,0.3522,853481.5
2026-09-13 19:00:00+00:00,0.3522,0.353,0.3492,0.35,595552.8
2026-09-13 20:00:00+00:00,0.3501,0.3516,0.3501,0.3516,537843.4
2026-09-13 21:00:00+00:00,0.3517,0.3519,0.3502,0.3504,497999.1
2026-09-13 22:00:00+00:00,0.3504,0.3504,0.3421,0.3426,1079203.2
2026-09-13 23:00:00+00:00,0.3427,0.3445,0.342,0.3426,548989.6
2026-09-14 00:00:00+00:00,0.3427,0.3454,0.3393,0.3431,1578538.9
2026-09-14 01:00:00+00:00,0.343,0.3458,0.3414,0.3455,946696.4
2026-09-14 02:00:00+00:00,0.3454,0.3499,0.3443,0.3491,862204.1
2026-09-14 03:00:00+00:00,0.3492,0.3542,0.349,0.353,1857523.3
2026-09-14 04:00:00+00:00,0.3529,0.3544,0.3513,0.3519,1181933.9
2026-09-14 05:00:00+00:00,0.352,0.3532,0.3511,0.3527,804941.9
2026-09-14 06:00:00+00:00,0.3528,0.357,0.3525,0.356,1780300.5
2026-09-14 07:00:00+00:00,0.3559,0.3583,0.3552,0.3559,2011406.1
2026-09-14 08:00:00+00:00,0.3559,0.3571,0.3533,0.3543,1250997.5
2026-09-14 09:00:00+00:00,0.3544,0.3587,0.3526,0.3573,1705228.9
2026-09-14 10:00:00+00:00,0.3574,0.3581,0.355,0.356,1541007.3
2026-09-14 11:00:00+00:00,0.356,0.3569,0.3536,0.3542,1060096.5
2026-09-14 12:00:00+00:00,0.3542,0.3551,0.3504,0.3509,1368192.0
2026-09-14 13:00:00+00:00,0.3509,0.3557,0.3485,0.3517,1699207.4
2026-09-14 14:00:00+00:00,0.3516,0.3552,0.3503,0.3514,1372206.3
2026-09-14 15:00:00+00:00,0.3513,0.3528,0.3496,0.3522,1082275.2
2026-09-14 16:00:00+00:00,0.3521,0.3565,0.3514,0.355,1247080.2
2026-09-14 17:00:00+00:00,0.355,0.3585,0.3547,0.3574,1637131.9
2026-09-14 18:00:00+00:00,0.3574,0.3611,0.3568,0.3597,1139439.8
2026-09-14 19:00:00+00:00,0.3597,0.3603,0.3574,0.3589,1643396.4
2026-09-14 20:00:00+00:00,0.359,0.3652,0.359,0.3611,2058062.3
2026-09-14 21:00:00+00:00,0.3611,0.3611,0.3577,0.358,1338057.2
2026-09-14 22:00:00+00:00,0.3581,0.3608,0.3558,0.3558,1139019.0
2026-09-14 23:00:00+00:00,0.3558,0.3563,0.3541,0.3548,544052.4
2026-09-15 00:00:00+00:00,0.3548,0.355,0.3531,0.3537,599904.6
2026-09-15 01:00:00+00:00,0.3537,0.355,0.3529,0.3541,843333.7
2026-09-15 02:00:00+00:00,0.3541,0.3546,0.3532,0.3537,384843.9
2026-09-15 03:00:00+00:00,0.3537,0.3537,0.3507,0.3522,639480.5
2026-09-15 04:00:00+00:00,0.3521,0.3525,0.3505,0.3513,778682.7
2026-09-15 05:00:00+00:00,0.3513,0.3536,0.3495,0.353,692751.0
2026-09-15 06:00:00+00:00,0.3531,0.3537,0.3496,0.3501,852313.6
2026-09-15 07:00:00+00:00,0.3501,0.351,0.3462,0.3467,1043400.1
2026-09-15 08:00:00+00:00,0.3468,0.3487,0.346,0.3487,764253.9
2026-09-15 09:00:00+00:00,0.3486,0.35,0.3476,0.3487,621450.7
2026-09-15 10:00:00+00:00,0.3486,0.3494,0.3475,0.3492,551228.0
2026-09-15 11:00:00+00:00,0.3492,0.3494,0.3458,0.3472,508970.5
2026-09-15 12:00:00+00:00,0.3473,0.3502,0.3469,0.3494,956767.3
2026-09-15 13:00:00+00:00,0.3493,0.3528,0.3445,0.3478,1813416.3
2026-09-15 14:00:00+00:00,0.3478,0.3484,0.337,0.3397,2826666.1
2026-09-15 15:00:00+00:00,0.3398,0.3457,0.3396,0.343,1618012.6
2026-09-15 16:00:00+00:00,0.343,0.3437,0.3405,0.341,1006075.3
2026-09-15 17:00:00+00:00,0.341,0.3469,0.3392,0.3438,1017211.7
2026-09-15 18:00:00+00:00,0.3437,0.3455,0.3277,0.338,7637076.4
2026-09-15 19:00:00+00:00,0.338,0.3391,0.3331,0.3349,2947497.9
2026-09-15 20:00:00+00:00,0.3349,0.3356,0.3292,0.3323,1389200.7
2026-09-15 21:00:00+00:00,0.3322,0.3324,0.327,0.3273,1350744.6
2026-09-15 22:00:00+00:00,0.3274,0.3295,0.3256,0.3289,1430329.6
2026-09-15 23:00:00+00:00,0.3288,0.3315,0.3279,0.3282,1453287.0
2026-09-16 00:00:00+00:00,0.3284,0.3295,0.327,0.3271,1143130.8
2026-09-16 01:00:00+00:00,0.3271,0.3289,0.3235,0.3235,1859770.4
2026-09-16 02:00:00+00:00,0.3236,0.3292,0.323,0.3279,1697183.7
2026-09-16 03:00:00+00:00,0.328,0.3296,0.3268,0.3281,1319810.1
2026-09-16 04:00:00+00:00,0.3282,0.3307,0.3281,0.3291,695749.4
2026-09-16 05:00:00+00:00,0.3291,0.3293,0.3269,0.3278,1540487.7
2026-09-16 06:00:00+00:00,0.3279,0.329,0.3264,0.3289,991280.8
2026-09-16 07:00:00+00:00,0.3289,0.3305,0.3261,0.3263,1038000.4
2026-09-16 08:00:00+00:00,0.3263,0.327,0.3239,0.3255,1984227.6
2026-09-16 09:00:00+00:00,0.3256,0.328,0.3254,0.3276,1056741.8
2026-09-16 10:00:00+00:00,0.3277,0.3278,0.3263,0.3273,795896.3
2026-09-16 11:00:00+00:00,0.3272,0.3301,0.3264,0.3291,1425300.5
2026-09-16 12:00:00+00:00,0.3291,0.3295,0.3252,0.3267,1746583.5
2026-09-16 13:00:00+00:00,0.3266,0.3315,0.3241,0.3295,2095197.7
2026-09-16 14:00:00+00:00,0.3296,0.3335,0.3272,0.3299,2426927.5
2026-09-16 15:00:00+00:00,0.3299,0.3319,0.3267,0.3276,1195541.3
2026-09-16 16:00:00+00:00,0.3277,0.3309,0.3275,0.3303,1111049.4
2026-09-16 17:00:00+00:00,0.3302,0.3313,0.3269,0.3306,1645634.3
2026-09-16 18:00:00+00:00,0.3305,0.34,0.3279,0.3364,4621732.5
2026-09-16 19:00:00+00:00,0.3365,0.3414,0.3316,0.3383,2570350.9
2026-09-16 20:00:00+00:00,0.3385,0.3421,0.3376,0.3405,1611812.3
2026-09-16 21:00:00+00:00,0.3404,0.3414,0.3385,0.3403,1187224.1
2026-09-16 22:00:00+00:00,0.3405,0.3406,0.3367,0.3367,783481.6
2026-09-16 23:00:00+00:00,0.3368,0.3493,0.3362,0.3475,2871266.8
2026-09-17 00:00:00+00:00,0.3475,0.3542,0.3472,0.3513,3814282.9
2026-09-17 01:00:00+00:00,0.3514,0.3559,0.3492,0.3529,3055224.5
2026-09-17 02:00:00+00:00,0.353,0.3544,0.3497,0.3511,1655038.2
2026-09-17 03:00:00+00:00,0.3512,0.3526,0.3497,0.3506,1401215.8
2026-09-17 04:00:00+00:00,0.3506,0.3514,0.3466,0.3508,1484278.4
2026-09-17 05:00:00+00:00,0.3508,0.352,0.3489,0.3497,987859.5
2026-09-17 06:00:00+00:00,0.3497,0.354,0.3497,0.352,2209603.9
2026-09-17 07:00:00+00:00,0.3519,0.3548,0.3518,0.3522,1602462.4
2026-09-17 08:00:00+00:00,0.3523,0.354,0.3514,0.3532,2086006.0
2026-09-17 09:00:00+00:00,0.3533,0.355,0.3506,0.3506,1477164.5
2026-09-17 10:00:00+00:00,0.3506,0.3516,0.3491,0.3497,2000637.1
2026-09-17 11:00:00+00:00,0.3497,0.351,0.3476,0.3502,710140.5
2026-09-17 12:00:00+00:00,0.3503,0.3748,0.3497,0.3652,9240744.0
2026-09-17 13:00:00+00:00,0.3652,0.3719,0.3596,0.3706,13084131.8
2026-09-17 14:00:00+00:00,0.3707,0.3791,0.3675,0.3679,9035978.7
2026-09-17 15:00:00+00:00,0.3679,0.3745,0.3659,0.3728,3839338.2
2026-09-17 16:00:00+00:00,0.3729,0.374,0.3675,0.3703,3975683.3
2026-09-17 17:00:00+00:00,0.3705,0.3795,0.3705,0.3763,4049031.5
2026-09-17 18:00:00+00:00,0.3764,0.3799,0.375,0.375,2931301.0
2026-09-17 19:00:00+00:00,0.375,0.3767,0.3732,0.3743,1311936.7
2026-09-17 20:00:00+00:00,0.3743,0.3758,0.3729,0.3744,1416643.1
2026-09-17 21:00:00+00:00,0.3745,0.3752,0.3684,0.3691,1327301.1
2026-09-17 22:00:00+00:00,0.369,0.3724,0.366,0.371,1997439.6
2026-09-17 23:00:00+00:00,0.3709,0.373,0.3704,0.3723,938399.8
2026-09-18 00:00:00+00:00,0.3723,0.3839,0.3723,0.3838,3257129.6
2026-09-18 01:00:00+00:00,0.3837,0.3901,0.3833,0.3856,5284367.2
2026-09-18 02:00:00+00:00,0.3858,0.3887,0.3836,0.3871,2827165.6
2026-09-18 03:00:00+00:00,0.3869,0.3964,0.3865,0.3889,7947765.0
2026-09-18 04:00:00+00:00,0.3889,0.3911,0.3844,0.3896,3812377.6
2026-09-18 05:00:00+00:00,0.3897,0.3897,0.3797,0.3855,3889036.8
2026-09-18 06:00:00+00:00,0.3854,0.3873,0.3826,0.3859,2099096.1
2026-09-18 07:00:00+00:00,0.386,0.3876,0.384,0.3847,2985907.7
2026-09-18 08:00:00+00:00,0.3847,0.39,0.383,0.3887,2047144.9
2026-09-18 09:00:00+00:00,0.3886,0.3898,0.3853,0.3895,2383637.0
2026-09-18 10:00:00+00:00,0.3894,0.3939,0.389,0.3897,2795795.7
2026-09-18 11:00:00+00:00,0.3898,0.3932,0.3837,0.3911,2772904.0
2026-09-18 12:00:00+00:00,0.391,0.3997,0.3892,0.3952,5527333.2
2026-09-18 13:00:00+00:00,0.3952,0.4024,0.3916,0.3946,6071850.7
2026-09-18 14:00:00+00:00,0.3945,0.4002,0.3926,0.3997,5105953.0
2026-09-18 15:00:00+00:00,0.3997,0.3997,0.3924,0.3966,4386542.0
2026-09-18 16:00:00+00:00,0.3966,0.4003,0.3956,0.3972,3941579.1
2026-09-18 17:00:00+00:00,0.3971,0.4028,0.3951,0.3993,3322825.8
2026-09-18 18:00:00+00:00,0.3992,0.4007,0.3956,0.3959,2486597.7
2026-09-18 19:00:00+00:00,0.396,0.4001,0.3958,0.3983,2015586.6
2026-09-18 20:00:00+00:00,0.3982,0.3996,0.3955,0.3982,2078900.0
2026-09-18 21:00:00+00:00,0.3982,0.4028,0.3976,0.4002,1889394.9
2026-09-18 22:00:00+00:00,0.4003,0.4007,0.3945,0.3973,1931518.6
2026-09-18 23:00:00+00:00,0.3973,0.3998,0.3966,0.3987,1048078.3
2026-09-19 00:00:00+00:00,0.3987,0.4049,0.3987,0.4025,2843508.8
2026-09-19 01:00:00+00:00,0.4026,0.4038,0.3953,0.4037,2085950.6
2026-09-19 02:00:00+00:00,0.4038,0.4153,0.4033,0.4081,5030799.9
2026-09-19 03:00:00+00:00,0.4081,0.4107,0.4052,0.4079,2278003.5
2026-09-19 04:00:00+00:00,0.4078,0.4112,0.4014,0.4031,1989775.4
2026-09-19 05:00:00+00:00,0.403,0.4056,0.3984,0.3997,2361400.9
2026-09-19 06:00:00+00:00,0.3996,0.4011,0.3934,0.3987,2319104.3
2026-09-19 07:00:00+00:00,0.3986,0.3994,0.3944,0.3945,1093231.4
2026-09-19 08:00:00+00:00,0.3947,0.4037,0.3937,0.4017,1370136.4
2026-09-19 09:00:00+00:00,0.4016,0.4072,0.401,0.4062,2589785.9
2026-09-19 10:00:00+00:00,0.4061,0.4099,0.4041,0.4055,1460773.9
2026-09-19 11:00:00+00:00,0.4053,0.4154,0.4053,0.4094,3600683.8
2026-09-19 12:00:00+00:00,0.4093,0.4275,0.4089,0.4261,8498122.4
2026-09-19 13:00:00+00:00,0.4261,0.427,0.4168,0.4254,6281493.5
2026-09-19 14:00:00+00:00,0.4253,0.4393,0.423,0.4362,7600201.2
2026-09-19 15:00:00+00:00,0.4362,0.4434,0.431,0.4346,9496105.5
2026-09-19 16:00:00+00:00,0.4347,0.4397,0.428,0.439,3473032.7
2026-09-19 17:00:00+00:00,0.4392,0.4405,0.4314,0.4352,3855007.2
2026-09-19 18:00:00+00:00,0.4353,0.4368,0.4289,0.4314,2439419.2
2026-09-19 19:00:00+00:00,0.4315,0.4344,0.4237,0.4248,1957432.5
2026-09-19 20:00:00+00:00,0.4248,0.4269,0.4161,0.417,2933416.1
2026-09-19 21:00:00+00:00,0.4172,0.4191,0.4138,0.4148,2239575.2
2026-09-19 22:00:00+00:00,0.4147,0.4224,0.4114,0.4214,1727816.1
2026-09-19 23:00:00+00:00,0.4214,0.424,0.4195,0.4203,1284988.5
2026-09-20 00:00:00+00:00,0.4202,0.423,0.4172,0.4201,1826793.0
2026-09-20 01:00:00+00:00,0.4202,0.4205,0.4086,0.4132,2540317.1
2026-09-20 02:00:00+00:00,0.4133,0.4168,0.4011,0.4014,5463383.2
2026-09-20 03:00:00+00:00,0.4015,0.4079,0.4014,0.4065,2096689.5
2026-09-20 04:00:00+00:00,0.4066,0.4089,0.4045,0.408,802309.8
2026-09-20 05:00:00+00:00,0.4081,0.4096,0.4051,0.4092,1279556.8
2026-09-20 06:00:00+00:00,0.4091,0.4114,0.4062,0.4082,1319186.2
2026-09-20 07:00:00+00:00,0.4083,0.4111,0.4074,0.4077,777637.1
2026-09-20 08:00:00+00:00,0.4077,0.4105,0.4066,0.4071,739845.9
2026-09-20 09:00:00+00:00,0.4071,0.4142,0.4065,0.4083,1595757.0
2026-09-20 10:00:00+00:00,0.4084,0.4157,0.4045,0.4099,3044750.4
2026-09-20 11:00:00+00:00,0.41,0.4152,0.4093,0.4134,1431715.6
2026-09-20 12:00:00+00:00,0.4133,0.4158,0.4093,0.413,2073950.0
2026-09-20 13:00:00+00:00,0.413,0.4133,0.4055,0.4075,1332903.9
2026-09-20 14:00:00+00:00,0.4074,0.4121,0.4073,0.4089,1311967.4
2026-09-20 15:00:00+00:00,0.409,0.4174,0.409,0.417,1592745.7
2026-09-20 16:00:00+00:00,0.417,0.4337,0.4153,0.4302,5398764.6
2026-09-20 17:00:00+00:00,0.4302,0.4308,0.4204,0.4221,3456378.3
2026-09-20 18:00:00+00:00,0.422,0.4254,0.4161,0.418,1508287.6
2026-09-20 19:00:00+00:00,0.418,0.4343,0.4179,0.4278,1973607.3
2026-09-20 20:00:00+00:00,0.4277,0.4328,0.4274,0.4282,1567949.2
2026-09-20 21:00:00+00:00,0.4282,0.4288,0.4204,0.4286,2364780.5
2026-09-20 22:00:00+00:00,0.4287,0.4395,0.4245,0.4339,4459807.1
2026-09-20 23:00:00+00:00,0.4339,0.438,0.4299,0.4326,3031526.3
2026-09-21 00:00:00+00:00,0.4327,0.4463,0.4326,0.4429,5985422.5
2026-09-21 01:00:00+00:00,0.4428,0.4445,0.4221,0.4238,4004733.0
2026-09-21 02:00:00+00:00,0.4238,0.4286,0.4216,0.4266,2933906.5
2026-09-21 03:00:00+00:00,0.4266,0.4332,0.4266,0.4304,1620490.7
2026-09-21 04:00:00+00:00,0.4304,0.4309,0.424,0.426,1580356.9
2026-09-21 05:00:00+00:00,0.426,0.4301,0.424,0.4291,1223923.0
2026-09-21 06:00:00+00:00,0.4291,0.4388,0.4278,0.4326,2553909.3
2026-09-21 07:00:00+00:00,0.4324,0.4346,0.428,0.4322,1365434.9
2026-09-21 08:00:00+00:00,0.4321,0.4419,0.4317,0.4409,4652289.3
2026-09-21 09:00:00+00:00,0.441,0.4448,0.4339,0.4356,4883397.5
2026-09-21 10:00:00+00:00,0.4357,0.456,0.4348,0.4495,7242240.1
2026-09-21 11:00:00+00:00,0.4495,0.4571,0.4483,0.4516,3777738.5
2026-09-21 12:00:00+00:00,0.4516,0.4588,0.4507,0.455,3836830.8
2026-09-21 13:00:00+00:00,0.455,0.456,0.4443,0.4525,4476299.2
2026-09-21 14:00:00+00:00,0.4524,0.4536,0.4445,0.4472,3621818.7
2026-09-21 15:00:00+00:00,0.447,0.4501,0.4372,0.4438,5037511.5
2026-09-21 16:00:00+00:00,0.4438,0.4535,0.4419,0.4467,5398729.9
2026-09-21 17:00:00+00:00,0.4466,0.4488,0.438,0.4398,2630515.9
2026-09-21 18:00:00+00:00,0.4398,0.4424,0.4357,0.4405,2513528.3
2026-09-21 19:00:00+00:00,0.4405,0.4444,0.4384,0.4444,1432538.0
2026-09-21 20:00:00+00:00,0.4444,0.4538,0.4437,0.4532,3522589.3
2026-09-21 21:00:00+00:00,0.4532,0.4557,0.4492,0.4505,1959292.2
2026-09-21 22:00:00+00:00,0.4504,0.4624,0.4502,0.4582,4761422.4
2026-09-21 23:00:00+00:00,0.4582,0.4609,0.4534,0.4579,2364514.2
2026-09-22 00:00:00+00:00,0.458,0.4639,0.4485,0.4493,3942998.8
2026-09-22 01:00:00+00:00,0.4494,0.451,0.4378,0.441,8155722.0
2026-09-22 02:00:00+00:00,0.441,0.4443,0.4369,0.438,4410322.8
2026-09-22 03:00:00+00:00,0.4379,0.441,0.4338,0.4398,3887632.2
2026-09-22 04:00:00+00:00,0.4399,0.4413,0.4312,0.4332,3240222.7
2026-09-22 05:00:00+00:00,0.4333,0.4371,0.4288,0.4341,2535760.4
2026-09-22 06:00:00+00:00,0.4341,0.4355,0.4302,0.4315,1824463.6
2026-09-22 07:00:00+00:00,0.4316,0.4342,0.4292,0.4322,3062547.1
2026-09-22 08:00:00+00:00,0.4323,0.439,0.4295,0.4377,3179891.1
2026-09-22 09:00:00+00:00,0.4376,0.4377,0.4312,0.434,3237056.6
2026-09-22 10:00:00+00:00,0.434,0.434,0.4252,0.4303,4146879.1
2026-09-22 11:00:00+00:00,0.4302,0.4319,0.4273,0.4296,1575393.3
2026-09-22 12:00:00+00:00,0.4295,0.4348,0.4262,0.4343,2921190.0
2026-09-22 13:00:00+00:00,0.4344,0.4367,0.4302,0.4363,4829479.3
2026-09-22 14:00:00+00:00,0.4361,0.4361,0.4218,0.4294,5750197.0
2026-09-22 15:00:00+00:00,0.4294,0.4338,0.4286,0.4296,2569586.3
2026-09-22 16:00:00+00:00,0.4296,0.432,0.4256,0.4293,3000466.1
2026-09-22 17:00:00+00:00,0.4293,0.4339,0.4286,0.4313,1673114.7
2026-09-22 18:00:00+00:00,0.4313,0.4359,0.4308,0.4328,1647300.4
2026-09-22 19:00:00+00:00,0.4329,0.4371,0.4329,0.4369,1690427.3
2026-09-22 20:00:00+00:00,0.437,0.4384,0.4341,0.4356,1043141.0
2026-09-22 21:00:00+00:00,0.4358,0.4375,0.4338,0.4353,1278792.5
2026-09-22 22:00:00+00:00,0.4352,0.441,0.4317,0.4378,1950124.3
2026-09-22 23:00:00+00:00,0.438,0.4444,0.4375,0.4413,2384687.2
2026-09-23 00:00:00+00:00,0.4412,0.4441,0.4361,0.4375,2404270.2
2026-09-23 01:00:00+00:00,0.4375,0.4423,0.4363,0.439,2801776.4
2026-09-23 02:00:00+00:00,0.4389,0.4427,0.4362,0.4426,1513027.9
2026-09-23 03:00:00+00:00,0.4425,0.4473,0.4407,0.4441,3566350.9
2026-09-23 04:00:00+00:00,0.4441,0.4458,0.4407,0.4429,2802084.9
2026-09-23 05:00:00+00:00,0.4428,0.4429,0.4371,0.4385,2088911.3
2026-09-23 06:00:00+00:00,0.4385,0.4429,0.4385,0.44,1308221.2
2026-09-23 07:00:00+00:00,0.44,0.4402,0.4333,0.435,3274423.7
2026-09-23 08:00:00+00:00,0.4351,0.4402,0.43,0.434,2632716.4
2026-09-23 09:00:00+00:00,0.4338,0.4393,0.4338,0.4363,1787342.9
2026-09-23 10:00:00+00:00,0.4364,0.4412,0.4326,0.4412,2123794.3
2026-09-23 11:00:00+00:00,0.441,0.4417,0.4309,0.4351,2086196.0
2026-09-23 12:00:00+00:00,0.4349,0.4354,0.4286,0.4319,2333252.8
2026-09-23 13:00:00+00:00,0.432,0.4322,0.427,0.4305,2601125.5
2026-09-23 14:00:00+00:00,0.4306,0.4328,0.4058,0.4204,15897191.6
2026-09-23 15:00:00+00:00,0.4203,0.4218,0.4106,0.411,2399263.6
2026-09-23 16:00:00+00:00,0.4108,0.4183,0.4043,0.4168,4485895.8
2026-09-23 17:00:00+00:00,0.4167,0.4186,0.4125,0.4166,1460801.3
2026-09-23 18:00:00+00:00,0.4166,0.4166,0.4109,0.4113,811350.1
2026-09-23 19:00:00+00:00,0.4114,0.4138,0.4103,0.4115,731221.0
2026-09-23 20:00:00+00:00,0.4115,0.413,0.4095,0.41,1258074.4
2026-09-23 21:00:00+00:00,0.41,0.4147,0.4087,0.4124,1070602.0
2026-09-23 22:00:00+00:00,0.4123,0.4159,0.4121,0.4141,1016593.1
2026-09-23 23:00:00+00:00,0.414,0.414,0.4116,0.4126,503631.1
2026-09-24 00:00:00+00:00,0.4126,0.4136,0.4073,0.4091,1305544.5
2026-09-24 01:00:00+00:00,0.4092,0.4122,0.408,0.4086,877164.1
2026-09-24 02:00:00+00:00,0.4087,0.42,0.4071,0.4175,1255214.2
2026-09-24 03:00:00+00:00,0.4176,0.4214,0.4155,0.4191,2198549.0
2026-09-24 04:00:00+00:00,0.419,0.4273,0.4179,0.4267,3403648.3
2026-09-24 05:00:00+00:00,0.4267,0.4323,0.4261,0.4283,3046164.1
2026-09-24 06:00:00+00:00,0.4284,0.4347,0.428,0.4304,2586221.7
2026-09-24 07:00:00+00:00,0.4304,0.4433,0.4287,0.4388,5990213.3
2026-09-24 08:00:00+00:00,0.4387,0.4401,0.4259,0.4293,3941865.8
2026-09-24 09:00:00+00:00,0.4294,0.4315,0.4203,0.4234,3833537.4
2026-09-24 10:00:00+00:00,0.4234,0.4257,0.4178,0.425,3486741.2
2026-09-24 11:00:00+00:00,0.4249,0.4295,0.4249,0.4283,2755202.8
2026-09-24 12:00:00+00:00,0.4282,0.471,0.428,0.4564,45876958.6
2026-09-24 13:00:00+00:00,0.4565,0.4881,0.4537,0.4855,27451793.0
2026-09-24 14:00:00+00:00,0.4854,0.515,0.4829,0.497,43504212.9
2026-09-24 15:00:00+00:00,0.497,0.5241,0.4935,0.5131,33219235.9
2026-09-24 16:00:00+00:00,0.5132,0.5248,0.5096,0.5183,14233703.8
2026-09-24 17:00:00+00:00,0.5181,0.5291,0.5145,0.523,12630100.4
2026-09-24 18:00:00+00:00,0.5231,0.5231,0.4977,0.5072,13846498.7
2026-09-24 19:00:00+00:00,0.5072,0.5194,0.5035,0.5115,4453660.1
2026-09-24 20:00:00+00:00,0.5115,0.5162,0.5062,0.511,2704491.7
2026-09-24 21:00:00+00:00,0.5111,0.5296,0.5108,0.5257,5000400.9
2026-09-24 22:00:00+00:00,0.5256,0.5259,0.5157,0.5182,3777106.9
2026-09-24 23:00:00+00:00,0.5182,0.527,0.5154,0.522,4144203.3
2026-09-25 00:00:00+00:00,0.5219,0.533,0.5176,0.5257,8245842.6
2026-09-25 01:00:00+00:00,0.5256,0.539,0.5218,0.5275,9017724.6
2026-09-25 02:00:00+00:00,0.5274,0.5416,0.523,0.5267,7999353.4
2026-09-25 03:00:00+00:00,0.5267,0.5359,0.5164,0.5267,7930653.0
2026-09-25 04:00:00+00:00,0.5267,0.5438,0.5227,0.5328,5756806.2
2026-09-25 05:00:00+00:00,0.5329,0.5401,0.5291,0.5392,2645042.7
2026-09-25 06:00:00+00:00,0.5391,0.5492,0.5331,0.545,8716017.5
2026-09-25 07:00:00+00:00,0.545,0.5696,0.5445,0.567,14750466.4
2026-09-25 08:00:00+00:00,0.5669,0.5794,0.5604,0.5618,11856113.2
2026-09-25 09:00:00+00:00,0.5619,0.5664,0.5503,0.5592,6924648.4
2026-09-25 10:00:00+00:00,0.5592,0.5592,0.5466,0.5503,6189413.0
2026-09-25 11:00:00+00:00,0.5504,0.5593,0.5367,0.5391,7273856.1
2026-09-25 12:00:00+00:00,0.539,0.5514,0.5369,0.5495,6624487.7
2026-09-25 13:00:00+00:00,0.5494,0.5538,0.5421,0.548,4479109.3
2026-09-25 14:00:00+00:00,0.5479,0.5488,0.5346,0.5442,5719480.8
2026-09-25 15:00:00+00:00,0.5441,0.5441,0.5286,0.5331,4315050.0
2026-09-25 16:00:00+00:00,0.5331,0.541,0.533,0.5346,3987975.6
2026-09-25 17:00:00+00:00,0.5346,0.5431,0.5345,0.5395,1765690.7
2026-09-25 18:00:00+00:00,0.5396,0.5425,0.5368,0.5406,1497208.5
2026-09-25 19:00:00+00:00,0.5406,0.5455,0.5369,0.5428,1343589.2
2026-09-25 20:00:00+00:00,0.5429,0.5511,0.5428,0.5456,2346180.6
2026-09-25 21:00:00+00:00,0.5455,0.5461,0.5367,0.539,1918234.1
2026-09-25 22:00:00+00:00,0.5388,0.5582,0.5388,0.5502,3531618.2
2026-09-25 23:00:00+00:00,0.5503,0.5551,0.5476,0.5492,2427043.9
2026-09-26 00:00:00+00:00,0.5493,0.5562,0.5435,0.5464,3724765.6
2026-09-26 01:00:00+00:00,0.5463,0.5475,0.5419,0.5436,1428853.8
2026-09-26 02:00:00+00:00,0.5436,0.5458,0.5388,0.5402,1793701.8
2026-09-26 03:00:00+00:00,0.5401,0.5408,0.5372,0.5399,1532530.4
2026-09-26 04:00:00+00:00,0.5398,0.5486,0.5398,0.5457,1637797.0
2026-09-26 05:00:00+00:00,0.5456,0.5457,0.5411,0.5417,971111.1
2026-09-26 06:00:00+00:00,0.5415,0.5478,0.5404,0.5462,1351135.9
2026-09-26 07:00:00+00:00,0.5463,0.5523,0.5463,0.5483,1471697.6
2026-09-26 08:00:00+00:00,0.5483,0.5509,0.5426,0.5464,2211978.0
2026-09-26 09:00:00+00:00,0.5465,0.5494,0.543,0.5494,1158170.5
2026-09-26 10:00:00+00:00,0.5495,0.5609,0.5495,0.5565,3228170.9
2026-09-26 11:00:00+00:00,0.5564,0.5591,0.5523,0.554,2152629.9
2026-09-26 12:00:00+00:00,0.5541,0.5546,0.5437,0.5439,2370255.0
2026-09-26 13:00:00+00:00,0.5439,0.5504,0.5413,0.5486,2085455.7
2026-09-26 14:00:00+00:00,0.5486,0.5513,0.5448,0.5513,1997728.4
2026-09-26 15:00:00+00:00,0.5514,0.5514,0.5428,0.5465,2135847.2
2026-09-26 16:00:00+00:00,0.5467,0.5477,0.5429,0.5454,2321837.0
2026-09-26 17:00:00+00:00,0.5454,0.5456,0.5345,0.5377,2750445.0
2026-09-26 18:00:00+00:00,0.5377,0.54,0.5324,0.5377,1796575.1
2026-09-26 19:00:00+00:00,0.5376,0.5409,0.536,0.536,914282.6
2026-09-26 20:00:00+00:00,0.5362,0.5384,0.5295,0.5344,1443585.3
2026-09-26 21:00:00+00:00,0.5343,0.5378,0.532,0.5348,1294953.5
2026-09-26 22:00:00+00:00,0.5348,0.5378,0.5327,0.5342,1018231.2
2026-09-26 23:00:00+00:00,0.5342,0.5388,0.5338,0.5378,548147.9
2026-09-27 00:00:00+00:00,0.5377,0.54,0.534,0.5388,1160048.6
2026-09-27 01:00:00+00:00,0.5386,0.5394,0.5313,0.5384,1281319.8
2026-09-27 02:00:00+00:00,0.5383,0.5417,0.5333,0.5338,936218.0
2026-09-27 03:00:00+00:00,0.5339,0.5351,0.5315,0.5316,851905.2
2026-09-27 04:00:00+00:00,0.5315,0.5335,0.5276,0.5293,1617851.1
2026-09-27 05:00:00+00:00,0.5293,0.5361,0.5282,0.5356,931706.7
2026-09-27 06:00:00+00:00,0.5356,0.5431,0.5355,0.54,1523437.2
2026-09-27 07:00:00+00:00,0.5399,0.5466,0.5382,0.5439,3036431.1
2026-09-27 08:00:00+00:00,0.5439,0.5487,0.5405,0.5462,2187960.0
2026-09-27 09:00:00+00:00,0.5463,0.5471,0.5396,0.5447,1800735.4
2026-09-27 10:00:00+00:00,0.5447,0.5463,0.5423,0.5451,1361277.2
2026-09-27 11:00:00+00:00,0.545,0.5478,0.5424,0.546,1443415.9
2026-09-27 12:00:00+00:00,0.5459,0.5468,0.5424,0.5442,1681365.4
2026-09-27 13:00:00+00:00,0.5443,0.557,0.5373,0.5505,7623886.3
2026-09-27 14:00:00+00:00,0.5506,0.5513,0.5345,0.5395,4338053.7
2026-09-27 15:00:00+00:00,0.5395,0.5431,0.5334,0.5426,2857857.4
2026-09-27 16:00:00+00:00,0.5425,0.5484,0.5401,0.5426,2711312.6
2026-09-27 17:00:00+00:00,0.5426,0.5507,0.5421,0.549,1119800.2
2026-09-27 18:00:00+00:00,0.5491,0.555,0.5479,0.553,1723760.2
2026-09-27 19:00:00+00:00,0.553,0.5569,0.5509,0.5557,1976937.5
2026-09-27 20:00:00+00:00,0.5557,0.5644,0.5509,0.5524,2971069.8
2026-09-27 21:00:00+00:00,0.5523,0.5624,0.5509,0.559,1925243.6
2026-09-27 22:00:00+00:00,0.5591,0.5606,0.55,0.5563,2102527.8
2026-09-27 23:00:00+00:00,0.5564,0.5905,0.5526,0.5877,7455083.0
2026-09-28 00:00:00+00:00,0.5876,0.5938,0.5615,0.5638,8824770.2
2026-09-28 01:00:00+00:00,0.5639,0.5786,0.5566,0.5731,5173744.3
2026-09-28 02:00:00+00:00,0.573,0.5807,0.566,0.5678,4241653.5
2026-09-28 03:00:00+00:00,0.5679,0.5763,0.5605,0.57,3342985.2
2026-09-28 04:00:00+00:00,0.5699,0.6089,0.5633,0.5947,12084595.4
2026-09-28 05:00:00+00:00,0.5947,0.5959,0.5663,0.5813,8039766.6
2026-09-28 06:00:00+00:00,0.5812,0.5827,0.5671,0.5695,3986540.3
2026-09-28 07:00:00+00:00,0.5695,0.5714,0.5023,0.5197,21817409.2
2026-09-28 08:00:00+00:00,0.5198,0.5316,0.5132,0.5194,17291646.9
2026-09-28 09:00:00+00:00,0.5195,0.5248,0.5067,0.5103,11918716.8
2026-09-28 10:00:00+00:00,0.5104,0.5245,0.5092,0.52,8393566.2
2026-09-28 11:00:00+00:00,0.5201,0.5258,0.5191,0.5237,4819739.8
2026-09-28 12:00:00+00:00,0.5237,0.5419,0.5219,0.533,8345698.2
2026-09-28 13:00:00+00:00,0.533,0.5364,0.5227,0.5229,4180806.4
2026-09-28 14:00:00+00:00,0.5229,0.5247,0.5084,0.514,9790288.4
2026-09-28 15:00:00+00:00,0.514,0.5193,0.5107,0.5142,4078471.8
2026-09-28 16:00:00+00:00,0.5142,0.5276,0.5106,0.5166,4215989.1
2026-09-28 17:00:00+00:00,0.5166,0.5257,0.5124,0.5204,2966083.8
2026-09-28 18:00:00+00:00,0.5202,0.522,0.5152,0.5203,2595175.8
2026-09-28 19:00:00+00:00,0.5203,0.5204,0.5075,0.5105,2056296.0
2026-09-28 20:00:00+00:00,0.5106,0.5175,0.5087,0.5157,1065237.2
2026-09-28 21:00:00+00:00,0.5158,0.5199,0.5078,0.5091,1380961.2
2026-09-28 22:00:00+00:00,0.5093,0.5153,0.5066,0.5152,2345578.9
2026-09-28 23:00:00+00:00,0.5153,0.5203,0.5147,0.5199,1369009.9
2026-09-29 00:00:00+00:00,0.5198,0.5283,0.5155,0.5155,3208807.3
2026-09-29 01:00:00+00:00,0.5154,0.5202,0.498,0.5042,6175150.6
2026-09-29 02:00:00+00:00,0.5043,0.5064,0.4917,0.4971,5506484.8
2026-09-29 03:00:00+00:00,0.4971,0.511,0.4966,0.509,3485078.1
2026-09-29 04:00:00+00:00,0.5088,0.5177,0.5071,0.5102,2402899.7
2026-09-29 05:00:00+00:00,0.5101,0.5153,0.5029,0.5098,2229899.9
2026-09-29 06:00:00+00:00,0.5098,0.5234,0.5084,0.5199,3686330.5
2026-09-29 07:00:00+00:00,0.52,0.5252,0.517,0.5248,4273833.7
2026-09-29 08:00:00+00:00,0.5248,0.5263,0.518,0.5195,3054356.9
2026-09-29 09:00:00+00:00,0.5195,0.5279,0.5158,0.5278,4260806.9
2026-09-29 10:00:00+00:00,0.5279,0.5315,0.5198,0.5214,2777266.0
2026-09-29 11:00:00+00:00,0.5215,0.5268,0.5181,0.5247,3506245.2
2026-09-29 12:00:00+00:00,0.5245,0.5266,0.5176,0.5178,3559286.7
2026-09-29 13:00:00+00:00,0.5177,0.5211,0.5126,0.5161,4626055.5
2026-09-29 14:00:00+00:00,0.5162,0.5238,0.5103,0.5181,3997018.7
2026-09-29 15:00:00+00:00,0.518,0.5185,0.5049,0.5067,3464726.5
2026-09-29 16:00:00+00:00,0.5066,0.51,0.4996,0.5026,3308072.7
2026-09-29 17:00:00+00:00,0.5026,0.5047,0.4981,0.5007,1376624.0
2026-09-29 18:00:00+00:00,0.5007,0.5127,0.5007,0.51,1567212.8
2026-09-29 19:00:00+00:00,0.5099,0.517,0.5099,0.511,1291893.8
2026-09-29 20:00:00+00:00,0.511,0.5129,0.5069,0.5082,1368927.9
2026-09-29 21:00:00+00:00,0.5081,0.5096,0.5043,0.507,1114184.1
2026-09-29 22:00:00+00:00,0.5071,0.5097,0.5037,0.5051,688498.4
2026-09-29 23:00:00+00:00,0.505,0.5085,0.5001,0.502,1174593.8
2026-09-30 00:00:00+00:00,0.5019,0.5071,0.4984,0.5063,2173761.5
2026-09-30 01:00:00+00:00,0.5063,0.5104,0.5034,0.5038,1524848.3
2026-09-30 02:00:00+00:00,0.5038,0.5065,0.496,0.5005,1779239.6
2026-09-30 03:00:00+00:00,0.5005,0.5018,0.4958,0.4974,1164644.4
2026-09-30 04:00:00+00:00,0.4973,0.5048,0.4968,0.5017,2269730.8
2026-09-30 05:00:00+00:00,0.5017,0.5085,0.4994,0.5054,3526691.1
2026-09-30 06:00:00+00:00,0.5052,0.5071,0.4979,0.4994,3873832.4
2026-09-30 07:00:00+00:00,0.4994,0.502,0.496,0.4982,1766102.1
2026-09-30 08:00:00+00:00,0.498,0.5008,0.4942,0.499,2976603.4
2026-09-30 09:00:00+00:00,0.499,0.5092,0.4986,0.5041,3075014.2
2026-09-30 10:00:00+00:00,0.5041,0.5087,0.5039,0.5069,1811680.4
2026-09-30 11:00:00+00:00,0.5067,0.5091,0.5025,0.5062,2069033.9
2026-09-30 12:00:00+00:00,0.5062,0.5202,0.5011,0.5198,6832206.7
2026-09-30 13:00:00+00:00,0.5197,0.526,0.5077,0.5133,10159507.4
2026-09-30 14:00:00+00:00,0.5134,0.5159,0.4966,0.5005,8576744.6
2026-09-30 15:00:00+00:00,0.5005,0.5024,0.4922,0.5015,5058677.4
2026-09-30 16:00:00+00:00,0.5015,0.5137,0.5011,0.5128,2559916.8
2026-09-30 17:00:00+00:00,0.5128,0.5137,0.5042,0.505,2217356.8
2026-09-30 18:00:00+00:00,0.505,0.506,0.4773,0.4884,11035714.9
2026-09-30 19:00:00+00:00,0.4884,0.4918,0.4833,0.4898,3635705.4
2026-09-30 20:00:00+00:00,0.49,0.4986,0.4888,0.4956,3516279.3
2026-09-30 21:00:00+00:00,0.4957,0.4985,0.4934,0.4948,985317.0
2026-09-30 22:00:00+00:00,0.4949,0.5034,0.4913,0.5006,853852.2
2026-09-30 23:00:00+00:00,0.5004,0.5033,0.4991,0.4998,1431120.0
2026-10-01 00:00:00+00:00,0.4998,0.5089,0.4982,0.504,2951619.7
2026-10-01 01:00:00+00:00,0.504,0.513,0.5038,0.5043,3565420.7
2026-10-01 02:00:00+00:00,0.5043,0.5084,0.5008,0.5057,2053072.6
2026-10-01 03:00:00+00:00,0.5056,0.5099,0.504,0.508,1633916.9
2026-10-01 04:00:00+00:00,0.5081,0.5133,0.5062,0.5094,2383061.9
2026-10-01 05:00:00+00:00,0.5095,0.5123,0.5081,0.5101,1496538.5
2026-10-01 06:00:00+00:00,0.5101,0.5121,0.5071,0.5097,1845885.5
2026-10-01 07:00:00+00:00,0.5096,0.5115,0.5,0.5002,3152099.1
2026-10-01 08:00:00+00:00,0.5003,0.5043,0.4985,0.5025,1738381.6
2026-10-01 09:00:00+00:00,0.5025,0.5043,0.4972,0.4977,1777060.3
2026-10-01 10:00:00+00:00,0.4978,0.5034,0.4932,0.5017,2889099.4
2026-10-01 11:00:00+00:00,0.5016,0.5038,0.498,0.5022,1445917.3
2026-10-01 12:00:00+00:00,0.5023,0.5036,0.4979,0.4984,1625049.5
2026-10-01 13:00:00+00:00,0.4984,0.503,0.4928,0.498,2836986.9
2026-10-01 14:00:00+00:00,0.4978,0.498,0.489,0.4917,2962450.1
2026-10-01 15:00:00+00:00,0.4917,0.4953,0.487,0.4916,2632490.1
2026-10-01 16:00:00+00:00,0.4914,0.4936,0.4842,0.4853,3782349.0
2026-10-01 17:00:00+00:00,0.4855,0.4992,0.4855,0.4966,2264572.1
2026-10-01 18:00:00+00:00,0.4966,0.5007,0.4934,0.4953,3122411.3
2026-10-01 19:00:00+00:00,0.4953,0.4973,0.4901,0.496,3355148.0
2026-10-01 20:00:00+00:00,0.4961,0.4981,0.4942,0.4947,961698.4
2026-10-01 21:00:00+00:00,0.4946,0.4949,0.4866,0.488,1326488.4
2026-10-01 22:00:00+00:00,0.4879,0.4932,0.4879,0.4909,1045210.4
2026-10-01 23:00:00+00:00,0.491,0.4983,0.4898,0.4973,1248014.3
2026-10-02 00:00:00+00:00,0.4972,0.4998,0.4929,0.4932,974685.2
2026-10-02 01:00:00+00:00,0.4931,0.4951,0.4896,0.4928,820692.4
2026-10-02 02:00:00+00:00,0.4929,0.4991,0.4917,0.4991,1178739.9
2026-10-02 03:00:00+00:00,0.4991,0.5002,0.4943,0.496,651699.4
