time,open,high,low,close,volume
2026-06-04 04:00:00+00:00,0.05677,0.0571,0.05593,0.056,6360113.3
2026-06-04 05:00:00+00:00,0.056,0.056,0.05499,0.05518,14646168.2
2026-06-04 06:00:00+00:00,0.05518,0.05588,0.05499,0.05534,7493915.1
2026-06-04 07:00:00+00:00,0.05535,0.05538,0.05417,0.05424,13146068.3
2026-06-04 08:00:00+00:00,0.05424,0.05458,0.05334,0.05362,14842169.4
2026-06-04 09:00:00+00:00,0.05362,0.05365,0.05262,0.05335,12091009.7
2026-06-04 10:00:00+00:00,0.05335,0.05339,0.05266,0.05279,9038121.3
2026-06-04 11:00:00+00:00,0.0528,0.0535,0.05251,0.05341,7184427.2
2026-06-04 12:00:00+00:00,0.05341,0.05421,0.0529,0.05418,6288185.9
2026-06-04 13:00:00+00:00,0.05418,0.05436,0.05337,0.05423,7320308.0
2026-06-04 14:00:00+00:00,0.05424,0.05429,0.0533,0.054,11174975.4
2026-06-04 15:00:00+00:00,0.054,0.05464,0.05356,0.05385,6025053.7
2026-06-04 16:00:00+00:00,0.05385,0.05401,0.05294,0.05296,7806201.3
2026-06-04 17:00:00+00:00,0.05296,0.05334,0.05258,0.05316,5586519.5
2026-06-04 18:00:00+00:00,0.05316,0.05351,0.05244,0.05312,4494458.0
2026-06-04 19:00:00+00:00,0.05311,0.05361,0.05262,0.0527,3824769.8
2026-06-04 20:00:00+00:00,0.0527,0.05272,0.052,0.05253,8785425.0
2026-06-04 21:00:00+00:00,0.05253,0.05276,0.05168,0.05178,6382149.8
2026-06-04 22:00:00+00:00,0.05178,0.05256,0.05162,0.0525,6018372.6
2026-06-04 23:00:00+00:00,0.05249,0.05273,0.05184,0.0522,3266844.3
2026-06-05 00:00:00+00:00,0.05221,0.05279,0.05181,0.05226,5262164.6
2026-06-05 01:00:00+00:00,0.05225,0.05254,0.05174,0.05237,4869129.0
2026-06-05 02:00:00+00:00,0.05237,0.05246,0.05119,0.05126,6179706.5
2026-06-05 03:00:00+00:00,0.05127,0.05181,0.05094,0.0511,7706692.1
2026-06-05 04:00:00+00:00,0.05112,0.05199,0.05086,0.05183,5403161.7
2026-06-05 05:00:00+00:00,0.05184,0.05195,0.05073,0.05084,6879865.2
2026-06-05 06:00:00+00:00,0.05084,0.05098,0.04929,0.05009,17965767.1
2026-06-05 07:00:00+00:00,0.05008,0.05085,0.04913,0.05064,11249911.7
2026-06-05 08:00:00+00:00,0.05065,0.05067,0.04929,0.04941,4102745.3
2026-06-05 09:00:00+00:00,0.04942,0.05008,0.04927,0.04972,4882526.8
2026-06-05 10:00:00+00:00,0.04972,0.05001,0.04911,0.04931,3786949.8
2026-06-05 11:00:00+00:00,0.04931,0.04935,0.0488,0.04904,5020858.7
2026-06-05 12:00:00+00:00,0.04905,0.04945,0.04856,0.04883,5958635.2
2026-06-05 13:00:00+00:00,0.04882,0.04968,0.0475,0.0475,10908594.3
2026-06-05 14:00:00+00:00,0.0475,0.04866,0.04736,0.04799,18572631.0
2026-06-05 15:00:00+00:00,0.048,0.04805,0.04646,0.047,15738144.0
2026-06-05 16:00:00+00:00,0.04699,0.0479,0.04592,0.04757,13499150.7
2026-06-05 17:00:00+00:00,0.04756,0.04797,0.04723,0.04739,4067122.9
2026-06-05 18:00:00+00:00,0.04739,0.04774,0.04553,0.04566,7375975.0
2026-06-05 19:00:00+00:00,0.04565,0.04697,0.04504,0.04679,8336908.7
2026-06-05 20:00:00+00:00,0.04679,0.04808,0.04632,0.04781,6185068.6
2026-06-05 21:00:00+00:00,0.0478,0.04851,0.04778,0.04819,3535725.6
2026-06-05 22:00:00+00:00,0.04818,0.04818,0.04734,0.04775,2725841.1
2026-06-05 23:00:00+00:00,0.04776,0.04803,0.04631,0.04707,3672980.8
2026-06-06 00:00:00+00:00,0.04708,0.04788,0.04707,0.04788,2858072.0
2026-06-06 01:00:00+00:00,0.04788,0.04801,0.04732,0.04748,2271214.9
2026-06-06 02:00:00+00:00,0.04747,0.04781,0.04722,0.04742,1767950.1
2026-06-06 03:00:00+00:00,0.04741,0.04747,0.04676,0.04685,1757970.0
2026-06-06 04:00:00+00:00,0.04685,0.04702,0.04476,0.04509,9099578.9
2026-06-06 05:00:00+00:00,0.0451,0.04641,0.04448,0.04636,8090983.2
2026-06-06 06:00:00+00:00,0.04637,0.04704,0.04628,0.04634,4032599.3
2026-06-06 07:00:00+00:00,0.04635,0.04722,0.04623,0.04715,2640951.5
2026-06-06 08:00:00+00:00,0.04714,0.04811,0.04703,0.04798,5822677.9
2026-06-06 09:00:00+00:00,0.04798,0.04872,0.04752,0.04773,5726317.5
2026-06-06 10:00:00+00:00,0.04773,0.04776,0.04618,0.04654,6365950.6
2026-06-06 11:00:00+00:00,0.04653,0.04696,0.04639,0.04684,2239939.9
2026-06-06 12:00:00+00:00,0.04685,0.04755,0.04655,0.04741,3636596.5
2026-06-06 13:00:00+00:00,0.0474,0.0478,0.04715,0.04736,2103945.4
2026-06-06 14:00:00+00:00,0.04736,0.04765,0.04718,0.04731,1938929.3
2026-06-06 15:00:00+00:00,0.04732,0.04749,0.04652,0.04726,4657093.5
2026-06-06 16:00:00+00:00,0.04726,0.04802,0.04691,0.04742,5832668.2
2026-06-06 17:00:00+00:00,0.04742,0.04757,0.04679,0.047,2476514.8
2026-06-06 18:00:00+00:00,0.04699,0.0474,0.04682,0.047,1460638.3
2026-06-06 19:00:00+00:00,0.047,0.04729,0.04644,0.04654,4306510.7
2026-06-06 20:00:00+00:00,0.04654,0.04664,0.04636,0.04646,1915884.6
2026-06-06 21:00:00+00:00,0.04647,0.0469,0.04646,0.04661,1758580.6
2026-06-06 22:00:00+00:00,0.0466,0.04689,0.04639,0.04662,2029528.7
2026-06-06 23:00:00+00:00,0.04661,0.04709,0.04659,0.04692,1087687.3
2026-06-07 00:00:00+00:00,0.04692,0.0473,0.04672,0.04704,2097237.0
2026-06-07 01:00:00+00:00,0.04704,0.04826,0.04698,0.04818,2928692.9
2026-06-07 02:00:00+00:00,0.04819,0.04857,0.0479,0.04819,4569101.2
2026-06-07 03:00:00+00:00,0.04818,0.04979,0.04801,0.0485,6212291.9
2026-06-07 04:00:00+00:00,0.04848,0.04897,0.04831,0.04895,2291042.6
2026-06-07 05:00:00+00:00,0.04895,0.04959,0.04869,0.0494,4287981.5
2026-06-07 06:00:00+00:00,0.04939,0.05032,0.04893,0.05,5526717.3
2026-06-07 07:00:00+00:00,0.05001,0.05047,0.04959,0.04967,4572469.8
2026-06-07 08:00:00+00:00,0.04968,0.05032,0.04918,0.05019,4260673.5
2026-06-07 09:00:00+00:00,0.05018,0.05078,0.05007,0.05026,6123011.3
2026-06-07 10:00:00+00:00,0.05025,0.05027,0.04928,0.04957,4322383.4
2026-06-07 11:00:00+00:00,0.04957,0.05018,0.04934,0.04998,2241849.0
2026-06-07 12:00:00+00:00,0.04998,0.05006,0.04841,0.04894,5195443.4
2026-06-07 13:00:00+00:00,0.04893,0.04927,0.04876,0.04918,1480007.0
2026-06-07 14:00:00+00:00,0.04918,0.05003,0.04907,0.04964,2495463.9
2026-06-07 15:00:00+00:00,0.04963,0.04977,0.0491,0.04942,4263991.3
2026-06-07 16:00:00+00:00,0.04943,0.04955,0.04911,0.04929,1790518.1
2026-06-07 17:00:00+00:00,0.04927,0.0495,0.04897,0.04928,1568585.4
2026-06-07 18:00:00+00:00,0.04929,0.04944,0.0488,0.04882,1439780.7
2026-06-07 19:00:00+00:00,0.04883,0.04883,0.04766,0.04786,4610376.4
2026-06-07 20:00:00+00:00,0.04785,0.04856,0.04771,0.04847,2897647.3
2026-06-07 21:00:00+00:00,0.04846,0.04881,0.0483,0.04865,1872308.2
2026-06-07 22:00:00+00:00,0.04866,0.05082,0.04866,0.0497,11358929.2
2026-06-07 23:00:00+00:00,0.0497,0.04979,0.04935,0.04961,3112860.9
2026-06-08 00:00:00+00:00,0.04961,0.05022,0.04926,0.04997,2658231.2
2026-06-08 01:00:00+00:00,0.04998,0.05,0.04879,0.04923,4425763.9
2026-06-08 02:00:00+00:00,0.04923,0.0494,0.04897,0.04911,2408803.3
2026-06-08 03:00:00+00:00,0.04911,0.04961,0.04889,0.04954,2570874.7
2026-06-08 04:00:00+00:00,0.04955,0.04964,0.04878,0.04882,2975581.5
2026-06-08 05:00:00+00:00,0.04882,0.04904,0.04845,0.04879,1774561.1
2026-06-08 06:00:00+00:00,0.04879,0.04933,0.04879,0.04912,1600136.6
2026-06-08 07:00:00+00:00,0.04913,0.04981,0.04883,0.0498,2145735.9
2026-06-08 08:00:00+00:00,0.0498,0.04983,0.04904,0.04927,1900632.9
2026-06-08 09:00:00+00:00,0.04927,0.05024,0.0492,0.05009,7901540.4
2026-06-08 10:00:00+00:00,0.0501,0.05024,0.0495,0.0497,2928279.4
2026-06-08 11:00:00+00:00,0.04969,0.05053,0.04958,0.05022,4242992.9
2026-06-08 12:00:00+00:00,0.05023,0.05069,0.04956,0.05057,5348248.9
2026-06-08 13:00:00+00:00,0.05058,0.0506,0.04987,0.05001,6533042.1
2026-06-08 14:00:00+00:00,0.05001,0.0502,0.04986,0.05009,3094054.2
2026-06-08 15:00:00+00:00,0.05009,0.05055,0.04985,0.04993,4298203.5
2026-06-08 16:00:00+00:00,0.04994,0.05037,0.04966,0.04975,2612453.3
2026-06-08 17:00:00+00:00,0.04976,0.05029,0.04947,0.05024,3693565.3
2026-06-08 18:00:00+00:00,0.05025,0.05033,0.04994,0.05008,2029160.1
2026-06-08 19:00:00+00:00,0.05008,0.05021,0.04972,0.04983,1717759.7
2026-06-08 20:00:00+00:00,0.04984,0.05015,0.04958,0.05003,2915344.9
2026-06-08 21:00:00+00:00,0.05004,0.05038,0.04992,0.04992,2049052.1
2026-06-08 22:00:00+00:00,0.04991,0.04993,0.04945,0.04968,1788607.2
2026-06-08 23:00:00+00:00,0.04968,0.04987,0.0491,0.04928,3820741.8
2026-06-09 00:00:00+00:00,0.04928,0.04935,0.04789,0.04806,5475035.2
2026-06-09 01:00:00+00:00,0.04805,0.04844,0.04795,0.04833,2752182.0
2026-06-09 02:00:00+00:00,0.04832,0.04848,0.04776,0.04811,1947952.1
2026-06-09 03:00:00+00:00,0.04811,0.0483,0.04786,0.04804,1136805.7
2026-06-09 04:00:00+00:00,0.04805,0.04921,0.04796,0.04896,4881326.3
2026-06-09 05:00:00+00:00,0.04895,0.04931,0.04877,0.04896,1680803.5
2026-06-09 06:00:00+00:00,0.04897,0.04914,0.04881,0.04884,1639037.0
2026-06-09 07:00:00+00:00,0.04885,0.04911,0.04856,0.04878,2762975.5
2026-06-09 08:00:00+00:00,0.04878,0.04886,0.04838,0.04848,2028187.1
2026-06-09 09:00:00+00:00,0.04848,0.04854,0.04761,0.04793,4259686.1
2026-06-09 10:00:00+00:00,0.04794,0.04814,0.04775,0.04804,1795724.6
2026-06-09 11:00:00+00:00,0.04803,0.04806,0.04748,0.04783,7150708.9
2026-06-09 12:00:00+00:00,0.04782,0.04826,0.0478,0.04808,2683136.7
2026-06-09 13:00:00+00:00,0.04808,0.04833,0.04772,0.04813,3119819.8
2026-06-09 14:00:00+00:00,0.04813,0.0482,0.04682,0.04749,5906003.9
2026-06-09 15:00:00+00:00,0.04749,0.0477,0.04677,0.04684,2515637.6
2026-06-09 16:00:00+00:00,0.04683,0.04721,0.04648,0.04715,5326111.7
2026-06-09 17:00:00+00:00,0.04716,0.04812,0.04712,0.04761,3804707.2
2026-06-09 18:00:00+00:00,0.04762,0.04814,0.0475,0.04782,2179198.7
2026-06-09 19:00:00+00:00,0.04781,0.04828,0.04773,0.04823,2187335.0
2026-06-09 20:00:00+00:00,0.04824,0.04868,0.04823,0.04855,1123884.4
2026-06-09 21:00:00+00:00,0.04856,0.04876,0.04794,0.04807,1056835.2
2026-06-09 22:00:00+00:00,0.04807,0.04832,0.04781,0.04804,1163973.4
2026-06-09 23:00:00+00:00,0.04805,0.04836,0.04797,0.04825,1082443.6
2026-06-10 00:00:00+00:00,0.04825,0.04863,0.04795,0.04862,1336125.0
2026-06-10 01:00:00+00:00,0.04861,0.04877,0.04808,0.04822,1662361.6
2026-06-10 02:00:00+00:00,0.04822,0.04832,0.04734,0.04746,1594090.2
2026-06-10 03:00:00+00:00,0.04746,0.0477,0.04739,0.04743,1174708.7
2026-06-10 04:00:00+00:00,0.04744,0.04764,0.04708,0.04743,1163918.3
2026-06-10 05:00:00+00:00,0.04744,0.04754,0.04708,0.04728,889858.4
2026-06-10 06:00:00+00:00,0.04729,0.04761,0.04716,0.04736,1117791.0
2026-06-10 07:00:00+00:00,0.04735,0.04767,0.04734,0.04759,1829875.4
2026-06-10 08:00:00+00:00,0.04759,0.0476,0.04701,0.04706,1479427.5
2026-06-10 09:00:00+00:00,0.04705,0.04738,0.04682,0.04731,1837124.2
2026-06-10 10:00:00+00:00,0.04731,0.04739,0.04703,0.0472,1402807.3
2026-06-10 11:00:00+00:00,0.04721,0.04729,0.04645,0.04678,3286484.2
2026-06-10 12:00:00+00:00,0.04678,0.04818,0.04661,0.04777,3438477.9
2026-06-10 13:00:00+00:00,0.04776,0.04873,0.04761,0.04822,4856651.7
2026-06-10 14:00:00+00:00,0.04822,0.04829,0.04751,0.04781,2264791.8
2026-06-10 15:00:00+00:00,0.04782,0.04833,0.04761,0.04814,4141435.1
2026-06-10 16:00:00+00:00,0.04815,0.04818,0.04715,0.04743,2513990.4
2026-06-10 17:00:00+00:00,0.04744,0.0477,0.04692,0.04718,3026373.2
2026-06-10 18:00:00+00:00,0.04719,0.04729,0.04679,0.04714,1615189.6
2026-06-10 19:00:00+00:00,0.04714,0.04721,0.04652,0.04662,2072787.8
2026-06-10 20:00:00+00:00,0.04662,0.0467,0.04621,0.04633,2283378.0
2026-06-10 21:00:00+00:00,0.04632,0.04639,0.04569,0.04589,2434481.6
2026-06-10 22:00:00+00:00,0.04589,0.04634,0.04565,0.04608,2914834.2
2026-06-10 23:00:00+00:00,0.04608,0.04666,0.04591,0.04649,2490430.4
2026-06-11 00:00:00+00:00,0.04649,0.04699,0.04645,0.04682,1123945.4
2026-06-11 01:00:00+00:00,0.04682,0.04746,0.04682,0.04725,1390005.1
2026-06-11 02:00:00+00:00,0.04725,0.04738,0.04693,0.04704,872930.9
2026-06-11 03:00:00+00:00,0.04705,0.04815,0.04691,0.04804,2301211.3
2026-06-11 04:00:00+00:00,0.04804,0.04844,0.04786,0.04827,1242918.0
2026-06-11 05:00:00+00:00,0.04826,0.04826,0.04787,0.04797,1057362.8
2026-06-11 06:00:00+00:00,0.04797,0.0483,0.04785,0.04809,1280741.6
2026-06-11 07:00:00+00:00,0.04808,0.0484,0.04798,0.04834,1196678.3
2026-06-11 08:00:00+00:00,0.04833,0.04883,0.04829,0.0485,2293749.0
2026-06-11 09:00:00+00:00,0.04851,0.0486,0.04809,0.04821,1166545.8
2026-06-11 10:00:00+00:00,0.04821,0.04855,0.04821,0.0485,1706163.8
2026-06-11 11:00:00+00:00,0.04849,0.04883,0.04832,0.04869,1979896.1
2026-06-11 12:00:00+00:00,0.04869,0.04874,0.04775,0.04814,3253031.9
2026-06-11 13:00:00+00:00,0.04812,0.04863,0.04803,0.0484,2516860.9
2026-06-11 14:00:00+00:00,0.04841,0.04866,0.0482,0.04835,3434182.5
2026-06-11 15:00:00+00:00,0.04834,0.04893,0.04801,0.04889,3193505.4
2026-06-11 16:00:00+00:00,0.0489,0.04894,0.04826,0.04828,3577625.5
2026-06-11 17:00:00+00:00,0.04828,0.04999,0.04808,0.04989,7097819.4
2026-06-11 18:00:00+00:00,0.04989,0.04999,0.04937,0.04943,2945098.6
2026-06-11 19:00:00+00:00,0.04942,0.04987,0.04921,0.0496,2689972.2
2026-06-11 20:00:00+00:00,0.04961,0.04966,0.04915,0.04939,2478609.7
2026-06-11 21:00:00+00:00,0.0494,0.04995,0.04939,0.04952,1776776.1
2026-06-11 22:00:00+00:00,0.04952,0.0498,0.04938,0.04953,1330677.1
2026-06-11 23:00:00+00:00,0.04952,0.04973,0.04933,0.04953,1406356.6
2026-06-12 00:00:00+00:00,0.04953,0.04974,0.04937,0.0495,1071761.5
2026-06-12 01:00:00+00:00,0.0495,0.0497,0.04922,0.04969,1813023.1
2026-06-12 02:00:00+00:00,0.04969,0.05015,0.04969,0.05007,2255682.4
2026-06-12 03:00:00+00:00,0.05006,0.05018,0.04982,0.05015,1124270.3
2026-06-12 04:00:00+00:00,0.05015,0.05022,0.04984,0.05008,1936075.4
2026-06-12 05:00:00+00:00,0.05008,0.05012,0.04964,0.04969,1631008.1
2026-06-12 06:00:00+00:00,0.04967,0.04985,0.04907,0.04925,2460171.9
2026-06-12 07:00:00+00:00,0.04926,0.04966,0.04926,0.04959,948525.2
2026-06-12 08:00:00+00:00,0.04959,0.05047,0.04959,0.05045,3048913.8
2026-06-12 09:00:00+00:00,0.05045,0.05135,0.0504,0.05103,6915503.9
2026-06-12 10:00:00+00:00,0.05104,0.05197,0.051,0.05164,8766721.7
2026-06-12 11:00:00+00:00,0.05165,0.0524,0.0515,0.05231,5323268.0
2026-06-12 12:00:00+00:00,0.05231,0.05318,0.05136,0.05151,16584154.1
2026-06-12 13:00:00+00:00,0.05151,0.0517,0.0508,0.05122,8258092.9
2026-06-12 14:00:00+00:00,0.05123,0.05247,0.05115,0.05234,9935188.1
2026-06-12 15:00:00+00:00,0.05235,0.05266,0.05113,0.05114,9236348.0
2026-06-12 16:00:00+00:00,0.05114,0.05205,0.05089,0.05205,4349440.4
2026-06-12 17:00:00+00:00,0.05205,0.05207,0.0514,0.05147,2022204.6
2026-06-12 18:00:00+00:00,0.05148,0.05154,0.05114,0.05123,2058731.4
2026-06-12 19:00:00+00:00,0.05124,0.05189,0.05123,0.05184,2509483.8
2026-06-12 20:00:00+00:00,0.05185,0.05217,0.05151,0.05154,4985725.1
2026-06-12 21:00:00+00:00,0.05153,0.05166,0.05111,0.05112,2075364.5
2026-06-12 22:00:00+00:00,0.05112,0.05145,0.05101,0.05108,1662979.0
2026-06-12 23:00:00+00:00,0.05107,0.05184,0.05096,0.05184,1797905.8
2026-06-13 00:00:00+00:00,0.05183,0.05245,0.05159,0.05235,3172245.3
2026-06-13 01:00:00+00:00,0.05236,0.05308,0.05236,0.05297,4232753.0
2026-06-13 02:00:00+00:00,0.05298,0.0534,0.05257,0.05314,8001138.1
2026-06-13 03:00:00+00:00,0.05315,0.05336,0.05243,0.05327,4460177.0
2026-06-13 04:00:00+00:00,0.05328,0.05423,0.05301,0.05364,7962498.7
2026-06-13 05:00:00+00:00,0.05365,0.0542,0.05341,0.05388,4868119.5
2026-06-13 06:00:00+00:00,0.05389,0.05523,0.05365,0.05516,9820255.3
2026-06-13 07:00:00+00:00,0.05517,0.05576,0.05461,0.05481,11307887.8
2026-06-13 08:00:00+00:00,0.05481,0.05505,0.05422,0.05435,5865952.5
2026-06-13 09:00:00+00:00,0.05434,0.05469,0.05398,0.05436,5739468.3
2026-06-13 10:00:00+00:00,0.05437,0.0549,0.0542,0.05476,4276659.3
2026-06-13 11:00:00+00:00,0.05477,0.05516,0.05457,0.05484,4590083.8
2026-06-13 12:00:00+00:00,0.05485,0.05498,0.05438,0.05467,3436811.0
2026-06-13 13:00:00+00:00,0.05469,0.05478,0.05429,0.05443,4136703.8
2026-06-13 14:00:00+00:00,0.05445,0.05458,0.05417,0.05446,3149221.5
2026-06-13 15:00:00+00:00,0.05447,0.05484,0.05438,0.0546,2332579.7
2026-06-13 16:00:00+00:00,0.05463,0.05483,0.05404,0.05467,3031476.0
2026-06-13 17:00:00+00:00,0.05467,0.05471,0.05402,0.0541,1801424.2
2026-06-13 18:00:00+00:00,0.05409,0.05438,0.0539,0.05409,1504243.1
2026-06-13 19:00:00+00:00,0.05408,0.05446,0.05392,0.05418,2135745.6
2026-06-13 20:00:00+00:00,0.05419,0.05429,0.054,0.05422,717789.9
2026-06-13 21:00:00+00:00,0.05423,0.05458,0.05399,0.05432,1180513.1
2026-06-13 22:00:00+00:00,0.05433,0.05438,0.05408,0.0541,1024344.8
2026-06-13 23:00:00+00:00,0.05409,0.05477,0.05403,0.0545,1822208.1
2026-06-14 00:00:00+00:00,0.05449,0.0545,0.05364,0.05376,3828037.9
2026-06-14 01:00:00+00:00,0.05376,0.05383,0.05348,0.05353,2447876.9
2026-06-14 02:00:00+00:00,0.05353,0.05399,0.0534,0.05384,2945249.2
2026-06-14 03:00:00+00:00,0.05382,0.05415,0.0537,0.05408,2289363.3
2026-06-14 04:00:00+00:00,0.05409,0.05411,0.05354,0.05359,923154.6
2026-06-14 05:00:00+00:00,0.05359,0.05363,0.05316,0.05323,3976279.8
2026-06-14 06:00:00+00:00,0.05324,0.05369,0.05301,0.05306,2442773.2
2026-06-14 07:00:00+00:00,0.05307,0.05362,0.05295,0.05348,2704956.9
2026-06-14 08:00:00+00:00,0.05349,0.05382,0.05326,0.0533,3065234.5
2026-06-14 09:00:00+00:00,0.0533,0.05364,0.05303,0.05354,891926.4
2026-06-14 10:00:00+00:00,0.05353,0.05387,0.05337,0.0534,2508865.0
2026-06-14 11:00:00+00:00,0.05338,0.05349,0.05316,0.05316,1103085.2
2026-06-14 12:00:00+00:00,0.05317,0.05327,0.05283,0.05288,1816342.0
2026-06-14 13:00:00+00:00,0.05288,0.05319,0.0527,0.05283,2314698.9
2026-06-14 14:00:00+00:00,0.05284,0.05291,0.05246,0.05279,2359989.4
2026-06-14 15:00:00+00:00,0.0528,0.05316,0.0528,0.0531,979841.6
2026-06-14 16:00:00+00:00,0.0531,0.05396,0.05307,0.05362,2287980.8
2026-06-14 17:00:00+00:00,0.05362,0.05372,0.05303,0.05309,2266361.0
2026-06-14 18:00:00+00:00,0.0531,0.05358,0.05302,0.05331,1295824.6
2026-06-14 19:00:00+00:00,0.05329,0.05331,0.05302,0.05308,2476091.7
2026-06-14 20:00:00+00:00,0.05309,0.05385,0.05294,0.05352,1770508.0
2026-06-14 21:00:00+00:00,0.05352,0.05513,0.05347,0.05464,5667688.9
2026-06-14 22:00:00+00:00,0.05467,0.05527,0.05446,0.05482,4487649.4
2026-06-14 23:00:00+00:00,0.05483,0.05533,0.05462,0.05531,2037507.3
2026-06-15 00:00:00+00:00,0.05531,0.05549,0.05479,0.05496,2251116.7
2026-06-15 01:00:00+00:00,0.05497,0.05532,0.05458,0.05496,1888034.7
2026-06-15 02:00:00+00:00,0.05497,0.05527,0.05478,0.05487,1002057.4
2026-06-15 03:00:00+00:00,0.05486,0.05516,0.05483,0.05497,1127643.4
2026-06-15 04:00:00+00:00,0.05497,0.05512,0.05451,0.05454,2132488.9
2026-06-15 05:00:00+00:00,0.05453,0.05488,0.05439,0.05462,1599520.7
2026-06-15 06:00:00+00:00,0.05462,0.0549,0.05456,0.05477,2791473.0
2026-06-15 07:00:00+00:00,0.05478,0.05538,0.0546,0.05507,2725566.5
2026-06-15 08:00:00+00:00,0.05508,0.05556,0.05502,0.0552,2056946.5
2026-06-15 09:00:00+00:00,0.0552,0.05531,0.05466,0.05512,2195005.9
2026-06-15 10:00:00+00:00,0.05513,0.05536,0.0549,0.05526,4413287.6
2026-06-15 11:00:00+00:00,0.05525,0.05594,0.05511,0.05562,4373467.9
2026-06-15 12:00:00+00:00,0.05562,0.05602,0.05541,0.05545,5020203.4
2026-06-15 13:00:00+00:00,0.05545,0.05626,0.05543,0.0557,4942411.6
2026-06-15 14:00:00+00:00,0.05571,0.05578,0.05538,0.05546,4780351.9
2026-06-15 15:00:00+00:00,0.05545,0.05615,0.05518,0.05581,5959138.3
2026-06-15 16:00:00+00:00,0.05581,0.05623,0.05572,0.05577,3956799.3
2026-06-15 17:00:00+00:00,0.05576,0.05576,0.05501,0.0554,3200681.4
2026-06-15 18:00:00+00:00,0.05539,0.05539,0.05487,0.05492,2978068.1
2026-06-15 19:00:00+00:00,0.0549,0.055,0.05401,0.05417,5264440.0
2026-06-15 20:00:00+00:00,0.05418,0.0544,0.05401,0.05409,1250279.8
2026-06-15 21:00:00+00:00,0.0541,0.05417,0.05386,0.05402,1468214.8
2026-06-15 22:00:00+00:00,0.05403,0.05409,0.05347,0.05373,2672017.9
2026-06-15 23:00:00+00:00,0.05373,0.05418,0.05371,0.05405,875632.5
2026-06-16 00:00:00+00:00,0.05407,0.05448,0.05395,0.05416,1326434.8
2026-06-16 01:00:00+00:00,0.05418,0.05452,0.0541,0.05412,1091286.2
2026-06-16 02:00:00+00:00,0.05411,0.05411,0.05324,0.05342,2920926.0
2026-06-16 03:00:00+00:00,0.05343,0.05382,0.05325,0.05374,1932203.4
2026-06-16 04:00:00+00:00,0.05374,0.05378,0.0532,0.05335,1068378.8
2026-06-16 05:00:00+00:00,0.05335,0.05393,0.05332,0.05375,1269994.0
2026-06-16 06:00:00+00:00,0.05376,0.05382,0.05336,0.05341,1278918.0
2026-06-16 07:00:00+00:00,0.05342,0.05382,0.05336,0.0537,2165816.5
2026-06-16 08:00:00+00:00,0.0537,0.05453,0.05368,0.05448,2397165.8
2026-06-16 09:00:00+00:00,0.05448,0.05451,0.05411,0.05428,1636802.5
2026-06-16 10:00:00+00:00,0.05429,0.05484,0.05415,0.05439,2032642.1
2026-06-16 11:00:00+00:00,0.05438,0.0547,0.054,0.05421,2390763.3
2026-06-16 12:00:00+00:00,0.05422,0.05452,0.05399,0.05425,1298419.1
2026-06-16 13:00:00+00:00,0.05426,0.05433,0.05326,0.05329,2651118.9
2026-06-16 14:00:00+00:00,0.05329,0.05347,0.05241,0.05282,6037426.4
2026-06-16 15:00:00+00:00,0.05283,0.05364,0.05282,0.05345,2214090.1
2026-06-16 16:00:00+00:00,0.05345,0.05364,0.05306,0.05319,1320875.2
2026-06-16 17:00:00+00:00,0.0532,0.05377,0.0532,0.05371,1017626.2
2026-06-16 18:00:00+00:00,0.05371,0.05422,0.05358,0.05392,3207082.8
2026-06-16 19:00:00+00:00,0.05391,0.0544,0.05369,0.0543,2006529.2
2026-06-16 20:00:00+00:00,0.0543,0.05575,0.05406,0.05509,7684491.7
2026-06-16 21:00:00+00:00,0.05509,0.0556,0.05441,0.05474,3346146.5
2026-06-16 22:00:00+00:00,0.05475,0.05512,0.05463,0.05487,1906280.4
2026-06-16 23:00:00+00:00,0.05488,0.05496,0.0545,0.05469,1384311.5
2026-06-17 00:00:00+00:00,0.05469,0.05519,0.05458,0.05492,1887205.2
2026-06-17 01:00:00+00:00,0.05492,0.05593,0.05486,0.0559,3620732.5
2026-06-17 02:00:00+00:00,0.0559,0.05618,0.05535,0.05585,3046296.1
2026-06-17 03:00:00+00:00,0.05585,0.05588,0.05508,0.05538,1336371.3
2026-06-17 04:00:00+00:00,0.05539,0.05568,0.0551,0.0551,1607370.3
2026-06-17 05:00:00+00:00,0.0551,0.05554,0.05498,0.05524,908007.5
2026-06-17 06:00:00+00:00,0.05524,0.05533,0.05479,0.05488,1637209.1
2026-06-17 07:00:00+00:00,0.05488,0.05505,0.05442,0.05468,2134962.2
2026-06-17 08:00:00+00:00,0.05468,0.0547,0.05392,0.05404,1938789.5
2026-06-17 09:00:00+00:00,0.05403,0.05456,0.05401,0.05444,1401152.8
2026-06-17 10:00:00+00:00,0.05445,0.05463,0.05421,0.05427,1327187.9
2026-06-17 11:00:00+00:00,0.05428,0.05461,0.05396,0.05432,1861751.7
2026-06-17 12:00:00+00:00,0.05433,0.05524,0.05388,0.05522,2708134.3
2026-06-17 13:00:00+00:00,0.05521,0.05532,0.05475,0.05516,2418218.1
2026-06-17 14:00:00+00:00,0.05515,0.05563,0.05479,0.05507,3547936.0
2026-06-17 15:00:00+00:00,0.05508,0.05615,0.05504,0.05608,5440855.5
2026-06-17 16:00:00+00:00,0.05609,0.05707,0.05589,0.05594,9768182.1
2026-06-17 17:00:00+00:00,0.05594,0.05618,0.05551,0.05601,3061778.2
2026-06-17 18:00:00+00:00,0.05601,0.05601,0.05457,0.05538,9775963.8
2026-06-17 19:00:00+00:00,0.05537,0.05565,0.05434,0.05447,7918306.9
2026-06-17 20:00:00+00:00,0.05446,0.05504,0.05429,0.05503,2265902.1
2026-06-17 21:00:00+00:00,0.05503,0.05505,0.05436,0.05453,1685272.3
2026-06-17 22:00:00+00:00,0.05454,0.05509,0.05395,0.05484,2897873.4
2026-06-17 23:00:00+00:00,0.05485,0.05516,0.05481,0.0551,958383.7
2026-06-18 00:00:00+00:00,0.05511,0.05532,0.05483,0.05487,1480915.8
2026-06-18 01:00:00+00:00,0.05487,0.05552,0.05482,0.05494,1366927.4
2026-06-18 02:00:00+00:00,0.05495,0.05516,0.05467,0.05497,1323130.3
2026-06-18 03:00:00+00:00,0.05496,0.05504,0.0541,0.05416,2855632.1
2026-06-18 04:00:00+00:00,0.05417,0.05419,0.05347,0.05367,6182572.4
2026-06-18 05:00:00+00:00,0.05367,0.05416,0.05338,0.05411,3714929.1
2026-06-18 06:00:00+00:00,0.05411,0.05507,0.05391,0.05498,3638170.3
2026-06-18 07:00:00+00:00,0.05499,0.05502,0.05451,0.05457,3215194.2
2026-06-18 08:00:00+00:00,0.05457,0.05524,0.0544,0.05487,2798365.2
2026-06-18 09:00:00+00:00,0.05485,0.05505,0.05458,0.05483,1263117.8
2026-06-18 10:00:00+00:00,0.05484,0.05485,0.0542,0.05432,1675888.8
2026-06-18 11:00:00+00:00,0.05433,0.05454,0.05394,0.05403,970481.1
2026-06-18 12:00:00+00:00,0.05404,0.05454,0.05395,0.05438,1087021.9
2026-06-18 13:00:00+00:00,0.05438,0.05463,0.05368,0.05395,2361692.7
2026-06-18 14:00:00+00:00,0.05396,0.05465,0.05383,0.05417,1971702.2
2026-06-18 15:00:00+00:00,0.05416,0.05417,0.05247,0.05258,7200446.9
2026-06-18 16:00:00+00:00,0.05257,0.0533,0.0525,0.0533,2319221.2
2026-06-18 17:00:00+00:00,0.0533,0.05345,0.05286,0.05312,2102219.6
2026-06-18 18:00:00+00:00,0.05312,0.0537,0.05306,0.05356,2547537.6
2026-06-18 19:00:00+00:00,0.05355,0.05469,0.05336,0.05454,4079671.4
2026-06-18 20:00:00+00:00,0.05455,0.05541,0.05455,0.05504,5532146.8
2026-06-18 21:00:00+00:00,0.05505,0.05524,0.05456,0.05492,2166656.8
2026-06-18 22:00:00+00:00,0.05492,0.0552,0.05488,0.05502,2142667.5
2026-06-18 23:00:00+00:00,0.05501,0.0554,0.05475,0.0554,1642499.7
2026-06-19 00:00:00+00:00,0.0554,0.05555,0.05505,0.05521,2731712.2
2026-06-19 01:00:00+00:00,0.05522,0.05538,0.05471,0.05503,1226025.5
2026-06-19 02:00:00+00:00,0.05502,0.05526,0.0548,0.05507,912174.2
2026-06-19 03:00:00+00:00,0.05507,0.05537,0.05418,0.0553,3342384.5
2026-06-19 04:00:00+00:00,0.05531,0.05559,0.05403,0.05424,4352389.2
2026-06-19 05:00:00+00:00,0.05424,0.05464,0.05422,0.05463,1529319.5
2026-06-19 06:00:00+00:00,0.05463,0.05488,0.05418,0.05439,1799628.7
2026-06-19 07:00:00+00:00,0.05438,0.05438,0.05362,0.05382,2809563.4
2026-06-19 08:00:00+00:00,0.05382,0.05408,0.05366,0.05372,1417015.7
2026-06-19 09:00:00+00:00,0.05373,0.05374,0.05306,0.05325,2800178.0
2026-06-19 10:00:00+00:00,0.05325,0.05345,0.05313,0.05333,1468337.1
2026-06-19 11:00:00+00:00,0.05334,0.05359,0.05316,0.05329,1838406.7
2026-06-19 12:00:00+00:00,0.0533,0.0539,0.05315,0.0539,1638588.5
2026-06-19 13:00:00+00:00,0.0539,0.05503,0.05366,0.05486,3736993.6
2026-06-19 14:00:00+00:00,0.05487,0.05511,0.0541,0.05428,3510075.9
2026-06-19 15:00:00+00:00,0.05428,0.05448,0.05406,0.05434,1120183.3
2026-06-19 16:00:00+00:00,0.05435,0.05457,0.05401,0.05408,1205362.0
2026-06-19 17:00:00+00:00,0.05409,0.05459,0.054,0.05434,1707125.6
2026-06-19 18:00:00+00:00,0.05434,0.05436,0.05375,0.05381,1316333.5
2026-06-19 19:00:00+00:00,0.05381,0.05384,0.05334,0.0534,1613491.8
2026-06-19 20:00:00+00:00,0.05341,0.05365,0.05321,0.05361,632231.8
2026-06-19 21:00:00+00:00,0.0536,0.05371,0.05325,0.05328,483812.5
2026-06-19 22:00:00+00:00,0.05327,0.05376,0.05322,0.05366,1363612.8
2026-06-19 23:00:00+00:00,0.05367,0.0542,0.05357,0.05413,1373879.5
2026-06-20 00:00:00+00:00,0.05412,0.0543,0.05368,0.05368,831152.0
2026-06-20 01:00:00+00:00,0.05367,0.05374,0.05343,0.05362,569323.2
2026-06-20 02:00:00+00:00,0.0536,0.05407,0.0534,0.0534,732078.4
2026-06-20 03:00:00+00:00,0.0534,0.05357,0.05332,0.05353,828793.5
2026-06-20 04:00:00+00:00,0.05354,0.05388,0.0534,0.05371,952094.7
2026-06-20 05:00:00+00:00,0.05372,0.05442,0.05361,0.05436,4945668.4
2026-06-20 06:00:00+00:00,0.05437,0.05555,0.05436,0.05553,5322999.8
2026-06-20 07:00:00+00:00,0.05553,0.05558,0.05465,0.05466,1959193.3
2026-06-20 08:00:00+00:00,0.05467,0.05501,0.0545,0.05457,1302429.7
2026-06-20 09:00:00+00:00,0.05457,0.05572,0.05454,0.05565,3141711.7
2026-06-20 10:00:00+00:00,0.05566,0.05573,0.05481,0.05505,1823708.3
2026-06-20 11:00:00+00:00,0.05506,0.05509,0.05463,0.05485,902534.7
2026-06-20 12:00:00+00:00,0.05486,0.055,0.05459,0.05465,1371368.4
2026-06-20 13:00:00+00:00,0.05465,0.05486,0.05423,0.05424,1714099.8
2026-06-20 14:00:00+00:00,0.05423,0.05495,0.05373,0.05434,4044845.3
2026-06-20 15:00:00+00:00,0.05434,0.05455,0.05403,0.05432,2557978.2
2026-06-20 16:00:00+00:00,0.05433,0.05433,0.0536,0.0538,1883309.6
2026-06-20 17:00:00+00:00,0.0538,0.05389,0.05343,0.05383,2219537.5
2026-06-20 18:00:00+00:00,0.05382,0.05422,0.05381,0.05383,773663.8
2026-06-20 19:00:00+00:00,0.05382,0.05392,0.05357,0.05372,850069.1
2026-06-20 20:00:00+00:00,0.05372,0.05408,0.05368,0.05382,1594497.2
2026-06-20 21:00:00+00:00,0.05384,0.05443,0.05379,0.0539,1082779.6
2026-06-20 22:00:00+00:00,0.0539,0.05483,0.05379,0.05454,3445184.8
2026-06-20 23:00:00+00:00,0.05454,0.05492,0.0545,0.05464,761701.1
2026-06-21 00:00:00+00:00,0.05464,0.05541,0.0545,0.05537,1441042.1
2026-06-21 01:00:00+00:00,0.05538,0.05592,0.05527,0.05565,4552601.2
2026-06-21 02:00:00+00:00,0.05564,0.05622,0.05488,0.05594,3508292.1
2026-06-21 03:00:00+00:00,0.05595,0.0565,0.05556,0.05613,5176642.9
2026-06-21 04:00:00+00:00,0.05613,0.05618,0.05509,0.05509,2120330.3
2026-06-21 05:00:00+00:00,0.05508,0.05571,0.05496,0.05551,1655536.4
2026-06-21 06:00:00+00:00,0.05551,0.05595,0.0554,0.05583,1366492.5
2026-06-21 07:00:00+00:00,0.05583,0.05617,0.05556,0.05565,2447181.8
2026-06-21 08:00:00+00:00,0.05566,0.0558,0.05503,0.05525,1749341.0
2026-06-21 09:00:00+00:00,0.05526,0.05531,0.05485,0.05491,1442831.8
2026-06-21 10:00:00+00:00,0.05491,0.05543,0.05488,0.05511,1270041.5
2026-06-21 11:00:00+00:00,0.05512,0.05517,0.05479,0.05487,838384.7
2026-06-21 12:00:00+00:00,0.05489,0.05513,0.05465,0.05505,863852.2
2026-06-21 13:00:00+00:00,0.05505,0.05538,0.05491,0.05535,757672.0
2026-06-21 14:00:00+00:00,0.05535,0.05577,0.05522,0.05571,3078479.7
2026-06-21 15:00:00+00:00,0.05572,0.05581,0.0554,0.05563,671432.8
2026-06-21 16:00:00+00:00,0.05562,0.0557,0.05493,0.05502,7587473.5
2026-06-21 17:00:00+00:00,0.05503,0.05508,0.05482,0.05494,1113797.1
2026-06-21 18:00:00+00:00,0.05493,0.05509,0.05469,0.05494,884969.6
2026-06-21 19:00:00+00:00,0.05494,0.05516,0.05484,0.05493,439278.8
2026-06-21 20:00:00+00:00,0.05493,0.05504,0.05453,0.05462,957427.2
2026-06-21 21:00:00+00:00,0.05462,0.05468,0.05387,0.05458,3157201.1
2026-06-21 22:00:00+00:00,0.05458,0.0549,0.05445,0.0548,1046835.0
2026-06-21 23:00:00+00:00,0.05479,0.05479,0.05431,0.05455,1899102.3
2026-06-22 00:00:00+00:00,0.05455,0.05535,0.05446,0.05514,1637137.9
2026-06-22 01:00:00+00:00,0.05514,0.05583,0.05493,0.05536,2233555.8
2026-06-22 02:00:00+00:00,0.05537,0.05542,0.05498,0.05499,1178056.5
2026-06-22 03:00:00+00:00,0.055,0.05525,0.05474,0.05483,2240462.8
2026-06-22 04:00:00+00:00,0.05484,0.05497,0.05461,0.05497,1608883.8
2026-06-22 05:00:00+00:00,0.05498,0.05521,0.0549,0.05509,887250.1
2026-06-22 06:00:00+00:00,0.0551,0.05512,0.0548,0.0549,726814.5
2026-06-22 07:00:00+00:00,0.05489,0.05518,0.05486,0.05497,611835.0
2026-06-22 08:00:00+00:00,0.05497,0.05513,0.05483,0.05496,811452.3
2026-06-22 09:00:00+00:00,0.05497,0.05516,0.05495,0.05509,463350.0
2026-06-22 10:00:00+00:00,0.0551,0.05527,0.0547,0.05488,2056083.0
2026-06-22 11:00:00+00:00,0.05488,0.05582,0.05481,0.0558,1970451.5
2026-06-22 12:00:00+00:00,0.05582,0.05615,0.05567,0.05609,2140816.0
2026-06-22 13:00:00+00:00,0.05608,0.05645,0.05577,0.05645,3249881.0
2026-06-22 14:00:00+00:00,0.05645,0.05649,0.05498,0.05531,6131989.5
2026-06-22 15:00:00+00:00,0.05532,0.05548,0.05465,0.05489,3499910.0
2026-06-22 16:00:00+00:00,0.05489,0.05524,0.05463,0.05517,1785228.7
2026-06-22 17:00:00+00:00,0.05517,0.05517,0.05457,0.05499,823275.2
2026-06-22 18:00:00+00:00,0.05499,0.05521,0.05449,0.05454,1332188.6
2026-06-22 19:00:00+00:00,0.05453,0.0547,0.05439,0.05448,1047666.1
2026-06-22 20:00:00+00:00,0.05447,0.05479,0.05439,0.05454,1287278.9
2026-06-22 21:00:00+00:00,0.05454,0.05459,0.05416,0.05433,1345839.7
2026-06-22 22:00:00+00:00,0.0543,0.05452,0.05385,0.05428,3222413.4
2026-06-22 23:00:00+00:00,0.05426,0.05461,0.05421,0.05458,625874.0
2026-06-23 00:00:00+00:00,0.05457,0.05457,0.05404,0.05438,1231228.7
2026-06-23 01:00:00+00:00,0.0544,0.05451,0.05395,0.05427,1443355.0
2026-06-23 02:00:00+00:00,0.05427,0.05438,0.05408,0.05414,475772.7
2026-06-23 03:00:00+00:00,0.05414,0.05434,0.05395,0.05428,1036597.3
2026-06-23 04:00:00+00:00,0.05428,0.05452,0.05401,0.05406,1252935.0
2026-06-23 05:00:00+00:00,0.05407,0.05413,0.05379,0.05395,2190122.3
2026-06-23 06:00:00+00:00,0.05396,0.05396,0.05307,0.05322,6535719.3
2026-06-23 07:00:00+00:00,0.05322,0.05339,0.05296,0.05301,2568344.9
2026-06-23 08:00:00+00:00,0.05301,0.05323,0.05216,0.05241,9379287.3
2026-06-23 09:00:00+00:00,0.05241,0.05259,0.05226,0.05233,1783099.9
2026-06-23 10:00:00+00:00,0.05234,0.05271,0.05234,0.0527,1380217.4
2026-06-23 11:00:00+00:00,0.0527,0.05328,0.05269,0.05318,1617635.3
2026-06-23 12:00:00+00:00,0.05318,0.05323,0.05265,0.05277,939876.1
2026-06-23 13:00:00+00:00,0.05277,0.0532,0.05241,0.05301,1913820.2
2026-06-23 14:00:00+00:00,0.05301,0.05327,0.05269,0.05279,1555720.9
2026-06-23 15:00:00+00:00,0.05278,0.05278,0.05218,0.05248,1475930.8
2026-06-23 16:00:00+00:00,0.05247,0.05267,0.05225,0.05231,1390700.5
2026-06-23 17:00:00+00:00,0.0523,0.05255,0.0521,0.05213,1274528.7
2026-06-23 18:00:00+00:00,0.05214,0.05235,0.05177,0.05185,2197632.6
2026-06-23 19:00:00+00:00,0.05184,0.05208,0.05183,0.05197,982007.5
2026-06-23 20:00:00+00:00,0.05197,0.0523,0.05197,0.05219,673831.3
2026-06-23 21:00:00+00:00,0.0522,0.05245,0.05215,0.0524,423491.0
2026-06-23 22:00:00+00:00,0.05239,0.05271,0.0523,0.05265,587225.1
2026-06-23 23:00:00+00:00,0.05264,0.05285,0.05244,0.05279,1004858.9
2026-06-24 00:00:00+00:00,0.0528,0.05362,0.05274,0.05362,3940280.3
2026-06-24 01:00:00+00:00,0.05363,0.05382,0.0533,0.05346,2967676.3
2026-06-24 02:00:00+00:00,0.05346,0.05354,0.05284,0.05287,1453898.0
2026-06-24 03:00:00+00:00,0.05287,0.05295,0.05266,0.05267,827939.3
2026-06-24 04:00:00+00:00,0.05268,0.05268,0.05219,0.05251,1487455.7
2026-06-24 05:00:00+00:00,0.05251,0.05282,0.05246,0.05263,862007.5
2026-06-24 06:00:00+00:00,0.05262,0.05314,0.05245,0.05301,1954954.6
2026-06-24 07:00:00+00:00,0.05301,0.05314,0.05254,0.05265,2418318.5
2026-06-24 08:00:00+00:00,0.05266,0.05285,0.05257,0.0528,1599507.5
2026-06-24 09:00:00+00:00,0.0528,0.05294,0.05263,0.0528,1496551.4
2026-06-24 10:00:00+00:00,0.0528,0.05286,0.0525,0.05251,778621.4
2026-06-24 11:00:00+00:00,0.05251,0.05383,0.05235,0.05379,3022049.2
2026-06-24 12:00:00+00:00,0.05377,0.05408,0.05332,0.05334,2963775.8
2026-06-24 13:00:00+00:00,0.05335,0.05343,0.05208,0.05232,7022391.2
2026-06-24 14:00:00+00:00,0.05231,0.0533,0.05207,0.05321,3940878.7
2026-06-24 15:00:00+00:00,0.05322,0.05344,0.05214,0.05243,3423458.6
2026-06-24 16:00:00+00:00,0.05242,0.05372,0.05154,0.05187,10370860.4
2026-06-24 17:00:00+00:00,0.05187,0.05226,0.05114,0.05143,5006874.7
2026-06-24 18:00:00+00:00,0.05143,0.05294,0.05117,0.05294,4073410.6
2026-06-24 19:00:00+00:00,0.05295,0.05364,0.05261,0.05343,8966082.8
2026-06-24 20:00:00+00:00,0.05343,0.055,0.05334,0.05498,10591766.8
2026-06-24 21:00:00+00:00,0.05498,0.0552,0.05428,0.05497,4355937.5
2026-06-24 22:00:00+00:00,0.05497,0.05545,0.05484,0.05512,5035052.2
2026-06-24 23:00:00+00:00,0.05513,0.05542,0.05501,0.05533,2976688.2
2026-06-25 00:00:00+00:00,0.05533,0.0557,0.05509,0.05536,4425652.7
2026-06-25 01:00:00+00:00,0.05535,0.05562,0.05461,0.05556,3704497.2
2026-06-25 02:00:00+00:00,0.05556,0.05618,0.05554,0.05611,4721686.7
2026-06-25 03:00:00+00:00,0.05612,0.05676,0.05606,0.0567,5394371.8
2026-06-25 04:00:00+00:00,0.05671,0.05738,0.05624,0.05733,11438584.2
2026-06-25 05:00:00+00:00,0.05733,0.05783,0.05699,0.05739,6597954.9
2026-06-25 06:00:00+00:00,0.05739,0.05781,0.05706,0.05769,5059302.9
2026-06-25 07:00:00+00:00,0.05768,0.05784,0.05734,0.05749,5006526.0
2026-06-25 08:00:00+00:00,0.05749,0.059,0.05749,0.05885,17131579.3
2026-06-25 09:00:00+00:00,0.05886,0.05941,0.05804,0.05911,12229852.5
2026-06-25 10:00:00+00:00,0.05912,0.05977,0.05822,0.05829,13508557.9
2026-06-25 11:00:00+00:00,0.0583,0.05899,0.05783,0.0585,11956798.3
2026-06-25 12:00:00+00:00,0.05851,0.05859,0.0574,0.05831,16939310.3
2026-06-25 13:00:00+00:00,0.05831,0.05866,0.05572,0.05595,18958168.9
2026-06-25 14:00:00+00:00,0.05596,0.05808,0.05596,0.05736,16549946.9
2026-06-25 15:00:00+00:00,0.05735,0.0575,0.05659,0.05731,5118279.4
2026-06-25 16:00:00+00:00,0.05732,0.05807,0.0568,0.05698,7712987.7
2026-06-25 17:00:00+00:00,0.05696,0.05771,0.0569,0.05765,2940600.6
2026-06-25 18:00:00+00:00,0.05766,0.05787,0.05639,0.05688,5213885.6
2026-06-25 19:00:00+00:00,0.05689,0.05699,0.0562,0.05648,7275733.8
2026-06-25 20:00:00+00:00,0.05649,0.05692,0.05623,0.05624,1300273.3
2026-06-25 21:00:00+00:00,0.05624,0.05734,0.0562,0.05733,1667986.1
2026-06-25 22:00:00+00:00,0.05734,0.05742,0.05641,0.05647,1815111.0
2026-06-25 23:00:00+00:00,0.05646,0.05728,0.05645,0.05728,1805350.6
2026-06-26 00:00:00+00:00,0.05729,0.05755,0.05656,0.05678,4610337.5
2026-06-26 01:00:00+00:00,0.05676,0.05691,0.05578,0.05591,4416970.4
2026-06-26 02:00:00+00:00,0.05591,0.05591,0.05404,0.05412,14908015.0
2026-06-26 03:00:00+00:00,0.05413,0.05561,0.0539,0.05548,4627309.5
2026-06-26 04:00:00+00:00,0.05549,0.05572,0.05475,0.05479,2445785.5
2026-06-26 05:00:00+00:00,0.05478,0.05488,0.05446,0.0545,2418554.3
2026-06-26 06:00:00+00:00,0.05449,0.05449,0.05332,0.05382,17876568.5
2026-06-26 07:00:00+00:00,0.05382,0.05459,0.05368,0.0543,4219786.7
2026-06-26 08:00:00+00:00,0.0543,0.05434,0.05333,0.05343,3329059.8
2026-06-26 09:00:00+00:00,0.05343,0.05352,0.05295,0.05299,4218054.4
2026-06-26 10:00:00+00:00,0.053,0.05306,0.05243,0.05252,6998639.6
2026-06-26 11:00:00+00:00,0.05252,0.05272,0.05202,0.05206,4289070.0
2026-06-26 12:00:00+00:00,0.05206,0.05242,0.0516,0.05167,4907493.7
2026-06-26 13:00:00+00:00,0.05168,0.05302,0.05137,0.05297,6919908.4
2026-06-26 14:00:00+00:00,0.05298,0.05324,0.0526,0.05287,4963464.5
2026-06-26 15:00:00+00:00,0.05286,0.05368,0.05272,0.05287,4465651.5
2026-06-26 16:00:00+00:00,0.05289,0.05338,0.05261,0.05279,4454078.9
2026-06-26 17:00:00+00:00,0.05279,0.05302,0.0522,0.0523,4424082.2
2026-06-26 18:00:00+00:00,0.05229,0.05242,0.05189,0.05207,2122454.5
2026-06-26 19:00:00+00:00,0.05206,0.05247,0.05193,0.05207,3527873.4
2026-06-26 20:00:00+00:00,0.05208,0.05266,0.05208,0.05253,4739811.3
2026-06-26 21:00:00+00:00,0.05253,0.05314,0.05234,0.05257,1856832.6
2026-06-26 22:00:00+00:00,0.05256,0.05365,0.05246,0.05362,3521825.0
2026-06-26 23:00:00+00:00,0.05362,0.05394,0.05311,0.05316,4961904.4
2026-06-27 00:00:00+00:00,0.05316,0.05334,0.0523,0.05235,4013756.8
2026-06-27 01:00:00+00:00,0.05235,0.05245,0.05214,0.05222,2587436.0
2026-06-27 02:00:00+00:00,0.05223,0.05283,0.05218,0.05251,1953525.3
2026-06-27 03:00:00+00:00,0.0525,0.05264,0.05224,0.05233,2088806.1
2026-06-27 04:00:00+00:00,0.05232,0.05279,0.05224,0.0523,2353655.5
2026-06-27 05:00:00+00:00,0.05229,0.05239,0.05216,0.05233,1894458.3
2026-06-27 06:00:00+00:00,0.05232,0.05245,0.05201,0.05229,2956167.6
2026-06-27 07:00:00+00:00,0.05229,0.05246,0.05205,0.05217,1411643.3
2026-06-27 08:00:00+00:00,0.05216,0.05218,0.05177,0.05181,1816403.0
2026-06-27 09:00:00+00:00,0.05181,0.05202,0.05166,0.05175,2194436.9
2026-06-27 10:00:00+00:00,0.05175,0.05179,0.05159,0.05164,1323749.5
2026-06-27 11:00:00+00:00,0.05165,0.05169,0.05125,0.05139,3508957.7
2026-06-27 12:00:00+00:00,0.0514,0.0517,0.05136,0.05163,1553878.5
2026-06-27 13:00:00+00:00,0.05163,0.05186,0.05158,0.05165,1306106.9
2026-06-27 14:00:00+00:00,0.05165,0.05181,0.05138,0.05152,1371840.9
2026-06-27 15:00:00+00:00,0.05153,0.05194,0.05146,0.05153,2076024.6
2026-06-27 16:00:00+00:00,0.05153,0.05168,0.0512,0.05126,2105044.9
2026-06-27 17:00:00+00:00,0.05126,0.05126,0.05054,0.0507,9791553.0
2026-06-27 18:00:00+00:00,0.05071,0.05106,0.05039,0.05094,2482365.8
2026-06-27 19:00:00+00:00,0.05095,0.051,0.04998,0.05026,6066629.0
2026-06-27 20:00:00+00:00,0.05025,0.05053,0.05021,0.05047,922725.5
2026-06-27 21:00:00+00:00,0.05048,0.05071,0.0501,0.05035,1106725.6
2026-06-27 22:00:00+00:00,0.05035,0.05082,0.05011,0.05079,1410914.5
2026-06-27 23:00:00+00:00,0.05079,0.05085,0.05034,0.05038,1308133.7
2026-06-28 00:00:00+00:00,0.05039,0.05049,0.05011,0.05011,1050823.7
2026-06-28 01:00:00+00:00,0.05011,0.05021,0.04999,0.05004,1164162.2
2026-06-28 02:00:00+00:00,0.05006,0.05022,0.04992,0.05004,1595440.9
2026-06-28 03:00:00+00:00,0.05004,0.05037,0.05003,0.0503,754049.6
2026-06-28 04:00:00+00:00,0.05029,0.05063,0.05013,0.05037,2029459.3
2026-06-28 05:00:00+00:00,0.05038,0.05047,0.05015,0.05029,703305.6
2026-06-28 06:00:00+00:00,0.05029,0.05038,0.04998,0.05035,656643.4
2026-06-28 07:00:00+00:00,0.05035,0.0506,0.05024,0.0503,689140.0
2026-06-28 08:00:00+00:00,0.0503,0.05071,0.05028,0.05038,1052992.4
2026-06-28 09:00:00+00:00,0.05038,0.05045,0.04996,0.04999,881625.7
2026-06-28 10:00:00+00:00,0.04998,0.05015,0.04992,0.05002,1296973.2
2026-06-28 11:00:00+00:00,0.05002,0.05018,0.04984,0.05011,1020480.3
2026-06-28 12:00:00+00:00,0.05011,0.0503,0.0499,0.04996,861974.9
2026-06-28 13:00:00+00:00,0.04996,0.04999,0.04975,0.04982,1136196.4
2026-06-28 14:00:00+00:00,0.04982,0.0501,0.04974,0.04978,831026.0
2026-06-28 15:00:00+00:00,0.04977,0.04991,0.04957,0.04975,2554455.7
2026-06-28 16:00:00+00:00,0.04976,0.04977,0.04929,0.04937,1747897.5
2026-06-28 17:00:00+00:00,0.04937,0.0496,0.04911,0.0492,1858832.3
2026-06-28 18:00:00+00:00,0.0492,0.04937,0.04912,0.04926,882973.7
2026-06-28 19:00:00+00:00,0.04926,0.0494,0.04911,0.04931,999342.9
2026-06-28 20:00:00+00:00,0.0493,0.0503,0.04926,0.05023,2596253.8
2026-06-28 21:00:00+00:00,0.05022,0.05029,0.04953,0.04966,1925095.1
2026-06-28 22:00:00+00:00,0.04967,0.05019,0.04936,0.04957,1767447.8
2026-06-28 23:00:00+00:00,0.04956,0.0499,0.04946,0.04965,1011752.3
2026-06-29 00:00:00+00:00,0.04964,0.04964,0.04892,0.0494,3338440.1
2026-06-29 01:00:00+00:00,0.04939,0.04941,0.04895,0.04915,1334652.5
2026-06-29 02:00:00+00:00,0.04916,0.04939,0.04876,0.04923,2041937.3
2026-06-29 03:00:00+00:00,0.04925,0.05013,0.04924,0.05011,1870152.0
2026-06-29 04:00:00+00:00,0.05011,0.05018,0.04981,0.05001,1619902.3
2026-06-29 05:00:00+00:00,0.05002,0.05014,0.04971,0.0501,1186878.6
2026-06-29 06:00:00+00:00,0.05011,0.05022,0.04993,0.05002,1135848.9
2026-06-29 07:00:00+00:00,0.05002,0.05056,0.04988,0.05002,3322763.2
2026-06-29 08:00:00+00:00,0.05003,0.05013,0.04962,0.04966,1056496.0
2026-06-29 09:00:00+00:00,0.04966,0.05003,0.04963,0.05003,744131.7
2026-06-29 10:00:00+00:00,0.05003,0.05062,0.04988,0.04993,2070098.7
2026-06-29 11:00:00+00:00,0.04994,0.05015,0.04971,0.04982,1188184.3
2026-06-29 12:00:00+00:00,0.04984,0.05058,0.04959,0.04995,3279965.9
2026-06-29 13:00:00+00:00,0.04995,0.05024,0.04937,0.04964,2840452.7
2026-06-29 14:00:00+00:00,0.04965,0.04967,0.04915,0.04953,2966010.7
2026-06-29 15:00:00+00:00,0.04952,0.04966,0.04909,0.04957,1988023.3
2026-06-29 16:00:00+00:00,0.04955,0.04979,0.04928,0.04954,1038843.5
2026-06-29 17:00:00+00:00,0.04953,0.0502,0.04952,0.05007,3663521.4
2026-06-29 18:00:00+00:00,0.05007,0.05042,0.04979,0.05,3263423.5
2026-06-29 19:00:00+00:00,0.05001,0.05002,0.04955,0.0496,1302306.1
2026-06-29 20:00:00+00:00,0.0496,0.0496,0.04943,0.04951,1576236.5
2026-06-29 21:00:00+00:00,0.04951,0.05001,0.04945,0.04986,2179188.1
2026-06-29 22:00:00+00:00,0.04987,0.05008,0.04984,0.04993,1217836.1
2026-06-29 23:00:00+00:00,0.04992,0.05011,0.04983,0.04988,810046.5
2026-06-30 00:00:00+00:00,0.04987,0.04987,0.0494,0.04942,2311445.2
2026-06-30 01:00:00+00:00,0.04941,0.04948,0.04917,0.04919,1140342.8
2026-06-30 02:00:00+00:00,0.04919,0.04944,0.04914,0.04935,1324509.5
2026-06-30 03:00:00+00:00,0.04935,0.0498,0.04924,0.04926,2143559.7
2026-06-30 04:00:00+00:00,0.04926,0.0495,0.04915,0.04942,1152649.2
2026-06-30 05:00:00+00:00,0.04942,0.04967,0.04931,0.04965,569483.6
2026-06-30 06:00:00+00:00,0.04966,0.05037,0.04962,0.05015,2927171.8
2026-06-30 07:00:00+00:00,0.05015,0.05022,0.0497,0.04993,1596881.2
2026-06-30 08:00:00+00:00,0.04993,0.05039,0.0492,0.04935,3862265.5
2026-06-30 09:00:00+00:00,0.04935,0.04946,0.04913,0.04929,2643894.7
2026-06-30 10:00:00+00:00,0.04931,0.04957,0.0492,0.04948,970850.6
2026-06-30 11:00:00+00:00,0.04948,0.04952,0.049,0.04908,2798586.8
2026-06-30 12:00:00+00:00,0.04908,0.04908,0.04815,0.04815,6078605.9
2026-06-30 13:00:00+00:00,0.04816,0.0488,0.04811,0.04869,2381095.0
2026-06-30 14:00:00+00:00,0.04869,0.04911,0.04828,0.04834,1872353.0
2026-06-30 15:00:00+00:00,0.04835,0.04844,0.04802,0.04806,1638699.4
2026-06-30 16:00:00+00:00,0.04806,0.04844,0.04777,0.04829,2393562.4
2026-06-30 17:00:00+00:00,0.0483,0.04842,0.04778,0.04779,1194020.5
2026-06-30 18:00:00+00:00,0.04779,0.04822,0.04772,0.04804,1932701.7
2026-06-30 19:00:00+00:00,0.04802,0.04815,0.04776,0.04777,1447658.6
2026-06-30 20:00:00+00:00,0.04776,0.04787,0.04752,0.0476,1691470.1
2026-06-30 21:00:00+00:00,0.0476,0.04768,0.04731,0.04767,1275273.9
2026-06-30 22:00:00+00:00,0.04767,0.04779,0.04725,0.04731,753559.0
2026-06-30 23:00:00+00:00,0.04731,0.04751,0.04726,0.04746,1086291.0
2026-07-01 00:00:00+00:00,0.04747,0.04756,0.0472,0.04733,1066729.8
2026-07-01 01:00:00+00:00,0.04733,0.04746,0.04645,0.04738,4351344.9
2026-07-01 02:00:00+00:00,0.04739,0.04787,0.04732,0.04769,1487370.1
2026-07-01 03:00:00+00:00,0.04769,0.04797,0.0475,0.04791,1613699.3
2026-07-01 04:00:00+00:00,0.04791,0.04791,0.04751,0.04775,2498138.0
2026-07-01 05:00:00+00:00,0.04776,0.04776,0.04728,0.0473,1728999.1
2026-07-01 06:00:00+00:00,0.04729,0.04731,0.04666,0.04677,1660750.9
2026-07-01 07:00:00+00:00,0.04678,0.04688,0.04651,0.0467,1777534.9
2026-07-01 08:00:00+00:00,0.04669,0.04729,0.0466,0.04729,1773792.6
2026-07-01 09:00:00+00:00,0.0473,0.04759,0.04718,0.04754,2059463.9
2026-07-01 10:00:00+00:00,0.04754,0.04766,0.0473,0.0474,1660527.4
2026-07-01 11:00:00+00:00,0.04741,0.04742,0.0471,0.04741,984511.8
2026-07-01 12:00:00+00:00,0.04741,0.04745,0.04708,0.04721,881683.8
2026-07-01 13:00:00+00:00,0.04722,0.0481,0.04692,0.04808,3020668.1
2026-07-01 14:00:00+00:00,0.04808,0.0484,0.0478,0.04795,3296876.3
2026-07-01 15:00:00+00:00,0.04796,0.04873,0.04784,0.04808,6579087.4
2026-07-01 16:00:00+00:00,0.04809,0.04852,0.04718,0.04729,4953304.2
2026-07-01 17:00:00+00:00,0.0473,0.04862,0.04724,0.04833,2749110.4
2026-07-01 18:00:00+00:00,0.04832,0.04867,0.04806,0.04849,3902637.4
2026-07-01 19:00:00+00:00,0.04849,0.04895,0.04817,0.04851,3751912.8
2026-07-01 20:00:00+00:00,0.04851,0.04854,0.04766,0.04795,2911967.5
2026-07-01 21:00:00+00:00,0.04795,0.04871,0.04786,0.04825,2995250.5
2026-07-01 22:00:00+00:00,0.04824,0.04854,0.04767,0.04769,2677220.3
2026-07-01 23:00:00+00:00,0.04768,0.04768,0.04728,0.04736,2167952.6
2026-07-02 00:00:00+00:00,0.04736,0.04787,0.04715,0.0477,1847157.7
2026-07-02 01:00:00+00:00,0.04771,0.04802,0.04737,0.04738,1967351.0
2026-07-02 02:00:00+00:00,0.04738,0.04797,0.04737,0.04767,1839139.6
2026-07-02 03:00:00+00:00,0.04766,0.04807,0.04738,0.04806,3458089.7
2026-07-02 04:00:00+00:00,0.04806,0.04843,0.04761,0.04773,2496523.3
2026-07-02 05:00:00+00:00,0.04774,0.04855,0.04747,0.04756,4026115.8
2026-07-02 06:00:00+00:00,0.04755,0.04758,0.04728,0.04737,1834095.5
2026-07-02 07:00:00+00:00,0.04736,0.04736,0.04704,0.04725,2159814.1
2026-07-02 08:00:00+00:00,0.04726,0.048,0.04717,0.048,2279771.2
2026-07-02 09:00:00+00:00,0.04801,0.04825,0.04753,0.0481,3701414.8
2026-07-02 10:00:00+00:00,0.0481,0.04827,0.04796,0.04814,2934808.9
2026-07-02 11:00:00+00:00,0.04813,0.04867,0.04794,0.04815,4859753.3
2026-07-02 12:00:00+00:00,0.04814,0.04856,0.04802,0.04839,4849901.6
2026-07-02 13:00:00+00:00,0.0484,0.04914,0.04826,0.04911,6006636.1
2026-07-02 14:00:00+00:00,0.04911,0.04935,0.04792,0.04817,10765865.1
2026-07-02 15:00:00+00:00,0.04817,0.04833,0.04757,0.04785,4930677.6
2026-07-02 16:00:00+00:00,0.04786,0.04818,0.04764,0.04794,5561089.1
2026-07-02 17:00:00+00:00,0.04793,0.04817,0.04784,0.04789,2110484.7
2026-07-02 18:00:00+00:00,0.0479,0.04809,0.0478,0.04784,1820146.4
2026-07-02 19:00:00+00:00,0.04785,0.04803,0.0477,0.04783,2842774.0
2026-07-02 20:00:00+00:00,0.04784,0.04789,0.04763,0.0477,2407874.6
2026-07-02 21:00:00+00:00,0.04771,0.04779,0.04742,0.04769,1898046.2
2026-07-02 22:00:00+00:00,0.04769,0.04806,0.04764,0.048,1615918.2
2026-07-02 23:00:00+00:00,0.048,0.04837,0.04775,0.04828,2591200.5
2026-07-03 00:00:00+00:00,0.04828,0.04828,0.0477,0.0479,3617658.6
2026-07-03 01:00:00+00:00,0.0479,0.04899,0.0479,0.0489,2544358.1
2026-07-03 02:00:00+00:00,0.0489,0.04925,0.04837,0.0487,3288776.6
2026-07-03 03:00:00+00:00,0.0487,0.04874,0.04825,0.04857,1795008.4
2026-07-03 04:00:00+00:00,0.04856,0.0492,0.04843,0.049,2965547.4
2026-07-03 05:00:00+00:00,0.049,0.0491,0.04859,0.04874,2107637.6
2026-07-03 06:00:00+00:00,0.04874,0.04899,0.0487,0.04892,2145882.6
2026-07-03 07:00:00+00:00,0.04893,0.04965,0.04886,0.04958,3322413.3
2026-07-03 08:00:00+00:00,0.04958,0.04968,0.04914,0.04935,3505277.4
2026-07-03 09:00:00+00:00,0.04932,0.04964,0.04926,0.04943,1528215.0
2026-07-03 10:00:00+00:00,0.04942,0.04987,0.04938,0.04972,2128936.3
2026-07-03 11:00:00+00:00,0.04971,0.04972,0.04945,0.0496,1090484.8
2026-07-03 12:00:00+00:00,0.04959,0.04982,0.04938,0.04973,1851608.2
2026-07-03 13:00:00+00:00,0.04974,0.05021,0.04971,0.05004,2606696.7
2026-07-03 14:00:00+00:00,0.05003,0.05005,0.04915,0.04973,3864808.5
2026-07-03 15:00:00+00:00,0.04974,0.05049,0.04971,0.04986,4008450.9
2026-07-03 16:00:00+00:00,0.04986,0.05008,0.04974,0.04996,1175480.6
2026-07-03 17:00:00+00:00,0.04995,0.05009,0.04973,0.05004,1332235.0
2026-07-03 18:00:00+00:00,0.05004,0.05004,0.0497,0.04979,1089306.1
2026-07-03 19:00:00+00:00,0.04977,0.05038,0.04977,0.04997,1889767.3
2026-07-03 20:00:00+00:00,0.04997,0.05044,0.0499,0.05041,1711559.0
2026-07-03 21:00:00+00:00,0.05041,0.05067,0.04999,0.05041,1260161.5
2026-07-03 22:00:00+00:00,0.05041,0.05041,0.04991,0.05003,1244482.8
2026-07-03 23:00:00+00:00,0.05002,0.05013,0.04985,0.04998,1384443.8
2026-07-04 00:00:00+00:00,0.04998,0.05014,0.04974,0.04991,1526835.2
2026-07-04 01:00:00+00:00,0.04991,0.04994,0.04956,0.04982,1424843.9
2026-07-04 02:00:00+00:00,0.04982,0.0502,0.04973,0.04993,1287115.5
2026-07-04 03:00:00+00:00,0.04993,0.05024,0.04986,0.05004,784920.1
2026-07-04 04:00:00+00:00,0.05004,0.05015,0.04983,0.04991,2176932.1
2026-07-04 05:00:00+00:00,0.0499,0.05016,0.04955,0.04974,2045135.3
2026-07-04 06:00:00+00:00,0.04973,0.04995,0.04949,0.04951,1910692.0
2026-07-04 07:00:00+00:00,0.0495,0.04956,0.0493,0.04951,1256557.4
2026-07-04 08:00:00+00:00,0.0495,0.04982,0.04934,0.04943,1537107.9
2026-07-04 09:00:00+00:00,0.04944,0.04957,0.04905,0.04917,1251086.1
2026-07-04 10:00:00+00:00,0.04917,0.04933,0.04909,0.04929,982784.1
2026-07-04 11:00:00+00:00,0.04928,0.04937,0.04901,0.04917,1522485.7
2026-07-04 12:00:00+00:00,0.04917,0.04956,0.04915,0.04952,786457.0
2026-07-04 13:00:00+00:00,0.04951,0.04974,0.04931,0.04943,981769.1
2026-07-04 14:00:00+00:00,0.04943,0.05002,0.04943,0.04999,1627768.5
2026-07-04 15:00:00+00:00,0.05,0.05042,0.04995,0.05013,2051611.7
2026-07-04 16:00:00+00:00,0.05013,0.05024,0.04979,0.0498,1406544.2
2026-07-04 17:00:00+00:00,0.04979,0.05083,0.04969,0.05076,3837005.4
2026-07-04 18:00:00+00:00,0.05076,0.05079,0.05029,0.0504,1882442.1
2026-07-04 19:00:00+00:00,0.0504,0.05054,0.05016,0.05022,807730.7
2026-07-04 20:00:00+00:00,0.05022,0.05035,0.04993,0.05012,721236.4
2026-07-04 21:00:00+00:00,0.05012,0.05038,0.05004,0.05018,712470.9
2026-07-04 22:00:00+00:00,0.05017,0.05039,0.04997,0.05039,1252777.9
2026-07-04 23:00:00+00:00,0.05039,0.05039,0.04977,0.05017,1164908.5
2026-07-05 00:00:00+00:00,0.05017,0.05024,0.04976,0.04992,1466509.5
2026-07-05 01:00:00+00:00,0.04993,0.05014,0.04944,0.04957,1497427.4
2026-07-05 02:00:00+00:00,0.04956,0.04958,0.04906,0.04923,1817433.9
2026-07-05 03:00:00+00:00,0.04923,0.04937,0.04916,0.04923,1516341.8
2026-07-05 04:00:00+00:00,0.04923,0.0494,0.04907,0.0491,1204558.6
2026-07-05 05:00:00+00:00,0.04909,0.04914,0.04881,0.04883,1511340.1
2026-07-05 06:00:00+00:00,0.04883,0.049,0.04863,0.04894,2131161.1
2026-07-05 07:00:00+00:00,0.04893,0.04898,0.04865,0.04895,613385.1
2026-07-05 08:00:00+00:00,0.04895,0.04902,0.04868,0.04874,912327.5
2026-07-05 09:00:00+00:00,0.04874,0.04894,0.04811,0.04822,5151732.7
2026-07-05 10:00:00+00:00,0.04821,0.04852,0.04804,0.0485,1193227.8
2026-07-05 11:00:00+00:00,0.0485,0.04857,0.04834,0.04843,1086747.3
2026-07-05 12:00:00+00:00,0.04843,0.04875,0.04829,0.04865,1282217.0
2026-07-05 13:00:00+00:00,0.04865,0.04885,0.04857,0.04885,502555.2
2026-07-05 14:00:00+00:00,0.04885,0.04893,0.0485,0.0487,1150350.0
2026-07-05 15:00:00+00:00,0.0487,0.049,0.04855,0.0486,1565920.0
2026-07-05 16:00:00+00:00,0.04861,0.04876,0.04857,0.04874,1098853.7
2026-07-05 17:00:00+00:00,0.04875,0.0492,0.04875,0.04916,893495.5
2026-07-05 18:00:00+00:00,0.04916,0.04991,0.04906,0.04968,2984611.1
2026-07-05 19:00:00+00:00,0.04968,0.04996,0.04958,0.04996,1502226.8
2026-07-05 20:00:00+00:00,0.04995,0.05014,0.04976,0.04993,1659514.2
2026-07-05 21:00:00+00:00,0.04992,0.05027,0.04948,0.04987,2110967.8
2026-07-05 22:00:00+00:00,0.04986,0.05032,0.04976,0.05019,5242970.0
2026-07-05 23:00:00+00:00,0.0502,0.05026,0.0498,0.04999,1917028.9
2026-07-06 00:00:00+00:00,0.05,0.05001,0.04919,0.04976,3189035.5
2026-07-06 01:00:00+00:00,0.04976,0.05017,0.0494,0.04948,2113928.0
2026-07-06 02:00:00+00:00,0.04948,0.04968,0.04926,0.04935,972391.5
2026-07-06 03:00:00+00:00,0.04934,0.04949,0.0491,0.04929,1814645.0
2026-07-06 04:00:00+00:00,0.04929,0.04934,0.04908,0.0491,796167.0
2026-07-06 05:00:00+00:00,0.0491,0.0491,0.04843,0.04869,1632998.1
2026-07-06 06:00:00+00:00,0.0487,0.04877,0.04858,0.04868,572512.3
2026-07-06 07:00:00+00:00,0.04867,0.04908,0.04853,0.04903,1241636.2
2026-07-06 08:00:00+00:00,0.04902,0.04917,0.04877,0.04901,1337201.6
2026-07-06 09:00:00+00:00,0.049,0.04946,0.04884,0.0493,3461629.7
2026-07-06 10:00:00+00:00,0.0493,0.04954,0.04912,0.04925,2217973.6
2026-07-06 11:00:00+00:00,0.04927,0.04998,0.04863,0.04863,4482309.4
2026-07-06 12:00:00+00:00,0.04862,0.04868,0.04743,0.04841,5753150.6
2026-07-06 13:00:00+00:00,0.04841,0.04882,0.04808,0.0486,3220596.8
2026-07-06 14:00:00+00:00,0.04859,0.04927,0.04859,0.04911,3740671.9
2026-07-06 15:00:00+00:00,0.04912,0.05002,0.04906,0.04999,3459340.7
2026-07-06 16:00:00+00:00,0.05,0.05049,0.04981,0.05003,4651727.8
2026-07-06 17:00:00+00:00,0.05002,0.05012,0.04971,0.04984,1573358.7
2026-07-06 18:00:00+00:00,0.04982,0.04999,0.04961,0.04971,1139988.3
2026-07-06 19:00:00+00:00,0.04971,0.05002,0.04965,0.04984,790993.3
2026-07-06 20:00:00+00:00,0.04985,0.05015,0.04973,0.05013,767123.4
2026-07-06 21:00:00+00:00,0.05014,0.05099,0.05011,0.05076,4920654.6
2026-07-06 22:00:00+00:00,0.05076,0.05101,0.05062,0.05098,1727221.2
2026-07-06 23:00:00+00:00,0.05098,0.05108,0.05043,0.05061,2631422.7
2026-07-07 00:00:00+00:00,0.05063,0.05156,0.05063,0.05125,8032232.6
2026-07-07 01:00:00+00:00,0.05124,0.05124,0.05026,0.05051,2990056.3
2026-07-07 02:00:00+00:00,0.05049,0.05079,0.05011,0.05023,2985042.0
2026-07-07 03:00:00+00:00,0.05024,0.05038,0.05005,0.05007,1396014.4
2026-07-07 04:00:00+00:00,0.05006,0.05028,0.04999,0.05023,1262002.9
2026-07-07 05:00:00+00:00,0.05024,0.05027,0.0495,0.0498,3951513.1
2026-07-07 06:00:00+00:00,0.04979,0.05017,0.04975,0.05006,1643719.9
2026-07-07 07:00:00+00:00,0.05005,0.05031,0.04981,0.04982,987501.7
2026-07-07 08:00:00+00:00,0.04983,0.04993,0.04946,0.0496,2217121.7
2026-07-07 09:00:00+00:00,0.04959,0.04969,0.0494,0.04954,1340523.1
2026-07-07 10:00:00+00:00,0.04954,0.04976,0.04949,0.04956,772144.9
2026-07-07 11:00:00+00:00,0.04957,0.05026,0.04951,0.04989,2526789.6
2026-07-07 12:00:00+00:00,0.04989,0.05017,0.04971,0.04978,1196902.3
2026-07-07 13:00:00+00:00,0.04977,0.0498,0.04921,0.04924,1714338.6
2026-07-07 14:00:00+00:00,0.04923,0.0494,0.04856,0.04934,3170771.8
2026-07-07 15:00:00+00:00,0.04933,0.04954,0.04926,0.04942,1588722.8
2026-07-07 16:00:00+00:00,0.04943,0.04965,0.04912,0.04937,1566333.7
2026-07-07 17:00:00+00:00,0.04937,0.04956,0.04926,0.04955,843939.0
2026-07-07 18:00:00+00:00,0.04956,0.04956,0.0486,0.0486,1624352.8
2026-07-07 19:00:00+00:00,0.0486,0.0488,0.04828,0.04875,2110328.2
2026-07-07 20:00:00+00:00,0.04875,0.04879,0.04847,0.04853,940456.7
2026-07-07 21:00:00+00:00,0.04856,0.04862,0.04808,0.04808,1598231.4
2026-07-07 22:00:00+00:00,0.04808,0.04822,0.04771,0.04813,2676793.7
2026-07-07 23:00:00+00:00,0.04812,0.04836,0.04809,0.04809,1127998.6
2026-07-08 00:00:00+00:00,0.04812,0.04852,0.04802,0.04843,1468958.7
2026-07-08 01:00:00+00:00,0.04844,0.04844,0.0474,0.0475,2515588.9
2026-07-08 02:00:00+00:00,0.04749,0.04749,0.04656,0.0471,7583657.3
2026-07-08 03:00:00+00:00,0.04711,0.04742,0.04702,0.04706,1086420.8
2026-07-08 04:00:00+00:00,0.04705,0.04726,0.04694,0.04715,861226.0
2026-07-08 05:00:00+00:00,0.04716,0.0472,0.04676,0.04685,1073283.9
2026-07-08 06:00:00+00:00,0.04687,0.04718,0.04678,0.0471,1734369.3
2026-07-08 07:00:00+00:00,0.04709,0.04714,0.04677,0.04687,5001123.5
2026-07-08 08:00:00+00:00,0.04688,0.04712,0.04603,0.0462,5656227.7
2026-07-08 09:00:00+00:00,0.04621,0.04647,0.04602,0.04635,2698064.7
2026-07-08 10:00:00+00:00,0.04636,0.04657,0.04611,0.04651,785945.9
2026-07-08 11:00:00+00:00,0.04651,0.04682,0.04637,0.04664,1643854.7
2026-07-08 12:00:00+00:00,0.04665,0.04678,0.04641,0.04642,1830236.2
2026-07-08 13:00:00+00:00,0.04642,0.04668,0.04625,0.04662,1828829.9
2026-07-08 14:00:00+00:00,0.04662,0.0467,0.0462,0.04649,1424228.2
2026-07-08 15:00:00+00:00,0.0465,0.04654,0.04617,0.04644,945886.9
2026-07-08 16:00:00+00:00,0.04644,0.04687,0.04639,0.04678,1771972.9
2026-07-08 17:00:00+00:00,0.04678,0.04709,0.04677,0.04686,857361.1
2026-07-08 18:00:00+00:00,0.04686,0.04732,0.04684,0.04722,979222.4
2026-07-08 19:00:00+00:00,0.04723,0.04735,0.04705,0.04705,1830818.4
2026-07-08 20:00:00+00:00,0.04706,0.04725,0.04688,0.04691,838467.1
2026-07-08 21:00:00+00:00,0.04692,0.04701,0.04635,0.04699,1759136.9
2026-07-08 22:00:00+00:00,0.04699,0.0473,0.04697,0.04713,1368189.0
2026-07-08 23:00:00+00:00,0.04713,0.04721,0.047,0.0472,1165885.7
2026-07-09 00:00:00+00:00,0.04722,0.04733,0.04687,0.04695,1384629.9
2026-07-09 01:00:00+00:00,0.04697,0.04805,0.04692,0.04736,4867721.2
2026-07-09 02:00:00+00:00,0.04738,0.04771,0.04723,0.04741,1891118.6
2026-07-09 03:00:00+00:00,0.04738,0.04767,0.04718,0.04767,847639.6
2026-07-09 04:00:00+00:00,0.04768,0.04794,0.04741,0.04794,656093.7
2026-07-09 05:00:00+00:00,0.04793,0.04804,0.04763,0.04795,1865233.9
2026-07-09 06:00:00+00:00,0.04796,0.04822,0.04786,0.04822,1625935.9
2026-07-09 07:00:00+00:00,0.04821,0.0483,0.04794,0.04794,1443413.4
2026-07-09 08:00:00+00:00,0.04794,0.04799,0.04777,0.0478,772540.0
2026-07-09 09:00:00+00:00,0.04779,0.04783,0.04762,0.04773,469171.2
2026-07-09 10:00:00+00:00,0.04773,0.04777,0.04749,0.04756,471283.4
2026-07-09 11:00:00+00:00,0.04756,0.04787,0.04747,0.04781,963847.4
2026-07-09 12:00:00+00:00,0.0478,0.04847,0.0478,0.04788,3325352.0
2026-07-09 13:00:00+00:00,0.04788,0.04809,0.04767,0.04784,1777221.6
2026-07-09 14:00:00+00:00,0.04785,0.04788,0.04749,0.04752,1646597.2
2026-07-09 15:00:00+00:00,0.04752,0.0482,0.04735,0.04736,2190156.2
2026-07-09 16:00:00+00:00,0.04737,0.04764,0.04734,0.04764,702348.0
2026-07-09 17:00:00+00:00,0.04764,0.04807,0.04759,0.048,918768.1
2026-07-09 18:00:00+00:00,0.04801,0.0482,0.04785,0.04788,1056687.0
2026-07-09 19:00:00+00:00,0.04789,0.0483,0.0478,0.04784,1339889.5
2026-07-09 20:00:00+00:00,0.04785,0.04846,0.0478,0.04841,1120115.5
2026-07-09 21:00:00+00:00,0.04841,0.04903,0.04836,0.04881,5453420.0
2026-07-09 22:00:00+00:00,0.04881,0.05039,0.04876,0.04987,9601339.5
2026-07-09 23:00:00+00:00,0.04986,0.05015,0.04923,0.04975,4097688.4
2026-07-10 00:00:00+00:00,0.04975,0.05023,0.04937,0.05019,5122281.0
2026-07-10 01:00:00+00:00,0.0502,0.05157,0.05006,0.05106,8770150.4
2026-07-10 02:00:00+00:00,0.05106,0.05123,0.05056,0.05072,3276024.5
2026-07-10 03:00:00+00:00,0.05071,0.05079,0.05018,0.0503,1868667.5
2026-07-10 04:00:00+00:00,0.05028,0.05032,0.0499,0.04996,1952589.0
2026-07-10 05:00:00+00:00,0.04995,0.04997,0.04978,0.0498,1137409.6
2026-07-10 06:00:00+00:00,0.0498,0.04983,0.04953,0.04956,1191906.7
2026-07-10 07:00:00+00:00,0.04956,0.04957,0.04943,0.04952,1018922.8
2026-07-10 08:00:00+00:00,0.04951,0.04977,0.04942,0.04968,1222450.7
2026-07-10 09:00:00+00:00,0.04969,0.05051,0.04963,0.0503,2236043.9
2026-07-10 10:00:00+00:00,0.05031,0.05074,0.05023,0.0507,2183182.7
2026-07-10 11:00:00+00:00,0.05071,0.05124,0.05018,0.05055,21258645.8
2026-07-10 12:00:00+00:00,0.05054,0.05075,0.05021,0.05022,2463464.8
2026-07-10 13:00:00+00:00,0.05022,0.05032,0.05003,0.05006,2392311.3
2026-07-10 14:00:00+00:00,0.05005,0.05008,0.04922,0.04956,3480928.9
2026-07-10 15:00:00+00:00,0.04957,0.0499,0.04956,0.0499,1067505.6
2026-07-10 16:00:00+00:00,0.04989,0.05055,0.04989,0.0504,1846186.4
2026-07-10 17:00:00+00:00,0.0504,0.05055,0.05017,0.05041,971553.5
2026-07-10 18:00:00+00:00,0.0504,0.05058,0.05004,0.05034,1102509.2
2026-07-10 19:00:00+00:00,0.05033,0.05062,0.05027,0.05047,606134.5
2026-07-10 20:00:00+00:00,0.05047,0.05052,0.05005,0.05032,1178714.9
2026-07-10 21:00:00+00:00,0.05032,0.05047,0.05022,0.05025,630556.0
2026-07-10 22:00:00+00:00,0.05026,0.05034,0.05002,0.05017,459300.7
2026-07-10 23:00:00+00:00,0.05017,0.05017,0.04994,0.04996,760566.3
2026-07-11 00:00:00+00:00,0.04997,0.05011,0.04978,0.04984,1885185.7
2026-07-11 01:00:00+00:00,0.04983,0.05005,0.04977,0.04977,438009.5
2026-07-11 02:00:00+00:00,0.04978,0.04994,0.04975,0.04984,655224.1
2026-07-11 03:00:00+00:00,0.04985,0.0499,0.04973,0.04988,521071.1
2026-07-11 04:00:00+00:00,0.04986,0.04986,0.04965,0.04972,525313.5
2026-07-11 05:00:00+00:00,0.04971,0.05011,0.04954,0.04977,2105014.4
2026-07-11 06:00:00+00:00,0.04977,0.05015,0.04961,0.04987,939218.4
2026-07-11 07:00:00+00:00,0.04986,0.05003,0.04977,0.05003,599192.6
2026-07-11 08:00:00+00:00,0.05002,0.05013,0.04982,0.04996,1188359.0
2026-07-11 09:00:00+00:00,0.04998,0.0501,0.04982,0.04984,541753.2
2026-07-11 10:00:00+00:00,0.04984,0.05011,0.04967,0.04985,1148562.1
2026-07-11 11:00:00+00:00,0.04984,0.04988,0.04968,0.04969,1178268.5
2026-07-11 12:00:00+00:00,0.04967,0.04978,0.04962,0.04975,1529795.9
2026-07-11 13:00:00+00:00,0.04975,0.0502,0.04968,0.05005,1790193.3
2026-07-11 14:00:00+00:00,0.05006,0.05045,0.05006,0.05024,2108667.3
2026-07-11 15:00:00+00:00,0.05025,0.05059,0.04999,0.05044,1465056.3
2026-07-11 16:00:00+00:00,0.05045,0.05054,0.05016,0.05054,838419.2
2026-07-11 17:00:00+00:00,0.05054,0.05069,0.05036,0.05038,1350958.7
2026-07-11 18:00:00+00:00,0.05037,0.05054,0.05016,0.05037,1807882.0
2026-07-11 19:00:00+00:00,0.05036,0.05049,0.05031,0.05049,736297.3
2026-07-11 20:00:00+00:00,0.05048,0.05098,0.05035,0.05036,3085102.4
2026-07-11 21:00:00+00:00,0.05037,0.05042,0.05014,0.05018,661229.3
2026-07-11 22:00:00+00:00,0.05019,0.05021,0.04977,0.04982,1901115.2
2026-07-11 23:00:00+00:00,0.04983,0.04991,0.04903,0.04904,4357204.6
2026-07-12 00:00:00+00:00,0.04904,0.04917,0.04872,0.04889,2693521.3
2026-07-12 01:00:00+00:00,0.0489,0.0493,0.04885,0.04926,844223.0
2026-07-12 02:00:00+00:00,0.04925,0.04925,0.04896,0.04896,804842.7
2026-07-12 03:00:00+00:00,0.04896,0.04934,0.04883,0.04929,910961.5
2026-07-12 04:00:00+00:00,0.04929,0.04944,0.04908,0.04917,694292.5
2026-07-12 05:00:00+00:00,0.04918,0.04965,0.0491,0.04959,740365.8
2026-07-12 06:00:00+00:00,0.04958,0.04958,0.04885,0.04902,1669708.6
2026-07-12 07:00:00+00:00,0.04901,0.04923,0.04894,0.04901,672060.3
2026-07-12 08:00:00+00:00,0.04902,0.04947,0.04902,0.04921,1013750.7
2026-07-12 09:00:00+00:00,0.04921,0.04936,0.04902,0.04926,841414.4
2026-07-12 10:00:00+00:00,0.04927,0.04947,0.0492,0.04931,376773.7
2026-07-12 11:00:00+00:00,0.04932,0.04953,0.04918,0.0495,284875.6
2026-07-12 12:00:00+00:00,0.04949,0.04972,0.04928,0.04937,777768.5
2026-07-12 13:00:00+00:00,0.04937,0.0499,0.04916,0.04917,1009076.8
2026-07-12 14:00:00+00:00,0.04918,0.04937,0.04901,0.04925,463190.1
2026-07-12 15:00:00+00:00,0.04926,0.04934,0.04902,0.04908,539523.5
2026-07-12 16:00:00+00:00,0.04909,0.04924,0.04891,0.0492,1503586.7
2026-07-12 17:00:00+00:00,0.04919,0.04944,0.04911,0.0492,556828.0
2026-07-12 18:00:00+00:00,0.0492,0.04926,0.04902,0.04917,487437.1
2026-07-12 19:00:00+00:00,0.04918,0.04923,0.04908,0.04918,180561.1
2026-07-12 20:00:00+00:00,0.04917,0.0492,0.04904,0.04913,410312.3
2026-07-12 21:00:00+00:00,0.04914,0.04932,0.04892,0.04901,529085.9
2026-07-12 22:00:00+00:00,0.049,0.04902,0.04831,0.04849,2744905.1
2026-07-12 23:00:00+00:00,0.04848,0.04848,0.04822,0.04838,1006801.2
2026-07-13 00:00:00+00:00,0.04838,0.0492,0.04815,0.04855,2535309.1
2026-07-13 01:00:00+00:00,0.04853,0.04864,0.04794,0.04796,1553403.0
2026-07-13 02:00:00+00:00,0.04795,0.04834,0.04785,0.04816,597457.8
2026-07-13 03:00:00+00:00,0.04816,0.04816,0.04743,0.04776,2625441.4
2026-07-13 04:00:00+00:00,0.04775,0.04811,0.04762,0.04786,703877.6
2026-07-13 05:00:00+00:00,0.04787,0.04822,0.04756,0.04784,2452930.7
2026-07-13 06:00:00+00:00,0.04784,0.0481,0.04783,0.048,612413.1
2026-07-13 07:00:00+00:00,0.048,0.04839,0.04799,0.04827,1473799.0
2026-07-13 08:00:00+00:00,0.04828,0.04859,0.04824,0.04854,896630.0
2026-07-13 09:00:00+00:00,0.04855,0.04858,0.04826,0.0483,491208.1
2026-07-13 10:00:00+00:00,0.04828,0.04837,0.04819,0.04825,327089.5
2026-07-13 11:00:00+00:00,0.04826,0.0483,0.04802,0.04803,257400.3
2026-07-13 12:00:00+00:00,0.04802,0.04805,0.04768,0.04787,757330.3
2026-07-13 13:00:00+00:00,0.04787,0.04807,0.04765,0.04787,1894241.5
2026-07-13 14:00:00+00:00,0.04786,0.04836,0.04755,0.04836,2204033.3
2026-07-13 15:00:00+00:00,0.04836,0.04849,0.04803,0.04805,581662.3
2026-07-13 16:00:00+00:00,0.04806,0.0482,0.04771,0.04783,698560.7
2026-07-13 17:00:00+00:00,0.04783,0.04792,0.04724,0.04726,1526231.5
2026-07-13 18:00:00+00:00,0.04727,0.04746,0.0472,0.04737,1041716.3
2026-07-13 19:00:00+00:00,0.04738,0.04767,0.04733,0.04762,729218.7
2026-07-13 20:00:00+00:00,0.04761,0.04762,0.04726,0.04739,541573.5
2026-07-13 21:00:00+00:00,0.0474,0.04742,0.04689,0.04722,1272768.5
2026-07-13 22:00:00+00:00,0.04722,0.0474,0.04698,0.04703,720061.9
2026-07-13 23:00:00+00:00,0.04703,0.04728,0.0469,0.04726,818846.0
2026-07-14 00:00:00+00:00,0.04727,0.0474,0.04711,0.0474,911374.3
2026-07-14 01:00:00+00:00,0.04739,0.04768,0.04734,0.04753,1106350.6
2026-07-14 02:00:00+00:00,0.04752,0.04757,0.04727,0.04743,586864.2
2026-07-14 03:00:00+00:00,0.04743,0.04748,0.04718,0.04737,706520.9
2026-07-14 04:00:00+00:00,0.04738,0.04768,0.04728,0.0476,450560.7
2026-07-14 05:00:00+00:00,0.0476,0.04778,0.04754,0.0477,852292.3
2026-07-14 06:00:00+00:00,0.04769,0.04779,0.0476,0.04773,547802.8
2026-07-14 07:00:00+00:00,0.04772,0.04781,0.04761,0.04772,873572.8
2026-07-14 08:00:00+00:00,0.04773,0.04789,0.04765,0.04773,1643714.1
2026-07-14 09:00:00+00:00,0.04772,0.04779,0.04733,0.04733,1287103.1
2026-07-14 10:00:00+00:00,0.04734,0.0476,0.04734,0.04757,486921.9
2026-07-14 11:00:00+00:00,0.04756,0.04761,0.04743,0.04758,266196.6
2026-07-14 12:00:00+00:00,0.04757,0.04848,0.04747,0.04841,4040692.1
2026-07-14 13:00:00+00:00,0.04842,0.04893,0.04829,0.04864,2187258.1
2026-07-14 14:00:00+00:00,0.04863,0.04894,0.04835,0.04889,1985668.6
2026-07-14 15:00:00+00:00,0.04889,0.04927,0.04872,0.04874,3519403.0
2026-07-14 16:00:00+00:00,0.04875,0.04892,0.04864,0.04864,952211.9
2026-07-14 17:00:00+00:00,0.04864,0.04864,0.04814,0.04847,2125920.4
2026-07-14 18:00:00+00:00,0.04847,0.04859,0.0481,0.0482,2039524.5
2026-07-14 19:00:00+00:00,0.0482,0.04827,0.04801,0.04806,891705.5
2026-07-14 20:00:00+00:00,0.04807,0.04808,0.04793,0.04803,501329.3
2026-07-14 21:00:00+00:00,0.04802,0.04832,0.04797,0.04817,963697.8
2026-07-14 22:00:00+00:00,0.04817,0.04855,0.04797,0.04831,1219861.4
2026-07-14 23:00:00+00:00,0.04831,0.04856,0.04822,0.04852,451324.8
2026-07-15 00:00:00+00:00,0.04852,0.04859,0.04838,0.04858,1301250.6
2026-07-15 01:00:00+00:00,0.04857,0.04864,0.04832,0.04843,411928.2
2026-07-15 02:00:00+00:00,0.04844,0.04869,0.04813,0.04813,634287.6
2026-07-15 03:00:00+00:00,0.04812,0.04854,0.0481,0.04843,655589.0
2026-07-15 04:00:00+00:00,0.04842,0.04848,0.04811,0.04821,336330.0
2026-07-15 05:00:00+00:00,0.04822,0.0484,0.04792,0.0484,1245885.7
2026-07-15 06:00:00+00:00,0.04839,0.04864,0.04823,0.04837,1522920.8
2026-07-15 07:00:00+00:00,0.04838,0.04845,0.04779,0.04795,1207155.3
2026-07-15 08:00:00+00:00,0.04794,0.04807,0.04779,0.04799,739550.3
2026-07-15 09:00:00+00:00,0.04799,0.04828,0.04798,0.04798,727426.2
2026-07-15 10:00:00+00:00,0.04798,0.04813,0.04793,0.04802,549767.9
2026-07-15 11:00:00+00:00,0.04801,0.04832,0.048,0.04811,1240500.2
2026-07-15 12:00:00+00:00,0.0481,0.04912,0.04802,0.04899,2218204.6
2026-07-15 13:00:00+00:00,0.049,0.04927,0.04852,0.04873,3722763.5
2026-07-15 14:00:00+00:00,0.04874,0.04889,0.04854,0.04875,1168386.8
2026-07-15 15:00:00+00:00,0.04877,0.04884,0.04858,0.04872,999519.8
2026-07-15 16:00:00+00:00,0.04871,0.04901,0.04786,0.04811,3204494.4
2026-07-15 17:00:00+00:00,0.04812,0.04853,0.04807,0.04843,1619531.3
2026-07-15 18:00:00+00:00,0.04843,0.04866,0.0481,0.04812,1152032.1
2026-07-15 19:00:00+00:00,0.04813,0.04834,0.04807,0.04828,1206396.9
2026-07-15 20:00:00+00:00,0.04829,0.04932,0.04827,0.0491,3475326.8
2026-07-15 21:00:00+00:00,0.0491,0.04949,0.04881,0.04886,2097452.3
2026-07-15 22:00:00+00:00,0.04884,0.04905,0.0486,0.04864,2024761.1
2026-07-15 23:00:00+00:00,0.04864,0.04877,0.0484,0.04844,1200614.2
2026-07-16 00:00:00+00:00,0.04845,0.0486,0.04813,0.04837,2985450.2
2026-07-16 01:00:00+00:00,0.04837,0.0487,0.048,0.04863,1287600.4
2026-07-16 02:00:00+00:00,0.04863,0.04898,0.0485,0.04882,1279740.5
2026-07-16 03:00:00+00:00,0.04881,0.04893,0.04854,0.04871,1295938.8
2026-07-16 04:00:00+00:00,0.04871,0.04892,0.04853,0.04882,1432949.3
2026-07-16 05:00:00+00:00,0.04882,0.04914,0.04876,0.04891,1972119.4
2026-07-16 06:00:00+00:00,0.0489,0.04905,0.04844,0.04847,958665.4
2026-07-16 07:00:00+00:00,0.04846,0.04856,0.04787,0.04804,1930889.9
2026-07-16 08:00:00+00:00,0.04803,0.04805,0.04742,0.04779,4297908.6
2026-07-16 09:00:00+00:00,0.04779,0.04803,0.04765,0.04766,1473135.8
2026-07-16 10:00:00+00:00,0.04767,0.04778,0.04761,0.04771,775149.2
2026-07-16 11:00:00+00:00,0.04772,0.04772,0.04752,0.04759,1822320.9
2026-07-16 12:00:00+00:00,0.04759,0.0478,0.04744,0.0477,2744253.4
2026-07-16 13:00:00+00:00,0.04769,0.04827,0.04751,0.04808,2520245.0
2026-07-16 14:00:00+00:00,0.04808,0.04835,0.04804,0.04812,2123483.0
2026-07-16 15:00:00+00:00,0.04812,0.04832,0.04788,0.04814,2076823.2
2026-07-16 16:00:00+00:00,0.04815,0.04823,0.04797,0.04812,1427463.2
2026-07-16 17:00:00+00:00,0.04811,0.04837,0.04748,0.04764,19621749.2
2026-07-16 18:00:00+00:00,0.04764,0.04785,0.04751,0.0476,1777719.5
2026-07-16 19:00:00+00:00,0.0476,0.04766,0.04743,0.04754,1537915.4
2026-07-16 20:00:00+00:00,0.04754,0.0477,0.04747,0.04757,1540337.1
2026-07-16 21:00:00+00:00,0.04756,0.04778,0.04753,0.04761,1004584.0
2026-07-16 22:00:00+00:00,0.04761,0.0477,0.04719,0.04725,4937054.1
2026-07-16 23:00:00+00:00,0.04724,0.04725,0.04687,0.04707,3583152.3
2026-07-17 00:00:00+00:00,0.04708,0.04762,0.04698,0.04755,3914510.3
2026-07-17 01:00:00+00:00,0.04755,0.04778,0.04722,0.04724,1615312.7
2026-07-17 02:00:00+00:00,0.04724,0.04744,0.04703,0.04712,2121686.3
2026-07-17 03:00:00+00:00,0.04712,0.04742,0.04699,0.04711,3626668.0
2026-07-17 04:00:00+00:00,0.04711,0.04725,0.04696,0.04713,1358650.7
2026-07-17 05:00:00+00:00,0.04713,0.04713,0.04664,0.04669,4680786.4
2026-07-17 06:00:00+00:00,0.04669,0.04691,0.04659,0.04668,2831404.0
2026-07-17 07:00:00+00:00,0.04668,0.04677,0.0466,0.0466,1720791.0
2026-07-17 08:00:00+00:00,0.0466,0.04684,0.04626,0.04668,3963323.5
2026-07-17 09:00:00+00:00,0.04668,0.04703,0.04659,0.0469,2216427.2
2026-07-17 10:00:00+00:00,0.04691,0.04714,0.0469,0.04701,1342124.2
2026-07-17 11:00:00+00:00,0.04701,0.04726,0.04694,0.04715,1986973.6
2026-07-17 12:00:00+00:00,0.04715,0.04717,0.0468,0.0468,1684006.6
2026-07-17 13:00:00+00:00,0.0468,0.04721,0.04634,0.04709,3928706.3
2026-07-17 14:00:00+00:00,0.04709,0.04749,0.04708,0.04717,3007520.3
2026-07-17 15:00:00+00:00,0.04717,0.04757,0.04696,0.04757,3495943.1
2026-07-17 16:00:00+00:00,0.04758,0.04784,0.04744,0.04762,2612988.5
2026-07-17 17:00:00+00:00,0.04761,0.04804,0.04742,0.04743,2802602.6
2026-07-17 18:00:00+00:00,0.04744,0.04746,0.04715,0.04727,2467203.8
2026-07-17 19:00:00+00:00,0.04726,0.04727,0.04681,0.04695,3307658.8
2026-07-17 20:00:00+00:00,0.04694,0.04718,0.04685,0.04705,1533656.7
2026-07-17 21:00:00+00:00,0.04706,0.04773,0.04706,0.04714,4067491.7
2026-07-17 22:00:00+00:00,0.04715,0.04721,0.04701,0.04704,926855.6
2026-07-17 23:00:00+00:00,0.04703,0.04703,0.04684,0.04691,1096553.7
2026-07-18 00:00:00+00:00,0.04692,0.04695,0.04664,0.04671,3297225.0
2026-07-18 01:00:00+00:00,0.04671,0.04691,0.04656,0.04675,1302937.8
2026-07-18 02:00:00+00:00,0.04676,0.04705,0.04668,0.04693,1338473.3
2026-07-18 03:00:00+00:00,0.04693,0.04708,0.0469,0.04703,669884.4
2026-07-18 04:00:00+00:00,0.04704,0.04706,0.04672,0.04676,564148.5
2026-07-18 05:00:00+00:00,0.04676,0.04676,0.04657,0.04661,1056028.6
2026-07-18 06:00:00+00:00,0.04662,0.04687,0.04657,0.04669,1786943.6
2026-07-18 07:00:00+00:00,0.04669,0.04692,0.04659,0.04668,2397250.5
2026-07-18 08:00:00+00:00,0.04668,0.0469,0.04663,0.04665,407176.1
2026-07-18 09:00:00+00:00,0.04665,0.04665,0.04642,0.04664,1058416.6
2026-07-18 10:00:00+00:00,0.04664,0.04678,0.04661,0.04674,241074.3
2026-07-18 11:00:00+00:00,0.04674,0.04675,0.0466,0.04661,307790.8
2026-07-18 12:00:00+00:00,0.0466,0.0468,0.04638,0.04654,1468403.0
2026-07-18 13:00:00+00:00,0.04653,0.04658,0.04634,0.04638,1926090.7
2026-07-18 14:00:00+00:00,0.04639,0.04654,0.04633,0.04651,465586.2
2026-07-18 15:00:00+00:00,0.04651,0.04653,0.04639,0.04642,508086.4
2026-07-18 16:00:00+00:00,0.04642,0.04672,0.04636,0.04666,1227609.8
2026-07-18 17:00:00+00:00,0.04667,0.04692,0.0466,0.04682,385329.8
2026-07-18 18:00:00+00:00,0.04684,0.04706,0.04667,0.04675,1134002.5
2026-07-18 19:00:00+00:00,0.04676,0.04687,0.04676,0.04678,303673.6
2026-07-18 20:00:00+00:00,0.04678,0.04692,0.04671,0.0469,392335.0
2026-07-18 21:00:00+00:00,0.04692,0.047,0.04676,0.04686,636465.5
2026-07-18 22:00:00+00:00,0.04686,0.04699,0.0468,0.04683,731294.3
2026-07-18 23:00:00+00:00,0.04683,0.04692,0.04679,0.04686,440414.6
2026-07-19 00:00:00+00:00,0.04685,0.04702,0.04678,0.04693,540466.3
2026-07-19 01:00:00+00:00,0.04694,0.047,0.0466,0.04662,877638.8
2026-07-19 02:00:00+00:00,0.04663,0.04697,0.04663,0.04683,1249369.7
2026-07-19 03:00:00+00:00,0.04684,0.04686,0.04657,0.04663,484451.5
2026-07-19 04:00:00+00:00,0.04663,0.04666,0.04644,0.04651,1442007.4
2026-07-19 05:00:00+00:00,0.04652,0.04663,0.04639,0.0464,1558624.2
2026-07-19 06:00:00+00:00,0.04639,0.04685,0.04637,0.04666,1032583.6
2026-07-19 07:00:00+00:00,0.04666,0.04673,0.04656,0.04661,421298.6
2026-07-19 08:00:00+00:00,0.04661,0.04665,0.04654,0.04659,550779.2
2026-07-19 09:00:00+00:00,0.04658,0.04658,0.04638,0.04645,519375.5
2026-07-19 10:00:00+00:00,0.04645,0.04673,0.0464,0.04657,749597.4
2026-07-19 11:00:00+00:00,0.04656,0.04661,0.04632,0.04635,770527.4
2026-07-19 12:00:00+00:00,0.04635,0.04653,0.04618,0.0465,3308641.6
2026-07-19 13:00:00+00:00,0.04651,0.04669,0.04632,0.04654,1769612.3
2026-07-19 14:00:00+00:00,0.04654,0.04674,0.0464,0.04661,1020910.2
2026-07-19 15:00:00+00:00,0.04659,0.04672,0.04647,0.04655,481489.6
2026-07-19 16:00:00+00:00,0.04656,0.04669,0.04647,0.04652,641377.3
2026-07-19 17:00:00+00:00,0.04652,0.04664,0.04622,0.0466,987877.6
2026-07-19 18:00:00+00:00,0.0466,0.04664,0.04634,0.04648,924369.0
2026-07-19 19:00:00+00:00,0.04649,0.04657,0.04642,0.04655,230378.1
2026-07-19 20:00:00+00:00,0.04656,0.04666,0.04653,0.04662,378533.4
2026-07-19 21:00:00+00:00,0.04662,0.04666,0.04633,0.04635,583613.0
2026-07-19 22:00:00+00:00,0.04634,0.04669,0.04632,0.0465,760275.2
2026-07-19 23:00:00+00:00,0.0465,0.04655,0.04641,0.04653,615369.6
2026-07-20 00:00:00+00:00,0.04653,0.04693,0.04635,0.04637,1491002.6
2026-07-20 01:00:00+00:00,0.04637,0.04677,0.04612,0.04625,632616.7
2026-07-20 02:00:00+00:00,0.04626,0.04656,0.04616,0.04643,1063390.7
2026-07-20 03:00:00+00:00,0.04642,0.04656,0.04624,0.04634,1076268.4
2026-07-20 04:00:00+00:00,0.04635,0.04636,0.04583,0.04592,5349600.7
2026-07-20 05:00:00+00:00,0.04592,0.04595,0.04548,0.04549,4538610.2
2026-07-20 06:00:00+00:00,0.0455,0.04561,0.04532,0.0455,1477859.6
2026-07-20 07:00:00+00:00,0.0455,0.04588,0.04549,0.04582,642604.3
2026-07-20 08:00:00+00:00,0.04582,0.04595,0.04567,0.04584,652076.6
2026-07-20 09:00:00+00:00,0.04584,0.04626,0.04583,0.04616,726287.9
2026-07-20 10:00:00+00:00,0.04616,0.0463,0.04594,0.04617,2284540.9
2026-07-20 11:00:00+00:00,0.04618,0.04655,0.04608,0.04649,1969193.3
2026-07-20 12:00:00+00:00,0.04649,0.04649,0.0459,0.04603,1450047.3
2026-07-20 13:00:00+00:00,0.04603,0.04615,0.04579,0.04591,1725695.1
2026-07-20 14:00:00+00:00,0.04591,0.046,0.04562,0.04581,1193407.0
2026-07-20 15:00:00+00:00,0.04581,0.04633,0.04581,0.04626,3951992.2
2026-07-20 16:00:00+00:00,0.04627,0.04634,0.04587,0.04602,1819038.3
2026-07-20 17:00:00+00:00,0.046,0.04639,0.04593,0.04627,1094976.2
2026-07-20 18:00:00+00:00,0.04628,0.04643,0.04607,0.0461,792765.3
2026-07-20 19:00:00+00:00,0.04609,0.0462,0.04588,0.04597,954055.4
2026-07-20 20:00:00+00:00,0.04597,0.04644,0.04587,0.04634,1125529.1
2026-07-20 21:00:00+00:00,0.04634,0.04658,0.04634,0.04642,1245787.4
2026-07-20 22:00:00+00:00,0.04642,0.0466,0.04628,0.0464,1435937.4
2026-07-20 23:00:00+00:00,0.0464,0.04673,0.04639,0.04663,956180.0
2026-07-21 00:00:00+00:00,0.04663,0.047,0.04654,0.04695,2766218.9
2026-07-21 01:00:00+00:00,0.04694,0.047,0.04658,0.0466,732373.6
2026-07-21 02:00:00+00:00,0.04659,0.04682,0.04644,0.04678,822635.6
2026-07-21 03:00:00+00:00,0.04678,0.047,0.04676,0.04691,1659346.9
2026-07-21 04:00:00+00:00,0.04691,0.04701,0.04668,0.04691,1117150.4
2026-07-21 05:00:00+00:00,0.0469,0.04742,0.0469,0.04738,2236276.5
2026-07-21 06:00:00+00:00,0.04739,0.04753,0.04727,0.04751,1288993.8
2026-07-21 07:00:00+00:00,0.04751,0.04774,0.04739,0.0477,2728966.1
2026-07-21 08:00:00+00:00,0.04768,0.0478,0.04747,0.04749,2373575.5
2026-07-21 09:00:00+00:00,0.04748,0.0477,0.04729,0.04759,1563152.0
2026-07-21 10:00:00+00:00,0.0476,0.04767,0.04729,0.04734,1540306.7
2026-07-21 11:00:00+00:00,0.04734,0.04736,0.04716,0.04723,604975.8
2026-07-21 12:00:00+00:00,0.04723,0.04735,0.04715,0.04731,729954.6
2026-07-21 13:00:00+00:00,0.0473,0.04734,0.04704,0.04722,995585.1
2026-07-21 14:00:00+00:00,0.04722,0.04731,0.04691,0.04727,1922606.3
2026-07-21 15:00:00+00:00,0.04728,0.04763,0.04707,0.04722,2418629.1
2026-07-21 16:00:00+00:00,0.04722,0.04729,0.04706,0.04718,1364209.7
2026-07-21 17:00:00+00:00,0.04719,0.04719,0.0467,0.04683,2459967.4
2026-07-21 18:00:00+00:00,0.04683,0.04702,0.04669,0.04674,807655.6
2026-07-21 19:00:00+00:00,0.04674,0.04697,0.04669,0.04681,686132.2
2026-07-21 20:00:00+00:00,0.04681,0.04692,0.04676,0.04681,937328.6
2026-07-21 21:00:00+00:00,0.0468,0.04688,0.04674,0.04683,734119.9
2026-07-21 22:00:00+00:00,0.04683,0.04683,0.04663,0.04668,958178.2
2026-07-21 23:00:00+00:00,0.04668,0.04679,0.04657,0.04674,1433279.4
2026-07-22 00:00:00+00:00,0.04675,0.0472,0.04666,0.04702,1594774.7
2026-07-22 01:00:00+00:00,0.04702,0.04706,0.0467,0.04681,955981.1
2026-07-22 02:00:00+00:00,0.04681,0.04696,0.04662,0.04666,1052300.0
2026-07-22 03:00:00+00:00,0.04666,0.04672,0.04623,0.04632,1648788.7
2026-07-22 04:00:00+00:00,0.04633,0.04651,0.04626,0.04643,713590.2
2026-07-22 05:00:00+00:00,0.04643,0.04643,0.04619,0.04622,1731972.2
2026-07-22 06:00:00+00:00,0.04621,0.04622,0.04579,0.04594,2738610.8
2026-07-22 07:00:00+00:00,0.04594,0.04614,0.04588,0.04598,1619346.2
2026-07-22 08:00:00+00:00,0.04597,0.04622,0.04594,0.04604,1162427.9
2026-07-22 09:00:00+00:00,0.04604,0.0461,0.0458,0.04593,1441203.2
2026-07-22 10:00:00+00:00,0.04593,0.04617,0.04592,0.04612,636689.2
2026-07-22 11:00:00+00:00,0.04611,0.04616,0.04601,0.04605,884677.3
2026-07-22 12:00:00+00:00,0.04605,0.04608,0.04574,0.0459,874577.1
2026-07-22 13:00:00+00:00,0.0459,0.04635,0.04588,0.0463,799953.6
2026-07-22 14:00:00+00:00,0.04629,0.04652,0.04607,0.04621,1248232.8
2026-07-22 15:00:00+00:00,0.04621,0.04648,0.04621,0.04633,676540.6
2026-07-22 16:00:00+00:00,0.04632,0.04663,0.04626,0.04662,1524179.2
2026-07-22 17:00:00+00:00,0.04663,0.04679,0.04648,0.0467,1128779.8
2026-07-22 18:00:00+00:00,0.04671,0.04677,0.04628,0.04628,1239924.3
2026-07-22 19:00:00+00:00,0.04628,0.0463,0.04597,0.04601,1431354.9
2026-07-22 20:00:00+00:00,0.046,0.04621,0.04593,0.04607,1411518.5
2026-07-22 21:00:00+00:00,0.04607,0.04638,0.04606,0.04634,1449569.9
2026-07-22 22:00:00+00:00,0.04635,0.04648,0.04627,0.04646,707375.8
2026-07-22 23:00:00+00:00,0.04646,0.0465,0.04617,0.0464,442470.8
2026-07-23 00:00:00+00:00,0.04641,0.04682,0.04639,0.04672,1481827.2
2026-07-23 01:00:00+00:00,0.04672,0.04678,0.0463,0.04641,1260600.9
2026-07-23 02:00:00+00:00,0.0464,0.04643,0.04614,0.04642,619994.4
2026-07-23 03:00:00+00:00,0.04642,0.04651,0.0461,0.04611,532605.3
2026-07-23 04:00:00+00:00,0.04611,0.04626,0.04601,0.04614,836590.3
2026-07-23 05:00:00+00:00,0.04614,0.04642,0.0461,0.04621,1091151.1
2026-07-23 06:00:00+00:00,0.04621,0.04635,0.046,0.04606,707207.7
2026-07-23 07:00:00+00:00,0.04606,0.04619,0.04584,0.04592,1701641.5
2026-07-23 08:00:00+00:00,0.04591,0.04637,0.0459,0.04634,627507.6
2026-07-23 09:00:00+00:00,0.04633,0.04649,0.04628,0.04631,393620.6
2026-07-23 10:00:00+00:00,0.04632,0.04648,0.04629,0.04635,265928.9
2026-07-23 11:00:00+00:00,0.04636,0.04688,0.04623,0.04659,1524360.4
2026-07-23 12:00:00+00:00,0.0466,0.04679,0.04639,0.04651,2092934.4
2026-07-23 13:00:00+00:00,0.04651,0.04653,0.04603,0.04603,2280536.4
2026-07-23 14:00:00+00:00,0.04603,0.04632,0.0459,0.04594,1280904.1
2026-07-23 15:00:00+00:00,0.04593,0.04604,0.04567,0.04602,2276746.0
2026-07-23 16:00:00+00:00,0.04603,0.04603,0.04578,0.04581,990999.8
2026-07-23 17:00:00+00:00,0.0458,0.04584,0.0455,0.04555,2872430.2
2026-07-23 18:00:00+00:00,0.04554,0.04569,0.0454,0.04556,2444720.2
2026-07-23 19:00:00+00:00,0.04556,0.04571,0.04541,0.04556,725802.6
2026-07-23 20:00:00+00:00,0.04555,0.046,0.04553,0.04582,546701.7
2026-07-23 21:00:00+00:00,0.04581,0.04586,0.04564,0.04571,363422.4
2026-07-23 22:00:00+00:00,0.04571,0.04575,0.04551,0.04569,537601.7
2026-07-23 23:00:00+00:00,0.04569,0.04573,0.04543,0.04544,989870.6
2026-07-24 00:00:00+00:00,0.04545,0.04563,0.04522,0.04546,3542056.3
2026-07-24 01:00:00+00:00,0.04547,0.04579,0.04544,0.04563,1590773.4
2026-07-24 02:00:00+00:00,0.04562,0.04581,0.04556,0.04568,402897.6
2026-07-24 03:00:00+00:00,0.04569,0.04584,0.04566,0.04571,829946.3
2026-07-24 04:00:00+00:00,0.04572,0.04578,0.0456,0.04571,528654.1
2026-07-24 05:00:00+00:00,0.04571,0.04583,0.04568,0.04578,1114118.2
2026-07-24 06:00:00+00:00,0.04578,0.04599,0.04577,0.04587,424763.2
2026-07-24 07:00:00+00:00,0.04587,0.04612,0.04576,0.04599,1178702.2
2026-07-24 08:00:00+00:00,0.046,0.04602,0.04584,0.04584,397372.0
2026-07-24 09:00:00+00:00,0.04584,0.04591,0.04561,0.04569,765464.8
2026-07-24 10:00:00+00:00,0.04569,0.04569,0.04545,0.04545,421181.5
2026-07-24 11:00:00+00:00,0.04545,0.0455,0.04532,0.04542,1127693.6
2026-07-24 12:00:00+00:00,0.04542,0.04555,0.04531,0.04532,511510.9
2026-07-24 13:00:00+00:00,0.04531,0.04533,0.04436,0.04461,12279919.5
2026-07-24 14:00:00+00:00,0.04462,0.04474,0.04432,0.0446,2523723.5
2026-07-24 15:00:00+00:00,0.0446,0.04466,0.04438,0.04444,1017373.2
2026-07-24 16:00:00+00:00,0.04444,0.04462,0.04433,0.04449,1600228.0
2026-07-24 17:00:00+00:00,0.04448,0.04474,0.04437,0.04469,899834.4
2026-07-24 18:00:00+00:00,0.04469,0.0447,0.04438,0.04446,764560.2
2026-07-24 19:00:00+00:00,0.04446,0.0445,0.04435,0.04446,357605.9
2026-07-24 20:00:00+00:00,0.04447,0.04456,0.04441,0.04448,340072.3
2026-07-24 21:00:00+00:00,0.04449,0.04449,0.04408,0.04419,1796334.8
2026-07-24 22:00:00+00:00,0.04419,0.04435,0.04414,0.04425,1085111.1
2026-07-24 23:00:00+00:00,0.04424,0.04431,0.04415,0.04415,555927.1
2026-07-25 00:00:00+00:00,0.04415,0.04415,0.04373,0.04387,4686093.7
2026-07-25 01:00:00+00:00,0.04386,0.04399,0.04372,0.04376,697422.4
2026-07-25 02:00:00+00:00,0.04377,0.0438,0.04368,0.04376,597115.3
2026-07-25 03:00:00+00:00,0.04377,0.04386,0.04361,0.0437,1266033.7
2026-07-25 04:00:00+00:00,0.04371,0.04388,0.04371,0.04378,318545.3
2026-07-25 05:00:00+00:00,0.0438,0.04382,0.04364,0.04371,324238.3
2026-07-25 06:00:00+00:00,0.0437,0.04393,0.04353,0.04391,1756223.7
2026-07-25 07:00:00+00:00,0.04391,0.04409,0.04388,0.04395,646464.2
2026-07-25 08:00:00+00:00,0.04395,0.044,0.04382,0.04397,559371.8
2026-07-25 09:00:00+00:00,0.04397,0.04417,0.04388,0.0439,640998.6
2026-07-25 10:00:00+00:00,0.0439,0.04391,0.0438,0.04389,518631.4
2026-07-25 11:00:00+00:00,0.04388,0.04395,0.04383,0.04393,433607.6
2026-07-25 12:00:00+00:00,0.04394,0.04416,0.04393,0.04407,822391.3
2026-07-25 13:00:00+00:00,0.04408,0.04422,0.04394,0.04396,1120448.3
2026-07-25 14:00:00+00:00,0.04397,0.04415,0.04397,0.04411,642882.4
2026-07-25 15:00:00+00:00,0.04412,0.04422,0.04394,0.044,987355.4
2026-07-25 16:00:00+00:00,0.04399,0.04415,0.04397,0.04413,729373.1
2026-07-25 17:00:00+00:00,0.04413,0.04451,0.04412,0.04449,1165716.1
2026-07-25 18:00:00+00:00,0.0445,0.04465,0.0444,0.04445,1084668.4
2026-07-25 19:00:00+00:00,0.04447,0.0447,0.04443,0.0447,619708.4
2026-07-25 20:00:00+00:00,0.04469,0.04476,0.04447,0.04448,1029193.1
2026-07-25 21:00:00+00:00,0.04448,0.04474,0.04442,0.04459,537058.0
2026-07-25 22:00:00+00:00,0.04459,0.04486,0.04457,0.04473,2353275.6
2026-07-25 23:00:00+00:00,0.04474,0.04488,0.04455,0.04466,2592929.8
2026-07-26 00:00:00+00:00,0.04467,0.04481,0.0446,0.04471,966591.4
2026-07-26 01:00:00+00:00,0.04472,0.04477,0.04457,0.04472,1304847.2
2026-07-26 02:00:00+00:00,0.04472,0.04489,0.04448,0.04488,860402.3
2026-07-26 03:00:00+00:00,0.04488,0.04497,0.04477,0.04485,1863320.0
2026-07-26 04:00:00+00:00,0.04485,0.04486,0.04451,0.04453,1060931.8
2026-07-26 05:00:00+00:00,0.04453,0.04465,0.04443,0.04463,1651111.8
2026-07-26 06:00:00+00:00,0.04464,0.04473,0.04442,0.04471,1416284.1
2026-07-26 07:00:00+00:00,0.04471,0.04509,0.04465,0.045,2773594.6
2026-07-26 08:00:00+00:00,0.045,0.04506,0.04482,0.04492,756319.6
2026-07-26 09:00:00+00:00,0.04492,0.04495,0.04475,0.04477,543474.2
2026-07-26 10:00:00+00:00,0.04477,0.04493,0.04473,0.04479,732461.7
2026-07-26 11:00:00+00:00,0.04478,0.04479,0.04462,0.04464,1416463.9
2026-07-26 12:00:00+00:00,0.04464,0.04473,0.04455,0.04455,543491.4
2026-07-26 13:00:00+00:00,0.04454,0.0446,0.04447,0.04456,457439.9
2026-07-26 14:00:00+00:00,0.04456,0.0447,0.04453,0.04458,450199.0
2026-07-26 15:00:00+00:00,0.04458,0.04487,0.04456,0.04486,546865.4
2026-07-26 16:00:00+00:00,0.04486,0.04496,0.04477,0.04477,875874.8
2026-07-26 17:00:00+00:00,0.04477,0.04484,0.04458,0.04458,657648.2
2026-07-26 18:00:00+00:00,0.04458,0.04458,0.0444,0.04441,918456.4
2026-07-26 19:00:00+00:00,0.04441,0.0446,0.04438,0.04459,648070.8
2026-07-26 20:00:00+00:00,0.04458,0.04461,0.04446,0.04454,245585.7
2026-07-26 21:00:00+00:00,0.04453,0.04474,0.0445,0.04464,448349.5
2026-07-26 22:00:00+00:00,0.04466,0.04519,0.04466,0.04493,1667181.1
2026-07-26 23:00:00+00:00,0.04494,0.04512,0.04487,0.04508,797222.8
2026-07-27 00:00:00+00:00,0.04508,0.04511,0.04468,0.04468,1010033.1
2026-07-27 01:00:00+00:00,0.04467,0.04504,0.04464,0.04501,1162472.7
2026-07-27 02:00:00+00:00,0.04501,0.04512,0.04491,0.04505,631048.5
2026-07-27 03:00:00+00:00,0.04506,0.04516,0.04497,0.04513,1134024.7
2026-07-27 04:00:00+00:00,0.04512,0.0454,0.04507,0.0453,1812043.6
2026-07-27 05:00:00+00:00,0.0453,0.04558,0.04529,0.04551,1755750.8
2026-07-27 06:00:00+00:00,0.04552,0.04573,0.04517,0.04524,1493446.6
2026-07-27 07:00:00+00:00,0.04523,0.04539,0.04508,0.04509,1052869.6
2026-07-27 08:00:00+00:00,0.04509,0.04523,0.04506,0.0451,843045.6
2026-07-27 09:00:00+00:00,0.04509,0.04569,0.04493,0.04549,2841250.8
2026-07-27 10:00:00+00:00,0.04549,0.04557,0.04523,0.04547,855525.2
2026-07-27 11:00:00+00:00,0.04547,0.04567,0.04522,0.04561,1095518.8
2026-07-27 12:00:00+00:00,0.04562,0.04571,0.04517,0.0456,1601440.1
2026-07-27 13:00:00+00:00,0.04561,0.04586,0.04533,0.04576,1642899.6
2026-07-27 14:00:00+00:00,0.04578,0.04579,0.04417,0.04447,7831324.0
2026-07-27 15:00:00+00:00,0.04446,0.04451,0.04418,0.04427,1225973.1
2026-07-27 16:00:00+00:00,0.04426,0.04474,0.04414,0.04463,1817000.9
2026-07-27 17:00:00+00:00,0.04463,0.04472,0.04452,0.04461,447498.6
2026-07-27 18:00:00+00:00,0.04462,0.04472,0.04427,0.04447,1565870.1
2026-07-27 19:00:00+00:00,0.04447,0.04476,0.04434,0.04476,408177.0
2026-07-27 20:00:00+00:00,0.04476,0.04479,0.04447,0.04456,431477.7
2026-07-27 21:00:00+00:00,0.04457,0.04459,0.04428,0.04434,949333.4
2026-07-27 22:00:00+00:00,0.04434,0.04434,0.04263,0.04273,19254693.8
2026-07-27 23:00:00+00:00,0.04271,0.04271,0.04184,0.04208,10264676.6
2026-07-28 00:00:00+00:00,0.04209,0.04224,0.04161,0.04205,4431996.7
2026-07-28 01:00:00+00:00,0.04205,0.04227,0.04161,0.0422,2528081.5
2026-07-28 02:00:00+00:00,0.04219,0.0427,0.04216,0.04262,1764451.6
2026-07-28 03:00:00+00:00,0.04262,0.04282,0.04244,0.04276,1441319.7
2026-07-28 04:00:00+00:00,0.04276,0.04285,0.04246,0.04272,1333000.2
2026-07-28 05:00:00+00:00,0.04273,0.04289,0.04269,0.04272,831707.2
2026-07-28 06:00:00+00:00,0.04273,0.04315,0.04269,0.04315,1647533.9
2026-07-28 07:00:00+00:00,0.04315,0.04337,0.04289,0.04306,2346585.9
2026-07-28 08:00:00+00:00,0.04306,0.04352,0.04302,0.04325,3265154.9
2026-07-28 09:00:00+00:00,0.04325,0.04337,0.04303,0.04322,1302606.8
2026-07-28 10:00:00+00:00,0.04322,0.04329,0.04291,0.04293,3246350.2
2026-07-28 11:00:00+00:00,0.04292,0.04295,0.04266,0.04268,1292322.1
2026-07-28 12:00:00+00:00,0.04267,0.04299,0.04261,0.04277,1200307.9
2026-07-28 13:00:00+00:00,0.04277,0.04282,0.04207,0.0423,3246951.1
2026-07-28 14:00:00+00:00,0.0423,0.04289,0.04215,0.04284,2492649.4
2026-07-28 15:00:00+00:00,0.04284,0.04335,0.04271,0.0433,4678918.0
2026-07-28 16:00:00+00:00,0.04329,0.04342,0.04309,0.04334,1941911.6
2026-07-28 17:00:00+00:00,0.04333,0.04337,0.04286,0.04301,1468022.9
2026-07-28 18:00:00+00:00,0.04302,0.04313,0.04289,0.04297,617015.8
2026-07-28 19:00:00+00:00,0.04296,0.04324,0.04296,0.04318,574389.6
2026-07-28 20:00:00+00:00,0.04319,0.0433,0.04311,0.04329,610560.6
2026-07-28 21:00:00+00:00,0.04329,0.04339,0.04321,0.04324,901713.3
2026-07-28 22:00:00+00:00,0.04325,0.04337,0.04279,0.0428,1076955.5
2026-07-28 23:00:00+00:00,0.04279,0.0432,0.04273,0.04314,371095.0
2026-07-29 00:00:00+00:00,0.04315,0.04346,0.04315,0.04327,1590641.9
2026-07-29 01:00:00+00:00,0.04325,0.04326,0.04272,0.04273,953252.3
2026-07-29 02:00:00+00:00,0.04274,0.04299,0.04255,0.04276,950597.5
2026-07-29 03:00:00+00:00,0.04276,0.04276,0.04202,0.04203,2061247.0
2026-07-29 04:00:00+00:00,0.04204,0.04228,0.04179,0.04225,1987017.2
2026-07-29 05:00:00+00:00,0.04226,0.04237,0.04214,0.04228,360911.0
2026-07-29 06:00:00+00:00,0.04227,0.04236,0.04212,0.04213,1126794.2
2026-07-29 07:00:00+00:00,0.04214,0.04232,0.04206,0.04232,443761.7
2026-07-29 08:00:00+00:00,0.04232,0.04233,0.04203,0.04213,542944.8
2026-07-29 09:00:00+00:00,0.04214,0.0425,0.04214,0.04248,1188308.4
2026-07-29 10:00:00+00:00,0.04248,0.04259,0.04212,0.04219,1051530.2
2026-07-29 11:00:00+00:00,0.04219,0.04244,0.04218,0.04231,1733259.2
2026-07-29 12:00:00+00:00,0.04232,0.04232,0.04204,0.04214,1672839.1
2026-07-29 13:00:00+00:00,0.04214,0.04234,0.04201,0.0422,1663491.6
2026-07-29 14:00:00+00:00,0.04221,0.04226,0.04174,0.04182,2090756.8
2026-07-29 15:00:00+00:00,0.04181,0.04194,0.04166,0.04172,2053498.6
2026-07-29 16:00:00+00:00,0.04172,0.04194,0.04157,0.04183,932599.1
2026-07-29 17:00:00+00:00,0.04181,0.04227,0.04179,0.04226,1226324.7
2026-07-29 18:00:00+00:00,0.04225,0.04267,0.04198,0.04259,3170535.1
2026-07-29 19:00:00+00:00,0.04259,0.04266,0.04147,0.04154,2872288.3
2026-07-29 20:00:00+00:00,0.04155,0.04179,0.04123,0.04131,4220771.0
2026-07-29 21:00:00+00:00,0.0413,0.04155,0.04113,0.0415,2191668.7
2026-07-29 22:00:00+00:00,0.0415,0.04193,0.0415,0.04191,1403780.1
2026-07-29 23:00:00+00:00,0.0419,0.04199,0.04176,0.04191,662909.5
2026-07-30 00:00:00+00:00,0.04192,0.04206,0.04152,0.04166,569012.0
2026-07-30 01:00:00+00:00,0.04167,0.04234,0.04167,0.04222,1048092.3
2026-07-30 02:00:00+00:00,0.04222,0.0423,0.04199,0.04199,1682391.8
2026-07-30 03:00:00+00:00,0.04198,0.04214,0.04189,0.04198,501858.7
2026-07-30 04:00:00+00:00,0.04198,0.042,0.04183,0.04183,504844.4
2026-07-30 05:00:00+00:00,0.04183,0.04206,0.04179,0.04201,592020.1
2026-07-30 06:00:00+00:00,0.042,0.04211,0.04186,0.04188,602751.9
2026-07-30 07:00:00+00:00,0.04188,0.042,0.04173,0.04175,627338.4
2026-07-30 08:00:00+00:00,0.04176,0.04191,0.0417,0.04182,575442.7
2026-07-30 09:00:00+00:00,0.04182,0.04195,0.04175,0.04193,942797.8
2026-07-30 10:00:00+00:00,0.04193,0.04221,0.04193,0.0421,755905.9
2026-07-30 11:00:00+00:00,0.04211,0.04221,0.0419,0.04198,1547784.2
2026-07-30 12:00:00+00:00,0.04198,0.04212,0.04188,0.04195,1087860.1
2026-07-30 13:00:00+00:00,0.04195,0.0424,0.04184,0.04237,1917768.5
2026-07-30 14:00:00+00:00,0.04237,0.04261,0.04215,0.04245,1162977.1
2026-07-30 15:00:00+00:00,0.04246,0.04262,0.04241,0.0425,1205522.9
2026-07-30 16:00:00+00:00,0.04251,0.04303,0.04243,0.04271,6249508.0
2026-07-30 17:00:00+00:00,0.0427,0.04298,0.04254,0.04297,626152.9
2026-07-30 18:00:00+00:00,0.04297,0.04303,0.04271,0.04282,661251.0
2026-07-30 19:00:00+00:00,0.04282,0.04303,0.04274,0.04302,586553.2
2026-07-30 20:00:00+00:00,0.04303,0.04318,0.04276,0.04276,1793872.9
2026-07-30 21:00:00+00:00,0.04276,0.04284,0.04262,0.04264,1124795.8
2026-07-30 22:00:00+00:00,0.04263,0.04274,0.04256,0.04264,577959.2
2026-07-30 23:00:00+00:00,0.04263,0.04268,0.04243,0.0425,1011530.3
2026-07-31 00:00:00+00:00,0.04249,0.0426,0.04233,0.04242,1183231.0
2026-07-31 01:00:00+00:00,0.04242,0.04277,0.04222,0.04227,1055448.7
2026-07-31 02:00:00+00:00,0.04226,0.0423,0.04189,0.04193,826032.6
2026-07-31 03:00:00+00:00,0.04192,0.04209,0.04175,0.04196,882206.8
2026-07-31 04:00:00+00:00,0.04195,0.04209,0.04186,0.04194,1074283.0
2026-07-31 05:00:00+00:00,0.04195,0.04216,0.04195,0.04214,162806.2
2026-07-31 06:00:00+00:00,0.04214,0.04215,0.04188,0.04203,453880.6
2026-07-31 07:00:00+00:00,0.04202,0.04214,0.04161,0.04192,23443974.0
2026-07-31 08:00:00+00:00,0.04191,0.04203,0.0418,0.04186,4397021.9
2026-07-31 09:00:00+00:00,0.04186,0.04189,0.0415,0.04181,18652647.8
2026-07-31 10:00:00+00:00,0.04181,0.04184,0.04158,0.04179,1118526.2
2026-07-31 11:00:00+00:00,0.0418,0.04191,0.04165,0.04177,1672363.2
2026-07-31 12:00:00+00:00,0.04178,0.04183,0.04151,0.04183,1073209.7
2026-07-31 13:00:00+00:00,0.04183,0.04207,0.04159,0.04173,2307652.5
2026-07-31 14:00:00+00:00,0.04173,0.04213,0.04128,0.04212,3013671.6
2026-07-31 15:00:00+00:00,0.04212,0.04222,0.04192,0.04219,1303676.1
2026-07-31 16:00:00+00:00,0.04218,0.04232,0.04202,0.04231,1453657.0
2026-07-31 17:00:00+00:00,0.04232,0.04237,0.04198,0.042,5105962.2
2026-07-31 18:00:00+00:00,0.04201,0.04206,0.04167,0.04172,1223785.8
2026-07-31 19:00:00+00:00,0.04174,0.04179,0.04142,0.04153,1431505.7
2026-07-31 20:00:00+00:00,0.04154,0.04166,0.04125,0.04153,3605180.3
2026-07-31 21:00:00+00:00,0.04154,0.04154,0.04131,0.04148,807202.4
2026-07-31 22:00:00+00:00,0.04148,0.04155,0.04135,0.04136,602259.2
2026-07-31 23:00:00+00:00,0.04137,0.04158,0.04137,0.04151,534938.4
2026-08-01 00:00:00+00:00,0.0415,0.04175,0.04146,0.04166,693593.5
2026-08-01 01:00:00+00:00,0.04167,0.04181,0.04167,0.04172,1088021.3
2026-08-01 02:00:00+00:00,0.04173,0.04176,0.04163,0.0417,350789.2
2026-08-01 03:00:00+00:00,0.0417,0.04181,0.04165,0.04173,1043108.9
2026-08-01 04:00:00+00:00,0.04173,0.04188,0.04167,0.04177,2003376.3
2026-08-01 05:00:00+00:00,0.04177,0.04177,0.04148,0.04159,678572.2
2026-08-01 06:00:00+00:00,0.04159,0.04163,0.04154,0.04156,381231.0
2026-08-01 07:00:00+00:00,0.04157,0.04165,0.04155,0.04155,390441.6
2026-08-01 08:00:00+00:00,0.04154,0.04169,0.04151,0.04154,637833.1
2026-08-01 09:00:00+00:00,0.04153,0.0416,0.04133,0.04134,2481746.0
2026-08-01 10:00:00+00:00,0.04134,0.04151,0.04122,0.04148,1437338.6
2026-08-01 11:00:00+00:00,0.04149,0.04151,0.04135,0.04147,620865.6
2026-08-01 12:00:00+00:00,0.04148,0.04163,0.04148,0.0416,375139.3
2026-08-01 13:00:00+00:00,0.0416,0.04164,0.04141,0.04143,765957.3
2026-08-01 14:00:00+00:00,0.04144,0.04157,0.04138,0.04149,568965.7
2026-08-01 15:00:00+00:00,0.04149,0.0415,0.04131,0.04135,348064.0
2026-08-01 16:00:00+00:00,0.04135,0.04142,0.04118,0.04131,665173.6
2026-08-01 17:00:00+00:00,0.0413,0.04139,0.04109,0.04122,2695604.1
2026-08-01 18:00:00+00:00,0.04121,0.04128,0.0405,0.04091,10702364.3
2026-08-01 19:00:00+00:00,0.04091,0.04097,0.04076,0.04088,570474.2
2026-08-01 20:00:00+00:00,0.04089,0.04097,0.04075,0.04081,562650.9
2026-08-01 21:00:00+00:00,0.0408,0.041,0.04076,0.04099,354739.3
2026-08-01 22:00:00+00:00,0.041,0.0411,0.04096,0.04102,787689.9
2026-08-01 23:00:00+00:00,0.041,0.04106,0.04091,0.04106,172780.5
2026-08-02 00:00:00+00:00,0.04107,0.04131,0.04099,0.04131,1438696.3
2026-08-02 01:00:00+00:00,0.04132,0.04144,0.04129,0.0414,1165120.3
2026-08-02 02:00:00+00:00,0.0414,0.04185,0.04136,0.04182,2898801.7
2026-08-02 03:00:00+00:00,0.04182,0.04184,0.04161,0.04166,1105094.3
2026-08-02 04:00:00+00:00,0.04167,0.04185,0.04166,0.0418,999528.9
2026-08-02 05:00:00+00:00,0.04181,0.04183,0.0417,0.04172,1322682.2
2026-08-02 06:00:00+00:00,0.04173,0.04178,0.04166,0.04173,349621.8
2026-08-02 07:00:00+00:00,0.04173,0.04178,0.04167,0.04175,756946.6
2026-08-02 08:00:00+00:00,0.04176,0.04176,0.04156,0.04157,430800.2
2026-08-02 09:00:00+00:00,0.04158,0.04172,0.0415,0.04166,651219.0
2026-08-02 10:00:00+00:00,0.04166,0.04166,0.04142,0.04142,448445.3
2026-08-02 11:00:00+00:00,0.04143,0.04152,0.04121,0.04131,1372681.3
2026-08-02 12:00:00+00:00,0.04132,0.04142,0.04132,0.04138,411102.3
2026-08-02 13:00:00+00:00,0.04137,0.04145,0.04125,0.0413,620541.1
2026-08-02 14:00:00+00:00,0.04129,0.04141,0.04126,0.04137,403602.8
2026-08-02 15:00:00+00:00,0.04137,0.0414,0.04118,0.04118,1156005.2
2026-08-02 16:00:00+00:00,0.04119,0.04134,0.0411,0.04124,712782.1
2026-08-02 17:00:00+00:00,0.04123,0.04137,0.04121,0.04129,351017.5
2026-08-02 18:00:00+00:00,0.04128,0.04144,0.04123,0.0413,362260.1
2026-08-02 19:00:00+00:00,0.04129,0.0414,0.04129,0.04138,280456.5
2026-08-02 20:00:00+00:00,0.04138,0.04145,0.04125,0.0414,431913.3
2026-08-02 21:00:00+00:00,0.04141,0.04158,0.04138,0.04152,1120148.2
2026-08-02 22:00:00+00:00,0.04152,0.0416,0.04129,0.04134,523040.5
2026-08-02 23:00:00+00:00,0.04136,0.04137,0.04125,0.04135,700117.8
2026-08-03 00:00:00+00:00,0.04136,0.0414,0.04121,0.04123,650773.4
2026-08-03 01:00:00+00:00,0.04123,0.04123,0.04102,0.04113,1053929.3
2026-08-03 02:00:00+00:00,0.04112,0.04124,0.04104,0.04116,317992.9
2026-08-03 03:00:00+00:00,0.04114,0.0412,0.04096,0.04111,581349.0
2026-08-03 04:00:00+00:00,0.0411,0.04129,0.04103,0.04111,270597.0
2026-08-03 05:00:00+00:00,0.04111,0.04128,0.04111,0.04128,474447.2
2026-08-03 06:00:00+00:00,0.04129,0.04132,0.04099,0.04099,1041140.0
2026-08-03 07:00:00+00:00,0.04099,0.04106,0.04091,0.04093,1356186.9
2026-08-03 08:00:00+00:00,0.04093,0.04115,0.04084,0.04115,735276.3
2026-08-03 09:00:00+00:00,0.04116,0.04137,0.0411,0.04136,1180155.4
2026-08-03 10:00:00+00:00,0.04136,0.04137,0.04107,0.04112,765782.0
2026-08-03 11:00:00+00:00,0.04111,0.04127,0.04104,0.04119,236510.3
2026-08-03 12:00:00+00:00,0.0412,0.0413,0.04115,0.04128,249724.5
2026-08-03 13:00:00+00:00,0.04128,0.04173,0.04121,0.04173,2371735.8
2026-08-03 14:00:00+00:00,0.04172,0.04173,0.04149,0.04165,1466456.9
2026-08-03 15:00:00+00:00,0.04165,0.04165,0.04148,0.04151,762863.9
2026-08-03 16:00:00+00:00,0.04152,0.04162,0.04142,0.04146,444159.7
2026-08-03 17:00:00+00:00,0.04147,0.04161,0.04142,0.04144,311349.1
2026-08-03 18:00:00+00:00,0.04145,0.0417,0.04145,0.04164,571811.7
2026-08-03 19:00:00+00:00,0.04165,0.04182,0.04132,0.04133,2314522.7
2026-08-03 20:00:00+00:00,0.04133,0.04156,0.04133,0.04144,831811.7
2026-08-03 21:00:00+00:00,0.04143,0.04169,0.04142,0.04162,554881.9
2026-08-03 22:00:00+00:00,0.0416,0.0416,0.04141,0.04146,472781.2
2026-08-03 23:00:00+00:00,0.04144,0.04166,0.04132,0.04161,2453336.0
2026-08-04 00:00:00+00:00,0.0416,0.04168,0.04138,0.04138,1076921.0
2026-08-04 01:00:00+00:00,0.04139,0.04179,0.04138,0.04172,712419.2
2026-08-04 02:00:00+00:00,0.04172,0.04185,0.04168,0.04175,1590325.3
2026-08-04 03:00:00+00:00,0.04175,0.04176,0.04155,0.04172,1379878.9
2026-08-04 04:00:00+00:00,0.04171,0.04193,0.04171,0.04175,1501393.1
2026-08-04 05:00:00+00:00,0.04176,0.04177,0.04162,0.04175,297980.1
2026-08-04 06:00:00+00:00,0.04176,0.0418,0.04151,0.04151,539180.8
2026-08-04 07:00:00+00:00,0.0415,0.04156,0.04125,0.04149,1325133.8
2026-08-04 08:00:00+00:00,0.04149,0.04151,0.04133,0.04133,342218.0
2026-08-04 09:00:00+00:00,0.04131,0.0414,0.04127,0.04139,583421.8
2026-08-04 10:00:00+00:00,0.04139,0.04157,0.04127,0.04147,811486.6
2026-08-04 11:00:00+00:00,0.04144,0.04158,0.0414,0.04155,613063.7
2026-08-04 12:00:00+00:00,0.04155,0.04155,0.04132,0.04133,544626.9
2026-08-04 13:00:00+00:00,0.04132,0.04145,0.04118,0.04118,1626736.3
2026-08-04 14:00:00+00:00,0.04118,0.04135,0.04092,0.04119,3608886.7
2026-08-04 15:00:00+00:00,0.0412,0.04151,0.04108,0.04141,1693957.1
2026-08-04 16:00:00+00:00,0.04141,0.04142,0.04117,0.0412,1721908.6
2026-08-04 17:00:00+00:00,0.04121,0.04171,0.04121,0.04162,2589560.9
2026-08-04 18:00:00+00:00,0.04163,0.04178,0.04161,0.04166,858683.9
2026-08-04 19:00:00+00:00,0.04167,0.04178,0.04162,0.04175,1295802.4
2026-08-04 20:00:00+00:00,0.04175,0.04182,0.04153,0.04174,1159922.7
2026-08-04 21:00:00+00:00,0.04175,0.04176,0.04158,0.04164,180571.4
2026-08-04 22:00:00+00:00,0.04165,0.04166,0.04155,0.04158,341172.7
2026-08-04 23:00:00+00:00,0.04157,0.04169,0.04153,0.04158,1194973.6
2026-08-05 00:00:00+00:00,0.04159,0.0416,0.04135,0.04135,578462.8
2026-08-05 01:00:00+00:00,0.04135,0.04166,0.0413,0.04162,788815.3
2026-08-05 02:00:00+00:00,0.04163,0.04178,0.04155,0.04173,625899.2
2026-08-05 03:00:00+00:00,0.04174,0.0418,0.04145,0.04149,1652071.3
2026-08-05 04:00:00+00:00,0.04149,0.04157,0.04146,0.04151,394273.1
2026-08-05 05:00:00+00:00,0.04149,0.04185,0.04147,0.0417,1580897.2
2026-08-05 06:00:00+00:00,0.04169,0.04177,0.04154,0.04174,946310.4
2026-08-05 07:00:00+00:00,0.04174,0.04176,0.04159,0.04176,522775.8
2026-08-05 08:00:00+00:00,0.04177,0.04179,0.04148,0.0415,461871.5
2026-08-05 09:00:00+00:00,0.04151,0.04161,0.04148,0.0415,884116.2
2026-08-05 10:00:00+00:00,0.0415,0.04152,0.04137,0.04138,650780.7
2026-08-05 11:00:00+00:00,0.04139,0.04149,0.04134,0.04145,552412.9
2026-08-05 12:00:00+00:00,0.04144,0.04176,0.04143,0.04156,1369155.3
2026-08-05 13:00:00+00:00,0.04154,0.04157,0.04115,0.04137,1532460.5
2026-08-05 14:00:00+00:00,0.04135,0.04162,0.04134,0.04158,1601593.6
2026-08-05 15:00:00+00:00,0.04156,0.04166,0.04125,0.04128,1209039.6
2026-08-05 16:00:00+00:00,0.04127,0.04164,0.04123,0.04163,754936.9
2026-08-05 17:00:00+00:00,0.04165,0.0418,0.0416,0.04166,1409843.7
2026-08-05 18:00:00+00:00,0.04167,0.0417,0.04145,0.04147,635344.1
2026-08-05 19:00:00+00:00,0.04147,0.04154,0.04142,0.04142,341566.6
2026-08-05 20:00:00+00:00,0.04143,0.04159,0.04135,0.04148,719509.9
2026-08-05 21:00:00+00:00,0.04147,0.04158,0.0414,0.04146,879386.5
2026-08-05 22:00:00+00:00,0.04146,0.04156,0.04142,0.04144,272517.3
2026-08-05 23:00:00+00:00,0.04144,0.04156,0.04138,0.04151,493557.1
2026-08-06 00:00:00+00:00,0.04152,0.04164,0.04148,0.04163,775112.1
2026-08-06 01:00:00+00:00,0.04163,0.04164,0.04111,0.04112,1468693.5
2026-08-06 02:00:00+00:00,0.04113,0.04117,0.0409,0.04104,1863056.8
2026-08-06 03:00:00+00:00,0.04103,0.04103,0.04093,0.04096,951761.6
2026-08-06 04:00:00+00:00,0.04098,0.04133,0.04091,0.04128,3041370.8
2026-08-06 05:00:00+00:00,0.04129,0.0416,0.04129,0.0416,1492837.5
2026-08-06 06:00:00+00:00,0.04159,0.04161,0.04137,0.0416,1472879.3
2026-08-06 07:00:00+00:00,0.0416,0.04162,0.04135,0.04138,1304269.5
2026-08-06 08:00:00+00:00,0.04138,0.04154,0.04132,0.04148,589250.5
2026-08-06 09:00:00+00:00,0.04148,0.04149,0.04094,0.04107,1622647.0
2026-08-06 10:00:00+00:00,0.04107,0.04107,0.04092,0.04095,1052620.0
2026-08-06 11:00:00+00:00,0.04095,0.0413,0.04092,0.04129,1544364.1
2026-08-06 12:00:00+00:00,0.04127,0.0413,0.0411,0.0412,1068701.2
2026-08-06 13:00:00+00:00,0.04119,0.04154,0.04109,0.04146,2089109.4
2026-08-06 14:00:00+00:00,0.04145,0.04167,0.04132,0.04162,1911712.4
2026-08-06 15:00:00+00:00,0.04162,0.04183,0.04159,0.04175,1698850.0
2026-08-06 16:00:00+00:00,0.04175,0.04204,0.04157,0.04197,6918818.2
2026-08-06 17:00:00+00:00,0.04197,0.04211,0.0415,0.04161,2364277.4
2026-08-06 18:00:00+00:00,0.04161,0.04164,0.04139,0.04145,774257.3
2026-08-06 19:00:00+00:00,0.04146,0.04154,0.04126,0.04126,406508.7
2026-08-06 20:00:00+00:00,0.04125,0.04137,0.04117,0.04133,934685.6
2026-08-06 21:00:00+00:00,0.04133,0.04158,0.04121,0.04144,1350710.4
2026-08-06 22:00:00+00:00,0.04145,0.0415,0.0412,0.04123,735639.6
2026-08-06 23:00:00+00:00,0.04122,0.04132,0.0411,0.04129,483510.5
2026-08-07 00:00:00+00:00,0.04128,0.04128,0.04109,0.04123,513250.6
2026-08-07 01:00:00+00:00,0.04124,0.04154,0.04118,0.04121,1078993.9
2026-08-07 02:00:00+00:00,0.0412,0.04148,0.04111,0.04131,1013697.8
2026-08-07 03:00:00+00:00,0.04132,0.04143,0.0411,0.0411,656665.9
2026-08-07 04:00:00+00:00,0.0411,0.04121,0.04102,0.04108,1290306.5
2026-08-07 05:00:00+00:00,0.04108,0.04128,0.04101,0.04125,954139.6
2026-08-07 06:00:00+00:00,0.04125,0.04129,0.04109,0.04111,756638.1
2026-08-07 07:00:00+00:00,0.04109,0.04127,0.04108,0.04119,1088005.4
2026-08-07 08:00:00+00:00,0.0412,0.04133,0.04116,0.04118,478371.9
2026-08-07 09:00:00+00:00,0.04117,0.0413,0.04109,0.04117,978687.5
2026-08-07 10:00:00+00:00,0.04118,0.04125,0.04107,0.04108,553940.8
2026-08-07 11:00:00+00:00,0.04109,0.04144,0.04109,0.04126,1543611.1
2026-08-07 12:00:00+00:00,0.04125,0.04153,0.04091,0.04132,15583909.8
2026-08-07 13:00:00+00:00,0.04132,0.04141,0.0412,0.04124,1007598.3
2026-08-07 14:00:00+00:00,0.04124,0.04129,0.04073,0.04086,2499398.7
2026-08-07 15:00:00+00:00,0.04087,0.04107,0.04067,0.04101,2275993.6
2026-08-07 16:00:00+00:00,0.04102,0.04108,0.04082,0.04084,680945.7
2026-08-07 17:00:00+00:00,0.04082,0.0409,0.04068,0.04082,1136036.3
2026-08-07 18:00:00+00:00,0.04082,0.04085,0.04065,0.04068,1211683.0
2026-08-07 19:00:00+00:00,0.04067,0.04083,0.04066,0.04076,269759.9
2026-08-07 20:00:00+00:00,0.04076,0.04083,0.04067,0.04081,558642.3
2026-08-07 21:00:00+00:00,0.0408,0.041,0.04067,0.04069,1176899.0
2026-08-07 22:00:00+00:00,0.04069,0.04072,0.04062,0.04065,911324.7
2026-08-07 23:00:00+00:00,0.04064,0.0408,0.04063,0.0408,271694.2
2026-08-08 00:00:00+00:00,0.0408,0.0408,0.04065,0.04076,638745.4
2026-08-08 01:00:00+00:00,0.04076,0.04107,0.04069,0.04098,811882.0
2026-08-08 02:00:00+00:00,0.04097,0.04098,0.04079,0.04089,1293568.0
2026-08-08 03:00:00+00:00,0.04089,0.04115,0.04081,0.04108,849441.9
2026-08-08 04:00:00+00:00,0.04108,0.0412,0.04102,0.04111,682497.5
2026-08-08 05:00:00+00:00,0.0411,0.04121,0.04103,0.04111,1615612.6
2026-08-08 06:00:00+00:00,0.04111,0.04116,0.04103,0.0411,567814.3
2026-08-08 07:00:00+00:00,0.0411,0.04114,0.04103,0.04106,388567.4
2026-08-08 08:00:00+00:00,0.04106,0.04129,0.04102,0.04128,1141171.9
2026-08-08 09:00:00+00:00,0.04129,0.04149,0.04126,0.04148,1767314.8
2026-08-08 10:00:00+00:00,0.04149,0.04199,0.04149,0.04173,5138705.6
2026-08-08 11:00:00+00:00,0.04173,0.04178,0.04159,0.0417,954789.5
2026-08-08 12:00:00+00:00,0.04167,0.04184,0.04163,0.04175,1655197.2
2026-08-08 13:00:00+00:00,0.04174,0.04183,0.04164,0.04165,1048287.2
2026-08-08 14:00:00+00:00,0.04165,0.04191,0.04162,0.04177,1856819.4
2026-08-08 15:00:00+00:00,0.04178,0.04194,0.04176,0.04178,2189611.5
2026-08-08 16:00:00+00:00,0.04178,0.04197,0.04176,0.04183,2383117.6
2026-08-08 17:00:00+00:00,0.04183,0.04188,0.04172,0.04175,1036662.8
2026-08-08 18:00:00+00:00,0.04174,0.04177,0.04158,0.04162,3838624.6
2026-08-08 19:00:00+00:00,0.04161,0.04162,0.04153,0.04157,305222.6
2026-08-08 20:00:00+00:00,0.04156,0.04171,0.04152,0.04157,872247.6
2026-08-08 21:00:00+00:00,0.04157,0.04168,0.04154,0.04155,518096.1
2026-08-08 22:00:00+00:00,0.04155,0.04158,0.04143,0.04145,711948.7
2026-08-08 23:00:00+00:00,0.04145,0.04158,0.04141,0.04147,991357.1
2026-08-09 00:00:00+00:00,0.04147,0.04178,0.04143,0.04174,2062085.5
2026-08-09 01:00:00+00:00,0.04174,0.04177,0.04162,0.04174,1359509.1
2026-08-09 02:00:00+00:00,0.04173,0.04178,0.04161,0.04163,770670.1
2026-08-09 03:00:00+00:00,0.04161,0.04167,0.04147,0.04156,871523.9
2026-08-09 04:00:00+00:00,0.04155,0.04181,0.04155,0.04174,1642242.0
2026-08-09 05:00:00+00:00,0.04175,0.04182,0.04161,0.04176,411238.4
2026-08-09 06:00:00+00:00,0.04176,0.04195,0.04173,0.04191,1578713.7
2026-08-09 07:00:00+00:00,0.04192,0.04195,0.04171,0.04176,1527135.3
2026-08-09 08:00:00+00:00,0.04175,0.0418,0.04157,0.04162,767377.0
2026-08-09 09:00:00+00:00,0.04162,0.04163,0.04149,0.04155,508417.5
2026-08-09 10:00:00+00:00,0.04154,0.04162,0.04142,0.04143,979758.6
2026-08-09 11:00:00+00:00,0.04142,0.04162,0.0414,0.04154,560790.3
2026-08-09 12:00:00+00:00,0.04154,0.04166,0.04148,0.04162,426897.5
2026-08-09 13:00:00+00:00,0.04161,0.04176,0.04159,0.04164,798645.5
2026-08-09 14:00:00+00:00,0.04165,0.04169,0.04154,0.04155,1555501.6
2026-08-09 15:00:00+00:00,0.04155,0.04181,0.04152,0.0418,1407732.5
2026-08-09 16:00:00+00:00,0.0418,0.04189,0.04173,0.04187,2511729.1
2026-08-09 17:00:00+00:00,0.04187,0.04201,0.04178,0.04181,2932785.1
2026-08-09 18:00:00+00:00,0.0418,0.04203,0.04173,0.04176,4499721.1
2026-08-09 19:00:00+00:00,0.04176,0.0418,0.04168,0.04175,1738050.5
2026-08-09 20:00:00+00:00,0.04175,0.04203,0.0417,0.04191,1916738.9
2026-08-09 21:00:00+00:00,0.04191,0.04215,0.04191,0.04206,1265487.0
2026-08-09 22:00:00+00:00,0.04206,0.04223,0.04154,0.0416,5085023.1
2026-08-09 23:00:00+00:00,0.04159,0.04164,0.04121,0.04128,5038179.4
2026-08-10 00:00:00+00:00,0.04127,0.04164,0.04117,0.04142,1569638.6
2026-08-10 01:00:00+00:00,0.04141,0.04163,0.0413,0.04149,1179912.5
2026-08-10 02:00:00+00:00,0.04149,0.04163,0.04133,0.04163,2108154.3
2026-08-10 03:00:00+00:00,0.04163,0.04163,0.04137,0.0414,1466317.5
2026-08-10 04:00:00+00:00,0.0414,0.04156,0.04134,0.04134,318128.9
2026-08-10 05:00:00+00:00,0.04134,0.04176,0.04134,0.04168,656859.2
2026-08-10 06:00:00+00:00,0.04168,0.04179,0.04165,0.04179,615143.9
2026-08-10 07:00:00+00:00,0.04179,0.04192,0.04175,0.04181,710703.7
2026-08-10 08:00:00+00:00,0.04182,0.04199,0.04176,0.0418,2138740.7
2026-08-10 09:00:00+00:00,0.0418,0.04185,0.04169,0.04172,1932665.2
2026-08-10 10:00:00+00:00,0.0417,0.04181,0.0416,0.04178,6654561.1
2026-08-10 11:00:00+00:00,0.04177,0.04185,0.04168,0.04181,1004409.2
2026-08-10 12:00:00+00:00,0.04181,0.0419,0.04169,0.04175,2665443.4
2026-08-10 13:00:00+00:00,0.04175,0.04185,0.04162,0.04176,1946156.1
2026-08-10 14:00:00+00:00,0.04175,0.04192,0.04173,0.04177,3076323.7
2026-08-10 15:00:00+00:00,0.04177,0.04184,0.04159,0.04168,2071992.0
2026-08-10 16:00:00+00:00,0.04167,0.04176,0.04148,0.04153,1936302.5
2026-08-10 17:00:00+00:00,0.04154,0.04179,0.04149,0.04166,1268435.7
2026-08-10 18:00:00+00:00,0.04165,0.04179,0.04163,0.04177,811013.6
2026-08-10 19:00:00+00:00,0.04176,0.04187,0.04173,0.04174,1267669.3
2026-08-10 20:00:00+00:00,0.04175,0.04181,0.04166,0.04166,669038.7
2026-08-10 21:00:00+00:00,0.04165,0.04165,0.04121,0.04121,1459710.2
2026-08-10 22:00:00+00:00,0.04122,0.04127,0.04093,0.04093,2044235.6
2026-08-10 23:00:00+00:00,0.04094,0.04104,0.0406,0.041,3467581.9
2026-08-11 00:00:00+00:00,0.041,0.04108,0.04084,0.04096,1853073.3
2026-08-11 01:00:00+00:00,0.04096,0.04115,0.04095,0.04103,811108.2
2026-08-11 02:00:00+00:00,0.04102,0.04118,0.04097,0.04105,1110075.2
2026-08-11 03:00:00+00:00,0.04106,0.04122,0.04106,0.04111,636817.8
2026-08-11 04:00:00+00:00,0.0411,0.04114,0.04096,0.04096,880829.7
2026-08-11 05:00:00+00:00,0.04095,0.041,0.04079,0.04094,982126.4
2026-08-11 06:00:00+00:00,0.04094,0.04097,0.04078,0.04088,1010208.7
2026-08-11 07:00:00+00:00,0.04088,0.0409,0.04062,0.04071,2486862.4
2026-08-11 08:00:00+00:00,0.04071,0.04093,0.04065,0.04088,757806.9
2026-08-11 09:00:00+00:00,0.04087,0.04111,0.04085,0.04108,1320125.9
2026-08-11 10:00:00+00:00,0.04109,0.04109,0.04078,0.0409,455889.3
2026-08-11 11:00:00+00:00,0.04091,0.04111,0.04091,0.0411,371056.7
2026-08-11 12:00:00+00:00,0.04111,0.04112,0.04091,0.04099,573938.4
2026-08-11 13:00:00+00:00,0.04099,0.04111,0.04086,0.04094,1049051.3
2026-08-11 14:00:00+00:00,0.04093,0.04101,0.04048,0.04057,2963107.4
2026-08-11 15:00:00+00:00,0.04057,0.04073,0.03989,0.04012,12806674.6
2026-08-11 16:00:00+00:00,0.04011,0.04013,0.03983,0.03993,3689353.3
2026-08-11 17:00:00+00:00,0.03993,0.04041,0.03984,0.03993,8252343.7
2026-08-11 18:00:00+00:00,0.03992,0.04003,0.0398,0.04002,1443793.7
2026-08-11 19:00:00+00:00,0.04002,0.04018,0.03988,0.04015,1494948.2
2026-08-11 20:00:00+00:00,0.04015,0.04031,0.03999,0.04007,1617449.8
2026-08-11 21:00:00+00:00,0.04007,0.04013,0.04005,0.04006,492641.4
2026-08-11 22:00:00+00:00,0.04009,0.04027,0.04004,0.04014,1146260.1
2026-08-11 23:00:00+00:00,0.04015,0.04018,0.04003,0.04012,614957.4
2026-08-12 00:00:00+00:00,0.04012,0.04013,0.04,0.04002,691736.2
2026-08-12 01:00:00+00:00,0.04002,0.04018,0.04002,0.04011,343397.5
2026-08-12 02:00:00+00:00,0.04012,0.04023,0.04007,0.04018,954201.3
2026-08-12 03:00:00+00:00,0.04019,0.04031,0.04016,0.04016,1124698.7
2026-08-12 04:00:00+00:00,0.04016,0.04026,0.04002,0.04005,581291.2
2026-08-12 05:00:00+00:00,0.04005,0.04016,0.04005,0.04009,495673.7
2026-08-12 06:00:00+00:00,0.04008,0.04009,0.03982,0.03996,1763360.3
2026-08-12 07:00:00+00:00,0.03996,0.04009,0.03996,0.04006,427270.0
2026-08-12 08:00:00+00:00,0.04005,0.04005,0.03984,0.0399,418786.2
2026-08-12 09:00:00+00:00,0.0399,0.04009,0.03989,0.04001,1288967.4
2026-08-12 10:00:00+00:00,0.04001,0.0401,0.03986,0.04004,1264406.2
2026-08-12 11:00:00+00:00,0.04005,0.04034,0.04003,0.04032,2127146.4
2026-08-12 12:00:00+00:00,0.04033,0.04061,0.04017,0.04041,3891899.8
2026-08-12 13:00:00+00:00,0.04042,0.0406,0.04028,0.04053,2208389.0
2026-08-12 14:00:00+00:00,0.04053,0.04054,0.03995,0.03995,1587031.2
2026-08-12 15:00:00+00:00,0.03995,0.04015,0.03991,0.04012,816431.5
2026-08-12 16:00:00+00:00,0.04011,0.04041,0.04006,0.04013,1648620.6
2026-08-12 17:00:00+00:00,0.04014,0.04027,0.04002,0.04018,1434304.0
2026-08-12 18:00:00+00:00,0.04018,0.04025,0.04008,0.04009,473604.5
2026-08-12 19:00:00+00:00,0.04009,0.04015,0.03988,0.03999,2192664.2
2026-08-12 20:00:00+00:00,0.04,0.04033,0.04,0.04028,1041371.2
2026-08-12 21:00:00+00:00,0.04029,0.04035,0.03946,0.03969,3711650.4
2026-08-12 22:00:00+00:00,0.03969,0.03993,0.03961,0.03991,3447830.4
2026-08-12 23:00:00+00:00,0.0399,0.04003,0.03983,0.04003,490736.0
2026-08-13 00:00:00+00:00,0.04002,0.04028,0.03996,0.03996,2634666.9
2026-08-13 01:00:00+00:00,0.03995,0.04019,0.03994,0.04016,746726.4
2026-08-13 02:00:00+00:00,0.04015,0.04051,0.04013,0.04046,2848553.3
2026-08-13 03:00:00+00:00,0.04047,0.0409,0.04046,0.0409,3826794.9
2026-08-13 04:00:00+00:00,0.04091,0.04179,0.04091,0.04178,10802998.6
2026-08-13 05:00:00+00:00,0.04178,0.0419,0.04153,0.04171,8398082.5
2026-08-13 06:00:00+00:00,0.04171,0.0419,0.04147,0.04162,5432470.6
2026-08-13 07:00:00+00:00,0.04161,0.04181,0.04144,0.04149,2770399.8
2026-08-13 08:00:00+00:00,0.0415,0.04155,0.04129,0.04147,6331688.3
2026-08-13 09:00:00+00:00,0.04147,0.04152,0.04135,0.04152,1622837.1
2026-08-13 10:00:00+00:00,0.04152,0.04202,0.04144,0.04176,4169254.3
2026-08-13 11:00:00+00:00,0.04176,0.04176,0.04131,0.04135,1673740.8
2026-08-13 12:00:00+00:00,0.04135,0.04147,0.04132,0.04146,630616.9
2026-08-13 13:00:00+00:00,0.04146,0.04148,0.04127,0.04141,621901.3
2026-08-13 14:00:00+00:00,0.0414,0.04165,0.04131,0.04137,3003288.0
2026-08-13 15:00:00+00:00,0.04137,0.04138,0.04098,0.04099,2631108.0
2026-08-13 16:00:00+00:00,0.04099,0.04107,0.04066,0.04077,3081688.2
2026-08-13 17:00:00+00:00,0.04075,0.04105,0.04074,0.04103,803069.2
2026-08-13 18:00:00+00:00,0.04104,0.0411,0.04087,0.04091,1065170.9
2026-08-13 19:00:00+00:00,0.0409,0.04098,0.04081,0.04087,663408.0
2026-08-13 20:00:00+00:00,0.04087,0.04093,0.04083,0.04089,377445.8
2026-08-13 21:00:00+00:00,0.04089,0.04106,0.04088,0.04096,398729.7
2026-08-13 22:00:00+00:00,0.04097,0.04118,0.04094,0.04108,854018.6
2026-08-13 23:00:00+00:00,0.04107,0.04108,0.04094,0.04105,447836.0
2026-08-14 00:00:00+00:00,0.04104,0.04119,0.04093,0.04094,933089.0
2026-08-14 01:00:00+00:00,0.04093,0.04106,0.04085,0.04099,505624.9
2026-08-14 02:00:00+00:00,0.04101,0.04104,0.04082,0.04087,1338607.1
2026-08-14 03:00:00+00:00,0.04088,0.04093,0.04074,0.04079,330111.0
2026-08-14 04:00:00+00:00,0.04078,0.04092,0.04065,0.04075,828378.8
2026-08-14 05:00:00+00:00,0.04075,0.04075,0.04057,0.04068,747590.6
2026-08-14 06:00:00+00:00,0.04067,0.04067,0.04031,0.04032,2076449.0
2026-08-14 07:00:00+00:00,0.04031,0.04043,0.04025,0.04034,1187263.7
2026-08-14 08:00:00+00:00,0.04034,0.04038,0.04021,0.0403,1792181.4
2026-08-14 09:00:00+00:00,0.04031,0.04033,0.04013,0.04013,964955.2
2026-08-14 10:00:00+00:00,0.04013,0.04027,0.04007,0.04008,2296064.6
2026-08-14 11:00:00+00:00,0.04007,0.04021,0.04006,0.04017,863131.4
2026-08-14 12:00:00+00:00,0.04018,0.0402,0.04002,0.04007,910799.3
2026-08-14 13:00:00+00:00,0.04006,0.04015,0.04002,0.04003,868740.0
2026-08-14 14:00:00+00:00,0.04004,0.04008,0.03982,0.03982,2858016.6
2026-08-14 15:00:00+00:00,0.03982,0.03999,0.03962,0.03996,4569627.5
2026-08-14 16:00:00+00:00,0.03995,0.04015,0.03995,0.04013,1289754.7
2026-08-14 17:00:00+00:00,0.04013,0.04027,0.04001,0.04013,3300125.0
2026-08-14 18:00:00+00:00,0.04013,0.04029,0.04006,0.04017,1736807.3
2026-08-14 19:00:00+00:00,0.04016,0.04022,0.04003,0.04018,756120.8
2026-08-14 20:00:00+00:00,0.04016,0.04029,0.0401,0.04015,1667137.2
2026-08-14 21:00:00+00:00,0.04016,0.04025,0.04004,0.0401,786859.1
2026-08-14 22:00:00+00:00,0.0401,0.04014,0.03992,0.04008,267723.7
2026-08-14 23:00:00+00:00,0.04008,0.04032,0.04007,0.04032,583973.2
2026-08-15 00:00:00+00:00,0.04032,0.04044,0.04029,0.04032,1323290.5
2026-08-15 01:00:00+00:00,0.04033,0.04035,0.04019,0.04021,239621.6
2026-08-15 02:00:00+00:00,0.04022,0.04039,0.0402,0.04032,380951.3
2026-08-15 03:00:00+00:00,0.04033,0.04033,0.04015,0.04017,360951.8
2026-08-15 04:00:00+00:00,0.04017,0.04023,0.04008,0.04023,509421.5
2026-08-15 05:00:00+00:00,0.04023,0.04024,0.04011,0.04017,1220074.4
2026-08-15 06:00:00+00:00,0.04017,0.04017,0.04006,0.04015,308948.2
2026-08-15 07:00:00+00:00,0.04014,0.04016,0.04,0.04001,575493.2
2026-08-15 08:00:00+00:00,0.04001,0.04007,0.03994,0.03996,665781.4
2026-08-15 09:00:00+00:00,0.03994,0.04006,0.03986,0.04005,602333.4
2026-08-15 10:00:00+00:00,0.04006,0.04015,0.03997,0.0401,758278.9
2026-08-15 11:00:00+00:00,0.0401,0.04014,0.04004,0.04006,288609.8
2026-08-15 12:00:00+00:00,0.04006,0.04018,0.04004,0.04011,352830.7
2026-08-15 13:00:00+00:00,0.04011,0.04015,0.04007,0.04013,144528.6
2026-08-15 14:00:00+00:00,0.04011,0.04023,0.04007,0.04022,593533.4
2026-08-15 15:00:00+00:00,0.04023,0.04032,0.04018,0.04024,1032559.6
2026-08-15 16:00:00+00:00,0.04025,0.04026,0.04011,0.04018,308653.5
2026-08-15 17:00:00+00:00,0.04019,0.04025,0.04005,0.04007,1490308.9
2026-08-15 18:00:00+00:00,0.04008,0.04009,0.03998,0.03999,723849.0
2026-08-15 19:00:00+00:00,0.03999,0.04006,0.03998,0.04003,376836.9
2026-08-15 20:00:00+00:00,0.04002,0.04002,0.03989,0.03994,595223.8
2026-08-15 21:00:00+00:00,0.03994,0.04005,0.03991,0.04002,492505.2
2026-08-15 22:00:00+00:00,0.04002,0.04008,0.04,0.04001,446447.8
2026-08-15 23:00:00+00:00,0.04,0.04,0.03965,0.03976,1758961.2
2026-08-16 00:00:00+00:00,0.03976,0.03991,0.03966,0.03977,1440102.0
2026-08-16 01:00:00+00:00,0.03977,0.03978,0.03939,0.03962,3251726.2
2026-08-16 02:00:00+00:00,0.03962,0.03987,0.03959,0.03983,1612033.8
2026-08-16 03:00:00+00:00,0.03983,0.03991,0.03981,0.03985,111927.9
2026-08-16 04:00:00+00:00,0.03985,0.03992,0.03985,0.03991,226781.0
2026-08-16 05:00:00+00:00,0.03992,0.03996,0.03983,0.03985,331713.4
2026-08-16 06:00:00+00:00,0.03986,0.03991,0.03979,0.03991,355504.9
2026-08-16 07:00:00+00:00,0.0399,0.04001,0.03986,0.04,216911.7
2026-08-16 08:00:00+00:00,0.03999,0.04,0.03993,0.03996,406005.8
2026-08-16 09:00:00+00:00,0.03997,0.04001,0.03987,0.03991,344210.1
2026-08-16 10:00:00+00:00,0.0399,0.03992,0.03981,0.03988,291501.5
2026-08-16 11:00:00+00:00,0.03987,0.03993,0.03984,0.03986,202492.8
2026-08-16 12:00:00+00:00,0.03987,0.03993,0.03977,0.03989,582537.4
2026-08-16 13:00:00+00:00,0.0399,0.03996,0.03988,0.0399,820224.1
2026-08-16 14:00:00+00:00,0.03991,0.03999,0.03989,0.03993,621419.5
2026-08-16 15:00:00+00:00,0.03994,0.03997,0.03987,0.03995,307255.6
2026-08-16 16:00:00+00:00,0.03995,0.04003,0.03988,0.03997,773378.6
2026-08-16 17:00:00+00:00,0.03997,0.03999,0.03981,0.03984,470972.7
2026-08-16 18:00:00+00:00,0.03983,0.03986,0.03972,0.03974,444225.2
2026-08-16 19:00:00+00:00,0.03974,0.03987,0.03974,0.03984,271062.4
2026-08-16 20:00:00+00:00,0.03984,0.03999,0.03984,0.0399,3897046.6
2026-08-16 21:00:00+00:00,0.03989,0.0399,0.03916,0.03935,4523142.4
2026-08-16 22:00:00+00:00,0.03935,0.03952,0.03926,0.03939,1684159.2
2026-08-16 23:00:00+00:00,0.0394,0.03953,0.03938,0.03943,687209.5
2026-08-17 00:00:00+00:00,0.03943,0.03943,0.03927,0.03938,571651.1
2026-08-17 01:00:00+00:00,0.03937,0.03973,0.03936,0.03956,448289.6
2026-08-17 02:00:00+00:00,0.03957,0.03981,0.03951,0.03976,852269.9
2026-08-17 03:00:00+00:00,0.03979,0.03979,0.0397,0.03977,153129.4
2026-08-17 04:00:00+00:00,0.03977,0.0398,0.03972,0.03979,371060.3
2026-08-17 05:00:00+00:00,0.0398,0.03984,0.03977,0.03979,136002.6
2026-08-17 06:00:00+00:00,0.03979,0.03997,0.03977,0.03996,847959.3
2026-08-17 07:00:00+00:00,0.03996,0.03996,0.03974,0.03978,278403.6
2026-08-17 08:00:00+00:00,0.03977,0.03978,0.03949,0.03952,467479.9
2026-08-17 09:00:00+00:00,0.03952,0.03967,0.03952,0.03958,483904.6
2026-08-17 10:00:00+00:00,0.03959,0.03986,0.03956,0.03983,514021.3
2026-08-17 11:00:00+00:00,0.03984,0.03999,0.03978,0.03998,663794.6
2026-08-17 12:00:00+00:00,0.03999,0.04007,0.03994,0.04005,1152771.5
2026-08-17 13:00:00+00:00,0.04005,0.04007,0.03983,0.04005,627863.2
2026-08-17 14:00:00+00:00,0.04004,0.04009,0.03993,0.04008,888956.4
2026-08-17 15:00:00+00:00,0.04008,0.04033,0.03997,0.04023,1419732.8
2026-08-17 16:00:00+00:00,0.04024,0.04025,0.03999,0.04013,1839192.4
2026-08-17 17:00:00+00:00,0.04012,0.04022,0.04007,0.04007,702500.5
2026-08-17 18:00:00+00:00,0.04007,0.04014,0.03999,0.04,866968.9
2026-08-17 19:00:00+00:00,0.03998,0.04007,0.03991,0.03996,448441.7
2026-08-17 20:00:00+00:00,0.03996,0.04002,0.03987,0.04001,522208.6
2026-08-17 21:00:00+00:00,0.04001,0.04008,0.03988,0.03988,1248585.6
2026-08-17 22:00:00+00:00,0.03987,0.03987,0.03971,0.03972,204598.1
2026-08-17 23:00:00+00:00,0.03971,0.03981,0.03969,0.0397,262865.3
2026-08-18 00:00:00+00:00,0.03971,0.03982,0.03966,0.0398,359498.8
2026-08-18 01:00:00+00:00,0.03979,0.03979,0.03941,0.03949,1365584.1
2026-08-18 02:00:00+00:00,0.03947,0.03951,0.03859,0.03873,9946450.2
2026-08-18 03:00:00+00:00,0.03873,0.03877,0.03828,0.03875,5826697.1
2026-08-18 04:00:00+00:00,0.03875,0.03892,0.03864,0.0389,1074704.0
2026-08-18 05:00:00+00:00,0.0389,0.03901,0.03864,0.0387,1471133.2
2026-08-18 06:00:00+00:00,0.03869,0.03902,0.03867,0.03894,3256615.9
2026-08-18 07:00:00+00:00,0.03896,0.03899,0.0388,0.03884,621608.1
2026-08-18 08:00:00+00:00,0.03883,0.03885,0.0387,0.03879,965522.8
2026-08-18 09:00:00+00:00,0.03877,0.03887,0.03871,0.03886,721761.9
2026-08-18 10:00:00+00:00,0.03887,0.03898,0.0388,0.03892,608997.1
2026-08-18 11:00:00+00:00,0.03892,0.03904,0.03892,0.03894,372151.3
2026-08-18 12:00:00+00:00,0.03894,0.03901,0.0389,0.03892,726411.1
2026-08-18 13:00:00+00:00,0.0389,0.03899,0.03881,0.0389,715971.5
2026-08-18 14:00:00+00:00,0.0389,0.03927,0.03884,0.03896,1806497.9
2026-08-18 15:00:00+00:00,0.03895,0.03912,0.03888,0.03903,551973.6
2026-08-18 16:00:00+00:00,0.03904,0.03909,0.03885,0.03888,1009871.5
2026-08-18 17:00:00+00:00,0.03888,0.03902,0.03885,0.03891,427910.3
2026-08-18 18:00:00+00:00,0.0389,0.0391,0.0389,0.03908,578735.0
2026-08-18 19:00:00+00:00,0.03909,0.03911,0.03882,0.03884,765516.9
2026-08-18 20:00:00+00:00,0.03883,0.03891,0.03869,0.03869,1155535.6
2026-08-18 21:00:00+00:00,0.0387,0.03878,0.03866,0.0387,716158.7
2026-08-18 22:00:00+00:00,0.03869,0.03873,0.03859,0.03862,361825.1
2026-08-18 23:00:00+00:00,0.03861,0.03869,0.03859,0.03859,209584.8
2026-08-19 00:00:00+00:00,0.03858,0.03868,0.03847,0.03855,1424746.2
2026-08-19 01:00:00+00:00,0.03856,0.03869,0.0385,0.03868,686433.4
2026-08-19 02:00:00+00:00,0.03867,0.03868,0.03854,0.03858,329950.2
2026-08-19 03:00:00+00:00,0.03859,0.03883,0.03854,0.03879,247017.5
2026-08-19 04:00:00+00:00,0.03878,0.03879,0.03855,0.03857,525135.3
2026-08-19 05:00:00+00:00,0.03856,0.03888,0.03856,0.03862,2740502.2
2026-08-19 06:00:00+00:00,0.03863,0.03872,0.03854,0.03872,411392.0
2026-08-19 07:00:00+00:00,0.0387,0.03872,0.03861,0.03864,750430.4
2026-08-19 08:00:00+00:00,0.03864,0.0387,0.0383,0.03866,4925139.7
2026-08-19 09:00:00+00:00,0.03867,0.03873,0.03851,0.03853,538956.2
2026-08-19 10:00:00+00:00,0.03853,0.03876,0.03852,0.03873,567352.9
2026-08-19 11:00:00+00:00,0.03873,0.03885,0.03863,0.03885,718416.7
2026-08-19 12:00:00+00:00,0.03886,0.03908,0.03885,0.03897,1788605.9
2026-08-19 13:00:00+00:00,0.03897,0.03908,0.03877,0.03883,1576239.7
2026-08-19 14:00:00+00:00,0.03882,0.03964,0.03879,0.03952,4087991.9
2026-08-19 15:00:00+00:00,0.03952,0.04073,0.03952,0.03986,17078603.8
2026-08-19 16:00:00+00:00,0.03986,0.04034,0.03984,0.04003,3483923.7
2026-08-19 17:00:00+00:00,0.04004,0.04008,0.03949,0.03963,3919795.4
2026-08-19 18:00:00+00:00,0.03963,0.03965,0.03945,0.0395,1698443.1
2026-08-19 19:00:00+00:00,0.0395,0.04007,0.03939,0.04007,2521637.7
2026-08-19 20:00:00+00:00,0.04007,0.0408,0.03991,0.0406,3902117.0
2026-08-19 21:00:00+00:00,0.04057,0.0414,0.04055,0.0412,8995019.3
2026-08-19 22:00:00+00:00,0.0412,0.04129,0.04078,0.04116,4482984.0
2026-08-19 23:00:00+00:00,0.04117,0.04146,0.041,0.04123,7130916.8
2026-08-20 00:00:00+00:00,0.04123,0.04145,0.04121,0.04128,2255722.9
2026-08-20 01:00:00+00:00,0.04129,0.04155,0.04102,0.04148,1702596.1
2026-08-20 02:00:00+00:00,0.04149,0.04154,0.04106,0.04108,1443272.9
2026-08-20 03:00:00+00:00,0.04108,0.04108,0.04073,0.04083,1950112.2
2026-08-20 04:00:00+00:00,0.04083,0.04122,0.04078,0.04116,915731.6
2026-08-20 05:00:00+00:00,0.04116,0.04139,0.04116,0.04127,2147113.3
2026-08-20 06:00:00+00:00,0.04126,0.04151,0.04119,0.0415,2092241.4
2026-08-20 07:00:00+00:00,0.0415,0.04151,0.04135,0.04148,1657026.6
2026-08-20 08:00:00+00:00,0.04149,0.04244,0.04144,0.04234,9025792.3
2026-08-20 09:00:00+00:00,0.04234,0.04262,0.04193,0.04204,4485472.6
2026-08-20 10:00:00+00:00,0.04205,0.0424,0.042,0.04227,1339785.5
2026-08-20 11:00:00+00:00,0.04226,0.04256,0.04205,0.04219,3424444.7
2026-08-20 12:00:00+00:00,0.04219,0.04226,0.04183,0.04203,3155028.2
2026-08-20 13:00:00+00:00,0.04204,0.04243,0.04172,0.04243,2411907.2
2026-08-20 14:00:00+00:00,0.04244,0.0425,0.04203,0.04225,1536781.4
2026-08-20 15:00:00+00:00,0.04225,0.04286,0.04225,0.04282,3459331.6
2026-08-20 16:00:00+00:00,0.04281,0.04328,0.04267,0.04327,4501093.3
2026-08-20 17:00:00+00:00,0.04327,0.04341,0.04314,0.04334,3404504.9
2026-08-20 18:00:00+00:00,0.04334,0.04341,0.04259,0.04261,4845061.8
2026-08-20 19:00:00+00:00,0.04261,0.04279,0.04257,0.04265,812779.8
2026-08-20 20:00:00+00:00,0.04264,0.04307,0.04261,0.04307,967848.2
2026-08-20 21:00:00+00:00,0.04307,0.0435,0.04306,0.04349,1992679.6
2026-08-20 22:00:00+00:00,0.04349,0.04374,0.04326,0.04338,2907406.7
2026-08-20 23:00:00+00:00,0.04339,0.04372,0.04337,0.0437,1600465.0
2026-08-21 00:00:00+00:00,0.0437,0.04379,0.0433,0.04337,3908543.0
2026-08-21 01:00:00+00:00,0.04337,0.04406,0.0433,0.04403,4614242.2
2026-08-21 02:00:00+00:00,0.04404,0.04412,0.04374,0.04391,2904392.9
2026-08-21 03:00:00+00:00,0.04391,0.04408,0.04365,0.04391,3014349.9
2026-08-21 04:00:00+00:00,0.04392,0.04432,0.04392,0.04428,3321330.5
2026-08-21 05:00:00+00:00,0.04428,0.04451,0.04404,0.04448,2409068.0
2026-08-21 06:00:00+00:00,0.04447,0.04465,0.04421,0.04441,3276699.5
2026-08-21 07:00:00+00:00,0.0444,0.0453,0.04438,0.04502,5083261.7
2026-08-21 08:00:00+00:00,0.04503,0.04606,0.045,0.046,9346908.5
2026-08-21 09:00:00+00:00,0.046,0.04604,0.04486,0.04588,7737557.1
2026-08-21 10:00:00+00:00,0.04588,0.04632,0.04574,0.04626,5732487.0
2026-08-21 11:00:00+00:00,0.04626,0.04641,0.04579,0.04602,6057098.0
2026-08-21 12:00:00+00:00,0.04603,0.04668,0.04583,0.04632,7808066.2
2026-08-21 13:00:00+00:00,0.04633,0.04682,0.04586,0.0468,8154753.6
2026-08-21 14:00:00+00:00,0.04679,0.04708,0.04623,0.04702,6053544.3
2026-08-21 15:00:00+00:00,0.04702,0.04728,0.04679,0.04701,4135962.9
2026-08-21 16:00:00+00:00,0.04702,0.04721,0.04662,0.04696,2675107.7
2026-08-21 17:00:00+00:00,0.04696,0.0471,0.04645,0.04701,2331838.4
2026-08-21 18:00:00+00:00,0.04701,0.04719,0.04642,0.04668,2633381.4
2026-08-21 19:00:00+00:00,0.04667,0.04667,0.04615,0.04637,1933320.6
2026-08-21 20:00:00+00:00,0.04637,0.04727,0.04621,0.04724,3069216.4
2026-08-21 21:00:00+00:00,0.04723,0.04789,0.04716,0.04784,10532250.5
2026-08-21 22:00:00+00:00,0.04785,0.04836,0.04754,0.04819,7521700.6
2026-08-21 23:00:00+00:00,0.0482,0.04843,0.04779,0.04807,6420247.4
2026-08-22 00:00:00+00:00,0.04807,0.04881,0.04769,0.04867,7538560.4
2026-08-22 01:00:00+00:00,0.04867,0.04905,0.04838,0.04847,7391944.0
2026-08-22 02:00:00+00:00,0.04847,0.04952,0.04847,0.04946,7044771.6
2026-08-22 03:00:00+00:00,0.04946,0.04993,0.04896,0.0496,15776199.9
2026-08-22 04:00:00+00:00,0.0496,0.05088,0.04953,0.05078,22810048.1
2026-08-22 05:00:00+00:00,0.05077,0.05098,0.04412,0.04753,64947249.9
2026-08-22 06:00:00+00:00,0.04754,0.04809,0.04682,0.04804,8526701.8
2026-08-22 07:00:00+00:00,0.04803,0.04829,0.04754,0.04764,3513542.6
2026-08-22 08:00:00+00:00,0.04765,0.04793,0.04679,0.04697,4417101.7
2026-08-22 09:00:00+00:00,0.04698,0.04751,0.04654,0.04694,5671131.4
2026-08-22 10:00:00+00:00,0.04694,0.04697,0.04593,0.04666,6983223.4
2026-08-22 11:00:00+00:00,0.04666,0.04712,0.04642,0.04705,2745074.4
2026-08-22 12:00:00+00:00,0.04703,0.04763,0.047,0.0471,2497845.0
2026-08-22 13:00:00+00:00,0.04711,0.04748,0.04695,0.04731,1971158.4
2026-08-22 14:00:00+00:00,0.04731,0.04733,0.04641,0.04661,3756694.8
2026-08-22 15:00:00+00:00,0.04661,0.04686,0.04613,0.04636,5109263.7
2026-08-22 16:00:00+00:00,0.04635,0.04749,0.0463,0.04735,2469612.7
2026-08-22 17:00:00+00:00,0.04736,0.04766,0.04716,0.04749,1363328.4
2026-08-22 18:00:00+00:00,0.0475,0.0477,0.04691,0.04724,4372122.4
2026-08-22 19:00:00+00:00,0.04725,0.04771,0.04719,0.04755,1700667.9
2026-08-22 20:00:00+00:00,0.04755,0.04782,0.04738,0.04754,2124202.2
2026-08-22 21:00:00+00:00,0.04754,0.04755,0.0466,0.04664,2037506.1
2026-08-22 22:00:00+00:00,0.04663,0.04736,0.04631,0.04731,2758755.0
2026-08-22 23:00:00+00:00,0.04732,0.04741,0.04698,0.04728,1041558.4
2026-08-23 00:00:00+00:00,0.04729,0.04789,0.04706,0.04779,2803368.6
2026-08-23 01:00:00+00:00,0.04778,0.04787,0.04692,0.04697,1868782.3
2026-08-23 02:00:00+00:00,0.04697,0.04697,0.04619,0.04628,4325664.8
2026-08-23 03:00:00+00:00,0.04627,0.04634,0.04549,0.04562,4592947.5
2026-08-23 04:00:00+00:00,0.04561,0.04562,0.04468,0.0448,6734281.5
2026-08-23 05:00:00+00:00,0.04479,0.04534,0.04451,0.04488,2908261.2
2026-08-23 06:00:00+00:00,0.04487,0.04516,0.04471,0.04501,1387837.9
2026-08-23 07:00:00+00:00,0.04501,0.0454,0.04499,0.04526,1192517.0
2026-08-23 08:00:00+00:00,0.04527,0.04589,0.04517,0.04585,1955236.3
2026-08-23 09:00:00+00:00,0.04584,0.04603,0.04579,0.04601,1264867.7
2026-08-23 10:00:00+00:00,0.04602,0.04652,0.04599,0.04644,3074496.2
2026-08-23 11:00:00+00:00,0.04645,0.04698,0.04635,0.04681,2658503.5
2026-08-23 12:00:00+00:00,0.04681,0.04712,0.04653,0.04699,4489797.9
2026-08-23 13:00:00+00:00,0.04698,0.0478,0.04695,0.04778,4253168.7
2026-08-23 14:00:00+00:00,0.04778,0.04789,0.04664,0.04747,4556690.8
2026-08-23 15:00:00+00:00,0.04747,0.04801,0.04717,0.04781,3431908.5
2026-08-23 16:00:00+00:00,0.04781,0.04804,0.04762,0.04803,1858364.0
2026-08-23 17:00:00+00:00,0.04803,0.04827,0.04772,0.04794,2515650.1
2026-08-23 18:00:00+00:00,0.04794,0.04841,0.04792,0.04841,1950081.8
2026-08-23 19:00:00+00:00,0.04841,0.04841,0.04772,0.04783,2595434.3
2026-08-23 20:00:00+00:00,0.04784,0.04882,0.04767,0.04789,6861233.0
2026-08-23 21:00:00+00:00,0.04788,0.04873,0.04787,0.04856,3222807.1
2026-08-23 22:00:00+00:00,0.04856,0.04873,0.04812,0.04838,2084657.8
2026-08-23 23:00:00+00:00,0.04838,0.04844,0.04787,0.04812,2320638.0
2026-08-24 00:00:00+00:00,0.0481,0.0481,0.04716,0.04768,3504933.7
2026-08-24 01:00:00+00:00,0.04769,0.04772,0.04645,0.04649,3859543.4
2026-08-24 02:00:00+00:00,0.04649,0.04721,0.0464,0.04707,3817037.7
2026-08-24 03:00:00+00:00,0.04707,0.04712,0.04657,0.04677,1538773.3
2026-08-24 04:00:00+00:00,0.04677,0.04734,0.04677,0.0471,1740748.6
2026-08-24 05:00:00+00:00,0.04709,0.04747,0.04683,0.04701,2351394.0
2026-08-24 06:00:00+00:00,0.04701,0.04722,0.04659,0.04678,1593389.2
2026-08-24 07:00:00+00:00,0.04677,0.04705,0.04651,0.04653,2537863.9
2026-08-24 08:00:00+00:00,0.04654,0.04676,0.04615,0.0464,2041242.1
2026-08-24 09:00:00+00:00,0.04639,0.04691,0.04636,0.04677,1206657.2
2026-08-24 10:00:00+00:00,0.04677,0.04719,0.04668,0.04674,2767237.6
2026-08-24 11:00:00+00:00,0.04675,0.04755,0.04649,0.04749,2648924.1
2026-08-24 12:00:00+00:00,0.04747,0.04798,0.047,0.04791,6183356.0
2026-08-24 13:00:00+00:00,0.04791,0.04811,0.04667,0.047,5554315.0
2026-08-24 14:00:00+00:00,0.047,0.04791,0.04698,0.04779,3347548.6
2026-08-24 15:00:00+00:00,0.04778,0.04838,0.04734,0.04751,4961367.5
2026-08-24 16:00:00+00:00,0.04751,0.04789,0.04723,0.04736,2206041.5
2026-08-24 17:00:00+00:00,0.04736,0.04744,0.04659,0.04692,3454055.0
2026-08-24 18:00:00+00:00,0.04691,0.04719,0.04676,0.04682,1533301.1
2026-08-24 19:00:00+00:00,0.04683,0.04707,0.04661,0.04681,2004070.7
2026-08-24 20:00:00+00:00,0.04682,0.04706,0.04657,0.04696,1868008.0
2026-08-24 21:00:00+00:00,0.04697,0.04724,0.04697,0.04719,852668.0
2026-08-24 22:00:00+00:00,0.0472,0.04726,0.04685,0.04687,969338.5
2026-08-24 23:00:00+00:00,0.04688,0.04711,0.04667,0.047,1042726.5
2026-08-25 00:00:00+00:00,0.04699,0.04749,0.04674,0.04748,2852980.6
2026-08-25 01:00:00+00:00,0.04748,0.04755,0.04703,0.04727,1703643.6
2026-08-25 02:00:00+00:00,0.04727,0.04817,0.04716,0.04783,3785405.2
2026-08-25 03:00:00+00:00,0.04783,0.04833,0.04774,0.04796,2442919.8
2026-08-25 04:00:00+00:00,0.04798,0.04865,0.04783,0.04849,4174549.9
2026-08-25 05:00:00+00:00,0.0485,0.0487,0.04826,0.04843,4117866.0
2026-08-25 06:00:00+00:00,0.04844,0.04904,0.04783,0.04791,8884069.6
2026-08-25 07:00:00+00:00,0.04791,0.04832,0.0472,0.0476,3602428.4
2026-08-25 08:00:00+00:00,0.0476,0.04819,0.04756,0.04776,1394217.6
2026-08-25 09:00:00+00:00,0.04775,0.04838,0.04757,0.04787,2675376.4
2026-08-25 10:00:00+00:00,0.04786,0.04802,0.04749,0.04756,2738921.9
2026-08-25 11:00:00+00:00,0.04756,0.04766,0.04715,0.04718,1606717.2
2026-08-25 12:00:00+00:00,0.04719,0.04733,0.04686,0.04723,2562926.5
2026-08-25 13:00:00+00:00,0.04726,0.04729,0.04626,0.04673,4995183.0
2026-08-25 14:00:00+00:00,0.04672,0.04737,0.04662,0.04716,2964047.7
2026-08-25 15:00:00+00:00,0.04717,0.04735,0.04683,0.04733,3015771.9
2026-08-25 16:00:00+00:00,0.04734,0.04746,0.04707,0.0472,2085114.9
2026-08-25 17:00:00+00:00,0.0472,0.04727,0.04682,0.04727,2497531.6
2026-08-25 18:00:00+00:00,0.04728,0.04743,0.04715,0.04721,961285.2
2026-08-25 19:00:00+00:00,0.04721,0.04723,0.04674,0.04679,1402574.2
2026-08-25 20:00:00+00:00,0.0468,0.04684,0.04607,0.0461,3344083.7
2026-08-25 21:00:00+00:00,0.04609,0.04626,0.04527,0.04624,5252481.1
2026-08-25 22:00:00+00:00,0.04622,0.04653,0.04622,0.0464,956241.1
2026-08-25 23:00:00+00:00,0.04641,0.04646,0.04592,0.04602,1134463.5
2026-08-26 00:00:00+00:00,0.04599,0.04646,0.04586,0.0464,829685.4
2026-08-26 01:00:00+00:00,0.04639,0.04671,0.04639,0.04669,1652969.9
2026-08-26 02:00:00+00:00,0.04669,0.04714,0.04665,0.04705,2758260.7
2026-08-26 03:00:00+00:00,0.04704,0.04712,0.04659,0.04665,992536.0
2026-08-26 04:00:00+00:00,0.04664,0.04672,0.04627,0.0463,1162547.9
2026-08-26 05:00:00+00:00,0.04629,0.04648,0.04608,0.04645,1052253.8
2026-08-26 06:00:00+00:00,0.04643,0.0466,0.04631,0.04654,583463.1
2026-08-26 07:00:00+00:00,0.04653,0.04667,0.04626,0.04627,1116042.1
2026-08-26 08:00:00+00:00,0.04627,0.04644,0.0461,0.04617,1098264.1
2026-08-26 09:00:00+00:00,0.04619,0.04628,0.04567,0.04585,2902816.0
2026-08-26 10:00:00+00:00,0.04584,0.04632,0.0457,0.0462,1033450.7
2026-08-26 11:00:00+00:00,0.0462,0.04627,0.0459,0.04602,437535.6
2026-08-26 12:00:00+00:00,0.04603,0.04633,0.04564,0.04579,2323422.5
2026-08-26 13:00:00+00:00,0.04577,0.04594,0.04549,0.04571,1919812.9
2026-08-26 14:00:00+00:00,0.0457,0.04597,0.04513,0.04522,3596031.3
2026-08-26 15:00:00+00:00,0.04519,0.04534,0.04495,0.04515,2229987.2
2026-08-26 16:00:00+00:00,0.04516,0.04524,0.04493,0.04506,1379531.6
2026-08-26 17:00:00+00:00,0.04508,0.04567,0.04506,0.04537,461211.0
2026-08-26 18:00:00+00:00,0.04539,0.04552,0.04525,0.04545,773613.3
2026-08-26 19:00:00+00:00,0.04544,0.04567,0.04536,0.04555,396779.6
2026-08-26 20:00:00+00:00,0.04556,0.04568,0.04523,0.04565,533673.6
2026-08-26 21:00:00+00:00,0.04565,0.04614,0.04563,0.04611,1075612.0
2026-08-26 22:00:00+00:00,0.0461,0.04653,0.0461,0.04622,1662077.7
2026-08-26 23:00:00+00:00,0.04619,0.04701,0.04611,0.04695,1943517.7
2026-08-27 00:00:00+00:00,0.04695,0.04725,0.04677,0.04679,2356035.4
2026-08-27 01:00:00+00:00,0.04677,0.04728,0.04673,0.04705,1049523.0
2026-08-27 02:00:00+00:00,0.04703,0.04734,0.04678,0.04687,1272842.3
2026-08-27 03:00:00+00:00,0.04687,0.04734,0.04675,0.04697,1198604.5
2026-08-27 04:00:00+00:00,0.04698,0.04709,0.0465,0.04656,918779.9
2026-08-27 05:00:00+00:00,0.04657,0.04663,0.04609,0.04659,1311231.5
2026-08-27 06:00:00+00:00,0.04657,0.04681,0.04641,0.04681,660501.8
2026-08-27 07:00:00+00:00,0.04681,0.04727,0.04669,0.04727,1632661.8
2026-08-27 08:00:00+00:00,0.04726,0.04818,0.04725,0.04813,7413338.8
2026-08-27 09:00:00+00:00,0.04812,0.04821,0.04771,0.04775,2713488.7
2026-08-27 10:00:00+00:00,0.04774,0.048,0.04718,0.04756,2217157.6
2026-08-27 11:00:00+00:00,0.04755,0.04772,0.04719,0.04739,1157165.1
2026-08-27 12:00:00+00:00,0.04739,0.04777,0.04739,0.04768,1075818.5
2026-08-27 13:00:00+00:00,0.04768,0.0482,0.04759,0.0482,3570542.1
2026-08-27 14:00:00+00:00,0.0482,0.0484,0.04805,0.04809,2943569.8
2026-08-27 15:00:00+00:00,0.04809,0.04842,0.04802,0.04824,1969290.4
2026-08-27 16:00:00+00:00,0.04825,0.04856,0.04798,0.04819,3223493.7
2026-08-27 17:00:00+00:00,0.04819,0.04843,0.04806,0.04818,1564027.6
2026-08-27 18:00:00+00:00,0.04818,0.0483,0.0477,0.04792,2042128.5
2026-08-27 19:00:00+00:00,0.04792,0.04803,0.04778,0.04787,523634.0
2026-08-27 20:00:00+00:00,0.04787,0.04808,0.04771,0.04806,701051.7
2026-08-27 21:00:00+00:00,0.04808,0.04816,0.04788,0.04814,615338.8
2026-08-27 22:00:00+00:00,0.04813,0.04857,0.04813,0.04831,2390443.7
2026-08-27 23:00:00+00:00,0.04832,0.04847,0.04817,0.04832,1170449.9
2026-08-28 00:00:00+00:00,0.04833,0.04868,0.0482,0.04821,2908491.6
2026-08-28 01:00:00+00:00,0.04823,0.04889,0.04797,0.04799,3056942.8
2026-08-28 02:00:00+00:00,0.04798,0.04799,0.04711,0.04727,4288175.2
2026-08-28 03:00:00+00:00,0.04726,0.04743,0.04712,0.04725,854538.2
2026-08-28 04:00:00+00:00,0.04724,0.04751,0.04703,0.04735,1020251.7
2026-08-28 05:00:00+00:00,0.04733,0.04749,0.04707,0.0473,994218.1
2026-08-28 06:00:00+00:00,0.04731,0.04762,0.04731,0.04752,329832.5
2026-08-28 07:00:00+00:00,0.04753,0.04757,0.04717,0.04724,606130.8
2026-08-28 08:00:00+00:00,0.04725,0.04747,0.04707,0.04712,896388.2
2026-08-28 09:00:00+00:00,0.04714,0.04727,0.04697,0.04698,607069.7
2026-08-28 10:00:00+00:00,0.04698,0.04729,0.0467,0.04726,2005033.4
2026-08-28 11:00:00+00:00,0.04726,0.0474,0.04717,0.04718,734904.2
2026-08-28 12:00:00+00:00,0.04718,0.04723,0.04691,0.04695,904300.9
2026-08-28 13:00:00+00:00,0.04694,0.04703,0.04671,0.04685,1237815.9
2026-08-28 14:00:00+00:00,0.04683,0.04727,0.04615,0.04714,5958719.7
2026-08-28 15:00:00+00:00,0.04714,0.04728,0.04612,0.04612,2111030.4
2026-08-28 16:00:00+00:00,0.04613,0.04622,0.04528,0.04606,8240675.4
2026-08-28 17:00:00+00:00,0.04606,0.04631,0.04595,0.04622,1142650.2
2026-08-28 18:00:00+00:00,0.0462,0.04621,0.04557,0.0458,901318.3
2026-08-28 19:00:00+00:00,0.04581,0.04614,0.0458,0.04598,625725.1
2026-08-28 20:00:00+00:00,0.04598,0.04616,0.04586,0.04601,1371421.9
2026-08-28 21:00:00+00:00,0.04602,0.04616,0.04573,0.0458,532932.3
2026-08-28 22:00:00+00:00,0.04581,0.04621,0.04581,0.04613,1082627.2
2026-08-28 23:00:00+00:00,0.04613,0.04625,0.04612,0.04619,452417.8
2026-08-29 00:00:00+00:00,0.04618,0.04636,0.04605,0.04605,1022505.3
2026-08-29 01:00:00+00:00,0.04604,0.04607,0.04592,0.04598,290306.5
2026-08-29 02:00:00+00:00,0.04597,0.04601,0.04574,0.04581,545956.7
2026-08-29 03:00:00+00:00,0.04581,0.04588,0.04567,0.04567,411120.9
2026-08-29 04:00:00+00:00,0.04566,0.04587,0.04565,0.04582,333815.3
2026-08-29 05:00:00+00:00,0.04582,0.04604,0.04579,0.04604,485858.9
2026-08-29 06:00:00+00:00,0.04605,0.04606,0.04562,0.0457,413753.2
2026-08-29 07:00:00+00:00,0.04569,0.04583,0.04562,0.04573,430957.1
2026-08-29 08:00:00+00:00,0.04569,0.04569,0.04552,0.04558,545954.4
2026-08-29 09:00:00+00:00,0.04558,0.04578,0.04554,0.04567,417548.8
2026-08-29 10:00:00+00:00,0.04566,0.04575,0.04554,0.04562,309863.0
2026-08-29 11:00:00+00:00,0.04562,0.04584,0.04558,0.04571,431463.7
2026-08-29 12:00:00+00:00,0.04571,0.04599,0.04571,0.04581,704219.1
2026-08-29 13:00:00+00:00,0.04581,0.04588,0.04569,0.0458,323332.8
2026-08-29 14:00:00+00:00,0.0458,0.04628,0.04579,0.0461,897637.5
2026-08-29 15:00:00+00:00,0.04611,0.04613,0.04582,0.04601,741521.8
2026-08-29 16:00:00+00:00,0.04602,0.04619,0.04594,0.0461,665826.8
2026-08-29 17:00:00+00:00,0.0461,0.04616,0.04592,0.04596,453607.4
2026-08-29 18:00:00+00:00,0.04595,0.04619,0.04585,0.04605,384789.1
2026-08-29 19:00:00+00:00,0.04605,0.04618,0.04598,0.04602,251373.5
2026-08-29 20:00:00+00:00,0.04601,0.04612,0.04586,0.04588,245517.5
2026-08-29 21:00:00+00:00,0.04588,0.04604,0.0458,0.04582,397720.0
2026-08-29 22:00:00+00:00,0.04583,0.04585,0.04569,0.04578,337508.0
2026-08-29 23:00:00+00:00,0.04579,0.04583,0.04561,0.04561,688240.6
2026-08-30 00:00:00+00:00,0.04562,0.04567,0.0455,0.04551,500070.0
2026-08-30 01:00:00+00:00,0.04551,0.04552,0.04528,0.0453,1774519.7
2026-08-30 02:00:00+00:00,0.0453,0.04549,0.04528,0.04543,403710.9
2026-08-30 03:00:00+00:00,0.04543,0.04551,0.04534,0.04534,249684.2
2026-08-30 04:00:00+00:00,0.04535,0.04548,0.04522,0.04538,1128837.6
2026-08-30 05:00:00+00:00,0.04536,0.04552,0.04536,0.04545,410636.0
2026-08-30 06:00:00+00:00,0.04545,0.04567,0.04537,0.04562,262467.3
2026-08-30 07:00:00+00:00,0.04564,0.04564,0.04537,0.04537,406687.9
2026-08-30 08:00:00+00:00,0.04537,0.04547,0.04528,0.04538,1061286.0
2026-08-30 09:00:00+00:00,0.04538,0.04545,0.04529,0.04534,601876.0
2026-08-30 10:00:00+00:00,0.04534,0.04557,0.04523,0.04554,743218.8
2026-08-30 11:00:00+00:00,0.04554,0.0456,0.04547,0.04555,492288.5
2026-08-30 12:00:00+00:00,0.04554,0.04593,0.04552,0.04591,1251815.6
2026-08-30 13:00:00+00:00,0.0459,0.04599,0.04581,0.04595,791648.2
2026-08-30 14:00:00+00:00,0.04592,0.04603,0.04578,0.04583,1041261.6
2026-08-30 15:00:00+00:00,0.04584,0.04584,0.04557,0.04559,574666.6
2026-08-30 16:00:00+00:00,0.04561,0.04608,0.04559,0.04602,661196.2
2026-08-30 17:00:00+00:00,0.04601,0.04605,0.0456,0.04579,804181.0
2026-08-30 18:00:00+00:00,0.04581,0.04613,0.04561,0.04609,1520286.8
2026-08-30 19:00:00+00:00,0.0461,0.04614,0.04569,0.04575,890741.8
2026-08-30 20:00:00+00:00,0.04578,0.04588,0.0454,0.04555,1529104.8
2026-08-30 21:00:00+00:00,0.04555,0.04555,0.04499,0.04529,3237959.5
2026-08-30 22:00:00+00:00,0.04531,0.04558,0.04489,0.04508,1606621.4
2026-08-30 23:00:00+00:00,0.04507,0.04511,0.04342,0.04391,12864887.5
2026-08-31 00:00:00+00:00,0.0439,0.04439,0.04365,0.0442,1939115.4
2026-08-31 01:00:00+00:00,0.04419,0.04429,0.0438,0.04384,1822337.5
2026-08-31 02:00:00+00:00,0.04381,0.04422,0.04374,0.04381,983852.8
2026-08-31 03:00:00+00:00,0.04382,0.04428,0.04378,0.04419,594839.5
2026-08-31 04:00:00+00:00,0.04417,0.04422,0.04392,0.04415,653625.0
2026-08-31 05:00:00+00:00,0.04414,0.04453,0.04409,0.0445,828980.8
2026-08-31 06:00:00+00:00,0.04448,0.04457,0.04438,0.04454,700464.2
2026-08-31 07:00:00+00:00,0.04452,0.04472,0.04451,0.04464,1098934.2
2026-08-31 08:00:00+00:00,0.04463,0.04475,0.04443,0.04461,524693.8
2026-08-31 09:00:00+00:00,0.04461,0.04474,0.04446,0.04448,869774.3
2026-08-31 10:00:00+00:00,0.04445,0.0447,0.04431,0.04459,598618.9
2026-08-31 11:00:00+00:00,0.04459,0.04461,0.04436,0.04441,532638.6
2026-08-31 12:00:00+00:00,0.04441,0.04464,0.04407,0.04419,801532.6
2026-08-31 13:00:00+00:00,0.04418,0.04438,0.04395,0.04401,881300.4
2026-08-31 14:00:00+00:00,0.04402,0.04442,0.04395,0.04425,823581.0
2026-08-31 15:00:00+00:00,0.04428,0.04428,0.0439,0.04392,1236665.2
2026-08-31 16:00:00+00:00,0.04393,0.04408,0.04379,0.04389,1139462.5
2026-08-31 17:00:00+00:00,0.04389,0.04431,0.04387,0.04426,603397.3
2026-08-31 18:00:00+00:00,0.04425,0.04448,0.04411,0.04434,728474.1
2026-08-31 19:00:00+00:00,0.04435,0.04443,0.04417,0.04427,683202.0
2026-08-31 20:00:00+00:00,0.04425,0.04445,0.0442,0.04427,1030023.6
2026-08-31 21:00:00+00:00,0.04428,0.04458,0.04417,0.0445,1465721.4
2026-08-31 22:00:00+00:00,0.0445,0.04455,0.04439,0.04454,367661.8
2026-08-31 23:00:00+00:00,0.04454,0.04454,0.04435,0.04443,680747.5
2026-09-01 00:00:00+00:00,0.04442,0.04477,0.0444,0.04471,1146097.1
2026-09-01 01:00:00+00:00,0.04473,0.04514,0.04457,0.04503,2397466.4
2026-09-01 02:00:00+00:00,0.04503,0.04527,0.04479,0.04511,1403609.0
2026-09-01 03:00:00+00:00,0.04511,0.04537,0.04487,0.04532,1827818.1
2026-09-01 04:00:00+00:00,0.04534,0.04547,0.04492,0.04505,1939710.8
2026-09-01 05:00:00+00:00,0.04503,0.04518,0.04497,0.04507,1351405.1
2026-09-01 06:00:00+00:00,0.04506,0.04506,0.0449,0.04499,940063.7
2026-09-01 07:00:00+00:00,0.04499,0.04545,0.04498,0.04534,1450091.8
2026-09-01 08:00:00+00:00,0.04536,0.04541,0.04448,0.0446,1452932.0
2026-09-01 09:00:00+00:00,0.04462,0.04488,0.04447,0.04473,1180588.1
2026-09-01 10:00:00+00:00,0.04472,0.04529,0.04463,0.04516,955284.9
2026-09-01 11:00:00+00:00,0.04515,0.04557,0.04504,0.0455,1298937.7
2026-09-01 12:00:00+00:00,0.04552,0.04575,0.04534,0.04563,2769770.0
2026-09-01 13:00:00+00:00,0.04562,0.04582,0.04526,0.04565,2798579.3
2026-09-01 14:00:00+00:00,0.04567,0.04617,0.04564,0.04567,5823119.1
2026-09-01 15:00:00+00:00,0.04565,0.04641,0.04536,0.04626,3303797.0
2026-09-01 16:00:00+00:00,0.04626,0.04637,0.04576,0.04616,2252855.1
2026-09-01 17:00:00+00:00,0.04615,0.04702,0.04603,0.04696,10173036.4
2026-09-01 18:00:00+00:00,0.04695,0.04742,0.04568,0.04618,17773586.9
2026-09-01 19:00:00+00:00,0.04616,0.04668,0.04596,0.04654,3457735.2
2026-09-01 20:00:00+00:00,0.04656,0.04673,0.04624,0.04662,2055437.8
2026-09-01 21:00:00+00:00,0.04662,0.04732,0.04621,0.04726,4121738.8
2026-09-01 22:00:00+00:00,0.04727,0.04734,0.04642,0.04642,2427113.5
2026-09-01 23:00:00+00:00,0.04642,0.04714,0.04619,0.0469,2356889.1
2026-09-02 00:00:00+00:00,0.04691,0.04706,0.04637,0.04637,1496787.1
2026-09-02 01:00:00+00:00,0.04637,0.04669,0.04608,0.04626,1265274.5
2026-09-02 02:00:00+00:00,0.04625,0.04688,0.04615,0.04681,1711610.3
2026-09-02 03:00:00+00:00,0.04682,0.04703,0.04665,0.04675,1372347.8
2026-09-02 04:00:00+00:00,0.04675,0.04677,0.04629,0.04656,839823.4
2026-09-02 05:00:00+00:00,0.04654,0.0473,0.04637,0.04701,2257873.1
2026-09-02 06:00:00+00:00,0.04702,0.04736,0.04673,0.04709,2845068.6
2026-09-02 07:00:00+00:00,0.0471,0.04721,0.04692,0.04705,935332.5
2026-09-02 08:00:00+00:00,0.04706,0.04707,0.04661,0.04685,2331068.4
2026-09-02 09:00:00+00:00,0.04685,0.04723,0.0465,0.04694,2664202.9
2026-09-02 10:00:00+00:00,0.04692,0.04692,0.04574,0.0461,4451622.3
2026-09-02 11:00:00+00:00,0.04608,0.04643,0.04588,0.0462,1672275.0
2026-09-02 12:00:00+00:00,0.04619,0.04628,0.04561,0.04564,1980630.5
2026-09-02 13:00:00+00:00,0.04567,0.04631,0.04563,0.04613,1279691.7
2026-09-02 14:00:00+00:00,0.0461,0.04667,0.046,0.04621,1953203.9
2026-09-02 15:00:00+00:00,0.04621,0.04766,0.04607,0.04766,7294785.4
2026-09-02 16:00:00+00:00,0.04766,0.04866,0.04749,0.0485,15745565.6
2026-09-02 17:00:00+00:00,0.04851,0.04863,0.04779,0.04846,7108329.0
2026-09-02 18:00:00+00:00,0.04845,0.04912,0.04827,0.04891,9244901.2
2026-09-02 19:00:00+00:00,0.04891,0.05014,0.0489,0.04947,19345507.8
2026-09-02 20:00:00+00:00,0.04946,0.05004,0.04904,0.04918,9718639.8
2026-09-02 21:00:00+00:00,0.04918,0.04927,0.0486,0.04862,4594236.1
2026-09-02 22:00:00+00:00,0.04863,0.04878,0.04837,0.04869,3251533.9
2026-09-02 23:00:00+00:00,0.0487,0.04911,0.04851,0.0491,2670254.5
2026-09-03 00:00:00+00:00,0.04907,0.04928,0.04861,0.04876,2237590.7
2026-09-03 01:00:00+00:00,0.04875,0.04969,0.04859,0.04903,4994243.5
2026-09-03 02:00:00+00:00,0.04903,0.04994,0.04897,0.04958,5641904.1
2026-09-03 03:00:00+00:00,0.04959,0.04975,0.04901,0.04902,4929276.4
2026-09-03 04:00:00+00:00,0.04903,0.04904,0.04837,0.04889,5747206.7
2026-09-03 05:00:00+00:00,0.04889,0.04897,0.04841,0.04866,2090751.8
2026-09-03 06:00:00+00:00,0.04865,0.04878,0.0483,0.04834,1474920.2
2026-09-03 07:00:00+00:00,0.04834,0.04862,0.04805,0.04812,3996054.5
2026-09-03 08:00:00+00:00,0.04811,0.04852,0.04807,0.04818,1726183.5
2026-09-03 09:00:00+00:00,0.04817,0.04823,0.04795,0.04798,1797429.5
2026-09-03 10:00:00+00:00,0.04799,0.04802,0.04761,0.04785,3538051.7
2026-09-03 11:00:00+00:00,0.04784,0.04821,0.0477,0.04818,5984134.5
2026-09-03 12:00:00+00:00,0.04818,0.04834,0.04798,0.04822,2399698.7
2026-09-03 13:00:00+00:00,0.0482,0.04826,0.0479,0.04797,3066968.3
2026-09-03 14:00:00+00:00,0.04797,0.04876,0.04787,0.04874,3390974.5
2026-09-03 15:00:00+00:00,0.04874,0.04964,0.04839,0.04942,13809418.7
2026-09-03 16:00:00+00:00,0.04943,0.0495,0.0488,0.04906,5054020.6
2026-09-03 17:00:00+00:00,0.04906,0.04933,0.04894,0.049,3401713.6
2026-09-03 18:00:00+00:00,0.04901,0.04952,0.04899,0.04942,1963949.1
2026-09-03 19:00:00+00:00,0.04942,0.04971,0.04925,0.04958,4272771.1
2026-09-03 20:00:00+00:00,0.04954,0.04975,0.0493,0.04968,2292842.6
2026-09-03 21:00:00+00:00,0.04967,0.04991,0.04964,0.04971,3155424.1
2026-09-03 22:00:00+00:00,0.04972,0.04974,0.04901,0.04907,2794914.4
2026-09-03 23:00:00+00:00,0.04907,0.0494,0.04891,0.04927,1141874.5
2026-09-04 00:00:00+00:00,0.04929,0.04942,0.04889,0.0489,2408979.9
2026-09-04 01:00:00+00:00,0.04892,0.04901,0.04851,0.04855,2730549.1
2026-09-04 02:00:00+00:00,0.04857,0.04875,0.04846,0.04864,1819686.0
2026-09-04 03:00:00+00:00,0.04864,0.04876,0.04853,0.04866,894833.4
2026-09-04 04:00:00+00:00,0.04866,0.04905,0.04856,0.04864,978778.1
2026-09-04 05:00:00+00:00,0.04863,0.04892,0.0481,0.04819,3309675.5
2026-09-04 06:00:00+00:00,0.04818,0.04828,0.04779,0.04784,3045359.1
2026-09-04 07:00:00+00:00,0.04785,0.04807,0.0478,0.04786,1641594.9
2026-09-04 08:00:00+00:00,0.04787,0.04868,0.04775,0.04862,3036510.5
2026-09-04 09:00:00+00:00,0.04861,0.04906,0.04852,0.04863,2797838.2
2026-09-04 10:00:00+00:00,0.04863,0.04871,0.04834,0.04856,1190969.0
2026-09-04 11:00:00+00:00,0.04855,0.04869,0.04848,0.04853,899004.4
2026-09-04 12:00:00+00:00,0.04854,0.04878,0.04675,0.04702,18748677.4
2026-09-04 13:00:00+00:00,0.04702,0.04733,0.0468,0.04702,4933227.9
2026-09-04 14:00:00+00:00,0.04701,0.04708,0.04646,0.04671,6982743.3
2026-09-04 15:00:00+00:00,0.04672,0.04704,0.0466,0.04695,3345567.6
2026-09-04 16:00:00+00:00,0.04694,0.04721,0.04681,0.04714,1842674.5
2026-09-04 17:00:00+00:00,0.04714,0.04714,0.04668,0.0467,1396494.2
2026-09-04 18:00:00+00:00,0.0467,0.04717,0.0467,0.04704,1093496.6
2026-09-04 19:00:00+00:00,0.04707,0.04732,0.047,0.04715,1287228.1
2026-09-04 20:00:00+00:00,0.04718,0.04727,0.047,0.04701,1983670.1
2026-09-04 21:00:00+00:00,0.04701,0.04703,0.04667,0.04667,2841163.3
2026-09-04 22:00:00+00:00,0.04673,0.04679,0.04659,0.04659,852898.1
2026-09-04 23:00:00+00:00,0.0466,0.0469,0.04657,0.04687,3179420.8
2026-09-05 00:00:00+00:00,0.04685,0.04714,0.04678,0.04704,814263.3
2026-09-05 01:00:00+00:00,0.04704,0.04735,0.04692,0.04692,1660806.3
2026-09-05 02:00:00+00:00,0.04692,0.04699,0.04673,0.04684,1183825.6
2026-09-05 03:00:00+00:00,0.04681,0.04707,0.04671,0.04691,1105221.1
2026-09-05 04:00:00+00:00,0.04691,0.04701,0.04679,0.04692,833497.9
2026-09-05 05:00:00+00:00,0.04694,0.04712,0.04681,0.04704,1583031.1
2026-09-05 06:00:00+00:00,0.04705,0.04799,0.04705,0.04793,4594585.8
2026-09-05 07:00:00+00:00,0.04793,0.0481,0.04761,0.04771,3260215.9
2026-09-05 08:00:00+00:00,0.0477,0.048,0.04753,0.04766,3242368.4
2026-09-05 09:00:00+00:00,0.04767,0.04792,0.04764,0.04767,1919342.9
2026-09-05 10:00:00+00:00,0.04766,0.04811,0.04763,0.048,2686455.0
2026-09-05 11:00:00+00:00,0.04802,0.04806,0.04772,0.04783,2356545.3
2026-09-05 12:00:00+00:00,0.04784,0.04839,0.04781,0.04838,3662745.6
2026-09-05 13:00:00+00:00,0.04837,0.0485,0.04811,0.04814,3508952.3
2026-09-05 14:00:00+00:00,0.04815,0.04831,0.04802,0.04811,2493403.4
2026-09-05 15:00:00+00:00,0.04811,0.04851,0.048,0.0481,2873219.0
2026-09-05 16:00:00+00:00,0.04812,0.04815,0.04775,0.04803,2078339.9
2026-09-05 17:00:00+00:00,0.04804,0.04816,0.04781,0.0481,986346.6
2026-09-05 18:00:00+00:00,0.04812,0.04813,0.04767,0.04767,2200234.9
2026-09-05 19:00:00+00:00,0.04767,0.04795,0.0475,0.04753,3582113.0
2026-09-05 20:00:00+00:00,0.04756,0.04773,0.04739,0.04742,4021950.5
2026-09-05 21:00:00+00:00,0.04744,0.04795,0.04736,0.04787,2615612.4
2026-09-05 22:00:00+00:00,0.04788,0.04799,0.04762,0.04798,2881018.5
2026-09-05 23:00:00+00:00,0.04797,0.04814,0.04771,0.04777,2316641.9
2026-09-06 00:00:00+00:00,0.04776,0.04868,0.04771,0.04853,3962580.1
2026-09-06 01:00:00+00:00,0.04854,0.04901,0.04847,0.04882,5220987.2
2026-09-06 02:00:00+00:00,0.04883,0.04899,0.04833,0.04851,2925228.4
2026-09-06 03:00:00+00:00,0.04852,0.04879,0.0483,0.04851,1875266.6
2026-09-06 04:00:00+00:00,0.04852,0.04859,0.0481,0.04824,2008563.6
2026-09-06 05:00:00+00:00,0.04825,0.04848,0.04811,0.04823,2120369.4
2026-09-06 06:00:00+00:00,0.04824,0.04838,0.04807,0.04815,2174893.4
2026-09-06 07:00:00+00:00,0.04815,0.04841,0.0478,0.04828,3107014.7
2026-09-06 08:00:00+00:00,0.04827,0.04845,0.04798,0.04818,1428725.3
2026-09-06 09:00:00+00:00,0.04817,0.04879,0.04812,0.04852,2933646.4
2026-09-06 10:00:00+00:00,0.04853,0.04886,0.04851,0.04877,1553664.9
2026-09-06 11:00:00+00:00,0.04878,0.04924,0.0487,0.04886,5622666.1
2026-09-06 12:00:00+00:00,0.04886,0.0492,0.04874,0.04881,3795675.6
2026-09-06 13:00:00+00:00,0.04885,0.04923,0.04856,0.04867,4499182.8
2026-09-06 14:00:00+00:00,0.04865,0.0487,0.04739,0.04762,8438769.2
2026-09-06 15:00:00+00:00,0.04764,0.04801,0.04748,0.04795,2465846.2
2026-09-06 16:00:00+00:00,0.04796,0.04814,0.04779,0.04812,1701994.7
2026-09-06 17:00:00+00:00,0.04812,0.04814,0.04784,0.04798,2068226.5
2026-09-06 18:00:00+00:00,0.04799,0.04824,0.04795,0.04819,1453175.9
2026-09-06 19:00:00+00:00,0.0482,0.04832,0.04804,0.04824,2211367.5
2026-09-06 20:00:00+00:00,0.04823,0.04884,0.04819,0.0488,3537960.0
2026-09-06 21:00:00+00:00,0.04881,0.04968,0.04869,0.04949,7726288.3
2026-09-06 22:00:00+00:00,0.04953,0.04965,0.04867,0.049,4932132.6
2026-09-06 23:00:00+00:00,0.04902,0.04942,0.04893,0.04942,1831691.1
2026-09-07 00:00:00+00:00,0.04942,0.05015,0.04925,0.04937,11035699.0
2026-09-07 01:00:00+00:00,0.04938,0.04943,0.04844,0.04851,4471207.9
2026-09-07 02:00:00+00:00,0.04851,0.0491,0.04823,0.04877,3822749.9
2026-09-07 03:00:00+00:00,0.04878,0.049,0.04841,0.0485,2398715.3
2026-09-07 04:00:00+00:00,0.0485,0.04884,0.04842,0.0488,2597126.5
2026-09-07 05:00:00+00:00,0.04881,0.04929,0.04874,0.04893,2298997.0
2026-09-07 06:00:00+00:00,0.04893,0.04922,0.04882,0.04911,1725859.2
2026-09-07 07:00:00+00:00,0.04911,0.0493,0.04834,0.04855,3776566.8
2026-09-07 08:00:00+00:00,0.04856,0.04927,0.04851,0.04915,2812400.4
2026-09-07 09:00:00+00:00,0.04919,0.0494,0.04875,0.04875,3175741.2
2026-09-07 10:00:00+00:00,0.04879,0.04911,0.04876,0.04897,1629219.8
2026-09-07 11:00:00+00:00,0.049,0.04903,0.04851,0.04861,2309315.7
2026-09-07 12:00:00+00:00,0.04863,0.05053,0.04863,0.05051,10567379.6
2026-09-07 13:00:00+00:00,0.05052,0.05095,0.04926,0.04979,13086421.3
2026-09-07 14:00:00+00:00,0.04978,0.04989,0.04885,0.0495,9293978.3
2026-09-07 15:00:00+00:00,0.0495,0.04955,0.0485,0.04869,11815703.8
2026-09-07 16:00:00+00:00,0.0487,0.04946,0.04866,0.04925,3825335.9
2026-09-07 17:00:00+00:00,0.04925,0.04947,0.04916,0.04917,3043031.8
2026-09-07 18:00:00+00:00,0.04917,0.04921,0.04865,0.04874,2268496.0
2026-09-07 19:00:00+00:00,0.04873,0.0492,0.04865,0.04917,1418351.2
2026-09-07 20:00:00+00:00,0.04916,0.04928,0.0488,0.04914,3113538.2
2026-09-07 21:00:00+00:00,0.04914,0.04948,0.04905,0.04905,1936280.5
2026-09-07 22:00:00+00:00,0.04905,0.04912,0.04834,0.04861,4598669.5
2026-09-07 23:00:00+00:00,0.04862,0.04911,0.04862,0.04893,2501364.0
2026-09-08 00:00:00+00:00,0.0489,0.04957,0.04883,0.04946,5197292.8
2026-09-08 01:00:00+00:00,0.04946,0.04983,0.04935,0.04981,2510537.4
2026-09-08 02:00:00+00:00,0.0498,0.05004,0.04925,0.04926,3902306.8
2026-09-08 03:00:00+00:00,0.04924,0.04951,0.04911,0.04912,2965026.2
2026-09-08 04:00:00+00:00,0.04911,0.04912,0.04851,0.04852,3440034.2
2026-09-08 05:00:00+00:00,0.04851,0.04909,0.04845,0.04882,3652137.8
2026-09-08 06:00:00+00:00,0.04882,0.04882,0.04835,0.04845,3656855.8
2026-09-08 07:00:00+00:00,0.04844,0.04875,0.04835,0.04843,2677781.9
2026-09-08 08:00:00+00:00,0.04842,0.04866,0.04797,0.04854,5589599.0
2026-09-08 09:00:00+00:00,0.04854,0.04948,0.04851,0.0494,3320846.6
2026-09-08 10:00:00+00:00,0.04942,0.05026,0.0494,0.04961,6647712.1
2026-09-08 11:00:00+00:00,0.0496,0.04965,0.04906,0.04919,4887343.9
2026-09-08 12:00:00+00:00,0.04918,0.05004,0.04889,0.04997,4405963.4
2026-09-08 13:00:00+00:00,0.04999,0.05008,0.04867,0.04923,6117480.5
2026-09-08 14:00:00+00:00,0.04924,0.05077,0.04917,0.05071,10609825.1
2026-09-08 15:00:00+00:00,0.05071,0.0517,0.05052,0.05142,23475312.9
2026-09-08 16:00:00+00:00,0.05142,0.05148,0.05026,0.05033,9442358.4
2026-09-08 17:00:00+00:00,0.05033,0.0505,0.04997,0.04999,4034987.0
2026-09-08 18:00:00+00:00,0.04999,0.05038,0.0495,0.04966,4870358.3
2026-09-08 19:00:00+00:00,0.04967,0.04987,0.04934,0.04952,5288627.7
2026-09-08 20:00:00+00:00,0.04953,0.05025,0.04951,0.04974,3850288.5
2026-09-08 21:00:00+00:00,0.04975,0.05004,0.04932,0.04941,1966263.5
2026-09-08 22:00:00+00:00,0.04941,0.04986,0.04939,0.04945,2575828.7
2026-09-08 23:00:00+00:00,0.04945,0.04963,0.04935,0.04953,1785000.3
2026-09-09 00:00:00+00:00,0.04954,0.04983,0.04936,0.04946,2404713.6
2026-09-09 01:00:00+00:00,0.04947,0.05015,0.04933,0.04996,3638835.7
2026-09-09 02:00:00+00:00,0.04995,0.0502,0.04962,0.04976,3543850.4
2026-09-09 03:00:00+00:00,0.04975,0.04978,0.04935,0.04954,3208843.8
2026-09-09 04:00:00+00:00,0.04955,0.05111,0.04954,0.05108,6358826.0
2026-09-09 05:00:00+00:00,0.05109,0.05146,0.05088,0.05099,12211948.0
2026-09-09 06:00:00+00:00,0.051,0.05152,0.05091,0.05102,6923438.5
2026-09-09 07:00:00+00:00,0.05102,0.05129,0.05065,0.05089,3496994.2
2026-09-09 08:00:00+00:00,0.0509,0.05107,0.05041,0.0505,3347857.0
2026-09-09 09:00:00+00:00,0.05051,0.05053,0.04948,0.04951,4633842.0
2026-09-09 10:00:00+00:00,0.04952,0.04983,0.04941,0.04967,4023872.7
2026-09-09 11:00:00+00:00,0.04968,0.05013,0.04933,0.05001,3934689.3
2026-09-09 12:00:00+00:00,0.05002,0.05022,0.04964,0.05005,4308348.7
2026-09-09 13:00:00+00:00,0.05006,0.05059,0.0497,0.04991,5494762.8
2026-09-09 14:00:00+00:00,0.04992,0.05024,0.04963,0.04977,5084472.5
2026-09-09 15:00:00+00:00,0.04977,0.05014,0.0485,0.04913,16100610.3
2026-09-09 16:00:00+00:00,0.04913,0.0493,0.0487,0.04892,8615053.9
2026-09-09 17:00:00+00:00,0.04892,0.04919,0.0489,0.04905,2896702.9
2026-09-09 18:00:00+00:00,0.04906,0.0493,0.04886,0.04891,1704612.5
2026-09-09 19:00:00+00:00,0.04893,0.04902,0.04821,0.04833,4971597.1
2026-09-09 20:00:00+00:00,0.04833,0.04875,0.04804,0.04825,4613553.1
2026-09-09 21:00:00+00:00,0.04826,0.04826,0.0474,0.04756,7650071.2
2026-09-09 22:00:00+00:00,0.04758,0.04768,0.04664,0.04694,11533416.1
2026-09-09 23:00:00+00:00,0.04694,0.04749,0.04693,0.04736,3311751.7
2026-09-10 00:00:00+00:00,0.04736,0.04741,0.0467,0.04677,4223002.6
2026-09-10 01:00:00+00:00,0.04677,0.04718,0.04653,0.04694,4335085.7
2026-09-10 02:00:00+00:00,0.04695,0.04708,0.04666,0.04704,2743526.7
2026-09-10 03:00:00+00:00,0.04706,0.04728,0.047,0.04721,2060300.2
2026-09-10 04:00:00+00:00,0.04721,0.04731,0.04706,0.04716,1124871.2
2026-09-10 05:00:00+00:00,0.04714,0.04728,0.04694,0.04699,2416419.8
2026-09-10 06:00:00+00:00,0.04698,0.04699,0.0466,0.04685,3825933.7
2026-09-10 07:00:00+00:00,0.04685,0.04685,0.04635,0.04647,8394938.5
2026-09-10 08:00:00+00:00,0.04647,0.04661,0.04621,0.04627,9074910.7
2026-09-10 09:00:00+00:00,0.04626,0.04634,0.04596,0.04602,5462818.1
2026-09-10 10:00:00+00:00,0.04602,0.04624,0.04591,0.046,3475163.8
2026-09-10 11:00:00+00:00,0.04599,0.04632,0.04585,0.04594,4308700.2
2026-09-10 12:00:00+00:00,0.04595,0.04613,0.04494,0.04517,13950116.1
2026-09-10 13:00:00+00:00,0.04517,0.04564,0.0451,0.04549,5471001.2
2026-09-10 14:00:00+00:00,0.04551,0.04577,0.04518,0.04539,4620748.7
2026-09-10 15:00:00+00:00,0.0454,0.04549,0.0451,0.04519,3808387.6
2026-09-10 16:00:00+00:00,0.04519,0.04523,0.04429,0.04473,12487553.9
2026-09-10 17:00:00+00:00,0.04473,0.0452,0.04464,0.04509,7232781.4
2026-09-10 18:00:00+00:00,0.04509,0.04511,0.0446,0.04483,2649779.0
2026-09-10 19:00:00+00:00,0.04483,0.04484,0.0445,0.04452,2338968.5
2026-09-10 20:00:00+00:00,0.04452,0.0449,0.04451,0.0448,1364600.3
2026-09-10 21:00:00+00:00,0.0448,0.04493,0.04455,0.04462,1493478.0
2026-09-10 22:00:00+00:00,0.04462,0.0448,0.04437,0.04438,1706289.6
2026-09-10 23:00:00+00:00,0.04438,0.04445,0.04406,0.04429,4695939.5
2026-09-11 00:00:00+00:00,0.0443,0.04455,0.04426,0.0445,2236232.4
2026-09-11 01:00:00+00:00,0.04449,0.04474,0.04408,0.04443,2452814.6
2026-09-11 02:00:00+00:00,0.04443,0.04443,0.04413,0.04433,1783916.9
2026-09-11 03:00:00+00:00,0.04432,0.04462,0.04415,0.04448,1364002.0
2026-09-11 04:00:00+00:00,0.04448,0.04483,0.04447,0.04473,1264343.2
2026-09-11 05:00:00+00:00,0.04473,0.04479,0.04462,0.04473,1425005.1
2026-09-11 06:00:00+00:00,0.04473,0.04483,0.0445,0.04476,2708652.4
2026-09-11 07:00:00+00:00,0.04476,0.04501,0.0444,0.04463,10232413.7
2026-09-11 08:00:00+00:00,0.04462,0.04492,0.04454,0.04471,1747058.4
2026-09-11 09:00:00+00:00,0.0447,0.0447,0.04416,0.04428,1873767.2
2026-09-11 10:00:00+00:00,0.04426,0.04443,0.04403,0.04413,3051691.8
2026-09-11 11:00:00+00:00,0.04412,0.04418,0.04372,0.04398,5670193.1
2026-09-11 12:00:00+00:00,0.04399,0.04494,0.04349,0.04476,8288107.3
2026-09-11 13:00:00+00:00,0.04478,0.0459,0.04444,0.04586,7638057.1
2026-09-11 14:00:00+00:00,0.04587,0.04613,0.04521,0.04553,7811358.7
2026-09-11 15:00:00+00:00,0.04552,0.04583,0.04474,0.0449,6231558.6
2026-09-11 16:00:00+00:00,0.04489,0.04531,0.04482,0.04497,5566970.2
2026-09-11 17:00:00+00:00,0.04499,0.0452,0.04456,0.04463,4684057.9
2026-09-11 18:00:00+00:00,0.04462,0.04468,0.04399,0.04407,4075972.5
2026-09-11 19:00:00+00:00,0.04409,0.04464,0.04397,0.04459,1996997.3
2026-09-11 20:00:00+00:00,0.04459,0.04477,0.04432,0.04443,2225819.0
2026-09-11 21:00:00+00:00,0.04442,0.04461,0.04408,0.04412,1014995.4
2026-09-11 22:00:00+00:00,0.04412,0.04436,0.04397,0.0441,2219792.0
2026-09-11 23:00:00+00:00,0.0441,0.04456,0.04409,0.04456,763919.8
2026-09-12 00:00:00+00:00,0.04455,0.04465,0.04434,0.04461,1236467.4
2026-09-12 01:00:00+00:00,0.0446,0.04495,0.04457,0.04479,2826577.5
2026-09-12 02:00:00+00:00,0.0448,0.04498,0.04473,0.04481,1242328.8
2026-09-12 03:00:00+00:00,0.0448,0.04492,0.0447,0.04475,2024945.0
2026-09-12 04:00:00+00:00,0.04474,0.04479,0.04465,0.04465,968559.6
2026-09-12 05:00:00+00:00,0.04465,0.04486,0.04458,0.04461,1764081.4
2026-09-12 06:00:00+00:00,0.0446,0.04477,0.04452,0.04465,764869.0
2026-09-12 07:00:00+00:00,0.04465,0.04493,0.04465,0.04487,626955.1
2026-09-12 08:00:00+00:00,0.04487,0.04514,0.04485,0.04492,833666.0
2026-09-12 09:00:00+00:00,0.04492,0.04498,0.04478,0.04489,1598950.8
2026-09-12 10:00:00+00:00,0.04488,0.04511,0.04484,0.04488,756077.3
2026-09-12 11:00:00+00:00,0.04488,0.04505,0.0448,0.04505,1088475.2
2026-09-12 12:00:00+00:00,0.04505,0.04522,0.04498,0.04499,1882439.3
2026-09-12 13:00:00+00:00,0.04499,0.04505,0.04477,0.04483,1528222.6
2026-09-12 14:00:00+00:00,0.04484,0.045,0.04481,0.04484,1315669.0
2026-09-12 15:00:00+00:00,0.04485,0.04504,0.04483,0.04491,1551172.7
2026-09-12 16:00:00+00:00,0.04491,0.04498,0.04473,0.04476,830177.4
2026-09-12 17:00:00+00:00,0.04477,0.04485,0.04462,0.04474,2566902.2
2026-09-12 18:00:00+00:00,0.04474,0.0449,0.04445,0.04455,9020257.8
2026-09-12 19:00:00+00:00,0.04455,0.04471,0.0445,0.04452,936947.4
2026-09-12 20:00:00+00:00,0.04452,0.04476,0.04448,0.04463,1574373.3
2026-09-12 21:00:00+00:00,0.04462,0.04475,0.04451,0.04452,1769278.7
2026-09-12 22:00:00+00:00,0.04453,0.04465,0.04443,0.04444,1425917.2
2026-09-12 23:00:00+00:00,0.04443,0.04456,0.04433,0.04442,921440.6
2026-09-13 00:00:00+00:00,0.04444,0.04457,0.04434,0.04437,1095246.4
2026-09-13 01:00:00+00:00,0.04438,0.04457,0.04429,0.0445,1979709.8
2026-09-13 02:00:00+00:00,0.04451,0.04459,0.04433,0.04458,1693528.5
2026-09-13 03:00:00+00:00,0.04458,0.04471,0.04444,0.04454,2717492.8
2026-09-13 04:00:00+00:00,0.04455,0.04479,0.04454,0.04474,1235505.9
2026-09-13 05:00:00+00:00,0.04474,0.04496,0.04474,0.04479,928948.0
2026-09-13 06:00:00+00:00,0.0448,0.04497,0.04461,0.04465,1426628.0
2026-09-13 07:00:00+00:00,0.04466,0.04479,0.04454,0.04457,1920132.1
2026-09-13 08:00:00+00:00,0.04458,0.04461,0.04397,0.04405,3119870.3
2026-09-13 09:00:00+00:00,0.04406,0.04441,0.04396,0.04438,1014915.4
2026-09-13 10:00:00+00:00,0.04439,0.04445,0.0442,0.04429,869453.1
2026-09-13 11:00:00+00:00,0.04431,0.04443,0.04423,0.04434,957790.2
2026-09-13 12:00:00+00:00,0.04435,0.04472,0.04421,0.04472,1754553.7
2026-09-13 13:00:00+00:00,0.04472,0.0451,0.0444,0.04508,5237871.6
2026-09-13 14:00:00+00:00,0.04508,0.04557,0.04505,0.04535,5263348.3
2026-09-13 15:00:00+00:00,0.04538,0.0454,0.045,0.04508,2407240.4
2026-09-13 16:00:00+00:00,0.04509,0.04537,0.04505,0.04532,1760779.7
2026-09-13 17:00:00+00:00,0.04533,0.04562,0.04528,0.04546,2148293.6
2026-09-13 18:00:00+00:00,0.04547,0.0457,0.04541,0.04546,1241424.9
2026-09-13 19:00:00+00:00,0.04547,0.04547,0.04513,0.04518,803787.2
2026-09-13 20:00:00+00:00,0.04518,0.04544,0.04518,0.04534,1826892.0
2026-09-13 21:00:00+00:00,0.04535,0.04537,0.04502,0.04507,1179254.1
2026-09-13 22:00:00+00:00,0.04506,0.04506,0.04402,0.0442,3104930.7
2026-09-13 23:00:00+00:00,0.04421,0.04454,0.04421,0.04439,1550844.5
2026-09-14 00:00:00+00:00,0.04439,0.04478,0.04419,0.04467,2852967.3
2026-09-14 01:00:00+00:00,0.04467,0.04481,0.04439,0.04477,1093437.9
2026-09-14 02:00:00+00:00,0.04478,0.04511,0.0447,0.04496,1597361.2
2026-09-14 03:00:00+00:00,0.04496,0.04519,0.0448,0.0449,1227686.3
2026-09-14 04:00:00+00:00,0.0449,0.04501,0.04477,0.0448,1420030.2
2026-09-14 05:00:00+00:00,0.04481,0.0449,0.04474,0.04484,897933.3
2026-09-14 06:00:00+00:00,0.04484,0.04523,0.04482,0.0449,1365102.6
2026-09-14 07:00:00+00:00,0.04489,0.04504,0.04474,0.04489,1378879.4
2026-09-14 08:00:00+00:00,0.0449,0.04493,0.04462,0.04474,2206311.4
2026-09-14 09:00:00+00:00,0.04474,0.04513,0.04453,0.0448,2427084.5
2026-09-14 10:00:00+00:00,0.04482,0.04487,0.04469,0.04473,1691433.3
2026-09-14 11:00:00+00:00,0.04474,0.04497,0.04463,0.04479,1270836.5
2026-09-14 12:00:00+00:00,0.04478,0.04493,0.04455,0.04459,1406655.5
2026-09-14 13:00:00+00:00,0.04457,0.04489,0.0443,0.04455,4049979.2
2026-09-14 14:00:00+00:00,0.04454,0.04483,0.04432,0.04443,3051408.0
2026-09-14 15:00:00+00:00,0.04441,0.04462,0.04423,0.04452,2599216.0
2026-09-14 16:00:00+00:00,0.04452,0.04495,0.04442,0.04481,2370794.3
2026-09-14 17:00:00+00:00,0.0448,0.04518,0.04477,0.04509,2863007.4
2026-09-14 18:00:00+00:00,0.04509,0.04536,0.04499,0.04509,3593350.8
2026-09-14 19:00:00+00:00,0.04508,0.0451,0.04479,0.04492,3040802.8
2026-09-14 20:00:00+00:00,0.04492,0.04556,0.0449,0.04519,4701981.2
2026-09-14 21:00:00+00:00,0.0452,0.0452,0.0446,0.04474,4179575.1
2026-09-14 22:00:00+00:00,0.04474,0.04481,0.04447,0.04457,3316179.8
2026-09-14 23:00:00+00:00,0.04458,0.04465,0.04444,0.04462,867933.7
2026-09-15 00:00:00+00:00,0.04463,0.0448,0.04458,0.04462,1481959.6
2026-09-15 01:00:00+00:00,0.04462,0.04465,0.04435,0.04439,1517888.0
2026-09-15 02:00:00+00:00,0.04438,0.04442,0.04429,0.04438,1527629.2
2026-09-15 03:00:00+00:00,0.04438,0.04438,0.04401,0.04413,2553694.3
2026-09-15 04:00:00+00:00,0.04413,0.04424,0.04399,0.04413,1985662.0
2026-09-15 05:00:00+00:00,0.04413,0.04425,0.0439,0.04415,3706200.5
2026-09-15 06:00:00+00:00,0.04415,0.04421,0.04381,0.04389,2033199.9
2026-09-15 07:00:00+00:00,0.04389,0.04399,0.04368,0.04374,3469065.8
2026-09-15 08:00:00+00:00,0.04375,0.04392,0.04358,0.04386,2108956.9
2026-09-15 09:00:00+00:00,0.04386,0.04386,0.04347,0.0437,4965992.0
2026-09-15 10:00:00+00:00,0.0437,0.04381,0.04367,0.04377,1323928.3
2026-09-15 11:00:00+00:00,0.04376,0.04381,0.04332,0.04351,2536513.6
2026-09-15 12:00:00+00:00,0.04351,0.0439,0.04348,0.04374,1352662.7
2026-09-15 13:00:00+00:00,0.04375,0.04396,0.04334,0.04365,2395692.8
2026-09-15 14:00:00+00:00,0.04368,0.04375,0.04272,0.04305,7678826.8
2026-09-15 15:00:00+00:00,0.04304,0.04353,0.04299,0.04323,2030717.7
2026-09-15 16:00:00+00:00,0.04323,0.04336,0.043,0.04321,1735097.3
2026-09-15 17:00:00+00:00,0.04321,0.04363,0.04302,0.04341,1659694.6
2026-09-15 18:00:00+00:00,0.04341,0.04348,0.04153,0.0426,19681643.6
2026-09-15 19:00:00+00:00,0.04258,0.0427,0.04228,0.04251,3014833.1
2026-09-15 20:00:00+00:00,0.04252,0.04259,0.04186,0.04208,4707861.1
2026-09-15 21:00:00+00:00,0.04208,0.0421,0.04164,0.04169,2853694.9
2026-09-15 22:00:00+00:00,0.04169,0.04209,0.04167,0.04199,2191856.9
2026-09-15 23:00:00+00:00,0.042,0.04226,0.042,0.04208,1050749.9
2026-09-16 00:00:00+00:00,0.04209,0.04216,0.04186,0.04192,899401.7
2026-09-16 01:00:00+00:00,0.04191,0.04208,0.04165,0.04169,1141585.2
2026-09-16 02:00:00+00:00,0.04169,0.04222,0.04169,0.04207,1900031.1
2026-09-16 03:00:00+00:00,0.04206,0.04227,0.04192,0.04201,1232908.3
2026-09-16 04:00:00+00:00,0.04202,0.04248,0.04202,0.04223,1751148.6
2026-09-16 05:00:00+00:00,0.04224,0.04226,0.04202,0.04217,1061561.3
2026-09-16 06:00:00+00:00,0.04218,0.04223,0.04195,0.04215,1214680.8
2026-09-16 07:00:00+00:00,0.04214,0.04228,0.0418,0.04182,1195167.8
2026-09-16 08:00:00+00:00,0.04183,0.04184,0.04163,0.04172,1839272.0
2026-09-16 09:00:00+00:00,0.04174,0.04195,0.04168,0.04189,1079843.9
2026-09-16 10:00:00+00:00,0.04189,0.04192,0.04173,0.04185,1356715.1
2026-09-16 11:00:00+00:00,0.04186,0.04214,0.04172,0.042,1385889.5
2026-09-16 12:00:00+00:00,0.04199,0.04204,0.04168,0.04175,792081.5
2026-09-16 13:00:00+00:00,0.04176,0.04191,0.04149,0.04169,2820369.7
2026-09-16 14:00:00+00:00,0.04167,0.04167,0.0413,0.04139,5561147.3
2026-09-16 15:00:00+00:00,0.04139,0.04161,0.04131,0.04134,1070585.0
2026-09-16 16:00:00+00:00,0.04134,0.04166,0.04134,0.0416,1463375.7
2026-09-16 17:00:00+00:00,0.04158,0.04164,0.04117,0.04153,2845196.5
2026-09-16 18:00:00+00:00,0.04152,0.0424,0.04129,0.04186,5900914.6
2026-09-16 19:00:00+00:00,0.04187,0.04224,0.0416,0.04218,2802493.6
2026-09-16 20:00:00+00:00,0.04218,0.04289,0.04213,0.04289,4488184.9
2026-09-16 21:00:00+00:00,0.04286,0.04295,0.04261,0.04275,2090387.2
2026-09-16 22:00:00+00:00,0.04276,0.0428,0.04243,0.04256,1273226.4
2026-09-16 23:00:00+00:00,0.04256,0.04321,0.0425,0.04314,3694226.9
2026-09-17 00:00:00+00:00,0.04315,0.04329,0.04304,0.04304,3311700.2
2026-09-17 01:00:00+00:00,0.04304,0.04344,0.04294,0.0433,2139571.0
2026-09-17 02:00:00+00:00,0.0433,0.04334,0.04286,0.04309,1890099.5
2026-09-17 03:00:00+00:00,0.04309,0.04324,0.04303,0.04319,1308415.8
2026-09-17 04:00:00+00:00,0.04319,0.04327,0.04296,0.0432,1218732.9
2026-09-17 05:00:00+00:00,0.04318,0.04331,0.04313,0.04317,698931.5
2026-09-17 06:00:00+00:00,0.04317,0.04334,0.04306,0.04324,1267838.4
2026-09-17 07:00:00+00:00,0.04325,0.0434,0.04324,0.0433,2814852.9
2026-09-17 08:00:00+00:00,0.0433,0.04357,0.04325,0.04354,1624679.7
2026-09-17 09:00:00+00:00,0.04354,0.04402,0.04347,0.04347,4831416.5
2026-09-17 10:00:00+00:00,0.04346,0.0435,0.04331,0.04349,834778.0
2026-09-17 11:00:00+00:00,0.04348,0.04362,0.04332,0.04353,890297.2
2026-09-17 12:00:00+00:00,0.04354,0.04379,0.04343,0.04349,2191842.5
2026-09-17 13:00:00+00:00,0.04349,0.04359,0.04317,0.04355,1221945.7
2026-09-17 14:00:00+00:00,0.04357,0.04393,0.04341,0.04358,2764064.3
2026-09-17 15:00:00+00:00,0.04356,0.04393,0.04346,0.04385,1326224.6
2026-09-17 16:00:00+00:00,0.04389,0.04409,0.04379,0.04409,1629939.7
2026-09-17 17:00:00+00:00,0.04409,0.04425,0.04402,0.04405,2184844.5
2026-09-17 18:00:00+00:00,0.04406,0.04407,0.04371,0.04379,1426789.7
2026-09-17 19:00:00+00:00,0.04379,0.04389,0.04367,0.04378,849957.1
2026-09-17 20:00:00+00:00,0.04378,0.04392,0.04376,0.04387,720830.3
2026-09-17 21:00:00+00:00,0.04386,0.04392,0.04366,0.04373,1078764.9
2026-09-17 22:00:00+00:00,0.04372,0.04381,0.0435,0.04381,1802746.0
2026-09-17 23:00:00+00:00,0.04381,0.04416,0.04377,0.04407,1824189.5
2026-09-18 00:00:00+00:00,0.04407,0.04455,0.04404,0.04451,3835252.6
2026-09-18 01:00:00+00:00,0.04452,0.04494,0.04451,0.04494,7554791.6
2026-09-18 02:00:00+00:00,0.04494,0.04509,0.0448,0.04508,5149124.5
2026-09-18 03:00:00+00:00,0.04508,0.04626,0.04508,0.04616,23194878.0
2026-09-18 04:00:00+00:00,0.04617,0.0466,0.04605,0.04655,9321926.1
2026-09-18 05:00:00+00:00,0.04656,0.04657,0.04602,0.04605,5268140.7
2026-09-18 06:00:00+00:00,0.04606,0.0469,0.04606,0.04665,8999206.8
2026-09-18 07:00:00+00:00,0.04665,0.04696,0.04656,0.04682,4749052.0
2026-09-18 08:00:00+00:00,0.04681,0.04702,0.04667,0.04693,3012773.0
2026-09-18 09:00:00+00:00,0.04693,0.04723,0.04684,0.04715,7153651.3
2026-09-18 10:00:00+00:00,0.04715,0.04743,0.04702,0.04705,6581159.5
2026-09-18 11:00:00+00:00,0.04705,0.04712,0.04645,0.04701,8396724.6
2026-09-18 12:00:00+00:00,0.04702,0.04739,0.04686,0.0473,6020206.7
2026-09-18 13:00:00+00:00,0.0473,0.04758,0.04696,0.04726,9640148.3
2026-09-18 14:00:00+00:00,0.04726,0.04766,0.04723,0.04753,9239380.4
2026-09-18 15:00:00+00:00,0.04754,0.04764,0.04706,0.04751,6625847.9
2026-09-18 16:00:00+00:00,0.04752,0.04766,0.04726,0.04733,3960331.1
2026-09-18 17:00:00+00:00,0.04733,0.04778,0.04719,0.04766,4526793.9
2026-09-18 18:00:00+00:00,0.04766,0.04778,0.04746,0.04763,2448842.8
2026-09-18 19:00:00+00:00,0.04764,0.04804,0.04761,0.04801,4236158.0
2026-09-18 20:00:00+00:00,0.04802,0.04808,0.0478,0.04795,3135595.8
2026-09-18 21:00:00+00:00,0.04793,0.04824,0.04789,0.04816,3929774.7
2026-09-18 22:00:00+00:00,0.04817,0.04825,0.04789,0.04808,3400715.0
2026-09-18 23:00:00+00:00,0.04809,0.04833,0.04796,0.04809,5206368.1
2026-09-19 00:00:00+00:00,0.04811,0.04838,0.04778,0.04786,4806306.6
2026-09-19 01:00:00+00:00,0.04787,0.04804,0.04737,0.04801,2952288.8
2026-09-19 02:00:00+00:00,0.04802,0.04867,0.04801,0.0486,3866871.8
2026-09-19 03:00:00+00:00,0.0486,0.04864,0.04811,0.04852,3195336.3
2026-09-19 04:00:00+00:00,0.04852,0.04871,0.04791,0.0481,3798192.1
2026-09-19 05:00:00+00:00,0.0481,0.04823,0.04773,0.04779,4188941.3
2026-09-19 06:00:00+00:00,0.0478,0.04784,0.04742,0.04772,2750510.1
2026-09-19 07:00:00+00:00,0.04772,0.0478,0.04736,0.04738,1920922.5
2026-09-19 08:00:00+00:00,0.04739,0.04796,0.04728,0.04793,2636544.1
2026-09-19 09:00:00+00:00,0.04793,0.04828,0.04792,0.04822,3293832.7
2026-09-19 10:00:00+00:00,0.04822,0.04878,0.048,0.0486,5854299.2
2026-09-19 11:00:00+00:00,0.04861,0.04939,0.04857,0.04925,13418582.4
2026-09-19 12:00:00+00:00,0.04926,0.04968,0.049,0.04934,7481716.5
2026-09-19 13:00:00+00:00,0.04936,0.04951,0.04895,0.04917,5863926.1
2026-09-19 14:00:00+00:00,0.04917,0.04953,0.04901,0.04907,4359240.8
2026-09-19 15:00:00+00:00,0.04906,0.04925,0.04894,0.04916,4752390.2
2026-09-19 16:00:00+00:00,0.04917,0.04949,0.04897,0.04945,2676479.8
2026-09-19 17:00:00+00:00,0.04946,0.04964,0.04895,0.04915,3596083.2
2026-09-19 18:00:00+00:00,0.04915,0.04934,0.04895,0.04914,3709539.1
2026-09-19 19:00:00+00:00,0.04916,0.0499,0.04899,0.04987,4988375.7
2026-09-19 20:00:00+00:00,0.04986,0.05053,0.0498,0.05008,14871709.2
2026-09-19 21:00:00+00:00,0.0501,0.0502,0.04912,0.04934,7008478.3
2026-09-19 22:00:00+00:00,0.04933,0.04966,0.04902,0.04963,4411318.3
2026-09-19 23:00:00+00:00,0.04961,0.04972,0.04932,0.04948,3627768.7
2026-09-20 00:00:00+00:00,0.04948,0.0497,0.04925,0.04966,5019760.6
2026-09-20 01:00:00+00:00,0.04965,0.04971,0.04908,0.04922,5225474.9
2026-09-20 02:00:00+00:00,0.04923,0.04953,0.04787,0.04794,19209653.7
2026-09-20 03:00:00+00:00,0.04793,0.04837,0.04769,0.04819,5616716.3
2026-09-20 04:00:00+00:00,0.04819,0.04828,0.04776,0.04791,5028775.8
2026-09-20 05:00:00+00:00,0.04791,0.04815,0.04771,0.04792,3693114.7
2026-09-20 06:00:00+00:00,0.04792,0.04804,0.04753,0.0477,3148439.0
2026-09-20 07:00:00+00:00,0.0477,0.04787,0.04757,0.04758,2985681.1
2026-09-20 08:00:00+00:00,0.04759,0.04799,0.04758,0.04771,6099132.8
2026-09-20 09:00:00+00:00,0.0477,0.04818,0.04766,0.04775,2812420.7
2026-09-20 10:00:00+00:00,0.04776,0.04785,0.0472,0.04723,3686619.6
2026-09-20 11:00:00+00:00,0.04723,0.04756,0.04718,0.04754,2702930.1
2026-09-20 12:00:00+00:00,0.04754,0.04799,0.04736,0.04743,4788222.8
2026-09-20 13:00:00+00:00,0.04742,0.04751,0.04705,0.04722,2959654.1
2026-09-20 14:00:00+00:00,0.04722,0.04774,0.04719,0.04738,3990699.4
2026-09-20 15:00:00+00:00,0.04739,0.04805,0.04739,0.04803,3264130.0
2026-09-20 16:00:00+00:00,0.04804,0.05129,0.04794,0.05125,30918507.4
2026-09-20 17:00:00+00:00,0.05125,0.05149,0.05029,0.05105,21822125.6
2026-09-20 18:00:00+00:00,0.05104,0.05162,0.04989,0.05018,10970425.6
2026-09-20 19:00:00+00:00,0.05017,0.05109,0.04992,0.05101,6622241.9
2026-09-20 20:00:00+00:00,0.05101,0.05331,0.05096,0.05311,39365164.7
2026-09-20 21:00:00+00:00,0.05311,0.05407,0.05219,0.05368,24208478.7
2026-09-20 22:00:00+00:00,0.05369,0.05443,0.05323,0.05326,11439017.7
2026-09-20 23:00:00+00:00,0.05324,0.0538,0.05284,0.05338,7636048.5
2026-09-21 00:00:00+00:00,0.05335,0.05534,0.05335,0.05474,22992914.8
2026-09-21 01:00:00+00:00,0.05473,0.05593,0.0544,0.05453,17253027.5
2026-09-21 02:00:00+00:00,0.05454,0.05563,0.05412,0.05468,9334882.6
2026-09-21 03:00:00+00:00,0.05467,0.05553,0.05461,0.05493,12311228.3
2026-09-21 04:00:00+00:00,0.05492,0.05788,0.05486,0.05696,30893876.6
2026-09-21 05:00:00+00:00,0.05699,0.05755,0.05579,0.05694,16082293.6
2026-09-21 06:00:00+00:00,0.05693,0.05827,0.05645,0.05653,19229634.1
2026-09-21 07:00:00+00:00,0.05652,0.0574,0.05609,0.05693,11836872.9
2026-09-21 08:00:00+00:00,0.0569,0.05794,0.0564,0.05762,14988004.4
2026-09-21 09:00:00+00:00,0.05756,0.05865,0.05738,0.05778,17052352.9
2026-09-21 10:00:00+00:00,0.0578,0.06356,0.0576,0.0633,55591773.0
2026-09-21 11:00:00+00:00,0.0633,0.06461,0.06087,0.06141,66789897.6
2026-09-21 12:00:00+00:00,0.06141,0.06218,0.06005,0.06079,27998028.2
2026-09-21 13:00:00+00:00,0.06079,0.06203,0.05976,0.06083,20763020.9
2026-09-21 14:00:00+00:00,0.06083,0.06092,0.05885,0.05992,17867921.5
2026-09-21 15:00:00+00:00,0.05988,0.06013,0.05783,0.05868,22021561.8
2026-09-21 16:00:00+00:00,0.05868,0.06025,0.05815,0.05994,14100602.5
2026-09-21 17:00:00+00:00,0.05993,0.06045,0.05847,0.05865,7780909.4
2026-09-21 18:00:00+00:00,0.05867,0.05925,0.05809,0.05895,7902038.7
2026-09-21 19:00:00+00:00,0.05895,0.05926,0.05861,0.05922,4004555.3
2026-09-21 20:00:00+00:00,0.05923,0.05999,0.05893,0.05951,7592224.1
2026-09-21 21:00:00+00:00,0.0595,0.05963,0.05878,0.05894,4454622.1
2026-09-21 22:00:00+00:00,0.05895,0.05922,0.05854,0.05899,4727728.9
2026-09-21 23:00:00+00:00,0.05898,0.05964,0.05897,0.05933,5513985.3
2026-09-22 00:00:00+00:00,0.05932,0.06028,0.05836,0.0593,21428502.6
2026-09-22 01:00:00+00:00,0.05931,0.05996,0.05874,0.05992,12285810.2
2026-09-22 02:00:00+00:00,0.05992,0.06178,0.0597,0.06114,19878957.4
2026-09-22 03:00:00+00:00,0.0611,0.06144,0.05984,0.06029,9474484.0
2026-09-22 04:00:00+00:00,0.06028,0.0612,0.05927,0.05961,15013681.7
2026-09-22 05:00:00+00:00,0.05965,0.0603,0.05902,0.05999,8144080.4
2026-09-22 06:00:00+00:00,0.06001,0.06153,0.05918,0.06034,7822915.1
2026-09-22 07:00:00+00:00,0.06032,0.06283,0.06023,0.06133,14213730.5
2026-09-22 08:00:00+00:00,0.06133,0.06219,0.06037,0.062,9193653.2
2026-09-22 09:00:00+00:00,0.06197,0.06204,0.06072,0.06132,6851224.4
2026-09-22 10:00:00+00:00,0.06131,0.062,0.06062,0.06087,7391566.5
2026-09-22 11:00:00+00:00,0.06085,0.06131,0.0605,0.06106,4493738.2
2026-09-22 12:00:00+00:00,0.06106,0.06228,0.06087,0.06188,13863804.3
2026-09-22 13:00:00+00:00,0.06191,0.06223,0.06101,0.06148,10345612.7
2026-09-22 14:00:00+00:00,0.06147,0.06186,0.05975,0.06095,13105918.8
2026-09-22 15:00:00+00:00,0.06094,0.06243,0.06091,0.06215,14212770.1
2026-09-22 16:00:00+00:00,0.06215,0.06219,0.06067,0.06114,7010966.2
2026-09-22 17:00:00+00:00,0.06114,0.06136,0.06071,0.06096,4784035.9
2026-09-22 18:00:00+00:00,0.06097,0.06133,0.0609,0.06109,2591195.5
2026-09-22 19:00:00+00:00,0.06108,0.06152,0.06034,0.06087,3801617.1
2026-09-22 20:00:00+00:00,0.06087,0.06097,0.06005,0.06017,6415151.8
2026-09-22 21:00:00+00:00,0.0602,0.0604,0.05981,0.0601,2379396.7
2026-09-22 22:00:00+00:00,0.06011,0.06105,0.05981,0.06077,3232227.6
2026-09-22 23:00:00+00:00,0.06077,0.0616,0.06072,0.06157,4219523.5
2026-09-23 00:00:00+00:00,0.06155,0.06201,0.06103,0.06109,3421209.2
2026-09-23 01:00:00+00:00,0.06108,0.06209,0.06065,0.06153,5069839.8
2026-09-23 02:00:00+00:00,0.06154,0.0619,0.06099,0.06172,3470374.9
2026-09-23 03:00:00+00:00,0.06172,0.06314,0.06151,0.06213,15234756.3
2026-09-23 04:00:00+00:00,0.06216,0.06247,0.06145,0.0616,4543115.7
2026-09-23 05:00:00+00:00,0.0616,0.06163,0.06072,0.06099,3302548.8
2026-09-23 06:00:00+00:00,0.06099,0.06185,0.06096,0.0617,3639897.2
2026-09-23 07:00:00+00:00,0.06169,0.062,0.0605,0.06086,6480373.1
2026-09-23 08:00:00+00:00,0.06086,0.06157,0.0604,0.06085,5189955.4
2026-09-23 09:00:00+00:00,0.06085,0.0616,0.06066,0.0613,8306931.3
2026-09-23 10:00:00+00:00,0.06131,0.06166,0.06087,0.06164,4554295.4
2026-09-23 11:00:00+00:00,0.06165,0.0617,0.06014,0.06099,5518977.3
2026-09-23 12:00:00+00:00,0.061,0.06138,0.06066,0.06109,3583058.7
2026-09-23 13:00:00+00:00,0.06109,0.06124,0.0603,0.06056,5217001.3
2026-09-23 14:00:00+00:00,0.06052,0.06084,0.05778,0.05887,28086618.4
2026-09-23 15:00:00+00:00,0.05887,0.05962,0.05808,0.05817,9195275.7
2026-09-23 16:00:00+00:00,0.05817,0.05932,0.05748,0.05922,9639937.8
2026-09-23 17:00:00+00:00,0.05922,0.05943,0.05854,0.05937,3358392.6
2026-09-23 18:00:00+00:00,0.05936,0.05992,0.0592,0.05968,3880075.1
2026-09-23 19:00:00+00:00,0.05968,0.05984,0.05905,0.05917,2530382.5
2026-09-23 20:00:00+00:00,0.05918,0.05929,0.0583,0.0584,2211401.0
2026-09-23 21:00:00+00:00,0.05841,0.05902,0.05829,0.05885,1681876.2
2026-09-23 22:00:00+00:00,0.05885,0.05923,0.05851,0.05889,2125754.5
2026-09-23 23:00:00+00:00,0.05889,0.05906,0.05858,0.05904,1328914.5
2026-09-24 00:00:00+00:00,0.05903,0.05926,0.05855,0.05879,2853795.8
2026-09-24 01:00:00+00:00,0.0588,0.05925,0.05859,0.05875,3770351.5
2026-09-24 02:00:00+00:00,0.05875,0.05963,0.05846,0.05926,2515725.9
2026-09-24 03:00:00+00:00,0.05927,0.05969,0.05894,0.05926,2836446.7
2026-09-24 04:00:00+00:00,0.05925,0.05981,0.05904,0.05974,2294471.5
2026-09-24 05:00:00+00:00,0.05972,0.06063,0.0594,0.05944,3460636.0
2026-09-24 06:00:00+00:00,0.05941,0.05985,0.05923,0.05955,1036986.4
2026-09-24 07:00:00+00:00,0.05954,0.05954,0.05909,0.0594,2282855.2
2026-09-24 08:00:00+00:00,0.05939,0.05943,0.05786,0.05824,4927444.6
2026-09-24 09:00:00+00:00,0.05824,0.05872,0.05694,0.05715,9758777.0
2026-09-24 10:00:00+00:00,0.05714,0.05771,0.05684,0.05764,4286152.3
2026-09-24 11:00:00+00:00,0.05763,0.05833,0.05763,0.05822,3226663.4
2026-09-24 12:00:00+00:00,0.05821,0.05894,0.05807,0.05869,2818331.4
2026-09-24 13:00:00+00:00,0.05868,0.06021,0.05867,0.06019,6516716.6
2026-09-24 14:00:00+00:00,0.06018,0.06171,0.05939,0.06005,16080239.5
2026-09-24 15:00:00+00:00,0.06004,0.06112,0.05963,0.06079,5568109.4
2026-09-24 16:00:00+00:00,0.06079,0.06261,0.06032,0.06178,9926219.0
2026-09-24 17:00:00+00:00,0.06178,0.06199,0.06074,0.06104,3024920.8
2026-09-24 18:00:00+00:00,0.06103,0.06146,0.0605,0.06112,2629749.1
2026-09-24 19:00:00+00:00,0.06112,0.06158,0.06077,0.06146,2992964.1
2026-09-24 20:00:00+00:00,0.06145,0.06266,0.06134,0.06266,7940692.1
2026-09-24 21:00:00+00:00,0.06267,0.06317,0.0622,0.06225,7223050.2
2026-09-24 22:00:00+00:00,0.06223,0.06266,0.06151,0.0619,4791673.1
2026-09-24 23:00:00+00:00,0.0619,0.0626,0.0619,0.0625,4445582.6
2026-09-25 00:00:00+00:00,0.06247,0.06343,0.0621,0.06332,5485643.4
2026-09-25 01:00:00+00:00,0.06334,0.06386,0.06188,0.06213,5689195.8
2026-09-25 02:00:00+00:00,0.06213,0.06418,0.06204,0.0633,17276897.8
2026-09-25 03:00:00+00:00,0.0633,0.06354,0.06207,0.06236,6108094.8
2026-09-25 04:00:00+00:00,0.06235,0.06299,0.0618,0.06246,4824411.3
2026-09-25 05:00:00+00:00,0.06245,0.06371,0.06238,0.06309,5225387.1
2026-09-25 06:00:00+00:00,0.0631,0.06405,0.0625,0.06367,9728671.1
2026-09-25 07:00:00+00:00,0.06366,0.0642,0.06231,0.06407,9085432.8
2026-09-25 08:00:00+00:00,0.06407,0.06709,0.06405,0.06518,25373951.7
2026-09-25 09:00:00+00:00,0.06517,0.06726,0.06507,0.06699,15871373.4
2026-09-25 10:00:00+00:00,0.06698,0.06722,0.06559,0.06596,11407436.6
2026-09-25 11:00:00+00:00,0.06597,0.06818,0.0657,0.06763,12012458.5
2026-09-25 12:00:00+00:00,0.06763,0.06894,0.06631,0.06819,13938499.3
2026-09-25 13:00:00+00:00,0.06818,0.0695,0.06775,0.06793,18123951.4
2026-09-25 14:00:00+00:00,0.06795,0.06819,0.06591,0.06745,22713380.6
2026-09-25 15:00:00+00:00,0.06744,0.06761,0.06578,0.06695,18131876.5
2026-09-25 16:00:00+00:00,0.06696,0.06964,0.06693,0.06874,14823338.5
2026-09-25 17:00:00+00:00,0.06878,0.07054,0.06862,0.06993,11637762.5
2026-09-25 18:00:00+00:00,0.06993,0.072,0.0697,0.07118,15905241.9
2026-09-25 19:00:00+00:00,0.07118,0.07255,0.07082,0.07233,13823174.1
2026-09-25 20:00:00+00:00,0.07232,0.075,0.07215,0.07305,34880778.8
2026-09-25 21:00:00+00:00,0.07307,0.07337,0.07145,0.07327,11867966.1
2026-09-25 22:00:00+00:00,0.07327,0.07493,0.07291,0.0743,10679491.7
2026-09-25 23:00:00+00:00,0.07433,0.07544,0.07423,0.0748,10520500.6
2026-09-26 00:00:00+00:00,0.07479,0.076,0.07392,0.07562,19005214.7
2026-09-26 01:00:00+00:00,0.0756,0.07727,0.07531,0.07581,16979712.4
2026-09-26 02:00:00+00:00,0.07586,0.07624,0.07371,0.07373,12046983.7
2026-09-26 03:00:00+00:00,0.07373,0.07392,0.07257,0.0731,10915424.0
2026-09-26 04:00:00+00:00,0.07308,0.07463,0.07304,0.07366,4337712.2
2026-09-26 05:00:00+00:00,0.07367,0.07437,0.07308,0.07316,3941565.5
2026-09-26 06:00:00+00:00,0.07317,0.07321,0.07178,0.07185,9093714.8
2026-09-26 07:00:00+00:00,0.07186,0.07299,0.07158,0.07253,6673444.5
2026-09-26 08:00:00+00:00,0.07255,0.07279,0.07177,0.07258,6718506.6
2026-09-26 09:00:00+00:00,0.07258,0.07289,0.07196,0.0725,2670548.8
2026-09-26 10:00:00+00:00,0.07252,0.07431,0.07252,0.07419,6187180.3
2026-09-26 11:00:00+00:00,0.07417,0.0746,0.07347,0.07379,6634356.0
2026-09-26 12:00:00+00:00,0.0738,0.07425,0.07286,0.07307,5307058.4
2026-09-26 13:00:00+00:00,0.07307,0.07367,0.07264,0.07267,4923066.5
2026-09-26 14:00:00+00:00,0.07266,0.07427,0.07237,0.07413,6168357.4
2026-09-26 15:00:00+00:00,0.07412,0.07486,0.07381,0.07428,10771766.0
2026-09-26 16:00:00+00:00,0.07428,0.07482,0.07362,0.07439,12860211.7
2026-09-26 17:00:00+00:00,0.07437,0.0745,0.07297,0.07311,9202805.2
2026-09-26 18:00:00+00:00,0.07311,0.07331,0.0721,0.07224,4830302.2
2026-09-26 19:00:00+00:00,0.07224,0.0728,0.07222,0.07243,2250710.5
2026-09-26 20:00:00+00:00,0.07244,0.07286,0.07049,0.07163,15261742.6
2026-09-26 21:00:00+00:00,0.07164,0.07206,0.07106,0.07143,8710460.6
2026-09-26 22:00:00+00:00,0.07143,0.07189,0.07133,0.07146,3263182.6
2026-09-26 23:00:00+00:00,0.07146,0.07207,0.07146,0.07181,2365748.5
2026-09-27 00:00:00+00:00,0.0718,0.07193,0.07121,0.07161,2834148.1
2026-09-27 01:00:00+00:00,0.0716,0.07274,0.07121,0.07227,6491968.8
2026-09-27 02:00:00+00:00,0.07226,0.07332,0.07225,0.07246,5469641.2
2026-09-27 03:00:00+00:00,0.07244,0.07274,0.07194,0.07204,1448918.0
2026-09-27 04:00:00+00:00,0.07204,0.07237,0.07165,0.07178,2113602.9
2026-09-27 05:00:00+00:00,0.07177,0.07382,0.07174,0.07347,4062838.0
2026-09-27 06:00:00+00:00,0.07347,0.07405,0.0733,0.07398,4579312.5
2026-09-27 07:00:00+00:00,0.07396,0.07612,0.07384,0.07573,12376418.2
2026-09-27 08:00:00+00:00,0.07571,0.07663,0.07478,0.0752,11254618.6
2026-09-27 09:00:00+00:00,0.0752,0.07562,0.07441,0.07498,6011251.6
2026-09-27 10:00:00+00:00,0.07497,0.0752,0.07414,0.07485,4813492.2
2026-09-27 11:00:00+00:00,0.07486,0.07533,0.07422,0.07493,4126755.9
2026-09-27 12:00:00+00:00,0.07493,0.07523,0.07408,0.07427,2247939.8
2026-09-27 13:00:00+00:00,0.07424,0.07436,0.07335,0.07362,4151010.7
2026-09-27 14:00:00+00:00,0.07364,0.07399,0.0728,0.0734,3772250.1
2026-09-27 15:00:00+00:00,0.0734,0.07347,0.07261,0.07307,4517274.3
2026-09-27 16:00:00+00:00,0.07307,0.07422,0.07294,0.07362,4916821.3
2026-09-27 17:00:00+00:00,0.07362,0.07455,0.07355,0.07424,2858655.0
2026-09-27 18:00:00+00:00,0.07424,0.0754,0.0741,0.07536,2833875.2
2026-09-27 19:00:00+00:00,0.07539,0.07616,0.07481,0.07524,5993364.6
2026-09-27 20:00:00+00:00,0.07521,0.07575,0.07488,0.07541,3344194.7
2026-09-27 21:00:00+00:00,0.07541,0.07732,0.07511,0.07683,9686538.2
2026-09-27 22:00:00+00:00,0.07682,0.07731,0.07503,0.07692,12031081.6
2026-09-27 23:00:00+00:00,0.07691,0.07934,0.07673,0.07903,19972899.3
2026-09-28 00:00:00+00:00,0.07903,0.08565,0.07875,0.08335,50739359.3
2026-09-28 01:00:00+00:00,0.08331,0.08592,0.08241,0.0839,32796110.0
2026-09-28 02:00:00+00:00,0.08387,0.08658,0.08243,0.08287,30014229.0
2026-09-28 03:00:00+00:00,0.08288,0.08428,0.08135,0.08156,20923442.7
2026-09-28 04:00:00+00:00,0.08157,0.08361,0.08072,0.08314,17645685.6
2026-09-28 05:00:00+00:00,0.08313,0.08347,0.07992,0.08213,18443751.8
2026-09-28 06:00:00+00:00,0.08212,0.08312,0.08166,0.08219,14695842.6
2026-09-28 07:00:00+00:00,0.08219,0.08371,0.07887,0.0798,32340692.6
2026-09-28 08:00:00+00:00,0.07979,0.08166,0.07837,0.07913,28442301.3
2026-09-28 09:00:00+00:00,0.07914,0.0806,0.0778,0.07812,17954301.2
2026-09-28 10:00:00+00:00,0.07816,0.07989,0.07778,0.07922,11612351.4
2026-09-28 11:00:00+00:00,0.07923,0.0813,0.07885,0.08115,16991194.7
2026-09-28 12:00:00+00:00,0.08114,0.08294,0.0798,0.08103,19750746.0
2026-09-28 13:00:00+00:00,0.08102,0.08102,0.07851,0.07891,15271317.6
2026-09-28 14:00:00+00:00,0.07891,0.07894,0.07639,0.07702,18957130.0
2026-09-28 15:00:00+00:00,0.07702,0.07824,0.0761,0.07764,8485173.6
2026-09-28 16:00:00+00:00,0.07763,0.07992,0.07724,0.07891,11368085.4
2026-09-28 17:00:00+00:00,0.07891,0.08028,0.07794,0.07851,8220573.9
2026-09-28 18:00:00+00:00,0.0785,0.07887,0.07766,0.07827,5940722.4
2026-09-28 19:00:00+00:00,0.0783,0.0783,0.07656,0.07685,5656296.2
2026-09-28 20:00:00+00:00,0.07686,0.07836,0.07636,0.07782,6287381.7
2026-09-28 21:00:00+00:00,0.07783,0.07847,0.07559,0.0758,6653129.9
2026-09-28 22:00:00+00:00,0.07581,0.0773,0.07544,0.07729,5497444.1
2026-09-28 23:00:00+00:00,0.07729,0.07777,0.0771,0.07738,3463701.9
2026-09-29 00:00:00+00:00,0.07738,0.07771,0.07557,0.07573,5394443.2
2026-09-29 01:00:00+00:00,0.07573,0.07626,0.07312,0.07396,16773515.2
2026-09-29 02:00:00+00:00,0.07396,0.07433,0.07318,0.07409,6361057.0
2026-09-29 03:00:00+00:00,0.0741,0.07518,0.07353,0.07401,7886897.9
2026-09-29 04:00:00+00:00,0.07404,0.0749,0.07358,0.07382,4467039.0
2026-09-29 05:00:00+00:00,0.07383,0.07453,0.07335,0.07431,3804423.6
2026-09-29 06:00:00+00:00,0.07432,0.07506,0.07409,0.07488,5709033.0
2026-09-29 07:00:00+00:00,0.07487,0.07542,0.07451,0.07527,7820989.2
2026-09-29 08:00:00+00:00,0.07528,0.076,0.07451,0.07472,8085911.5
2026-09-29 09:00:00+00:00,0.07473,0.07544,0.07402,0.07534,4727753.8
2026-09-29 10:00:00+00:00,0.07534,0.07555,0.0747,0.07499,3849353.7
2026-09-29 11:00:00+00:00,0.07499,0.07612,0.07456,0.07579,8016664.3
2026-09-29 12:00:00+00:00,0.07579,0.07606,0.07438,0.07453,9147503.9
2026-09-29 13:00:00+00:00,0.07454,0.07523,0.07423,0.07479,7533779.0
2026-09-29 14:00:00+00:00,0.07478,0.07491,0.07384,0.07395,6160152.4
2026-09-29 15:00:00+00:00,0.07395,0.07417,0.07251,0.07269,15142668.6
2026-09-29 16:00:00+00:00,0.07268,0.0733,0.07209,0.07282,6851956.8
2026-09-29 17:00:00+00:00,0.07281,0.07284,0.0717,0.07222,6193083.2
2026-09-29 18:00:00+00:00,0.07223,0.07416,0.07223,0.0737,6743455.8
2026-09-29 19:00:00+00:00,0.07369,0.0746,0.07347,0.07353,7792446.4
2026-09-29 20:00:00+00:00,0.07354,0.07434,0.07329,0.07391,2875482.5
2026-09-29 21:00:00+00:00,0.0739,0.07408,0.07346,0.07365,2427462.2
2026-09-29 22:00:00+00:00,0.07364,0.074,0.07321,0.07327,2659171.6
2026-09-29 23:00:00+00:00,0.07327,0.07399,0.0727,0.07327,3156608.5
2026-09-30 00:00:00+00:00,0.07329,0.07412,0.07309,0.07405,5170442.2
2026-09-30 01:00:00+00:00,0.07406,0.07456,0.07391,0.07432,4002851.1
2026-09-30 02:00:00+00:00,0.0743,0.07437,0.07291,0.07354,5551333.2
2026-09-30 03:00:00+00:00,0.07354,0.0739,0.07317,0.0734,4911905.3
2026-09-30 04:00:00+00:00,0.07341,0.07444,0.07337,0.07431,3209601.3
2026-09-30 05:00:00+00:00,0.07431,0.07506,0.074,0.0744,5357194.3
2026-09-30 06:00:00+00:00,0.0744,0.07455,0.07376,0.07377,4916336.1
2026-09-30 07:00:00+00:00,0.07376,0.07458,0.07352,0.07421,5962366.0
2026-09-30 08:00:00+00:00,0.0742,0.07453,0.07335,0.07416,5795771.9
2026-09-30 09:00:00+00:00,0.07416,0.0749,0.07403,0.0741,5228919.7
2026-09-30 10:00:00+00:00,0.0741,0.07472,0.07403,0.07446,4604359.2
2026-09-30 11:00:00+00:00,0.07445,0.07445,0.07357,0.07387,4330596.0
2026-09-30 12:00:00+00:00,0.07386,0.07526,0.0731,0.07509,16580702.8
2026-09-30 13:00:00+00:00,0.07508,0.07525,0.07314,0.07395,13179868.4
2026-09-30 14:00:00+00:00,0.07396,0.0742,0.072,0.07258,11166297.5
2026-09-30 15:00:00+00:00,0.07258,0.0729,0.07153,0.07269,7206189.2
2026-09-30 16:00:00+00:00,0.07267,0.07457,0.07263,0.07429,7279050.8
2026-09-30 17:00:00+00:00,0.07429,0.07429,0.07305,0.07331,4031270.5
2026-09-30 18:00:00+00:00,0.0733,0.07348,0.07248,0.07292,3263256.4
2026-09-30 19:00:00+00:00,0.07291,0.07311,0.07225,0.07266,2492640.9
2026-09-30 20:00:00+00:00,0.07267,0.07366,0.07263,0.07301,2975201.5
2026-09-30 21:00:00+00:00,0.07302,0.07388,0.07271,0.07339,3117546.6
2026-09-30 22:00:00+00:00,0.07341,0.07421,0.07297,0.0737,3187926.3
2026-09-30 23:00:00+00:00,0.07371,0.07399,0.07338,0.07356,1832661.1
2026-10-01 00:00:00+00:00,0.07355,0.07402,0.07302,0.07388,2436242.1
2026-10-01 01:00:00+00:00,0.07386,0.07436,0.07291,0.0731,3494743.8
2026-10-01 02:00:00+00:00,0.07308,0.0738,0.07291,0.07371,2072445.6
2026-10-01 03:00:00+00:00,0.0737,0.07438,0.07337,0.07423,3291547.3
2026-10-01 04:00:00+00:00,0.07426,0.07437,0.0737,0.07398,1839960.1
2026-10-01 05:00:00+00:00,0.07397,0.07422,0.07373,0.07412,1631369.7
2026-10-01 06:00:00+00:00,0.07412,0.07456,0.07391,0.07427,2813441.8
2026-10-01 07:00:00+00:00,0.07426,0.07478,0.07304,0.07328,4960417.8
2026-10-01 08:00:00+00:00,0.07328,0.07377,0.07274,0.07371,4274745.4
2026-10-01 09:00:00+00:00,0.0737,0.07377,0.0724,0.0725,2486302.9
2026-10-01 10:00:00+00:00,0.07249,0.07314,0.0719,0.07291,5755221.6
2026-10-01 11:00:00+00:00,0.0729,0.07318,0.07247,0.07317,3069538.5
2026-10-01 12:00:00+00:00,0.07317,0.07337,0.07283,0.07306,2672968.9
2026-10-01 13:00:00+00:00,0.0731,0.07354,0.07217,0.07306,5916554.5
2026-10-01 14:00:00+00:00,0.07304,0.07308,0.07177,0.07198,3503302.1
2026-10-01 15:00:00+00:00,0.07201,0.07262,0.07123,0.07192,6149185.7
2026-10-01 16:00:00+00:00,0.07193,0.07211,0.07085,0.07117,3633713.6
2026-10-01 17:00:00+00:00,0.07118,0.07267,0.07111,0.07238,4592393.0
2026-10-01 18:00:00+00:00,0.07238,0.07251,0.0716,0.0717,2684009.7
2026-10-01 19:00:00+00:00,0.0717,0.07194,0.07093,0.07151,3405868.4
2026-10-01 20:00:00+00:00,0.07151,0.07186,0.07127,0.0713,2746984.9
2026-10-01 21:00:00+00:00,0.07132,0.07142,0.07023,0.07042,5298209.5
2026-10-01 22:00:00+00:00,0.07041,0.07087,0.0703,0.07065,2746189.5
2026-10-01 23:00:00+00:00,0.07064,0.07064,0.07024,0.07049,1793351.4
2026-10-02 00:00:00+00:00,0.07048,0.07087,0.07024,0.07026,1987170.9
2026-10-02 01:00:00+00:00,0.07026,0.07089,0.0696,0.0705,8588909.3
2026-10-02 02:00:00+00:00,0.0705,0.0714,0.07048,0.07133,3136816.3
2026-10-02 03:00:00+00:00,0.07134,0.07152,0.07058,0.07086,1939244.2
