time,open,high,low,close,volume
2026-06-04 04:00:00+00:00,0.3328,0.3332,0.3327,0.333,7017281.1
2026-06-04 05:00:00+00:00,0.3329,0.333,0.3315,0.3323,7071310.3
2026-06-04 06:00:00+00:00,0.3323,0.3336,0.3319,0.3322,12174689.0
2026-06-04 07:00:00+00:00,0.3322,0.3325,0.3312,0.3315,8689528.9
2026-06-04 08:00:00+00:00,0.3315,0.3315,0.3301,0.3308,10888363.0
2026-06-04 09:00:00+00:00,0.3308,0.3309,0.3274,0.328,16665956.9
2026-06-04 10:00:00+00:00,0.328,0.328,0.3264,0.3273,12615083.5
2026-06-04 11:00:00+00:00,0.3274,0.3289,0.3272,0.3285,10934740.6
2026-06-04 12:00:00+00:00,0.3285,0.3302,0.3282,0.3301,10701273.9
2026-06-04 13:00:00+00:00,0.3301,0.3302,0.3287,0.3288,9333482.3
2026-06-04 14:00:00+00:00,0.3288,0.3295,0.3285,0.3292,7112022.1
2026-06-04 15:00:00+00:00,0.3292,0.331,0.329,0.331,9204510.5
2026-06-04 16:00:00+00:00,0.331,0.3314,0.3297,0.3311,9629068.7
2026-06-04 17:00:00+00:00,0.3311,0.3312,0.33,0.3312,6699734.1
2026-06-04 18:00:00+00:00,0.3312,0.3326,0.3312,0.3321,10552319.2
2026-06-04 19:00:00+00:00,0.3321,0.3323,0.3316,0.3318,4168676.4
2026-06-04 20:00:00+00:00,0.3318,0.3321,0.3315,0.332,3025808.6
2026-06-04 21:00:00+00:00,0.3319,0.3326,0.3308,0.3317,7221242.5
2026-06-04 22:00:00+00:00,0.3317,0.3319,0.3311,0.3316,3419072.2
2026-06-04 23:00:00+00:00,0.3316,0.3325,0.3315,0.3325,3235959.5
2026-06-05 00:00:00+00:00,0.3325,0.3326,0.3279,0.3282,28305837.1
2026-06-05 01:00:00+00:00,0.3281,0.3285,0.3273,0.3285,6188522.9
2026-06-05 02:00:00+00:00,0.3284,0.3288,0.3268,0.3272,6744946.6
2026-06-05 03:00:00+00:00,0.3271,0.3282,0.3264,0.3279,7423353.9
2026-06-05 04:00:00+00:00,0.3279,0.3296,0.3278,0.3292,5600209.8
2026-06-05 05:00:00+00:00,0.3293,0.3294,0.327,0.3271,6223304.8
2026-06-05 06:00:00+00:00,0.327,0.3272,0.3243,0.3244,17622103.0
2026-06-05 07:00:00+00:00,0.3244,0.3258,0.3229,0.3257,19349177.7
2026-06-05 08:00:00+00:00,0.3257,0.3265,0.3245,0.3248,9204047.8
2026-06-05 09:00:00+00:00,0.3248,0.3265,0.3241,0.3264,10467330.0
2026-06-05 10:00:00+00:00,0.3264,0.3274,0.3227,0.3253,26973989.3
2026-06-05 11:00:00+00:00,0.3253,0.3259,0.3246,0.3253,12230990.2
2026-06-05 12:00:00+00:00,0.3254,0.3261,0.3248,0.3252,7865000.4
2026-06-05 13:00:00+00:00,0.3252,0.327,0.3244,0.3244,14775665.0
2026-06-05 14:00:00+00:00,0.3245,0.3254,0.3233,0.3234,16406858.0
2026-06-05 15:00:00+00:00,0.3234,0.3236,0.3204,0.3206,16489181.2
2026-06-05 16:00:00+00:00,0.3205,0.3235,0.3186,0.3235,26506390.2
2026-06-05 17:00:00+00:00,0.3234,0.3236,0.3206,0.3221,9854035.4
2026-06-05 18:00:00+00:00,0.3221,0.3223,0.32,0.3202,10193705.0
2026-06-05 19:00:00+00:00,0.3202,0.322,0.3196,0.3216,13215197.4
2026-06-05 20:00:00+00:00,0.3216,0.323,0.3209,0.3227,10394559.4
2026-06-05 21:00:00+00:00,0.3227,0.3233,0.3217,0.322,7681634.0
2026-06-05 22:00:00+00:00,0.322,0.3221,0.3213,0.3214,5654587.6
2026-06-05 23:00:00+00:00,0.3214,0.3216,0.3198,0.3203,8495000.8
2026-06-06 00:00:00+00:00,0.3203,0.3212,0.3199,0.3207,6464888.7
2026-06-06 01:00:00+00:00,0.3206,0.3214,0.3205,0.3209,4938951.2
2026-06-06 02:00:00+00:00,0.3208,0.3208,0.32,0.3202,4260358.2
2026-06-06 03:00:00+00:00,0.3201,0.3204,0.3197,0.3201,4198705.8
2026-06-06 04:00:00+00:00,0.3201,0.3209,0.3186,0.3189,11867135.1
2026-06-06 05:00:00+00:00,0.3188,0.3202,0.3183,0.3202,10473987.7
2026-06-06 06:00:00+00:00,0.3201,0.3214,0.3199,0.3204,10672811.0
2026-06-06 07:00:00+00:00,0.3204,0.3218,0.3203,0.3203,11779525.8
2026-06-06 08:00:00+00:00,0.3204,0.3205,0.3194,0.3197,9532676.7
2026-06-06 09:00:00+00:00,0.3198,0.3206,0.3195,0.3196,4839917.1
2026-06-06 10:00:00+00:00,0.3195,0.3196,0.3185,0.3186,7154705.4
2026-06-06 11:00:00+00:00,0.3186,0.3203,0.3186,0.3201,4926857.7
2026-06-06 12:00:00+00:00,0.3202,0.3207,0.319,0.3207,6291697.0
2026-06-06 13:00:00+00:00,0.3207,0.321,0.32,0.3206,5517729.6
2026-06-06 14:00:00+00:00,0.3206,0.3213,0.3205,0.321,3530886.4
2026-06-06 15:00:00+00:00,0.321,0.3218,0.3204,0.3218,4768790.8
2026-06-06 16:00:00+00:00,0.3218,0.3222,0.3215,0.322,4723084.2
2026-06-06 17:00:00+00:00,0.3219,0.322,0.3208,0.3213,3092955.4
2026-06-06 18:00:00+00:00,0.3213,0.3227,0.3212,0.3227,4562591.4
2026-06-06 19:00:00+00:00,0.3227,0.3232,0.3222,0.3223,4363928.1
2026-06-06 20:00:00+00:00,0.3222,0.3227,0.3222,0.3226,1998167.3
2026-06-06 21:00:00+00:00,0.3225,0.3234,0.3224,0.3233,3321758.6
2026-06-06 22:00:00+00:00,0.3233,0.3238,0.3231,0.3235,3602949.3
2026-06-06 23:00:00+00:00,0.3234,0.3243,0.3234,0.3242,3894261.6
2026-06-07 00:00:00+00:00,0.3243,0.3243,0.3229,0.3233,4002612.1
2026-06-07 01:00:00+00:00,0.3232,0.3243,0.3232,0.3241,4069672.4
2026-06-07 02:00:00+00:00,0.324,0.3243,0.3236,0.324,2564759.9
2026-06-07 03:00:00+00:00,0.3241,0.3242,0.3235,0.3238,2340796.2
2026-06-07 04:00:00+00:00,0.3239,0.3247,0.3237,0.3247,2617007.3
2026-06-07 05:00:00+00:00,0.3247,0.3258,0.3246,0.3255,5722788.9
2026-06-07 06:00:00+00:00,0.3255,0.3268,0.3249,0.3268,6801011.4
2026-06-07 07:00:00+00:00,0.3267,0.3284,0.3267,0.3276,10533329.7
2026-06-07 08:00:00+00:00,0.3277,0.3288,0.327,0.3288,6862266.6
2026-06-07 09:00:00+00:00,0.3288,0.3294,0.3281,0.3291,7431788.8
2026-06-07 10:00:00+00:00,0.3291,0.3296,0.3284,0.3287,3622792.4
2026-06-07 11:00:00+00:00,0.3286,0.3291,0.3285,0.3289,3388422.1
2026-06-07 12:00:00+00:00,0.3288,0.329,0.3276,0.3283,6337883.6
2026-06-07 13:00:00+00:00,0.3283,0.3283,0.3275,0.3281,2848551.6
2026-06-07 14:00:00+00:00,0.328,0.3288,0.328,0.3283,4977186.5
2026-06-07 15:00:00+00:00,0.3282,0.3288,0.3279,0.328,3049625.0
2026-06-07 16:00:00+00:00,0.328,0.3283,0.327,0.3271,3009827.9
2026-06-07 17:00:00+00:00,0.3271,0.3278,0.3267,0.3272,5265433.2
2026-06-07 18:00:00+00:00,0.3271,0.3278,0.3268,0.3273,2784594.9
2026-06-07 19:00:00+00:00,0.3274,0.3274,0.3251,0.3255,8304115.2
2026-06-07 20:00:00+00:00,0.3254,0.3261,0.3254,0.3261,2580646.9
2026-06-07 21:00:00+00:00,0.3261,0.3261,0.3245,0.3248,3650088.8
2026-06-07 22:00:00+00:00,0.3247,0.3275,0.3247,0.3261,8502944.1
2026-06-07 23:00:00+00:00,0.3261,0.3268,0.3258,0.3268,3045946.5
2026-06-08 00:00:00+00:00,0.3268,0.3274,0.3261,0.3269,4917691.4
2026-06-08 01:00:00+00:00,0.3269,0.3271,0.326,0.3264,2548195.7
2026-06-08 02:00:00+00:00,0.3263,0.3272,0.3262,0.3268,2780777.9
2026-06-08 03:00:00+00:00,0.3267,0.3272,0.3264,0.3268,2597108.3
2026-06-08 04:00:00+00:00,0.3268,0.3276,0.3265,0.3271,3969175.9
2026-06-08 05:00:00+00:00,0.327,0.3275,0.3267,0.327,2376090.3
2026-06-08 06:00:00+00:00,0.3271,0.3276,0.327,0.3272,2237136.0
2026-06-08 07:00:00+00:00,0.3272,0.3273,0.3264,0.3268,4855881.1
2026-06-08 08:00:00+00:00,0.3267,0.3269,0.3258,0.3265,6529529.4
2026-06-08 09:00:00+00:00,0.3265,0.327,0.3263,0.3265,5297551.5
2026-06-08 10:00:00+00:00,0.3266,0.3272,0.3261,0.3263,7604864.8
2026-06-08 11:00:00+00:00,0.3262,0.3281,0.326,0.3278,7560266.3
2026-06-08 12:00:00+00:00,0.3277,0.3278,0.3267,0.3269,3661720.9
2026-06-08 13:00:00+00:00,0.3269,0.3271,0.3262,0.3264,4293957.6
2026-06-08 14:00:00+00:00,0.3264,0.327,0.3262,0.3265,5096271.4
2026-06-08 15:00:00+00:00,0.3265,0.3272,0.3263,0.3264,4314492.6
2026-06-08 16:00:00+00:00,0.3264,0.3265,0.3257,0.3259,3781696.5
2026-06-08 17:00:00+00:00,0.3259,0.3262,0.3256,0.3258,3730737.1
2026-06-08 18:00:00+00:00,0.3257,0.3262,0.3255,0.3259,4109274.1
2026-06-08 19:00:00+00:00,0.326,0.3267,0.3259,0.3265,2867412.9
2026-06-08 20:00:00+00:00,0.3266,0.3269,0.326,0.3268,3772870.4
2026-06-08 21:00:00+00:00,0.3268,0.3277,0.3268,0.3274,5754327.7
2026-06-08 22:00:00+00:00,0.3274,0.3274,0.3268,0.3271,2304529.0
2026-06-08 23:00:00+00:00,0.327,0.3273,0.3262,0.3268,3214048.7
2026-06-09 00:00:00+00:00,0.3267,0.3268,0.3257,0.3258,4642918.5
2026-06-09 01:00:00+00:00,0.3257,0.3261,0.3254,0.3257,2391603.9
2026-06-09 02:00:00+00:00,0.3258,0.3259,0.3249,0.3254,4341757.2
2026-06-09 03:00:00+00:00,0.3255,0.3258,0.325,0.3255,2212591.8
2026-06-09 04:00:00+00:00,0.3255,0.3256,0.325,0.3254,2248291.1
2026-06-09 05:00:00+00:00,0.3254,0.3254,0.3248,0.3249,2893163.4
2026-06-09 06:00:00+00:00,0.325,0.3252,0.3245,0.3245,3125213.3
2026-06-09 07:00:00+00:00,0.3246,0.3246,0.3237,0.3238,6255576.7
2026-06-09 08:00:00+00:00,0.3237,0.3242,0.3232,0.3232,3863068.1
2026-06-09 09:00:00+00:00,0.3233,0.3235,0.3214,0.3215,12534867.6
2026-06-09 10:00:00+00:00,0.3215,0.3221,0.3207,0.3221,7945642.8
2026-06-09 11:00:00+00:00,0.3221,0.3229,0.3217,0.3228,4231770.4
2026-06-09 12:00:00+00:00,0.3229,0.3233,0.3228,0.3233,3651956.0
2026-06-09 13:00:00+00:00,0.3233,0.3234,0.3219,0.3234,6560090.3
2026-06-09 14:00:00+00:00,0.3234,0.3234,0.3211,0.3217,7697194.0
2026-06-09 15:00:00+00:00,0.3218,0.3228,0.3214,0.3219,5450303.7
2026-06-09 16:00:00+00:00,0.3219,0.3222,0.3214,0.3221,5428161.6
2026-06-09 17:00:00+00:00,0.3222,0.3232,0.3222,0.3232,5129278.1
2026-06-09 18:00:00+00:00,0.3232,0.3238,0.3228,0.3232,4027152.8
2026-06-09 19:00:00+00:00,0.3232,0.3236,0.323,0.3236,3321844.7
2026-06-09 20:00:00+00:00,0.3236,0.324,0.3229,0.323,2905916.9
2026-06-09 21:00:00+00:00,0.323,0.3233,0.3226,0.3227,4170220.6
2026-06-09 22:00:00+00:00,0.3227,0.3229,0.3225,0.3225,1918951.8
2026-06-09 23:00:00+00:00,0.3226,0.323,0.3225,0.3229,1453221.5
2026-06-10 00:00:00+00:00,0.3228,0.323,0.3223,0.3225,2262119.6
2026-06-10 01:00:00+00:00,0.3225,0.3228,0.3219,0.3223,2040820.5
2026-06-10 02:00:00+00:00,0.3223,0.3225,0.3211,0.3213,4748186.4
2026-06-10 03:00:00+00:00,0.3212,0.3222,0.3212,0.3215,2223848.3
2026-06-10 04:00:00+00:00,0.3215,0.3218,0.3213,0.3214,1984013.9
2026-06-10 05:00:00+00:00,0.3214,0.3226,0.3213,0.3223,4037772.7
2026-06-10 06:00:00+00:00,0.3223,0.3226,0.3218,0.3221,2468495.7
2026-06-10 07:00:00+00:00,0.3222,0.3231,0.3221,0.3226,5104875.9
2026-06-10 08:00:00+00:00,0.3226,0.3226,0.3218,0.3221,2624289.0
2026-06-10 09:00:00+00:00,0.3222,0.323,0.322,0.3229,4467598.0
2026-06-10 10:00:00+00:00,0.3229,0.3231,0.3222,0.3228,4234607.4
2026-06-10 11:00:00+00:00,0.3228,0.3229,0.3221,0.3227,3967294.0
2026-06-10 12:00:00+00:00,0.3228,0.3234,0.3222,0.3229,5765921.2
2026-06-10 13:00:00+00:00,0.3229,0.3233,0.322,0.3222,6967953.9
2026-06-10 14:00:00+00:00,0.3222,0.3227,0.3214,0.3223,5736543.3
2026-06-10 15:00:00+00:00,0.3223,0.3231,0.3223,0.3228,4535544.0
2026-06-10 16:00:00+00:00,0.3229,0.3233,0.3226,0.323,3842397.9
2026-06-10 17:00:00+00:00,0.3231,0.3232,0.3216,0.3217,6268888.8
2026-06-10 18:00:00+00:00,0.3217,0.3219,0.3214,0.3216,2978724.5
2026-06-10 19:00:00+00:00,0.3217,0.322,0.3214,0.3217,2357201.6
2026-06-10 20:00:00+00:00,0.3218,0.3221,0.3214,0.3216,3633032.2
2026-06-10 21:00:00+00:00,0.3216,0.322,0.3214,0.3215,2792372.4
2026-06-10 22:00:00+00:00,0.3214,0.3219,0.3213,0.3215,1928309.2
2026-06-10 23:00:00+00:00,0.3215,0.3216,0.3207,0.3211,2247067.1
2026-06-11 00:00:00+00:00,0.321,0.3214,0.3208,0.321,2551052.8
2026-06-11 01:00:00+00:00,0.3209,0.3219,0.3209,0.3217,1850895.2
2026-06-11 02:00:00+00:00,0.3218,0.3221,0.3212,0.3213,2573222.0
2026-06-11 03:00:00+00:00,0.3214,0.3223,0.3211,0.322,3340781.3
2026-06-11 04:00:00+00:00,0.322,0.3221,0.3215,0.3218,1685903.9
2026-06-11 05:00:00+00:00,0.3219,0.322,0.3216,0.3219,893183.1
2026-06-11 06:00:00+00:00,0.322,0.3224,0.3218,0.3221,2085543.2
2026-06-11 07:00:00+00:00,0.3222,0.3224,0.3218,0.3222,2608014.0
2026-06-11 08:00:00+00:00,0.3222,0.3227,0.3221,0.3225,3278432.5
2026-06-11 09:00:00+00:00,0.3226,0.3229,0.3222,0.3225,3947663.9
2026-06-11 10:00:00+00:00,0.3225,0.323,0.3215,0.3221,9342759.9
2026-06-11 11:00:00+00:00,0.3221,0.3221,0.3215,0.3219,2968129.1
2026-06-11 12:00:00+00:00,0.3218,0.3226,0.3216,0.322,6304433.6
2026-06-11 13:00:00+00:00,0.322,0.3221,0.3209,0.3218,7785214.3
2026-06-11 14:00:00+00:00,0.3218,0.3219,0.3208,0.3213,4116078.0
2026-06-11 15:00:00+00:00,0.3213,0.3216,0.3202,0.3202,5550495.8
2026-06-11 16:00:00+00:00,0.3202,0.3205,0.3108,0.3157,40912760.7
2026-06-11 17:00:00+00:00,0.3157,0.3168,0.3144,0.3158,14153557.4
2026-06-11 18:00:00+00:00,0.3157,0.316,0.3123,0.3144,30879349.2
2026-06-11 19:00:00+00:00,0.3143,0.3144,0.3134,0.3137,8019308.7
2026-06-11 20:00:00+00:00,0.3137,0.3137,0.313,0.3134,4281508.0
2026-06-11 21:00:00+00:00,0.3135,0.3136,0.3129,0.3133,3476578.0
2026-06-11 22:00:00+00:00,0.3134,0.3162,0.3131,0.3158,11362578.8
2026-06-11 23:00:00+00:00,0.3159,0.317,0.3153,0.317,7126536.9
2026-06-12 00:00:00+00:00,0.317,0.317,0.3159,0.3165,5854830.2
2026-06-12 01:00:00+00:00,0.3165,0.3166,0.3153,0.3154,4171446.6
2026-06-12 02:00:00+00:00,0.3154,0.3163,0.3152,0.3163,1874685.8
2026-06-12 03:00:00+00:00,0.3163,0.3166,0.3154,0.3156,6140755.4
2026-06-12 04:00:00+00:00,0.3156,0.3157,0.3153,0.3154,1775992.9
2026-06-12 05:00:00+00:00,0.3153,0.3157,0.3134,0.3137,10536991.0
2026-06-12 06:00:00+00:00,0.3136,0.3139,0.3128,0.313,11858952.0
2026-06-12 07:00:00+00:00,0.313,0.3139,0.313,0.3139,6751687.5
2026-06-12 08:00:00+00:00,0.3139,0.314,0.3132,0.3133,3080734.9
2026-06-12 09:00:00+00:00,0.3133,0.3133,0.3126,0.313,4819300.6
2026-06-12 10:00:00+00:00,0.3131,0.3131,0.3124,0.3128,3793782.4
2026-06-12 11:00:00+00:00,0.3127,0.313,0.3121,0.3122,5384721.3
2026-06-12 12:00:00+00:00,0.3123,0.3126,0.312,0.3125,2170442.7
2026-06-12 13:00:00+00:00,0.3124,0.3132,0.3122,0.3132,4654075.7
2026-06-12 14:00:00+00:00,0.3131,0.3137,0.313,0.3136,4638125.9
2026-06-12 15:00:00+00:00,0.3137,0.3143,0.3132,0.3136,10581005.2
2026-06-12 16:00:00+00:00,0.3136,0.315,0.3127,0.3139,9383033.9
2026-06-12 17:00:00+00:00,0.314,0.3147,0.3138,0.3147,3120267.5
2026-06-12 18:00:00+00:00,0.3146,0.315,0.3144,0.315,4252007.2
2026-06-12 19:00:00+00:00,0.315,0.3152,0.3146,0.3149,3500671.7
2026-06-12 20:00:00+00:00,0.3149,0.3153,0.3149,0.3153,2410106.4
2026-06-12 21:00:00+00:00,0.3153,0.3157,0.3145,0.3152,4864402.9
2026-06-12 22:00:00+00:00,0.3152,0.3156,0.3151,0.3156,3304089.0
2026-06-12 23:00:00+00:00,0.3156,0.3157,0.3153,0.3154,2249248.8
2026-06-13 00:00:00+00:00,0.3153,0.3156,0.3151,0.3154,1035708.2
2026-06-13 01:00:00+00:00,0.3154,0.3155,0.3153,0.3155,764544.4
2026-06-13 02:00:00+00:00,0.3155,0.3158,0.3148,0.3152,1743331.3
2026-06-13 03:00:00+00:00,0.3152,0.3154,0.3149,0.3151,1635000.9
2026-06-13 04:00:00+00:00,0.3152,0.3157,0.3151,0.3156,2470839.6
2026-06-13 05:00:00+00:00,0.3156,0.3157,0.3152,0.3156,1473920.7
2026-06-13 06:00:00+00:00,0.3156,0.3157,0.3154,0.3155,1379791.1
2026-06-13 07:00:00+00:00,0.3155,0.3156,0.3148,0.3156,4272495.1
2026-06-13 08:00:00+00:00,0.3156,0.316,0.3154,0.3159,3531597.3
2026-06-13 09:00:00+00:00,0.3159,0.3169,0.3159,0.3166,5007128.5
2026-06-13 10:00:00+00:00,0.3166,0.3168,0.3164,0.3165,1418256.2
2026-06-13 11:00:00+00:00,0.3165,0.3169,0.3163,0.3168,1963553.8
2026-06-13 12:00:00+00:00,0.3168,0.3169,0.3166,0.3169,2150059.4
2026-06-13 13:00:00+00:00,0.3169,0.3175,0.3168,0.3174,4280807.7
2026-06-13 14:00:00+00:00,0.3174,0.3179,0.3173,0.3177,4081804.2
2026-06-13 15:00:00+00:00,0.3176,0.3177,0.3168,0.3171,2977134.0
2026-06-13 16:00:00+00:00,0.3171,0.3174,0.3168,0.3174,2177087.8
2026-06-13 17:00:00+00:00,0.3173,0.3174,0.3172,0.3174,1445722.4
2026-06-13 18:00:00+00:00,0.3174,0.3175,0.3173,0.3175,1244496.8
2026-06-13 19:00:00+00:00,0.3174,0.3182,0.3174,0.3182,4346152.6
2026-06-13 20:00:00+00:00,0.3182,0.3184,0.318,0.3184,2654716.2
2026-06-13 21:00:00+00:00,0.3183,0.3185,0.3168,0.3171,4350207.6
2026-06-13 22:00:00+00:00,0.3172,0.3174,0.3166,0.317,3343305.9
2026-06-13 23:00:00+00:00,0.317,0.3173,0.3169,0.3172,1480627.0
2026-06-14 00:00:00+00:00,0.3172,0.3173,0.316,0.3162,3502625.1
2026-06-14 01:00:00+00:00,0.3162,0.3162,0.3157,0.3158,1553219.5
2026-06-14 02:00:00+00:00,0.3157,0.316,0.3156,0.3157,2922451.6
2026-06-14 03:00:00+00:00,0.3157,0.3159,0.3156,0.3157,919242.7
2026-06-14 04:00:00+00:00,0.3158,0.3159,0.3156,0.3159,735321.3
2026-06-14 05:00:00+00:00,0.3159,0.3161,0.3157,0.3157,846637.3
2026-06-14 06:00:00+00:00,0.3158,0.3159,0.3155,0.3158,1530125.2
2026-06-14 07:00:00+00:00,0.3159,0.3169,0.3158,0.3169,4614468.6
2026-06-14 08:00:00+00:00,0.3169,0.3174,0.3165,0.3173,4066278.5
2026-06-14 09:00:00+00:00,0.3173,0.3177,0.3171,0.3175,4642529.9
2026-06-14 10:00:00+00:00,0.3174,0.318,0.3174,0.3179,3389242.0
2026-06-14 11:00:00+00:00,0.3178,0.3182,0.3178,0.3182,2596671.4
2026-06-14 12:00:00+00:00,0.3181,0.3185,0.3178,0.318,3455236.0
2026-06-14 13:00:00+00:00,0.318,0.3181,0.3168,0.317,7258928.0
2026-06-14 14:00:00+00:00,0.3171,0.3176,0.3169,0.3176,2603931.7
2026-06-14 15:00:00+00:00,0.3175,0.3184,0.3175,0.3184,3992124.0
2026-06-14 16:00:00+00:00,0.3184,0.3186,0.3181,0.3183,1663467.3
2026-06-14 17:00:00+00:00,0.3183,0.3188,0.3182,0.3187,1714936.8
2026-06-14 18:00:00+00:00,0.3188,0.3189,0.3186,0.3189,1621223.3
2026-06-14 19:00:00+00:00,0.3189,0.319,0.3183,0.3187,2602194.3
2026-06-14 20:00:00+00:00,0.3187,0.319,0.3185,0.319,2108861.9
2026-06-14 21:00:00+00:00,0.319,0.3193,0.3189,0.3192,4368293.0
2026-06-14 22:00:00+00:00,0.3192,0.32,0.3188,0.3199,8531187.1
2026-06-14 23:00:00+00:00,0.3198,0.323,0.3197,0.3218,12747566.9
2026-06-15 00:00:00+00:00,0.3217,0.322,0.3198,0.3202,8792693.7
2026-06-15 01:00:00+00:00,0.3201,0.3205,0.3195,0.3204,3412624.6
2026-06-15 02:00:00+00:00,0.3204,0.3223,0.3202,0.3208,6616125.0
2026-06-15 03:00:00+00:00,0.3208,0.3213,0.3206,0.3212,2253091.0
2026-06-15 04:00:00+00:00,0.3212,0.3213,0.3208,0.321,2062545.5
2026-06-15 05:00:00+00:00,0.321,0.3211,0.3205,0.3208,1272814.6
2026-06-15 06:00:00+00:00,0.3208,0.3208,0.32,0.3201,2640483.6
2026-06-15 07:00:00+00:00,0.3201,0.3202,0.3199,0.32,2125261.2
2026-06-15 08:00:00+00:00,0.3199,0.3204,0.3199,0.3199,2747766.1
2026-06-15 09:00:00+00:00,0.3199,0.3203,0.3195,0.3202,3686356.0
2026-06-15 10:00:00+00:00,0.3202,0.3203,0.3198,0.3202,2964992.9
2026-06-15 11:00:00+00:00,0.3202,0.3209,0.3194,0.3207,6473418.1
2026-06-15 12:00:00+00:00,0.3206,0.3211,0.3206,0.321,4632934.6
2026-06-15 13:00:00+00:00,0.321,0.3217,0.3198,0.3199,11956069.4
2026-06-15 14:00:00+00:00,0.3199,0.3199,0.3182,0.3191,11474319.9
2026-06-15 15:00:00+00:00,0.3191,0.3201,0.3188,0.3196,7226903.2
2026-06-15 16:00:00+00:00,0.3196,0.3196,0.3188,0.3192,4379127.8
2026-06-15 17:00:00+00:00,0.3192,0.3199,0.3189,0.3198,4957734.9
2026-06-15 18:00:00+00:00,0.3197,0.3199,0.3195,0.3198,3060233.3
2026-06-15 19:00:00+00:00,0.3198,0.32,0.3196,0.32,3588900.0
2026-06-15 20:00:00+00:00,0.32,0.3201,0.3198,0.32,2523723.7
2026-06-15 21:00:00+00:00,0.3201,0.3201,0.3198,0.3199,2657703.7
2026-06-15 22:00:00+00:00,0.3199,0.3202,0.3185,0.3188,8043709.1
2026-06-15 23:00:00+00:00,0.3187,0.3189,0.3182,0.3184,3914160.4
2026-06-16 00:00:00+00:00,0.3183,0.3186,0.3178,0.3185,4023951.7
2026-06-16 01:00:00+00:00,0.3186,0.3191,0.3184,0.3191,2115250.0
2026-06-16 02:00:00+00:00,0.3191,0.3191,0.3176,0.3176,5054926.7
2026-06-16 03:00:00+00:00,0.3177,0.318,0.3175,0.3178,2994395.7
2026-06-16 04:00:00+00:00,0.3178,0.3178,0.3174,0.3176,2135380.1
2026-06-16 05:00:00+00:00,0.3175,0.3181,0.3175,0.318,2776890.5
2026-06-16 06:00:00+00:00,0.318,0.3184,0.3179,0.3182,3073310.8
2026-06-16 07:00:00+00:00,0.3182,0.3183,0.3179,0.318,3381659.6
2026-06-16 08:00:00+00:00,0.318,0.3181,0.3173,0.3175,4189066.1
2026-06-16 09:00:00+00:00,0.3174,0.3179,0.3174,0.3176,2141887.1
2026-06-16 10:00:00+00:00,0.3176,0.318,0.3175,0.3178,2962276.2
2026-06-16 11:00:00+00:00,0.3178,0.3179,0.3171,0.3175,4493393.5
2026-06-16 12:00:00+00:00,0.3174,0.3181,0.3172,0.3177,5237720.4
2026-06-16 13:00:00+00:00,0.3177,0.3181,0.3172,0.3176,3935127.1
2026-06-16 14:00:00+00:00,0.3176,0.3177,0.3163,0.317,8581216.5
2026-06-16 15:00:00+00:00,0.317,0.3174,0.3169,0.3173,4021871.6
2026-06-16 16:00:00+00:00,0.3174,0.3176,0.3171,0.3172,4109464.0
2026-06-16 17:00:00+00:00,0.3171,0.3181,0.3171,0.3181,3295860.2
2026-06-16 18:00:00+00:00,0.318,0.3183,0.3172,0.3173,4802733.9
2026-06-16 19:00:00+00:00,0.3172,0.3173,0.3165,0.3166,5249596.5
2026-06-16 20:00:00+00:00,0.3166,0.3169,0.3164,0.3167,3196401.2
2026-06-16 21:00:00+00:00,0.3166,0.3169,0.3163,0.3168,2955805.7
2026-06-16 22:00:00+00:00,0.3167,0.3169,0.3164,0.3169,2358883.1
2026-06-16 23:00:00+00:00,0.3168,0.3171,0.3168,0.3171,2019271.5
2026-06-17 00:00:00+00:00,0.3171,0.3171,0.3167,0.3168,1659799.3
2026-06-17 01:00:00+00:00,0.3169,0.3172,0.3167,0.3171,1330447.2
2026-06-17 02:00:00+00:00,0.3172,0.3173,0.317,0.3173,1836326.0
2026-06-17 03:00:00+00:00,0.3172,0.3174,0.317,0.3173,920610.9
2026-06-17 04:00:00+00:00,0.3174,0.3175,0.3173,0.3174,1280410.4
2026-06-17 05:00:00+00:00,0.3174,0.3181,0.3172,0.3181,3267550.2
2026-06-17 06:00:00+00:00,0.318,0.3184,0.3179,0.3183,4271447.5
2026-06-17 07:00:00+00:00,0.3183,0.3189,0.3182,0.3189,4456025.3
2026-06-17 08:00:00+00:00,0.3189,0.3191,0.3185,0.3191,4328534.7
2026-06-17 09:00:00+00:00,0.3191,0.3201,0.3189,0.32,9731428.4
2026-06-17 10:00:00+00:00,0.32,0.3207,0.3196,0.3199,7154002.8
2026-06-17 11:00:00+00:00,0.3199,0.3203,0.3197,0.32,4521348.9
2026-06-17 12:00:00+00:00,0.32,0.3205,0.3198,0.3205,3747966.4
2026-06-17 13:00:00+00:00,0.3204,0.3205,0.3202,0.3205,2935165.4
2026-06-17 14:00:00+00:00,0.3205,0.3214,0.3203,0.3207,7441592.5
2026-06-17 15:00:00+00:00,0.3207,0.3214,0.3206,0.3213,4224812.0
2026-06-17 16:00:00+00:00,0.3214,0.3223,0.3212,0.3215,10368315.9
2026-06-17 17:00:00+00:00,0.3215,0.3217,0.3212,0.3217,2455700.5
2026-06-17 18:00:00+00:00,0.3217,0.3217,0.3202,0.3209,11896275.4
2026-06-17 19:00:00+00:00,0.3208,0.321,0.3196,0.3202,9361043.7
2026-06-17 20:00:00+00:00,0.3202,0.3206,0.3198,0.3206,3642530.8
2026-06-17 21:00:00+00:00,0.3206,0.3208,0.3202,0.3207,3091573.1
2026-06-17 22:00:00+00:00,0.3207,0.3209,0.3203,0.3209,4606921.4
2026-06-17 23:00:00+00:00,0.3209,0.3218,0.3207,0.3218,6471213.4
2026-06-18 00:00:00+00:00,0.3218,0.3226,0.3212,0.3214,7567138.2
2026-06-18 01:00:00+00:00,0.3214,0.3217,0.3212,0.3214,2346898.4
2026-06-18 02:00:00+00:00,0.3214,0.3216,0.3212,0.3215,970749.6
2026-06-18 03:00:00+00:00,0.3215,0.3215,0.3209,0.3213,2251235.5
2026-06-18 04:00:00+00:00,0.3213,0.3213,0.3202,0.3206,7290374.8
2026-06-18 05:00:00+00:00,0.3206,0.3206,0.3202,0.3203,1947238.5
2026-06-18 06:00:00+00:00,0.3204,0.3207,0.3202,0.3205,1450695.9
2026-06-18 07:00:00+00:00,0.3205,0.3212,0.3202,0.3209,2759273.7
2026-06-18 08:00:00+00:00,0.3209,0.3213,0.3208,0.3213,2393206.7
2026-06-18 09:00:00+00:00,0.3213,0.3216,0.3209,0.3211,4310443.3
2026-06-18 10:00:00+00:00,0.3211,0.3213,0.3208,0.321,4130575.3
2026-06-18 11:00:00+00:00,0.3209,0.321,0.3196,0.3199,11273207.7
2026-06-18 12:00:00+00:00,0.3198,0.3203,0.3196,0.32,3385304.1
2026-06-18 13:00:00+00:00,0.32,0.3203,0.3198,0.32,2000732.4
2026-06-18 14:00:00+00:00,0.32,0.3203,0.3197,0.3197,3558051.9
2026-06-18 15:00:00+00:00,0.3198,0.3199,0.3183,0.3183,12019626.7
2026-06-18 16:00:00+00:00,0.3183,0.3192,0.3183,0.3191,6973741.5
2026-06-18 17:00:00+00:00,0.3191,0.3193,0.3188,0.3193,3899608.3
2026-06-18 18:00:00+00:00,0.3193,0.3196,0.3191,0.3196,3524255.0
2026-06-18 19:00:00+00:00,0.3196,0.3201,0.3195,0.3201,4566813.0
2026-06-18 20:00:00+00:00,0.3201,0.3204,0.3199,0.3202,3916147.0
2026-06-18 21:00:00+00:00,0.3202,0.3205,0.3201,0.3204,2775090.4
2026-06-18 22:00:00+00:00,0.3204,0.3207,0.3203,0.3205,3525858.0
2026-06-18 23:00:00+00:00,0.3205,0.3208,0.3204,0.3208,2938971.0
2026-06-19 00:00:00+00:00,0.3208,0.3211,0.3206,0.3209,2634262.8
2026-06-19 01:00:00+00:00,0.3209,0.3212,0.3207,0.3211,1752240.5
2026-06-19 02:00:00+00:00,0.3211,0.3213,0.321,0.3212,1455245.5
2026-06-19 03:00:00+00:00,0.3212,0.3215,0.3208,0.3212,4438402.9
2026-06-19 04:00:00+00:00,0.3212,0.3213,0.3205,0.3206,4671744.4
2026-06-19 05:00:00+00:00,0.3207,0.3209,0.3203,0.3205,3524911.4
2026-06-19 06:00:00+00:00,0.3205,0.3209,0.3204,0.3205,3643256.8
2026-06-19 07:00:00+00:00,0.3206,0.3206,0.3202,0.3205,2644002.7
2026-06-19 08:00:00+00:00,0.3204,0.3209,0.3204,0.3209,2420692.3
2026-06-19 09:00:00+00:00,0.3209,0.322,0.3207,0.322,7344868.6
2026-06-19 10:00:00+00:00,0.322,0.3221,0.3214,0.3217,2730760.9
2026-06-19 11:00:00+00:00,0.3217,0.322,0.3215,0.3219,2692481.3
2026-06-19 12:00:00+00:00,0.3219,0.3232,0.3219,0.3231,10715485.8
2026-06-19 13:00:00+00:00,0.3231,0.3235,0.3195,0.3199,25498233.1
2026-06-19 14:00:00+00:00,0.3199,0.3208,0.3199,0.3208,4699042.2
2026-06-19 15:00:00+00:00,0.3207,0.3212,0.3206,0.3212,2772195.5
2026-06-19 16:00:00+00:00,0.3212,0.3223,0.3211,0.3222,9287834.9
2026-06-19 17:00:00+00:00,0.3222,0.3225,0.3219,0.3224,5159925.2
2026-06-19 18:00:00+00:00,0.3225,0.3227,0.3223,0.3226,3177988.3
2026-06-19 19:00:00+00:00,0.3225,0.3231,0.3225,0.3231,5292732.3
2026-06-19 20:00:00+00:00,0.3231,0.3232,0.3226,0.3232,2728921.8
2026-06-19 21:00:00+00:00,0.3232,0.3234,0.3228,0.3233,5374495.5
2026-06-19 22:00:00+00:00,0.3233,0.3236,0.3229,0.3234,3670607.3
2026-06-19 23:00:00+00:00,0.3235,0.3239,0.3231,0.3239,5665452.7
2026-06-20 00:00:00+00:00,0.3239,0.324,0.3229,0.3231,3863282.3
2026-06-20 01:00:00+00:00,0.3232,0.3235,0.3224,0.323,5532506.2
2026-06-20 02:00:00+00:00,0.323,0.323,0.3223,0.3227,4791866.6
2026-06-20 03:00:00+00:00,0.3228,0.3229,0.3224,0.3227,1713997.5
2026-06-20 04:00:00+00:00,0.3227,0.3227,0.3222,0.3225,1446905.0
2026-06-20 05:00:00+00:00,0.3225,0.3225,0.3219,0.3224,1955938.4
2026-06-20 06:00:00+00:00,0.3224,0.3226,0.3222,0.3223,1210508.4
2026-06-20 07:00:00+00:00,0.3223,0.3227,0.322,0.3225,1957002.9
2026-06-20 08:00:00+00:00,0.3225,0.3229,0.3223,0.3229,2206579.1
2026-06-20 09:00:00+00:00,0.3229,0.3236,0.3222,0.3235,7373225.6
2026-06-20 10:00:00+00:00,0.3235,0.3241,0.3234,0.3241,6108520.7
2026-06-20 11:00:00+00:00,0.3241,0.3247,0.3238,0.3247,7871795.2
2026-06-20 12:00:00+00:00,0.3246,0.3254,0.3242,0.3253,12129226.3
2026-06-20 13:00:00+00:00,0.3253,0.3262,0.3251,0.3261,9938484.8
2026-06-20 14:00:00+00:00,0.326,0.3261,0.3237,0.3253,18229971.7
2026-06-20 15:00:00+00:00,0.3253,0.3257,0.3235,0.3242,17021059.3
2026-06-20 16:00:00+00:00,0.3242,0.3252,0.324,0.3252,7584061.9
2026-06-20 17:00:00+00:00,0.3252,0.3252,0.3245,0.3249,3690953.8
2026-06-20 18:00:00+00:00,0.3249,0.3254,0.3248,0.3254,3241577.2
2026-06-20 19:00:00+00:00,0.3254,0.3257,0.3252,0.3256,3269979.4
2026-06-20 20:00:00+00:00,0.3256,0.3258,0.3255,0.3257,2068515.9
2026-06-20 21:00:00+00:00,0.3258,0.3265,0.3256,0.3264,4407903.8
2026-06-20 22:00:00+00:00,0.3263,0.3269,0.3262,0.3268,5805776.8
2026-06-20 23:00:00+00:00,0.3267,0.3269,0.3264,0.3268,1430878.5
2026-06-21 00:00:00+00:00,0.3268,0.3269,0.3265,0.3266,1706136.3
2026-06-21 01:00:00+00:00,0.3266,0.3269,0.3264,0.3269,1315276.8
2026-06-21 02:00:00+00:00,0.3269,0.327,0.3268,0.3269,841645.2
2026-06-21 03:00:00+00:00,0.3269,0.327,0.3262,0.3264,2020626.7
2026-06-21 04:00:00+00:00,0.3264,0.3265,0.3261,0.3262,1158643.2
2026-06-21 05:00:00+00:00,0.3262,0.3266,0.3261,0.3265,1293151.6
2026-06-21 06:00:00+00:00,0.3264,0.3265,0.326,0.3261,1057165.1
2026-06-21 07:00:00+00:00,0.3261,0.3274,0.326,0.3274,5424385.4
2026-06-21 08:00:00+00:00,0.3274,0.3275,0.3269,0.3271,3567385.9
2026-06-21 09:00:00+00:00,0.327,0.3274,0.3269,0.3271,2591333.7
2026-06-21 10:00:00+00:00,0.327,0.3272,0.3267,0.3269,2177365.0
2026-06-21 11:00:00+00:00,0.3269,0.3272,0.3265,0.3267,2143156.8
2026-06-21 12:00:00+00:00,0.3268,0.3268,0.3264,0.3268,2025474.2
2026-06-21 13:00:00+00:00,0.3268,0.3268,0.3264,0.3266,2270839.2
2026-06-21 14:00:00+00:00,0.3267,0.3268,0.3264,0.3267,2379980.6
2026-06-21 15:00:00+00:00,0.3266,0.327,0.3265,0.3268,1723091.1
2026-06-21 16:00:00+00:00,0.3268,0.3274,0.3265,0.3273,3796068.1
2026-06-21 17:00:00+00:00,0.3274,0.3275,0.3272,0.3275,2279593.8
2026-06-21 18:00:00+00:00,0.3275,0.3277,0.3273,0.3275,2636203.5
2026-06-21 19:00:00+00:00,0.3275,0.3279,0.3274,0.3279,2226293.7
2026-06-21 20:00:00+00:00,0.3279,0.328,0.3277,0.328,2252094.6
2026-06-21 21:00:00+00:00,0.328,0.328,0.3273,0.3276,4810141.4
2026-06-21 22:00:00+00:00,0.3276,0.3282,0.3276,0.3282,3095623.8
2026-06-21 23:00:00+00:00,0.3282,0.3283,0.3273,0.3278,5903992.8
2026-06-22 00:00:00+00:00,0.3277,0.3279,0.3275,0.3279,2179141.0
2026-06-22 01:00:00+00:00,0.3279,0.3284,0.3278,0.3282,4183689.9
2026-06-22 02:00:00+00:00,0.3283,0.3284,0.328,0.3282,1745964.4
2026-06-22 03:00:00+00:00,0.3282,0.3284,0.3278,0.3283,2411954.3
2026-06-22 04:00:00+00:00,0.3282,0.3284,0.328,0.3283,2515744.3
2026-06-22 05:00:00+00:00,0.3283,0.3287,0.3282,0.3287,2477210.2
2026-06-22 06:00:00+00:00,0.3287,0.3293,0.3285,0.3292,4860414.2
2026-06-22 07:00:00+00:00,0.3292,0.3303,0.3292,0.3301,8359383.7
2026-06-22 08:00:00+00:00,0.3301,0.3306,0.33,0.3306,4827947.5
2026-06-22 09:00:00+00:00,0.3306,0.3317,0.3305,0.3308,9336088.2
2026-06-22 10:00:00+00:00,0.3308,0.3314,0.3307,0.3312,3823826.1
2026-06-22 11:00:00+00:00,0.3312,0.3316,0.3312,0.3314,4277407.0
2026-06-22 12:00:00+00:00,0.3314,0.3317,0.3312,0.3316,3124374.2
2026-06-22 13:00:00+00:00,0.3316,0.3318,0.3312,0.3317,5514543.4
2026-06-22 14:00:00+00:00,0.3316,0.3321,0.3316,0.332,5275031.6
2026-06-22 15:00:00+00:00,0.332,0.3322,0.3284,0.3301,16156131.2
2026-06-22 16:00:00+00:00,0.3301,0.3331,0.3298,0.3331,21997841.4
2026-06-22 17:00:00+00:00,0.333,0.3331,0.3318,0.3324,5103325.2
2026-06-22 18:00:00+00:00,0.3324,0.3327,0.3321,0.3324,3166423.9
2026-06-22 19:00:00+00:00,0.3325,0.3326,0.3319,0.3322,3007480.2
2026-06-22 20:00:00+00:00,0.3323,0.3337,0.3322,0.3337,3452705.3
2026-06-22 21:00:00+00:00,0.3337,0.3337,0.3332,0.3337,2301039.2
2026-06-22 22:00:00+00:00,0.3337,0.3338,0.3333,0.3336,2313840.5
2026-06-22 23:00:00+00:00,0.3336,0.3341,0.3335,0.3341,2844033.1
2026-06-23 00:00:00+00:00,0.334,0.3342,0.3334,0.334,4638397.1
2026-06-23 01:00:00+00:00,0.334,0.334,0.3335,0.3337,2470013.1
2026-06-23 02:00:00+00:00,0.3336,0.3339,0.3332,0.3335,2842588.4
2026-06-23 03:00:00+00:00,0.3335,0.3336,0.3331,0.3336,2647348.6
2026-06-23 04:00:00+00:00,0.3336,0.3336,0.3323,0.3325,4848629.9
2026-06-23 05:00:00+00:00,0.3325,0.3327,0.3314,0.3321,7205841.7
2026-06-23 06:00:00+00:00,0.3321,0.3321,0.331,0.3318,9242250.8
2026-06-23 07:00:00+00:00,0.3319,0.3323,0.3315,0.3317,7836698.7
2026-06-23 08:00:00+00:00,0.3318,0.3319,0.3303,0.3305,11899358.7
2026-06-23 09:00:00+00:00,0.3304,0.3305,0.3296,0.3299,9117339.7
2026-06-23 10:00:00+00:00,0.33,0.3301,0.3288,0.329,6982349.3
2026-06-23 11:00:00+00:00,0.3291,0.33,0.329,0.3299,4496396.0
2026-06-23 12:00:00+00:00,0.33,0.33,0.3293,0.3295,1960805.2
2026-06-23 13:00:00+00:00,0.3294,0.33,0.3293,0.3297,3397199.0
2026-06-23 14:00:00+00:00,0.3298,0.3302,0.3296,0.3296,4176383.3
2026-06-23 15:00:00+00:00,0.3296,0.3304,0.3295,0.3298,6872654.7
2026-06-23 16:00:00+00:00,0.3299,0.3307,0.3296,0.3306,6738251.3
2026-06-23 17:00:00+00:00,0.3306,0.3306,0.3299,0.3301,2609246.1
2026-06-23 18:00:00+00:00,0.33,0.3301,0.3293,0.3294,4386685.3
2026-06-23 19:00:00+00:00,0.3293,0.3295,0.3287,0.3289,4117027.4
2026-06-23 20:00:00+00:00,0.329,0.3291,0.3288,0.329,861539.4
2026-06-23 21:00:00+00:00,0.329,0.3294,0.3287,0.3294,2738543.3
2026-06-23 22:00:00+00:00,0.3294,0.3295,0.329,0.3294,1849583.7
2026-06-23 23:00:00+00:00,0.3294,0.3295,0.3291,0.3293,1602738.5
2026-06-24 00:00:00+00:00,0.3292,0.3296,0.329,0.3293,2587651.9
2026-06-24 01:00:00+00:00,0.3293,0.3293,0.3289,0.329,1436665.6
2026-06-24 02:00:00+00:00,0.3289,0.3292,0.3288,0.3289,2562306.4
2026-06-24 03:00:00+00:00,0.3289,0.3298,0.3289,0.3294,3143489.6
2026-06-24 04:00:00+00:00,0.3294,0.3295,0.3292,0.3295,1175678.6
2026-06-24 05:00:00+00:00,0.3294,0.3297,0.3292,0.3292,1700184.9
2026-06-24 06:00:00+00:00,0.3293,0.3293,0.3288,0.329,2267277.1
2026-06-24 07:00:00+00:00,0.3289,0.3293,0.3289,0.3292,2708175.8
2026-06-24 08:00:00+00:00,0.3292,0.3309,0.329,0.3307,7663156.7
2026-06-24 09:00:00+00:00,0.3307,0.3311,0.3306,0.3311,3305157.4
2026-06-24 10:00:00+00:00,0.3311,0.3318,0.3305,0.3315,7725346.6
2026-06-24 11:00:00+00:00,0.3315,0.3315,0.331,0.3315,2881958.1
2026-06-24 12:00:00+00:00,0.3315,0.3315,0.3312,0.3313,1479453.7
2026-06-24 13:00:00+00:00,0.3313,0.3314,0.3289,0.3294,15165050.9
2026-06-24 14:00:00+00:00,0.3294,0.3296,0.329,0.3293,3455372.3
2026-06-24 15:00:00+00:00,0.3293,0.3294,0.3272,0.3275,14332580.4
2026-06-24 16:00:00+00:00,0.3275,0.3278,0.3259,0.3263,13807367.3
2026-06-24 17:00:00+00:00,0.3264,0.3265,0.3252,0.3253,13412767.1
2026-06-24 18:00:00+00:00,0.3253,0.3262,0.3251,0.326,9267095.0
2026-06-24 19:00:00+00:00,0.3261,0.3265,0.3253,0.3257,8489798.5
2026-06-24 20:00:00+00:00,0.3257,0.3273,0.3255,0.3273,17813433.1
2026-06-24 21:00:00+00:00,0.3273,0.3274,0.3269,0.3273,11516586.8
2026-06-24 22:00:00+00:00,0.3273,0.3281,0.3273,0.3276,11390516.2
2026-06-24 23:00:00+00:00,0.3276,0.3278,0.327,0.3274,7864331.3
2026-06-25 00:00:00+00:00,0.3275,0.3277,0.3271,0.3277,6195709.4
2026-06-25 01:00:00+00:00,0.3277,0.3278,0.3271,0.3276,7139521.3
2026-06-25 02:00:00+00:00,0.3276,0.3277,0.3273,0.3276,3455820.6
2026-06-25 03:00:00+00:00,0.3277,0.3277,0.3273,0.3274,1215256.6
2026-06-25 04:00:00+00:00,0.3273,0.3278,0.3273,0.3277,2093192.6
2026-06-25 05:00:00+00:00,0.3278,0.3305,0.3277,0.3298,16817205.9
2026-06-25 06:00:00+00:00,0.3297,0.3299,0.3291,0.3291,4349253.2
2026-06-25 07:00:00+00:00,0.3292,0.3297,0.3291,0.3294,4715056.1
2026-06-25 08:00:00+00:00,0.3295,0.3296,0.329,0.3293,2163921.8
2026-06-25 09:00:00+00:00,0.3293,0.3295,0.3289,0.3294,4429883.2
2026-06-25 10:00:00+00:00,0.3293,0.3294,0.3288,0.3289,3119949.8
2026-06-25 11:00:00+00:00,0.3289,0.3292,0.3284,0.3285,5407377.2
2026-06-25 12:00:00+00:00,0.3284,0.3285,0.3268,0.327,9809981.8
2026-06-25 13:00:00+00:00,0.3269,0.3274,0.3225,0.3228,33176022.0
2026-06-25 14:00:00+00:00,0.3228,0.324,0.3227,0.3234,21842791.2
2026-06-25 15:00:00+00:00,0.3234,0.3235,0.3226,0.3234,7100842.8
2026-06-25 16:00:00+00:00,0.3233,0.3241,0.3228,0.324,6170648.9
2026-06-25 17:00:00+00:00,0.3241,0.3247,0.3234,0.3242,8554311.2
2026-06-25 18:00:00+00:00,0.3242,0.3246,0.3239,0.3245,4487933.2
2026-06-25 19:00:00+00:00,0.3245,0.3245,0.3238,0.3239,2445553.8
2026-06-25 20:00:00+00:00,0.3239,0.3243,0.3238,0.3239,2100862.6
2026-06-25 21:00:00+00:00,0.3239,0.3244,0.3237,0.3243,4978511.0
2026-06-25 22:00:00+00:00,0.3243,0.3244,0.3239,0.3242,2640755.6
2026-06-25 23:00:00+00:00,0.3241,0.3243,0.3238,0.3238,1787819.2
2026-06-26 00:00:00+00:00,0.3239,0.3242,0.3238,0.3239,2113116.2
2026-06-26 01:00:00+00:00,0.324,0.3241,0.3233,0.3233,2773631.7
2026-06-26 02:00:00+00:00,0.3234,0.3234,0.3219,0.322,12094578.5
2026-06-26 03:00:00+00:00,0.322,0.3221,0.3214,0.3221,9326588.7
2026-06-26 04:00:00+00:00,0.3221,0.3224,0.3218,0.322,4200292.7
2026-06-26 05:00:00+00:00,0.322,0.3223,0.3217,0.3221,2832093.5
2026-06-26 06:00:00+00:00,0.3221,0.3228,0.3217,0.3228,5531121.4
2026-06-26 07:00:00+00:00,0.3228,0.323,0.3224,0.3229,3710824.1
2026-06-26 08:00:00+00:00,0.3229,0.323,0.3224,0.3226,3321695.1
2026-06-26 09:00:00+00:00,0.3226,0.3227,0.3223,0.3223,1711188.9
2026-06-26 10:00:00+00:00,0.3223,0.3225,0.3222,0.3222,1717794.5
2026-06-26 11:00:00+00:00,0.3222,0.3223,0.322,0.3221,1664000.6
2026-06-26 12:00:00+00:00,0.3221,0.3221,0.3207,0.3209,8835949.8
2026-06-26 13:00:00+00:00,0.3209,0.3209,0.3186,0.32,15614918.2
2026-06-26 14:00:00+00:00,0.32,0.3202,0.3193,0.3194,5090541.0
2026-06-26 15:00:00+00:00,0.3193,0.3205,0.3192,0.3203,7719903.7
2026-06-26 16:00:00+00:00,0.3203,0.3204,0.3192,0.3195,6884341.3
2026-06-26 17:00:00+00:00,0.3194,0.3204,0.3192,0.3204,5534263.4
2026-06-26 18:00:00+00:00,0.3204,0.3204,0.3199,0.3202,2600092.9
2026-06-26 19:00:00+00:00,0.3202,0.3204,0.32,0.32,2585705.2
2026-06-26 20:00:00+00:00,0.3201,0.3208,0.3199,0.32,5170737.0
2026-06-26 21:00:00+00:00,0.3199,0.3206,0.3198,0.3205,4042319.7
2026-06-26 22:00:00+00:00,0.3204,0.3206,0.3202,0.3203,2016569.8
2026-06-26 23:00:00+00:00,0.3203,0.3206,0.3202,0.3206,1624248.4
2026-06-27 00:00:00+00:00,0.3206,0.3206,0.3199,0.3204,2122956.7
2026-06-27 01:00:00+00:00,0.3203,0.3206,0.3203,0.3203,1384342.1
2026-06-27 02:00:00+00:00,0.3203,0.321,0.3203,0.3209,4282479.6
2026-06-27 03:00:00+00:00,0.3208,0.3209,0.3205,0.3206,1123895.4
2026-06-27 04:00:00+00:00,0.3206,0.3211,0.3206,0.3209,1836778.5
2026-06-27 05:00:00+00:00,0.3209,0.321,0.3207,0.3208,596596.1
2026-06-27 06:00:00+00:00,0.3209,0.321,0.3206,0.3208,1676210.2
2026-06-27 07:00:00+00:00,0.3208,0.3213,0.3208,0.3213,2583308.3
2026-06-27 08:00:00+00:00,0.3213,0.3213,0.3209,0.3211,981013.0
2026-06-27 09:00:00+00:00,0.3211,0.3213,0.3209,0.3212,2055587.5
2026-06-27 10:00:00+00:00,0.3212,0.3215,0.3209,0.321,2508196.9
2026-06-27 11:00:00+00:00,0.3211,0.3213,0.3209,0.3213,1832859.9
2026-06-27 12:00:00+00:00,0.3213,0.3213,0.3207,0.3208,2023158.9
2026-06-27 13:00:00+00:00,0.3209,0.321,0.3207,0.3208,1781176.9
2026-06-27 14:00:00+00:00,0.3209,0.3209,0.3206,0.3207,1870964.7
2026-06-27 15:00:00+00:00,0.3208,0.3211,0.3207,0.3208,3377314.6
2026-06-27 16:00:00+00:00,0.3208,0.3212,0.3207,0.3212,1784213.3
2026-06-27 17:00:00+00:00,0.3212,0.3212,0.3205,0.3209,3530827.7
2026-06-27 18:00:00+00:00,0.3209,0.3211,0.3207,0.321,2304860.4
2026-06-27 19:00:00+00:00,0.321,0.321,0.3205,0.3206,3077476.0
2026-06-27 20:00:00+00:00,0.3206,0.3207,0.3205,0.3206,1997391.1
2026-06-27 21:00:00+00:00,0.3207,0.3211,0.3207,0.321,4407239.3
2026-06-27 22:00:00+00:00,0.3209,0.3212,0.3206,0.321,3752994.9
2026-06-27 23:00:00+00:00,0.321,0.3213,0.3208,0.3213,1817626.4
2026-06-28 00:00:00+00:00,0.3213,0.3223,0.3212,0.3221,9453084.4
2026-06-28 01:00:00+00:00,0.3221,0.3222,0.3219,0.3222,1469494.9
2026-06-28 02:00:00+00:00,0.3222,0.3223,0.322,0.3222,929536.4
2026-06-28 03:00:00+00:00,0.3222,0.3227,0.3221,0.3226,2400570.5
2026-06-28 04:00:00+00:00,0.3225,0.3227,0.3223,0.3227,2130013.5
2026-06-28 05:00:00+00:00,0.3226,0.3227,0.3218,0.3224,2410280.3
2026-06-28 06:00:00+00:00,0.3224,0.3224,0.3213,0.3216,3619121.7
2026-06-28 07:00:00+00:00,0.3216,0.3219,0.3213,0.3217,1712463.6
2026-06-28 08:00:00+00:00,0.3216,0.3219,0.3214,0.3218,1868586.6
2026-06-28 09:00:00+00:00,0.3218,0.3223,0.3217,0.3223,2956029.3
2026-06-28 10:00:00+00:00,0.3223,0.3234,0.3222,0.3229,5684058.3
2026-06-28 11:00:00+00:00,0.323,0.3237,0.323,0.3236,5314473.1
2026-06-28 12:00:00+00:00,0.3236,0.3244,0.3235,0.3243,8283534.1
2026-06-28 13:00:00+00:00,0.3242,0.3245,0.3237,0.3238,3419024.0
2026-06-28 14:00:00+00:00,0.3237,0.3245,0.3231,0.3235,6805496.7
2026-06-28 15:00:00+00:00,0.3235,0.3238,0.3233,0.3235,3453258.4
2026-06-28 16:00:00+00:00,0.3235,0.3239,0.3232,0.3235,3742892.0
2026-06-28 17:00:00+00:00,0.3235,0.3236,0.3229,0.3232,3005183.6
2026-06-28 18:00:00+00:00,0.3232,0.3234,0.3229,0.3233,2031524.6
2026-06-28 19:00:00+00:00,0.3233,0.3234,0.3229,0.3229,2192982.1
2026-06-28 20:00:00+00:00,0.3229,0.3233,0.3228,0.3233,1622591.0
2026-06-28 21:00:00+00:00,0.3233,0.3234,0.3226,0.3226,4055418.3
2026-06-28 22:00:00+00:00,0.3226,0.323,0.322,0.3221,6349143.1
2026-06-28 23:00:00+00:00,0.3221,0.3226,0.3221,0.3222,2119158.4
2026-06-29 00:00:00+00:00,0.3222,0.3223,0.3217,0.3223,3124349.5
2026-06-29 01:00:00+00:00,0.3223,0.3223,0.322,0.3222,1090494.5
2026-06-29 02:00:00+00:00,0.3222,0.3223,0.3215,0.3219,3283921.9
2026-06-29 03:00:00+00:00,0.3219,0.3223,0.3218,0.3222,2263398.9
2026-06-29 04:00:00+00:00,0.3222,0.3225,0.3221,0.3224,3305375.7
2026-06-29 05:00:00+00:00,0.3224,0.3227,0.3222,0.3227,2536178.7
2026-06-29 06:00:00+00:00,0.3227,0.3239,0.3226,0.3234,9514002.1
2026-06-29 07:00:00+00:00,0.3234,0.3242,0.3231,0.3241,6568331.0
2026-06-29 08:00:00+00:00,0.3241,0.3244,0.324,0.3242,4555181.9
2026-06-29 09:00:00+00:00,0.3243,0.3246,0.3238,0.324,3988921.2
2026-06-29 10:00:00+00:00,0.324,0.3242,0.3234,0.3236,3516492.5
2026-06-29 11:00:00+00:00,0.3236,0.3237,0.3222,0.3223,9271128.7
2026-06-29 12:00:00+00:00,0.3223,0.3225,0.3216,0.3218,9628384.2
2026-06-29 13:00:00+00:00,0.3218,0.3227,0.3218,0.3221,4763241.4
2026-06-29 14:00:00+00:00,0.3221,0.3225,0.3218,0.3222,5315285.2
2026-06-29 15:00:00+00:00,0.3222,0.3236,0.3221,0.3234,8279554.1
2026-06-29 16:00:00+00:00,0.3234,0.3235,0.3213,0.3215,6710226.2
2026-06-29 17:00:00+00:00,0.3214,0.3223,0.3208,0.3219,13902716.3
2026-06-29 18:00:00+00:00,0.3219,0.322,0.3212,0.3215,2427224.4
2026-06-29 19:00:00+00:00,0.3215,0.3218,0.3212,0.3217,2996082.1
2026-06-29 20:00:00+00:00,0.3217,0.3219,0.3215,0.3216,1697575.2
2026-06-29 21:00:00+00:00,0.3215,0.3218,0.3214,0.3218,1163933.1
2026-06-29 22:00:00+00:00,0.3218,0.3219,0.3215,0.3215,1500947.1
2026-06-29 23:00:00+00:00,0.3215,0.3216,0.3213,0.3214,1960037.3
2026-06-30 00:00:00+00:00,0.3213,0.3214,0.32,0.3201,8278703.4
2026-06-30 01:00:00+00:00,0.3201,0.3201,0.3194,0.3195,5712246.3
2026-06-30 02:00:00+00:00,0.3196,0.3202,0.3194,0.3202,3249798.1
2026-06-30 03:00:00+00:00,0.3202,0.3203,0.3197,0.3199,3055467.2
2026-06-30 04:00:00+00:00,0.3199,0.3202,0.3197,0.3201,1997114.0
2026-06-30 05:00:00+00:00,0.3201,0.3204,0.3199,0.3201,1776426.6
2026-06-30 06:00:00+00:00,0.3201,0.3202,0.3196,0.3198,2646099.2
2026-06-30 07:00:00+00:00,0.3197,0.32,0.3192,0.3194,2269570.9
2026-06-30 08:00:00+00:00,0.3193,0.3194,0.3188,0.3189,5465650.2
2026-06-30 09:00:00+00:00,0.3189,0.3191,0.3183,0.3184,5338757.1
2026-06-30 10:00:00+00:00,0.3184,0.3184,0.3174,0.3175,7446300.8
2026-06-30 11:00:00+00:00,0.3176,0.318,0.3174,0.3175,5359985.8
2026-06-30 12:00:00+00:00,0.3176,0.3177,0.3172,0.3173,3607447.8
2026-06-30 13:00:00+00:00,0.3172,0.3177,0.3167,0.3167,9126733.1
2026-06-30 14:00:00+00:00,0.3168,0.3172,0.3167,0.3168,4146736.7
2026-06-30 15:00:00+00:00,0.3167,0.3172,0.3165,0.3168,5830667.7
2026-06-30 16:00:00+00:00,0.3169,0.3169,0.315,0.3152,15203616.5
2026-06-30 17:00:00+00:00,0.3151,0.3157,0.315,0.3153,3385167.9
2026-06-30 18:00:00+00:00,0.3154,0.3156,0.315,0.3153,5036418.1
2026-06-30 19:00:00+00:00,0.3153,0.3159,0.3152,0.3153,3995940.4
2026-06-30 20:00:00+00:00,0.3153,0.3157,0.3151,0.3152,3079571.6
2026-06-30 21:00:00+00:00,0.3152,0.3156,0.3151,0.3151,3120376.8
2026-06-30 22:00:00+00:00,0.3151,0.3155,0.315,0.3155,1575087.3
2026-06-30 23:00:00+00:00,0.3155,0.3156,0.3153,0.3153,1309367.0
2026-07-01 00:00:00+00:00,0.3154,0.3154,0.3147,0.3148,4432854.2
2026-07-01 01:00:00+00:00,0.3149,0.3151,0.3144,0.3149,4292780.3
2026-07-01 02:00:00+00:00,0.3149,0.3156,0.3149,0.3156,4219736.7
2026-07-01 03:00:00+00:00,0.3156,0.3167,0.3156,0.3167,6401244.6
2026-07-01 04:00:00+00:00,0.3167,0.3171,0.3165,0.3167,3325372.8
2026-07-01 05:00:00+00:00,0.3167,0.3178,0.3165,0.3168,5141063.1
2026-07-01 06:00:00+00:00,0.3168,0.3171,0.3165,0.3166,6137759.7
2026-07-01 07:00:00+00:00,0.3166,0.3169,0.3164,0.3165,3466921.4
2026-07-01 08:00:00+00:00,0.3165,0.3165,0.3161,0.3164,3242337.4
2026-07-01 09:00:00+00:00,0.3164,0.317,0.3163,0.317,4480308.6
2026-07-01 10:00:00+00:00,0.317,0.317,0.3165,0.3167,1780535.9
2026-07-01 11:00:00+00:00,0.3166,0.3176,0.3166,0.3175,7202714.9
2026-07-01 12:00:00+00:00,0.3174,0.3176,0.3167,0.3169,2074648.1
2026-07-01 13:00:00+00:00,0.317,0.3174,0.3166,0.3174,4762359.9
2026-07-01 14:00:00+00:00,0.3174,0.3183,0.3173,0.3176,8270639.4
2026-07-01 15:00:00+00:00,0.3175,0.319,0.3175,0.3179,8573688.4
2026-07-01 16:00:00+00:00,0.3179,0.3183,0.3178,0.318,3963223.6
2026-07-01 17:00:00+00:00,0.318,0.3185,0.3179,0.3184,3038749.5
2026-07-01 18:00:00+00:00,0.3183,0.3184,0.3177,0.3177,2356318.1
2026-07-01 19:00:00+00:00,0.3178,0.3179,0.3173,0.3174,4075807.0
2026-07-01 20:00:00+00:00,0.3174,0.3175,0.317,0.3172,3823235.8
2026-07-01 21:00:00+00:00,0.3172,0.3177,0.3171,0.3174,3537564.5
2026-07-01 22:00:00+00:00,0.3174,0.3175,0.3167,0.3167,3170056.5
2026-07-01 23:00:00+00:00,0.3168,0.3168,0.3159,0.3161,6545840.2
2026-07-02 00:00:00+00:00,0.3161,0.3164,0.3159,0.3164,1978283.2
2026-07-02 01:00:00+00:00,0.3163,0.3166,0.3163,0.3165,1921358.6
2026-07-02 02:00:00+00:00,0.3165,0.3167,0.3164,0.3166,1980256.8
2026-07-02 03:00:00+00:00,0.3165,0.3166,0.3162,0.3164,2829269.2
2026-07-02 04:00:00+00:00,0.3165,0.3166,0.3162,0.3165,1463973.6
2026-07-02 05:00:00+00:00,0.3165,0.3165,0.3159,0.3159,3142100.4
2026-07-02 06:00:00+00:00,0.3159,0.3161,0.3154,0.3155,3742488.6
2026-07-02 07:00:00+00:00,0.3156,0.3171,0.3155,0.3169,6692382.0
2026-07-02 08:00:00+00:00,0.317,0.3177,0.317,0.3175,4072403.6
2026-07-02 09:00:00+00:00,0.3174,0.3175,0.3169,0.3172,2971431.3
2026-07-02 10:00:00+00:00,0.3172,0.3172,0.3168,0.3169,2038744.4
2026-07-02 11:00:00+00:00,0.3168,0.3178,0.3168,0.3173,3861806.3
2026-07-02 12:00:00+00:00,0.3174,0.3176,0.3171,0.3172,2482329.6
2026-07-02 13:00:00+00:00,0.3171,0.3189,0.3171,0.3186,8210165.8
2026-07-02 14:00:00+00:00,0.3186,0.3196,0.3182,0.3186,8894954.0
2026-07-02 15:00:00+00:00,0.3186,0.3187,0.3179,0.3185,2928605.8
2026-07-02 16:00:00+00:00,0.3184,0.3188,0.318,0.3181,4538312.5
2026-07-02 17:00:00+00:00,0.3182,0.3184,0.3179,0.3179,1855087.2
2026-07-02 18:00:00+00:00,0.3179,0.3183,0.3178,0.3178,1938943.7
2026-07-02 19:00:00+00:00,0.3178,0.3179,0.3175,0.3175,2285452.5
2026-07-02 20:00:00+00:00,0.3175,0.3178,0.3175,0.3178,1537431.3
2026-07-02 21:00:00+00:00,0.3177,0.3178,0.3173,0.3177,1924090.5
2026-07-02 22:00:00+00:00,0.3176,0.3177,0.3174,0.3176,1046394.9
2026-07-02 23:00:00+00:00,0.3176,0.3179,0.3174,0.3176,1068803.6
2026-07-03 00:00:00+00:00,0.3176,0.3178,0.3173,0.3173,1754500.9
2026-07-03 01:00:00+00:00,0.3174,0.3178,0.3174,0.3176,1547623.0
2026-07-03 02:00:00+00:00,0.3176,0.3176,0.3172,0.3174,2591012.5
2026-07-03 03:00:00+00:00,0.3174,0.3177,0.3172,0.3177,1852613.5
2026-07-03 04:00:00+00:00,0.3177,0.3178,0.3173,0.3174,1657164.0
2026-07-03 05:00:00+00:00,0.3173,0.3177,0.3172,0.3175,1350503.9
2026-07-03 06:00:00+00:00,0.3174,0.3195,0.3172,0.3189,13876058.2
2026-07-03 07:00:00+00:00,0.3189,0.3192,0.3187,0.3192,6288080.1
2026-07-03 08:00:00+00:00,0.3192,0.3196,0.319,0.3196,5931148.1
2026-07-03 09:00:00+00:00,0.3196,0.3201,0.3195,0.32,5874544.9
2026-07-03 10:00:00+00:00,0.32,0.3205,0.3196,0.3202,7706398.8
2026-07-03 11:00:00+00:00,0.3202,0.3206,0.3201,0.3205,3924826.2
2026-07-03 12:00:00+00:00,0.3205,0.3208,0.3202,0.3206,3798587.5
2026-07-03 13:00:00+00:00,0.3206,0.321,0.3204,0.321,4206149.2
2026-07-03 14:00:00+00:00,0.321,0.3212,0.3203,0.3206,4227461.9
2026-07-03 15:00:00+00:00,0.3206,0.3213,0.3204,0.3208,8206608.6
2026-07-03 16:00:00+00:00,0.3207,0.321,0.3203,0.3203,3701675.8
2026-07-03 17:00:00+00:00,0.3204,0.3208,0.3204,0.3205,1438367.5
2026-07-03 18:00:00+00:00,0.3206,0.3209,0.3205,0.3209,1368509.1
2026-07-03 19:00:00+00:00,0.3209,0.3212,0.3208,0.3212,2536987.5
2026-07-03 20:00:00+00:00,0.3212,0.3223,0.3212,0.3221,7041295.5
2026-07-03 21:00:00+00:00,0.3221,0.3232,0.322,0.3227,8274665.7
2026-07-03 22:00:00+00:00,0.3227,0.323,0.3225,0.3229,2987191.4
2026-07-03 23:00:00+00:00,0.3229,0.3236,0.3228,0.3234,4363649.2
2026-07-04 00:00:00+00:00,0.3234,0.3244,0.3234,0.3243,6534545.8
2026-07-04 01:00:00+00:00,0.3242,0.3243,0.3236,0.3239,2760823.2
2026-07-04 02:00:00+00:00,0.3238,0.3243,0.3236,0.3241,2161443.9
2026-07-04 03:00:00+00:00,0.324,0.324,0.3234,0.3239,3023576.9
2026-07-04 04:00:00+00:00,0.3239,0.3241,0.3236,0.3236,1446331.5
2026-07-04 05:00:00+00:00,0.3237,0.3237,0.323,0.323,3597775.4
2026-07-04 06:00:00+00:00,0.323,0.3233,0.3229,0.3233,2071106.8
2026-07-04 07:00:00+00:00,0.3232,0.324,0.3231,0.324,2990143.1
2026-07-04 08:00:00+00:00,0.3239,0.3243,0.3238,0.3241,2375501.8
2026-07-04 09:00:00+00:00,0.3242,0.3246,0.3241,0.3245,3249710.0
2026-07-04 10:00:00+00:00,0.3246,0.3254,0.3244,0.3253,6180816.0
2026-07-04 11:00:00+00:00,0.3253,0.3256,0.3249,0.3256,2246356.4
2026-07-04 12:00:00+00:00,0.3256,0.3259,0.3251,0.3259,3881840.0
2026-07-04 13:00:00+00:00,0.3259,0.3265,0.3256,0.3258,5284380.7
2026-07-04 14:00:00+00:00,0.3258,0.3259,0.3255,0.3255,2529091.4
2026-07-04 15:00:00+00:00,0.3256,0.326,0.3254,0.3258,2089797.1
2026-07-04 16:00:00+00:00,0.3258,0.3262,0.3256,0.3261,2173840.5
2026-07-04 17:00:00+00:00,0.3261,0.3262,0.3255,0.326,2686639.5
2026-07-04 18:00:00+00:00,0.326,0.3264,0.3259,0.3262,2693542.9
2026-07-04 19:00:00+00:00,0.3263,0.3264,0.3259,0.3264,1315450.3
2026-07-04 20:00:00+00:00,0.3264,0.3265,0.326,0.3261,1287239.6
2026-07-04 21:00:00+00:00,0.3262,0.3262,0.3257,0.3261,1748478.5
2026-07-04 22:00:00+00:00,0.3261,0.3261,0.3255,0.3257,1380854.5
2026-07-04 23:00:00+00:00,0.3257,0.3257,0.3249,0.3252,4480046.8
2026-07-05 00:00:00+00:00,0.3252,0.3258,0.3251,0.3252,2697195.5
2026-07-05 01:00:00+00:00,0.3252,0.3252,0.3246,0.3251,4815982.5
2026-07-05 02:00:00+00:00,0.3251,0.3251,0.3243,0.3244,2464348.4
2026-07-05 03:00:00+00:00,0.3245,0.3248,0.3242,0.3245,1910574.7
2026-07-05 04:00:00+00:00,0.3245,0.3248,0.3244,0.3248,808587.2
2026-07-05 05:00:00+00:00,0.3248,0.3251,0.3247,0.325,1818230.4
2026-07-05 06:00:00+00:00,0.325,0.3251,0.3247,0.3251,645221.7
2026-07-05 07:00:00+00:00,0.3251,0.3251,0.3248,0.3251,972085.3
2026-07-05 08:00:00+00:00,0.3251,0.3251,0.3248,0.325,991739.2
2026-07-05 09:00:00+00:00,0.3251,0.3254,0.3248,0.325,3541274.3
2026-07-05 10:00:00+00:00,0.325,0.3255,0.3248,0.3254,2444415.0
2026-07-05 11:00:00+00:00,0.3255,0.326,0.3252,0.3259,3991344.4
2026-07-05 12:00:00+00:00,0.326,0.3296,0.326,0.3289,24693744.6
2026-07-05 13:00:00+00:00,0.3289,0.3294,0.3283,0.3285,6973337.8
2026-07-05 14:00:00+00:00,0.3285,0.3296,0.3285,0.3293,4805209.4
2026-07-05 15:00:00+00:00,0.3293,0.3304,0.3289,0.3292,11192555.7
2026-07-05 16:00:00+00:00,0.3292,0.3299,0.3281,0.3284,11508027.3
2026-07-05 17:00:00+00:00,0.3284,0.3286,0.3281,0.3284,2507331.7
2026-07-05 18:00:00+00:00,0.3284,0.3287,0.3282,0.3286,2715505.5
2026-07-05 19:00:00+00:00,0.3285,0.3286,0.328,0.3283,2341708.8
2026-07-05 20:00:00+00:00,0.3283,0.3284,0.3279,0.328,1859854.4
2026-07-05 21:00:00+00:00,0.3279,0.3284,0.3279,0.3283,1687850.7
2026-07-05 22:00:00+00:00,0.3282,0.3291,0.3282,0.329,5008959.0
2026-07-05 23:00:00+00:00,0.329,0.3293,0.3288,0.3292,2028935.8
2026-07-06 00:00:00+00:00,0.3292,0.3295,0.3286,0.3293,4401631.9
2026-07-06 01:00:00+00:00,0.3293,0.3301,0.3289,0.33,6162037.1
2026-07-06 02:00:00+00:00,0.33,0.3301,0.3297,0.3298,1762304.6
2026-07-06 03:00:00+00:00,0.3298,0.3298,0.3282,0.3288,8061048.0
2026-07-06 04:00:00+00:00,0.3288,0.3291,0.3285,0.329,1854331.5
2026-07-06 05:00:00+00:00,0.3291,0.3294,0.3289,0.3294,2888195.9
2026-07-06 06:00:00+00:00,0.3294,0.3296,0.3286,0.3291,3074666.1
2026-07-06 07:00:00+00:00,0.329,0.3291,0.3281,0.3281,4582909.6
2026-07-06 08:00:00+00:00,0.3281,0.3282,0.3271,0.3272,9771897.7
2026-07-06 09:00:00+00:00,0.3272,0.3276,0.3266,0.3269,7277727.4
2026-07-06 10:00:00+00:00,0.3269,0.3272,0.3268,0.3272,2399745.2
2026-07-06 11:00:00+00:00,0.3272,0.328,0.3264,0.3277,6106456.9
2026-07-06 12:00:00+00:00,0.3277,0.3286,0.327,0.327,11138290.9
2026-07-06 13:00:00+00:00,0.327,0.3278,0.3267,0.3276,6862883.1
2026-07-06 14:00:00+00:00,0.3276,0.3276,0.3271,0.3272,2408761.2
2026-07-06 15:00:00+00:00,0.3272,0.3278,0.3265,0.3276,8745250.7
2026-07-06 16:00:00+00:00,0.3277,0.328,0.327,0.3272,4033260.3
2026-07-06 17:00:00+00:00,0.3273,0.3291,0.3272,0.329,7073455.3
2026-07-06 18:00:00+00:00,0.329,0.3292,0.3284,0.3287,2108122.3
2026-07-06 19:00:00+00:00,0.3287,0.329,0.3282,0.3285,2905242.9
2026-07-06 20:00:00+00:00,0.3286,0.3294,0.3284,0.3293,3532619.4
2026-07-06 21:00:00+00:00,0.3293,0.3299,0.3291,0.3297,5098133.0
2026-07-06 22:00:00+00:00,0.3296,0.3298,0.3291,0.3293,2996601.9
2026-07-06 23:00:00+00:00,0.3293,0.3297,0.3293,0.3297,2825629.6
2026-07-07 00:00:00+00:00,0.3297,0.33,0.3296,0.33,3454125.0
2026-07-07 01:00:00+00:00,0.33,0.33,0.3294,0.3295,4275434.6
2026-07-07 02:00:00+00:00,0.3294,0.33,0.3294,0.33,2699003.1
2026-07-07 03:00:00+00:00,0.3299,0.33,0.3295,0.33,2200220.9
2026-07-07 04:00:00+00:00,0.33,0.3305,0.3298,0.3304,3425363.1
2026-07-07 05:00:00+00:00,0.3305,0.3309,0.3299,0.3302,5780700.5
2026-07-07 06:00:00+00:00,0.3302,0.3304,0.3293,0.3297,3848061.6
2026-07-07 07:00:00+00:00,0.3297,0.3298,0.3294,0.3295,1798818.5
2026-07-07 08:00:00+00:00,0.3295,0.33,0.329,0.3299,6201236.3
2026-07-07 09:00:00+00:00,0.3299,0.3307,0.3297,0.3307,5433997.0
2026-07-07 10:00:00+00:00,0.3306,0.3308,0.3303,0.3307,2219637.7
2026-07-07 11:00:00+00:00,0.3307,0.3311,0.3302,0.3311,3514343.3
2026-07-07 12:00:00+00:00,0.3311,0.3315,0.3306,0.3311,5374273.4
2026-07-07 13:00:00+00:00,0.3311,0.3313,0.3307,0.3312,4074436.1
2026-07-07 14:00:00+00:00,0.3312,0.3316,0.3308,0.3316,3326244.2
2026-07-07 15:00:00+00:00,0.3316,0.3323,0.3314,0.3318,4234753.4
2026-07-07 16:00:00+00:00,0.3317,0.3325,0.3312,0.3325,6576171.0
2026-07-07 17:00:00+00:00,0.3325,0.333,0.3324,0.3326,3379846.7
2026-07-07 18:00:00+00:00,0.3326,0.3328,0.3319,0.3321,6552084.3
2026-07-07 19:00:00+00:00,0.332,0.3321,0.3312,0.3317,3254824.4
2026-07-07 20:00:00+00:00,0.3317,0.3318,0.3312,0.3315,1706164.0
2026-07-07 21:00:00+00:00,0.3315,0.3318,0.3313,0.3316,1913397.4
2026-07-07 22:00:00+00:00,0.3316,0.3318,0.3313,0.3318,2187578.1
2026-07-07 23:00:00+00:00,0.3317,0.332,0.3316,0.3317,1442784.8
2026-07-08 00:00:00+00:00,0.3317,0.3321,0.3316,0.332,2509211.0
2026-07-08 01:00:00+00:00,0.3319,0.332,0.3304,0.3306,7420198.0
2026-07-08 02:00:00+00:00,0.3305,0.3309,0.3296,0.3309,7409263.4
2026-07-08 03:00:00+00:00,0.3309,0.3311,0.3306,0.3307,2054837.2
2026-07-08 04:00:00+00:00,0.3308,0.3308,0.3297,0.33,5570509.8
2026-07-08 05:00:00+00:00,0.33,0.3302,0.3293,0.3295,5215552.2
2026-07-08 06:00:00+00:00,0.3294,0.3294,0.329,0.3291,3756657.5
2026-07-08 07:00:00+00:00,0.3291,0.3298,0.3287,0.3297,5126933.0
2026-07-08 08:00:00+00:00,0.3296,0.3298,0.3278,0.3278,13870469.6
2026-07-08 09:00:00+00:00,0.3278,0.3281,0.3276,0.3277,3302979.9
2026-07-08 10:00:00+00:00,0.3276,0.3281,0.3276,0.3277,3949889.5
2026-07-08 11:00:00+00:00,0.3278,0.3279,0.3271,0.3276,5199313.3
2026-07-08 12:00:00+00:00,0.3275,0.328,0.3274,0.3277,2885262.8
2026-07-08 13:00:00+00:00,0.3277,0.3286,0.3276,0.3283,5667253.5
2026-07-08 14:00:00+00:00,0.3284,0.3293,0.3283,0.3289,4766774.5
2026-07-08 15:00:00+00:00,0.3289,0.329,0.3282,0.3285,3658422.2
2026-07-08 16:00:00+00:00,0.3286,0.3296,0.3285,0.3294,6741053.9
2026-07-08 17:00:00+00:00,0.3294,0.3298,0.3292,0.3296,2652917.7
2026-07-08 18:00:00+00:00,0.3296,0.3305,0.3294,0.3304,4975212.6
2026-07-08 19:00:00+00:00,0.3304,0.3305,0.3299,0.3301,1118865.8
2026-07-08 20:00:00+00:00,0.3301,0.3303,0.3296,0.3297,1839574.2
2026-07-08 21:00:00+00:00,0.3297,0.3301,0.3296,0.3298,1588299.4
2026-07-08 22:00:00+00:00,0.3299,0.3301,0.3295,0.3296,1790765.8
2026-07-08 23:00:00+00:00,0.3296,0.3296,0.3282,0.3285,7579686.5
2026-07-09 00:00:00+00:00,0.3285,0.3288,0.3281,0.3281,3339461.4
2026-07-09 01:00:00+00:00,0.3281,0.3293,0.328,0.3283,7304181.7
2026-07-09 02:00:00+00:00,0.3283,0.3287,0.328,0.328,3073759.3
2026-07-09 03:00:00+00:00,0.328,0.3292,0.328,0.3291,4050321.7
2026-07-09 04:00:00+00:00,0.3292,0.3307,0.329,0.3304,6154998.0
2026-07-09 05:00:00+00:00,0.3304,0.3313,0.3303,0.3312,5925092.0
2026-07-09 06:00:00+00:00,0.3312,0.3315,0.3309,0.3313,4004984.0
2026-07-09 07:00:00+00:00,0.3313,0.3319,0.3311,0.3319,5337279.7
2026-07-09 08:00:00+00:00,0.3319,0.3319,0.3308,0.3309,4436686.3
2026-07-09 09:00:00+00:00,0.3309,0.3314,0.3307,0.3314,1776205.7
2026-07-09 10:00:00+00:00,0.3314,0.3318,0.3311,0.3316,2433601.5
2026-07-09 11:00:00+00:00,0.3317,0.3318,0.3306,0.3309,4824080.8
2026-07-09 12:00:00+00:00,0.3309,0.3311,0.3304,0.3307,2919376.0
2026-07-09 13:00:00+00:00,0.3308,0.3318,0.3308,0.3313,5175545.0
2026-07-09 14:00:00+00:00,0.3314,0.3315,0.3309,0.3314,2235634.6
2026-07-09 15:00:00+00:00,0.3313,0.3317,0.3313,0.3315,2590428.9
2026-07-09 16:00:00+00:00,0.3314,0.3323,0.3314,0.3321,4345344.8
2026-07-09 17:00:00+00:00,0.3321,0.3326,0.3318,0.3321,6916769.1
2026-07-09 18:00:00+00:00,0.3321,0.3322,0.3317,0.332,1857906.6
2026-07-09 19:00:00+00:00,0.332,0.3321,0.3316,0.3319,996890.3
2026-07-09 20:00:00+00:00,0.3319,0.3321,0.3318,0.332,937593.9
2026-07-09 21:00:00+00:00,0.332,0.3324,0.3319,0.3323,2779653.7
2026-07-09 22:00:00+00:00,0.3324,0.3325,0.3323,0.3325,940383.3
2026-07-09 23:00:00+00:00,0.3325,0.3325,0.3316,0.3322,3225514.2
2026-07-10 00:00:00+00:00,0.3322,0.3323,0.3316,0.332,2987342.6
2026-07-10 01:00:00+00:00,0.332,0.3322,0.3316,0.3318,2519598.6
2026-07-10 02:00:00+00:00,0.3318,0.332,0.3315,0.332,2025185.3
2026-07-10 03:00:00+00:00,0.3319,0.332,0.3312,0.3314,3129072.4
2026-07-10 04:00:00+00:00,0.3315,0.3317,0.3314,0.3317,965793.5
2026-07-10 05:00:00+00:00,0.3317,0.3334,0.3315,0.3333,6402527.9
2026-07-10 06:00:00+00:00,0.3333,0.3336,0.3322,0.3322,5345572.2
2026-07-10 07:00:00+00:00,0.3322,0.3324,0.3302,0.3305,11124500.2
2026-07-10 08:00:00+00:00,0.3305,0.3309,0.3303,0.3308,4350428.9
2026-07-10 09:00:00+00:00,0.3308,0.3308,0.3301,0.3301,3815951.4
2026-07-10 10:00:00+00:00,0.3302,0.3305,0.3295,0.3295,4504281.4
2026-07-10 11:00:00+00:00,0.3296,0.3298,0.3294,0.3296,3198376.7
2026-07-10 12:00:00+00:00,0.3295,0.3305,0.3295,0.3303,3264833.7
2026-07-10 13:00:00+00:00,0.3304,0.3312,0.3302,0.3308,4493023.6
2026-07-10 14:00:00+00:00,0.3308,0.3309,0.3301,0.3309,4118413.3
2026-07-10 15:00:00+00:00,0.3309,0.3311,0.3305,0.3308,2994097.7
2026-07-10 16:00:00+00:00,0.3308,0.3309,0.3305,0.3308,1561922.9
2026-07-10 17:00:00+00:00,0.3309,0.3309,0.3302,0.3303,4071485.4
2026-07-10 18:00:00+00:00,0.3303,0.3305,0.33,0.3305,1600771.7
2026-07-10 19:00:00+00:00,0.3305,0.3312,0.3303,0.3309,3910146.2
2026-07-10 20:00:00+00:00,0.3309,0.331,0.3304,0.3308,2956582.0
2026-07-10 21:00:00+00:00,0.3307,0.331,0.3304,0.3308,1522459.6
2026-07-10 22:00:00+00:00,0.3308,0.331,0.3305,0.3306,1731097.2
2026-07-10 23:00:00+00:00,0.3306,0.3306,0.3302,0.3304,1740313.1
2026-07-11 00:00:00+00:00,0.3304,0.3306,0.3301,0.3302,2187628.0
2026-07-11 01:00:00+00:00,0.3302,0.3304,0.33,0.3301,1561526.3
2026-07-11 02:00:00+00:00,0.3301,0.3303,0.3299,0.3303,1052481.8
2026-07-11 03:00:00+00:00,0.3302,0.3304,0.33,0.3301,665610.6
2026-07-11 04:00:00+00:00,0.33,0.3302,0.3299,0.3301,667317.5
2026-07-11 05:00:00+00:00,0.3302,0.3302,0.3299,0.3301,1134848.8
2026-07-11 06:00:00+00:00,0.33,0.3302,0.3298,0.3302,1449428.7
2026-07-11 07:00:00+00:00,0.3302,0.3302,0.3295,0.3296,3639426.8
2026-07-11 08:00:00+00:00,0.3296,0.3298,0.3289,0.3292,6915763.2
2026-07-11 09:00:00+00:00,0.3292,0.3297,0.3292,0.3297,2797984.5
2026-07-11 10:00:00+00:00,0.3297,0.3297,0.3293,0.3294,1009342.6
2026-07-11 11:00:00+00:00,0.3295,0.3309,0.3294,0.3307,6719787.1
2026-07-11 12:00:00+00:00,0.3307,0.3314,0.3307,0.3314,4103034.7
2026-07-11 13:00:00+00:00,0.3313,0.3315,0.331,0.3315,2424074.9
2026-07-11 14:00:00+00:00,0.3315,0.3317,0.3313,0.3317,2820462.8
2026-07-11 15:00:00+00:00,0.3317,0.3317,0.331,0.3314,3190123.7
2026-07-11 16:00:00+00:00,0.3314,0.3314,0.3308,0.331,1817422.0
2026-07-11 17:00:00+00:00,0.3311,0.3313,0.3309,0.3313,1143033.9
2026-07-11 18:00:00+00:00,0.3313,0.3314,0.331,0.3311,1274981.7
2026-07-11 19:00:00+00:00,0.3311,0.3312,0.3307,0.3309,1061331.0
2026-07-11 20:00:00+00:00,0.3309,0.3311,0.3308,0.3308,995925.6
2026-07-11 21:00:00+00:00,0.3308,0.3311,0.3307,0.3309,921461.1
2026-07-11 22:00:00+00:00,0.3309,0.331,0.3303,0.3303,2882148.7
2026-07-11 23:00:00+00:00,0.3304,0.3305,0.3298,0.3299,3705241.9
2026-07-12 00:00:00+00:00,0.3298,0.33,0.3295,0.3298,4307388.4
2026-07-12 01:00:00+00:00,0.3297,0.33,0.3296,0.3298,773084.9
2026-07-12 02:00:00+00:00,0.3298,0.3298,0.3295,0.3295,386995.5
2026-07-12 03:00:00+00:00,0.3295,0.3301,0.3295,0.3301,1352062.2
2026-07-12 04:00:00+00:00,0.3301,0.3301,0.3298,0.3299,747575.9
2026-07-12 05:00:00+00:00,0.3299,0.33,0.3296,0.3298,1272912.7
2026-07-12 06:00:00+00:00,0.3297,0.33,0.3296,0.3299,730249.6
2026-07-12 07:00:00+00:00,0.3299,0.3301,0.3297,0.3298,925987.3
2026-07-12 08:00:00+00:00,0.3298,0.3301,0.3296,0.3301,1453759.3
2026-07-12 09:00:00+00:00,0.33,0.3303,0.33,0.3303,2060649.6
2026-07-12 10:00:00+00:00,0.3303,0.3305,0.3302,0.3305,1455291.2
2026-07-12 11:00:00+00:00,0.3305,0.3321,0.3304,0.3316,8948128.6
2026-07-12 12:00:00+00:00,0.3316,0.3322,0.3314,0.332,4069406.5
2026-07-12 13:00:00+00:00,0.332,0.3321,0.3308,0.3309,3649205.8
2026-07-12 14:00:00+00:00,0.3309,0.3316,0.3308,0.3316,4674508.4
2026-07-12 15:00:00+00:00,0.3316,0.332,0.331,0.3312,3848914.8
2026-07-12 16:00:00+00:00,0.3312,0.3314,0.3306,0.3312,3115163.9
2026-07-12 17:00:00+00:00,0.3312,0.3315,0.331,0.3313,4047704.1
2026-07-12 18:00:00+00:00,0.3313,0.3317,0.3312,0.3317,2121519.4
2026-07-12 19:00:00+00:00,0.3317,0.3318,0.3314,0.3317,1431125.5
2026-07-12 20:00:00+00:00,0.3317,0.3317,0.3313,0.3316,1327833.3
2026-07-12 21:00:00+00:00,0.3315,0.3317,0.3313,0.3317,1971765.3
2026-07-12 22:00:00+00:00,0.3316,0.3316,0.3311,0.3315,2305439.5
2026-07-12 23:00:00+00:00,0.3316,0.3316,0.3312,0.3316,1853040.4
2026-07-13 00:00:00+00:00,0.3315,0.3323,0.3311,0.3316,5566837.5
2026-07-13 01:00:00+00:00,0.3316,0.3318,0.3313,0.3315,2121879.0
2026-07-13 02:00:00+00:00,0.3315,0.3317,0.3311,0.3313,3853675.8
2026-07-13 03:00:00+00:00,0.3313,0.3313,0.3303,0.3306,5945982.0
2026-07-13 04:00:00+00:00,0.3306,0.3308,0.3302,0.3306,2532508.4
2026-07-13 05:00:00+00:00,0.3305,0.3309,0.3302,0.3307,2588466.4
2026-07-13 06:00:00+00:00,0.3307,0.3307,0.3297,0.3299,4733485.3
2026-07-13 07:00:00+00:00,0.3299,0.3301,0.3296,0.3298,3542413.0
2026-07-13 08:00:00+00:00,0.3298,0.3303,0.3296,0.3299,4119020.5
2026-07-13 09:00:00+00:00,0.3299,0.3305,0.3297,0.3302,3687353.0
2026-07-13 10:00:00+00:00,0.3302,0.3303,0.3263,0.3275,19235961.1
2026-07-13 11:00:00+00:00,0.3276,0.3279,0.3275,0.3276,3016919.0
2026-07-13 12:00:00+00:00,0.3276,0.3276,0.3265,0.3268,7257414.0
2026-07-13 13:00:00+00:00,0.3269,0.3269,0.3261,0.3263,4219386.7
2026-07-13 14:00:00+00:00,0.3263,0.3266,0.326,0.3265,4644917.6
2026-07-13 15:00:00+00:00,0.3265,0.3266,0.3262,0.3262,2196665.7
2026-07-13 16:00:00+00:00,0.3262,0.3264,0.3258,0.326,3354219.3
2026-07-13 17:00:00+00:00,0.3259,0.3263,0.3255,0.3259,4635279.0
2026-07-13 18:00:00+00:00,0.3259,0.326,0.3254,0.3259,3500260.2
2026-07-13 19:00:00+00:00,0.326,0.3261,0.3256,0.3259,2756417.3
2026-07-13 20:00:00+00:00,0.3259,0.326,0.3256,0.3257,1696777.7
2026-07-13 21:00:00+00:00,0.3256,0.326,0.3251,0.3251,4785439.5
2026-07-13 22:00:00+00:00,0.3251,0.3252,0.3244,0.3245,5598993.5
2026-07-13 23:00:00+00:00,0.3245,0.3249,0.3241,0.3244,3654519.2
2026-07-14 00:00:00+00:00,0.3244,0.3245,0.324,0.3244,3099561.8
2026-07-14 01:00:00+00:00,0.3243,0.3246,0.3241,0.3243,3233774.0
2026-07-14 02:00:00+00:00,0.3244,0.3247,0.3242,0.3244,3110396.6
2026-07-14 03:00:00+00:00,0.3243,0.3251,0.3243,0.3251,4594212.3
2026-07-14 04:00:00+00:00,0.325,0.3253,0.3248,0.3251,2978820.0
2026-07-14 05:00:00+00:00,0.3252,0.3256,0.325,0.325,8060975.4
2026-07-14 06:00:00+00:00,0.3251,0.3256,0.325,0.3253,8106033.4
2026-07-14 07:00:00+00:00,0.3253,0.3253,0.3249,0.3251,2374308.0
2026-07-14 08:00:00+00:00,0.3251,0.3252,0.3248,0.325,2656476.8
2026-07-14 09:00:00+00:00,0.325,0.3253,0.3248,0.3249,2712805.2
2026-07-14 10:00:00+00:00,0.325,0.3252,0.3248,0.3251,3010685.2
2026-07-14 11:00:00+00:00,0.325,0.3256,0.3249,0.3256,4789392.8
2026-07-14 12:00:00+00:00,0.3256,0.326,0.325,0.3259,9771899.7
2026-07-14 13:00:00+00:00,0.326,0.326,0.3253,0.3256,3773586.8
2026-07-14 14:00:00+00:00,0.3255,0.3258,0.3251,0.3257,3982626.2
2026-07-14 15:00:00+00:00,0.3257,0.3265,0.3257,0.3258,4758644.0
2026-07-14 16:00:00+00:00,0.3257,0.3258,0.325,0.3252,4430885.3
2026-07-14 17:00:00+00:00,0.3252,0.3256,0.325,0.3256,2195912.0
2026-07-14 18:00:00+00:00,0.3255,0.3256,0.3251,0.3255,2061510.8
2026-07-14 19:00:00+00:00,0.3254,0.3255,0.3252,0.3254,1938762.7
2026-07-14 20:00:00+00:00,0.3254,0.3255,0.3251,0.3254,1341521.7
2026-07-14 21:00:00+00:00,0.3253,0.3255,0.3252,0.3253,1383582.6
2026-07-14 22:00:00+00:00,0.3254,0.3262,0.3252,0.3259,4701546.4
2026-07-14 23:00:00+00:00,0.326,0.3261,0.3259,0.3259,917843.3
2026-07-15 00:00:00+00:00,0.326,0.3261,0.3257,0.3258,1459640.8
2026-07-15 01:00:00+00:00,0.3259,0.3261,0.3257,0.326,1590247.7
2026-07-15 02:00:00+00:00,0.3259,0.326,0.3256,0.3259,809161.9
2026-07-15 03:00:00+00:00,0.3258,0.327,0.3258,0.327,5617090.8
2026-07-15 04:00:00+00:00,0.327,0.3273,0.3266,0.3267,2738051.8
2026-07-15 05:00:00+00:00,0.3266,0.3269,0.3264,0.3267,3238668.7
2026-07-15 06:00:00+00:00,0.3267,0.3273,0.3266,0.3273,3564803.2
2026-07-15 07:00:00+00:00,0.3273,0.3281,0.3272,0.3276,8025403.1
2026-07-15 08:00:00+00:00,0.3277,0.3279,0.3274,0.3277,2302179.4
2026-07-15 09:00:00+00:00,0.3278,0.3282,0.3277,0.3282,4361152.9
2026-07-15 10:00:00+00:00,0.3281,0.3287,0.328,0.3281,5319846.3
2026-07-15 11:00:00+00:00,0.328,0.3285,0.3278,0.3281,5548145.0
2026-07-15 12:00:00+00:00,0.3281,0.3285,0.3278,0.3284,3865654.4
2026-07-15 13:00:00+00:00,0.3284,0.3287,0.3271,0.3273,9555350.4
2026-07-15 14:00:00+00:00,0.3274,0.3278,0.3272,0.3275,2778936.5
2026-07-15 15:00:00+00:00,0.3274,0.3278,0.3273,0.3277,2897383.0
2026-07-15 16:00:00+00:00,0.3278,0.3278,0.3241,0.3246,24086599.9
2026-07-15 17:00:00+00:00,0.3247,0.3252,0.3244,0.3252,5885762.7
2026-07-15 18:00:00+00:00,0.3252,0.3252,0.3247,0.3249,1882311.7
2026-07-15 19:00:00+00:00,0.3249,0.325,0.3244,0.3244,2926829.7
2026-07-15 20:00:00+00:00,0.3244,0.3251,0.3243,0.325,3198018.0
2026-07-15 21:00:00+00:00,0.3249,0.3253,0.3244,0.3245,3269912.4
2026-07-15 22:00:00+00:00,0.3244,0.3248,0.3244,0.3247,1998954.9
2026-07-15 23:00:00+00:00,0.3246,0.3247,0.3245,0.3245,620082.2
2026-07-16 00:00:00+00:00,0.3245,0.3246,0.3241,0.3243,2643432.1
2026-07-16 01:00:00+00:00,0.3243,0.3246,0.3243,0.3245,1448379.4
2026-07-16 02:00:00+00:00,0.3246,0.3249,0.3245,0.3249,1117440.0
2026-07-16 03:00:00+00:00,0.3248,0.3249,0.3236,0.3239,5781592.1
2026-07-16 04:00:00+00:00,0.3239,0.3243,0.3238,0.3241,2376382.9
2026-07-16 05:00:00+00:00,0.3241,0.3243,0.324,0.3242,1423752.7
2026-07-16 06:00:00+00:00,0.3243,0.3247,0.3242,0.3246,1851531.2
2026-07-16 07:00:00+00:00,0.3247,0.3248,0.324,0.324,2225084.7
2026-07-16 08:00:00+00:00,0.3241,0.3242,0.3235,0.3237,5027445.0
2026-07-16 09:00:00+00:00,0.3236,0.3239,0.3233,0.3233,4324944.2
2026-07-16 10:00:00+00:00,0.3234,0.3238,0.3233,0.3237,2237735.8
2026-07-16 11:00:00+00:00,0.3237,0.3239,0.3234,0.3235,3238621.1
2026-07-16 12:00:00+00:00,0.3234,0.3237,0.3232,0.3235,3199010.0
2026-07-16 13:00:00+00:00,0.3235,0.3237,0.323,0.3234,3193505.6
2026-07-16 14:00:00+00:00,0.3234,0.3238,0.323,0.3234,4721401.8
2026-07-16 15:00:00+00:00,0.3234,0.3239,0.3232,0.3236,3070078.9
2026-07-16 16:00:00+00:00,0.3236,0.3236,0.3231,0.3233,2381956.6
2026-07-16 17:00:00+00:00,0.3233,0.3233,0.323,0.3232,1985454.8
2026-07-16 18:00:00+00:00,0.3232,0.3232,0.323,0.3232,1186576.5
2026-07-16 19:00:00+00:00,0.3231,0.3233,0.323,0.3232,1528270.9
2026-07-16 20:00:00+00:00,0.3231,0.3234,0.3231,0.3233,2144669.7
2026-07-16 21:00:00+00:00,0.3233,0.3235,0.3232,0.3235,1291501.3
2026-07-16 22:00:00+00:00,0.3235,0.3237,0.3233,0.3235,1194259.1
2026-07-16 23:00:00+00:00,0.3234,0.3235,0.323,0.3233,1434288.6
2026-07-17 00:00:00+00:00,0.3233,0.3235,0.3226,0.3235,3605632.3
2026-07-17 01:00:00+00:00,0.3234,0.3239,0.3228,0.3231,3809824.2
2026-07-17 02:00:00+00:00,0.323,0.3232,0.3218,0.3219,3922228.8
2026-07-17 03:00:00+00:00,0.3219,0.3222,0.3217,0.3218,586669.3
2026-07-17 04:00:00+00:00,0.3218,0.3222,0.3217,0.3221,1667559.4
2026-07-17 05:00:00+00:00,0.3222,0.3222,0.3218,0.3221,1147957.4
2026-07-17 06:00:00+00:00,0.322,0.3224,0.3218,0.3221,2049219.3
2026-07-17 07:00:00+00:00,0.3222,0.3231,0.3217,0.3224,14391222.1
2026-07-17 08:00:00+00:00,0.3224,0.3226,0.3222,0.3224,2982893.0
2026-07-17 09:00:00+00:00,0.3224,0.3225,0.3221,0.3221,1663455.5
2026-07-17 10:00:00+00:00,0.3222,0.3225,0.3221,0.3223,1333762.1
2026-07-17 11:00:00+00:00,0.3224,0.3229,0.3223,0.3228,3934578.7
2026-07-17 12:00:00+00:00,0.3228,0.3229,0.3227,0.3228,1489974.7
2026-07-17 13:00:00+00:00,0.3228,0.3231,0.3226,0.3231,2692437.6
2026-07-17 14:00:00+00:00,0.323,0.3234,0.3227,0.3229,3891888.7
2026-07-17 15:00:00+00:00,0.3228,0.3232,0.3227,0.3229,2241972.3
2026-07-17 16:00:00+00:00,0.3229,0.3234,0.3228,0.3231,3410784.6
2026-07-17 17:00:00+00:00,0.3232,0.3236,0.323,0.3232,2540931.0
2026-07-17 18:00:00+00:00,0.3231,0.3233,0.3228,0.323,1924653.7
2026-07-17 19:00:00+00:00,0.323,0.3231,0.3227,0.3228,1908106.7
2026-07-17 20:00:00+00:00,0.3229,0.3231,0.3227,0.3231,866686.6
2026-07-17 21:00:00+00:00,0.3231,0.3231,0.3226,0.323,2467827.7
2026-07-17 22:00:00+00:00,0.3229,0.323,0.3227,0.3229,837447.9
2026-07-17 23:00:00+00:00,0.3229,0.3229,0.3226,0.3227,890784.6
2026-07-18 00:00:00+00:00,0.3227,0.3229,0.3226,0.3228,564140.7
2026-07-18 01:00:00+00:00,0.3229,0.323,0.3227,0.3229,653708.2
2026-07-18 02:00:00+00:00,0.3228,0.323,0.3225,0.3225,1764927.4
2026-07-18 03:00:00+00:00,0.3226,0.3227,0.3223,0.3224,901799.0
2026-07-18 04:00:00+00:00,0.3223,0.3224,0.3222,0.3222,1158798.8
2026-07-18 05:00:00+00:00,0.3223,0.3223,0.322,0.3221,1622105.6
2026-07-18 06:00:00+00:00,0.322,0.3221,0.3219,0.322,718872.7
2026-07-18 07:00:00+00:00,0.322,0.3224,0.322,0.3224,1642974.8
2026-07-18 08:00:00+00:00,0.3223,0.3235,0.3221,0.3235,4118866.8
2026-07-18 09:00:00+00:00,0.3235,0.3238,0.323,0.3234,3912178.9
2026-07-18 10:00:00+00:00,0.3235,0.3239,0.3231,0.3231,4855879.2
2026-07-18 11:00:00+00:00,0.3232,0.3238,0.323,0.3237,3061834.3
2026-07-18 12:00:00+00:00,0.3237,0.3238,0.3234,0.3238,1674425.7
2026-07-18 13:00:00+00:00,0.3237,0.3238,0.3234,0.3238,2184788.1
2026-07-18 14:00:00+00:00,0.3238,0.3242,0.3227,0.323,3711765.4
2026-07-18 15:00:00+00:00,0.3229,0.323,0.3223,0.3227,1639351.1
2026-07-18 16:00:00+00:00,0.3227,0.3233,0.3226,0.3231,2764084.7
2026-07-18 17:00:00+00:00,0.3231,0.3255,0.3225,0.3247,15872999.5
2026-07-18 18:00:00+00:00,0.3247,0.3256,0.3247,0.3251,4913272.4
2026-07-18 19:00:00+00:00,0.3252,0.3258,0.3251,0.3257,5366237.7
2026-07-18 20:00:00+00:00,0.3258,0.3263,0.3257,0.3259,3766570.6
2026-07-18 21:00:00+00:00,0.3259,0.3259,0.3255,0.3256,1894968.0
2026-07-18 22:00:00+00:00,0.3256,0.326,0.3255,0.3259,1371385.5
2026-07-18 23:00:00+00:00,0.3258,0.326,0.3257,0.3258,837706.3
2026-07-19 00:00:00+00:00,0.3258,0.3263,0.3258,0.3262,2370493.3
2026-07-19 01:00:00+00:00,0.3262,0.3262,0.3258,0.3259,1194614.8
2026-07-19 02:00:00+00:00,0.3258,0.3262,0.3257,0.3257,1876675.8
2026-07-19 03:00:00+00:00,0.3258,0.3261,0.3257,0.3259,1347503.4
2026-07-19 04:00:00+00:00,0.326,0.3262,0.3258,0.3259,669168.8
2026-07-19 05:00:00+00:00,0.326,0.326,0.3257,0.3257,841073.3
2026-07-19 06:00:00+00:00,0.3257,0.3258,0.3255,0.3256,1470443.6
2026-07-19 07:00:00+00:00,0.3256,0.3259,0.3254,0.3259,2459969.7
2026-07-19 08:00:00+00:00,0.3259,0.3266,0.3258,0.3262,3492900.2
2026-07-19 09:00:00+00:00,0.3262,0.3269,0.326,0.3269,3013162.3
2026-07-19 10:00:00+00:00,0.3269,0.3273,0.3268,0.3272,4052550.3
2026-07-19 11:00:00+00:00,0.3272,0.3276,0.327,0.3273,4165448.9
2026-07-19 12:00:00+00:00,0.3274,0.3276,0.327,0.3273,2418201.8
2026-07-19 13:00:00+00:00,0.3273,0.3273,0.327,0.3272,1702427.6
2026-07-19 14:00:00+00:00,0.3272,0.3273,0.3269,0.3272,1341261.7
2026-07-19 15:00:00+00:00,0.3272,0.3274,0.327,0.3273,2320926.7
2026-07-19 16:00:00+00:00,0.3274,0.3274,0.3271,0.3272,1606519.6
2026-07-19 17:00:00+00:00,0.3273,0.3273,0.3269,0.3269,1621493.9
2026-07-19 18:00:00+00:00,0.327,0.3272,0.3266,0.3271,3257150.9
2026-07-19 19:00:00+00:00,0.3271,0.3272,0.3269,0.3271,1089130.1
2026-07-19 20:00:00+00:00,0.327,0.3271,0.3268,0.327,1081766.5
2026-07-19 21:00:00+00:00,0.327,0.3273,0.327,0.3272,1262959.0
2026-07-19 22:00:00+00:00,0.3272,0.3273,0.3269,0.3271,1853953.9
2026-07-19 23:00:00+00:00,0.3272,0.3273,0.3269,0.327,1929770.8
2026-07-20 00:00:00+00:00,0.3269,0.3274,0.3267,0.327,3305639.1
2026-07-20 01:00:00+00:00,0.327,0.3275,0.3267,0.3269,6256539.1
2026-07-20 02:00:00+00:00,0.3269,0.3271,0.3265,0.3265,2090191.9
2026-07-20 03:00:00+00:00,0.3266,0.3266,0.3263,0.3265,1707151.0
2026-07-20 04:00:00+00:00,0.3265,0.3267,0.3264,0.3266,863337.4
2026-07-20 05:00:00+00:00,0.3265,0.3266,0.3262,0.3266,1994401.0
2026-07-20 06:00:00+00:00,0.3266,0.3268,0.3263,0.3266,3382768.7
2026-07-20 07:00:00+00:00,0.3266,0.3266,0.326,0.3262,3285923.9
2026-07-20 08:00:00+00:00,0.3262,0.3263,0.3255,0.326,4536412.2
2026-07-20 09:00:00+00:00,0.326,0.3263,0.3258,0.3261,3464628.4
2026-07-20 10:00:00+00:00,0.326,0.3268,0.3258,0.3264,3103313.3
2026-07-20 11:00:00+00:00,0.3263,0.3263,0.3257,0.3262,4450156.7
2026-07-20 12:00:00+00:00,0.3262,0.3262,0.3257,0.3259,2555271.7
2026-07-20 13:00:00+00:00,0.3259,0.3262,0.3256,0.3257,3250123.9
2026-07-20 14:00:00+00:00,0.3256,0.3258,0.3254,0.3255,3996589.9
2026-07-20 15:00:00+00:00,0.3256,0.3259,0.3253,0.3258,4537152.5
2026-07-20 16:00:00+00:00,0.3257,0.3265,0.3257,0.3262,3688504.5
2026-07-20 17:00:00+00:00,0.3262,0.3266,0.3262,0.3264,2868833.9
2026-07-20 18:00:00+00:00,0.3265,0.327,0.3264,0.3267,3188653.8
2026-07-20 19:00:00+00:00,0.3266,0.3269,0.3265,0.3269,1275579.8
2026-07-20 20:00:00+00:00,0.3269,0.3271,0.3267,0.3268,2214493.9
2026-07-20 21:00:00+00:00,0.3268,0.327,0.3266,0.3267,1951263.5
2026-07-20 22:00:00+00:00,0.3267,0.3268,0.3265,0.3268,814034.7
2026-07-20 23:00:00+00:00,0.3267,0.3269,0.3267,0.3269,493495.4
2026-07-21 00:00:00+00:00,0.3269,0.327,0.3265,0.3267,1619031.2
2026-07-21 01:00:00+00:00,0.3267,0.3268,0.3259,0.3262,4337281.9
2026-07-21 02:00:00+00:00,0.3263,0.3263,0.3259,0.3261,1351311.9
2026-07-21 03:00:00+00:00,0.3261,0.3263,0.3259,0.326,1275415.6
2026-07-21 04:00:00+00:00,0.3261,0.3261,0.3259,0.326,716602.6
2026-07-21 05:00:00+00:00,0.326,0.3263,0.3259,0.3262,1447684.5
2026-07-21 06:00:00+00:00,0.3262,0.3267,0.3261,0.3266,2187069.6
2026-07-21 07:00:00+00:00,0.3267,0.3268,0.3265,0.3267,2495403.5
2026-07-21 08:00:00+00:00,0.3268,0.3269,0.3264,0.3266,4519762.5
2026-07-21 09:00:00+00:00,0.3266,0.3269,0.3265,0.3268,3265235.8
2026-07-21 10:00:00+00:00,0.3268,0.327,0.3266,0.3268,2249271.2
2026-07-21 11:00:00+00:00,0.3269,0.3279,0.3268,0.3274,5808086.1
2026-07-21 12:00:00+00:00,0.3275,0.3279,0.3275,0.3279,2170820.5
2026-07-21 13:00:00+00:00,0.3279,0.3291,0.3279,0.3287,10479881.1
2026-07-21 14:00:00+00:00,0.3286,0.3289,0.3285,0.3287,3312141.9
2026-07-21 15:00:00+00:00,0.3287,0.3289,0.3284,0.3286,2007404.0
2026-07-21 16:00:00+00:00,0.3286,0.3289,0.3284,0.3285,3104898.2
2026-07-21 17:00:00+00:00,0.3284,0.3288,0.3284,0.3284,1729261.1
2026-07-21 18:00:00+00:00,0.3285,0.3303,0.3284,0.3299,8944899.8
2026-07-21 19:00:00+00:00,0.3299,0.3301,0.3295,0.3295,2020924.2
2026-07-21 20:00:00+00:00,0.3295,0.3298,0.3294,0.3297,1864584.6
2026-07-21 21:00:00+00:00,0.3297,0.3298,0.3292,0.3293,2617407.0
2026-07-21 22:00:00+00:00,0.3293,0.3295,0.3292,0.3293,1026730.3
2026-07-21 23:00:00+00:00,0.3293,0.3297,0.3293,0.3297,1170933.3
2026-07-22 00:00:00+00:00,0.3297,0.3299,0.3294,0.3295,2086610.9
2026-07-22 01:00:00+00:00,0.3295,0.3295,0.329,0.3292,3069570.7
2026-07-22 02:00:00+00:00,0.3293,0.3295,0.3291,0.3295,749025.2
2026-07-22 03:00:00+00:00,0.3294,0.3295,0.3286,0.3288,3955296.0
2026-07-22 04:00:00+00:00,0.3289,0.3293,0.3289,0.3293,1624001.1
2026-07-22 05:00:00+00:00,0.3293,0.3293,0.3288,0.329,1740199.5
2026-07-22 06:00:00+00:00,0.329,0.329,0.3288,0.3289,756312.5
2026-07-22 07:00:00+00:00,0.3289,0.3292,0.3287,0.3292,1737699.5
2026-07-22 08:00:00+00:00,0.3292,0.3293,0.3289,0.3293,1840216.8
2026-07-22 09:00:00+00:00,0.3293,0.3297,0.3292,0.3296,3303530.6
2026-07-22 10:00:00+00:00,0.3297,0.3304,0.3296,0.3304,5638791.7
2026-07-22 11:00:00+00:00,0.3303,0.3305,0.3299,0.33,5079711.4
2026-07-22 12:00:00+00:00,0.3301,0.3303,0.3296,0.3298,4705167.1
2026-07-22 13:00:00+00:00,0.3297,0.3302,0.3296,0.3296,2585954.4
2026-07-22 14:00:00+00:00,0.3297,0.3298,0.328,0.3284,9397460.0
2026-07-22 15:00:00+00:00,0.3283,0.3287,0.3283,0.3285,1962578.0
2026-07-22 16:00:00+00:00,0.3285,0.3287,0.3282,0.3286,2292049.4
2026-07-22 17:00:00+00:00,0.3287,0.3288,0.3285,0.3288,1276515.0
2026-07-22 18:00:00+00:00,0.3288,0.3288,0.3284,0.3286,982482.0
2026-07-22 19:00:00+00:00,0.3286,0.3287,0.3283,0.3287,1022835.6
2026-07-22 20:00:00+00:00,0.3286,0.3288,0.3285,0.3285,1023652.9
2026-07-22 21:00:00+00:00,0.3286,0.3288,0.3284,0.3285,1090413.5
2026-07-22 22:00:00+00:00,0.3285,0.3288,0.3285,0.3287,876300.5
2026-07-22 23:00:00+00:00,0.3287,0.329,0.3287,0.3289,1459907.3
2026-07-23 00:00:00+00:00,0.329,0.329,0.3287,0.3288,915746.5
2026-07-23 01:00:00+00:00,0.3289,0.3292,0.3287,0.3291,1733997.6
2026-07-23 02:00:00+00:00,0.3291,0.3293,0.3291,0.3291,1297056.9
2026-07-23 03:00:00+00:00,0.3292,0.3292,0.3283,0.3286,3271409.4
2026-07-23 04:00:00+00:00,0.3286,0.3289,0.3285,0.3288,778985.4
2026-07-23 05:00:00+00:00,0.3288,0.3289,0.3286,0.3289,1252700.5
2026-07-23 06:00:00+00:00,0.3289,0.3292,0.3289,0.3292,1607940.9
2026-07-23 07:00:00+00:00,0.3292,0.3294,0.329,0.3291,2927266.3
2026-07-23 08:00:00+00:00,0.3291,0.3292,0.3272,0.3278,8995421.6
2026-07-23 09:00:00+00:00,0.3277,0.3279,0.3272,0.3275,3624435.5
2026-07-23 10:00:00+00:00,0.3275,0.3284,0.3274,0.3283,3424572.5
2026-07-23 11:00:00+00:00,0.3282,0.3284,0.3268,0.3274,7702573.5
2026-07-23 12:00:00+00:00,0.3274,0.3275,0.3262,0.3267,6937835.6
2026-07-23 13:00:00+00:00,0.3266,0.3269,0.3263,0.3266,3569876.3
2026-07-23 14:00:00+00:00,0.3267,0.3268,0.3264,0.3265,3454502.4
2026-07-23 15:00:00+00:00,0.3264,0.3268,0.3263,0.3266,2634448.8
2026-07-23 16:00:00+00:00,0.3266,0.3268,0.3261,0.3266,4082292.3
2026-07-23 17:00:00+00:00,0.3265,0.327,0.3265,0.3269,1608495.6
2026-07-23 18:00:00+00:00,0.3268,0.3271,0.3268,0.3271,1028770.8
2026-07-23 19:00:00+00:00,0.3271,0.3273,0.327,0.3272,1487394.1
2026-07-23 20:00:00+00:00,0.3272,0.3279,0.3272,0.3279,4061533.2
2026-07-23 21:00:00+00:00,0.3279,0.3287,0.3279,0.3286,6173144.5
2026-07-23 22:00:00+00:00,0.3286,0.3287,0.3284,0.3287,1417606.6
2026-07-23 23:00:00+00:00,0.3286,0.3289,0.3286,0.3289,2923466.2
2026-07-24 00:00:00+00:00,0.3289,0.3291,0.3287,0.3288,1999903.6
2026-07-24 01:00:00+00:00,0.3287,0.3289,0.3287,0.3289,682986.7
2026-07-24 02:00:00+00:00,0.3289,0.3289,0.3282,0.3286,2927270.0
2026-07-24 03:00:00+00:00,0.3285,0.329,0.3284,0.329,2911140.1
2026-07-24 04:00:00+00:00,0.3289,0.3299,0.3289,0.3294,5437843.6
2026-07-24 05:00:00+00:00,0.3294,0.3299,0.3293,0.3299,3400507.3
2026-07-24 06:00:00+00:00,0.3299,0.3305,0.3298,0.3304,5788919.2
2026-07-24 07:00:00+00:00,0.3305,0.3314,0.3304,0.3314,6604675.3
2026-07-24 08:00:00+00:00,0.3313,0.3317,0.3308,0.331,4122329.9
2026-07-24 09:00:00+00:00,0.3311,0.3313,0.3309,0.3312,2934766.1
2026-07-24 10:00:00+00:00,0.3311,0.3318,0.3311,0.3314,6834131.0
2026-07-24 11:00:00+00:00,0.3313,0.3318,0.3313,0.3316,1538026.0
2026-07-24 12:00:00+00:00,0.3315,0.3316,0.3311,0.3311,2881891.0
2026-07-24 13:00:00+00:00,0.3312,0.3312,0.3303,0.3306,7437767.0
2026-07-24 14:00:00+00:00,0.3305,0.3308,0.3302,0.3307,3554885.2
2026-07-24 15:00:00+00:00,0.3307,0.3309,0.3302,0.3303,3252007.0
2026-07-24 16:00:00+00:00,0.3304,0.3307,0.3303,0.3306,1650618.6
2026-07-24 17:00:00+00:00,0.3305,0.3307,0.3303,0.3307,1504652.0
2026-07-24 18:00:00+00:00,0.3307,0.3307,0.3303,0.3306,1048159.0
2026-07-24 19:00:00+00:00,0.3307,0.3324,0.3304,0.3323,4526210.6
2026-07-24 20:00:00+00:00,0.3323,0.3324,0.3308,0.3312,3622991.0
2026-07-24 21:00:00+00:00,0.3312,0.3313,0.3306,0.3307,2264251.0
2026-07-24 22:00:00+00:00,0.3307,0.3308,0.3304,0.3305,2088069.9
2026-07-24 23:00:00+00:00,0.3306,0.3309,0.3305,0.3309,1043652.6
2026-07-25 00:00:00+00:00,0.3309,0.3312,0.3307,0.3311,981661.8
2026-07-25 01:00:00+00:00,0.3311,0.3312,0.3309,0.3311,1104326.0
2026-07-25 02:00:00+00:00,0.3312,0.3312,0.331,0.3312,978849.3
2026-07-25 03:00:00+00:00,0.3312,0.3312,0.3298,0.3301,7435116.7
2026-07-25 04:00:00+00:00,0.3301,0.3303,0.3299,0.3299,1628517.9
2026-07-25 05:00:00+00:00,0.3299,0.3301,0.3298,0.33,1261655.9
2026-07-25 06:00:00+00:00,0.33,0.33,0.3296,0.3296,2424916.4
2026-07-25 07:00:00+00:00,0.3296,0.3299,0.3295,0.3296,1487005.1
2026-07-25 08:00:00+00:00,0.3295,0.3297,0.3294,0.3296,2109146.1
2026-07-25 09:00:00+00:00,0.3295,0.3299,0.3295,0.3299,1151623.0
2026-07-25 10:00:00+00:00,0.3299,0.3299,0.3297,0.3298,1046374.6
2026-07-25 11:00:00+00:00,0.3297,0.33,0.3297,0.3299,1149334.9
2026-07-25 12:00:00+00:00,0.3299,0.33,0.3298,0.33,971473.6
2026-07-25 13:00:00+00:00,0.3299,0.3301,0.3298,0.3299,1445747.1
2026-07-25 14:00:00+00:00,0.3299,0.33,0.3296,0.33,1341485.4
2026-07-25 15:00:00+00:00,0.3299,0.3301,0.3297,0.33,1598340.1
2026-07-25 16:00:00+00:00,0.3301,0.3321,0.3297,0.3321,9252324.8
2026-07-25 17:00:00+00:00,0.3321,0.3335,0.3317,0.3323,8749584.3
2026-07-25 18:00:00+00:00,0.3324,0.3325,0.3304,0.3312,10532353.3
2026-07-25 19:00:00+00:00,0.3312,0.3312,0.3303,0.3306,6659499.4
2026-07-25 20:00:00+00:00,0.3306,0.3308,0.3305,0.3308,601448.6
2026-07-25 21:00:00+00:00,0.3308,0.3313,0.3307,0.3313,1540558.4
2026-07-25 22:00:00+00:00,0.3313,0.3316,0.3312,0.3316,927432.5
2026-07-25 23:00:00+00:00,0.3316,0.3316,0.3314,0.3316,875608.3
2026-07-26 00:00:00+00:00,0.3315,0.332,0.3313,0.3316,3480160.0
2026-07-26 01:00:00+00:00,0.3316,0.3316,0.3312,0.3314,967642.7
2026-07-26 02:00:00+00:00,0.3314,0.3314,0.3312,0.3313,632272.5
2026-07-26 03:00:00+00:00,0.3313,0.3315,0.331,0.3313,1914793.5
2026-07-26 04:00:00+00:00,0.3313,0.3315,0.3312,0.3314,1402128.7
2026-07-26 05:00:00+00:00,0.3314,0.3314,0.3312,0.3313,591032.8
2026-07-26 06:00:00+00:00,0.3312,0.3314,0.331,0.3314,924831.8
2026-07-26 07:00:00+00:00,0.3314,0.3315,0.331,0.3311,1346984.5
2026-07-26 08:00:00+00:00,0.3311,0.3311,0.3305,0.331,4042052.8
2026-07-26 09:00:00+00:00,0.331,0.3318,0.3309,0.3318,4112066.9
2026-07-26 10:00:00+00:00,0.3318,0.3324,0.3313,0.3324,5365898.9
2026-07-26 11:00:00+00:00,0.3324,0.3325,0.3321,0.3322,2093576.0
2026-07-26 12:00:00+00:00,0.3322,0.3329,0.3322,0.3327,3512757.2
2026-07-26 13:00:00+00:00,0.3327,0.3328,0.3325,0.3326,1266684.8
2026-07-26 14:00:00+00:00,0.3327,0.3328,0.3323,0.3326,2345270.2
2026-07-26 15:00:00+00:00,0.3327,0.3329,0.3326,0.3329,1420485.7
2026-07-26 16:00:00+00:00,0.3328,0.333,0.3327,0.333,1256905.4
2026-07-26 17:00:00+00:00,0.333,0.333,0.3325,0.3326,1154263.8
2026-07-26 18:00:00+00:00,0.3326,0.3326,0.3322,0.3323,1412532.4
2026-07-26 19:00:00+00:00,0.3324,0.3324,0.3321,0.3321,905022.4
2026-07-26 20:00:00+00:00,0.3321,0.3322,0.332,0.332,1520238.7
2026-07-26 21:00:00+00:00,0.3321,0.3324,0.3319,0.332,3137733.1
2026-07-26 22:00:00+00:00,0.3321,0.3324,0.3321,0.3322,1310502.3
2026-07-26 23:00:00+00:00,0.3323,0.3324,0.3318,0.3324,2614395.5
2026-07-27 00:00:00+00:00,0.3323,0.3325,0.3318,0.3318,3347752.3
2026-07-27 01:00:00+00:00,0.3318,0.332,0.3317,0.3317,1054869.6
2026-07-27 02:00:00+00:00,0.3317,0.3318,0.3314,0.3315,2504289.4
2026-07-27 03:00:00+00:00,0.3314,0.3316,0.3313,0.3315,727681.7
2026-07-27 04:00:00+00:00,0.3315,0.3317,0.3315,0.3316,948571.8
2026-07-27 05:00:00+00:00,0.3317,0.3321,0.3314,0.3321,3087828.4
2026-07-27 06:00:00+00:00,0.3321,0.3322,0.3319,0.3321,2021406.8
2026-07-27 07:00:00+00:00,0.3321,0.3321,0.3315,0.3315,2007250.4
2026-07-27 08:00:00+00:00,0.3316,0.3316,0.3314,0.3316,1475223.0
2026-07-27 09:00:00+00:00,0.3316,0.3319,0.3315,0.3316,1357482.9
2026-07-27 10:00:00+00:00,0.3316,0.3316,0.3307,0.3307,5747927.7
2026-07-27 11:00:00+00:00,0.3307,0.331,0.3302,0.3306,4611097.5
2026-07-27 12:00:00+00:00,0.3307,0.3311,0.3305,0.3311,4615816.7
2026-07-27 13:00:00+00:00,0.3311,0.3311,0.3304,0.3305,4514797.8
2026-07-27 14:00:00+00:00,0.3305,0.3307,0.3289,0.3289,13146352.7
2026-07-27 15:00:00+00:00,0.3289,0.3292,0.3288,0.3289,3345871.2
2026-07-27 16:00:00+00:00,0.3288,0.3289,0.3285,0.3288,5760322.7
2026-07-27 17:00:00+00:00,0.3288,0.3288,0.3286,0.3287,974659.2
2026-07-27 18:00:00+00:00,0.3287,0.3287,0.3279,0.3282,6196922.6
2026-07-27 19:00:00+00:00,0.3281,0.3284,0.3279,0.3281,1931876.2
2026-07-27 20:00:00+00:00,0.3281,0.3282,0.3278,0.3279,2352510.7
2026-07-27 21:00:00+00:00,0.3279,0.3279,0.3275,0.3276,2668477.9
2026-07-27 22:00:00+00:00,0.3275,0.3276,0.3264,0.3265,8497516.6
2026-07-27 23:00:00+00:00,0.3264,0.3265,0.3251,0.3251,9076392.4
2026-07-28 00:00:00+00:00,0.3251,0.3252,0.3241,0.3242,6571292.7
2026-07-28 01:00:00+00:00,0.3242,0.3244,0.3235,0.3237,4448809.4
2026-07-28 02:00:00+00:00,0.3237,0.3242,0.3235,0.3241,2499984.5
2026-07-28 03:00:00+00:00,0.3241,0.3249,0.3241,0.3246,4484312.0
2026-07-28 04:00:00+00:00,0.3245,0.3249,0.3244,0.3246,2879223.1
2026-07-28 05:00:00+00:00,0.3246,0.3247,0.3243,0.3245,1567601.9
2026-07-28 06:00:00+00:00,0.3245,0.3252,0.3244,0.3252,3158424.3
2026-07-28 07:00:00+00:00,0.3251,0.3254,0.3248,0.3253,2197254.8
2026-07-28 08:00:00+00:00,0.3253,0.3262,0.3251,0.3259,5112485.3
2026-07-28 09:00:00+00:00,0.3259,0.3262,0.3257,0.3261,3739339.1
2026-07-28 10:00:00+00:00,0.3261,0.3262,0.3257,0.3261,1527586.7
2026-07-28 11:00:00+00:00,0.3261,0.3261,0.325,0.3251,2372135.4
2026-07-28 12:00:00+00:00,0.3252,0.3255,0.325,0.3253,3109680.4
2026-07-28 13:00:00+00:00,0.3253,0.3255,0.3247,0.3248,4195882.5
2026-07-28 14:00:00+00:00,0.3248,0.325,0.3245,0.3245,3868213.1
2026-07-28 15:00:00+00:00,0.3246,0.3247,0.3243,0.3245,3287065.5
2026-07-28 16:00:00+00:00,0.3245,0.3245,0.3242,0.3243,1998144.9
2026-07-28 17:00:00+00:00,0.3243,0.3245,0.3242,0.3244,1621829.8
2026-07-28 18:00:00+00:00,0.3245,0.3247,0.3244,0.3245,2344374.6
2026-07-28 19:00:00+00:00,0.3244,0.3246,0.3243,0.3244,1149742.4
2026-07-28 20:00:00+00:00,0.3244,0.3245,0.3243,0.3244,898848.5
2026-07-28 21:00:00+00:00,0.3244,0.3247,0.3243,0.3246,2624817.0
2026-07-28 22:00:00+00:00,0.3247,0.3247,0.3243,0.3245,1272664.0
2026-07-28 23:00:00+00:00,0.3245,0.325,0.3243,0.3248,2047567.6
2026-07-29 00:00:00+00:00,0.3248,0.3251,0.3247,0.325,1678019.4
2026-07-29 01:00:00+00:00,0.3251,0.3252,0.3245,0.3246,2036422.6
2026-07-29 02:00:00+00:00,0.3246,0.3252,0.3245,0.325,2524336.9
2026-07-29 03:00:00+00:00,0.325,0.3251,0.3248,0.3249,1205867.8
2026-07-29 04:00:00+00:00,0.3249,0.3252,0.3248,0.3251,1143796.3
2026-07-29 05:00:00+00:00,0.3252,0.3255,0.3251,0.3255,2919922.3
2026-07-29 06:00:00+00:00,0.3255,0.326,0.3254,0.3259,2786679.7
2026-07-29 07:00:00+00:00,0.326,0.3261,0.3258,0.3261,1595249.0
2026-07-29 08:00:00+00:00,0.326,0.3262,0.3258,0.3258,4547297.5
2026-07-29 09:00:00+00:00,0.3259,0.3263,0.3258,0.3262,1408736.7
2026-07-29 10:00:00+00:00,0.3262,0.3266,0.3261,0.3264,3574128.3
2026-07-29 11:00:00+00:00,0.3264,0.3275,0.3264,0.327,10878808.0
2026-07-29 12:00:00+00:00,0.327,0.3272,0.3269,0.3272,2087794.3
2026-07-29 13:00:00+00:00,0.3272,0.3272,0.3267,0.3267,2492744.5
2026-07-29 14:00:00+00:00,0.3268,0.3269,0.3265,0.3267,2473824.0
2026-07-29 15:00:00+00:00,0.3267,0.3268,0.3264,0.3265,1781684.0
2026-07-29 16:00:00+00:00,0.3264,0.3267,0.3262,0.3267,2697515.2
2026-07-29 17:00:00+00:00,0.3267,0.3267,0.3262,0.3263,2697764.4
2026-07-29 18:00:00+00:00,0.3263,0.3266,0.3255,0.3257,6058171.8
2026-07-29 19:00:00+00:00,0.3257,0.3258,0.3254,0.3257,1660254.5
2026-07-29 20:00:00+00:00,0.3257,0.3259,0.3254,0.3257,2035621.4
2026-07-29 21:00:00+00:00,0.3257,0.3262,0.3255,0.3261,3107855.5
2026-07-29 22:00:00+00:00,0.3262,0.3262,0.3258,0.3259,1765823.6
2026-07-29 23:00:00+00:00,0.326,0.326,0.3257,0.3258,2149465.3
2026-07-30 00:00:00+00:00,0.3257,0.3261,0.3256,0.3258,1183069.0
2026-07-30 01:00:00+00:00,0.3258,0.3264,0.3256,0.3263,3258978.8
2026-07-30 02:00:00+00:00,0.3263,0.3264,0.3257,0.3258,2585412.2
2026-07-30 03:00:00+00:00,0.3258,0.326,0.3257,0.3258,907389.1
2026-07-30 04:00:00+00:00,0.3257,0.326,0.3257,0.326,762695.7
2026-07-30 05:00:00+00:00,0.326,0.3262,0.3258,0.3262,1264946.7
2026-07-30 06:00:00+00:00,0.3262,0.327,0.3261,0.3268,3742217.9
2026-07-30 07:00:00+00:00,0.3267,0.3282,0.3267,0.3278,8107178.9
2026-07-30 08:00:00+00:00,0.3278,0.328,0.3275,0.3279,1899416.3
2026-07-30 09:00:00+00:00,0.3279,0.3285,0.3278,0.3284,3109226.6
2026-07-30 10:00:00+00:00,0.3284,0.3287,0.3281,0.3286,3700150.2
2026-07-30 11:00:00+00:00,0.3286,0.3287,0.3285,0.3287,2007631.3
2026-07-30 12:00:00+00:00,0.3287,0.3291,0.3286,0.3289,4241917.3
2026-07-30 13:00:00+00:00,0.3288,0.329,0.3281,0.3285,5483581.9
2026-07-30 14:00:00+00:00,0.3284,0.3288,0.3281,0.3287,3307667.9
2026-07-30 15:00:00+00:00,0.3288,0.3294,0.3286,0.3293,4015573.9
2026-07-30 16:00:00+00:00,0.3293,0.3297,0.329,0.3293,3659596.0
2026-07-30 17:00:00+00:00,0.3294,0.3294,0.3286,0.329,2506894.4
2026-07-30 18:00:00+00:00,0.329,0.3292,0.329,0.3292,840117.0
2026-07-30 19:00:00+00:00,0.3292,0.3292,0.3288,0.329,1847816.8
2026-07-30 20:00:00+00:00,0.3291,0.3292,0.3289,0.329,1860937.1
2026-07-30 21:00:00+00:00,0.329,0.3292,0.3288,0.3292,1499614.0
2026-07-30 22:00:00+00:00,0.3292,0.3292,0.3289,0.3289,703630.8
2026-07-30 23:00:00+00:00,0.3289,0.3291,0.3286,0.3287,2025183.3
2026-07-31 00:00:00+00:00,0.3286,0.329,0.3285,0.3285,1995867.9
2026-07-31 01:00:00+00:00,0.3286,0.3292,0.3286,0.329,3458071.4
2026-07-31 02:00:00+00:00,0.3289,0.3291,0.3284,0.3285,3173278.1
2026-07-31 03:00:00+00:00,0.3284,0.3288,0.328,0.3285,6425494.4
2026-07-31 04:00:00+00:00,0.3285,0.3287,0.3284,0.3286,1057047.1
2026-07-31 05:00:00+00:00,0.3285,0.3289,0.3285,0.3289,2287411.6
2026-07-31 06:00:00+00:00,0.3289,0.3289,0.3285,0.3287,2456508.8
2026-07-31 07:00:00+00:00,0.3287,0.3289,0.3286,0.3287,1107897.2
2026-07-31 08:00:00+00:00,0.3286,0.329,0.3286,0.3288,1883355.8
2026-07-31 09:00:00+00:00,0.3288,0.329,0.3277,0.328,5285841.2
2026-07-31 10:00:00+00:00,0.328,0.328,0.326,0.3266,16901763.8
2026-07-31 11:00:00+00:00,0.3266,0.3269,0.3263,0.3269,2538263.9
2026-07-31 12:00:00+00:00,0.3269,0.3271,0.3264,0.3269,7255833.3
2026-07-31 13:00:00+00:00,0.3269,0.3272,0.3267,0.327,4252961.0
2026-07-31 14:00:00+00:00,0.327,0.3271,0.326,0.326,8740743.3
2026-07-31 15:00:00+00:00,0.3261,0.3264,0.326,0.3261,2160057.8
2026-07-31 16:00:00+00:00,0.3261,0.3266,0.3261,0.3265,2573329.7
2026-07-31 17:00:00+00:00,0.3265,0.3268,0.3265,0.3267,2010229.0
2026-07-31 18:00:00+00:00,0.3268,0.3268,0.326,0.3262,3112462.2
2026-07-31 19:00:00+00:00,0.3262,0.3264,0.3261,0.3262,1128721.5
2026-07-31 20:00:00+00:00,0.3262,0.3266,0.326,0.3261,2641908.8
2026-07-31 21:00:00+00:00,0.3261,0.3264,0.326,0.3261,2379400.2
2026-07-31 22:00:00+00:00,0.3261,0.3264,0.326,0.3264,474093.1
2026-07-31 23:00:00+00:00,0.3264,0.3264,0.3259,0.3261,1324973.6
2026-08-01 00:00:00+00:00,0.3261,0.3266,0.3259,0.3266,2761771.6
2026-08-01 01:00:00+00:00,0.3266,0.3269,0.3264,0.3269,2093284.7
2026-08-01 02:00:00+00:00,0.3269,0.3273,0.3267,0.3272,2333615.6
2026-08-01 03:00:00+00:00,0.3272,0.3273,0.3267,0.3267,1622386.5
2026-08-01 04:00:00+00:00,0.3268,0.3271,0.3265,0.3266,2276046.9
2026-08-01 05:00:00+00:00,0.3266,0.327,0.326,0.327,6219480.3
2026-08-01 06:00:00+00:00,0.3269,0.3277,0.3269,0.3277,3815505.5
2026-08-01 07:00:00+00:00,0.3277,0.3277,0.3273,0.3274,1601136.1
2026-08-01 08:00:00+00:00,0.3274,0.3278,0.3273,0.3278,2569027.7
2026-08-01 09:00:00+00:00,0.3278,0.3279,0.3275,0.3276,3057405.2
2026-08-01 10:00:00+00:00,0.3276,0.3281,0.3275,0.3279,3313306.3
2026-08-01 11:00:00+00:00,0.328,0.328,0.3275,0.3279,1970799.9
2026-08-01 12:00:00+00:00,0.3279,0.3281,0.3275,0.3281,2433262.0
2026-08-01 13:00:00+00:00,0.3281,0.3283,0.328,0.3283,2244432.2
2026-08-01 14:00:00+00:00,0.3283,0.3284,0.3282,0.3283,1416213.8
2026-08-01 15:00:00+00:00,0.3283,0.3285,0.3282,0.3284,1983034.5
2026-08-01 16:00:00+00:00,0.3284,0.3293,0.3282,0.3291,6513775.0
2026-08-01 17:00:00+00:00,0.3292,0.3293,0.3286,0.3288,2272606.0
2026-08-01 18:00:00+00:00,0.3288,0.3288,0.3274,0.3277,8875861.1
2026-08-01 19:00:00+00:00,0.3277,0.3277,0.3273,0.3276,1570973.4
2026-08-01 20:00:00+00:00,0.3276,0.3276,0.3273,0.3276,1070815.1
2026-08-01 21:00:00+00:00,0.3275,0.3277,0.3274,0.3276,911639.6
2026-08-01 22:00:00+00:00,0.3276,0.3277,0.3276,0.3277,901281.4
2026-08-01 23:00:00+00:00,0.3277,0.3279,0.3277,0.3279,1503997.1
2026-08-02 00:00:00+00:00,0.3279,0.3287,0.3278,0.3281,5841439.3
2026-08-02 01:00:00+00:00,0.3281,0.3283,0.328,0.3282,863993.3
2026-08-02 02:00:00+00:00,0.3282,0.3287,0.3282,0.3283,1976582.4
2026-08-02 03:00:00+00:00,0.3283,0.3284,0.3281,0.3282,587256.8
2026-08-02 04:00:00+00:00,0.3282,0.3283,0.3279,0.3282,1376971.2
2026-08-02 05:00:00+00:00,0.3283,0.3283,0.3279,0.3279,1574793.7
2026-08-02 06:00:00+00:00,0.328,0.3285,0.3278,0.3283,2730672.3
2026-08-02 07:00:00+00:00,0.3283,0.3285,0.3282,0.3284,1178482.1
2026-08-02 08:00:00+00:00,0.3285,0.3285,0.3274,0.3275,6070344.2
2026-08-02 09:00:00+00:00,0.3275,0.3275,0.3264,0.3267,9585307.0
2026-08-02 10:00:00+00:00,0.3266,0.3268,0.3264,0.3267,1352646.6
2026-08-02 11:00:00+00:00,0.3267,0.3267,0.3264,0.3266,1223327.8
2026-08-02 12:00:00+00:00,0.3266,0.3268,0.3264,0.3266,1147382.6
2026-08-02 13:00:00+00:00,0.3266,0.328,0.3265,0.3277,4614687.4
2026-08-02 14:00:00+00:00,0.3277,0.3278,0.3275,0.3276,979041.7
2026-08-02 15:00:00+00:00,0.3277,0.3277,0.3273,0.3275,2257803.1
2026-08-02 16:00:00+00:00,0.3275,0.3278,0.3274,0.3276,2174956.9
2026-08-02 17:00:00+00:00,0.3277,0.3277,0.3274,0.3275,959492.6
2026-08-02 18:00:00+00:00,0.3275,0.3278,0.3274,0.3275,1042155.7
2026-08-02 19:00:00+00:00,0.3276,0.3276,0.3273,0.3275,998007.8
2026-08-02 20:00:00+00:00,0.3274,0.3276,0.3273,0.3274,922246.6
2026-08-02 21:00:00+00:00,0.3273,0.3276,0.3271,0.3274,2111487.2
2026-08-02 22:00:00+00:00,0.3273,0.3274,0.3268,0.3269,1942063.4
2026-08-02 23:00:00+00:00,0.3269,0.327,0.3267,0.3268,837181.8
2026-08-03 00:00:00+00:00,0.3269,0.3269,0.3259,0.3263,4280639.5
2026-08-03 01:00:00+00:00,0.3263,0.3266,0.3263,0.3265,1686546.1
2026-08-03 02:00:00+00:00,0.3264,0.3265,0.3262,0.3264,1060886.2
2026-08-03 03:00:00+00:00,0.3264,0.3266,0.326,0.3261,2049703.1
2026-08-03 04:00:00+00:00,0.3261,0.3264,0.326,0.3261,666197.1
2026-08-03 05:00:00+00:00,0.3262,0.3262,0.326,0.3262,1048386.9
2026-08-03 06:00:00+00:00,0.3262,0.3263,0.3259,0.326,1670890.6
2026-08-03 07:00:00+00:00,0.326,0.3262,0.3254,0.3257,3733136.0
2026-08-03 08:00:00+00:00,0.3257,0.3264,0.3256,0.3264,2965067.3
2026-08-03 09:00:00+00:00,0.3263,0.3279,0.3263,0.3275,7895774.8
2026-08-03 10:00:00+00:00,0.3275,0.3283,0.3275,0.328,5195871.0
2026-08-03 11:00:00+00:00,0.328,0.3281,0.3276,0.3277,5754245.9
2026-08-03 12:00:00+00:00,0.3278,0.3278,0.327,0.3276,7342108.1
2026-08-03 13:00:00+00:00,0.3276,0.3276,0.3272,0.3275,6241979.2
2026-08-03 14:00:00+00:00,0.3275,0.3286,0.3272,0.3285,4591646.9
2026-08-03 15:00:00+00:00,0.3285,0.3296,0.3285,0.329,8463339.3
2026-08-03 16:00:00+00:00,0.3291,0.3295,0.329,0.3294,5367509.3
2026-08-03 17:00:00+00:00,0.3294,0.3296,0.3288,0.3289,2247504.6
2026-08-03 18:00:00+00:00,0.3289,0.3292,0.3287,0.329,2307375.2
2026-08-03 19:00:00+00:00,0.329,0.3291,0.3289,0.329,1310628.4
2026-08-03 20:00:00+00:00,0.329,0.3291,0.3288,0.3289,947824.1
2026-08-03 21:00:00+00:00,0.3289,0.3289,0.3285,0.3285,1670886.6
2026-08-03 22:00:00+00:00,0.3286,0.3289,0.3285,0.3289,730320.8
2026-08-03 23:00:00+00:00,0.3289,0.329,0.3287,0.3288,560546.7
2026-08-04 00:00:00+00:00,0.3289,0.3294,0.3287,0.3288,5223773.1
2026-08-04 01:00:00+00:00,0.3288,0.3293,0.3288,0.3293,2346398.5
2026-08-04 02:00:00+00:00,0.3293,0.3294,0.3289,0.3292,2259778.5
2026-08-04 03:00:00+00:00,0.3292,0.3293,0.3289,0.329,876916.7
2026-08-04 04:00:00+00:00,0.3289,0.3293,0.3289,0.3289,1133905.0
2026-08-04 05:00:00+00:00,0.329,0.329,0.3286,0.329,2612945.9
2026-08-04 06:00:00+00:00,0.329,0.3291,0.3288,0.3289,1440655.2
2026-08-04 07:00:00+00:00,0.3289,0.3295,0.3288,0.3295,4265309.5
2026-08-04 08:00:00+00:00,0.3295,0.3302,0.3293,0.3302,6001917.6
2026-08-04 09:00:00+00:00,0.3302,0.3307,0.3293,0.3295,5584167.6
2026-08-04 10:00:00+00:00,0.3295,0.3296,0.329,0.3292,3804341.4
2026-08-04 11:00:00+00:00,0.3291,0.3296,0.329,0.3294,5049744.5
2026-08-04 12:00:00+00:00,0.3294,0.3302,0.3292,0.33,5544295.5
2026-08-04 13:00:00+00:00,0.33,0.3302,0.3296,0.3297,3638623.1
2026-08-04 14:00:00+00:00,0.3297,0.3298,0.3294,0.3296,2740663.5
2026-08-04 15:00:00+00:00,0.3295,0.3298,0.3274,0.3284,11808012.0
2026-08-04 16:00:00+00:00,0.3284,0.3312,0.3282,0.3312,19093129.8
2026-08-04 17:00:00+00:00,0.3312,0.3312,0.3295,0.3295,7211458.8
2026-08-04 18:00:00+00:00,0.3296,0.3296,0.3289,0.3289,2793394.6
2026-08-04 19:00:00+00:00,0.3289,0.3292,0.3288,0.3289,2035663.1
2026-08-04 20:00:00+00:00,0.3288,0.3289,0.3276,0.3278,7727977.4
2026-08-04 21:00:00+00:00,0.3278,0.328,0.3275,0.3276,2209353.5
2026-08-04 22:00:00+00:00,0.3275,0.3276,0.3272,0.3275,2762000.4
2026-08-04 23:00:00+00:00,0.3274,0.3277,0.3272,0.3273,1608100.9
2026-08-05 00:00:00+00:00,0.3274,0.3274,0.3264,0.3264,8655622.3
2026-08-05 01:00:00+00:00,0.3265,0.327,0.3264,0.327,1918865.5
2026-08-05 02:00:00+00:00,0.3269,0.3271,0.3266,0.3267,1683285.7
2026-08-05 03:00:00+00:00,0.3266,0.3268,0.3266,0.3267,1495796.1
2026-08-05 04:00:00+00:00,0.3266,0.327,0.3265,0.3269,1545624.3
2026-08-05 05:00:00+00:00,0.327,0.3272,0.3268,0.3271,2406569.8
2026-08-05 06:00:00+00:00,0.3271,0.3272,0.3268,0.3272,1022838.3
2026-08-05 07:00:00+00:00,0.3272,0.3274,0.3269,0.3273,2184905.7
2026-08-05 08:00:00+00:00,0.3273,0.3283,0.3272,0.3282,6444905.1
2026-08-05 09:00:00+00:00,0.3282,0.3285,0.3281,0.3283,6398083.0
2026-08-05 10:00:00+00:00,0.3283,0.3287,0.3282,0.3287,3073011.7
2026-08-05 11:00:00+00:00,0.3287,0.3291,0.3284,0.3286,5973184.5
2026-08-05 12:00:00+00:00,0.3286,0.3287,0.3283,0.3287,2812323.3
2026-08-05 13:00:00+00:00,0.3286,0.3288,0.3281,0.3284,4571261.0
2026-08-05 14:00:00+00:00,0.3284,0.3285,0.3277,0.328,5440576.9
2026-08-05 15:00:00+00:00,0.328,0.328,0.3274,0.3277,4963036.8
2026-08-05 16:00:00+00:00,0.3277,0.3284,0.3276,0.3283,5644115.8
2026-08-05 17:00:00+00:00,0.3283,0.3284,0.3279,0.3281,2162053.4
2026-08-05 18:00:00+00:00,0.3282,0.3283,0.3279,0.328,2098193.7
2026-08-05 19:00:00+00:00,0.328,0.3281,0.3279,0.3279,1134531.3
2026-08-05 20:00:00+00:00,0.328,0.3281,0.3279,0.3279,1732714.8
2026-08-05 21:00:00+00:00,0.3279,0.328,0.3277,0.3277,1806552.8
2026-08-05 22:00:00+00:00,0.3277,0.3279,0.3274,0.3275,1696283.2
2026-08-05 23:00:00+00:00,0.3274,0.3276,0.3273,0.3274,999770.0
2026-08-06 00:00:00+00:00,0.3275,0.3277,0.3273,0.3277,1158464.2
2026-08-06 01:00:00+00:00,0.3277,0.3287,0.3276,0.3286,5634669.6
2026-08-06 02:00:00+00:00,0.3286,0.3289,0.3282,0.3282,2712939.3
2026-08-06 03:00:00+00:00,0.3282,0.3284,0.327,0.3271,2270444.1
2026-08-06 04:00:00+00:00,0.3271,0.3274,0.3265,0.3267,3682981.4
2026-08-06 05:00:00+00:00,0.3266,0.3267,0.3259,0.3266,6977678.1
2026-08-06 06:00:00+00:00,0.3267,0.3271,0.3257,0.327,7154963.6
2026-08-06 07:00:00+00:00,0.3269,0.3274,0.3269,0.3273,3444388.2
2026-08-06 08:00:00+00:00,0.3272,0.3272,0.3267,0.3271,5257385.3
2026-08-06 09:00:00+00:00,0.3271,0.3276,0.327,0.3274,3797613.6
2026-08-06 10:00:00+00:00,0.3275,0.3276,0.3274,0.3275,1246727.2
2026-08-06 11:00:00+00:00,0.3276,0.3276,0.327,0.3273,2330784.7
2026-08-06 12:00:00+00:00,0.3273,0.3274,0.3272,0.3272,1101945.1
2026-08-06 13:00:00+00:00,0.3273,0.3283,0.3272,0.328,5544358.4
2026-08-06 14:00:00+00:00,0.328,0.3282,0.3274,0.3276,3845689.0
2026-08-06 15:00:00+00:00,0.3275,0.3278,0.3274,0.3276,1165533.7
2026-08-06 16:00:00+00:00,0.3275,0.328,0.327,0.327,4654649.6
2026-08-06 17:00:00+00:00,0.3271,0.3274,0.3269,0.3271,2640916.6
2026-08-06 18:00:00+00:00,0.3271,0.3273,0.3269,0.3273,1344505.2
2026-08-06 19:00:00+00:00,0.3273,0.3273,0.3269,0.3271,1539369.5
2026-08-06 20:00:00+00:00,0.327,0.3272,0.3269,0.327,1038547.6
2026-08-06 21:00:00+00:00,0.327,0.3272,0.3269,0.3272,863060.2
2026-08-06 22:00:00+00:00,0.3271,0.3274,0.327,0.3274,1479457.1
2026-08-06 23:00:00+00:00,0.3273,0.3274,0.3271,0.3272,420749.9
2026-08-07 00:00:00+00:00,0.3271,0.3275,0.327,0.327,1417342.4
2026-08-07 01:00:00+00:00,0.327,0.3273,0.327,0.3272,629600.5
2026-08-07 02:00:00+00:00,0.3273,0.3275,0.3271,0.3272,1338640.8
2026-08-07 03:00:00+00:00,0.3272,0.3282,0.3272,0.3278,5106749.7
2026-08-07 04:00:00+00:00,0.3278,0.3281,0.3276,0.3277,1052549.0
2026-08-07 05:00:00+00:00,0.3277,0.3278,0.3265,0.3268,5829492.0
2026-08-07 06:00:00+00:00,0.3267,0.3272,0.3267,0.327,2194090.9
2026-08-07 07:00:00+00:00,0.3271,0.3273,0.3268,0.3271,1890005.8
2026-08-07 08:00:00+00:00,0.327,0.3272,0.327,0.3272,871413.5
2026-08-07 09:00:00+00:00,0.3272,0.3273,0.3265,0.327,4856837.7
2026-08-07 10:00:00+00:00,0.3269,0.3271,0.3268,0.3269,1237857.6
2026-08-07 11:00:00+00:00,0.327,0.3283,0.3267,0.3281,4755332.5
2026-08-07 12:00:00+00:00,0.3281,0.3283,0.3277,0.3278,4860463.0
2026-08-07 13:00:00+00:00,0.3278,0.328,0.3276,0.3277,2019567.8
2026-08-07 14:00:00+00:00,0.3278,0.3281,0.3275,0.3281,2716248.1
2026-08-07 15:00:00+00:00,0.3281,0.3285,0.3274,0.3276,5089038.9
2026-08-07 16:00:00+00:00,0.3276,0.3281,0.3274,0.3276,3190544.2
2026-08-07 17:00:00+00:00,0.3276,0.3278,0.3274,0.3274,1525786.5
2026-08-07 18:00:00+00:00,0.3275,0.3275,0.3271,0.3275,2590640.5
2026-08-07 19:00:00+00:00,0.3275,0.3276,0.3272,0.3273,1274545.0
2026-08-07 20:00:00+00:00,0.3272,0.3274,0.3271,0.3272,1024689.1
2026-08-07 21:00:00+00:00,0.3272,0.3275,0.3271,0.3273,1325978.5
2026-08-07 22:00:00+00:00,0.3272,0.3276,0.3272,0.3275,803670.1
2026-08-07 23:00:00+00:00,0.3275,0.3276,0.3275,0.3275,408188.6
2026-08-08 00:00:00+00:00,0.3276,0.3279,0.3275,0.3278,2025328.8
2026-08-08 01:00:00+00:00,0.3278,0.328,0.3276,0.3278,1057782.1
2026-08-08 02:00:00+00:00,0.3278,0.3279,0.3277,0.3278,614036.5
2026-08-08 03:00:00+00:00,0.3278,0.3279,0.3277,0.3279,608646.7
2026-08-08 04:00:00+00:00,0.3278,0.3279,0.3275,0.3276,723900.7
2026-08-08 05:00:00+00:00,0.3276,0.328,0.3274,0.3277,2852706.7
2026-08-08 06:00:00+00:00,0.3278,0.3278,0.3273,0.3275,1452783.0
2026-08-08 07:00:00+00:00,0.3275,0.3275,0.3272,0.3273,802825.3
2026-08-08 08:00:00+00:00,0.3274,0.3278,0.3272,0.3277,2260671.4
2026-08-08 09:00:00+00:00,0.3277,0.3282,0.3275,0.3282,1864122.8
2026-08-08 10:00:00+00:00,0.3282,0.3296,0.3281,0.3291,4873720.7
2026-08-08 11:00:00+00:00,0.329,0.3292,0.3287,0.3289,2652750.3
2026-08-08 12:00:00+00:00,0.3289,0.3293,0.3287,0.3288,2515359.1
2026-08-08 13:00:00+00:00,0.3288,0.3291,0.3287,0.3288,1321899.2
2026-08-08 14:00:00+00:00,0.3289,0.3289,0.3285,0.3287,1496936.2
2026-08-08 15:00:00+00:00,0.3287,0.329,0.3285,0.3288,1843724.1
2026-08-08 16:00:00+00:00,0.3289,0.329,0.3287,0.329,1469314.9
2026-08-08 17:00:00+00:00,0.329,0.329,0.3287,0.3288,872085.7
2026-08-08 18:00:00+00:00,0.3288,0.329,0.3287,0.3289,713893.2
2026-08-08 19:00:00+00:00,0.3289,0.329,0.3288,0.3288,769713.5
2026-08-08 20:00:00+00:00,0.3289,0.3289,0.3288,0.3288,429435.1
2026-08-08 21:00:00+00:00,0.3289,0.3289,0.3287,0.3287,824328.9
2026-08-08 22:00:00+00:00,0.3288,0.329,0.3287,0.329,733215.2
2026-08-08 23:00:00+00:00,0.329,0.3292,0.3288,0.3291,1414324.6
2026-08-09 00:00:00+00:00,0.3291,0.3294,0.329,0.3294,2096608.7
2026-08-09 01:00:00+00:00,0.3294,0.3299,0.3293,0.3296,2912679.6
2026-08-09 02:00:00+00:00,0.3296,0.3299,0.3296,0.3297,800000.7
2026-08-09 03:00:00+00:00,0.3297,0.33,0.3296,0.3299,1131200.3
2026-08-09 04:00:00+00:00,0.3299,0.3302,0.3298,0.3299,1509849.8
2026-08-09 05:00:00+00:00,0.33,0.3303,0.3299,0.3302,1471741.5
2026-08-09 06:00:00+00:00,0.3302,0.3303,0.3298,0.33,1539879.2
2026-08-09 07:00:00+00:00,0.33,0.33,0.3295,0.3295,1947966.6
2026-08-09 08:00:00+00:00,0.3296,0.3299,0.3294,0.3296,1753299.1
2026-08-09 09:00:00+00:00,0.3297,0.3299,0.3294,0.3298,2145917.8
2026-08-09 10:00:00+00:00,0.3298,0.3298,0.3293,0.3296,3768208.1
2026-08-09 11:00:00+00:00,0.3296,0.33,0.3295,0.3299,2750429.1
2026-08-09 12:00:00+00:00,0.33,0.33,0.3297,0.3299,1159253.0
2026-08-09 13:00:00+00:00,0.3299,0.3302,0.3298,0.33,2621069.6
2026-08-09 14:00:00+00:00,0.33,0.3302,0.3299,0.3301,1384394.0
2026-08-09 15:00:00+00:00,0.3301,0.3302,0.3298,0.33,1612275.0
2026-08-09 16:00:00+00:00,0.33,0.3301,0.3297,0.3298,1124446.6
2026-08-09 17:00:00+00:00,0.3297,0.3301,0.3297,0.33,2092894.1
2026-08-09 18:00:00+00:00,0.33,0.33,0.3297,0.3298,576951.3
2026-08-09 19:00:00+00:00,0.3298,0.3299,0.3297,0.3299,749003.4
2026-08-09 20:00:00+00:00,0.3299,0.33,0.3297,0.3297,750541.9
2026-08-09 21:00:00+00:00,0.3298,0.3299,0.3296,0.3298,960681.8
2026-08-09 22:00:00+00:00,0.3297,0.3301,0.3296,0.3297,2305453.8
2026-08-09 23:00:00+00:00,0.3297,0.33,0.3296,0.3299,1905436.1
2026-08-10 00:00:00+00:00,0.3298,0.331,0.3297,0.3305,4046285.5
2026-08-10 01:00:00+00:00,0.3305,0.3308,0.3304,0.3306,1457267.0
2026-08-10 02:00:00+00:00,0.3306,0.3306,0.3302,0.3303,1169336.3
2026-08-10 03:00:00+00:00,0.3303,0.3305,0.3298,0.33,3266513.2
2026-08-10 04:00:00+00:00,0.33,0.3302,0.3299,0.33,749933.3
2026-08-10 05:00:00+00:00,0.33,0.3303,0.3299,0.3302,1349062.7
2026-08-10 06:00:00+00:00,0.3301,0.3303,0.3298,0.3298,1608126.7
2026-08-10 07:00:00+00:00,0.3298,0.3301,0.3297,0.3301,2016574.8
2026-08-10 08:00:00+00:00,0.3301,0.3307,0.3298,0.3306,4280768.5
2026-08-10 09:00:00+00:00,0.3307,0.3308,0.3304,0.3307,2352775.3
2026-08-10 10:00:00+00:00,0.3307,0.3318,0.3306,0.3317,8221390.9
2026-08-10 11:00:00+00:00,0.3317,0.3318,0.3313,0.3316,3984071.9
2026-08-10 12:00:00+00:00,0.3317,0.3319,0.3315,0.3318,2738489.9
2026-08-10 13:00:00+00:00,0.3319,0.3319,0.3307,0.3309,5314728.0
2026-08-10 14:00:00+00:00,0.3309,0.3314,0.3309,0.3311,2833505.5
2026-08-10 15:00:00+00:00,0.3311,0.3314,0.3309,0.3309,2083265.1
2026-08-10 16:00:00+00:00,0.331,0.3313,0.3309,0.3311,2495138.0
2026-08-10 17:00:00+00:00,0.3312,0.3313,0.3309,0.3312,1308865.4
2026-08-10 18:00:00+00:00,0.3311,0.3312,0.3307,0.331,1397249.5
2026-08-10 19:00:00+00:00,0.331,0.3311,0.3307,0.3309,1393010.5
2026-08-10 20:00:00+00:00,0.3308,0.3311,0.3307,0.3309,894358.1
2026-08-10 21:00:00+00:00,0.3309,0.3311,0.3309,0.3309,842748.9
2026-08-10 22:00:00+00:00,0.331,0.3311,0.3307,0.3307,1265877.3
2026-08-10 23:00:00+00:00,0.3307,0.3309,0.3306,0.3309,2372330.3
2026-08-11 00:00:00+00:00,0.3309,0.3311,0.3307,0.331,1201050.7
2026-08-11 01:00:00+00:00,0.331,0.3313,0.3308,0.3312,1884401.0
2026-08-11 02:00:00+00:00,0.3312,0.3313,0.3309,0.3313,1093746.5
2026-08-11 03:00:00+00:00,0.3313,0.3313,0.3309,0.3313,1093321.8
2026-08-11 04:00:00+00:00,0.3313,0.3318,0.3312,0.3317,2140440.1
2026-08-11 05:00:00+00:00,0.3317,0.3318,0.3316,0.3318,956021.5
2026-08-11 06:00:00+00:00,0.3318,0.3318,0.3314,0.3317,2440276.8
2026-08-11 07:00:00+00:00,0.3317,0.3322,0.3316,0.3321,4661807.0
2026-08-11 08:00:00+00:00,0.3321,0.3323,0.3314,0.332,4386529.5
2026-08-11 09:00:00+00:00,0.332,0.3349,0.3319,0.3349,18048521.6
2026-08-11 10:00:00+00:00,0.3349,0.3376,0.3349,0.3363,16449289.2
2026-08-11 11:00:00+00:00,0.3363,0.3366,0.3359,0.3366,4552948.4
2026-08-11 12:00:00+00:00,0.3366,0.3371,0.3357,0.3362,10082983.2
2026-08-11 13:00:00+00:00,0.3363,0.3364,0.3354,0.3358,4782580.4
2026-08-11 14:00:00+00:00,0.3357,0.3365,0.335,0.3351,9149557.0
2026-08-11 15:00:00+00:00,0.335,0.3354,0.3343,0.3349,6987082.3
2026-08-11 16:00:00+00:00,0.3349,0.3352,0.3344,0.3346,6708182.3
2026-08-11 17:00:00+00:00,0.3346,0.3351,0.3346,0.3351,2472355.7
2026-08-11 18:00:00+00:00,0.3351,0.3354,0.3349,0.3353,4110542.4
2026-08-11 19:00:00+00:00,0.3353,0.3354,0.3349,0.3352,920709.9
2026-08-11 20:00:00+00:00,0.3352,0.3354,0.335,0.3353,969300.9
2026-08-11 21:00:00+00:00,0.3353,0.3354,0.3351,0.3351,1989583.5
2026-08-11 22:00:00+00:00,0.3351,0.3352,0.335,0.335,1046422.8
2026-08-11 23:00:00+00:00,0.3351,0.3352,0.3349,0.3352,673385.3
2026-08-12 00:00:00+00:00,0.3352,0.3357,0.335,0.335,4662192.8
2026-08-12 01:00:00+00:00,0.3351,0.3351,0.3343,0.3348,3285872.8
2026-08-12 02:00:00+00:00,0.3348,0.3348,0.3344,0.3345,452910.7
2026-08-12 03:00:00+00:00,0.3345,0.3345,0.3335,0.3343,6914953.9
2026-08-12 04:00:00+00:00,0.3343,0.3345,0.3342,0.3345,644691.2
2026-08-12 05:00:00+00:00,0.3344,0.3354,0.3343,0.3354,4205001.9
2026-08-12 06:00:00+00:00,0.3354,0.3364,0.3352,0.3364,7939137.0
2026-08-12 07:00:00+00:00,0.3364,0.3367,0.3358,0.3362,6269380.1
2026-08-12 08:00:00+00:00,0.3361,0.3363,0.3357,0.3363,2528892.8
2026-08-12 09:00:00+00:00,0.3363,0.3367,0.3362,0.3363,3876158.4
2026-08-12 10:00:00+00:00,0.3363,0.3375,0.3362,0.3368,6021103.3
2026-08-12 11:00:00+00:00,0.3369,0.3374,0.3368,0.3371,2676212.2
2026-08-12 12:00:00+00:00,0.337,0.3371,0.3361,0.3363,6383582.2
2026-08-12 13:00:00+00:00,0.3363,0.3365,0.3359,0.3363,2623253.4
2026-08-12 14:00:00+00:00,0.3363,0.3364,0.3355,0.3355,4645766.0
2026-08-12 15:00:00+00:00,0.3356,0.3362,0.3355,0.336,3806153.6
2026-08-12 16:00:00+00:00,0.3361,0.3362,0.3356,0.3358,3085613.0
2026-08-12 17:00:00+00:00,0.3359,0.3362,0.3357,0.3361,2288112.3
2026-08-12 18:00:00+00:00,0.3361,0.3362,0.3358,0.336,1287767.9
2026-08-12 19:00:00+00:00,0.3359,0.336,0.3356,0.3357,1449501.0
2026-08-12 20:00:00+00:00,0.3358,0.3361,0.3357,0.3358,2012595.1
2026-08-12 21:00:00+00:00,0.3358,0.3359,0.3356,0.3357,1474285.3
2026-08-12 22:00:00+00:00,0.3357,0.336,0.3357,0.3358,926577.0
2026-08-12 23:00:00+00:00,0.3357,0.3363,0.3357,0.3363,1868586.8
2026-08-13 00:00:00+00:00,0.3362,0.3366,0.3357,0.336,5056775.1
2026-08-13 01:00:00+00:00,0.336,0.3364,0.3357,0.3361,2344314.3
2026-08-13 02:00:00+00:00,0.3361,0.3363,0.336,0.3362,577533.0
2026-08-13 03:00:00+00:00,0.3361,0.3362,0.3358,0.3361,1781713.7
2026-08-13 04:00:00+00:00,0.336,0.3362,0.3358,0.3358,1326942.3
2026-08-13 05:00:00+00:00,0.3359,0.3376,0.3357,0.3375,4434571.8
2026-08-13 06:00:00+00:00,0.3376,0.3385,0.3374,0.3375,9863784.8
2026-08-13 07:00:00+00:00,0.3376,0.3379,0.337,0.3371,5375067.6
2026-08-13 08:00:00+00:00,0.3371,0.3374,0.3358,0.3358,7683067.4
2026-08-13 09:00:00+00:00,0.3359,0.3359,0.3338,0.3338,7593198.5
2026-08-13 10:00:00+00:00,0.3339,0.3344,0.3336,0.3338,6544974.5
2026-08-13 11:00:00+00:00,0.3337,0.3341,0.3336,0.334,2525650.3
2026-08-13 12:00:00+00:00,0.334,0.3344,0.3338,0.3344,3710167.9
2026-08-13 13:00:00+00:00,0.3344,0.3346,0.3341,0.3344,1499398.7
2026-08-13 14:00:00+00:00,0.3345,0.3348,0.3345,0.3348,2189704.7
2026-08-13 15:00:00+00:00,0.3347,0.3348,0.3343,0.3344,1950611.2
2026-08-13 16:00:00+00:00,0.3345,0.3348,0.334,0.334,4474093.9
2026-08-13 17:00:00+00:00,0.334,0.3345,0.3338,0.3339,2505939.8
2026-08-13 18:00:00+00:00,0.334,0.3341,0.3333,0.3336,4328440.3
2026-08-13 19:00:00+00:00,0.3336,0.3341,0.3335,0.3341,2785981.7
2026-08-13 20:00:00+00:00,0.334,0.3344,0.3339,0.3344,1775559.3
2026-08-13 21:00:00+00:00,0.3344,0.3344,0.3341,0.3343,1035295.4
2026-08-13 22:00:00+00:00,0.3343,0.3346,0.3342,0.3345,1466830.1
2026-08-13 23:00:00+00:00,0.3344,0.3346,0.3342,0.3345,898756.5
2026-08-14 00:00:00+00:00,0.3346,0.3346,0.3342,0.3343,1787349.6
2026-08-14 01:00:00+00:00,0.3343,0.3346,0.3342,0.3345,906493.6
2026-08-14 02:00:00+00:00,0.3344,0.3346,0.3344,0.3345,835017.5
2026-08-14 03:00:00+00:00,0.3345,0.3345,0.3339,0.3339,1296132.4
2026-08-14 04:00:00+00:00,0.3339,0.3343,0.3339,0.3343,1086930.1
2026-08-14 05:00:00+00:00,0.3342,0.3345,0.3341,0.3341,1966038.2
2026-08-14 06:00:00+00:00,0.3341,0.3341,0.3336,0.3338,3322759.0
2026-08-14 07:00:00+00:00,0.3338,0.3347,0.3338,0.3343,4486252.4
2026-08-14 08:00:00+00:00,0.3343,0.3343,0.3332,0.3336,6298308.7
2026-08-14 09:00:00+00:00,0.3337,0.3338,0.3334,0.3336,2191852.7
2026-08-14 10:00:00+00:00,0.3336,0.3337,0.3334,0.3335,1820754.0
2026-08-14 11:00:00+00:00,0.3336,0.3339,0.3331,0.3334,3895916.5
2026-08-14 12:00:00+00:00,0.3334,0.3336,0.333,0.3335,2662962.1
2026-08-14 13:00:00+00:00,0.3335,0.3335,0.3324,0.3327,5738131.3
2026-08-14 14:00:00+00:00,0.3327,0.3331,0.3324,0.3328,2718842.9
2026-08-14 15:00:00+00:00,0.3327,0.3331,0.3323,0.3325,2420825.1
2026-08-14 16:00:00+00:00,0.3324,0.3325,0.3317,0.3324,5902844.5
2026-08-14 17:00:00+00:00,0.3325,0.3327,0.3323,0.3326,2397846.3
2026-08-14 18:00:00+00:00,0.3326,0.3329,0.3325,0.3327,1811050.0
2026-08-14 19:00:00+00:00,0.3328,0.333,0.3327,0.333,813760.7
2026-08-14 20:00:00+00:00,0.3329,0.333,0.3327,0.333,1715683.7
2026-08-14 21:00:00+00:00,0.333,0.333,0.3324,0.3325,1130055.9
2026-08-14 22:00:00+00:00,0.3325,0.3328,0.3324,0.3327,848212.3
2026-08-14 23:00:00+00:00,0.3327,0.3329,0.3326,0.3327,1820929.5
2026-08-15 00:00:00+00:00,0.3327,0.3328,0.3319,0.3324,3956952.5
2026-08-15 01:00:00+00:00,0.3324,0.3328,0.3323,0.3328,2382486.2
2026-08-15 02:00:00+00:00,0.3328,0.3332,0.3327,0.3332,2312739.0
2026-08-15 03:00:00+00:00,0.3331,0.3333,0.333,0.3331,1880531.8
2026-08-15 04:00:00+00:00,0.333,0.3334,0.3329,0.3329,2052949.9
2026-08-15 05:00:00+00:00,0.3329,0.333,0.3324,0.3325,2653876.9
2026-08-15 06:00:00+00:00,0.3325,0.3328,0.3325,0.3328,1164169.7
2026-08-15 07:00:00+00:00,0.3328,0.333,0.3325,0.3325,2314621.8
2026-08-15 08:00:00+00:00,0.3325,0.3327,0.3323,0.3323,1869812.7
2026-08-15 09:00:00+00:00,0.3323,0.3325,0.3323,0.3323,1124319.3
2026-08-15 10:00:00+00:00,0.3324,0.3324,0.3316,0.3322,4808188.1
2026-08-15 11:00:00+00:00,0.3321,0.3322,0.3309,0.3312,4921058.2
2026-08-15 12:00:00+00:00,0.3311,0.3313,0.3309,0.3312,1512055.5
2026-08-15 13:00:00+00:00,0.3311,0.3314,0.331,0.3311,2491007.3
2026-08-15 14:00:00+00:00,0.3312,0.3314,0.331,0.3311,2202645.1
2026-08-15 15:00:00+00:00,0.3312,0.3315,0.3311,0.3313,1068553.4
2026-08-15 16:00:00+00:00,0.3314,0.3325,0.3313,0.3321,6455183.1
2026-08-15 17:00:00+00:00,0.332,0.3322,0.3318,0.3318,1713916.0
2026-08-15 18:00:00+00:00,0.3319,0.3322,0.3316,0.3318,2130547.9
2026-08-15 19:00:00+00:00,0.3319,0.3321,0.3316,0.3316,1446095.4
2026-08-15 20:00:00+00:00,0.3317,0.3318,0.3315,0.3315,1349129.2
2026-08-15 21:00:00+00:00,0.3315,0.3317,0.3314,0.3314,1242444.2
2026-08-15 22:00:00+00:00,0.3314,0.3316,0.3314,0.3316,898554.3
2026-08-15 23:00:00+00:00,0.3316,0.3316,0.3312,0.3312,1647678.3
2026-08-16 00:00:00+00:00,0.3312,0.3315,0.331,0.3311,2760721.5
2026-08-16 01:00:00+00:00,0.3311,0.3314,0.331,0.3314,1275691.9
2026-08-16 02:00:00+00:00,0.3314,0.3314,0.3312,0.3313,474278.9
2026-08-16 03:00:00+00:00,0.3312,0.3313,0.3309,0.331,988668.8
2026-08-16 04:00:00+00:00,0.3309,0.3313,0.3309,0.3311,605508.8
2026-08-16 05:00:00+00:00,0.3311,0.3314,0.331,0.3311,820478.4
2026-08-16 06:00:00+00:00,0.3311,0.3313,0.331,0.331,648168.9
2026-08-16 07:00:00+00:00,0.3311,0.3314,0.331,0.3311,777724.5
2026-08-16 08:00:00+00:00,0.3311,0.3313,0.3309,0.3311,1184681.8
2026-08-16 09:00:00+00:00,0.3311,0.3313,0.3311,0.3313,956231.1
2026-08-16 10:00:00+00:00,0.3313,0.3314,0.3312,0.3313,1072739.5
2026-08-16 11:00:00+00:00,0.3313,0.3317,0.3312,0.3317,2198301.6
2026-08-16 12:00:00+00:00,0.3317,0.3319,0.3316,0.3319,1133026.3
2026-08-16 13:00:00+00:00,0.3319,0.332,0.3315,0.3316,2820520.0
2026-08-16 14:00:00+00:00,0.3316,0.3319,0.3314,0.3317,2665859.3
2026-08-16 15:00:00+00:00,0.3317,0.332,0.3316,0.332,1425980.6
2026-08-16 16:00:00+00:00,0.332,0.3323,0.3319,0.3322,2404526.0
2026-08-16 17:00:00+00:00,0.3322,0.3325,0.3321,0.3321,2183622.2
2026-08-16 18:00:00+00:00,0.3322,0.3323,0.332,0.332,1354048.4
2026-08-16 19:00:00+00:00,0.332,0.3321,0.3317,0.3318,2050371.8
2026-08-16 20:00:00+00:00,0.3319,0.332,0.3316,0.3316,3899043.1
2026-08-16 21:00:00+00:00,0.3316,0.3319,0.3315,0.3316,1902821.7
2026-08-16 22:00:00+00:00,0.3315,0.3316,0.3312,0.3313,1997695.8
2026-08-16 23:00:00+00:00,0.3312,0.3315,0.3311,0.3312,1536924.1
2026-08-17 00:00:00+00:00,0.3313,0.3315,0.3312,0.3314,776718.0
2026-08-17 01:00:00+00:00,0.3313,0.3326,0.3313,0.3323,5499218.5
2026-08-17 02:00:00+00:00,0.3323,0.3325,0.3321,0.3325,3144067.7
2026-08-17 03:00:00+00:00,0.3325,0.3325,0.3322,0.3325,745760.5
2026-08-17 04:00:00+00:00,0.3325,0.3326,0.3322,0.3325,1009582.3
2026-08-17 05:00:00+00:00,0.3325,0.3326,0.3323,0.3326,1378161.7
2026-08-17 06:00:00+00:00,0.3326,0.3329,0.3324,0.3329,2809611.1
2026-08-17 07:00:00+00:00,0.3329,0.333,0.3326,0.3328,1508808.3
2026-08-17 08:00:00+00:00,0.3328,0.3332,0.3328,0.333,1592127.2
2026-08-17 09:00:00+00:00,0.333,0.3336,0.333,0.3332,4163593.4
2026-08-17 10:00:00+00:00,0.3332,0.3333,0.3324,0.3327,4458568.1
2026-08-17 11:00:00+00:00,0.3328,0.3328,0.3323,0.3324,1929508.7
2026-08-17 12:00:00+00:00,0.3324,0.3325,0.3318,0.332,3741061.6
2026-08-17 13:00:00+00:00,0.3319,0.3321,0.3318,0.3321,1087698.0
2026-08-17 14:00:00+00:00,0.3321,0.3321,0.3317,0.3318,1468339.8
2026-08-17 15:00:00+00:00,0.3317,0.3319,0.3298,0.3298,8795298.0
2026-08-17 16:00:00+00:00,0.3298,0.3315,0.3286,0.3315,18445767.9
2026-08-17 17:00:00+00:00,0.3315,0.3315,0.3303,0.3309,6391212.8
2026-08-17 18:00:00+00:00,0.331,0.3312,0.3309,0.3311,1498087.1
2026-08-17 19:00:00+00:00,0.3311,0.3314,0.331,0.3313,2093425.8
2026-08-17 20:00:00+00:00,0.3313,0.3314,0.3312,0.3314,812864.4
2026-08-17 21:00:00+00:00,0.3314,0.3315,0.3313,0.3314,1128346.5
2026-08-17 22:00:00+00:00,0.3314,0.3315,0.3311,0.3315,1165326.7
2026-08-17 23:00:00+00:00,0.3315,0.3316,0.3312,0.3313,837668.9
2026-08-18 00:00:00+00:00,0.3313,0.3315,0.3311,0.3312,1146715.0
2026-08-18 01:00:00+00:00,0.3313,0.3314,0.3311,0.3312,1190652.3
2026-08-18 02:00:00+00:00,0.3311,0.3316,0.3309,0.3314,2677895.5
2026-08-18 03:00:00+00:00,0.3314,0.3324,0.3313,0.3319,5845183.9
2026-08-18 04:00:00+00:00,0.3319,0.332,0.3316,0.3319,854933.5
2026-08-18 05:00:00+00:00,0.3318,0.332,0.3316,0.3318,1287265.8
2026-08-18 06:00:00+00:00,0.3318,0.3328,0.3317,0.3328,5283570.1
2026-08-18 07:00:00+00:00,0.3328,0.3337,0.3327,0.3333,9332157.3
2026-08-18 08:00:00+00:00,0.3333,0.3335,0.3326,0.3327,3309073.8
2026-08-18 09:00:00+00:00,0.3328,0.3331,0.3327,0.3331,2722311.3
2026-08-18 10:00:00+00:00,0.3331,0.3333,0.3323,0.3328,7110392.4
2026-08-18 11:00:00+00:00,0.3328,0.3332,0.3326,0.3329,4524056.7
2026-08-18 12:00:00+00:00,0.3329,0.3329,0.3324,0.3327,2550984.8
2026-08-18 13:00:00+00:00,0.3327,0.3329,0.3322,0.3325,3354908.4
2026-08-18 14:00:00+00:00,0.3324,0.3328,0.3323,0.3323,2824296.8
2026-08-18 15:00:00+00:00,0.3324,0.3329,0.3313,0.3321,9045967.7
2026-08-18 16:00:00+00:00,0.332,0.3348,0.332,0.3347,16199065.3
2026-08-18 17:00:00+00:00,0.3348,0.3352,0.3338,0.3338,7107616.1
2026-08-18 18:00:00+00:00,0.3339,0.3342,0.3336,0.3337,1674959.9
2026-08-18 19:00:00+00:00,0.3336,0.3337,0.3331,0.3332,2156377.5
2026-08-18 20:00:00+00:00,0.3331,0.3332,0.3329,0.3329,1756647.5
2026-08-18 21:00:00+00:00,0.333,0.3333,0.3328,0.3331,1454667.3
2026-08-18 22:00:00+00:00,0.333,0.3332,0.3328,0.3329,482761.1
2026-08-18 23:00:00+00:00,0.3329,0.333,0.3328,0.3329,756536.2
2026-08-19 00:00:00+00:00,0.3328,0.3332,0.3323,0.3328,4754112.4
2026-08-19 01:00:00+00:00,0.3328,0.3328,0.3324,0.3327,1870378.5
2026-08-19 02:00:00+00:00,0.3327,0.3327,0.3322,0.3322,1234752.5
2026-08-19 03:00:00+00:00,0.3322,0.333,0.3321,0.3329,3499948.2
2026-08-19 04:00:00+00:00,0.3329,0.333,0.3327,0.333,633530.9
2026-08-19 05:00:00+00:00,0.333,0.3331,0.3328,0.3331,1243986.2
2026-08-19 06:00:00+00:00,0.3331,0.3333,0.333,0.3333,1163600.2
2026-08-19 07:00:00+00:00,0.3333,0.3334,0.333,0.3334,1358100.1
2026-08-19 08:00:00+00:00,0.3334,0.3334,0.3331,0.3331,1557881.1
2026-08-19 09:00:00+00:00,0.3331,0.3332,0.3329,0.3331,1609702.1
2026-08-19 10:00:00+00:00,0.3331,0.3332,0.3326,0.3327,1728059.2
2026-08-19 11:00:00+00:00,0.3327,0.3328,0.3325,0.3326,1527099.1
2026-08-19 12:00:00+00:00,0.3325,0.333,0.3324,0.3326,1893713.8
2026-08-19 13:00:00+00:00,0.3326,0.333,0.3324,0.3325,3185211.2
2026-08-19 14:00:00+00:00,0.3326,0.3329,0.3322,0.3328,4440727.7
2026-08-19 15:00:00+00:00,0.3327,0.3338,0.3324,0.3335,12381506.5
2026-08-19 16:00:00+00:00,0.3336,0.3338,0.3334,0.3336,4620628.8
2026-08-19 17:00:00+00:00,0.3335,0.3337,0.3326,0.3327,6133059.7
2026-08-19 18:00:00+00:00,0.3327,0.3327,0.3316,0.3323,7614120.9
2026-08-19 19:00:00+00:00,0.3322,0.3324,0.3319,0.3322,2381833.6
2026-08-19 20:00:00+00:00,0.3321,0.3334,0.3321,0.3333,8038665.6
2026-08-19 21:00:00+00:00,0.3334,0.3337,0.333,0.3336,7908229.9
2026-08-19 22:00:00+00:00,0.3336,0.3338,0.3331,0.3338,3843447.6
2026-08-19 23:00:00+00:00,0.3337,0.3345,0.3337,0.3344,4985981.3
2026-08-20 00:00:00+00:00,0.3344,0.3348,0.3343,0.3344,3527500.5
2026-08-20 01:00:00+00:00,0.3344,0.3344,0.3338,0.3339,3274980.9
2026-08-20 02:00:00+00:00,0.3338,0.3341,0.3337,0.3337,1882750.1
2026-08-20 03:00:00+00:00,0.3337,0.3338,0.3323,0.3323,10056572.9
2026-08-20 04:00:00+00:00,0.3323,0.3326,0.3323,0.3326,1584306.6
2026-08-20 05:00:00+00:00,0.3325,0.3332,0.3323,0.3332,3201912.0
2026-08-20 06:00:00+00:00,0.3332,0.3335,0.333,0.3333,2871571.5
2026-08-20 07:00:00+00:00,0.3333,0.3339,0.3333,0.3339,2906757.1
2026-08-20 08:00:00+00:00,0.3339,0.3348,0.3338,0.3348,7854311.0
2026-08-20 09:00:00+00:00,0.3348,0.3352,0.3345,0.3348,5000402.8
2026-08-20 10:00:00+00:00,0.3347,0.3372,0.3345,0.3365,13039668.3
2026-08-20 11:00:00+00:00,0.3364,0.3377,0.3364,0.3373,8579079.0
2026-08-20 12:00:00+00:00,0.3373,0.3379,0.3367,0.3376,9581655.5
2026-08-20 13:00:00+00:00,0.3376,0.3391,0.3375,0.3381,12464081.3
2026-08-20 14:00:00+00:00,0.3381,0.3392,0.3379,0.3384,9374374.4
2026-08-20 15:00:00+00:00,0.3384,0.3389,0.3381,0.3387,4758253.4
2026-08-20 16:00:00+00:00,0.3387,0.3399,0.3386,0.3397,9390112.7
2026-08-20 17:00:00+00:00,0.3398,0.3405,0.3388,0.3391,8677586.9
2026-08-20 18:00:00+00:00,0.3391,0.3394,0.3388,0.3391,3338341.0
2026-08-20 19:00:00+00:00,0.339,0.3398,0.3389,0.3395,3479206.3
2026-08-20 20:00:00+00:00,0.3394,0.3403,0.3394,0.3402,3254767.9
2026-08-20 21:00:00+00:00,0.3402,0.3403,0.3395,0.3397,2470974.9
2026-08-20 22:00:00+00:00,0.3396,0.3401,0.3395,0.3396,2265009.2
2026-08-20 23:00:00+00:00,0.3397,0.3401,0.3371,0.3375,16283238.9
2026-08-21 00:00:00+00:00,0.3375,0.3387,0.3374,0.3381,8391291.0
2026-08-21 01:00:00+00:00,0.3382,0.3385,0.338,0.338,3576812.7
2026-08-21 02:00:00+00:00,0.3381,0.3382,0.3379,0.3381,2439107.4
2026-08-21 03:00:00+00:00,0.3381,0.3385,0.338,0.3384,1817118.8
2026-08-21 04:00:00+00:00,0.3384,0.3385,0.3378,0.3378,2247828.0
2026-08-21 05:00:00+00:00,0.3378,0.3382,0.3377,0.3382,2063477.4
2026-08-21 06:00:00+00:00,0.3381,0.3384,0.3381,0.3384,2588358.1
2026-08-21 07:00:00+00:00,0.3383,0.3392,0.3383,0.3391,5984490.7
2026-08-21 08:00:00+00:00,0.3391,0.3402,0.3389,0.3402,6109476.6
2026-08-21 09:00:00+00:00,0.3402,0.3416,0.3395,0.3411,14024607.5
2026-08-21 10:00:00+00:00,0.3411,0.3413,0.34,0.3403,7163289.4
2026-08-21 11:00:00+00:00,0.3402,0.3403,0.3393,0.34,5662578.7
2026-08-21 12:00:00+00:00,0.34,0.3409,0.3398,0.3407,4917861.0
2026-08-21 13:00:00+00:00,0.3407,0.3407,0.3399,0.3401,4493681.1
2026-08-21 14:00:00+00:00,0.3401,0.3402,0.3396,0.34,2797795.7
2026-08-21 15:00:00+00:00,0.34,0.3404,0.3399,0.34,3798582.8
2026-08-21 16:00:00+00:00,0.34,0.3405,0.3397,0.3405,2984773.9
2026-08-21 17:00:00+00:00,0.3405,0.3405,0.34,0.3401,2123479.2
2026-08-21 18:00:00+00:00,0.3401,0.3404,0.3398,0.3402,2811964.7
2026-08-21 19:00:00+00:00,0.3401,0.3403,0.3398,0.3402,1659517.1
2026-08-21 20:00:00+00:00,0.3402,0.3411,0.3401,0.341,5208722.0
2026-08-21 21:00:00+00:00,0.3411,0.3419,0.3408,0.3418,7955418.9
2026-08-21 22:00:00+00:00,0.3418,0.3432,0.3417,0.3431,7726024.8
2026-08-21 23:00:00+00:00,0.3431,0.3435,0.3426,0.3434,4094872.8
2026-08-22 00:00:00+00:00,0.3435,0.3441,0.3431,0.3441,4754833.3
2026-08-22 01:00:00+00:00,0.3441,0.3448,0.3433,0.3438,8894601.9
2026-08-22 02:00:00+00:00,0.3437,0.3455,0.3433,0.3455,8558746.1
2026-08-22 03:00:00+00:00,0.3454,0.3469,0.3454,0.3469,8932298.7
2026-08-22 04:00:00+00:00,0.3468,0.35,0.3464,0.3497,31785820.0
2026-08-22 05:00:00+00:00,0.3497,0.3502,0.3402,0.3459,59573015.9
2026-08-22 06:00:00+00:00,0.3458,0.346,0.3451,0.3457,6579302.0
2026-08-22 07:00:00+00:00,0.3456,0.3462,0.3452,0.3453,6461180.1
2026-08-22 08:00:00+00:00,0.3453,0.3455,0.344,0.3443,6519942.3
2026-08-22 09:00:00+00:00,0.3444,0.3445,0.3434,0.344,7994730.6
2026-08-22 10:00:00+00:00,0.3439,0.344,0.3429,0.343,7241398.5
2026-08-22 11:00:00+00:00,0.343,0.3432,0.342,0.343,8770587.1
2026-08-22 12:00:00+00:00,0.343,0.3433,0.3428,0.343,3072837.7
2026-08-22 13:00:00+00:00,0.343,0.3436,0.343,0.3435,2806071.4
2026-08-22 14:00:00+00:00,0.3435,0.3437,0.3432,0.3437,2632210.7
2026-08-22 15:00:00+00:00,0.3436,0.3441,0.3436,0.3438,3326722.9
2026-08-22 16:00:00+00:00,0.3439,0.3444,0.3438,0.3443,4144579.6
2026-08-22 17:00:00+00:00,0.3444,0.3445,0.3441,0.3445,1400938.4
2026-08-22 18:00:00+00:00,0.3445,0.3455,0.3443,0.3453,5301494.1
2026-08-22 19:00:00+00:00,0.3454,0.3454,0.3449,0.3453,1568009.2
2026-08-22 20:00:00+00:00,0.3453,0.3454,0.345,0.3453,1606215.2
2026-08-22 21:00:00+00:00,0.3454,0.3454,0.3446,0.3447,3211886.0
2026-08-22 22:00:00+00:00,0.3446,0.3449,0.3444,0.3449,1870867.3
2026-08-22 23:00:00+00:00,0.3449,0.345,0.3442,0.3442,1638373.8
2026-08-23 00:00:00+00:00,0.3442,0.3455,0.3442,0.3454,3941155.9
2026-08-23 01:00:00+00:00,0.3453,0.3455,0.3452,0.3453,960325.0
2026-08-23 02:00:00+00:00,0.3454,0.3455,0.3437,0.3437,6391137.5
2026-08-23 03:00:00+00:00,0.3437,0.3438,0.343,0.343,3496762.7
2026-08-23 04:00:00+00:00,0.3431,0.3432,0.3424,0.3424,4133722.2
2026-08-23 05:00:00+00:00,0.3424,0.3428,0.3422,0.3422,4185833.6
2026-08-23 06:00:00+00:00,0.3423,0.3424,0.342,0.3421,2575506.1
2026-08-23 07:00:00+00:00,0.3421,0.3426,0.342,0.3425,2522780.1
2026-08-23 08:00:00+00:00,0.3425,0.343,0.3424,0.343,3175459.3
2026-08-23 09:00:00+00:00,0.3429,0.343,0.3422,0.3427,5017058.6
2026-08-23 10:00:00+00:00,0.3427,0.3438,0.3426,0.3437,6324919.9
2026-08-23 11:00:00+00:00,0.3437,0.344,0.3435,0.3438,2214736.0
2026-08-23 12:00:00+00:00,0.3438,0.3439,0.3434,0.3436,1335863.7
2026-08-23 13:00:00+00:00,0.3436,0.3442,0.3436,0.3442,2642700.9
2026-08-23 14:00:00+00:00,0.3442,0.3443,0.3431,0.3436,5565343.5
2026-08-23 15:00:00+00:00,0.3435,0.344,0.3434,0.3435,4307254.4
2026-08-23 16:00:00+00:00,0.3435,0.3439,0.3434,0.3436,2430204.1
2026-08-23 17:00:00+00:00,0.3436,0.344,0.3433,0.3436,4992151.0
2026-08-23 18:00:00+00:00,0.3435,0.3439,0.3435,0.3439,1618429.4
2026-08-23 19:00:00+00:00,0.3439,0.344,0.3437,0.3438,973412.5
2026-08-23 20:00:00+00:00,0.3439,0.3439,0.3435,0.3437,1808815.3
2026-08-23 21:00:00+00:00,0.3437,0.3445,0.3435,0.3443,5159261.5
2026-08-23 22:00:00+00:00,0.3443,0.3444,0.3439,0.3441,1488801.2
2026-08-23 23:00:00+00:00,0.3442,0.3442,0.3438,0.3439,1659803.4
2026-08-24 00:00:00+00:00,0.344,0.3443,0.343,0.3436,6213264.6
2026-08-24 01:00:00+00:00,0.3437,0.3438,0.3433,0.3434,2515131.9
2026-08-24 02:00:00+00:00,0.3434,0.3437,0.3431,0.3434,2379273.6
2026-08-24 03:00:00+00:00,0.3434,0.3437,0.3431,0.3433,2053141.7
2026-08-24 04:00:00+00:00,0.3433,0.3442,0.3433,0.3439,3933728.1
2026-08-24 05:00:00+00:00,0.3439,0.3447,0.3438,0.3447,3971558.0
2026-08-24 06:00:00+00:00,0.3447,0.3448,0.3442,0.3443,2418063.4
2026-08-24 07:00:00+00:00,0.3442,0.3445,0.3438,0.344,4061769.0
2026-08-24 08:00:00+00:00,0.3439,0.344,0.3431,0.3433,6825001.0
2026-08-24 09:00:00+00:00,0.3434,0.344,0.3433,0.344,4460992.3
2026-08-24 10:00:00+00:00,0.344,0.3441,0.3434,0.3435,3836740.2
2026-08-24 11:00:00+00:00,0.3435,0.3442,0.3434,0.3441,4416759.0
2026-08-24 12:00:00+00:00,0.3442,0.3448,0.3437,0.3448,3371167.7
2026-08-24 13:00:00+00:00,0.3448,0.3448,0.3439,0.3439,5464085.7
2026-08-24 14:00:00+00:00,0.3439,0.3445,0.3438,0.3444,3032648.5
2026-08-24 15:00:00+00:00,0.3444,0.3447,0.3433,0.3435,6928808.2
2026-08-24 16:00:00+00:00,0.3434,0.3439,0.3434,0.3434,2763616.9
2026-08-24 17:00:00+00:00,0.3434,0.3436,0.3428,0.3433,6646669.5
2026-08-24 18:00:00+00:00,0.3432,0.3438,0.3432,0.3437,2152270.8
2026-08-24 19:00:00+00:00,0.3437,0.3439,0.3435,0.3438,1711998.0
2026-08-24 20:00:00+00:00,0.3438,0.3439,0.3433,0.3437,1652027.3
2026-08-24 21:00:00+00:00,0.3436,0.3442,0.3436,0.344,2408550.9
2026-08-24 22:00:00+00:00,0.3441,0.3445,0.344,0.3444,1710392.7
2026-08-24 23:00:00+00:00,0.3443,0.345,0.3441,0.3449,3804491.3
2026-08-25 00:00:00+00:00,0.345,0.3458,0.3447,0.3458,5306058.9
2026-08-25 01:00:00+00:00,0.3457,0.346,0.3456,0.346,2965549.1
2026-08-25 02:00:00+00:00,0.346,0.3467,0.3458,0.3459,6029876.5
2026-08-25 03:00:00+00:00,0.3458,0.3459,0.3448,0.345,4369456.2
2026-08-25 04:00:00+00:00,0.345,0.345,0.3439,0.3444,4794811.8
2026-08-25 05:00:00+00:00,0.3443,0.3448,0.3443,0.3447,1290150.1
2026-08-25 06:00:00+00:00,0.3447,0.3448,0.3444,0.3446,1456192.0
2026-08-25 07:00:00+00:00,0.3445,0.3448,0.3438,0.344,8041941.9
2026-08-25 08:00:00+00:00,0.3439,0.344,0.343,0.3433,6834747.3
2026-08-25 09:00:00+00:00,0.3433,0.3435,0.3421,0.3423,6497143.4
2026-08-25 10:00:00+00:00,0.3423,0.3429,0.3418,0.3426,5362596.3
2026-08-25 11:00:00+00:00,0.3426,0.343,0.3425,0.3426,2125888.0
2026-08-25 12:00:00+00:00,0.3425,0.3429,0.3422,0.3428,4168818.0
2026-08-25 13:00:00+00:00,0.3429,0.3429,0.3414,0.3416,9976113.5
2026-08-25 14:00:00+00:00,0.3416,0.3425,0.3416,0.342,5453942.1
2026-08-25 15:00:00+00:00,0.342,0.3421,0.3417,0.342,1975237.3
2026-08-25 16:00:00+00:00,0.342,0.342,0.3412,0.3416,4347959.3
2026-08-25 17:00:00+00:00,0.3416,0.3416,0.3408,0.341,4810483.9
2026-08-25 18:00:00+00:00,0.341,0.3412,0.3396,0.3401,14384569.8
2026-08-25 19:00:00+00:00,0.3401,0.3401,0.3384,0.3385,8614191.1
2026-08-25 20:00:00+00:00,0.3385,0.3385,0.3375,0.3377,8157640.0
2026-08-25 21:00:00+00:00,0.3376,0.338,0.3373,0.3375,4471156.3
2026-08-25 22:00:00+00:00,0.3375,0.3378,0.3367,0.3371,4298752.4
2026-08-25 23:00:00+00:00,0.3371,0.3371,0.336,0.3363,5994731.7
2026-08-26 00:00:00+00:00,0.3362,0.3363,0.3353,0.3353,4789982.6
2026-08-26 01:00:00+00:00,0.3353,0.3364,0.3353,0.3363,4108945.4
2026-08-26 02:00:00+00:00,0.3362,0.3371,0.3357,0.3371,5888351.3
2026-08-26 03:00:00+00:00,0.3371,0.3378,0.337,0.3375,3567581.6
2026-08-26 04:00:00+00:00,0.3374,0.3383,0.3374,0.338,5414460.8
2026-08-26 05:00:00+00:00,0.338,0.3392,0.3378,0.3389,6568891.7
2026-08-26 06:00:00+00:00,0.3388,0.3389,0.3378,0.3382,4863121.2
2026-08-26 07:00:00+00:00,0.3382,0.3384,0.3372,0.3372,6053078.1
2026-08-26 08:00:00+00:00,0.3372,0.3382,0.3369,0.3376,8918132.5
2026-08-26 09:00:00+00:00,0.3375,0.3376,0.3365,0.3366,5391970.0
2026-08-26 10:00:00+00:00,0.3365,0.3366,0.3361,0.3366,4025152.4
2026-08-26 11:00:00+00:00,0.3365,0.3368,0.3354,0.3356,8116625.0
2026-08-26 12:00:00+00:00,0.3356,0.3362,0.3355,0.3358,5376866.4
2026-08-26 13:00:00+00:00,0.3358,0.3359,0.3343,0.3348,8522390.1
2026-08-26 14:00:00+00:00,0.3349,0.335,0.3343,0.3347,6261943.6
2026-08-26 15:00:00+00:00,0.3347,0.3355,0.3344,0.3346,7150580.0
2026-08-26 16:00:00+00:00,0.3345,0.3348,0.3343,0.3344,2444855.6
2026-08-26 17:00:00+00:00,0.3344,0.3353,0.3342,0.3353,3937056.0
2026-08-26 18:00:00+00:00,0.3353,0.3358,0.335,0.3358,3777271.5
2026-08-26 19:00:00+00:00,0.3358,0.3359,0.3353,0.3358,2573753.0
2026-08-26 20:00:00+00:00,0.3358,0.3359,0.3352,0.3359,3010306.1
2026-08-26 21:00:00+00:00,0.3358,0.3361,0.3351,0.3356,4341509.3
2026-08-26 22:00:00+00:00,0.3356,0.3364,0.3355,0.3363,5097099.7
2026-08-26 23:00:00+00:00,0.3362,0.3363,0.3356,0.336,2843271.4
2026-08-27 00:00:00+00:00,0.3361,0.3361,0.3352,0.3355,3042745.1
2026-08-27 01:00:00+00:00,0.3355,0.3359,0.3353,0.3356,2482250.4
2026-08-27 02:00:00+00:00,0.3357,0.3358,0.3351,0.3352,2264510.9
2026-08-27 03:00:00+00:00,0.3351,0.3352,0.3338,0.3344,6442506.7
2026-08-27 04:00:00+00:00,0.3344,0.3347,0.334,0.3344,3428289.8
2026-08-27 05:00:00+00:00,0.3344,0.3348,0.3342,0.3348,2674957.7
2026-08-27 06:00:00+00:00,0.3348,0.335,0.3344,0.3349,3621267.0
2026-08-27 07:00:00+00:00,0.3348,0.3351,0.3348,0.3351,1254299.4
2026-08-27 08:00:00+00:00,0.335,0.3366,0.335,0.3363,8149819.5
2026-08-27 09:00:00+00:00,0.3363,0.3368,0.3361,0.3364,4510181.3
2026-08-27 10:00:00+00:00,0.3364,0.3365,0.3355,0.3356,6183667.9
2026-08-27 11:00:00+00:00,0.3357,0.3368,0.3356,0.3368,5503541.0
2026-08-27 12:00:00+00:00,0.3368,0.3385,0.3367,0.3384,9795665.7
2026-08-27 13:00:00+00:00,0.3385,0.3386,0.3368,0.3374,6951843.3
2026-08-27 14:00:00+00:00,0.3374,0.3383,0.3373,0.3376,4330629.7
2026-08-27 15:00:00+00:00,0.3376,0.3379,0.3373,0.3373,2510532.7
2026-08-27 16:00:00+00:00,0.3373,0.3386,0.3373,0.3376,13123536.2
2026-08-27 17:00:00+00:00,0.3376,0.3384,0.3376,0.338,3324866.4
2026-08-27 18:00:00+00:00,0.338,0.3381,0.337,0.3375,5509201.7
2026-08-27 19:00:00+00:00,0.3375,0.3378,0.3374,0.3376,2371588.0
2026-08-27 20:00:00+00:00,0.3377,0.3379,0.3376,0.3378,1690142.7
2026-08-27 21:00:00+00:00,0.3377,0.3378,0.3373,0.3376,1948273.0
2026-08-27 22:00:00+00:00,0.3377,0.3377,0.3374,0.3375,1355022.4
2026-08-27 23:00:00+00:00,0.3375,0.3378,0.3373,0.3377,1003858.6
2026-08-28 00:00:00+00:00,0.3376,0.3386,0.3374,0.3385,3644716.4
2026-08-28 01:00:00+00:00,0.3386,0.3396,0.3385,0.339,8079377.3
2026-08-28 02:00:00+00:00,0.339,0.339,0.3381,0.3384,4246051.1
2026-08-28 03:00:00+00:00,0.3385,0.3387,0.3381,0.3385,2822720.6
2026-08-28 04:00:00+00:00,0.3385,0.3389,0.3383,0.3388,2418612.0
2026-08-28 05:00:00+00:00,0.3389,0.3393,0.3386,0.3391,3031359.3
2026-08-28 06:00:00+00:00,0.3392,0.3403,0.3391,0.3401,5218586.1
2026-08-28 07:00:00+00:00,0.3401,0.3402,0.3393,0.3395,2844046.9
2026-08-28 08:00:00+00:00,0.3396,0.3399,0.3391,0.3395,4869608.3
2026-08-28 09:00:00+00:00,0.3395,0.3403,0.339,0.3391,8788670.2
2026-08-28 10:00:00+00:00,0.3391,0.3406,0.3385,0.3406,6675710.8
2026-08-28 11:00:00+00:00,0.3406,0.3412,0.3405,0.341,4383666.7
2026-08-28 12:00:00+00:00,0.341,0.3413,0.3409,0.3413,2934939.5
2026-08-28 13:00:00+00:00,0.3413,0.3418,0.3408,0.3414,9090026.6
2026-08-28 14:00:00+00:00,0.3413,0.3414,0.3401,0.3405,12823663.9
2026-08-28 15:00:00+00:00,0.3406,0.3411,0.3397,0.3398,7893325.5
2026-08-28 16:00:00+00:00,0.3399,0.3404,0.3386,0.3392,15878135.5
2026-08-28 17:00:00+00:00,0.3391,0.3398,0.339,0.3396,5963159.8
2026-08-28 18:00:00+00:00,0.3397,0.3402,0.3394,0.34,5269636.8
2026-08-28 19:00:00+00:00,0.34,0.3414,0.3399,0.3413,6990148.6
2026-08-28 20:00:00+00:00,0.3413,0.3416,0.3408,0.3414,3049414.2
2026-08-28 21:00:00+00:00,0.3414,0.3423,0.3413,0.3416,4597777.1
2026-08-28 22:00:00+00:00,0.3416,0.3419,0.3414,0.3417,1630161.4
2026-08-28 23:00:00+00:00,0.3418,0.3418,0.3413,0.3413,1030256.5
2026-08-29 00:00:00+00:00,0.3414,0.3422,0.3407,0.3407,7940657.9
2026-08-29 01:00:00+00:00,0.3407,0.3411,0.3407,0.341,955667.9
2026-08-29 02:00:00+00:00,0.3411,0.3414,0.3409,0.3412,2284219.3
2026-08-29 03:00:00+00:00,0.3411,0.3411,0.3404,0.3405,2358651.6
2026-08-29 04:00:00+00:00,0.3405,0.3406,0.3401,0.3403,938925.3
2026-08-29 05:00:00+00:00,0.3403,0.3404,0.3395,0.3397,1066740.1
2026-08-29 06:00:00+00:00,0.3396,0.3397,0.3377,0.3384,11993820.0
2026-08-29 07:00:00+00:00,0.3383,0.339,0.3382,0.339,4257788.5
2026-08-29 08:00:00+00:00,0.3389,0.3391,0.3383,0.3385,2137092.4
2026-08-29 09:00:00+00:00,0.3385,0.3387,0.3382,0.3383,1595029.6
2026-08-29 10:00:00+00:00,0.3384,0.3388,0.3383,0.3384,2574513.7
2026-08-29 11:00:00+00:00,0.3384,0.3387,0.3384,0.3385,1307684.3
2026-08-29 12:00:00+00:00,0.3385,0.3388,0.3383,0.3387,1804972.4
2026-08-29 13:00:00+00:00,0.3387,0.3388,0.3383,0.3383,1874453.7
2026-08-29 14:00:00+00:00,0.3384,0.3387,0.3382,0.3386,2330382.8
2026-08-29 15:00:00+00:00,0.3387,0.3387,0.3381,0.3384,1710346.6
2026-08-29 16:00:00+00:00,0.3383,0.3387,0.338,0.3381,2618968.1
2026-08-29 17:00:00+00:00,0.3381,0.3387,0.3379,0.3386,1679701.6
2026-08-29 18:00:00+00:00,0.3385,0.339,0.3385,0.3389,1672379.3
2026-08-29 19:00:00+00:00,0.339,0.3394,0.3389,0.3393,1708551.0
2026-08-29 20:00:00+00:00,0.3393,0.3398,0.3391,0.3398,2231109.5
2026-08-29 21:00:00+00:00,0.3398,0.3406,0.3396,0.3404,3616066.1
2026-08-29 22:00:00+00:00,0.3404,0.3409,0.3403,0.3408,2586127.4
2026-08-29 23:00:00+00:00,0.3409,0.3411,0.3407,0.3409,1877749.4
2026-08-30 00:00:00+00:00,0.3408,0.3411,0.3403,0.3404,1760576.6
2026-08-30 01:00:00+00:00,0.3404,0.3407,0.34,0.34,2264649.0
2026-08-30 02:00:00+00:00,0.34,0.3401,0.3397,0.3399,1985506.9
2026-08-30 03:00:00+00:00,0.3399,0.3403,0.3398,0.3402,756708.4
2026-08-30 04:00:00+00:00,0.3402,0.3407,0.34,0.3407,2363915.3
2026-08-30 05:00:00+00:00,0.3407,0.341,0.3406,0.341,2069374.9
2026-08-30 06:00:00+00:00,0.341,0.3412,0.3406,0.3408,2945141.4
2026-08-30 07:00:00+00:00,0.3407,0.3409,0.3404,0.3407,1537707.6
2026-08-30 08:00:00+00:00,0.3407,0.3408,0.3403,0.3404,1757152.6
2026-08-30 09:00:00+00:00,0.3404,0.3407,0.3402,0.3405,1897928.9
2026-08-30 10:00:00+00:00,0.3406,0.3406,0.3404,0.3405,1587915.5
2026-08-30 11:00:00+00:00,0.3404,0.3407,0.3403,0.3406,1048521.7
2026-08-30 12:00:00+00:00,0.3406,0.3409,0.3404,0.3405,2372246.8
2026-08-30 13:00:00+00:00,0.3405,0.3409,0.3404,0.3406,2554604.9
2026-08-30 14:00:00+00:00,0.3407,0.3408,0.3403,0.3406,1618015.3
2026-08-30 15:00:00+00:00,0.3406,0.3406,0.34,0.3401,2535759.4
2026-08-30 16:00:00+00:00,0.3402,0.3415,0.34,0.3414,5635357.3
2026-08-30 17:00:00+00:00,0.3414,0.3415,0.3407,0.3408,1675961.0
2026-08-30 18:00:00+00:00,0.3407,0.3409,0.3406,0.3406,1414447.7
2026-08-30 19:00:00+00:00,0.3407,0.3407,0.3403,0.3405,1842774.4
2026-08-30 20:00:00+00:00,0.3404,0.3405,0.3397,0.3397,3956953.3
2026-08-30 21:00:00+00:00,0.3397,0.3397,0.339,0.3392,3873683.3
2026-08-30 22:00:00+00:00,0.3392,0.3392,0.3381,0.3381,5084147.8
2026-08-30 23:00:00+00:00,0.3382,0.3382,0.3359,0.3361,14506022.8
2026-08-31 00:00:00+00:00,0.3361,0.3363,0.3354,0.3359,5271793.2
2026-08-31 01:00:00+00:00,0.3359,0.3365,0.3358,0.3361,3297601.9
2026-08-31 02:00:00+00:00,0.336,0.3365,0.3359,0.336,2891204.3
2026-08-31 03:00:00+00:00,0.3359,0.3365,0.3359,0.3364,4726600.2
2026-08-31 04:00:00+00:00,0.3364,0.337,0.3363,0.3365,3639401.8
2026-08-31 05:00:00+00:00,0.3365,0.337,0.3363,0.3367,3882565.1
2026-08-31 06:00:00+00:00,0.3367,0.3371,0.3365,0.3371,2508850.1
2026-08-31 07:00:00+00:00,0.3371,0.3372,0.3368,0.337,1633461.1
2026-08-31 08:00:00+00:00,0.337,0.337,0.3363,0.3365,3196675.5
2026-08-31 09:00:00+00:00,0.3365,0.3368,0.3347,0.3348,7854993.0
2026-08-31 10:00:00+00:00,0.3348,0.3361,0.3345,0.3356,9379888.7
2026-08-31 11:00:00+00:00,0.3355,0.3356,0.3344,0.3344,4260686.1
2026-08-31 12:00:00+00:00,0.3344,0.3351,0.3343,0.3345,3045222.0
2026-08-31 13:00:00+00:00,0.3346,0.3346,0.3319,0.3321,17980165.4
2026-08-31 14:00:00+00:00,0.3322,0.3335,0.3318,0.3331,9610330.2
2026-08-31 15:00:00+00:00,0.333,0.3332,0.3324,0.333,5050653.8
2026-08-31 16:00:00+00:00,0.333,0.3334,0.3328,0.3332,2856075.4
2026-08-31 17:00:00+00:00,0.3333,0.3337,0.333,0.3335,2539356.4
2026-08-31 18:00:00+00:00,0.3335,0.3342,0.3332,0.3338,3105937.4
2026-08-31 19:00:00+00:00,0.3337,0.334,0.3335,0.3337,1439477.7
2026-08-31 20:00:00+00:00,0.3337,0.3337,0.3332,0.3333,1627232.4
2026-08-31 21:00:00+00:00,0.3332,0.3335,0.3332,0.3333,1392762.0
2026-08-31 22:00:00+00:00,0.3333,0.3333,0.3327,0.3327,2082628.2
2026-08-31 23:00:00+00:00,0.3328,0.3328,0.3324,0.3326,1747120.7
2026-09-01 00:00:00+00:00,0.3325,0.3326,0.3321,0.3323,2997937.0
2026-09-01 01:00:00+00:00,0.3323,0.3326,0.332,0.3321,3478665.8
2026-09-01 02:00:00+00:00,0.3321,0.3325,0.3318,0.3321,3593533.1
2026-09-01 03:00:00+00:00,0.3321,0.3324,0.332,0.3322,1379562.8
2026-09-01 04:00:00+00:00,0.3323,0.3324,0.3317,0.3318,2392135.4
2026-09-01 05:00:00+00:00,0.3318,0.3321,0.3316,0.3317,1887003.0
2026-09-01 06:00:00+00:00,0.3316,0.3319,0.3316,0.3318,2525470.4
2026-09-01 07:00:00+00:00,0.3317,0.3318,0.3314,0.3318,1762995.2
2026-09-01 08:00:00+00:00,0.3318,0.3319,0.3302,0.3303,5583528.6
2026-09-01 09:00:00+00:00,0.3302,0.3306,0.3296,0.3297,4389444.8
2026-09-01 10:00:00+00:00,0.3297,0.3298,0.3282,0.3284,9776652.0
2026-09-01 11:00:00+00:00,0.3285,0.3293,0.3282,0.3289,7257490.1
2026-09-01 12:00:00+00:00,0.3289,0.3289,0.3253,0.3264,25671502.7
2026-09-01 13:00:00+00:00,0.3263,0.3267,0.3261,0.3262,4419386.9
2026-09-01 14:00:00+00:00,0.3262,0.3263,0.3253,0.3255,7164893.6
2026-09-01 15:00:00+00:00,0.3255,0.3257,0.3244,0.3248,9113754.4
2026-09-01 16:00:00+00:00,0.3247,0.3248,0.3233,0.3235,7540671.7
2026-09-01 17:00:00+00:00,0.3234,0.3236,0.3226,0.3227,5961345.2
2026-09-01 18:00:00+00:00,0.3226,0.323,0.322,0.3224,6280321.6
2026-09-01 19:00:00+00:00,0.3224,0.324,0.3224,0.3239,8214242.0
2026-09-01 20:00:00+00:00,0.3239,0.3239,0.3231,0.3234,2104076.4
2026-09-01 21:00:00+00:00,0.3233,0.3235,0.323,0.3231,1791745.1
2026-09-01 22:00:00+00:00,0.3232,0.3232,0.3226,0.3228,2736701.0
2026-09-01 23:00:00+00:00,0.3229,0.323,0.3223,0.3223,4072618.3
2026-09-02 00:00:00+00:00,0.3224,0.3226,0.3219,0.3221,2692919.5
2026-09-02 01:00:00+00:00,0.322,0.3226,0.3218,0.3219,2564700.0
2026-09-02 02:00:00+00:00,0.3219,0.3222,0.3217,0.322,2430320.6
2026-09-02 03:00:00+00:00,0.3221,0.3222,0.3217,0.3219,1664606.6
2026-09-02 04:00:00+00:00,0.3219,0.3222,0.3218,0.322,1825068.7
2026-09-02 05:00:00+00:00,0.3221,0.3229,0.3218,0.3228,2359433.2
2026-09-02 06:00:00+00:00,0.3228,0.3232,0.3226,0.3231,2367791.1
2026-09-02 07:00:00+00:00,0.3232,0.3236,0.3228,0.3228,5441199.9
2026-09-02 08:00:00+00:00,0.3228,0.3233,0.3225,0.3228,5423664.1
2026-09-02 09:00:00+00:00,0.3227,0.3231,0.3224,0.3228,3846441.5
2026-09-02 10:00:00+00:00,0.3228,0.323,0.3225,0.323,4318505.8
2026-09-02 11:00:00+00:00,0.3229,0.323,0.3225,0.3229,2594126.9
2026-09-02 12:00:00+00:00,0.323,0.3246,0.3228,0.3236,8016580.2
2026-09-02 13:00:00+00:00,0.3235,0.3249,0.3235,0.3248,5331212.0
2026-09-02 14:00:00+00:00,0.3248,0.3256,0.3244,0.325,7349941.8
2026-09-02 15:00:00+00:00,0.325,0.325,0.3239,0.3242,4497566.9
2026-09-02 16:00:00+00:00,0.3243,0.3243,0.3238,0.3238,2121539.2
2026-09-02 17:00:00+00:00,0.3239,0.3241,0.3237,0.3239,1668261.5
2026-09-02 18:00:00+00:00,0.3238,0.3249,0.3237,0.3248,2962191.9
2026-09-02 19:00:00+00:00,0.3249,0.325,0.3243,0.3245,1584833.6
2026-09-02 20:00:00+00:00,0.3245,0.3247,0.3242,0.3247,1362276.2
2026-09-02 21:00:00+00:00,0.3247,0.3248,0.3245,0.3247,1436665.0
2026-09-02 22:00:00+00:00,0.3247,0.3249,0.3245,0.3249,1385123.1
2026-09-02 23:00:00+00:00,0.3248,0.3253,0.3248,0.3252,1667945.9
2026-09-03 00:00:00+00:00,0.3252,0.3253,0.3247,0.3251,1534199.9
2026-09-03 01:00:00+00:00,0.3251,0.3252,0.3248,0.3249,1685044.1
2026-09-03 02:00:00+00:00,0.325,0.3255,0.3249,0.3255,1670914.7
2026-09-03 03:00:00+00:00,0.3254,0.3259,0.3254,0.3259,1656420.2
2026-09-03 04:00:00+00:00,0.3259,0.3262,0.3259,0.3262,1457669.1
2026-09-03 05:00:00+00:00,0.3262,0.3264,0.3255,0.3263,2862508.5
2026-09-03 06:00:00+00:00,0.3263,0.3266,0.3262,0.3264,1819517.5
2026-09-03 07:00:00+00:00,0.3264,0.3266,0.326,0.3262,3289267.6
2026-09-03 08:00:00+00:00,0.3262,0.3266,0.3261,0.3265,1544854.6
2026-09-03 09:00:00+00:00,0.3266,0.3273,0.3265,0.3273,3103040.8
2026-09-03 10:00:00+00:00,0.3272,0.3283,0.3271,0.3282,4960094.9
2026-09-03 11:00:00+00:00,0.3282,0.3285,0.3277,0.3279,3939139.3
2026-09-03 12:00:00+00:00,0.3279,0.3282,0.3277,0.328,3602025.2
2026-09-03 13:00:00+00:00,0.3279,0.329,0.3279,0.329,4097691.7
2026-09-03 14:00:00+00:00,0.329,0.3299,0.3287,0.3299,5148827.8
2026-09-03 15:00:00+00:00,0.3299,0.3319,0.3298,0.3316,12676581.0
2026-09-03 16:00:00+00:00,0.3316,0.3321,0.3314,0.332,7681561.4
2026-09-03 17:00:00+00:00,0.3321,0.3321,0.3314,0.3316,3457234.3
2026-09-03 18:00:00+00:00,0.3317,0.3317,0.3309,0.3313,4508580.9
2026-09-03 19:00:00+00:00,0.3312,0.3315,0.3309,0.3315,1507775.3
2026-09-03 20:00:00+00:00,0.3314,0.332,0.3311,0.3319,4573795.4
2026-09-03 21:00:00+00:00,0.3319,0.332,0.3312,0.3313,2174032.5
2026-09-03 22:00:00+00:00,0.3314,0.3314,0.3306,0.3307,3956610.8
2026-09-03 23:00:00+00:00,0.3307,0.3309,0.3306,0.3309,1219123.6
2026-09-04 00:00:00+00:00,0.3309,0.3309,0.3301,0.3302,3490110.0
2026-09-04 01:00:00+00:00,0.3302,0.3303,0.33,0.33,1163335.5
2026-09-04 02:00:00+00:00,0.3301,0.3301,0.3294,0.3295,3594770.1
2026-09-04 03:00:00+00:00,0.3295,0.3298,0.3294,0.3294,1069883.6
2026-09-04 04:00:00+00:00,0.3295,0.3295,0.329,0.3291,2858217.5
2026-09-04 05:00:00+00:00,0.3291,0.3291,0.3285,0.3287,4100999.0
2026-09-04 06:00:00+00:00,0.3287,0.3288,0.328,0.3283,4515979.4
2026-09-04 07:00:00+00:00,0.3284,0.3284,0.3279,0.3281,2486780.5
2026-09-04 08:00:00+00:00,0.3281,0.3285,0.3278,0.3285,2757138.3
2026-09-04 09:00:00+00:00,0.3285,0.3289,0.3277,0.3279,7013727.7
2026-09-04 10:00:00+00:00,0.3279,0.3285,0.3278,0.3284,2089823.2
2026-09-04 11:00:00+00:00,0.3285,0.3297,0.3283,0.3296,5582344.0
2026-09-04 12:00:00+00:00,0.3297,0.3297,0.3276,0.3285,15419437.9
2026-09-04 13:00:00+00:00,0.3285,0.3298,0.3284,0.3298,7089034.8
2026-09-04 14:00:00+00:00,0.3298,0.3298,0.3288,0.3293,4368139.5
2026-09-04 15:00:00+00:00,0.3293,0.3303,0.3292,0.3302,7667967.0
2026-09-04 16:00:00+00:00,0.3303,0.3307,0.3301,0.3307,2754863.8
2026-09-04 17:00:00+00:00,0.3307,0.331,0.3306,0.331,1887705.0
2026-09-04 18:00:00+00:00,0.331,0.332,0.3309,0.3319,3916060.9
2026-09-04 19:00:00+00:00,0.3319,0.332,0.3316,0.3316,1913855.5
2026-09-04 20:00:00+00:00,0.3317,0.3318,0.3313,0.3315,1718125.2
2026-09-04 21:00:00+00:00,0.3315,0.3315,0.3312,0.3313,2096881.5
2026-09-04 22:00:00+00:00,0.3313,0.3318,0.3313,0.3318,1286662.0
2026-09-04 23:00:00+00:00,0.3318,0.3318,0.3311,0.3314,2686378.0
2026-09-05 00:00:00+00:00,0.3314,0.3317,0.3313,0.3316,1596708.3
2026-09-05 01:00:00+00:00,0.3317,0.3319,0.3316,0.3319,1177306.8
2026-09-05 02:00:00+00:00,0.3319,0.3321,0.3314,0.3314,2513119.1
2026-09-05 03:00:00+00:00,0.3315,0.332,0.3314,0.332,1964929.8
2026-09-05 04:00:00+00:00,0.332,0.3321,0.3316,0.3317,750859.0
2026-09-05 05:00:00+00:00,0.3318,0.332,0.3316,0.332,1247634.3
2026-09-05 06:00:00+00:00,0.3319,0.3328,0.3319,0.3328,3318667.8
2026-09-05 07:00:00+00:00,0.3327,0.3333,0.3325,0.3327,3302276.4
2026-09-05 08:00:00+00:00,0.3327,0.3329,0.3324,0.3328,2814613.9
2026-09-05 09:00:00+00:00,0.3328,0.3329,0.3318,0.3323,4193199.5
2026-09-05 10:00:00+00:00,0.3323,0.333,0.3322,0.3328,2234022.4
2026-09-05 11:00:00+00:00,0.3328,0.3332,0.3327,0.3331,2267761.7
2026-09-05 12:00:00+00:00,0.3332,0.3333,0.3328,0.3331,2077882.3
2026-09-05 13:00:00+00:00,0.3331,0.3333,0.3329,0.3331,1730785.3
2026-09-05 14:00:00+00:00,0.3331,0.3334,0.3329,0.3332,1762683.3
2026-09-05 15:00:00+00:00,0.3332,0.3343,0.3331,0.3343,4756083.7
2026-09-05 16:00:00+00:00,0.3343,0.3346,0.3339,0.3345,3623827.3
2026-09-05 17:00:00+00:00,0.3346,0.3346,0.3339,0.3342,2224972.0
2026-09-05 18:00:00+00:00,0.3342,0.3343,0.3341,0.3343,817794.4
2026-09-05 19:00:00+00:00,0.3343,0.3343,0.3338,0.3341,2493608.0
2026-09-05 20:00:00+00:00,0.3341,0.3346,0.3339,0.3346,3259277.2
2026-09-05 21:00:00+00:00,0.3346,0.3348,0.3345,0.3347,1832916.7
2026-09-05 22:00:00+00:00,0.3347,0.3347,0.3339,0.3339,1465141.4
2026-09-05 23:00:00+00:00,0.3339,0.3343,0.3338,0.3338,1302694.9
2026-09-06 00:00:00+00:00,0.3339,0.3344,0.3338,0.3343,1096403.7
2026-09-06 01:00:00+00:00,0.3342,0.3345,0.334,0.334,1283275.0
2026-09-06 02:00:00+00:00,0.3341,0.3342,0.3332,0.3333,2864338.5
2026-09-06 03:00:00+00:00,0.3332,0.3333,0.333,0.333,1373460.0
2026-09-06 04:00:00+00:00,0.333,0.3335,0.3329,0.3329,1252821.6
2026-09-06 05:00:00+00:00,0.3329,0.3338,0.3329,0.3335,2949970.2
2026-09-06 06:00:00+00:00,0.3334,0.3339,0.3333,0.3338,1782374.5
2026-09-06 07:00:00+00:00,0.3337,0.3338,0.3334,0.3336,997333.7
2026-09-06 08:00:00+00:00,0.3337,0.3341,0.3334,0.3339,2325358.7
2026-09-06 09:00:00+00:00,0.3338,0.3343,0.3338,0.3343,2101446.4
2026-09-06 10:00:00+00:00,0.3343,0.3343,0.3341,0.3343,858280.1
2026-09-06 11:00:00+00:00,0.3343,0.3353,0.3342,0.335,4474015.7
2026-09-06 12:00:00+00:00,0.335,0.3355,0.3348,0.3355,2304799.1
2026-09-06 13:00:00+00:00,0.3354,0.3356,0.3349,0.335,2896894.2
2026-09-06 14:00:00+00:00,0.335,0.3353,0.3348,0.3351,2201090.5
2026-09-06 15:00:00+00:00,0.3352,0.3353,0.335,0.3353,795291.0
2026-09-06 16:00:00+00:00,0.3353,0.3355,0.3352,0.3353,2033863.1
2026-09-06 17:00:00+00:00,0.3353,0.3355,0.3351,0.3352,1311759.0
2026-09-06 18:00:00+00:00,0.3353,0.3355,0.3351,0.3355,1034384.8
2026-09-06 19:00:00+00:00,0.3355,0.3355,0.3349,0.335,1790019.4
2026-09-06 20:00:00+00:00,0.335,0.3363,0.3348,0.3361,5823753.0
2026-09-06 21:00:00+00:00,0.3361,0.3363,0.3359,0.3362,1469417.2
2026-09-06 22:00:00+00:00,0.3362,0.3362,0.3354,0.3355,2352378.0
2026-09-06 23:00:00+00:00,0.3355,0.3357,0.3351,0.3352,2211934.1
2026-09-07 00:00:00+00:00,0.3351,0.3355,0.335,0.3352,1937686.0
2026-09-07 01:00:00+00:00,0.3353,0.3354,0.335,0.3353,1323139.2
2026-09-07 02:00:00+00:00,0.3352,0.3357,0.335,0.3353,1995973.9
2026-09-07 03:00:00+00:00,0.3353,0.3358,0.335,0.3357,2678767.7
2026-09-07 04:00:00+00:00,0.3356,0.337,0.3356,0.3368,7950599.0
2026-09-07 05:00:00+00:00,0.3368,0.3374,0.3366,0.3372,6286927.8
2026-09-07 06:00:00+00:00,0.3372,0.3374,0.3366,0.3369,3212175.3
2026-09-07 07:00:00+00:00,0.3369,0.3371,0.3363,0.3366,2987627.5
2026-09-07 08:00:00+00:00,0.3366,0.3368,0.3364,0.3368,2240824.5
2026-09-07 09:00:00+00:00,0.3368,0.3369,0.3366,0.3367,1784421.8
2026-09-07 10:00:00+00:00,0.3367,0.337,0.3366,0.3369,2420874.4
2026-09-07 11:00:00+00:00,0.3368,0.3368,0.3362,0.3363,2826614.4
2026-09-07 12:00:00+00:00,0.3364,0.3365,0.3355,0.3357,6236624.2
2026-09-07 13:00:00+00:00,0.3357,0.3358,0.3353,0.3354,3821087.2
2026-09-07 14:00:00+00:00,0.3353,0.3354,0.3348,0.3349,4099214.6
2026-09-07 15:00:00+00:00,0.3349,0.3349,0.3338,0.3339,9664930.8
2026-09-07 16:00:00+00:00,0.3338,0.3343,0.3338,0.334,2179531.6
2026-09-07 17:00:00+00:00,0.334,0.3343,0.3338,0.334,1523650.4
2026-09-07 18:00:00+00:00,0.334,0.3347,0.3338,0.3346,4059971.3
2026-09-07 19:00:00+00:00,0.3346,0.3347,0.3344,0.3347,569542.1
2026-09-07 20:00:00+00:00,0.3347,0.3348,0.3343,0.3345,1426717.8
2026-09-07 21:00:00+00:00,0.3345,0.3349,0.3344,0.3348,1407546.6
2026-09-07 22:00:00+00:00,0.3349,0.3349,0.3341,0.3343,1451866.9
2026-09-07 23:00:00+00:00,0.3343,0.3346,0.3342,0.3346,1160171.8
2026-09-08 00:00:00+00:00,0.3346,0.3349,0.334,0.3343,3925911.9
2026-09-08 01:00:00+00:00,0.3342,0.3349,0.3342,0.3348,2311387.9
2026-09-08 02:00:00+00:00,0.3348,0.3352,0.3347,0.3349,3013546.9
2026-09-08 03:00:00+00:00,0.3349,0.3353,0.3347,0.3351,2782175.0
2026-09-08 04:00:00+00:00,0.3351,0.3356,0.3348,0.3356,813007.5
2026-09-08 05:00:00+00:00,0.3356,0.3373,0.3354,0.3373,5129321.7
2026-09-08 06:00:00+00:00,0.3373,0.3379,0.3373,0.3375,3770713.8
2026-09-08 07:00:00+00:00,0.3375,0.339,0.3372,0.338,9736485.6
2026-09-08 08:00:00+00:00,0.3381,0.3384,0.3377,0.3383,4223906.3
2026-09-08 09:00:00+00:00,0.3384,0.3392,0.3378,0.3387,11050474.6
2026-09-08 10:00:00+00:00,0.3388,0.3388,0.3377,0.3378,5300595.8
2026-09-08 11:00:00+00:00,0.3379,0.3387,0.3378,0.3386,3005437.9
2026-09-08 12:00:00+00:00,0.3387,0.339,0.3383,0.3389,2433466.3
2026-09-08 13:00:00+00:00,0.3389,0.3392,0.3384,0.3388,4061694.2
2026-09-08 14:00:00+00:00,0.3387,0.34,0.3387,0.34,6425642.7
2026-09-08 15:00:00+00:00,0.34,0.3402,0.3388,0.3393,5893124.5
2026-09-08 16:00:00+00:00,0.3393,0.3398,0.3391,0.3397,4820657.3
2026-09-08 17:00:00+00:00,0.3397,0.3398,0.3388,0.3392,6529901.4
2026-09-08 18:00:00+00:00,0.3392,0.3393,0.3388,0.339,2313474.5
2026-09-08 19:00:00+00:00,0.3391,0.3392,0.3382,0.3384,4876156.2
2026-09-08 20:00:00+00:00,0.3384,0.3384,0.3378,0.3378,4301067.1
2026-09-08 21:00:00+00:00,0.3378,0.3384,0.3378,0.3381,1289894.7
2026-09-08 22:00:00+00:00,0.3381,0.3388,0.338,0.3387,1604552.1
2026-09-08 23:00:00+00:00,0.3387,0.3392,0.3385,0.3388,3930269.0
2026-09-09 00:00:00+00:00,0.3388,0.3395,0.3388,0.3393,3215815.9
2026-09-09 01:00:00+00:00,0.3394,0.3395,0.3389,0.3392,1826131.5
2026-09-09 02:00:00+00:00,0.3392,0.3393,0.3385,0.3392,2374887.3
2026-09-09 03:00:00+00:00,0.3391,0.3393,0.3388,0.3391,2163841.8
2026-09-09 04:00:00+00:00,0.3391,0.3393,0.3384,0.3388,5097044.6
2026-09-09 05:00:00+00:00,0.3389,0.3389,0.3382,0.3387,2238085.8
2026-09-09 06:00:00+00:00,0.3387,0.3391,0.3381,0.339,3392129.7
2026-09-09 07:00:00+00:00,0.3389,0.3396,0.3384,0.3393,5360626.9
2026-09-09 08:00:00+00:00,0.3394,0.3395,0.3392,0.3395,1386619.0
2026-09-09 09:00:00+00:00,0.3395,0.3395,0.339,0.3391,2104544.1
2026-09-09 10:00:00+00:00,0.3391,0.3393,0.3389,0.3389,1521042.5
2026-09-09 11:00:00+00:00,0.339,0.3394,0.3388,0.3393,1926191.2
2026-09-09 12:00:00+00:00,0.3393,0.3393,0.3389,0.339,1862921.5
2026-09-09 13:00:00+00:00,0.339,0.3394,0.3385,0.3386,5075933.7
2026-09-09 14:00:00+00:00,0.3386,0.3388,0.3385,0.3386,1252516.8
2026-09-09 15:00:00+00:00,0.3387,0.3389,0.338,0.3383,6636404.7
2026-09-09 16:00:00+00:00,0.3383,0.3406,0.3382,0.3406,10517111.6
2026-09-09 17:00:00+00:00,0.3406,0.3407,0.3399,0.3402,1936432.6
2026-09-09 18:00:00+00:00,0.3402,0.3404,0.3399,0.34,1528749.8
2026-09-09 19:00:00+00:00,0.3399,0.3401,0.3395,0.3396,2605890.9
2026-09-09 20:00:00+00:00,0.3396,0.3398,0.3393,0.3393,2079235.8
2026-09-09 21:00:00+00:00,0.3393,0.3397,0.339,0.3391,2268861.0
2026-09-09 22:00:00+00:00,0.3391,0.3392,0.3382,0.3384,5726281.8
2026-09-09 23:00:00+00:00,0.3383,0.339,0.3383,0.3389,3171650.4
2026-09-10 00:00:00+00:00,0.3388,0.3392,0.3388,0.339,2735207.1
2026-09-10 01:00:00+00:00,0.3391,0.3395,0.3386,0.3387,4797939.0
2026-09-10 02:00:00+00:00,0.3386,0.3396,0.3386,0.3396,3291937.7
2026-09-10 03:00:00+00:00,0.3396,0.34,0.3393,0.3395,5416962.2
2026-09-10 04:00:00+00:00,0.3396,0.3407,0.3393,0.3404,4294354.5
2026-09-10 05:00:00+00:00,0.3404,0.3407,0.3396,0.3407,5945024.5
2026-09-10 06:00:00+00:00,0.3407,0.3407,0.3398,0.3398,2727971.5
2026-09-10 07:00:00+00:00,0.3399,0.3399,0.3394,0.3397,3390383.1
2026-09-10 08:00:00+00:00,0.3397,0.3399,0.3394,0.3395,2887202.5
2026-09-10 09:00:00+00:00,0.3396,0.3404,0.3395,0.3403,3958071.2
2026-09-10 10:00:00+00:00,0.3403,0.3407,0.3401,0.3403,3082229.9
2026-09-10 11:00:00+00:00,0.3404,0.3405,0.3401,0.3403,2145062.5
2026-09-10 12:00:00+00:00,0.3404,0.3407,0.3386,0.3388,12163305.8
2026-09-10 13:00:00+00:00,0.3387,0.339,0.3383,0.3387,5053631.7
2026-09-10 14:00:00+00:00,0.3387,0.3391,0.3385,0.3386,4005382.4
2026-09-10 15:00:00+00:00,0.3386,0.3392,0.3385,0.3391,2537842.8
2026-09-10 16:00:00+00:00,0.339,0.3392,0.3384,0.3388,3540102.4
2026-09-10 17:00:00+00:00,0.3388,0.3399,0.3388,0.3398,4014399.6
2026-09-10 18:00:00+00:00,0.3399,0.3399,0.3391,0.3398,2590513.5
2026-09-10 19:00:00+00:00,0.3398,0.3398,0.3394,0.3396,1300127.5
2026-09-10 20:00:00+00:00,0.3396,0.3397,0.3392,0.3394,1451290.0
2026-09-10 21:00:00+00:00,0.3394,0.3402,0.3391,0.3402,4031386.7
2026-09-10 22:00:00+00:00,0.3402,0.3411,0.3401,0.3402,5436034.2
2026-09-10 23:00:00+00:00,0.3402,0.3406,0.3398,0.34,2723753.0
2026-09-11 00:00:00+00:00,0.34,0.341,0.34,0.3409,3635690.0
2026-09-11 01:00:00+00:00,0.341,0.3411,0.3405,0.3409,2367692.8
2026-09-11 02:00:00+00:00,0.3409,0.341,0.3404,0.3406,1451025.2
2026-09-11 03:00:00+00:00,0.3406,0.3406,0.3395,0.3398,3458058.3
2026-09-11 04:00:00+00:00,0.3399,0.34,0.3386,0.3391,6669548.7
2026-09-11 05:00:00+00:00,0.3392,0.3392,0.3388,0.3391,1146716.8
2026-09-11 06:00:00+00:00,0.3391,0.3393,0.3385,0.3389,2684009.4
2026-09-11 07:00:00+00:00,0.3388,0.3389,0.3385,0.3386,1627679.0
2026-09-11 08:00:00+00:00,0.3386,0.3388,0.3385,0.3388,994602.5
2026-09-11 09:00:00+00:00,0.3388,0.339,0.3385,0.3387,2261464.8
2026-09-11 10:00:00+00:00,0.3387,0.339,0.3378,0.3379,5781670.3
2026-09-11 11:00:00+00:00,0.3378,0.3379,0.3362,0.3366,9872861.3
2026-09-11 12:00:00+00:00,0.3365,0.3376,0.3351,0.3363,17031214.5
2026-09-11 13:00:00+00:00,0.3364,0.3376,0.3359,0.3376,7229585.4
2026-09-11 14:00:00+00:00,0.3375,0.3378,0.3364,0.3365,6812199.0
2026-09-11 15:00:00+00:00,0.3364,0.3367,0.3357,0.3358,6304831.5
2026-09-11 16:00:00+00:00,0.3357,0.3362,0.3356,0.3362,2592589.4
2026-09-11 17:00:00+00:00,0.3362,0.3369,0.3361,0.3369,3185960.0
2026-09-11 18:00:00+00:00,0.3369,0.3369,0.3363,0.3365,2237887.2
2026-09-11 19:00:00+00:00,0.3366,0.3369,0.3364,0.3369,1327756.2
2026-09-11 20:00:00+00:00,0.3368,0.3391,0.3368,0.3385,14336213.3
2026-09-11 21:00:00+00:00,0.3384,0.3387,0.3383,0.3383,1595908.5
2026-09-11 22:00:00+00:00,0.3383,0.3384,0.3379,0.3383,2113071.8
2026-09-11 23:00:00+00:00,0.3384,0.3386,0.3383,0.3386,1042897.3
2026-09-12 00:00:00+00:00,0.3385,0.339,0.3385,0.3389,2405539.8
2026-09-12 01:00:00+00:00,0.3389,0.3391,0.3388,0.3391,1041122.2
2026-09-12 02:00:00+00:00,0.3391,0.3397,0.339,0.3394,3809211.7
2026-09-12 03:00:00+00:00,0.3394,0.3397,0.3393,0.3396,1280177.3
2026-09-12 04:00:00+00:00,0.3396,0.3404,0.3394,0.3404,4077120.8
2026-09-12 05:00:00+00:00,0.3404,0.3441,0.3403,0.3437,12102495.3
2026-09-12 06:00:00+00:00,0.3436,0.3442,0.3399,0.3402,28641206.9
2026-09-12 07:00:00+00:00,0.3402,0.3402,0.3385,0.3394,14710107.0
2026-09-12 08:00:00+00:00,0.3395,0.3396,0.3393,0.3394,701314.0
2026-09-12 09:00:00+00:00,0.3394,0.3397,0.3393,0.3396,892754.5
2026-09-12 10:00:00+00:00,0.3396,0.3397,0.3394,0.3397,593675.4
2026-09-12 11:00:00+00:00,0.3397,0.3409,0.3396,0.3409,5336165.3
2026-09-12 12:00:00+00:00,0.3409,0.3411,0.3408,0.341,1459882.0
2026-09-12 13:00:00+00:00,0.3411,0.3411,0.3404,0.3406,1780882.0
2026-09-12 14:00:00+00:00,0.3405,0.3407,0.3394,0.3399,6847077.0
2026-09-12 15:00:00+00:00,0.3399,0.3401,0.3398,0.34,1154124.5
2026-09-12 16:00:00+00:00,0.3401,0.3404,0.34,0.3404,1976701.5
2026-09-12 17:00:00+00:00,0.3404,0.3404,0.3398,0.34,1652780.5
2026-09-12 18:00:00+00:00,0.3401,0.3401,0.3398,0.3399,860999.1
2026-09-12 19:00:00+00:00,0.3398,0.3399,0.3396,0.3397,1386330.9
2026-09-12 20:00:00+00:00,0.3397,0.3399,0.3397,0.3399,373375.5
2026-09-12 21:00:00+00:00,0.3399,0.34,0.3397,0.3398,806957.4
2026-09-12 22:00:00+00:00,0.3398,0.3401,0.3397,0.3399,912201.8
2026-09-12 23:00:00+00:00,0.34,0.34,0.3396,0.3399,720814.4
2026-09-13 00:00:00+00:00,0.3399,0.3402,0.3399,0.3402,1170536.2
2026-09-13 01:00:00+00:00,0.3401,0.3407,0.34,0.3407,2583385.4
2026-09-13 02:00:00+00:00,0.3407,0.3407,0.3401,0.3401,1226835.1
2026-09-13 03:00:00+00:00,0.3402,0.3402,0.3392,0.3395,4061227.1
2026-09-13 04:00:00+00:00,0.3396,0.3397,0.3393,0.3395,599464.7
2026-09-13 05:00:00+00:00,0.3394,0.3398,0.3394,0.3396,855506.8
2026-09-13 06:00:00+00:00,0.3396,0.3399,0.3394,0.3399,1235187.4
2026-09-13 07:00:00+00:00,0.3399,0.3401,0.3398,0.3399,1790619.0
2026-09-13 08:00:00+00:00,0.3399,0.3401,0.3396,0.3397,2374049.6
2026-09-13 09:00:00+00:00,0.3397,0.3402,0.3396,0.3402,2264348.6
2026-09-13 10:00:00+00:00,0.3402,0.3403,0.3399,0.3402,1866623.3
2026-09-13 11:00:00+00:00,0.3401,0.3412,0.3401,0.3408,5091831.7
2026-09-13 12:00:00+00:00,0.3407,0.341,0.3407,0.3409,1107974.1
2026-09-13 13:00:00+00:00,0.3409,0.341,0.3405,0.3409,1607462.3
2026-09-13 14:00:00+00:00,0.3409,0.3412,0.3406,0.3409,2780255.1
2026-09-13 15:00:00+00:00,0.3409,0.3415,0.3407,0.3414,3554755.3
2026-09-13 16:00:00+00:00,0.3414,0.3414,0.341,0.3411,1942718.5
2026-09-13 17:00:00+00:00,0.341,0.3414,0.341,0.3412,764312.6
2026-09-13 18:00:00+00:00,0.3411,0.3416,0.3411,0.3416,1172465.4
2026-09-13 19:00:00+00:00,0.3416,0.3416,0.3412,0.3413,917518.9
2026-09-13 20:00:00+00:00,0.3413,0.3416,0.3412,0.3415,1200507.9
2026-09-13 21:00:00+00:00,0.3414,0.3415,0.3412,0.3414,1073695.7
2026-09-13 22:00:00+00:00,0.3413,0.3414,0.3395,0.3396,9599410.9
2026-09-13 23:00:00+00:00,0.3396,0.3397,0.3384,0.3384,8389205.1
2026-09-14 00:00:00+00:00,0.3384,0.3389,0.3378,0.3387,6287128.0
2026-09-14 01:00:00+00:00,0.3387,0.3389,0.3381,0.3384,3337384.8
2026-09-14 02:00:00+00:00,0.3385,0.3391,0.3383,0.3388,3458738.1
2026-09-14 03:00:00+00:00,0.3388,0.3391,0.3387,0.3389,1098094.2
2026-09-14 04:00:00+00:00,0.339,0.3391,0.3386,0.339,1997978.4
2026-09-14 05:00:00+00:00,0.339,0.3391,0.3387,0.339,1665339.8
2026-09-14 06:00:00+00:00,0.3389,0.3401,0.3389,0.3394,7461111.9
2026-09-14 07:00:00+00:00,0.3394,0.3396,0.3392,0.3393,1100187.8
2026-09-14 08:00:00+00:00,0.3393,0.3402,0.3391,0.3401,3755078.8
2026-09-14 09:00:00+00:00,0.3402,0.3405,0.3399,0.3405,2827257.3
2026-09-14 10:00:00+00:00,0.3405,0.3406,0.34,0.3401,2169775.8
2026-09-14 11:00:00+00:00,0.3401,0.3402,0.3399,0.3401,1480695.8
2026-09-14 12:00:00+00:00,0.3401,0.3404,0.3399,0.3402,2521159.0
2026-09-14 13:00:00+00:00,0.3403,0.3412,0.3401,0.3407,4993881.6
2026-09-14 14:00:00+00:00,0.3407,0.3412,0.3406,0.341,4942538.5
2026-09-14 15:00:00+00:00,0.341,0.341,0.3397,0.34,6451818.5
2026-09-14 16:00:00+00:00,0.34,0.3421,0.3397,0.3421,10574378.1
2026-09-14 17:00:00+00:00,0.3421,0.3421,0.3405,0.3407,5527202.7
2026-09-14 18:00:00+00:00,0.3407,0.3408,0.3404,0.3405,1976285.4
2026-09-14 19:00:00+00:00,0.3405,0.3411,0.3402,0.3404,6231975.0
2026-09-14 20:00:00+00:00,0.3404,0.341,0.34,0.34,4382355.5
2026-09-14 21:00:00+00:00,0.34,0.34,0.339,0.339,7573477.4
2026-09-14 22:00:00+00:00,0.339,0.3393,0.3385,0.3388,3153573.0
2026-09-14 23:00:00+00:00,0.3387,0.3388,0.3381,0.3381,3622843.3
2026-09-15 00:00:00+00:00,0.3382,0.3382,0.3374,0.3377,4804075.6
2026-09-15 01:00:00+00:00,0.3378,0.3382,0.3375,0.3379,2084726.3
2026-09-15 02:00:00+00:00,0.3379,0.338,0.3376,0.3378,1598666.2
2026-09-15 03:00:00+00:00,0.3379,0.3379,0.3376,0.3378,975295.1
2026-09-15 04:00:00+00:00,0.3378,0.3385,0.3375,0.3384,3021975.7
2026-09-15 05:00:00+00:00,0.3385,0.3385,0.3376,0.3377,2445667.4
2026-09-15 06:00:00+00:00,0.3377,0.3381,0.3376,0.3377,1717804.7
2026-09-15 07:00:00+00:00,0.3378,0.3382,0.3376,0.3378,2925102.7
2026-09-15 08:00:00+00:00,0.3378,0.3379,0.3375,0.3378,2459126.4
2026-09-15 09:00:00+00:00,0.3379,0.3392,0.3377,0.3386,7886967.8
2026-09-15 10:00:00+00:00,0.3386,0.3388,0.3384,0.3387,1645922.8
2026-09-15 11:00:00+00:00,0.3388,0.3389,0.3384,0.3387,1984300.0
2026-09-15 12:00:00+00:00,0.3387,0.3389,0.3383,0.3383,2923448.3
2026-09-15 13:00:00+00:00,0.3384,0.3386,0.3377,0.3379,4828432.0
2026-09-15 14:00:00+00:00,0.3379,0.3379,0.3365,0.3366,9038036.2
2026-09-15 15:00:00+00:00,0.3366,0.3369,0.3359,0.336,7077227.0
2026-09-15 16:00:00+00:00,0.3359,0.3367,0.3353,0.3357,9189676.3
2026-09-15 17:00:00+00:00,0.3357,0.3357,0.3343,0.3346,4336859.4
2026-09-15 18:00:00+00:00,0.3346,0.3346,0.3319,0.3327,10419969.3
2026-09-15 19:00:00+00:00,0.3327,0.333,0.3324,0.333,3171785.4
2026-09-15 20:00:00+00:00,0.3329,0.3329,0.3322,0.3325,3226136.0
2026-09-15 21:00:00+00:00,0.3325,0.3328,0.3322,0.3325,1989156.4
2026-09-15 22:00:00+00:00,0.3326,0.3332,0.3325,0.3332,2387111.8
2026-09-15 23:00:00+00:00,0.3331,0.3336,0.3329,0.3329,3917236.3
2026-09-16 00:00:00+00:00,0.3329,0.3335,0.3328,0.3333,2370803.8
2026-09-16 01:00:00+00:00,0.3333,0.3334,0.3323,0.3323,5265529.4
2026-09-16 02:00:00+00:00,0.3324,0.3331,0.3322,0.333,3320625.6
2026-09-16 03:00:00+00:00,0.333,0.3334,0.3329,0.3333,3149878.1
2026-09-16 04:00:00+00:00,0.3333,0.3344,0.3332,0.3344,3774780.1
2026-09-16 05:00:00+00:00,0.3344,0.3352,0.3343,0.3345,6029702.5
2026-09-16 06:00:00+00:00,0.3346,0.3353,0.3343,0.3353,3315066.3
2026-09-16 07:00:00+00:00,0.3352,0.3354,0.3347,0.3351,1957780.6
2026-09-16 08:00:00+00:00,0.3351,0.3353,0.3345,0.3346,4546558.8
2026-09-16 09:00:00+00:00,0.3347,0.3351,0.3346,0.3351,1779346.0
2026-09-16 10:00:00+00:00,0.335,0.3351,0.3343,0.335,5612159.7
2026-09-16 11:00:00+00:00,0.3349,0.3354,0.3348,0.3354,3210153.1
2026-09-16 12:00:00+00:00,0.3354,0.3354,0.3347,0.3351,2545244.2
2026-09-16 13:00:00+00:00,0.3351,0.3352,0.3347,0.3347,2330522.6
2026-09-16 14:00:00+00:00,0.3348,0.3349,0.3345,0.3348,2752944.4
2026-09-16 15:00:00+00:00,0.3347,0.3359,0.3347,0.3357,5274295.8
2026-09-16 16:00:00+00:00,0.3358,0.3362,0.3357,0.336,3327547.1
2026-09-16 17:00:00+00:00,0.336,0.3361,0.3351,0.3353,3393996.4
2026-09-16 18:00:00+00:00,0.3353,0.3359,0.3349,0.3355,6452137.5
2026-09-16 19:00:00+00:00,0.3355,0.3358,0.3352,0.3357,3594904.5
2026-09-16 20:00:00+00:00,0.3357,0.336,0.3355,0.3359,1379454.8
2026-09-16 21:00:00+00:00,0.336,0.3363,0.3359,0.3362,2311891.8
2026-09-16 22:00:00+00:00,0.3363,0.3363,0.3352,0.3354,5272770.4
2026-09-16 23:00:00+00:00,0.3353,0.3358,0.3352,0.3356,1683142.6
2026-09-17 00:00:00+00:00,0.3356,0.336,0.3356,0.336,2077129.3
2026-09-17 01:00:00+00:00,0.336,0.3361,0.3357,0.3359,1941800.4
2026-09-17 02:00:00+00:00,0.3359,0.3362,0.3357,0.3359,1069080.6
2026-09-17 03:00:00+00:00,0.3358,0.3362,0.3357,0.3362,986971.0
2026-09-17 04:00:00+00:00,0.3362,0.3362,0.3357,0.3358,752002.5
2026-09-17 05:00:00+00:00,0.3357,0.3359,0.3355,0.3356,1613347.0
2026-09-17 06:00:00+00:00,0.3355,0.3359,0.3355,0.3355,1041952.2
2026-09-17 07:00:00+00:00,0.3356,0.3358,0.3353,0.3354,1004036.5
2026-09-17 08:00:00+00:00,0.3354,0.3355,0.3352,0.3352,1782751.4
2026-09-17 09:00:00+00:00,0.3353,0.3353,0.3349,0.3352,3182052.4
2026-09-17 10:00:00+00:00,0.3351,0.3353,0.3348,0.335,2060983.2
2026-09-17 11:00:00+00:00,0.3349,0.335,0.3345,0.3346,1691240.7
2026-09-17 12:00:00+00:00,0.3345,0.3351,0.3345,0.3347,2384682.7
2026-09-17 13:00:00+00:00,0.3347,0.3351,0.3345,0.3346,3565017.8
2026-09-17 14:00:00+00:00,0.3346,0.3348,0.3342,0.3346,4244477.5
2026-09-17 15:00:00+00:00,0.3345,0.3346,0.3342,0.3343,2213050.2
2026-09-17 16:00:00+00:00,0.3343,0.3344,0.3341,0.3341,1955966.9
2026-09-17 17:00:00+00:00,0.3342,0.3343,0.3339,0.334,2524410.2
2026-09-17 18:00:00+00:00,0.3339,0.3341,0.3337,0.3339,3259333.1
2026-09-17 19:00:00+00:00,0.3339,0.3352,0.3336,0.3351,6262318.1
2026-09-17 20:00:00+00:00,0.3352,0.3355,0.335,0.3352,2387420.2
2026-09-17 21:00:00+00:00,0.3352,0.3353,0.3349,0.3349,1220801.5
2026-09-17 22:00:00+00:00,0.3349,0.335,0.3345,0.3348,1964087.2
2026-09-17 23:00:00+00:00,0.3348,0.335,0.3345,0.335,1405519.7
2026-09-18 00:00:00+00:00,0.335,0.3352,0.3347,0.335,932477.4
2026-09-18 01:00:00+00:00,0.335,0.3354,0.335,0.3354,1796647.8
2026-09-18 02:00:00+00:00,0.3354,0.336,0.3353,0.3358,3759657.0
2026-09-18 03:00:00+00:00,0.3358,0.3364,0.3358,0.3363,3536619.1
2026-09-18 04:00:00+00:00,0.3363,0.3365,0.3359,0.336,1609495.0
2026-09-18 05:00:00+00:00,0.336,0.3362,0.3359,0.3361,1234623.6
2026-09-18 06:00:00+00:00,0.3361,0.3362,0.3359,0.3361,1573492.5
2026-09-18 07:00:00+00:00,0.3362,0.3366,0.336,0.3366,2976437.1
2026-09-18 08:00:00+00:00,0.3366,0.337,0.3363,0.3369,4108055.8
2026-09-18 09:00:00+00:00,0.3368,0.3371,0.3368,0.337,2426945.2
2026-09-18 10:00:00+00:00,0.3371,0.3377,0.3369,0.3375,3849319.0
2026-09-18 11:00:00+00:00,0.3375,0.3378,0.3373,0.3377,2008340.5
2026-09-18 12:00:00+00:00,0.3378,0.3382,0.3377,0.338,3699043.4
2026-09-18 13:00:00+00:00,0.3379,0.3391,0.3379,0.3391,7734219.1
2026-09-18 14:00:00+00:00,0.3391,0.3396,0.339,0.3393,5267839.1
2026-09-18 15:00:00+00:00,0.3393,0.3396,0.339,0.3396,2697563.6
2026-09-18 16:00:00+00:00,0.3396,0.3399,0.3389,0.339,5045348.1
2026-09-18 17:00:00+00:00,0.3391,0.3391,0.3381,0.3385,6445205.6
2026-09-18 18:00:00+00:00,0.3384,0.3385,0.338,0.3384,6529993.3
2026-09-18 19:00:00+00:00,0.3383,0.3389,0.3382,0.3388,3012027.5
2026-09-18 20:00:00+00:00,0.3388,0.3389,0.3383,0.3386,2858170.5
2026-09-18 21:00:00+00:00,0.3385,0.3388,0.3384,0.3387,2161775.1
2026-09-18 22:00:00+00:00,0.3387,0.3388,0.3384,0.3385,1804603.6
2026-09-18 23:00:00+00:00,0.3384,0.3387,0.3383,0.3383,1731062.9
2026-09-19 00:00:00+00:00,0.3384,0.3386,0.3382,0.3385,2070422.9
2026-09-19 01:00:00+00:00,0.3384,0.3386,0.338,0.3384,2214429.7
2026-09-19 02:00:00+00:00,0.3385,0.3391,0.3382,0.3391,4050851.9
2026-09-19 03:00:00+00:00,0.3391,0.3391,0.3385,0.3388,5670743.2
2026-09-19 04:00:00+00:00,0.3387,0.3389,0.3382,0.3383,5882851.8
2026-09-19 05:00:00+00:00,0.3383,0.3385,0.3377,0.3378,5806146.5
2026-09-19 06:00:00+00:00,0.3378,0.3379,0.3374,0.3379,4594107.3
2026-09-19 07:00:00+00:00,0.3379,0.338,0.3376,0.3378,2334598.4
2026-09-19 08:00:00+00:00,0.3379,0.3383,0.3377,0.3382,2794417.2
2026-09-19 09:00:00+00:00,0.3382,0.3384,0.3371,0.3371,3443909.6
2026-09-19 10:00:00+00:00,0.3372,0.3378,0.3371,0.3377,2646338.9
2026-09-19 11:00:00+00:00,0.3376,0.338,0.3376,0.338,1544520.8
2026-09-19 12:00:00+00:00,0.338,0.3383,0.3379,0.3382,2256017.0
2026-09-19 13:00:00+00:00,0.3382,0.3383,0.3377,0.3379,2425387.0
2026-09-19 14:00:00+00:00,0.3379,0.3382,0.3378,0.3379,1660510.8
2026-09-19 15:00:00+00:00,0.3379,0.3382,0.3378,0.3381,1471992.6
2026-09-19 16:00:00+00:00,0.3381,0.3393,0.338,0.3393,5262221.1
2026-09-19 17:00:00+00:00,0.3393,0.3397,0.3388,0.339,3966625.0
2026-09-19 18:00:00+00:00,0.3389,0.3393,0.3388,0.3389,2195551.0
2026-09-19 19:00:00+00:00,0.339,0.3395,0.3389,0.3395,1560275.0
2026-09-19 20:00:00+00:00,0.3394,0.3395,0.3391,0.3394,1160585.2
2026-09-19 21:00:00+00:00,0.3394,0.3398,0.3391,0.3398,2850346.1
2026-09-19 22:00:00+00:00,0.3398,0.3404,0.3394,0.3404,5570432.8
2026-09-19 23:00:00+00:00,0.3404,0.3408,0.3397,0.3399,3567145.1
2026-09-20 00:00:00+00:00,0.3399,0.3401,0.3398,0.3398,1395028.8
2026-09-20 01:00:00+00:00,0.3399,0.3403,0.3398,0.3403,1983915.3
2026-09-20 02:00:00+00:00,0.3403,0.3408,0.3391,0.3392,8692745.8
2026-09-20 03:00:00+00:00,0.3392,0.3401,0.3391,0.3399,3851804.1
2026-09-20 04:00:00+00:00,0.34,0.3402,0.3396,0.3401,2078493.8
2026-09-20 05:00:00+00:00,0.3402,0.3404,0.3399,0.3404,1919657.2
2026-09-20 06:00:00+00:00,0.3404,0.3406,0.34,0.34,2850508.4
2026-09-20 07:00:00+00:00,0.3401,0.3418,0.3401,0.3418,5853144.8
2026-09-20 08:00:00+00:00,0.3418,0.3427,0.3414,0.3416,7685657.7
2026-09-20 09:00:00+00:00,0.3415,0.3419,0.3414,0.3419,3209843.1
2026-09-20 10:00:00+00:00,0.3418,0.343,0.3418,0.3425,5860937.9
2026-09-20 11:00:00+00:00,0.3425,0.3428,0.3421,0.3426,2003888.5
2026-09-20 12:00:00+00:00,0.3426,0.3429,0.3425,0.3427,2001140.0
2026-09-20 13:00:00+00:00,0.3428,0.347,0.3421,0.3466,12629845.0
2026-09-20 14:00:00+00:00,0.3466,0.3471,0.3445,0.3447,14947277.7
2026-09-20 15:00:00+00:00,0.3447,0.3451,0.3444,0.3446,4352204.8
2026-09-20 16:00:00+00:00,0.3446,0.3448,0.3441,0.3441,4750067.7
2026-09-20 17:00:00+00:00,0.3442,0.3443,0.3434,0.3435,3694065.2
2026-09-20 18:00:00+00:00,0.3434,0.3438,0.3433,0.3437,1463433.1
2026-09-20 19:00:00+00:00,0.3436,0.3438,0.3431,0.3432,2094286.8
2026-09-20 20:00:00+00:00,0.3432,0.3433,0.343,0.343,1764944.5
2026-09-20 21:00:00+00:00,0.343,0.3431,0.3427,0.3429,3280633.7
2026-09-20 22:00:00+00:00,0.3429,0.3431,0.3427,0.3428,970373.3
2026-09-20 23:00:00+00:00,0.3428,0.3429,0.3426,0.3427,1563415.1
2026-09-21 00:00:00+00:00,0.3426,0.3436,0.3426,0.3431,3486887.4
2026-09-21 01:00:00+00:00,0.343,0.3435,0.3427,0.3428,3541681.2
2026-09-21 02:00:00+00:00,0.3427,0.3436,0.3426,0.3432,2628832.5
2026-09-21 03:00:00+00:00,0.3431,0.3433,0.3429,0.3431,1131058.9
2026-09-21 04:00:00+00:00,0.3431,0.3439,0.3429,0.3439,3459366.5
2026-09-21 05:00:00+00:00,0.3439,0.344,0.3428,0.3434,4959918.1
2026-09-21 06:00:00+00:00,0.3434,0.3436,0.3429,0.3431,2155297.4
2026-09-21 07:00:00+00:00,0.3431,0.3433,0.3429,0.3432,1387599.3
2026-09-21 08:00:00+00:00,0.3433,0.3445,0.343,0.3443,5744955.4
2026-09-21 09:00:00+00:00,0.3443,0.3449,0.3441,0.3443,5183259.2
2026-09-21 10:00:00+00:00,0.3443,0.3447,0.3442,0.3445,3919056.5
2026-09-21 11:00:00+00:00,0.3444,0.3447,0.3443,0.3444,2757271.4
2026-09-21 12:00:00+00:00,0.3444,0.3445,0.3439,0.3445,8278383.4
2026-09-21 13:00:00+00:00,0.3445,0.3449,0.3441,0.3449,4435477.5
2026-09-21 14:00:00+00:00,0.3449,0.3452,0.3446,0.345,5483027.6
2026-09-21 15:00:00+00:00,0.3449,0.3457,0.3447,0.3452,9791792.5
2026-09-21 16:00:00+00:00,0.3452,0.3455,0.3446,0.3446,5704261.0
2026-09-21 17:00:00+00:00,0.3447,0.3447,0.344,0.3442,4225028.8
2026-09-21 18:00:00+00:00,0.3443,0.3444,0.3437,0.3439,6303257.4
2026-09-21 19:00:00+00:00,0.3439,0.3444,0.3437,0.3444,4198494.1
2026-09-21 20:00:00+00:00,0.3443,0.3445,0.3439,0.3442,2736131.5
2026-09-21 21:00:00+00:00,0.3441,0.3444,0.3439,0.3443,1375476.0
2026-09-21 22:00:00+00:00,0.3444,0.3444,0.344,0.3443,735091.0
2026-09-21 23:00:00+00:00,0.3443,0.3447,0.3442,0.3447,2087845.0
2026-09-22 00:00:00+00:00,0.3446,0.3464,0.3446,0.3462,8829418.9
2026-09-22 01:00:00+00:00,0.3463,0.3479,0.3459,0.3478,13735206.3
2026-09-22 02:00:00+00:00,0.3478,0.3487,0.3473,0.3474,11255704.4
2026-09-22 03:00:00+00:00,0.3473,0.3481,0.3472,0.3481,3403178.9
2026-09-22 04:00:00+00:00,0.3481,0.3491,0.348,0.349,8803039.3
2026-09-22 05:00:00+00:00,0.349,0.3492,0.3482,0.3487,5147095.0
2026-09-22 06:00:00+00:00,0.3487,0.3492,0.3486,0.3489,2101458.1
2026-09-22 07:00:00+00:00,0.3489,0.3489,0.348,0.3484,7338599.3
2026-09-22 08:00:00+00:00,0.3485,0.3489,0.3483,0.3488,4041190.0
2026-09-22 09:00:00+00:00,0.3488,0.3493,0.3483,0.3484,4394208.6
2026-09-22 10:00:00+00:00,0.3484,0.3485,0.3465,0.3466,12253914.0
2026-09-22 11:00:00+00:00,0.3465,0.3467,0.3458,0.3459,7131152.5
2026-09-22 12:00:00+00:00,0.3459,0.3461,0.3454,0.3456,5815022.0
2026-09-22 13:00:00+00:00,0.3456,0.3457,0.3426,0.3434,25147586.9
2026-09-22 14:00:00+00:00,0.3434,0.3434,0.3414,0.3415,14602799.2
2026-09-22 15:00:00+00:00,0.3416,0.3418,0.3413,0.3414,4133800.5
2026-09-22 16:00:00+00:00,0.3414,0.3415,0.3403,0.3407,10116233.5
2026-09-22 17:00:00+00:00,0.3408,0.3418,0.3405,0.3416,4922070.5
2026-09-22 18:00:00+00:00,0.3415,0.3419,0.3413,0.3416,2239372.7
2026-09-22 19:00:00+00:00,0.3415,0.3419,0.3413,0.3416,2890091.7
2026-09-22 20:00:00+00:00,0.3415,0.342,0.3414,0.3418,1638563.5
2026-09-22 21:00:00+00:00,0.3418,0.342,0.3414,0.3417,1530575.4
2026-09-22 22:00:00+00:00,0.3416,0.342,0.3414,0.3417,1961975.4
2026-09-22 23:00:00+00:00,0.3417,0.3422,0.3415,0.3421,2412166.9
2026-09-23 00:00:00+00:00,0.3421,0.3425,0.3418,0.3424,2358158.2
2026-09-23 01:00:00+00:00,0.3425,0.3435,0.3424,0.3435,5577860.4
2026-09-23 02:00:00+00:00,0.3435,0.3447,0.3435,0.3447,7681463.1
2026-09-23 03:00:00+00:00,0.3447,0.3451,0.3442,0.3442,5495962.6
2026-09-23 04:00:00+00:00,0.3443,0.3447,0.3442,0.3444,2901926.1
2026-09-23 05:00:00+00:00,0.3445,0.3445,0.3436,0.3439,3483371.6
2026-09-23 06:00:00+00:00,0.3439,0.3443,0.3438,0.3441,2321910.0
2026-09-23 07:00:00+00:00,0.3442,0.3443,0.3437,0.3439,3109282.0
2026-09-23 08:00:00+00:00,0.344,0.344,0.3428,0.3431,6245685.2
2026-09-23 09:00:00+00:00,0.3432,0.3433,0.3421,0.3426,6986171.0
2026-09-23 10:00:00+00:00,0.3427,0.3432,0.3425,0.3432,2686838.1
2026-09-23 11:00:00+00:00,0.3431,0.3433,0.3427,0.3429,3934413.9
2026-09-23 12:00:00+00:00,0.3429,0.3429,0.3416,0.3417,6259324.1
2026-09-23 13:00:00+00:00,0.3416,0.342,0.3415,0.3418,3099241.1
2026-09-23 14:00:00+00:00,0.3418,0.3419,0.3398,0.34,14694857.0
2026-09-23 15:00:00+00:00,0.34,0.3403,0.3395,0.3396,4928431.4
2026-09-23 16:00:00+00:00,0.3396,0.3397,0.3387,0.3387,8173143.6
2026-09-23 17:00:00+00:00,0.3388,0.3398,0.3386,0.3396,3839205.6
2026-09-23 18:00:00+00:00,0.3395,0.3406,0.3389,0.3405,7270068.3
2026-09-23 19:00:00+00:00,0.3405,0.3409,0.3401,0.3405,2997618.1
2026-09-23 20:00:00+00:00,0.3406,0.3406,0.3401,0.3404,1046057.1
2026-09-23 21:00:00+00:00,0.3403,0.3407,0.3403,0.3405,1713855.5
2026-09-23 22:00:00+00:00,0.3405,0.3417,0.3403,0.3415,5163512.5
2026-09-23 23:00:00+00:00,0.3415,0.3422,0.3413,0.3422,4444013.0
2026-09-24 00:00:00+00:00,0.3422,0.3432,0.3421,0.343,7978476.3
2026-09-24 01:00:00+00:00,0.3431,0.3435,0.3427,0.3429,5207226.9
2026-09-24 02:00:00+00:00,0.343,0.3436,0.3427,0.3436,4233433.9
2026-09-24 03:00:00+00:00,0.3436,0.344,0.3435,0.3439,2243973.1
2026-09-24 04:00:00+00:00,0.3439,0.344,0.3433,0.3436,2250778.3
2026-09-24 05:00:00+00:00,0.3436,0.3437,0.3432,0.3433,1404931.1
2026-09-24 06:00:00+00:00,0.3433,0.3436,0.3429,0.3433,2586240.6
2026-09-24 07:00:00+00:00,0.3433,0.3438,0.3432,0.3433,2353632.2
2026-09-24 08:00:00+00:00,0.3433,0.3434,0.3401,0.3404,7767166.9
2026-09-24 09:00:00+00:00,0.3403,0.3407,0.3387,0.339,13612908.9
2026-09-24 10:00:00+00:00,0.339,0.3399,0.3386,0.3399,4994856.0
2026-09-24 11:00:00+00:00,0.3399,0.3401,0.3392,0.3395,3264922.6
2026-09-24 12:00:00+00:00,0.3396,0.3404,0.3394,0.3403,3678053.3
2026-09-24 13:00:00+00:00,0.3403,0.3403,0.3397,0.3401,2527147.1
2026-09-24 14:00:00+00:00,0.3401,0.3409,0.3395,0.3396,9732838.0
2026-09-24 15:00:00+00:00,0.3395,0.34,0.3388,0.3391,7691255.2
2026-09-24 16:00:00+00:00,0.3391,0.3416,0.3389,0.3415,10544838.3
2026-09-24 17:00:00+00:00,0.3416,0.3416,0.3406,0.3407,3128100.8
2026-09-24 18:00:00+00:00,0.3406,0.3412,0.3405,0.3407,3036128.1
2026-09-24 19:00:00+00:00,0.3407,0.3408,0.3404,0.3406,1102447.1
2026-09-24 20:00:00+00:00,0.3406,0.3408,0.3402,0.3402,1454459.9
2026-09-24 21:00:00+00:00,0.3402,0.3407,0.3402,0.3404,1410815.7
2026-09-24 22:00:00+00:00,0.3404,0.3405,0.34,0.3403,1384473.6
2026-09-24 23:00:00+00:00,0.3403,0.3405,0.3401,0.3403,1451193.2
2026-09-25 00:00:00+00:00,0.3402,0.3404,0.34,0.3401,2236587.6
2026-09-25 01:00:00+00:00,0.3402,0.3404,0.3398,0.3402,2438876.6
2026-09-25 02:00:00+00:00,0.3402,0.3402,0.3397,0.3398,1392931.2
2026-09-25 03:00:00+00:00,0.3398,0.3402,0.3382,0.3385,9568710.7
2026-09-25 04:00:00+00:00,0.3386,0.3387,0.3381,0.3386,3643024.8
2026-09-25 05:00:00+00:00,0.3386,0.3391,0.3385,0.3387,2537267.5
2026-09-25 06:00:00+00:00,0.3386,0.3389,0.3385,0.3389,1620329.6
2026-09-25 07:00:00+00:00,0.3389,0.3389,0.3384,0.3385,1551897.1
2026-09-25 08:00:00+00:00,0.3385,0.3386,0.338,0.3381,2529228.2
2026-09-25 09:00:00+00:00,0.3381,0.3381,0.3371,0.3372,6102485.3
2026-09-25 10:00:00+00:00,0.3373,0.3374,0.3368,0.3369,4057822.5
2026-09-25 11:00:00+00:00,0.3369,0.3373,0.3368,0.3372,4462706.9
2026-09-25 12:00:00+00:00,0.3372,0.3375,0.3369,0.3372,4131554.8
2026-09-25 13:00:00+00:00,0.3373,0.3376,0.3369,0.3375,4609547.1
2026-09-25 14:00:00+00:00,0.3376,0.3376,0.3365,0.3365,5660672.9
2026-09-25 15:00:00+00:00,0.3366,0.3366,0.3362,0.3366,2610085.2
2026-09-25 16:00:00+00:00,0.3366,0.3367,0.336,0.3361,3534384.4
2026-09-25 17:00:00+00:00,0.3362,0.3377,0.3362,0.3376,5264703.2
2026-09-25 18:00:00+00:00,0.3377,0.338,0.3374,0.3376,2343057.9
2026-09-25 19:00:00+00:00,0.3376,0.3378,0.3374,0.3375,1844388.9
2026-09-25 20:00:00+00:00,0.3375,0.3379,0.3373,0.3377,2441073.1
2026-09-25 21:00:00+00:00,0.3377,0.338,0.3377,0.3378,1795188.9
2026-09-25 22:00:00+00:00,0.3379,0.3381,0.3377,0.338,1599950.9
2026-09-25 23:00:00+00:00,0.3381,0.3383,0.338,0.3382,1751069.0
2026-09-26 00:00:00+00:00,0.3382,0.3383,0.3375,0.3375,2562368.0
2026-09-26 01:00:00+00:00,0.3376,0.3377,0.3375,0.3375,610804.1
2026-09-26 02:00:00+00:00,0.3376,0.3376,0.3374,0.3376,922873.5
2026-09-26 03:00:00+00:00,0.3375,0.3377,0.3374,0.3375,679982.9
2026-09-26 04:00:00+00:00,0.3375,0.3377,0.3373,0.3377,1026224.1
2026-09-26 05:00:00+00:00,0.3377,0.3377,0.3373,0.3374,1255313.6
2026-09-26 06:00:00+00:00,0.3374,0.3374,0.3371,0.3373,1809667.7
2026-09-26 07:00:00+00:00,0.3372,0.3375,0.3371,0.3371,960671.4
2026-09-26 08:00:00+00:00,0.3372,0.3372,0.3369,0.3372,1299006.9
2026-09-26 09:00:00+00:00,0.3371,0.3372,0.3368,0.3369,1358648.8
2026-09-26 10:00:00+00:00,0.3369,0.337,0.3367,0.337,1106018.1
2026-09-26 11:00:00+00:00,0.3369,0.3372,0.3368,0.3368,1302977.8
2026-09-26 12:00:00+00:00,0.3369,0.3372,0.3367,0.3367,1395681.0
2026-09-26 13:00:00+00:00,0.3367,0.3368,0.3364,0.3365,1993975.4
2026-09-26 14:00:00+00:00,0.3365,0.3365,0.3362,0.3364,1566287.4
2026-09-26 15:00:00+00:00,0.3364,0.3368,0.3363,0.3367,2392970.7
2026-09-26 16:00:00+00:00,0.3368,0.3368,0.3364,0.3365,1303350.5
2026-09-26 17:00:00+00:00,0.3364,0.3366,0.3362,0.3362,1435896.7
2026-09-26 18:00:00+00:00,0.3363,0.3364,0.3361,0.3363,1077759.0
2026-09-26 19:00:00+00:00,0.3363,0.3363,0.336,0.336,1339187.4
2026-09-26 20:00:00+00:00,0.3361,0.3362,0.3348,0.3349,5191707.9
2026-09-26 21:00:00+00:00,0.3349,0.3352,0.3348,0.3349,1404671.4
2026-09-26 22:00:00+00:00,0.3348,0.335,0.3341,0.3343,5066297.9
2026-09-26 23:00:00+00:00,0.3343,0.3345,0.3341,0.3343,1226421.9
2026-09-27 00:00:00+00:00,0.3343,0.3344,0.3337,0.3337,2621981.7
2026-09-27 01:00:00+00:00,0.3337,0.3338,0.3324,0.3335,8125895.2
2026-09-27 02:00:00+00:00,0.3334,0.3337,0.333,0.3331,3605341.6
2026-09-27 03:00:00+00:00,0.333,0.3332,0.3328,0.3329,2899984.2
2026-09-27 04:00:00+00:00,0.3329,0.3333,0.3327,0.3332,1810676.2
2026-09-27 05:00:00+00:00,0.3332,0.3334,0.3329,0.3332,1825983.2
2026-09-27 06:00:00+00:00,0.3333,0.3334,0.3331,0.3332,1532778.1
2026-09-27 07:00:00+00:00,0.3332,0.3336,0.3331,0.3336,1699182.3
2026-09-27 08:00:00+00:00,0.3336,0.3344,0.3335,0.3342,3391356.3
2026-09-27 09:00:00+00:00,0.3342,0.3342,0.3335,0.3337,2762069.1
2026-09-27 10:00:00+00:00,0.3337,0.3339,0.3334,0.3339,2118568.9
2026-09-27 11:00:00+00:00,0.3339,0.3345,0.3339,0.3342,3152503.9
2026-09-27 12:00:00+00:00,0.3342,0.3344,0.3339,0.3341,1403797.7
2026-09-27 13:00:00+00:00,0.334,0.3342,0.3336,0.3338,2472934.0
2026-09-27 14:00:00+00:00,0.3339,0.3339,0.3334,0.3337,2148246.6
2026-09-27 15:00:00+00:00,0.3337,0.3339,0.3335,0.3338,1148631.1
2026-09-27 16:00:00+00:00,0.3338,0.334,0.3336,0.3337,1168300.4
2026-09-27 17:00:00+00:00,0.3337,0.3341,0.3336,0.3341,1324777.0
2026-09-27 18:00:00+00:00,0.3341,0.3346,0.3339,0.3346,3281953.5
2026-09-27 19:00:00+00:00,0.3346,0.3347,0.3339,0.334,2004895.8
2026-09-27 20:00:00+00:00,0.3341,0.3341,0.3337,0.3337,1364611.8
2026-09-27 21:00:00+00:00,0.3337,0.3339,0.3335,0.3337,1871625.0
2026-09-27 22:00:00+00:00,0.3337,0.3338,0.3334,0.3335,2003121.7
2026-09-27 23:00:00+00:00,0.3335,0.3336,0.3333,0.3334,863539.9
2026-09-28 00:00:00+00:00,0.3334,0.3341,0.3334,0.3341,2194543.3
2026-09-28 01:00:00+00:00,0.334,0.3347,0.3339,0.3343,3839105.2
2026-09-28 02:00:00+00:00,0.3342,0.3344,0.3335,0.3335,4314256.8
2026-09-28 03:00:00+00:00,0.3336,0.3341,0.3334,0.3341,2393853.5
2026-09-28 04:00:00+00:00,0.3341,0.3342,0.3338,0.334,1552415.1
2026-09-28 05:00:00+00:00,0.334,0.3341,0.333,0.3335,4225131.8
2026-09-28 06:00:00+00:00,0.3336,0.3339,0.3335,0.3338,1803495.2
2026-09-28 07:00:00+00:00,0.3338,0.3341,0.3333,0.3338,3941247.7
2026-09-28 08:00:00+00:00,0.3337,0.334,0.3335,0.3339,2112973.9
2026-09-28 09:00:00+00:00,0.334,0.3343,0.3337,0.3342,3017979.9
2026-09-28 10:00:00+00:00,0.3342,0.3345,0.3339,0.3344,3126381.7
2026-09-28 11:00:00+00:00,0.3345,0.3345,0.334,0.3341,2877225.2
2026-09-28 12:00:00+00:00,0.3341,0.3359,0.3341,0.3352,9960370.4
2026-09-28 13:00:00+00:00,0.3353,0.3353,0.3347,0.335,3824300.7
2026-09-28 14:00:00+00:00,0.335,0.3351,0.3339,0.334,6567886.1
2026-09-28 15:00:00+00:00,0.334,0.3347,0.3337,0.3345,5197015.5
2026-09-28 16:00:00+00:00,0.3345,0.3349,0.3341,0.3348,4231123.0
2026-09-28 17:00:00+00:00,0.3348,0.3353,0.3346,0.3352,3244650.4
2026-09-28 18:00:00+00:00,0.3353,0.3365,0.3352,0.3365,6151861.8
2026-09-28 19:00:00+00:00,0.3365,0.3366,0.3359,0.3362,3018890.1
2026-09-28 20:00:00+00:00,0.3362,0.3363,0.3359,0.336,1492612.1
2026-09-28 21:00:00+00:00,0.336,0.336,0.3356,0.3357,1269094.1
2026-09-28 22:00:00+00:00,0.3356,0.3361,0.3356,0.3359,1150184.2
2026-09-28 23:00:00+00:00,0.3359,0.3361,0.3355,0.3356,1547833.0
2026-09-29 00:00:00+00:00,0.3355,0.3358,0.3353,0.3353,2381177.9
2026-09-29 01:00:00+00:00,0.3353,0.3354,0.3345,0.335,5912391.3
2026-09-29 02:00:00+00:00,0.335,0.3351,0.3345,0.3346,2458615.9
2026-09-29 03:00:00+00:00,0.3346,0.3347,0.3341,0.3345,2535812.4
2026-09-29 04:00:00+00:00,0.3346,0.3346,0.3341,0.3343,1682378.8
2026-09-29 05:00:00+00:00,0.3343,0.3346,0.3341,0.3346,1308854.6
2026-09-29 06:00:00+00:00,0.3346,0.335,0.3344,0.3349,2761120.9
2026-09-29 07:00:00+00:00,0.3349,0.3363,0.3348,0.3357,6585270.5
2026-09-29 08:00:00+00:00,0.3357,0.336,0.3354,0.3358,2334919.0
2026-09-29 09:00:00+00:00,0.3357,0.3362,0.3355,0.3357,3468640.0
2026-09-29 10:00:00+00:00,0.3357,0.3357,0.3354,0.3355,2140397.2
2026-09-29 11:00:00+00:00,0.3355,0.3357,0.3354,0.3356,1546863.2
2026-09-29 12:00:00+00:00,0.3356,0.3358,0.335,0.3352,3691033.2
2026-09-29 13:00:00+00:00,0.3351,0.3354,0.3349,0.3351,2310327.6
2026-09-29 14:00:00+00:00,0.3351,0.3354,0.3349,0.3351,1827722.4
2026-09-29 15:00:00+00:00,0.3351,0.3352,0.334,0.334,6519119.3
2026-09-29 16:00:00+00:00,0.334,0.335,0.334,0.3347,5049195.0
2026-09-29 17:00:00+00:00,0.3347,0.3351,0.3346,0.335,2733018.0
2026-09-29 18:00:00+00:00,0.3349,0.3355,0.3349,0.3355,2780030.3
2026-09-29 19:00:00+00:00,0.3354,0.3355,0.335,0.335,1413581.5
2026-09-29 20:00:00+00:00,0.335,0.3353,0.335,0.3351,963300.5
2026-09-29 21:00:00+00:00,0.3352,0.3352,0.3349,0.335,1270278.2
2026-09-29 22:00:00+00:00,0.335,0.335,0.3348,0.3349,1005048.1
2026-09-29 23:00:00+00:00,0.3349,0.3351,0.3344,0.3344,2720428.4
2026-09-30 00:00:00+00:00,0.3344,0.3346,0.3342,0.3345,2204638.6
2026-09-30 01:00:00+00:00,0.3345,0.3348,0.3343,0.3346,1110822.6
2026-09-30 02:00:00+00:00,0.3347,0.3354,0.3346,0.3354,4222737.2
2026-09-30 03:00:00+00:00,0.3354,0.3365,0.3352,0.336,4896887.2
2026-09-30 04:00:00+00:00,0.336,0.3366,0.3359,0.3365,2375544.8
2026-09-30 05:00:00+00:00,0.3365,0.3377,0.3364,0.3376,5395341.8
2026-09-30 06:00:00+00:00,0.3376,0.3378,0.3372,0.3375,3613531.9
2026-09-30 07:00:00+00:00,0.3374,0.3384,0.3372,0.3383,5862683.4
2026-09-30 08:00:00+00:00,0.3384,0.3386,0.3378,0.3382,4073264.0
2026-09-30 09:00:00+00:00,0.3381,0.3386,0.338,0.3383,3081461.3
2026-09-30 10:00:00+00:00,0.3384,0.3389,0.3383,0.3389,4391830.9
2026-09-30 11:00:00+00:00,0.3388,0.3405,0.3388,0.3405,12226834.4
2026-09-30 12:00:00+00:00,0.3404,0.3408,0.3396,0.3403,10005093.9
2026-09-30 13:00:00+00:00,0.3403,0.3409,0.3395,0.3396,7995211.3
2026-09-30 14:00:00+00:00,0.3396,0.34,0.3387,0.3389,8202076.4
2026-09-30 15:00:00+00:00,0.339,0.3392,0.3384,0.3386,6098197.1
2026-09-30 16:00:00+00:00,0.3385,0.3388,0.338,0.3381,4317834.9
2026-09-30 17:00:00+00:00,0.3382,0.3382,0.3377,0.3379,3814414.4
2026-09-30 18:00:00+00:00,0.3378,0.3379,0.3374,0.3376,4178276.1
2026-09-30 19:00:00+00:00,0.3376,0.338,0.3375,0.3379,1782618.6
2026-09-30 20:00:00+00:00,0.338,0.3382,0.3378,0.3381,2046851.4
2026-09-30 21:00:00+00:00,0.3381,0.3382,0.3378,0.3379,1132786.8
2026-09-30 22:00:00+00:00,0.338,0.338,0.3376,0.3377,1992325.9
2026-09-30 23:00:00+00:00,0.3377,0.338,0.3373,0.3374,2861643.5
2026-10-01 00:00:00+00:00,0.3374,0.3383,0.3374,0.3381,4832194.7
2026-10-01 01:00:00+00:00,0.3381,0.3382,0.3378,0.338,1180555.5
2026-10-01 02:00:00+00:00,0.338,0.3383,0.3378,0.338,1425647.3
2026-10-01 03:00:00+00:00,0.3379,0.3386,0.3375,0.3385,5012503.1
2026-10-01 04:00:00+00:00,0.3385,0.3386,0.3376,0.3376,2597315.1
2026-10-01 05:00:00+00:00,0.3377,0.338,0.3374,0.3376,1808592.7
2026-10-01 06:00:00+00:00,0.3376,0.3377,0.3374,0.3375,2491751.4
2026-10-01 07:00:00+00:00,0.3375,0.3378,0.3374,0.3376,2452413.0
2026-10-01 08:00:00+00:00,0.3377,0.3378,0.3373,0.3374,1778126.0
2026-10-01 09:00:00+00:00,0.3374,0.3375,0.3364,0.3364,6999913.0
2026-10-01 10:00:00+00:00,0.3365,0.3365,0.3329,0.3329,21016265.6
2026-10-01 11:00:00+00:00,0.3329,0.3338,0.3325,0.3328,10082137.7
2026-10-01 12:00:00+00:00,0.3329,0.3332,0.3324,0.3329,9106101.5
2026-10-01 13:00:00+00:00,0.3328,0.3331,0.3325,0.333,2627630.9
2026-10-01 14:00:00+00:00,0.333,0.3334,0.3327,0.3334,1998227.2
2026-10-01 15:00:00+00:00,0.3334,0.3341,0.3333,0.334,4783246.0
2026-10-01 16:00:00+00:00,0.3339,0.335,0.3339,0.3348,7905520.1
2026-10-01 17:00:00+00:00,0.3348,0.3358,0.3347,0.3354,3564828.6
2026-10-01 18:00:00+00:00,0.3353,0.3362,0.3352,0.3362,1897885.5
2026-10-01 19:00:00+00:00,0.3362,0.3365,0.3359,0.3362,3451813.5
2026-10-01 20:00:00+00:00,0.3361,0.3364,0.3354,0.3355,1964928.5
2026-10-01 21:00:00+00:00,0.3355,0.3356,0.3353,0.3353,1278725.3
2026-10-01 22:00:00+00:00,0.3353,0.3355,0.3351,0.3352,1929057.9
2026-10-01 23:00:00+00:00,0.3351,0.3351,0.3348,0.3348,2503121.9
2026-10-02 00:00:00+00:00,0.3348,0.3349,0.3343,0.3343,2924048.0
2026-10-02 01:00:00+00:00,0.3343,0.3346,0.3342,0.3345,896071.9
2026-10-02 02:00:00+00:00,0.3345,0.3347,0.3344,0.3346,1376475.9
2026-10-02 03:00:00+00:00,0.3345,0.3347,0.3344,0.3345,1086655.7
