time,open,high,low,close,volume
2026-06-04 04:00:00+00:00,0.5405,0.5427,0.5022,0.5086,14399317.6
2026-06-04 05:00:00+00:00,0.5087,0.5174,0.4932,0.5116,17213417.9
2026-06-04 06:00:00+00:00,0.5116,0.537,0.5085,0.529,16507259.3
2026-06-04 07:00:00+00:00,0.5291,0.533,0.5067,0.5133,13745195.3
2026-06-04 08:00:00+00:00,0.5133,0.5331,0.5118,0.5272,9548597.4
2026-06-04 09:00:00+00:00,0.5271,0.5283,0.5091,0.5118,10818792.9
2026-06-04 10:00:00+00:00,0.512,0.5137,0.4804,0.4929,19704549.2
2026-06-04 11:00:00+00:00,0.4929,0.4975,0.4734,0.4764,14987021.8
2026-06-04 12:00:00+00:00,0.4764,0.4949,0.4579,0.4949,26606692.7
2026-06-04 13:00:00+00:00,0.4949,0.5158,0.4748,0.4983,23214745.2
2026-06-04 14:00:00+00:00,0.4983,0.5478,0.4963,0.5437,25752557.3
2026-06-04 15:00:00+00:00,0.5438,0.6029,0.5333,0.5907,46253112.3
2026-06-04 16:00:00+00:00,0.5908,0.6247,0.5777,0.6157,37994305.8
2026-06-04 17:00:00+00:00,0.6156,0.6317,0.5541,0.5605,46283661.6
2026-06-04 18:00:00+00:00,0.5605,0.5934,0.5467,0.577,26456722.3
2026-06-04 19:00:00+00:00,0.5772,0.5859,0.5456,0.5512,14382293.9
2026-06-04 20:00:00+00:00,0.5512,0.557,0.5216,0.5262,14018529.0
2026-06-04 21:00:00+00:00,0.5261,0.545,0.5099,0.5119,13523022.6
2026-06-04 22:00:00+00:00,0.5118,0.5373,0.5093,0.5347,13137746.9
2026-06-04 23:00:00+00:00,0.5348,0.5464,0.5226,0.5374,17012349.1
2026-06-05 00:00:00+00:00,0.5374,0.5481,0.5237,0.5323,13829109.4
2026-06-05 01:00:00+00:00,0.5322,0.5546,0.5273,0.5543,11488082.5
2026-06-05 02:00:00+00:00,0.5544,0.5563,0.478,0.4915,28140151.9
2026-06-05 03:00:00+00:00,0.4915,0.514,0.467,0.492,30121652.5
2026-06-05 04:00:00+00:00,0.4921,0.511,0.4873,0.5097,14704494.2
2026-06-05 05:00:00+00:00,0.5098,0.5227,0.5045,0.5067,14670881.8
2026-06-05 06:00:00+00:00,0.5067,0.5285,0.4873,0.5257,22810154.5
2026-06-05 07:00:00+00:00,0.5257,0.5666,0.5092,0.54,25721439.4
2026-06-05 08:00:00+00:00,0.5401,0.5462,0.5227,0.5311,13210612.9
2026-06-05 09:00:00+00:00,0.5312,0.5629,0.5312,0.5585,12722542.0
2026-06-05 10:00:00+00:00,0.5586,0.5749,0.5424,0.5488,14554911.9
2026-06-05 11:00:00+00:00,0.5487,0.5493,0.5256,0.5301,12697784.1
2026-06-05 12:00:00+00:00,0.5301,0.539,0.5099,0.5278,17225512.2
2026-06-05 13:00:00+00:00,0.5277,0.5369,0.5211,0.5213,11408127.3
2026-06-05 14:00:00+00:00,0.5214,0.5519,0.4942,0.4999,23340755.0
2026-06-05 15:00:00+00:00,0.5,0.5108,0.4734,0.5097,26792360.7
2026-06-05 16:00:00+00:00,0.5097,0.5373,0.5005,0.53,21179352.2
2026-06-05 17:00:00+00:00,0.5299,0.532,0.5072,0.5309,9411483.9
2026-06-05 18:00:00+00:00,0.531,0.5357,0.5023,0.5027,10617660.2
2026-06-05 19:00:00+00:00,0.5026,0.5278,0.4975,0.5185,12642655.5
2026-06-05 20:00:00+00:00,0.5184,0.5228,0.505,0.5161,7992010.4
2026-06-05 21:00:00+00:00,0.5161,0.5445,0.5072,0.5297,10414598.6
2026-06-05 22:00:00+00:00,0.5296,0.5562,0.5271,0.5434,10749058.4
2026-06-05 23:00:00+00:00,0.5435,0.5448,0.5221,0.5305,8106223.7
2026-06-06 00:00:00+00:00,0.5307,0.5394,0.518,0.5246,8940198.9
2026-06-06 01:00:00+00:00,0.5246,0.5333,0.4895,0.4988,24552781.5
2026-06-06 02:00:00+00:00,0.499,0.5014,0.4498,0.4504,30122240.3
2026-06-06 03:00:00+00:00,0.4503,0.455,0.409,0.4294,52685137.4
2026-06-06 04:00:00+00:00,0.4293,0.4363,0.417,0.4224,22041897.8
2026-06-06 05:00:00+00:00,0.4224,0.4549,0.4183,0.4519,16954777.0
2026-06-06 06:00:00+00:00,0.4518,0.4641,0.4482,0.4605,11799139.8
2026-06-06 07:00:00+00:00,0.4604,0.4718,0.435,0.4382,17622945.2
2026-06-06 08:00:00+00:00,0.4383,0.4399,0.42,0.4214,14649830.1
2026-06-06 09:00:00+00:00,0.4213,0.4277,0.4052,0.4066,14379681.1
2026-06-06 10:00:00+00:00,0.4065,0.4173,0.3916,0.4147,21985071.1
2026-06-06 11:00:00+00:00,0.4147,0.4286,0.412,0.4228,10414946.7
2026-06-06 12:00:00+00:00,0.4227,0.4265,0.4053,0.4115,9162830.5
2026-06-06 13:00:00+00:00,0.4115,0.4259,0.4109,0.4161,6715097.0
2026-06-06 14:00:00+00:00,0.4161,0.433,0.4063,0.4101,11662888.2
2026-06-06 15:00:00+00:00,0.4102,0.4234,0.4071,0.4155,9686657.5
2026-06-06 16:00:00+00:00,0.4155,0.4171,0.399,0.407,9267403.8
2026-06-06 17:00:00+00:00,0.407,0.408,0.3925,0.3977,7491168.6
2026-06-06 18:00:00+00:00,0.3977,0.4188,0.3964,0.411,15819204.0
2026-06-06 19:00:00+00:00,0.411,0.4212,0.4077,0.4119,8016230.6
2026-06-06 20:00:00+00:00,0.4118,0.422,0.4083,0.4148,7212554.3
2026-06-06 21:00:00+00:00,0.4148,0.4297,0.412,0.4235,9350889.6
2026-06-06 22:00:00+00:00,0.4235,0.4255,0.415,0.4163,4034371.9
2026-06-06 23:00:00+00:00,0.4163,0.4214,0.4124,0.4141,3174439.9
2026-06-07 00:00:00+00:00,0.4141,0.4372,0.4117,0.4358,7743304.8
2026-06-07 01:00:00+00:00,0.4358,0.474,0.4335,0.4733,17375428.1
2026-06-07 02:00:00+00:00,0.4733,0.4737,0.4389,0.4433,14006709.9
2026-06-07 03:00:00+00:00,0.4433,0.451,0.4381,0.4489,7351270.7
2026-06-07 04:00:00+00:00,0.4488,0.4648,0.4465,0.4616,8543028.6
2026-06-07 05:00:00+00:00,0.4616,0.463,0.4434,0.4449,7844590.1
2026-06-07 06:00:00+00:00,0.4449,0.4532,0.4411,0.4473,6664337.3
2026-06-07 07:00:00+00:00,0.4472,0.4578,0.4425,0.446,5808884.7
2026-06-07 08:00:00+00:00,0.4458,0.453,0.439,0.4486,7146533.3
2026-06-07 09:00:00+00:00,0.4487,0.4498,0.4265,0.427,10621788.9
2026-06-07 10:00:00+00:00,0.427,0.4291,0.4159,0.4207,7741414.4
2026-06-07 11:00:00+00:00,0.4208,0.437,0.4185,0.436,7047460.8
2026-06-07 12:00:00+00:00,0.4359,0.4371,0.4235,0.4339,8040480.7
2026-06-07 13:00:00+00:00,0.4338,0.4492,0.4333,0.4438,11754981.4
2026-06-07 14:00:00+00:00,0.4438,0.4872,0.4412,0.4861,15366623.1
2026-06-07 15:00:00+00:00,0.486,0.5132,0.4682,0.4991,26439401.6
2026-06-07 16:00:00+00:00,0.4991,0.5075,0.4783,0.4851,20994892.2
2026-06-07 17:00:00+00:00,0.485,0.4887,0.4788,0.4851,7336136.7
2026-06-07 18:00:00+00:00,0.485,0.491,0.4746,0.477,4533112.8
2026-06-07 19:00:00+00:00,0.4769,0.4772,0.4577,0.4658,10166072.8
2026-06-07 20:00:00+00:00,0.4657,0.4761,0.4627,0.475,4873011.9
2026-06-07 21:00:00+00:00,0.475,0.4759,0.4638,0.4744,3881896.9
2026-06-07 22:00:00+00:00,0.4744,0.5045,0.4691,0.4715,13505914.6
2026-06-07 23:00:00+00:00,0.4715,0.4736,0.4646,0.472,4454665.4
2026-06-08 00:00:00+00:00,0.4718,0.4899,0.4691,0.4817,6874851.2
2026-06-08 01:00:00+00:00,0.4817,0.4843,0.4682,0.4737,7368466.2
2026-06-08 02:00:00+00:00,0.4737,0.4948,0.4735,0.4879,7230998.6
2026-06-08 03:00:00+00:00,0.488,0.4895,0.4715,0.48,4293359.5
2026-06-08 04:00:00+00:00,0.48,0.4835,0.4644,0.4713,5152558.3
2026-06-08 05:00:00+00:00,0.4715,0.4862,0.4658,0.4676,5587673.4
2026-06-08 06:00:00+00:00,0.4678,0.485,0.4663,0.4782,6213286.8
2026-06-08 07:00:00+00:00,0.4783,0.4828,0.4692,0.4727,3474236.1
2026-06-08 08:00:00+00:00,0.4727,0.4786,0.4675,0.4725,3717245.0
2026-06-08 09:00:00+00:00,0.4723,0.4785,0.462,0.4712,8617085.0
2026-06-08 10:00:00+00:00,0.4712,0.4757,0.4531,0.4582,6567866.8
2026-06-08 11:00:00+00:00,0.4581,0.4781,0.4575,0.4655,11323119.6
2026-06-08 12:00:00+00:00,0.4654,0.4859,0.4604,0.4821,5869220.1
2026-06-08 13:00:00+00:00,0.4821,0.4895,0.4748,0.4817,8909227.9
2026-06-08 14:00:00+00:00,0.4815,0.4858,0.4676,0.4828,7131295.0
2026-06-08 15:00:00+00:00,0.4828,0.4938,0.4778,0.4794,7007723.5
2026-06-08 16:00:00+00:00,0.4795,0.5078,0.4766,0.5031,11644699.3
2026-06-08 17:00:00+00:00,0.5032,0.5361,0.4937,0.5341,14634355.0
2026-06-08 18:00:00+00:00,0.5342,0.5789,0.5342,0.5766,22190316.9
2026-06-08 19:00:00+00:00,0.5766,0.5778,0.542,0.5478,18432424.2
2026-06-08 20:00:00+00:00,0.5477,0.5544,0.5348,0.5451,9608414.4
2026-06-08 21:00:00+00:00,0.5452,0.5617,0.5062,0.5112,16697097.3
2026-06-08 22:00:00+00:00,0.5111,0.5138,0.4917,0.4978,10660444.0
2026-06-08 23:00:00+00:00,0.4979,0.5014,0.4928,0.4973,3804858.6
2026-06-09 00:00:00+00:00,0.4972,0.5078,0.4842,0.4909,9821025.1
2026-06-09 01:00:00+00:00,0.4908,0.4943,0.481,0.4918,4624748.9
2026-06-09 02:00:00+00:00,0.4919,0.4955,0.4787,0.4845,5915314.3
2026-06-09 03:00:00+00:00,0.4845,0.4922,0.4817,0.4844,3888613.1
2026-06-09 04:00:00+00:00,0.4843,0.5036,0.4838,0.5006,5562132.0
2026-06-09 05:00:00+00:00,0.5006,0.51,0.4966,0.5074,6176028.5
2026-06-09 06:00:00+00:00,0.5075,0.5213,0.4963,0.5053,14141916.0
2026-06-09 07:00:00+00:00,0.5054,0.525,0.503,0.5134,6622514.0
2026-06-09 08:00:00+00:00,0.5135,0.5211,0.5028,0.5147,11371528.4
2026-06-09 09:00:00+00:00,0.5147,0.5166,0.5054,0.512,5470320.8
2026-06-09 10:00:00+00:00,0.5121,0.5201,0.5065,0.5111,3635748.7
2026-06-09 11:00:00+00:00,0.5112,0.5196,0.5072,0.5116,5775134.4
2026-06-09 12:00:00+00:00,0.5115,0.5419,0.5107,0.5272,12689649.0
2026-06-09 13:00:00+00:00,0.5272,0.5547,0.5238,0.5502,11158425.8
2026-06-09 14:00:00+00:00,0.5502,0.5505,0.5137,0.5313,19157089.3
2026-06-09 15:00:00+00:00,0.5314,0.5398,0.4945,0.5006,17970793.6
2026-06-09 16:00:00+00:00,0.5007,0.5088,0.4822,0.4849,15724661.6
2026-06-09 17:00:00+00:00,0.485,0.5188,0.4831,0.5129,9967043.1
2026-06-09 18:00:00+00:00,0.513,0.5296,0.5082,0.528,5370243.3
2026-06-09 19:00:00+00:00,0.528,0.5318,0.5009,0.5056,7668012.8
2026-06-09 20:00:00+00:00,0.5056,0.5278,0.5021,0.5275,5395325.3
2026-06-09 21:00:00+00:00,0.5277,0.5291,0.5071,0.5135,6955855.7
2026-06-09 22:00:00+00:00,0.5136,0.5216,0.5067,0.5077,5894372.5
2026-06-09 23:00:00+00:00,0.5077,0.514,0.5041,0.5085,5040223.0
2026-06-10 00:00:00+00:00,0.5086,0.5155,0.5007,0.5151,5510666.7
2026-06-10 01:00:00+00:00,0.515,0.5208,0.5067,0.51,6061308.9
2026-06-10 02:00:00+00:00,0.5101,0.5128,0.5002,0.5063,3781676.7
2026-06-10 03:00:00+00:00,0.5064,0.5177,0.5038,0.5052,6107641.6
2026-06-10 04:00:00+00:00,0.5051,0.5083,0.4891,0.5065,8045160.1
2026-06-10 05:00:00+00:00,0.5065,0.5096,0.4841,0.4889,8506487.6
2026-06-10 06:00:00+00:00,0.4889,0.5032,0.4833,0.4956,7935672.4
2026-06-10 07:00:00+00:00,0.4956,0.5099,0.4931,0.5,5134352.2
2026-06-10 08:00:00+00:00,0.5001,0.5056,0.4947,0.495,3668061.0
2026-06-10 09:00:00+00:00,0.4951,0.5047,0.4937,0.5004,3860957.7
2026-06-10 10:00:00+00:00,0.5004,0.5004,0.4876,0.4929,4143863.7
2026-06-10 11:00:00+00:00,0.493,0.496,0.4778,0.4901,7705704.2
2026-06-10 12:00:00+00:00,0.4901,0.5168,0.4876,0.5094,10564395.7
2026-06-10 13:00:00+00:00,0.5093,0.5252,0.5054,0.5123,9780652.1
2026-06-10 14:00:00+00:00,0.5124,0.5138,0.4938,0.4995,8490473.1
2026-06-10 15:00:00+00:00,0.4994,0.5047,0.4627,0.4678,29988781.0
2026-06-10 16:00:00+00:00,0.4678,0.469,0.4392,0.4434,26335167.2
2026-06-10 17:00:00+00:00,0.4433,0.4562,0.4433,0.4517,10326827.6
2026-06-10 18:00:00+00:00,0.4517,0.456,0.4448,0.4504,4843380.6
2026-06-10 19:00:00+00:00,0.4504,0.4527,0.4446,0.4476,3529634.6
2026-06-10 20:00:00+00:00,0.4477,0.4558,0.446,0.4473,4680772.4
2026-06-10 21:00:00+00:00,0.4472,0.4476,0.4289,0.4344,9591780.8
2026-06-10 22:00:00+00:00,0.4344,0.4397,0.429,0.4365,4785266.8
2026-06-10 23:00:00+00:00,0.4367,0.4558,0.435,0.4509,10001559.7
2026-06-11 00:00:00+00:00,0.451,0.4585,0.446,0.449,4963121.9
2026-06-11 01:00:00+00:00,0.4489,0.4623,0.4483,0.4607,3675181.1
2026-06-11 02:00:00+00:00,0.4606,0.4633,0.449,0.4564,3275555.0
2026-06-11 03:00:00+00:00,0.4564,0.4749,0.4513,0.4698,6018159.8
2026-06-11 04:00:00+00:00,0.4699,0.4722,0.4556,0.4671,14589135.7
2026-06-11 05:00:00+00:00,0.467,0.4749,0.4659,0.4731,3231705.1
2026-06-11 06:00:00+00:00,0.473,0.4766,0.4678,0.4722,3700451.3
2026-06-11 07:00:00+00:00,0.4721,0.51,0.4682,0.4994,17691731.1
2026-06-11 08:00:00+00:00,0.4994,0.52,0.4769,0.4876,17439538.6
2026-06-11 09:00:00+00:00,0.4875,0.492,0.48,0.4897,6659930.9
2026-06-11 10:00:00+00:00,0.4897,0.5011,0.4882,0.4973,11962960.0
2026-06-11 11:00:00+00:00,0.4973,0.5071,0.4916,0.502,11949761.9
2026-06-11 12:00:00+00:00,0.502,0.5084,0.4913,0.4989,23016514.4
2026-06-11 13:00:00+00:00,0.4988,0.5063,0.4926,0.5007,26835367.6
2026-06-11 14:00:00+00:00,0.5006,0.5033,0.4824,0.4846,23893537.4
2026-06-11 15:00:00+00:00,0.4846,0.501,0.479,0.4998,43143911.6
2026-06-11 16:00:00+00:00,0.4997,0.5017,0.482,0.4899,46336205.8
2026-06-11 17:00:00+00:00,0.4898,0.5101,0.4842,0.5011,27852290.0
2026-06-11 18:00:00+00:00,0.5011,0.5142,0.4972,0.502,23188749.4
2026-06-11 19:00:00+00:00,0.502,0.5044,0.4953,0.4983,16738948.4
2026-06-11 20:00:00+00:00,0.4984,0.4989,0.4836,0.4879,17999788.9
2026-06-11 21:00:00+00:00,0.4879,0.5033,0.4875,0.4999,9770691.9
2026-06-11 22:00:00+00:00,0.5,0.5036,0.4959,0.497,4911075.7
2026-06-11 23:00:00+00:00,0.497,0.5016,0.4917,0.4966,5354596.9
2026-06-12 00:00:00+00:00,0.4966,0.5078,0.4947,0.5061,7071318.9
2026-06-12 01:00:00+00:00,0.5062,0.5074,0.4937,0.5015,8309455.7
2026-06-12 02:00:00+00:00,0.5014,0.5115,0.4969,0.5075,8624034.8
2026-06-12 03:00:00+00:00,0.5074,0.5095,0.4994,0.5024,7663399.3
2026-06-12 04:00:00+00:00,0.5024,0.5093,0.4984,0.4995,8720051.7
2026-06-12 05:00:00+00:00,0.4995,0.504,0.4907,0.4954,14239081.0
2026-06-12 06:00:00+00:00,0.4953,0.5008,0.4884,0.4961,19311703.1
2026-06-12 07:00:00+00:00,0.4961,0.5008,0.4889,0.4905,19019878.5
2026-06-12 08:00:00+00:00,0.4904,0.5,0.4825,0.4956,25335741.1
2026-06-12 09:00:00+00:00,0.4956,0.4982,0.4899,0.4908,11314319.3
2026-06-12 10:00:00+00:00,0.4908,0.492,0.4828,0.4862,9207265.6
2026-06-12 11:00:00+00:00,0.4863,0.4891,0.4771,0.4784,12882919.3
2026-06-12 12:00:00+00:00,0.4783,0.4832,0.4727,0.4822,11788665.3
2026-06-12 13:00:00+00:00,0.4823,0.4829,0.4639,0.4687,16732765.1
2026-06-12 14:00:00+00:00,0.4688,0.4789,0.4682,0.4774,12269959.7
2026-06-12 15:00:00+00:00,0.4775,0.4821,0.4618,0.4636,15958140.7
2026-06-12 16:00:00+00:00,0.4636,0.4693,0.4581,0.4674,20734474.0
2026-06-12 17:00:00+00:00,0.4673,0.4772,0.4662,0.4728,18042664.5
2026-06-12 18:00:00+00:00,0.4727,0.4769,0.4618,0.4633,9561595.2
2026-06-12 19:00:00+00:00,0.4632,0.4701,0.4629,0.4638,8249404.7
2026-06-12 20:00:00+00:00,0.4638,0.4706,0.4623,0.465,8922848.2
2026-06-12 21:00:00+00:00,0.4651,0.4676,0.4592,0.4619,9048754.9
2026-06-12 22:00:00+00:00,0.462,0.4665,0.4595,0.4616,3231555.6
2026-06-12 23:00:00+00:00,0.4616,0.462,0.4555,0.458,6357209.1
2026-06-13 00:00:00+00:00,0.4581,0.474,0.4538,0.4727,7144433.7
2026-06-13 01:00:00+00:00,0.4727,0.4854,0.4725,0.4766,11259425.9
2026-06-13 02:00:00+00:00,0.4767,0.4824,0.4741,0.4781,8821321.8
2026-06-13 03:00:00+00:00,0.4781,0.4818,0.4739,0.4787,7544294.4
2026-06-13 04:00:00+00:00,0.4786,0.4802,0.4684,0.475,9531676.4
2026-06-13 05:00:00+00:00,0.4751,0.4775,0.4706,0.4759,4808383.2
2026-06-13 06:00:00+00:00,0.4758,0.4819,0.4709,0.4789,5837764.9
2026-06-13 07:00:00+00:00,0.4789,0.495,0.4764,0.4891,9979228.0
2026-06-13 08:00:00+00:00,0.4891,0.4975,0.4855,0.488,7186814.7
2026-06-13 09:00:00+00:00,0.4879,0.4913,0.4837,0.4882,8660678.8
2026-06-13 10:00:00+00:00,0.4881,0.4957,0.4862,0.4908,8927327.7
2026-06-13 11:00:00+00:00,0.4909,0.4951,0.4876,0.4915,15387811.5
2026-06-13 12:00:00+00:00,0.4915,0.5043,0.4908,0.5006,23778385.5
2026-06-13 13:00:00+00:00,0.5007,0.5107,0.4996,0.5051,19914544.7
2026-06-13 14:00:00+00:00,0.5052,0.5275,0.5048,0.5206,25701015.1
2026-06-13 15:00:00+00:00,0.5206,0.5354,0.5165,0.5166,34125120.0
2026-06-13 16:00:00+00:00,0.5165,0.518,0.495,0.5054,24244446.6
2026-06-13 17:00:00+00:00,0.5053,0.5062,0.4991,0.5023,10830265.7
2026-06-13 18:00:00+00:00,0.5023,0.5067,0.4928,0.4969,9941575.2
2026-06-13 19:00:00+00:00,0.4968,0.5051,0.4959,0.5002,10131350.6
2026-06-13 20:00:00+00:00,0.5003,0.5034,0.4945,0.502,9395698.4
2026-06-13 21:00:00+00:00,0.5021,0.5135,0.4974,0.5074,5703348.1
2026-06-13 22:00:00+00:00,0.5074,0.5108,0.5023,0.5035,5334731.1
2026-06-13 23:00:00+00:00,0.5035,0.5069,0.4986,0.5017,4352870.4
2026-06-14 00:00:00+00:00,0.5017,0.5068,0.5011,0.5037,4663568.8
2026-06-14 01:00:00+00:00,0.5038,0.5123,0.5021,0.5077,10985158.2
2026-06-14 02:00:00+00:00,0.5077,0.5118,0.5052,0.5075,7677209.6
2026-06-14 03:00:00+00:00,0.5075,0.5087,0.5028,0.5052,8239058.4
2026-06-14 04:00:00+00:00,0.5052,0.5055,0.489,0.4908,10833727.9
2026-06-14 05:00:00+00:00,0.4907,0.5091,0.4904,0.5076,8595638.5
2026-06-14 06:00:00+00:00,0.5075,0.524,0.5075,0.5155,12848769.6
2026-06-14 07:00:00+00:00,0.5155,0.5158,0.5001,0.5038,9610445.8
2026-06-14 08:00:00+00:00,0.5037,0.5134,0.4988,0.5085,7569995.8
2026-06-14 09:00:00+00:00,0.5085,0.509,0.5015,0.505,7979055.7
2026-06-14 10:00:00+00:00,0.505,0.5074,0.4929,0.4951,8272879.0
2026-06-14 11:00:00+00:00,0.4952,0.5034,0.4946,0.5017,10951083.6
2026-06-14 12:00:00+00:00,0.5017,0.5053,0.4949,0.4973,9437413.1
2026-06-14 13:00:00+00:00,0.4974,0.5065,0.4936,0.5019,12833916.7
2026-06-14 14:00:00+00:00,0.5018,0.5019,0.4911,0.4966,11761038.6
2026-06-14 15:00:00+00:00,0.4966,0.5037,0.4951,0.4969,6331094.6
2026-06-14 16:00:00+00:00,0.497,0.5048,0.4953,0.5003,5131845.2
2026-06-14 17:00:00+00:00,0.5004,0.509,0.4965,0.4973,10313640.1
2026-06-14 18:00:00+00:00,0.4973,0.5069,0.4955,0.5042,6443652.2
2026-06-14 19:00:00+00:00,0.5042,0.5046,0.4972,0.4991,7594918.2
2026-06-14 20:00:00+00:00,0.4991,0.5051,0.497,0.5007,4239636.4
2026-06-14 21:00:00+00:00,0.5006,0.5217,0.4984,0.5129,12090498.6
2026-06-14 22:00:00+00:00,0.5129,0.5215,0.5084,0.52,8313291.5
2026-06-14 23:00:00+00:00,0.52,0.5278,0.513,0.5235,9419424.3
2026-06-15 00:00:00+00:00,0.5235,0.5456,0.5207,0.5438,12610046.5
2026-06-15 01:00:00+00:00,0.5437,0.5629,0.5377,0.5538,17965198.5
2026-06-15 02:00:00+00:00,0.5538,0.5839,0.5491,0.5797,22392198.5
2026-06-15 03:00:00+00:00,0.5797,0.5913,0.5708,0.5749,20489004.3
2026-06-15 04:00:00+00:00,0.5748,0.5996,0.5733,0.5942,24613647.1
2026-06-15 05:00:00+00:00,0.5941,0.6046,0.5825,0.5912,24233222.8
2026-06-15 06:00:00+00:00,0.5913,0.5971,0.581,0.5933,22300443.7
2026-06-15 07:00:00+00:00,0.5934,0.5936,0.5809,0.5845,21556202.3
2026-06-15 08:00:00+00:00,0.5845,0.5962,0.5825,0.5845,23252052.5
2026-06-15 09:00:00+00:00,0.5846,0.5989,0.5844,0.5901,21837857.9
2026-06-15 10:00:00+00:00,0.5901,0.5968,0.5843,0.5955,17082473.9
2026-06-15 11:00:00+00:00,0.5955,0.6299,0.5894,0.6198,40653271.6
2026-06-15 12:00:00+00:00,0.6199,0.6268,0.6063,0.6139,17000887.7
2026-06-15 13:00:00+00:00,0.6139,0.6186,0.604,0.6118,14660341.1
2026-06-15 14:00:00+00:00,0.6117,0.617,0.6064,0.6142,15969603.6
2026-06-15 15:00:00+00:00,0.6141,0.6171,0.5835,0.5881,35629834.8
2026-06-15 16:00:00+00:00,0.5881,0.5889,0.5662,0.5724,36854985.8
2026-06-15 17:00:00+00:00,0.5723,0.5869,0.5693,0.5783,22687720.2
2026-06-15 18:00:00+00:00,0.5784,0.5914,0.5751,0.5872,18718496.8
2026-06-15 19:00:00+00:00,0.5873,0.591,0.58,0.5842,12207420.3
2026-06-15 20:00:00+00:00,0.5842,0.5992,0.5799,0.5956,11376034.0
2026-06-15 21:00:00+00:00,0.5957,0.6118,0.5916,0.6068,8961134.8
2026-06-15 22:00:00+00:00,0.6068,0.6147,0.588,0.5928,22273401.3
2026-06-15 23:00:00+00:00,0.5928,0.5992,0.5833,0.5874,12606149.8
2026-06-16 00:00:00+00:00,0.5874,0.6066,0.5865,0.597,15587513.9
2026-06-16 01:00:00+00:00,0.597,0.6051,0.5935,0.5955,12609598.5
2026-06-16 02:00:00+00:00,0.5954,0.6049,0.5903,0.5976,20086623.3
2026-06-16 03:00:00+00:00,0.5975,0.6055,0.5949,0.6028,11799065.1
2026-06-16 04:00:00+00:00,0.6027,0.6056,0.5892,0.5961,11323553.4
2026-06-16 05:00:00+00:00,0.5962,0.5999,0.5767,0.5848,22876443.2
2026-06-16 06:00:00+00:00,0.5848,0.6023,0.5826,0.6003,33688771.6
2026-06-16 07:00:00+00:00,0.6002,0.6543,0.5943,0.6415,40871001.7
2026-06-16 08:00:00+00:00,0.6416,0.6736,0.6327,0.6724,41370958.7
2026-06-16 09:00:00+00:00,0.6723,0.6733,0.6418,0.6569,30742452.2
2026-06-16 10:00:00+00:00,0.657,0.6657,0.6504,0.6519,17714759.9
2026-06-16 11:00:00+00:00,0.6518,0.6655,0.646,0.6545,16515315.6
2026-06-16 12:00:00+00:00,0.6546,0.6583,0.6444,0.6513,22633349.3
2026-06-16 13:00:00+00:00,0.6513,0.6523,0.6338,0.6416,24869408.4
2026-06-16 14:00:00+00:00,0.6416,0.6554,0.6216,0.6387,21515980.2
2026-06-16 15:00:00+00:00,0.6387,0.6547,0.6343,0.6386,15343977.4
2026-06-16 16:00:00+00:00,0.6386,0.6458,0.6328,0.6395,8157519.0
2026-06-16 17:00:00+00:00,0.6396,0.6686,0.6392,0.6633,13933513.6
2026-06-16 18:00:00+00:00,0.6634,0.6692,0.6528,0.6632,7709332.6
2026-06-16 19:00:00+00:00,0.6631,0.6637,0.6512,0.6557,7198318.4
2026-06-16 20:00:00+00:00,0.6557,0.687,0.654,0.6765,12424778.1
2026-06-16 21:00:00+00:00,0.6765,0.6781,0.6622,0.6672,7420084.8
2026-06-16 22:00:00+00:00,0.6672,0.6724,0.6596,0.6631,3680555.3
2026-06-16 23:00:00+00:00,0.663,0.6789,0.663,0.6751,3533952.7
2026-06-17 00:00:00+00:00,0.6752,0.6928,0.6663,0.6895,11435847.5
2026-06-17 01:00:00+00:00,0.6896,0.7229,0.6842,0.7015,19593387.7
2026-06-17 02:00:00+00:00,0.7014,0.7053,0.6841,0.6863,13339694.9
2026-06-17 03:00:00+00:00,0.6864,0.6873,0.6686,0.6827,10827729.6
2026-06-17 04:00:00+00:00,0.6827,0.6964,0.677,0.6784,7669075.5
2026-06-17 05:00:00+00:00,0.6784,0.6951,0.6759,0.6941,8544973.9
2026-06-17 06:00:00+00:00,0.694,0.7007,0.6805,0.6812,14024520.2
2026-06-17 07:00:00+00:00,0.6812,0.6891,0.6756,0.6839,13669441.5
2026-06-17 08:00:00+00:00,0.6838,0.6847,0.6534,0.6604,15661678.6
2026-06-17 09:00:00+00:00,0.6604,0.6626,0.6404,0.6512,16632596.4
2026-06-17 10:00:00+00:00,0.6513,0.6588,0.6466,0.6529,7633002.1
2026-06-17 11:00:00+00:00,0.6529,0.6611,0.6471,0.6529,10928890.7
2026-06-17 12:00:00+00:00,0.653,0.6613,0.6506,0.6581,8605988.5
2026-06-17 13:00:00+00:00,0.6582,0.6717,0.6535,0.662,15638328.4
2026-06-17 14:00:00+00:00,0.662,0.6689,0.6494,0.652,20344469.8
2026-06-17 15:00:00+00:00,0.652,0.6609,0.646,0.658,23164228.3
2026-06-17 16:00:00+00:00,0.6581,0.6699,0.6571,0.6692,24689673.0
2026-06-17 17:00:00+00:00,0.6693,0.6863,0.6604,0.6716,30161254.8
2026-06-17 18:00:00+00:00,0.6715,0.6732,0.6524,0.6576,20316325.0
2026-06-17 19:00:00+00:00,0.6575,0.6641,0.6347,0.6409,15482418.1
2026-06-17 20:00:00+00:00,0.6409,0.6446,0.6343,0.6439,6659292.0
2026-06-17 21:00:00+00:00,0.644,0.6516,0.6368,0.6422,6385389.1
2026-06-17 22:00:00+00:00,0.6422,0.6587,0.6343,0.657,7816461.9
2026-06-17 23:00:00+00:00,0.6571,0.6623,0.6538,0.6587,8208865.5
2026-06-18 00:00:00+00:00,0.6587,0.6682,0.6563,0.6594,9952689.5
2026-06-18 01:00:00+00:00,0.6593,0.6722,0.6491,0.6509,11317702.0
2026-06-18 02:00:00+00:00,0.6509,0.6632,0.6484,0.6528,13693741.7
2026-06-18 03:00:00+00:00,0.6528,0.6552,0.6371,0.638,16592878.5
2026-06-18 04:00:00+00:00,0.6379,0.6443,0.6324,0.6384,16526243.3
2026-06-18 05:00:00+00:00,0.6383,0.639,0.6191,0.6224,33554682.0
2026-06-18 06:00:00+00:00,0.6224,0.6242,0.6073,0.6134,40177063.9
2026-06-18 07:00:00+00:00,0.6134,0.6288,0.6115,0.6259,56845870.6
2026-06-18 08:00:00+00:00,0.6259,0.6388,0.6238,0.6343,163023845.6
2026-06-18 09:00:00+00:00,0.6343,0.6346,0.6217,0.628,168995775.7
2026-06-18 10:00:00+00:00,0.628,0.6324,0.6236,0.6246,8905508.8
2026-06-18 11:00:00+00:00,0.6246,0.631,0.6146,0.6296,6856509.3
2026-06-18 12:00:00+00:00,0.6297,0.6402,0.6261,0.6348,5753258.0
2026-06-18 13:00:00+00:00,0.6347,0.6352,0.6216,0.6248,8303593.5
2026-06-18 14:00:00+00:00,0.6249,0.6326,0.6188,0.6236,5640192.5
2026-06-18 15:00:00+00:00,0.6237,0.6301,0.6123,0.6138,7816504.2
2026-06-18 16:00:00+00:00,0.6137,0.6304,0.6041,0.622,9299757.9
2026-06-18 17:00:00+00:00,0.622,0.6228,0.6103,0.6124,3924189.7
2026-06-18 18:00:00+00:00,0.6125,0.6203,0.6099,0.6173,3742310.3
2026-06-18 19:00:00+00:00,0.6173,0.6271,0.6138,0.6214,3324664.0
2026-06-18 20:00:00+00:00,0.6215,0.6491,0.6215,0.6412,6742335.7
2026-06-18 21:00:00+00:00,0.6412,0.6468,0.63,0.6386,6575381.8
2026-06-18 22:00:00+00:00,0.6385,0.6473,0.636,0.6403,4435625.9
2026-06-18 23:00:00+00:00,0.6403,0.6458,0.6326,0.6431,5314922.6
2026-06-19 00:00:00+00:00,0.6431,0.6637,0.6394,0.6585,10952686.7
2026-06-19 01:00:00+00:00,0.6586,0.6592,0.6458,0.649,3769881.7
2026-06-19 02:00:00+00:00,0.649,0.6529,0.6381,0.6461,3805670.8
2026-06-19 03:00:00+00:00,0.6462,0.6545,0.6267,0.6423,8732093.9
2026-06-19 04:00:00+00:00,0.6422,0.6477,0.6217,0.6277,7066667.2
2026-06-19 05:00:00+00:00,0.6278,0.6358,0.6254,0.6308,4097908.6
2026-06-19 06:00:00+00:00,0.6308,0.665,0.6291,0.6614,6821214.0
2026-06-19 07:00:00+00:00,0.6613,0.6652,0.6413,0.6469,8042882.9
2026-06-19 08:00:00+00:00,0.647,0.6522,0.6391,0.6414,5308189.8
2026-06-19 09:00:00+00:00,0.6414,0.6417,0.6187,0.6208,8223906.8
2026-06-19 10:00:00+00:00,0.6208,0.6215,0.5936,0.602,19480013.2
2026-06-19 11:00:00+00:00,0.6021,0.6081,0.5994,0.6044,6874278.6
2026-06-19 12:00:00+00:00,0.6045,0.6199,0.6001,0.6179,6575859.5
2026-06-19 13:00:00+00:00,0.618,0.6344,0.6161,0.6327,8483134.9
2026-06-19 14:00:00+00:00,0.6326,0.6371,0.6231,0.6255,7152823.6
2026-06-19 15:00:00+00:00,0.6255,0.6293,0.6134,0.6179,4327005.7
2026-06-19 16:00:00+00:00,0.618,0.6249,0.6136,0.6161,3222846.6
2026-06-19 17:00:00+00:00,0.6161,0.6245,0.6144,0.6225,2090695.6
2026-06-19 18:00:00+00:00,0.6226,0.6242,0.6165,0.6223,1562390.0
2026-06-19 19:00:00+00:00,0.6223,0.6227,0.6108,0.6153,2964020.5
2026-06-19 20:00:00+00:00,0.6154,0.6219,0.6137,0.6211,1416128.4
2026-06-19 21:00:00+00:00,0.6211,0.633,0.6188,0.6211,5170468.1
2026-06-19 22:00:00+00:00,0.6211,0.6296,0.6208,0.6238,2116637.2
2026-06-19 23:00:00+00:00,0.6239,0.6253,0.6139,0.6234,2694432.6
2026-06-20 00:00:00+00:00,0.6233,0.6273,0.6147,0.6165,2594620.4
2026-06-20 01:00:00+00:00,0.6166,0.6175,0.6037,0.605,4670432.1
2026-06-20 02:00:00+00:00,0.6049,0.6079,0.5903,0.6007,7633022.3
2026-06-20 03:00:00+00:00,0.6006,0.6062,0.5988,0.6048,2402274.2
2026-06-20 04:00:00+00:00,0.6048,0.6176,0.6033,0.617,4781176.5
2026-06-20 05:00:00+00:00,0.617,0.6247,0.6083,0.6115,3901252.2
2026-06-20 06:00:00+00:00,0.6115,0.6141,0.6032,0.6048,2459961.2
2026-06-20 07:00:00+00:00,0.6048,0.6077,0.5971,0.6006,3892608.4
2026-06-20 08:00:00+00:00,0.6007,0.6061,0.5991,0.6044,2302974.9
2026-06-20 09:00:00+00:00,0.6045,0.6091,0.6006,0.6074,1762796.0
2026-06-20 10:00:00+00:00,0.6074,0.6149,0.6031,0.6097,3234828.7
2026-06-20 11:00:00+00:00,0.6097,0.6104,0.6009,0.6032,1975454.3
2026-06-20 12:00:00+00:00,0.6032,0.6235,0.6026,0.6091,4812173.1
2026-06-20 13:00:00+00:00,0.6091,0.61,0.594,0.6009,6302821.7
2026-06-20 14:00:00+00:00,0.6009,0.6195,0.5976,0.6118,5223472.9
2026-06-20 15:00:00+00:00,0.6118,0.6249,0.6087,0.6167,5105666.7
2026-06-20 16:00:00+00:00,0.6168,0.6191,0.611,0.6155,2179034.1
2026-06-20 17:00:00+00:00,0.6155,0.6174,0.6005,0.6043,3133313.0
2026-06-20 18:00:00+00:00,0.6043,0.6091,0.6022,0.6022,1247216.5
2026-06-20 19:00:00+00:00,0.6022,0.6055,0.6006,0.6046,953191.4
2026-06-20 20:00:00+00:00,0.6047,0.6069,0.601,0.6053,1079294.0
2026-06-20 21:00:00+00:00,0.6054,0.6094,0.6026,0.6054,1997092.9
2026-06-20 22:00:00+00:00,0.6055,0.6152,0.6041,0.612,2647042.8
2026-06-20 23:00:00+00:00,0.6121,0.6138,0.607,0.6107,1692029.5
2026-06-21 00:00:00+00:00,0.6108,0.6109,0.602,0.6061,1655449.8
2026-06-21 01:00:00+00:00,0.6062,0.6076,0.5972,0.5981,2609743.4
2026-06-21 02:00:00+00:00,0.5982,0.6051,0.595,0.6027,3051874.2
2026-06-21 03:00:00+00:00,0.6026,0.6137,0.5999,0.6068,3213232.2
2026-06-21 04:00:00+00:00,0.6068,0.6102,0.6012,0.6033,2346563.6
2026-06-21 05:00:00+00:00,0.6033,0.6043,0.5999,0.601,1243633.1
2026-06-21 06:00:00+00:00,0.6011,0.6047,0.5986,0.601,1526449.6
2026-06-21 07:00:00+00:00,0.601,0.607,0.598,0.6031,2339589.9
2026-06-21 08:00:00+00:00,0.6032,0.6099,0.5959,0.6091,3450175.7
2026-06-21 09:00:00+00:00,0.6091,0.6101,0.6018,0.6054,2050667.6
2026-06-21 10:00:00+00:00,0.6054,0.608,0.6,0.6016,1388445.6
2026-06-21 11:00:00+00:00,0.6016,0.6041,0.5935,0.5979,3925788.5
2026-06-21 12:00:00+00:00,0.5978,0.6099,0.591,0.6036,5021483.6
2026-06-21 13:00:00+00:00,0.6037,0.6088,0.6031,0.6075,4057146.1
2026-06-21 14:00:00+00:00,0.6075,0.6192,0.6046,0.6159,8336663.0
2026-06-21 15:00:00+00:00,0.6159,0.6526,0.6146,0.6436,28848707.7
2026-06-21 16:00:00+00:00,0.6436,0.646,0.6226,0.641,8756726.6
2026-06-21 17:00:00+00:00,0.6409,0.6464,0.6284,0.6307,5117993.1
2026-06-21 18:00:00+00:00,0.6306,0.6384,0.6283,0.6376,2743010.4
2026-06-21 19:00:00+00:00,0.6377,0.6469,0.635,0.641,2154131.0
2026-06-21 20:00:00+00:00,0.6411,0.6422,0.624,0.6253,3147122.2
2026-06-21 21:00:00+00:00,0.6253,0.6259,0.6099,0.6152,6029089.7
2026-06-21 22:00:00+00:00,0.6151,0.6191,0.6079,0.6101,2994935.2
2026-06-21 23:00:00+00:00,0.61,0.61,0.6028,0.6055,3676178.3
2026-06-22 00:00:00+00:00,0.6055,0.631,0.6053,0.6253,5695061.0
2026-06-22 01:00:00+00:00,0.6253,0.6493,0.6231,0.6474,6506319.9
2026-06-22 02:00:00+00:00,0.6474,0.6491,0.6336,0.6345,4154821.5
2026-06-22 03:00:00+00:00,0.6345,0.6416,0.63,0.6326,4808733.1
2026-06-22 04:00:00+00:00,0.6327,0.6416,0.631,0.6398,2614968.6
2026-06-22 05:00:00+00:00,0.6398,0.6448,0.6368,0.6389,2830996.1
2026-06-22 06:00:00+00:00,0.639,0.6429,0.6327,0.6419,3090271.3
2026-06-22 07:00:00+00:00,0.6418,0.6549,0.6388,0.6394,5459918.3
2026-06-22 08:00:00+00:00,0.6394,0.646,0.6315,0.6354,7359483.1
2026-06-22 09:00:00+00:00,0.6354,0.6359,0.615,0.6208,8345937.4
2026-06-22 10:00:00+00:00,0.6208,0.6289,0.6197,0.6244,3488273.0
2026-06-22 11:00:00+00:00,0.6245,0.6294,0.6192,0.6267,4486883.5
2026-06-22 12:00:00+00:00,0.6268,0.6399,0.6232,0.6367,4613302.1
2026-06-22 13:00:00+00:00,0.6368,0.6487,0.6351,0.6432,4418427.0
2026-06-22 14:00:00+00:00,0.6433,0.646,0.627,0.6352,5943490.9
2026-06-22 15:00:00+00:00,0.6352,0.6458,0.6303,0.6366,5316491.1
2026-06-22 16:00:00+00:00,0.6367,0.6436,0.6323,0.6346,3959701.1
2026-06-22 17:00:00+00:00,0.6346,0.6397,0.627,0.6358,3124557.4
2026-06-22 18:00:00+00:00,0.6358,0.6394,0.6193,0.6202,4715668.3
2026-06-22 19:00:00+00:00,0.6203,0.6264,0.6175,0.6257,2851539.1
2026-06-22 20:00:00+00:00,0.6257,0.6322,0.6213,0.6322,2395361.3
2026-06-22 21:00:00+00:00,0.6321,0.6359,0.6248,0.6279,1703595.5
2026-06-22 22:00:00+00:00,0.628,0.6332,0.6182,0.6246,2870305.8
2026-06-22 23:00:00+00:00,0.6245,0.6253,0.6158,0.6193,2766563.1
2026-06-23 00:00:00+00:00,0.6193,0.6286,0.6179,0.6274,3301297.9
2026-06-23 01:00:00+00:00,0.6273,0.6298,0.6084,0.6154,4919853.3
2026-06-23 02:00:00+00:00,0.6154,0.617,0.6086,0.6138,2409028.7
2026-06-23 03:00:00+00:00,0.6138,0.6151,0.6086,0.6121,2091921.7
2026-06-23 04:00:00+00:00,0.6121,0.6129,0.6039,0.6062,3413280.8
2026-06-23 05:00:00+00:00,0.6062,0.6079,0.5969,0.5987,3521201.3
2026-06-23 06:00:00+00:00,0.5987,0.5987,0.5764,0.5856,8935370.5
2026-06-23 07:00:00+00:00,0.5855,0.5923,0.5839,0.5849,3858405.9
2026-06-23 08:00:00+00:00,0.585,0.5908,0.5682,0.5722,8698987.3
2026-06-23 09:00:00+00:00,0.5722,0.5744,0.5592,0.5665,5923824.0
2026-06-23 10:00:00+00:00,0.5666,0.5692,0.5535,0.5592,4466938.7
2026-06-23 11:00:00+00:00,0.5592,0.5726,0.5589,0.5714,5035228.4
2026-06-23 12:00:00+00:00,0.5715,0.5723,0.5616,0.5666,3154299.2
2026-06-23 13:00:00+00:00,0.5666,0.5817,0.5627,0.5777,9116461.4
2026-06-23 14:00:00+00:00,0.5777,0.5806,0.5594,0.5614,9491289.9
2026-06-23 15:00:00+00:00,0.5614,0.5651,0.5471,0.5548,6114781.3
2026-06-23 16:00:00+00:00,0.5548,0.5576,0.5414,0.5462,6478136.5
2026-06-23 17:00:00+00:00,0.5461,0.5474,0.5337,0.5405,7681998.4
2026-06-23 18:00:00+00:00,0.5405,0.5461,0.5387,0.5406,3316012.2
2026-06-23 19:00:00+00:00,0.5405,0.5434,0.5376,0.5408,1930213.9
2026-06-23 20:00:00+00:00,0.5409,0.5464,0.5408,0.5437,1140540.9
2026-06-23 21:00:00+00:00,0.5437,0.5486,0.5427,0.5465,2151042.8
2026-06-23 22:00:00+00:00,0.5464,0.5532,0.5412,0.5412,3216954.0
2026-06-23 23:00:00+00:00,0.5411,0.5487,0.5351,0.5439,3991052.8
2026-06-24 00:00:00+00:00,0.5438,0.5499,0.5365,0.5379,5547875.3
2026-06-24 01:00:00+00:00,0.538,0.543,0.5273,0.5319,8450988.2
2026-06-24 02:00:00+00:00,0.5318,0.5322,0.5224,0.5231,6646032.7
2026-06-24 03:00:00+00:00,0.5231,0.5258,0.5133,0.5182,5890834.0
2026-06-24 04:00:00+00:00,0.5182,0.5204,0.5068,0.518,6209030.8
2026-06-24 05:00:00+00:00,0.518,0.5464,0.518,0.5382,11081748.4
2026-06-24 06:00:00+00:00,0.5382,0.5388,0.5251,0.5287,6174626.1
2026-06-24 07:00:00+00:00,0.5287,0.5289,0.5196,0.5241,4877485.5
2026-06-24 08:00:00+00:00,0.5242,0.5347,0.5237,0.5337,3423441.5
2026-06-24 09:00:00+00:00,0.5337,0.543,0.5269,0.5307,4862787.1
2026-06-24 10:00:00+00:00,0.5308,0.5312,0.5236,0.5261,2122784.2
2026-06-24 11:00:00+00:00,0.5261,0.5423,0.5259,0.5359,3625684.5
2026-06-24 12:00:00+00:00,0.536,0.55,0.5325,0.542,6835175.5
2026-06-24 13:00:00+00:00,0.542,0.5425,0.5264,0.5327,7604097.4
2026-06-24 14:00:00+00:00,0.5328,0.5348,0.5215,0.5309,7233305.4
2026-06-24 15:00:00+00:00,0.5309,0.5311,0.5169,0.5216,5164000.5
2026-06-24 16:00:00+00:00,0.5215,0.5314,0.506,0.5086,7941544.2
2026-06-24 17:00:00+00:00,0.5087,0.5131,0.501,0.5029,6744575.9
2026-06-24 18:00:00+00:00,0.5029,0.5198,0.5015,0.5136,3583042.1
2026-06-24 19:00:00+00:00,0.5137,0.5186,0.5087,0.5177,2464793.7
2026-06-24 20:00:00+00:00,0.5178,0.5341,0.5168,0.532,7918071.7
2026-06-24 21:00:00+00:00,0.5321,0.5392,0.5256,0.5365,2677420.0
2026-06-24 22:00:00+00:00,0.5364,0.5398,0.5297,0.5344,2075389.9
2026-06-24 23:00:00+00:00,0.5345,0.5383,0.5292,0.5301,1545511.3
2026-06-25 00:00:00+00:00,0.5302,0.5319,0.5193,0.5211,2622940.0
2026-06-25 01:00:00+00:00,0.5211,0.526,0.5202,0.5248,1164624.8
2026-06-25 02:00:00+00:00,0.5247,0.5282,0.5138,0.5178,3210336.1
2026-06-25 03:00:00+00:00,0.5178,0.5208,0.5111,0.5128,3111827.4
2026-06-25 04:00:00+00:00,0.5128,0.5202,0.5095,0.5186,2170029.2
2026-06-25 05:00:00+00:00,0.5186,0.5249,0.5178,0.5188,3714417.4
2026-06-25 06:00:00+00:00,0.5188,0.5253,0.5171,0.5211,1940798.4
2026-06-25 07:00:00+00:00,0.5212,0.5219,0.5137,0.5158,2826457.3
2026-06-25 08:00:00+00:00,0.5159,0.5213,0.5117,0.5125,2527625.6
2026-06-25 09:00:00+00:00,0.5125,0.5165,0.5092,0.5162,2011610.7
2026-06-25 10:00:00+00:00,0.5161,0.5166,0.5057,0.5082,2379778.0
2026-06-25 11:00:00+00:00,0.5082,0.5113,0.5046,0.5079,2110100.5
2026-06-25 12:00:00+00:00,0.5079,0.5088,0.4913,0.5008,7369893.8
2026-06-25 13:00:00+00:00,0.5008,0.5133,0.4811,0.4834,12177202.8
2026-06-25 14:00:00+00:00,0.4835,0.5081,0.4834,0.493,7266946.0
2026-06-25 15:00:00+00:00,0.493,0.4953,0.4853,0.4932,4952361.5
2026-06-25 16:00:00+00:00,0.4933,0.5,0.4831,0.4844,4123075.0
2026-06-25 17:00:00+00:00,0.4843,0.4975,0.4821,0.4974,3679612.3
2026-06-25 18:00:00+00:00,0.4975,0.4979,0.4901,0.4964,2590519.8
2026-06-25 19:00:00+00:00,0.4965,0.4976,0.4876,0.4923,2080677.7
2026-06-25 20:00:00+00:00,0.4924,0.5025,0.4856,0.4912,4568353.8
2026-06-25 21:00:00+00:00,0.4912,0.5004,0.4907,0.4999,2175591.0
2026-06-25 22:00:00+00:00,0.4998,0.5005,0.4911,0.4927,1766722.7
2026-06-25 23:00:00+00:00,0.4928,0.4989,0.4926,0.4962,1954328.6
2026-06-26 00:00:00+00:00,0.4963,0.498,0.4899,0.4918,2142962.6
2026-06-26 01:00:00+00:00,0.4917,0.4927,0.4821,0.4857,3434777.5
2026-06-26 02:00:00+00:00,0.4858,0.4861,0.4536,0.4584,11446682.4
2026-06-26 03:00:00+00:00,0.4585,0.4769,0.4557,0.4744,8244306.8
2026-06-26 04:00:00+00:00,0.4743,0.4789,0.4706,0.4724,4329197.6
2026-06-26 05:00:00+00:00,0.4725,0.4808,0.4701,0.4786,3865781.2
2026-06-26 06:00:00+00:00,0.4786,0.4847,0.4709,0.4826,4158155.2
2026-06-26 07:00:00+00:00,0.4826,0.4881,0.4818,0.4833,2965137.7
2026-06-26 08:00:00+00:00,0.4832,0.4843,0.4737,0.4754,2805408.9
2026-06-26 09:00:00+00:00,0.4754,0.4757,0.4643,0.4647,2492114.4
2026-06-26 10:00:00+00:00,0.4647,0.4695,0.4621,0.4645,2051098.5
2026-06-26 11:00:00+00:00,0.4646,0.4686,0.4595,0.4635,2745235.0
2026-06-26 12:00:00+00:00,0.4634,0.4681,0.4545,0.4551,3950196.6
2026-06-26 13:00:00+00:00,0.4552,0.4724,0.455,0.4718,6975362.8
2026-06-26 14:00:00+00:00,0.4717,0.4738,0.4627,0.4638,4787222.3
2026-06-26 15:00:00+00:00,0.4639,0.4668,0.4581,0.4632,5521312.8
2026-06-26 16:00:00+00:00,0.4633,0.4721,0.4626,0.4696,4577866.0
2026-06-26 17:00:00+00:00,0.4696,0.4755,0.4685,0.4725,2174124.5
2026-06-26 18:00:00+00:00,0.4726,0.4728,0.4666,0.4672,1607233.5
2026-06-26 19:00:00+00:00,0.4672,0.4776,0.4647,0.4714,3759811.1
2026-06-26 20:00:00+00:00,0.4715,0.4768,0.4669,0.47,3940841.0
2026-06-26 21:00:00+00:00,0.47,0.4737,0.4665,0.4684,2678843.8
2026-06-26 22:00:00+00:00,0.4684,0.4699,0.4634,0.4684,1305458.5
2026-06-26 23:00:00+00:00,0.4683,0.4712,0.4658,0.4675,1068436.3
2026-06-27 00:00:00+00:00,0.4675,0.4703,0.4588,0.467,2534543.5
2026-06-27 01:00:00+00:00,0.467,0.4749,0.4651,0.4675,2072189.0
2026-06-27 02:00:00+00:00,0.4674,0.4811,0.465,0.4772,3908305.0
2026-06-27 03:00:00+00:00,0.4771,0.4773,0.469,0.471,2183870.8
2026-06-27 04:00:00+00:00,0.471,0.4762,0.468,0.4683,1258927.6
2026-06-27 05:00:00+00:00,0.4683,0.4696,0.4652,0.4679,2036937.1
2026-06-27 06:00:00+00:00,0.4679,0.4709,0.4626,0.4692,2509989.0
2026-06-27 07:00:00+00:00,0.4692,0.4698,0.4635,0.465,2018904.1
2026-06-27 08:00:00+00:00,0.465,0.4659,0.4597,0.461,3138910.0
2026-06-27 09:00:00+00:00,0.461,0.4643,0.4578,0.4638,2638990.4
2026-06-27 10:00:00+00:00,0.4637,0.4658,0.461,0.4645,1458855.1
2026-06-27 11:00:00+00:00,0.4645,0.4711,0.4611,0.4667,1829656.5
2026-06-27 12:00:00+00:00,0.4667,0.4677,0.4593,0.4637,2027869.1
2026-06-27 13:00:00+00:00,0.4638,0.4691,0.4623,0.4673,1138907.5
2026-06-27 14:00:00+00:00,0.4674,0.4689,0.4649,0.4678,1079384.8
2026-06-27 15:00:00+00:00,0.4679,0.4715,0.4666,0.4688,1711296.7
2026-06-27 16:00:00+00:00,0.4689,0.4754,0.4649,0.4711,1841350.4
2026-06-27 17:00:00+00:00,0.4711,0.4713,0.461,0.4612,3016078.0
2026-06-27 18:00:00+00:00,0.4612,0.4645,0.4602,0.4633,1067487.5
2026-06-27 19:00:00+00:00,0.4632,0.4652,0.4457,0.4486,5169389.3
2026-06-27 20:00:00+00:00,0.4487,0.4572,0.4476,0.4572,2150967.7
2026-06-27 21:00:00+00:00,0.4572,0.4593,0.4499,0.4515,3099551.0
2026-06-27 22:00:00+00:00,0.4515,0.4535,0.4499,0.4533,2154411.5
2026-06-27 23:00:00+00:00,0.4532,0.4561,0.4485,0.449,3089940.3
2026-06-28 00:00:00+00:00,0.4491,0.453,0.4485,0.4495,1296262.2
2026-06-28 01:00:00+00:00,0.4494,0.4494,0.4383,0.4406,4864706.9
2026-06-28 02:00:00+00:00,0.4405,0.4421,0.4338,0.4361,3367204.7
2026-06-28 03:00:00+00:00,0.4361,0.4417,0.4361,0.4403,1689103.9
2026-06-28 04:00:00+00:00,0.4402,0.4403,0.4362,0.4374,1483102.6
2026-06-28 05:00:00+00:00,0.4374,0.4416,0.4342,0.4413,2150941.9
2026-06-28 06:00:00+00:00,0.4413,0.4454,0.4377,0.4428,1852131.3
2026-06-28 07:00:00+00:00,0.4428,0.4538,0.442,0.4525,2026678.9
2026-06-28 08:00:00+00:00,0.4523,0.4601,0.4504,0.4545,2926957.6
2026-06-28 09:00:00+00:00,0.4545,0.4598,0.452,0.4526,1728838.0
2026-06-28 10:00:00+00:00,0.4526,0.4554,0.4491,0.4532,2002791.0
2026-06-28 11:00:00+00:00,0.4533,0.4551,0.4503,0.4513,1162066.7
2026-06-28 12:00:00+00:00,0.4513,0.452,0.4458,0.4474,2157746.9
2026-06-28 13:00:00+00:00,0.4474,0.4478,0.4442,0.4446,1517668.1
2026-06-28 14:00:00+00:00,0.4447,0.4464,0.4416,0.4421,1557453.8
2026-06-28 15:00:00+00:00,0.4422,0.4445,0.4405,0.4426,1414587.9
2026-06-28 16:00:00+00:00,0.4427,0.4456,0.4394,0.4399,2114090.2
2026-06-28 17:00:00+00:00,0.4399,0.4414,0.437,0.4408,1846847.9
2026-06-28 18:00:00+00:00,0.4407,0.4407,0.4353,0.4395,695108.6
2026-06-28 19:00:00+00:00,0.4395,0.4412,0.437,0.4399,673474.9
2026-06-28 20:00:00+00:00,0.4399,0.4448,0.4388,0.4435,880131.8
2026-06-28 21:00:00+00:00,0.4435,0.4437,0.4347,0.4368,2285597.4
2026-06-28 22:00:00+00:00,0.4369,0.4439,0.4359,0.4371,2231053.3
2026-06-28 23:00:00+00:00,0.437,0.4452,0.4361,0.4424,1380063.4
2026-06-29 00:00:00+00:00,0.4423,0.4426,0.4352,0.4424,2085141.9
2026-06-29 01:00:00+00:00,0.4424,0.4437,0.436,0.4383,1698195.4
2026-06-29 02:00:00+00:00,0.4383,0.4386,0.4291,0.4382,4264794.0
2026-06-29 03:00:00+00:00,0.4382,0.444,0.4321,0.4373,3655844.5
2026-06-29 04:00:00+00:00,0.4373,0.4373,0.427,0.4293,3523944.2
2026-06-29 05:00:00+00:00,0.4294,0.4342,0.4227,0.4341,4789646.9
2026-06-29 06:00:00+00:00,0.4342,0.4384,0.4304,0.4311,1829156.3
2026-06-29 07:00:00+00:00,0.4312,0.4312,0.4259,0.427,2451057.0
2026-06-29 08:00:00+00:00,0.427,0.4296,0.4238,0.425,2598215.5
2026-06-29 09:00:00+00:00,0.425,0.4298,0.4247,0.4296,1657355.8
2026-06-29 10:00:00+00:00,0.4297,0.4328,0.4266,0.4277,2649627.2
2026-06-29 11:00:00+00:00,0.4276,0.43,0.4241,0.4254,2347665.9
2026-06-29 12:00:00+00:00,0.4254,0.4348,0.4229,0.4284,5830180.5
2026-06-29 13:00:00+00:00,0.4284,0.4346,0.4233,0.4258,5408100.4
2026-06-29 14:00:00+00:00,0.4259,0.4307,0.4215,0.4298,4034231.5
2026-06-29 15:00:00+00:00,0.4299,0.4299,0.4193,0.4221,4137282.7
2026-06-29 16:00:00+00:00,0.4221,0.4229,0.4156,0.4218,4934970.9
2026-06-29 17:00:00+00:00,0.4219,0.4302,0.4213,0.4277,4501560.9
2026-06-29 18:00:00+00:00,0.4278,0.4298,0.4247,0.428,1809232.1
2026-06-29 19:00:00+00:00,0.4281,0.432,0.426,0.4275,2123748.6
2026-06-29 20:00:00+00:00,0.4275,0.4319,0.4247,0.4247,1251793.7
2026-06-29 21:00:00+00:00,0.4247,0.4292,0.4222,0.4258,1138324.1
2026-06-29 22:00:00+00:00,0.4258,0.4277,0.4204,0.4212,1424213.1
2026-06-29 23:00:00+00:00,0.4211,0.4237,0.4196,0.4209,906215.9
2026-06-30 00:00:00+00:00,0.4208,0.4219,0.4094,0.4116,4797534.4
2026-06-30 01:00:00+00:00,0.4117,0.413,0.4086,0.411,2034341.2
2026-06-30 02:00:00+00:00,0.411,0.411,0.4063,0.41,2593688.9
2026-06-30 03:00:00+00:00,0.4101,0.4153,0.4099,0.4147,2028464.2
2026-06-30 04:00:00+00:00,0.4147,0.4183,0.41,0.4157,2413423.1
2026-06-30 05:00:00+00:00,0.4157,0.4323,0.4155,0.4304,4895343.7
2026-06-30 06:00:00+00:00,0.4305,0.4345,0.4228,0.4235,3631742.6
2026-06-30 07:00:00+00:00,0.4235,0.4256,0.416,0.4171,3824668.1
2026-06-30 08:00:00+00:00,0.417,0.4173,0.4114,0.4164,4444144.0
2026-06-30 09:00:00+00:00,0.4164,0.4192,0.413,0.4189,1670295.4
2026-06-30 10:00:00+00:00,0.4189,0.42,0.4162,0.4187,1286401.1
2026-06-30 11:00:00+00:00,0.4187,0.4196,0.4101,0.4109,2458876.1
2026-06-30 12:00:00+00:00,0.4109,0.4125,0.4034,0.4087,4252130.0
2026-06-30 13:00:00+00:00,0.4088,0.412,0.4059,0.4091,2226304.7
2026-06-30 14:00:00+00:00,0.409,0.4157,0.4081,0.4111,3053316.2
2026-06-30 15:00:00+00:00,0.4111,0.4171,0.4095,0.4147,2205884.5
2026-06-30 16:00:00+00:00,0.4148,0.417,0.3994,0.4131,8944383.8
2026-06-30 17:00:00+00:00,0.4131,0.4148,0.4086,0.4094,1367249.0
2026-06-30 18:00:00+00:00,0.4093,0.415,0.4075,0.4106,2181991.3
2026-06-30 19:00:00+00:00,0.4105,0.4115,0.4067,0.4079,1106721.7
2026-06-30 20:00:00+00:00,0.4078,0.4095,0.4029,0.4055,1684390.6
2026-06-30 21:00:00+00:00,0.4056,0.4096,0.404,0.4079,820245.5
2026-06-30 22:00:00+00:00,0.4079,0.4101,0.4026,0.4055,1875880.7
2026-06-30 23:00:00+00:00,0.4055,0.4091,0.4046,0.4067,1346681.7
2026-07-01 00:00:00+00:00,0.4068,0.4097,0.4042,0.4056,2206640.9
2026-07-01 01:00:00+00:00,0.4056,0.409,0.3935,0.4076,5930024.5
2026-07-01 02:00:00+00:00,0.4077,0.4129,0.4055,0.4114,2637667.7
2026-07-01 03:00:00+00:00,0.4115,0.4145,0.4083,0.4144,1692027.7
2026-07-01 04:00:00+00:00,0.4145,0.4197,0.4129,0.416,2194136.5
2026-07-01 05:00:00+00:00,0.4159,0.4171,0.4102,0.4109,1520536.8
2026-07-01 06:00:00+00:00,0.4108,0.4108,0.3984,0.3999,4838871.2
2026-07-01 07:00:00+00:00,0.4,0.4001,0.3895,0.3916,10519929.8
2026-07-01 08:00:00+00:00,0.3915,0.3955,0.3885,0.395,4916964.5
2026-07-01 09:00:00+00:00,0.3951,0.3982,0.393,0.3937,3028304.2
2026-07-01 10:00:00+00:00,0.3936,0.3955,0.3883,0.3922,3190865.7
2026-07-01 11:00:00+00:00,0.3922,0.3933,0.3901,0.3921,1481797.8
2026-07-01 12:00:00+00:00,0.3921,0.3928,0.3856,0.3874,4398206.2
2026-07-01 13:00:00+00:00,0.3874,0.397,0.3871,0.395,6164163.3
2026-07-01 14:00:00+00:00,0.395,0.3983,0.3916,0.3963,5344979.6
2026-07-01 15:00:00+00:00,0.3963,0.4046,0.3961,0.4007,3515585.9
2026-07-01 16:00:00+00:00,0.4007,0.4009,0.39,0.3913,3689012.5
2026-07-01 17:00:00+00:00,0.3914,0.3935,0.3826,0.3836,8924678.4
2026-07-01 18:00:00+00:00,0.3835,0.3837,0.3631,0.3659,13225728.4
2026-07-01 19:00:00+00:00,0.366,0.3691,0.3601,0.3617,5071149.0
2026-07-01 20:00:00+00:00,0.3617,0.3716,0.3611,0.3714,5558519.0
2026-07-01 21:00:00+00:00,0.3713,0.375,0.3682,0.3745,4209794.5
2026-07-01 22:00:00+00:00,0.3744,0.3759,0.3617,0.3633,10218860.1
2026-07-01 23:00:00+00:00,0.3633,0.365,0.3552,0.3615,11377245.5
2026-07-02 00:00:00+00:00,0.3614,0.3665,0.3578,0.3654,4463753.1
2026-07-02 01:00:00+00:00,0.3654,0.3719,0.3638,0.3701,3360245.9
2026-07-02 02:00:00+00:00,0.3701,0.3746,0.3668,0.3734,2823591.9
2026-07-02 03:00:00+00:00,0.3734,0.3752,0.3672,0.3744,3884505.0
2026-07-02 04:00:00+00:00,0.3744,0.3882,0.3727,0.3767,9036274.0
2026-07-02 05:00:00+00:00,0.3767,0.3807,0.375,0.3761,3297321.8
2026-07-02 06:00:00+00:00,0.376,0.3761,0.3651,0.3672,7260683.2
2026-07-02 07:00:00+00:00,0.3672,0.3731,0.3643,0.371,4169731.3
2026-07-02 08:00:00+00:00,0.371,0.3735,0.3681,0.3713,2876523.2
2026-07-02 09:00:00+00:00,0.3713,0.3762,0.3652,0.3742,5416027.5
2026-07-02 10:00:00+00:00,0.3742,0.382,0.374,0.3761,4489061.9
2026-07-02 11:00:00+00:00,0.3762,0.3829,0.3759,0.3796,5037389.9
2026-07-02 12:00:00+00:00,0.3795,0.3878,0.3782,0.3798,3599555.9
2026-07-02 13:00:00+00:00,0.3799,0.3963,0.3786,0.3953,7190841.6
2026-07-02 14:00:00+00:00,0.3954,0.3993,0.3863,0.3902,9514188.4
2026-07-02 15:00:00+00:00,0.3902,0.3912,0.3822,0.3832,4885562.3
2026-07-02 16:00:00+00:00,0.3831,0.3955,0.3819,0.3869,4001719.1
2026-07-02 17:00:00+00:00,0.3869,0.3924,0.3858,0.3909,2110821.1
2026-07-02 18:00:00+00:00,0.391,0.3962,0.391,0.3941,1735903.7
2026-07-02 19:00:00+00:00,0.3942,0.3988,0.39,0.3984,2912177.5
2026-07-02 20:00:00+00:00,0.3985,0.4038,0.3959,0.398,3519544.9
2026-07-02 21:00:00+00:00,0.3979,0.4019,0.3946,0.3984,2200753.0
2026-07-02 22:00:00+00:00,0.3984,0.4015,0.3952,0.3993,2147303.6
2026-07-02 23:00:00+00:00,0.3993,0.4048,0.3969,0.4046,2944395.9
2026-07-03 00:00:00+00:00,0.4045,0.4278,0.4042,0.4225,13308043.8
2026-07-03 01:00:00+00:00,0.4225,0.4367,0.418,0.4346,8775489.5
2026-07-03 02:00:00+00:00,0.4346,0.4395,0.4184,0.4229,9572573.8
2026-07-03 03:00:00+00:00,0.4229,0.4304,0.4173,0.429,6603246.6
2026-07-03 04:00:00+00:00,0.429,0.4311,0.4131,0.4149,8769499.9
2026-07-03 05:00:00+00:00,0.4149,0.4227,0.414,0.4185,3932515.1
2026-07-03 06:00:00+00:00,0.4184,0.4232,0.4161,0.4185,3713813.0
2026-07-03 07:00:00+00:00,0.4185,0.4214,0.4157,0.4188,2269989.1
2026-07-03 08:00:00+00:00,0.4188,0.4248,0.4163,0.4175,3891423.2
2026-07-03 09:00:00+00:00,0.4175,0.4215,0.4156,0.4175,2593212.4
2026-07-03 10:00:00+00:00,0.4175,0.4219,0.4175,0.4212,2489579.7
2026-07-03 11:00:00+00:00,0.4212,0.428,0.4195,0.426,4935294.6
2026-07-03 12:00:00+00:00,0.426,0.4272,0.4176,0.4232,5322301.5
2026-07-03 13:00:00+00:00,0.4233,0.4295,0.4218,0.4258,2726792.8
2026-07-03 14:00:00+00:00,0.4257,0.4258,0.4209,0.425,4266383.3
2026-07-03 15:00:00+00:00,0.425,0.4287,0.4219,0.4275,1996920.9
2026-07-03 16:00:00+00:00,0.4275,0.4354,0.4246,0.4341,4676164.4
2026-07-03 17:00:00+00:00,0.4341,0.4382,0.4282,0.4353,3773936.7
2026-07-03 18:00:00+00:00,0.4354,0.4355,0.4293,0.4305,1863467.5
2026-07-03 19:00:00+00:00,0.4304,0.4327,0.4261,0.4287,2748357.3
2026-07-03 20:00:00+00:00,0.4286,0.4366,0.4283,0.4331,3786815.5
2026-07-03 21:00:00+00:00,0.4332,0.4361,0.4293,0.4342,1924504.1
2026-07-03 22:00:00+00:00,0.4341,0.4357,0.4301,0.4353,1435123.5
2026-07-03 23:00:00+00:00,0.4352,0.4367,0.4308,0.4345,1692948.1
2026-07-04 00:00:00+00:00,0.4344,0.4481,0.4329,0.4472,6264289.5
2026-07-04 01:00:00+00:00,0.4472,0.4472,0.4362,0.4447,6184346.6
2026-07-04 02:00:00+00:00,0.4447,0.4495,0.4383,0.4434,4831833.3
2026-07-04 03:00:00+00:00,0.4434,0.4485,0.4411,0.4422,2865622.0
2026-07-04 04:00:00+00:00,0.4422,0.4472,0.4388,0.4398,4118160.3
2026-07-04 05:00:00+00:00,0.4398,0.4438,0.4347,0.4404,3970475.0
2026-07-04 06:00:00+00:00,0.4404,0.4432,0.4343,0.4352,2829351.3
2026-07-04 07:00:00+00:00,0.4352,0.4365,0.418,0.4251,8929014.8
2026-07-04 08:00:00+00:00,0.4252,0.4281,0.4233,0.4261,3704415.1
2026-07-04 09:00:00+00:00,0.4262,0.4272,0.4199,0.4233,2720645.2
2026-07-04 10:00:00+00:00,0.4233,0.425,0.4218,0.423,1297014.3
2026-07-04 11:00:00+00:00,0.423,0.4239,0.421,0.4213,1383009.2
2026-07-04 12:00:00+00:00,0.4212,0.4283,0.4212,0.4269,2581961.9
2026-07-04 13:00:00+00:00,0.4269,0.432,0.4226,0.4251,3131826.6
2026-07-04 14:00:00+00:00,0.4251,0.4286,0.4246,0.4282,1593221.8
2026-07-04 15:00:00+00:00,0.4283,0.4374,0.4277,0.4369,3225312.7
2026-07-04 16:00:00+00:00,0.437,0.4399,0.4337,0.4354,1834904.6
2026-07-04 17:00:00+00:00,0.4354,0.441,0.4317,0.439,2343593.7
2026-07-04 18:00:00+00:00,0.4391,0.4392,0.4334,0.4373,1329115.1
2026-07-04 19:00:00+00:00,0.4372,0.4379,0.4313,0.4318,1461538.9
2026-07-04 20:00:00+00:00,0.4318,0.4322,0.4265,0.4298,2969857.3
2026-07-04 21:00:00+00:00,0.4299,0.4325,0.4274,0.4282,1397139.1
2026-07-04 22:00:00+00:00,0.4281,0.4296,0.4226,0.4254,1413637.2
2026-07-04 23:00:00+00:00,0.4254,0.4259,0.4204,0.4255,1320031.9
2026-07-05 00:00:00+00:00,0.4255,0.4255,0.4143,0.4173,3428332.0
2026-07-05 01:00:00+00:00,0.4174,0.4186,0.4127,0.4184,2483243.4
2026-07-05 02:00:00+00:00,0.4183,0.4183,0.4091,0.4145,2702017.1
2026-07-05 03:00:00+00:00,0.4145,0.415,0.4116,0.4138,1232563.8
2026-07-05 04:00:00+00:00,0.4137,0.4169,0.4134,0.4142,1487971.6
2026-07-05 05:00:00+00:00,0.4141,0.4149,0.4095,0.4121,1887687.8
2026-07-05 06:00:00+00:00,0.4121,0.4142,0.4103,0.4132,926491.2
2026-07-05 07:00:00+00:00,0.4132,0.4177,0.4112,0.4171,1523212.9
2026-07-05 08:00:00+00:00,0.4172,0.4177,0.4132,0.414,739235.4
2026-07-05 09:00:00+00:00,0.4141,0.4158,0.4054,0.4069,3118296.3
2026-07-05 10:00:00+00:00,0.4068,0.4095,0.4027,0.4086,2145460.0
2026-07-05 11:00:00+00:00,0.4087,0.4095,0.4071,0.4077,803171.2
2026-07-05 12:00:00+00:00,0.4077,0.4135,0.4058,0.4125,1915020.8
2026-07-05 13:00:00+00:00,0.4126,0.4134,0.4088,0.4126,993547.0
2026-07-05 14:00:00+00:00,0.4126,0.4127,0.4089,0.4116,634671.8
2026-07-05 15:00:00+00:00,0.4116,0.4132,0.4,0.4036,4977197.2
2026-07-05 16:00:00+00:00,0.4036,0.4045,0.4009,0.4026,2282998.1
2026-07-05 17:00:00+00:00,0.4027,0.4052,0.4013,0.4023,1113746.9
2026-07-05 18:00:00+00:00,0.4022,0.4054,0.402,0.4037,484619.4
2026-07-05 19:00:00+00:00,0.4037,0.4075,0.4033,0.4067,1258034.1
2026-07-05 20:00:00+00:00,0.4068,0.4125,0.4066,0.4119,1316499.2
2026-07-05 21:00:00+00:00,0.4119,0.4197,0.411,0.417,3776830.7
2026-07-05 22:00:00+00:00,0.417,0.4208,0.4151,0.4173,2983197.4
2026-07-05 23:00:00+00:00,0.4173,0.4281,0.4166,0.4187,3520777.3
2026-07-06 00:00:00+00:00,0.4188,0.419,0.411,0.4188,2656381.3
2026-07-06 01:00:00+00:00,0.4188,0.4247,0.4181,0.4221,2069060.0
2026-07-06 02:00:00+00:00,0.4221,0.4249,0.4178,0.4216,2308309.8
2026-07-06 03:00:00+00:00,0.4215,0.4259,0.4195,0.4234,1911246.0
2026-07-06 04:00:00+00:00,0.4233,0.4308,0.4205,0.4256,2243316.2
2026-07-06 05:00:00+00:00,0.4256,0.4261,0.4148,0.4203,3593602.1
2026-07-06 06:00:00+00:00,0.4203,0.4218,0.4159,0.4184,1709920.9
2026-07-06 07:00:00+00:00,0.4185,0.42,0.415,0.4183,1562813.2
2026-07-06 08:00:00+00:00,0.4184,0.4192,0.4115,0.4136,1729714.7
2026-07-06 09:00:00+00:00,0.4137,0.4137,0.4084,0.4105,1577480.0
2026-07-06 10:00:00+00:00,0.4104,0.421,0.4099,0.4197,2676250.4
2026-07-06 11:00:00+00:00,0.4197,0.4236,0.4132,0.4132,3147876.4
2026-07-06 12:00:00+00:00,0.4132,0.4135,0.4042,0.4059,5908567.9
2026-07-06 13:00:00+00:00,0.4058,0.409,0.4023,0.4059,3353819.9
2026-07-06 14:00:00+00:00,0.406,0.4159,0.4051,0.4119,4875876.6
2026-07-06 15:00:00+00:00,0.4119,0.4195,0.4082,0.4185,3030390.5
2026-07-06 16:00:00+00:00,0.4184,0.4226,0.4138,0.4152,3793618.4
2026-07-06 17:00:00+00:00,0.4152,0.4166,0.4101,0.4105,1203694.5
2026-07-06 18:00:00+00:00,0.4106,0.4132,0.4102,0.4122,871501.3
2026-07-06 19:00:00+00:00,0.4123,0.4154,0.4113,0.413,660604.8
2026-07-06 20:00:00+00:00,0.413,0.4133,0.4099,0.4101,637975.2
2026-07-06 21:00:00+00:00,0.4101,0.4196,0.41,0.4169,2174806.8
2026-07-06 22:00:00+00:00,0.417,0.4178,0.4112,0.4117,873281.9
2026-07-06 23:00:00+00:00,0.4117,0.4134,0.4084,0.4102,1436952.2
2026-07-07 00:00:00+00:00,0.4101,0.4125,0.4037,0.4064,5157808.0
2026-07-07 01:00:00+00:00,0.4063,0.4076,0.4036,0.4063,1697197.3
2026-07-07 02:00:00+00:00,0.4063,0.4066,0.4007,0.4009,2464354.9
2026-07-07 03:00:00+00:00,0.4009,0.4016,0.3981,0.4001,2689640.5
2026-07-07 04:00:00+00:00,0.4,0.4007,0.3966,0.3981,2351884.0
2026-07-07 05:00:00+00:00,0.3982,0.3991,0.3918,0.3983,3468957.3
2026-07-07 06:00:00+00:00,0.3982,0.4021,0.3968,0.4009,1659907.3
2026-07-07 07:00:00+00:00,0.4009,0.4017,0.3972,0.3976,1290402.1
2026-07-07 08:00:00+00:00,0.3977,0.3983,0.3938,0.3954,1543404.5
2026-07-07 09:00:00+00:00,0.3954,0.3971,0.3931,0.3946,2061432.9
2026-07-07 10:00:00+00:00,0.3946,0.3966,0.3915,0.3921,1576539.6
2026-07-07 11:00:00+00:00,0.392,0.3941,0.3899,0.3939,2546962.4
2026-07-07 12:00:00+00:00,0.3939,0.3958,0.3907,0.3918,3368939.5
2026-07-07 13:00:00+00:00,0.3918,0.3919,0.3845,0.3855,4980667.9
2026-07-07 14:00:00+00:00,0.3856,0.3888,0.3808,0.3881,3062839.8
2026-07-07 15:00:00+00:00,0.388,0.3967,0.3876,0.395,2631071.3
2026-07-07 16:00:00+00:00,0.395,0.3988,0.3928,0.3982,3478313.8
2026-07-07 17:00:00+00:00,0.3982,0.3982,0.393,0.3964,1560450.3
2026-07-07 18:00:00+00:00,0.3964,0.3991,0.3892,0.39,2958179.0
2026-07-07 19:00:00+00:00,0.3901,0.3917,0.3877,0.3902,1883613.0
2026-07-07 20:00:00+00:00,0.3903,0.3921,0.3887,0.3903,1448748.2
2026-07-07 21:00:00+00:00,0.3904,0.3917,0.3828,0.3835,2158482.5
2026-07-07 22:00:00+00:00,0.3835,0.3835,0.3767,0.3816,3039303.7
2026-07-07 23:00:00+00:00,0.3815,0.3833,0.3803,0.3809,918864.8
2026-07-08 00:00:00+00:00,0.381,0.3889,0.38,0.3864,1493247.1
2026-07-08 01:00:00+00:00,0.3864,0.3866,0.3751,0.3756,3220649.8
2026-07-08 02:00:00+00:00,0.3756,0.3758,0.3706,0.3752,3283382.9
2026-07-08 03:00:00+00:00,0.3753,0.3783,0.3735,0.3747,1140646.9
2026-07-08 04:00:00+00:00,0.3747,0.3784,0.3726,0.3746,1534386.6
2026-07-08 05:00:00+00:00,0.3747,0.3759,0.3715,0.3726,1277558.4
2026-07-08 06:00:00+00:00,0.3727,0.3734,0.3683,0.3714,2197220.2
2026-07-08 07:00:00+00:00,0.3714,0.3759,0.3692,0.3731,1596442.1
2026-07-08 08:00:00+00:00,0.3731,0.3742,0.3642,0.3669,6163458.5
2026-07-08 09:00:00+00:00,0.3669,0.3705,0.3662,0.3692,2413767.5
2026-07-08 10:00:00+00:00,0.3693,0.3745,0.3692,0.3728,2072205.7
2026-07-08 11:00:00+00:00,0.3728,0.3785,0.3718,0.3764,2303304.7
2026-07-08 12:00:00+00:00,0.3765,0.3777,0.3718,0.3721,1970315.8
2026-07-08 13:00:00+00:00,0.3722,0.378,0.3711,0.377,2434651.3
2026-07-08 14:00:00+00:00,0.3769,0.3833,0.3757,0.3769,2763522.5
2026-07-08 15:00:00+00:00,0.377,0.3771,0.3705,0.375,1935119.4
2026-07-08 16:00:00+00:00,0.375,0.3791,0.375,0.3774,1471615.1
2026-07-08 17:00:00+00:00,0.3774,0.3821,0.3768,0.3792,955371.5
2026-07-08 18:00:00+00:00,0.3792,0.3874,0.3792,0.3863,1390595.4
2026-07-08 19:00:00+00:00,0.3864,0.3885,0.3852,0.3876,977571.2
2026-07-08 20:00:00+00:00,0.3877,0.3922,0.3866,0.3878,1975188.6
2026-07-08 21:00:00+00:00,0.3878,0.3916,0.3826,0.3914,1352615.8
2026-07-08 22:00:00+00:00,0.3914,0.3941,0.3883,0.3892,3484442.0
2026-07-08 23:00:00+00:00,0.3892,0.39,0.3861,0.3887,1578374.0
2026-07-09 00:00:00+00:00,0.3887,0.3898,0.3833,0.3845,1969004.1
2026-07-09 01:00:00+00:00,0.3845,0.3895,0.3804,0.3809,2278474.0
2026-07-09 02:00:00+00:00,0.381,0.3848,0.379,0.38,1725069.5
2026-07-09 03:00:00+00:00,0.3801,0.3818,0.3785,0.3815,1410057.7
2026-07-09 04:00:00+00:00,0.3816,0.3866,0.3785,0.384,1668546.4
2026-07-09 05:00:00+00:00,0.384,0.3899,0.3817,0.3883,1619194.4
2026-07-09 06:00:00+00:00,0.3883,0.3886,0.3851,0.386,1077430.9
2026-07-09 07:00:00+00:00,0.386,0.388,0.3821,0.384,2329098.5
2026-07-09 08:00:00+00:00,0.3839,0.3867,0.3824,0.3847,949046.3
2026-07-09 09:00:00+00:00,0.3846,0.386,0.3827,0.3858,935621.5
2026-07-09 10:00:00+00:00,0.3859,0.388,0.3839,0.3868,970958.8
2026-07-09 11:00:00+00:00,0.3869,0.3875,0.3841,0.386,1147678.7
2026-07-09 12:00:00+00:00,0.3859,0.3896,0.3835,0.384,2025010.6
2026-07-09 13:00:00+00:00,0.384,0.3883,0.3808,0.3883,1777762.8
2026-07-09 14:00:00+00:00,0.3883,0.3893,0.3835,0.3858,1447614.8
2026-07-09 15:00:00+00:00,0.3859,0.3863,0.3811,0.3823,1244983.3
2026-07-09 16:00:00+00:00,0.3823,0.3884,0.3811,0.3843,2333559.9
2026-07-09 17:00:00+00:00,0.3843,0.3863,0.3822,0.3859,1006658.0
2026-07-09 18:00:00+00:00,0.386,0.3878,0.3839,0.3855,766454.6
2026-07-09 19:00:00+00:00,0.3855,0.3887,0.3839,0.3852,708463.3
2026-07-09 20:00:00+00:00,0.3853,0.3858,0.3836,0.3844,621152.2
2026-07-09 21:00:00+00:00,0.3843,0.386,0.3835,0.3836,456863.4
2026-07-09 22:00:00+00:00,0.3836,0.3851,0.3825,0.3827,604005.3
2026-07-09 23:00:00+00:00,0.3826,0.384,0.3815,0.3834,615898.7
2026-07-10 00:00:00+00:00,0.3834,0.3834,0.3762,0.3804,3751383.7
2026-07-10 01:00:00+00:00,0.3805,0.3883,0.3787,0.3858,2576066.0
2026-07-10 02:00:00+00:00,0.3859,0.386,0.3836,0.3847,1186854.4
2026-07-10 03:00:00+00:00,0.3847,0.3866,0.3817,0.3853,1171110.8
2026-07-10 04:00:00+00:00,0.3854,0.3864,0.3842,0.3847,504681.6
2026-07-10 05:00:00+00:00,0.3847,0.3883,0.3828,0.3856,1295962.2
2026-07-10 06:00:00+00:00,0.3856,0.386,0.3829,0.3832,665245.3
2026-07-10 07:00:00+00:00,0.3833,0.3851,0.381,0.3816,727370.9
2026-07-10 08:00:00+00:00,0.3816,0.3886,0.381,0.3864,2444629.3
2026-07-10 09:00:00+00:00,0.3864,0.3916,0.3845,0.3899,1947347.4
2026-07-10 10:00:00+00:00,0.3899,0.3967,0.3887,0.3925,3998270.3
2026-07-10 11:00:00+00:00,0.3925,0.394,0.3897,0.3908,1260500.2
2026-07-10 12:00:00+00:00,0.3907,0.3939,0.3894,0.3896,1684456.2
2026-07-10 13:00:00+00:00,0.3895,0.3904,0.3865,0.3878,1630091.5
2026-07-10 14:00:00+00:00,0.3877,0.3887,0.378,0.383,4017297.3
2026-07-10 15:00:00+00:00,0.3831,0.386,0.3827,0.3845,1051056.3
2026-07-10 16:00:00+00:00,0.3846,0.3886,0.3835,0.386,1963324.6
2026-07-10 17:00:00+00:00,0.386,0.3865,0.3826,0.3828,970535.7
2026-07-10 18:00:00+00:00,0.3829,0.385,0.3795,0.381,1136729.0
2026-07-10 19:00:00+00:00,0.381,0.3839,0.3805,0.3814,1914314.4
2026-07-10 20:00:00+00:00,0.3814,0.3824,0.38,0.3803,729608.3
2026-07-10 21:00:00+00:00,0.3804,0.3836,0.3802,0.382,780750.1
2026-07-10 22:00:00+00:00,0.382,0.3844,0.3816,0.3836,480152.4
2026-07-10 23:00:00+00:00,0.3835,0.3838,0.3812,0.3815,723068.3
2026-07-11 00:00:00+00:00,0.3814,0.3838,0.38,0.3834,828821.2
2026-07-11 01:00:00+00:00,0.3833,0.3863,0.383,0.3838,938470.0
2026-07-11 02:00:00+00:00,0.3839,0.3926,0.3832,0.3917,1487144.2
2026-07-11 03:00:00+00:00,0.3917,0.3927,0.3882,0.3897,1584796.8
2026-07-11 04:00:00+00:00,0.3896,0.3905,0.385,0.3857,1343694.7
2026-07-11 05:00:00+00:00,0.3856,0.3961,0.3847,0.393,2674612.1
2026-07-11 06:00:00+00:00,0.3931,0.3954,0.3907,0.3925,2127665.5
2026-07-11 07:00:00+00:00,0.3924,0.3943,0.3886,0.3904,1286911.2
2026-07-11 08:00:00+00:00,0.3903,0.3922,0.389,0.3921,797975.1
2026-07-11 09:00:00+00:00,0.392,0.405,0.392,0.3992,5679000.9
2026-07-11 10:00:00+00:00,0.3993,0.4021,0.396,0.3966,2623440.8
2026-07-11 11:00:00+00:00,0.3966,0.4061,0.3957,0.4035,1998748.0
2026-07-11 12:00:00+00:00,0.4036,0.4099,0.4004,0.4087,2831403.6
2026-07-11 13:00:00+00:00,0.4088,0.4161,0.4053,0.4107,6032255.6
2026-07-11 14:00:00+00:00,0.4108,0.4124,0.4074,0.4112,4388779.0
2026-07-11 15:00:00+00:00,0.4113,0.4145,0.4058,0.4078,3538204.3
2026-07-11 16:00:00+00:00,0.4077,0.4091,0.4048,0.408,2167067.4
2026-07-11 17:00:00+00:00,0.408,0.4173,0.4057,0.4133,2673381.7
2026-07-11 18:00:00+00:00,0.4134,0.4167,0.4114,0.4123,1671058.5
2026-07-11 19:00:00+00:00,0.4122,0.4128,0.4104,0.4121,1213811.5
2026-07-11 20:00:00+00:00,0.412,0.414,0.4089,0.4094,1756821.0
2026-07-11 21:00:00+00:00,0.4094,0.4105,0.4026,0.4055,3290277.9
2026-07-11 22:00:00+00:00,0.4054,0.4058,0.4,0.4023,1903891.7
2026-07-11 23:00:00+00:00,0.4022,0.4025,0.3955,0.3974,3248354.5
2026-07-12 00:00:00+00:00,0.3973,0.4012,0.3938,0.4006,2808484.8
2026-07-12 01:00:00+00:00,0.4005,0.4029,0.3975,0.4021,1546171.5
2026-07-12 02:00:00+00:00,0.4021,0.4021,0.3988,0.4004,1172608.7
2026-07-12 03:00:00+00:00,0.4003,0.4017,0.3978,0.4008,1147041.5
2026-07-12 04:00:00+00:00,0.4008,0.4039,0.3976,0.3985,1523207.4
2026-07-12 05:00:00+00:00,0.3985,0.3997,0.3969,0.3971,864471.1
2026-07-12 06:00:00+00:00,0.397,0.404,0.3943,0.4016,4997940.5
2026-07-12 07:00:00+00:00,0.4017,0.4038,0.4006,0.4019,739737.6
2026-07-12 08:00:00+00:00,0.4018,0.4088,0.4013,0.4082,2233876.1
2026-07-12 09:00:00+00:00,0.4083,0.4158,0.4073,0.4126,3382938.3
2026-07-12 10:00:00+00:00,0.4127,0.4193,0.412,0.4167,2670412.4
2026-07-12 11:00:00+00:00,0.4167,0.4264,0.4137,0.4254,4091536.7
2026-07-12 12:00:00+00:00,0.4253,0.4339,0.4203,0.4213,6517713.0
2026-07-12 13:00:00+00:00,0.4213,0.4241,0.4189,0.4194,2538747.5
2026-07-12 14:00:00+00:00,0.4193,0.4275,0.4185,0.4251,2660678.4
2026-07-12 15:00:00+00:00,0.4251,0.4305,0.4251,0.4263,2224189.5
2026-07-12 16:00:00+00:00,0.4263,0.4328,0.4263,0.4316,1938357.6
2026-07-12 17:00:00+00:00,0.4317,0.4324,0.4229,0.4247,2820411.3
2026-07-12 18:00:00+00:00,0.4247,0.4254,0.4212,0.4238,1773590.4
2026-07-12 19:00:00+00:00,0.4238,0.4411,0.4234,0.439,7648141.6
2026-07-12 20:00:00+00:00,0.4389,0.4391,0.4253,0.4282,6274632.6
2026-07-12 21:00:00+00:00,0.4283,0.4284,0.423,0.4244,1837323.8
2026-07-12 22:00:00+00:00,0.4244,0.4244,0.4133,0.4191,4690880.2
2026-07-12 23:00:00+00:00,0.4191,0.4201,0.4163,0.4185,1103884.2
2026-07-13 00:00:00+00:00,0.4185,0.4268,0.4164,0.4235,4498316.6
2026-07-13 01:00:00+00:00,0.4235,0.4249,0.4143,0.4162,3268790.6
2026-07-13 02:00:00+00:00,0.4163,0.4182,0.4123,0.4156,2261675.7
2026-07-13 03:00:00+00:00,0.4155,0.4155,0.41,0.4121,3540101.2
2026-07-13 04:00:00+00:00,0.4121,0.4225,0.4102,0.4183,2713908.8
2026-07-13 05:00:00+00:00,0.4183,0.4251,0.4145,0.4234,5431680.2
2026-07-13 06:00:00+00:00,0.4235,0.4248,0.4183,0.4201,2709121.6
2026-07-13 07:00:00+00:00,0.4201,0.4203,0.4148,0.4155,2297999.4
2026-07-13 08:00:00+00:00,0.4155,0.4189,0.411,0.4189,2462605.9
2026-07-13 09:00:00+00:00,0.4188,0.4226,0.415,0.4205,2200015.9
2026-07-13 10:00:00+00:00,0.4204,0.431,0.4204,0.4296,3667573.0
2026-07-13 11:00:00+00:00,0.4297,0.4338,0.4265,0.4288,4385913.7
2026-07-13 12:00:00+00:00,0.4288,0.4292,0.4182,0.4208,7068926.2
2026-07-13 13:00:00+00:00,0.4209,0.4209,0.4131,0.417,3400234.8
2026-07-13 14:00:00+00:00,0.4169,0.4235,0.4136,0.421,3271401.7
2026-07-13 15:00:00+00:00,0.421,0.4216,0.4076,0.4092,3098501.9
2026-07-13 16:00:00+00:00,0.4092,0.4115,0.3986,0.4001,5521999.4
2026-07-13 17:00:00+00:00,0.4002,0.4028,0.3912,0.3923,5485847.7
2026-07-13 18:00:00+00:00,0.3923,0.3958,0.3919,0.3936,1744624.8
2026-07-13 19:00:00+00:00,0.3936,0.3971,0.3922,0.3953,1653628.8
2026-07-13 20:00:00+00:00,0.3952,0.396,0.39,0.3916,2405831.0
2026-07-13 21:00:00+00:00,0.3915,0.3918,0.385,0.3889,2399769.3
2026-07-13 22:00:00+00:00,0.3889,0.3918,0.3885,0.3897,1360682.1
2026-07-13 23:00:00+00:00,0.3898,0.3932,0.3882,0.3926,1048827.8
2026-07-14 00:00:00+00:00,0.3927,0.3945,0.3894,0.3936,1631374.4
2026-07-14 01:00:00+00:00,0.3937,0.3941,0.3889,0.3901,1894860.8
2026-07-14 02:00:00+00:00,0.3902,0.3925,0.3878,0.3895,2215412.7
2026-07-14 03:00:00+00:00,0.3896,0.3907,0.3828,0.3887,3627773.7
2026-07-14 04:00:00+00:00,0.3888,0.3985,0.3887,0.3964,3007380.5
2026-07-14 05:00:00+00:00,0.3963,0.4017,0.3956,0.399,2760468.8
2026-07-14 06:00:00+00:00,0.399,0.4031,0.3975,0.4015,1397272.7
2026-07-14 07:00:00+00:00,0.4016,0.4083,0.4012,0.4062,2224579.7
2026-07-14 08:00:00+00:00,0.4063,0.4118,0.4037,0.4077,2496272.3
2026-07-14 09:00:00+00:00,0.4077,0.4077,0.401,0.4011,1866946.5
2026-07-14 10:00:00+00:00,0.401,0.4038,0.3979,0.3992,1681527.9
2026-07-14 11:00:00+00:00,0.3992,0.4038,0.398,0.4002,1152821.7
2026-07-14 12:00:00+00:00,0.4003,0.4129,0.3976,0.409,7090118.7
2026-07-14 13:00:00+00:00,0.4091,0.419,0.4068,0.4138,4715166.5
2026-07-14 14:00:00+00:00,0.4139,0.4187,0.4114,0.4178,3614728.5
2026-07-14 15:00:00+00:00,0.4178,0.4184,0.4134,0.4143,2847170.9
2026-07-14 16:00:00+00:00,0.4143,0.4151,0.4098,0.411,1583038.9
2026-07-14 17:00:00+00:00,0.4109,0.4155,0.4094,0.4142,1231149.3
2026-07-14 18:00:00+00:00,0.4142,0.4144,0.4105,0.4117,1034252.3
2026-07-14 19:00:00+00:00,0.4117,0.413,0.4107,0.412,673994.3
2026-07-14 20:00:00+00:00,0.4121,0.4173,0.4117,0.4146,1097096.2
2026-07-14 21:00:00+00:00,0.4146,0.4159,0.412,0.4145,1139341.2
2026-07-14 22:00:00+00:00,0.4146,0.4149,0.4068,0.4115,2804234.1
2026-07-14 23:00:00+00:00,0.4115,0.4156,0.4103,0.4146,1047515.8
2026-07-15 00:00:00+00:00,0.4147,0.4177,0.4128,0.4138,1363957.8
2026-07-15 01:00:00+00:00,0.4138,0.4164,0.4083,0.4112,1427652.1
2026-07-15 02:00:00+00:00,0.4112,0.4129,0.4088,0.4116,1071730.9
2026-07-15 03:00:00+00:00,0.4116,0.4128,0.4092,0.4127,925726.9
2026-07-15 04:00:00+00:00,0.4127,0.4174,0.4079,0.4106,2540542.6
2026-07-15 05:00:00+00:00,0.4107,0.4135,0.4084,0.4132,955829.3
2026-07-15 06:00:00+00:00,0.4131,0.4163,0.41,0.4106,2595857.7
2026-07-15 07:00:00+00:00,0.4107,0.412,0.4078,0.41,1401121.9
2026-07-15 08:00:00+00:00,0.4099,0.4101,0.4022,0.4073,2843783.9
2026-07-15 09:00:00+00:00,0.4073,0.4121,0.4071,0.4094,972171.8
2026-07-15 10:00:00+00:00,0.4095,0.4133,0.409,0.4126,1507813.9
2026-07-15 11:00:00+00:00,0.4126,0.417,0.4115,0.4153,1548363.5
2026-07-15 12:00:00+00:00,0.4153,0.4203,0.412,0.4196,3552686.0
2026-07-15 13:00:00+00:00,0.4197,0.422,0.4127,0.4151,2938046.1
2026-07-15 14:00:00+00:00,0.4152,0.4168,0.4089,0.4133,2299913.0
2026-07-15 15:00:00+00:00,0.4133,0.4137,0.4097,0.4102,1434137.4
2026-07-15 16:00:00+00:00,0.4101,0.4104,0.4018,0.4035,2906226.9
2026-07-15 17:00:00+00:00,0.4034,0.4061,0.403,0.4055,1164512.7
2026-07-15 18:00:00+00:00,0.4056,0.4087,0.4054,0.407,1022386.5
2026-07-15 19:00:00+00:00,0.4071,0.4089,0.4061,0.4069,756597.5
2026-07-15 20:00:00+00:00,0.407,0.4174,0.4069,0.4135,1841425.8
2026-07-15 21:00:00+00:00,0.4136,0.4153,0.4092,0.4105,1010756.3
2026-07-15 22:00:00+00:00,0.4106,0.4121,0.4094,0.4095,799212.0
2026-07-15 23:00:00+00:00,0.4094,0.4103,0.4049,0.4066,992508.3
2026-07-16 00:00:00+00:00,0.4065,0.4081,0.4036,0.4048,1044872.9
2026-07-16 01:00:00+00:00,0.4048,0.4117,0.4028,0.4105,970190.9
2026-07-16 02:00:00+00:00,0.4105,0.4111,0.4064,0.408,570275.5
2026-07-16 03:00:00+00:00,0.4079,0.4087,0.3978,0.4009,3474018.5
2026-07-16 04:00:00+00:00,0.4009,0.4016,0.3997,0.4016,1091403.4
2026-07-16 05:00:00+00:00,0.4017,0.4047,0.4015,0.4021,1308526.5
2026-07-16 06:00:00+00:00,0.402,0.4034,0.3965,0.3987,3753620.5
2026-07-16 07:00:00+00:00,0.3987,0.3994,0.3957,0.3983,3418334.4
2026-07-16 08:00:00+00:00,0.3983,0.4,0.3929,0.3991,4312389.1
2026-07-16 09:00:00+00:00,0.3991,0.4015,0.3981,0.3985,2630906.2
2026-07-16 10:00:00+00:00,0.3984,0.399,0.3965,0.3988,1090084.2
2026-07-16 11:00:00+00:00,0.3987,0.3994,0.396,0.3993,1580304.6
2026-07-16 12:00:00+00:00,0.3993,0.4005,0.3972,0.3985,1264068.0
2026-07-16 13:00:00+00:00,0.3984,0.4037,0.3981,0.4036,2108221.5
2026-07-16 14:00:00+00:00,0.4035,0.4055,0.4004,0.402,2168629.6
2026-07-16 15:00:00+00:00,0.4021,0.4024,0.3962,0.3988,1691902.8
2026-07-16 16:00:00+00:00,0.3987,0.3987,0.3951,0.3984,1048701.6
2026-07-16 17:00:00+00:00,0.3983,0.3983,0.3932,0.3954,1329023.4
2026-07-16 18:00:00+00:00,0.3954,0.3987,0.3953,0.3974,736679.0
2026-07-16 19:00:00+00:00,0.3974,0.3984,0.395,0.3969,687593.3
2026-07-16 20:00:00+00:00,0.3969,0.3977,0.3955,0.396,688578.7
2026-07-16 21:00:00+00:00,0.396,0.3976,0.3946,0.3951,571352.4
2026-07-16 22:00:00+00:00,0.3951,0.3963,0.3895,0.3922,1779354.8
2026-07-16 23:00:00+00:00,0.3922,0.3927,0.3875,0.3883,1598531.8
2026-07-17 00:00:00+00:00,0.3883,0.3918,0.3868,0.3918,1437911.8
2026-07-17 01:00:00+00:00,0.3919,0.3933,0.385,0.3864,1748766.9
2026-07-17 02:00:00+00:00,0.3865,0.387,0.3789,0.3817,3936628.7
2026-07-17 03:00:00+00:00,0.3818,0.3856,0.3808,0.3839,1469120.6
2026-07-17 04:00:00+00:00,0.3839,0.3846,0.3807,0.3837,2021413.5
2026-07-17 05:00:00+00:00,0.3836,0.3836,0.376,0.3769,4291736.6
2026-07-17 06:00:00+00:00,0.3769,0.3814,0.3751,0.3793,3760548.6
2026-07-17 07:00:00+00:00,0.3794,0.3809,0.378,0.3793,1482838.4
2026-07-17 08:00:00+00:00,0.3795,0.3799,0.3751,0.3786,1367024.2
2026-07-17 09:00:00+00:00,0.3786,0.382,0.3785,0.3802,1053898.8
2026-07-17 10:00:00+00:00,0.3803,0.3824,0.38,0.3815,676279.0
2026-07-17 11:00:00+00:00,0.3816,0.3827,0.3797,0.3823,858547.6
2026-07-17 12:00:00+00:00,0.3823,0.3824,0.38,0.3801,991336.9
2026-07-17 13:00:00+00:00,0.38,0.38,0.3711,0.3764,7596209.8
2026-07-17 14:00:00+00:00,0.3763,0.3857,0.3761,0.3802,4331305.3
2026-07-17 15:00:00+00:00,0.3802,0.3843,0.3761,0.3842,2035017.0
2026-07-17 16:00:00+00:00,0.3842,0.3854,0.3815,0.3835,1929508.6
2026-07-17 17:00:00+00:00,0.3835,0.3872,0.3819,0.3822,1010013.3
2026-07-17 18:00:00+00:00,0.3822,0.384,0.3799,0.3832,951872.4
2026-07-17 19:00:00+00:00,0.3831,0.3847,0.3809,0.3829,629213.6
2026-07-17 20:00:00+00:00,0.383,0.3839,0.3817,0.3828,567884.5
2026-07-17 21:00:00+00:00,0.3828,0.39,0.3828,0.3842,1444209.5
2026-07-17 22:00:00+00:00,0.3843,0.3881,0.384,0.3879,432107.6
2026-07-17 23:00:00+00:00,0.3879,0.3895,0.3858,0.3886,539592.3
2026-07-18 00:00:00+00:00,0.3887,0.3892,0.3857,0.3861,822032.9
2026-07-18 01:00:00+00:00,0.3861,0.3889,0.3848,0.3867,809143.3
2026-07-18 02:00:00+00:00,0.3866,0.3876,0.3847,0.3857,507954.2
2026-07-18 03:00:00+00:00,0.3857,0.3863,0.3825,0.3836,1240243.5
2026-07-18 04:00:00+00:00,0.3836,0.3847,0.38,0.3817,1884955.8
2026-07-18 05:00:00+00:00,0.3816,0.382,0.3793,0.3801,481938.2
2026-07-18 06:00:00+00:00,0.3801,0.3812,0.3791,0.3807,368890.1
2026-07-18 07:00:00+00:00,0.3808,0.3818,0.3796,0.3807,704022.7
2026-07-18 08:00:00+00:00,0.3808,0.381,0.3777,0.3779,688556.6
2026-07-18 09:00:00+00:00,0.3778,0.3785,0.3752,0.3776,1648270.7
2026-07-18 10:00:00+00:00,0.3775,0.3781,0.3767,0.377,334996.1
2026-07-18 11:00:00+00:00,0.377,0.378,0.3767,0.3774,324260.4
2026-07-18 12:00:00+00:00,0.3774,0.3795,0.3573,0.3682,11642370.1
2026-07-18 13:00:00+00:00,0.3681,0.3701,0.366,0.3689,1406919.2
2026-07-18 14:00:00+00:00,0.3689,0.3741,0.3671,0.3726,1463899.3
2026-07-18 15:00:00+00:00,0.3727,0.3737,0.3699,0.3708,698559.9
2026-07-18 16:00:00+00:00,0.3707,0.3707,0.3677,0.3696,1728488.7
2026-07-18 17:00:00+00:00,0.3696,0.3724,0.3684,0.3715,950245.2
2026-07-18 18:00:00+00:00,0.3716,0.3742,0.3705,0.3707,1114866.1
2026-07-18 19:00:00+00:00,0.3707,0.3714,0.3696,0.3712,470681.6
2026-07-18 20:00:00+00:00,0.3712,0.3719,0.37,0.3712,629949.0
2026-07-18 21:00:00+00:00,0.3711,0.373,0.3701,0.371,402056.3
2026-07-18 22:00:00+00:00,0.371,0.3751,0.3709,0.3746,743352.5
2026-07-18 23:00:00+00:00,0.3747,0.3779,0.3745,0.3762,456209.9
2026-07-19 00:00:00+00:00,0.3762,0.3775,0.3751,0.3754,267693.4
2026-07-19 01:00:00+00:00,0.3754,0.3767,0.3741,0.3758,311441.3
2026-07-19 02:00:00+00:00,0.3758,0.3796,0.3757,0.3779,947256.1
2026-07-19 03:00:00+00:00,0.3779,0.3792,0.3768,0.3779,625668.9
2026-07-19 04:00:00+00:00,0.3779,0.3779,0.376,0.3763,282391.3
2026-07-19 05:00:00+00:00,0.3764,0.3784,0.3764,0.3767,168508.2
2026-07-19 06:00:00+00:00,0.3768,0.3786,0.3763,0.3776,279611.4
2026-07-19 07:00:00+00:00,0.3776,0.3785,0.375,0.3752,662426.2
2026-07-19 08:00:00+00:00,0.3753,0.378,0.3752,0.377,375399.5
2026-07-19 09:00:00+00:00,0.3771,0.3773,0.3735,0.3765,602231.0
2026-07-19 10:00:00+00:00,0.3766,0.3766,0.3739,0.3753,396566.5
2026-07-19 11:00:00+00:00,0.3752,0.3754,0.3716,0.3724,589380.5
2026-07-19 12:00:00+00:00,0.3725,0.3725,0.3687,0.3721,1186399.4
2026-07-19 13:00:00+00:00,0.3722,0.3722,0.3704,0.3715,777805.2
2026-07-19 14:00:00+00:00,0.3716,0.3732,0.3697,0.3723,648194.1
2026-07-19 15:00:00+00:00,0.3723,0.3725,0.3691,0.3694,620131.4
2026-07-19 16:00:00+00:00,0.3694,0.3694,0.3613,0.363,3825812.4
2026-07-19 17:00:00+00:00,0.363,0.3634,0.3534,0.359,6562537.7
2026-07-19 18:00:00+00:00,0.359,0.362,0.3575,0.3615,2233546.5
2026-07-19 19:00:00+00:00,0.3616,0.3636,0.3601,0.3604,800052.5
2026-07-19 20:00:00+00:00,0.3604,0.3639,0.3604,0.3629,623961.1
2026-07-19 21:00:00+00:00,0.363,0.3633,0.3579,0.359,864963.0
2026-07-19 22:00:00+00:00,0.359,0.3645,0.3579,0.3623,1538677.3
2026-07-19 23:00:00+00:00,0.3624,0.3625,0.3591,0.3612,823030.6
2026-07-20 00:00:00+00:00,0.3611,0.3726,0.3595,0.3646,3678140.4
2026-07-20 01:00:00+00:00,0.3646,0.3707,0.3618,0.3628,1795290.3
2026-07-20 02:00:00+00:00,0.3628,0.3676,0.3628,0.3666,912037.9
2026-07-20 03:00:00+00:00,0.3666,0.3678,0.3641,0.3664,468780.2
2026-07-20 04:00:00+00:00,0.3664,0.3674,0.3627,0.3635,711611.8
2026-07-20 05:00:00+00:00,0.3637,0.3638,0.3586,0.3607,1185979.0
2026-07-20 06:00:00+00:00,0.3608,0.3609,0.3531,0.3574,3638650.3
2026-07-20 07:00:00+00:00,0.3575,0.359,0.3566,0.3578,1902329.1
2026-07-20 08:00:00+00:00,0.3577,0.3585,0.3546,0.3566,1158167.4
2026-07-20 09:00:00+00:00,0.3567,0.3632,0.3554,0.3624,1174729.6
2026-07-20 10:00:00+00:00,0.3624,0.3637,0.3614,0.3624,732797.7
2026-07-20 11:00:00+00:00,0.3624,0.3727,0.3614,0.3686,2678884.2
2026-07-20 12:00:00+00:00,0.3686,0.3686,0.3628,0.3653,1809806.3
2026-07-20 13:00:00+00:00,0.3652,0.3702,0.3647,0.3649,3342438.6
2026-07-20 14:00:00+00:00,0.365,0.3717,0.3626,0.3684,2739165.4
2026-07-20 15:00:00+00:00,0.3684,0.3762,0.3682,0.3741,4737093.6
2026-07-20 16:00:00+00:00,0.3742,0.3787,0.373,0.3777,2645438.4
2026-07-20 17:00:00+00:00,0.3776,0.3781,0.372,0.3747,3219671.2
2026-07-20 18:00:00+00:00,0.3748,0.3769,0.3731,0.3733,1525386.6
2026-07-20 19:00:00+00:00,0.3732,0.3736,0.3701,0.3718,1261728.4
2026-07-20 20:00:00+00:00,0.3718,0.3774,0.3718,0.3765,788385.4
2026-07-20 21:00:00+00:00,0.3764,0.3781,0.3743,0.3763,868888.5
2026-07-20 22:00:00+00:00,0.3763,0.3779,0.3743,0.3745,806867.9
2026-07-20 23:00:00+00:00,0.3745,0.3836,0.3745,0.3808,2247667.6
2026-07-21 00:00:00+00:00,0.3808,0.3846,0.379,0.382,1655320.3
2026-07-21 01:00:00+00:00,0.382,0.3852,0.3793,0.3813,3093682.8
2026-07-21 02:00:00+00:00,0.3813,0.385,0.3784,0.3839,1120015.4
2026-07-21 03:00:00+00:00,0.3839,0.3877,0.3839,0.3854,1504995.5
2026-07-21 04:00:00+00:00,0.3853,0.3861,0.3831,0.3846,677074.7
2026-07-21 05:00:00+00:00,0.3846,0.3868,0.3841,0.3864,712682.4
2026-07-21 06:00:00+00:00,0.3865,0.3876,0.3839,0.3864,1194224.4
2026-07-21 07:00:00+00:00,0.3865,0.387,0.3832,0.3848,1207417.1
2026-07-21 08:00:00+00:00,0.3848,0.387,0.3829,0.386,1511296.5
2026-07-21 09:00:00+00:00,0.386,0.3872,0.3817,0.3841,1594827.5
2026-07-21 10:00:00+00:00,0.3842,0.3854,0.3819,0.3835,1217612.3
2026-07-21 11:00:00+00:00,0.3835,0.3854,0.3821,0.3844,1005429.5
2026-07-21 12:00:00+00:00,0.3844,0.3855,0.3821,0.3837,1169476.5
2026-07-21 13:00:00+00:00,0.3837,0.3843,0.3806,0.3822,1595360.7
2026-07-21 14:00:00+00:00,0.3822,0.3842,0.3791,0.3813,2509782.9
2026-07-21 15:00:00+00:00,0.3813,0.3813,0.377,0.3791,1536359.9
2026-07-21 16:00:00+00:00,0.379,0.3806,0.3779,0.3804,1280473.5
2026-07-21 17:00:00+00:00,0.3804,0.3827,0.3782,0.3795,1616407.9
2026-07-21 18:00:00+00:00,0.3796,0.3813,0.3789,0.3802,525286.8
2026-07-21 19:00:00+00:00,0.3802,0.3807,0.3787,0.3796,608271.6
2026-07-21 20:00:00+00:00,0.3796,0.3798,0.375,0.3776,1308114.5
2026-07-21 21:00:00+00:00,0.3776,0.3788,0.3755,0.3765,1523367.1
2026-07-21 22:00:00+00:00,0.3764,0.3778,0.3747,0.376,746927.8
2026-07-21 23:00:00+00:00,0.376,0.3776,0.3738,0.3773,627564.8
2026-07-22 00:00:00+00:00,0.3773,0.3804,0.3765,0.3796,827243.3
2026-07-22 01:00:00+00:00,0.3796,0.3842,0.3791,0.383,1330663.1
2026-07-22 02:00:00+00:00,0.383,0.3849,0.3813,0.3819,866522.7
2026-07-22 03:00:00+00:00,0.382,0.3828,0.3792,0.3805,994390.3
2026-07-22 04:00:00+00:00,0.3804,0.3846,0.3802,0.3821,1377997.2
2026-07-22 05:00:00+00:00,0.382,0.382,0.3756,0.3756,1662218.0
2026-07-22 06:00:00+00:00,0.3755,0.3788,0.3746,0.3776,1498685.3
2026-07-22 07:00:00+00:00,0.3775,0.3775,0.3749,0.3772,622432.3
2026-07-22 08:00:00+00:00,0.3772,0.3828,0.3769,0.3827,987437.6
2026-07-22 09:00:00+00:00,0.3828,0.3837,0.3803,0.3819,808397.8
2026-07-22 10:00:00+00:00,0.382,0.3845,0.3811,0.3833,1053002.1
2026-07-22 11:00:00+00:00,0.3833,0.3846,0.3804,0.3807,870073.8
2026-07-22 12:00:00+00:00,0.3807,0.3825,0.3784,0.3822,1234602.1
2026-07-22 13:00:00+00:00,0.3823,0.3849,0.3807,0.3846,1181829.9
2026-07-22 14:00:00+00:00,0.3846,0.3868,0.3811,0.382,2441220.5
2026-07-22 15:00:00+00:00,0.3821,0.3846,0.3811,0.3818,1009727.1
2026-07-22 16:00:00+00:00,0.3817,0.3985,0.3795,0.3938,5002482.0
2026-07-22 17:00:00+00:00,0.3939,0.4033,0.3939,0.3987,6014381.9
2026-07-22 18:00:00+00:00,0.3988,0.401,0.3945,0.3967,2664475.6
2026-07-22 19:00:00+00:00,0.3968,0.3972,0.3895,0.39,1930821.8
2026-07-22 20:00:00+00:00,0.39,0.3908,0.3866,0.3892,1373834.3
2026-07-22 21:00:00+00:00,0.3891,0.3914,0.3871,0.3893,593617.1
2026-07-22 22:00:00+00:00,0.3894,0.3903,0.3808,0.3844,2913591.9
2026-07-22 23:00:00+00:00,0.3844,0.3851,0.3828,0.3847,950603.6
2026-07-23 00:00:00+00:00,0.3848,0.3894,0.3842,0.3874,713790.1
2026-07-23 01:00:00+00:00,0.3875,0.3883,0.3833,0.3833,1115593.4
2026-07-23 02:00:00+00:00,0.3833,0.3839,0.3792,0.3832,1429648.5
2026-07-23 03:00:00+00:00,0.3832,0.3833,0.3779,0.3806,2308206.7
2026-07-23 04:00:00+00:00,0.3806,0.3846,0.3789,0.38,1967083.4
2026-07-23 05:00:00+00:00,0.38,0.3832,0.3795,0.3811,704329.3
2026-07-23 06:00:00+00:00,0.3812,0.3823,0.3801,0.3818,605067.9
2026-07-23 07:00:00+00:00,0.3818,0.3818,0.3785,0.3796,1779578.8
2026-07-23 08:00:00+00:00,0.3796,0.3822,0.379,0.382,1126532.8
2026-07-23 09:00:00+00:00,0.382,0.3844,0.3811,0.3816,1550363.6
2026-07-23 10:00:00+00:00,0.3816,0.3835,0.3814,0.3822,881014.9
2026-07-23 11:00:00+00:00,0.3822,0.3838,0.3807,0.3816,1147662.6
2026-07-23 12:00:00+00:00,0.3816,0.3824,0.3762,0.3789,2683632.1
2026-07-23 13:00:00+00:00,0.379,0.3798,0.374,0.3754,4331509.2
2026-07-23 14:00:00+00:00,0.3754,0.3782,0.3741,0.3743,1826630.5
2026-07-23 15:00:00+00:00,0.3744,0.3779,0.3708,0.3769,3155423.8
2026-07-23 16:00:00+00:00,0.377,0.3772,0.3736,0.3766,1429201.8
2026-07-23 17:00:00+00:00,0.3765,0.3783,0.3732,0.3752,1693310.7
2026-07-23 18:00:00+00:00,0.3751,0.3807,0.3747,0.379,1688244.2
2026-07-23 19:00:00+00:00,0.3791,0.3814,0.3779,0.3805,860582.1
2026-07-23 20:00:00+00:00,0.3805,0.3888,0.3804,0.3855,1569894.4
2026-07-23 21:00:00+00:00,0.3854,0.3875,0.3825,0.384,1231821.3
2026-07-23 22:00:00+00:00,0.3841,0.387,0.3829,0.3846,1271649.9
2026-07-23 23:00:00+00:00,0.3846,0.3852,0.3809,0.3814,867693.8
2026-07-24 00:00:00+00:00,0.3815,0.3821,0.3767,0.3799,1388924.1
2026-07-24 01:00:00+00:00,0.3799,0.3837,0.3797,0.3824,547791.0
2026-07-24 02:00:00+00:00,0.3825,0.3843,0.3798,0.3812,812144.0
2026-07-24 03:00:00+00:00,0.3813,0.3867,0.3807,0.384,1111460.6
2026-07-24 04:00:00+00:00,0.384,0.3849,0.3819,0.3825,577903.2
2026-07-24 05:00:00+00:00,0.3825,0.3842,0.3813,0.3823,400109.6
2026-07-24 06:00:00+00:00,0.3823,0.3849,0.3814,0.3846,707980.1
2026-07-24 07:00:00+00:00,0.3847,0.3866,0.382,0.3846,1945111.6
2026-07-24 08:00:00+00:00,0.3847,0.3849,0.3824,0.3827,788551.1
2026-07-24 09:00:00+00:00,0.3826,0.383,0.3784,0.3803,1015606.0
2026-07-24 10:00:00+00:00,0.3803,0.3804,0.3739,0.3748,1212432.9
2026-07-24 11:00:00+00:00,0.3747,0.3766,0.3741,0.376,866571.6
2026-07-24 12:00:00+00:00,0.3761,0.3781,0.3733,0.3737,799841.1
2026-07-24 13:00:00+00:00,0.3738,0.374,0.3689,0.3712,3716670.2
2026-07-24 14:00:00+00:00,0.3712,0.3778,0.3668,0.3758,3933001.1
2026-07-24 15:00:00+00:00,0.3759,0.379,0.373,0.3735,2662112.9
2026-07-24 16:00:00+00:00,0.3735,0.376,0.3719,0.3752,1020687.6
2026-07-24 17:00:00+00:00,0.3752,0.3786,0.3739,0.3759,1238225.1
2026-07-24 18:00:00+00:00,0.3759,0.3762,0.3689,0.3711,1247465.2
2026-07-24 19:00:00+00:00,0.3711,0.3712,0.3674,0.3685,1346664.6
2026-07-24 20:00:00+00:00,0.3684,0.3711,0.364,0.3678,3375485.7
2026-07-24 21:00:00+00:00,0.3678,0.368,0.3389,0.342,15194337.1
2026-07-24 22:00:00+00:00,0.342,0.3525,0.3408,0.3489,5498982.6
2026-07-24 23:00:00+00:00,0.3489,0.352,0.3465,0.3473,1768054.4
2026-07-25 00:00:00+00:00,0.3473,0.3485,0.3414,0.3484,3872868.6
2026-07-25 01:00:00+00:00,0.3485,0.3488,0.3458,0.3463,1252120.1
2026-07-25 02:00:00+00:00,0.3463,0.3468,0.3437,0.3454,1171927.2
2026-07-25 03:00:00+00:00,0.3455,0.3469,0.3435,0.3441,1546216.5
2026-07-25 04:00:00+00:00,0.3441,0.3456,0.3431,0.3447,866927.6
2026-07-25 05:00:00+00:00,0.3447,0.3451,0.3417,0.343,1222762.4
2026-07-25 06:00:00+00:00,0.343,0.3431,0.339,0.3414,2275194.8
2026-07-25 07:00:00+00:00,0.3414,0.3437,0.3407,0.3428,1567890.0
2026-07-25 08:00:00+00:00,0.3429,0.3454,0.3411,0.3446,1827437.6
2026-07-25 09:00:00+00:00,0.3446,0.3456,0.343,0.3439,882992.4
2026-07-25 10:00:00+00:00,0.344,0.3447,0.3426,0.3427,1053610.1
2026-07-25 11:00:00+00:00,0.3427,0.3439,0.3422,0.3432,992459.3
2026-07-25 12:00:00+00:00,0.3432,0.3512,0.3424,0.3487,2868528.0
2026-07-25 13:00:00+00:00,0.3488,0.3505,0.344,0.3461,2839389.8
2026-07-25 14:00:00+00:00,0.3462,0.3474,0.3448,0.347,731864.5
2026-07-25 15:00:00+00:00,0.347,0.349,0.3463,0.3468,1463289.5
2026-07-25 16:00:00+00:00,0.3469,0.348,0.3459,0.3476,777595.3
2026-07-25 17:00:00+00:00,0.3476,0.3518,0.3464,0.3504,1079892.1
2026-07-25 18:00:00+00:00,0.3505,0.3522,0.3487,0.3499,1097423.5
2026-07-25 19:00:00+00:00,0.35,0.3508,0.3474,0.3479,717076.6
2026-07-25 20:00:00+00:00,0.3479,0.3483,0.3461,0.3467,432724.0
2026-07-25 21:00:00+00:00,0.3467,0.35,0.3461,0.348,550323.0
2026-07-25 22:00:00+00:00,0.348,0.3487,0.3467,0.3469,406077.2
2026-07-25 23:00:00+00:00,0.3469,0.347,0.3448,0.3453,715552.3
2026-07-26 00:00:00+00:00,0.3453,0.3456,0.3414,0.3432,1217043.2
2026-07-26 01:00:00+00:00,0.3433,0.3445,0.3421,0.343,633629.7
2026-07-26 02:00:00+00:00,0.343,0.343,0.3325,0.3374,4518132.5
2026-07-26 03:00:00+00:00,0.3374,0.3375,0.3343,0.3351,1323612.4
2026-07-26 04:00:00+00:00,0.3351,0.3376,0.3284,0.3365,4487547.4
2026-07-26 05:00:00+00:00,0.3365,0.3371,0.334,0.3347,1387133.9
2026-07-26 06:00:00+00:00,0.3347,0.3365,0.3325,0.3365,1237012.9
2026-07-26 07:00:00+00:00,0.3364,0.3372,0.3349,0.3357,1108078.8
2026-07-26 08:00:00+00:00,0.3356,0.3386,0.3336,0.3351,1402637.8
2026-07-26 09:00:00+00:00,0.3352,0.3362,0.3339,0.334,887127.6
2026-07-26 10:00:00+00:00,0.3339,0.3359,0.3336,0.335,626985.7
2026-07-26 11:00:00+00:00,0.3349,0.3359,0.334,0.3344,692461.0
2026-07-26 12:00:00+00:00,0.3344,0.3356,0.333,0.3333,1080270.9
2026-07-26 13:00:00+00:00,0.3332,0.3337,0.3295,0.3326,3537555.7
2026-07-26 14:00:00+00:00,0.3327,0.3357,0.3325,0.3341,2660594.9
2026-07-26 15:00:00+00:00,0.3341,0.3446,0.3337,0.3436,4934304.1
2026-07-26 16:00:00+00:00,0.3435,0.3478,0.3423,0.3468,2790412.8
2026-07-26 17:00:00+00:00,0.3468,0.3497,0.3436,0.3472,2091150.3
2026-07-26 18:00:00+00:00,0.3472,0.3517,0.347,0.3499,1836794.9
2026-07-26 19:00:00+00:00,0.35,0.356,0.3487,0.3516,2147516.5
2026-07-26 20:00:00+00:00,0.3515,0.3529,0.3479,0.3489,1608295.5
2026-07-26 21:00:00+00:00,0.3488,0.3519,0.3469,0.3472,1340345.5
2026-07-26 22:00:00+00:00,0.3473,0.3558,0.3473,0.3541,1925486.2
2026-07-26 23:00:00+00:00,0.3541,0.359,0.3533,0.3567,2708776.7
2026-07-27 00:00:00+00:00,0.3567,0.3575,0.3516,0.3525,2000535.6
2026-07-27 01:00:00+00:00,0.3525,0.3543,0.3506,0.3531,1637925.4
2026-07-27 02:00:00+00:00,0.3532,0.356,0.3521,0.3553,1209397.4
2026-07-27 03:00:00+00:00,0.3554,0.3571,0.3527,0.354,1886585.0
2026-07-27 04:00:00+00:00,0.3541,0.3549,0.3517,0.3528,1054838.6
2026-07-27 05:00:00+00:00,0.3528,0.3554,0.3517,0.3543,1051837.6
2026-07-27 06:00:00+00:00,0.3543,0.355,0.3519,0.3523,1171045.1
2026-07-27 07:00:00+00:00,0.3523,0.3529,0.3488,0.3493,2142817.3
2026-07-27 08:00:00+00:00,0.3493,0.3513,0.3476,0.3494,966054.6
2026-07-27 09:00:00+00:00,0.3494,0.3494,0.3456,0.3482,1395002.6
2026-07-27 10:00:00+00:00,0.3482,0.3493,0.3479,0.3488,695790.3
2026-07-27 11:00:00+00:00,0.3488,0.3488,0.3467,0.3469,794086.7
2026-07-27 12:00:00+00:00,0.3469,0.3475,0.3435,0.3462,1419916.1
2026-07-27 13:00:00+00:00,0.3463,0.3523,0.3436,0.3484,1932122.0
2026-07-27 14:00:00+00:00,0.3485,0.3495,0.3373,0.3401,4364797.9
2026-07-27 15:00:00+00:00,0.3401,0.3409,0.3362,0.3392,1400834.2
2026-07-27 16:00:00+00:00,0.3391,0.3434,0.3381,0.3407,1414055.7
2026-07-27 17:00:00+00:00,0.3406,0.3435,0.3396,0.3428,977584.9
2026-07-27 18:00:00+00:00,0.3429,0.3437,0.3382,0.3398,1222072.1
2026-07-27 19:00:00+00:00,0.3399,0.3424,0.3395,0.3423,620533.0
2026-07-27 20:00:00+00:00,0.3423,0.3427,0.3403,0.3409,330775.2
2026-07-27 21:00:00+00:00,0.341,0.3418,0.3374,0.3384,904348.2
2026-07-27 22:00:00+00:00,0.3383,0.3383,0.3253,0.3265,5217971.0
2026-07-27 23:00:00+00:00,0.3265,0.3273,0.3227,0.3271,3202097.4
2026-07-28 00:00:00+00:00,0.3271,0.328,0.3249,0.3265,3003961.1
2026-07-28 01:00:00+00:00,0.3265,0.3278,0.3246,0.3246,4137913.0
2026-07-28 02:00:00+00:00,0.3246,0.3267,0.3223,0.3253,1551652.8
2026-07-28 03:00:00+00:00,0.3253,0.3264,0.3233,0.3263,1288586.8
2026-07-28 04:00:00+00:00,0.3263,0.3265,0.3197,0.3211,3084960.0
2026-07-28 05:00:00+00:00,0.3211,0.3231,0.3208,0.3217,1023851.4
2026-07-28 06:00:00+00:00,0.3217,0.323,0.3195,0.3219,2185178.0
2026-07-28 07:00:00+00:00,0.3219,0.3223,0.3202,0.3217,815146.7
2026-07-28 08:00:00+00:00,0.3216,0.3221,0.3189,0.32,1062461.6
2026-07-28 09:00:00+00:00,0.32,0.3202,0.3173,0.32,1899113.9
2026-07-28 10:00:00+00:00,0.32,0.323,0.3193,0.3224,866613.0
2026-07-28 11:00:00+00:00,0.3224,0.3227,0.3198,0.3223,1004778.3
2026-07-28 12:00:00+00:00,0.3222,0.325,0.3216,0.3233,943115.3
2026-07-28 13:00:00+00:00,0.3233,0.3235,0.3157,0.32,3671058.3
2026-07-28 14:00:00+00:00,0.3199,0.3237,0.3169,0.3224,1566810.6
2026-07-28 15:00:00+00:00,0.3225,0.3254,0.3184,0.3246,2516330.4
2026-07-28 16:00:00+00:00,0.3246,0.3249,0.3221,0.3235,1074136.2
2026-07-28 17:00:00+00:00,0.3235,0.3235,0.3181,0.3192,1213062.7
2026-07-28 18:00:00+00:00,0.3193,0.3207,0.3185,0.3196,507654.5
2026-07-28 19:00:00+00:00,0.3197,0.3213,0.3188,0.3195,630876.1
2026-07-28 20:00:00+00:00,0.3196,0.3209,0.3186,0.3209,837434.0
2026-07-28 21:00:00+00:00,0.3209,0.3218,0.3199,0.3206,639805.1
2026-07-28 22:00:00+00:00,0.3207,0.321,0.313,0.3137,2430002.3
2026-07-28 23:00:00+00:00,0.3136,0.3189,0.3125,0.3184,1521955.8
2026-07-29 00:00:00+00:00,0.3183,0.3198,0.3115,0.3126,3507832.3
2026-07-29 01:00:00+00:00,0.3126,0.3128,0.3054,0.3062,4157364.2
2026-07-29 02:00:00+00:00,0.3062,0.3094,0.3049,0.3059,1734229.5
2026-07-29 03:00:00+00:00,0.3059,0.3059,0.2968,0.2972,4718798.9
2026-07-29 04:00:00+00:00,0.2973,0.3024,0.2952,0.3021,2463305.9
2026-07-29 05:00:00+00:00,0.3021,0.3032,0.3007,0.3026,1048684.7
2026-07-29 06:00:00+00:00,0.3025,0.3046,0.3009,0.3041,1031943.5
2026-07-29 07:00:00+00:00,0.3041,0.3057,0.3034,0.3056,1078910.2
2026-07-29 08:00:00+00:00,0.3056,0.3113,0.3056,0.3097,3808429.8
2026-07-29 09:00:00+00:00,0.3097,0.3124,0.3095,0.3112,1055064.7
2026-07-29 10:00:00+00:00,0.3112,0.3126,0.3067,0.3071,2127104.0
2026-07-29 11:00:00+00:00,0.3071,0.3079,0.3053,0.3062,812598.4
2026-07-29 12:00:00+00:00,0.3062,0.3062,0.3021,0.3046,1296611.6
2026-07-29 13:00:00+00:00,0.3046,0.3066,0.3038,0.3061,1513282.5
2026-07-29 14:00:00+00:00,0.3061,0.307,0.3038,0.3038,1623536.9
2026-07-29 15:00:00+00:00,0.3039,0.3058,0.3029,0.3047,1436325.9
2026-07-29 16:00:00+00:00,0.3047,0.3063,0.3023,0.3028,962536.3
2026-07-29 17:00:00+00:00,0.3028,0.3054,0.3027,0.3054,1037273.8
2026-07-29 18:00:00+00:00,0.3054,0.3131,0.3049,0.3116,3872836.4
2026-07-29 19:00:00+00:00,0.3116,0.3124,0.2994,0.3003,2988019.4
2026-07-29 20:00:00+00:00,0.3003,0.3025,0.2967,0.2995,2606437.9
2026-07-29 21:00:00+00:00,0.2994,0.3054,0.2987,0.3054,1127876.1
2026-07-29 22:00:00+00:00,0.3054,0.3095,0.3054,0.309,1243950.8
2026-07-29 23:00:00+00:00,0.309,0.3111,0.3082,0.3106,882600.5
2026-07-30 00:00:00+00:00,0.3107,0.3122,0.3071,0.3084,1326693.9
2026-07-30 01:00:00+00:00,0.3085,0.3106,0.3076,0.3084,1577182.5
2026-07-30 02:00:00+00:00,0.3085,0.3106,0.3078,0.3079,932840.6
2026-07-30 03:00:00+00:00,0.3079,0.3086,0.3061,0.3074,1385987.0
2026-07-30 04:00:00+00:00,0.3075,0.3077,0.3041,0.3044,835949.3
2026-07-30 05:00:00+00:00,0.3044,0.3052,0.3032,0.3052,804780.4
2026-07-30 06:00:00+00:00,0.3051,0.3067,0.3041,0.3049,675931.9
2026-07-30 07:00:00+00:00,0.305,0.3063,0.3033,0.3043,735382.4
2026-07-30 08:00:00+00:00,0.3044,0.3054,0.3038,0.3043,505372.9
2026-07-30 09:00:00+00:00,0.3043,0.3072,0.3036,0.3062,975872.2
2026-07-30 10:00:00+00:00,0.3061,0.3082,0.3059,0.3066,947036.4
2026-07-30 11:00:00+00:00,0.3066,0.3088,0.3059,0.3062,1409366.5
2026-07-30 12:00:00+00:00,0.3062,0.3074,0.3043,0.3068,970061.5
2026-07-30 13:00:00+00:00,0.3067,0.3079,0.3038,0.3075,1586255.1
2026-07-30 14:00:00+00:00,0.3074,0.3078,0.3041,0.3054,1051467.9
2026-07-30 15:00:00+00:00,0.3055,0.3075,0.3044,0.3069,836450.8
2026-07-30 16:00:00+00:00,0.3069,0.3078,0.3053,0.3061,926891.4
2026-07-30 17:00:00+00:00,0.3061,0.3122,0.3051,0.3106,2041017.8
2026-07-30 18:00:00+00:00,0.3106,0.3122,0.3077,0.3082,1528361.9
2026-07-30 19:00:00+00:00,0.3083,0.3122,0.308,0.3111,995270.3
2026-07-30 20:00:00+00:00,0.3112,0.3127,0.3085,0.3087,1320920.7
2026-07-30 21:00:00+00:00,0.3087,0.3108,0.3083,0.3088,747939.2
2026-07-30 22:00:00+00:00,0.3088,0.3097,0.3069,0.3071,824636.3
2026-07-30 23:00:00+00:00,0.3071,0.3086,0.3064,0.3067,751808.0
2026-07-31 00:00:00+00:00,0.3067,0.3095,0.3018,0.3084,3218654.5
2026-07-31 01:00:00+00:00,0.3085,0.314,0.3083,0.31,3090161.2
2026-07-31 02:00:00+00:00,0.3099,0.3113,0.3068,0.3076,1040225.0
2026-07-31 03:00:00+00:00,0.3076,0.3115,0.307,0.3102,762873.1
2026-07-31 04:00:00+00:00,0.3101,0.3114,0.3077,0.308,674029.0
2026-07-31 05:00:00+00:00,0.308,0.3097,0.3075,0.3086,722266.4
2026-07-31 06:00:00+00:00,0.3085,0.3087,0.3061,0.308,1039388.8
2026-07-31 07:00:00+00:00,0.3079,0.3117,0.3063,0.3095,3526642.1
2026-07-31 08:00:00+00:00,0.3095,0.31,0.3052,0.3058,1686625.0
2026-07-31 09:00:00+00:00,0.3058,0.3065,0.3038,0.305,1371743.8
2026-07-31 10:00:00+00:00,0.305,0.3088,0.3036,0.3084,1046448.5
2026-07-31 11:00:00+00:00,0.3085,0.3094,0.3062,0.3063,914267.7
2026-07-31 12:00:00+00:00,0.3063,0.3065,0.3028,0.3065,1070920.4
2026-07-31 13:00:00+00:00,0.3064,0.3087,0.3039,0.3041,1893921.6
2026-07-31 14:00:00+00:00,0.3041,0.3076,0.3005,0.3061,4142280.4
2026-07-31 15:00:00+00:00,0.3061,0.3079,0.3035,0.3041,1413841.2
2026-07-31 16:00:00+00:00,0.3042,0.3054,0.3007,0.3032,3274691.7
2026-07-31 17:00:00+00:00,0.3032,0.3073,0.303,0.3066,917567.5
2026-07-31 18:00:00+00:00,0.3067,0.3071,0.3035,0.3039,497150.2
2026-07-31 19:00:00+00:00,0.3038,0.3041,0.2991,0.2999,1648958.8
2026-07-31 20:00:00+00:00,0.3,0.3006,0.2974,0.2981,1197736.0
2026-07-31 21:00:00+00:00,0.2981,0.3005,0.2975,0.2992,675259.7
2026-07-31 22:00:00+00:00,0.2991,0.3006,0.299,0.2991,312524.9
2026-07-31 23:00:00+00:00,0.299,0.3001,0.299,0.2998,593379.2
2026-08-01 00:00:00+00:00,0.2999,0.3031,0.2995,0.3002,1149501.5
2026-08-01 01:00:00+00:00,0.3002,0.3042,0.3002,0.304,943316.8
2026-08-01 02:00:00+00:00,0.3041,0.3076,0.3041,0.3062,785774.3
2026-08-01 03:00:00+00:00,0.3063,0.3071,0.3039,0.306,569242.5
2026-08-01 04:00:00+00:00,0.3061,0.3083,0.3053,0.308,451072.3
2026-08-01 05:00:00+00:00,0.308,0.3095,0.3056,0.3083,1025323.0
2026-08-01 06:00:00+00:00,0.3083,0.3086,0.306,0.3079,489511.6
2026-08-01 07:00:00+00:00,0.3079,0.3091,0.3066,0.3068,719189.8
2026-08-01 08:00:00+00:00,0.3069,0.3089,0.3058,0.3083,379418.6
2026-08-01 09:00:00+00:00,0.3083,0.311,0.3067,0.3077,969080.2
2026-08-01 10:00:00+00:00,0.3077,0.3082,0.3063,0.3076,384435.3
2026-08-01 11:00:00+00:00,0.3075,0.3099,0.3075,0.3077,751396.8
2026-08-01 12:00:00+00:00,0.3078,0.3092,0.3067,0.3079,974896.0
2026-08-01 13:00:00+00:00,0.3079,0.3093,0.305,0.3052,835031.2
2026-08-01 14:00:00+00:00,0.3052,0.3062,0.3039,0.3055,640447.1
2026-08-01 15:00:00+00:00,0.3055,0.307,0.3047,0.3052,446244.0
2026-08-01 16:00:00+00:00,0.3053,0.308,0.3051,0.3065,838480.7
2026-08-01 17:00:00+00:00,0.3065,0.3074,0.3019,0.3025,588838.0
2026-08-01 18:00:00+00:00,0.3024,0.3027,0.2959,0.3018,2353173.7
2026-08-01 19:00:00+00:00,0.3017,0.3026,0.2998,0.3011,419115.5
2026-08-01 20:00:00+00:00,0.3011,0.3022,0.2997,0.301,620227.6
2026-08-01 21:00:00+00:00,0.3009,0.3044,0.3009,0.3034,629714.5
2026-08-01 22:00:00+00:00,0.3035,0.3039,0.3016,0.3017,517751.7
2026-08-01 23:00:00+00:00,0.3018,0.3019,0.3001,0.3003,456755.4
2026-08-02 00:00:00+00:00,0.3003,0.3019,0.3002,0.3013,440392.7
2026-08-02 01:00:00+00:00,0.3014,0.3095,0.3013,0.3078,2870670.3
2026-08-02 02:00:00+00:00,0.3079,0.3129,0.3077,0.3122,2441361.5
2026-08-02 03:00:00+00:00,0.3121,0.3145,0.3094,0.3126,1701389.9
2026-08-02 04:00:00+00:00,0.3127,0.3176,0.312,0.3172,2512146.8
2026-08-02 05:00:00+00:00,0.3172,0.3218,0.3157,0.3211,2364245.2
2026-08-02 06:00:00+00:00,0.3211,0.3242,0.3196,0.3209,1658573.0
2026-08-02 07:00:00+00:00,0.3209,0.3229,0.3186,0.3222,1476757.2
2026-08-02 08:00:00+00:00,0.3223,0.3223,0.3176,0.3186,1514082.1
2026-08-02 09:00:00+00:00,0.3187,0.3203,0.3177,0.3183,1026421.6
2026-08-02 10:00:00+00:00,0.3182,0.3184,0.316,0.3168,1226858.3
2026-08-02 11:00:00+00:00,0.3169,0.3175,0.314,0.3145,890637.0
2026-08-02 12:00:00+00:00,0.3146,0.3161,0.3137,0.3152,1389386.3
2026-08-02 13:00:00+00:00,0.3151,0.316,0.3139,0.3157,672864.4
2026-08-02 14:00:00+00:00,0.3156,0.3156,0.3128,0.314,1181408.7
2026-08-02 15:00:00+00:00,0.3141,0.3151,0.3124,0.3124,778239.4
2026-08-02 16:00:00+00:00,0.3124,0.3183,0.3115,0.3161,2392428.7
2026-08-02 17:00:00+00:00,0.3161,0.3168,0.3145,0.3151,772577.5
2026-08-02 18:00:00+00:00,0.3152,0.3156,0.3132,0.3135,1506801.9
2026-08-02 19:00:00+00:00,0.3135,0.3161,0.3128,0.3161,789814.7
2026-08-02 20:00:00+00:00,0.3162,0.3162,0.3139,0.3149,547811.4
2026-08-02 21:00:00+00:00,0.315,0.3182,0.3148,0.3173,362896.8
2026-08-02 22:00:00+00:00,0.3174,0.3183,0.3155,0.3166,696076.6
2026-08-02 23:00:00+00:00,0.3165,0.3181,0.3155,0.3163,513998.4
2026-08-03 00:00:00+00:00,0.3163,0.3175,0.3136,0.315,706549.1
2026-08-03 01:00:00+00:00,0.315,0.3167,0.3142,0.3156,552975.4
2026-08-03 02:00:00+00:00,0.3156,0.3172,0.3135,0.317,927549.5
2026-08-03 03:00:00+00:00,0.3169,0.3177,0.3151,0.3165,1247359.7
2026-08-03 04:00:00+00:00,0.3165,0.3212,0.3162,0.3174,3855204.9
2026-08-03 05:00:00+00:00,0.3174,0.3202,0.3169,0.3201,1477128.1
2026-08-03 06:00:00+00:00,0.3201,0.3211,0.3084,0.3098,2711907.2
2026-08-03 07:00:00+00:00,0.3098,0.3104,0.3067,0.308,1979315.6
2026-08-03 08:00:00+00:00,0.308,0.3107,0.3066,0.3098,1095190.4
2026-08-03 09:00:00+00:00,0.3099,0.3114,0.309,0.3108,931782.7
2026-08-03 10:00:00+00:00,0.3109,0.3114,0.3093,0.3096,602348.8
2026-08-03 11:00:00+00:00,0.3096,0.3111,0.3085,0.3099,807532.6
2026-08-03 12:00:00+00:00,0.31,0.3103,0.3088,0.3096,525284.8
2026-08-03 13:00:00+00:00,0.3096,0.3182,0.3089,0.318,2038428.0
2026-08-03 14:00:00+00:00,0.3179,0.3203,0.3146,0.3194,2774371.8
2026-08-03 15:00:00+00:00,0.3193,0.3249,0.3176,0.3231,2821661.1
2026-08-03 16:00:00+00:00,0.3231,0.3248,0.321,0.324,1598859.6
2026-08-03 17:00:00+00:00,0.3241,0.3251,0.3206,0.3222,1309091.5
2026-08-03 18:00:00+00:00,0.3222,0.3265,0.3219,0.3247,1194492.0
2026-08-03 19:00:00+00:00,0.3248,0.3257,0.3238,0.3248,676094.4
2026-08-03 20:00:00+00:00,0.3249,0.3265,0.3233,0.3251,1126608.0
2026-08-03 21:00:00+00:00,0.3251,0.3251,0.3225,0.3228,1834768.5
2026-08-03 22:00:00+00:00,0.3229,0.3236,0.3208,0.3232,835258.3
2026-08-03 23:00:00+00:00,0.3231,0.3244,0.3215,0.3243,396192.6
2026-08-04 00:00:00+00:00,0.3242,0.3272,0.3221,0.3225,1185987.7
2026-08-04 01:00:00+00:00,0.3224,0.3311,0.322,0.3298,2336145.4
2026-08-04 02:00:00+00:00,0.3299,0.3319,0.3275,0.3299,2000695.2
2026-08-04 03:00:00+00:00,0.33,0.3308,0.3268,0.3287,1209169.1
2026-08-04 04:00:00+00:00,0.3286,0.3315,0.3271,0.3276,1327052.2
2026-08-04 05:00:00+00:00,0.3276,0.33,0.325,0.326,1921864.7
2026-08-04 06:00:00+00:00,0.326,0.3266,0.3214,0.3217,1634928.6
2026-08-04 07:00:00+00:00,0.3218,0.3234,0.3176,0.3218,1396730.2
2026-08-04 08:00:00+00:00,0.3218,0.3225,0.3202,0.3216,655661.0
2026-08-04 09:00:00+00:00,0.3215,0.3254,0.3211,0.3249,892323.4
2026-08-04 10:00:00+00:00,0.325,0.3295,0.3233,0.328,1497308.4
2026-08-04 11:00:00+00:00,0.3281,0.3291,0.3255,0.3283,1755886.2
2026-08-04 12:00:00+00:00,0.3282,0.3282,0.3226,0.3246,1886467.5
2026-08-04 13:00:00+00:00,0.3245,0.33,0.3203,0.3208,6507702.8
2026-08-04 14:00:00+00:00,0.3208,0.325,0.319,0.3239,2238943.5
2026-08-04 15:00:00+00:00,0.3239,0.327,0.3189,0.3233,2137692.8
2026-08-04 16:00:00+00:00,0.3234,0.3239,0.316,0.3179,1744715.0
2026-08-04 17:00:00+00:00,0.3179,0.322,0.3177,0.3204,935857.0
2026-08-04 18:00:00+00:00,0.3203,0.3272,0.3203,0.3234,1100502.3
2026-08-04 19:00:00+00:00,0.3234,0.3248,0.3224,0.3227,588641.5
2026-08-04 20:00:00+00:00,0.3226,0.3252,0.3206,0.325,764564.5
2026-08-04 21:00:00+00:00,0.3249,0.3253,0.321,0.3213,456141.8
2026-08-04 22:00:00+00:00,0.3213,0.3237,0.321,0.3226,407711.2
2026-08-04 23:00:00+00:00,0.3227,0.3237,0.3195,0.3196,512417.0
2026-08-05 00:00:00+00:00,0.3197,0.3198,0.3169,0.3179,911541.2
2026-08-05 01:00:00+00:00,0.3178,0.3199,0.3156,0.3194,1041488.7
2026-08-05 02:00:00+00:00,0.3195,0.3213,0.3193,0.3203,997630.6
2026-08-05 03:00:00+00:00,0.3203,0.3228,0.3163,0.3202,2328211.3
2026-08-05 04:00:00+00:00,0.3202,0.3251,0.3198,0.3232,966906.2
2026-08-05 05:00:00+00:00,0.3231,0.3264,0.3229,0.3237,1190271.7
2026-08-05 06:00:00+00:00,0.3237,0.3253,0.3215,0.3243,982256.9
2026-08-05 07:00:00+00:00,0.3244,0.3249,0.3184,0.3217,1977546.9
2026-08-05 08:00:00+00:00,0.3217,0.3233,0.32,0.3207,564764.3
2026-08-05 09:00:00+00:00,0.3206,0.3213,0.32,0.3201,409028.9
2026-08-05 10:00:00+00:00,0.32,0.3208,0.3183,0.3197,731168.9
2026-08-05 11:00:00+00:00,0.3198,0.3206,0.319,0.3198,615888.0
2026-08-05 12:00:00+00:00,0.3198,0.3226,0.3187,0.3205,984003.3
2026-08-05 13:00:00+00:00,0.3205,0.3206,0.3127,0.3171,2804779.0
2026-08-05 14:00:00+00:00,0.3171,0.32,0.3158,0.3187,1470591.4
2026-08-05 15:00:00+00:00,0.3188,0.3211,0.3164,0.3166,1858285.2
2026-08-05 16:00:00+00:00,0.3167,0.3245,0.3167,0.3238,976012.6
2026-08-05 17:00:00+00:00,0.3238,0.3245,0.3204,0.3217,720383.4
2026-08-05 18:00:00+00:00,0.3217,0.3228,0.3163,0.3184,1940417.0
2026-08-05 19:00:00+00:00,0.3184,0.3194,0.3171,0.3172,714322.8
2026-08-05 20:00:00+00:00,0.3172,0.3185,0.3157,0.3174,1406926.3
2026-08-05 21:00:00+00:00,0.3173,0.3174,0.3129,0.3148,1254800.6
2026-08-05 22:00:00+00:00,0.3148,0.3178,0.3148,0.3171,681443.1
2026-08-05 23:00:00+00:00,0.317,0.3179,0.316,0.3172,827839.9
2026-08-06 00:00:00+00:00,0.3173,0.3186,0.3157,0.3183,880474.7
2026-08-06 01:00:00+00:00,0.3183,0.3194,0.3141,0.3144,688050.9
2026-08-06 02:00:00+00:00,0.3144,0.3145,0.312,0.3122,1654961.7
2026-08-06 03:00:00+00:00,0.3122,0.3128,0.3108,0.3121,1056301.3
2026-08-06 04:00:00+00:00,0.3122,0.3157,0.3107,0.3146,1595672.1
2026-08-06 05:00:00+00:00,0.3146,0.3167,0.312,0.3125,982453.1
2026-08-06 06:00:00+00:00,0.3125,0.3125,0.3092,0.3116,1918722.7
2026-08-06 07:00:00+00:00,0.3116,0.3121,0.3105,0.311,686721.0
2026-08-06 08:00:00+00:00,0.3109,0.3144,0.3093,0.313,1954002.5
2026-08-06 09:00:00+00:00,0.3129,0.3129,0.3046,0.3049,4754620.3
2026-08-06 10:00:00+00:00,0.3049,0.3066,0.3028,0.3041,2418603.1
2026-08-06 11:00:00+00:00,0.3042,0.3066,0.3026,0.3057,1174207.4
2026-08-06 12:00:00+00:00,0.3057,0.3058,0.3026,0.303,1209319.7
2026-08-06 13:00:00+00:00,0.303,0.3059,0.3019,0.305,2204273.8
2026-08-06 14:00:00+00:00,0.3049,0.3055,0.3017,0.3042,2291696.8
2026-08-06 15:00:00+00:00,0.3042,0.3059,0.3033,0.3038,1617131.9
2026-08-06 16:00:00+00:00,0.3038,0.3046,0.3013,0.3037,1140969.2
2026-08-06 17:00:00+00:00,0.3038,0.3049,0.3029,0.3039,772239.0
2026-08-06 18:00:00+00:00,0.304,0.304,0.299,0.301,2108622.7
2026-08-06 19:00:00+00:00,0.301,0.3024,0.3005,0.3006,761194.9
2026-08-06 20:00:00+00:00,0.3007,0.3022,0.3,0.3011,811570.7
2026-08-06 21:00:00+00:00,0.3012,0.3038,0.3012,0.3029,557925.9
2026-08-06 22:00:00+00:00,0.303,0.3033,0.3014,0.3031,581802.7
2026-08-06 23:00:00+00:00,0.3031,0.3036,0.302,0.3035,349626.4
2026-08-07 00:00:00+00:00,0.3034,0.304,0.3018,0.3023,663007.1
2026-08-07 01:00:00+00:00,0.3022,0.3034,0.3012,0.3022,729391.4
2026-08-07 02:00:00+00:00,0.3021,0.3045,0.3005,0.3028,1049781.0
2026-08-07 03:00:00+00:00,0.3028,0.3029,0.2974,0.2984,1540571.3
2026-08-07 04:00:00+00:00,0.2983,0.2998,0.2967,0.2987,1674032.3
2026-08-07 05:00:00+00:00,0.2988,0.2996,0.2932,0.2968,2406532.6
2026-08-07 06:00:00+00:00,0.2967,0.299,0.2958,0.2969,1080577.6
2026-08-07 07:00:00+00:00,0.297,0.2992,0.2963,0.2982,1231852.9
2026-08-07 08:00:00+00:00,0.2981,0.3045,0.2981,0.3017,2420072.2
2026-08-07 09:00:00+00:00,0.3018,0.3041,0.3012,0.3037,1849391.8
2026-08-07 10:00:00+00:00,0.3038,0.3052,0.3034,0.3039,1343052.9
2026-08-07 11:00:00+00:00,0.3039,0.3088,0.3034,0.3071,2724964.0
2026-08-07 12:00:00+00:00,0.3072,0.3099,0.3048,0.3051,2526180.2
2026-08-07 13:00:00+00:00,0.3051,0.3086,0.3042,0.3066,982828.5
2026-08-07 14:00:00+00:00,0.3065,0.3065,0.3017,0.3025,1749466.9
2026-08-07 15:00:00+00:00,0.3026,0.3074,0.301,0.3064,704393.5
2026-08-07 16:00:00+00:00,0.3065,0.3115,0.3057,0.3057,2231236.8
2026-08-07 17:00:00+00:00,0.3057,0.306,0.3025,0.3037,1033764.4
2026-08-07 18:00:00+00:00,0.3037,0.3052,0.3035,0.3036,490768.2
2026-08-07 19:00:00+00:00,0.3037,0.3078,0.3037,0.3058,417215.6
2026-08-07 20:00:00+00:00,0.3059,0.306,0.3034,0.3043,338584.1
2026-08-07 21:00:00+00:00,0.3044,0.3057,0.3021,0.3025,579729.6
2026-08-07 22:00:00+00:00,0.3025,0.3046,0.3015,0.3033,361404.3
2026-08-07 23:00:00+00:00,0.3033,0.3045,0.3033,0.3041,241054.2
2026-08-08 00:00:00+00:00,0.3041,0.3061,0.3035,0.3056,822165.4
2026-08-08 01:00:00+00:00,0.3057,0.312,0.3057,0.3092,1652483.0
2026-08-08 02:00:00+00:00,0.3093,0.3096,0.3072,0.3072,613267.2
2026-08-08 03:00:00+00:00,0.3072,0.3093,0.307,0.3081,463856.6
2026-08-08 04:00:00+00:00,0.3082,0.3095,0.3068,0.3085,418464.0
2026-08-08 05:00:00+00:00,0.3086,0.309,0.3068,0.3072,647219.7
2026-08-08 06:00:00+00:00,0.3072,0.3077,0.3056,0.3069,510574.0
2026-08-08 07:00:00+00:00,0.307,0.3074,0.3056,0.3066,311418.0
2026-08-08 08:00:00+00:00,0.3066,0.3073,0.3058,0.3062,231657.8
2026-08-08 09:00:00+00:00,0.3061,0.3089,0.3056,0.306,776080.0
2026-08-08 10:00:00+00:00,0.306,0.3078,0.306,0.3074,444758.3
2026-08-08 11:00:00+00:00,0.3074,0.3077,0.3066,0.307,329544.5
2026-08-08 12:00:00+00:00,0.3069,0.3074,0.306,0.3062,459347.6
2026-08-08 13:00:00+00:00,0.3062,0.3074,0.3039,0.3055,1421696.6
2026-08-08 14:00:00+00:00,0.3054,0.3074,0.3052,0.307,863463.0
2026-08-08 15:00:00+00:00,0.3071,0.3093,0.3069,0.3078,1473265.4
2026-08-08 16:00:00+00:00,0.3079,0.3097,0.3074,0.3096,746310.3
2026-08-08 17:00:00+00:00,0.3096,0.3097,0.3077,0.3077,714541.4
2026-08-08 18:00:00+00:00,0.3077,0.3081,0.3062,0.3071,985197.9
2026-08-08 19:00:00+00:00,0.3072,0.3078,0.3067,0.3071,174998.5
2026-08-08 20:00:00+00:00,0.3071,0.3077,0.3067,0.3074,182277.5
2026-08-08 21:00:00+00:00,0.3074,0.3074,0.3052,0.3061,390824.1
2026-08-08 22:00:00+00:00,0.3061,0.3062,0.3049,0.3051,262249.2
2026-08-08 23:00:00+00:00,0.305,0.3059,0.3046,0.3057,399771.9
2026-08-09 00:00:00+00:00,0.3057,0.3061,0.3047,0.306,379027.3
2026-08-09 01:00:00+00:00,0.306,0.3065,0.3024,0.3037,1153574.3
2026-08-09 02:00:00+00:00,0.3037,0.3051,0.3034,0.3037,175448.3
2026-08-09 03:00:00+00:00,0.3037,0.3049,0.3026,0.3038,502855.4
2026-08-09 04:00:00+00:00,0.3038,0.3104,0.3031,0.3076,2119387.8
2026-08-09 05:00:00+00:00,0.3076,0.3082,0.3058,0.3074,547470.6
2026-08-09 06:00:00+00:00,0.3073,0.3113,0.3072,0.3107,1631681.0
2026-08-09 07:00:00+00:00,0.3106,0.3111,0.3083,0.3089,829387.9
2026-08-09 08:00:00+00:00,0.3089,0.3098,0.3068,0.3074,672660.8
2026-08-09 09:00:00+00:00,0.3074,0.3108,0.3059,0.3105,1881543.0
2026-08-09 10:00:00+00:00,0.3104,0.3118,0.3088,0.3101,1303608.2
2026-08-09 11:00:00+00:00,0.31,0.311,0.3092,0.3097,593266.3
2026-08-09 12:00:00+00:00,0.3097,0.3109,0.309,0.3092,365142.2
2026-08-09 13:00:00+00:00,0.3093,0.3151,0.3093,0.3135,1799792.8
2026-08-09 14:00:00+00:00,0.3135,0.3216,0.3133,0.321,1927927.8
2026-08-09 15:00:00+00:00,0.3209,0.3259,0.3209,0.3234,4015293.4
2026-08-09 16:00:00+00:00,0.3235,0.325,0.3199,0.3206,2136128.0
2026-08-09 17:00:00+00:00,0.3206,0.3236,0.3195,0.3224,1553412.5
2026-08-09 18:00:00+00:00,0.3224,0.3254,0.3199,0.3205,1520523.5
2026-08-09 19:00:00+00:00,0.3205,0.3228,0.3204,0.3223,611085.2
2026-08-09 20:00:00+00:00,0.3224,0.3227,0.3208,0.3214,443470.6
2026-08-09 21:00:00+00:00,0.3214,0.3233,0.3209,0.3222,566868.2
2026-08-09 22:00:00+00:00,0.3222,0.3234,0.315,0.3159,1882665.6
2026-08-09 23:00:00+00:00,0.3159,0.317,0.3116,0.3128,1269999.2
2026-08-10 00:00:00+00:00,0.3127,0.323,0.3124,0.3201,1748134.3
2026-08-10 01:00:00+00:00,0.3202,0.326,0.32,0.3258,1192249.1
2026-08-10 02:00:00+00:00,0.326,0.3291,0.3216,0.3288,1799577.1
2026-08-10 03:00:00+00:00,0.3288,0.33,0.3254,0.3267,1857084.4
2026-08-10 04:00:00+00:00,0.3267,0.3288,0.3251,0.327,1373420.2
2026-08-10 05:00:00+00:00,0.327,0.3397,0.327,0.3366,4075963.6
2026-08-10 06:00:00+00:00,0.3367,0.3474,0.3363,0.3471,5912993.9
2026-08-10 07:00:00+00:00,0.3471,0.3523,0.3443,0.3518,8046717.0
2026-08-10 08:00:00+00:00,0.3517,0.3542,0.3455,0.3513,5749134.8
2026-08-10 09:00:00+00:00,0.3513,0.3518,0.3422,0.343,4037849.6
2026-08-10 10:00:00+00:00,0.3429,0.3435,0.3385,0.3405,4028372.8
2026-08-10 11:00:00+00:00,0.3406,0.3424,0.3393,0.3415,1686237.4
2026-08-10 12:00:00+00:00,0.3415,0.3433,0.3369,0.3395,3683817.0
2026-08-10 13:00:00+00:00,0.3395,0.3431,0.3377,0.343,2007527.9
2026-08-10 14:00:00+00:00,0.3431,0.3486,0.3417,0.342,4063619.8
2026-08-10 15:00:00+00:00,0.3421,0.3479,0.337,0.343,4432332.9
2026-08-10 16:00:00+00:00,0.3429,0.3458,0.3392,0.3398,2457935.9
2026-08-10 17:00:00+00:00,0.3398,0.3451,0.3385,0.3416,1680164.4
2026-08-10 18:00:00+00:00,0.3415,0.3423,0.3337,0.3337,3071670.7
2026-08-10 19:00:00+00:00,0.3336,0.3408,0.3328,0.3375,2472392.8
2026-08-10 20:00:00+00:00,0.3375,0.3391,0.3355,0.3355,995058.5
2026-08-10 21:00:00+00:00,0.3355,0.3363,0.3331,0.3333,1194890.9
2026-08-10 22:00:00+00:00,0.3333,0.3375,0.3315,0.3369,1652422.9
2026-08-10 23:00:00+00:00,0.337,0.3425,0.3352,0.3408,1851860.9
2026-08-11 00:00:00+00:00,0.3408,0.3432,0.3382,0.3406,2124009.4
2026-08-11 01:00:00+00:00,0.3406,0.3425,0.3364,0.3406,2585356.1
2026-08-11 02:00:00+00:00,0.3406,0.3409,0.3373,0.3373,1037468.8
2026-08-11 03:00:00+00:00,0.3373,0.3381,0.3348,0.3352,1076268.0
2026-08-11 04:00:00+00:00,0.3352,0.3365,0.3342,0.3354,536468.2
2026-08-11 05:00:00+00:00,0.3353,0.3356,0.3328,0.3331,842685.5
2026-08-11 06:00:00+00:00,0.3331,0.336,0.3307,0.3323,2310167.6
2026-08-11 07:00:00+00:00,0.3323,0.3331,0.3297,0.3312,1215375.6
2026-08-11 08:00:00+00:00,0.3312,0.336,0.3301,0.336,1438707.8
2026-08-11 09:00:00+00:00,0.336,0.3377,0.3341,0.3358,1419439.8
2026-08-11 10:00:00+00:00,0.3359,0.3386,0.3345,0.3364,871461.0
2026-08-11 11:00:00+00:00,0.3364,0.3387,0.3354,0.337,1049167.3
2026-08-11 12:00:00+00:00,0.3369,0.3374,0.3324,0.3326,1656775.2
2026-08-11 13:00:00+00:00,0.3326,0.3339,0.3281,0.3293,2462228.6
2026-08-11 14:00:00+00:00,0.3293,0.3308,0.3246,0.3254,2525812.2
2026-08-11 15:00:00+00:00,0.3254,0.3303,0.3245,0.3302,2020949.7
2026-08-11 16:00:00+00:00,0.3302,0.3348,0.3287,0.3334,1856140.3
2026-08-11 17:00:00+00:00,0.3334,0.3367,0.3329,0.3346,807322.9
2026-08-11 18:00:00+00:00,0.3346,0.3368,0.3326,0.3345,848406.8
2026-08-11 19:00:00+00:00,0.3345,0.3383,0.3333,0.3377,698867.0
2026-08-11 20:00:00+00:00,0.3377,0.3405,0.3355,0.3362,1329980.2
2026-08-11 21:00:00+00:00,0.3362,0.3393,0.3354,0.3368,881562.2
2026-08-11 22:00:00+00:00,0.3368,0.3379,0.3346,0.3362,459773.8
2026-08-11 23:00:00+00:00,0.3362,0.3363,0.3354,0.336,240121.0
2026-08-12 00:00:00+00:00,0.3359,0.3407,0.3337,0.3376,1560937.2
2026-08-12 01:00:00+00:00,0.3375,0.343,0.3348,0.3406,2218990.8
2026-08-12 02:00:00+00:00,0.3407,0.3484,0.3407,0.3452,3307643.0
2026-08-12 03:00:00+00:00,0.3452,0.3463,0.3418,0.3434,741326.8
2026-08-12 04:00:00+00:00,0.3434,0.3452,0.3381,0.3388,1708738.9
2026-08-12 05:00:00+00:00,0.3388,0.3416,0.3377,0.3389,667286.0
2026-08-12 06:00:00+00:00,0.3389,0.3395,0.3369,0.3378,942227.6
2026-08-12 07:00:00+00:00,0.3377,0.3387,0.3354,0.3374,1067263.3
2026-08-12 08:00:00+00:00,0.3373,0.3388,0.3364,0.3369,405993.7
2026-08-12 09:00:00+00:00,0.3368,0.3386,0.3346,0.3358,639215.2
2026-08-12 10:00:00+00:00,0.3358,0.3368,0.3336,0.3347,881095.1
2026-08-12 11:00:00+00:00,0.3347,0.3359,0.3338,0.3344,698326.8
2026-08-12 12:00:00+00:00,0.3344,0.3359,0.3323,0.3336,2388421.2
2026-08-12 13:00:00+00:00,0.3336,0.3366,0.3331,0.3351,978282.6
2026-08-12 14:00:00+00:00,0.3351,0.3362,0.3319,0.3335,1286789.3
2026-08-12 15:00:00+00:00,0.3335,0.3388,0.3334,0.3382,1359132.0
2026-08-12 16:00:00+00:00,0.3382,0.34,0.3361,0.3369,888245.7
2026-08-12 17:00:00+00:00,0.3369,0.3372,0.3341,0.3361,790989.3
2026-08-12 18:00:00+00:00,0.3361,0.3363,0.3344,0.3344,447872.9
2026-08-12 19:00:00+00:00,0.3345,0.3346,0.328,0.3292,2615672.6
2026-08-12 20:00:00+00:00,0.3292,0.3328,0.3291,0.3324,468599.7
2026-08-12 21:00:00+00:00,0.3323,0.333,0.3266,0.3281,1317155.8
2026-08-12 22:00:00+00:00,0.328,0.3323,0.3264,0.3317,1007240.7
2026-08-12 23:00:00+00:00,0.3318,0.3324,0.3298,0.3302,795242.6
2026-08-13 00:00:00+00:00,0.3303,0.3349,0.3302,0.3318,923413.8
2026-08-13 01:00:00+00:00,0.3317,0.3317,0.3286,0.3298,922549.2
2026-08-13 02:00:00+00:00,0.3297,0.3305,0.3276,0.3303,526286.4
2026-08-13 03:00:00+00:00,0.3302,0.3358,0.33,0.334,1099864.7
2026-08-13 04:00:00+00:00,0.3341,0.3359,0.3324,0.3326,783240.8
2026-08-13 05:00:00+00:00,0.3325,0.3386,0.3318,0.3376,1335428.7
2026-08-13 06:00:00+00:00,0.3377,0.3413,0.3371,0.3401,1135687.0
2026-08-13 07:00:00+00:00,0.3401,0.3417,0.3372,0.3376,826249.7
2026-08-13 08:00:00+00:00,0.3375,0.3423,0.3372,0.3412,1425481.0
2026-08-13 09:00:00+00:00,0.3412,0.3487,0.3397,0.3466,2740772.7
2026-08-13 10:00:00+00:00,0.3467,0.3476,0.3418,0.342,2245495.5
2026-08-13 11:00:00+00:00,0.342,0.344,0.3382,0.3409,2243110.9
2026-08-13 12:00:00+00:00,0.3409,0.3439,0.3394,0.3412,1122492.2
2026-08-13 13:00:00+00:00,0.3411,0.3489,0.3408,0.3487,1544294.2
2026-08-13 14:00:00+00:00,0.3487,0.3539,0.3483,0.3484,3655197.1
2026-08-13 15:00:00+00:00,0.3484,0.352,0.3466,0.3468,2437349.8
2026-08-13 16:00:00+00:00,0.3469,0.3478,0.3387,0.3423,2188764.5
2026-08-13 17:00:00+00:00,0.3423,0.3464,0.3421,0.3433,1208236.5
2026-08-13 18:00:00+00:00,0.3433,0.3457,0.3406,0.3407,923172.1
2026-08-13 19:00:00+00:00,0.3408,0.3419,0.3394,0.3412,723165.0
2026-08-13 20:00:00+00:00,0.3411,0.3412,0.3394,0.3401,484380.2
2026-08-13 21:00:00+00:00,0.3401,0.3434,0.3394,0.3395,733834.3
2026-08-13 22:00:00+00:00,0.3396,0.3428,0.3388,0.3421,607340.4
2026-08-13 23:00:00+00:00,0.3421,0.3434,0.3401,0.341,697509.9
2026-08-14 00:00:00+00:00,0.341,0.3417,0.336,0.3393,2257822.1
2026-08-14 01:00:00+00:00,0.3393,0.3398,0.3378,0.3383,759580.2
2026-08-14 02:00:00+00:00,0.3384,0.3399,0.3368,0.3371,827207.6
2026-08-14 03:00:00+00:00,0.3371,0.3393,0.3369,0.3376,813969.5
2026-08-14 04:00:00+00:00,0.3376,0.3421,0.3373,0.34,913744.7
2026-08-14 05:00:00+00:00,0.34,0.3437,0.3388,0.3435,1115788.4
2026-08-14 06:00:00+00:00,0.3435,0.3442,0.3407,0.3412,1664427.4
2026-08-14 07:00:00+00:00,0.3412,0.3412,0.336,0.3367,1310543.1
2026-08-14 08:00:00+00:00,0.3367,0.3394,0.3366,0.3391,546579.1
2026-08-14 09:00:00+00:00,0.339,0.339,0.334,0.3357,1503494.0
2026-08-14 10:00:00+00:00,0.3357,0.3379,0.3345,0.3347,810041.1
2026-08-14 11:00:00+00:00,0.3346,0.3353,0.3333,0.335,929230.5
2026-08-14 12:00:00+00:00,0.335,0.3382,0.3346,0.338,737208.9
2026-08-14 13:00:00+00:00,0.3381,0.3441,0.3368,0.3427,2083212.6
2026-08-14 14:00:00+00:00,0.3426,0.343,0.3381,0.3392,1129318.1
2026-08-14 15:00:00+00:00,0.3391,0.3468,0.3376,0.346,1449942.2
2026-08-14 16:00:00+00:00,0.3462,0.347,0.3425,0.3425,1340781.0
2026-08-14 17:00:00+00:00,0.3426,0.3455,0.3419,0.3432,770606.6
2026-08-14 18:00:00+00:00,0.3432,0.345,0.3423,0.3432,441620.9
2026-08-14 19:00:00+00:00,0.3432,0.3473,0.3406,0.3456,740843.4
2026-08-14 20:00:00+00:00,0.3456,0.3464,0.343,0.343,648689.2
2026-08-14 21:00:00+00:00,0.343,0.3436,0.3383,0.3396,947456.8
2026-08-14 22:00:00+00:00,0.3396,0.341,0.3382,0.3398,506320.5
2026-08-14 23:00:00+00:00,0.3398,0.3423,0.3353,0.3418,1899079.1
2026-08-15 00:00:00+00:00,0.3419,0.3449,0.3416,0.3435,877924.6
2026-08-15 01:00:00+00:00,0.3436,0.3437,0.3407,0.3412,640506.4
2026-08-15 02:00:00+00:00,0.3412,0.3471,0.3405,0.3424,1179753.6
2026-08-15 03:00:00+00:00,0.3425,0.3427,0.3383,0.34,921996.9
2026-08-15 04:00:00+00:00,0.3401,0.3441,0.3393,0.3436,793434.1
2026-08-15 05:00:00+00:00,0.3436,0.35,0.342,0.3497,2266388.5
2026-08-15 06:00:00+00:00,0.3496,0.3501,0.3465,0.347,1246446.7
2026-08-15 07:00:00+00:00,0.3469,0.349,0.3459,0.3466,589557.0
2026-08-15 08:00:00+00:00,0.3467,0.3481,0.3447,0.3461,997535.9
2026-08-15 09:00:00+00:00,0.3462,0.3487,0.3433,0.3439,634855.4
2026-08-15 10:00:00+00:00,0.3439,0.3446,0.3426,0.3434,342819.6
2026-08-15 11:00:00+00:00,0.3433,0.3447,0.342,0.3439,440973.7
2026-08-15 12:00:00+00:00,0.344,0.3445,0.3408,0.3428,985724.1
2026-08-15 13:00:00+00:00,0.3428,0.3438,0.3419,0.343,454565.4
2026-08-15 14:00:00+00:00,0.343,0.3446,0.3409,0.3446,565604.5
2026-08-15 15:00:00+00:00,0.3446,0.349,0.3446,0.3458,1384663.9
2026-08-15 16:00:00+00:00,0.3458,0.3526,0.3453,0.3483,2471842.7
2026-08-15 17:00:00+00:00,0.3483,0.3517,0.3478,0.3497,2154324.6
2026-08-15 18:00:00+00:00,0.3498,0.3513,0.3469,0.3506,1113625.6
2026-08-15 19:00:00+00:00,0.3505,0.3547,0.3494,0.3517,1593015.0
2026-08-15 20:00:00+00:00,0.3516,0.3547,0.35,0.3507,1838258.9
2026-08-15 21:00:00+00:00,0.3506,0.3512,0.3487,0.349,567310.7
2026-08-15 22:00:00+00:00,0.349,0.3516,0.3484,0.3487,472519.2
2026-08-15 23:00:00+00:00,0.3486,0.3507,0.347,0.3493,950278.4
2026-08-16 00:00:00+00:00,0.3492,0.3511,0.346,0.3504,870870.5
2026-08-16 01:00:00+00:00,0.3503,0.3514,0.3476,0.3491,1106452.8
2026-08-16 02:00:00+00:00,0.349,0.3535,0.3471,0.3499,2136380.5
2026-08-16 03:00:00+00:00,0.35,0.3503,0.3486,0.3488,538826.9
2026-08-16 04:00:00+00:00,0.3488,0.35,0.3474,0.3476,637457.8
2026-08-16 05:00:00+00:00,0.3475,0.3487,0.3462,0.3479,548586.6
2026-08-16 06:00:00+00:00,0.3479,0.3497,0.3465,0.3468,963387.3
2026-08-16 07:00:00+00:00,0.3468,0.3475,0.3447,0.3467,681358.7
2026-08-16 08:00:00+00:00,0.3466,0.3473,0.3454,0.3472,553513.7
2026-08-16 09:00:00+00:00,0.3473,0.3501,0.3457,0.3475,1441623.0
2026-08-16 10:00:00+00:00,0.3474,0.3475,0.3456,0.3468,537480.7
2026-08-16 11:00:00+00:00,0.3467,0.3498,0.3461,0.3494,344362.7
2026-08-16 12:00:00+00:00,0.3495,0.3496,0.3424,0.3437,1707686.8
2026-08-16 13:00:00+00:00,0.3436,0.3458,0.3431,0.3457,534672.9
2026-08-16 14:00:00+00:00,0.3457,0.3487,0.3454,0.3474,738342.7
2026-08-16 15:00:00+00:00,0.3475,0.36,0.3474,0.3585,3500026.4
2026-08-16 16:00:00+00:00,0.3586,0.3696,0.3564,0.3694,4638196.9
2026-08-16 17:00:00+00:00,0.3695,0.3715,0.3617,0.3621,3293127.2
2026-08-16 18:00:00+00:00,0.3621,0.3643,0.3598,0.3617,1244841.0
2026-08-16 19:00:00+00:00,0.3617,0.3638,0.3599,0.3628,671241.1
2026-08-16 20:00:00+00:00,0.3628,0.3636,0.3585,0.36,2195136.5
2026-08-16 21:00:00+00:00,0.3599,0.36,0.3527,0.3536,1780129.8
2026-08-16 22:00:00+00:00,0.3535,0.3547,0.3519,0.3547,1130171.1
2026-08-16 23:00:00+00:00,0.3548,0.3574,0.3537,0.3558,1258401.7
2026-08-17 00:00:00+00:00,0.3557,0.363,0.3544,0.3606,3480523.6
2026-08-17 01:00:00+00:00,0.3606,0.3689,0.3603,0.364,3924662.9
2026-08-17 02:00:00+00:00,0.3641,0.3693,0.364,0.3685,3029700.8
2026-08-17 03:00:00+00:00,0.3685,0.3701,0.3649,0.366,1446226.0
2026-08-17 04:00:00+00:00,0.366,0.3665,0.3619,0.3631,790015.4
2026-08-17 05:00:00+00:00,0.363,0.3649,0.3608,0.3613,846476.8
2026-08-17 06:00:00+00:00,0.3613,0.3641,0.3598,0.3607,4559554.7
2026-08-17 07:00:00+00:00,0.3608,0.3636,0.3598,0.3635,1794912.7
2026-08-17 08:00:00+00:00,0.3635,0.3636,0.3579,0.3614,2264223.8
2026-08-17 09:00:00+00:00,0.3614,0.3618,0.3592,0.3601,862858.9
2026-08-17 10:00:00+00:00,0.3601,0.3652,0.3585,0.3646,1402561.3
2026-08-17 11:00:00+00:00,0.3645,0.365,0.3574,0.3578,1296109.3
2026-08-17 12:00:00+00:00,0.3578,0.3578,0.353,0.3547,3562267.1
2026-08-17 13:00:00+00:00,0.3547,0.3586,0.354,0.3571,1798755.9
2026-08-17 14:00:00+00:00,0.3571,0.3583,0.3529,0.358,1747337.9
2026-08-17 15:00:00+00:00,0.358,0.3608,0.3559,0.3607,1828865.9
2026-08-17 16:00:00+00:00,0.3607,0.3609,0.3535,0.354,1297957.0
2026-08-17 17:00:00+00:00,0.354,0.3573,0.3532,0.3549,755931.7
2026-08-17 18:00:00+00:00,0.3549,0.3557,0.3536,0.3538,509281.2
2026-08-17 19:00:00+00:00,0.3538,0.3549,0.3486,0.3508,1201784.1
2026-08-17 20:00:00+00:00,0.3509,0.3544,0.3481,0.3501,2640203.5
2026-08-17 21:00:00+00:00,0.3501,0.3515,0.349,0.3495,616959.4
2026-08-17 22:00:00+00:00,0.3496,0.3501,0.3431,0.3432,1592493.4
2026-08-17 23:00:00+00:00,0.3433,0.3449,0.3411,0.3419,2625380.2
2026-08-18 00:00:00+00:00,0.342,0.3443,0.3378,0.3433,4200921.5
2026-08-18 01:00:00+00:00,0.3433,0.344,0.3368,0.3383,1254947.2
2026-08-18 02:00:00+00:00,0.3384,0.3393,0.3254,0.3282,4852088.9
2026-08-18 03:00:00+00:00,0.3283,0.3295,0.3261,0.3282,3071724.8
2026-08-18 04:00:00+00:00,0.3283,0.3288,0.3258,0.3268,1787478.5
2026-08-18 05:00:00+00:00,0.3269,0.3293,0.3179,0.3198,6090131.1
2026-08-18 06:00:00+00:00,0.3197,0.325,0.3178,0.3238,3783962.1
2026-08-18 07:00:00+00:00,0.3239,0.3252,0.3214,0.3243,2997362.6
2026-08-18 08:00:00+00:00,0.3243,0.3243,0.3211,0.3226,1637596.9
2026-08-18 09:00:00+00:00,0.3226,0.3242,0.3211,0.3237,1384240.4
2026-08-18 10:00:00+00:00,0.3237,0.3269,0.3235,0.3263,1415548.7
2026-08-18 11:00:00+00:00,0.3262,0.3279,0.3255,0.3258,1322184.6
2026-08-18 12:00:00+00:00,0.3258,0.3268,0.3246,0.3256,1194709.5
2026-08-18 13:00:00+00:00,0.3256,0.3278,0.3231,0.3243,1920043.4
2026-08-18 14:00:00+00:00,0.3243,0.3288,0.3235,0.3248,2421059.9
2026-08-18 15:00:00+00:00,0.3247,0.327,0.3244,0.3263,1003581.4
2026-08-18 16:00:00+00:00,0.3263,0.3286,0.3238,0.3238,1538428.0
2026-08-18 17:00:00+00:00,0.3239,0.3273,0.3235,0.3262,535243.8
2026-08-18 18:00:00+00:00,0.3261,0.328,0.3255,0.3259,467739.0
2026-08-18 19:00:00+00:00,0.3259,0.3265,0.3241,0.3242,352544.6
2026-08-18 20:00:00+00:00,0.3242,0.3262,0.3209,0.3231,2902889.5
2026-08-18 21:00:00+00:00,0.323,0.3241,0.3217,0.3223,528457.3
2026-08-18 22:00:00+00:00,0.3223,0.325,0.3214,0.3242,3620489.1
2026-08-18 23:00:00+00:00,0.3241,0.3248,0.3162,0.32,3983924.8
2026-08-19 00:00:00+00:00,0.3201,0.3201,0.3153,0.316,2253248.6
2026-08-19 01:00:00+00:00,0.3159,0.3197,0.3157,0.3174,2304120.2
2026-08-19 02:00:00+00:00,0.3174,0.3177,0.314,0.3152,1832631.8
2026-08-19 03:00:00+00:00,0.3152,0.3171,0.3146,0.3158,1325716.9
2026-08-19 04:00:00+00:00,0.3157,0.318,0.3145,0.3169,3161395.0
2026-08-19 05:00:00+00:00,0.3168,0.3181,0.3149,0.3163,2779602.0
2026-08-19 06:00:00+00:00,0.3163,0.3175,0.3147,0.3171,4098535.6
2026-08-19 07:00:00+00:00,0.3171,0.3199,0.3153,0.3186,3193461.8
2026-08-19 08:00:00+00:00,0.3187,0.3212,0.3182,0.3188,3941529.9
2026-08-19 09:00:00+00:00,0.3187,0.321,0.3162,0.3172,1419968.2
2026-08-19 10:00:00+00:00,0.3172,0.3189,0.3166,0.3188,556375.2
2026-08-19 11:00:00+00:00,0.3187,0.3215,0.3185,0.3196,1297253.8
2026-08-19 12:00:00+00:00,0.3195,0.3231,0.3187,0.322,1247431.4
2026-08-19 13:00:00+00:00,0.3219,0.3221,0.3181,0.319,2367075.3
2026-08-19 14:00:00+00:00,0.319,0.3243,0.3183,0.3234,2806060.7
2026-08-19 15:00:00+00:00,0.3235,0.349,0.3225,0.335,18949745.7
2026-08-19 16:00:00+00:00,0.3351,0.3433,0.3349,0.3418,4603741.0
2026-08-19 17:00:00+00:00,0.3417,0.3521,0.34,0.3484,5433673.4
2026-08-19 18:00:00+00:00,0.3485,0.3519,0.3462,0.3479,5678860.0
2026-08-19 19:00:00+00:00,0.3479,0.3651,0.3477,0.3641,4548060.0
2026-08-19 20:00:00+00:00,0.3641,0.37,0.3584,0.3653,6752790.1
2026-08-19 21:00:00+00:00,0.3653,0.3725,0.364,0.3672,5274673.8
2026-08-19 22:00:00+00:00,0.3673,0.3682,0.3524,0.3555,8553363.4
2026-08-19 23:00:00+00:00,0.3556,0.3649,0.3555,0.3634,3764508.0
2026-08-20 00:00:00+00:00,0.3635,0.3676,0.3601,0.3652,5755206.7
2026-08-20 01:00:00+00:00,0.3651,0.3653,0.3612,0.3628,2290770.4
2026-08-20 02:00:00+00:00,0.3628,0.3646,0.3569,0.3586,1618714.0
2026-08-20 03:00:00+00:00,0.3585,0.3585,0.354,0.3562,1767059.9
2026-08-20 04:00:00+00:00,0.3561,0.3633,0.3559,0.3606,1544900.4
2026-08-20 05:00:00+00:00,0.3605,0.3614,0.3573,0.3578,1101939.4
2026-08-20 06:00:00+00:00,0.3577,0.361,0.3569,0.3602,2989834.6
2026-08-20 07:00:00+00:00,0.3603,0.3627,0.3593,0.3618,1101506.1
2026-08-20 08:00:00+00:00,0.3616,0.3685,0.3604,0.3664,2925849.0
2026-08-20 09:00:00+00:00,0.3663,0.3669,0.3601,0.3615,3720805.7
2026-08-20 10:00:00+00:00,0.3615,0.3674,0.3614,0.3657,1522596.8
2026-08-20 11:00:00+00:00,0.3657,0.3677,0.3622,0.3638,2928452.3
2026-08-20 12:00:00+00:00,0.3639,0.3642,0.3572,0.3611,2792834.6
2026-08-20 13:00:00+00:00,0.3611,0.3636,0.3585,0.3601,1879400.7
2026-08-20 14:00:00+00:00,0.3601,0.3618,0.3554,0.3583,2358887.2
2026-08-20 15:00:00+00:00,0.3583,0.3646,0.3579,0.3626,2840077.5
2026-08-20 16:00:00+00:00,0.3626,0.3685,0.361,0.3682,3064758.0
2026-08-20 17:00:00+00:00,0.3682,0.3767,0.3679,0.374,4057105.3
2026-08-20 18:00:00+00:00,0.3741,0.3749,0.363,0.3656,3052873.3
2026-08-20 19:00:00+00:00,0.3657,0.3684,0.363,0.3663,4020300.9
2026-08-20 20:00:00+00:00,0.3662,0.368,0.3635,0.3651,2119900.6
2026-08-20 21:00:00+00:00,0.3651,0.3699,0.3648,0.3694,1888605.8
2026-08-20 22:00:00+00:00,0.3694,0.371,0.365,0.3683,2359922.7
2026-08-20 23:00:00+00:00,0.3682,0.375,0.3675,0.3737,2256757.2
2026-08-21 00:00:00+00:00,0.3738,0.3784,0.3708,0.3739,3137757.6
2026-08-21 01:00:00+00:00,0.3738,0.3773,0.3706,0.3754,2861794.4
2026-08-21 02:00:00+00:00,0.3754,0.3767,0.3688,0.3738,2992339.9
2026-08-21 03:00:00+00:00,0.3738,0.3755,0.3708,0.3728,1862927.1
2026-08-21 04:00:00+00:00,0.3727,0.3753,0.3694,0.3715,3124770.0
2026-08-21 05:00:00+00:00,0.3715,0.3746,0.37,0.3743,2415832.5
2026-08-21 06:00:00+00:00,0.3743,0.3768,0.3691,0.3716,2747473.5
2026-08-21 07:00:00+00:00,0.3715,0.3805,0.3713,0.379,4939222.8
2026-08-21 08:00:00+00:00,0.3791,0.3948,0.3785,0.3934,5351388.3
2026-08-21 09:00:00+00:00,0.3934,0.3965,0.3755,0.3961,9967392.1
2026-08-21 10:00:00+00:00,0.3961,0.3993,0.3871,0.3962,6482030.3
2026-08-21 11:00:00+00:00,0.3961,0.4051,0.3903,0.3957,7511543.2
2026-08-21 12:00:00+00:00,0.3957,0.4014,0.3935,0.3964,3519541.7
2026-08-21 13:00:00+00:00,0.3964,0.404,0.3947,0.4001,3890216.2
2026-08-21 14:00:00+00:00,0.4,0.4008,0.3904,0.3968,4228416.9
2026-08-21 15:00:00+00:00,0.3968,0.4049,0.3965,0.4004,3635809.1
2026-08-21 16:00:00+00:00,0.4005,0.4018,0.3954,0.3981,2661300.6
2026-08-21 17:00:00+00:00,0.3982,0.4012,0.3907,0.3941,2277955.1
2026-08-21 18:00:00+00:00,0.3942,0.3982,0.3773,0.3827,4885093.0
2026-08-21 19:00:00+00:00,0.3827,0.3862,0.3803,0.3828,1794574.6
2026-08-21 20:00:00+00:00,0.3828,0.3906,0.381,0.3903,2416663.4
2026-08-21 21:00:00+00:00,0.3904,0.4018,0.39,0.4017,3444584.4
2026-08-21 22:00:00+00:00,0.4018,0.41,0.4008,0.4045,3537196.4
2026-08-21 23:00:00+00:00,0.4045,0.4053,0.3988,0.401,1790937.9
2026-08-22 00:00:00+00:00,0.4011,0.4151,0.3967,0.4147,2583156.6
2026-08-22 01:00:00+00:00,0.4147,0.4215,0.4111,0.4144,4635048.7
2026-08-22 02:00:00+00:00,0.4145,0.4252,0.414,0.4235,3579211.2
2026-08-22 03:00:00+00:00,0.4235,0.4349,0.4229,0.4315,4528355.6
2026-08-22 04:00:00+00:00,0.4315,0.463,0.4315,0.4608,8271478.2
2026-08-22 05:00:00+00:00,0.4609,0.4636,0.3586,0.417,46359297.4
2026-08-22 06:00:00+00:00,0.417,0.4215,0.4029,0.4191,7275779.3
2026-08-22 07:00:00+00:00,0.4191,0.4244,0.4118,0.4134,4981474.8
2026-08-22 08:00:00+00:00,0.4135,0.4176,0.4012,0.4053,5211078.8
2026-08-22 09:00:00+00:00,0.4054,0.4085,0.3969,0.4014,5154595.2
2026-08-22 10:00:00+00:00,0.4014,0.4017,0.3864,0.3959,7838458.6
2026-08-22 11:00:00+00:00,0.396,0.399,0.3915,0.3971,3017518.7
2026-08-22 12:00:00+00:00,0.3971,0.4041,0.3956,0.3966,3784544.6
2026-08-22 13:00:00+00:00,0.3967,0.398,0.3922,0.3968,2517054.1
2026-08-22 14:00:00+00:00,0.3968,0.3975,0.3862,0.3905,2428834.2
2026-08-22 15:00:00+00:00,0.3906,0.3919,0.3841,0.3868,4360912.6
2026-08-22 16:00:00+00:00,0.3869,0.3955,0.3845,0.3923,2216650.6
2026-08-22 17:00:00+00:00,0.3923,0.3975,0.3899,0.3955,1457858.4
2026-08-22 18:00:00+00:00,0.3955,0.399,0.3916,0.3976,1974934.7
2026-08-22 19:00:00+00:00,0.3977,0.3981,0.3927,0.3958,1830024.8
2026-08-22 20:00:00+00:00,0.3959,0.3977,0.3914,0.3933,845976.1
2026-08-22 21:00:00+00:00,0.3932,0.3932,0.3793,0.3814,3604901.9
2026-08-22 22:00:00+00:00,0.3815,0.3905,0.3791,0.3881,2585846.4
2026-08-22 23:00:00+00:00,0.3882,0.3895,0.3849,0.3877,816171.6
2026-08-23 00:00:00+00:00,0.3878,0.3952,0.387,0.3943,1801197.3
2026-08-23 01:00:00+00:00,0.3944,0.3944,0.388,0.3905,1859626.7
2026-08-23 02:00:00+00:00,0.3905,0.3905,0.3829,0.3867,2024804.6
2026-08-23 03:00:00+00:00,0.3867,0.3874,0.373,0.3768,3994167.6
2026-08-23 04:00:00+00:00,0.3769,0.3811,0.3706,0.3717,3060597.1
2026-08-23 05:00:00+00:00,0.3716,0.3772,0.3668,0.3702,3653152.4
2026-08-23 06:00:00+00:00,0.3702,0.3744,0.3675,0.3731,1605086.7
2026-08-23 07:00:00+00:00,0.3732,0.3776,0.3728,0.376,1071552.0
2026-08-23 08:00:00+00:00,0.376,0.3817,0.3743,0.3797,2943191.3
2026-08-23 09:00:00+00:00,0.3796,0.3826,0.3786,0.3794,2059509.2
2026-08-23 10:00:00+00:00,0.3793,0.386,0.3792,0.3843,3238241.9
2026-08-23 11:00:00+00:00,0.3843,0.3939,0.3841,0.3931,2282547.4
2026-08-23 12:00:00+00:00,0.393,0.3986,0.3896,0.3954,1728300.2
2026-08-23 13:00:00+00:00,0.3954,0.4088,0.3942,0.4067,4434856.4
2026-08-23 14:00:00+00:00,0.4068,0.4137,0.3912,0.4019,8702839.3
2026-08-23 15:00:00+00:00,0.4019,0.4062,0.3988,0.4019,3597134.7
2026-08-23 16:00:00+00:00,0.4019,0.4061,0.3975,0.4042,2843921.4
2026-08-23 17:00:00+00:00,0.4042,0.4105,0.4003,0.4052,2612498.1
2026-08-23 18:00:00+00:00,0.4052,0.409,0.4045,0.4079,1561655.3
2026-08-23 19:00:00+00:00,0.4078,0.4084,0.403,0.4033,1292754.8
2026-08-23 20:00:00+00:00,0.4033,0.408,0.4,0.4074,1019771.9
2026-08-23 21:00:00+00:00,0.4074,0.4178,0.4066,0.408,3764566.8
2026-08-23 22:00:00+00:00,0.408,0.4101,0.4029,0.405,2592680.3
2026-08-23 23:00:00+00:00,0.405,0.4096,0.4039,0.408,2551817.0
2026-08-24 00:00:00+00:00,0.4081,0.409,0.3952,0.4045,5176531.2
2026-08-24 01:00:00+00:00,0.4045,0.405,0.3885,0.3897,4056571.5
2026-08-24 02:00:00+00:00,0.3896,0.3978,0.3872,0.3956,3893087.4
2026-08-24 03:00:00+00:00,0.3956,0.397,0.3904,0.3905,2599018.5
2026-08-24 04:00:00+00:00,0.3905,0.403,0.3905,0.3984,3481932.7
2026-08-24 05:00:00+00:00,0.3984,0.4035,0.3947,0.3995,2995359.7
2026-08-24 06:00:00+00:00,0.3995,0.4004,0.3947,0.3963,1906977.2
2026-08-24 07:00:00+00:00,0.3963,0.4,0.3937,0.3943,1255453.5
2026-08-24 08:00:00+00:00,0.3944,0.3979,0.3912,0.3964,2774271.6
2026-08-24 09:00:00+00:00,0.3963,0.4029,0.3957,0.4002,2778855.4
2026-08-24 10:00:00+00:00,0.4001,0.4035,0.3961,0.3969,2693764.8
2026-08-24 11:00:00+00:00,0.3969,0.403,0.393,0.4008,2666459.1
2026-08-24 12:00:00+00:00,0.4008,0.4071,0.3945,0.4043,3133491.0
2026-08-24 13:00:00+00:00,0.4041,0.4062,0.3948,0.3987,4155287.4
2026-08-24 14:00:00+00:00,0.3987,0.4088,0.3985,0.4056,3625753.6
2026-08-24 15:00:00+00:00,0.4055,0.4125,0.4014,0.4034,4382484.3
2026-08-24 16:00:00+00:00,0.4035,0.4103,0.4021,0.4045,2386582.2
2026-08-24 17:00:00+00:00,0.4046,0.4079,0.3967,0.4046,3325240.8
2026-08-24 18:00:00+00:00,0.4048,0.4088,0.3998,0.4009,2485674.8
2026-08-24 19:00:00+00:00,0.401,0.4024,0.3977,0.3995,1843018.0
2026-08-24 20:00:00+00:00,0.3996,0.4059,0.3979,0.4056,990486.4
2026-08-24 21:00:00+00:00,0.4057,0.4073,0.402,0.4044,962273.7
2026-08-24 22:00:00+00:00,0.4044,0.4054,0.3974,0.3991,1086514.6
2026-08-24 23:00:00+00:00,0.3992,0.4034,0.3974,0.4032,862572.1
2026-08-25 00:00:00+00:00,0.4032,0.4107,0.3992,0.4092,3208422.0
2026-08-25 01:00:00+00:00,0.4093,0.411,0.4067,0.4096,2370334.7
2026-08-25 02:00:00+00:00,0.4097,0.4202,0.408,0.4145,4649387.0
2026-08-25 03:00:00+00:00,0.4146,0.4212,0.4095,0.4115,2914386.5
2026-08-25 04:00:00+00:00,0.4115,0.4152,0.4104,0.4145,2418140.8
2026-08-25 05:00:00+00:00,0.4145,0.4174,0.4135,0.4154,1383665.4
2026-08-25 06:00:00+00:00,0.4155,0.4207,0.4109,0.4136,2297675.8
2026-08-25 07:00:00+00:00,0.4137,0.4177,0.4008,0.4045,4325485.3
2026-08-25 08:00:00+00:00,0.4047,0.4101,0.404,0.4059,2308637.5
2026-08-25 09:00:00+00:00,0.406,0.4102,0.3995,0.4006,5086727.8
2026-08-25 10:00:00+00:00,0.4005,0.4041,0.3995,0.4019,2617835.1
2026-08-25 11:00:00+00:00,0.4019,0.4042,0.3991,0.3999,1112757.0
2026-08-25 12:00:00+00:00,0.3999,0.401,0.3948,0.4,3722054.1
2026-08-25 13:00:00+00:00,0.4001,0.4008,0.3878,0.3944,4659880.1
2026-08-25 14:00:00+00:00,0.3945,0.4001,0.393,0.3965,2382021.6
2026-08-25 15:00:00+00:00,0.3966,0.3967,0.3911,0.3963,1858665.6
2026-08-25 16:00:00+00:00,0.3963,0.3968,0.3921,0.3941,1240555.5
2026-08-25 17:00:00+00:00,0.3941,0.3949,0.3888,0.394,2093505.2
2026-08-25 18:00:00+00:00,0.3941,0.3965,0.3932,0.3944,1146342.0
2026-08-25 19:00:00+00:00,0.3943,0.3955,0.3896,0.3906,1452572.3
2026-08-25 20:00:00+00:00,0.3905,0.3909,0.38,0.3805,3203450.8
2026-08-25 21:00:00+00:00,0.3805,0.3846,0.3753,0.3838,2965066.7
2026-08-25 22:00:00+00:00,0.3838,0.388,0.3838,0.3868,1356955.1
2026-08-25 23:00:00+00:00,0.3867,0.3882,0.3818,0.3834,1521131.9
2026-08-26 00:00:00+00:00,0.3833,0.3907,0.3823,0.3882,1865780.1
2026-08-26 01:00:00+00:00,0.3882,0.3918,0.3881,0.3893,1189752.4
2026-08-26 02:00:00+00:00,0.3893,0.3981,0.3877,0.3956,1755301.6
2026-08-26 03:00:00+00:00,0.3956,0.3966,0.39,0.3916,1150695.2
2026-08-26 04:00:00+00:00,0.3916,0.3946,0.39,0.3905,1409269.9
2026-08-26 05:00:00+00:00,0.3906,0.3931,0.3884,0.3916,1308792.3
2026-08-26 06:00:00+00:00,0.3916,0.3924,0.3888,0.3899,1042587.8
2026-08-26 07:00:00+00:00,0.3898,0.3941,0.3889,0.3925,1971011.5
2026-08-26 08:00:00+00:00,0.3925,0.3976,0.3915,0.3937,1932396.7
2026-08-26 09:00:00+00:00,0.3936,0.3954,0.3893,0.3927,2862192.7
2026-08-26 10:00:00+00:00,0.3927,0.4014,0.3913,0.3987,2218770.7
2026-08-26 11:00:00+00:00,0.3988,0.399,0.3916,0.3933,1274096.5
2026-08-26 12:00:00+00:00,0.3933,0.3998,0.3917,0.3963,2016078.9
2026-08-26 13:00:00+00:00,0.3963,0.3978,0.3862,0.3903,2918653.7
2026-08-26 14:00:00+00:00,0.3901,0.3936,0.3835,0.3846,2170825.9
2026-08-26 15:00:00+00:00,0.3847,0.3892,0.3814,0.3869,1975003.9
2026-08-26 16:00:00+00:00,0.3868,0.3881,0.3822,0.3834,1910071.2
2026-08-26 17:00:00+00:00,0.3834,0.3934,0.383,0.3881,1428167.4
2026-08-26 18:00:00+00:00,0.3881,0.3905,0.3866,0.3891,1201452.1
2026-08-26 19:00:00+00:00,0.389,0.3917,0.3879,0.3895,827321.1
2026-08-26 20:00:00+00:00,0.3894,0.3902,0.3851,0.3897,648606.1
2026-08-26 21:00:00+00:00,0.3898,0.3948,0.3893,0.3941,896653.5
2026-08-26 22:00:00+00:00,0.3941,0.3988,0.3937,0.3964,1936322.8
2026-08-26 23:00:00+00:00,0.3964,0.4166,0.3946,0.4153,6483150.3
2026-08-27 00:00:00+00:00,0.4154,0.4154,0.4075,0.4076,4969264.4
2026-08-27 01:00:00+00:00,0.4075,0.4117,0.4053,0.4082,2393278.5
2026-08-27 02:00:00+00:00,0.4083,0.4119,0.4059,0.4082,879430.5
2026-08-27 03:00:00+00:00,0.4081,0.409,0.4007,0.4037,1341417.4
2026-08-27 04:00:00+00:00,0.4036,0.4044,0.3993,0.4,1475299.2
2026-08-27 05:00:00+00:00,0.4001,0.404,0.3975,0.403,1940435.4
2026-08-27 06:00:00+00:00,0.403,0.4099,0.3995,0.4075,1716231.7
2026-08-27 07:00:00+00:00,0.4075,0.4081,0.4043,0.4067,1587305.3
2026-08-27 08:00:00+00:00,0.4067,0.4122,0.4054,0.4102,3092851.7
2026-08-27 09:00:00+00:00,0.4103,0.4126,0.4045,0.4051,2384404.6
2026-08-27 10:00:00+00:00,0.4051,0.4069,0.3983,0.4019,2201667.6
2026-08-27 11:00:00+00:00,0.4019,0.4041,0.3961,0.4012,1735197.6
2026-08-27 12:00:00+00:00,0.4012,0.4058,0.401,0.4031,1502224.8
2026-08-27 13:00:00+00:00,0.4031,0.4074,0.4009,0.4071,1896544.3
2026-08-27 14:00:00+00:00,0.407,0.411,0.4047,0.4087,2575866.1
2026-08-27 15:00:00+00:00,0.4087,0.4118,0.4074,0.4093,1399589.2
2026-08-27 16:00:00+00:00,0.4093,0.4242,0.4059,0.4179,6635201.9
2026-08-27 17:00:00+00:00,0.4178,0.4218,0.4157,0.4166,2439724.5
2026-08-27 18:00:00+00:00,0.4165,0.4184,0.4096,0.4141,2837960.9
2026-08-27 19:00:00+00:00,0.4141,0.4157,0.4118,0.4123,1156750.8
2026-08-27 20:00:00+00:00,0.4123,0.415,0.4099,0.4143,1744958.4
2026-08-27 21:00:00+00:00,0.4143,0.4146,0.4081,0.4121,2052289.0
2026-08-27 22:00:00+00:00,0.4121,0.4165,0.4121,0.4132,1193624.4
2026-08-27 23:00:00+00:00,0.4132,0.4155,0.411,0.4119,1379663.4
2026-08-28 00:00:00+00:00,0.4119,0.4159,0.41,0.4128,1505338.5
2026-08-28 01:00:00+00:00,0.4128,0.4278,0.4124,0.419,4105554.9
2026-08-28 02:00:00+00:00,0.419,0.42,0.4024,0.4044,4569687.9
2026-08-28 03:00:00+00:00,0.4045,0.4081,0.4024,0.4068,1527111.0
2026-08-28 04:00:00+00:00,0.4068,0.4079,0.3975,0.4007,3953903.9
2026-08-28 05:00:00+00:00,0.4006,0.4032,0.3984,0.4013,1821916.0
2026-08-28 06:00:00+00:00,0.4014,0.4047,0.4013,0.4035,1240373.1
2026-08-28 07:00:00+00:00,0.4035,0.404,0.4,0.4002,5674784.6
2026-08-28 08:00:00+00:00,0.4002,0.4029,0.3929,0.3965,6371769.5
2026-08-28 09:00:00+00:00,0.3966,0.4002,0.3957,0.3967,2154726.8
2026-08-28 10:00:00+00:00,0.3968,0.4004,0.3942,0.4001,1482045.4
2026-08-28 11:00:00+00:00,0.4001,0.402,0.3992,0.3996,595487.6
2026-08-28 12:00:00+00:00,0.3996,0.3996,0.3955,0.397,889292.8
2026-08-28 13:00:00+00:00,0.397,0.3986,0.3932,0.3967,2013070.7
2026-08-28 14:00:00+00:00,0.3969,0.4029,0.387,0.4,5954409.2
2026-08-28 15:00:00+00:00,0.4001,0.4024,0.3903,0.3908,3927531.7
2026-08-28 16:00:00+00:00,0.3906,0.3918,0.3809,0.389,6846407.0
2026-08-28 17:00:00+00:00,0.3889,0.3914,0.3871,0.3889,1759938.2
2026-08-28 18:00:00+00:00,0.3889,0.389,0.3778,0.3804,2972970.5
2026-08-28 19:00:00+00:00,0.3805,0.3834,0.38,0.3811,1014728.2
2026-08-28 20:00:00+00:00,0.381,0.3822,0.3771,0.3776,1613372.4
2026-08-28 21:00:00+00:00,0.3776,0.3786,0.3727,0.3738,2853858.1
2026-08-28 22:00:00+00:00,0.3737,0.3797,0.3732,0.3793,1474371.2
2026-08-28 23:00:00+00:00,0.3793,0.3802,0.3777,0.38,1191542.8
2026-08-29 00:00:00+00:00,0.3799,0.3825,0.3794,0.3795,1206518.9
2026-08-29 01:00:00+00:00,0.3795,0.3805,0.3774,0.3793,1239167.5
2026-08-29 02:00:00+00:00,0.3793,0.3798,0.3762,0.3768,1608896.6
2026-08-29 03:00:00+00:00,0.3768,0.3789,0.3751,0.3755,1196752.4
2026-08-29 04:00:00+00:00,0.3755,0.3768,0.3746,0.3763,1057219.9
2026-08-29 05:00:00+00:00,0.3764,0.379,0.3759,0.3783,1035274.9
2026-08-29 06:00:00+00:00,0.3783,0.3785,0.3747,0.3769,611703.6
2026-08-29 07:00:00+00:00,0.3769,0.3779,0.3747,0.3751,1078037.8
2026-08-29 08:00:00+00:00,0.375,0.3752,0.3715,0.3736,1555237.1
2026-08-29 09:00:00+00:00,0.3736,0.3773,0.3721,0.3763,1202267.5
2026-08-29 10:00:00+00:00,0.3762,0.3785,0.3747,0.3768,909140.4
2026-08-29 11:00:00+00:00,0.3766,0.3773,0.3743,0.3746,327068.8
2026-08-29 12:00:00+00:00,0.3746,0.3773,0.3737,0.3751,380558.2
2026-08-29 13:00:00+00:00,0.3751,0.3761,0.374,0.3756,689479.3
2026-08-29 14:00:00+00:00,0.3757,0.3803,0.3755,0.3795,1068734.5
2026-08-29 15:00:00+00:00,0.3796,0.3797,0.3755,0.3768,1477358.5
2026-08-29 16:00:00+00:00,0.3769,0.3789,0.3758,0.3773,1533539.1
2026-08-29 17:00:00+00:00,0.3774,0.3784,0.372,0.3752,1914932.8
2026-08-29 18:00:00+00:00,0.3753,0.3777,0.3744,0.3756,1465119.2
2026-08-29 19:00:00+00:00,0.3757,0.3772,0.3751,0.3753,683782.7
2026-08-29 20:00:00+00:00,0.3754,0.3777,0.3744,0.3754,1421351.1
2026-08-29 21:00:00+00:00,0.3754,0.3766,0.3735,0.3741,410754.7
2026-08-29 22:00:00+00:00,0.3741,0.3775,0.3739,0.377,299555.8
2026-08-29 23:00:00+00:00,0.3771,0.3819,0.3752,0.3814,1195750.9
2026-08-30 00:00:00+00:00,0.3813,0.3846,0.3796,0.3799,1693392.9
2026-08-30 01:00:00+00:00,0.3799,0.38,0.3765,0.3775,1271221.0
2026-08-30 02:00:00+00:00,0.3776,0.3798,0.377,0.378,943618.6
2026-08-30 03:00:00+00:00,0.378,0.3803,0.3776,0.3778,724541.4
2026-08-30 04:00:00+00:00,0.3777,0.3792,0.3743,0.3768,1228344.8
2026-08-30 05:00:00+00:00,0.3769,0.379,0.3767,0.3779,392196.8
2026-08-30 06:00:00+00:00,0.3778,0.3787,0.3758,0.3781,481630.1
2026-08-30 07:00:00+00:00,0.378,0.378,0.3739,0.3745,1013494.3
2026-08-30 08:00:00+00:00,0.3744,0.3758,0.37,0.3709,1280380.4
2026-08-30 09:00:00+00:00,0.3709,0.3725,0.37,0.3719,1188516.8
2026-08-30 10:00:00+00:00,0.3718,0.3735,0.3707,0.373,771675.7
2026-08-30 11:00:00+00:00,0.3731,0.3771,0.3726,0.3767,3379225.3
2026-08-30 12:00:00+00:00,0.3767,0.3806,0.3752,0.3803,3568503.2
2026-08-30 13:00:00+00:00,0.3803,0.384,0.3789,0.3819,2332051.3
2026-08-30 14:00:00+00:00,0.3819,0.3829,0.379,0.3793,927844.4
2026-08-30 15:00:00+00:00,0.3793,0.3793,0.3753,0.3777,1517511.3
2026-08-30 16:00:00+00:00,0.3779,0.3838,0.3776,0.3837,1646879.7
2026-08-30 17:00:00+00:00,0.3837,0.3893,0.3819,0.3886,5943138.2
2026-08-30 18:00:00+00:00,0.3887,0.39,0.3852,0.388,2170485.3
2026-08-30 19:00:00+00:00,0.388,0.3895,0.3826,0.3842,1043312.7
2026-08-30 20:00:00+00:00,0.3843,0.3851,0.3773,0.3794,2012423.4
2026-08-30 21:00:00+00:00,0.3794,0.3795,0.373,0.3773,1870403.1
2026-08-30 22:00:00+00:00,0.3773,0.3797,0.3707,0.3726,913217.4
2026-08-30 23:00:00+00:00,0.3726,0.3733,0.3548,0.3617,6761889.1
2026-08-31 00:00:00+00:00,0.3616,0.3661,0.3596,0.3626,1662951.7
2026-08-31 01:00:00+00:00,0.3625,0.3635,0.3571,0.3573,2346900.1
2026-08-31 02:00:00+00:00,0.3573,0.3624,0.3565,0.3586,2046194.5
2026-08-31 03:00:00+00:00,0.3587,0.3635,0.3583,0.3629,867694.8
2026-08-31 04:00:00+00:00,0.3629,0.3629,0.3573,0.3604,1681611.8
2026-08-31 05:00:00+00:00,0.3605,0.3658,0.3602,0.3648,1667355.1
2026-08-31 06:00:00+00:00,0.3648,0.3662,0.3634,0.3646,1860087.9
2026-08-31 07:00:00+00:00,0.3644,0.3672,0.3639,0.3653,1362750.3
2026-08-31 08:00:00+00:00,0.3654,0.3658,0.3608,0.3626,3609566.1
2026-08-31 09:00:00+00:00,0.3626,0.3647,0.3616,0.3619,1770198.0
2026-08-31 10:00:00+00:00,0.362,0.3645,0.3596,0.3628,1325578.8
2026-08-31 11:00:00+00:00,0.3628,0.363,0.3581,0.3594,975038.1
2026-08-31 12:00:00+00:00,0.3593,0.362,0.3558,0.3573,2095843.5
2026-08-31 13:00:00+00:00,0.3573,0.3597,0.3529,0.3551,1887194.0
2026-08-31 14:00:00+00:00,0.3551,0.3618,0.3539,0.3612,2124057.2
2026-08-31 15:00:00+00:00,0.3613,0.3619,0.3562,0.3564,1123028.5
2026-08-31 16:00:00+00:00,0.3564,0.3593,0.3557,0.3574,1512297.0
2026-08-31 17:00:00+00:00,0.3575,0.3598,0.355,0.3591,1301911.6
2026-08-31 18:00:00+00:00,0.3591,0.3651,0.3579,0.3635,3508541.6
2026-08-31 19:00:00+00:00,0.3635,0.3651,0.3609,0.3635,958257.3
2026-08-31 20:00:00+00:00,0.3634,0.3682,0.3627,0.3653,1266545.8
2026-08-31 21:00:00+00:00,0.3653,0.3684,0.3626,0.3663,1803259.0
2026-08-31 22:00:00+00:00,0.3663,0.3675,0.364,0.365,620940.0
2026-08-31 23:00:00+00:00,0.365,0.3673,0.3636,0.3648,746162.5
2026-09-01 00:00:00+00:00,0.3647,0.3713,0.3641,0.3687,2349631.2
2026-09-01 01:00:00+00:00,0.3687,0.369,0.3636,0.3666,2109121.3
2026-09-01 02:00:00+00:00,0.3665,0.367,0.3636,0.3664,1645937.0
2026-09-01 03:00:00+00:00,0.3664,0.3701,0.3653,0.3688,1152649.5
2026-09-01 04:00:00+00:00,0.3688,0.3732,0.3688,0.3707,1594400.4
2026-09-01 05:00:00+00:00,0.3708,0.375,0.3703,0.3741,2431804.3
2026-09-01 06:00:00+00:00,0.374,0.3744,0.3691,0.3694,1862203.2
2026-09-01 07:00:00+00:00,0.3693,0.373,0.3681,0.3695,1733622.5
2026-09-01 08:00:00+00:00,0.3696,0.3696,0.3603,0.3611,2711379.8
2026-09-01 09:00:00+00:00,0.3611,0.363,0.3603,0.3616,1138363.5
2026-09-01 10:00:00+00:00,0.3615,0.3689,0.3613,0.3668,1454516.5
2026-09-01 11:00:00+00:00,0.3667,0.3741,0.3654,0.3725,2120684.2
2026-09-01 12:00:00+00:00,0.3725,0.3736,0.3662,0.3678,2143409.2
2026-09-01 13:00:00+00:00,0.3677,0.3719,0.3637,0.369,2486586.0
2026-09-01 14:00:00+00:00,0.369,0.373,0.3685,0.3712,1610739.6
2026-09-01 15:00:00+00:00,0.3712,0.374,0.3672,0.3715,2382680.3
2026-09-01 16:00:00+00:00,0.3716,0.3716,0.3624,0.3654,2585255.8
2026-09-01 17:00:00+00:00,0.3654,0.3702,0.3648,0.3665,1861801.6
2026-09-01 18:00:00+00:00,0.3665,0.3678,0.3553,0.3615,4110624.0
2026-09-01 19:00:00+00:00,0.3616,0.3656,0.3607,0.363,1445211.2
2026-09-01 20:00:00+00:00,0.3631,0.3635,0.3599,0.3626,1485996.8
2026-09-01 21:00:00+00:00,0.3626,0.3633,0.3568,0.3601,1590875.9
2026-09-01 22:00:00+00:00,0.36,0.3618,0.3585,0.3597,1447886.5
2026-09-01 23:00:00+00:00,0.3596,0.3659,0.3594,0.3647,1552925.8
2026-09-02 00:00:00+00:00,0.3648,0.3656,0.3604,0.3606,1263561.1
2026-09-02 01:00:00+00:00,0.3606,0.3615,0.3556,0.3579,1764207.3
2026-09-02 02:00:00+00:00,0.3578,0.3646,0.3568,0.3627,2630915.0
2026-09-02 03:00:00+00:00,0.3629,0.3687,0.3626,0.3658,2133665.0
2026-09-02 04:00:00+00:00,0.3658,0.3675,0.3633,0.367,1221284.0
2026-09-02 05:00:00+00:00,0.3669,0.37,0.3644,0.3664,1321958.5
2026-09-02 06:00:00+00:00,0.3665,0.368,0.3636,0.3666,1581253.7
2026-09-02 07:00:00+00:00,0.3667,0.369,0.3643,0.3651,1357324.0
2026-09-02 08:00:00+00:00,0.3651,0.366,0.3594,0.3611,1644559.7
2026-09-02 09:00:00+00:00,0.361,0.3629,0.359,0.3601,2190983.6
2026-09-02 10:00:00+00:00,0.36,0.3604,0.3561,0.3598,2779092.1
2026-09-02 11:00:00+00:00,0.3597,0.3602,0.3567,0.3593,1803040.5
2026-09-02 12:00:00+00:00,0.3593,0.361,0.3557,0.3564,2300800.0
2026-09-02 13:00:00+00:00,0.3564,0.3623,0.3554,0.3603,1566302.8
2026-09-02 14:00:00+00:00,0.3604,0.3612,0.3559,0.3563,1261956.9
2026-09-02 15:00:00+00:00,0.3564,0.3612,0.3532,0.3611,2431388.1
2026-09-02 16:00:00+00:00,0.361,0.364,0.358,0.3582,1976186.4
2026-09-02 17:00:00+00:00,0.3582,0.3604,0.356,0.3604,1020459.3
2026-09-02 18:00:00+00:00,0.3604,0.3611,0.3584,0.3596,1288450.1
2026-09-02 19:00:00+00:00,0.3596,0.3596,0.356,0.3572,607037.2
2026-09-02 20:00:00+00:00,0.3573,0.3614,0.3571,0.3611,1811200.3
2026-09-02 21:00:00+00:00,0.361,0.3625,0.3594,0.361,1040507.3
2026-09-02 22:00:00+00:00,0.3609,0.361,0.3575,0.3591,815890.5
2026-09-02 23:00:00+00:00,0.3591,0.3667,0.3584,0.3666,1354195.2
2026-09-03 00:00:00+00:00,0.3666,0.373,0.3633,0.3676,3748953.3
2026-09-03 01:00:00+00:00,0.3675,0.374,0.3655,0.369,3192721.3
2026-09-03 02:00:00+00:00,0.3689,0.3743,0.3678,0.3729,1765011.9
2026-09-03 03:00:00+00:00,0.373,0.3747,0.3693,0.3704,1802341.3
2026-09-03 04:00:00+00:00,0.3704,0.3731,0.3679,0.3725,1339899.3
2026-09-03 05:00:00+00:00,0.3725,0.3761,0.3669,0.3749,2595684.6
2026-09-03 06:00:00+00:00,0.3749,0.3757,0.3725,0.373,1461040.1
2026-09-03 07:00:00+00:00,0.3729,0.3773,0.3727,0.3747,2724605.3
2026-09-03 08:00:00+00:00,0.3748,0.3804,0.3748,0.375,2015310.3
2026-09-03 09:00:00+00:00,0.3751,0.3768,0.3736,0.3737,1325577.6
2026-09-03 10:00:00+00:00,0.3736,0.3764,0.3731,0.3763,1343739.9
2026-09-03 11:00:00+00:00,0.3762,0.3776,0.3752,0.3769,1854977.8
2026-09-03 12:00:00+00:00,0.3769,0.3822,0.3767,0.3803,2670504.1
2026-09-03 13:00:00+00:00,0.3803,0.3809,0.377,0.377,1769563.3
2026-09-03 14:00:00+00:00,0.377,0.3856,0.3755,0.3854,2896953.3
2026-09-03 15:00:00+00:00,0.3854,0.392,0.3812,0.3917,4293030.5
2026-09-03 16:00:00+00:00,0.3919,0.3971,0.3881,0.3949,5017977.8
2026-09-03 17:00:00+00:00,0.3948,0.4006,0.3929,0.3997,3095206.7
2026-09-03 18:00:00+00:00,0.3997,0.4099,0.3989,0.4061,4626742.9
2026-09-03 19:00:00+00:00,0.4062,0.4071,0.3974,0.3991,3393210.5
2026-09-03 20:00:00+00:00,0.399,0.4026,0.3967,0.3999,1490666.3
2026-09-03 21:00:00+00:00,0.3999,0.4023,0.3973,0.3975,1823703.6
2026-09-03 22:00:00+00:00,0.3975,0.398,0.3913,0.3945,1800330.2
2026-09-03 23:00:00+00:00,0.3945,0.3969,0.3941,0.3954,1204083.4
2026-09-04 00:00:00+00:00,0.3954,0.3976,0.3906,0.3911,2133994.5
2026-09-04 01:00:00+00:00,0.3912,0.3953,0.3909,0.3938,1367781.7
2026-09-04 02:00:00+00:00,0.3936,0.3953,0.3913,0.395,565739.4
2026-09-04 03:00:00+00:00,0.395,0.3966,0.3928,0.3945,640477.0
2026-09-04 04:00:00+00:00,0.3944,0.3962,0.3918,0.3924,766380.9
2026-09-04 05:00:00+00:00,0.3924,0.3943,0.3844,0.3887,2188889.5
2026-09-04 06:00:00+00:00,0.3887,0.3898,0.3853,0.3898,2276533.5
2026-09-04 07:00:00+00:00,0.3899,0.3922,0.3889,0.3895,1712998.1
2026-09-04 08:00:00+00:00,0.3896,0.3944,0.3883,0.3934,1805606.3
2026-09-04 09:00:00+00:00,0.3935,0.3955,0.392,0.3931,1869845.3
2026-09-04 10:00:00+00:00,0.3929,0.3932,0.389,0.39,1282779.0
2026-09-04 11:00:00+00:00,0.39,0.3926,0.3898,0.3901,1467003.9
2026-09-04 12:00:00+00:00,0.39,0.3917,0.375,0.3774,8651849.4
2026-09-04 13:00:00+00:00,0.3773,0.3827,0.3754,0.38,2166867.7
2026-09-04 14:00:00+00:00,0.3799,0.381,0.3697,0.3719,2475166.3
2026-09-04 15:00:00+00:00,0.3718,0.3764,0.3712,0.3753,1398942.0
2026-09-04 16:00:00+00:00,0.3753,0.3791,0.3749,0.377,855191.3
2026-09-04 17:00:00+00:00,0.377,0.3775,0.375,0.3756,749196.4
2026-09-04 18:00:00+00:00,0.3756,0.3781,0.3752,0.3778,659560.6
2026-09-04 19:00:00+00:00,0.3777,0.3821,0.3773,0.3814,1497962.5
2026-09-04 20:00:00+00:00,0.3814,0.3826,0.3797,0.3808,998146.5
2026-09-04 21:00:00+00:00,0.3808,0.3817,0.3775,0.3783,893020.4
2026-09-04 22:00:00+00:00,0.3783,0.3807,0.3782,0.3792,402257.6
2026-09-04 23:00:00+00:00,0.3792,0.3837,0.3792,0.3836,461993.3
2026-09-05 00:00:00+00:00,0.3836,0.388,0.3819,0.3858,1802395.6
2026-09-05 01:00:00+00:00,0.3859,0.3911,0.3847,0.3865,2513023.8
2026-09-05 02:00:00+00:00,0.3865,0.3869,0.3836,0.3864,1632625.2
2026-09-05 03:00:00+00:00,0.3863,0.3878,0.3852,0.386,863953.5
2026-09-05 04:00:00+00:00,0.3861,0.39,0.3856,0.3888,1107087.7
2026-09-05 05:00:00+00:00,0.3888,0.3907,0.3869,0.3888,1240743.9
2026-09-05 06:00:00+00:00,0.3888,0.3958,0.3882,0.3932,2549876.8
2026-09-05 07:00:00+00:00,0.3933,0.3954,0.3912,0.3929,1152884.9
2026-09-05 08:00:00+00:00,0.3929,0.3972,0.3928,0.3961,3311071.0
2026-09-05 09:00:00+00:00,0.396,0.399,0.3954,0.3984,1835721.6
2026-09-05 10:00:00+00:00,0.3984,0.4037,0.3984,0.4018,4120939.8
2026-09-05 11:00:00+00:00,0.4017,0.4082,0.4002,0.4013,5135861.2
2026-09-05 12:00:00+00:00,0.4013,0.4046,0.4006,0.402,2496204.8
2026-09-05 13:00:00+00:00,0.4021,0.4043,0.3967,0.3978,3100002.7
2026-09-05 14:00:00+00:00,0.3978,0.3994,0.3967,0.3977,1230798.1
2026-09-05 15:00:00+00:00,0.3978,0.3986,0.3959,0.3976,1702411.1
2026-09-05 16:00:00+00:00,0.3976,0.4032,0.3953,0.3988,3513043.7
2026-09-05 17:00:00+00:00,0.3987,0.4016,0.3976,0.3991,1581386.2
2026-09-05 18:00:00+00:00,0.3992,0.3994,0.3937,0.3955,1581916.6
2026-09-05 19:00:00+00:00,0.3955,0.3989,0.395,0.3961,1364639.6
2026-09-05 20:00:00+00:00,0.3962,0.3975,0.3948,0.3966,2735503.9
2026-09-05 21:00:00+00:00,0.3967,0.3985,0.3961,0.3983,1000523.3
2026-09-05 22:00:00+00:00,0.3985,0.4004,0.3958,0.3965,1137028.2
2026-09-05 23:00:00+00:00,0.3965,0.3987,0.3962,0.3974,1040225.4
2026-09-06 00:00:00+00:00,0.3973,0.4009,0.397,0.3991,1046048.3
2026-09-06 01:00:00+00:00,0.3992,0.4043,0.3979,0.4024,2307820.3
2026-09-06 02:00:00+00:00,0.4024,0.4046,0.3996,0.3997,1078560.6
2026-09-06 03:00:00+00:00,0.3998,0.4013,0.3985,0.4001,1112126.3
2026-09-06 04:00:00+00:00,0.4001,0.4004,0.3941,0.3967,1399370.5
2026-09-06 05:00:00+00:00,0.3967,0.4016,0.3963,0.401,1103350.3
2026-09-06 06:00:00+00:00,0.4009,0.4033,0.3988,0.4014,1318306.6
2026-09-06 07:00:00+00:00,0.4015,0.4032,0.3958,0.4017,1481197.6
2026-09-06 08:00:00+00:00,0.4016,0.4028,0.3956,0.3988,1817817.8
2026-09-06 09:00:00+00:00,0.3988,0.404,0.3985,0.4025,2021627.8
2026-09-06 10:00:00+00:00,0.4025,0.4191,0.401,0.4168,5757718.9
2026-09-06 11:00:00+00:00,0.4169,0.4197,0.4139,0.4175,4912623.7
2026-09-06 12:00:00+00:00,0.4175,0.4249,0.4174,0.4217,5774402.3
2026-09-06 13:00:00+00:00,0.4218,0.4232,0.4128,0.4166,4637419.0
2026-09-06 14:00:00+00:00,0.4166,0.4192,0.4068,0.4082,5571597.0
2026-09-06 15:00:00+00:00,0.4083,0.4105,0.4047,0.4085,2192978.8
2026-09-06 16:00:00+00:00,0.4085,0.4135,0.4065,0.4134,1624843.7
2026-09-06 17:00:00+00:00,0.4133,0.4135,0.4092,0.4112,1107532.5
2026-09-06 18:00:00+00:00,0.4113,0.4149,0.4108,0.4134,913280.9
2026-09-06 19:00:00+00:00,0.4134,0.4151,0.4116,0.4133,746423.4
2026-09-06 20:00:00+00:00,0.4133,0.4163,0.4109,0.4118,1022583.9
2026-09-06 21:00:00+00:00,0.412,0.4248,0.4118,0.4238,2031385.4
2026-09-06 22:00:00+00:00,0.4239,0.4241,0.4135,0.4165,2840995.9
2026-09-06 23:00:00+00:00,0.4164,0.4213,0.4162,0.4204,1636336.5
2026-09-07 00:00:00+00:00,0.4204,0.4266,0.4173,0.4189,3771193.5
2026-09-07 01:00:00+00:00,0.4189,0.4191,0.4087,0.4109,3374597.9
2026-09-07 02:00:00+00:00,0.4108,0.424,0.4079,0.4191,3161684.4
2026-09-07 03:00:00+00:00,0.4191,0.4199,0.4131,0.4143,1807314.9
2026-09-07 04:00:00+00:00,0.4143,0.4179,0.4137,0.4165,2085127.3
2026-09-07 05:00:00+00:00,0.4166,0.4299,0.4157,0.4234,5713130.1
2026-09-07 06:00:00+00:00,0.4234,0.438,0.4219,0.4373,6345162.8
2026-09-07 07:00:00+00:00,0.4373,0.4582,0.4346,0.4488,17109915.6
2026-09-07 08:00:00+00:00,0.4487,0.4662,0.4471,0.4536,19052111.4
2026-09-07 09:00:00+00:00,0.4537,0.4614,0.4496,0.4513,9793657.1
2026-09-07 10:00:00+00:00,0.4514,0.4569,0.4461,0.4513,6352879.8
2026-09-07 11:00:00+00:00,0.4514,0.4543,0.4423,0.445,6476052.8
2026-09-07 12:00:00+00:00,0.445,0.4498,0.4441,0.4479,4798524.4
2026-09-07 13:00:00+00:00,0.4479,0.468,0.4471,0.467,7944201.1
2026-09-07 14:00:00+00:00,0.467,0.4779,0.4561,0.4715,10836173.2
2026-09-07 15:00:00+00:00,0.4715,0.4734,0.451,0.4539,7924626.0
2026-09-07 16:00:00+00:00,0.454,0.4648,0.4529,0.4626,3519186.2
2026-09-07 17:00:00+00:00,0.4626,0.4733,0.4616,0.4659,5107036.7
2026-09-07 18:00:00+00:00,0.4658,0.466,0.4548,0.456,3392861.8
2026-09-07 19:00:00+00:00,0.4559,0.465,0.4551,0.4645,2136613.7
2026-09-07 20:00:00+00:00,0.4644,0.466,0.4597,0.4619,1994379.0
2026-09-07 21:00:00+00:00,0.4618,0.4744,0.4617,0.4699,4105197.8
2026-09-07 22:00:00+00:00,0.4701,0.4776,0.467,0.4705,6451808.0
2026-09-07 23:00:00+00:00,0.4705,0.481,0.4703,0.4778,6149869.7
2026-09-08 00:00:00+00:00,0.4778,0.4928,0.4718,0.4916,7634659.6
2026-09-08 01:00:00+00:00,0.4916,0.5058,0.484,0.4912,12571917.2
2026-09-08 02:00:00+00:00,0.4911,0.4911,0.4768,0.4785,6396948.6
2026-09-08 03:00:00+00:00,0.4785,0.4847,0.4728,0.4751,6385634.7
2026-09-08 04:00:00+00:00,0.4751,0.4751,0.4659,0.4672,5905938.7
2026-09-08 05:00:00+00:00,0.4672,0.4739,0.4666,0.47,4347207.8
2026-09-08 06:00:00+00:00,0.47,0.471,0.4607,0.4634,5661137.1
2026-09-08 07:00:00+00:00,0.4634,0.48,0.4626,0.4789,5657223.6
2026-09-08 08:00:00+00:00,0.4789,0.4798,0.4696,0.4728,3291935.2
2026-09-08 09:00:00+00:00,0.4728,0.4867,0.4712,0.484,3501604.9
2026-09-08 10:00:00+00:00,0.484,0.4872,0.473,0.4749,4901477.8
2026-09-08 11:00:00+00:00,0.4749,0.4798,0.4651,0.4679,4252478.0
2026-09-08 12:00:00+00:00,0.4679,0.4786,0.4657,0.4743,3773227.4
2026-09-08 13:00:00+00:00,0.4743,0.4745,0.4611,0.4685,6152437.2
2026-09-08 14:00:00+00:00,0.4685,0.4787,0.4684,0.4773,4832165.0
2026-09-08 15:00:00+00:00,0.4772,0.4944,0.4736,0.4871,8457745.9
2026-09-08 16:00:00+00:00,0.4872,0.4884,0.4785,0.4848,3798903.1
2026-09-08 17:00:00+00:00,0.4848,0.4875,0.4755,0.476,3547006.3
2026-09-08 18:00:00+00:00,0.476,0.482,0.4699,0.4714,1865050.5
2026-09-08 19:00:00+00:00,0.4715,0.4739,0.4625,0.4637,2421986.3
2026-09-08 20:00:00+00:00,0.4637,0.4685,0.4581,0.4598,2123345.3
2026-09-08 21:00:00+00:00,0.4598,0.4619,0.4519,0.4532,1988335.5
2026-09-08 22:00:00+00:00,0.4532,0.4557,0.4516,0.4551,1830587.2
2026-09-08 23:00:00+00:00,0.4551,0.4564,0.4524,0.4529,1673567.2
2026-09-09 00:00:00+00:00,0.4529,0.4583,0.4485,0.4571,2947672.3
2026-09-09 01:00:00+00:00,0.4572,0.4604,0.4544,0.4581,3544859.0
2026-09-09 02:00:00+00:00,0.458,0.4586,0.4537,0.4546,2529690.1
2026-09-09 03:00:00+00:00,0.4545,0.4547,0.4487,0.45,2959910.3
2026-09-09 04:00:00+00:00,0.45,0.4608,0.45,0.4578,3059496.7
2026-09-09 05:00:00+00:00,0.4579,0.458,0.451,0.4516,3135173.7
2026-09-09 06:00:00+00:00,0.4516,0.4574,0.4495,0.4554,1731191.6
2026-09-09 07:00:00+00:00,0.4554,0.4585,0.4545,0.4568,1469949.8
2026-09-09 08:00:00+00:00,0.4569,0.4619,0.4554,0.4573,2953274.7
2026-09-09 09:00:00+00:00,0.4572,0.4573,0.4444,0.446,3479319.0
2026-09-09 10:00:00+00:00,0.446,0.4474,0.4414,0.4472,3954650.2
2026-09-09 11:00:00+00:00,0.4472,0.452,0.4435,0.4516,3884540.7
2026-09-09 12:00:00+00:00,0.4517,0.4558,0.4499,0.4527,3115380.6
2026-09-09 13:00:00+00:00,0.4527,0.4556,0.4464,0.4468,3209872.0
2026-09-09 14:00:00+00:00,0.4469,0.4504,0.4446,0.4455,2810915.0
2026-09-09 15:00:00+00:00,0.4455,0.4495,0.4317,0.4375,7358848.7
2026-09-09 16:00:00+00:00,0.4375,0.4382,0.4306,0.4345,3873022.3
2026-09-09 17:00:00+00:00,0.4344,0.438,0.4341,0.4362,2069373.7
2026-09-09 18:00:00+00:00,0.4362,0.4388,0.4331,0.4331,2057407.2
2026-09-09 19:00:00+00:00,0.4332,0.4344,0.4258,0.4268,2973769.3
2026-09-09 20:00:00+00:00,0.4268,0.4285,0.4228,0.4284,2516445.9
2026-09-09 21:00:00+00:00,0.4284,0.4286,0.4208,0.4232,1884123.4
2026-09-09 22:00:00+00:00,0.4233,0.4241,0.4089,0.4122,5360856.0
2026-09-09 23:00:00+00:00,0.4119,0.42,0.4119,0.4153,4541264.7
2026-09-10 00:00:00+00:00,0.4153,0.4171,0.404,0.4061,5283715.7
2026-09-10 01:00:00+00:00,0.4061,0.41,0.4014,0.4047,4521875.4
2026-09-10 02:00:00+00:00,0.4048,0.4141,0.4043,0.4133,5367816.4
2026-09-10 03:00:00+00:00,0.4133,0.4167,0.4133,0.4155,3958429.6
2026-09-10 04:00:00+00:00,0.4155,0.4185,0.414,0.415,1830929.4
2026-09-10 05:00:00+00:00,0.415,0.4177,0.4124,0.4167,1759089.9
2026-09-10 06:00:00+00:00,0.4168,0.4168,0.4088,0.4141,2418465.3
2026-09-10 07:00:00+00:00,0.4141,0.4142,0.4081,0.4109,1719633.2
2026-09-10 08:00:00+00:00,0.4108,0.4135,0.4095,0.4107,1952930.9
2026-09-10 09:00:00+00:00,0.4107,0.4115,0.4056,0.4081,2782686.8
2026-09-10 10:00:00+00:00,0.408,0.4107,0.4071,0.4083,1201722.7
2026-09-10 11:00:00+00:00,0.4083,0.4128,0.4069,0.4093,1729616.9
2026-09-10 12:00:00+00:00,0.4093,0.4115,0.396,0.4043,5993557.2
2026-09-10 13:00:00+00:00,0.4042,0.4076,0.4017,0.4054,2409920.8
2026-09-10 14:00:00+00:00,0.4054,0.4083,0.4013,0.404,2992843.1
2026-09-10 15:00:00+00:00,0.4041,0.4065,0.402,0.4061,1788748.5
2026-09-10 16:00:00+00:00,0.4061,0.4071,0.3972,0.4018,1905632.4
2026-09-10 17:00:00+00:00,0.402,0.4073,0.4013,0.4051,1584615.8
2026-09-10 18:00:00+00:00,0.4051,0.4063,0.4002,0.4058,1069350.6
2026-09-10 19:00:00+00:00,0.4057,0.4057,0.4004,0.4015,1628509.0
2026-09-10 20:00:00+00:00,0.4015,0.4049,0.4011,0.4029,809086.4
2026-09-10 21:00:00+00:00,0.4028,0.4042,0.4011,0.4026,1123327.4
2026-09-10 22:00:00+00:00,0.4027,0.4048,0.3986,0.3991,1360776.0
2026-09-10 23:00:00+00:00,0.3992,0.3998,0.3944,0.3956,2011405.6
2026-09-11 00:00:00+00:00,0.3957,0.4014,0.3957,0.4005,1121719.7
2026-09-11 01:00:00+00:00,0.4004,0.4019,0.3967,0.3997,1636106.1
2026-09-11 02:00:00+00:00,0.3997,0.4004,0.3967,0.3979,1291070.1
2026-09-11 03:00:00+00:00,0.3979,0.3983,0.3952,0.3981,1157210.2
2026-09-11 04:00:00+00:00,0.3982,0.4035,0.3981,0.4016,1378915.0
2026-09-11 05:00:00+00:00,0.4016,0.404,0.401,0.4021,1021686.7
2026-09-11 06:00:00+00:00,0.4022,0.4053,0.3986,0.4013,1118394.9
2026-09-11 07:00:00+00:00,0.4013,0.4046,0.4002,0.4007,1166561.5
2026-09-11 08:00:00+00:00,0.4007,0.4034,0.3994,0.4014,858217.2
2026-09-11 09:00:00+00:00,0.4015,0.4023,0.3957,0.3977,1860278.8
2026-09-11 10:00:00+00:00,0.3976,0.4019,0.396,0.3966,1588687.5
2026-09-11 11:00:00+00:00,0.3966,0.3971,0.3914,0.3968,2564859.4
2026-09-11 12:00:00+00:00,0.3967,0.4125,0.3874,0.4108,9236556.6
2026-09-11 13:00:00+00:00,0.4108,0.4256,0.4043,0.4244,6298983.6
2026-09-11 14:00:00+00:00,0.4245,0.4318,0.4166,0.4215,4942097.5
2026-09-11 15:00:00+00:00,0.4216,0.4231,0.4056,0.4094,3342731.3
2026-09-11 16:00:00+00:00,0.4093,0.4133,0.4066,0.4126,2734302.3
2026-09-11 17:00:00+00:00,0.4127,0.4137,0.4071,0.408,1041427.7
2026-09-11 18:00:00+00:00,0.408,0.4088,0.3942,0.398,4256200.9
2026-09-11 19:00:00+00:00,0.3981,0.4034,0.3961,0.4022,1677926.0
2026-09-11 20:00:00+00:00,0.4022,0.4041,0.3974,0.4001,1918695.1
2026-09-11 21:00:00+00:00,0.4,0.4031,0.3958,0.3967,1095981.7
2026-09-11 22:00:00+00:00,0.3966,0.4002,0.395,0.3957,2252333.9
2026-09-11 23:00:00+00:00,0.3957,0.4006,0.3954,0.4001,796356.2
2026-09-12 00:00:00+00:00,0.4,0.4041,0.3996,0.4029,863990.0
2026-09-12 01:00:00+00:00,0.4028,0.4067,0.4022,0.4045,1093303.8
2026-09-12 02:00:00+00:00,0.4046,0.4068,0.4036,0.4043,1025056.9
2026-09-12 03:00:00+00:00,0.4043,0.4061,0.403,0.4037,903331.5
2026-09-12 04:00:00+00:00,0.4037,0.4042,0.401,0.4018,763532.5
2026-09-12 05:00:00+00:00,0.4017,0.4021,0.3988,0.3998,1432260.4
2026-09-12 06:00:00+00:00,0.3998,0.4021,0.3989,0.4006,836573.0
2026-09-12 07:00:00+00:00,0.4005,0.4044,0.4,0.4042,759365.5
2026-09-12 08:00:00+00:00,0.4041,0.4048,0.4006,0.4024,1305767.7
2026-09-12 09:00:00+00:00,0.4024,0.4033,0.4006,0.4015,1169367.5
2026-09-12 10:00:00+00:00,0.4014,0.4027,0.4005,0.4015,652894.0
2026-09-12 11:00:00+00:00,0.4015,0.4034,0.3996,0.4026,1212123.4
2026-09-12 12:00:00+00:00,0.4027,0.4031,0.4007,0.4012,762018.1
2026-09-12 13:00:00+00:00,0.4012,0.4023,0.3993,0.4006,1420406.1
2026-09-12 14:00:00+00:00,0.4006,0.407,0.3998,0.4052,2083868.2
2026-09-12 15:00:00+00:00,0.4052,0.4094,0.4042,0.407,1691131.1
2026-09-12 16:00:00+00:00,0.4069,0.412,0.4053,0.4078,1489740.1
2026-09-12 17:00:00+00:00,0.4077,0.4083,0.4045,0.4047,759783.8
2026-09-12 18:00:00+00:00,0.4047,0.4047,0.4015,0.4016,1107023.8
2026-09-12 19:00:00+00:00,0.4017,0.4021,0.3992,0.4002,1292017.7
2026-09-12 20:00:00+00:00,0.4002,0.4027,0.4001,0.4006,759724.9
2026-09-12 21:00:00+00:00,0.4006,0.4021,0.398,0.399,798853.4
2026-09-12 22:00:00+00:00,0.3989,0.4011,0.3987,0.3997,790259.4
2026-09-12 23:00:00+00:00,0.3996,0.4006,0.3984,0.3994,973951.2
2026-09-13 00:00:00+00:00,0.3994,0.4014,0.3988,0.3994,399036.7
2026-09-13 01:00:00+00:00,0.3994,0.3997,0.3967,0.3979,1524423.2
2026-09-13 02:00:00+00:00,0.3978,0.3992,0.3965,0.3979,1340863.5
2026-09-13 03:00:00+00:00,0.3978,0.3991,0.3945,0.3959,1417393.3
2026-09-13 04:00:00+00:00,0.3959,0.3971,0.3955,0.3964,842836.1
2026-09-13 05:00:00+00:00,0.3964,0.3986,0.3963,0.3979,398712.6
2026-09-13 06:00:00+00:00,0.3979,0.398,0.3914,0.3929,1186507.5
2026-09-13 07:00:00+00:00,0.3928,0.3945,0.3925,0.3928,1071468.2
2026-09-13 08:00:00+00:00,0.3927,0.3933,0.388,0.3888,2044218.9
2026-09-13 09:00:00+00:00,0.3888,0.3913,0.387,0.391,1376200.4
2026-09-13 10:00:00+00:00,0.3909,0.3914,0.388,0.3887,700138.8
2026-09-13 11:00:00+00:00,0.3888,0.392,0.388,0.3905,640253.8
2026-09-13 12:00:00+00:00,0.3905,0.3913,0.3894,0.3911,660215.5
2026-09-13 13:00:00+00:00,0.3911,0.393,0.3875,0.393,902711.7
2026-09-13 14:00:00+00:00,0.393,0.3992,0.3928,0.3968,2059712.0
2026-09-13 15:00:00+00:00,0.3969,0.3971,0.3916,0.3918,1033169.4
2026-09-13 16:00:00+00:00,0.3917,0.3944,0.3912,0.393,1090983.9
2026-09-13 17:00:00+00:00,0.3931,0.3967,0.3929,0.3951,1278438.8
2026-09-13 18:00:00+00:00,0.3951,0.396,0.394,0.3946,813845.0
2026-09-13 19:00:00+00:00,0.3946,0.3951,0.3853,0.3883,1554832.2
2026-09-13 20:00:00+00:00,0.3883,0.3911,0.388,0.3907,627479.0
2026-09-13 21:00:00+00:00,0.3908,0.3914,0.3891,0.3893,530686.7
2026-09-13 22:00:00+00:00,0.3893,0.3893,0.3782,0.3799,3187319.7
2026-09-13 23:00:00+00:00,0.3799,0.3817,0.3776,0.3789,1596365.5
2026-09-14 00:00:00+00:00,0.379,0.3824,0.3754,0.3802,2270052.6
2026-09-14 01:00:00+00:00,0.3801,0.3843,0.3784,0.3838,1398494.6
2026-09-14 02:00:00+00:00,0.3838,0.3883,0.3829,0.3865,1520904.1
2026-09-14 03:00:00+00:00,0.3864,0.3885,0.3849,0.3867,1816472.7
2026-09-14 04:00:00+00:00,0.3867,0.3873,0.3842,0.385,1317191.9
2026-09-14 05:00:00+00:00,0.385,0.3851,0.3825,0.3838,825052.3
2026-09-14 06:00:00+00:00,0.3839,0.3877,0.3834,0.3837,2135479.8
2026-09-14 07:00:00+00:00,0.3837,0.3852,0.3818,0.3826,1258355.3
2026-09-14 08:00:00+00:00,0.3826,0.3852,0.3808,0.3833,1717472.8
2026-09-14 09:00:00+00:00,0.3833,0.3874,0.3803,0.3857,2826620.0
2026-09-14 10:00:00+00:00,0.3857,0.3868,0.3834,0.3844,1473078.2
2026-09-14 11:00:00+00:00,0.3844,0.3869,0.3827,0.3856,1290169.4
2026-09-14 12:00:00+00:00,0.3855,0.3876,0.382,0.3822,1759271.5
2026-09-14 13:00:00+00:00,0.3822,0.3862,0.3792,0.3829,3821088.2
2026-09-14 14:00:00+00:00,0.3829,0.3864,0.3811,0.3816,2114811.3
2026-09-14 15:00:00+00:00,0.3815,0.3851,0.3794,0.3839,2623974.0
2026-09-14 16:00:00+00:00,0.3838,0.3882,0.3829,0.3861,1988933.6
2026-09-14 17:00:00+00:00,0.3862,0.3932,0.3859,0.392,2597042.5
2026-09-14 18:00:00+00:00,0.3921,0.3956,0.3911,0.3953,1989112.1
2026-09-14 19:00:00+00:00,0.3952,0.3952,0.3899,0.3905,1411522.4
2026-09-14 20:00:00+00:00,0.3906,0.3997,0.3906,0.394,2490839.9
2026-09-14 21:00:00+00:00,0.3941,0.3943,0.3875,0.3881,2779716.0
2026-09-14 22:00:00+00:00,0.3882,0.3904,0.386,0.387,947733.4
2026-09-14 23:00:00+00:00,0.387,0.3878,0.3853,0.3854,732158.7
2026-09-15 00:00:00+00:00,0.3855,0.3879,0.3846,0.386,941092.3
2026-09-15 01:00:00+00:00,0.386,0.3861,0.3824,0.3828,865466.6
2026-09-15 02:00:00+00:00,0.3828,0.3832,0.3806,0.3813,582798.7
2026-09-15 03:00:00+00:00,0.3813,0.3813,0.3771,0.3784,2078447.7
2026-09-15 04:00:00+00:00,0.3784,0.3798,0.3778,0.3785,823835.3
2026-09-15 05:00:00+00:00,0.3786,0.3789,0.3743,0.3758,3580425.1
2026-09-15 06:00:00+00:00,0.3758,0.3764,0.3728,0.3738,1920404.7
2026-09-15 07:00:00+00:00,0.3737,0.376,0.3719,0.3728,2201607.0
2026-09-15 08:00:00+00:00,0.3728,0.3755,0.3712,0.3754,1064701.6
2026-09-15 09:00:00+00:00,0.3754,0.3758,0.3737,0.374,1630651.9
2026-09-15 10:00:00+00:00,0.3739,0.3748,0.3724,0.3744,1147283.3
2026-09-15 11:00:00+00:00,0.3744,0.3765,0.3708,0.3742,1856577.4
2026-09-15 12:00:00+00:00,0.3743,0.3776,0.3742,0.3759,1896175.3
2026-09-15 13:00:00+00:00,0.3759,0.379,0.3728,0.3777,1803767.7
2026-09-15 14:00:00+00:00,0.3777,0.3784,0.3658,0.3699,5191169.0
2026-09-15 15:00:00+00:00,0.3699,0.376,0.3691,0.3717,2278294.1
2026-09-15 16:00:00+00:00,0.3718,0.3732,0.3693,0.3712,1147743.5
2026-09-15 17:00:00+00:00,0.3713,0.3768,0.3696,0.374,2172945.9
2026-09-15 18:00:00+00:00,0.374,0.3766,0.3564,0.3678,8182529.6
2026-09-15 19:00:00+00:00,0.3678,0.3699,0.3645,0.3679,2872866.5
2026-09-15 20:00:00+00:00,0.368,0.3689,0.3623,0.367,1363374.1
2026-09-15 21:00:00+00:00,0.367,0.3672,0.36,0.3603,1098775.7
2026-09-15 22:00:00+00:00,0.3604,0.3629,0.3585,0.3623,1409702.2
2026-09-15 23:00:00+00:00,0.3623,0.3652,0.3618,0.3626,1016683.4
2026-09-16 00:00:00+00:00,0.3626,0.364,0.3613,0.3623,823816.9
2026-09-16 01:00:00+00:00,0.3622,0.363,0.3558,0.3578,2472165.6
2026-09-16 02:00:00+00:00,0.3578,0.3625,0.3575,0.3607,1155935.6
2026-09-16 03:00:00+00:00,0.3608,0.3634,0.3602,0.3612,1313682.9
2026-09-16 04:00:00+00:00,0.3612,0.3653,0.3612,0.3638,1231658.2
2026-09-16 05:00:00+00:00,0.3637,0.3646,0.3613,0.3635,1132788.7
2026-09-16 06:00:00+00:00,0.3635,0.3649,0.3619,0.3648,1347774.5
2026-09-16 07:00:00+00:00,0.3647,0.3669,0.3618,0.3618,1729248.5
2026-09-16 08:00:00+00:00,0.3618,0.3621,0.3591,0.3613,1782393.8
2026-09-16 09:00:00+00:00,0.3614,0.3655,0.3614,0.3653,932045.7
2026-09-16 10:00:00+00:00,0.3653,0.3665,0.3645,0.3664,1354380.6
2026-09-16 11:00:00+00:00,0.3664,0.3697,0.3662,0.3687,1679223.7
2026-09-16 12:00:00+00:00,0.3687,0.3694,0.3634,0.3653,1308478.8
2026-09-16 13:00:00+00:00,0.3652,0.3685,0.3625,0.3659,1738710.4
2026-09-16 14:00:00+00:00,0.3659,0.366,0.3615,0.3625,1746263.5
2026-09-16 15:00:00+00:00,0.3625,0.3646,0.358,0.3583,2831157.7
2026-09-16 16:00:00+00:00,0.3584,0.361,0.3574,0.3588,2550762.9
2026-09-16 17:00:00+00:00,0.3587,0.3626,0.3563,0.3605,2416994.4
2026-09-16 18:00:00+00:00,0.3605,0.371,0.3567,0.367,10466770.2
2026-09-16 19:00:00+00:00,0.3669,0.374,0.3601,0.3674,3686940.5
2026-09-16 20:00:00+00:00,0.3674,0.3722,0.3667,0.3703,2073657.5
2026-09-16 21:00:00+00:00,0.3703,0.3708,0.3673,0.3693,1014207.7
2026-09-16 22:00:00+00:00,0.3694,0.3696,0.3641,0.3644,3425175.8
2026-09-16 23:00:00+00:00,0.3644,0.3744,0.3636,0.3727,13680802.8
2026-09-17 00:00:00+00:00,0.3727,0.3757,0.3719,0.3721,10263018.0
2026-09-17 01:00:00+00:00,0.3722,0.3768,0.3704,0.3734,5408696.9
2026-09-17 02:00:00+00:00,0.3735,0.3744,0.3704,0.3719,3142256.7
2026-09-17 03:00:00+00:00,0.3718,0.3737,0.371,0.3723,2321728.8
2026-09-17 04:00:00+00:00,0.3723,0.3732,0.3695,0.3728,2363736.3
2026-09-17 05:00:00+00:00,0.3727,0.3734,0.3705,0.3711,2196573.9
2026-09-17 06:00:00+00:00,0.371,0.3727,0.3703,0.3715,2028370.3
2026-09-17 07:00:00+00:00,0.3716,0.3792,0.3714,0.3757,4642227.7
2026-09-17 08:00:00+00:00,0.3757,0.3769,0.374,0.3759,2516255.7
2026-09-17 09:00:00+00:00,0.3758,0.3771,0.3729,0.3732,3073474.4
2026-09-17 10:00:00+00:00,0.3732,0.3737,0.3713,0.3728,2441750.6
2026-09-17 11:00:00+00:00,0.3727,0.3743,0.371,0.3739,2554867.4
2026-09-17 12:00:00+00:00,0.374,0.378,0.3725,0.3749,4273082.6
2026-09-17 13:00:00+00:00,0.3749,0.3822,0.373,0.3778,7442451.9
2026-09-17 14:00:00+00:00,0.3778,0.3839,0.375,0.3759,4849690.6
2026-09-17 15:00:00+00:00,0.3759,0.377,0.3714,0.3766,3116993.3
2026-09-17 16:00:00+00:00,0.3766,0.3791,0.3748,0.3791,3318833.3
2026-09-17 17:00:00+00:00,0.3791,0.3831,0.3787,0.3797,3340259.9
2026-09-17 18:00:00+00:00,0.3797,0.3821,0.3782,0.3788,2373815.6
2026-09-17 19:00:00+00:00,0.3787,0.3818,0.3776,0.3797,2401113.5
2026-09-17 20:00:00+00:00,0.3798,0.3824,0.3784,0.3799,1904024.5
2026-09-17 21:00:00+00:00,0.38,0.3808,0.3763,0.3764,2519853.1
2026-09-17 22:00:00+00:00,0.3764,0.3797,0.3753,0.3797,2260931.3
2026-09-17 23:00:00+00:00,0.3797,0.3848,0.379,0.3835,2184454.4
2026-09-18 00:00:00+00:00,0.3835,0.3881,0.3805,0.3875,1875601.2
2026-09-18 01:00:00+00:00,0.3876,0.3989,0.3873,0.3988,3499127.0
2026-09-18 02:00:00+00:00,0.3989,0.4131,0.398,0.4089,8869622.7
2026-09-18 03:00:00+00:00,0.4089,0.4221,0.4062,0.4201,8126041.8
2026-09-18 04:00:00+00:00,0.4201,0.4264,0.4121,0.4251,7592260.3
2026-09-18 05:00:00+00:00,0.4251,0.4254,0.4125,0.4138,4460080.1
2026-09-18 06:00:00+00:00,0.4138,0.4288,0.4138,0.4284,5304875.5
2026-09-18 07:00:00+00:00,0.4283,0.4354,0.4273,0.4324,7754935.3
2026-09-18 08:00:00+00:00,0.4325,0.4363,0.4282,0.4336,4777249.0
2026-09-18 09:00:00+00:00,0.4335,0.44,0.4307,0.4381,4425397.7
2026-09-18 10:00:00+00:00,0.4381,0.444,0.4327,0.4334,6501153.7
2026-09-18 11:00:00+00:00,0.4333,0.4442,0.4247,0.4421,8702485.9
2026-09-18 12:00:00+00:00,0.4422,0.447,0.4367,0.4408,7977372.6
2026-09-18 13:00:00+00:00,0.4408,0.4424,0.433,0.4343,6676858.5
2026-09-18 14:00:00+00:00,0.4343,0.4382,0.4303,0.4316,4340565.3
2026-09-18 15:00:00+00:00,0.4317,0.4326,0.4228,0.4316,6156977.9
2026-09-18 16:00:00+00:00,0.4317,0.4378,0.4137,0.4165,9494859.5
2026-09-18 17:00:00+00:00,0.4166,0.4218,0.4119,0.4186,5141399.1
2026-09-18 18:00:00+00:00,0.4185,0.4194,0.4148,0.4162,1995023.8
2026-09-18 19:00:00+00:00,0.4163,0.4229,0.4163,0.4203,2405773.7
2026-09-18 20:00:00+00:00,0.4202,0.4251,0.4182,0.424,2077558.8
2026-09-18 21:00:00+00:00,0.4241,0.4289,0.4234,0.4265,1683454.5
2026-09-18 22:00:00+00:00,0.4265,0.4275,0.42,0.4216,2956603.9
2026-09-18 23:00:00+00:00,0.4217,0.4271,0.4216,0.4246,1696184.6
2026-09-19 00:00:00+00:00,0.4246,0.432,0.4226,0.4277,2024207.9
2026-09-19 01:00:00+00:00,0.4278,0.4335,0.422,0.4299,2301504.1
2026-09-19 02:00:00+00:00,0.4298,0.4341,0.4286,0.4292,2098851.9
2026-09-19 03:00:00+00:00,0.4293,0.4328,0.4283,0.4294,1249710.7
2026-09-19 04:00:00+00:00,0.4296,0.4316,0.4179,0.4202,3040824.6
2026-09-19 05:00:00+00:00,0.4201,0.4237,0.4195,0.4206,1256162.5
2026-09-19 06:00:00+00:00,0.4207,0.4224,0.4158,0.42,1973862.3
2026-09-19 07:00:00+00:00,0.4201,0.4204,0.4144,0.4156,2313730.9
2026-09-19 08:00:00+00:00,0.4157,0.4233,0.4142,0.4216,3778782.1
2026-09-19 09:00:00+00:00,0.4217,0.4239,0.4181,0.4229,2213782.6
2026-09-19 10:00:00+00:00,0.4229,0.4268,0.4219,0.4231,2092165.2
2026-09-19 11:00:00+00:00,0.4232,0.4298,0.4232,0.4282,3266489.3
2026-09-19 12:00:00+00:00,0.4282,0.433,0.4274,0.4318,3710311.2
2026-09-19 13:00:00+00:00,0.4318,0.4335,0.4267,0.431,2842045.9
2026-09-19 14:00:00+00:00,0.4311,0.4334,0.4278,0.4314,3771225.5
2026-09-19 15:00:00+00:00,0.4314,0.4327,0.4258,0.4267,1790966.4
2026-09-19 16:00:00+00:00,0.4268,0.4409,0.4253,0.4409,3600335.2
2026-09-19 17:00:00+00:00,0.4409,0.4412,0.4309,0.4347,4299443.6
2026-09-19 18:00:00+00:00,0.4347,0.4368,0.4285,0.4337,2368559.1
2026-09-19 19:00:00+00:00,0.4337,0.4368,0.4307,0.4345,1923213.2
2026-09-19 20:00:00+00:00,0.4345,0.4377,0.4325,0.4335,2355782.7
2026-09-19 21:00:00+00:00,0.4335,0.4355,0.4217,0.4272,3813338.8
2026-09-19 22:00:00+00:00,0.4272,0.436,0.4233,0.4353,3389973.2
2026-09-19 23:00:00+00:00,0.4353,0.4366,0.4301,0.4312,1941812.6
2026-09-20 00:00:00+00:00,0.4312,0.4378,0.4295,0.433,1622250.2
2026-09-20 01:00:00+00:00,0.4331,0.4348,0.426,0.433,2130828.0
2026-09-20 02:00:00+00:00,0.4331,0.4387,0.4206,0.4224,3997903.1
2026-09-20 03:00:00+00:00,0.4224,0.43,0.4172,0.4246,3490892.4
2026-09-20 04:00:00+00:00,0.4247,0.429,0.4221,0.4277,906730.2
2026-09-20 05:00:00+00:00,0.4278,0.432,0.4219,0.431,2017287.7
2026-09-20 06:00:00+00:00,0.4309,0.4336,0.4232,0.4251,2532563.1
2026-09-20 07:00:00+00:00,0.425,0.4277,0.4218,0.4227,986581.2
2026-09-20 08:00:00+00:00,0.4228,0.4272,0.418,0.4196,1642639.5
2026-09-20 09:00:00+00:00,0.4195,0.4283,0.4187,0.4226,1474925.1
2026-09-20 10:00:00+00:00,0.4227,0.424,0.4167,0.4195,1682151.3
2026-09-20 11:00:00+00:00,0.4196,0.424,0.4179,0.4225,1318487.9
2026-09-20 12:00:00+00:00,0.4224,0.4259,0.419,0.4217,1946882.9
2026-09-20 13:00:00+00:00,0.4217,0.4222,0.4158,0.4185,1560663.4
2026-09-20 14:00:00+00:00,0.4184,0.4237,0.4179,0.4203,1356781.6
2026-09-20 15:00:00+00:00,0.4203,0.4339,0.4203,0.4319,3127364.6
2026-09-20 16:00:00+00:00,0.432,0.4529,0.4298,0.4521,8308703.0
2026-09-20 17:00:00+00:00,0.4522,0.4541,0.4358,0.4379,5272954.5
2026-09-20 18:00:00+00:00,0.4378,0.4395,0.4293,0.4306,2121844.4
2026-09-20 19:00:00+00:00,0.4307,0.4387,0.4307,0.4362,1038342.8
2026-09-20 20:00:00+00:00,0.4362,0.4421,0.4359,0.4385,1705978.7
2026-09-20 21:00:00+00:00,0.4384,0.4386,0.4294,0.4369,2652573.3
2026-09-20 22:00:00+00:00,0.437,0.441,0.4356,0.4387,1633083.9
2026-09-20 23:00:00+00:00,0.4386,0.4386,0.435,0.4355,1245273.8
2026-09-21 00:00:00+00:00,0.4355,0.4462,0.4353,0.4425,4583037.4
2026-09-21 01:00:00+00:00,0.4424,0.4458,0.4306,0.4315,3109623.3
2026-09-21 02:00:00+00:00,0.4315,0.4416,0.4269,0.4394,3065916.3
2026-09-21 03:00:00+00:00,0.4395,0.4444,0.439,0.442,1731681.5
2026-09-21 04:00:00+00:00,0.442,0.443,0.436,0.4409,1616490.1
2026-09-21 05:00:00+00:00,0.4409,0.4474,0.4382,0.4441,2408547.9
2026-09-21 06:00:00+00:00,0.4441,0.4543,0.4418,0.4527,3150750.9
2026-09-21 07:00:00+00:00,0.4526,0.4539,0.4436,0.4482,2676561.7
2026-09-21 08:00:00+00:00,0.4482,0.455,0.4451,0.4531,4652392.9
2026-09-21 09:00:00+00:00,0.4531,0.4581,0.4407,0.4417,8232690.0
2026-09-21 10:00:00+00:00,0.4418,0.4496,0.4406,0.4495,4617738.1
2026-09-21 11:00:00+00:00,0.4494,0.4537,0.4482,0.4492,2778512.0
2026-09-21 12:00:00+00:00,0.4491,0.4535,0.4472,0.4524,3082836.8
2026-09-21 13:00:00+00:00,0.4524,0.4557,0.4428,0.4475,4979003.2
2026-09-21 14:00:00+00:00,0.4475,0.4478,0.4377,0.4422,7841326.6
2026-09-21 15:00:00+00:00,0.4422,0.4464,0.4343,0.441,6864000.5
2026-09-21 16:00:00+00:00,0.441,0.4449,0.4379,0.439,3837950.7
2026-09-21 17:00:00+00:00,0.439,0.4403,0.4287,0.4309,5185677.4
2026-09-21 18:00:00+00:00,0.4309,0.436,0.4292,0.4346,2278178.1
2026-09-21 19:00:00+00:00,0.4347,0.4397,0.4327,0.4395,2126286.2
2026-09-21 20:00:00+00:00,0.4396,0.4666,0.4391,0.4636,12533578.9
2026-09-21 21:00:00+00:00,0.4635,0.4655,0.4499,0.4514,3756833.5
2026-09-21 22:00:00+00:00,0.4514,0.4627,0.4514,0.4608,2894236.1
2026-09-21 23:00:00+00:00,0.4608,0.4656,0.4556,0.4582,2670297.5
2026-09-22 00:00:00+00:00,0.4581,0.4774,0.4563,0.4697,7204009.7
2026-09-22 01:00:00+00:00,0.4697,0.4734,0.4577,0.4658,6577448.7
2026-09-22 02:00:00+00:00,0.4658,0.4685,0.455,0.4564,4047437.0
2026-09-22 03:00:00+00:00,0.4564,0.462,0.4536,0.4576,2808758.1
2026-09-22 04:00:00+00:00,0.4576,0.462,0.4467,0.4491,4137039.5
2026-09-22 05:00:00+00:00,0.4492,0.4584,0.4467,0.4544,3138062.9
2026-09-22 06:00:00+00:00,0.4544,0.4571,0.4504,0.4525,1659515.7
2026-09-22 07:00:00+00:00,0.4524,0.4571,0.4478,0.4521,2427536.2
2026-09-22 08:00:00+00:00,0.4522,0.4566,0.4468,0.4553,2440797.2
2026-09-22 09:00:00+00:00,0.4552,0.4561,0.4462,0.4494,3551195.4
2026-09-22 10:00:00+00:00,0.4494,0.4495,0.4411,0.4484,3232854.7
2026-09-22 11:00:00+00:00,0.4483,0.4516,0.4445,0.4484,1846465.0
2026-09-22 12:00:00+00:00,0.4483,0.4574,0.446,0.4564,2734631.3
2026-09-22 13:00:00+00:00,0.4565,0.4632,0.4524,0.4601,5226716.5
2026-09-22 14:00:00+00:00,0.4601,0.4601,0.4441,0.4507,3434390.3
2026-09-22 15:00:00+00:00,0.4507,0.4578,0.4502,0.4532,2356349.2
2026-09-22 16:00:00+00:00,0.4532,0.4544,0.4472,0.4542,2766074.6
2026-09-22 17:00:00+00:00,0.4543,0.4591,0.4531,0.4568,2162968.3
2026-09-22 18:00:00+00:00,0.4569,0.4626,0.4553,0.4556,2303954.2
2026-09-22 19:00:00+00:00,0.4556,0.4638,0.4544,0.4627,2357289.3
2026-09-22 20:00:00+00:00,0.4628,0.4695,0.4611,0.4644,2606453.1
2026-09-22 21:00:00+00:00,0.4644,0.4674,0.4583,0.4602,3319837.9
2026-09-22 22:00:00+00:00,0.4601,0.4682,0.4557,0.4633,5046203.7
2026-09-22 23:00:00+00:00,0.4634,0.4742,0.4631,0.4714,5152320.8
2026-09-23 00:00:00+00:00,0.4712,0.4792,0.4674,0.4699,5348797.6
2026-09-23 01:00:00+00:00,0.4698,0.4736,0.4597,0.4625,3341474.9
2026-09-23 02:00:00+00:00,0.4624,0.4672,0.4595,0.4669,1808202.5
2026-09-23 03:00:00+00:00,0.4669,0.4726,0.4645,0.469,2813845.7
2026-09-23 04:00:00+00:00,0.469,0.4706,0.4643,0.4648,3443957.6
2026-09-23 05:00:00+00:00,0.4648,0.4651,0.4575,0.4585,6180871.4
2026-09-23 06:00:00+00:00,0.4585,0.4632,0.457,0.4588,7572894.5
2026-09-23 07:00:00+00:00,0.4588,0.4591,0.4529,0.4543,11872521.7
2026-09-23 08:00:00+00:00,0.4543,0.4569,0.4491,0.4525,10816825.1
2026-09-23 09:00:00+00:00,0.4524,0.4584,0.4514,0.4568,7905200.6
2026-09-23 10:00:00+00:00,0.4568,0.4593,0.4515,0.4581,7346715.9
2026-09-23 11:00:00+00:00,0.458,0.4586,0.4495,0.4544,3778134.2
2026-09-23 12:00:00+00:00,0.4543,0.4569,0.4502,0.4539,4533591.5
2026-09-23 13:00:00+00:00,0.4539,0.4542,0.4454,0.4476,7743705.1
2026-09-23 14:00:00+00:00,0.4477,0.4496,0.4064,0.4229,42968175.5
2026-09-23 15:00:00+00:00,0.4228,0.4252,0.4134,0.4152,16711060.7
2026-09-23 16:00:00+00:00,0.4151,0.4175,0.4079,0.4141,9758945.0
2026-09-23 17:00:00+00:00,0.4141,0.4154,0.408,0.4127,4321633.8
2026-09-23 18:00:00+00:00,0.4128,0.4128,0.4046,0.405,8348097.3
2026-09-23 19:00:00+00:00,0.4049,0.4092,0.4035,0.4078,6260078.2
2026-09-23 20:00:00+00:00,0.4079,0.4084,0.403,0.4044,4484887.3
2026-09-23 21:00:00+00:00,0.4044,0.4087,0.4033,0.4071,3423199.7
2026-09-23 22:00:00+00:00,0.407,0.4103,0.4046,0.4066,5422376.0
2026-09-23 23:00:00+00:00,0.4066,0.4075,0.4042,0.4064,3118599.5
2026-09-24 00:00:00+00:00,0.4064,0.4084,0.4038,0.4064,2437636.8
2026-09-24 01:00:00+00:00,0.4064,0.4089,0.4034,0.4041,3400542.1
2026-09-24 02:00:00+00:00,0.4041,0.4124,0.4,0.4105,5018590.9
2026-09-24 03:00:00+00:00,0.4106,0.4134,0.4071,0.4076,3049868.5
2026-09-24 04:00:00+00:00,0.4077,0.4158,0.4063,0.4156,2184015.2
2026-09-24 05:00:00+00:00,0.4156,0.42,0.413,0.4131,2739698.6
2026-09-24 06:00:00+00:00,0.413,0.4182,0.4119,0.4158,2035706.2
2026-09-24 07:00:00+00:00,0.4158,0.4177,0.4123,0.416,3162745.4
2026-09-24 08:00:00+00:00,0.4159,0.4174,0.4038,0.4088,5635482.9
2026-09-24 09:00:00+00:00,0.4089,0.4097,0.4007,0.4033,4582802.3
2026-09-24 10:00:00+00:00,0.4032,0.407,0.4018,0.4067,3166164.4
2026-09-24 11:00:00+00:00,0.4067,0.408,0.4052,0.4064,2783009.6
2026-09-24 12:00:00+00:00,0.4063,0.4124,0.4052,0.4112,2374763.4
2026-09-24 13:00:00+00:00,0.4113,0.4293,0.4113,0.4287,5760524.1
2026-09-24 14:00:00+00:00,0.4287,0.4499,0.4279,0.4341,19088503.7
2026-09-24 15:00:00+00:00,0.434,0.4429,0.4312,0.4408,7611485.9
2026-09-24 16:00:00+00:00,0.4409,0.4575,0.4378,0.4504,11255103.3
2026-09-24 17:00:00+00:00,0.4503,0.4515,0.4388,0.4411,4220230.0
2026-09-24 18:00:00+00:00,0.4411,0.446,0.4368,0.4442,2378372.7
2026-09-24 19:00:00+00:00,0.4441,0.4461,0.4416,0.4427,1977610.4
2026-09-24 20:00:00+00:00,0.4426,0.4449,0.4384,0.4395,1581070.3
2026-09-24 21:00:00+00:00,0.4395,0.4435,0.4386,0.4403,998082.1
2026-09-24 22:00:00+00:00,0.4402,0.4405,0.4346,0.437,1422537.3
2026-09-24 23:00:00+00:00,0.437,0.443,0.4369,0.4401,1601586.6
2026-09-25 00:00:00+00:00,0.44,0.4435,0.4366,0.4415,2326750.9
2026-09-25 01:00:00+00:00,0.4416,0.4436,0.4357,0.437,2213802.8
2026-09-25 02:00:00+00:00,0.4371,0.4414,0.4287,0.4303,3372527.7
2026-09-25 03:00:00+00:00,0.4303,0.4332,0.426,0.4322,2366677.7
2026-09-25 04:00:00+00:00,0.4322,0.4372,0.431,0.4346,1074029.6
2026-09-25 05:00:00+00:00,0.4344,0.436,0.4323,0.4348,1096888.6
2026-09-25 06:00:00+00:00,0.4348,0.4399,0.4337,0.437,1253232.9
2026-09-25 07:00:00+00:00,0.4369,0.4404,0.4351,0.4391,1544798.5
2026-09-25 08:00:00+00:00,0.4392,0.451,0.4387,0.4474,5313910.0
2026-09-25 09:00:00+00:00,0.4474,0.4528,0.4457,0.4511,4523219.8
2026-09-25 10:00:00+00:00,0.4512,0.4529,0.4478,0.4495,3643050.1
2026-09-25 11:00:00+00:00,0.4495,0.4599,0.4495,0.4559,6910416.0
2026-09-25 12:00:00+00:00,0.456,0.4622,0.448,0.4589,7040667.1
2026-09-25 13:00:00+00:00,0.4589,0.4624,0.4469,0.4534,7978819.6
2026-09-25 14:00:00+00:00,0.4535,0.4545,0.445,0.4534,7901921.2
2026-09-25 15:00:00+00:00,0.4534,0.4576,0.4492,0.4564,6124512.6
2026-09-25 16:00:00+00:00,0.4565,0.4639,0.4549,0.4585,5512269.0
2026-09-25 17:00:00+00:00,0.4585,0.4648,0.4569,0.4616,4000142.8
2026-09-25 18:00:00+00:00,0.4616,0.4646,0.4582,0.4609,3248812.7
2026-09-25 19:00:00+00:00,0.4609,0.4709,0.4598,0.4693,4757160.1
2026-09-25 20:00:00+00:00,0.4693,0.4894,0.4691,0.4762,12378276.5
2026-09-25 21:00:00+00:00,0.4761,0.4787,0.4671,0.4672,5105177.5
2026-09-25 22:00:00+00:00,0.4672,0.491,0.4657,0.4874,6666221.0
2026-09-25 23:00:00+00:00,0.4873,0.5033,0.4837,0.4949,12252244.2
2026-09-26 00:00:00+00:00,0.495,0.5127,0.4895,0.4916,13385917.9
2026-09-26 01:00:00+00:00,0.4915,0.4964,0.4874,0.4881,4356874.6
2026-09-26 02:00:00+00:00,0.488,0.4915,0.4819,0.4847,3761299.6
2026-09-26 03:00:00+00:00,0.4846,0.4863,0.4803,0.482,2431739.8
2026-09-26 04:00:00+00:00,0.482,0.4876,0.4814,0.4821,2620802.5
2026-09-26 05:00:00+00:00,0.4821,0.484,0.4762,0.4775,3273632.8
2026-09-26 06:00:00+00:00,0.4775,0.4829,0.4756,0.48,3500899.1
2026-09-26 07:00:00+00:00,0.48,0.4847,0.4797,0.4832,1982395.4
2026-09-26 08:00:00+00:00,0.4831,0.4839,0.4761,0.4795,2732537.2
2026-09-26 09:00:00+00:00,0.4795,0.4807,0.4747,0.4776,1741115.9
2026-09-26 10:00:00+00:00,0.4776,0.49,0.4775,0.4864,3687085.7
2026-09-26 11:00:00+00:00,0.4863,0.4905,0.4827,0.4887,2962722.4
2026-09-26 12:00:00+00:00,0.4887,0.4951,0.4857,0.4863,5275736.4
2026-09-26 13:00:00+00:00,0.4862,0.4949,0.4848,0.4925,3743051.2
2026-09-26 14:00:00+00:00,0.4926,0.5112,0.4912,0.5111,9299344.7
2026-09-26 15:00:00+00:00,0.5111,0.5433,0.5105,0.5413,29919480.1
2026-09-26 16:00:00+00:00,0.5412,0.551,0.5308,0.5329,22916350.2
2026-09-26 17:00:00+00:00,0.5329,0.5457,0.5283,0.5351,8439568.8
2026-09-26 18:00:00+00:00,0.5351,0.5433,0.5284,0.5325,7102945.0
2026-09-26 19:00:00+00:00,0.5324,0.5373,0.5292,0.5316,3771763.6
2026-09-26 20:00:00+00:00,0.5316,0.5342,0.515,0.5227,7098644.2
2026-09-26 21:00:00+00:00,0.5226,0.5298,0.5211,0.529,2359566.2
2026-09-26 22:00:00+00:00,0.5289,0.5338,0.5224,0.5224,2064178.9
2026-09-26 23:00:00+00:00,0.5224,0.5267,0.5199,0.5229,2648901.3
2026-09-27 00:00:00+00:00,0.5229,0.5282,0.5182,0.5201,3959791.7
2026-09-27 01:00:00+00:00,0.5201,0.5259,0.517,0.5223,2784159.9
2026-09-27 02:00:00+00:00,0.5222,0.5307,0.5197,0.5254,3964770.8
2026-09-27 03:00:00+00:00,0.5254,0.53,0.523,0.5249,2180030.1
2026-09-27 04:00:00+00:00,0.5249,0.5252,0.5106,0.5166,4438716.6
2026-09-27 05:00:00+00:00,0.5165,0.5256,0.5158,0.5244,2739913.1
2026-09-27 06:00:00+00:00,0.5243,0.5431,0.5241,0.5365,8740834.2
2026-09-27 07:00:00+00:00,0.5365,0.5453,0.5317,0.5376,4642559.2
2026-09-27 08:00:00+00:00,0.5376,0.5532,0.5369,0.5476,6690277.4
2026-09-27 09:00:00+00:00,0.5477,0.5688,0.5431,0.5655,12355395.1
2026-09-27 10:00:00+00:00,0.5655,0.574,0.5561,0.5637,15269915.1
2026-09-27 11:00:00+00:00,0.5636,0.5867,0.5613,0.5782,14166342.3
2026-09-27 12:00:00+00:00,0.5781,0.5884,0.5725,0.5754,11343822.3
2026-09-27 13:00:00+00:00,0.5753,0.5858,0.5624,0.575,11660822.4
2026-09-27 14:00:00+00:00,0.575,0.5768,0.5579,0.5671,10248299.1
2026-09-27 15:00:00+00:00,0.5671,0.5686,0.5505,0.5519,18919692.6
2026-09-27 16:00:00+00:00,0.5518,0.5662,0.5505,0.5615,9535521.7
2026-09-27 17:00:00+00:00,0.5615,0.5656,0.5526,0.5566,5766339.3
2026-09-27 18:00:00+00:00,0.5565,0.5711,0.5546,0.5667,4712433.9
2026-09-27 19:00:00+00:00,0.5667,0.5671,0.5588,0.56,2552921.9
2026-09-27 20:00:00+00:00,0.56,0.5648,0.5524,0.5546,3971519.3
2026-09-27 21:00:00+00:00,0.5546,0.5603,0.5456,0.5557,3450127.5
2026-09-27 22:00:00+00:00,0.5557,0.5573,0.5362,0.5459,5365874.7
2026-09-27 23:00:00+00:00,0.5458,0.5486,0.5419,0.5447,3526134.2
2026-09-28 00:00:00+00:00,0.5448,0.5513,0.5394,0.5399,5295698.1
2026-09-28 01:00:00+00:00,0.54,0.5446,0.5271,0.5318,8143804.5
2026-09-28 02:00:00+00:00,0.5317,0.5382,0.5268,0.5305,5709182.3
2026-09-28 03:00:00+00:00,0.5307,0.5337,0.5207,0.5266,8046119.9
2026-09-28 04:00:00+00:00,0.5267,0.5332,0.5228,0.531,3804894.5
2026-09-28 05:00:00+00:00,0.5309,0.5327,0.5163,0.5223,10028819.6
2026-09-28 06:00:00+00:00,0.5222,0.5259,0.5176,0.5199,4247580.0
2026-09-28 07:00:00+00:00,0.5198,0.5235,0.5089,0.5095,6299526.3
2026-09-28 08:00:00+00:00,0.5096,0.517,0.5076,0.5118,5337359.2
2026-09-28 09:00:00+00:00,0.5119,0.5126,0.5022,0.5058,6949027.8
2026-09-28 10:00:00+00:00,0.5059,0.5126,0.5036,0.5115,5313114.1
2026-09-28 11:00:00+00:00,0.5116,0.5158,0.5086,0.5113,5380361.9
2026-09-28 12:00:00+00:00,0.5113,0.5207,0.5081,0.5178,10081629.0
2026-09-28 13:00:00+00:00,0.5177,0.5186,0.5068,0.5092,7498116.6
2026-09-28 14:00:00+00:00,0.5092,0.5092,0.4759,0.4869,23868723.5
2026-09-28 15:00:00+00:00,0.4869,0.489,0.4791,0.4874,9574445.4
2026-09-28 16:00:00+00:00,0.4875,0.5014,0.4838,0.4974,8982934.8
2026-09-28 17:00:00+00:00,0.4974,0.506,0.4922,0.4973,6516836.3
2026-09-28 18:00:00+00:00,0.4974,0.5025,0.4946,0.4994,3499544.1
2026-09-28 19:00:00+00:00,0.4995,0.4995,0.4814,0.4823,4645337.6
2026-09-28 20:00:00+00:00,0.4823,0.4877,0.48,0.4852,2313466.5
2026-09-28 21:00:00+00:00,0.4852,0.4895,0.4805,0.482,2325583.0
2026-09-28 22:00:00+00:00,0.482,0.4859,0.478,0.4853,2415631.9
2026-09-28 23:00:00+00:00,0.4852,0.4915,0.4846,0.4915,3066712.8
2026-09-29 00:00:00+00:00,0.4915,0.4971,0.4872,0.4872,3380149.8
2026-09-29 01:00:00+00:00,0.4871,0.4927,0.4755,0.4816,4603739.3
2026-09-29 02:00:00+00:00,0.4815,0.4828,0.4663,0.4689,6386927.8
2026-09-29 03:00:00+00:00,0.4689,0.4776,0.4676,0.4742,2299993.0
2026-09-29 04:00:00+00:00,0.4743,0.4808,0.4719,0.4751,1641820.7
2026-09-29 05:00:00+00:00,0.4751,0.484,0.472,0.4829,5153110.7
2026-09-29 06:00:00+00:00,0.4829,0.4942,0.4818,0.4928,5359324.5
2026-09-29 07:00:00+00:00,0.4928,0.5072,0.4916,0.5026,9155375.0
2026-09-29 08:00:00+00:00,0.5026,0.5063,0.496,0.4992,4626994.8
2026-09-29 09:00:00+00:00,0.4992,0.5024,0.4972,0.4992,2714369.0
2026-09-29 10:00:00+00:00,0.4992,0.5,0.4947,0.4993,2249907.0
2026-09-29 11:00:00+00:00,0.4992,0.5074,0.498,0.5054,4434974.2
2026-09-29 12:00:00+00:00,0.5054,0.5088,0.499,0.5007,3862129.8
2026-09-29 13:00:00+00:00,0.5007,0.5026,0.4948,0.499,4082860.5
2026-09-29 14:00:00+00:00,0.4991,0.5224,0.4962,0.5118,9113777.2
2026-09-29 15:00:00+00:00,0.5119,0.5162,0.4929,0.4963,10116387.7
2026-09-29 16:00:00+00:00,0.4962,0.5023,0.486,0.4912,6409280.4
2026-09-29 17:00:00+00:00,0.4911,0.494,0.4831,0.4855,4335109.7
2026-09-29 18:00:00+00:00,0.4856,0.4981,0.4856,0.495,4480728.9
2026-09-29 19:00:00+00:00,0.4949,0.5033,0.4926,0.4935,4110867.5
2026-09-29 20:00:00+00:00,0.4934,0.4997,0.4895,0.4946,2331791.0
2026-09-29 21:00:00+00:00,0.4947,0.4968,0.487,0.4894,2974367.9
2026-09-29 22:00:00+00:00,0.4894,0.4932,0.4869,0.4882,2611043.9
2026-09-29 23:00:00+00:00,0.4881,0.4933,0.4771,0.4837,5381061.4
2026-09-30 00:00:00+00:00,0.4836,0.4908,0.4797,0.4902,3061448.3
2026-09-30 01:00:00+00:00,0.4902,0.5015,0.4898,0.4935,5061949.2
2026-09-30 02:00:00+00:00,0.4936,0.5002,0.4886,0.4907,2986463.0
2026-09-30 03:00:00+00:00,0.4909,0.492,0.4853,0.4893,1929224.3
2026-09-30 04:00:00+00:00,0.4893,0.4987,0.4887,0.4953,2481731.7
2026-09-30 05:00:00+00:00,0.4954,0.5072,0.493,0.5005,4432734.9
2026-09-30 06:00:00+00:00,0.5006,0.5041,0.4942,0.4955,3484451.7
2026-09-30 07:00:00+00:00,0.4954,0.5037,0.4928,0.5018,2866279.0
2026-09-30 08:00:00+00:00,0.5018,0.5196,0.4953,0.5147,6940816.4
2026-09-30 09:00:00+00:00,0.5146,0.5229,0.5115,0.5134,10091405.8
2026-09-30 10:00:00+00:00,0.5134,0.5182,0.5115,0.5134,5610725.0
2026-09-30 11:00:00+00:00,0.5134,0.5436,0.5092,0.5425,11148258.7
2026-09-30 12:00:00+00:00,0.5424,0.5522,0.529,0.5447,16371666.3
2026-09-30 13:00:00+00:00,0.5447,0.5712,0.5418,0.5505,21923098.9
2026-09-30 14:00:00+00:00,0.5506,0.5517,0.5335,0.5396,12692068.9
2026-09-30 15:00:00+00:00,0.5397,0.5426,0.5256,0.5358,5238494.4
2026-09-30 16:00:00+00:00,0.5358,0.547,0.5355,0.5457,6360232.9
2026-09-30 17:00:00+00:00,0.5457,0.5481,0.5309,0.5335,4256207.2
2026-09-30 18:00:00+00:00,0.5334,0.5349,0.5226,0.5307,5153106.5
2026-09-30 19:00:00+00:00,0.5307,0.5344,0.5275,0.5312,2620144.2
2026-09-30 20:00:00+00:00,0.5312,0.5407,0.5302,0.5354,3091835.8
2026-09-30 21:00:00+00:00,0.5355,0.5398,0.5305,0.5341,3950352.7
2026-09-30 22:00:00+00:00,0.5341,0.5417,0.526,0.5392,3224235.1
2026-09-30 23:00:00+00:00,0.5393,0.5444,0.5337,0.5353,5602928.0
2026-10-01 00:00:00+00:00,0.5353,0.5467,0.5331,0.5398,5101422.8
2026-10-01 01:00:00+00:00,0.5398,0.5465,0.5356,0.537,3981625.5
2026-10-01 02:00:00+00:00,0.5369,0.5432,0.5329,0.537,4559888.0
2026-10-01 03:00:00+00:00,0.5371,0.5412,0.5342,0.5378,5080383.7
2026-10-01 04:00:00+00:00,0.5378,0.5384,0.5307,0.5322,4769166.5
2026-10-01 05:00:00+00:00,0.5322,0.5348,0.5291,0.5331,3665828.1
2026-10-01 06:00:00+00:00,0.533,0.5436,0.5318,0.543,4339188.8
2026-10-01 07:00:00+00:00,0.5429,0.5442,0.5183,0.5196,8027702.0
2026-10-01 08:00:00+00:00,0.5196,0.5229,0.5149,0.5213,4991706.7
2026-10-01 09:00:00+00:00,0.5212,0.5269,0.5194,0.5221,3644634.5
2026-10-01 10:00:00+00:00,0.522,0.5246,0.5115,0.5223,5117601.4
2026-10-01 11:00:00+00:00,0.5222,0.5233,0.5133,0.5212,4164757.2
2026-10-01 12:00:00+00:00,0.5211,0.5238,0.5172,0.5191,4079229.9
2026-10-01 13:00:00+00:00,0.5191,0.5214,0.5094,0.5119,7426261.2
2026-10-01 14:00:00+00:00,0.5118,0.5123,0.4915,0.4949,14018237.2
2026-10-01 15:00:00+00:00,0.4949,0.5023,0.4807,0.4883,12429590.8
2026-10-01 16:00:00+00:00,0.4882,0.4938,0.4856,0.4875,6255814.0
2026-10-01 17:00:00+00:00,0.4876,0.5009,0.4874,0.4965,8916295.3
2026-10-01 18:00:00+00:00,0.4966,0.5003,0.4939,0.4953,3923736.1
2026-10-01 19:00:00+00:00,0.4953,0.5049,0.4905,0.5015,3778728.5
2026-10-01 20:00:00+00:00,0.5014,0.5034,0.4991,0.5008,2005690.6
2026-10-01 21:00:00+00:00,0.5007,0.5007,0.493,0.4954,2572855.0
2026-10-01 22:00:00+00:00,0.4953,0.5006,0.4952,0.5003,2239289.5
2026-10-01 23:00:00+00:00,0.5003,0.508,0.4986,0.5062,3460832.3
2026-10-02 00:00:00+00:00,0.5061,0.5103,0.5043,0.5059,2757449.9
2026-10-02 01:00:00+00:00,0.5058,0.5126,0.5009,0.5098,2915427.3
2026-10-02 02:00:00+00:00,0.5099,0.5148,0.5083,0.5127,1929005.8
2026-10-02 03:00:00+00:00,0.5128,0.5159,0.5094,0.5124,990234.6
