datetime,open,high,low,close,volume
2025-10-24 00:00:00,1126.71,1140.94,1126.55,1135.59,60710.45
2025-10-24 04:00:00,1135.58,1144.17,1121.8,1125.25,68616.622
2025-10-24 08:00:00,1125.24,1135.85,1120.27,1125.37,57386.315
2025-10-24 12:00:00,1125.37,1137.78,1103.04,1104.42,89359.286
2025-10-24 16:00:00,1104.41,1114.4,1097.39,1109.86,43459.543
2025-10-24 20:00:00,1109.86,1113.75,1106.76,1109.01,23180.426
2025-10-25 00:00:00,1109.0,1119.34,1100.96,1117.17,34662.276
2025-10-25 04:00:00,1117.17,1119.15,1110.69,1112.72,31058.85
2025-10-25 08:00:00,1112.71,1118.23,1110.0,1115.76,25075.142
2025-10-25 12:00:00,1115.76,1118.0,1105.0,1108.61,34193.458
2025-10-25 16:00:00,1108.61,1117.05,1107.68,1116.33,17217.97
2025-10-25 20:00:00,1116.34,1120.89,1112.87,1116.53,20508.887
2025-10-26 00:00:00,1116.53,1124.37,1114.48,1116.98,36032.509
2025-10-26 04:00:00,1116.98,1122.24,1116.02,1120.39,18055.535
2025-10-26 08:00:00,1120.39,1136.36,1120.38,1135.28,56712.958
2025-10-26 12:00:00,1135.39,1139.25,1126.77,1133.43,59874.88
2025-10-26 16:00:00,1133.42,1133.8,1123.18,1126.58,26654.804
2025-10-26 20:00:00,1126.58,1143.35,1123.05,1138.19,43608.859
2025-10-27 00:00:00,1138.19,1164.54,1136.96,1151.18,84946.356
2025-10-27 04:00:00,1151.18,1161.0,1135.76,1156.48,98162.814
2025-10-27 08:00:00,1156.49,1179.98,1147.32,1179.7,100883.129
2025-10-27 12:00:00,1179.69,1182.6,1131.44,1143.86,121087.152
2025-10-27 16:00:00,1143.85,1153.88,1142.1,1145.17,48955.773
2025-10-27 20:00:00,1145.18,1147.41,1132.85,1138.88,40432.471
2025-10-28 00:00:00,1138.88,1147.57,1131.5,1138.51,37933.716
2025-10-28 04:00:00,1138.52,1143.73,1121.14,1132.46,52016.823
2025-10-28 08:00:00,1132.46,1139.0,1130.1,1132.16,29953.118
2025-10-28 12:00:00,1132.16,1147.19,1127.0,1135.62,69244.871
2025-10-28 16:00:00,1135.62,1148.94,1126.61,1128.92,43005.894
2025-10-28 20:00:00,1128.92,1129.3,1074.0,1103.45,119424.748
2025-10-29 00:00:00,1103.45,1108.54,1098.33,1104.61,37471.065
2025-10-29 04:00:00,1104.6,1121.35,1103.92,1117.28,61162.476
2025-10-29 08:00:00,1117.29,1120.16,1110.68,1113.66,135891.142
2025-10-29 12:00:00,1113.67,1118.8,1096.0,1099.23,71454.854
2025-10-29 16:00:00,1099.24,1114.16,1082.59,1107.24,116790.481
2025-10-29 20:00:00,1107.24,1119.42,1103.4,1107.7,36943.478
2025-10-30 00:00:00,1107.7,1120.15,1104.47,1118.97,47837.444
2025-10-30 04:00:00,1118.97,1118.97,1090.0,1118.24,91731.404
2025-10-30 08:00:00,1118.25,1129.55,1107.81,1111.56,76991.759
2025-10-30 12:00:00,1111.56,1114.19,1075.4,1077.13,124771.993
2025-10-30 16:00:00,1077.13,1084.25,1058.8,1061.76,75333.386
2025-10-30 20:00:00,1061.76,1079.56,1043.48,1079.05,91625.671
2025-10-31 00:00:00,1079.06,1089.11,1074.83,1086.2,59685.698
2025-10-31 04:00:00,1086.2,1103.4,1085.44,1099.03,81477.168
2025-10-31 08:00:00,1099.04,1104.93,1077.82,1088.19,246999.367
2025-10-31 12:00:00,1088.19,1092.41,1077.19,1084.53,83050.804
2025-10-31 16:00:00,1084.52,1092.23,1071.43,1090.0,47291.716
2025-10-31 20:00:00,1090.0,1091.0,1084.01,1088.9,19164.893
2025-11-01 00:00:00,1088.9,1095.0,1082.02,1090.0,52406.356
2025-11-01 04:00:00,1089.99,1091.37,1084.28,1086.46,21604.788
2025-11-01 08:00:00,1086.47,1089.52,1085.52,1089.11,19151.047
2025-11-01 12:00:00,1089.11,1096.42,1081.8,1092.6,41372.306
2025-11-01 16:00:00,1092.6,1096.7,1090.52,1094.52,16951.753
2025-11-01 20:00:00,1094.51,1096.93,1090.22,1094.53,12007.298
2025-11-02 00:00:00,1094.54,1094.76,1087.7,1089.61,17253.752
2025-11-02 04:00:00,1089.62,1094.92,1088.38,1093.8,18847.412
2025-11-02 08:00:00,1093.8,1094.73,1080.79,1087.91,26133.39
2025-11-02 12:00:00,1087.91,1087.91,1077.82,1080.4,29625.889
2025-11-02 16:00:00,1080.41,1080.41,1071.74,1078.65,27322.282
2025-11-02 20:00:00,1078.64,1085.6,1076.61,1083.25,13219.823
2025-11-03 00:00:00,1083.25,1087.24,1041.14,1043.7,88606.555
2025-11-03 04:00:00,1043.7,1049.4,1024.19,1028.85,111703.607
2025-11-03 08:00:00,1028.85,1031.48,1008.71,1015.95,122114.058
2025-11-03 12:00:00,1015.95,1026.49,960.18,980.28,205902.751
2025-11-03 16:00:00,980.28,1010.48,976.66,996.34,102737.754
2025-11-03 20:00:00,996.34,997.62,981.25,993.54,54134.16
2025-11-04 00:00:00,993.54,1000.98,982.22,999.21,53110.025
2025-11-04 04:00:00,999.22,1002.12,940.0,944.63,196475.597
2025-11-04 08:00:00,944.63,963.16,939.6,958.0,110694.111
2025-11-04 12:00:00,958.0,966.94,934.64,949.85,125393.666
2025-11-04 16:00:00,949.88,953.2,908.17,919.52,212501.724
2025-11-04 20:00:00,919.51,941.61,880.8,936.77,287100.395
2025-11-05 00:00:00,936.79,955.9,900.39,949.19,190178.74
2025-11-05 04:00:00,949.2,957.28,941.05,953.84,66513.04
2025-11-05 08:00:00,953.83,953.88,937.0,945.37,69069.661
2025-11-05 12:00:00,945.37,965.68,944.07,965.68,91518.282
2025-11-05 16:00:00,965.68,969.27,957.21,959.5,70168.339
2025-11-05 20:00:00,959.49,964.55,951.7,959.33,38695.965
2025-11-06 00:00:00,959.32,964.0,943.75,963.02,49532.376
2025-11-06 04:00:00,963.02,965.23,946.02,951.41,36000.031
2025-11-06 08:00:00,951.4,958.4,948.5,955.29,36625.692
2025-11-06 12:00:00,955.29,955.6,927.63,933.71,90820.696
2025-11-06 16:00:00,933.71,955.45,925.07,948.1,69597.141
2025-11-06 20:00:00,948.09,954.46,944.26,950.4,30046.489
2025-11-07 00:00:00,950.4,976.33,944.9,967.09,76234.782
2025-11-07 04:00:00,967.09,971.44,957.81,970.06,48890.047
2025-11-07 08:00:00,970.05,970.85,937.0,942.57,59348.182
2025-11-07 12:00:00,942.57,949.78,925.7,944.73,94101.329
2025-11-07 16:00:00,944.73,985.49,939.9,981.81,108982.572
2025-11-07 20:00:00,981.8,995.6,974.27,991.15,65156.592
2025-11-08 00:00:00,991.14,1007.41,980.05,996.72,86667.879
2025-11-08 04:00:00,996.71,1002.08,984.92,995.38,60184.07
2025-11-08 08:00:00,995.38,1003.15,987.1,989.6,51331.481
2025-11-08 12:00:00,989.61,998.29,983.34,990.8,38269.099
2025-11-08 16:00:00,990.79,1005.77,985.01,996.32,46721.748
2025-11-08 20:00:00,996.33,999.76,989.65,991.03,18531.412
2025-11-09 00:00:00,991.01,994.24,975.84,981.07,36539.673
2025-11-09 04:00:00,981.07,993.3,980.81,989.6,25684.939
2025-11-09 08:00:00,989.59,995.6,982.2,990.3,39630.132
2025-11-09 12:00:00,990.3,999.0,977.35,994.46,74469.795
2025-11-09 16:00:00,994.46,1005.0,991.36,1004.96,41293.766
2025-11-09 20:00:00,1004.96,1007.16,990.6,996.63,39042.443
2025-11-10 00:00:00,996.63,1019.56,991.6,1013.16,69798.253
2025-11-10 04:00:00,1013.16,1014.69,1004.02,1005.98,32133.525
2025-11-10 08:00:00,1005.99,1006.46,996.02,999.49,44416.606
2025-11-10 12:00:00,999.5,1004.28,976.7,980.04,77551.672
2025-11-10 16:00:00,980.04,989.45,976.22,987.89,33394.089
2025-11-10 20:00:00,987.89,996.3,983.59,991.98,23834.651
2025-11-11 00:00:00,991.99,1008.6,986.96,1000.92,51903.581
2025-11-11 04:00:00,1000.92,1003.82,972.24,974.63,54994.165
2025-11-11 08:00:00,974.62,983.42,973.19,980.75,32670.547
2025-11-11 12:00:00,980.75,984.84,972.0,975.7,50896.671
2025-11-11 16:00:00,975.7,977.81,960.8,961.27,60081.158
2025-11-11 20:00:00,961.28,965.7,956.08,958.08,33405.747
2025-11-12 00:00:00,958.08,965.64,955.31,961.4,30243.044
2025-11-12 04:00:00,961.39,962.81,951.8,953.13,22749.042
2025-11-12 08:00:00,953.12,975.36,953.12,971.43,35477.01
2025-11-12 12:00:00,971.44,978.61,946.23,949.1,57291.325
2025-11-12 16:00:00,949.11,955.0,937.9,948.68,53937.756
2025-11-12 20:00:00,948.68,957.79,946.8,952.86,17288.939
2025-11-13 00:00:00,952.87,963.9,946.52,959.7,31741.008
2025-11-13 04:00:00,959.7,972.2,957.4,964.89,33721.449
2025-11-13 08:00:00,964.9,968.05,959.74,967.07,23864.14
2025-11-13 12:00:00,967.07,968.17,952.55,957.36,46959.753
2025-11-13 16:00:00,957.36,959.43,911.14,913.54,133900.952
2025-11-13 20:00:00,913.54,932.68,905.72,927.15,64157.776
2025-11-14 00:00:00,927.15,934.04,918.63,924.03,57293.352
2025-11-14 04:00:00,924.02,926.9,900.0,923.08,90291.578
2025-11-14 08:00:00,923.07,923.07,904.56,909.17,57537.473
2025-11-14 12:00:00,909.16,931.04,887.88,925.5,154981.007
2025-11-14 16:00:00,925.51,933.37,918.61,931.81,42493.685
2025-11-14 20:00:00,931.81,933.56,908.0,915.25,35595.913
2025-11-15 00:00:00,915.26,936.13,914.91,931.85,40128.046
2025-11-15 04:00:00,931.85,936.79,927.01,936.19,27259.723
2025-11-15 08:00:00,936.2,939.19,929.0,930.73,33895.798
2025-11-15 12:00:00,930.73,938.11,929.1,936.57,18518.814
2025-11-15 16:00:00,936.57,945.22,931.1,941.33,22920.588
2025-11-15 20:00:00,941.33,941.57,926.01,932.28,19261.736
2025-11-16 00:00:00,932.27,941.61,921.49,941.21,28123.223
2025-11-16 04:00:00,941.2,948.23,937.89,943.47,21733.914
2025-11-16 08:00:00,943.48,949.77,930.32,931.79,31695.816
2025-11-16 12:00:00,931.8,939.23,922.2,923.62,45552.988
2025-11-16 16:00:00,923.62,930.45,908.16,919.93,76406.408
2025-11-16 20:00:00,919.94,931.82,910.15,926.56,48645.528
2025-11-17 00:00:00,926.59,939.55,919.61,934.52,46999.858
2025-11-17 04:00:00,934.52,937.79,930.01,935.28,26149.733
2025-11-17 08:00:00,935.28,938.65,931.3,933.45,21265.455
2025-11-17 12:00:00,933.45,934.63,899.95,911.89,103611.973
2025-11-17 16:00:00,911.9,922.01,893.39,897.39,83479.024
2025-11-17 20:00:00,897.39,911.03,891.72,907.36,51385.813
2025-11-18 00:00:00,907.36,918.75,884.4,903.4,120561.015
2025-11-18 04:00:00,903.4,913.61,892.75,910.33,67949.071
2025-11-18 08:00:00,910.33,925.0,909.93,915.46,46510.282
2025-11-18 12:00:00,915.47,927.44,910.42,926.11,49301.509
2025-11-18 16:00:00,926.1,939.99,924.18,935.8,54440.773
2025-11-18 20:00:00,935.8,937.2,928.5,932.79,18512.808
2025-11-19 00:00:00,932.79,941.06,924.78,932.26,33861.192
2025-11-19 04:00:00,932.27,932.88,912.9,931.12,41521.555
2025-11-19 08:00:00,931.12,934.0,919.32,921.62,26067.508
2025-11-19 12:00:00,921.61,925.44,892.68,894.73,62100.004
2025-11-19 16:00:00,894.72,899.56,872.38,878.9,84300.586
2025-11-19 20:00:00,878.9,901.41,876.4,897.77,48507.429
2025-11-20 00:00:00,897.78,917.0,893.8,910.06,51358.968
2025-11-20 04:00:00,910.06,914.6,899.39,907.85,34543.398
2025-11-20 08:00:00,907.85,908.87,896.67,902.31,22957.814
2025-11-20 12:00:00,902.3,909.0,888.95,889.96,52579.771
2025-11-20 16:00:00,889.97,890.56,868.3,880.44,92928.993
2025-11-20 20:00:00,880.44,883.61,865.57,866.51,47434.037
2025-11-21 00:00:00,866.51,877.33,855.45,863.36,65045.639
2025-11-21 04:00:00,863.35,867.0,807.24,832.03,161303.164
2025-11-21 08:00:00,832.03,839.92,802.55,809.08,161139.212
2025-11-21 12:00:00,809.08,831.47,790.79,813.67,151327.344
2025-11-21 16:00:00,813.67,836.36,808.03,825.55,74771.145
2025-11-21 20:00:00,825.54,836.27,813.85,830.46,40899.545
2025-11-22 00:00:00,830.47,842.93,830.1,836.41,34082.243
2025-11-22 04:00:00,836.41,837.47,819.58,831.79,33066.206
2025-11-22 08:00:00,831.8,832.66,813.77,825.6,41679.665
2025-11-22 12:00:00,825.6,828.88,815.26,823.22,23979.052
2025-11-22 16:00:00,823.21,834.18,822.91,832.91,17174.514
2025-11-22 20:00:00,832.91,841.86,825.92,833.78,17243.94
2025-11-23 00:00:00,833.78,850.2,833.28,846.85,41608.321
2025-11-23 04:00:00,846.85,854.49,836.62,841.18,36332.617
2025-11-23 08:00:00,841.19,846.87,838.83,842.58,17845.817
2025-11-23 12:00:00,842.59,851.86,842.35,849.9,24500.312
2025-11-23 16:00:00,849.9,853.2,843.15,849.79,28261.608
2025-11-23 20:00:00,849.78,855.46,842.26,843.6,18975.502
2025-11-24 00:00:00,843.6,853.08,836.08,849.51,47469.954
2025-11-24 04:00:00,849.51,858.4,838.73,853.88,42397.787
2025-11-24 08:00:00,853.88,856.7,840.5,842.64,29293.994
2025-11-24 12:00:00,842.63,848.31,830.01,844.5,48134.006
2025-11-24 16:00:00,844.49,871.24,844.21,868.58,50790.266
2025-11-24 20:00:00,868.58,876.3,863.24,864.92,30378.795
2025-11-25 00:00:00,864.9,867.0,856.6,860.74,25037.456
2025-11-25 04:00:00,860.74,865.0,855.49,855.82,28148.533
2025-11-25 08:00:00,855.82,859.59,846.81,850.65,28107.232
2025-11-25 12:00:00,850.65,856.2,837.47,846.3,34986.425
2025-11-25 16:00:00,846.31,861.83,845.44,855.28,25900.71
2025-11-25 20:00:00,855.29,867.66,851.1,862.57,16570.503
2025-11-26 00:00:00,862.58,869.98,859.14,860.11,17168.855
2025-11-26 04:00:00,860.11,862.86,857.43,860.44,14131.996
2025-11-26 08:00:00,860.45,860.85,852.72,857.77,17708.419
2025-11-26 12:00:00,857.78,868.21,851.72,865.0,30485.884
2025-11-26 16:00:00,865.0,897.25,864.96,896.55,57588.91
2025-11-26 20:00:00,896.55,897.0,889.29,891.78,22565.328
2025-11-27 00:00:00,891.77,904.86,889.25,895.64,44626.617
2025-11-27 04:00:00,895.63,899.21,890.81,893.72,22671.261
2025-11-27 08:00:00,893.72,895.98,889.71,892.58,21273.223
2025-11-27 12:00:00,892.58,894.22,883.8,893.2,26071.407
2025-11-27 16:00:00,893.21,898.67,890.17,896.39,15717.46
2025-11-27 20:00:00,896.39,898.71,890.77,895.74,10889.116
2025-11-28 00:00:00,895.75,899.8,889.04,892.59,23955.272
2025-11-28 04:00:00,892.6,898.11,881.6,882.47,24229.14
2025-11-28 08:00:00,882.46,898.52,882.42,891.81,30522.588
2025-11-28 12:00:00,891.8,906.5,887.2,902.0,39092.352
2025-11-28 16:00:00,902.0,902.33,876.15,886.29,40933.011
2025-11-28 20:00:00,886.28,890.46,883.1,887.19,16111.314
2025-11-29 00:00:00,887.2,889.0,883.47,884.14,9266.638
2025-11-29 04:00:00,884.13,884.84,876.46,879.06,20049.553
2025-11-29 08:00:00,879.07,882.25,877.49,878.56,11412.749
2025-11-29 12:00:00,878.56,882.0,875.22,880.93,13858.102
2025-11-29 16:00:00,880.92,881.76,868.25,873.1,20084.97
2025-11-29 20:00:00,873.09,875.66,870.6,872.9,5387.92
2025-11-30 00:00:00,872.9,878.94,869.56,875.59,8799.637
2025-11-30 04:00:00,875.6,876.95,870.13,874.78,8109.893
2025-11-30 08:00:00,874.79,879.69,874.4,876.72,11745.988
2025-11-30 12:00:00,876.72,897.89,875.7,893.99,41331.25
2025-11-30 16:00:00,894.0,899.75,892.85,894.99,15218.996
2025-11-30 20:00:00,895.0,897.0,874.2,875.31,21024.823
2025-12-01 00:00:00,875.3,877.12,827.59,829.4,113470.535
2025-12-01 04:00:00,829.39,832.97,820.73,832.43,44794.959
2025-12-01 08:00:00,832.44,833.39,823.0,824.86,53903.818
2025-12-01 12:00:00,824.86,826.39,801.7,811.85,77863.22
2025-12-01 16:00:00,811.86,818.86,808.41,814.7,26273.019
2025-12-01 20:00:00,814.69,832.32,814.61,826.61,26440.834
2025-12-02 00:00:00,826.6,834.0,820.46,828.38,27989.896
2025-12-02 04:00:00,828.39,833.0,828.2,830.94,19969.823
2025-12-02 08:00:00,830.93,845.3,825.25,843.23,42653.005
2025-12-02 12:00:00,843.23,875.6,839.74,871.4,72527.983
2025-12-02 16:00:00,871.39,885.0,865.23,882.58,44604.987
2025-12-02 20:00:00,882.57,882.9,872.6,876.61,25403.986
2025-12-03 00:00:00,876.6,889.56,873.6,887.82,32395.087
2025-12-03 04:00:00,887.81,910.57,887.37,896.55,56682.861
2025-12-03 08:00:00,896.55,901.59,893.57,898.92,21290.827
2025-12-03 12:00:00,898.92,906.19,887.79,897.2,54770.574
2025-12-03 16:00:00,897.2,908.0,892.85,906.99,24419.941
2025-12-03 20:00:00,906.99,922.63,905.0,920.76,37750.639
2025-12-04 00:00:00,920.77,928.24,914.89,916.8,41758.73
2025-12-04 04:00:00,916.81,919.12,906.3,910.79,28830.444
2025-12-04 08:00:00,910.79,913.17,907.07,908.88,16205.431
2025-12-04 12:00:00,908.88,916.13,901.78,910.76,27564.679
2025-12-04 16:00:00,910.76,912.43,886.79,898.52,36222.626
2025-12-04 20:00:00,898.52,904.18,896.0,899.92,15197.653
2025-12-05 00:00:00,899.92,907.06,899.4,901.81,11131.427
2025-12-05 04:00:00,901.8,907.92,898.37,901.65,15682.532
2025-12-05 08:00:00,901.64,902.32,889.53,894.09,21814.714
2025-12-05 12:00:00,894.09,900.18,884.59,888.87,36541.041
2025-12-05 16:00:00,888.86,889.39,870.18,883.69,42934.256
2025-12-05 20:00:00,883.69,885.15,878.5,883.57,9390.029
2025-12-06 00:00:00,883.57,888.52,881.11,887.54,11469.471
2025-12-06 04:00:00,887.53,888.1,881.8,884.76,9208.492
2025-12-06 08:00:00,884.76,885.1,878.01,883.58,11977.99
2025-12-06 12:00:00,883.58,896.91,883.17,890.28,21139.42
2025-12-06 16:00:00,890.29,897.9,888.15,889.57,16913.644
2025-12-06 20:00:00,889.57,895.73,889.3,890.38,10580.964
2025-12-07 00:00:00,890.38,898.22,889.84,897.92,10462.168
2025-12-07 04:00:00,897.92,898.0,891.0,891.52,10095.101
2025-12-07 08:00:00,891.52,893.39,886.57,887.88,14164.964
2025-12-07 12:00:00,887.88,893.89,870.23,890.3,45661.029
2025-12-07 16:00:00,890.3,906.0,886.6,903.8,31166.511
2025-12-07 20:00:00,903.8,905.21,881.08,894.37,20339.041
2025-12-08 00:00:00,894.38,909.68,891.12,902.01,20357.301
2025-12-08 04:00:00,902.02,905.84,900.42,903.1,15272.644
2025-12-08 08:00:00,903.1,912.65,902.62,905.93,17934.211
2025-12-08 12:00:00,905.93,913.29,896.33,896.56,33966.033
2025-12-08 16:00:00,896.57,900.81,888.93,894.78,20898.369
2025-12-08 20:00:00,894.78,905.0,894.75,897.12,12925.502
2025-12-09 00:00:00,897.13,899.74,888.16,894.04,16455.728
2025-12-09 04:00:00,894.05,896.26,884.54,889.16,23423.253
2025-12-09 08:00:00,889.18,889.19,883.58,887.16,20480.707
2025-12-09 12:00:00,887.17,908.9,881.78,907.67,43695.458
2025-12-09 16:00:00,907.67,928.0,907.67,914.21,76667.15
2025-12-09 20:00:00,914.21,914.4,893.97,897.3,28923.277
2025-12-10 00:00:00,897.3,898.96,887.26,890.51,34019.047
2025-12-10 04:00:00,890.51,897.05,889.1,894.19,20188.233
2025-12-10 08:00:00,894.2,896.16,884.53,886.67,27894.594
2025-12-10 12:00:00,886.67,892.6,884.27,891.4,26809.368
2025-12-10 16:00:00,891.39,905.17,889.73,901.95,42232.198
2025-12-10 20:00:00,901.96,915.0,890.72,893.43,35189.581
2025-12-11 00:00:00,893.43,894.7,861.46,868.19,53522.898
2025-12-11 04:00:00,868.19,873.86,864.84,866.88,26940.162
2025-12-11 08:00:00,866.87,869.0,862.25,866.61,22144.007
2025-12-11 12:00:00,866.6,870.9,859.54,865.91,32556.221
2025-12-11 16:00:00,865.9,881.21,861.09,876.05,22767.139
2025-12-11 20:00:00,876.05,891.5,875.83,885.91,24546.437
2025-12-12 00:00:00,885.92,896.07,880.0,892.42,20301.545
2025-12-12 04:00:00,892.41,894.15,886.27,889.25,16357.61
2025-12-12 08:00:00,889.26,889.48,883.5,886.09,16792.455
2025-12-12 12:00:00,886.08,892.31,872.37,874.18,29376.497
2025-12-12 16:00:00,874.18,882.11,870.58,877.35,21523.199
2025-12-12 20:00:00,877.35,882.66,875.2,881.58,6289.16
2025-12-13 00:00:00,881.59,887.63,880.32,887.35,11162.182
2025-12-13 04:00:00,887.34,889.2,883.7,886.21,11074.25
2025-12-13 08:00:00,886.2,894.26,885.8,892.11,17323.383
2025-12-13 12:00:00,892.1,899.99,886.94,898.92,25761.366
2025-12-13 16:00:00,898.92,904.22,891.2,893.49,19283.434
2025-12-13 20:00:00,893.48,897.36,889.49,896.82,7796.439
2025-12-14 00:00:00,896.82,899.5,894.26,895.55,10026.819
2025-12-14 04:00:00,895.55,896.77,892.11,896.18,10764.571
2025-12-14 08:00:00,896.19,898.68,884.12,888.77,20898.951
2025-12-14 12:00:00,888.78,894.73,883.04,886.51,23991.956
2025-12-14 16:00:00,886.52,888.5,880.77,883.31,17986.443
2025-12-14 20:00:00,883.31,884.9,870.11,877.27,27245.288
2025-12-15 00:00:00,877.27,895.42,876.31,888.96,25016.568
2025-12-15 04:00:00,888.95,891.6,886.6,889.38,16299.868
2025-12-15 08:00:00,889.38,893.32,887.12,887.76,19627.634
2025-12-15 12:00:00,887.75,890.2,852.0,859.14,71042.976
2025-12-15 16:00:00,859.13,859.95,840.75,849.95,55523.856
2025-12-15 20:00:00,849.95,859.09,844.7,858.6,23356.969
2025-12-16 00:00:00,858.61,858.75,850.57,855.45,22790.773
2025-12-16 04:00:00,855.46,865.9,847.0,859.57,33887.918
2025-12-16 08:00:00,859.58,866.25,857.03,865.8,24580.999
2025-12-16 12:00:00,865.8,878.44,858.56,876.65,73754.17
2025-12-16 16:00:00,876.64,876.66,866.26,870.37,50489.28
2025-12-16 20:00:00,870.36,875.78,869.1,875.63,35332.196
2025-12-17 00:00:00,875.64,875.75,862.0,863.43,35811.366
2025-12-17 04:00:00,863.44,871.13,855.55,868.06,63123.003
2025-12-17 08:00:00,868.07,868.07,855.41,859.82,64228.017
2025-12-17 12:00:00,859.84,876.16,852.74,853.78,121657.932
2025-12-17 16:00:00,853.77,857.96,833.39,840.8,76305.52
2025-12-17 20:00:00,840.8,844.9,836.74,843.07,16947.371
2025-12-18 00:00:00,843.07,846.76,833.2,836.7,35716.381
2025-12-18 04:00:00,836.69,839.5,830.12,833.72,45122.9
2025-12-18 08:00:00,833.72,841.73,832.78,839.72,57688.688
2025-12-18 12:00:00,839.73,853.49,837.31,848.22,118751.35
2025-12-18 16:00:00,848.22,848.93,818.39,820.53,125254.634
2025-12-18 20:00:00,820.52,831.91,820.19,830.07,49490.925
2025-12-19 00:00:00,830.08,841.93,822.38,837.66,71548.362
2025-12-19 04:00:00,837.67,850.22,835.51,843.15,166882.292
2025-12-19 08:00:00,843.15,849.48,842.15,849.1,901756.752
2025-12-19 12:00:00,849.11,855.0,843.6,846.6,34448.794
2025-12-19 16:00:00,846.61,857.99,843.6,856.15,31370.003
2025-12-19 20:00:00,856.15,862.33,854.23,856.17,21340.754
2025-12-20 00:00:00,856.17,859.7,852.39,858.41,10760.073
2025-12-20 04:00:00,858.41,858.59,852.18,853.85,14736.051
2025-12-20 08:00:00,853.84,856.33,850.95,853.57,10039.994
2025-12-20 12:00:00,853.56,853.97,850.9,853.97,10911.881
2025-12-20 16:00:00,853.97,854.6,852.54,853.05,4159.501
2025-12-20 20:00:00,853.05,855.12,851.01,854.17,6407.632
2025-12-21 00:00:00,854.17,855.21,846.84,850.3,9237.19
2025-12-21 04:00:00,850.31,850.81,848.2,849.89,8049.558
2025-12-21 08:00:00,849.88,859.91,848.99,856.79,13717.77
2025-12-21 12:00:00,856.78,859.5,845.5,848.59,21426.204
2025-12-21 16:00:00,848.59,856.66,846.4,855.69,11133.813
2025-12-21 20:00:00,855.7,859.63,851.2,858.64,6422.282
2025-12-22 00:00:00,858.63,867.84,850.85,856.0,21362.097
2025-12-22 04:00:00,856.01,861.04,855.14,858.69,18013.387
2025-12-22 08:00:00,858.69,868.22,858.5,865.4,46627.397
2025-12-22 12:00:00,865.4,871.0,861.77,867.75,26552.6
2025-12-22 16:00:00,867.76,869.16,857.0,857.6,20559.279
2025-12-22 20:00:00,857.6,861.18,853.5,858.66,14161.228
2025-12-23 00:00:00,858.67,861.46,852.23,857.27,12228.493
2025-12-23 04:00:00,857.27,857.8,847.06,848.61,19768.002
2025-12-23 08:00:00,848.6,853.29,847.97,852.97,11762.385
2025-12-23 12:00:00,852.97,852.98,838.24,844.17,29624.003
2025-12-23 16:00:00,844.17,850.23,839.0,841.44,21087.091
2025-12-23 20:00:00,841.43,847.66,840.2,844.3,9424.9
2025-12-24 00:00:00,844.3,847.8,836.29,840.75,13103.304
2025-12-24 04:00:00,840.75,842.52,836.21,838.0,17856.363
2025-12-24 08:00:00,838.0,839.63,835.21,837.99,17665.761
2025-12-24 12:00:00,837.99,843.26,835.63,841.2,15119.026
2025-12-24 16:00:00,841.2,849.0,839.9,847.78,13476.381
2025-12-24 20:00:00,847.79,850.0,846.19,846.58,7696.946
2025-12-25 00:00:00,846.57,847.99,843.94,844.95,6395.533
2025-12-25 04:00:00,844.96,845.28,842.0,843.29,8160.447
2025-12-25 08:00:00,843.29,844.53,835.3,837.6,13228.12
2025-12-25 12:00:00,837.6,844.69,835.11,842.53,14980.284
2025-12-25 16:00:00,842.52,842.96,839.75,841.35,10186.889
2025-12-25 20:00:00,841.35,843.5,826.81,829.64,19825.814
2025-12-26 00:00:00,829.63,844.8,828.0,840.77,28977.275
2025-12-26 04:00:00,840.77,847.16,837.44,840.88,14830.72
2025-12-26 08:00:00,840.89,843.16,838.86,839.26,15286.824
2025-12-26 12:00:00,839.27,843.4,821.21,828.93,36367.94
2025-12-26 16:00:00,828.94,834.9,827.96,832.83,16057.631
2025-12-26 20:00:00,832.83,838.19,832.02,834.72,8712.396
2025-12-27 00:00:00,834.72,836.5,834.0,836.2,7300.265
2025-12-27 04:00:00,836.2,843.09,834.15,840.57,15322.353
2025-12-27 08:00:00,840.56,843.42,837.62,840.96,37401.544
2025-12-27 12:00:00,840.97,841.53,838.47,840.9,13993.989
2025-12-27 16:00:00,840.9,841.77,839.44,840.95,6325.176
2025-12-27 20:00:00,840.95,846.54,839.79,845.04,9539.039
2025-12-28 00:00:00,845.05,845.68,839.2,841.6,9512.777
2025-12-28 04:00:00,841.61,844.2,841.4,843.92,8963.126
2025-12-28 08:00:00,843.92,857.0,843.92,854.6,22100.775
2025-12-28 12:00:00,854.61,863.4,854.6,860.58,21479.105
2025-12-28 16:00:00,860.57,867.22,858.81,859.68,20352.352
2025-12-28 20:00:00,859.68,862.37,856.84,859.32,9193.851
2025-12-29 00:00:00,859.32,872.12,858.71,869.19,29030.762
2025-12-29 04:00:00,869.2,871.66,858.8,860.58,23072.611
2025-12-29 08:00:00,860.58,861.79,847.55,853.04,27299.059
2025-12-29 12:00:00,853.05,855.4,846.0,853.6,27400.463
2025-12-29 16:00:00,853.59,855.69,850.0,853.03,14001.161
2025-12-29 20:00:00,853.03,855.04,851.43,852.46,6347.391
2025-12-30 00:00:00,852.46,853.5,848.7,852.5,8009.531
2025-12-30 04:00:00,852.5,854.89,850.38,853.75,8925.111
2025-12-30 08:00:00,853.75,859.76,853.75,854.8,15274.663
2025-12-30 12:00:00,854.8,864.05,854.61,862.78,21602.347
2025-12-30 16:00:00,862.79,863.06,857.35,859.79,12085.801
2025-12-30 20:00:00,859.79,863.06,858.33,861.65,7335.594
2025-12-31 00:00:00,861.66,863.0,857.69,859.29,7583.481
2025-12-31 04:00:00,859.29,868.0,858.99,867.99,36435.919
2025-12-31 08:00:00,867.99,869.35,864.95,869.2,21051.516
2025-12-31 12:00:00,869.19,877.29,860.53,863.3,45328.072
2025-12-31 16:00:00,863.3,864.81,857.88,864.32,23389.056
2025-12-31 20:00:00,864.31,866.56,860.84,864.3,16206.574
2026-01-01 00:00:00,864.31,874.51,863.79,869.16,21044.853
2026-01-01 04:00:00,869.15,869.21,859.2,859.52,19240.256
2026-01-01 08:00:00,859.52,861.97,858.98,861.59,9032.058
2026-01-01 12:00:00,861.6,861.6,856.14,859.36,13427.04
2026-01-01 16:00:00,859.36,861.77,857.22,861.56,8959.233
2026-01-01 20:00:00,861.57,864.65,860.16,864.39,9010.222
2026-01-02 00:00:00,864.4,867.17,859.64,865.79,13915.019
2026-01-02 04:00:00,865.8,867.97,863.08,864.9,15159.541
2026-01-02 08:00:00,864.89,874.38,864.89,869.51,22093.491
2026-01-02 12:00:00,869.52,882.37,865.26,877.99,33624.126
2026-01-02 16:00:00,878.0,891.14,877.47,880.55,34905.512
2026-01-02 20:00:00,880.55,885.63,878.53,881.25,9374.053
2026-01-03 00:00:00,881.25,884.24,875.14,879.2,15144.254
2026-01-03 04:00:00,879.2,880.12,868.65,873.0,19866.371
2026-01-03 08:00:00,873.0,875.62,871.58,874.24,12504.665
2026-01-03 12:00:00,874.24,877.54,871.6,873.44,17977.215
2026-01-03 16:00:00,873.44,877.3,873.43,876.4,7921.329
2026-01-03 20:00:00,876.41,880.0,875.5,878.63,6551.371
2026-01-04 00:00:00,878.64,883.71,878.47,883.14,15343.649
2026-01-04 04:00:00,883.13,890.84,882.84,884.66,26352.251
2026-01-04 08:00:00,884.67,887.39,882.58,884.88,13162.733
2026-01-04 12:00:00,884.88,890.0,883.59,889.3,14327.791
2026-01-04 16:00:00,889.3,902.85,889.29,892.53,38734.448
2026-01-04 20:00:00,892.52,897.65,892.41,895.43,10766.235
2026-01-05 00:00:00,895.43,906.91,894.73,900.02,32277.447
2026-01-05 04:00:00,900.02,900.68,890.59,899.2,21712.66
2026-01-05 08:00:00,899.2,909.0,895.6,908.89,23921.654
2026-01-05 12:00:00,908.89,908.91,900.49,906.46,24314.355
2026-01-05 16:00:00,906.46,914.0,901.31,911.12,22275.03
2026-01-05 20:00:00,911.12,916.55,908.96,910.31,15851.639
2026-01-06 00:00:00,910.31,911.63,904.83,908.14,15841.255
2026-01-06 04:00:00,908.15,910.11,902.96,904.71,19375.765
2026-01-06 08:00:00,904.71,914.92,904.52,913.13,15559.14
2026-01-06 12:00:00,913.13,923.93,911.54,919.1,53413.814
2026-01-06 16:00:00,919.1,920.68,891.66,901.2,38765.03
2026-01-06 20:00:00,901.19,919.78,901.03,917.64,23942.185
2026-01-07 00:00:00,917.64,919.25,904.58,909.84,18852.09
2026-01-07 04:00:00,909.85,918.99,909.07,918.82,19158.88
2026-01-07 08:00:00,918.81,920.27,908.2,910.44,56286.517
2026-01-07 12:00:00,910.44,910.99,895.11,899.43,31662.888
2026-01-07 16:00:00,899.44,901.95,892.64,897.12,14078.974
2026-01-07 20:00:00,897.12,901.05,894.01,900.3,8612.441
2026-01-08 00:00:00,900.31,905.0,892.38,893.61,15196.293
2026-01-08 04:00:00,893.62,897.68,875.1,885.02,42311.827
2026-01-08 08:00:00,885.02,887.89,879.28,886.77,22250.475
2026-01-08 12:00:00,886.77,889.24,877.7,888.92,26874.549
2026-01-08 16:00:00,888.92,891.71,885.69,888.32,16374.724
2026-01-08 20:00:00,888.32,894.63,885.32,892.26,11514.887
2026-01-09 00:00:00,892.27,896.56,887.91,895.8,13532.968
2026-01-09 04:00:00,895.81,899.0,893.66,893.66,8919.155
2026-01-09 08:00:00,893.67,894.5,886.2,889.64,14219.233
2026-01-09 12:00:00,889.63,900.22,885.28,894.77,24722.784
2026-01-09 16:00:00,894.77,901.06,890.94,893.34,13942.441
2026-01-09 20:00:00,893.33,898.25,891.94,896.86,6244.786
2026-01-10 00:00:00,896.87,908.0,896.81,907.31,20568.908
2026-01-10 04:00:00,907.31,910.22,903.05,905.37,19150.01
2026-01-10 08:00:00,905.38,906.43,898.98,900.47,19272.135
2026-01-10 12:00:00,900.47,910.82,899.13,908.78,22202.25
2026-01-10 16:00:00,908.79,915.86,906.89,913.93,25640.876
2026-01-10 20:00:00,913.94,915.91,902.23,907.93,18078.314
2026-01-11 00:00:00,907.93,914.11,904.3,913.2,13812.914
2026-01-11 04:00:00,913.21,916.3,910.69,913.55,17935.729
2026-01-11 08:00:00,913.55,917.33,911.62,912.05,15847.022
2026-01-11 12:00:00,912.06,915.38,906.29,908.64,24216.71
2026-01-11 16:00:00,908.64,911.17,903.5,904.45,14826.627
2026-01-11 20:00:00,904.45,905.31,898.75,904.32,11982.079
2026-01-12 00:00:00,904.32,910.81,896.85,905.27,29339.481
2026-01-12 04:00:00,905.28,910.21,903.97,904.81,16449.507
2026-01-12 08:00:00,904.82,908.3,898.26,901.28,18144.889
2026-01-12 12:00:00,901.27,905.22,894.0,904.28,21588.505
2026-01-12 16:00:00,904.28,909.11,900.0,907.79,13374.901
2026-01-12 20:00:00,907.78,908.31,901.22,905.78,9624.89
2026-01-13 00:00:00,905.79,907.86,902.25,906.36,15128.291
2026-01-13 04:00:00,906.36,914.98,906.35,910.05,31542.253
2026-01-13 08:00:00,910.05,912.2,907.52,907.68,94132.528
2026-01-13 12:00:00,907.69,916.6,906.18,916.47,36012.131
2026-01-13 16:00:00,916.47,945.55,916.38,941.5,78320.053
2026-01-13 20:00:00,941.5,952.96,940.0,943.73,56779.741
2026-01-14 00:00:00,943.73,954.68,943.64,950.13,39897.992
2026-01-14 04:00:00,950.14,952.2,934.67,937.45,33053.637
2026-01-14 08:00:00,937.45,938.92,928.5,928.79,24800.902
2026-01-14 12:00:00,928.78,946.24,928.53,942.03,35926.368
2026-01-14 16:00:00,942.03,947.57,938.25,943.78,30892.589
2026-01-14 20:00:00,943.79,949.85,943.2,948.47,18637.21
2026-01-15 00:00:00,948.48,948.85,929.05,931.89,35679.044
2026-01-15 04:00:00,931.9,940.09,931.41,939.14,17679.776
2026-01-15 08:00:00,939.13,942.96,937.66,938.09,14257.754
2026-01-15 12:00:00,938.1,945.71,930.23,937.64,30102.908
2026-01-15 16:00:00,937.63,942.62,925.01,928.07,22789.135
2026-01-15 20:00:00,928.07,933.55,924.05,931.2,10692.851
2026-01-16 00:00:00,931.21,933.98,929.22,929.59,9518.555
2026-01-16 04:00:00,929.6,936.13,927.16,934.04,15999.441
2026-01-16 08:00:00,934.05,938.56,931.99,935.38,12838.551
2026-01-16 12:00:00,935.38,937.46,923.69,926.97,20886.666
2026-01-16 16:00:00,926.97,932.36,926.53,931.36,9459.873
2026-01-16 20:00:00,931.36,939.43,928.71,938.16,8767.297
2026-01-17 00:00:00,938.17,940.03,935.54,937.65,9383.812
2026-01-17 04:00:00,937.65,939.08,935.5,935.9,8392.618
2026-01-17 08:00:00,935.9,944.51,935.65,942.93,12855.751
2026-01-17 12:00:00,942.92,959.52,941.43,955.37,28646.576
2026-01-17 16:00:00,955.37,956.0,949.1,952.5,15818.879
2026-01-17 20:00:00,952.5,954.0,945.37,947.12,11089.695
2026-01-18 00:00:00,947.11,951.13,943.14,950.4,12902.498
2026-01-18 04:00:00,950.41,950.41,944.73,944.74,8501.18
2026-01-18 08:00:00,944.73,947.38,943.81,946.79,10221.371
2026-01-18 12:00:00,946.8,950.75,944.44,950.13,14302.353
2026-01-18 16:00:00,950.14,953.33,948.68,949.7,8865.199
2026-01-18 20:00:00,949.7,953.24,931.7,932.51,22055.649
2026-01-19 00:00:00,932.51,932.51,901.0,925.18,92680.132
2026-01-19 04:00:00,925.17,927.87,922.89,927.29,22206.767
2026-01-19 08:00:00,927.29,929.8,924.49,928.23,23018.953
2026-01-19 12:00:00,928.23,930.0,923.12,925.21,52537.789
2026-01-19 16:00:00,925.22,929.03,924.86,926.56,9043.96
2026-01-19 20:00:00,926.56,927.6,919.32,923.6,9952.959
2026-01-20 00:00:00,923.6,933.13,923.5,927.63,20877.091
2026-01-20 04:00:00,927.63,928.62,914.27,917.77,35743.215
2026-01-20 08:00:00,917.77,917.89,908.66,912.68,19234.568
2026-01-20 12:00:00,912.69,915.99,896.66,905.33,36885.818
2026-01-20 16:00:00,905.33,908.5,887.24,895.7,25525.077
2026-01-20 20:00:00,895.7,898.0,884.0,884.2,25494.46
2026-01-21 00:00:00,884.19,884.2,867.0,881.44,43214.098
2026-01-21 04:00:00,881.44,885.92,874.36,875.36,19895.11
2026-01-21 08:00:00,875.36,876.2,870.0,870.78,31306.702
2026-01-21 12:00:00,870.77,893.69,864.54,892.66,43250.267
2026-01-21 16:00:00,892.67,892.94,865.75,889.83,43597.009
2026-01-21 20:00:00,889.83,892.45,882.25,883.36,20355.035
2026-01-22 00:00:00,883.35,894.28,883.35,891.43,16075.308
2026-01-22 04:00:00,891.42,893.05,887.79,888.83,10580.387
2026-01-22 08:00:00,888.82,897.58,888.69,892.93,24713.307
2026-01-22 12:00:00,892.93,895.04,878.18,883.03,25648.463
2026-01-22 16:00:00,883.03,888.95,881.81,888.35,10854.068
2026-01-22 20:00:00,888.34,892.0,885.34,888.06,10914.939
2026-01-23 00:00:00,888.06,892.37,887.63,891.55,13541.505
2026-01-23 04:00:00,891.56,893.42,889.15,891.32,8783.062
2026-01-23 08:00:00,891.33,891.76,885.69,887.36,17690.757
2026-01-23 12:00:00,887.35,892.43,883.1,892.0,17798.532
2026-01-23 16:00:00,892.01,904.99,889.98,893.72,29989.539
2026-01-23 20:00:00,893.72,894.91,888.49,891.63,8332.215
2026-01-24 00:00:00,891.62,894.24,889.33,892.9,11169.447
2026-01-24 04:00:00,892.9,894.16,891.46,892.06,7377.056
2026-01-24 08:00:00,892.06,893.98,891.2,892.57,7476.488
2026-01-24 12:00:00,892.58,892.88,888.69,888.7,13096.691
2026-01-24 16:00:00,888.7,890.34,886.53,888.12,8660.741
2026-01-24 20:00:00,888.13,889.79,887.01,887.17,3492.14
2026-01-25 00:00:00,887.18,887.75,880.1,881.24,12552.896
2026-01-25 04:00:00,881.24,883.67,879.32,879.4,10167.517
2026-01-25 08:00:00,879.4,883.25,877.14,880.52,14191.407
2026-01-25 12:00:00,880.51,881.49,876.77,877.55,10411.09
2026-01-25 16:00:00,877.55,877.69,856.0,858.86,50113.62
2026-01-25 20:00:00,858.86,866.66,856.01,866.02,23343.696
2026-01-26 00:00:00,866.02,875.98,864.91,868.21,26854.106
2026-01-26 04:00:00,868.2,874.68,868.0,874.64,9426.046
2026-01-26 08:00:00,874.63,877.83,869.4,873.12,15552.798
2026-01-26 12:00:00,873.12,878.34,869.63,871.93,23813.248
2026-01-26 16:00:00,871.94,879.13,868.68,874.4,17200.406
2026-01-26 20:00:00,874.4,881.44,871.66,879.41,9854.1
2026-01-27 00:00:00,879.41,886.08,876.2,884.92,20088.321
2026-01-27 04:00:00,884.91,888.25,882.14,883.54,22700.764
2026-01-27 08:00:00,883.54,885.11,876.88,880.43,23302.009
2026-01-27 12:00:00,880.44,886.27,879.31,885.73,27009.489
2026-01-27 16:00:00,885.73,897.72,884.9,891.88,32133.296
2026-01-27 20:00:00,891.89,901.22,891.59,898.36,13295.76
2026-01-28 00:00:00,898.35,900.99,894.41,896.84,16076.743
2026-01-28 04:00:00,896.84,904.72,895.34,903.34,18713.152
2026-01-28 08:00:00,903.34,909.43,902.27,907.69,20820.842
2026-01-28 12:00:00,907.68,908.31,897.18,902.92,24059.38
2026-01-28 16:00:00,902.91,907.06,897.83,904.0,22150.137
2026-01-28 20:00:00,904.01,907.71,899.68,902.91,8452.986
2026-01-29 00:00:00,902.92,904.98,893.2,896.54,17914.871
2026-01-29 04:00:00,896.55,906.67,895.2,904.8,28146.094
2026-01-29 08:00:00,904.8,905.8,893.23,894.28,75694.49
2026-01-29 12:00:00,894.28,894.43,856.9,864.15,64773.982
2026-01-29 16:00:00,864.15,870.36,852.81,860.4,60636.059
2026-01-29 20:00:00,860.4,869.48,859.61,868.69,23063.19
2026-01-30 00:00:00,868.69,869.77,835.55,845.7,93954.037
2026-01-30 04:00:00,845.69,854.36,836.14,847.55,31938.077
2026-01-30 08:00:00,847.56,848.05,833.08,842.79,31507.629
2026-01-30 12:00:00,842.79,855.87,836.45,850.11,56514.457
2026-01-30 16:00:00,850.1,855.9,831.83,854.24,49795.912
2026-01-30 20:00:00,854.24,862.09,846.38,858.81,32241.242
2026-01-31 00:00:00,858.81,860.85,851.93,853.22,16133.604
2026-01-31 04:00:00,853.22,854.6,845.89,847.75,19106.106
2026-01-31 08:00:00,847.75,847.75,833.0,836.85,31155.492
2026-01-31 12:00:00,836.85,837.65,801.66,803.1,103218.44
2026-01-31 16:00:00,803.1,810.21,750.0,771.0,195832.478
2026-01-31 20:00:00,771.05,785.94,766.14,781.38,41860.031
2026-02-01 00:00:00,781.39,789.72,779.22,783.63,33440.825
2026-02-01 04:00:00,783.64,785.0,773.84,778.01,26255.152
2026-02-01 08:00:00,778.0,782.79,768.29,774.07,23931.399
2026-02-01 12:00:00,774.07,774.19,742.7,749.98,88997.372
2026-02-01 16:00:00,749.98,766.8,745.83,757.15,38612.997
2026-02-01 20:00:00,757.14,766.39,739.63,758.54,47887.775
2026-02-02 00:00:00,758.54,770.61,728.44,751.57,79226.291
2026-02-02 04:00:00,751.58,760.39,728.88,752.5,102907.599
2026-02-02 08:00:00,752.58,767.35,752.57,762.36,32285.885
2026-02-02 12:00:00,762.37,781.09,761.86,777.86,48351.082
2026-02-02 16:00:00,777.87,781.58,769.72,770.39,26073.844
2026-02-02 20:00:00,770.38,776.95,767.6,773.94,17818.783
2026-02-03 00:00:00,773.94,775.25,762.7,772.3,19610.718
2026-02-03 04:00:00,772.3,783.57,770.98,782.08,22613.544
2026-02-03 08:00:00,782.09,782.7,765.97,768.87,28779.31
2026-02-03 12:00:00,768.87,778.22,764.29,776.75,32409.838
2026-02-03 16:00:00,776.75,776.76,736.08,757.88,95633.507
2026-02-03 20:00:00,757.87,775.41,752.28,754.78,44901.906
2026-02-04 00:00:00,754.78,764.31,751.61,761.71,21713.322
2026-02-04 04:00:00,761.7,765.33,754.21,764.19,19047.064
2026-02-04 08:00:00,764.19,764.36,747.37,750.34,32102.059
2026-02-04 12:00:00,750.35,752.42,727.5,733.9,94142.899
2026-02-04 16:00:00,733.91,736.7,707.0,717.95,158473.103
2026-02-04 20:00:00,717.95,718.75,687.3,697.27,98993.72
2026-02-05 00:00:00,697.27,703.0,691.01,694.19,69943.501
2026-02-05 04:00:00,694.19,700.24,686.0,691.49,86281.696
2026-02-05 08:00:00,691.5,700.37,674.71,683.49,71180.391
2026-02-05 12:00:00,683.49,688.53,646.66,658.56,152326.009
2026-02-05 16:00:00,658.56,673.96,631.09,641.19,130679.124
2026-02-05 20:00:00,641.28,645.15,602.17,608.3,288767.949
2026-02-06 00:00:00,608.3,634.0,570.06,615.11,239790.67
2026-02-06 04:00:00,615.1,642.49,613.1,623.05,87531.653
2026-02-06 08:00:00,623.06,638.48,617.0,636.17,57093.605
2026-02-06 12:00:00,636.16,654.76,632.45,651.2,72918.669
2026-02-06 16:00:00,651.19,669.65,648.94,658.82,91567.719
2026-02-06 20:00:00,658.83,668.57,654.87,657.21,44420.277
2026-02-07 00:00:00,657.21,661.87,650.18,659.14,29488.483
2026-02-07 04:00:00,659.14,663.88,632.11,638.48,52730.055
2026-02-07 08:00:00,638.49,641.56,630.83,635.7,21412.916
2026-02-07 12:00:00,635.71,646.9,633.64,642.29,29761.24
2026-02-07 16:00:00,642.28,655.51,639.11,650.22,73959.35
2026-02-07 20:00:00,650.21,654.0,644.08,647.0,10168.557
2026-02-08 00:00:00,647.01,651.3,642.53,642.77,12015.818
2026-02-08 04:00:00,642.77,644.8,639.11,643.22,13595.859
2026-02-08 08:00:00,643.22,650.84,637.61,645.67,30127.829
2026-02-08 12:00:00,645.67,648.34,641.04,643.85,26576.015
2026-02-08 16:00:00,643.85,649.99,632.3,648.58,21436.761
2026-02-08 20:00:00,648.58,653.0,636.27,639.93,20419.81
2026-02-09 00:00:00,639.93,646.15,633.81,645.03,21666.877
2026-02-09 04:00:00,645.02,645.36,631.16,632.05,19180.473
2026-02-09 08:00:00,632.05,633.62,616.01,621.83,38959.678
2026-02-09 12:00:00,621.84,632.5,621.72,631.08,31140.288
2026-02-09 16:00:00,630.98,643.47,627.18,642.48,24473.035
2026-02-09 20:00:00,642.48,644.07,633.44,636.39,13330.89
2026-02-10 00:00:00,636.38,642.0,630.01,633.21,15052.845
2026-02-10 04:00:00,633.2,639.51,628.4,631.75,21312.74
2026-02-10 08:00:00,631.74,635.38,625.05,626.46,37589.085
2026-02-10 12:00:00,626.47,628.99,613.8,619.4,52916.118
2026-02-10 16:00:00,619.39,625.58,613.98,617.29,18215.964
2026-02-10 20:00:00,617.28,620.47,614.43,619.85,8462.518
2026-02-11 00:00:00,619.85,624.14,615.34,617.49,11109.955
2026-02-11 04:00:00,617.49,618.69,597.61,600.77,47822.776
2026-02-11 08:00:00,600.76,602.15,587.14,592.82,62841.018
2026-02-11 12:00:00,592.82,611.85,588.87,593.79,65617.487
2026-02-11 16:00:00,593.75,613.45,592.22,610.47,31286.106
2026-02-11 20:00:00,610.46,617.9,604.51,608.11,17674.197
2026-02-12 00:00:00,608.11,617.3,608.11,616.6,16448.543
2026-02-12 04:00:00,616.61,618.25,611.21,615.25,21559.169
2026-02-12 08:00:00,615.25,620.87,610.53,617.69,22646.829
2026-02-12 12:00:00,617.69,618.28,607.72,609.2,23272.593
2026-02-12 16:00:00,609.21,612.32,600.6,608.13,25295.025
2026-02-12 20:00:00,608.17,616.0,604.0,614.29,12076.298
2026-02-13 00:00:00,614.29,616.64,607.5,608.85,37897.031
2026-02-13 04:00:00,608.86,609.5,592.49,598.11,34524.031
2026-02-13 08:00:00,598.12,604.36,597.68,601.58,20334.567
2026-02-13 12:00:00,601.58,615.38,595.38,610.33,66098.655
2026-02-13 16:00:00,610.33,621.29,609.04,618.14,38374.465
2026-02-13 20:00:00,618.14,622.81,615.65,618.94,14191.065
2026-02-14 00:00:00,618.93,625.63,616.72,617.5,21809.177
2026-02-14 04:00:00,617.5,622.39,615.7,622.35,12823.471
2026-02-14 08:00:00,622.35,633.79,622.01,633.37,28241.645
2026-02-14 12:00:00,633.37,637.24,626.76,634.73,24415.933
2026-02-14 16:00:00,634.74,634.74,629.19,632.84,14877.182
2026-02-14 20:00:00,632.84,634.61,628.58,632.77,11678.516
2026-02-15 00:00:00,632.77,633.97,627.0,633.4,22141.56
2026-02-15 04:00:00,633.39,642.49,633.39,639.86,19694.409
2026-02-15 08:00:00,639.86,641.28,626.21,629.26,19775.031
2026-02-15 12:00:00,629.27,630.06,615.71,621.52,30454.739
2026-02-15 16:00:00,621.53,621.54,608.82,611.79,30408.903
2026-02-15 20:00:00,611.79,617.44,609.86,615.16,9951.949
2026-02-16 00:00:00,615.17,618.37,611.38,613.46,8264.154
2026-02-16 04:00:00,613.46,618.75,610.4,613.39,10881.58
2026-02-16 08:00:00,613.39,620.0,612.6,618.75,13481.904
2026-02-16 12:00:00,618.74,631.24,604.49,607.51,45144.061
2026-02-16 16:00:00,607.51,618.31,607.23,616.73,15802.992
2026-02-16 20:00:00,616.74,628.2,616.04,627.19,12086.192
2026-02-17 00:00:00,627.19,631.86,621.25,626.99,19713.265
2026-02-17 04:00:00,627.0,628.28,620.3,622.74,11151.476
2026-02-17 08:00:00,622.74,623.89,615.17,618.34,9512.731
2026-02-17 12:00:00,618.33,626.08,609.3,615.24,28550.624
2026-02-17 16:00:00,615.25,624.28,612.12,620.1,17208.356
2026-02-17 20:00:00,620.1,620.82,616.06,617.74,5797.632
2026-02-18 00:00:00,617.76,619.67,613.33,618.86,7110.252
2026-02-18 04:00:00,618.86,621.42,614.8,620.91,7773.844
2026-02-18 08:00:00,620.9,626.57,613.56,614.18,15318.858
2026-02-18 12:00:00,614.18,623.17,607.97,618.25,27328.701
2026-02-18 16:00:00,618.25,620.59,601.3,603.23,25518.901
2026-02-18 20:00:00,603.23,606.51,602.0,604.8,14205.454
2026-02-19 00:00:00,604.8,608.15,602.84,607.86,14388.879
2026-02-19 04:00:00,607.87,614.8,606.66,610.78,16747.151
2026-02-19 08:00:00,610.78,610.9,603.9,604.24,20584.001
2026-02-19 12:00:00,604.24,606.49,596.0,600.39,30608.548
2026-02-19 16:00:00,600.4,606.95,596.07,604.58,18016.793
2026-02-19 20:00:00,604.58,609.24,603.02,607.83,9008.991
2026-02-20 00:00:00,607.82,610.53,606.16,607.89,15887.844
2026-02-20 04:00:00,607.89,613.94,605.29,612.1,16972.818
2026-02-20 08:00:00,612.1,615.24,606.87,608.53,30281.99
2026-02-20 12:00:00,608.53,618.3,601.23,616.83,44525.03
2026-02-20 16:00:00,616.83,628.26,616.08,626.14,37278.103
2026-02-20 20:00:00,626.13,629.74,624.9,625.91,14645.021
2026-02-21 00:00:00,625.9,628.67,624.0,625.25,13097.627
2026-02-21 04:00:00,625.25,628.0,624.93,625.88,9791.021
2026-02-21 08:00:00,625.87,631.63,625.72,630.18,11796.457
2026-02-21 12:00:00,630.18,634.8,627.51,627.66,26375.655
2026-02-21 16:00:00,627.65,629.51,624.02,626.9,12481.266
2026-02-21 20:00:00,626.91,627.62,624.25,625.61,8114.539
2026-02-22 00:00:00,625.61,626.87,620.54,621.36,9867.327
2026-02-22 04:00:00,621.36,623.59,618.72,622.46,10183.464
2026-02-22 08:00:00,622.47,624.8,621.15,624.55,5658.674
2026-02-22 12:00:00,624.55,624.62,613.39,615.91,24820.745
2026-02-22 16:00:00,615.91,616.09,610.02,612.46,12525.126
2026-02-22 20:00:00,612.47,616.28,611.0,614.8,5513.543
2026-02-23 00:00:00,614.8,616.0,583.13,590.03,87896.735
2026-02-23 04:00:00,590.04,601.16,585.1,599.31,46724.228
2026-02-23 08:00:00,599.31,610.47,596.53,606.49,24632.278
2026-02-23 12:00:00,606.49,612.49,604.33,604.64,43671.827
2026-02-23 16:00:00,604.64,606.33,591.54,592.18,27166.634
2026-02-23 20:00:00,592.18,598.71,590.2,596.41,14971.259
2026-02-24 00:00:00,596.4,602.9,589.9,593.33,28130.569
2026-02-24 04:00:00,593.34,594.28,586.15,589.79,27922.06
2026-02-24 08:00:00,589.78,592.93,585.77,587.01,15298.876
2026-02-24 12:00:00,587.01,588.43,577.06,586.1,61048.869
2026-02-24 16:00:00,586.09,590.17,583.87,588.73,22024.928
2026-02-24 20:00:00,588.73,590.43,582.57,583.6,13860.548
2026-02-25 00:00:00,583.61,602.31,581.51,594.07,40173.121
2026-02-25 04:00:00,594.07,596.66,589.89,596.09,20105.329
2026-02-25 08:00:00,596.1,605.43,595.86,604.99,19954.541
2026-02-25 12:00:00,605.0,623.15,604.58,621.38,51965.848
2026-02-25 16:00:00,621.39,634.32,620.93,632.21,49493.221
2026-02-25 20:00:00,632.21,640.55,624.33,629.42,39953.25
2026-02-26 00:00:00,629.42,633.83,625.37,627.87,25261.692
2026-02-26 04:00:00,627.88,632.47,625.3,625.6,14636.37
2026-02-26 08:00:00,625.61,630.29,622.89,622.96,16376.039
2026-02-26 12:00:00,622.97,628.52,618.68,623.2,29851.743
2026-02-26 16:00:00,623.2,625.38,614.2,624.56,31125.949
2026-02-26 20:00:00,624.57,626.9,620.89,625.74,9423.551
2026-02-27 00:00:00,625.74,630.27,622.5,629.17,17452.989
2026-02-27 04:00:00,629.17,633.65,624.94,627.06,25475.151
2026-02-27 08:00:00,627.06,630.0,613.22,614.85,24416.487
2026-02-27 12:00:00,614.86,616.85,609.67,614.4,31575.48
2026-02-27 16:00:00,614.41,614.73,606.68,609.8,19988.207
2026-02-27 20:00:00,609.8,614.27,605.25,614.03,9259.406
2026-02-28 00:00:00,614.03,615.6,612.12,614.94,13607.729
2026-02-28 04:00:00,614.95,615.44,590.75,597.5,48756.5
2026-02-28 08:00:00,597.49,598.57,588.64,594.56,36564.226
2026-02-28 12:00:00,594.57,605.75,594.12,603.99,33689.422
2026-02-28 16:00:00,604.0,614.77,600.95,613.2,21548.487
2026-02-28 20:00:00,613.2,621.49,611.98,617.14,17938.736
2026-03-01 00:00:00,617.14,632.16,614.52,628.53,40926.49
2026-03-01 04:00:00,628.54,631.31,623.0,625.35,25189.09
2026-03-01 08:00:00,625.36,626.42,618.71,622.81,16920.765
2026-03-01 12:00:00,622.8,629.8,619.74,626.6,26493.484
2026-03-01 16:00:00,626.6,629.6,617.39,619.77,25552.405
2026-03-01 20:00:00,619.77,621.03,610.89,617.96,34878.693
2026-03-02 00:00:00,617.96,625.66,614.43,624.41,26043.127
2026-03-02 04:00:00,624.42,625.79,613.02,616.67,15983.15
2026-03-02 08:00:00,616.67,623.05,612.96,622.13,15994.437
2026-03-02 12:00:00,622.14,649.7,618.81,646.25,71972.576
2026-03-02 16:00:00,646.25,652.87,635.84,636.48,46976.9
2026-03-02 20:00:00,636.48,640.8,632.43,637.79,25610.96
2026-03-03 00:00:00,637.79,643.29,633.46,635.63,29906.371
2026-03-03 04:00:00,635.63,638.47,628.94,633.32,26839.011
2026-03-03 08:00:00,633.32,634.14,621.0,626.53,31370.363
2026-03-03 12:00:00,626.52,631.89,621.0,630.57,27730.149
2026-03-03 16:00:00,630.56,638.92,628.56,633.04,23941.529
2026-03-03 20:00:00,633.04,636.92,628.43,633.56,10403.633
2026-03-04 00:00:00,633.57,636.65,626.2,629.3,17342.351
2026-03-04 04:00:00,629.29,640.9,627.12,640.01,17238.213
2026-03-04 08:00:00,640.01,654.83,638.89,650.51,58718.525
2026-03-04 12:00:00,650.51,661.82,645.94,661.17,53532.251
2026-03-04 16:00:00,661.17,666.16,655.22,662.66,34051.135
2026-03-04 20:00:00,662.66,663.12,656.55,657.99,19037.208
2026-03-05 00:00:00,658.0,660.99,652.38,654.31,20788.657
2026-03-05 04:00:00,654.31,657.42,648.79,650.39,23190.738
2026-03-05 08:00:00,650.4,665.42,649.61,659.15,21687.416
2026-03-05 12:00:00,659.15,660.81,648.46,652.94,32901.29
2026-03-05 16:00:00,652.95,654.49,646.14,648.54,21438.002
2026-03-05 20:00:00,648.54,652.38,646.47,647.85,8031.521
2026-03-06 00:00:00,647.85,651.62,645.53,649.7,12775.153
2026-03-06 04:00:00,649.7,649.99,641.22,646.89,19233.995
2026-03-06 08:00:00,646.88,646.89,637.17,637.45,17797.128
2026-03-06 12:00:00,637.45,640.96,624.77,628.02,44334.953
2026-03-06 16:00:00,628.02,632.98,625.9,630.71,12804.475
2026-03-06 20:00:00,630.71,631.5,626.97,627.31,8086.032
2026-03-07 00:00:00,627.31,629.84,626.36,627.13,8842.406
2026-03-07 04:00:00,627.13,628.63,624.63,627.87,10486.349
2026-03-07 08:00:00,627.87,630.19,626.5,627.78,9263.253
2026-03-07 12:00:00,627.79,628.27,623.8,625.22,11098.179
2026-03-07 16:00:00,625.22,625.23,618.5,619.84,14789.261
2026-03-07 20:00:00,619.84,622.41,617.8,620.26,8639.366
2026-03-08 00:00:00,620.27,621.97,615.32,617.0,8766.845
2026-03-08 04:00:00,617.01,622.33,614.34,619.94,14781.656
2026-03-08 08:00:00,619.94,624.27,617.99,620.33,12076.295
2026-03-08 12:00:00,620.32,621.21,613.05,616.18,15973.493
2026-03-08 16:00:00,616.18,619.76,611.82,618.95,14400.835
2026-03-08 20:00:00,618.94,620.11,607.86,611.98,15940.43
2026-03-09 00:00:00,611.99,628.24,611.01,623.51,20068.64
2026-03-09 04:00:00,623.51,630.0,618.43,621.96,20042.218
2026-03-09 08:00:00,621.96,630.4,621.83,627.53,17458.918
2026-03-09 12:00:00,627.53,640.43,627.52,639.21,31858.866
2026-03-09 16:00:00,639.22,643.0,634.06,638.18,17091.054
2026-03-09 20:00:00,638.19,640.65,633.83,634.64,14821.68
2026-03-10 00:00:00,634.64,646.0,634.38,639.77,17617.17
2026-03-10 04:00:00,639.77,646.98,639.4,644.48,13784.833
2026-03-10 08:00:00,644.48,649.0,644.12,645.54,17943.021
2026-03-10 12:00:00,645.53,652.23,638.29,649.23,25860.991
2026-03-10 16:00:00,649.24,652.36,640.06,641.79,18057.644
2026-03-10 20:00:00,641.78,645.29,639.6,642.0,7519.787
2026-03-11 00:00:00,642.01,644.42,638.77,639.88,8826.592
2026-03-11 04:00:00,639.87,644.92,637.77,640.5,14439.261
2026-03-11 08:00:00,640.5,644.37,635.02,638.2,28584.566
2026-03-11 12:00:00,638.2,652.19,636.74,645.98,36592.442
2026-03-11 16:00:00,645.99,655.73,645.24,653.15,21386.356
2026-03-11 20:00:00,653.14,656.29,650.4,651.46,10316.597
2026-03-12 00:00:00,651.47,652.25,642.25,643.26,14948.74
2026-03-12 04:00:00,643.26,647.16,641.63,645.85,11068.993
2026-03-12 08:00:00,645.86,654.09,645.75,652.46,16841.697
2026-03-12 12:00:00,652.47,657.7,645.64,650.03,37625.033
2026-03-12 16:00:00,650.03,652.52,646.42,651.03,13233.494
2026-03-12 20:00:00,651.03,654.92,648.98,651.72,7816.099
2026-03-13 00:00:00,651.72,664.0,650.34,661.58,33511.182
2026-03-13 04:00:00,661.57,664.5,658.88,661.29,25969.092
2026-03-13 08:00:00,661.29,668.67,660.65,666.64,43984.843
2026-03-13 12:00:00,666.64,679.0,661.09,662.21,62811.157
2026-03-13 16:00:00,662.21,664.48,654.0,657.25,54317.637
2026-03-13 20:00:00,657.25,658.78,653.55,655.73,11387.089
2026-03-14 00:00:00,655.72,657.26,652.52,656.89,10285.263
2026-03-14 04:00:00,656.88,658.27,651.0,652.19,13759.743
2026-03-14 08:00:00,652.19,653.99,650.11,653.52,9914.929
2026-03-14 12:00:00,653.51,654.98,651.85,653.4,11150.325
2026-03-14 16:00:00,653.4,654.5,652.24,653.7,4722.898
2026-03-14 20:00:00,653.7,658.0,653.12,657.7,5407.107
2026-03-15 00:00:00,657.7,661.16,654.46,658.89,7831.622
2026-03-15 04:00:00,658.89,661.0,657.79,660.02,11360.918
2026-03-15 08:00:00,660.02,666.55,659.74,661.64,14295.868
2026-03-15 12:00:00,661.65,662.52,656.83,659.69,17186.32
2026-03-15 16:00:00,659.69,663.2,658.08,660.49,7931.019
2026-03-15 20:00:00,660.49,679.0,659.74,673.77,34393.347
2026-03-16 00:00:00,673.77,685.93,670.22,680.47,35086.165
2026-03-16 04:00:00,680.47,687.82,677.27,678.13,43473.362
2026-03-16 08:00:00,678.13,681.06,673.83,677.2,31764.46
2026-03-16 12:00:00,677.19,683.68,670.13,671.67,59084.86
2026-03-16 16:00:00,671.67,681.37,671.22,678.55,32813.662
2026-03-16 20:00:00,678.55,684.66,673.79,679.71,24692.747
2026-03-17 00:00:00,679.7,686.53,675.0,676.11,41516.026
2026-03-17 04:00:00,676.11,677.39,671.81,674.28,25038.543
2026-03-17 08:00:00,674.28,676.77,667.36,667.66,30318.018
2026-03-17 12:00:00,667.66,673.33,663.4,668.49,29991.511
2026-03-17 16:00:00,668.5,674.85,667.71,672.03,11769.27
2026-03-17 20:00:00,672.03,674.48,668.01,668.61,8483.665
2026-03-18 00:00:00,668.62,675.18,665.52,673.49,12610.526
2026-03-18 04:00:00,673.49,675.06,670.13,673.98,15353.126
2026-03-18 08:00:00,673.98,676.47,661.55,662.89,27002.302
2026-03-18 12:00:00,662.89,662.89,645.3,648.82,44109.595
2026-03-18 16:00:00,648.82,653.01,645.47,648.08,27717.455
2026-03-18 20:00:00,648.09,652.98,644.43,652.27,17712.182
2026-03-19 00:00:00,652.28,656.4,649.05,652.53,14658.77
2026-03-19 04:00:00,652.53,652.66,641.04,645.39,19730.152
2026-03-19 08:00:00,645.39,648.89,643.69,644.08,20358.35
2026-03-19 12:00:00,644.09,644.09,634.35,637.87,30450.241
2026-03-19 16:00:00,637.88,642.5,633.32,640.04,20987.24
2026-03-19 20:00:00,640.04,644.06,638.22,639.15,11494.905
2026-03-20 00:00:00,639.16,645.18,638.51,644.41,12649.474
2026-03-20 04:00:00,644.42,645.95,639.68,644.1,12898.284
2026-03-20 08:00:00,644.1,647.65,640.32,641.62,18537.863
2026-03-20 12:00:00,641.62,643.59,636.61,640.42,30578.47
2026-03-20 16:00:00,640.41,641.92,636.38,640.26,12576.285
2026-03-20 20:00:00,640.26,644.57,637.58,642.11,9447.626
2026-03-21 00:00:00,642.11,643.22,640.15,642.32,5788.107
2026-03-21 04:00:00,642.32,644.46,641.8,643.11,6610.999
2026-03-21 08:00:00,643.11,644.46,641.99,643.81,9061.269
2026-03-21 12:00:00,643.81,646.38,641.39,642.82,11855.304
2026-03-21 16:00:00,642.82,643.24,640.62,641.61,4689.68
2026-03-21 20:00:00,641.61,642.68,627.76,630.7,16231.34
2026-03-22 00:00:00,630.7,637.7,622.72,634.84,25821.814
2026-03-22 04:00:00,634.84,636.57,631.9,631.99,13296.792
2026-03-22 08:00:00,631.98,632.1,627.61,627.9,14210.098
2026-03-22 12:00:00,627.9,631.76,627.9,629.7,14848.926
2026-03-22 16:00:00,629.7,632.26,626.57,627.44,16400.438
2026-03-22 20:00:00,627.45,631.35,622.16,626.41,17775.511
2026-03-23 00:00:00,626.41,630.71,622.0,626.47,20250.729
2026-03-23 04:00:00,626.46,632.0,620.33,624.33,20208.785
2026-03-23 08:00:00,624.34,650.85,621.59,638.4,75227.815
2026-03-23 12:00:00,638.4,649.55,635.81,637.25,79301.366
2026-03-23 16:00:00,637.25,640.76,632.49,637.62,54337.412
2026-03-23 20:00:00,637.62,641.09,636.24,639.11,8230.767
2026-03-24 00:00:00,639.12,640.17,632.0,632.7,13380.273
2026-03-24 04:00:00,632.7,638.44,627.21,637.86,20931.162
2026-03-24 08:00:00,637.87,639.81,634.0,638.88,17591.477
2026-03-24 12:00:00,638.88,639.35,627.2,630.98,26763.386
2026-03-24 16:00:00,630.97,632.46,626.99,630.29,10948.544
2026-03-24 20:00:00,630.29,639.79,629.85,638.3,11559.457
2026-03-25 00:00:00,638.31,643.0,637.5,642.22,16420.574
2026-03-25 04:00:00,642.22,647.19,641.59,643.57,17880.152
2026-03-25 08:00:00,643.57,650.92,643.41,648.36,36184.072
2026-03-25 12:00:00,648.36,652.8,641.92,645.65,24349.875
2026-03-25 16:00:00,645.64,651.15,644.09,646.03,14642.843
2026-03-25 20:00:00,646.03,650.26,644.04,647.66,8041.424
2026-03-26 00:00:00,647.67,648.47,641.33,642.9,9757.702
2026-03-26 04:00:00,642.91,643.3,633.44,635.37,17962.943
2026-03-26 08:00:00,635.38,635.44,628.1,629.17,18306.159
2026-03-26 12:00:00,629.17,632.7,625.11,626.82,20102.072
2026-03-26 16:00:00,626.83,628.89,623.01,625.68,14781.02
2026-03-26 20:00:00,625.67,631.52,625.24,628.86,13808.177
2026-03-27 00:00:00,628.86,631.87,627.38,628.3,11531.745
2026-03-27 04:00:00,628.31,630.02,625.11,628.45,12380.859
2026-03-27 08:00:00,628.46,629.15,607.18,611.07,52013.225
2026-03-27 12:00:00,611.07,614.03,605.86,610.66,30020.007
2026-03-27 16:00:00,610.66,611.96,606.67,610.17,14624.043
2026-03-27 20:00:00,610.16,614.18,608.66,613.95,11164.751
2026-03-28 00:00:00,613.95,614.07,609.9,611.14,10778.0
2026-03-28 04:00:00,611.15,614.61,610.5,613.9,13315.472
2026-03-28 08:00:00,613.9,614.27,610.46,613.0,12100.481
2026-03-28 12:00:00,612.99,619.0,611.59,617.28,17880.838
2026-03-28 16:00:00,617.29,617.69,615.4,616.67,6182.515
2026-03-28 20:00:00,616.67,618.1,610.71,611.08,9830.576
2026-03-29 00:00:00,611.08,615.3,609.89,614.05,11246.913
2026-03-29 04:00:00,614.06,614.7,612.0,613.68,7594.995
2026-03-29 08:00:00,613.68,614.63,610.95,613.69,10666.188
2026-03-29 12:00:00,613.69,613.75,607.46,609.64,15794.207
2026-03-29 16:00:00,609.63,611.06,607.59,609.23,6580.883
2026-03-29 20:00:00,609.23,612.26,596.42,606.09,31528.533
2026-03-30 00:00:00,606.09,619.08,605.09,615.67,24893.095
2026-03-30 04:00:00,615.68,619.15,615.35,618.21,18930.198
2026-03-30 08:00:00,618.22,621.4,616.29,617.79,29088.874
2026-03-30 12:00:00,617.79,620.94,613.4,618.48,21953.107
2026-03-30 16:00:00,618.48,618.66,608.11,610.6,15071.556
2026-03-30 20:00:00,610.61,613.63,607.27,609.29,12943.253
2026-03-31 00:00:00,609.29,619.76,608.2,613.6,18826.465
2026-03-31 04:00:00,613.61,614.56,609.3,611.01,15514.618
2026-03-31 08:00:00,611.02,611.21,598.82,605.22,35968.302
2026-03-31 12:00:00,605.23,615.98,604.3,607.9,30839.427
2026-03-31 16:00:00,607.9,619.77,607.8,615.77,26707.864
2026-03-31 20:00:00,615.76,619.38,615.09,617.43,11273.939
2026-04-01 00:00:00,617.42,619.85,613.92,616.76,15439.03
2026-04-01 04:00:00,616.76,621.9,614.96,616.32,31514.135
2026-04-01 08:00:00,616.33,617.43,613.71,615.34,20858.345
2026-04-01 12:00:00,615.34,617.91,609.87,614.82,26306.224
2026-04-01 16:00:00,614.82,619.5,611.44,613.76,17843.367
2026-04-01 20:00:00,613.76,616.0,609.58,610.81,14596.464
2026-04-02 00:00:00,610.81,613.6,591.69,592.06,60887.564
2026-04-02 04:00:00,592.06,592.51,587.34,591.82,44299.895
2026-04-02 08:00:00,591.82,591.82,577.25,581.23,53550.612
2026-04-02 12:00:00,581.23,581.4,570.31,574.13,97461.799
2026-04-02 16:00:00,574.12,583.72,573.82,583.51,29911.515
2026-04-02 20:00:00,583.5,584.83,581.14,583.52,11506.934
2026-04-03 00:00:00,583.52,587.06,581.93,585.82,19254.206
2026-04-03 04:00:00,585.82,589.0,584.98,586.49,12281.075
2026-04-03 08:00:00,586.5,588.31,583.16,587.34,15675.882
2026-04-03 12:00:00,587.34,590.31,584.08,586.99,17998.337
2026-04-03 16:00:00,586.99,589.33,586.63,588.66,6774.437
2026-04-03 20:00:00,588.66,589.21,587.0,588.31,4522.438
2026-04-04 00:00:00,588.32,589.26,587.1,589.12,6429.771
2026-04-04 04:00:00,589.12,592.25,588.33,590.0,13261.321
2026-04-04 08:00:00,590.0,591.73,589.03,589.49,10402.926
2026-04-04 12:00:00,589.5,591.82,588.11,591.11,11917.826
2026-04-04 16:00:00,591.12,596.58,590.46,593.46,11980.551
2026-04-04 20:00:00,593.46,595.16,592.54,593.36,5673.039
2026-04-05 00:00:00,593.36,594.05,591.12,593.43,8288.545
2026-04-05 04:00:00,593.42,594.0,587.71,590.46,12134.237
2026-04-05 08:00:00,590.46,594.97,590.15,593.98,9402.756
2026-04-05 12:00:00,593.97,596.42,587.13,593.13,20782.507
2026-04-05 16:00:00,593.13,593.69,591.67,592.53,7706.673
2026-04-05 20:00:00,592.53,604.06,590.51,601.5,19717.232
2026-04-06 00:00:00,601.5,607.66,600.1,600.61,21807.7
2026-04-06 04:00:00,600.62,604.47,598.63,603.8,18840.74
2026-04-06 08:00:00,603.81,610.29,603.78,605.36,17420.769
2026-04-06 12:00:00,605.36,608.74,604.11,608.45,17633.973
2026-04-06 16:00:00,608.45,609.0,602.95,606.67,13286.947
2026-04-06 20:00:00,606.68,607.96,596.25,600.11,15969.42
2026-04-07 00:00:00,600.1,601.32,596.38,599.16,11451.186
2026-04-07 04:00:00,599.15,601.88,596.78,599.3,11177.583
2026-04-07 08:00:00,599.29,606.51,596.4,597.1,29834.635
2026-04-07 12:00:00,597.1,600.0,592.2,598.53,30618.743
2026-04-07 16:00:00,598.53,609.05,598.53,608.41,23994.268
2026-04-07 20:00:00,608.41,624.85,607.23,620.1,56450.477
2026-04-08 00:00:00,620.11,621.46,612.92,613.29,32396.858
2026-04-08 04:00:00,613.29,617.4,612.02,613.24,25758.364
2026-04-08 08:00:00,613.24,614.54,610.89,612.83,21847.461
2026-04-08 12:00:00,612.83,615.85,601.16,605.35,53448.922
2026-04-08 16:00:00,605.34,607.79,602.75,604.28,15146.018
2026-04-08 20:00:00,604.28,607.38,599.45,601.16,13517.063
2026-04-09 00:00:00,601.15,603.06,596.94,600.16,18175.249
2026-04-09 04:00:00,600.16,601.19,598.64,600.01,10221.972
2026-04-09 08:00:00,600.01,603.41,599.3,602.44,15969.669
2026-04-09 12:00:00,602.45,607.34,598.2,606.01,21514.81
2026-04-09 16:00:00,606.01,609.5,603.63,608.76,20119.801
2026-04-09 20:00:00,608.76,612.1,601.9,603.03,21303.675
2026-04-10 00:00:00,603.03,605.4,599.79,601.14,17766.67
2026-04-10 04:00:00,601.14,602.61,599.04,599.29,14201.76
2026-04-10 08:00:00,599.29,603.49,597.4,602.57,19228.132
2026-04-10 12:00:00,602.57,608.76,601.04,603.27,27608.247
2026-04-10 16:00:00,603.27,609.99,603.2,609.6,12524.9
2026-04-10 20:00:00,609.61,610.34,605.29,605.54,12936.223
2026-04-11 00:00:00,605.54,607.73,603.4,606.76,14016.45
2026-04-11 04:00:00,606.77,607.62,604.41,606.09,10856.568
2026-04-11 08:00:00,606.09,607.32,604.31,605.36,23470.985
2026-04-11 12:00:00,605.37,606.92,603.76,605.74,14398.939
2026-04-11 16:00:00,605.74,614.12,605.7,612.92,17611.253
2026-04-11 20:00:00,612.93,613.02,605.94,607.05,13913.275
2026-04-12 00:00:00,607.06,607.44,590.21,595.5,31078.514
2026-04-12 04:00:00,595.5,596.0,592.87,594.3,14859.817
2026-04-12 08:00:00,594.3,595.59,592.91,595.42,13022.638
2026-04-12 12:00:00,595.41,595.78,589.1,591.65,20069.446
2026-04-12 16:00:00,591.66,593.36,591.0,592.36,11271.215
2026-04-12 20:00:00,592.36,596.91,590.95,592.19,13472.621
2026-04-13 00:00:00,592.19,597.94,591.6,594.68,11256.918
2026-04-13 04:00:00,594.68,599.67,594.6,597.26,16488.524
2026-04-13 08:00:00,597.27,598.71,595.19,597.2,13130.521
2026-04-13 12:00:00,597.2,605.0,595.58,603.4,30992.717
2026-04-13 16:00:00,603.39,609.17,602.15,608.59,27831.961
2026-04-13 20:00:00,608.59,617.97,607.11,614.71,38803.859
2026-04-14 00:00:00,614.71,616.14,610.86,616.13,28115.649
2026-04-14 04:00:00,616.14,616.15,611.88,613.55,19715.436
2026-04-14 08:00:00,613.54,619.4,613.43,616.41,28132.029
2026-04-14 12:00:00,616.42,625.38,615.18,623.45,47940.613
2026-04-14 16:00:00,623.45,625.12,611.94,613.95,37840.425
2026-04-14 20:00:00,613.95,617.16,613.13,613.75,11637.879
2026-04-15 00:00:00,613.75,620.0,613.75,616.14,17227.733
2026-04-15 04:00:00,616.14,617.27,610.71,611.54,16261.029
2026-04-15 08:00:00,611.55,620.66,610.45,619.7,25376.842
2026-04-15 12:00:00,619.71,620.42,616.0,619.04,24672.706
2026-04-15 16:00:00,619.05,627.64,618.57,625.38,17267.117
2026-04-15 20:00:00,625.38,626.8,621.42,622.59,14137.793
2026-04-16 00:00:00,622.58,626.16,620.38,624.25,16041.38
2026-04-16 04:00:00,624.25,626.08,621.86,622.69,15672.328
2026-04-16 08:00:00,622.69,623.95,618.86,620.95,17492.473
2026-04-16 12:00:00,620.95,626.38,614.89,624.89,31053.988
2026-04-16 16:00:00,624.89,637.31,623.6,636.55,34803.489
2026-04-16 20:00:00,636.55,637.4,631.71,635.77,16483.043
2026-04-17 00:00:00,635.77,636.55,628.18,629.26,15173.724
2026-04-17 04:00:00,629.26,630.22,626.66,627.21,19659.254
2026-04-17 08:00:00,627.21,635.0,626.89,632.5,30283.279
2026-04-17 12:00:00,632.5,645.67,631.76,643.34,51049.665
2026-04-17 16:00:00,643.33,645.6,638.83,641.36,19428.359
2026-04-17 20:00:00,641.36,644.77,639.26,643.12,17892.557
2026-04-18 00:00:00,643.12,646.88,640.06,640.2,28939.317
2026-04-18 04:00:00,640.21,648.79,640.08,643.35,27083.119
2026-04-18 08:00:00,643.35,643.55,631.52,633.37,26675.059
2026-04-18 12:00:00,633.38,635.0,631.42,633.37,13376.045
2026-04-18 16:00:00,633.37,634.59,628.03,630.39,15324.524
2026-04-18 20:00:00,630.39,631.84,629.69,629.9,8267.295
2026-04-19 00:00:00,629.9,630.43,621.08,623.26,16377.065
2026-04-19 04:00:00,623.26,624.72,618.1,620.32,17821.097
2026-04-19 08:00:00,620.32,623.33,618.0,622.4,14492.492
2026-04-19 12:00:00,622.4,628.36,622.06,626.07,18680.655
2026-04-19 16:00:00,626.07,626.64,619.39,622.93,13891.28
2026-04-19 20:00:00,622.93,623.36,615.0,616.06,19328.153
2026-04-20 00:00:00,616.07,622.8,615.97,621.69,11683.598
2026-04-20 04:00:00,621.7,629.48,617.0,624.69,15619.732
2026-04-20 08:00:00,624.69,628.14,622.71,625.5,17552.488
2026-04-20 12:00:00,625.49,628.36,620.87,628.31,23839.062
2026-04-20 16:00:00,628.31,631.8,626.71,630.56,12588.616
2026-04-20 20:00:00,630.57,632.08,628.0,629.26,10864.215
2026-04-21 00:00:00,629.26,632.46,628.1,629.87,11095.479
2026-04-21 04:00:00,629.87,633.93,628.81,632.88,11139.346
2026-04-21 08:00:00,632.89,640.7,632.2,634.14,41688.668
2026-04-21 12:00:00,634.14,635.17,629.37,631.81,19309.425
2026-04-21 16:00:00,631.82,633.66,625.0,626.6,12996.64
2026-04-21 20:00:00,626.59,632.45,625.56,631.72,9143.681
2026-04-22 00:00:00,631.73,641.4,631.19,639.57,20568.448
2026-04-22 04:00:00,639.57,644.95,638.66,641.99,25959.846
2026-04-22 08:00:00,642.0,643.81,641.0,642.77,15334.599
2026-04-22 12:00:00,642.78,654.19,642.14,649.1,39008.952
2026-04-22 16:00:00,649.1,650.96,642.89,644.1,18298.576
2026-04-22 20:00:00,644.1,644.18,637.33,637.47,15815.918
2026-04-23 00:00:00,637.47,639.5,633.23,635.6,22566.677
2026-04-23 04:00:00,635.61,638.43,635.01,635.7,13183.512
2026-04-23 08:00:00,635.7,636.29,631.0,633.56,16887.714
2026-04-23 12:00:00,633.56,640.0,632.0,639.74,18401.871
2026-04-23 16:00:00,639.74,640.38,631.14,635.91,18026.04
2026-04-23 20:00:00,635.9,639.79,635.6,638.54,9343.442
2026-04-24 00:00:00,638.55,640.42,633.6,634.61,9531.6
2026-04-24 04:00:00,634.61,637.17,632.04,635.0,13609.138
2026-04-24 08:00:00,634.99,638.75,633.33,638.1,15966.278
2026-04-24 12:00:00,638.1,640.49,635.95,639.6,16954.525
2026-04-24 16:00:00,639.6,639.97,635.34,638.24,8889.456
2026-04-24 20:00:00,638.24,638.37,635.43,636.21,5674.821
2026-04-25 00:00:00,636.21,637.69,635.49,637.45,8892.494
2026-04-25 04:00:00,637.45,638.08,636.29,636.7,5455.504
2026-04-25 08:00:00,636.71,638.5,634.2,634.66,9788.226
2026-04-25 12:00:00,634.66,635.15,629.11,629.91,19722.948
2026-04-25 16:00:00,629.9,630.41,627.15,628.66,9371.55
2026-04-25 20:00:00,628.67,630.43,628.34,628.53,5687.615
2026-04-26 00:00:00,628.52,630.35,627.0,628.63,7913.944
2026-04-26 04:00:00,628.63,632.79,628.27,632.52,9812.403
2026-04-26 08:00:00,632.52,632.75,629.9,632.54,9812.812
2026-04-26 12:00:00,632.55,633.03,630.6,632.29,9377.389
2026-04-26 16:00:00,632.29,636.74,630.59,635.89,8940.878
2026-04-26 20:00:00,635.9,638.06,633.0,635.76,8588.914
2026-04-27 00:00:00,635.77,639.81,633.74,638.27,18044.113
2026-04-27 04:00:00,638.27,638.64,625.15,625.87,28410.052
2026-04-27 08:00:00,625.87,628.94,625.4,627.4,10936.731
2026-04-27 12:00:00,627.39,628.56,618.38,620.94,25377.875
2026-04-27 16:00:00,620.93,624.02,620.5,623.53,13646.889
2026-04-27 20:00:00,623.53,627.31,623.13,626.83,7529.828
2026-04-28 00:00:00,626.83,627.58,623.28,624.52,7126.507
2026-04-28 04:00:00,624.52,626.62,621.86,624.26,16508.09
2026-04-28 08:00:00,624.26,625.47,621.21,621.85,9676.525
2026-04-28 12:00:00,621.86,623.63,619.0,622.82,16880.81
2026-04-28 16:00:00,622.82,624.3,621.82,624.17,7137.871
2026-04-28 20:00:00,624.17,624.66,622.87,624.55,5017.939
2026-04-29 00:00:00,624.56,626.73,622.56,626.05,9681.142
2026-04-29 04:00:00,626.05,628.5,625.0,625.13,16646.427
2026-04-29 08:00:00,625.13,629.61,624.54,626.02,19479.286
2026-04-29 12:00:00,626.01,626.06,615.48,616.51,21085.078
2026-04-29 16:00:00,616.52,620.28,610.26,613.31,26554.168
2026-04-29 20:00:00,613.32,618.58,613.02,617.39,8367.071
2026-04-30 00:00:00,617.39,620.53,616.03,617.88,12566.092
2026-04-30 04:00:00,617.88,618.26,613.47,617.5,18797.061
2026-04-30 08:00:00,617.5,618.75,614.38,615.63,13741.332
2026-04-30 12:00:00,615.64,618.13,613.58,617.1,19135.061
2026-04-30 16:00:00,617.09,618.84,615.75,618.45,8022.292
2026-04-30 20:00:00,618.44,618.61,614.79,615.38,6350.607
2026-05-01 00:00:00,615.38,621.29,615.28,618.5,14358.805
2026-05-01 04:00:00,618.5,619.08,616.03,617.42,10394.11
2026-05-01 08:00:00,617.42,619.56,615.94,618.92,13233.624
2026-05-01 12:00:00,618.92,622.84,618.44,620.83,25448.318
2026-05-01 16:00:00,620.83,621.79,618.9,619.24,8877.143
2026-05-01 20:00:00,619.24,619.37,613.79,615.34,15741.74
2026-05-02 00:00:00,615.34,617.26,614.78,616.19,7600.96
2026-05-02 04:00:00,616.19,616.4,614.15,615.91,7752.895
2026-05-02 08:00:00,615.9,616.2,614.71,615.66,6659.85
2026-05-02 12:00:00,615.67,618.27,615.38,618.22,12201.248
2026-05-02 16:00:00,618.22,619.38,617.71,618.83,8574.84
2026-05-02 20:00:00,618.84,621.81,617.77,618.03,9184.201
2026-05-03 00:00:00,618.03,618.49,615.09,616.22,10665.496
2026-05-03 04:00:00,616.22,618.35,615.31,616.96,9750.079
2026-05-03 08:00:00,616.97,619.54,616.68,618.81,12956.337
2026-05-03 12:00:00,618.81,620.57,618.14,619.87,13656.211
2026-05-03 16:00:00,619.87,620.78,618.78,619.26,9598.316
2026-05-03 20:00:00,619.26,622.27,617.0,617.27,16223.691
2026-05-04 00:00:00,617.28,626.66,615.61,626.57,37419.932
2026-05-04 04:00:00,626.58,639.0,626.58,628.4,60837.535
2026-05-04 08:00:00,628.4,631.01,620.0,622.9,34529.559
2026-05-04 12:00:00,622.91,628.44,621.19,625.47,43518.679
2026-05-04 16:00:00,625.47,628.8,623.5,624.93,19279.644
2026-05-04 20:00:00,624.93,625.91,622.6,622.63,11063.652
2026-05-05 00:00:00,622.64,628.86,622.58,627.81,19199.304
2026-05-05 04:00:00,627.8,628.81,625.73,627.54,22579.058
2026-05-05 08:00:00,627.54,628.94,625.94,628.59,23983.69
2026-05-05 12:00:00,628.6,634.0,628.05,631.01,35110.266
2026-05-05 16:00:00,631.01,632.38,627.81,631.72,23383.602
2026-05-05 20:00:00,631.73,635.0,629.71,630.42,22765.875
2026-05-06 00:00:00,630.41,636.01,628.97,635.17,23365.379
2026-05-06 04:00:00,635.18,640.43,632.85,637.99,25453.541
2026-05-06 08:00:00,637.98,652.66,637.95,652.56,78126.573
2026-05-06 12:00:00,652.56,664.26,643.58,648.51,81801.424
2026-05-06 16:00:00,648.51,650.93,646.29,650.45,19995.243
2026-05-06 20:00:00,650.44,651.49,644.46,647.74,12953.096
2026-05-07 00:00:00,647.74,649.81,641.64,642.53,29830.996
2026-05-07 04:00:00,642.54,653.49,642.1,651.91,19315.443
2026-05-07 08:00:00,651.92,653.1,646.15,648.01,21602.1
2026-05-07 12:00:00,648.01,651.0,639.41,642.45,29470.063
2026-05-07 16:00:00,642.46,644.7,639.33,643.71,17699.575
2026-05-07 20:00:00,643.71,645.65,633.68,637.02,26255.632
2026-05-08 00:00:00,637.02,640.54,635.46,639.44,15412.117
2026-05-08 04:00:00,639.44,641.0,634.76,636.91,24292.908
2026-05-08 08:00:00,636.91,641.56,635.89,641.02,21553.029
2026-05-08 12:00:00,641.03,644.0,637.54,643.92,18479.16
2026-05-08 16:00:00,643.92,649.5,642.36,648.09,15055.131
2026-05-08 20:00:00,648.1,651.53,645.86,649.36,12960.331
2026-05-09 00:00:00,649.37,655.88,649.01,653.66,18453.315
2026-05-09 04:00:00,653.67,656.0,648.95,649.77,32605.996
2026-05-09 08:00:00,649.77,651.03,648.43,650.04,9822.627
2026-05-09 12:00:00,650.05,650.67,646.23,647.66,11368.726
2026-05-09 16:00:00,647.67,651.84,647.01,651.01,15609.096
2026-05-09 20:00:00,651.01,652.36,649.53,649.75,10493.132
2026-05-10 00:00:00,649.76,650.5,644.84,647.7,18024.134
2026-05-10 04:00:00,647.71,649.29,647.28,648.28,8599.048
2026-05-10 08:00:00,648.29,651.9,647.71,649.59,16061.965
2026-05-10 12:00:00,649.59,656.2,648.47,655.5,17482.985
2026-05-10 16:00:00,655.51,662.38,654.4,661.14,19655.812
2026-05-10 20:00:00,661.14,666.66,648.71,663.55,39453.273
2026-05-11 00:00:00,663.56,664.85,650.07,651.79,30689.411
2026-05-11 04:00:00,651.8,654.17,650.03,650.61,26867.574
2026-05-11 08:00:00,650.61,655.92,649.46,655.92,27730.707
2026-05-11 12:00:00,655.92,661.51,651.49,661.5,31057.069
2026-05-11 16:00:00,661.51,663.56,659.5,663.32,27138.806
2026-05-11 20:00:00,663.31,673.0,661.02,670.6,40181.678
2026-05-12 00:00:00,670.6,671.47,659.09,662.02,34336.061
2026-05-12 04:00:00,662.02,664.31,657.76,658.59,19544.701
2026-05-12 08:00:00,658.6,663.4,657.55,663.4,18304.871
2026-05-12 12:00:00,663.4,664.75,650.49,652.26,45149.103
2026-05-12 16:00:00,652.26,663.38,650.56,663.07,21554.165
2026-05-12 20:00:00,663.07,668.0,663.06,664.95,22728.188
2026-05-13 00:00:00,664.95,682.95,664.36,681.28,63481.069
2026-05-13 04:00:00,681.28,682.18,675.94,679.02,31687.705
2026-05-13 08:00:00,679.02,685.68,677.41,678.42,36146.83
2026-05-13 12:00:00,678.42,680.3,663.77,664.19,61800.437
2026-05-13 16:00:00,664.19,674.71,664.17,671.32,21029.274
2026-05-13 20:00:00,671.33,673.84,668.2,671.68,11917.453
2026-05-14 00:00:00,671.68,677.52,665.42,665.92,25552.318
2026-05-14 04:00:00,665.91,672.06,665.47,669.34,24244.733
2026-05-14 08:00:00,669.33,673.96,668.55,670.85,20888.197
2026-05-14 12:00:00,670.85,680.58,670.62,679.98,43264.703
2026-05-14 16:00:00,679.98,687.66,678.48,680.2,34513.078
2026-05-14 20:00:00,680.21,681.99,677.2,678.27,11337.001
2026-05-15 00:00:00,678.28,686.0,677.24,681.95,31590.787
2026-05-15 04:00:00,681.95,689.14,673.79,684.3,34855.094
2026-05-15 08:00:00,684.31,689.98,681.63,686.47,31941.574
2026-05-15 12:00:00,686.47,686.74,669.16,671.73,46245.668
2026-05-15 16:00:00,671.73,676.72,671.16,674.04,10415.878
2026-05-15 20:00:00,674.04,674.56,671.21,672.38,11455.37
2026-05-16 00:00:00,672.37,674.92,664.9,665.29,18248.201
2026-05-16 04:00:00,665.29,665.29,656.2,660.68,40063.387
2026-05-16 08:00:00,660.68,661.97,650.7,654.28,38491.712
2026-05-16 12:00:00,654.28,658.0,651.1,655.2,19256.183
2026-05-16 16:00:00,655.19,658.34,654.92,656.16,8832.535
2026-05-16 20:00:00,656.16,657.62,655.73,656.2,4886.318
2026-05-17 00:00:00,656.2,657.28,650.0,652.77,18338.033
2026-05-17 04:00:00,652.77,656.35,652.41,655.31,9915.355
2026-05-17 08:00:00,655.31,655.45,650.0,655.07,20093.406
2026-05-17 12:00:00,655.07,657.51,650.57,652.4,14463.278
2026-05-17 16:00:00,652.41,656.35,650.22,656.04,8126.498
2026-05-17 20:00:00,656.04,657.6,640.01,649.48,24875.382
2026-05-18 00:00:00,649.48,649.7,642.13,643.44,24070.12
2026-05-18 04:00:00,643.44,644.58,637.54,641.85,22109.046
2026-05-18 08:00:00,641.86,643.69,637.54,641.75,16265.504
2026-05-18 12:00:00,641.75,645.54,634.3,637.03,28798.729
2026-05-18 16:00:00,637.04,644.92,635.74,644.78,25412.858
2026-05-18 20:00:00,644.79,646.4,641.89,643.53,9524.963
2026-05-19 00:00:00,643.53,647.19,641.17,642.88,15081.766
2026-05-19 04:00:00,642.87,646.34,640.95,645.93,12878.765
2026-05-19 08:00:00,645.93,646.02,637.98,639.88,18231.516
2026-05-19 12:00:00,639.87,642.05,636.1,638.73,22154.505
2026-05-19 16:00:00,638.74,641.88,637.87,639.99,6959.289
2026-05-19 20:00:00,639.98,641.66,637.87,640.02,5648.096
2026-05-20 00:00:00,640.03,640.95,637.52,640.12,10998.41
2026-05-20 04:00:00,640.13,645.0,638.38,643.41,17026.815
2026-05-20 08:00:00,643.41,645.31,642.3,643.33,10929.184
2026-05-20 12:00:00,643.33,649.97,641.34,648.8,21178.265
2026-05-20 16:00:00,648.81,651.19,646.01,650.57,12072.633
2026-05-20 20:00:00,650.56,651.77,647.17,649.5,10737.346
2026-05-21 00:00:00,649.5,656.0,649.31,654.81,16426.826
2026-05-21 04:00:00,654.81,655.33,650.13,652.93,15174.305
2026-05-21 08:00:00,652.93,656.0,647.36,647.77,16397.079
2026-05-21 12:00:00,647.78,653.08,646.33,652.39,22284.158
2026-05-21 16:00:00,652.39,659.82,650.23,657.87,25349.236
2026-05-21 20:00:00,657.88,659.0,656.11,658.58,7424.074
2026-05-22 00:00:00,658.58,661.42,656.14,659.61,19957.927
2026-05-22 04:00:00,659.62,660.59,655.48,659.49,19045.979
2026-05-22 08:00:00,659.49,661.1,654.79,657.94,19420.351
2026-05-22 12:00:00,657.95,664.2,656.45,658.51,27640.76
2026-05-22 16:00:00,658.51,661.58,648.31,652.48,26896.901
2026-05-22 20:00:00,652.48,654.03,648.7,650.44,10945.702
2026-05-23 00:00:00,650.45,653.0,648.07,652.34,12861.485
2026-05-23 04:00:00,652.33,652.78,635.29,636.76,29959.118
2026-05-23 08:00:00,636.76,641.27,635.64,640.22,19254.322
2026-05-23 12:00:00,640.23,648.8,639.28,647.49,16104.113
2026-05-23 16:00:00,647.49,653.17,646.27,652.34,10922.064
2026-05-23 20:00:00,652.34,663.93,651.73,656.26,23908.536
2026-05-24 00:00:00,656.26,658.91,655.47,657.14,10230.955
2026-05-24 04:00:00,657.14,658.05,654.01,656.64,11489.947
2026-05-24 08:00:00,656.64,662.6,656.22,661.27,17094.839
2026-05-24 12:00:00,661.27,661.31,652.07,655.51,17644.883
2026-05-24 16:00:00,655.54,657.71,655.0,656.16,6343.873
2026-05-24 20:00:00,656.16,657.65,649.68,656.57,10863.68
2026-05-25 00:00:00,656.58,659.98,655.76,657.07,8956.671
2026-05-25 04:00:00,657.08,661.98,656.4,661.92,13397.803
2026-05-25 08:00:00,661.92,663.38,660.86,662.25,14597.301
2026-05-25 12:00:00,662.25,673.07,662.13,667.78,43130.126
2026-05-25 16:00:00,667.78,668.25,660.87,662.37,20332.903
2026-05-25 20:00:00,662.37,663.29,660.38,663.15,13829.949
2026-05-26 00:00:00,663.15,663.75,656.04,658.05,28996.126
2026-05-26 04:00:00,658.06,659.82,655.34,657.73,20163.733
2026-05-26 08:00:00,657.73,664.6,656.3,662.48,16752.202
2026-05-26 12:00:00,662.48,668.01,657.28,660.28,33101.37
2026-05-26 16:00:00,660.29,661.05,653.45,657.2,15961.219
2026-05-26 20:00:00,657.21,657.85,655.14,656.43,7358.632
2026-05-27 00:00:00,656.43,659.11,654.0,654.38,11603.96
2026-05-27 04:00:00,654.39,654.71,650.75,653.5,22097.632
2026-05-27 08:00:00,653.47,655.77,652.31,653.84,14860.91
2026-05-27 12:00:00,653.85,658.27,650.14,657.66,22805.928
2026-05-27 16:00:00,657.67,659.9,650.27,653.39,11901.799
2026-05-27 20:00:00,653.4,654.97,646.57,648.84,18467.365
2026-05-28 00:00:00,648.83,649.38,636.76,637.81,27180.926
2026-05-28 04:00:00,637.81,637.91,631.47,634.98,37611.48
2026-05-28 08:00:00,634.99,635.36,631.35,632.9,22590.242
2026-05-28 12:00:00,632.9,636.66,628.22,634.79,29623.064
2026-05-28 16:00:00,634.79,642.59,633.45,639.71,18517.018
2026-05-28 20:00:00,639.72,642.53,637.56,638.24,9734.955
2026-05-29 00:00:00,638.23,639.47,633.79,635.61,10817.037
2026-05-29 04:00:00,635.6,639.49,634.56,637.04,18566.225
2026-05-29 08:00:00,637.04,641.19,635.25,637.14,16834.76
2026-05-29 12:00:00,637.14,643.04,630.86,639.74,34656.091
2026-05-29 16:00:00,639.75,645.0,638.16,641.45,25151.916
2026-05-29 20:00:00,641.46,643.87,641.36,643.1,9229.234
2026-05-30 00:00:00,643.11,661.01,642.66,658.19,60112.76
2026-05-30 04:00:00,658.2,674.25,656.52,672.92,57378.158
2026-05-30 08:00:00,672.93,677.34,669.5,673.82,40748.459
2026-05-30 12:00:00,673.82,695.0,671.11,694.53,82839.847
2026-05-30 16:00:00,694.53,724.56,694.4,721.12,194021.804
2026-05-30 20:00:00,721.13,729.0,707.31,718.74,131279.938
2026-05-31 00:00:00,718.74,745.74,718.74,740.03,113699.45
2026-05-31 04:00:00,740.02,742.28,716.67,719.71,84743.276
2026-05-31 08:00:00,719.71,725.44,717.56,722.89,44018.579
2026-05-31 12:00:00,722.89,733.8,718.36,720.84,53174.303
2026-05-31 16:00:00,720.84,722.0,703.0,708.55,57418.865
2026-05-31 20:00:00,708.55,714.83,706.26,710.55,27111.259
2026-06-01 00:00:00,710.54,717.32,693.05,703.65,111698.751
2026-06-01 04:00:00,703.65,705.57,684.72,686.08,71195.399
2026-06-01 08:00:00,686.08,729.57,685.25,697.14,169006.258
2026-06-01 12:00:00,697.14,698.38,674.51,677.58,95175.973
2026-06-01 16:00:00,677.59,696.33,674.07,696.15,50083.583
2026-06-01 20:00:00,696.14,701.73,688.42,693.1,36182.562
2026-06-02 00:00:00,693.1,695.51,681.18,693.68,37983.098
2026-06-02 04:00:00,693.68,694.24,680.47,681.84,33244.698
2026-06-02 08:00:00,681.84,685.57,675.58,678.13,37164.186
2026-06-02 12:00:00,678.13,680.21,658.0,663.13,92326.056
2026-06-02 16:00:00,663.14,671.5,652.36,660.31,50956.304
2026-06-02 20:00:00,660.31,663.45,642.47,650.69,58462.998
2026-06-03 00:00:00,650.7,657.51,630.35,633.99,76370.111
2026-06-03 04:00:00,633.97,646.78,632.81,644.1,52117.066
2026-06-03 08:00:00,644.1,646.06,637.04,637.38,27006.02
2026-06-03 12:00:00,637.38,639.31,630.05,632.99,42293.227
2026-06-03 16:00:00,633.0,633.6,620.0,622.77,46595.81
2026-06-03 20:00:00,622.77,630.0,616.21,620.63,56531.209
2026-06-04 00:00:00,620.63,624.57,590.46,618.99,132041.733
2026-06-04 04:00:00,618.99,621.36,599.22,600.2,114683.132
2026-06-04 08:00:00,600.2,603.7,588.1,595.3,58774.044
2026-06-04 12:00:00,595.31,609.5,593.94,606.4,50585.263
2026-06-04 16:00:00,606.4,610.35,599.31,606.35,25343.14
2026-06-04 20:00:00,606.35,607.59,597.99,604.53,20004.453
2026-06-05 00:00:00,604.5,608.0,591.4,595.76,42115.954
2026-06-05 04:00:00,595.76,602.85,570.61,593.26,123442.609
2026-06-05 08:00:00,593.26,597.0,585.6,590.11,39184.151
2026-06-05 12:00:00,590.12,596.27,574.66,578.75,87171.076
2026-06-05 16:00:00,578.75,583.0,556.46,567.33,177520.693
2026-06-05 20:00:00,567.28,579.4,563.19,572.22,65403.552
2026-06-06 00:00:00,572.17,579.7,570.6,573.13,60477.621
2026-06-06 04:00:00,573.13,581.58,559.68,579.06,72844.762
2026-06-06 08:00:00,579.06,584.43,571.05,574.06,38599.48
2026-06-06 12:00:00,574.07,577.4,571.04,575.86,23850.117
2026-06-06 16:00:00,575.86,577.66,571.25,573.73,17426.36
2026-06-06 20:00:00,573.74,576.86,570.93,574.53,12992.183
2026-06-07 00:00:00,574.54,581.64,573.6,581.1,35970.003
2026-06-07 04:00:00,581.09,590.0,578.0,589.67,40069.656
2026-06-07 08:00:00,589.67,599.0,587.45,593.38,35811.983
2026-06-07 12:00:00,593.37,593.99,585.73,591.52,28623.872
2026-06-07 16:00:00,591.53,597.65,586.7,588.62,17718.224
2026-06-07 20:00:00,588.64,610.54,587.8,604.44,34650.624
2026-06-08 00:00:00,604.44,608.39,599.0,603.35,18647.702
2026-06-08 04:00:00,603.36,603.7,591.55,596.39,24931.837
2026-06-08 08:00:00,596.4,604.39,593.43,602.29,22250.794
2026-06-08 12:00:00,602.29,606.28,597.86,604.2,29961.76
2026-06-08 16:00:00,604.21,609.98,602.38,607.66,15682.805
2026-06-08 20:00:00,607.67,610.44,601.09,601.86,10000.608
2026-06-09 00:00:00,601.86,602.92,593.1,599.14,22077.226
2026-06-09 04:00:00,599.14,605.68,596.5,604.23,19897.603
2026-06-09 08:00:00,604.24,604.58,596.22,596.94,18689.713
2026-06-09 12:00:00,596.93,599.68,584.63,586.91,38534.517
2026-06-09 16:00:00,586.91,596.97,583.84,596.76,23870.542
2026-06-09 20:00:00,596.76,598.62,590.9,593.44,11567.124
2026-06-10 00:00:00,593.44,594.83,586.48,587.87,14257.248
2026-06-10 04:00:00,587.88,589.46,583.58,588.63,20276.403
2026-06-10 08:00:00,588.63,588.64,580.68,583.0,18632.505
2026-06-10 12:00:00,583.01,598.52,582.4,596.9,30496.206
2026-06-10 16:00:00,596.9,597.16,587.05,588.06,16615.593
2026-06-10 20:00:00,588.05,589.22,582.1,586.53,14568.047
2026-06-11 00:00:00,586.51,597.75,586.51,596.43,16955.089
2026-06-11 04:00:00,596.43,598.26,593.72,598.21,15849.425
2026-06-11 08:00:00,598.21,603.77,598.15,600.63,26205.76
2026-06-11 12:00:00,600.64,602.99,597.2,598.48,19499.665
2026-06-11 16:00:00,598.48,607.33,596.03,604.46,25300.89
2026-06-11 20:00:00,604.44,606.32,600.8,605.76,11995.1
2026-06-12 00:00:00,605.77,606.15,601.22,602.24,14102.351
2026-06-12 04:00:00,602.24,604.9,596.58,599.82,16773.899
2026-06-12 08:00:00,599.83,608.68,599.78,606.65,18563.745
2026-06-12 12:00:00,606.64,613.39,603.48,605.34,35491.909
2026-06-12 16:00:00,605.34,609.47,602.74,603.45,12870.554
2026-06-12 20:00:00,603.46,604.61,602.11,603.83,7533.869
2026-06-13 00:00:00,603.84,606.27,599.33,600.37,18441.865
2026-06-13 04:00:00,600.37,604.0,599.48,603.27,13314.854
2026-06-13 08:00:00,603.28,607.49,602.72,606.67,11740.27
2026-06-13 12:00:00,606.67,611.08,606.16,610.37,16949.94
2026-06-13 16:00:00,610.38,610.49,606.69,608.48,6493.412
2026-06-13 20:00:00,608.49,612.33,607.68,609.65,6550.812
2026-06-14 00:00:00,609.66,611.01,608.51,610.04,8456.312
2026-06-14 04:00:00,610.04,612.1,608.0,610.31,12185.816
2026-06-14 08:00:00,610.32,613.03,609.73,612.26,14418.801
2026-06-14 12:00:00,612.26,612.5,605.34,608.15,31305.255
2026-06-14 16:00:00,608.16,608.76,602.88,603.28,17393.161
2026-06-14 20:00:00,603.27,617.24,602.79,616.79,38268.266
2026-06-15 00:00:00,616.79,618.3,612.66,617.83,16560.186
2026-06-15 04:00:00,617.84,619.0,615.49,615.58,18298.767
2026-06-15 08:00:00,615.59,622.88,612.74,620.65,26092.281
2026-06-15 12:00:00,620.65,632.9,619.34,629.07,69558.578
2026-06-15 16:00:00,629.07,629.68,618.69,620.91,25852.828
2026-06-15 20:00:00,620.91,621.77,615.3,617.87,14175.002
2026-06-16 00:00:00,617.87,619.13,611.1,615.06,22140.718
2026-06-16 04:00:00,615.07,619.21,611.8,615.77,34385.891
2026-06-16 08:00:00,615.77,619.5,613.3,614.28,29635.779
2026-06-16 12:00:00,614.29,617.94,601.33,606.47,74075.34
2026-06-16 16:00:00,606.48,610.76,604.01,607.05,18479.793
2026-06-16 20:00:00,607.06,608.93,604.56,604.94,13471.896
2026-06-17 00:00:00,604.94,608.4,603.1,604.77,16400.813
2026-06-17 04:00:00,604.78,609.7,604.3,606.62,21872.108
2026-06-17 08:00:00,606.63,606.69,600.9,604.07,22298.712
2026-06-17 12:00:00,604.07,612.5,601.01,605.55,58015.475
2026-06-17 16:00:00,605.56,609.75,597.03,598.62,36748.91
2026-06-17 20:00:00,598.6,602.29,595.11,601.63,14048.171
2026-06-18 00:00:00,601.63,604.31,596.25,596.6,17644.621
2026-06-18 04:00:00,596.6,597.04,587.38,589.57,36450.086
2026-06-18 08:00:00,589.56,592.8,588.49,589.64,13085.225
2026-06-18 12:00:00,589.64,592.5,573.0,573.74,44152.816
2026-06-18 16:00:00,573.75,579.83,573.48,578.88,27437.11
2026-06-18 20:00:00,578.88,581.12,576.94,578.48,12798.954
2026-06-19 00:00:00,578.48,583.29,575.9,578.19,14688.521
2026-06-19 04:00:00,578.19,578.89,570.82,574.97,21351.895
2026-06-19 08:00:00,574.97,575.28,571.0,573.28,17210.055
2026-06-19 12:00:00,573.29,579.73,572.12,578.77,21356.003
2026-06-19 16:00:00,578.77,582.0,577.2,579.93,9629.8
2026-06-19 20:00:00,579.94,582.47,578.97,581.42,10106.917
2026-06-20 00:00:00,581.41,582.75,580.12,580.6,15325.004
2026-06-20 04:00:00,580.6,589.43,580.24,587.69,24665.488
2026-06-20 08:00:00,587.7,588.3,585.38,586.38,14244.61
2026-06-20 12:00:00,586.37,589.0,582.0,587.2,18233.106
2026-06-20 16:00:00,587.21,587.4,584.0,585.92,6243.845
2026-06-20 20:00:00,585.92,588.5,585.0,588.03,5828.117
2026-06-21 00:00:00,588.03,591.0,587.0,590.36,10367.993
2026-06-21 04:00:00,590.37,591.83,588.81,590.94,9427.15
2026-06-21 08:00:00,590.94,591.78,587.51,588.45,10602.73
2026-06-21 12:00:00,588.44,590.5,585.15,589.88,15171.087
2026-06-21 16:00:00,589.88,592.56,588.58,591.85,6882.847
2026-06-21 20:00:00,591.85,591.89,583.6,584.23,10909.445
2026-06-22 00:00:00,584.23,596.31,584.07,590.05,22605.868
2026-06-22 04:00:00,590.05,595.03,589.31,593.96,14871.497
2026-06-22 08:00:00,593.97,598.0,591.23,597.17,14406.134
2026-06-22 12:00:00,597.17,602.31,595.5,596.25,30488.835
2026-06-22 16:00:00,596.25,597.0,590.23,592.29,14208.175
2026-06-22 20:00:00,592.29,593.15,587.88,590.15,8851.121
2026-06-23 00:00:00,590.14,592.83,588.03,591.96,11648.442
2026-06-23 04:00:00,591.97,592.31,577.46,580.88,20251.574
2026-06-23 08:00:00,580.87,581.43,570.57,574.07,38951.074
2026-06-23 12:00:00,574.07,577.02,571.21,574.67,19540.572
2026-06-23 16:00:00,574.67,577.25,572.7,576.2,11412.809
2026-06-23 20:00:00,576.2,579.24,575.51,578.08,7050.411
2026-06-24 00:00:00,578.09,581.63,575.38,577.85,8595.401
2026-06-24 04:00:00,577.85,581.4,574.24,576.92,8601.196
2026-06-24 08:00:00,576.93,582.21,573.84,579.79,13848.586
2026-06-24 12:00:00,579.79,580.33,561.02,561.41,43424.318
2026-06-24 16:00:00,561.4,563.79,546.6,555.57,63588.384
2026-06-24 20:00:00,555.57,566.26,554.67,564.67,22850.113
2026-06-25 00:00:00,564.66,567.11,563.09,565.79,11715.364
2026-06-25 04:00:00,565.78,572.72,563.79,570.47,20231.281
2026-06-25 08:00:00,570.47,570.61,560.46,562.7,21541.017
2026-06-25 12:00:00,562.71,568.58,540.6,554.04,76637.137
2026-06-25 16:00:00,554.04,560.24,552.46,554.27,15920.686
2026-06-25 20:00:00,554.28,563.0,554.27,560.62,10222.431
2026-06-26 00:00:00,560.63,564.98,550.37,562.99,39254.645
2026-06-26 04:00:00,562.99,570.34,559.04,569.48,30702.134
2026-06-26 08:00:00,569.49,569.96,558.82,558.99,36766.367
2026-06-26 12:00:00,558.99,567.2,551.92,565.28,50625.074
2026-06-26 16:00:00,565.28,568.98,562.77,565.82,20166.201
2026-06-26 20:00:00,565.85,568.68,564.46,567.64,8688.986
2026-06-27 00:00:00,567.65,568.66,565.23,566.96,10668.188
2026-06-27 04:00:00,566.96,567.95,563.93,565.53,15786.083
2026-06-27 08:00:00,565.53,565.72,562.53,563.16,13208.035
2026-06-27 12:00:00,563.16,567.04,562.47,565.46,15042.781
2026-06-27 16:00:00,565.47,566.76,557.95,559.12,12143.073
2026-06-27 20:00:00,559.11,563.28,554.53,557.2,14563.75
2026-06-28 00:00:00,557.19,558.85,556.46,558.74,5867.262
2026-06-28 04:00:00,558.74,558.74,554.03,556.45,8767.078
2026-06-28 08:00:00,556.46,558.89,554.35,557.29,14771.856
2026-06-28 12:00:00,557.29,558.0,553.8,554.55,11020.552
2026-06-28 16:00:00,554.56,554.84,547.23,548.45,17304.201
2026-06-28 20:00:00,548.44,555.28,545.62,551.07,19136.908
2026-06-29 00:00:00,551.07,556.69,546.67,555.19,12917.628
2026-06-29 04:00:00,555.2,555.53,548.37,553.6,14356.211
2026-06-29 08:00:00,553.6,555.78,550.51,551.87,16456.672
2026-06-29 12:00:00,551.86,558.42,546.17,551.97,26768.621
2026-06-29 16:00:00,551.97,563.16,550.34,561.78,28961.634
2026-06-29 20:00:00,561.78,562.21,559.28,559.52,6333.358
2026-06-30 00:00:00,559.51,560.4,553.76,553.77,13683.893
2026-06-30 04:00:00,553.76,554.73,551.62,552.42,13039.724
2026-06-30 08:00:00,552.42,553.06,547.0,547.7,23300.557
2026-06-30 12:00:00,547.71,551.56,543.68,544.96,31849.999
2026-06-30 16:00:00,544.96,548.66,544.86,547.4,12738.728
2026-06-30 20:00:00,547.38,547.7,544.13,546.52,11702.619
2026-07-01 00:00:00,546.52,552.83,540.0,551.52,26274.241
2026-07-01 04:00:00,551.52,552.65,545.08,546.89,15985.381
2026-07-01 08:00:00,546.88,547.69,537.25,542.64,34363.088
2026-07-01 12:00:00,542.64,555.68,541.32,554.36,44000.341
2026-07-01 16:00:00,554.36,554.96,550.15,551.25,25310.103
2026-07-01 20:00:00,551.26,559.55,550.03,550.44,16140.018
2026-07-02 00:00:00,550.45,561.19,546.21,556.94,23289.301
2026-07-02 04:00:00,556.93,556.93,548.74,549.4,20760.498
2026-07-02 08:00:00,549.4,561.73,549.25,559.93,35061.152
2026-07-02 12:00:00,559.94,567.17,559.14,562.54,49231.818
2026-07-02 16:00:00,562.54,564.16,558.0,558.14,14749.848
2026-07-02 20:00:00,558.14,559.6,556.16,558.96,9224.197
2026-07-03 00:00:00,558.95,562.12,556.99,561.03,12219.006
2026-07-03 04:00:00,561.03,563.97,560.04,561.69,12372.859
2026-07-03 08:00:00,561.68,567.58,561.34,566.77,26349.251
2026-07-03 12:00:00,566.78,568.45,563.23,565.65,24888.366
2026-07-03 16:00:00,565.66,571.5,564.6,569.69,14527.066
2026-07-03 20:00:00,569.69,575.21,569.51,573.81,14302.443
2026-07-04 00:00:00,573.81,575.71,570.93,572.23,12691.296
2026-07-04 04:00:00,572.23,573.36,568.7,569.7,19349.764
2026-07-04 08:00:00,569.71,576.24,569.21,571.91,19981.257
2026-07-04 12:00:00,571.91,578.23,571.9,576.74,18379.003
2026-07-04 16:00:00,576.74,578.82,574.46,575.52,14055.018
2026-07-04 20:00:00,575.52,578.27,572.57,575.37,12257.796
2026-07-05 00:00:00,575.38,575.43,568.19,570.44,13791.617
2026-07-05 04:00:00,570.44,575.83,569.88,575.64,15559.302
2026-07-05 08:00:00,575.65,579.0,572.48,577.05,26110.953
2026-07-05 12:00:00,577.06,589.85,576.19,587.34,39665.879
2026-07-05 16:00:00,587.34,591.8,583.49,589.45,20577.935
2026-07-05 20:00:00,589.44,593.47,585.84,589.87,17131.148
2026-07-06 00:00:00,589.88,593.1,582.67,585.41,21655.062
2026-07-06 04:00:00,585.41,585.68,581.03,582.08,16865.242
2026-07-06 08:00:00,582.07,582.9,576.1,577.81,19097.256
2026-07-06 12:00:00,577.81,585.0,570.12,584.74,45128.136
2026-07-06 16:00:00,584.75,586.71,582.85,585.15,22209.494
2026-07-06 20:00:00,585.15,592.1,583.55,586.01,15850.305
2026-07-07 00:00:00,586.02,587.92,578.22,579.18,13612.041
2026-07-07 04:00:00,579.18,580.79,576.39,578.33,14327.813
2026-07-07 08:00:00,578.32,580.4,576.52,580.23,13786.319
2026-07-07 12:00:00,580.23,585.61,575.28,584.74,22126.992
2026-07-07 16:00:00,584.73,587.16,580.01,583.29,17691.197
2026-07-07 20:00:00,583.29,583.8,576.4,576.82,11524.127
2026-07-08 00:00:00,576.83,579.0,567.45,569.05,22550.581
2026-07-08 04:00:00,569.06,570.31,565.23,567.94,15467.474
2026-07-08 08:00:00,567.94,568.78,560.4,566.13,24124.948
2026-07-08 12:00:00,566.14,567.38,560.94,562.36,17574.951
2026-07-08 16:00:00,562.36,567.87,561.64,566.94,12328.243
2026-07-08 20:00:00,566.95,568.98,564.77,568.66,7370.791
2026-07-09 00:00:00,568.66,572.81,565.48,568.26,11207.018
2026-07-09 04:00:00,568.26,577.15,567.66,572.74,19793.437
2026-07-09 08:00:00,572.74,573.52,568.93,569.77,24040.651
2026-07-09 12:00:00,569.77,573.0,568.07,571.03,15050.399
2026-07-09 16:00:00,571.02,573.67,569.3,570.26,9539.491
2026-07-09 20:00:00,570.26,571.21,568.62,568.72,5990.613
2026-07-10 00:00:00,568.73,576.69,568.02,575.52,17703.906
2026-07-10 04:00:00,575.52,578.14,573.86,574.0,20552.974
2026-07-10 08:00:00,574.0,577.66,573.93,575.59,17829.918
2026-07-10 12:00:00,575.6,577.0,569.63,573.86,16217.656
2026-07-10 16:00:00,573.86,578.31,573.86,575.99,10097.023
2026-07-10 20:00:00,575.99,577.01,574.69,575.43,5104.897
2026-07-11 00:00:00,575.44,576.07,573.06,574.91,14391.707
2026-07-11 04:00:00,574.92,577.72,574.31,576.92,11419.022
2026-07-11 08:00:00,576.92,579.84,576.61,579.39,10306.69
2026-07-11 12:00:00,579.39,583.01,577.81,579.86,17065.043
2026-07-11 16:00:00,579.87,581.52,579.23,580.56,5633.817
2026-07-11 20:00:00,580.57,582.08,574.65,574.65,6900.06
2026-07-12 00:00:00,574.65,575.89,570.3,575.39,11376.94
2026-07-12 04:00:00,575.4,575.89,570.13,572.37,11993.436
2026-07-12 08:00:00,572.37,580.53,572.26,580.17,17188.497
2026-07-12 12:00:00,580.18,584.63,579.36,581.1,21416.126
2026-07-12 16:00:00,581.09,582.07,578.88,579.86,9564.179
2026-07-12 20:00:00,579.87,579.96,572.89,573.91,10176.874
2026-07-13 00:00:00,573.91,579.89,566.67,569.04,21142.99
2026-07-13 04:00:00,569.05,570.58,566.28,570.11,10869.089
2026-07-13 08:00:00,570.11,571.1,568.45,569.66,12387.053
2026-07-13 12:00:00,569.67,571.78,565.61,568.72,13743.311
2026-07-13 16:00:00,568.72,568.88,562.37,566.29,12017.275
2026-07-13 20:00:00,566.29,567.5,563.31,567.49,6565.405
2026-07-14 00:00:00,567.5,570.57,566.74,569.98,11899.992
2026-07-14 04:00:00,569.99,571.68,568.93,570.15,13379.087
2026-07-14 08:00:00,570.16,571.74,569.14,570.96,12323.019
2026-07-14 12:00:00,570.96,584.64,570.21,582.87,54190.616
2026-07-14 16:00:00,582.87,583.41,579.1,580.64,19812.644
2026-07-14 20:00:00,580.65,582.91,579.27,581.87,11629.828
2026-07-15 00:00:00,581.88,583.17,579.2,580.71,14805.681
2026-07-15 04:00:00,580.72,582.28,576.49,576.49,20642.743
2026-07-15 08:00:00,576.5,579.1,575.8,579.01,18256.09
2026-07-15 12:00:00,579.02,585.3,577.22,581.73,34690.705
2026-07-15 16:00:00,581.74,581.91,576.63,579.48,14929.381
2026-07-15 20:00:00,579.5,581.97,579.3,580.55,9571.257
2026-07-16 00:00:00,580.56,582.4,577.85,581.46,14733.76
2026-07-16 04:00:00,581.47,585.87,578.88,579.86,14193.549
2026-07-16 08:00:00,579.86,580.07,574.57,578.09,14502.903
2026-07-16 12:00:00,578.09,581.21,575.66,579.48,15236.599
2026-07-16 16:00:00,579.49,579.56,574.28,575.8,18136.93
2026-07-16 20:00:00,575.81,577.0,571.69,572.45,9545.502
2026-07-17 00:00:00,572.45,574.84,570.32,572.36,16940.226
2026-07-17 04:00:00,572.37,572.74,566.0,566.0,20220.86
2026-07-17 08:00:00,566.01,566.01,562.86,564.78,49072.511
2026-07-17 12:00:00,564.78,565.13,555.59,562.97,35489.948
2026-07-17 16:00:00,562.97,568.05,562.19,568.05,16221.528
2026-07-17 20:00:00,568.05,569.16,566.62,568.09,4720.118
2026-07-18 00:00:00,568.09,569.21,566.25,568.39,11604.096
2026-07-18 04:00:00,568.39,568.5,566.39,567.97,12143.315
2026-07-18 08:00:00,567.97,570.51,567.69,569.76,14232.943
2026-07-18 12:00:00,569.76,571.87,568.99,570.86,10393.635
2026-07-18 16:00:00,570.86,572.75,570.06,570.64,8489.266
2026-07-18 20:00:00,570.65,572.5,569.66,570.65,5676.288
2026-07-19 00:00:00,570.66,572.61,568.7,569.15,8270.469
2026-07-19 04:00:00,569.15,569.68,567.31,569.04,8652.193
2026-07-19 08:00:00,569.05,570.0,567.13,568.01,14891.715
2026-07-19 12:00:00,568.01,570.96,567.0,570.16,7415.512
2026-07-19 16:00:00,570.16,570.47,566.33,568.15,8389.194
2026-07-19 20:00:00,568.16,571.75,568.0,571.06,7478.12
2026-07-20 00:00:00,571.06,573.94,568.23,570.13,15186.277
2026-07-20 04:00:00,570.13,570.23,562.97,566.69,16075.397
2026-07-20 08:00:00,566.7,571.43,564.35,571.01,18476.073
2026-07-20 12:00:00,571.02,574.6,565.0,573.91,23531.308
2026-07-20 16:00:00,573.92,575.91,571.05,571.3,22445.646
2026-07-20 20:00:00,571.3,572.96,569.86,571.27,7032.106
2026-07-21 00:00:00,571.28,575.37,570.75,575.25,10311.672
2026-07-21 04:00:00,575.25,576.96,573.76,576.85,20739.555
2026-07-21 08:00:00,576.86,579.79,576.18,576.66,24503.798
2026-07-21 12:00:00,576.67,578.0,574.48,575.17,25948.039
2026-07-21 16:00:00,575.17,575.6,572.15,572.75,14654.279
2026-07-21 20:00:00,572.74,574.16,571.81,573.95,6823.121
2026-07-22 00:00:00,573.96,575.63,570.9,571.08,13688.749
2026-07-22 04:00:00,571.07,572.58,566.89,568.27,13256.402
2026-07-22 08:00:00,568.27,571.77,568.18,570.97,12655.426
2026-07-22 12:00:00,570.97,575.25,569.37,572.5,19315.587
2026-07-22 16:00:00,572.5,575.5,568.98,570.16,19560.714
2026-07-22 20:00:00,570.16,572.18,569.38,571.08,6407.118
2026-07-23 00:00:00,571.09,572.24,569.62,570.38,8551.467
2026-07-23 04:00:00,570.38,570.64,568.23,569.82,8979.926
2026-07-23 08:00:00,569.83,571.51,568.91,569.99,14259.184
2026-07-23 12:00:00,570.0,570.28,563.71,567.66,24307.846
2026-07-23 16:00:00,567.66,567.79,565.01,566.64,7681.585
2026-07-23 20:00:00,566.64,568.8,566.14,567.41,6826.237
2026-07-24 00:00:00,567.41,570.39,565.92,569.15,8917.355
2026-07-24 04:00:00,569.15,571.31,566.81,569.5,11368.31
2026-07-24 08:00:00,569.51,569.63,565.18,566.98,12890.11
2026-07-24 12:00:00,566.98,566.99,556.0,561.41,37916.611
2026-07-24 16:00:00,561.41,566.37,560.0,565.16,15191.12
2026-07-24 20:00:00,565.17,565.71,563.6,564.9,6205.367
2026-07-25 00:00:00,564.91,566.47,564.18,565.37,11198.128
2026-07-25 04:00:00,565.37,566.15,563.9,564.81,7963.752
2026-07-25 08:00:00,564.81,566.16,564.34,565.74,9334.435
2026-07-25 12:00:00,565.75,569.33,564.98,567.38,12489.334
2026-07-25 16:00:00,567.39,569.1,566.51,568.7,7520.79
2026-07-25 20:00:00,568.7,570.0,568.23,568.94,4890.836
2026-07-26 00:00:00,568.94,570.84,568.94,570.43,9640.65
2026-07-26 04:00:00,570.44,572.91,569.93,571.57,12044.563
2026-07-26 08:00:00,571.56,572.45,570.44,570.65,9566.124
2026-07-26 12:00:00,570.66,573.99,570.01,573.79,15149.496
2026-07-26 16:00:00,573.8,574.75,572.2,573.59,10852.996
2026-07-26 20:00:00,573.59,576.57,572.8,575.32,8575.186
2026-07-27 00:00:00,575.31,575.67,571.49,573.61,7659.771
2026-07-27 04:00:00,573.61,577.2,573.09,574.76,9740.404
2026-07-27 08:00:00,574.76,575.15,571.68,572.9,19993.189
2026-07-27 12:00:00,572.9,576.89,565.8,568.64,22025.231
2026-07-27 16:00:00,568.64,576.11,568.06,575.62,12177.78
2026-07-27 20:00:00,575.63,575.77,565.4,566.28,8842.465
2026-07-28 00:00:00,566.28,567.21,562.03,566.57,13448.51
2026-07-28 04:00:00,566.58,566.85,564.6,565.83,12108.767
2026-07-28 08:00:00,565.84,567.44,564.9,566.86,9263.797
2026-07-28 12:00:00,566.86,575.66,563.19,573.3,30437.738
2026-07-28 16:00:00,573.3,573.97,567.05,570.93,12694.089
2026-07-28 20:00:00,570.93,572.07,568.29,571.29,7143.171
2026-07-29 00:00:00,571.29,573.5,567.1,567.38,11991.057
2026-07-29 04:00:00,567.39,572.13,566.01,571.9,9406.561
2026-07-29 08:00:00,571.89,573.23,570.11,570.69,11733.066
2026-07-29 12:00:00,570.7,570.74,567.4,568.57,11698.205
2026-07-29 16:00:00,568.57,573.56,567.37,568.54,18677.295
2026-07-29 20:00:00,568.55,572.56,565.27,571.99,9972.98
2026-07-30 00:00:00,571.99,577.51,571.05,573.42,14809.732
2026-07-30 04:00:00,573.42,576.1,571.56,574.72,11461.177
2026-07-30 08:00:00,574.72,591.25,574.41,589.0,48181.611
2026-07-30 12:00:00,589.0,591.0,585.52,590.99,29338.501
2026-07-30 16:00:00,591.0,596.0,591.0,594.62,23174.893
2026-07-30 20:00:00,594.62,595.18,590.78,591.99,16231.865
2026-07-31 00:00:00,591.99,594.46,585.79,589.46,20096.783
2026-07-31 04:00:00,589.47,592.92,588.47,589.76,22479.308
2026-07-31 08:00:00,589.77,593.92,588.15,592.02,23900.806
2026-07-31 12:00:00,592.02,595.5,583.99,585.45,36291.235
2026-07-31 16:00:00,585.45,590.04,585.23,588.17,9032.151
2026-07-31 20:00:00,588.17,589.0,586.41,587.01,6680.52
2026-08-01 00:00:00,587.01,591.44,587.01,589.36,12958.81
2026-08-01 04:00:00,589.35,592.8,588.79,590.09,15164.359
2026-08-01 08:00:00,590.09,590.5,579.64,580.33,22030.749
2026-08-01 12:00:00,580.34,580.53,576.36,576.47,22893.35
2026-08-01 16:00:00,576.47,578.73,573.5,575.74,17810.931
2026-08-01 20:00:00,575.74,576.52,574.85,575.13,14388.103
2026-08-02 00:00:00,575.14,583.1,574.03,582.31,16555.619
2026-08-02 04:00:00,582.32,586.15,582.32,585.49,20548.164
2026-08-02 08:00:00,585.49,585.7,581.59,582.11,9150.759
2026-08-02 12:00:00,582.11,587.5,581.2,586.24,13729.017
2026-08-02 16:00:00,586.24,590.99,585.89,589.4,9126.209
2026-08-02 20:00:00,589.41,590.86,587.69,588.46,8618.685
2026-08-03 00:00:00,588.46,588.54,582.97,583.1,11106.481
2026-08-03 04:00:00,583.11,584.47,581.75,583.73,15739.694
2026-08-03 08:00:00,583.74,587.8,581.03,585.76,15489.418
2026-08-03 12:00:00,585.76,593.69,584.45,592.54,25186.273
2026-08-03 16:00:00,592.54,594.32,591.19,591.45,12383.347
2026-08-03 20:00:00,591.45,592.55,589.05,589.35,6932.643
2026-08-04 00:00:00,589.35,592.58,588.8,590.86,11449.474
2026-08-04 04:00:00,590.87,593.09,589.4,590.61,9187.028
2026-08-04 08:00:00,590.62,592.13,588.0,591.77,11296.277
2026-08-04 12:00:00,591.78,594.7,588.7,593.28,21348.054
2026-08-04 16:00:00,593.28,594.96,592.11,593.78,12994.333
2026-08-04 20:00:00,593.77,594.78,592.56,593.18,5940.074
2026-08-05 00:00:00,593.19,605.5,592.36,598.81,44107.471
2026-08-05 04:00:00,598.82,602.9,598.0,600.11,12969.263
2026-08-05 08:00:00,600.12,600.99,595.23,596.62,19247.146
2026-08-05 12:00:00,596.62,603.71,596.42,599.88,24611.189
2026-08-05 16:00:00,599.88,602.52,597.19,599.73,16379.634
2026-08-05 20:00:00,599.73,600.08,591.79,593.85,17295.553
2026-08-06 00:00:00,593.86,596.91,592.0,594.52,16136.545
2026-08-06 04:00:00,594.53,598.32,594.07,595.35,12313.931
2026-08-06 08:00:00,595.36,596.27,592.4,594.1,13724.073
2026-08-06 12:00:00,594.1,594.6,591.14,592.5,17178.461
2026-08-06 16:00:00,592.51,593.83,589.95,590.6,12192.609
2026-08-06 20:00:00,590.6,592.74,590.37,592.39,4098.679
2026-08-07 00:00:00,592.4,594.68,592.06,592.93,10797.829
2026-08-07 04:00:00,592.94,592.95,585.3,585.46,30082.049
2026-08-07 08:00:00,585.46,591.9,585.32,591.45,17421.618
2026-08-07 12:00:00,591.45,593.45,590.4,592.31,24197.208
2026-08-07 16:00:00,592.32,594.4,591.05,593.38,7762.233
2026-08-07 20:00:00,593.38,593.73,592.22,592.57,3240.812
2026-08-08 00:00:00,592.57,593.78,590.65,593.43,11285.886
2026-08-08 04:00:00,593.42,595.15,592.67,594.52,10311.558
2026-08-08 08:00:00,594.53,596.61,593.74,596.51,10628.558
2026-08-08 12:00:00,596.51,612.0,595.42,605.14,53396.722
2026-08-08 16:00:00,605.15,607.42,602.75,603.29,10137.729
2026-08-08 20:00:00,603.28,603.29,599.04,600.66,8224.574
2026-08-09 00:00:00,600.66,604.41,600.21,600.44,10920.082
2026-08-09 04:00:00,600.44,603.76,600.35,603.14,14391.408
2026-08-09 08:00:00,603.14,604.71,601.0,603.92,10867.116
2026-08-09 12:00:00,603.92,611.55,603.14,608.53,24416.976
2026-08-09 16:00:00,608.54,609.3,607.17,607.63,10372.365
2026-08-09 20:00:00,607.63,611.12,601.86,602.23,13461.842
2026-08-10 00:00:00,602.22,606.84,601.33,602.59,15403.913
2026-08-10 04:00:00,602.59,604.9,601.0,604.04,11174.733
2026-08-10 08:00:00,604.04,606.66,603.59,605.18,13766.993
2026-08-10 12:00:00,605.19,605.63,599.64,601.11,28031.787
2026-08-10 16:00:00,601.11,602.5,597.32,600.69,14116.672
2026-08-10 20:00:00,600.68,601.54,598.29,599.23,5735.642
2026-08-11 00:00:00,599.24,601.0,599.05,600.38,9225.753
2026-08-11 04:00:00,600.38,602.5,598.46,602.5,19060.664
2026-08-11 08:00:00,602.5,608.54,602.33,608.43,30562.96
2026-08-11 12:00:00,608.44,614.98,605.48,608.49,42982.042
2026-08-11 16:00:00,608.49,611.84,607.83,611.71,20166.691
2026-08-11 20:00:00,611.71,617.73,611.28,616.69,20488.87
2026-08-12 00:00:00,616.69,620.55,612.9,613.28,27072.18
2026-08-12 04:00:00,613.28,615.81,609.02,612.29,23990.394
2026-08-12 08:00:00,612.29,614.88,610.0,614.87,15175.379
2026-08-12 12:00:00,614.87,615.71,608.83,610.91,24271.851
2026-08-12 16:00:00,610.91,611.72,609.1,609.79,8769.793
2026-08-12 20:00:00,609.78,612.27,608.93,610.44,6266.864
2026-08-13 00:00:00,610.44,612.48,609.79,612.34,8801.708
2026-08-13 04:00:00,612.35,614.99,610.83,613.71,11153.623
2026-08-13 08:00:00,613.7,614.4,607.77,608.93,15918.805
2026-08-13 12:00:00,608.93,611.64,606.62,607.6,16518.067
2026-08-13 16:00:00,607.59,610.26,605.0,609.79,14731.964
2026-08-13 20:00:00,609.79,611.8,609.54,610.71,5369.935
2026-08-14 00:00:00,610.71,612.9,609.92,611.76,9196.934
2026-08-14 04:00:00,611.76,612.65,607.46,607.47,9762.638
2026-08-14 08:00:00,607.47,609.0,603.43,604.92,13851.688
2026-08-14 12:00:00,604.93,607.31,602.98,606.69,14924.122
2026-08-14 16:00:00,606.7,607.47,605.04,606.41,9045.63
2026-08-14 20:00:00,606.42,608.39,606.3,607.96,6859.076
2026-08-15 00:00:00,607.97,610.79,606.97,610.41,9495.151
2026-08-15 04:00:00,610.42,612.35,610.17,611.57,10472.152
2026-08-15 08:00:00,611.57,612.15,609.91,611.74,10907.541
2026-08-15 12:00:00,611.74,612.85,608.77,611.65,13310.818
2026-08-15 16:00:00,611.65,612.0,610.06,611.41,8995.865
2026-08-15 20:00:00,611.41,611.67,607.5,607.76,7581.756
2026-08-16 00:00:00,607.76,607.97,606.32,606.49,13035.553
2026-08-16 04:00:00,606.49,606.59,604.36,605.63,12928.922
2026-08-16 08:00:00,605.64,608.54,604.87,606.9,14100.957
2026-08-16 12:00:00,606.9,608.43,606.77,607.44,14158.619
2026-08-16 16:00:00,607.44,608.19,605.27,606.09,13428.078
2026-08-16 20:00:00,606.1,606.1,601.5,602.98,12717.759
2026-08-17 00:00:00,602.99,605.71,601.01,605.17,13287.002
2026-08-17 04:00:00,605.17,607.41,604.83,605.07,13859.327
2026-08-17 08:00:00,605.07,605.67,601.88,604.99,16477.672
2026-08-17 12:00:00,604.99,607.86,603.85,607.16,16110.064
2026-08-17 16:00:00,607.16,608.0,604.95,605.24,12482.764
2026-08-17 20:00:00,605.25,606.5,604.37,605.8,6827.526
2026-08-18 00:00:00,605.81,606.0,602.17,603.62,10906.516
2026-08-18 04:00:00,603.63,605.2,602.97,603.33,11020.48
2026-08-18 08:00:00,603.34,603.34,601.0,602.12,18880.33
2026-08-18 12:00:00,602.13,604.24,600.0,603.45,20475.215
2026-08-18 16:00:00,603.46,604.48,602.7,603.0,8210.619
2026-08-18 20:00:00,603.0,604.2,602.23,603.94,6379.732
2026-08-19 00:00:00,603.95,604.82,601.42,601.97,10577.783
2026-08-19 04:00:00,601.97,602.6,601.39,601.8,10816.796
2026-08-19 08:00:00,601.81,603.5,601.68,602.8,12780.087
2026-08-19 12:00:00,602.81,620.18,602.8,616.65,74551.621
2026-08-19 16:00:00,616.66,620.3,613.92,616.58,48462.146
2026-08-19 20:00:00,616.59,636.59,616.24,627.51,69701.935
2026-08-20 00:00:00,627.51,630.73,622.28,626.37,43279.137
2026-08-20 04:00:00,626.38,632.71,624.51,630.44,27617.122
2026-08-20 08:00:00,630.45,649.0,630.35,645.83,88651.018
2026-08-20 12:00:00,645.82,652.63,638.21,652.56,52979.867
2026-08-20 16:00:00,652.57,654.59,645.92,650.48,32462.409
2026-08-20 20:00:00,650.48,658.3,650.18,654.8,18421.815
2026-08-21 00:00:00,654.8,666.64,653.24,661.07,50430.204
2026-08-21 04:00:00,661.08,673.73,658.59,669.6,57401.453
2026-08-21 08:00:00,669.6,686.15,668.0,674.44,115475.028
2026-08-21 12:00:00,674.44,682.0,673.0,679.11,46403.967
2026-08-21 16:00:00,679.11,682.11,672.53,672.96,31785.284
2026-08-21 20:00:00,672.96,692.0,671.77,687.0,53820.599
2026-08-22 00:00:00,687.0,721.85,681.8,718.11,98908.077
2026-08-22 04:00:00,718.11,726.08,683.18,706.06,163519.149
2026-08-22 08:00:00,706.07,710.0,684.15,694.17,61724.176
2026-08-22 12:00:00,694.18,698.1,688.33,688.45,43301.733
2026-08-22 16:00:00,688.46,699.71,688.36,698.6,16158.734
2026-08-22 20:00:00,698.61,700.36,691.35,695.28,20852.25
2026-08-23 00:00:00,695.28,701.79,688.2,689.31,28989.775
2026-08-23 04:00:00,689.32,690.37,676.98,683.95,45115.734
2026-08-23 08:00:00,683.95,695.6,683.53,695.16,26039.193
2026-08-23 12:00:00,695.16,700.0,690.0,695.09,25446.551
2026-08-23 16:00:00,695.1,700.3,695.1,698.87,20073.473
2026-08-23 20:00:00,698.87,707.27,697.81,702.37,20917.777
2026-08-24 00:00:00,702.37,705.0,693.26,695.85,25961.582
2026-08-24 04:00:00,695.85,703.5,694.57,698.77,18647.705
2026-08-24 08:00:00,698.78,707.0,692.94,703.75,27774.341
2026-08-24 12:00:00,703.75,716.84,696.46,705.89,65274.539
2026-08-24 16:00:00,705.89,712.4,698.67,702.09,31186.493
2026-08-24 20:00:00,702.1,705.29,700.1,704.31,12367.551
2026-08-25 00:00:00,704.31,719.18,703.62,715.5,38695.041
2026-08-25 04:00:00,715.5,718.56,702.44,706.31,32856.968
2026-08-25 08:00:00,706.31,708.76,696.61,696.78,41033.861
2026-08-25 12:00:00,696.78,700.42,690.5,700.07,33296.073
2026-08-25 16:00:00,700.08,701.43,696.66,698.1,14059.325
2026-08-25 20:00:00,698.11,698.4,688.0,694.41,14492.244
2026-08-26 00:00:00,694.42,698.21,691.4,696.04,14991.78
2026-08-26 04:00:00,696.04,700.19,692.6,698.67,16959.848
2026-08-26 08:00:00,698.67,708.06,694.22,702.15,36242.517
2026-08-26 12:00:00,702.15,703.96,692.1,697.0,35620.704
2026-08-26 16:00:00,697.01,702.0,694.8,699.53,15584.716
2026-08-26 20:00:00,699.54,708.39,697.8,707.52,18606.375
2026-08-27 00:00:00,707.52,707.6,702.1,703.34,15426.742
2026-08-27 04:00:00,703.34,707.81,701.05,707.35,12707.228
2026-08-27 08:00:00,707.36,715.79,704.86,706.72,36627.773
2026-08-27 12:00:00,706.72,713.74,704.86,711.35,28394.623
2026-08-27 16:00:00,711.35,714.18,706.66,709.91,19184.192
2026-08-27 20:00:00,709.92,712.71,708.89,711.85,8873.663
2026-08-28 00:00:00,711.84,719.99,706.21,709.42,30713.122
2026-08-28 04:00:00,709.42,714.15,706.22,706.92,14379.306
2026-08-28 08:00:00,706.93,709.51,702.82,706.11,18591.482
2026-08-28 12:00:00,706.11,707.49,695.95,696.11,34012.833
2026-08-28 16:00:00,696.11,696.43,685.39,688.83,38983.002
2026-08-28 20:00:00,688.83,691.5,686.72,691.47,10003.05
2026-08-29 00:00:00,691.47,692.45,688.5,688.51,11390.949
2026-08-29 04:00:00,688.5,691.28,686.97,688.16,11385.59
2026-08-29 08:00:00,688.16,689.82,687.16,689.35,10857.963
2026-08-29 12:00:00,689.35,692.53,687.39,690.86,13160.737
2026-08-29 16:00:00,690.87,694.36,690.38,693.46,10918.003
2026-08-29 20:00:00,693.46,693.76,692.06,692.58,6079.279
2026-08-30 00:00:00,692.58,695.56,690.6,694.57,14262.46
2026-08-30 04:00:00,694.58,695.29,692.42,693.2,7832.005
2026-08-30 08:00:00,693.21,696.25,691.43,692.8,14956.28
2026-08-30 12:00:00,692.8,700.0,692.79,699.41,19781.992
2026-08-30 16:00:00,699.42,704.04,698.19,699.58,15386.627
2026-08-30 20:00:00,699.59,700.35,679.09,684.74,23957.513
2026-08-31 00:00:00,684.73,688.5,682.29,685.39,19585.545
2026-08-31 04:00:00,685.4,688.18,682.8,686.81,18023.548
2026-08-31 08:00:00,686.82,689.74,684.93,687.21,18723.068
2026-08-31 12:00:00,687.22,691.51,684.44,689.67,16807.189
2026-08-31 16:00:00,689.67,694.73,688.05,691.65,12965.231
2026-08-31 20:00:00,691.65,693.11,690.01,691.44,5902.814
2026-09-01 00:00:00,691.44,694.83,690.16,693.46,11925.581
2026-09-01 04:00:00,693.46,694.38,688.9,690.47,16356.108
2026-09-01 08:00:00,690.47,690.75,685.43,687.35,16617.29
2026-09-01 12:00:00,687.36,688.81,683.52,686.88,14065.141
2026-09-01 16:00:00,686.87,687.0,674.6,679.89,20477.61
2026-09-01 20:00:00,679.89,683.99,677.54,683.0,10221.368
2026-09-02 00:00:00,683.0,689.71,679.74,687.62,25938.607
2026-09-02 04:00:00,687.62,689.72,685.97,687.71,15528.858
2026-09-02 08:00:00,687.71,688.1,680.41,683.84,18712.406
2026-09-02 12:00:00,683.84,689.52,682.86,687.61,19041.175
2026-09-02 16:00:00,687.62,689.0,684.65,686.61,14484.034
2026-09-02 20:00:00,686.61,688.99,685.45,688.84,7615.279
2026-09-03 00:00:00,688.82,695.0,686.24,692.6,13641.676
2026-09-03 04:00:00,692.6,699.45,689.77,697.96,17450.41
2026-09-03 08:00:00,697.96,715.57,697.95,711.43,41592.311
2026-09-03 12:00:00,711.43,728.0,708.66,727.56,53297.096
2026-09-03 16:00:00,727.62,727.98,718.82,724.59,26231.007
2026-09-03 20:00:00,724.6,727.58,720.58,725.22,14418.083
2026-09-04 00:00:00,725.22,729.9,718.22,723.54,26968.378
2026-09-04 04:00:00,723.54,729.36,714.11,714.5,26887.17
2026-09-04 08:00:00,714.51,725.05,713.75,724.39,23272.106
2026-09-04 12:00:00,724.4,727.35,708.88,716.64,49694.838
2026-09-04 16:00:00,716.64,721.5,716.02,720.1,15993.084
2026-09-04 20:00:00,720.1,721.51,716.48,721.37,7569.501
2026-09-05 00:00:00,721.38,725.0,719.49,723.51,16250.092
2026-09-05 04:00:00,723.52,739.46,720.69,738.25,38240.236
2026-09-05 08:00:00,738.25,756.88,738.16,747.85,101520.749
2026-09-05 12:00:00,747.85,772.31,747.84,769.99,105133.811
2026-09-05 16:00:00,769.99,780.64,767.71,773.42,53842.901
2026-09-05 20:00:00,773.42,774.03,763.47,766.53,22506.68
2026-09-06 00:00:00,766.52,769.0,759.76,764.87,34604.815
2026-09-06 04:00:00,764.87,765.26,753.96,756.62,32574.734
2026-09-06 08:00:00,756.62,758.99,753.99,758.24,24082.247
2026-09-06 12:00:00,758.24,758.51,740.24,745.97,50166.723
2026-09-06 16:00:00,745.98,750.47,745.05,749.18,15790.745
2026-09-06 20:00:00,749.18,754.93,748.38,753.0,19592.016
2026-09-07 00:00:00,753.01,756.43,744.89,746.31,26906.729
2026-09-07 04:00:00,746.32,750.2,740.26,743.87,18023.463
2026-09-07 08:00:00,743.88,746.92,742.52,744.95,19940.804
2026-09-07 12:00:00,744.95,747.68,733.0,734.6,33529.844
2026-09-07 16:00:00,734.6,742.17,734.51,741.9,13178.593
2026-09-07 20:00:00,741.91,741.99,736.06,739.98,8928.772
2026-09-08 00:00:00,739.98,745.24,737.01,742.91,17571.461
2026-09-08 04:00:00,742.91,757.58,741.7,754.66,48045.101
2026-09-08 08:00:00,754.66,761.39,750.23,752.28,51746.748
2026-09-08 12:00:00,752.3,757.03,742.33,756.35,40034.518
2026-09-08 16:00:00,756.36,757.96,747.53,748.88,15679.444
2026-09-08 20:00:00,748.88,754.96,748.87,752.02,12602.253
2026-09-09 00:00:00,752.03,756.66,747.12,749.55,20492.644
2026-09-09 04:00:00,749.56,757.56,749.55,754.47,20499.799
2026-09-09 08:00:00,754.48,757.78,747.75,750.24,25348.937
2026-09-09 12:00:00,750.24,751.69,735.0,739.11,49745.03
2026-09-09 16:00:00,739.11,742.31,736.49,737.24,15378.264
2026-09-09 20:00:00,737.25,738.17,717.61,722.64,44585.551
2026-09-10 00:00:00,722.64,726.36,716.18,723.65,26267.996
2026-09-10 04:00:00,723.65,723.96,715.45,719.09,27775.195
2026-09-10 08:00:00,719.1,719.77,715.68,716.46,18628.117
2026-09-10 12:00:00,716.46,718.12,703.62,707.94,61948.989
2026-09-10 16:00:00,707.95,715.99,704.5,714.38,27404.191
2026-09-10 20:00:00,714.38,716.27,708.4,708.72,14548.141
2026-09-11 00:00:00,708.72,714.85,708.72,712.1,13223.085
2026-09-11 04:00:00,712.11,717.44,711.99,713.85,15710.748
2026-09-11 08:00:00,713.85,716.21,710.5,713.31,13714.783
2026-09-11 12:00:00,713.32,741.61,706.5,728.58,91556.94
2026-09-11 16:00:00,728.58,733.51,720.79,725.08,21408.913
2026-09-11 20:00:00,725.08,727.67,721.95,726.75,11428.492
2026-09-12 00:00:00,726.76,736.26,726.1,733.49,18653.636
2026-09-12 04:00:00,733.5,735.35,731.6,733.6,13043.247
2026-09-12 08:00:00,733.6,739.89,732.6,736.71,16512.546
2026-09-12 12:00:00,736.7,737.43,734.71,735.19,14700.193
2026-09-12 16:00:00,735.19,735.32,725.06,726.18,15704.135
2026-09-12 20:00:00,726.18,727.96,725.32,727.59,4888.999
2026-09-13 00:00:00,727.6,729.92,726.96,727.01,10300.823
2026-09-13 04:00:00,727.01,727.92,721.54,722.23,13034.706
2026-09-13 08:00:00,722.23,722.55,714.05,716.31,22941.937
2026-09-13 12:00:00,716.31,720.32,713.1,718.88,12785.698
2026-09-13 16:00:00,718.89,723.1,718.88,721.09,6845.892
2026-09-13 20:00:00,721.09,722.84,715.25,716.41,9244.077
2026-09-14 00:00:00,716.41,725.24,713.9,722.51,29189.274
2026-09-14 04:00:00,722.52,726.98,722.13,724.96,11797.446
2026-09-14 08:00:00,724.96,728.5,720.9,722.16,25348.062
2026-09-14 12:00:00,722.16,723.99,717.15,722.44,32303.078
2026-09-14 16:00:00,722.45,728.44,722.05,725.34,23639.899
2026-09-14 20:00:00,725.35,733.75,717.13,720.42,28636.465
2026-09-15 00:00:00,720.43,722.53,718.26,721.37,13997.955
2026-09-15 04:00:00,721.38,723.5,714.72,715.09,17680.585
2026-09-15 08:00:00,715.09,720.39,714.21,718.89,13784.522
2026-09-15 12:00:00,718.89,722.27,711.37,718.61,31787.628
2026-09-15 16:00:00,718.61,725.32,707.04,719.57,38566.006
2026-09-15 20:00:00,719.58,720.51,708.76,712.06,15641.976
2026-09-16 00:00:00,712.07,716.0,708.28,714.2,16846.356
2026-09-16 04:00:00,714.2,716.24,709.35,709.71,16860.246
2026-09-16 08:00:00,709.7,715.93,704.29,714.48,22358.263
2026-09-16 12:00:00,714.49,714.69,708.32,711.66,18295.787
2026-09-16 16:00:00,711.71,721.43,708.88,719.32,34715.676
2026-09-16 20:00:00,719.33,726.77,718.2,725.92,16892.871
2026-09-17 00:00:00,725.92,729.22,722.51,725.54,23884.346
2026-09-17 04:00:00,725.55,727.35,722.53,724.38,15765.13
2026-09-17 08:00:00,724.38,727.4,720.89,724.56,17223.414
2026-09-17 12:00:00,724.56,732.54,723.42,727.87,35245.744
2026-09-17 16:00:00,727.87,733.63,726.21,732.58,17051.257
2026-09-17 20:00:00,732.58,739.49,731.69,738.36,19188.664
2026-09-18 00:00:00,738.36,754.0,735.22,751.31,40254.415
2026-09-18 04:00:00,751.32,759.31,748.95,753.11,44477.221
2026-09-18 08:00:00,753.12,755.98,748.79,749.27,38172.465
2026-09-18 12:00:00,749.28,762.52,745.0,757.06,55632.445
2026-09-18 16:00:00,757.07,768.92,756.13,766.46,32465.069
2026-09-18 20:00:00,766.46,766.7,760.76,761.31,15364.975
2026-09-19 00:00:00,761.32,764.61,758.85,759.55,19810.467
2026-09-19 04:00:00,759.55,768.0,759.54,760.91,21505.073
2026-09-19 08:00:00,760.92,770.0,760.26,768.08,18014.217
2026-09-19 12:00:00,768.08,773.76,766.8,767.03,26691.373
2026-09-19 16:00:00,767.04,769.01,761.34,763.08,16345.851
2026-09-19 20:00:00,763.09,763.62,757.06,762.02,11835.531
2026-09-20 00:00:00,762.03,764.28,745.9,750.47,28750.54
2026-09-20 04:00:00,750.47,753.47,747.07,748.01,17189.579
2026-09-20 08:00:00,748.01,753.33,747.71,752.59,17092.02
2026-09-20 12:00:00,752.6,757.5,750.43,757.44,13861.574
2026-09-20 16:00:00,757.44,771.98,756.1,769.55,23242.517
2026-09-20 20:00:00,769.56,777.98,762.54,772.56,20463.092
2026-09-21 00:00:00,772.56,784.96,772.29,776.88,49244.937
2026-09-21 04:00:00,776.88,777.61,766.01,768.71,33298.866
2026-09-21 08:00:00,768.72,794.13,768.42,790.61,75589.155
2026-09-21 12:00:00,790.6,807.49,785.95,803.08,77333.205
2026-09-21 16:00:00,803.07,803.6,793.22,799.89,29110.073
2026-09-21 20:00:00,799.9,807.29,797.66,799.41,26572.411
2026-09-22 00:00:00,799.41,802.37,782.75,789.16,50838.094
2026-09-22 04:00:00,789.16,790.47,783.15,784.8,26873.323
