time,equity
2026-03-28 11:00:00,99982.5
2026-03-28 12:00:00,100007.6415972444
2026-03-28 13:00:00,99973.49975026087
2026-03-28 14:00:00,99982.60451513466
2026-03-28 15:00:00,99971.25787883457
2026-03-28 16:00:00,99986.43824422704
2026-03-28 17:00:00,100005.92783911528
2026-03-28 18:00:00,100010.60328921682
2026-03-28 19:00:00,100022.99605870839
2026-03-28 20:00:00,100009.12632348436
2026-03-28 21:00:00,100040.70459963477
2026-03-28 22:00:00,100042.8257103735
2026-03-28 23:00:00,100048.22457029427
2026-03-29 00:00:00,100057.16851145194
2026-03-29 01:00:00,100043.9953655648
2026-03-29 02:00:00,100047.23101277737
2026-03-29 03:00:00,100039.88696777722
2026-03-29 04:00:00,100039.0732887703
2026-03-29 05:00:00,100052.45926059147
2026-03-29 06:00:00,100058.66558903783
2026-03-29 07:00:00,100057.01949139779
2026-03-29 08:00:00,100052.24050131066
2026-03-29 09:00:00,100053.94438459263
2026-03-29 10:00:00,100054.33003945097
2026-03-29 11:00:00,100049.62962598194
2026-03-29 12:00:00,100059.30349257692
2026-03-29 13:00:00,100062.32596103523
2026-03-29 14:00:00,100074.67111972051
2026-03-29 15:00:00,100081.06142034639
2026-03-29 16:00:00,100088.21783322489
2026-03-29 17:00:00,100090.18901418465
2026-03-29 18:00:00,100084.63939499047
2026-03-29 19:00:00,100099.43159952045
2026-03-29 20:00:00,100086.32472670711
2026-03-29 21:00:00,100081.80511205108
2026-03-29 22:00:00,100075.46046064509
2026-03-29 23:00:00,100052.2885950518
2026-03-30 00:00:00,100056.83752233382
2026-03-30 01:00:00,100046.39475657475
2026-03-30 02:00:00,100028.72341078351
2026-03-30 03:00:00,100011.20983650304
2026-03-30 04:00:00,100023.03196952505
2026-03-30 05:00:00,100011.27474169433
2026-03-30 06:00:00,100005.50258091748
2026-03-30 07:00:00,99976.74306814508
2026-03-30 08:00:00,99960.40375405976
2026-03-30 09:00:00,99983.73084772404
2026-03-30 10:00:00,99988.0104256031
2026-03-30 11:00:00,99960.7620071754
2026-03-30 12:00:00,99974.71876493508
2026-03-30 13:00:00,99979.493939311
2026-03-30 14:00:00,99970.01062057933
2026-03-30 15:00:00,99949.06863381079
2026-03-30 16:00:00,99947.82951451067
2026-03-30 17:00:00,99977.12061310901
2026-03-30 18:00:00,100006.61333862554
2026-03-30 19:00:00,100031.52371301764
2026-03-30 20:00:00,100019.23136036961
2026-03-30 21:00:00,99996.26475755982
2026-03-30 22:00:00,100010.69195338435
2026-03-30 23:00:00,100039.82364665155
2026-03-31 00:00:00,100052.07312100664
2026-03-31 01:00:00,100039.79022318246
2026-03-31 02:00:00,100038.3823228327
2026-03-31 03:00:00,100053.20261953044
2026-03-31 04:00:00,100053.5461870182
2026-03-31 05:00:00,100052.13972302258
2026-03-31 06:00:00,100047.65003356404
2026-03-31 07:00:00,100056.97017158256
2026-03-31 08:00:00,100044.07998735647
2026-03-31 09:00:00,100060.8542394737
2026-03-31 10:00:00,100074.39521326189
2026-03-31 11:00:00,100059.70326323199
2026-03-31 12:00:00,100048.86888057644
2026-03-31 13:00:00,100033.61326068413
2026-03-31 14:00:00,100046.60772314663
2026-03-31 15:00:00,100045.28513686193
2026-03-31 16:00:00,100026.41494970299
2026-03-31 17:00:00,100007.89899153486
2026-03-31 18:00:00,100000.68448919721
2026-03-31 19:00:00,99999.65951541469
2026-03-31 20:00:00,100012.83132546254
2026-03-31 21:00:00,100024.8902394303
2026-03-31 22:00:00,100027.01201499763
2026-03-31 23:00:00,100016.4258146274
2026-04-01 00:00:00,100015.26223158043
2026-04-01 01:00:00,100007.57472028337
2026-04-01 02:00:00,100000.77915542053
2026-04-01 03:00:00,99985.29087979934
2026-04-01 04:00:00,100009.57925603808
2026-04-01 05:00:00,100001.73033489166
2026-04-01 06:00:00,100021.35801323752
2026-04-01 07:00:00,100011.1717370845
2026-04-01 08:00:00,100032.05260958131
2026-04-01 09:00:00,100040.69943139188
2026-04-01 10:00:00,100030.7978256768
2026-04-01 11:00:00,100036.06477598069
2026-04-01 12:00:00,100030.00986086951
2026-04-01 13:00:00,100030.28732995052
2026-04-01 14:00:00,100017.59805107357
2026-04-01 15:00:00,100029.3153335219
2026-04-01 16:00:00,99985.77875560465
2026-04-01 17:00:00,99980.5498937193
2026-04-01 18:00:00,100000.0524565833
2026-04-01 19:00:00,99983.39287291274
2026-04-01 20:00:00,100020.79767662635
2026-04-01 21:00:00,100028.59506197406
2026-04-01 22:00:00,100056.8929369512
2026-04-01 23:00:00,100056.69265720405
2026-04-02 00:00:00,100060.26646285165
2026-04-02 01:00:00,100115.50164448212
2026-04-02 02:00:00,100126.33347017768
2026-04-02 03:00:00,100124.3833953455
2026-04-02 04:00:00,100126.73217479225
2026-04-02 05:00:00,100123.2978862182
2026-04-02 06:00:00,100137.51526813059
2026-04-02 07:00:00,100138.76636629207
2026-04-02 08:00:00,100121.15852084495
2026-04-02 09:00:00,100123.89696197177
2026-04-02 10:00:00,100146.7724418192
2026-04-02 11:00:00,100160.45150401436
2026-04-02 12:00:00,100176.86319594287
2026-04-02 13:00:00,100196.34565388746
2026-04-02 14:00:00,100168.23380584517
2026-04-02 15:00:00,100173.97041061525
2026-04-02 16:00:00,100165.97154609144
2026-04-02 17:00:00,100167.96404782742
2026-04-02 18:00:00,100160.86776960547
2026-04-02 19:00:00,100171.2617507381
2026-04-02 20:00:00,100149.18450990469
2026-04-02 21:00:00,100153.04565099003
2026-04-02 22:00:00,100146.79928440083
2026-04-02 23:00:00,100138.2464433261
2026-04-03 00:00:00,100127.82788929869
2026-04-03 01:00:00,100125.31053499489
2026-04-03 02:00:00,100129.83297796757
2026-04-03 03:00:00,100118.27510609827
2026-04-03 04:00:00,100112.72348965994
2026-04-03 05:00:00,100117.74671158307
2026-04-03 06:00:00,100121.39324083834
2026-04-03 07:00:00,100124.57598500198
2026-04-03 08:00:00,100124.07725293898
2026-04-03 09:00:00,100125.80365133956
2026-04-03 10:00:00,100111.65779379083
2026-04-03 11:00:00,100101.05297768627
2026-04-03 12:00:00,100117.57834302656
2026-04-03 13:00:00,100099.61960200235
2026-04-03 14:00:00,100085.55893968488
2026-04-03 15:00:00,100081.81626756025
2026-04-03 16:00:00,100082.06648668279
2026-04-03 17:00:00,100083.41585591457
2026-04-03 18:00:00,100080.15716639171
2026-04-03 19:00:00,100078.71777799577
2026-04-03 20:00:00,100077.76715919637
2026-04-03 21:00:00,100080.211628613
2026-04-03 22:00:00,100083.09922145956
2026-04-03 23:00:00,100076.8569839312
2026-04-04 00:00:00,100078.60894414096
2026-04-04 01:00:00,100078.11697014072
2026-04-04 02:00:00,100072.34035747565
2026-04-04 03:00:00,100071.50854210202
2026-04-04 04:00:00,100072.7932485913
2026-04-04 05:00:00,100075.04990574763
2026-04-04 06:00:00,100067.56903141456
2026-04-04 07:00:00,100068.4494186147
2026-04-04 08:00:00,100073.05229418074
2026-04-04 09:00:00,100066.10938107998
2026-04-04 10:00:00,100056.32176456552
2026-04-04 11:00:00,100046.95344650345
2026-04-04 12:00:00,100045.41508600782
2026-04-04 13:00:00,100048.84640873282
2026-04-04 14:00:00,100041.0388518715
2026-04-04 15:00:00,100013.84825043878
2026-04-04 16:00:00,100021.78964960088
2026-04-04 17:00:00,100023.06916952826
2026-04-04 18:00:00,100016.74113752364
2026-04-04 19:00:00,100060.85495185421
2026-04-04 20:00:00,100054.02330278124
2026-04-04 21:00:00,100063.5607689386
2026-04-04 22:00:00,100059.77706057564
2026-04-04 23:00:00,100059.47557774851
2026-04-05 00:00:00,100055.1498201756
2026-04-05 01:00:00,100056.33221787869
2026-04-05 02:00:00,100058.85560864778
2026-04-05 03:00:00,100042.37796975698
2026-04-05 04:00:00,100043.43992672313
2026-04-05 05:00:00,100018.21750915973
2026-04-05 06:00:00,100017.85125267606
2026-04-05 07:00:00,100005.97227927677
2026-04-05 08:00:00,99998.19182505144
2026-04-05 09:00:00,100002.92835221745
2026-04-05 10:00:00,99998.12016877046
2026-04-05 11:00:00,99990.14696248656
2026-04-05 12:00:00,99967.80676108184
2026-04-05 13:00:00,99998.09250292461
2026-04-05 14:00:00,99994.25601949361
2026-04-05 15:00:00,100016.61078081041
2026-04-05 16:00:00,100024.42308039147
2026-04-05 17:00:00,100035.22719285924
2026-04-05 18:00:00,100038.0436501481
2026-04-05 19:00:00,100035.560588802
2026-04-05 20:00:00,100036.34347463837
2026-04-05 21:00:00,100040.3271177555
2026-04-05 22:00:00,100043.64623273321
2026-04-05 23:00:00,100041.98403332195
2026-04-06 00:00:00,100033.65374543733
2026-04-06 01:00:00,100046.61060542954
2026-04-06 02:00:00,100040.68866215789
2026-04-06 03:00:00,100053.67746901311
2026-04-06 04:00:00,100060.70802379068
2026-04-06 05:00:00,100060.76610104226
2026-04-06 06:00:00,100064.51876367892
2026-04-06 07:00:00,100051.25731989986
2026-04-06 08:00:00,100038.94538631229
2026-04-06 09:00:00,100059.46404326224
2026-04-06 10:00:00,100055.96889490189
2026-04-06 11:00:00,100047.31020837811
2026-04-06 12:00:00,100039.69896605617
2026-04-06 13:00:00,100033.7878790679
2026-04-06 14:00:00,100043.295275576
2026-04-06 15:00:00,100048.95381092811
2026-04-06 16:00:00,100037.066408373
2026-04-06 17:00:00,100029.64611947567
2026-04-06 18:00:00,100035.5580572232
2026-04-06 19:00:00,100040.62633681885
2026-04-06 20:00:00,100051.34075445546
2026-04-06 21:00:00,100039.70258412982
2026-04-06 22:00:00,100024.4994895342
2026-04-06 23:00:00,100032.96588972614
2026-04-07 00:00:00,100053.21718218461
2026-04-07 01:00:00,100044.08775083262
2026-04-07 02:00:00,100051.360456676
2026-04-07 03:00:00,100051.71143620492
2026-04-07 04:00:00,100053.3657354789
2026-04-07 05:00:00,100055.46280114882
2026-04-07 06:00:00,100049.04254721779
2026-04-07 07:00:00,100038.95054148456
2026-04-07 08:00:00,100042.1949253779
2026-04-07 09:00:00,100046.43879723421
2026-04-07 10:00:00,100030.17159113851
2026-04-07 11:00:00,100041.02002252298
2026-04-07 12:00:00,100025.85225231921
2026-04-07 13:00:00,100003.17032632834
2026-04-07 14:00:00,100015.36554837767
2026-04-07 15:00:00,100017.10700700893
2026-04-07 16:00:00,100016.53569324856
2026-04-07 17:00:00,100005.4308143445
2026-04-07 18:00:00,99976.81591557949
2026-04-07 19:00:00,99982.15989776337
2026-04-07 20:00:00,99969.09243799707
2026-04-07 21:00:00,100006.24337914797
2026-04-07 22:00:00,100109.23396214531
2026-04-07 23:00:00,100152.42866462172
2026-04-08 00:00:00,100181.09234934182
2026-04-08 01:00:00,100191.35237146872
2026-04-08 02:00:00,100212.49497640801
2026-04-08 03:00:00,100215.78734037167
2026-04-08 04:00:00,100220.54159958582
2026-04-08 05:00:00,100218.81297440907
2026-04-08 06:00:00,100235.47399308026
2026-04-08 07:00:00,100271.55356129252
2026-04-08 08:00:00,100265.22924219692
2026-04-08 09:00:00,100256.09925177913
2026-04-08 10:00:00,100244.04877005651
2026-04-08 11:00:00,100249.91634915605
2026-04-08 12:00:00,100248.14970287013
2026-04-08 13:00:00,100248.79460254764
2026-04-08 14:00:00,100232.4219045534
2026-04-08 15:00:00,100244.65676554818
2026-04-08 16:00:00,100246.33597053133
2026-04-08 17:00:00,100252.78114108674
2026-04-08 18:00:00,100222.9573905487
2026-04-08 19:00:00,100235.58737939999
2026-04-08 20:00:00,100224.05617612267
2026-04-08 21:00:00,100223.54094639081
2026-04-08 22:00:00,100187.0055712132
2026-04-08 23:00:00,100201.56698201239
2026-04-09 00:00:00,100204.34199340818
2026-04-09 01:00:00,100175.52703614873
2026-04-09 02:00:00,100183.22176678
2026-04-09 03:00:00,100197.81904249525
2026-04-09 04:00:00,100199.4578184477
2026-04-09 05:00:00,100192.78851911644
2026-04-09 06:00:00,100186.85675503382
2026-04-09 07:00:00,100186.32501488835
2026-04-09 08:00:00,100185.3119705118
2026-04-09 09:00:00,100189.80409095812
2026-04-09 10:00:00,100189.5779407621
2026-04-09 11:00:00,100164.6061707756
2026-04-09 12:00:00,100163.90322720312
2026-04-09 13:00:00,100132.4510776717
2026-04-09 14:00:00,100157.3646477186
2026-04-09 15:00:00,100202.67422616089
2026-04-09 16:00:00,100170.89745647857
2026-04-09 17:00:00,100189.48029281135
2026-04-09 18:00:00,100165.08039026007
2026-04-09 19:00:00,100180.79991974254
2026-04-09 20:00:00,100156.04755188557
2026-04-09 21:00:00,100166.35814706469
2026-04-09 22:00:00,100139.83310447793
2026-04-09 23:00:00,100146.73593794247
2026-04-10 00:00:00,100153.21763372792
2026-04-10 01:00:00,100148.35667141085
2026-04-10 02:00:00,100142.57920211637
2026-04-10 03:00:00,100141.38076210642
2026-04-10 04:00:00,100156.86453348197
2026-04-10 05:00:00,100162.68440409459
2026-04-10 06:00:00,100145.22175326654
2026-04-10 07:00:00,100148.21159712391
2026-04-10 08:00:00,100157.02244159445
2026-04-10 09:00:00,100182.88481877389
2026-04-10 10:00:00,100188.81095679816
2026-04-10 11:00:00,100230.87848400224
2026-04-10 12:00:00,100233.40025103226
2026-04-10 13:00:00,100244.92744462025
2026-04-10 14:00:00,100246.41983175669
2026-04-10 15:00:00,100233.29627496914
2026-04-10 16:00:00,100269.07930817267
2026-04-10 17:00:00,100261.40814765838
2026-04-10 18:00:00,100249.58899564247
2026-04-10 19:00:00,100249.14545362548
2026-04-10 20:00:00,100247.9412939681
2026-04-10 21:00:00,100259.80730522565
2026-04-10 22:00:00,100246.33098693984
2026-04-10 23:00:00,100257.85436560896
2026-04-11 00:00:00,100253.89521539515
2026-04-11 01:00:00,100263.6128368145
2026-04-11 02:00:00,100262.43365694827
2026-04-11 03:00:00,100250.80777642592
2026-04-11 04:00:00,100255.8978904355
2026-04-11 05:00:00,100251.64245433296
2026-04-11 06:00:00,100257.16667140755
2026-04-11 07:00:00,100252.31770097464
2026-04-11 08:00:00,100252.61674340843
2026-04-11 09:00:00,100264.8862800973
2026-04-11 10:00:00,100265.22136260335
2026-04-11 11:00:00,100277.03996650266
2026-04-11 12:00:00,100274.76433356373
2026-04-11 13:00:00,100265.6969967595
2026-04-11 14:00:00,100274.80406179535
2026-04-11 15:00:00,100277.02327209128
2026-04-11 16:00:00,100269.42485374122
2026-04-11 17:00:00,100274.39664753218
2026-04-11 18:00:00,100295.34953498736
2026-04-11 19:00:00,100276.60621082719
2026-04-11 20:00:00,100284.63803156858
2026-04-11 21:00:00,100297.35006606553
2026-04-11 22:00:00,100291.96009906099
2026-04-11 23:00:00,100300.17890095059
2026-04-12 00:00:00,100305.5211989395
2026-04-12 01:00:00,100331.32377296183
2026-04-12 02:00:00,100313.19108902632
2026-04-12 03:00:00,100322.67178823061
2026-04-12 04:00:00,100318.25082942111
2026-04-12 05:00:00,100329.77594141655
2026-04-12 06:00:00,100332.67394355976
2026-04-12 07:00:00,100331.48112504049
2026-04-12 08:00:00,100337.46409442111
2026-04-12 09:00:00,100323.74716212344
2026-04-12 10:00:00,100329.05395265654
2026-04-12 11:00:00,100314.68908924618
2026-04-12 12:00:00,100299.29044514177
2026-04-12 13:00:00,100308.9985741305
2026-04-12 14:00:00,100309.01606236564
2026-04-12 15:00:00,100307.35345518122
2026-04-12 16:00:00,100301.85622320465
2026-04-12 17:00:00,100292.62105610361
2026-04-12 18:00:00,100299.88917647013
2026-04-12 19:00:00,100297.12206163727
2026-04-12 20:00:00,100280.83051815382
2026-04-12 21:00:00,100288.48508611857
2026-04-12 22:00:00,100275.53937147486
2026-04-12 23:00:00,100280.54305385324
2026-04-13 00:00:00,100281.13259234838
2026-04-13 01:00:00,100282.93704226338
2026-04-13 02:00:00,100294.43061216333
2026-04-13 03:00:00,100290.87520824168
2026-04-13 04:00:00,100287.58371930987
2026-04-13 05:00:00,100257.93347351036
2026-04-13 06:00:00,100257.03336296682
2026-04-13 07:00:00,100260.58363177678
2026-04-13 08:00:00,100256.69807987245
2026-04-13 09:00:00,100259.04837496679
2026-04-13 10:00:00,100254.76491875152
2026-04-13 11:00:00,100265.84071700923
2026-04-13 12:00:00,100258.2835315093
2026-04-13 13:00:00,100287.44126274032
2026-04-13 14:00:00,100308.68890336323
2026-04-13 15:00:00,100281.66251800668
2026-04-13 16:00:00,100291.58310352541
2026-04-13 17:00:00,100298.25442990965
2026-04-13 18:00:00,100311.53182700233
2026-04-13 19:00:00,100335.88202452539
2026-04-13 20:00:00,100335.27124403084
2026-04-13 21:00:00,100335.53574525709
2026-04-13 22:00:00,100406.2084022534
2026-04-13 23:00:00,100356.66855298124
2026-04-14 00:00:00,100363.24551045329
2026-04-14 01:00:00,100363.38381724131
2026-04-14 02:00:00,100350.03654221565
2026-04-14 03:00:00,100362.44465642182
2026-04-14 04:00:00,100370.7218275967
2026-04-14 05:00:00,100371.62763509396
2026-04-14 06:00:00,100359.5830140623
2026-04-14 07:00:00,100368.59268527184
2026-04-14 08:00:00,100353.11836455212
2026-04-14 09:00:00,100325.67668650854
2026-04-14 10:00:00,100328.77198199628
2026-04-14 11:00:00,100340.34244070419
2026-04-14 12:00:00,100356.23293079402
2026-04-14 13:00:00,100375.50287257647
2026-04-14 14:00:00,100416.01848028952
2026-04-14 15:00:00,100410.95523900207
2026-04-14 16:00:00,100406.6465193214
2026-04-14 17:00:00,100419.59186517028
2026-04-14 18:00:00,100419.3384725329
2026-04-14 19:00:00,100421.67311669454
2026-04-14 20:00:00,100415.44606116603
2026-04-14 21:00:00,100409.15552593784
2026-04-14 22:00:00,100402.17723576036
2026-04-14 23:00:00,100400.77132913987
2026-04-15 00:00:00,100420.60716834101
2026-04-15 01:00:00,100411.40277068049
2026-04-15 02:00:00,100417.58363540059
2026-04-15 03:00:00,100413.93373653697
2026-04-15 04:00:00,100409.0343730623
2026-04-15 05:00:00,100399.46693628507
2026-04-15 06:00:00,100380.62296123248
2026-04-15 07:00:00,100392.34003405106
2026-04-15 08:00:00,100398.87884884108
2026-04-15 09:00:00,100387.73874321619
2026-04-15 10:00:00,100365.02359034341
2026-04-15 11:00:00,100369.74114461623
2026-04-15 12:00:00,100370.84077334827
2026-04-15 13:00:00,100355.05988454731
2026-04-15 14:00:00,100352.20911741637
2026-04-15 15:00:00,100340.79665428509
2026-04-15 16:00:00,100330.64350252565
2026-04-15 17:00:00,100338.10752524718
2026-04-15 18:00:00,100344.03801552077
2026-04-15 19:00:00,100356.92016176134
2026-04-15 20:00:00,100368.29600688438
2026-04-15 21:00:00,100364.06302646635
2026-04-15 22:00:00,100362.54873707864
2026-04-15 23:00:00,100364.10406608901
2026-04-16 00:00:00,100361.53666905189
2026-04-16 01:00:00,100351.93286321027
2026-04-16 02:00:00,100349.65509122718
2026-04-16 03:00:00,100345.0704662237
2026-04-16 04:00:00,100347.95084705036
2026-04-16 05:00:00,100342.04622909463
2026-04-16 06:00:00,100340.13707196848
2026-04-16 07:00:00,100328.52242390534
2026-04-16 08:00:00,100331.21787717595
2026-04-16 09:00:00,100320.46626806227
2026-04-16 10:00:00,100322.01121993875
2026-04-16 11:00:00,100328.9983729696
2026-04-16 12:00:00,100323.64181759497
2026-04-16 13:00:00,100291.94934392764
2026-04-16 14:00:00,100273.78871350884
2026-04-16 15:00:00,100271.73282648323
2026-04-16 16:00:00,100244.95520616583
2026-04-16 17:00:00,100231.8852268946
2026-04-16 18:00:00,100157.48424055504
2026-04-16 19:00:00,100167.46898518092
2026-04-16 20:00:00,100162.58122060503
2026-04-16 21:00:00,100169.68699033385
2026-04-16 22:00:00,100171.75217026488
2026-04-16 23:00:00,100169.03693707162
2026-04-17 00:00:00,100179.85647407813
2026-04-17 01:00:00,100182.31109652619
2026-04-17 02:00:00,100189.43685334091
2026-04-17 03:00:00,100177.21914851772
2026-04-17 04:00:00,100173.23879691982
2026-04-17 05:00:00,100170.02195093119
2026-04-17 06:00:00,100179.86654924134
2026-04-17 07:00:00,100186.2281001783
2026-04-17 08:00:00,100191.39412314563
2026-04-17 09:00:00,100204.62420617045
2026-04-17 10:00:00,100211.50584661323
2026-04-17 11:00:00,100213.4844261377
2026-04-17 12:00:00,100213.70927762843
2026-04-17 13:00:00,100327.30038162503
2026-04-17 14:00:00,100340.77607019828
2026-04-17 15:00:00,100320.95285761257
2026-04-17 16:00:00,100310.65642067189
2026-04-17 17:00:00,100322.56160773778
2026-04-17 18:00:00,100313.42348219555
2026-04-17 19:00:00,100321.61051564477
2026-04-17 20:00:00,100327.09194026253
2026-04-17 21:00:00,100323.71946477285
2026-04-17 22:00:00,100313.9604307192
2026-04-17 23:00:00,100307.76057971876
2026-04-18 00:00:00,100303.77938130591
2026-04-18 01:00:00,100304.38478412223
2026-04-18 02:00:00,100305.97260782482
2026-04-18 03:00:00,100314.82341828592
2026-04-18 04:00:00,100303.07788097856
2026-04-18 05:00:00,100301.60148739754
2026-04-18 06:00:00,100305.05193456516
2026-04-18 07:00:00,100296.96412365501
2026-04-18 08:00:00,100303.85085827988
2026-04-18 09:00:00,100296.96996423985
2026-04-18 10:00:00,100282.36032169512
2026-04-18 11:00:00,100281.80237367644
2026-04-18 12:00:00,100278.39660881073
2026-04-18 13:00:00,100279.16948998909
2026-04-18 14:00:00,100303.31482040054
2026-04-18 15:00:00,100306.33498710151
2026-04-18 16:00:00,100306.63055094241
2026-04-18 17:00:00,100310.80556264664
2026-04-18 18:00:00,100309.07796990374
2026-04-18 19:00:00,100304.22544456478
2026-04-18 20:00:00,100313.24527975393
2026-04-18 21:00:00,100312.15578043791
2026-04-18 22:00:00,100317.98758543697
2026-04-18 23:00:00,100309.63452609291
2026-04-19 00:00:00,100312.36683707383
2026-04-19 01:00:00,100323.87165417832
2026-04-19 02:00:00,100314.61726205432
2026-04-19 03:00:00,100324.10403288291
2026-04-19 04:00:00,100302.66988377331
2026-04-19 05:00:00,100305.56378574895
2026-04-19 06:00:00,100292.2695054787
2026-04-19 07:00:00,100286.99121764935
2026-04-19 08:00:00,100294.46299222323
2026-04-19 09:00:00,100286.2110022774
2026-04-19 10:00:00,100297.38837903287
2026-04-19 11:00:00,100289.57292735115
2026-04-19 12:00:00,100288.00530548178
2026-04-19 13:00:00,100276.36267898984
2026-04-19 14:00:00,100256.74528480892
2026-04-19 15:00:00,100247.46271182614
2026-04-19 16:00:00,100224.46225037948
2026-04-19 17:00:00,100229.05795437895
2026-04-19 18:00:00,100220.6295668139
2026-04-19 19:00:00,100216.7402331849
2026-04-19 20:00:00,100183.39435753084
2026-04-19 21:00:00,100184.60644364265
2026-04-19 22:00:00,100218.7622478108
2026-04-19 23:00:00,100217.9480464471
2026-04-20 00:00:00,100227.03880583085
2026-04-20 01:00:00,100217.84755662794
2026-04-20 02:00:00,100201.29555238789
2026-04-20 03:00:00,100211.58277806359
2026-04-20 04:00:00,100206.08432728388
2026-04-20 05:00:00,100202.25995293856
2026-04-20 06:00:00,100198.04908346062
2026-04-20 07:00:00,100229.89088657919
2026-04-20 08:00:00,100211.72022970038
2026-04-20 09:00:00,100216.48955310434
2026-04-20 10:00:00,100218.21608557603
2026-04-20 11:00:00,100225.68784326823
2026-04-20 12:00:00,100235.32528824378
2026-04-20 13:00:00,100222.50338046695
2026-04-20 14:00:00,100205.88357999745
2026-04-20 15:00:00,100208.91185444324
2026-04-20 16:00:00,100196.38510225166
2026-04-20 17:00:00,100213.50966740627
2026-04-20 18:00:00,100236.01008302442
2026-04-20 19:00:00,100242.12582812995
2026-04-20 20:00:00,100256.08006730588
2026-04-20 21:00:00,100220.9833216805
2026-04-20 22:00:00,100221.62197585368
2026-04-20 23:00:00,100218.95647471925
2026-04-21 00:00:00,100216.3557980457
2026-04-21 01:00:00,100210.67971778779
2026-04-21 02:00:00,100212.49955937457
2026-04-21 03:00:00,100216.836825593
2026-04-21 04:00:00,100211.91915880362
2026-04-21 05:00:00,100202.37565970854
2026-04-21 06:00:00,100200.84370514333
2026-04-21 07:00:00,100197.72573650166
2026-04-21 08:00:00,100186.60777696551
2026-04-21 09:00:00,100190.46366600576
2026-04-21 10:00:00,100179.51915132394
2026-04-21 11:00:00,100181.71889449979
2026-04-21 12:00:00,100176.40839531715
2026-04-21 13:00:00,100184.54508911617
2026-04-21 14:00:00,100156.51186571564
2026-04-21 15:00:00,100173.42510561967
2026-04-21 16:00:00,100176.34570819726
2026-04-21 17:00:00,100200.96373228476
2026-04-21 18:00:00,100220.43497411984
2026-04-21 19:00:00,100217.83534486862
2026-04-21 20:00:00,100220.42080770158
2026-04-21 21:00:00,100223.42005885894
2026-04-21 22:00:00,100220.69935961215
2026-04-21 23:00:00,100230.2931987175
2026-04-22 00:00:00,100211.41863176084
2026-04-22 01:00:00,100212.2848565733
2026-04-22 02:00:00,100246.10031689268
2026-04-22 03:00:00,100243.1834203438
2026-04-22 04:00:00,100247.56896342973
2026-04-22 05:00:00,100259.78211231327
2026-04-22 06:00:00,100260.67021597666
2026-04-22 07:00:00,100255.6289825004
2026-04-22 08:00:00,100254.11227825163
2026-04-22 09:00:00,100244.43867490094
2026-04-22 10:00:00,100252.00119910095
2026-04-22 11:00:00,100263.38490073166
2026-04-22 12:00:00,100246.754433214
2026-04-22 13:00:00,100248.42542852409
2026-04-22 14:00:00,100296.62390972997
2026-04-22 15:00:00,100340.91493366986
2026-04-22 16:00:00,100342.61916915687
2026-04-22 17:00:00,100337.48730357441
2026-04-22 18:00:00,100351.27817013895
2026-04-22 19:00:00,100349.984715197
2026-04-22 20:00:00,100324.22961316443
2026-04-22 21:00:00,100331.52252771835
2026-04-22 22:00:00,100334.84091760832
2026-04-22 23:00:00,100318.81832182716
2026-04-23 00:00:00,100311.11368296831
2026-04-23 01:00:00,100308.78830901868
2026-04-23 02:00:00,100300.1166107373
2026-04-23 03:00:00,100270.99542006114
2026-04-23 04:00:00,100281.44150166222
2026-04-23 05:00:00,100280.27976960085
2026-04-23 06:00:00,100284.2667449107
2026-04-23 07:00:00,100269.53772783981
2026-04-23 08:00:00,100268.30063222154
2026-04-23 09:00:00,100211.00656902362
2026-04-23 10:00:00,100220.31111658673
2026-04-23 11:00:00,100239.8795915971
2026-04-23 12:00:00,100224.25610448713
2026-04-23 13:00:00,100205.71270470982
2026-04-23 14:00:00,100219.63673641781
2026-04-23 15:00:00,100189.2760104948
2026-04-23 16:00:00,100197.08837155487
2026-04-23 17:00:00,100188.51231410015
2026-04-23 18:00:00,100175.57091287707
2026-04-23 19:00:00,100191.0303528755
2026-04-23 20:00:00,100210.77541664543
2026-04-23 21:00:00,100193.10513680564
2026-04-23 22:00:00,100207.31363734351
2026-04-23 23:00:00,100196.13810768323
2026-04-24 00:00:00,100190.47218915817
2026-04-24 01:00:00,100189.80139242213
2026-04-24 02:00:00,100179.76882176888
2026-04-24 03:00:00,100169.36199934629
2026-04-24 04:00:00,100177.8799683978
2026-04-24 05:00:00,100184.9173597241
2026-04-24 06:00:00,100177.6571522594
2026-04-24 07:00:00,100186.68225954994
2026-04-24 08:00:00,100191.16856707967
2026-04-24 09:00:00,100190.84177526587
2026-04-24 10:00:00,100192.24776881876
2026-04-24 11:00:00,100189.52061629003
2026-04-24 12:00:00,100172.3163746826
2026-04-24 13:00:00,100158.9569049784
2026-04-24 14:00:00,100149.5422089722
2026-04-24 15:00:00,100164.50498453795
2026-04-24 16:00:00,100160.82837719363
2026-04-24 17:00:00,100170.03574891038
2026-04-24 18:00:00,100178.40241890412
2026-04-24 19:00:00,100181.5630922211
2026-04-24 20:00:00,100180.06353334709
2026-04-24 21:00:00,100161.66345039092
2026-04-24 22:00:00,100171.91041257189
2026-04-24 23:00:00,100178.26175435656
2026-04-25 00:00:00,100180.66301409433
2026-04-25 01:00:00,100178.93650760385
2026-04-25 02:00:00,100171.47984801508
2026-04-25 03:00:00,100168.36662704228
2026-04-25 04:00:00,100167.25424843369
2026-04-25 05:00:00,100166.39340640607
2026-04-25 06:00:00,100155.12967558563
2026-04-25 07:00:00,100161.5873518193
2026-04-25 08:00:00,100155.85280359727
2026-04-25 09:00:00,100161.33151989496
2026-04-25 10:00:00,100162.6202251758
2026-04-25 11:00:00,100173.2047318645
2026-04-25 12:00:00,100174.99889621431
2026-04-25 13:00:00,100176.81894990853
2026-04-25 14:00:00,100187.37166665163
2026-04-25 15:00:00,100178.56472487611
2026-04-25 16:00:00,100194.98910404323
2026-04-25 17:00:00,100208.06616547919
2026-04-25 18:00:00,100203.47522224979
2026-04-25 19:00:00,100203.1537273172
2026-04-25 20:00:00,100202.39498736963
2026-04-25 21:00:00,100206.51406438099
2026-04-25 22:00:00,100202.90819802489
2026-04-25 23:00:00,100209.54896700617
2026-04-26 00:00:00,100203.77383020439
2026-04-26 01:00:00,100198.21688955674
2026-04-26 02:00:00,100187.28734019089
2026-04-26 03:00:00,100195.85176946783
2026-04-26 04:00:00,100197.37281525179
2026-04-26 05:00:00,100210.03707922342
2026-04-26 06:00:00,100214.09390575583
2026-04-26 07:00:00,100208.99165633012
2026-04-26 08:00:00,100217.8236378101
2026-04-26 09:00:00,100215.23316540528
2026-04-26 10:00:00,100216.60064071306
2026-04-26 11:00:00,100218.85015701514
2026-04-26 12:00:00,100220.14671357223
2026-04-26 13:00:00,100230.06301977846
2026-04-26 14:00:00,100224.0711760109
2026-04-26 15:00:00,100212.37523904054
2026-04-26 16:00:00,100214.23422534319
2026-04-26 17:00:00,100210.12711419292
2026-04-26 18:00:00,100206.73554585752
2026-04-26 19:00:00,100184.09806738824
2026-04-26 20:00:00,100198.25806393378
2026-04-26 21:00:00,100209.53025073001
2026-04-26 22:00:00,100207.64830725148
2026-04-26 23:00:00,100225.19083822164
2026-04-27 00:00:00,100244.78871063913
2026-04-27 01:00:00,100222.65739243147
2026-04-27 02:00:00,100210.25596956683
2026-04-27 03:00:00,100208.74952578994
2026-04-27 04:00:00,100215.75905050733
2026-04-27 05:00:00,100236.07325730758
2026-04-27 06:00:00,100245.9815395367
2026-04-27 07:00:00,100257.25234650732
2026-04-27 08:00:00,100251.5284078841
2026-04-27 09:00:00,100256.53321245173
2026-04-27 10:00:00,100265.12687435193
2026-04-27 11:00:00,100264.44487660407
2026-04-27 12:00:00,100263.17171009594
2026-04-27 13:00:00,100263.85968498363
2026-04-27 14:00:00,100262.55088908754
2026-04-27 15:00:00,100236.38125845965
2026-04-27 16:00:00,100227.60326003082
2026-04-27 17:00:00,100230.1017480784
2026-04-27 18:00:00,100230.2501034851
2026-04-27 19:00:00,100244.06041810355
2026-04-27 20:00:00,100245.00512280168
2026-04-27 21:00:00,100237.0126887884
2026-04-27 22:00:00,100240.38603226564
2026-04-27 23:00:00,100244.36649051336
2026-04-28 00:00:00,100246.91413494037
2026-04-28 01:00:00,100245.92063511192
2026-04-28 02:00:00,100240.86520011658
2026-04-28 03:00:00,100240.2767499918
2026-04-28 04:00:00,100239.19339848074
2026-04-28 05:00:00,100237.50631362355
2026-04-28 06:00:00,100234.06752970273
2026-04-28 07:00:00,100244.9143885031
2026-04-28 08:00:00,100244.0812270904
2026-04-28 09:00:00,100245.84010064167
2026-04-28 10:00:00,100244.66735358028
2026-04-28 11:00:00,100226.03277005286
2026-04-28 12:00:00,100223.00444012514
2026-04-28 13:00:00,100215.11853625963
2026-04-28 14:00:00,100197.88067259378
2026-04-28 15:00:00,100198.7965795434
2026-04-28 16:00:00,100190.84416410435
2026-04-28 17:00:00,100191.49263900194
2026-04-28 18:00:00,100183.11604749932
2026-04-28 19:00:00,100182.38421852476
2026-04-28 20:00:00,100205.8891727949
2026-04-28 21:00:00,100205.60024116415
2026-04-28 22:00:00,100199.94040079009
2026-04-28 23:00:00,100190.37909935853
2026-04-29 00:00:00,100204.11587707628
2026-04-29 01:00:00,100208.70922265163
2026-04-29 02:00:00,100201.68273558759
2026-04-29 03:00:00,100219.39205725917
2026-04-29 04:00:00,100228.16709448783
2026-04-29 05:00:00,100225.88572721249
2026-04-29 06:00:00,100217.2364449791
2026-04-29 07:00:00,100222.02059123991
2026-04-29 08:00:00,100223.35473877595
2026-04-29 09:00:00,100229.12518111318
2026-04-29 10:00:00,100243.46345275857
2026-04-29 11:00:00,100257.81459517288
2026-04-29 12:00:00,100259.86920192638
2026-04-29 13:00:00,100252.52977666933
2026-04-29 14:00:00,100243.99917433082
2026-04-29 15:00:00,100246.2701775276
2026-04-29 16:00:00,100238.03751944496
2026-04-29 17:00:00,100243.56546280284
2026-04-29 18:00:00,100282.19769411253
2026-04-29 19:00:00,100299.29564330031
2026-04-29 20:00:00,100280.34096282492
2026-04-29 21:00:00,100275.63774734156
2026-04-29 22:00:00,100250.47797535983
2026-04-29 23:00:00,100243.0919135073
2026-04-30 00:00:00,100245.42325924659
2026-04-30 01:00:00,100247.66742543924
2026-04-30 02:00:00,100232.8304258775
2026-04-30 03:00:00,100246.01348129619
2026-04-30 04:00:00,100249.5467285889
2026-04-30 05:00:00,100244.48752264927
2026-04-30 06:00:00,100247.21356624147
2026-04-30 07:00:00,100254.98867582617
2026-04-30 08:00:00,100258.02041551811
2026-04-30 09:00:00,100263.77655068118
2026-04-30 10:00:00,100271.08551875167
2026-04-30 11:00:00,100268.15577180321
2026-04-30 12:00:00,100280.44121883935
2026-04-30 13:00:00,100281.5209736822
2026-04-30 14:00:00,100270.682319015
2026-04-30 15:00:00,100274.09207425367
2026-04-30 16:00:00,100270.8662497051
2026-04-30 17:00:00,100267.49065084771
2026-04-30 18:00:00,100270.17106472678
2026-04-30 19:00:00,100272.12344872198
2026-04-30 20:00:00,100279.26083268791
2026-04-30 21:00:00,100276.04705698392
2026-04-30 22:00:00,100277.47674620124
2026-04-30 23:00:00,100265.70458481244
2026-05-01 00:00:00,100266.36735597327
2026-05-01 01:00:00,100264.14249229665
2026-05-01 02:00:00,100265.1023235377
2026-05-01 03:00:00,100289.18999387737
2026-05-01 04:00:00,100290.83874007792
2026-05-01 05:00:00,100286.76016214603
2026-05-01 06:00:00,100283.99160059575
2026-05-01 07:00:00,100279.72956054495
2026-05-01 08:00:00,100284.99987808359
2026-05-01 09:00:00,100286.53948683866
2026-05-01 10:00:00,100285.32373662831
2026-05-01 11:00:00,100285.11312290115
2026-05-01 12:00:00,100313.18653135664
2026-05-01 13:00:00,100318.76659914466
2026-05-01 14:00:00,100316.56497555073
2026-05-01 15:00:00,100303.5567962065
2026-05-01 16:00:00,100313.02761718645
2026-05-01 17:00:00,100324.15061555979
2026-05-01 18:00:00,100317.15900127222
2026-05-01 19:00:00,100322.58988590946
2026-05-01 20:00:00,100294.45288919627
2026-05-01 21:00:00,100300.80310831372
2026-05-01 22:00:00,100313.71245898677
2026-05-01 23:00:00,100317.33081422879
2026-05-02 00:00:00,100316.32897957599
2026-05-02 01:00:00,100312.74277154761
2026-05-02 02:00:00,100330.313191426
2026-05-02 03:00:00,100336.68753522869
2026-05-02 04:00:00,100344.02191073426
2026-05-02 05:00:00,100335.01732280398
2026-05-02 06:00:00,100332.36774318827
2026-05-02 07:00:00,100327.16753098658
2026-05-02 08:00:00,100330.3980960889
2026-05-02 09:00:00,100327.17948641743
2026-05-02 10:00:00,100324.88383427379
2026-05-02 11:00:00,100328.1793718213
2026-05-02 12:00:00,100325.94190125445
2026-05-02 13:00:00,100328.38526516872
2026-05-02 14:00:00,100329.24225960145
2026-05-02 15:00:00,100326.18610510175
2026-05-02 16:00:00,100318.31867492195
2026-05-02 17:00:00,100318.36970962916
2026-05-02 18:00:00,100320.21248595844
2026-05-02 19:00:00,100319.98526638982
2026-05-02 20:00:00,100321.60396445083
2026-05-02 21:00:00,100319.84647514389
2026-05-02 22:00:00,100331.85012703657
2026-05-02 23:00:00,100342.2667245703
2026-05-03 00:00:00,100338.3028739743
2026-05-03 01:00:00,100326.53515887728
2026-05-03 02:00:00,100327.76484109844
2026-05-03 03:00:00,100324.37167817829
2026-05-03 04:00:00,100324.44644638756
2026-05-03 05:00:00,100321.80192681722
2026-05-03 06:00:00,100324.46188505655
2026-05-03 07:00:00,100328.30007946209
2026-05-03 08:00:00,100324.68753502895
2026-05-03 09:00:00,100318.52552515279
2026-05-03 10:00:00,100323.57992073701
2026-05-03 11:00:00,100324.74869765612
2026-05-03 12:00:00,100320.33746557738
2026-05-03 13:00:00,100318.96124549017
2026-05-03 14:00:00,100307.21906886129
2026-05-03 15:00:00,100308.47473699837
2026-05-03 16:00:00,100310.34111960811
2026-05-03 17:00:00,100310.60570916941
2026-05-03 18:00:00,100312.41080837174
2026-05-03 19:00:00,100303.72927255573
2026-05-03 20:00:00,100331.46712019428
2026-05-03 21:00:00,100337.63919064835
2026-05-03 22:00:00,100321.79336877803
2026-05-03 23:00:00,100327.6867687328
2026-05-04 00:00:00,100333.0613752796
2026-05-04 01:00:00,100356.6673797048
2026-05-04 02:00:00,100343.84167042114
2026-05-04 03:00:00,100337.20892120947
2026-05-04 04:00:00,100315.78774909604
2026-05-04 05:00:00,100321.70146946116
2026-05-04 06:00:00,100336.16625752213
2026-05-04 07:00:00,100321.62641509902
2026-05-04 08:00:00,100327.25724240027
2026-05-04 09:00:00,100311.31811622044
2026-05-04 10:00:00,100328.52534989339
2026-05-04 11:00:00,100319.85856159896
2026-05-04 12:00:00,100331.38850063278
2026-05-04 13:00:00,100320.18936067302
2026-05-04 14:00:00,100366.23670349002
2026-05-04 15:00:00,100404.5346285559
2026-05-04 16:00:00,100394.9141242814
2026-05-04 17:00:00,100386.51265198892
2026-05-04 18:00:00,100384.05507408477
2026-05-04 19:00:00,100403.89980159701
2026-05-04 20:00:00,100419.85600163629
2026-05-04 21:00:00,100420.60312180065
2026-05-04 22:00:00,100419.14062334561
2026-05-04 23:00:00,100417.85519030191
2026-05-05 00:00:00,100420.92700412765
2026-05-05 01:00:00,100429.92766796912
2026-05-05 02:00:00,100433.3817710894
2026-05-05 03:00:00,100432.55624125824
2026-05-05 04:00:00,100442.68722363682
2026-05-05 05:00:00,100445.55451681018
2026-05-05 06:00:00,100435.73354546967
2026-05-05 07:00:00,100426.16207069259
2026-05-05 08:00:00,100428.87473868065
2026-05-05 09:00:00,100428.3877905572
2026-05-05 10:00:00,100425.0150887499
2026-05-05 11:00:00,100436.93216906645
2026-05-05 12:00:00,100433.14796507417
2026-05-05 13:00:00,100427.19494116516
2026-05-05 14:00:00,100448.55779277397
2026-05-05 15:00:00,100462.18539928492
2026-05-05 16:00:00,100469.28702820445
2026-05-05 17:00:00,100467.06584241497
2026-05-05 18:00:00,100463.78002646589
2026-05-05 19:00:00,100448.42916587168
2026-05-05 20:00:00,100428.14596223463
2026-05-05 21:00:00,100412.53523312525
2026-05-05 22:00:00,100397.87054274602
2026-05-05 23:00:00,100400.21691939897
2026-05-06 00:00:00,100407.89683246046
2026-05-06 01:00:00,100409.52436797952
2026-05-06 02:00:00,100409.16835190679
2026-05-06 03:00:00,100397.43106207463
2026-05-06 04:00:00,100405.74390552042
2026-05-06 05:00:00,100384.26930081505
2026-05-06 06:00:00,100382.66660777302
2026-05-06 07:00:00,100354.44383746233
2026-05-06 08:00:00,100312.62738470772
2026-05-06 09:00:00,100298.91713940517
2026-05-06 10:00:00,100329.06284668474
2026-05-06 11:00:00,100321.51114446542
2026-05-06 12:00:00,100294.28578872721
2026-05-06 13:00:00,100303.94534832843
2026-05-06 14:00:00,100275.98949386098
2026-05-06 15:00:00,100248.57841180376
2026-05-06 16:00:00,100237.5446707019
2026-05-06 17:00:00,100229.16285507064
2026-05-06 18:00:00,100207.40136663691
2026-05-06 19:00:00,100204.62134762718
2026-05-06 20:00:00,100222.58147293064
2026-05-06 21:00:00,100219.15518217412
2026-05-06 22:00:00,100224.6276536069
2026-05-06 23:00:00,100226.98163138542
2026-05-07 00:00:00,100205.9105437259
2026-05-07 01:00:00,100192.78572198903
2026-05-07 02:00:00,100185.16279142292
2026-05-07 03:00:00,100213.11017330104
2026-05-07 04:00:00,100201.5239517927
2026-05-07 05:00:00,100190.12729382199
2026-05-07 06:00:00,100176.87118170371
2026-05-07 07:00:00,100158.91657807176
2026-05-07 08:00:00,100151.75000167353
2026-05-07 09:00:00,100157.70128753223
2026-05-07 10:00:00,100165.93385956713
2026-05-07 11:00:00,100163.14652499475
2026-05-07 12:00:00,100147.02357192499
2026-05-07 13:00:00,100152.01382098609
2026-05-07 14:00:00,100145.20354955822
2026-05-07 15:00:00,100133.71777064513
2026-05-07 16:00:00,100126.89427287263
2026-05-07 17:00:00,100124.17033305953
2026-05-07 18:00:00,100117.26714644504
2026-05-07 19:00:00,100120.6748232301
2026-05-07 20:00:00,100118.08110200784
2026-05-07 21:00:00,100124.54608794149
2026-05-07 22:00:00,100142.0979116128
2026-05-07 23:00:00,100137.28373762056
2026-05-08 00:00:00,100129.08021672415
2026-05-08 01:00:00,100129.02592087621
2026-05-08 02:00:00,100115.91396989799
2026-05-08 03:00:00,100103.72770846306
2026-05-08 04:00:00,100110.92918525418
2026-05-08 05:00:00,100104.87653676009
2026-05-08 06:00:00,100100.09100394661
2026-05-08 07:00:00,100106.34786948873
2026-05-08 08:00:00,100105.42568492239
2026-05-08 09:00:00,100103.36645397996
2026-05-08 10:00:00,100108.42064230892
2026-05-08 11:00:00,100111.38946448803
2026-05-08 12:00:00,100102.51500142239
2026-05-08 13:00:00,100086.91500497313
2026-05-08 14:00:00,100076.06962422797
2026-05-08 15:00:00,100063.92628290772
2026-05-08 16:00:00,100054.57411389408
2026-05-08 17:00:00,100005.3915506847
2026-05-08 18:00:00,99988.77989943203
2026-05-08 19:00:00,99985.43446692545
2026-05-08 20:00:00,99993.00679480884
2026-05-08 21:00:00,99987.35221633675
2026-05-08 22:00:00,99982.90564153728
2026-05-08 23:00:00,99987.35703111332
2026-05-09 00:00:00,99966.85221214115
2026-05-09 01:00:00,99936.6562666388
2026-05-09 02:00:00,99943.4369118522
2026-05-09 03:00:00,99938.97028912397
2026-05-09 04:00:00,99948.38917101828
2026-05-09 05:00:00,99945.39455803522
2026-05-09 06:00:00,99945.0148249694
2026-05-09 07:00:00,99945.64242997966
2026-05-09 08:00:00,99951.87546712988
2026-05-09 09:00:00,99957.23019005868
2026-05-09 10:00:00,99957.09348280875
2026-05-09 11:00:00,99941.6829789888
2026-05-09 12:00:00,99949.74034437553
2026-05-09 13:00:00,99948.7747011715
2026-05-09 14:00:00,99961.0530298946
2026-05-09 15:00:00,99968.63592023548
2026-05-09 16:00:00,99976.14768337621
2026-05-09 17:00:00,99969.22364659858
2026-05-09 18:00:00,99970.6070727668
2026-05-09 19:00:00,99964.2729657718
2026-05-09 20:00:00,99969.91209718185
2026-05-09 21:00:00,99964.57610518934
2026-05-09 22:00:00,99965.50036285236
2026-05-09 23:00:00,99967.4142937909
2026-05-10 00:00:00,99966.00618686443
2026-05-10 01:00:00,99970.4108430547
2026-05-10 02:00:00,99970.63486688056
2026-05-10 03:00:00,99960.37838591832
2026-05-10 04:00:00,99961.78216592698
2026-05-10 05:00:00,99961.51478907242
2026-05-10 06:00:00,99959.8470662004
2026-05-10 07:00:00,99954.94959544073
2026-05-10 08:00:00,99937.1224363047
2026-05-10 09:00:00,99931.80748786301
2026-05-10 10:00:00,99945.40985950535
2026-05-10 11:00:00,99954.91671408198
2026-05-10 12:00:00,99962.83298852359
2026-05-10 13:00:00,99943.15596164546
2026-05-10 14:00:00,99937.6360956739
2026-05-10 15:00:00,99932.20561725489
2026-05-10 16:00:00,99880.09594031896
2026-05-10 17:00:00,99799.38945949139
2026-05-10 18:00:00,99811.79631929877
2026-05-10 19:00:00,99811.7301759843
2026-05-10 20:00:00,99889.02193921302
2026-05-10 21:00:00,99870.5717105338
2026-05-10 22:00:00,99897.45772725643
2026-05-10 23:00:00,99877.935492111
2026-05-11 00:00:00,99884.51522595463
2026-05-11 01:00:00,99874.3367961619
2026-05-11 02:00:00,99887.55763887356
2026-05-11 03:00:00,99884.50706308689
2026-05-11 04:00:00,99883.65563444274
2026-05-11 05:00:00,99858.35084845222
2026-05-11 06:00:00,99861.14058384228
2026-05-11 07:00:00,99866.02930162582
2026-05-11 08:00:00,99886.82286704387
2026-05-11 09:00:00,99877.75254972036
2026-05-11 10:00:00,99885.89095831708
2026-05-11 11:00:00,99884.83811484059
2026-05-11 12:00:00,99886.59389278862
2026-05-11 13:00:00,99862.6671978405
2026-05-11 14:00:00,99843.27322768087
2026-05-11 15:00:00,99823.39113464739
2026-05-11 16:00:00,99812.0901470919
2026-05-11 17:00:00,99798.67328797527
2026-05-11 18:00:00,99820.16254775878
2026-05-11 19:00:00,99800.30446116795
2026-05-11 20:00:00,99820.7050569765
2026-05-11 21:00:00,99840.63934588044
2026-05-11 22:00:00,99849.0811799638
2026-05-11 23:00:00,99853.77627277405
2026-05-12 00:00:00,99833.78955976028
2026-05-12 01:00:00,99825.30521193259
2026-05-12 02:00:00,99829.68816504785
2026-05-12 03:00:00,99835.69568780751
2026-05-12 04:00:00,99824.02786701357
2026-05-12 05:00:00,99818.27355895998
2026-05-12 06:00:00,99817.91672016632
2026-05-12 07:00:00,99796.04148739389
2026-05-12 08:00:00,99787.50011580208
2026-05-12 09:00:00,99818.39179286393
2026-05-12 10:00:00,99834.85025199968
2026-05-12 11:00:00,99834.67075717248
2026-05-12 12:00:00,99825.19703914139
2026-05-12 13:00:00,99826.14334593013
2026-05-12 14:00:00,99818.00365396225
2026-05-12 15:00:00,99815.66157064884
2026-05-12 16:00:00,99834.39744059561
2026-05-12 17:00:00,99829.38107975578
2026-05-12 18:00:00,99836.14390589298
2026-05-12 19:00:00,99839.86252586477
2026-05-12 20:00:00,99853.44361124976
2026-05-12 21:00:00,99858.74074642759
2026-05-12 22:00:00,99855.55921393138
2026-05-12 23:00:00,99850.35086284029
2026-05-13 00:00:00,99856.33894907597
2026-05-13 01:00:00,99877.2338443222
2026-05-13 02:00:00,99888.99936903767
2026-05-13 03:00:00,99889.60920315645
2026-05-13 04:00:00,99878.65752603098
2026-05-13 05:00:00,99880.13166056213
2026-05-13 06:00:00,99882.90098236913
2026-05-13 07:00:00,99876.63986980762
2026-05-13 08:00:00,99893.8530820456
2026-05-13 09:00:00,99891.16267070733
2026-05-13 10:00:00,99890.6558782469
2026-05-13 11:00:00,99896.6917290276
2026-05-13 12:00:00,99909.083427237
2026-05-13 13:00:00,99908.86305861181
2026-05-13 14:00:00,99918.03662862591
2026-05-13 15:00:00,99920.9285325184
2026-05-13 16:00:00,99918.7132334021
2026-05-13 17:00:00,99915.2806096113
2026-05-13 18:00:00,99923.09475445175
2026-05-13 19:00:00,99936.83519820515
2026-05-13 20:00:00,99926.05994813409
2026-05-13 21:00:00,99925.72631567615
2026-05-13 22:00:00,99924.81233894687
2026-05-13 23:00:00,99915.39710242026
2026-05-14 00:00:00,99918.99385319096
2026-05-14 01:00:00,99921.25613038997
2026-05-14 02:00:00,99920.12145293066
2026-05-14 03:00:00,99913.47828295323
2026-05-14 04:00:00,99903.2904883014
2026-05-14 05:00:00,99901.23241893036
2026-05-14 06:00:00,99904.46264005927
2026-05-14 07:00:00,99905.97699532949
2026-05-14 08:00:00,99915.05966085254
2026-05-14 09:00:00,99918.06015245013
2026-05-14 10:00:00,99910.00566929275
2026-05-14 11:00:00,99908.33838356582
2026-05-14 12:00:00,99914.06623504202
2026-05-14 13:00:00,99919.72644169524
2026-05-14 14:00:00,99878.94064644366
2026-05-14 15:00:00,99885.05710082529
2026-05-14 16:00:00,99884.34435378312
2026-05-14 17:00:00,99863.80566399121
2026-05-14 18:00:00,99810.497832114
2026-05-14 19:00:00,99815.78656427732
2026-05-14 20:00:00,99827.72369708351
2026-05-14 21:00:00,99841.07526979099
2026-05-14 22:00:00,99835.21005841666
2026-05-14 23:00:00,99839.20423416834
2026-05-15 00:00:00,99834.82162968721
2026-05-15 01:00:00,99828.86763191223
2026-05-15 02:00:00,99814.79110281872
2026-05-15 03:00:00,99829.44907521356
2026-05-15 04:00:00,99837.26372314255
2026-05-15 05:00:00,99833.33343589543
2026-05-15 06:00:00,99849.4005747744
2026-05-15 07:00:00,99857.60285365199
2026-05-15 08:00:00,99855.30576434448
2026-05-15 09:00:00,99857.11184897444
2026-05-15 10:00:00,99864.83846134845
2026-05-15 11:00:00,99861.58493424056
2026-05-15 12:00:00,99868.2272668807
2026-05-15 13:00:00,99880.87709223657
2026-05-15 14:00:00,99863.44661350721
2026-05-15 15:00:00,99874.69049414739
2026-05-15 16:00:00,99863.63508490768
2026-05-15 17:00:00,99865.72838132955
2026-05-15 18:00:00,99878.01137519021
2026-05-15 19:00:00,99882.90563962435
2026-05-15 20:00:00,99876.61916695212
2026-05-15 21:00:00,99880.05005307503
2026-05-15 22:00:00,99886.10833579242
2026-05-15 23:00:00,99883.16281536476
2026-05-16 00:00:00,99886.79938599587
2026-05-16 01:00:00,99880.3195922511
2026-05-16 02:00:00,99877.23885168602
2026-05-16 03:00:00,99869.68656189911
2026-05-16 04:00:00,99874.33354322264
2026-05-16 05:00:00,99879.06387592245
2026-05-16 06:00:00,99864.37327252397
2026-05-16 07:00:00,99879.56746718175
2026-05-16 08:00:00,99887.40516440186
2026-05-16 09:00:00,99875.76680176338
2026-05-16 10:00:00,99880.70692050624
2026-05-16 11:00:00,99874.41966650976
2026-05-16 12:00:00,99877.48010239282
2026-05-16 13:00:00,99873.05704137156
2026-05-16 14:00:00,99877.55793852085
2026-05-16 15:00:00,99871.29532395303
2026-05-16 16:00:00,99864.3107796685
2026-05-16 17:00:00,99869.89156805011
2026-05-16 18:00:00,99880.49397458565
2026-05-16 19:00:00,99870.25880281735
2026-05-16 20:00:00,99875.63540659322
2026-05-16 21:00:00,99880.13247868023
2026-05-16 22:00:00,99879.5401590956
2026-05-16 23:00:00,99881.65646827276
2026-05-17 00:00:00,99865.10256592011
2026-05-17 01:00:00,99873.09451688918
2026-05-17 02:00:00,99870.41471159332
2026-05-17 03:00:00,99864.85781746387
2026-05-17 04:00:00,99863.87881704289
2026-05-17 05:00:00,99864.77313820197
2026-05-17 06:00:00,99864.00999770597
2026-05-17 07:00:00,99863.53876407343
2026-05-17 08:00:00,99862.59046919792
2026-05-17 09:00:00,99852.80821631364
2026-05-17 10:00:00,99854.51171690167
2026-05-17 11:00:00,99858.35916617498
2026-05-17 12:00:00,99858.19903577953
2026-05-17 13:00:00,99854.08801001946
2026-05-17 14:00:00,99857.64867549711
2026-05-17 15:00:00,99858.725216828
2026-05-17 16:00:00,99861.87505714671
2026-05-17 17:00:00,99863.08080399167
2026-05-17 18:00:00,99863.90802831281
2026-05-17 19:00:00,99860.80736543653
2026-05-17 20:00:00,99859.74440303516
2026-05-17 21:00:00,99863.06481948151
2026-05-17 22:00:00,99868.59369884653
2026-05-17 23:00:00,99887.61313540135
2026-05-18 00:00:00,99858.21810462482
2026-05-18 01:00:00,99845.67794108341
2026-05-18 02:00:00,99853.90404455426
2026-05-18 03:00:00,99848.48347271066
2026-05-18 04:00:00,99852.65918760152
2026-05-18 05:00:00,99848.31379051451
2026-05-18 06:00:00,99848.283823021
2026-05-18 07:00:00,99849.82962521518
2026-05-18 08:00:00,99846.01034743302
2026-05-18 09:00:00,99847.43893827776
2026-05-18 10:00:00,99854.93410052697
2026-05-18 11:00:00,99857.09822010715
2026-05-18 12:00:00,99862.62317622572
2026-05-18 13:00:00,99857.95343879791
2026-05-18 14:00:00,99865.86774846469
2026-05-18 15:00:00,99870.70671602657
2026-05-18 16:00:00,99884.32395789023
2026-05-18 17:00:00,99881.95839424193
2026-05-18 18:00:00,99906.36266077758
2026-05-18 19:00:00,99875.23719691625
2026-05-18 20:00:00,99880.02488687912
2026-05-18 21:00:00,99863.18864741428
2026-05-18 22:00:00,99863.34984752355
2026-05-18 23:00:00,99865.70473858694
2026-05-19 00:00:00,99866.34344656982
2026-05-19 01:00:00,99856.61610848528
2026-05-19 02:00:00,99861.44968007362
2026-05-19 03:00:00,99846.54079873185
2026-05-19 04:00:00,99847.85482924311
2026-05-19 05:00:00,99848.06721921069
2026-05-19 06:00:00,99850.19308947067
2026-05-19 07:00:00,99846.60401794376
2026-05-19 08:00:00,99846.05589817309
2026-05-19 09:00:00,99863.68396044985
2026-05-19 10:00:00,99865.0867225342
2026-05-19 11:00:00,99866.18754494943
2026-05-19 12:00:00,99862.08316453983
2026-05-19 13:00:00,99857.03382097911
2026-05-19 14:00:00,99864.3737927919
2026-05-19 15:00:00,99865.40204067755
2026-05-19 16:00:00,99863.37162516826
2026-05-19 17:00:00,99879.42831474624
2026-05-19 18:00:00,99879.74427956693
2026-05-19 19:00:00,99888.3543304469
2026-05-19 20:00:00,99890.86693045784
2026-05-19 21:00:00,99886.91848454211
2026-05-19 22:00:00,99886.55940012423
2026-05-19 23:00:00,99883.84619404856
2026-05-20 00:00:00,99890.05943212088
2026-05-20 01:00:00,99890.58592902751
2026-05-20 02:00:00,99893.28243209791
2026-05-20 03:00:00,99889.31092737534
2026-05-20 04:00:00,99883.14033892717
2026-05-20 05:00:00,99879.2067264625
2026-05-20 06:00:00,99865.70036655132
2026-05-20 07:00:00,99867.12558586436
2026-05-20 08:00:00,99862.94302965165
2026-05-20 09:00:00,99856.94652696257
2026-05-20 10:00:00,99855.76822568038
2026-05-20 11:00:00,99863.174048161
2026-05-20 12:00:00,99855.51152112332
2026-05-20 13:00:00,99859.14035930074
2026-05-20 14:00:00,99875.918550944
2026-05-20 15:00:00,99878.67817411278
2026-05-20 16:00:00,99881.44336678192
2026-05-20 17:00:00,99881.46326897058
2026-05-20 18:00:00,99882.35146410439
2026-05-20 19:00:00,99880.37617383282
2026-05-20 20:00:00,99877.13533034123
2026-05-20 21:00:00,99877.95701866176
2026-05-20 22:00:00,99872.47054431825
2026-05-20 23:00:00,99872.74704180243
2026-05-21 00:00:00,99876.10953400115
2026-05-21 01:00:00,99872.94452117954
2026-05-21 02:00:00,99867.24238774137
2026-05-21 03:00:00,99867.47512907773
2026-05-21 04:00:00,99870.31770370824
2026-05-21 05:00:00,99870.57305219816
2026-05-21 06:00:00,99867.86983962382
2026-05-21 07:00:00,99863.39885825398
2026-05-21 08:00:00,99867.24045544243
2026-05-21 09:00:00,99866.9895051011
2026-05-21 10:00:00,99860.40389611645
2026-05-21 11:00:00,99864.9643182535
2026-05-21 12:00:00,99867.4270388433
2026-05-21 13:00:00,99886.03682856768
2026-05-21 14:00:00,99888.99994072002
2026-05-21 15:00:00,99889.96824403502
2026-05-21 16:00:00,99889.58345693289
2026-05-21 17:00:00,99880.19779804086
2026-05-21 18:00:00,99894.77704744088
2026-05-21 19:00:00,99881.67216366704
2026-05-21 20:00:00,99887.7832886661
2026-05-21 21:00:00,99891.9876156401
2026-05-21 22:00:00,99897.03539655027
2026-05-21 23:00:00,99898.20095133813
2026-05-22 00:00:00,99899.78890023191
2026-05-22 01:00:00,99902.66552314865
2026-05-22 02:00:00,99902.03409390166
2026-05-22 03:00:00,99904.15541625799
2026-05-22 04:00:00,99905.58290020673
2026-05-22 05:00:00,99903.11950268145
2026-05-22 06:00:00,99912.51564313211
2026-05-22 07:00:00,99912.69379101795
2026-05-22 08:00:00,99917.43081026363
2026-05-22 09:00:00,99915.17598975963
2026-05-22 10:00:00,99913.18897438161
2026-05-22 11:00:00,99911.9453877242
2026-05-22 12:00:00,99912.31120218913
2026-05-22 13:00:00,99925.25030849528
2026-05-22 14:00:00,99920.11674685554
2026-05-22 15:00:00,99919.65100800822
2026-05-22 16:00:00,99924.67349711656
2026-05-22 17:00:00,99910.53578995995
2026-05-22 18:00:00,99947.46263440397
2026-05-22 19:00:00,100018.07609552958
2026-05-22 20:00:00,99998.49690346258
2026-05-22 21:00:00,99979.0850869328
2026-05-22 22:00:00,99975.89285151994
2026-05-22 23:00:00,99983.88319891623
2026-05-23 00:00:00,99959.1833770854
2026-05-23 01:00:00,99952.68747458591
2026-05-23 02:00:00,99955.14361739671
2026-05-23 03:00:00,99955.35453294266
2026-05-23 04:00:00,99956.71439752125
2026-05-23 05:00:00,99961.15715753316
2026-05-23 06:00:00,99958.54233955481
2026-05-23 07:00:00,99952.78130935821
2026-05-23 08:00:00,99965.36613635752
2026-05-23 09:00:00,99946.38554869732
2026-05-23 10:00:00,99949.44020611113
2026-05-23 11:00:00,99941.82074038466
2026-05-23 12:00:00,99941.75284441204
2026-05-23 13:00:00,99942.03709195628
2026-05-23 14:00:00,99949.0877557357
2026-05-23 15:00:00,99956.0496630708
2026-05-23 16:00:00,99947.65284280862
2026-05-23 17:00:00,99953.01231388905
2026-05-23 18:00:00,99950.50561275388
2026-05-23 19:00:00,99951.00290278828
2026-05-23 20:00:00,99900.09676548047
2026-05-23 21:00:00,99964.82917534729
2026-05-23 22:00:00,99941.0826080136
2026-05-23 23:00:00,99954.32286894124
2026-05-24 00:00:00,99951.77741772737
2026-05-24 01:00:00,99950.4736381384
2026-05-24 02:00:00,99944.99523651855
2026-05-24 03:00:00,99948.21771670927
2026-05-24 04:00:00,99944.71942356793
2026-05-24 05:00:00,99948.30151341434
2026-05-24 06:00:00,99936.41467760882
2026-05-24 07:00:00,99946.26147473631
2026-05-24 08:00:00,99955.95184662926
2026-05-24 09:00:00,99961.41079989207
2026-05-24 10:00:00,99976.30180237035
2026-05-24 11:00:00,99970.72930663222
2026-05-24 12:00:00,99969.45558153444
2026-05-24 13:00:00,99965.71308823655
2026-05-24 14:00:00,99970.06193655774
2026-05-24 15:00:00,99975.39218979927
2026-05-24 16:00:00,99975.88321886196
2026-05-24 17:00:00,99971.83819851714
2026-05-24 18:00:00,99972.78839183885
2026-05-24 19:00:00,99972.53598439394
2026-05-24 20:00:00,99957.67105822894
2026-05-24 21:00:00,99936.0741260572
2026-05-24 22:00:00,99945.73820023281
2026-05-24 23:00:00,99947.09331219328
2026-05-25 00:00:00,99960.70664430052
2026-05-25 01:00:00,99939.86591266608
2026-05-25 02:00:00,99943.56171971053
2026-05-25 03:00:00,99942.6594008234
2026-05-25 04:00:00,99949.10516199356
2026-05-25 05:00:00,99955.45759496246
2026-05-25 06:00:00,99956.2048826876
2026-05-25 07:00:00,99971.96957641278
2026-05-25 08:00:00,99970.29961556982
2026-05-25 09:00:00,99953.1588308729
2026-05-25 10:00:00,99962.11432606299
2026-05-25 11:00:00,99970.90689873809
2026-05-25 12:00:00,100000.1915099072
2026-05-25 13:00:00,100009.68563142163
2026-05-25 14:00:00,100004.22743779849
2026-05-25 15:00:00,99999.41738541517
2026-05-25 16:00:00,99988.22260606353
2026-05-25 17:00:00,99975.81558727178
2026-05-25 18:00:00,99981.9864981954
2026-05-25 19:00:00,99981.14928834421
2026-05-25 20:00:00,99988.44463048909
2026-05-25 21:00:00,99986.81097083296
2026-05-25 22:00:00,99985.32404162361
2026-05-25 23:00:00,99987.82622398646
2026-05-26 00:00:00,99987.38748902125
2026-05-26 01:00:00,99981.90492754038
2026-05-26 02:00:00,99993.9256709504
2026-05-26 03:00:00,99985.91193471363
2026-05-26 04:00:00,99983.58564512429
2026-05-26 05:00:00,99981.53109795146
2026-05-26 06:00:00,99974.56286580724
2026-05-26 07:00:00,99985.2377882288
2026-05-26 08:00:00,99983.57072931624
2026-05-26 09:00:00,99982.33716357421
2026-05-26 10:00:00,99975.40418482712
2026-05-26 11:00:00,99979.04340082634
2026-05-26 12:00:00,99972.08438375547
2026-05-26 13:00:00,99979.07814137165
2026-05-26 14:00:00,99991.74393951008
2026-05-26 15:00:00,99997.4342510034
2026-05-26 16:00:00,100003.03313904339
2026-05-26 17:00:00,99995.40335712314
2026-05-26 18:00:00,100002.44292866028
2026-05-26 19:00:00,100002.6743737956
2026-05-26 20:00:00,100000.99201740434
2026-05-26 21:00:00,100000.75763553457
2026-05-26 22:00:00,100004.27983076914
2026-05-26 23:00:00,100003.82881547941
2026-05-27 00:00:00,100006.40022127342
2026-05-27 01:00:00,100007.13159309805
2026-05-27 02:00:00,100005.10203624662
2026-05-27 03:00:00,100001.30902509994
2026-05-27 04:00:00,99994.10287115064
2026-05-27 05:00:00,99991.49345155092
2026-05-27 06:00:00,99985.49911490512
2026-05-27 07:00:00,99992.98881017785
2026-05-27 08:00:00,99980.26973418682
2026-05-27 09:00:00,99988.75040798567
2026-05-27 10:00:00,99996.51408866097
2026-05-27 11:00:00,99993.91299470938
2026-05-27 12:00:00,99996.78384563488
2026-05-27 13:00:00,100005.75619779887
2026-05-27 14:00:00,100009.92044913904
2026-05-27 15:00:00,100016.49494637192
2026-05-27 16:00:00,100013.01427250417
2026-05-27 17:00:00,100014.40827231114
2026-05-27 18:00:00,100021.32945272226
2026-05-27 19:00:00,100012.80236557075
2026-05-27 20:00:00,100006.73496009584
2026-05-27 21:00:00,100011.55022029419
2026-05-27 22:00:00,100026.41243267104
2026-05-27 23:00:00,100032.69782426786
2026-05-28 00:00:00,100032.86598124121
2026-05-28 01:00:00,100028.80193441946
2026-05-28 02:00:00,100021.86210218245
2026-05-28 03:00:00,100013.99106883597
2026-05-28 04:00:00,100014.536091527
2026-05-28 05:00:00,100012.06994553668
2026-05-28 06:00:00,100004.58788007681
2026-05-28 07:00:00,100004.259775802
2026-05-28 08:00:00,100003.4889959447
2026-05-28 09:00:00,99995.28760735046
2026-05-28 10:00:00,99991.96262588055
2026-05-28 11:00:00,99985.68067958519
2026-05-28 12:00:00,99984.89021869232
2026-05-28 13:00:00,99976.61682461096
2026-05-28 14:00:00,99977.97375091462
2026-05-28 15:00:00,99962.71389329496
2026-05-28 16:00:00,99951.26449015796
2026-05-28 17:00:00,99937.83065760617
2026-05-28 18:00:00,99931.77172213541
2026-05-28 19:00:00,99957.26399999953
2026-05-28 20:00:00,99971.48808005867
2026-05-28 21:00:00,99973.9997667309
2026-05-28 22:00:00,99991.71172983006
2026-05-28 23:00:00,99985.11457696078
2026-05-29 00:00:00,99978.2058134525
2026-05-29 01:00:00,99982.07469572425
2026-05-29 02:00:00,99976.10224577795
2026-05-29 03:00:00,99965.36445013256
2026-05-29 04:00:00,99972.95451974747
2026-05-29 05:00:00,99969.58783935313
2026-05-29 06:00:00,99969.61422780821
2026-05-29 07:00:00,99973.71138949823
2026-05-29 08:00:00,99967.32813736283
2026-05-29 09:00:00,99972.99043286387
2026-05-29 10:00:00,99971.84082623915
2026-05-29 11:00:00,99970.96166192782
2026-05-29 12:00:00,99977.6807114777
2026-05-29 13:00:00,99978.93561692719
2026-05-29 14:00:00,99963.9954820385
2026-05-29 15:00:00,99946.6848050251
2026-05-29 16:00:00,99947.0202858585
2026-05-29 17:00:00,99982.92366047461
2026-05-29 18:00:00,99983.09013309205
2026-05-29 19:00:00,99975.25642416521
2026-05-29 20:00:00,99986.61479501607
2026-05-29 21:00:00,99995.0788387059
2026-05-29 22:00:00,99987.16136916417
2026-05-29 23:00:00,99970.95362461665
2026-05-30 00:00:00,99962.57426063731
2026-05-30 01:00:00,99977.89120791494
2026-05-30 02:00:00,99994.0621959619
2026-05-30 03:00:00,99998.7208312852
2026-05-30 04:00:00,100015.91213614671
2026-05-30 05:00:00,100034.86502254575
2026-05-30 06:00:00,100034.43840211174
2026-05-30 07:00:00,100052.46278338632
2026-05-30 08:00:00,100060.35467229543
2026-05-30 09:00:00,100058.17749523949
2026-05-30 10:00:00,100062.5245749952
2026-05-30 11:00:00,100053.87590083061
2026-05-30 12:00:00,100049.613284542
2026-05-30 13:00:00,100048.03108242198
2026-05-30 14:00:00,100079.62419957134
2026-05-30 15:00:00,100104.25400711758
2026-05-30 16:00:00,100149.87546476166
2026-05-30 17:00:00,100164.04900318233
2026-05-30 18:00:00,100172.19263506068
2026-05-30 19:00:00,100183.58361799101
2026-05-30 20:00:00,100181.46846085513
2026-05-30 21:00:00,100180.93063039225
2026-05-30 22:00:00,100169.71646253618
2026-05-30 23:00:00,100180.56088730387
2026-05-31 00:00:00,100189.34008665037
2026-05-31 01:00:00,100202.51085537185
2026-05-31 02:00:00,100232.33678474007
2026-05-31 03:00:00,100234.47129673755
2026-05-31 04:00:00,100217.29809740206
2026-05-31 05:00:00,100228.14704750894
2026-05-31 06:00:00,100222.46255860057
2026-05-31 07:00:00,100183.01999170269
2026-05-31 08:00:00,100191.32378867055
2026-05-31 09:00:00,100189.63671144804
2026-05-31 10:00:00,100189.91273461655
2026-05-31 11:00:00,100192.88414997129
2026-05-31 12:00:00,100200.67159714928
2026-05-31 13:00:00,100209.87105553108
2026-05-31 14:00:00,100188.40803229387
2026-05-31 15:00:00,100185.45299681752
2026-05-31 16:00:00,100157.61339462305
2026-05-31 17:00:00,100157.32727133107
2026-05-31 18:00:00,100143.9844192841
2026-05-31 19:00:00,100138.82190489511
2026-05-31 20:00:00,100148.16793353007
2026-05-31 21:00:00,100151.62668958161
2026-05-31 22:00:00,100153.48114008273
2026-05-31 23:00:00,100167.40802540799
2026-06-01 00:00:00,100170.34282580411
2026-06-01 01:00:00,100124.96489723121
2026-06-01 02:00:00,100162.49271463064
2026-06-01 03:00:00,100147.60350069663
2026-06-01 04:00:00,100124.4285892738
2026-06-01 05:00:00,100122.16089626656
2026-06-01 06:00:00,100116.82271807411
2026-06-01 07:00:00,100090.07361084927
2026-06-01 08:00:00,100100.13674013934
2026-06-01 09:00:00,100162.56220607845
2026-06-01 10:00:00,100145.47231294465
2026-06-01 11:00:00,100123.09076301593
2026-06-01 12:00:00,100065.40797193826
2026-06-01 13:00:00,100069.75520905641
2026-06-01 14:00:00,100046.37048323608
2026-06-01 15:00:00,100018.24947885629
2026-06-01 16:00:00,100043.96018623913
2026-06-01 17:00:00,100021.01259334508
2026-06-01 18:00:00,100013.90190452909
2026-06-01 19:00:00,99995.25063089795
2026-06-01 20:00:00,99980.7772501853
2026-06-01 21:00:00,99975.08570062836
2026-06-01 22:00:00,99983.14696497862
2026-06-01 23:00:00,99969.851372767
2026-06-02 00:00:00,99986.27898712784
2026-06-02 01:00:00,99980.80263143468
2026-06-02 02:00:00,99959.34993188805
2026-06-02 03:00:00,99948.84811413215
2026-06-02 04:00:00,99936.6073775976
2026-06-02 05:00:00,99926.92178351889
2026-06-02 06:00:00,99926.58185168871
2026-06-02 07:00:00,99926.92157789377
2026-06-02 08:00:00,99920.57335813926
2026-06-02 09:00:00,99890.45289476516
2026-06-02 10:00:00,99885.54597653566
2026-06-02 11:00:00,99876.39426786298
2026-06-02 12:00:00,99857.21776780783
2026-06-02 13:00:00,99849.73431891043
2026-06-02 14:00:00,99895.16400371322
2026-06-02 15:00:00,99905.54184939282
2026-06-02 16:00:00,99899.45190198888
2026-06-02 17:00:00,99900.2713840835
2026-06-02 18:00:00,99897.49394480769
2026-06-02 19:00:00,99884.17285861405
2026-06-02 20:00:00,99922.77102144164
2026-06-02 21:00:00,99948.31694321732
2026-06-02 22:00:00,99923.0520007269
2026-06-02 23:00:00,100002.60351970834
2026-06-03 00:00:00,100011.91952882
2026-06-03 01:00:00,100004.35225666045
2026-06-03 02:00:00,100004.36032304837
2026-06-03 03:00:00,99985.88068538983
2026-06-03 04:00:00,99970.38547668155
2026-06-03 05:00:00,99970.7076043282
2026-06-03 06:00:00,99944.26137541223
2026-06-03 07:00:00,99953.19454928736
2026-06-03 08:00:00,99930.6293439713
2026-06-03 09:00:00,99939.17512174734
2026-06-03 10:00:00,99930.54580713545
2026-06-03 11:00:00,99919.53559032961
2026-06-03 12:00:00,99922.70302651766
2026-06-03 13:00:00,99924.77006244648
2026-06-03 14:00:00,99970.52572136775
2026-06-03 15:00:00,99971.56590239366
2026-06-03 16:00:00,99965.52011826725
2026-06-03 17:00:00,99980.97053424107
2026-06-03 18:00:00,99967.9894450069
2026-06-03 19:00:00,100010.78588603639
2026-06-03 20:00:00,100049.79791313199
2026-06-03 21:00:00,99863.47846064658
2026-06-03 22:00:00,99891.49408290899
2026-06-03 23:00:00,99893.2182819069
2026-06-04 00:00:00,99900.44744935127
2026-06-04 01:00:00,99865.49297492675
2026-06-04 02:00:00,99886.29534731605
2026-06-04 03:00:00,99880.51607452348
2026-06-04 04:00:00,99850.28670398396
2026-06-04 05:00:00,99836.75717133035
2026-06-04 06:00:00,99831.46108018816
2026-06-04 07:00:00,99804.82720736002
2026-06-04 08:00:00,99818.94501262606
2026-06-04 09:00:00,99812.2773785432
2026-06-04 10:00:00,99819.10540340799
2026-06-04 11:00:00,99839.7433220066
2026-06-04 12:00:00,99840.53158643893
2026-06-04 13:00:00,99828.81609386089
2026-06-04 14:00:00,99831.84584018517
2026-06-04 15:00:00,99832.43666468978
2026-06-04 16:00:00,99832.93968602439
2026-06-04 17:00:00,99836.78017587533
2026-06-04 18:00:00,99840.86551628173
2026-06-04 19:00:00,99824.28717073733
2026-06-04 20:00:00,99814.54973203629
2026-06-04 21:00:00,99790.50321159033
2026-06-04 22:00:00,99800.97230821116
2026-06-04 23:00:00,99811.281588466
2026-06-05 00:00:00,99814.35847611535
2026-06-05 01:00:00,99832.00744862822
2026-06-05 02:00:00,99825.44351506427
2026-06-05 03:00:00,99813.77196287077
2026-06-05 04:00:00,99802.77043963986
2026-06-05 05:00:00,99725.82483971826
2026-06-05 06:00:00,99663.62296360973
2026-06-05 07:00:00,99649.76309656411
2026-06-05 08:00:00,99649.347063774
2026-06-05 09:00:00,99712.51080728082
2026-06-05 10:00:00,99724.82653828022
2026-06-05 11:00:00,99744.13276316143
2026-06-05 12:00:00,99739.91256835673
2026-06-05 13:00:00,99737.69970260322
2026-06-05 14:00:00,99709.6460195788
2026-06-05 15:00:00,99699.54093551307
2026-06-05 16:00:00,99664.50266647724
2026-06-05 17:00:00,99681.20913310673
2026-06-05 18:00:00,99672.14097040401
2026-06-05 19:00:00,99650.69321419507
2026-06-05 20:00:00,99614.10613188107
2026-06-05 21:00:00,99608.25481650041
2026-06-05 22:00:00,99585.07307130638
2026-06-05 23:00:00,99587.62424765437
2026-06-06 00:00:00,99624.37926257141
2026-06-06 01:00:00,99611.36358448026
2026-06-06 02:00:00,99599.9161285387
2026-06-06 03:00:00,99574.23934244245
2026-06-06 04:00:00,99477.10359254872
2026-06-06 05:00:00,99572.11076799744
2026-06-06 06:00:00,99565.18667596238
2026-06-06 07:00:00,99597.47986763355
2026-06-06 08:00:00,99601.09405805095
2026-06-06 09:00:00,99580.4760018605
2026-06-06 10:00:00,99552.56888866363
2026-06-06 11:00:00,99562.24462046976
2026-06-06 12:00:00,99583.53866282338
2026-06-06 13:00:00,99585.72956298437
2026-06-06 14:00:00,99601.32317141742
2026-06-06 15:00:00,99595.17734795657
2026-06-06 16:00:00,99592.77902761639
2026-06-06 17:00:00,99569.92908519482
2026-06-06 18:00:00,99574.59637913127
2026-06-06 19:00:00,99563.4705387057
2026-06-06 20:00:00,99568.91887373681
2026-06-06 21:00:00,99572.77658849058
2026-06-06 22:00:00,99574.74662907164
2026-06-06 23:00:00,99566.48317699424
2026-06-07 00:00:00,99567.00234464234
2026-06-07 01:00:00,99583.52600332108
2026-06-07 02:00:00,99582.02532653813
2026-06-07 03:00:00,99577.19468187036
2026-06-07 04:00:00,99569.43085677877
2026-06-07 05:00:00,99607.19335299941
2026-06-07 06:00:00,99603.1370902302
2026-06-07 07:00:00,99601.75023469923
2026-06-07 08:00:00,99667.8159669212
2026-06-07 09:00:00,99652.13479684854
2026-06-07 10:00:00,99633.64482632228
2026-06-07 11:00:00,99623.66195039304
2026-06-07 12:00:00,99637.82165192247
2026-06-07 13:00:00,99646.58021618666
2026-06-07 14:00:00,99657.4310143111
2026-06-07 15:00:00,99648.30804129007
2026-06-07 16:00:00,99671.7380169272
2026-06-07 17:00:00,99687.89232233107
2026-06-07 18:00:00,99683.00888880757
2026-06-07 19:00:00,99673.78817102303
2026-06-07 20:00:00,99667.72112289938
2026-06-07 21:00:00,99657.51168062475
2026-06-07 22:00:00,99644.57545773107
2026-06-07 23:00:00,99607.42978781536
2026-06-08 00:00:00,99595.99263692464
2026-06-08 01:00:00,99610.84191985289
2026-06-08 02:00:00,99605.0274029398
2026-06-08 03:00:00,99593.56854174727
2026-06-08 04:00:00,99556.00997755122
2026-06-08 05:00:00,99527.05306106129
2026-06-08 06:00:00,99533.56931220405
2026-06-08 07:00:00,99525.12051357281
2026-06-08 08:00:00,99501.26156195873
2026-06-08 09:00:00,99512.66134584164
2026-06-08 10:00:00,99526.51769581424
2026-06-08 11:00:00,99537.7652167406
2026-06-08 12:00:00,99529.16779635691
2026-06-08 13:00:00,99539.38228308104
2026-06-08 14:00:00,99540.64654235476
2026-06-08 15:00:00,99544.02428706175
2026-06-08 16:00:00,99550.55994560223
2026-06-08 17:00:00,99563.12162308049
2026-06-08 18:00:00,99567.58071409786
2026-06-08 19:00:00,99577.27383297663
2026-06-08 20:00:00,99560.0739834335
2026-06-08 21:00:00,99550.02980244903
2026-06-08 22:00:00,99538.25669477206
2026-06-08 23:00:00,99542.7863482517
2026-06-09 00:00:00,99617.90512966354
2026-06-09 01:00:00,99590.13461774246
2026-06-09 02:00:00,99613.50570048993
2026-06-09 03:00:00,99611.0302144922
2026-06-09 04:00:00,99562.78144981389
2026-06-09 05:00:00,99574.67002444153
2026-06-09 06:00:00,99588.17319615824
2026-06-09 07:00:00,99601.95187250916
2026-06-09 08:00:00,99601.88887964615
2026-06-09 09:00:00,99589.7724602099
2026-06-09 10:00:00,99565.99069645506
2026-06-09 11:00:00,99562.91513981587
2026-06-09 12:00:00,99549.45746911844
2026-06-09 13:00:00,99555.69168082452
2026-06-09 14:00:00,99552.1279587739
2026-06-09 15:00:00,99561.8344677883
2026-06-09 16:00:00,99619.4308983152
2026-06-09 17:00:00,99605.1853970188
2026-06-09 18:00:00,99562.54361989266
2026-06-09 19:00:00,99573.77107566694
2026-06-09 20:00:00,99564.84962809688
2026-06-09 21:00:00,99577.00006776206
2026-06-09 22:00:00,99616.88265701884
2026-06-09 23:00:00,99624.18377450682
2026-06-10 00:00:00,99600.81811243886
2026-06-10 01:00:00,99593.66351186123
2026-06-10 02:00:00,99611.45534184581
2026-06-10 03:00:00,99601.17403091434
2026-06-10 04:00:00,99593.58833585534
2026-06-10 05:00:00,99587.1085028035
2026-06-10 06:00:00,99576.48857194836
2026-06-10 07:00:00,99566.31440414231
2026-06-10 08:00:00,99607.43306138796
2026-06-10 09:00:00,99608.46117913465
2026-06-10 10:00:00,99600.58913401281
2026-06-10 11:00:00,99599.41076277256
2026-06-10 12:00:00,99606.63833910869
2026-06-10 13:00:00,99587.49755831569
2026-06-10 14:00:00,99584.60560846824
2026-06-10 15:00:00,99577.4889435327
2026-06-10 16:00:00,99582.7324844463
2026-06-10 17:00:00,99602.38307669298
2026-06-10 18:00:00,99604.52373772404
2026-06-10 19:00:00,99588.50789198691
2026-06-10 20:00:00,99596.10775647205
2026-06-10 21:00:00,99613.63666299905
2026-06-10 22:00:00,99620.88828253251
2026-06-10 23:00:00,99617.1009675388
2026-06-11 00:00:00,99605.94588706692
2026-06-11 01:00:00,99595.88851024973
2026-06-11 02:00:00,99595.39921694389
2026-06-11 03:00:00,99582.64574797153
2026-06-11 04:00:00,99580.7429618746
2026-06-11 05:00:00,99569.83453461478
2026-06-11 06:00:00,99569.770502192
2026-06-11 07:00:00,99586.70559777331
2026-06-11 08:00:00,99591.92561490375
2026-06-11 09:00:00,99578.39087275755
2026-06-11 10:00:00,99561.76045567352
2026-06-11 11:00:00,99563.04821915763
2026-06-11 12:00:00,99528.48100582858
2026-06-11 13:00:00,99535.9894294501
2026-06-11 14:00:00,99541.93836796877
2026-06-11 15:00:00,99542.01348883568
2026-06-11 16:00:00,99541.77958703664
2026-06-11 17:00:00,99582.88956880588
2026-06-11 18:00:00,99589.27932035684
2026-06-11 19:00:00,99598.97340469414
2026-06-11 20:00:00,99595.52922126907
2026-06-11 21:00:00,99598.80418451602
2026-06-11 22:00:00,99606.41378208854
2026-06-11 23:00:00,99614.41452234378
2026-06-12 00:00:00,99606.8122431696
2026-06-12 01:00:00,99608.36289605696
2026-06-12 02:00:00,99614.56094833642
2026-06-12 03:00:00,99606.65112750091
2026-06-12 04:00:00,99603.95275864656
2026-06-12 05:00:00,99610.53384162058
2026-06-12 06:00:00,99602.64406136784
2026-06-12 07:00:00,99606.17289931935
2026-06-12 08:00:00,99617.84187531708
2026-06-12 09:00:00,99612.90656432949
2026-06-12 10:00:00,99611.06905415293
2026-06-12 11:00:00,99608.53257045652
2026-06-12 12:00:00,99618.19254180175
2026-06-12 13:00:00,99624.04419001556
2026-06-12 14:00:00,99610.54013361208
2026-06-12 15:00:00,99592.01127676772
2026-06-12 16:00:00,99594.40903267582
2026-06-12 17:00:00,99586.70734325513
2026-06-12 18:00:00,99596.15701066969
2026-06-12 19:00:00,99599.51483689118
2026-06-12 20:00:00,99616.22967036458
2026-06-12 21:00:00,99608.48189438923
2026-06-12 22:00:00,99601.7050605043
2026-06-12 23:00:00,99605.61455879523
2026-06-13 00:00:00,99614.23355218103
2026-06-13 01:00:00,99602.4485171059
2026-06-13 02:00:00,99596.43828253043
2026-06-13 03:00:00,99589.1054012653
2026-06-13 04:00:00,99586.56335666937
2026-06-13 05:00:00,99585.36121246371
2026-06-13 06:00:00,99592.3537710969
2026-06-13 07:00:00,99589.61746952712
2026-06-13 08:00:00,99600.3601961076
2026-06-13 09:00:00,99603.54919669408
2026-06-13 10:00:00,99607.42276174204
2026-06-13 11:00:00,99612.34046407393
2026-06-13 12:00:00,99624.91303993805
2026-06-13 13:00:00,99622.14702586636
2026-06-13 14:00:00,99631.27430514699
2026-06-13 15:00:00,99628.02786285938
2026-06-13 16:00:00,99619.4254386327
2026-06-13 17:00:00,99611.14284308105
2026-06-13 18:00:00,99604.00135949053
2026-06-13 19:00:00,99605.33480931584
2026-06-13 20:00:00,99598.51609083757
2026-06-13 21:00:00,99608.33796140773
2026-06-13 22:00:00,99593.17430259407
2026-06-13 23:00:00,99595.94891541544
2026-06-14 00:00:00,99580.40000487391
2026-06-14 01:00:00,99589.36263073357
2026-06-14 02:00:00,99595.58269174652
2026-06-14 03:00:00,99594.4646995444
2026-06-14 04:00:00,99596.35679806663
2026-06-14 05:00:00,99601.68990258782
2026-06-14 06:00:00,99607.05577905108
2026-06-14 07:00:00,99583.44882941169
2026-06-14 08:00:00,99578.52717968327
2026-06-14 09:00:00,99576.91215280903
2026-06-14 10:00:00,99563.4042960436
2026-06-14 11:00:00,99563.15167270553
2026-06-14 12:00:00,99562.0316939943
2026-06-14 13:00:00,99562.43586834223
2026-06-14 14:00:00,99550.59120343128
2026-06-14 15:00:00,99566.35371011296
2026-06-14 16:00:00,99567.90728747255
2026-06-14 17:00:00,99580.69446066098
2026-06-14 18:00:00,99575.07800196866
2026-06-14 19:00:00,99582.52866253282
2026-06-14 20:00:00,99581.46864483054
2026-06-14 21:00:00,99629.8695917864
2026-06-14 22:00:00,99631.15287162573
2026-06-14 23:00:00,99639.54635757298
2026-06-15 00:00:00,99635.3341331883
2026-06-15 01:00:00,99627.38509173329
2026-06-15 02:00:00,99643.19114188716
2026-06-15 03:00:00,99602.4584439227
2026-06-15 04:00:00,99602.99889881433
2026-06-15 05:00:00,99603.79824188558
2026-06-15 06:00:00,99611.0015612314
2026-06-15 07:00:00,99610.46702436305
2026-06-15 08:00:00,99608.38668200366
2026-06-15 09:00:00,99603.00458357602
2026-06-15 10:00:00,99588.83313619783
2026-06-15 11:00:00,99519.52164480751
2026-06-15 12:00:00,99501.15324684817
2026-06-15 13:00:00,99358.4978438606
2026-06-15 14:00:00,99354.77487881413
2026-06-15 15:00:00,99304.79602043073
2026-06-15 16:00:00,99313.427647351
2026-06-15 17:00:00,99341.51683532442
2026-06-15 18:00:00,99330.16405946937
2026-06-15 19:00:00,99345.17022395028
2026-06-15 20:00:00,99345.70890976068
2026-06-15 21:00:00,99344.35549865357
2026-06-15 22:00:00,99391.65227381962
2026-06-15 23:00:00,99384.59789400376
2026-06-16 00:00:00,99404.16396404957
2026-06-16 01:00:00,99389.97152308446
2026-06-16 02:00:00,99417.8285562736
2026-06-16 03:00:00,99421.69070458076
2026-06-16 04:00:00,99439.55408292683
2026-06-16 05:00:00,99443.51095045444
2026-06-16 06:00:00,99439.45672863639
2026-06-16 07:00:00,99449.49297755957
2026-06-16 08:00:00,99432.76904150283
2026-06-16 09:00:00,99432.51101381166
2026-06-16 10:00:00,99415.22277017425
2026-06-16 11:00:00,99408.41315534692
2026-06-16 12:00:00,99388.58420946063
2026-06-16 13:00:00,99379.33329611992
2026-06-16 14:00:00,99399.96919694422
2026-06-16 15:00:00,99413.84784588522
2026-06-16 16:00:00,99413.53365141602
2026-06-16 17:00:00,99382.69957519886
2026-06-16 18:00:00,99371.65454936297
2026-06-16 19:00:00,99372.05048711262
2026-06-16 20:00:00,99384.50219880928
2026-06-16 21:00:00,99375.58597293182
2026-06-16 22:00:00,99368.53535709808
2026-06-16 23:00:00,99361.96518555042
2026-06-17 00:00:00,99352.78333857023
2026-06-17 01:00:00,99376.8685703531
2026-06-17 02:00:00,99379.45682817696
2026-06-17 03:00:00,99371.0625020008
2026-06-17 04:00:00,99387.13013106836
2026-06-17 05:00:00,99381.29312937381
2026-06-17 06:00:00,99377.2522324659
2026-06-17 07:00:00,99389.67777885779
2026-06-17 08:00:00,99402.12318717841
2026-06-17 09:00:00,99369.91645619406
2026-06-17 10:00:00,99375.29365311495
2026-06-17 11:00:00,99400.17337352817
2026-06-17 12:00:00,99462.98169627284
2026-06-17 13:00:00,99463.77150334933
2026-06-17 14:00:00,99453.02815790888
2026-06-17 15:00:00,99455.2407618622
2026-06-17 16:00:00,99451.51591987177
2026-06-17 17:00:00,99445.63238846161
2026-06-17 18:00:00,99468.57685131714
2026-06-17 19:00:00,99455.68928321535
2026-06-17 20:00:00,99432.932463031
2026-06-17 21:00:00,99437.27057139184
2026-06-17 22:00:00,99435.72854487652
2026-06-17 23:00:00,99419.21572394753
2026-06-18 00:00:00,99416.00482096174
2026-06-18 01:00:00,99407.36632535719
2026-06-18 02:00:00,99420.86454953988
2026-06-18 03:00:00,99403.03179392072
2026-06-18 04:00:00,99393.42481020783
2026-06-18 05:00:00,99384.07773498746
2026-06-18 06:00:00,99379.85828976681
2026-06-18 07:00:00,99357.48923971596
2026-06-18 08:00:00,99376.84222150542
2026-06-18 09:00:00,99383.60294062419
2026-06-18 10:00:00,99368.7929207339
2026-06-18 11:00:00,99358.63373538738
2026-06-18 12:00:00,99362.67170346872
2026-06-18 13:00:00,99372.03156430669
2026-06-18 14:00:00,99375.50742537137
2026-06-18 15:00:00,99356.19158902837
2026-06-18 16:00:00,99377.014050063
2026-06-18 17:00:00,99368.90783818005
2026-06-18 18:00:00,99356.73001743929
2026-06-18 19:00:00,99354.85945790647
2026-06-18 20:00:00,99362.8917288878
2026-06-18 21:00:00,99360.07077076321
2026-06-18 22:00:00,99358.01212082806
2026-06-18 23:00:00,99356.65789770144
2026-06-19 00:00:00,99357.77021014718
2026-06-19 01:00:00,99374.95920645134
2026-06-19 02:00:00,99377.390760256
2026-06-19 03:00:00,99358.93201163775
2026-06-19 04:00:00,99331.85588995524
2026-06-19 05:00:00,99336.79562357953
2026-06-19 06:00:00,99321.64375768545
2026-06-19 07:00:00,99327.79435384399
2026-06-19 08:00:00,99333.18020334523
2026-06-19 09:00:00,99329.84556750914
2026-06-19 10:00:00,99324.8688667413
2026-06-19 11:00:00,99321.56836098272
2026-06-19 12:00:00,99331.83781067855
2026-06-19 13:00:00,99338.3096206427
2026-06-19 14:00:00,99327.75221376216
2026-06-19 15:00:00,99338.05383279739
2026-06-19 16:00:00,99335.88537186931
2026-06-19 17:00:00,99347.91850133655
2026-06-19 18:00:00,99342.42973714696
2026-06-19 19:00:00,99348.19349301979
2026-06-19 20:00:00,99345.37762672319
2026-06-19 21:00:00,99347.48998032375
2026-06-19 22:00:00,99345.89791109646
2026-06-19 23:00:00,99346.76962237054
2026-06-20 00:00:00,99334.18503767987
2026-06-20 01:00:00,99336.8335846036
2026-06-20 02:00:00,99348.9956581723
2026-06-20 03:00:00,99352.25625018893
2026-06-20 04:00:00,99381.23692639776
2026-06-20 05:00:00,99421.71460526915
2026-06-20 06:00:00,99448.97745884901
2026-06-20 07:00:00,99438.01509045756
2026-06-20 08:00:00,99433.31560975258
2026-06-20 09:00:00,99429.83966554578
2026-06-20 10:00:00,99434.56092903715
2026-06-20 11:00:00,99435.29080050079
2026-06-20 12:00:00,99429.0684401703
2026-06-20 13:00:00,99432.22832397543
2026-06-20 14:00:00,99418.89328896374
2026-06-20 15:00:00,99408.0121054939
2026-06-20 16:00:00,99408.47714618503
2026-06-20 17:00:00,99416.27426551674
2026-06-20 18:00:00,99425.46321769594
2026-06-20 19:00:00,99422.71514851131
2026-06-20 20:00:00,99428.31829376012
2026-06-20 21:00:00,99433.43735044781
2026-06-20 22:00:00,99460.35163925384
2026-06-20 23:00:00,99450.48778347424
2026-06-21 00:00:00,99452.23517047975
2026-06-21 01:00:00,99464.15425819388
2026-06-21 02:00:00,99471.83778489513
2026-06-21 03:00:00,99466.03175833361
2026-06-21 04:00:00,99465.16777175713
2026-06-21 05:00:00,99457.65994736998
2026-06-21 06:00:00,99463.55976891423
2026-06-21 07:00:00,99474.08175785685
2026-06-21 08:00:00,99479.46725819154
2026-06-21 09:00:00,99499.49994750522
2026-06-21 10:00:00,99473.9569571166
2026-06-21 11:00:00,99454.8995310395
2026-06-21 12:00:00,99463.03644667998
2026-06-21 13:00:00,99484.40620365852
2026-06-21 14:00:00,99502.85605978181
2026-06-21 15:00:00,99497.85069011655
2026-06-21 16:00:00,99511.08255050388
2026-06-21 17:00:00,99510.39745598838
2026-06-21 18:00:00,99506.57071790587
2026-06-21 19:00:00,99517.13625248348
2026-06-21 20:00:00,99499.78300446257
2026-06-21 21:00:00,99492.05662278399
2026-06-21 22:00:00,99489.58696468451
2026-06-21 23:00:00,99490.06663876813
2026-06-22 00:00:00,99483.8124697508
2026-06-22 01:00:00,99495.02269187917
2026-06-22 02:00:00,99485.41542879047
2026-06-22 03:00:00,99491.63755158408
2026-06-22 04:00:00,99492.45518825516
2026-06-22 05:00:00,99498.56402860157
2026-06-22 06:00:00,99493.18469213073
2026-06-22 07:00:00,99485.0577839117
2026-06-22 08:00:00,99465.44116822309
2026-06-22 09:00:00,99467.7423152201
2026-06-22 10:00:00,99449.88006705858
2026-06-22 11:00:00,99421.85821197917
2026-06-22 12:00:00,99470.70579731042
2026-06-22 13:00:00,99459.13680718183
2026-06-22 14:00:00,99442.70466498578
2026-06-22 15:00:00,99435.12643319654
2026-06-22 16:00:00,99429.1638692154
2026-06-22 17:00:00,99460.48399307161
2026-06-22 18:00:00,99448.83349090173
2026-06-22 19:00:00,99430.97332095653
2026-06-22 20:00:00,99436.75085042726
2026-06-22 21:00:00,99442.41145407777
2026-06-22 22:00:00,99444.22408571819
2026-06-22 23:00:00,99427.81465438304
2026-06-23 00:00:00,99420.03942450344
2026-06-23 01:00:00,99409.89109798618
2026-06-23 02:00:00,99426.17479980426
2026-06-23 03:00:00,99433.71549827313
2026-06-23 04:00:00,99426.88670779494
2026-06-23 05:00:00,99421.60156453277
2026-06-23 06:00:00,99428.67932125837
2026-06-23 07:00:00,99422.03426607043
2026-06-23 08:00:00,99353.87302929872
2026-06-23 09:00:00,99355.85981278146
2026-06-23 10:00:00,99361.5869139565
2026-06-23 11:00:00,99375.39003048783
2026-06-23 12:00:00,99392.45209537035
2026-06-23 13:00:00,99402.37008093434
2026-06-23 14:00:00,99394.10667624403
2026-06-23 15:00:00,99386.27445435496
2026-06-23 16:00:00,99371.18136438366
2026-06-23 17:00:00,99388.24649807556
2026-06-23 18:00:00,99391.27790354048
2026-06-23 19:00:00,99384.95976594341
2026-06-23 20:00:00,99382.32072101317
2026-06-23 21:00:00,99389.79539377337
2026-06-23 22:00:00,99396.76597535178
2026-06-23 23:00:00,99393.47551160998
2026-06-24 00:00:00,99388.86810710176
2026-06-24 01:00:00,99412.13127556494
2026-06-24 02:00:00,99395.76461751499
2026-06-24 03:00:00,99401.10014469453
2026-06-24 04:00:00,99411.02793875938
2026-06-24 05:00:00,99428.12139108017
2026-06-24 06:00:00,99426.80572507656
2026-06-24 07:00:00,99416.50908693233
2026-06-24 08:00:00,99409.38267165828
2026-06-24 09:00:00,99413.18355927977
2026-06-24 10:00:00,99436.59004387833
2026-06-24 11:00:00,99444.97874494005
2026-06-24 12:00:00,99443.01516189946
2026-06-24 13:00:00,99470.56853902664
2026-06-24 14:00:00,99459.81775527145
2026-06-24 15:00:00,99453.08457902788
2026-06-24 16:00:00,99461.06326925167
2026-06-24 17:00:00,99449.00786595716
2026-06-24 18:00:00,99484.1705095648
2026-06-24 19:00:00,99488.94529715042
2026-06-24 20:00:00,99500.26095850844
2026-06-24 21:00:00,99510.39573543967
2026-06-24 22:00:00,99520.33637027304
2026-06-24 23:00:00,99523.29736517294
2026-06-25 00:00:00,99513.853771096
2026-06-25 01:00:00,99523.7757761489
2026-06-25 02:00:00,99532.31264369779
2026-06-25 03:00:00,99525.57329386
2026-06-25 04:00:00,99525.2014583259
2026-06-25 05:00:00,99535.0869697035
2026-06-25 06:00:00,99542.98842943273
2026-06-25 07:00:00,99532.61126205888
2026-06-25 08:00:00,99531.5650987952
2026-06-25 09:00:00,99520.87597753765
2026-06-25 10:00:00,99516.51516034658
2026-06-25 11:00:00,99510.59889140178
2026-06-25 12:00:00,99511.25991281524
2026-06-25 13:00:00,99537.59879236731
2026-06-25 14:00:00,99582.97176470149
2026-06-25 15:00:00,99576.74254088807
2026-06-25 16:00:00,99586.92764550092
2026-06-25 17:00:00,99604.74193157353
2026-06-25 18:00:00,99582.2908092642
2026-06-25 19:00:00,99586.66122192096
2026-06-25 20:00:00,99592.21606292647
2026-06-25 21:00:00,99600.55818326137
2026-06-25 22:00:00,99615.85852185069
2026-06-25 23:00:00,99637.48581890472
2026-06-26 00:00:00,99652.13684238617
2026-06-26 01:00:00,99658.79021531768
2026-06-26 02:00:00,99669.03316706997
2026-06-26 03:00:00,99673.49317366348
2026-06-26 04:00:00,99659.28718697524
2026-06-26 05:00:00,99677.71800909677
2026-06-26 06:00:00,99730.67930142322
2026-06-26 07:00:00,99780.29380901348
2026-06-26 08:00:00,99760.7372302922
2026-06-26 09:00:00,99745.54733562918
2026-06-26 10:00:00,99787.86887654258
2026-06-26 11:00:00,99738.89481737075
2026-06-26 12:00:00,99753.25492379739
2026-06-26 13:00:00,99782.03311475397
2026-06-26 14:00:00,99804.39905146322
2026-06-26 15:00:00,99825.46412146611
2026-06-26 16:00:00,99867.34835416822
2026-06-26 17:00:00,99867.00589866708
2026-06-26 18:00:00,99890.16500311575
2026-06-26 19:00:00,99902.53485873624
2026-06-26 20:00:00,99874.0926487816
2026-06-26 21:00:00,99864.85898311132
2026-06-26 22:00:00,99848.69596450106
2026-06-26 23:00:00,99844.19698596519
2026-06-27 00:00:00,99846.44892187337
2026-06-27 01:00:00,99829.50645103607
2026-06-27 02:00:00,99836.95676009389
2026-06-27 03:00:00,99841.54436993942
2026-06-27 04:00:00,99823.48044532874
2026-06-27 05:00:00,99824.49682551462
2026-06-27 06:00:00,99823.46701209332
2026-06-27 07:00:00,99817.89791962353
2026-06-27 08:00:00,99813.78425922903
2026-06-27 09:00:00,99807.98773730182
2026-06-27 10:00:00,99811.96696561744
2026-06-27 11:00:00,99799.98668761025
2026-06-27 12:00:00,99811.9841640559
2026-06-27 13:00:00,99801.15013345273
2026-06-27 14:00:00,99809.86639306201
2026-06-27 15:00:00,99791.59454270352
2026-06-27 16:00:00,99788.4914117603
2026-06-27 17:00:00,99790.60807976247
2026-06-27 18:00:00,99774.79892968883
2026-06-27 19:00:00,99773.66433694164
2026-06-27 20:00:00,99773.08613012145
2026-06-27 21:00:00,99765.18359883186
2026-06-27 22:00:00,99769.38506686049
2026-06-27 23:00:00,99756.83450608309
2026-06-28 00:00:00,99761.48659868713
2026-06-28 01:00:00,99762.29732704064
2026-06-28 02:00:00,99764.76080406929
2026-06-28 03:00:00,99767.95666122844
2026-06-28 04:00:00,99760.00825847557
2026-06-28 05:00:00,99761.4080037446
2026-06-28 06:00:00,99755.48894194714
2026-06-28 07:00:00,99762.60073920533
2026-06-28 08:00:00,99781.3520437308
2026-06-28 09:00:00,99767.57417718461
2026-06-28 10:00:00,99771.89698424329
2026-06-28 11:00:00,99780.46899061473
2026-06-28 12:00:00,99777.0292563596
2026-06-28 13:00:00,99781.2575979213
2026-06-28 14:00:00,99775.36302213307
2026-06-28 15:00:00,99795.43806979361
2026-06-28 16:00:00,99788.4119476046
2026-06-28 17:00:00,99791.13909093328
2026-06-28 18:00:00,99786.76690604902
2026-06-28 19:00:00,99763.85873191923
2026-06-28 20:00:00,99756.81387787602
2026-06-28 21:00:00,99759.56079834374
2026-06-28 22:00:00,99770.2681593375
2026-06-28 23:00:00,99782.20316139515
2026-06-29 00:00:00,99793.62821716
2026-06-29 01:00:00,99802.02528104902
2026-06-29 02:00:00,99807.11962019622
2026-06-29 03:00:00,99805.85557955073
2026-06-29 04:00:00,99777.7370824097
2026-06-29 05:00:00,99785.60205486632
2026-06-29 06:00:00,99792.57345058743
2026-06-29 07:00:00,99808.1706556179
2026-06-29 08:00:00,99824.31033157346
2026-06-29 09:00:00,99820.55986043306
2026-06-29 10:00:00,99827.02276792157
2026-06-29 11:00:00,99799.57531466441
2026-06-29 12:00:00,99833.7956026851
2026-06-29 13:00:00,99845.78848130257
2026-06-29 14:00:00,99837.8732835313
2026-06-29 15:00:00,99844.59936946031
2026-06-29 16:00:00,99843.52824141843
2026-06-29 17:00:00,99697.24418028354
2026-06-29 18:00:00,99707.30892505775
2026-06-29 19:00:00,99689.59726421231
2026-06-29 20:00:00,99714.57580317536
2026-06-29 21:00:00,99727.38702748451
2026-06-29 22:00:00,99749.05129575492
2026-06-29 23:00:00,99735.10073627008
2026-06-30 00:00:00,99770.02950733433
2026-06-30 01:00:00,99779.13091699878
2026-06-30 02:00:00,99803.82114940335
2026-06-30 03:00:00,99778.66848292487
2026-06-30 04:00:00,99751.9482773092
2026-06-30 05:00:00,99753.44270224676
2026-06-30 06:00:00,99731.47953900666
2026-06-30 07:00:00,99732.49931145948
2026-06-30 08:00:00,99734.86106719934
2026-06-30 09:00:00,99739.69398056938
2026-06-30 10:00:00,99739.29790126589
2026-06-30 11:00:00,99746.24379954416
2026-06-30 12:00:00,99757.98368831293
2026-06-30 13:00:00,99764.24806711984
2026-06-30 14:00:00,99761.60761916214
2026-06-30 15:00:00,99763.70213623146
2026-06-30 16:00:00,99756.01597034885
2026-06-30 17:00:00,99753.99205953334
2026-06-30 18:00:00,99744.59485032111
2026-06-30 19:00:00,99745.77200859317
2026-06-30 20:00:00,99749.94760370026
2026-06-30 21:00:00,99748.65832670084
2026-06-30 22:00:00,99754.27360757295
2026-06-30 23:00:00,99763.34876700673
2026-07-01 00:00:00,99769.98188889127
2026-07-01 01:00:00,99765.97852197768
2026-07-01 02:00:00,99777.51845623885
2026-07-01 03:00:00,99772.35987813883
2026-07-01 04:00:00,99762.81216301613
2026-07-01 05:00:00,99767.99809988432
2026-07-01 06:00:00,99771.67154197692
2026-07-01 07:00:00,99786.12173535234
2026-07-01 08:00:00,99792.2420837471
2026-07-01 09:00:00,99789.72788697692
2026-07-01 10:00:00,99786.40910590377
2026-07-01 11:00:00,99792.59382468447
2026-07-01 12:00:00,99788.03566962865
2026-07-01 13:00:00,99794.07083458069
2026-07-01 14:00:00,99813.10556199665
2026-07-01 15:00:00,99790.25660381342
2026-07-01 16:00:00,99784.43257331922
2026-07-01 17:00:00,99788.49779601049
2026-07-01 18:00:00,99803.45576897921
2026-07-01 19:00:00,99760.65261605567
2026-07-01 20:00:00,99796.67114642885
2026-07-01 21:00:00,99818.14557594196
2026-07-01 22:00:00,99821.22730583188
2026-07-01 23:00:00,99830.93861615536
2026-07-02 00:00:00,99830.96273241723
2026-07-02 01:00:00,99804.8101261896
2026-07-02 02:00:00,99830.18118481143
2026-07-02 03:00:00,99813.84344832158
2026-07-02 04:00:00,99804.24184582332
2026-07-02 05:00:00,99804.3406726259
2026-07-02 06:00:00,99806.9166880844
2026-07-02 07:00:00,99810.32989489536
2026-07-02 08:00:00,99808.9326263338
2026-07-02 09:00:00,99806.94047949661
2026-07-02 10:00:00,99865.13668860157
2026-07-02 11:00:00,99862.95657829379
2026-07-02 12:00:00,99787.57566965286
2026-07-02 13:00:00,99607.08961285213
2026-07-02 14:00:00,99602.96267420145
2026-07-02 15:00:00,99619.94487800506
2026-07-02 16:00:00,99610.74541002033
2026-07-02 17:00:00,99633.3041582705
2026-07-02 18:00:00,99631.36744925374
2026-07-02 19:00:00,99606.60663920264
2026-07-02 20:00:00,99599.12207247384
2026-07-02 21:00:00,99622.33642535108
2026-07-02 22:00:00,99617.98041013224
2026-07-02 23:00:00,99608.50098730842
2026-07-03 00:00:00,99599.93524375668
2026-07-03 01:00:00,99569.30982380651
2026-07-03 02:00:00,99565.86492678858
2026-07-03 03:00:00,99556.90324577712
2026-07-03 04:00:00,99568.74126808759
2026-07-03 05:00:00,99557.92930474316
2026-07-03 06:00:00,99552.80931559055
2026-07-03 07:00:00,99557.03141272135
2026-07-03 08:00:00,99514.7718059205
2026-07-03 09:00:00,99503.26044825937
2026-07-03 10:00:00,99458.12155185065
2026-07-03 11:00:00,99467.64209976018
2026-07-03 12:00:00,99496.03835319082
2026-07-03 13:00:00,99454.36804962927
2026-07-03 14:00:00,99516.87854920467
2026-07-03 15:00:00,99499.44438548146
2026-07-03 16:00:00,99516.7024040177
2026-07-03 17:00:00,99509.83720643337
2026-07-03 18:00:00,99516.08343598974
2026-07-03 19:00:00,99492.43412547525
2026-07-03 20:00:00,99462.8105812829
2026-07-03 21:00:00,99464.02130428514
2026-07-03 22:00:00,99464.90481453425
2026-07-03 23:00:00,99459.6711776224
2026-07-04 00:00:00,99468.76688333158
2026-07-04 01:00:00,99469.05605425543
2026-07-04 02:00:00,99476.35272365861
2026-07-04 03:00:00,99488.53294734588
2026-07-04 04:00:00,99498.39861664394
2026-07-04 05:00:00,99502.22661341779
2026-07-04 06:00:00,99486.48065925924
2026-07-04 07:00:00,99490.80780004719
2026-07-04 08:00:00,99449.09148266625
2026-07-04 09:00:00,99446.51377858264
2026-07-04 10:00:00,99445.7526357565
2026-07-04 11:00:00,99451.22524034212
2026-07-04 12:00:00,99437.4235520057
2026-07-04 13:00:00,99436.71231474793
2026-07-04 14:00:00,99427.9767684389
2026-07-04 15:00:00,99415.2867497658
2026-07-04 16:00:00,99424.35735945647
2026-07-04 17:00:00,99418.06044135687
2026-07-04 18:00:00,99421.28373406008
2026-07-04 19:00:00,99421.35602908769
2026-07-04 20:00:00,99439.59074008415
2026-07-04 21:00:00,99433.51749499956
2026-07-04 22:00:00,99425.17585086114
2026-07-04 23:00:00,99430.63446755332
2026-07-05 00:00:00,99429.91248651622
2026-07-05 01:00:00,99426.12905150109
2026-07-05 02:00:00,99423.52662626938
2026-07-05 03:00:00,99426.85352366041
2026-07-05 04:00:00,99417.21844953815
2026-07-05 05:00:00,99412.36703725433
2026-07-05 06:00:00,99419.2926404081
2026-07-05 07:00:00,99407.45478074896
2026-07-05 08:00:00,99388.82877763256
2026-07-05 09:00:00,99389.02131110545
2026-07-05 10:00:00,99398.93861660811
2026-07-05 11:00:00,99387.30452186942
2026-07-05 12:00:00,99363.50026102125
2026-07-05 13:00:00,99367.09474290922
2026-07-05 14:00:00,99376.55161235108
2026-07-05 15:00:00,99376.67203026604
2026-07-05 16:00:00,99377.56444429302
2026-07-05 17:00:00,99378.59071931269
2026-07-05 18:00:00,99364.48153710009
2026-07-05 19:00:00,99367.12305639332
2026-07-05 20:00:00,99373.44221258376
2026-07-05 21:00:00,99376.59721558087
2026-07-05 22:00:00,99334.55398124516
2026-07-05 23:00:00,99324.68453847758
2026-07-06 00:00:00,99360.88295812267
2026-07-06 01:00:00,99347.5607875434
2026-07-06 02:00:00,99347.23221018669
2026-07-06 03:00:00,99344.39408597544
2026-07-06 04:00:00,99348.03943641463
2026-07-06 05:00:00,99346.91651760433
2026-07-06 06:00:00,99346.39329481582
2026-07-06 07:00:00,99347.23941028223
2026-07-06 08:00:00,99337.143896374
2026-07-06 09:00:00,99330.97656846595
2026-07-06 10:00:00,99339.98169538549
2026-07-06 11:00:00,99341.89525806003
2026-07-06 12:00:00,99344.00643177201
2026-07-06 13:00:00,99351.59797005288
2026-07-06 14:00:00,99336.05215627854
2026-07-06 15:00:00,99361.46961670932
2026-07-06 16:00:00,99367.27050601298
2026-07-06 17:00:00,99372.13706426819
2026-07-06 18:00:00,99374.72334442868
2026-07-06 19:00:00,99375.97307046999
2026-07-06 20:00:00,99391.68600265034
2026-07-06 21:00:00,99394.6318112911
2026-07-06 22:00:00,99393.34751880926
2026-07-06 23:00:00,99391.74888165247
2026-07-07 00:00:00,99398.3509016598
2026-07-07 01:00:00,99405.57707049331
2026-07-07 02:00:00,99400.53693230782
2026-07-07 03:00:00,99403.9744135424
2026-07-07 04:00:00,99411.51438047686
2026-07-07 05:00:00,99406.0922238609
2026-07-07 06:00:00,99406.43120143532
2026-07-07 07:00:00,99415.85792516953
2026-07-07 08:00:00,99420.36956253259
2026-07-07 09:00:00,99402.79741782503
2026-07-07 10:00:00,99395.85985560658
2026-07-07 11:00:00,99401.40000780851
2026-07-07 12:00:00,99399.82235141136
2026-07-07 13:00:00,99393.32945884729
2026-07-07 14:00:00,99421.89211980205
2026-07-07 15:00:00,99415.10111509146
2026-07-07 16:00:00,99424.24043816648
2026-07-07 17:00:00,99438.82968386354
2026-07-07 18:00:00,99409.9435194691
2026-07-07 19:00:00,99406.71759947477
2026-07-07 20:00:00,99410.88400320233
2026-07-07 21:00:00,99397.74819236416
2026-07-07 22:00:00,99389.57203850034
2026-07-07 23:00:00,99393.18871670487
2026-07-08 00:00:00,99393.94254427291
2026-07-08 01:00:00,99356.95455462368
2026-07-08 02:00:00,99368.8930968627
2026-07-08 03:00:00,99370.71759297154
2026-07-08 04:00:00,99385.67370015936
2026-07-08 05:00:00,99395.06457565377
2026-07-08 06:00:00,99384.04406489212
2026-07-08 07:00:00,99376.29687911017
2026-07-08 08:00:00,99381.88270432725
2026-07-08 09:00:00,99381.876527626
2026-07-08 10:00:00,99375.84326872733
2026-07-08 11:00:00,99380.50053763924
2026-07-08 12:00:00,99371.9452292037
2026-07-08 13:00:00,99374.28142916298
2026-07-08 14:00:00,99368.77356635671
2026-07-08 15:00:00,99367.20814270049
2026-07-08 16:00:00,99362.04985181242
2026-07-08 17:00:00,99356.91180216517
2026-07-08 18:00:00,99353.5767396423
2026-07-08 19:00:00,99356.6721514868
2026-07-08 20:00:00,99351.15538759725
2026-07-08 21:00:00,99349.69360016537
2026-07-08 22:00:00,99353.4104157671
2026-07-08 23:00:00,99365.2137184476
2026-07-09 00:00:00,99360.6319649313
2026-07-09 01:00:00,99357.34846411122
2026-07-09 02:00:00,99346.46187532942
2026-07-09 03:00:00,99345.08437927048
2026-07-09 04:00:00,99354.7899193717
2026-07-09 05:00:00,99353.14849650161
2026-07-09 06:00:00,99345.60151777214
2026-07-09 07:00:00,99337.1202377366
2026-07-09 08:00:00,99355.42670088094
2026-07-09 09:00:00,99356.41113109495
2026-07-09 10:00:00,99333.07146900552
2026-07-09 11:00:00,99318.81085159072
2026-07-09 12:00:00,99327.31372549625
2026-07-09 13:00:00,99311.63849183734
2026-07-09 14:00:00,99292.98132193711
2026-07-09 15:00:00,99294.55586794816
2026-07-09 16:00:00,99316.47573893834
2026-07-09 17:00:00,99307.29975123826
2026-07-09 18:00:00,99318.77239415135
2026-07-09 19:00:00,99302.39072310725
2026-07-09 20:00:00,99298.70479490503
2026-07-09 21:00:00,99294.63633565385
2026-07-09 22:00:00,99301.80773320794
2026-07-09 23:00:00,99300.32812511499
2026-07-10 00:00:00,99297.96403186988
2026-07-10 01:00:00,99334.77828925778
2026-07-10 02:00:00,99332.1249375488
2026-07-10 03:00:00,99349.4846920129
2026-07-10 04:00:00,99324.89075076213
2026-07-10 05:00:00,99338.41018499027
2026-07-10 06:00:00,99330.51402452406
2026-07-10 07:00:00,99338.29733232621
2026-07-10 08:00:00,99349.76057670388
2026-07-10 09:00:00,99355.37471269898
2026-07-10 10:00:00,99369.2813020773
2026-07-10 11:00:00,99379.38728619773
2026-07-10 12:00:00,99375.88683446233
2026-07-10 13:00:00,99377.04973519624
2026-07-10 14:00:00,99355.42877055408
2026-07-10 15:00:00,99357.58355899125
2026-07-10 16:00:00,99350.52427051091
2026-07-10 17:00:00,99337.04475044488
2026-07-10 18:00:00,99336.35325733983
2026-07-10 19:00:00,99342.30533935809
2026-07-10 20:00:00,99340.43297286329
2026-07-10 21:00:00,99348.206132712
2026-07-10 22:00:00,99351.92303430517
2026-07-10 23:00:00,99356.82518530235
2026-07-11 00:00:00,99346.31132445067
2026-07-11 01:00:00,99342.27759554629
2026-07-11 02:00:00,99344.47870394209
2026-07-11 03:00:00,99343.52507457222
2026-07-11 04:00:00,99346.56404709838
2026-07-11 05:00:00,99351.33500844604
2026-07-11 06:00:00,99350.01417704161
2026-07-11 07:00:00,99346.31767827045
2026-07-11 08:00:00,99342.57724389105
2026-07-11 09:00:00,99335.6814991737
2026-07-11 10:00:00,99335.85653769867
2026-07-11 11:00:00,99339.76672689605
2026-07-11 12:00:00,99337.1464492233
2026-07-11 13:00:00,99336.70138753105
2026-07-11 14:00:00,99333.27986266724
2026-07-11 15:00:00,99314.6676154809
2026-07-11 16:00:00,99287.5951023029
2026-07-11 17:00:00,99294.30693349802
2026-07-11 18:00:00,99286.65253964941
2026-07-11 19:00:00,99293.12195722836
2026-07-11 20:00:00,99299.58975338025
2026-07-11 21:00:00,99301.26151324615
2026-07-11 22:00:00,99311.86125903427
2026-07-11 23:00:00,99330.30814065451
2026-07-12 00:00:00,99332.66138973851
2026-07-12 01:00:00,99353.16181710541
2026-07-12 02:00:00,99356.44708320701
2026-07-12 03:00:00,99357.77032019116
2026-07-12 04:00:00,99353.75583647419
2026-07-12 05:00:00,99349.90279426584
2026-07-12 06:00:00,99348.4994069375
2026-07-12 07:00:00,99355.71692114708
2026-07-12 08:00:00,99359.15245498843
2026-07-12 09:00:00,99352.06606645513
2026-07-12 10:00:00,99346.99153705139
2026-07-12 11:00:00,99333.9699389226
2026-07-12 12:00:00,99331.11520199612
2026-07-12 13:00:00,99335.21732094279
2026-07-12 14:00:00,99343.31915353671
2026-07-12 15:00:00,99336.99041867565
2026-07-12 16:00:00,99337.75914982187
2026-07-12 17:00:00,99344.024961235
2026-07-12 18:00:00,99345.54544025694
2026-07-12 19:00:00,99354.85874808265
2026-07-12 20:00:00,99352.29668702706
2026-07-12 21:00:00,99356.64627296814
2026-07-12 22:00:00,99379.6046354622
2026-07-12 23:00:00,99373.58637768001
2026-07-13 00:00:00,99349.42858371665
2026-07-13 01:00:00,99340.98447397814
2026-07-13 02:00:00,99345.10893693735
2026-07-13 03:00:00,99352.58285967041
2026-07-13 04:00:00,99351.24974033891
2026-07-13 05:00:00,99359.95135755812
2026-07-13 06:00:00,99360.84346676643
2026-07-13 07:00:00,99353.29212435834
2026-07-13 08:00:00,99364.08731223817
2026-07-13 09:00:00,99360.55164167895
2026-07-13 10:00:00,99346.01775518041
2026-07-13 11:00:00,99348.47557719084
2026-07-13 12:00:00,99336.01744579703
2026-07-13 13:00:00,99333.13411022048
2026-07-13 14:00:00,99340.20054595554
2026-07-13 15:00:00,99342.06561187746
2026-07-13 16:00:00,99338.98186007721
2026-07-13 17:00:00,99328.29604081906
2026-07-13 18:00:00,99338.41519258091
2026-07-13 19:00:00,99341.53481513851
2026-07-13 20:00:00,99334.34236291624
2026-07-13 21:00:00,99323.7457063115
2026-07-13 22:00:00,99322.8423047343
2026-07-13 23:00:00,99333.3559221882
2026-07-14 00:00:00,99347.37228006459
2026-07-14 01:00:00,99347.49420944625
2026-07-14 02:00:00,99336.58834875208
2026-07-14 03:00:00,99339.34861136018
2026-07-14 04:00:00,99333.46307863882
2026-07-14 05:00:00,99338.63064620667
2026-07-14 06:00:00,99333.98448888952
2026-07-14 07:00:00,99324.62606428737
2026-07-14 08:00:00,99334.13880334355
2026-07-14 09:00:00,99335.82080327794
2026-07-14 10:00:00,99344.42412506393
2026-07-14 11:00:00,99347.04400002596
2026-07-14 12:00:00,99297.46098117376
2026-07-14 13:00:00,99275.3745539289
2026-07-14 14:00:00,99281.19091571939
2026-07-14 15:00:00,99255.77148981419
2026-07-14 16:00:00,99258.75553159945
2026-07-14 17:00:00,99254.40004403885
2026-07-14 18:00:00,99235.6086675392
2026-07-14 19:00:00,99219.80119399568
2026-07-14 20:00:00,99234.90052338995
2026-07-14 21:00:00,99244.6786919838
2026-07-14 22:00:00,99253.79397684682
2026-07-14 23:00:00,99254.97246235756
2026-07-15 00:00:00,99254.46801839655
2026-07-15 01:00:00,99273.42427468755
2026-07-15 02:00:00,99271.37705713001
2026-07-15 03:00:00,99278.23240301912
2026-07-15 04:00:00,99285.71869482535
2026-07-15 05:00:00,99288.31054454485
2026-07-15 06:00:00,99282.1037761469
2026-07-15 07:00:00,99274.60421612427
2026-07-15 08:00:00,99270.8941543759
2026-07-15 09:00:00,99257.18640019423
2026-07-15 10:00:00,99250.92367685986
2026-07-15 11:00:00,99248.69793198191
2026-07-15 12:00:00,99191.09524994492
2026-07-15 13:00:00,99183.76349081086
2026-07-15 14:00:00,99193.703505667
2026-07-15 15:00:00,99192.47516312415
2026-07-15 16:00:00,99210.35683721503
2026-07-15 17:00:00,99183.4176487396
2026-07-15 18:00:00,99177.52798467912
2026-07-15 19:00:00,99182.73555595509
2026-07-15 20:00:00,99180.29221269362
2026-07-15 21:00:00,99162.83967626754
2026-07-15 22:00:00,99164.51028033115
2026-07-15 23:00:00,99166.74066350273
2026-07-16 00:00:00,99156.76762693803
2026-07-16 01:00:00,99151.8657148995
2026-07-16 02:00:00,99133.03040177262
2026-07-16 03:00:00,99141.28478011333
2026-07-16 04:00:00,99141.11574638668
2026-07-16 05:00:00,99155.41959018914
2026-07-16 06:00:00,99150.96547941337
2026-07-16 07:00:00,99126.89169480017
2026-07-16 08:00:00,99161.05798487875
2026-07-16 09:00:00,99157.3887296668
2026-07-16 10:00:00,99160.36913816925
2026-07-16 11:00:00,99168.9336682189
2026-07-16 12:00:00,99174.78619385569
2026-07-16 13:00:00,99170.50545216518
2026-07-16 14:00:00,99165.48142221592
2026-07-16 15:00:00,99162.63017205354
2026-07-16 16:00:00,99170.16665884326
2026-07-16 17:00:00,99175.41683220198
2026-07-16 18:00:00,99187.21857820678
2026-07-16 19:00:00,99181.83355922729
2026-07-16 20:00:00,99180.10898024519
2026-07-16 21:00:00,99186.4368657012
2026-07-16 22:00:00,99181.88667340468
2026-07-16 23:00:00,99188.50127952077
2026-07-17 00:00:00,99180.84024686622
2026-07-17 01:00:00,99166.67817603252
2026-07-17 02:00:00,99162.04683121359
2026-07-17 03:00:00,99159.30039059803
2026-07-17 04:00:00,99162.95319337404
2026-07-17 05:00:00,99142.04565800553
2026-07-17 06:00:00,99135.46663282995
2026-07-17 07:00:00,99154.7625783074
2026-07-17 08:00:00,99157.55525339121
2026-07-17 09:00:00,99167.95905165578
2026-07-17 10:00:00,99172.62182217305
2026-07-17 11:00:00,99178.49335254694
2026-07-17 12:00:00,99178.92348120839
2026-07-17 13:00:00,99171.86516897655
2026-07-17 14:00:00,99157.29747650874
2026-07-17 15:00:00,99176.26031498055
2026-07-17 16:00:00,99176.01068648834
2026-07-17 17:00:00,99164.08056667537
2026-07-17 18:00:00,99157.26533116782
2026-07-17 19:00:00,99147.41179899847
2026-07-17 20:00:00,99151.36667140322
2026-07-17 21:00:00,99140.14054804853
2026-07-17 22:00:00,99148.92812276894
2026-07-17 23:00:00,99158.833406548
2026-07-18 00:00:00,99160.19250540056
2026-07-18 01:00:00,99171.63860177607
2026-07-18 02:00:00,99159.6014266399
2026-07-18 03:00:00,99175.43630083559
2026-07-18 04:00:00,99175.0948191291
2026-07-18 05:00:00,99172.30097695922
2026-07-18 06:00:00,99169.13443390948
2026-07-18 07:00:00,99160.97232386
2026-07-18 08:00:00,99173.2280369741
2026-07-18 09:00:00,99165.26622611543
2026-07-18 10:00:00,99161.32601775043
2026-07-18 11:00:00,99153.96965654392
2026-07-18 12:00:00,99132.9660043137
2026-07-18 13:00:00,99134.22988854437
2026-07-18 14:00:00,99146.79247688681
2026-07-18 15:00:00,99144.40392411804
2026-07-18 16:00:00,99135.35112360051
2026-07-18 17:00:00,99145.84179298252
2026-07-18 18:00:00,99170.005790176
2026-07-18 19:00:00,99169.3882138558
2026-07-18 20:00:00,99150.80280720664
2026-07-18 21:00:00,99165.17026491529
2026-07-18 22:00:00,99176.25982485319
2026-07-18 23:00:00,99167.02178881466
2026-07-19 00:00:00,99163.97391563811
2026-07-19 01:00:00,99161.77230023414
2026-07-19 02:00:00,99216.58441403667
2026-07-19 03:00:00,99212.48947529409
2026-07-19 04:00:00,99211.50538318534
2026-07-19 05:00:00,99215.59113738022
2026-07-19 06:00:00,99223.30463466735
2026-07-19 07:00:00,99230.66914576308
2026-07-19 08:00:00,99235.27482667154
2026-07-19 09:00:00,99224.72739084356
2026-07-19 10:00:00,99235.03260351547
2026-07-19 11:00:00,99230.45637635817
2026-07-19 12:00:00,99230.45427994605
2026-07-19 13:00:00,99237.17335646061
2026-07-19 14:00:00,99235.01989127969
2026-07-19 15:00:00,99223.34956365897
2026-07-19 16:00:00,99224.19652995231
2026-07-19 17:00:00,99226.08627948377
2026-07-19 18:00:00,99219.15331110099
2026-07-19 19:00:00,99216.68092253311
2026-07-19 20:00:00,99219.61074050909
2026-07-19 21:00:00,99215.01361174048
2026-07-19 22:00:00,99217.48829099102
2026-07-19 23:00:00,99226.69051387484
2026-07-20 00:00:00,99243.77838650174
2026-07-20 01:00:00,99234.723959191
2026-07-20 02:00:00,99250.11872905341
2026-07-20 03:00:00,99248.18463328967
2026-07-20 04:00:00,99244.49437114816
2026-07-20 05:00:00,99236.46216998275
2026-07-20 06:00:00,99229.0988294525
2026-07-20 07:00:00,99246.30968463057
2026-07-20 08:00:00,99250.6546332675
2026-07-20 09:00:00,99258.59284039891
2026-07-20 10:00:00,99240.22384043768
2026-07-20 11:00:00,99239.27369900349
2026-07-20 12:00:00,99248.05886605145
2026-07-20 13:00:00,99254.96402257057
2026-07-20 14:00:00,99239.57714946591
2026-07-20 15:00:00,99267.30750930868
2026-07-20 16:00:00,99260.34662250997
2026-07-20 17:00:00,99251.42627122875
2026-07-20 18:00:00,99242.16093967552
2026-07-20 19:00:00,99233.52143353231
2026-07-20 20:00:00,99250.04385193178
2026-07-20 21:00:00,99246.2507098135
2026-07-20 22:00:00,99252.30665230344
2026-07-20 23:00:00,99250.17017764387
2026-07-21 00:00:00,99251.16384581885
2026-07-21 01:00:00,99236.8925646252
2026-07-21 02:00:00,99226.20044534016
2026-07-21 03:00:00,99210.34248314747
2026-07-21 04:00:00,99209.01079552688
2026-07-21 05:00:00,99214.0262519428
2026-07-21 06:00:00,99214.95986689934
2026-07-21 07:00:00,99228.56179372936
2026-07-21 08:00:00,99209.13495569404
2026-07-21 09:00:00,99203.97586282063
2026-07-21 10:00:00,99201.29476861072
2026-07-21 11:00:00,99201.531906474
2026-07-21 12:00:00,99198.98068682653
2026-07-21 13:00:00,99189.45880659291
2026-07-21 14:00:00,99122.8837466905
2026-07-21 15:00:00,99129.59442774476
2026-07-21 16:00:00,99131.11436850668
2026-07-21 17:00:00,99103.05272046823
2026-07-21 18:00:00,99101.78674511953
2026-07-21 19:00:00,99110.87391961191
2026-07-21 20:00:00,99131.00259706804
2026-07-21 21:00:00,99145.10952102586
2026-07-21 22:00:00,99148.88619135291
2026-07-21 23:00:00,99161.65811439735
2026-07-22 00:00:00,99186.03107715413
2026-07-22 01:00:00,99184.32242435176
2026-07-22 02:00:00,99183.08283229668
2026-07-22 03:00:00,99184.13328030659
2026-07-22 04:00:00,99189.4962035456
2026-07-22 05:00:00,99178.39584793219
2026-07-22 06:00:00,99179.58954304009
2026-07-22 07:00:00,99171.3147988272
2026-07-22 08:00:00,99174.10080173911
2026-07-22 09:00:00,99177.50623691636
2026-07-22 10:00:00,99181.68015792711
2026-07-22 11:00:00,99173.61824245981
2026-07-22 12:00:00,99158.3083995858
2026-07-22 13:00:00,99174.27530792242
2026-07-22 14:00:00,99179.25733208076
2026-07-22 15:00:00,99177.06894359204
2026-07-22 16:00:00,99170.70174824742
2026-07-22 17:00:00,99184.29952093851
2026-07-22 18:00:00,99190.82631462018
2026-07-22 19:00:00,99197.62736614529
2026-07-22 20:00:00,99200.80438276171
2026-07-22 21:00:00,99210.09215823127
2026-07-22 22:00:00,99209.38128576783
2026-07-22 23:00:00,99204.84827066468
2026-07-23 00:00:00,99213.11917935313
2026-07-23 01:00:00,99201.47244471156
2026-07-23 02:00:00,99199.32307342767
2026-07-23 03:00:00,99196.59196737577
2026-07-23 04:00:00,99190.77895529184
2026-07-23 05:00:00,99197.59260059841
2026-07-23 06:00:00,99195.24806937795
2026-07-23 07:00:00,99178.26942341993
2026-07-23 08:00:00,99194.70646820018
2026-07-23 09:00:00,99203.92112871587
2026-07-23 10:00:00,99209.57601900343
2026-07-23 11:00:00,99199.04019838835
2026-07-23 12:00:00,99203.52749221832
2026-07-23 13:00:00,99215.41435158912
2026-07-23 14:00:00,99202.76494727244
2026-07-23 15:00:00,99191.02927859103
2026-07-23 16:00:00,99182.96534394243
2026-07-23 17:00:00,99175.75523713425
2026-07-23 18:00:00,99172.52702673653
2026-07-23 19:00:00,99157.16439883548
2026-07-23 20:00:00,99163.87986987659
2026-07-23 21:00:00,99153.63182535765
2026-07-23 22:00:00,99152.02333929243
2026-07-23 23:00:00,99141.77796595941
2026-07-24 00:00:00,99119.7506573735
2026-07-24 01:00:00,99108.15261781673
2026-07-24 02:00:00,99095.66992717172
2026-07-24 03:00:00,99105.0111975584
2026-07-24 04:00:00,99109.15382061142
2026-07-24 05:00:00,99125.1944387617
2026-07-24 06:00:00,99132.61992443349
2026-07-24 07:00:00,99165.40357504257
2026-07-24 08:00:00,99150.05530137512
2026-07-24 09:00:00,99155.83094760148
2026-07-24 10:00:00,99155.38287247554
2026-07-24 11:00:00,99153.23979649939
2026-07-24 12:00:00,99150.4195281849
2026-07-24 13:00:00,99147.88493674978
2026-07-24 14:00:00,99140.73148419919
2026-07-24 15:00:00,99140.5067895808
2026-07-24 16:00:00,99143.85583189795
2026-07-24 17:00:00,99147.06234158982
2026-07-24 18:00:00,99144.12616382724
2026-07-24 19:00:00,99128.57672815138
2026-07-24 20:00:00,99116.13009697497
2026-07-24 21:00:00,99116.78707371827
2026-07-24 22:00:00,99118.30900975087
2026-07-24 23:00:00,99121.06798745482
2026-07-25 00:00:00,99120.87304002678
2026-07-25 01:00:00,99119.6867240509
2026-07-25 02:00:00,99114.2266435991
2026-07-25 03:00:00,99121.96243813307
2026-07-25 04:00:00,99125.89853186539
2026-07-25 05:00:00,99118.87764164858
2026-07-25 06:00:00,99123.81855588898
2026-07-25 07:00:00,99117.68390221735
2026-07-25 08:00:00,99117.34093486608
2026-07-25 09:00:00,99122.88557494625
2026-07-25 10:00:00,99116.95642799554
2026-07-25 11:00:00,99115.70284414392
2026-07-25 12:00:00,99113.68038277925
2026-07-25 13:00:00,99115.41804417115
2026-07-25 14:00:00,99120.36651388646
2026-07-25 15:00:00,99111.41832318548
2026-07-25 16:00:00,99106.64745529661
2026-07-25 17:00:00,99112.66024108548
2026-07-25 18:00:00,99119.64485049415
2026-07-25 19:00:00,99121.89111077235
2026-07-25 20:00:00,99121.11404239733
2026-07-25 21:00:00,99117.91678786668
2026-07-25 22:00:00,99117.68591211103
2026-07-25 23:00:00,99125.85855419167
2026-07-26 00:00:00,99131.47919194875
2026-07-26 01:00:00,99130.05232027918
2026-07-26 02:00:00,99133.36350527068
2026-07-26 03:00:00,99136.28659761275
2026-07-26 04:00:00,99139.82788175777
2026-07-26 05:00:00,99138.91946122573
2026-07-26 06:00:00,99137.05927303145
2026-07-26 07:00:00,99131.40093938803
2026-07-26 08:00:00,99132.32009938997
2026-07-26 09:00:00,99139.06804562718
2026-07-26 10:00:00,99143.25552944423
2026-07-26 11:00:00,99135.01007115708
2026-07-26 12:00:00,99137.63746824958
2026-07-26 13:00:00,99138.86948801586
2026-07-26 14:00:00,99140.42629548568
2026-07-26 15:00:00,99107.42848073985
2026-07-26 16:00:00,99106.39439910544
2026-07-26 17:00:00,99113.88628636909
2026-07-26 18:00:00,99111.10330816731
2026-07-26 19:00:00,99105.55205814766
2026-07-26 20:00:00,99105.97557742857
2026-07-26 21:00:00,99102.91007654667
2026-07-26 22:00:00,99105.1406283439
2026-07-26 23:00:00,99096.58230087691
2026-07-27 00:00:00,99103.4238334603
2026-07-27 01:00:00,99102.32255244788
2026-07-27 02:00:00,99112.8122208792
2026-07-27 03:00:00,99110.06131105148
2026-07-27 04:00:00,99106.56284759128
2026-07-27 05:00:00,99093.67207667045
2026-07-27 06:00:00,99083.97217785196
2026-07-27 07:00:00,99075.25051375537
2026-07-27 08:00:00,99076.26500030154
2026-07-27 09:00:00,99087.29212936603
2026-07-27 10:00:00,99088.4453515661
2026-07-27 11:00:00,99080.83209355606
2026-07-27 12:00:00,99079.88002031305
2026-07-27 13:00:00,99081.09959628595
2026-07-27 14:00:00,99125.64861801862
2026-07-27 15:00:00,99121.92056990185
2026-07-27 16:00:00,99114.45744984144
2026-07-27 17:00:00,99110.82809030515
2026-07-27 18:00:00,99105.83815493807
2026-07-27 19:00:00,99099.56926542407
2026-07-27 20:00:00,99106.38204245068
2026-07-27 21:00:00,99108.78809771809
2026-07-27 22:00:00,99120.58141013284
2026-07-27 23:00:00,99110.24794159312
2026-07-28 00:00:00,99115.87190583762
2026-07-28 01:00:00,99084.37928457136
2026-07-28 02:00:00,99072.14467763198
2026-07-28 03:00:00,99075.94930436496
2026-07-28 04:00:00,99091.16437637765
2026-07-28 05:00:00,99091.99871224709
2026-07-28 06:00:00,99103.25294781393
2026-07-28 07:00:00,99100.95546288036
2026-07-28 08:00:00,99090.91939812741
2026-07-28 09:00:00,99097.05314896474
2026-07-28 10:00:00,99106.85166497409
2026-07-28 11:00:00,99116.06537920829
2026-07-28 12:00:00,99086.38380369426
2026-07-28 13:00:00,99078.44791046297
2026-07-28 14:00:00,99073.64901415657
2026-07-28 15:00:00,99045.2620456067
2026-07-28 16:00:00,99060.9896760973
2026-07-28 17:00:00,99078.26201645318
2026-07-28 18:00:00,99066.7407016978
2026-07-28 19:00:00,99058.94257099678
2026-07-28 20:00:00,99059.63798960755
2026-07-28 21:00:00,99043.2703289277
2026-07-28 22:00:00,99061.92658302996
2026-07-28 23:00:00,99039.51762045293
2026-07-29 00:00:00,99022.96573261257
2026-07-29 01:00:00,99033.00639242941
2026-07-29 02:00:00,99040.78027783791
2026-07-29 03:00:00,99061.00714733293
2026-07-29 04:00:00,99059.04918738522
2026-07-29 05:00:00,99055.12771673029
2026-07-29 06:00:00,99069.26286282761
2026-07-29 07:00:00,99071.20155041778
2026-07-29 08:00:00,99062.61485555423
2026-07-29 09:00:00,99073.26327598785
2026-07-29 10:00:00,99062.9635132918
2026-07-29 11:00:00,99071.49132888076
2026-07-29 12:00:00,99078.64514049013
2026-07-29 13:00:00,99098.92303305068
2026-07-29 14:00:00,99080.10076852869
2026-07-29 15:00:00,99085.57910543823
2026-07-29 16:00:00,99074.41893760134
2026-07-29 17:00:00,99072.5164137239
2026-07-29 18:00:00,99062.16544926378
2026-07-29 19:00:00,99074.82348789128
2026-07-29 20:00:00,99078.67005631645
2026-07-29 21:00:00,99072.16918725085
2026-07-29 22:00:00,99072.35891197652
2026-07-29 23:00:00,99079.13046000162
2026-07-30 00:00:00,99071.56092715879
2026-07-30 01:00:00,99075.77387456279
2026-07-30 02:00:00,99078.4028454042
2026-07-30 03:00:00,99080.42942446707
2026-07-30 04:00:00,99073.11623747172
2026-07-30 05:00:00,99067.78982656814
2026-07-30 06:00:00,99072.16187253458
2026-07-30 07:00:00,99072.19975301754
2026-07-30 08:00:00,99082.1991347527
2026-07-30 09:00:00,99082.3846574204
2026-07-30 10:00:00,99092.84578777007
2026-07-30 11:00:00,99074.75514163746
2026-07-30 12:00:00,99071.93876293348
2026-07-30 13:00:00,99071.97142800316
2026-07-30 14:00:00,99032.25311649534
2026-07-30 15:00:00,99024.57979550699
2026-07-30 16:00:00,99030.57777781707
2026-07-30 17:00:00,99025.52171509704
2026-07-30 18:00:00,99035.67730314663
2026-07-30 19:00:00,99042.1679538772
2026-07-30 20:00:00,99055.5456669102
2026-07-30 21:00:00,99047.16333589196
2026-07-30 22:00:00,99058.20375816993
2026-07-30 23:00:00,99046.93785708991
2026-07-31 00:00:00,99047.54060383231
2026-07-31 01:00:00,99032.33959665628
2026-07-31 02:00:00,99027.0896779826
2026-07-31 03:00:00,99041.4047410083
2026-07-31 04:00:00,99043.27659753016
2026-07-31 05:00:00,99030.21675971466
2026-07-31 06:00:00,99025.88515955712
2026-07-31 07:00:00,99003.53352160486
2026-07-31 08:00:00,99015.41333688558
2026-07-31 09:00:00,99011.85433302796
2026-07-31 10:00:00,99010.44675400264
2026-07-31 11:00:00,99005.98597821055
2026-07-31 12:00:00,99001.15694508824
2026-07-31 13:00:00,98981.64349344552
2026-07-31 14:00:00,98992.5287795331
2026-07-31 15:00:00,99006.98324425388
2026-07-31 16:00:00,98993.16921538966
2026-07-31 17:00:00,99005.74054499199
2026-07-31 18:00:00,99016.90929922753
2026-07-31 19:00:00,99016.42421302208
2026-07-31 20:00:00,98996.16671675346
2026-07-31 21:00:00,99005.14321255495
2026-07-31 22:00:00,98996.89569854109
2026-07-31 23:00:00,99003.61473040069
2026-08-01 00:00:00,99002.6072775676
2026-08-01 01:00:00,98994.70444843768
2026-08-01 02:00:00,98997.448542915
2026-08-01 03:00:00,98998.10113337699
2026-08-01 04:00:00,98995.18746023663
2026-08-01 05:00:00,99003.55631151276
2026-08-01 06:00:00,99007.60873172844
2026-08-01 07:00:00,99011.03788843924
2026-08-01 08:00:00,99010.1954484756
2026-08-01 09:00:00,99014.78808740317
2026-08-01 10:00:00,99011.047238587
2026-08-01 11:00:00,99007.01573107627
2026-08-01 12:00:00,99008.32436536557
2026-08-01 13:00:00,99007.56866555494
2026-08-01 14:00:00,99010.33741823489
2026-08-01 15:00:00,99013.89160702497
2026-08-01 16:00:00,99016.54161420926
2026-08-01 17:00:00,99029.6438233752
2026-08-01 18:00:00,99022.48710653586
2026-08-01 19:00:00,99021.97892754612
2026-08-01 20:00:00,99003.10697055195
2026-08-01 21:00:00,99004.47473231045
2026-08-01 22:00:00,99007.62545823326
2026-08-01 23:00:00,98997.63593576387
2026-08-02 00:00:00,98993.1289324006
2026-08-02 01:00:00,99001.85331246756
2026-08-02 02:00:00,99013.2708907689
2026-08-02 03:00:00,99009.85791843708
2026-08-02 04:00:00,98997.10952597058
2026-08-02 05:00:00,98979.32002508629
2026-08-02 06:00:00,98988.66103004401
2026-08-02 07:00:00,98984.75911886005
2026-08-02 08:00:00,98980.57587763219
2026-08-02 09:00:00,98972.78473573964
2026-08-02 10:00:00,98975.99026138158
2026-08-02 11:00:00,98949.41041654926
2026-08-02 12:00:00,98972.61722079988
2026-08-02 13:00:00,98952.6068527376
2026-08-02 14:00:00,98948.42806310758
2026-08-02 15:00:00,98969.38954951153
2026-08-02 16:00:00,98978.89195528389
2026-08-02 17:00:00,98987.83772169023
2026-08-02 18:00:00,98996.66100467813
2026-08-02 19:00:00,99001.46933401444
2026-08-02 20:00:00,99007.84211400044
2026-08-02 21:00:00,98985.79504321546
2026-08-02 22:00:00,98994.2677498316
2026-08-02 23:00:00,99004.55929445558
2026-08-03 00:00:00,99007.87836534514
2026-08-03 01:00:00,99015.6028483069
2026-08-03 02:00:00,99011.363523338
2026-08-03 03:00:00,99001.93204640422
2026-08-03 04:00:00,98999.97904894744
2026-08-03 05:00:00,99000.65337879385
2026-08-03 06:00:00,98999.11123610652
2026-08-03 07:00:00,98994.32314994388
2026-08-03 08:00:00,98992.74992130896
2026-08-03 09:00:00,98999.07824019263
2026-08-03 10:00:00,98993.9574483809
2026-08-03 11:00:00,98998.0592022037
2026-08-03 12:00:00,99005.63528774426
2026-08-03 13:00:00,98989.43459797578
2026-08-03 14:00:00,98990.01527157564
2026-08-03 15:00:00,98960.87711976796
2026-08-03 16:00:00,98981.76719607036
2026-08-03 17:00:00,98979.48669886462
2026-08-03 18:00:00,98969.37280803887
2026-08-03 19:00:00,98977.95588627951
2026-08-03 20:00:00,98972.75976767026
2026-08-03 21:00:00,98972.20865981946
2026-08-03 22:00:00,98974.16671625325
2026-08-03 23:00:00,98978.3082036674
2026-08-04 00:00:00,98976.2829434746
2026-08-04 01:00:00,98981.42778524439
2026-08-04 02:00:00,98973.73523836666
2026-08-04 03:00:00,98973.6015588441
2026-08-04 04:00:00,98971.69771616238
2026-08-04 05:00:00,98975.15084802033
2026-08-04 06:00:00,98967.138714355
2026-08-04 07:00:00,98973.71508991507
2026-08-04 08:00:00,98973.7985015686
2026-08-04 09:00:00,98984.2868496772
2026-08-04 10:00:00,98995.18019544861
2026-08-04 11:00:00,98980.68786400491
2026-08-04 12:00:00,98994.84995966348
2026-08-04 13:00:00,98984.99931156474
2026-08-04 14:00:00,99001.91628235005
2026-08-04 15:00:00,98992.26167710936
2026-08-04 16:00:00,98997.92519341352
2026-08-04 17:00:00,98997.86082572231
2026-08-04 18:00:00,98998.2758279146
2026-08-04 19:00:00,98985.73246488297
2026-08-04 20:00:00,98994.61388453984
2026-08-04 21:00:00,98991.29846601986
2026-08-04 22:00:00,99000.69184728245
2026-08-04 23:00:00,99003.79967182217
2026-08-05 00:00:00,99008.46732785933
2026-08-05 01:00:00,99007.32955094743
2026-08-05 02:00:00,99004.18730570452
2026-08-05 03:00:00,99018.54327092215
2026-08-05 04:00:00,99018.55289826883
2026-08-05 05:00:00,99014.63349167205
2026-08-05 06:00:00,99013.30244974286
2026-08-05 07:00:00,99017.57381903686
2026-08-05 08:00:00,99012.85746377606
2026-08-05 09:00:00,99021.76701031634
2026-08-05 10:00:00,99026.64257712907
2026-08-05 11:00:00,99032.13976847722
2026-08-05 12:00:00,99034.70544243857
2026-08-05 13:00:00,99049.22314759315
2026-08-05 14:00:00,99040.21953187893
2026-08-05 15:00:00,99045.00219931986
2026-08-05 16:00:00,99047.84152073858
2026-08-05 17:00:00,99014.24300355521
2026-08-05 18:00:00,99018.71404721713
2026-08-05 19:00:00,99026.61095848963
2026-08-05 20:00:00,99027.87410116229
2026-08-05 21:00:00,99048.21822384834
2026-08-05 22:00:00,99049.51698519962
2026-08-05 23:00:00,99049.25949656547
2026-08-06 00:00:00,99042.81178950689
2026-08-06 01:00:00,99071.65531688117
2026-08-06 02:00:00,99104.74380821497
2026-08-06 03:00:00,99109.93354094806
2026-08-06 04:00:00,99098.62354062973
2026-08-06 05:00:00,99086.03752844236
2026-08-06 06:00:00,99089.20144212077
2026-08-06 07:00:00,99101.7738294698
2026-08-06 08:00:00,99087.33131947443
2026-08-06 09:00:00,99118.63742547845
2026-08-06 10:00:00,99111.07572196735
2026-08-06 11:00:00,99092.6710309882
2026-08-06 12:00:00,99100.61949660121
2026-08-06 13:00:00,99088.76596837326
2026-08-06 14:00:00,99107.03014851203
2026-08-06 15:00:00,99098.14991139616
2026-08-06 16:00:00,99108.69667113457
2026-08-06 17:00:00,99114.16926234067
2026-08-06 18:00:00,99128.08506780272
2026-08-06 19:00:00,99128.56649961312
2026-08-06 20:00:00,99134.14087996936
2026-08-06 21:00:00,99128.77587898557
2026-08-06 22:00:00,99122.56428150281
2026-08-06 23:00:00,99125.97069323101
2026-08-07 00:00:00,99124.08392991421
2026-08-07 01:00:00,99130.37034571073
2026-08-07 02:00:00,99148.2130826499
2026-08-07 03:00:00,99169.2218602153
2026-08-07 04:00:00,99164.78703181888
2026-08-07 05:00:00,99159.26854449499
2026-08-07 06:00:00,99140.69636245088
2026-08-07 07:00:00,99136.0428114087
2026-08-07 08:00:00,99142.23392207436
2026-08-07 09:00:00,99130.5607067878
2026-08-07 10:00:00,99139.3708126802
2026-08-07 11:00:00,99148.57305464779
2026-08-07 12:00:00,99160.10079162518
2026-08-07 13:00:00,99134.19493561643
2026-08-07 14:00:00,99155.51717065995
2026-08-07 15:00:00,99151.79201212023
2026-08-07 16:00:00,99178.11451355109
2026-08-07 17:00:00,99182.39354830104
2026-08-07 18:00:00,99173.98968837192
2026-08-07 19:00:00,99160.63662911429
2026-08-07 20:00:00,99157.11016709398
2026-08-07 21:00:00,99169.92335701323
2026-08-07 22:00:00,99172.76414892635
2026-08-07 23:00:00,99171.93420350764
2026-08-08 00:00:00,99160.73328345397
2026-08-08 01:00:00,99141.95419914223
2026-08-08 02:00:00,99138.91138173583
2026-08-08 03:00:00,99100.62822017126
2026-08-08 04:00:00,99110.95529396928
2026-08-08 05:00:00,99113.87513651633
2026-08-08 06:00:00,99107.91614476607
2026-08-08 07:00:00,99100.56398562943
2026-08-08 08:00:00,99101.91827447322
2026-08-08 09:00:00,99102.38428355585
2026-08-08 10:00:00,99091.3366618165
2026-08-08 11:00:00,99075.22255677769
2026-08-08 12:00:00,99072.18783764071
2026-08-08 13:00:00,99069.58286663309
2026-08-08 14:00:00,99039.57662662043
2026-08-08 15:00:00,99037.46385403094
2026-08-08 16:00:00,99033.36413620519
2026-08-08 17:00:00,99039.42736420645
2026-08-08 18:00:00,99050.04280118376
2026-08-08 19:00:00,99048.73417915843
2026-08-08 20:00:00,99046.25369909153
2026-08-08 21:00:00,99044.62109812474
2026-08-08 22:00:00,99056.54868458708
2026-08-08 23:00:00,99051.55941238848
2026-08-09 00:00:00,99053.39000524442
2026-08-09 01:00:00,99060.36100571627
2026-08-09 02:00:00,99059.29405498199
2026-08-09 03:00:00,99048.56612166157
2026-08-09 04:00:00,99046.18710959418
2026-08-09 05:00:00,99050.36491930857
2026-08-09 06:00:00,99023.29209071434
2026-08-09 07:00:00,99031.85600744246
2026-08-09 08:00:00,99045.88279941153
2026-08-09 09:00:00,99035.28736363535
2026-08-09 10:00:00,99046.54106373274
2026-08-09 11:00:00,99042.6010028067
2026-08-09 12:00:00,99039.59858028022
2026-08-09 13:00:00,99046.53017598802
2026-08-09 14:00:00,99026.94438959003
2026-08-09 15:00:00,99012.82722051992
2026-08-09 16:00:00,99011.11386443522
2026-08-09 17:00:00,99019.76942662946
2026-08-09 18:00:00,99019.95415178186
2026-08-09 19:00:00,99014.74469524316
2026-08-09 20:00:00,99010.00566445099
2026-08-09 21:00:00,99011.87561990773
2026-08-09 22:00:00,99031.63732133753
2026-08-09 23:00:00,99038.11449458086
2026-08-10 00:00:00,99032.13994462462
2026-08-10 01:00:00,99045.8204949795
2026-08-10 02:00:00,99052.4027409278
2026-08-10 03:00:00,99036.06325410139
2026-08-10 04:00:00,99036.9465382951
2026-08-10 05:00:00,99031.78341882254
2026-08-10 06:00:00,99033.61606486904
2026-08-10 07:00:00,99029.14065289746
2026-08-10 08:00:00,99041.41113838632
2026-08-10 09:00:00,99038.53871628501
2026-08-10 10:00:00,99029.47761434015
2026-08-10 11:00:00,99020.03589917514
2026-08-10 12:00:00,99007.2447470105
2026-08-10 13:00:00,99006.40650819975
2026-08-10 14:00:00,98978.01793242204
2026-08-10 15:00:00,98963.23939678934
2026-08-10 16:00:00,98974.89671816434
2026-08-10 17:00:00,98971.85169904026
2026-08-10 18:00:00,98980.7692608565
2026-08-10 19:00:00,98971.72670452861
2026-08-10 20:00:00,98967.53159904902
2026-08-10 21:00:00,98964.9848334759
2026-08-10 22:00:00,98982.5630029003
2026-08-10 23:00:00,98984.7961517789
2026-08-11 00:00:00,98991.00645331635
2026-08-11 01:00:00,98983.16307332623
2026-08-11 02:00:00,98992.49394883802
2026-08-11 03:00:00,98991.04651884544
2026-08-11 04:00:00,98986.6583953928
2026-08-11 05:00:00,98998.8351044272
2026-08-11 06:00:00,99003.93606241044
2026-08-11 07:00:00,99031.38985378404
2026-08-11 08:00:00,99033.90016852328
2026-08-11 09:00:00,99047.45393949043
2026-08-11 10:00:00,99054.02006301637
2026-08-11 11:00:00,99049.35469193362
2026-08-11 12:00:00,99078.46780065747
2026-08-11 13:00:00,99053.01818989232
2026-08-11 14:00:00,99086.37127944347
2026-08-11 15:00:00,99080.26434887484
2026-08-11 16:00:00,99058.68737290433
2026-08-11 17:00:00,99051.38103423681
2026-08-11 18:00:00,99028.87451695144
2026-08-11 19:00:00,98994.76247619119
2026-08-11 20:00:00,98971.2937472912
2026-08-11 21:00:00,98933.19652394073
2026-08-11 22:00:00,98952.37517729386
2026-08-11 23:00:00,98954.13682548175
2026-08-12 00:00:00,98970.13155059025
2026-08-12 01:00:00,98971.64638538023
2026-08-12 02:00:00,98961.90125252667
2026-08-12 03:00:00,98956.64548973802
2026-08-12 04:00:00,98955.61702161292
2026-08-12 05:00:00,98948.64252998792
2026-08-12 06:00:00,98950.34504298444
2026-08-12 07:00:00,98948.1075398953
2026-08-12 08:00:00,98949.6469011377
2026-08-12 09:00:00,98931.27985391325
2026-08-12 10:00:00,98935.41039526975
2026-08-12 11:00:00,98931.7708366357
2026-08-12 12:00:00,98939.22202903943
2026-08-12 13:00:00,98948.55178169838
2026-08-12 14:00:00,98955.7288694286
2026-08-12 15:00:00,98943.10987168478
2026-08-12 16:00:00,98959.49035080099
2026-08-12 17:00:00,98952.59637217851
2026-08-12 18:00:00,98951.77286806364
2026-08-12 19:00:00,98970.48454285998
2026-08-12 20:00:00,98972.88513543598
2026-08-12 21:00:00,98980.93813699418
2026-08-12 22:00:00,98981.89644206256
2026-08-12 23:00:00,98979.79723627027
2026-08-13 00:00:00,98984.3801441926
2026-08-13 01:00:00,98981.45432210332
2026-08-13 02:00:00,98970.46466390559
2026-08-13 03:00:00,98964.63447688145
2026-08-13 04:00:00,98975.89669961076
2026-08-13 05:00:00,98966.50519719112
2026-08-13 06:00:00,98962.44941084959
2026-08-13 07:00:00,98969.11794567184
2026-08-13 08:00:00,98972.3019611869
2026-08-13 09:00:00,98965.47494376061
2026-08-13 10:00:00,98974.58234139186
2026-08-13 11:00:00,98976.33985729858
2026-08-13 12:00:00,98972.03264309511
2026-08-13 13:00:00,98973.77099506324
2026-08-13 14:00:00,98957.88416219926
2026-08-13 15:00:00,98974.11809396543
2026-08-13 16:00:00,98963.02069775425
2026-08-13 17:00:00,98959.33581569792
2026-08-13 18:00:00,98962.26357820883
2026-08-13 19:00:00,98957.16253149277
2026-08-13 20:00:00,98961.1440412504
2026-08-13 21:00:00,98968.10587753973
2026-08-13 22:00:00,98964.99041170925
2026-08-13 23:00:00,98959.10347497545
2026-08-14 00:00:00,98964.59702816953
2026-08-14 01:00:00,98966.55923217686
2026-08-14 02:00:00,98969.21754854798
2026-08-14 03:00:00,98974.75724166805
2026-08-14 04:00:00,98971.5397042412
2026-08-14 05:00:00,98965.441859942
2026-08-14 06:00:00,98966.21438730195
2026-08-14 07:00:00,98964.20506721834
2026-08-14 08:00:00,98960.76824411286
2026-08-14 09:00:00,98969.03579310846
2026-08-14 10:00:00,98972.40082581763
2026-08-14 11:00:00,98967.09341497708
2026-08-14 12:00:00,98965.79262763915
2026-08-14 13:00:00,98958.28025168496
2026-08-14 14:00:00,98959.96204236906
2026-08-14 15:00:00,98964.6349433058
2026-08-14 16:00:00,98987.42380831625
2026-08-14 17:00:00,98982.9370543149
2026-08-14 18:00:00,98993.42201475026
2026-08-14 19:00:00,99000.92110553825
2026-08-14 20:00:00,98998.11281833905
2026-08-14 21:00:00,98998.08508452462
2026-08-14 22:00:00,99009.85783479249
2026-08-14 23:00:00,98994.85959199016
2026-08-15 00:00:00,98993.81191133667
2026-08-15 01:00:00,98990.46688205877
2026-08-15 02:00:00,98978.39375417744
2026-08-15 03:00:00,98992.29502132947
2026-08-15 04:00:00,98994.29403641683
2026-08-15 05:00:00,98993.2585970045
2026-08-15 06:00:00,98994.2484602579
2026-08-15 07:00:00,99003.81451904685
2026-08-15 08:00:00,99003.65915162572
2026-08-15 09:00:00,99005.36612138017
2026-08-15 10:00:00,99001.83481454843
2026-08-15 11:00:00,99003.63785674085
2026-08-15 12:00:00,99001.36359677056
2026-08-15 13:00:00,98993.36563837052
2026-08-15 14:00:00,98999.4585305719
2026-08-15 15:00:00,99002.10633404503
2026-08-15 16:00:00,99001.62230227108
2026-08-15 17:00:00,98992.64305939978
2026-08-15 18:00:00,98992.88846928705
2026-08-15 19:00:00,98995.18407789635
2026-08-15 20:00:00,98991.41240245223
2026-08-15 21:00:00,98989.0381789388
2026-08-15 22:00:00,98985.85722062636
2026-08-15 23:00:00,98988.60229411372
2026-08-16 00:00:00,98986.1866265965
2026-08-16 01:00:00,98984.66809716976
2026-08-16 02:00:00,98982.05099369038
2026-08-16 03:00:00,98978.99580721128
2026-08-16 04:00:00,98981.78913368114
2026-08-16 05:00:00,98984.86255789606
2026-08-16 06:00:00,98981.28551868735
2026-08-16 07:00:00,98976.23518562605
2026-08-16 08:00:00,98984.19240277863
2026-08-16 09:00:00,98990.82927915585
2026-08-16 10:00:00,98991.01631622756
2026-08-16 11:00:00,98987.17920779363
2026-08-16 12:00:00,98986.85578388922
2026-08-16 13:00:00,98988.33763774406
2026-08-16 14:00:00,98987.44056643007
2026-08-16 15:00:00,98983.60796828523
2026-08-16 16:00:00,98972.91920085106
2026-08-16 17:00:00,98975.15148182705
2026-08-16 18:00:00,98973.46130172968
2026-08-16 19:00:00,98970.79310252999
2026-08-16 20:00:00,98965.87397195437
2026-08-16 21:00:00,98965.8196083106
2026-08-16 22:00:00,98963.86277722898
2026-08-16 23:00:00,98968.07534338807
2026-08-17 00:00:00,98969.17868902523
2026-08-17 01:00:00,98957.37705978162
2026-08-17 02:00:00,98940.2776530849
2026-08-17 03:00:00,98927.83305068582
2026-08-17 04:00:00,98934.97375917208
2026-08-17 05:00:00,98940.0177687859
2026-08-17 06:00:00,98926.94293787995
2026-08-17 07:00:00,98930.62329336649
2026-08-17 08:00:00,98945.41865171175
2026-08-17 09:00:00,98943.74115162231
2026-08-17 10:00:00,98931.98620349764
2026-08-17 11:00:00,98925.49218085813
2026-08-17 12:00:00,98924.02211671985
2026-08-17 13:00:00,98927.26721404008
2026-08-17 14:00:00,98910.95196235899
2026-08-17 15:00:00,98883.33217843027
2026-08-17 16:00:00,98879.76174126254
2026-08-17 17:00:00,98847.79553902814
2026-08-17 18:00:00,98834.98347433891
2026-08-17 19:00:00,98834.13838953858
2026-08-17 20:00:00,98818.22745374404
2026-08-17 21:00:00,98819.90254773184
2026-08-17 22:00:00,98826.27802409219
2026-08-17 23:00:00,98831.90603171109
2026-08-18 00:00:00,98834.09056434993
2026-08-18 01:00:00,98831.40607084737
2026-08-18 02:00:00,98818.35941437242
2026-08-18 03:00:00,98815.80700726564
2026-08-18 04:00:00,98811.73195940096
2026-08-18 05:00:00,98803.63522012359
2026-08-18 06:00:00,98818.51921734691
2026-08-18 07:00:00,98817.40846759151
2026-08-18 08:00:00,98808.40709074665
2026-08-18 09:00:00,98806.45265403322
2026-08-18 10:00:00,98806.28656219968
2026-08-18 11:00:00,98807.15796867052
2026-08-18 12:00:00,98805.65523703098
2026-08-18 13:00:00,98795.986319602
2026-08-18 14:00:00,98781.18754463893
2026-08-18 15:00:00,98780.49020283065
2026-08-18 16:00:00,98786.67481156846
2026-08-18 17:00:00,98784.55961538371
2026-08-18 18:00:00,98787.0408523767
2026-08-18 19:00:00,98783.31663343986
2026-08-18 20:00:00,98790.31487786704
2026-08-18 21:00:00,98786.52243701692
2026-08-18 22:00:00,98789.22511770952
2026-08-18 23:00:00,98790.90193096818
2026-08-19 00:00:00,98805.81662474778
2026-08-19 01:00:00,98802.07369598444
2026-08-19 02:00:00,98792.3451776069
2026-08-19 03:00:00,98794.25694778367
2026-08-19 04:00:00,98793.48512337124
2026-08-19 05:00:00,98793.70206021458
2026-08-19 06:00:00,98781.17312236706
2026-08-19 07:00:00,98781.57005746938
2026-08-19 08:00:00,98775.04210501445
2026-08-19 09:00:00,98783.74795453565
2026-08-19 10:00:00,98782.13403423163
2026-08-19 11:00:00,98779.37461383533
2026-08-19 12:00:00,98766.6997820734
2026-08-19 13:00:00,98769.0778324441
2026-08-19 14:00:00,98730.01336037571
2026-08-19 15:00:00,98607.52426049254
2026-08-19 16:00:00,98628.42000270297
2026-08-19 17:00:00,98626.8961063242
2026-08-19 18:00:00,98620.388524735
2026-08-19 19:00:00,98606.69758395539
2026-08-19 20:00:00,98399.16562350935
2026-08-19 21:00:00,98415.09530496092
2026-08-19 22:00:00,98418.28837350057
2026-08-19 23:00:00,98409.59450131553
2026-08-20 00:00:00,98400.34832320786
2026-08-20 01:00:00,98391.03356064403
2026-08-20 02:00:00,98411.55217490619
2026-08-20 03:00:00,98424.07670830915
2026-08-20 04:00:00,98430.18411878048
2026-08-20 05:00:00,98414.5712998794
2026-08-20 06:00:00,98418.64025828968
2026-08-20 07:00:00,98422.12140542621
2026-08-20 08:00:00,98343.05451808135
2026-08-20 09:00:00,98323.83747238497
2026-08-20 10:00:00,98313.0924477871
2026-08-20 11:00:00,98302.4861001135
2026-08-20 12:00:00,98266.19441000583
2026-08-20 13:00:00,98194.49731097912
2026-08-20 14:00:00,98185.48000274079
2026-08-20 15:00:00,98246.00969716968
2026-08-20 16:00:00,98181.54857814767
2026-08-20 17:00:00,98196.72356461905
2026-08-20 18:00:00,98242.22145227656
2026-08-20 19:00:00,98243.70008714143
2026-08-20 20:00:00,98221.22001578209
2026-08-20 21:00:00,98193.67757886718
2026-08-20 22:00:00,98188.55070667808
2026-08-20 23:00:00,98177.15418940676
2026-08-21 00:00:00,98160.65788321939
2026-08-21 01:00:00,98041.31747290128
2026-08-21 02:00:00,98070.5290198063
2026-08-21 03:00:00,98024.54157816341
2026-08-21 04:00:00,98004.9443489778
2026-08-21 05:00:00,98023.41010291182
2026-08-21 06:00:00,98041.222816005
2026-08-21 07:00:00,97957.10133535023
2026-08-21 08:00:00,97818.77795269607
2026-08-21 09:00:00,97777.82783331333
2026-08-21 10:00:00,97805.72603618109
2026-08-21 11:00:00,97858.4985070975
2026-08-21 12:00:00,97847.95757932127
2026-08-21 13:00:00,97796.2765107219
2026-08-21 14:00:00,97821.95954276665
2026-08-21 15:00:00,97834.4530662904
2026-08-21 16:00:00,97853.41782539127
2026-08-21 17:00:00,97933.00852143277
2026-08-21 18:00:00,97952.14832495803
2026-08-21 19:00:00,97938.46895548672
2026-08-21 20:00:00,97982.56383372961
2026-08-21 21:00:00,98084.8547768288
2026-08-21 22:00:00,98061.433133893
2026-08-21 23:00:00,98037.69541951516
2026-08-22 00:00:00,98048.13306578076
2026-08-22 01:00:00,98019.82997085819
2026-08-22 02:00:00,97985.48945063932
2026-08-22 03:00:00,97984.04833120675
2026-08-22 04:00:00,97887.30187610294
2026-08-22 05:00:00,97935.1114762154
2026-08-22 06:00:00,97883.16800130169
2026-08-22 07:00:00,97911.82904939647
2026-08-22 08:00:00,97927.41929678908
2026-08-22 09:00:00,97955.16560318386
2026-08-22 10:00:00,97954.49961007916
2026-08-22 11:00:00,97955.29181144906
2026-08-22 12:00:00,97937.92407253469
2026-08-22 13:00:00,97936.14682684393
2026-08-22 14:00:00,97985.46352462856
2026-08-22 15:00:00,97999.46196484465
2026-08-22 16:00:00,97948.62393961525
2026-08-22 17:00:00,97951.28843946566
2026-08-22 18:00:00,97939.19817227636
2026-08-22 19:00:00,97937.60817987897
2026-08-22 20:00:00,97931.78699850033
2026-08-22 21:00:00,97978.89469556781
2026-08-22 22:00:00,97960.07571239675
2026-08-22 23:00:00,97969.80787354497
2026-08-23 00:00:00,97888.86803753245
2026-08-23 01:00:00,97907.30610156534
2026-08-23 02:00:00,97923.3039313095
2026-08-23 03:00:00,97944.49375174168
2026-08-23 04:00:00,97951.483129935
2026-08-23 05:00:00,97948.54847728211
2026-08-23 06:00:00,97962.52842694608
2026-08-23 07:00:00,97941.1265313908
2026-08-23 08:00:00,97941.68286808241
2026-08-23 09:00:00,97938.57234131407
2026-08-23 10:00:00,97942.22174632573
2026-08-23 11:00:00,97930.32587492814
2026-08-23 12:00:00,97925.52933185575
2026-08-23 13:00:00,97913.56097942448
2026-08-23 14:00:00,97905.37973328968
2026-08-23 15:00:00,97917.86482439257
2026-08-23 16:00:00,97918.9256135109
2026-08-23 17:00:00,97915.09196450244
2026-08-23 18:00:00,97916.86039840315
2026-08-23 19:00:00,97927.88017627677
2026-08-23 20:00:00,97928.8542528765
2026-08-23 21:00:00,97921.05686331051
2026-08-23 22:00:00,97913.22122855361
2026-08-23 23:00:00,97919.46039116089
2026-08-24 00:00:00,97931.12774068795
2026-08-24 01:00:00,97957.18511417811
2026-08-24 02:00:00,97946.28749986047
2026-08-24 03:00:00,97962.38439526384
2026-08-24 04:00:00,97945.13587978671
2026-08-24 05:00:00,97953.85708265797
2026-08-24 06:00:00,97956.28216171305
2026-08-24 07:00:00,97966.33114305342
2026-08-24 08:00:00,97978.25197878527
2026-08-24 09:00:00,97963.86692461504
2026-08-24 10:00:00,97961.63814419818
2026-08-24 11:00:00,97964.14394445704
2026-08-24 12:00:00,97962.61988363782
2026-08-24 13:00:00,97984.43132230421
2026-08-24 14:00:00,97979.87536634895
2026-08-24 15:00:00,97960.00939935783
2026-08-24 16:00:00,97948.34822340445
2026-08-24 17:00:00,97967.80119093595
2026-08-24 18:00:00,97968.34539080205
2026-08-24 19:00:00,97953.14699564839
2026-08-24 20:00:00,97956.87144130252
2026-08-24 21:00:00,97963.983903169
2026-08-24 22:00:00,97954.71977516437
2026-08-24 23:00:00,97938.25406131316
2026-08-25 00:00:00,97866.20435099312
2026-08-25 01:00:00,97882.8606657366
2026-08-25 02:00:00,97850.40326451435
2026-08-25 03:00:00,97833.71404334136
2026-08-25 04:00:00,97831.84653836724
2026-08-25 05:00:00,97838.12862343728
2026-08-25 06:00:00,97853.6399260179
2026-08-25 07:00:00,97864.22755085377
2026-08-25 08:00:00,97861.62840642946
2026-08-25 09:00:00,97894.2638451886
2026-08-25 10:00:00,97894.21237304952
2026-08-25 11:00:00,97900.96928207325
2026-08-25 12:00:00,97902.38047328634
2026-08-25 13:00:00,97914.43081098667
2026-08-25 14:00:00,97906.46190270272
2026-08-25 15:00:00,97906.2906954239
2026-08-25 16:00:00,97905.50068086482
2026-08-25 17:00:00,97906.85948218724
2026-08-25 18:00:00,97901.9284914392
2026-08-25 19:00:00,97907.65682958935
2026-08-25 20:00:00,97911.04354036893
2026-08-25 21:00:00,97889.67695063572
2026-08-25 22:00:00,97903.82439092887
2026-08-25 23:00:00,97905.96627393505
2026-08-26 00:00:00,97905.88913458445
2026-08-26 01:00:00,97915.52161377692
2026-08-26 02:00:00,97918.20153103692
2026-08-26 03:00:00,97921.01520815543
2026-08-26 04:00:00,97921.6597975525
2026-08-26 05:00:00,97919.29945022157
2026-08-26 06:00:00,97924.32810690998
2026-08-26 07:00:00,97931.30506040445
2026-08-26 08:00:00,97933.98592146047
2026-08-26 09:00:00,97938.11076296245
2026-08-26 10:00:00,97968.08255425823
2026-08-26 11:00:00,97966.19048326694
2026-08-26 12:00:00,97963.75218432001
2026-08-26 13:00:00,97968.49178143643
2026-08-26 14:00:00,97970.05392247895
2026-08-26 15:00:00,97971.77396063626
2026-08-26 16:00:00,97967.21769968752
2026-08-26 17:00:00,97961.58227679445
2026-08-26 18:00:00,97966.56491124802
2026-08-26 19:00:00,97968.57498935716
2026-08-26 20:00:00,97967.0100591995
2026-08-26 21:00:00,97953.21460347773
2026-08-26 22:00:00,97940.88556020033
2026-08-26 23:00:00,97910.36800294612
2026-08-27 00:00:00,97930.3379276999
2026-08-27 01:00:00,97923.55399690352
2026-08-27 02:00:00,97918.23051150225
2026-08-27 03:00:00,97931.1466966408
2026-08-27 04:00:00,97936.97182819399
2026-08-27 05:00:00,97919.88864880707
2026-08-27 06:00:00,97931.8303573888
2026-08-27 07:00:00,97936.6122473126
2026-08-27 08:00:00,97878.92135631877
2026-08-27 09:00:00,97893.55957894231
2026-08-27 10:00:00,97926.86769019
2026-08-27 11:00:00,97922.24502598024
2026-08-27 12:00:00,97915.80631607088
2026-08-27 13:00:00,97901.73943989737
2026-08-27 14:00:00,97895.24881827373
2026-08-27 15:00:00,97893.55813284875
2026-08-27 16:00:00,97873.0548658175
2026-08-27 17:00:00,97876.9100382887
2026-08-27 18:00:00,97872.86382724872
2026-08-27 19:00:00,97859.04878476908
2026-08-27 20:00:00,97865.40190504988
2026-08-27 21:00:00,97866.83662940559
2026-08-27 22:00:00,97868.3380001881
2026-08-27 23:00:00,97866.70829744308
2026-08-28 00:00:00,97866.10070531949
2026-08-28 01:00:00,97882.48024748008
2026-08-28 02:00:00,97886.11456391175
2026-08-28 03:00:00,97885.85055500519
2026-08-28 04:00:00,97887.15698759489
2026-08-28 05:00:00,97890.17603264902
2026-08-28 06:00:00,97888.80230404777
2026-08-28 07:00:00,97892.88733475721
2026-08-28 08:00:00,97891.70029506803
2026-08-28 09:00:00,97895.61650214736
2026-08-28 10:00:00,97901.07310963096
2026-08-28 11:00:00,97897.62986755765
2026-08-28 12:00:00,97899.49038906365
2026-08-28 13:00:00,97891.34412762908
2026-08-28 14:00:00,97879.13392519033
2026-08-28 15:00:00,97883.59773124714
2026-08-28 16:00:00,97889.01338550441
2026-08-28 17:00:00,97901.51345011931
2026-08-28 18:00:00,97919.28040830036
2026-08-28 19:00:00,97915.87950021317
2026-08-28 20:00:00,97901.82571053052
2026-08-28 21:00:00,97911.91853438916
2026-08-28 22:00:00,97909.34834811173
2026-08-28 23:00:00,97910.3462991915
2026-08-29 00:00:00,97911.74862818627
2026-08-29 01:00:00,97908.70880612396
2026-08-29 02:00:00,97908.76150236971
2026-08-29 03:00:00,97908.07528329278
2026-08-29 04:00:00,97907.05230566654
2026-08-29 05:00:00,97901.56270786408
2026-08-29 06:00:00,97909.75117412029
2026-08-29 07:00:00,97909.24455243176
2026-08-29 08:00:00,97911.28169094535
2026-08-29 09:00:00,97913.05374628716
2026-08-29 10:00:00,97909.76402957462
2026-08-29 11:00:00,97910.71539081527
2026-08-29 12:00:00,97907.22746665262
2026-08-29 13:00:00,97905.76052332285
2026-08-29 14:00:00,97886.39892739586
2026-08-29 15:00:00,97892.82997907096
2026-08-29 16:00:00,97901.74754976878
2026-08-29 17:00:00,97902.36414569215
2026-08-29 18:00:00,97899.4913503413
2026-08-29 19:00:00,97894.60960661607
2026-08-29 20:00:00,97895.01582219101
2026-08-29 21:00:00,97901.68348091743
2026-08-29 22:00:00,97896.99343986245
2026-08-29 23:00:00,97895.68170166739
2026-08-30 00:00:00,97900.62726136818
2026-08-30 01:00:00,97901.27018119796
2026-08-30 02:00:00,97899.40834185808
2026-08-30 03:00:00,97903.9337338543
2026-08-30 04:00:00,97902.1361916199
2026-08-30 05:00:00,97900.02437703346
2026-08-30 06:00:00,97896.12620573892
2026-08-30 07:00:00,97905.86837717655
2026-08-30 08:00:00,97906.81089761242
2026-08-30 09:00:00,97910.73545883351
2026-08-30 10:00:00,97907.8539112778
2026-08-30 11:00:00,97905.46065636179
2026-08-30 12:00:00,97899.26085428704
2026-08-30 13:00:00,97886.05641381578
2026-08-30 14:00:00,97894.90959271954
2026-08-30 15:00:00,97907.67082661542
2026-08-30 16:00:00,97899.55514831713
2026-08-30 17:00:00,97924.16920636126
2026-08-30 18:00:00,97908.38469494469
2026-08-30 19:00:00,97926.50416920897
2026-08-30 20:00:00,97953.54145469087
2026-08-30 21:00:00,97980.91121874253
2026-08-30 22:00:00,97995.84238815677
2026-08-30 23:00:00,98082.04312563276
2026-08-31 00:00:00,98071.30910269523
2026-08-31 01:00:00,98103.0817856763
2026-08-31 02:00:00,98096.31414893517
2026-08-31 03:00:00,98081.60918789334
2026-08-31 04:00:00,98084.68545560945
2026-08-31 05:00:00,98058.66058992935
2026-08-31 06:00:00,98058.81994002989
2026-08-31 07:00:00,98053.32389483876
2026-08-31 08:00:00,98065.58581503396
2026-08-31 09:00:00,98070.32307060785
2026-08-31 10:00:00,98055.10155235115
2026-08-31 11:00:00,98044.14252394589
2026-08-31 12:00:00,97991.91042502812
2026-08-31 13:00:00,98003.0351459179
2026-08-31 14:00:00,98001.51313275061
2026-08-31 15:00:00,97996.58513671708
2026-08-31 16:00:00,97992.70518753366
2026-08-31 17:00:00,97995.34463935987
2026-08-31 18:00:00,98005.9807768671
2026-08-31 19:00:00,97988.95186381623
2026-08-31 20:00:00,97995.87883791752
2026-08-31 21:00:00,97993.91169224936
2026-08-31 22:00:00,97991.91738608897
2026-08-31 23:00:00,97991.85497699752
2026-09-01 00:00:00,97988.1668190414
2026-09-01 01:00:00,97997.17513579762
2026-09-01 02:00:00,97999.76252155832
2026-09-01 03:00:00,97991.86223285623
2026-09-01 04:00:00,97999.36333997111
2026-09-01 05:00:00,97994.35467300357
2026-09-01 06:00:00,97992.50279219543
2026-09-01 07:00:00,97990.98805413829
2026-09-01 08:00:00,97994.37929168022
2026-09-01 09:00:00,97986.94518970951
2026-09-01 10:00:00,97981.53340244098
2026-09-01 11:00:00,97975.7159607248
2026-09-01 12:00:00,97988.95071226431
2026-09-01 13:00:00,97985.62393570297
2026-09-01 14:00:00,97982.68246060603
2026-09-01 15:00:00,97979.04664438283
2026-09-01 16:00:00,97980.6040691567
2026-09-01 17:00:00,97981.46770291025
2026-09-01 18:00:00,97975.9363706734
2026-09-01 19:00:00,97982.82391027773
2026-09-01 20:00:00,97984.61717789892
2026-09-01 21:00:00,97982.19251612358
2026-09-01 22:00:00,97989.9390094834
2026-09-01 23:00:00,97987.26046790059
2026-09-02 00:00:00,97995.05140924673
2026-09-02 01:00:00,97995.92605588127
2026-09-02 02:00:00,97996.28927887474
2026-09-02 03:00:00,97995.68459639835
2026-09-02 04:00:00,97996.31985196697
2026-09-02 05:00:00,97992.81182389548
2026-09-02 06:00:00,97995.45026558742
2026-09-02 07:00:00,97992.90376149352
2026-09-02 08:00:00,97999.21677672524
2026-09-02 09:00:00,98005.27212797255
2026-09-02 10:00:00,98008.42421249171
2026-09-02 11:00:00,97999.04542153301
2026-09-02 12:00:00,97999.35404510329
2026-09-02 13:00:00,97990.82211247228
2026-09-02 14:00:00,97999.64200479523
2026-09-02 15:00:00,97993.95265759129
2026-09-02 16:00:00,97989.31864672946
2026-09-02 17:00:00,97992.19068778784
2026-09-02 18:00:00,97993.37172465962
2026-09-02 19:00:00,97988.72470667056
2026-09-02 20:00:00,97981.97498576307
2026-09-02 21:00:00,97985.57105543613
2026-09-02 22:00:00,97982.21258860915
2026-09-02 23:00:00,97992.73813755295
2026-09-03 00:00:00,97980.27711268917
2026-09-03 01:00:00,97972.98175326758
2026-09-03 02:00:00,97981.94873267986
2026-09-03 03:00:00,97978.02723530553
2026-09-03 04:00:00,97987.28763089525
2026-09-03 05:00:00,97977.20574515735
2026-09-03 06:00:00,97987.89275091342
2026-09-03 07:00:00,97971.15216432682
2026-09-03 08:00:00,97969.58098212529
2026-09-03 09:00:00,97964.8683803057
2026-09-03 10:00:00,97964.12013624355
2026-09-03 11:00:00,97962.93299770194
2026-09-03 12:00:00,97951.11340599
2026-09-03 13:00:00,97957.86726680971
2026-09-03 14:00:00,97961.10306349784
2026-09-03 15:00:00,97972.13961711465
2026-09-03 16:00:00,97947.89542180547
2026-09-03 17:00:00,97954.93962073493
2026-09-03 18:00:00,97977.8664413994
2026-09-03 19:00:00,97951.83205433631
2026-09-03 20:00:00,97930.16150236846
2026-09-03 21:00:00,97944.90265394932
2026-09-03 22:00:00,97939.83595921981
2026-09-03 23:00:00,97966.2708743693
2026-09-04 00:00:00,97981.80726258784
2026-09-04 01:00:00,97981.85818822008
2026-09-04 02:00:00,97974.32605954858
2026-09-04 03:00:00,97974.27873047924
2026-09-04 04:00:00,97971.90406780332
2026-09-04 05:00:00,97976.16547458392
2026-09-04 06:00:00,97981.39071246027
2026-09-04 07:00:00,97990.38566702524
2026-09-04 08:00:00,97989.87891981305
2026-09-04 09:00:00,97990.4660881344
2026-09-04 10:00:00,97991.01590453979
2026-09-04 11:00:00,97985.0139276858
2026-09-04 12:00:00,97972.03954224275
2026-09-04 13:00:00,97967.48735223454
2026-09-04 14:00:00,97982.07601111589
2026-09-04 15:00:00,97978.99623821983
2026-09-04 16:00:00,97979.86401714808
2026-09-04 17:00:00,97980.18801220915
2026-09-04 18:00:00,97977.01149378886
2026-09-04 19:00:00,97980.49159264665
2026-09-04 20:00:00,97979.03662802426
2026-09-04 21:00:00,97983.31650459886
2026-09-04 22:00:00,97981.40180415788
2026-09-04 23:00:00,97976.40695915042
2026-09-05 00:00:00,97978.98981724009
2026-09-05 01:00:00,97975.98793811316
2026-09-05 02:00:00,97974.36563997036
2026-09-05 03:00:00,97970.11409625546
2026-09-05 04:00:00,97970.18859082699
2026-09-05 05:00:00,97969.55578716214
2026-09-05 06:00:00,97959.31565111043
2026-09-05 07:00:00,97940.31842317634
2026-09-05 08:00:00,97915.60132315653
2026-09-05 09:00:00,97919.46371395396
2026-09-05 10:00:00,97917.67734873654
2026-09-05 11:00:00,97918.75178883596
2026-09-05 12:00:00,97884.07565917123
2026-09-05 13:00:00,97886.3411064036
2026-09-05 14:00:00,97872.02142006882
2026-09-05 15:00:00,97876.62588260892
2026-09-05 16:00:00,97877.57344056525
2026-09-05 17:00:00,97868.35671348062
2026-09-05 18:00:00,97873.79394572461
2026-09-05 19:00:00,97863.34314181279
2026-09-05 20:00:00,97868.74173228448
2026-09-05 21:00:00,97855.07773395383
2026-09-05 22:00:00,97866.38033827925
2026-09-05 23:00:00,97881.01125057881
2026-09-06 00:00:00,97862.81152108275
2026-09-06 01:00:00,97840.21045769045
2026-09-06 02:00:00,97841.94810483782
2026-09-06 03:00:00,97834.10211960445
2026-09-06 04:00:00,97836.24666570954
2026-09-06 05:00:00,97827.99331472444
2026-09-06 06:00:00,97832.32434710742
2026-09-06 07:00:00,97859.88547363543
2026-09-06 08:00:00,97865.35390387807
2026-09-06 09:00:00,97858.80971522437
2026-09-06 10:00:00,97863.0598500493
2026-09-06 11:00:00,97845.8970207117
2026-09-06 12:00:00,97843.9942015284
2026-09-06 13:00:00,97846.93378447319
2026-09-06 14:00:00,97880.69062486308
2026-09-06 15:00:00,97893.39971737958
2026-09-06 16:00:00,97872.47595780641
2026-09-06 17:00:00,97853.98568223148
2026-09-06 18:00:00,97871.24129653888
2026-09-06 19:00:00,97874.45072801627
2026-09-06 20:00:00,97863.55307994102
2026-09-06 21:00:00,97840.78576811586
2026-09-06 22:00:00,97845.4335866355
2026-09-06 23:00:00,97849.5966892153
2026-09-07 00:00:00,97836.46777999458
2026-09-07 01:00:00,97841.91110415077
2026-09-07 02:00:00,97813.98302354518
2026-09-07 03:00:00,97834.70966856946
2026-09-07 04:00:00,97842.2577015617
2026-09-07 05:00:00,97827.18162292345
2026-09-07 06:00:00,97840.354826671
2026-09-07 07:00:00,97839.10571114492
2026-09-07 08:00:00,97837.56137818871
2026-09-07 09:00:00,97840.8610066718
2026-09-07 10:00:00,97829.5673600956
2026-09-07 11:00:00,97836.27072593165
2026-09-07 12:00:00,97806.61012812212
2026-09-07 13:00:00,97802.25752886373
2026-09-07 14:00:00,97814.32788463705
2026-09-07 15:00:00,97842.63020745557
2026-09-07 16:00:00,97828.31014732087
2026-09-07 17:00:00,97806.3717624109
2026-09-07 18:00:00,97816.17481773083
2026-09-07 19:00:00,97820.76332587605
2026-09-07 20:00:00,97812.5906567549
2026-09-07 21:00:00,97817.16699611451
2026-09-07 22:00:00,97817.78929972406
2026-09-07 23:00:00,97816.17907612743
2026-09-08 00:00:00,97819.64069495266
2026-09-08 01:00:00,97804.18673035284
2026-09-08 02:00:00,97817.16883022829
2026-09-08 03:00:00,97813.06596743212
2026-09-08 04:00:00,97801.53370071972
2026-09-08 05:00:00,97799.94430489629
2026-09-08 06:00:00,97797.63954527081
2026-09-08 07:00:00,97795.57969371638
2026-09-08 08:00:00,97796.04573086379
2026-09-08 09:00:00,97794.58300206477
2026-09-08 10:00:00,97799.96726763282
2026-09-08 11:00:00,97804.6520337325
2026-09-08 12:00:00,97807.41079796833
2026-09-08 13:00:00,97816.11376781826
2026-09-08 14:00:00,97817.14233133018
2026-09-08 15:00:00,97819.74996254672
2026-09-08 16:00:00,97820.61831474045
2026-09-08 17:00:00,97819.03619506866
2026-09-08 18:00:00,97826.3171305276
2026-09-08 19:00:00,97823.74976138838
2026-09-08 20:00:00,97817.52467084248
2026-09-08 21:00:00,97820.9874567317
2026-09-08 22:00:00,97814.85773901784
2026-09-08 23:00:00,97814.57826099714
2026-09-09 00:00:00,97811.93406319192
2026-09-09 01:00:00,97810.22290276406
2026-09-09 02:00:00,97812.33835958585
2026-09-09 03:00:00,97816.24641703552
2026-09-09 04:00:00,97806.37282297494
2026-09-09 05:00:00,97817.57986409854
2026-09-09 06:00:00,97826.1388651524
2026-09-09 07:00:00,97816.24331377225
2026-09-09 08:00:00,97822.87858420139
2026-09-09 09:00:00,97826.65446863345
2026-09-09 10:00:00,97826.55312106552
2026-09-09 11:00:00,97813.39053286947
2026-09-09 12:00:00,97807.10389990069
2026-09-09 13:00:00,97794.26652141596
2026-09-09 14:00:00,97788.38878213604
2026-09-09 15:00:00,97786.85988366851
2026-09-09 16:00:00,97789.75321669257
2026-09-09 17:00:00,97793.04303893697
2026-09-09 18:00:00,97781.42739696
2026-09-09 19:00:00,97756.45371406118
2026-09-09 20:00:00,97776.3042163902
2026-09-09 21:00:00,97772.17496820822
2026-09-09 22:00:00,97753.24218384475
2026-09-09 23:00:00,97774.04438414067
2026-09-10 00:00:00,97772.34237518736
2026-09-10 01:00:00,97777.3591470534
2026-09-10 02:00:00,97776.74350416719
2026-09-10 03:00:00,97779.63064996661
2026-09-10 04:00:00,97783.95362336093
2026-09-10 05:00:00,97783.67333091155
2026-09-10 06:00:00,97787.05176700007
2026-09-10 07:00:00,97783.51375623255
2026-09-10 08:00:00,97781.8428936188
2026-09-10 09:00:00,97783.7899724922
2026-09-10 10:00:00,97783.49833745469
2026-09-10 11:00:00,97783.17779154371
2026-09-10 12:00:00,97753.74291498767
2026-09-10 13:00:00,97792.27047224084
2026-09-10 14:00:00,97790.60810584626
2026-09-10 15:00:00,97789.62249473108
2026-09-10 16:00:00,97792.96423349544
2026-09-10 17:00:00,97783.44950702725
2026-09-10 18:00:00,97771.26982113809
2026-09-10 19:00:00,97773.30485427634
2026-09-10 20:00:00,97785.07338028298
2026-09-10 21:00:00,97778.43463251952
2026-09-10 22:00:00,97786.03598858391
2026-09-10 23:00:00,97780.8889951513
2026-09-11 00:00:00,97763.198392439
2026-09-11 01:00:00,97775.95924213958
2026-09-11 02:00:00,97784.76547053983
2026-09-11 03:00:00,97785.76497645253
2026-09-11 04:00:00,97772.92249514653
2026-09-11 05:00:00,97764.86941955423
2026-09-11 06:00:00,97772.98679267883
2026-09-11 07:00:00,97769.44017308617
2026-09-11 08:00:00,97761.2246633817
2026-09-11 09:00:00,97750.08747309267
2026-09-11 10:00:00,97759.12362978075
2026-09-11 11:00:00,97772.3728335679
2026-09-11 12:00:00,97741.02152983117
2026-09-11 13:00:00,97590.60048460297
2026-09-11 14:00:00,97560.87767525927
2026-09-11 15:00:00,97571.98040123109
2026-09-11 16:00:00,97554.92706207448
2026-09-11 17:00:00,97552.50163835647
2026-09-11 18:00:00,97575.85403828064
2026-09-11 19:00:00,97593.4379192631
2026-09-11 20:00:00,97616.76400333025
2026-09-11 21:00:00,97629.31843240107
2026-09-11 22:00:00,97636.21813966945
2026-09-11 23:00:00,97635.57244184223
2026-09-12 00:00:00,97642.7645425358
2026-09-12 01:00:00,97630.21361312039
2026-09-12 02:00:00,97624.67698188325
2026-09-12 03:00:00,97619.23963092909
2026-09-12 04:00:00,97616.6959634658
2026-09-12 05:00:00,97620.40571025116
2026-09-12 06:00:00,97612.79267914227
2026-09-12 07:00:00,97599.41190467415
2026-09-12 08:00:00,97587.912527507
2026-09-12 09:00:00,97593.45338167257
2026-09-12 10:00:00,97584.6235162161
2026-09-12 11:00:00,97577.28136659155
2026-09-12 12:00:00,97578.76943127449
2026-09-12 13:00:00,97565.49402860606
2026-09-12 14:00:00,97584.83183584611
2026-09-12 15:00:00,97585.56278822797
2026-09-12 16:00:00,97595.33674433581
2026-09-12 17:00:00,97595.2572971324
2026-09-12 18:00:00,97602.03505725069
2026-09-12 19:00:00,97616.92865533936
2026-09-12 20:00:00,97618.06296406085
2026-09-12 21:00:00,97620.11673995676
2026-09-12 22:00:00,97615.76975465765
2026-09-12 23:00:00,97610.9657541158
2026-09-13 00:00:00,97611.19504390883
2026-09-13 01:00:00,97604.44728748333
2026-09-13 02:00:00,97615.93289341651
2026-09-13 03:00:00,97614.51312593652
2026-09-13 04:00:00,97617.65845534044
2026-09-13 05:00:00,97622.70321757878
2026-09-13 06:00:00,97638.4472173391
2026-09-13 07:00:00,97639.38996682073
2026-09-13 08:00:00,97658.05836283248
2026-09-13 09:00:00,97657.90876822211
2026-09-13 10:00:00,97653.73173917078
2026-09-13 11:00:00,97655.32312539512
2026-09-13 12:00:00,97656.01284757015
2026-09-13 13:00:00,97646.61555092366
2026-09-13 14:00:00,97653.78187353551
2026-09-13 15:00:00,97656.89445572857
2026-09-13 16:00:00,97655.07189789008
2026-09-13 17:00:00,97653.04418595645
2026-09-13 18:00:00,97651.25138077923
2026-09-13 19:00:00,97653.64623084872
2026-09-13 20:00:00,97648.41702359128
2026-09-13 21:00:00,97647.31545936108
2026-09-13 22:00:00,97651.87027461792
2026-09-13 23:00:00,97662.50620784432
2026-09-14 00:00:00,97654.2803557381
2026-09-14 01:00:00,97655.9423389495
2026-09-14 02:00:00,97655.21227934456
2026-09-14 03:00:00,97659.60438988046
2026-09-14 04:00:00,97654.06929321337
2026-09-14 05:00:00,97653.0251145589
2026-09-14 06:00:00,97647.74037788202
2026-09-14 07:00:00,97656.3635545517
2026-09-14 08:00:00,97653.83577064046
2026-09-14 09:00:00,97645.39673640217
2026-09-14 10:00:00,97632.31463081208
2026-09-14 11:00:00,97636.11990050708
2026-09-14 12:00:00,97634.19843496346
2026-09-14 13:00:00,97594.27575349924
2026-09-14 14:00:00,97572.63944122185
2026-09-14 15:00:00,97581.92423875029
2026-09-14 16:00:00,97617.293200489
2026-09-14 17:00:00,97610.28828600436
2026-09-14 18:00:00,97600.27048586062
2026-09-14 19:00:00,97626.47343187028
2026-09-14 20:00:00,97683.5583054155
2026-09-14 21:00:00,97680.75189895177
2026-09-14 22:00:00,97674.11905522806
2026-09-14 23:00:00,97664.16394329212
2026-09-15 00:00:00,97662.65594192568
2026-09-15 01:00:00,97662.3353069031
2026-09-15 02:00:00,97661.39518760171
2026-09-15 03:00:00,97654.43417399086
2026-09-15 04:00:00,97641.53564503913
2026-09-15 05:00:00,97652.91888201759
2026-09-15 06:00:00,97653.40165194479
2026-09-15 07:00:00,97652.57921305623
2026-09-15 08:00:00,97647.87418312504
2026-09-15 09:00:00,97636.28891962659
2026-09-15 10:00:00,97653.48877422027
2026-09-15 11:00:00,97628.9548186535
2026-09-15 12:00:00,97613.15492109064
2026-09-15 13:00:00,97586.3654520245
2026-09-15 14:00:00,97559.44856870937
2026-09-15 15:00:00,97558.96881175524
2026-09-15 16:00:00,97559.58437533816
2026-09-15 17:00:00,97557.09313622348
2026-09-15 18:00:00,97618.53027675064
2026-09-15 19:00:00,97665.0121136555
2026-09-15 20:00:00,97658.39076255827
2026-09-15 21:00:00,97661.25668603736
2026-09-15 22:00:00,97655.98180774001
2026-09-15 23:00:00,97662.18048140894
2026-09-16 00:00:00,97655.81269055064
2026-09-16 01:00:00,97662.14348251748
2026-09-16 02:00:00,97655.79058383546
2026-09-16 03:00:00,97645.48830714969
2026-09-16 04:00:00,97641.62402878745
2026-09-16 05:00:00,97647.77327170964
2026-09-16 06:00:00,97645.46253055835
2026-09-16 07:00:00,97653.07047542732
2026-09-16 08:00:00,97665.37907745231
2026-09-16 09:00:00,97653.2129399391
2026-09-16 10:00:00,97657.21941619233
2026-09-16 11:00:00,97673.52804652839
2026-09-16 12:00:00,97673.62886460956
2026-09-16 13:00:00,97672.84370165695
2026-09-16 14:00:00,97674.45272754673
2026-09-16 15:00:00,97675.80162126853
2026-09-16 16:00:00,97675.31475329852
2026-09-16 17:00:00,97678.81009959221
2026-09-16 18:00:00,97676.26287661382
2026-09-16 19:00:00,97651.4728875926
2026-09-16 20:00:00,97661.52984196716
2026-09-16 21:00:00,97669.51028504809
2026-09-16 22:00:00,97663.63866659875
2026-09-16 23:00:00,97660.0442817417
2026-09-17 00:00:00,97670.73293714678
2026-09-17 01:00:00,97666.77814179145
2026-09-17 02:00:00,97668.52197605881
2026-09-17 03:00:00,97671.53680080205
2026-09-17 04:00:00,97672.78096523922
2026-09-17 05:00:00,97670.79107750303
2026-09-17 06:00:00,97666.3241790927
2026-09-17 07:00:00,97667.9836615604
2026-09-17 08:00:00,97672.94302567751
2026-09-17 09:00:00,97680.04042584251
2026-09-17 10:00:00,97679.4987349782
2026-09-17 11:00:00,97676.2229022472
2026-09-17 12:00:00,97671.94428467636
2026-09-17 13:00:00,97671.0235947127
2026-09-17 14:00:00,97666.62413463014
2026-09-17 15:00:00,97660.53086986522
2026-09-17 16:00:00,97663.06076321323
2026-09-17 17:00:00,97686.88765690319
2026-09-17 18:00:00,97706.11669775497
2026-09-17 19:00:00,97719.46004725715
2026-09-17 20:00:00,97703.15905356503
2026-09-17 21:00:00,97714.74910756158
2026-09-17 22:00:00,97720.38983363463
2026-09-17 23:00:00,97718.97981616415
2026-09-18 00:00:00,97710.75371422718
2026-09-18 01:00:00,97721.86888739694
2026-09-18 02:00:00,97727.10290725692
2026-09-18 03:00:00,97729.59385776559
2026-09-18 04:00:00,97745.26199443547
2026-09-18 05:00:00,97749.37971646035
2026-09-18 06:00:00,97751.80688076068
2026-09-18 07:00:00,97740.62092542506
2026-09-18 08:00:00,97738.46378703568
2026-09-18 09:00:00,97751.29469706154
2026-09-18 10:00:00,97757.98178513632
2026-09-18 11:00:00,97754.20355095067
2026-09-18 12:00:00,97735.90684146748
2026-09-18 13:00:00,97691.60476930003
2026-09-18 14:00:00,97636.7724664234
2026-09-18 15:00:00,97664.67124781122
2026-09-18 16:00:00,97695.18079983284
2026-09-18 17:00:00,97685.63951900536
2026-09-18 18:00:00,97709.68309550837
2026-09-18 19:00:00,97662.52470072331
2026-09-18 20:00:00,97681.86150805994
2026-09-18 21:00:00,97689.3261652872
2026-09-18 22:00:00,97685.58061200095
2026-09-18 23:00:00,97684.67357341616
2026-09-19 00:00:00,97680.65070605998
2026-09-19 01:00:00,97659.9563977387
2026-09-19 02:00:00,97663.80070471927
2026-09-19 03:00:00,97657.38497890113
2026-09-19 04:00:00,97674.07562110615
2026-09-19 05:00:00,97672.65076522277
2026-09-19 06:00:00,97679.80372946805
2026-09-19 07:00:00,97700.38878322586
2026-09-19 08:00:00,97701.81273874614
2026-09-19 09:00:00,97709.2692936131
2026-09-19 10:00:00,97701.5205529161
2026-09-19 11:00:00,97677.09330104651
2026-09-19 12:00:00,97681.61372229924
2026-09-19 13:00:00,97678.28200767757
2026-09-19 14:00:00,97680.09474033341
2026-09-19 15:00:00,97695.58124245254
2026-09-19 16:00:00,97696.07868486107
2026-09-19 17:00:00,97703.07681016668
2026-09-19 18:00:00,97698.41653776419
2026-09-19 19:00:00,97696.29501301119
2026-09-19 20:00:00,97691.85273440774
2026-09-19 21:00:00,97721.3479059456
2026-09-19 22:00:00,97715.40847176334
2026-09-19 23:00:00,97718.27237530111
2026-09-20 00:00:00,97723.20839600239
2026-09-20 01:00:00,97734.66546461165
2026-09-20 02:00:00,97755.21081148008
2026-09-20 03:00:00,97751.38749859357
2026-09-20 04:00:00,97728.66322170371
2026-09-20 05:00:00,97723.83866961504
2026-09-20 06:00:00,97729.3076052017
2026-09-20 07:00:00,97737.10729376569
2026-09-20 08:00:00,97745.20354086612
2026-09-20 09:00:00,97737.0470388379
2026-09-20 10:00:00,97732.39133939662
2026-09-20 11:00:00,97731.98731425607
