datetime,open,high,low,close,volume
2025-10-24 00:00:00,2.3948,2.41,2.3863,2.4067,8850679.3
2025-10-24 04:00:00,2.4067,2.4495,2.4038,2.4406,17428094.7
2025-10-24 08:00:00,2.4406,2.4641,2.4339,2.4559,12797331.9
2025-10-24 12:00:00,2.456,2.5146,2.4559,2.4793,40180425.6
2025-10-24 16:00:00,2.4793,2.5135,2.46,2.5006,19722825.6
2025-10-24 20:00:00,2.5006,2.516,2.4968,2.5103,13072567.9
2025-10-25 00:00:00,2.5103,2.5609,2.5021,2.5401,18178339.0
2025-10-25 04:00:00,2.54,2.5712,2.5369,2.543,13446343.9
2025-10-25 08:00:00,2.5429,2.5707,2.5283,2.5643,12530187.0
2025-10-25 12:00:00,2.5643,2.6203,2.56,2.5978,20711903.0
2025-10-25 16:00:00,2.5977,2.6542,2.5879,2.6046,20278317.2
2025-10-25 20:00:00,2.6047,2.6181,2.5891,2.5959,10684470.3
2025-10-26 00:00:00,2.5958,2.6286,2.592,2.6015,11063242.3
2025-10-26 04:00:00,2.6016,2.6271,2.5995,2.6241,6761461.3
2025-10-26 08:00:00,2.6241,2.6624,2.6178,2.6469,18951622.1
2025-10-26 12:00:00,2.6469,2.6568,2.6291,2.641,14274165.1
2025-10-26 16:00:00,2.641,2.6417,2.6082,2.6143,12731831.8
2025-10-26 20:00:00,2.6144,2.662,2.5975,2.6461,19898794.1
2025-10-27 00:00:00,2.646,2.6699,2.6222,2.6354,19596968.1
2025-10-27 04:00:00,2.6353,2.6749,2.626,2.6301,16910066.7
2025-10-27 08:00:00,2.6301,2.6389,2.6051,2.6257,16283111.9
2025-10-27 12:00:00,2.6257,2.665,2.6013,2.6612,20674795.9
2025-10-27 16:00:00,2.6612,2.6975,2.6545,2.6693,24681645.3
2025-10-27 20:00:00,2.6692,2.6692,2.6236,2.634,15813744.1
2025-10-28 00:00:00,2.634,2.652,2.6084,2.6312,12941581.2
2025-10-28 04:00:00,2.6312,2.6624,2.6123,2.6382,14852478.0
2025-10-28 08:00:00,2.6383,2.6684,2.6354,2.6414,12078143.4
2025-10-28 12:00:00,2.6414,2.6887,2.6035,2.636,30542372.9
2025-10-28 16:00:00,2.6359,2.6798,2.6126,2.6424,21502605.0
2025-10-28 20:00:00,2.6425,2.6435,2.5675,2.6034,31795106.7
2025-10-29 00:00:00,2.6034,2.6278,2.5993,2.6086,12659145.9
2025-10-29 04:00:00,2.6086,2.6359,2.6068,2.6345,7683623.7
2025-10-29 08:00:00,2.6344,2.6605,2.6212,2.6499,14114102.4
2025-10-29 12:00:00,2.6499,2.664,2.6143,2.6266,16904321.9
2025-10-29 16:00:00,2.6267,2.6604,2.5471,2.587,52292612.4
2025-10-29 20:00:00,2.5871,2.6179,2.537,2.5502,24129284.1
2025-10-30 00:00:00,2.5502,2.5894,2.5285,2.5793,15157125.1
2025-10-30 04:00:00,2.5794,2.5944,2.4871,2.5834,30584436.1
2025-10-30 08:00:00,2.5835,2.5897,2.5418,2.5442,11209517.9
2025-10-30 12:00:00,2.5442,2.5513,2.4449,2.4539,40415476.8
2025-10-30 16:00:00,2.4539,2.471,2.378,2.3853,28504107.3
2025-10-30 20:00:00,2.3853,2.4417,2.3769,2.4393,25762489.7
2025-10-31 00:00:00,2.4393,2.4821,2.4311,2.4706,20893857.2
2025-10-31 04:00:00,2.4706,2.4932,2.4682,2.4754,13868010.3
2025-10-31 08:00:00,2.4755,2.5161,2.4665,2.5145,14116537.5
2025-10-31 12:00:00,2.5144,2.5505,2.4926,2.5238,34685298.6
2025-10-31 16:00:00,2.5237,2.5546,2.4841,2.5438,22675164.0
2025-10-31 20:00:00,2.5437,2.5437,2.5025,2.5097,9370463.1
2025-11-01 00:00:00,2.5096,2.5196,2.4893,2.5164,7828144.9
2025-11-01 04:00:00,2.5164,2.5233,2.4981,2.5061,4377732.7
2025-11-01 08:00:00,2.5061,2.515,2.5001,2.5006,7119686.1
2025-11-01 12:00:00,2.5006,2.5066,2.476,2.5016,11785798.3
2025-11-01 16:00:00,2.5016,2.5144,2.4955,2.506,6576465.3
2025-11-01 20:00:00,2.5061,2.5129,2.4902,2.5053,3864085.5
2025-11-02 00:00:00,2.5053,2.5129,2.4946,2.5067,6073604.6
2025-11-02 04:00:00,2.5067,2.5366,2.5058,2.5351,7105444.3
2025-11-02 08:00:00,2.5351,2.5549,2.5097,2.5416,12418535.9
2025-11-02 12:00:00,2.5416,2.5517,2.5,2.5004,10494191.9
2025-11-02 16:00:00,2.5003,2.5053,2.478,2.4888,8114643.5
2025-11-02 20:00:00,2.4887,2.5318,2.4844,2.5267,7349537.4
2025-11-03 00:00:00,2.5267,2.5322,2.4259,2.4294,20145286.2
2025-11-03 04:00:00,2.4295,2.4534,2.3877,2.4139,20400099.8
2025-11-03 08:00:00,2.4138,2.4285,2.3817,2.4019,21986421.1
2025-11-03 12:00:00,2.402,2.4301,2.2925,2.3279,46657911.5
2025-11-03 16:00:00,2.328,2.3951,2.3193,2.3241,30380012.5
2025-11-03 20:00:00,2.3242,2.3298,2.2631,2.3096,34955739.0
2025-11-04 00:00:00,2.3095,2.3635,2.2998,2.3565,25715517.6
2025-11-04 04:00:00,2.3565,2.3655,2.2322,2.2434,55376631.4
2025-11-04 08:00:00,2.2434,2.2845,2.2296,2.281,38224071.9
2025-11-04 12:00:00,2.281,2.3273,2.2422,2.2829,40861718.7
2025-11-04 16:00:00,2.2829,2.2962,2.1549,2.1696,78940494.9
2025-11-04 20:00:00,2.1695,2.2293,2.0665,2.2053,107440473.0
2025-11-05 00:00:00,2.2053,2.2532,2.1015,2.2372,54596020.2
2025-11-05 04:00:00,2.2371,2.2606,2.2257,2.2463,26976113.5
2025-11-05 08:00:00,2.2462,2.2462,2.2047,2.2367,20758624.5
2025-11-05 12:00:00,2.2367,2.2879,2.2306,2.2764,40305793.8
2025-11-05 16:00:00,2.2764,2.3264,2.2539,2.3225,32661110.1
2025-11-05 20:00:00,2.3224,2.3766,2.3176,2.3432,32535344.8
2025-11-06 00:00:00,2.3432,2.416,2.3093,2.3588,32806369.9
2025-11-06 04:00:00,2.3588,2.3647,2.3117,2.3262,17770098.0
2025-11-06 08:00:00,2.3261,2.3336,2.2877,2.3005,22585584.0
2025-11-06 12:00:00,2.3006,2.3104,2.2279,2.2343,34428251.0
2025-11-06 16:00:00,2.2343,2.2509,2.203,2.2116,37167374.5
2025-11-06 20:00:00,2.2116,2.2252,2.1796,2.213,27966635.3
2025-11-07 00:00:00,2.213,2.2371,2.192,2.2291,21760263.4
2025-11-07 04:00:00,2.2292,2.2397,2.2116,2.2335,13482578.9
2025-11-07 08:00:00,2.2335,2.2345,2.1635,2.1879,23320798.7
2025-11-07 12:00:00,2.1879,2.2208,2.1536,2.2129,34421568.4
2025-11-07 16:00:00,2.2129,2.3556,2.2012,2.3529,55140337.5
2025-11-07 20:00:00,2.3529,2.3729,2.3113,2.3154,29878390.4
2025-11-08 00:00:00,2.3155,2.3381,2.2991,2.3186,23073657.9
2025-11-08 04:00:00,2.3187,2.336,2.2945,2.3224,15610272.7
2025-11-08 08:00:00,2.3224,2.3337,2.2906,2.2957,9451532.6
2025-11-08 12:00:00,2.2958,2.3026,2.2424,2.2559,16039407.8
2025-11-08 16:00:00,2.256,2.2792,2.251,2.2732,11357221.9
2025-11-08 20:00:00,2.2732,2.2896,2.2718,2.2863,8124163.2
2025-11-09 00:00:00,2.2864,2.2871,2.2392,2.2539,10338774.8
2025-11-09 04:00:00,2.2539,2.2989,2.2525,2.2958,9414451.5
2025-11-09 08:00:00,2.2957,2.2961,2.2523,2.2751,10455838.5
2025-11-09 12:00:00,2.2751,2.3337,2.2671,2.3145,23740411.0
2025-11-09 16:00:00,2.3146,2.3497,2.3008,2.349,12664365.6
2025-11-09 20:00:00,2.3491,2.395,2.3236,2.3662,19398556.6
2025-11-10 00:00:00,2.3662,2.4779,2.3462,2.4613,41448518.3
2025-11-10 04:00:00,2.4614,2.4928,2.4396,2.4806,24015953.5
2025-11-10 08:00:00,2.4806,2.5731,2.4696,2.541,38713541.2
2025-11-10 12:00:00,2.541,2.57,2.4985,2.5296,39610027.6
2025-11-10 16:00:00,2.5297,2.5639,2.5135,2.5491,26907980.2
2025-11-10 20:00:00,2.549,2.5808,2.5115,2.526,26782374.5
2025-11-11 00:00:00,2.526,2.57,2.5138,2.5301,23453322.7
2025-11-11 04:00:00,2.53,2.5325,2.445,2.4477,32158693.1
2025-11-11 08:00:00,2.4478,2.4703,2.44,2.4605,13909687.5
2025-11-11 12:00:00,2.4605,2.4706,2.4261,2.4368,22271898.3
2025-11-11 16:00:00,2.4367,2.4421,2.4101,2.4161,15780818.0
2025-11-11 20:00:00,2.4161,2.4227,2.3787,2.3915,18964472.1
2025-11-12 00:00:00,2.3915,2.4146,2.3813,2.3989,16413513.2
2025-11-12 04:00:00,2.399,2.4087,2.3645,2.3734,16702919.1
2025-11-12 08:00:00,2.3734,2.4389,2.3723,2.4383,23621332.9
2025-11-12 12:00:00,2.4383,2.4491,2.3635,2.3684,30291807.9
2025-11-12 16:00:00,2.3684,2.3738,2.3166,2.338,32668192.1
2025-11-12 20:00:00,2.3379,2.3947,2.3335,2.3879,21462030.4
2025-11-13 00:00:00,2.3878,2.5124,2.3827,2.4838,33582412.8
2025-11-13 04:00:00,2.4837,2.5202,2.4513,2.4874,40230031.3
2025-11-13 08:00:00,2.4873,2.5264,2.4726,2.4951,28290808.3
2025-11-13 12:00:00,2.4952,2.5183,2.4204,2.4348,51970139.6
2025-11-13 16:00:00,2.4347,2.4439,2.3113,2.3151,62315867.5
2025-11-13 20:00:00,2.315,2.3463,2.2757,2.3225,51875145.0
2025-11-14 00:00:00,2.3225,2.338,2.2896,2.3151,26322833.5
2025-11-14 04:00:00,2.3151,2.3272,2.2454,2.3074,41078022.0
2025-11-14 08:00:00,2.3074,2.3098,2.256,2.2684,26279699.7
2025-11-14 12:00:00,2.2683,2.3271,2.2263,2.3127,74722517.1
2025-11-14 16:00:00,2.3128,2.3416,2.2761,2.3121,29252621.3
2025-11-14 20:00:00,2.3121,2.3163,2.2256,2.2443,22722125.0
2025-11-15 00:00:00,2.2443,2.3034,2.2428,2.2946,13427027.0
2025-11-15 04:00:00,2.2946,2.2963,2.2731,2.2857,15050241.4
2025-11-15 08:00:00,2.2856,2.2869,2.2423,2.2582,14187684.0
2025-11-15 12:00:00,2.2582,2.2791,2.2454,2.2549,13980851.7
2025-11-15 16:00:00,2.2549,2.2713,2.2289,2.2566,13197542.4
2025-11-15 20:00:00,2.2566,2.2616,2.2111,2.2372,14629907.7
2025-11-16 00:00:00,2.2372,2.2565,2.1893,2.25,21987991.0
2025-11-16 04:00:00,2.25,2.2699,2.2388,2.2672,10891741.3
2025-11-16 08:00:00,2.2672,2.28,2.2304,2.2354,12592648.8
2025-11-16 12:00:00,2.2355,2.2465,2.1832,2.187,25304347.7
2025-11-16 16:00:00,2.1869,2.2322,2.1558,2.2164,32734498.3
2025-11-16 20:00:00,2.2164,2.2305,2.1648,2.2149,22743279.1
2025-11-17 00:00:00,2.2148,2.264,2.1983,2.2574,21295752.0
2025-11-17 04:00:00,2.2574,2.2695,2.2399,2.2642,15246380.7
2025-11-17 08:00:00,2.2643,2.2847,2.259,2.2718,15811191.0
2025-11-17 12:00:00,2.2719,2.3077,2.1944,2.2094,64035974.9
2025-11-17 16:00:00,2.2094,2.2221,2.1205,2.127,65544956.3
2025-11-17 20:00:00,2.1269,2.1731,2.1146,2.1637,31991585.4
2025-11-18 00:00:00,2.1637,2.1766,2.1064,2.1645,41928821.6
2025-11-18 04:00:00,2.1645,2.1783,2.1252,2.1614,28645713.3
2025-11-18 08:00:00,2.1613,2.2031,2.1613,2.1836,29879583.7
2025-11-18 12:00:00,2.1836,2.2294,2.1505,2.2136,46409991.9
2025-11-18 16:00:00,2.2137,2.2399,2.2014,2.2282,24093432.1
2025-11-18 20:00:00,2.2282,2.2413,2.2029,2.2172,17069178.1
2025-11-19 00:00:00,2.2171,2.2196,2.1811,2.1846,17163340.1
2025-11-19 04:00:00,2.1846,2.1881,2.127,2.1683,30012406.0
2025-11-19 08:00:00,2.1682,2.1705,2.1298,2.1315,22422679.2
2025-11-19 12:00:00,2.1314,2.1494,2.0795,2.0859,42236310.1
2025-11-19 16:00:00,2.0858,2.1019,2.0293,2.0369,66460575.0
2025-11-19 20:00:00,2.0369,2.1164,2.0244,2.1098,59365305.3
2025-11-20 00:00:00,2.1097,2.1397,2.0963,2.1339,24644462.2
2025-11-20 04:00:00,2.134,2.1498,2.1187,2.1399,22454910.6
2025-11-20 08:00:00,2.14,2.1414,2.1078,2.1158,22035466.5
2025-11-20 12:00:00,2.1158,2.1439,2.0823,2.0855,48586567.8
2025-11-20 16:00:00,2.0854,2.0875,1.9743,2.0074,128317436.0
2025-11-20 20:00:00,2.0073,2.053,1.9869,1.9999,49193424.8
2025-11-21 00:00:00,1.9998,2.0308,1.9581,1.9798,35528482.6
2025-11-21 04:00:00,1.9797,1.996,1.8467,1.9191,63445946.3
2025-11-21 08:00:00,1.9192,1.9693,1.8741,1.8758,69104709.0
2025-11-21 12:00:00,1.8758,1.9657,1.8209,1.9111,99217877.1
2025-11-21 16:00:00,1.9111,1.9984,1.8859,1.9484,48937788.8
2025-11-21 20:00:00,1.9484,1.9657,1.9,1.9509,32817387.8
2025-11-22 00:00:00,1.9509,1.9637,1.9313,1.9488,15707944.9
2025-11-22 04:00:00,1.9489,1.9577,1.9136,1.9531,15205173.3
2025-11-22 08:00:00,1.9532,1.9532,1.8947,1.9172,22166624.2
2025-11-22 12:00:00,1.9173,1.9393,1.889,1.9291,16662563.3
2025-11-22 16:00:00,1.9291,1.9517,1.9217,1.9278,12831220.4
2025-11-22 20:00:00,1.9277,1.9671,1.9203,1.9509,9934129.5
2025-11-23 00:00:00,1.9508,2.0505,1.9497,2.0307,31741802.3
2025-11-23 04:00:00,2.0307,2.076,2.0165,2.0262,31161678.2
2025-11-23 08:00:00,2.0263,2.0523,2.0225,2.0312,12230434.2
2025-11-23 12:00:00,2.0312,2.0663,2.0297,2.0625,24427883.7
2025-11-23 16:00:00,2.0624,2.0803,2.0404,2.0749,18884861.3
2025-11-23 20:00:00,2.0749,2.0846,2.0425,2.0491,17577940.3
2025-11-24 00:00:00,2.0491,2.1077,2.0238,2.0865,26455218.5
2025-11-24 04:00:00,2.0865,2.1032,2.0455,2.0635,18879987.6
2025-11-24 08:00:00,2.0635,2.0786,2.0387,2.0587,18073109.9
2025-11-24 12:00:00,2.0587,2.1027,2.0484,2.0908,36193264.5
2025-11-24 16:00:00,2.0907,2.2389,2.0872,2.235,63987198.9
2025-11-24 20:00:00,2.235,2.2868,2.2213,2.2276,45918740.7
2025-11-25 00:00:00,2.2276,2.2652,2.2257,2.2435,23416653.8
2025-11-25 04:00:00,2.2434,2.2587,2.216,2.2164,15949917.0
2025-11-25 08:00:00,2.2165,2.2209,2.1855,2.196,31245894.7
2025-11-25 12:00:00,2.1961,2.2357,2.1589,2.1884,37702561.3
2025-11-25 16:00:00,2.1883,2.2099,2.1482,2.1722,23551036.1
2025-11-25 20:00:00,2.1723,2.2175,2.1655,2.2024,23050868.4
2025-11-26 00:00:00,2.2023,2.2139,2.1735,2.1768,11891686.9
2025-11-26 04:00:00,2.1768,2.2066,2.1711,2.2054,9531005.7
2025-11-26 08:00:00,2.2055,2.207,2.1691,2.1714,13529380.0
2025-11-26 12:00:00,2.1714,2.1805,2.1447,2.172,28662785.0
2025-11-26 16:00:00,2.1721,2.2547,2.1712,2.2324,34054634.8
2025-11-26 20:00:00,2.2323,2.2358,2.212,2.2233,12567709.9
2025-11-27 00:00:00,2.2232,2.2347,2.207,2.2102,15307125.8
2025-11-27 04:00:00,2.2101,2.2213,2.1952,2.2047,13992417.0
2025-11-27 08:00:00,2.2047,2.2095,2.1845,2.1896,13472443.0
2025-11-27 12:00:00,2.1895,2.2034,2.1727,2.2028,16137538.2
2025-11-27 16:00:00,2.2028,2.231,2.1984,2.2239,13643864.8
2025-11-27 20:00:00,2.2238,2.2337,2.196,2.1999,10137831.8
2025-11-28 00:00:00,2.2,2.2044,2.1664,2.1856,14627631.4
2025-11-28 04:00:00,2.1856,2.2222,2.1812,2.1968,13467892.5
2025-11-28 08:00:00,2.1969,2.2496,2.185,2.1972,29199848.8
2025-11-28 12:00:00,2.1971,2.2752,2.1893,2.2453,37505399.7
2025-11-28 16:00:00,2.2454,2.2517,2.1565,2.1882,33741259.6
2025-11-28 20:00:00,2.1881,2.192,2.172,2.1795,12350836.9
2025-11-29 00:00:00,2.1795,2.1881,2.1726,2.1859,5447982.5
2025-11-29 04:00:00,2.1859,2.1898,2.1666,2.1797,7569292.0
2025-11-29 08:00:00,2.1796,2.2147,2.1741,2.2112,8062639.5
2025-11-29 12:00:00,2.2113,2.2231,2.1922,2.2186,17259956.0
2025-11-29 16:00:00,2.2187,2.2217,2.1898,2.194,13152282.8
2025-11-29 20:00:00,2.194,2.2149,2.1872,2.2009,5534631.3
2025-11-30 00:00:00,2.201,2.2126,2.1882,2.2064,6292855.2
2025-11-30 04:00:00,2.2065,2.2093,2.1914,2.1994,3618005.1
2025-11-30 08:00:00,2.1993,2.2099,2.1824,2.1881,8756219.6
2025-11-30 12:00:00,2.1881,2.2079,2.1846,2.1966,10469984.0
2025-11-30 16:00:00,2.1966,2.215,2.1955,2.1995,5713403.6
2025-11-30 20:00:00,2.1995,2.2035,2.1524,2.155,17632421.4
2025-12-01 00:00:00,2.1549,2.1609,2.0417,2.0499,51193429.9
2025-12-01 04:00:00,2.0499,2.0589,2.0168,2.0568,26829949.0
2025-12-01 08:00:00,2.0567,2.0606,2.0316,2.034,13604221.3
2025-12-01 12:00:00,2.034,2.0492,1.9835,2.0073,33421318.7
2025-12-01 16:00:00,2.0073,2.0127,1.9866,1.9949,16625531.6
2025-12-01 20:00:00,1.9948,2.0447,1.9939,2.0297,32245102.6
2025-12-02 00:00:00,2.0297,2.0437,2.0021,2.0207,16258173.1
2025-12-02 04:00:00,2.0207,2.0279,2.0094,2.0171,10156596.6
2025-12-02 08:00:00,2.0172,2.0418,1.995,2.0369,13119330.7
2025-12-02 12:00:00,2.0368,2.1653,2.0266,2.1554,40802957.4
2025-12-02 16:00:00,2.1554,2.1831,2.1344,2.1743,29351299.1
2025-12-02 20:00:00,2.1742,2.1777,2.1473,2.1532,22775952.0
2025-12-03 00:00:00,2.1531,2.1912,2.1414,2.1762,17602983.3
2025-12-03 04:00:00,2.1763,2.219,2.1731,2.1914,25355763.5
2025-12-03 08:00:00,2.1914,2.1955,2.1668,2.1764,12051963.9
2025-12-03 12:00:00,2.1764,2.1993,2.1425,2.1689,23490686.8
2025-12-03 16:00:00,2.1689,2.193,2.1582,2.1863,13975813.0
2025-12-03 20:00:00,2.1863,2.2143,2.1823,2.1976,19030663.9
2025-12-04 00:00:00,2.1976,2.2146,2.1869,2.195,10970746.8
2025-12-04 04:00:00,2.195,2.2,2.1657,2.1725,14198020.0
2025-12-04 08:00:00,2.1725,2.1789,2.1426,2.151,13456419.8
2025-12-04 12:00:00,2.1511,2.1576,2.1143,2.1529,26108951.6
2025-12-04 16:00:00,2.153,2.1581,2.0691,2.0975,26013435.5
2025-12-04 20:00:00,2.0975,2.1108,2.0864,2.096,10344943.9
2025-12-05 00:00:00,2.096,2.113,2.0876,2.0909,9335302.1
2025-12-05 04:00:00,2.0909,2.0986,2.0764,2.0933,8856339.5
2025-12-05 08:00:00,2.0933,2.0936,2.0541,2.069,17333073.5
2025-12-05 12:00:00,2.069,2.0999,2.0567,2.076,19690753.1
2025-12-05 16:00:00,2.076,2.0777,2.0125,2.0374,31743317.9
2025-12-05 20:00:00,2.0373,2.0379,2.0197,2.0344,8379296.8
2025-12-06 00:00:00,2.0344,2.0424,2.0178,2.0388,7363938.9
2025-12-06 04:00:00,2.0389,2.0504,2.0281,2.0303,6383351.6
2025-12-06 08:00:00,2.0304,2.0332,2.0154,2.0321,8042146.1
2025-12-06 12:00:00,2.0321,2.0474,2.0221,2.0299,10967908.3
2025-12-06 16:00:00,2.0298,2.0392,2.0204,2.0255,6058813.1
2025-12-06 20:00:00,2.0255,2.0372,2.0229,2.0309,4752866.8
2025-12-07 00:00:00,2.031,2.0723,2.0295,2.0685,6384909.3
2025-12-07 04:00:00,2.0685,2.0738,2.0283,2.0309,6326818.1
2025-12-07 08:00:00,2.0309,2.0362,2.0244,2.0338,5229749.9
2025-12-07 12:00:00,2.0338,2.0557,1.9894,2.0527,24973021.2
2025-12-07 16:00:00,2.0527,2.1109,2.0381,2.0871,23471728.7
2025-12-07 20:00:00,2.0872,2.0937,2.0123,2.0442,17400632.6
2025-12-08 00:00:00,2.0442,2.0912,2.0319,2.0719,12410926.2
2025-12-08 04:00:00,2.072,2.0946,2.0697,2.0866,7678432.2
2025-12-08 08:00:00,2.0865,2.1239,2.0811,2.0904,16102388.1
2025-12-08 12:00:00,2.0904,2.1119,2.0674,2.0756,31677547.4
2025-12-08 16:00:00,2.0756,2.0875,2.0628,2.0779,10972595.8
2025-12-08 20:00:00,2.0779,2.0941,2.0695,2.0724,9207901.2
2025-12-09 00:00:00,2.0723,2.0827,2.0568,2.0698,7425728.7
2025-12-09 04:00:00,2.0698,2.0707,2.0419,2.0615,9424145.0
2025-12-09 08:00:00,2.0615,2.0706,2.0459,2.0689,6651242.8
2025-12-09 12:00:00,2.069,2.12,2.049,2.1156,23080176.5
2025-12-09 16:00:00,2.1155,2.178,2.1154,2.1328,48235267.1
2025-12-09 20:00:00,2.1328,2.1344,2.0854,2.1062,19043094.9
2025-12-10 00:00:00,2.1061,2.1099,2.0817,2.0835,9756696.9
2025-12-10 04:00:00,2.0834,2.0966,2.0763,2.0843,12968872.9
2025-12-10 08:00:00,2.0844,2.0983,2.0637,2.0717,19699323.1
2025-12-10 12:00:00,2.0717,2.0735,2.0559,2.0618,18462408.8
2025-12-10 16:00:00,2.0619,2.0878,2.0376,2.0681,33901127.6
2025-12-10 20:00:00,2.0682,2.1108,2.0346,2.0418,30344271.1
2025-12-11 00:00:00,2.0418,2.0468,1.9927,1.9995,26076870.9
2025-12-11 04:00:00,1.9995,2.0195,1.9952,2.0069,15484741.4
2025-12-11 08:00:00,2.0069,2.0189,2.0003,2.0083,11224240.1
2025-12-11 12:00:00,2.0083,2.0149,1.9767,1.9968,28651020.6
2025-12-11 16:00:00,1.9967,2.0259,1.9838,2.0114,24495860.0
2025-12-11 20:00:00,2.0113,2.057,2.0078,2.034,19124272.0
2025-12-12 00:00:00,2.034,2.0434,2.0157,2.0315,8042859.2
2025-12-12 04:00:00,2.0314,2.0433,2.0235,2.0373,5800053.1
2025-12-12 08:00:00,2.0373,2.0463,2.0251,2.0422,5889433.6
2025-12-12 12:00:00,2.0422,2.0478,1.9692,1.9785,28158985.2
2025-12-12 16:00:00,1.9785,2.0256,1.9734,2.0036,23548157.5
2025-12-12 20:00:00,2.0036,2.019,1.9971,2.0074,6547636.1
2025-12-13 00:00:00,2.0075,2.025,2.0068,2.0226,5102809.7
2025-12-13 04:00:00,2.0227,2.0482,2.0227,2.0285,9922854.3
2025-12-13 08:00:00,2.0285,2.043,2.0285,2.0333,5892539.5
2025-12-13 12:00:00,2.0333,2.0434,2.028,2.0299,10790850.2
2025-12-13 16:00:00,2.03,2.0336,2.0152,2.0195,8228908.8
2025-12-13 20:00:00,2.0196,2.025,2.0082,2.0227,4255304.6
2025-12-14 00:00:00,2.0226,2.0306,2.017,2.0244,3175100.6
2025-12-14 04:00:00,2.0245,2.0253,2.0103,2.0192,3588955.1
2025-12-14 08:00:00,2.0193,2.0232,1.99,2.0012,7552374.1
2025-12-14 12:00:00,2.0011,2.008,1.9875,1.9913,10432768.2
2025-12-14 16:00:00,1.9913,2.0046,1.9823,1.9886,6336735.3
2025-12-14 20:00:00,1.9886,1.9974,1.9527,1.9784,14062654.6
2025-12-15 00:00:00,1.9784,2.0143,1.9747,1.9951,10330849.4
2025-12-15 04:00:00,1.9952,2.0055,1.9928,1.9952,5504209.1
2025-12-15 08:00:00,1.9952,2.0024,1.9838,1.9875,9909917.9
2025-12-15 12:00:00,1.9876,1.9877,1.9127,1.9256,39408635.3
2025-12-15 16:00:00,1.9256,1.9309,1.8695,1.8961,32976180.4
2025-12-15 20:00:00,1.8962,1.8998,1.8795,1.8981,17616566.5
2025-12-16 00:00:00,1.8981,1.8986,1.8552,1.8726,22653582.1
2025-12-16 04:00:00,1.8726,1.8978,1.852,1.8754,13428163.5
2025-12-16 08:00:00,1.8754,1.9253,1.8743,1.9208,13644569.0
2025-12-16 12:00:00,1.9207,1.9491,1.899,1.9411,31788102.4
2025-12-16 16:00:00,1.9411,1.943,1.9141,1.927,13273828.5
2025-12-16 20:00:00,1.9269,1.9335,1.9187,1.9297,6495149.3
2025-12-17 00:00:00,1.9297,1.9401,1.9126,1.9253,9626347.3
2025-12-17 04:00:00,1.9253,1.932,1.9061,1.9233,10836144.7
2025-12-17 08:00:00,1.9234,1.9236,1.8965,1.9133,10080998.1
2025-12-17 12:00:00,1.9134,1.9874,1.9049,1.9114,38554277.3
2025-12-17 16:00:00,1.9113,1.9229,1.8474,1.865,31062782.7
2025-12-17 20:00:00,1.8651,1.8843,1.8553,1.8627,11554342.7
2025-12-18 00:00:00,1.8627,1.8725,1.852,1.8559,9051775.3
2025-12-18 04:00:00,1.856,1.8621,1.8268,1.8415,13268301.4
2025-12-18 08:00:00,1.8415,1.881,1.838,1.8785,11998120.7
2025-12-18 12:00:00,1.8786,1.9341,1.872,1.9197,34208485.1
2025-12-18 16:00:00,1.9198,1.9208,1.8008,1.8062,36061167.4
2025-12-18 20:00:00,1.8062,1.8249,1.8,1.8076,22393189.1
2025-12-19 00:00:00,1.8076,1.8538,1.7711,1.8403,40545875.1
2025-12-19 04:00:00,1.8402,1.8765,1.8257,1.8676,21297727.9
2025-12-19 08:00:00,1.8675,1.8722,1.8593,1.8705,11180747.8
2025-12-19 12:00:00,1.8705,1.905,1.8635,1.8755,34042420.2
2025-12-19 16:00:00,1.8754,1.9185,1.8736,1.9079,28491381.2
2025-12-19 20:00:00,1.9079,1.9213,1.9007,1.9092,9043358.1
2025-12-20 00:00:00,1.9092,1.9102,1.8936,1.9043,6671320.0
2025-12-20 04:00:00,1.9044,1.9189,1.8993,1.9141,5197517.5
2025-12-20 08:00:00,1.9141,1.9588,1.9141,1.9437,17911051.9
2025-12-20 12:00:00,1.9437,1.948,1.9164,1.9214,13315107.0
2025-12-20 16:00:00,1.9214,1.9316,1.9194,1.925,6826142.3
2025-12-20 20:00:00,1.925,1.9378,1.9238,1.9335,3313884.8
2025-12-21 00:00:00,1.9335,1.942,1.9172,1.9296,8188885.0
2025-12-21 04:00:00,1.9297,1.9305,1.9192,1.9254,3156722.8
2025-12-21 08:00:00,1.9255,1.9498,1.9223,1.9336,8511691.5
2025-12-21 12:00:00,1.9336,1.9386,1.8948,1.9049,18100027.8
2025-12-21 16:00:00,1.9048,1.9195,1.8993,1.9181,9895809.4
2025-12-21 20:00:00,1.9181,1.9271,1.9056,1.9223,5176136.4
2025-12-22 00:00:00,1.9224,1.9493,1.9031,1.9201,15875487.4
2025-12-22 04:00:00,1.9202,1.9292,1.9136,1.9273,9889892.4
2025-12-22 08:00:00,1.9272,1.938,1.9145,1.9346,15301290.4
2025-12-22 12:00:00,1.9347,1.9473,1.918,1.9341,16550151.5
2025-12-22 16:00:00,1.9342,1.9427,1.9022,1.9023,14930254.4
2025-12-22 20:00:00,1.9022,1.9092,1.8917,1.9043,16184538.1
2025-12-23 00:00:00,1.9044,1.91,1.8843,1.8923,17218867.2
2025-12-23 04:00:00,1.8924,1.8976,1.8736,1.8812,15410500.8
2025-12-23 08:00:00,1.8813,1.9062,1.8757,1.9054,6119564.8
2025-12-23 12:00:00,1.9053,1.9054,1.863,1.8815,19576291.0
2025-12-23 16:00:00,1.8816,1.894,1.8672,1.8827,14071151.7
2025-12-23 20:00:00,1.8827,1.895,1.8718,1.8734,5419318.3
2025-12-24 00:00:00,1.8734,1.8783,1.8447,1.8616,10700282.0
2025-12-24 04:00:00,1.8616,1.8676,1.8372,1.8548,11524316.3
2025-12-24 08:00:00,1.8548,1.8756,1.8521,1.8689,7395466.0
2025-12-24 12:00:00,1.869,1.878,1.852,1.8634,11439448.9
2025-12-24 16:00:00,1.8634,1.8716,1.8492,1.8619,12912091.1
2025-12-24 20:00:00,1.8618,1.87,1.8596,1.8628,5924375.5
2025-12-25 00:00:00,1.8627,1.8743,1.8564,1.8701,5598782.6
2025-12-25 04:00:00,1.8701,1.877,1.8663,1.8745,4908788.1
2025-12-25 08:00:00,1.8745,1.8812,1.8534,1.8591,8385291.3
2025-12-25 12:00:00,1.8591,1.8892,1.8554,1.8829,9235791.3
2025-12-25 16:00:00,1.883,1.8839,1.8651,1.8734,6469207.4
2025-12-25 20:00:00,1.8734,1.8737,1.8291,1.8326,11546947.7
2025-12-26 00:00:00,1.8325,1.8807,1.8246,1.8646,17215171.8
2025-12-26 04:00:00,1.8646,1.8833,1.8546,1.8643,12720969.7
2025-12-26 08:00:00,1.8643,1.8807,1.8627,1.8713,9982220.0
2025-12-26 12:00:00,1.8713,1.8795,1.8267,1.8382,21884785.0
2025-12-26 16:00:00,1.8382,1.8506,1.8336,1.8458,9494663.3
2025-12-26 20:00:00,1.8459,1.8603,1.8425,1.8437,5527721.0
2025-12-27 00:00:00,1.8437,1.8535,1.8417,1.8515,7275354.0
2025-12-27 04:00:00,1.8514,1.8532,1.8464,1.8477,3123589.2
2025-12-27 08:00:00,1.8478,1.856,1.845,1.8512,4292162.7
2025-12-27 12:00:00,1.8513,1.8533,1.8434,1.8495,3467041.2
2025-12-27 16:00:00,1.8496,1.8573,1.8435,1.8559,6551834.7
2025-12-27 20:00:00,1.8558,1.8788,1.8532,1.8735,6534489.5
2025-12-28 00:00:00,1.8734,1.8782,1.8687,1.8745,3522500.5
2025-12-28 04:00:00,1.8745,1.8796,1.8721,1.8736,4075771.4
2025-12-28 08:00:00,1.8737,1.8769,1.8627,1.8722,4048008.5
2025-12-28 12:00:00,1.8721,1.8766,1.8653,1.8701,4145369.4
2025-12-28 16:00:00,1.8701,1.8729,1.8539,1.8573,6611652.5
2025-12-28 20:00:00,1.8573,1.871,1.8541,1.8654,4193936.0
2025-12-29 00:00:00,1.8655,1.9175,1.8629,1.915,16095113.1
2025-12-29 04:00:00,1.9151,1.918,1.8921,1.901,14487571.6
2025-12-29 08:00:00,1.901,1.9053,1.866,1.8717,12008585.7
2025-12-29 12:00:00,1.8718,1.879,1.8555,1.8655,13306514.1
2025-12-29 16:00:00,1.8654,1.8689,1.85,1.8534,7682073.2
2025-12-29 20:00:00,1.8534,1.8576,1.845,1.8508,6685850.8
2025-12-30 00:00:00,1.8508,1.8634,1.8439,1.8611,6019914.3
2025-12-30 04:00:00,1.8612,1.8676,1.8552,1.8604,5856474.6
2025-12-30 08:00:00,1.8604,1.872,1.8598,1.8623,8174150.7
2025-12-30 12:00:00,1.8624,1.8795,1.8542,1.8776,9778713.5
2025-12-30 16:00:00,1.8777,1.8864,1.8699,1.8765,10946957.7
2025-12-30 20:00:00,1.8764,1.8787,1.8661,1.8776,7561524.8
2025-12-31 00:00:00,1.8776,1.8839,1.8697,1.872,6646237.7
2025-12-31 04:00:00,1.8721,1.8757,1.8672,1.8727,4109791.7
2025-12-31 08:00:00,1.8727,1.883,1.8655,1.879,6781543.9
2025-12-31 12:00:00,1.8789,1.883,1.8534,1.8594,10560541.1
2025-12-31 16:00:00,1.8594,1.86,1.8264,1.8287,17603771.3
2025-12-31 20:00:00,1.8287,1.8481,1.8123,1.8423,12633008.1
2026-01-01 00:00:00,1.8424,1.8499,1.8342,1.8345,7715925.9
2026-01-01 04:00:00,1.8345,1.8558,1.8261,1.8423,7945822.8
2026-01-01 08:00:00,1.8423,1.8564,1.8419,1.8554,4493545.0
2026-01-01 12:00:00,1.8554,1.8678,1.8514,1.8628,7597847.3
2026-01-01 16:00:00,1.8628,1.8754,1.8563,1.8742,7088536.5
2026-01-01 20:00:00,1.8742,1.8811,1.8674,1.8799,6240911.6
2026-01-02 00:00:00,1.8799,1.8925,1.8689,1.8886,9812206.0
2026-01-02 04:00:00,1.8887,1.8905,1.8708,1.8718,8444911.0
2026-01-02 08:00:00,1.8719,1.9091,1.8715,1.8911,15041776.4
2026-01-02 12:00:00,1.8912,1.9253,1.8874,1.9184,22767115.1
2026-01-02 16:00:00,1.9185,1.998,1.9158,1.9916,43992081.0
2026-01-02 20:00:00,1.9915,2.0315,1.9774,2.0069,27289817.7
2026-01-03 00:00:00,2.0068,2.0427,2.0068,2.0402,16088258.9
2026-01-03 04:00:00,2.0402,2.0561,1.9844,1.9941,26384582.1
2026-01-03 08:00:00,1.9941,2.0217,1.9924,1.9994,11392569.2
2026-01-03 12:00:00,1.9995,2.0188,1.9941,2.0064,8661094.6
2026-01-03 16:00:00,2.0065,2.0112,1.9964,2.0073,6148794.7
2026-01-03 20:00:00,2.0073,2.0188,1.999,2.0182,5711222.6
2026-01-04 00:00:00,2.0182,2.062,2.0163,2.0581,25539058.7
2026-01-04 04:00:00,2.0581,2.0812,2.0525,2.0721,24926522.4
2026-01-04 08:00:00,2.0721,2.0974,2.0601,2.0952,16344811.3
2026-01-04 12:00:00,2.0951,2.1204,2.0814,2.0905,24350553.7
2026-01-04 16:00:00,2.0906,2.1035,2.0722,2.0847,15361420.7
2026-01-04 20:00:00,2.0848,2.1032,2.0795,2.0909,7234719.5
2026-01-05 00:00:00,2.0908,2.1665,2.0877,2.1429,30453380.0
2026-01-05 04:00:00,2.1429,2.1463,2.11,2.134,12434457.0
2026-01-05 08:00:00,2.134,2.153,2.1254,2.1336,16239744.7
2026-01-05 12:00:00,2.1337,2.1695,2.1121,2.1652,25040715.4
2026-01-05 16:00:00,2.1653,2.282,2.1645,2.2782,59046249.0
2026-01-05 20:00:00,2.2782,2.3695,2.2761,2.3478,67103479.2
2026-01-06 00:00:00,2.3479,2.4172,2.3164,2.3861,54309672.6
2026-01-06 04:00:00,2.386,2.4084,2.3215,2.3303,36556542.9
2026-01-06 08:00:00,2.3304,2.3777,2.3254,2.3776,23147344.2
2026-01-06 12:00:00,2.3776,2.3996,2.3349,2.3491,38583351.4
2026-01-06 16:00:00,2.349,2.3551,2.2046,2.2278,86154868.0
2026-01-06 20:00:00,2.2277,2.3122,2.2276,2.3042,31620329.0
2026-01-07 00:00:00,2.3042,2.3205,2.2565,2.2665,20447854.3
2026-01-07 04:00:00,2.2665,2.2867,2.2451,2.2803,11278890.0
2026-01-07 08:00:00,2.2803,2.2913,2.2327,2.2503,15429736.3
2026-01-07 12:00:00,2.2504,2.2557,2.1834,2.1955,29700162.6
2026-01-07 16:00:00,2.1954,2.2233,2.171,2.1938,19983354.0
2026-01-07 20:00:00,2.1938,2.199,2.1517,2.1657,18763280.5
2026-01-08 00:00:00,2.1658,2.1925,2.1456,2.1502,20330509.6
2026-01-08 04:00:00,2.1502,2.1724,2.0976,2.1197,23533547.5
2026-01-08 08:00:00,2.1196,2.1344,2.081,2.0922,21717230.1
2026-01-08 12:00:00,2.0923,2.1284,2.0649,2.1271,45993241.6
2026-01-08 16:00:00,2.127,2.1689,2.112,2.1357,32591999.8
2026-01-08 20:00:00,2.1356,2.1481,2.1132,2.1232,12369551.9
2026-01-09 00:00:00,2.1232,2.1429,2.1085,2.1355,14582549.7
2026-01-09 04:00:00,2.1356,2.1474,2.1196,2.1202,14120083.3
2026-01-09 08:00:00,2.1203,2.1236,2.0727,2.1028,21841620.4
2026-01-09 12:00:00,2.1029,2.1622,2.0794,2.1176,38799101.7
2026-01-09 16:00:00,2.1177,2.1453,2.0759,2.083,20234836.0
2026-01-09 20:00:00,2.0829,2.1013,2.0762,2.0958,8198900.9
2026-01-10 00:00:00,2.0958,2.1016,2.0873,2.0911,4668770.3
2026-01-10 04:00:00,2.0911,2.1008,2.0806,2.1006,4953464.9
2026-01-10 08:00:00,2.1006,2.1053,2.0904,2.1028,5353947.3
2026-01-10 12:00:00,2.1028,2.1106,2.0874,2.093,7070186.1
2026-01-10 16:00:00,2.093,2.101,2.0878,2.0946,4887013.2
2026-01-10 20:00:00,2.0946,2.0958,2.0825,2.0907,4656599.5
2026-01-11 00:00:00,2.0907,2.0966,2.0864,2.0953,5126977.3
2026-01-11 04:00:00,2.0953,2.099,2.0863,2.0926,3632174.0
2026-01-11 08:00:00,2.0927,2.0984,2.0881,2.0961,4256699.6
2026-01-11 12:00:00,2.0961,2.11,2.0839,2.0893,10707866.3
2026-01-11 16:00:00,2.0893,2.1035,2.0853,2.0869,7328114.3
2026-01-11 20:00:00,2.0869,2.0869,2.045,2.0745,19493746.7
2026-01-12 00:00:00,2.0745,2.1069,2.0364,2.0827,30298680.8
2026-01-12 04:00:00,2.0827,2.0956,2.052,2.0536,19133175.0
2026-01-12 08:00:00,2.0536,2.0605,2.035,2.0485,15800677.2
2026-01-12 12:00:00,2.0486,2.0945,2.0406,2.0941,16174882.0
2026-01-12 16:00:00,2.094,2.1086,2.0535,2.0701,18027237.8
2026-01-12 20:00:00,2.0701,2.0759,2.04,2.054,10705385.5
2026-01-13 00:00:00,2.0541,2.0644,2.0474,2.0501,6330524.0
2026-01-13 04:00:00,2.0501,2.0808,2.0497,2.0533,11135065.7
2026-01-13 08:00:00,2.0533,2.0745,2.0532,2.0606,10627007.6
2026-01-13 12:00:00,2.0605,2.1016,2.056,2.0987,20949839.4
2026-01-13 16:00:00,2.0986,2.1397,2.0844,2.1397,25681577.8
2026-01-13 20:00:00,2.1397,2.185,2.1193,2.1655,38649991.8
2026-01-14 00:00:00,2.1656,2.1924,2.1567,2.1838,21047557.7
2026-01-14 04:00:00,2.1839,2.1861,2.1333,2.1484,26052365.4
2026-01-14 08:00:00,2.1484,2.1537,2.1116,2.1156,15279289.5
2026-01-14 12:00:00,2.1156,2.1741,2.1116,2.1563,31229752.1
2026-01-14 16:00:00,2.1563,2.1765,2.1246,2.1462,27028898.1
2026-01-14 20:00:00,2.1461,2.1613,2.1314,2.1394,14363740.7
2026-01-15 00:00:00,2.1393,2.1434,2.0819,2.0884,19548513.8
2026-01-15 04:00:00,2.0884,2.1065,2.0861,2.1012,12774401.3
2026-01-15 08:00:00,2.1012,2.1229,2.0959,2.112,11625944.5
2026-01-15 12:00:00,2.112,2.1325,2.0683,2.0956,20440121.2
2026-01-15 16:00:00,2.0956,2.1007,2.0532,2.0658,16268717.2
2026-01-15 20:00:00,2.0658,2.0804,2.058,2.0789,8981985.7
2026-01-16 00:00:00,2.0789,2.0866,2.0645,2.0646,6018918.5
2026-01-16 04:00:00,2.0647,2.0779,2.0577,2.0737,8395631.7
2026-01-16 08:00:00,2.0737,2.0817,2.0586,2.0652,6437848.2
2026-01-16 12:00:00,2.0652,2.0682,2.0263,2.0325,22287253.6
2026-01-16 16:00:00,2.0325,2.0568,2.0299,2.055,9334658.4
2026-01-16 20:00:00,2.055,2.0798,2.0476,2.0678,8420309.1
2026-01-17 00:00:00,2.0678,2.07,2.0536,2.0557,4328427.5
2026-01-17 04:00:00,2.0557,2.0664,2.055,2.0581,4086233.1
2026-01-17 08:00:00,2.0581,2.0673,2.0562,2.0619,3437033.5
2026-01-17 12:00:00,2.0618,2.083,2.0582,2.0817,8886019.0
2026-01-17 16:00:00,2.0816,2.0834,2.0679,2.0735,5995978.7
2026-01-17 20:00:00,2.0735,2.0754,2.0591,2.0631,4404763.1
2026-01-18 00:00:00,2.0632,2.0679,2.0482,2.0585,6254276.7
2026-01-18 04:00:00,2.0585,2.06,2.047,2.0524,3817877.0
2026-01-18 08:00:00,2.0523,2.0618,2.0504,2.0548,3444434.2
2026-01-18 12:00:00,2.0549,2.0605,2.045,2.0507,5715027.7
2026-01-18 16:00:00,2.0507,2.0661,2.0463,2.0538,5919200.8
2026-01-18 20:00:00,2.0538,2.0644,1.9861,1.9914,21355881.3
2026-01-19 00:00:00,1.9914,1.9914,1.847,1.9674,69032133.0
2026-01-19 04:00:00,1.9674,1.9746,1.9517,1.9632,28946560.4
2026-01-19 08:00:00,1.9632,1.984,1.9591,1.9729,17738044.9
2026-01-19 12:00:00,1.9729,1.9853,1.9647,1.9816,13081247.1
2026-01-19 16:00:00,1.9815,2.0299,1.9805,2.0137,15609694.7
2026-01-19 20:00:00,2.0137,2.0173,1.9794,1.986,14942220.6
2026-01-20 00:00:00,1.9861,1.9909,1.9554,1.9625,18195497.0
2026-01-20 04:00:00,1.9624,1.9738,1.9419,1.9493,14495221.8
2026-01-20 08:00:00,1.9493,1.9539,1.9191,1.9291,33635465.1
2026-01-20 12:00:00,1.9291,1.9396,1.9091,1.9174,25305325.6
2026-01-20 16:00:00,1.9174,1.9276,1.8941,1.9024,16524123.1
2026-01-20 20:00:00,1.9023,1.9117,1.87,1.89,19220489.4
2026-01-21 00:00:00,1.89,1.9179,1.8889,1.9029,15527767.5
2026-01-21 04:00:00,1.903,1.9268,1.9009,1.91,13859331.5
2026-01-21 08:00:00,1.9101,1.9156,1.8873,1.8897,20066093.3
2026-01-21 12:00:00,1.8897,1.9609,1.8798,1.9579,40818527.9
2026-01-21 16:00:00,1.958,1.9844,1.8712,1.9734,38302164.6
2026-01-21 20:00:00,1.9734,1.9907,1.9393,1.9476,19268250.7
2026-01-22 00:00:00,1.9475,1.9679,1.942,1.9475,8517066.2
2026-01-22 04:00:00,1.9475,1.9598,1.9463,1.9477,7859459.5
2026-01-22 08:00:00,1.9477,1.9647,1.9425,1.9439,10209297.5
2026-01-22 12:00:00,1.944,1.9497,1.9016,1.9146,17334743.9
2026-01-22 16:00:00,1.9145,1.9358,1.905,1.9327,11294951.1
2026-01-22 20:00:00,1.9326,1.9338,1.9161,1.9236,6411926.7
2026-01-23 00:00:00,1.9237,1.9265,1.9091,1.916,7600396.3
2026-01-23 04:00:00,1.9159,1.9257,1.9033,1.915,11336199.1
2026-01-23 08:00:00,1.915,1.9157,1.9017,1.9142,8601200.5
2026-01-23 12:00:00,1.9142,1.9229,1.8873,1.9215,13178189.8
2026-01-23 16:00:00,1.9216,1.9656,1.9204,1.9232,23380154.7
2026-01-23 20:00:00,1.9233,1.932,1.9077,1.9196,11980566.5
2026-01-24 00:00:00,1.9197,1.9272,1.9161,1.9234,4065109.0
2026-01-24 04:00:00,1.9235,1.9276,1.917,1.919,5195698.2
2026-01-24 08:00:00,1.919,1.9214,1.9147,1.917,3827632.3
2026-01-24 12:00:00,1.9171,1.9242,1.9124,1.9128,7305077.3
2026-01-24 16:00:00,1.9128,1.921,1.91,1.9168,3361314.4
2026-01-24 20:00:00,1.9167,1.9233,1.9141,1.9143,3405168.7
2026-01-25 00:00:00,1.9143,1.9168,1.8983,1.9006,5835830.3
2026-01-25 04:00:00,1.9007,1.9039,1.894,1.8948,3850349.0
2026-01-25 08:00:00,1.8948,1.9125,1.8869,1.9022,8873461.9
2026-01-25 12:00:00,1.9022,1.9032,1.8842,1.8878,7169584.0
2026-01-25 16:00:00,1.8879,1.8879,1.8111,1.8182,45207595.3
2026-01-25 20:00:00,1.8182,1.841,1.813,1.8356,20596289.8
2026-01-26 00:00:00,1.8356,1.8887,1.8331,1.8695,18571200.9
2026-01-26 04:00:00,1.8696,1.8948,1.8696,1.8818,11949769.7
2026-01-26 08:00:00,1.8817,1.8971,1.8765,1.8915,13210908.2
2026-01-26 12:00:00,1.8916,1.946,1.8915,1.9255,28368369.2
2026-01-26 16:00:00,1.9255,1.9385,1.8986,1.9077,19628475.1
2026-01-26 20:00:00,1.9076,1.913,1.889,1.9041,12752430.5
2026-01-27 00:00:00,1.9042,1.9169,1.8976,1.9097,7643117.5
2026-01-27 04:00:00,1.9097,1.9179,1.8947,1.8996,6134958.6
2026-01-27 08:00:00,1.8995,1.9028,1.8818,1.8889,7939337.9
2026-01-27 12:00:00,1.8889,1.8967,1.8741,1.8932,11444681.0
2026-01-27 16:00:00,1.8933,1.9162,1.8768,1.9069,17451186.4
2026-01-27 20:00:00,1.9069,1.9295,1.9058,1.9158,14006545.7
2026-01-28 00:00:00,1.9157,1.9193,1.8944,1.902,7839079.5
2026-01-28 04:00:00,1.902,1.9249,1.8967,1.916,8502859.2
2026-01-28 08:00:00,1.9159,1.9427,1.9061,1.9415,11833923.1
2026-01-28 12:00:00,1.9414,1.9422,1.9016,1.9077,16757558.8
2026-01-28 16:00:00,1.9077,1.928,1.9005,1.9194,11902749.7
2026-01-28 20:00:00,1.9195,1.9325,1.9073,1.9111,10589688.2
2026-01-29 00:00:00,1.9112,1.9134,1.8702,1.8761,13810768.3
2026-01-29 04:00:00,1.876,1.8897,1.8654,1.8857,8181245.1
2026-01-29 08:00:00,1.8856,1.89,1.8673,1.871,14246645.5
2026-01-29 12:00:00,1.8711,1.8779,1.7865,1.8017,52421260.8
2026-01-29 16:00:00,1.8018,1.8432,1.778,1.7895,44134238.7
2026-01-29 20:00:00,1.7895,1.8136,1.786,1.8076,16615752.6
2026-01-30 00:00:00,1.8077,1.8131,1.7107,1.7477,58361162.1
2026-01-30 04:00:00,1.7477,1.7727,1.7304,1.7588,22637655.2
2026-01-30 08:00:00,1.7589,1.7747,1.7336,1.7698,19119387.7
2026-01-30 12:00:00,1.7698,1.7818,1.7401,1.7583,57365350.0
2026-01-30 16:00:00,1.7583,1.7847,1.7113,1.7712,44740490.7
2026-01-30 20:00:00,1.7713,1.7716,1.7179,1.7352,27496261.0
2026-01-31 00:00:00,1.7353,1.7547,1.7331,1.7448,12176894.5
2026-01-31 04:00:00,1.7448,1.7484,1.7126,1.7195,16799326.5
2026-01-31 08:00:00,1.7195,1.7224,1.6802,1.7021,32078182.7
2026-01-31 12:00:00,1.7022,1.7022,1.6129,1.6352,64298769.7
2026-01-31 16:00:00,1.6352,1.6497,1.5028,1.5827,167995074.0
2026-01-31 20:00:00,1.5827,1.6544,1.5715,1.6472,39021220.5
2026-02-01 00:00:00,1.6472,1.6805,1.6436,1.667,32965828.0
2026-02-01 04:00:00,1.6669,1.674,1.6474,1.6591,20084238.7
2026-02-01 08:00:00,1.6591,1.6782,1.6322,1.6499,19947544.7
2026-02-01 12:00:00,1.6499,1.6525,1.576,1.5949,37748365.4
2026-02-01 16:00:00,1.595,1.6267,1.5821,1.6,24514777.8
2026-02-01 20:00:00,1.5999,1.6144,1.5526,1.5908,47126903.4
2026-02-02 00:00:00,1.5908,1.6188,1.5307,1.5809,50447402.0
2026-02-02 04:00:00,1.5809,1.6001,1.5311,1.5796,63208203.5
2026-02-02 08:00:00,1.5795,1.6274,1.5794,1.6216,26869759.0
2026-02-02 12:00:00,1.6215,1.6554,1.6213,1.6424,43607340.0
2026-02-02 16:00:00,1.6424,1.6571,1.6252,1.6256,18724838.7
2026-02-02 20:00:00,1.6256,1.6338,1.6126,1.6198,15249761.5
2026-02-03 00:00:00,1.6199,1.6223,1.5879,1.6134,20522204.6
2026-02-03 04:00:00,1.6134,1.6248,1.599,1.6174,18063757.9
2026-02-03 08:00:00,1.6175,1.6257,1.5955,1.6031,20938551.7
2026-02-03 12:00:00,1.6031,1.6216,1.5792,1.6184,29957653.4
2026-02-03 16:00:00,1.6184,1.6184,1.5274,1.5814,64483709.9
2026-02-03 20:00:00,1.5813,1.6339,1.5665,1.5791,36587164.9
2026-02-04 00:00:00,1.579,1.6052,1.5662,1.5992,19795941.8
2026-02-04 04:00:00,1.5993,1.609,1.5826,1.6053,19395208.2
2026-02-04 08:00:00,1.6053,1.6122,1.5789,1.5924,18779662.4
2026-02-04 12:00:00,1.5924,1.598,1.53,1.5439,41310712.3
2026-02-04 16:00:00,1.544,1.557,1.5044,1.5547,61306892.4
2026-02-04 20:00:00,1.5547,1.5565,1.4948,1.512,33798285.8
2026-02-05 00:00:00,1.512,1.5154,1.4392,1.4432,55088656.1
2026-02-05 04:00:00,1.4432,1.4582,1.4179,1.4323,55254132.4
2026-02-05 08:00:00,1.4324,1.4449,1.3422,1.3653,79997125.8
2026-02-05 12:00:00,1.3653,1.3868,1.2686,1.2967,147534675.2
2026-02-05 16:00:00,1.2967,1.3121,1.2054,1.2135,165858805.6
2026-02-05 20:00:00,1.2134,1.267,1.1371,1.2146,240376275.9
2026-02-06 00:00:00,1.2145,1.2941,1.1172,1.2698,199929604.5
2026-02-06 04:00:00,1.2698,1.3354,1.263,1.2924,81128685.0
2026-02-06 08:00:00,1.2924,1.3881,1.2851,1.3684,90987165.2
2026-02-06 12:00:00,1.3683,1.5442,1.3574,1.5131,172332338.2
2026-02-06 16:00:00,1.5131,1.5347,1.4377,1.4565,112355266.1
2026-02-06 20:00:00,1.4566,1.4984,1.4387,1.4698,51389741.8
2026-02-07 00:00:00,1.4697,1.4879,1.433,1.4736,49344857.3
2026-02-07 04:00:00,1.4736,1.4853,1.4067,1.4133,53675301.9
2026-02-07 08:00:00,1.4133,1.429,1.3858,1.3924,41312552.5
2026-02-07 12:00:00,1.3923,1.4408,1.3905,1.4108,40669773.0
2026-02-07 16:00:00,1.4107,1.4488,1.4052,1.4309,75918543.6
2026-02-07 20:00:00,1.4309,1.4415,1.4128,1.4231,13389312.0
2026-02-08 00:00:00,1.4231,1.4419,1.4138,1.417,11705912.1
2026-02-08 04:00:00,1.417,1.426,1.4099,1.4211,8456713.5
2026-02-08 08:00:00,1.421,1.4632,1.4195,1.4528,30794381.1
2026-02-08 12:00:00,1.4529,1.4703,1.4304,1.4404,30252829.5
2026-02-08 16:00:00,1.4404,1.4529,1.4103,1.4503,23945988.1
2026-02-08 20:00:00,1.4503,1.4631,1.4221,1.4308,20856794.1
2026-02-09 00:00:00,1.4308,1.4547,1.4191,1.4522,21634191.8
2026-02-09 04:00:00,1.4521,1.4553,1.4214,1.4257,16283965.9
2026-02-09 08:00:00,1.4257,1.4299,1.3728,1.3934,39716497.3
2026-02-09 12:00:00,1.3935,1.4499,1.3932,1.4462,39161217.1
2026-02-09 16:00:00,1.4461,1.4642,1.4336,1.4528,35071912.7
2026-02-09 20:00:00,1.4527,1.4587,1.4351,1.437,16678497.0
2026-02-10 00:00:00,1.437,1.4532,1.4282,1.4354,14701504.9
2026-02-10 04:00:00,1.4354,1.452,1.4142,1.4221,20612530.6
2026-02-10 08:00:00,1.4222,1.436,1.4065,1.4081,17360581.4
2026-02-10 12:00:00,1.4081,1.4259,1.3931,1.407,30154784.9
2026-02-10 16:00:00,1.407,1.4291,1.3942,1.401,20238415.9
2026-02-10 20:00:00,1.4009,1.4049,1.3916,1.3999,10331556.0
2026-02-11 00:00:00,1.3998,1.4205,1.3943,1.4041,14357474.9
2026-02-11 04:00:00,1.4041,1.4088,1.358,1.3667,34625482.9
2026-02-11 08:00:00,1.3667,1.3806,1.3553,1.3791,21351063.0
2026-02-11 12:00:00,1.379,1.4097,1.3463,1.3541,55838611.0
2026-02-11 16:00:00,1.3541,1.3871,1.3421,1.3788,27843289.6
2026-02-11 20:00:00,1.3788,1.3973,1.3596,1.3697,18680342.3
2026-02-12 00:00:00,1.3697,1.3865,1.3684,1.3752,13651730.7
2026-02-12 04:00:00,1.3752,1.3889,1.3723,1.3819,13846838.2
2026-02-12 08:00:00,1.382,1.4082,1.3771,1.4015,19364507.3
2026-02-12 12:00:00,1.4016,1.403,1.375,1.3759,20423564.8
2026-02-12 16:00:00,1.3758,1.3797,1.3461,1.3647,33561576.0
2026-02-12 20:00:00,1.3647,1.3703,1.3488,1.3635,16008047.1
2026-02-13 00:00:00,1.3635,1.3719,1.3492,1.3655,14095916.9
2026-02-13 04:00:00,1.3655,1.3683,1.3485,1.3539,15014932.0
2026-02-13 08:00:00,1.3539,1.373,1.3521,1.368,13915987.0
2026-02-13 12:00:00,1.3679,1.422,1.3598,1.4046,43374180.5
2026-02-13 16:00:00,1.4046,1.4285,1.3996,1.4112,25698822.7
2026-02-13 20:00:00,1.4112,1.4165,1.398,1.4071,12927900.3
2026-02-14 00:00:00,1.407,1.4184,1.4051,1.4164,7423123.9
2026-02-14 04:00:00,1.4163,1.4256,1.4078,1.4224,6451113.0
2026-02-14 08:00:00,1.4224,1.4734,1.4217,1.4717,30604081.6
2026-02-14 12:00:00,1.4717,1.4769,1.4516,1.469,24147660.1
2026-02-14 16:00:00,1.469,1.5003,1.4571,1.498,22048024.3
2026-02-14 20:00:00,1.4981,1.5138,1.4879,1.5094,22466535.5
2026-02-15 00:00:00,1.5094,1.5448,1.5048,1.5269,34783098.2
2026-02-15 04:00:00,1.5269,1.6505,1.5251,1.6497,48473555.8
2026-02-15 08:00:00,1.6498,1.6714,1.5579,1.5624,79402409.5
2026-02-15 12:00:00,1.5624,1.5662,1.5115,1.5237,58827916.9
2026-02-15 16:00:00,1.5237,1.5245,1.4477,1.4537,45522516.2
2026-02-15 20:00:00,1.4537,1.4905,1.445,1.4753,32296975.8
2026-02-16 00:00:00,1.4753,1.4872,1.4538,1.4616,20528758.3
2026-02-16 04:00:00,1.4617,1.4759,1.4485,1.4611,21698860.2
2026-02-16 08:00:00,1.4611,1.5141,1.4611,1.4838,32707037.9
2026-02-16 12:00:00,1.4838,1.5171,1.4616,1.4743,43389120.4
2026-02-16 16:00:00,1.4744,1.4947,1.4713,1.4753,18009856.3
2026-02-16 20:00:00,1.4753,1.4941,1.4687,1.4876,9069489.9
2026-02-17 00:00:00,1.4876,1.4934,1.4732,1.4829,11732029.0
2026-02-17 04:00:00,1.483,1.4889,1.4694,1.4731,10804280.7
2026-02-17 08:00:00,1.473,1.4771,1.4499,1.4525,15637946.1
2026-02-17 12:00:00,1.4525,1.4634,1.4268,1.4571,25893518.8
2026-02-17 16:00:00,1.4572,1.495,1.4571,1.4855,26206580.1
2026-02-17 20:00:00,1.4856,1.4935,1.4708,1.4743,8564035.3
2026-02-18 00:00:00,1.4742,1.4834,1.4635,1.4791,11500871.7
2026-02-18 04:00:00,1.4792,1.4888,1.4755,1.4869,7382680.4
2026-02-18 08:00:00,1.4868,1.4943,1.4638,1.4665,13137168.3
2026-02-18 12:00:00,1.4664,1.4891,1.4521,1.4765,16762478.1
2026-02-18 16:00:00,1.4765,1.4773,1.4195,1.423,22616664.6
2026-02-18 20:00:00,1.4231,1.4333,1.4102,1.4219,14431990.8
2026-02-19 00:00:00,1.422,1.4301,1.4148,1.4288,8709279.3
2026-02-19 04:00:00,1.4288,1.4381,1.4051,1.4326,25328495.6
2026-02-19 08:00:00,1.4325,1.4341,1.4062,1.4093,16124231.6
2026-02-19 12:00:00,1.4092,1.4146,1.3863,1.3975,29230231.0
2026-02-19 16:00:00,1.3975,1.4186,1.382,1.4123,19070932.7
2026-02-19 20:00:00,1.4122,1.4148,1.3953,1.4068,9796506.9
2026-02-20 00:00:00,1.4068,1.4293,1.4054,1.4128,13671175.8
2026-02-20 04:00:00,1.4129,1.4244,1.4004,1.4195,14063190.5
2026-02-20 08:00:00,1.4195,1.4289,1.403,1.4057,14797975.2
2026-02-20 12:00:00,1.4057,1.4305,1.3775,1.429,37717187.1
2026-02-20 16:00:00,1.4289,1.4389,1.4079,1.4238,31802588.5
2026-02-20 20:00:00,1.4238,1.4317,1.4147,1.4292,11657587.3
2026-02-21 00:00:00,1.4292,1.4337,1.4198,1.4259,8269961.9
2026-02-21 04:00:00,1.4259,1.4354,1.4245,1.4309,5097361.3
2026-02-21 08:00:00,1.4309,1.4463,1.4275,1.4441,9353443.3
2026-02-21 12:00:00,1.444,1.4642,1.4358,1.4502,14877725.1
2026-02-21 16:00:00,1.4503,1.452,1.4365,1.4435,8777390.6
2026-02-21 20:00:00,1.4436,1.4436,1.43,1.4304,7622038.1
2026-02-22 00:00:00,1.4303,1.4338,1.4181,1.4238,8154155.4
2026-02-22 04:00:00,1.4238,1.4259,1.4171,1.4212,5349099.9
2026-02-22 08:00:00,1.4213,1.4261,1.4171,1.4236,4037928.7
2026-02-22 12:00:00,1.4236,1.4238,1.3859,1.3934,19529841.8
2026-02-22 16:00:00,1.3934,1.395,1.3832,1.3867,8947894.6
2026-02-22 20:00:00,1.3868,1.4018,1.38,1.3932,15147415.6
2026-02-23 00:00:00,1.3932,1.3948,1.3301,1.3414,49015034.7
2026-02-23 04:00:00,1.3414,1.3781,1.336,1.3714,26189852.4
2026-02-23 08:00:00,1.3714,1.406,1.3619,1.3965,33071921.4
2026-02-23 12:00:00,1.3965,1.4248,1.3672,1.3709,44077880.6
2026-02-23 16:00:00,1.3708,1.3785,1.3483,1.3574,23951213.8
2026-02-23 20:00:00,1.3573,1.3677,1.35,1.3518,12589797.5
2026-02-24 00:00:00,1.3519,1.3626,1.3271,1.3323,25721873.0
2026-02-24 04:00:00,1.3323,1.3428,1.3219,1.3266,26691159.8
2026-02-24 08:00:00,1.3267,1.3363,1.3215,1.3334,12322859.5
2026-02-24 12:00:00,1.3334,1.353,1.3124,1.3516,34004487.8
2026-02-24 16:00:00,1.3517,1.3676,1.3449,1.3559,24439952.1
2026-02-24 20:00:00,1.3559,1.3639,1.3414,1.3482,16059239.6
2026-02-25 00:00:00,1.3483,1.3997,1.3404,1.3701,46486219.0
2026-02-25 04:00:00,1.3702,1.3752,1.353,1.3658,17620854.6
2026-02-25 08:00:00,1.3658,1.3853,1.363,1.3839,17381879.2
2026-02-25 12:00:00,1.3838,1.446,1.3812,1.441,49090254.2
2026-02-25 16:00:00,1.4411,1.4769,1.4378,1.4665,52247153.0
2026-02-25 20:00:00,1.4665,1.4935,1.4192,1.4339,62262145.2
2026-02-26 00:00:00,1.4338,1.4475,1.4183,1.442,25149855.9
2026-02-26 04:00:00,1.442,1.4691,1.4305,1.4341,18397494.8
2026-02-26 08:00:00,1.4341,1.4567,1.434,1.4368,21885006.4
2026-02-26 12:00:00,1.4369,1.446,1.4078,1.4212,35185073.1
2026-02-26 16:00:00,1.4212,1.4235,1.3827,1.4072,47456839.7
2026-02-26 20:00:00,1.4072,1.4132,1.3884,1.4027,12754871.9
2026-02-27 00:00:00,1.4027,1.4132,1.3932,1.4079,16792854.3
2026-02-27 04:00:00,1.4079,1.4216,1.4038,1.417,16726539.9
2026-02-27 08:00:00,1.417,1.4262,1.3804,1.3826,21842300.4
2026-02-27 12:00:00,1.3826,1.3853,1.3523,1.3573,59938320.7
2026-02-27 16:00:00,1.3573,1.3643,1.3386,1.351,29706095.2
2026-02-27 20:00:00,1.351,1.3585,1.3386,1.3562,20102058.1
2026-02-28 00:00:00,1.3562,1.3653,1.3528,1.355,10434763.9
2026-02-28 04:00:00,1.3551,1.3581,1.2902,1.3027,57697128.3
2026-02-28 08:00:00,1.3026,1.3071,1.27,1.2933,52332439.9
2026-02-28 12:00:00,1.2932,1.3504,1.292,1.3239,51294168.9
2026-02-28 16:00:00,1.3239,1.3591,1.3146,1.3544,25242552.1
2026-02-28 20:00:00,1.3544,1.3931,1.3505,1.3762,32988626.6
2026-03-01 00:00:00,1.3761,1.4333,1.3653,1.4185,50234625.7
2026-03-01 04:00:00,1.4186,1.4217,1.3886,1.3979,30195217.1
2026-03-01 08:00:00,1.3979,1.4,1.3671,1.3762,20874768.6
2026-03-01 12:00:00,1.3763,1.4035,1.3616,1.3788,27622560.2
2026-03-01 16:00:00,1.3788,1.3863,1.3538,1.3566,20832102.0
2026-03-01 20:00:00,1.3565,1.3725,1.3369,1.3524,28182053.3
2026-03-02 00:00:00,1.3525,1.3807,1.3511,1.374,20714967.3
2026-03-02 04:00:00,1.374,1.3752,1.3379,1.3471,17174818.3
2026-03-02 08:00:00,1.3471,1.3626,1.3384,1.3516,17439519.0
2026-03-02 12:00:00,1.3516,1.4154,1.3341,1.4006,53148488.9
2026-03-02 16:00:00,1.4006,1.423,1.3833,1.4007,39250091.7
2026-03-02 20:00:00,1.4007,1.4067,1.386,1.39,19074192.6
2026-03-03 00:00:00,1.3901,1.3953,1.3678,1.3733,19930176.3
2026-03-03 04:00:00,1.3733,1.3777,1.3578,1.364,16235871.0
2026-03-03 08:00:00,1.3639,1.3692,1.3422,1.3531,23887941.8
2026-03-03 12:00:00,1.3531,1.3708,1.3366,1.3646,33809291.5
2026-03-03 16:00:00,1.3646,1.3877,1.3533,1.3626,30586629.9
2026-03-03 20:00:00,1.3627,1.3696,1.3486,1.3607,11152986.9
2026-03-04 00:00:00,1.3607,1.3698,1.3453,1.353,19301910.4
2026-03-04 04:00:00,1.353,1.3771,1.3452,1.375,16916078.5
2026-03-04 08:00:00,1.375,1.4257,1.3693,1.399,59687434.3
2026-03-04 12:00:00,1.399,1.4642,1.3829,1.4629,57306507.3
2026-03-04 16:00:00,1.4629,1.4732,1.4354,1.4565,52117589.1
2026-03-04 20:00:00,1.4565,1.4655,1.4164,1.4309,32696259.6
2026-03-05 00:00:00,1.4309,1.4362,1.4157,1.4196,16700501.1
2026-03-05 04:00:00,1.4195,1.4314,1.4085,1.413,15070215.4
2026-03-05 08:00:00,1.413,1.4525,1.4094,1.4363,23850857.1
2026-03-05 12:00:00,1.4363,1.4427,1.4098,1.4167,30781869.6
2026-03-05 16:00:00,1.4167,1.4232,1.396,1.4112,21158525.6
2026-03-05 20:00:00,1.4113,1.4206,1.4021,1.4037,10607023.4
2026-03-06 00:00:00,1.4038,1.4148,1.398,1.4055,8419971.8
2026-03-06 04:00:00,1.4054,1.4084,1.3916,1.4077,10682950.4
2026-03-06 08:00:00,1.4077,1.4085,1.3921,1.395,15684259.8
2026-03-06 12:00:00,1.395,1.3972,1.351,1.3562,45117661.7
2026-03-06 16:00:00,1.3562,1.3662,1.346,1.3634,20941079.4
2026-03-06 20:00:00,1.3634,1.3722,1.3543,1.3633,13002055.8
2026-03-07 00:00:00,1.3632,1.3749,1.3627,1.366,7717575.0
2026-03-07 04:00:00,1.366,1.3685,1.3606,1.367,7316478.8
2026-03-07 08:00:00,1.367,1.3733,1.3632,1.37,5932464.3
2026-03-07 12:00:00,1.37,1.3701,1.3548,1.3573,9607165.0
2026-03-07 16:00:00,1.3573,1.3649,1.3468,1.3504,11381867.3
2026-03-07 20:00:00,1.3504,1.3592,1.3502,1.3567,5821086.9
2026-03-08 00:00:00,1.3568,1.3603,1.3446,1.3485,9170329.5
2026-03-08 04:00:00,1.3485,1.3627,1.3415,1.3602,9690406.5
2026-03-08 08:00:00,1.3603,1.3712,1.3545,1.3576,13527266.3
2026-03-08 12:00:00,1.3577,1.3592,1.3414,1.3456,12806951.2
2026-03-08 16:00:00,1.3456,1.3599,1.3381,1.3563,12606815.3
2026-03-08 20:00:00,1.3562,1.362,1.3218,1.34,22023874.9
2026-03-09 00:00:00,1.3401,1.3653,1.3376,1.3505,24533460.4
2026-03-09 04:00:00,1.3505,1.3587,1.333,1.3409,27018281.0
2026-03-09 08:00:00,1.3409,1.3636,1.3394,1.3502,14946523.2
2026-03-09 12:00:00,1.3502,1.3731,1.3496,1.3602,23351096.3
2026-03-09 16:00:00,1.3602,1.3841,1.3561,1.3729,24030001.8
2026-03-09 20:00:00,1.3729,1.3791,1.3604,1.3631,16221438.5
2026-03-10 00:00:00,1.3631,1.3923,1.3605,1.375,17676386.3
2026-03-10 04:00:00,1.375,1.3897,1.3731,1.3875,21358356.4
2026-03-10 08:00:00,1.3876,1.4195,1.3876,1.3909,36553075.5
2026-03-10 12:00:00,1.391,1.4427,1.3813,1.4308,50485815.2
2026-03-10 16:00:00,1.4309,1.4372,1.3797,1.3849,37415117.9
2026-03-10 20:00:00,1.3849,1.395,1.3785,1.3863,12825155.3
2026-03-11 00:00:00,1.3864,1.3926,1.3782,1.3792,10305960.6
2026-03-11 04:00:00,1.3791,1.391,1.3735,1.3784,12248410.2
2026-03-11 08:00:00,1.3785,1.3815,1.3722,1.3736,9691834.1
2026-03-11 12:00:00,1.3735,1.4112,1.3706,1.3824,35071024.6
2026-03-11 16:00:00,1.3825,1.4075,1.3802,1.3901,36259383.9
2026-03-11 20:00:00,1.3901,1.3973,1.3822,1.3847,7458257.6
2026-03-12 00:00:00,1.3847,1.386,1.37,1.3738,13249730.4
2026-03-12 04:00:00,1.3738,1.3784,1.366,1.3765,14621009.0
2026-03-12 08:00:00,1.3764,1.3936,1.3742,1.3878,15982550.9
2026-03-12 12:00:00,1.3878,1.3926,1.365,1.3791,23107701.4
2026-03-12 16:00:00,1.3791,1.3859,1.3697,1.3786,10668172.7
2026-03-12 20:00:00,1.3785,1.3896,1.3713,1.3846,12060442.9
2026-03-13 00:00:00,1.3846,1.4243,1.3831,1.4124,47047151.3
2026-03-13 04:00:00,1.4123,1.427,1.4074,1.4153,27457124.1
2026-03-13 08:00:00,1.4153,1.4385,1.413,1.4202,32800101.3
2026-03-13 12:00:00,1.4202,1.4528,1.4067,1.409,54773776.8
2026-03-13 16:00:00,1.409,1.415,1.39,1.4014,23529560.4
2026-03-13 20:00:00,1.4014,1.4061,1.3901,1.3989,17467011.6
2026-03-14 00:00:00,1.3988,1.4035,1.3923,1.4009,10474127.3
2026-03-14 04:00:00,1.4008,1.4042,1.3834,1.394,14130734.9
2026-03-14 08:00:00,1.394,1.3974,1.3874,1.3925,8654346.1
2026-03-14 12:00:00,1.3924,1.3946,1.3875,1.3903,8530902.8
2026-03-14 16:00:00,1.3903,1.3936,1.3871,1.3903,4273506.9
2026-03-14 20:00:00,1.3903,1.4084,1.389,1.4063,12147488.5
2026-03-15 00:00:00,1.4063,1.4203,1.4021,1.4121,12182293.0
2026-03-15 04:00:00,1.4122,1.4211,1.4055,1.4076,8857313.5
2026-03-15 08:00:00,1.4077,1.4206,1.4077,1.4195,8627007.0
2026-03-15 12:00:00,1.4196,1.43,1.4128,1.4156,20290668.1
2026-03-15 16:00:00,1.4156,1.4242,1.4092,1.4128,11578834.2
2026-03-15 20:00:00,1.4129,1.4649,1.4106,1.4487,35868283.9
2026-03-16 00:00:00,1.4488,1.48,1.4357,1.4674,35821073.2
2026-03-16 04:00:00,1.4675,1.4887,1.4675,1.483,37135188.0
2026-03-16 08:00:00,1.483,1.4892,1.4646,1.4698,24439852.3
2026-03-16 12:00:00,1.4698,1.5169,1.4696,1.4932,51519691.4
2026-03-16 16:00:00,1.4933,1.5443,1.4918,1.5298,43833084.3
2026-03-16 20:00:00,1.5297,1.5522,1.5235,1.543,25830274.4
2026-03-17 00:00:00,1.5429,1.607,1.5342,1.5443,78276191.5
2026-03-17 04:00:00,1.5443,1.5526,1.5041,1.53,39180082.4
2026-03-17 08:00:00,1.53,1.5327,1.5024,1.5097,24243828.3
2026-03-17 12:00:00,1.5098,1.5221,1.4941,1.5135,44581022.1
2026-03-17 16:00:00,1.5136,1.5408,1.5015,1.5335,32904635.2
2026-03-17 20:00:00,1.5334,1.5365,1.5177,1.5182,13658970.6
2026-03-18 00:00:00,1.5182,1.5398,1.5089,1.5389,15406278.7
2026-03-18 04:00:00,1.5389,1.5414,1.515,1.5201,14398586.3
2026-03-18 08:00:00,1.5201,1.5275,1.4839,1.4895,21836038.4
2026-03-18 12:00:00,1.4896,1.4908,1.4385,1.4408,43981378.3
2026-03-18 16:00:00,1.4407,1.4669,1.4359,1.4493,27242488.5
2026-03-18 20:00:00,1.4493,1.472,1.4421,1.4647,16672915.4
2026-03-19 00:00:00,1.4648,1.4788,1.4555,1.4743,11975636.6
2026-03-19 04:00:00,1.4742,1.4817,1.4507,1.4614,21931974.7
2026-03-19 08:00:00,1.4613,1.4709,1.4522,1.4585,17817849.5
2026-03-19 12:00:00,1.4586,1.4586,1.4246,1.4319,38200220.9
2026-03-19 16:00:00,1.4319,1.4529,1.4219,1.4449,20077341.8
2026-03-19 20:00:00,1.4448,1.4565,1.4427,1.4475,8904329.1
2026-03-20 00:00:00,1.4475,1.4607,1.445,1.453,15051147.7
2026-03-20 04:00:00,1.453,1.4636,1.4434,1.4546,11834619.6
2026-03-20 08:00:00,1.4546,1.4665,1.4434,1.4491,18517789.1
2026-03-20 12:00:00,1.4492,1.4525,1.4284,1.4375,23386572.5
2026-03-20 16:00:00,1.4374,1.443,1.4248,1.436,11161235.8
2026-03-20 20:00:00,1.436,1.4521,1.4291,1.4452,8004318.9
2026-03-21 00:00:00,1.4452,1.4496,1.4425,1.4458,6447104.1
2026-03-21 04:00:00,1.4459,1.453,1.444,1.444,10439491.5
2026-03-21 08:00:00,1.4441,1.4456,1.4368,1.4425,7989108.9
2026-03-21 12:00:00,1.4426,1.4467,1.4342,1.4381,10289193.6
2026-03-21 16:00:00,1.4381,1.4417,1.4341,1.4373,3837868.3
2026-03-21 20:00:00,1.4372,1.4427,1.4003,1.4086,18144744.5
2026-03-22 00:00:00,1.4087,1.4263,1.3938,1.4171,20412883.0
2026-03-22 04:00:00,1.417,1.4204,1.4031,1.4034,11026512.5
2026-03-22 08:00:00,1.4034,1.4038,1.3855,1.3909,14524751.7
2026-03-22 12:00:00,1.3909,1.4071,1.3907,1.3926,8078791.8
2026-03-22 16:00:00,1.3927,1.3957,1.381,1.3847,8692628.7
2026-03-22 20:00:00,1.3848,1.3931,1.3712,1.3848,14446638.7
2026-03-23 00:00:00,1.3849,1.393,1.3742,1.3814,12974816.3
2026-03-23 04:00:00,1.3814,1.3981,1.3626,1.3728,23245007.5
2026-03-23 08:00:00,1.3729,1.4449,1.3618,1.4115,57140903.5
2026-03-23 12:00:00,1.4115,1.4661,1.4019,1.4314,48558867.8
2026-03-23 16:00:00,1.4313,1.4465,1.4268,1.4346,20228395.7
2026-03-23 20:00:00,1.4346,1.4401,1.4233,1.4323,7917268.5
2026-03-24 00:00:00,1.4323,1.435,1.4086,1.4144,14991955.7
2026-03-24 04:00:00,1.4144,1.4324,1.4052,1.4313,15115886.3
2026-03-24 08:00:00,1.4312,1.4333,1.4133,1.4233,17878221.4
2026-03-24 12:00:00,1.4233,1.4236,1.3954,1.4009,22600862.1
2026-03-24 16:00:00,1.4009,1.404,1.3835,1.3882,15422687.9
2026-03-24 20:00:00,1.3881,1.4183,1.3864,1.416,17370886.9
2026-03-25 00:00:00,1.416,1.4251,1.4071,1.4132,14406060.5
2026-03-25 04:00:00,1.4132,1.4268,1.4113,1.42,18232234.4
2026-03-25 08:00:00,1.42,1.4379,1.4127,1.429,24148221.3
2026-03-25 12:00:00,1.4291,1.4322,1.4019,1.4075,21776568.2
2026-03-25 16:00:00,1.4074,1.4212,1.405,1.4121,11844866.7
2026-03-25 20:00:00,1.4122,1.4225,1.4101,1.4145,6632861.6
2026-03-26 00:00:00,1.4145,1.4165,1.3963,1.4017,11225467.4
2026-03-26 04:00:00,1.4016,1.4056,1.3798,1.3856,19026423.6
2026-03-26 08:00:00,1.3856,1.3865,1.3683,1.3715,20200362.1
2026-03-26 12:00:00,1.3715,1.3828,1.3527,1.3604,26125352.3
2026-03-26 16:00:00,1.3605,1.3677,1.336,1.3444,29929935.3
2026-03-26 20:00:00,1.3444,1.3704,1.3443,1.3609,24334484.7
2026-03-27 00:00:00,1.3608,1.3726,1.3582,1.3639,16626091.8
2026-03-27 04:00:00,1.3639,1.3685,1.356,1.359,12411128.6
2026-03-27 08:00:00,1.359,1.3613,1.3262,1.335,26331746.7
2026-03-27 12:00:00,1.3351,1.3459,1.3262,1.336,39122125.3
2026-03-27 16:00:00,1.336,1.3374,1.3184,1.3253,15085416.7
2026-03-27 20:00:00,1.3253,1.3327,1.3204,1.3257,9680887.9
2026-03-28 00:00:00,1.3256,1.3294,1.3191,1.3271,8970473.2
2026-03-28 04:00:00,1.3271,1.3421,1.3258,1.3411,10739329.8
2026-03-28 08:00:00,1.3411,1.3433,1.3348,1.3403,7053085.1
2026-03-28 12:00:00,1.3403,1.3582,1.3361,1.3533,14468214.3
2026-03-28 16:00:00,1.3534,1.3545,1.3418,1.3449,5259177.5
2026-03-28 20:00:00,1.3449,1.348,1.331,1.3333,7226846.4
2026-03-29 00:00:00,1.3333,1.3418,1.33,1.3384,5809361.0
2026-03-29 04:00:00,1.3383,1.3433,1.3285,1.3341,8511378.7
2026-03-29 08:00:00,1.3341,1.3407,1.331,1.3382,5158796.7
2026-03-29 12:00:00,1.3382,1.3382,1.3213,1.3257,9051316.5
2026-03-29 16:00:00,1.3257,1.3297,1.3162,1.3182,7746397.2
2026-03-29 20:00:00,1.3181,1.3325,1.2954,1.3278,25061768.5
2026-03-30 00:00:00,1.3279,1.3553,1.3247,1.352,15826294.9
2026-03-30 04:00:00,1.3521,1.3609,1.347,1.3584,19286841.8
2026-03-30 08:00:00,1.3583,1.3669,1.345,1.3499,20208339.3
2026-03-30 12:00:00,1.35,1.3564,1.3351,1.3454,19653085.8
2026-03-30 16:00:00,1.3454,1.3456,1.3166,1.323,14578078.3
2026-03-30 20:00:00,1.323,1.3345,1.32,1.3242,10649979.9
2026-03-31 00:00:00,1.3242,1.3482,1.3192,1.3259,12962439.5
2026-03-31 04:00:00,1.3258,1.3296,1.3143,1.3196,21456230.9
2026-03-31 08:00:00,1.3196,1.3237,1.3038,1.315,19747065.0
2026-03-31 12:00:00,1.3149,1.3387,1.3113,1.3151,20244220.5
2026-03-31 16:00:00,1.3151,1.3469,1.3144,1.345,18129321.7
2026-03-31 20:00:00,1.345,1.3503,1.3327,1.3411,8779136.2
2026-04-01 00:00:00,1.341,1.3517,1.3314,1.3481,13698626.8
2026-04-01 04:00:00,1.3482,1.3675,1.3361,1.3566,22474878.2
2026-04-01 08:00:00,1.3566,1.3586,1.349,1.3544,14873961.2
2026-04-01 12:00:00,1.3544,1.3606,1.3448,1.3575,18179392.4
2026-04-01 16:00:00,1.3575,1.3683,1.3463,1.3505,10816762.0
2026-04-01 20:00:00,1.3505,1.3567,1.3422,1.3478,6855190.4
2026-04-02 00:00:00,1.3477,1.3569,1.3067,1.3129,29427263.1
2026-04-02 04:00:00,1.3129,1.3209,1.305,1.3176,21713290.3
2026-04-02 08:00:00,1.3175,1.3176,1.2989,1.3002,19873066.4
2026-04-02 12:00:00,1.3002,1.3037,1.2802,1.3001,36430128.5
2026-04-02 16:00:00,1.3002,1.3113,1.295,1.308,16009151.5
2026-04-02 20:00:00,1.3081,1.3229,1.3051,1.32,9418659.9
2026-04-03 00:00:00,1.32,1.324,1.3033,1.3217,18678482.0
2026-04-03 04:00:00,1.3216,1.3261,1.3143,1.3188,9640158.1
2026-04-03 08:00:00,1.3188,1.3243,1.3093,1.3204,10833198.9
2026-04-03 12:00:00,1.3204,1.3356,1.3144,1.3187,15436365.8
2026-04-03 16:00:00,1.3187,1.3254,1.3135,1.3178,4732493.7
2026-04-03 20:00:00,1.3177,1.3223,1.3124,1.3184,5463354.8
2026-04-04 00:00:00,1.3183,1.3191,1.3133,1.3159,3727329.1
2026-04-04 04:00:00,1.3158,1.3208,1.3153,1.3161,3741053.5
2026-04-04 08:00:00,1.3161,1.3165,1.307,1.3118,6714869.8
2026-04-04 12:00:00,1.3119,1.3169,1.3067,1.3126,6168528.7
2026-04-04 16:00:00,1.3126,1.3226,1.3107,1.3178,6800731.5
2026-04-04 20:00:00,1.3178,1.3189,1.3136,1.3153,2822498.3
2026-04-05 00:00:00,1.3154,1.32,1.3102,1.3133,3505295.2
2026-04-05 04:00:00,1.3134,1.3154,1.2957,1.2979,19414585.5
2026-04-05 08:00:00,1.2978,1.304,1.2969,1.2987,6333221.3
2026-04-05 12:00:00,1.2987,1.306,1.2787,1.2967,22715734.7
2026-04-05 16:00:00,1.2967,1.3075,1.2967,1.3006,6189565.4
2026-04-05 20:00:00,1.3006,1.332,1.2972,1.3263,16155864.7
2026-04-06 00:00:00,1.3264,1.349,1.326,1.3381,27789945.9
2026-04-06 04:00:00,1.3382,1.3474,1.3362,1.3443,20057095.1
2026-04-06 08:00:00,1.3444,1.3577,1.3377,1.3499,19750225.4
2026-04-06 12:00:00,1.3498,1.3534,1.3407,1.3504,14837364.9
2026-04-06 16:00:00,1.3505,1.3538,1.335,1.3415,12012169.6
2026-04-06 20:00:00,1.3416,1.3436,1.3122,1.3212,9898989.8
2026-04-07 00:00:00,1.3211,1.326,1.3125,1.317,7563866.2
2026-04-07 04:00:00,1.3169,1.3205,1.3056,1.3127,10927019.9
2026-04-07 08:00:00,1.3127,1.3247,1.3034,1.3063,16744551.1
2026-04-07 12:00:00,1.3063,1.3135,1.2949,1.2976,16704681.1
2026-04-07 16:00:00,1.2976,1.3164,1.2954,1.3142,17996896.1
2026-04-07 20:00:00,1.3142,1.3962,1.3139,1.3787,60765981.0
2026-04-08 00:00:00,1.3786,1.3841,1.3601,1.37,29615413.4
2026-04-08 04:00:00,1.3701,1.3883,1.3692,1.3797,21807469.2
2026-04-08 08:00:00,1.3797,1.3882,1.3717,1.3781,17203749.0
2026-04-08 12:00:00,1.3782,1.3898,1.3454,1.3549,32545406.4
2026-04-08 16:00:00,1.3548,1.3637,1.3445,1.3519,12625753.8
2026-04-08 20:00:00,1.3518,1.3573,1.3389,1.3428,11057941.5
2026-04-09 00:00:00,1.3428,1.3431,1.3266,1.3311,19169546.6
2026-04-09 04:00:00,1.3311,1.3357,1.3256,1.332,21035705.0
2026-04-09 08:00:00,1.332,1.339,1.3255,1.3297,17871266.7
2026-04-09 12:00:00,1.3297,1.3553,1.3218,1.3523,22368422.7
2026-04-09 16:00:00,1.3523,1.3607,1.3462,1.3559,17278827.1
2026-04-09 20:00:00,1.3558,1.3696,1.3418,1.3438,14541846.0
2026-04-10 00:00:00,1.3438,1.3505,1.3403,1.3412,10668161.1
2026-04-10 04:00:00,1.3412,1.3488,1.3356,1.337,9418392.0
2026-04-10 08:00:00,1.337,1.3467,1.3348,1.3415,20690443.7
2026-04-10 12:00:00,1.3415,1.362,1.3379,1.3478,20215228.0
2026-04-10 16:00:00,1.3479,1.3633,1.3475,1.3631,10222879.3
2026-04-10 20:00:00,1.363,1.366,1.3543,1.3559,8570892.6
2026-04-11 00:00:00,1.3559,1.357,1.3488,1.3506,8567163.7
2026-04-11 04:00:00,1.3506,1.352,1.344,1.3464,5022094.0
2026-04-11 08:00:00,1.3465,1.3499,1.3422,1.3457,6807881.4
2026-04-11 12:00:00,1.3456,1.349,1.3394,1.346,11004736.3
2026-04-11 16:00:00,1.3461,1.3752,1.3456,1.3712,14061850.5
2026-04-11 20:00:00,1.3712,1.3728,1.3513,1.3546,11631630.4
2026-04-12 00:00:00,1.3547,1.3559,1.3254,1.3302,21388640.9
2026-04-12 04:00:00,1.3302,1.3321,1.3268,1.3298,9612541.6
2026-04-12 08:00:00,1.3297,1.3339,1.3266,1.333,7107578.0
2026-04-12 12:00:00,1.333,1.3346,1.3193,1.3239,17688010.6
2026-04-12 16:00:00,1.3239,1.3341,1.3234,1.3311,4957229.7
2026-04-12 20:00:00,1.331,1.3395,1.3225,1.3247,9491770.3
2026-04-13 00:00:00,1.3246,1.3335,1.3234,1.3254,9422268.3
2026-04-13 04:00:00,1.3254,1.3374,1.3193,1.3254,11728272.4
2026-04-13 08:00:00,1.3255,1.3304,1.3226,1.3255,15890823.1
2026-04-13 12:00:00,1.3256,1.3468,1.3234,1.3345,19250807.8
2026-04-13 16:00:00,1.3345,1.3557,1.3294,1.3533,17222861.0
2026-04-13 20:00:00,1.3533,1.3839,1.3437,1.3756,31935668.6
2026-04-14 00:00:00,1.3757,1.3775,1.3594,1.3672,16948647.3
2026-04-14 04:00:00,1.3672,1.3773,1.3602,1.3682,14898371.0
2026-04-14 08:00:00,1.3683,1.3762,1.3667,1.3692,12820297.1
2026-04-14 12:00:00,1.3692,1.3955,1.365,1.3745,34549979.7
2026-04-14 16:00:00,1.3745,1.3809,1.3521,1.3607,11649206.0
2026-04-14 20:00:00,1.3608,1.366,1.3552,1.3617,12176098.4
2026-04-15 00:00:00,1.3617,1.3668,1.3553,1.3578,16183660.8
2026-04-15 04:00:00,1.3577,1.3614,1.3503,1.352,9554405.0
2026-04-15 08:00:00,1.352,1.3647,1.3507,1.3636,10801463.1
2026-04-15 12:00:00,1.3635,1.3835,1.3612,1.3733,26561883.3
2026-04-15 16:00:00,1.3733,1.4086,1.3718,1.4,28713242.1
2026-04-15 20:00:00,1.4,1.4025,1.3799,1.3922,17679300.1
2026-04-16 00:00:00,1.3922,1.4156,1.3865,1.4063,22295619.6
2026-04-16 04:00:00,1.4063,1.4128,1.4006,1.4058,12725307.2
2026-04-16 08:00:00,1.4058,1.4231,1.4016,1.4095,25978003.7
2026-04-16 12:00:00,1.4095,1.4342,1.3928,1.4291,44456185.4
2026-04-16 16:00:00,1.4291,1.4664,1.4144,1.4645,33643204.8
2026-04-16 20:00:00,1.4645,1.4663,1.444,1.453,16328921.4
2026-04-17 00:00:00,1.453,1.4555,1.4225,1.4308,18903240.4
2026-04-17 04:00:00,1.4307,1.44,1.4243,1.4373,12647542.5
2026-04-17 08:00:00,1.4373,1.4592,1.4326,1.4475,20028208.7
2026-04-17 12:00:00,1.4475,1.51,1.4442,1.4861,64181954.2
2026-04-17 16:00:00,1.4861,1.5006,1.4728,1.4871,27184202.4
2026-04-17 20:00:00,1.4872,1.4896,1.4721,1.4757,12921188.9
2026-04-18 00:00:00,1.4757,1.4823,1.4669,1.4686,8650246.7
2026-04-18 04:00:00,1.4687,1.4771,1.4627,1.4741,9629926.7
2026-04-18 08:00:00,1.4742,1.4754,1.4246,1.4314,31621719.6
2026-04-18 12:00:00,1.4314,1.4399,1.4296,1.4362,13006551.3
2026-04-18 16:00:00,1.4361,1.4392,1.4235,1.4271,12423768.4
2026-04-18 20:00:00,1.4272,1.4384,1.4239,1.4323,7338270.3
2026-04-19 00:00:00,1.4324,1.4386,1.4236,1.4294,8463198.0
2026-04-19 04:00:00,1.4295,1.4431,1.4148,1.42,15550618.7
2026-04-19 08:00:00,1.4199,1.4309,1.4131,1.4297,15043504.3
2026-04-19 12:00:00,1.4298,1.447,1.4206,1.4315,17630104.4
2026-04-19 16:00:00,1.4315,1.4323,1.4113,1.4175,13083801.4
2026-04-19 20:00:00,1.4175,1.4175,1.3909,1.3942,20642713.1
2026-04-20 00:00:00,1.3943,1.4132,1.3933,1.4111,17554171.6
2026-04-20 04:00:00,1.411,1.4326,1.3954,1.4154,16634336.4
2026-04-20 08:00:00,1.4154,1.4272,1.4075,1.4155,16817558.5
2026-04-20 12:00:00,1.4155,1.435,1.4089,1.4327,28586215.3
2026-04-20 16:00:00,1.4328,1.4369,1.4224,1.4303,12859323.8
2026-04-20 20:00:00,1.4302,1.4335,1.4213,1.4243,7124205.9
2026-04-21 00:00:00,1.4244,1.4319,1.4195,1.4241,11059762.6
2026-04-21 04:00:00,1.424,1.4425,1.424,1.4393,14094469.9
2026-04-21 08:00:00,1.4392,1.45,1.4366,1.4397,15468449.3
2026-04-21 12:00:00,1.4397,1.445,1.4255,1.4324,16263077.1
2026-04-21 16:00:00,1.4325,1.4359,1.4116,1.4136,18898627.6
2026-04-21 20:00:00,1.4135,1.4341,1.4122,1.4334,9493794.1
2026-04-22 00:00:00,1.4335,1.4506,1.4268,1.4432,13549847.4
2026-04-22 04:00:00,1.4432,1.4606,1.4415,1.4544,14552939.5
2026-04-22 08:00:00,1.4545,1.4557,1.4482,1.4543,10070207.3
2026-04-22 12:00:00,1.4543,1.4626,1.4473,1.4564,20643670.6
2026-04-22 16:00:00,1.4564,1.4589,1.4374,1.4413,13834041.9
2026-04-22 20:00:00,1.4414,1.4428,1.4287,1.4294,10778474.7
2026-04-23 00:00:00,1.4293,1.4316,1.4114,1.4162,13796873.3
2026-04-23 04:00:00,1.4162,1.4251,1.415,1.4208,8656692.0
2026-04-23 08:00:00,1.4208,1.4214,1.409,1.4165,10937968.1
2026-04-23 12:00:00,1.4164,1.4368,1.414,1.4315,16089627.0
2026-04-23 16:00:00,1.4316,1.441,1.4208,1.4295,35299120.9
2026-04-23 20:00:00,1.4295,1.44,1.4278,1.4386,7403696.1
2026-04-24 00:00:00,1.4386,1.4457,1.4282,1.4307,10617867.0
2026-04-24 04:00:00,1.4306,1.4339,1.4258,1.4326,6435527.9
2026-04-24 08:00:00,1.4327,1.4401,1.4239,1.4383,9886601.8
2026-04-24 12:00:00,1.4383,1.4482,1.4284,1.4479,25277258.3
2026-04-24 16:00:00,1.448,1.4503,1.4336,1.4391,7724459.6
2026-04-24 20:00:00,1.4392,1.443,1.4297,1.4334,6287413.9
2026-04-25 00:00:00,1.4333,1.4377,1.4316,1.4366,3846428.4
2026-04-25 04:00:00,1.4367,1.437,1.4311,1.4335,2714845.9
2026-04-25 08:00:00,1.4334,1.4371,1.4295,1.4308,3871087.0
2026-04-25 12:00:00,1.4307,1.4324,1.4246,1.4255,5003896.9
2026-04-25 16:00:00,1.4255,1.428,1.4192,1.4204,6942873.0
2026-04-25 20:00:00,1.4205,1.4256,1.4187,1.4238,3967427.4
2026-04-26 00:00:00,1.4238,1.4241,1.418,1.4186,3626825.4
2026-04-26 04:00:00,1.4187,1.4294,1.4185,1.4291,5170669.1
2026-04-26 08:00:00,1.4291,1.4318,1.4257,1.4305,3033104.2
2026-04-26 12:00:00,1.4306,1.4315,1.4231,1.4292,5479079.8
2026-04-26 16:00:00,1.4292,1.4366,1.4227,1.4304,5259885.9
2026-04-26 20:00:00,1.4304,1.4357,1.42,1.4307,7454803.3
2026-04-27 00:00:00,1.4308,1.4466,1.4253,1.4425,9891881.6
2026-04-27 04:00:00,1.4424,1.4425,1.4129,1.4145,15288701.6
2026-04-27 08:00:00,1.4144,1.4191,1.4126,1.4137,6630403.8
2026-04-27 12:00:00,1.4137,1.415,1.3836,1.3882,25883919.1
2026-04-27 16:00:00,1.3882,1.3971,1.3848,1.393,9035412.1
2026-04-27 20:00:00,1.3929,1.4022,1.3894,1.4007,6424979.9
2026-04-28 00:00:00,1.4008,1.4009,1.3885,1.393,6482531.2
2026-04-28 04:00:00,1.393,1.3973,1.3849,1.3929,6862856.3
2026-04-28 08:00:00,1.393,1.3959,1.3794,1.3815,10112622.4
2026-04-28 12:00:00,1.3815,1.3849,1.3677,1.3753,14970729.9
2026-04-28 16:00:00,1.3754,1.3864,1.3705,1.3826,9535528.4
2026-04-28 20:00:00,1.3826,1.3851,1.3785,1.3805,5269977.2
2026-04-29 00:00:00,1.3806,1.3902,1.377,1.3892,7235769.0
2026-04-29 04:00:00,1.3893,1.3973,1.3876,1.3919,9418592.7
2026-04-29 08:00:00,1.392,1.4067,1.3891,1.3946,10906140.4
2026-04-29 12:00:00,1.3945,1.3947,1.3589,1.3618,17723152.6
2026-04-29 16:00:00,1.3618,1.3702,1.3458,1.3534,19140234.3
2026-04-29 20:00:00,1.3535,1.3725,1.3533,1.3691,9770990.8
2026-04-30 00:00:00,1.3692,1.3847,1.3677,1.3733,10339650.4
2026-04-30 04:00:00,1.3733,1.3754,1.3591,1.3749,8954518.5
2026-04-30 08:00:00,1.3749,1.3799,1.3666,1.3697,8704125.9
2026-04-30 12:00:00,1.3696,1.3761,1.3623,1.3695,10215894.1
2026-04-30 16:00:00,1.3695,1.3744,1.3628,1.3707,7805023.3
2026-04-30 20:00:00,1.3706,1.3724,1.3644,1.3679,5091176.9
2026-05-01 00:00:00,1.368,1.3804,1.3649,1.3764,15782867.0
2026-05-01 04:00:00,1.3764,1.3788,1.3718,1.3749,8553701.1
2026-05-01 08:00:00,1.3748,1.3807,1.3716,1.3779,5199158.9
2026-05-01 12:00:00,1.378,1.3999,1.3774,1.396,16235721.3
2026-05-01 16:00:00,1.396,1.3985,1.3888,1.3937,7422938.0
2026-05-01 20:00:00,1.3938,1.3947,1.3809,1.3858,6993792.7
2026-05-02 00:00:00,1.3858,1.3904,1.3812,1.386,6132093.1
2026-05-02 04:00:00,1.3859,1.3885,1.3826,1.3853,3256682.8
2026-05-02 08:00:00,1.3853,1.3911,1.3838,1.3859,5420009.6
2026-05-02 12:00:00,1.3859,1.3943,1.3847,1.3934,5299726.4
2026-05-02 16:00:00,1.3934,1.3951,1.3896,1.3946,3203043.3
2026-05-02 20:00:00,1.3947,1.4003,1.3904,1.3937,9718708.9
2026-05-03 00:00:00,1.3936,1.3945,1.3814,1.384,3858306.9
2026-05-03 04:00:00,1.3839,1.3885,1.382,1.3861,4532370.9
2026-05-03 08:00:00,1.3861,1.3985,1.3857,1.3952,4828732.9
2026-05-03 12:00:00,1.3952,1.399,1.3931,1.3958,4563517.2
2026-05-03 16:00:00,1.3959,1.3982,1.3922,1.3952,2676976.2
2026-05-03 20:00:00,1.3952,1.4042,1.3868,1.388,8786932.7
2026-05-04 00:00:00,1.3879,1.415,1.3829,1.4129,20918404.6
2026-05-04 04:00:00,1.413,1.4209,1.402,1.4106,12042997.9
2026-05-04 08:00:00,1.4105,1.4196,1.3856,1.3941,17114470.2
2026-05-04 12:00:00,1.394,1.4134,1.3886,1.399,15903695.3
2026-05-04 16:00:00,1.3991,1.4123,1.3938,1.398,9913268.8
2026-05-04 20:00:00,1.3979,1.4016,1.3901,1.3918,7307827.9
2026-05-05 00:00:00,1.3919,1.4099,1.3904,1.4057,6557397.9
2026-05-05 04:00:00,1.4056,1.41,1.3998,1.4067,10507331.1
2026-05-05 08:00:00,1.4066,1.4093,1.4018,1.4079,8933823.0
2026-05-05 12:00:00,1.4079,1.4206,1.4047,1.4116,19036992.3
2026-05-05 16:00:00,1.4117,1.4151,1.4047,1.413,8897549.2
2026-05-05 20:00:00,1.413,1.4222,1.4095,1.4126,13642724.7
2026-05-06 00:00:00,1.4126,1.4244,1.4073,1.4222,9410851.9
2026-05-06 04:00:00,1.4222,1.4355,1.4142,1.4311,18896068.2
2026-05-06 08:00:00,1.4311,1.4573,1.4298,1.451,23113307.9
2026-05-06 12:00:00,1.4509,1.4524,1.4133,1.4301,29558867.0
2026-05-06 16:00:00,1.43,1.4347,1.4214,1.4279,9891162.6
2026-05-06 20:00:00,1.428,1.429,1.4166,1.4249,6325007.3
2026-05-07 00:00:00,1.4249,1.4258,1.4035,1.4052,13816388.6
2026-05-07 04:00:00,1.4052,1.4215,1.4042,1.4199,16488582.1
2026-05-07 08:00:00,1.4198,1.421,1.4068,1.4096,10581153.3
2026-05-07 12:00:00,1.4096,1.415,1.3831,1.3907,21214378.4
2026-05-07 16:00:00,1.3906,1.3963,1.3843,1.3861,12304361.6
2026-05-07 20:00:00,1.3862,1.3932,1.3802,1.3869,8425522.5
2026-05-08 00:00:00,1.3869,1.3898,1.3795,1.3853,6696746.9
2026-05-08 04:00:00,1.3853,1.3877,1.3778,1.384,8439413.1
2026-05-08 08:00:00,1.384,1.3925,1.382,1.3913,9126874.7
2026-05-08 12:00:00,1.3913,1.3983,1.3836,1.3973,12911877.7
2026-05-08 16:00:00,1.3973,1.427,1.3927,1.4188,18316090.5
2026-05-08 20:00:00,1.4188,1.4238,1.4111,1.4182,11030200.5
2026-05-09 00:00:00,1.4182,1.435,1.418,1.4289,15543263.1
2026-05-09 04:00:00,1.4288,1.4345,1.4223,1.4238,14476186.7
2026-05-09 08:00:00,1.4238,1.4256,1.4173,1.422,6718938.2
2026-05-09 12:00:00,1.422,1.4228,1.4118,1.4144,9839096.4
2026-05-09 16:00:00,1.4145,1.425,1.4113,1.424,7602371.6
2026-05-09 20:00:00,1.4241,1.4252,1.4192,1.4205,3612705.3
2026-05-10 00:00:00,1.4205,1.4225,1.4119,1.4172,11103700.9
2026-05-10 04:00:00,1.4172,1.4217,1.4155,1.4202,3852693.6
2026-05-10 08:00:00,1.4201,1.4309,1.4184,1.4232,13967056.2
2026-05-10 12:00:00,1.4232,1.445,1.4211,1.4442,14564984.9
2026-05-10 16:00:00,1.4443,1.5082,1.4429,1.4867,71637587.2
2026-05-10 20:00:00,1.4868,1.4897,1.4371,1.4734,40969289.4
2026-05-11 00:00:00,1.4735,1.478,1.4399,1.4487,29429424.2
2026-05-11 04:00:00,1.4486,1.4591,1.4424,1.4494,18542632.8
2026-05-11 08:00:00,1.4494,1.4581,1.4418,1.4579,13539595.8
2026-05-11 12:00:00,1.4578,1.4886,1.4525,1.4848,24778137.4
2026-05-11 16:00:00,1.4849,1.4875,1.4662,1.4796,19188197.3
2026-05-11 20:00:00,1.4795,1.4828,1.4685,1.4776,12945289.0
2026-05-12 00:00:00,1.4777,1.4848,1.4566,1.4597,15896952.5
2026-05-12 04:00:00,1.4598,1.4693,1.4544,1.4628,15784544.4
2026-05-12 08:00:00,1.4629,1.4714,1.444,1.449,19971035.4
2026-05-12 12:00:00,1.4491,1.4557,1.4183,1.424,27863981.6
2026-05-12 16:00:00,1.424,1.4429,1.4195,1.4411,14839576.1
2026-05-12 20:00:00,1.441,1.4444,1.4333,1.437,11197923.5
2026-05-13 00:00:00,1.437,1.4536,1.4349,1.4522,14813015.7
2026-05-13 04:00:00,1.4521,1.4649,1.45,1.4622,21805960.6
2026-05-13 08:00:00,1.4623,1.4693,1.4471,1.4484,18815601.4
2026-05-13 12:00:00,1.4483,1.4496,1.4112,1.4131,34807825.1
2026-05-13 16:00:00,1.4132,1.434,1.4122,1.419,19994662.6
2026-05-13 20:00:00,1.4191,1.4278,1.4155,1.4273,15480301.7
2026-05-14 00:00:00,1.4272,1.4352,1.4208,1.4222,16317621.5
2026-05-14 04:00:00,1.4222,1.4397,1.4209,1.4324,13402637.2
2026-05-14 08:00:00,1.4325,1.4392,1.4273,1.4325,9076610.0
2026-05-14 12:00:00,1.4325,1.4745,1.4317,1.4727,40079966.7
2026-05-14 16:00:00,1.4726,1.5496,1.4645,1.517,90420527.2
2026-05-14 20:00:00,1.5171,1.5178,1.4828,1.4852,33981549.3
2026-05-15 00:00:00,1.4851,1.5002,1.476,1.489,18592688.1
2026-05-15 04:00:00,1.489,1.4902,1.4534,1.4696,27627999.6
2026-05-15 08:00:00,1.4696,1.4769,1.4613,1.4681,16985939.3
2026-05-15 12:00:00,1.4681,1.4692,1.4275,1.4352,38803677.2
2026-05-15 16:00:00,1.4351,1.4509,1.4321,1.4345,15812054.7
2026-05-15 20:00:00,1.4346,1.4375,1.4301,1.434,5728847.2
2026-05-16 00:00:00,1.434,1.4396,1.4311,1.4356,6091526.1
2026-05-16 04:00:00,1.4355,1.4366,1.4046,1.4168,22361325.5
2026-05-16 08:00:00,1.4167,1.4181,1.394,1.4109,19697601.5
2026-05-16 12:00:00,1.4108,1.4155,1.406,1.4147,12421856.9
2026-05-16 16:00:00,1.4147,1.4227,1.4135,1.4162,7493583.5
2026-05-16 20:00:00,1.4163,1.4191,1.412,1.4136,3477384.4
2026-05-17 00:00:00,1.4136,1.4176,1.4021,1.4121,11640049.5
2026-05-17 04:00:00,1.4121,1.4219,1.4118,1.4183,5992826.2
2026-05-17 08:00:00,1.4183,1.4291,1.4129,1.4226,10237986.7
2026-05-17 12:00:00,1.4227,1.4267,1.41,1.4132,7209143.8
2026-05-17 16:00:00,1.4132,1.4233,1.4066,1.4225,8101960.4
2026-05-17 20:00:00,1.4224,1.4263,1.3715,1.4016,24793619.6
2026-05-18 00:00:00,1.4017,1.4027,1.3848,1.3932,22966538.5
2026-05-18 04:00:00,1.3932,1.3996,1.3764,1.3867,17327123.9
2026-05-18 08:00:00,1.3867,1.3966,1.3761,1.3904,12530835.3
2026-05-18 12:00:00,1.3904,1.4024,1.369,1.3766,24563819.7
2026-05-18 16:00:00,1.3767,1.3912,1.3638,1.388,16510264.5
2026-05-18 20:00:00,1.3881,1.3964,1.3823,1.39,9398669.9
2026-05-19 00:00:00,1.3901,1.3977,1.378,1.3834,10244245.4
2026-05-19 04:00:00,1.3834,1.391,1.3786,1.3887,12243738.3
2026-05-19 08:00:00,1.3887,1.3888,1.3685,1.3722,15238408.2
2026-05-19 12:00:00,1.3722,1.382,1.3607,1.3672,17686292.5
2026-05-19 16:00:00,1.3672,1.374,1.3561,1.3573,28862706.1
2026-05-19 20:00:00,1.3572,1.3653,1.3531,1.3616,14317533.0
2026-05-20 00:00:00,1.3616,1.3639,1.3477,1.3562,12218068.0
2026-05-20 04:00:00,1.3562,1.3736,1.3535,1.3682,8646033.1
2026-05-20 08:00:00,1.3683,1.3754,1.3641,1.3655,9324065.8
2026-05-20 12:00:00,1.3654,1.3807,1.3585,1.3747,16968625.0
2026-05-20 16:00:00,1.3748,1.3803,1.365,1.3726,15270284.8
2026-05-20 20:00:00,1.3726,1.3728,1.3604,1.3672,6482338.0
2026-05-21 00:00:00,1.3672,1.386,1.3665,1.3842,9347608.1
2026-05-21 04:00:00,1.3843,1.3856,1.3693,1.376,12041622.5
2026-05-21 08:00:00,1.376,1.3858,1.3635,1.3636,16352082.1
2026-05-21 12:00:00,1.3637,1.3687,1.3512,1.3615,16500273.6
2026-05-21 16:00:00,1.3615,1.3862,1.3571,1.3796,18521143.1
2026-05-21 20:00:00,1.3797,1.3811,1.3693,1.3739,5158018.1
2026-05-22 00:00:00,1.3739,1.3755,1.3651,1.3721,9564208.2
2026-05-22 04:00:00,1.3722,1.376,1.3567,1.3652,16662880.5
2026-05-22 08:00:00,1.3652,1.3685,1.3551,1.3616,12062862.9
2026-05-22 12:00:00,1.3616,1.3705,1.3477,1.3534,20157809.7
2026-05-22 16:00:00,1.3534,1.3595,1.3344,1.3386,21752076.3
2026-05-22 20:00:00,1.3387,1.3442,1.33,1.3345,11647464.6
2026-05-23 00:00:00,1.3346,1.3424,1.3272,1.3411,9342205.8
2026-05-23 04:00:00,1.3411,1.3412,1.3019,1.3122,22811286.2
2026-05-23 08:00:00,1.3123,1.3264,1.3071,1.3247,21729626.4
2026-05-23 12:00:00,1.3246,1.3421,1.3241,1.3359,17870518.2
2026-05-23 16:00:00,1.3359,1.3506,1.3342,1.347,10887812.8
2026-05-23 20:00:00,1.347,1.3762,1.3451,1.3583,20318841.1
2026-05-24 00:00:00,1.3584,1.3639,1.3571,1.3607,6346965.4
2026-05-24 04:00:00,1.3608,1.3648,1.355,1.3595,5327909.4
2026-05-24 08:00:00,1.3596,1.371,1.3575,1.3651,14580237.9
2026-05-24 12:00:00,1.3652,1.3655,1.339,1.3484,11313412.9
2026-05-24 16:00:00,1.3484,1.3546,1.3461,1.3493,4797051.6
2026-05-24 20:00:00,1.3493,1.3541,1.3326,1.351,10269538.8
2026-05-25 00:00:00,1.351,1.3567,1.3435,1.3468,8999441.2
2026-05-25 04:00:00,1.3468,1.3611,1.345,1.3589,14245478.0
2026-05-25 08:00:00,1.3589,1.3656,1.3567,1.3577,15044482.4
2026-05-25 12:00:00,1.3577,1.3657,1.3556,1.3588,8626371.9
2026-05-25 16:00:00,1.3589,1.364,1.3545,1.3571,4261044.8
2026-05-25 20:00:00,1.357,1.3596,1.3466,1.3503,6466748.5
2026-05-26 00:00:00,1.3503,1.3512,1.3342,1.3402,12721006.5
2026-05-26 04:00:00,1.3402,1.3507,1.3393,1.3405,8043963.5
2026-05-26 08:00:00,1.3405,1.3595,1.3395,1.3521,11768969.5
2026-05-26 12:00:00,1.352,1.3656,1.3396,1.3451,14086692.3
2026-05-26 16:00:00,1.3452,1.3458,1.3273,1.3325,14613809.6
2026-05-26 20:00:00,1.3325,1.3347,1.3286,1.3292,6118516.5
2026-05-27 00:00:00,1.3293,1.3331,1.3264,1.3276,8467009.8
2026-05-27 04:00:00,1.3276,1.3371,1.3216,1.3319,8392989.6
2026-05-27 08:00:00,1.3319,1.3379,1.3282,1.3297,15489054.2
2026-05-27 12:00:00,1.3298,1.3437,1.3187,1.3363,16390866.1
2026-05-27 16:00:00,1.3364,1.3389,1.3175,1.3307,12584027.4
2026-05-27 20:00:00,1.3307,1.3348,1.3033,1.3076,16420422.0
2026-05-28 00:00:00,1.3076,1.3114,1.2752,1.279,25897464.0
2026-05-28 04:00:00,1.279,1.2936,1.2677,1.2934,25594165.3
2026-05-28 08:00:00,1.2934,1.2963,1.2861,1.2877,8993117.4
2026-05-28 12:00:00,1.2876,1.3148,1.2838,1.3124,25963377.3
2026-05-28 16:00:00,1.3124,1.3385,1.307,1.3161,19775688.4
2026-05-28 20:00:00,1.316,1.3249,1.3104,1.3156,8813009.8
2026-05-29 00:00:00,1.3156,1.3205,1.3038,1.3124,11317476.0
2026-05-29 04:00:00,1.3124,1.321,1.3039,1.3169,12208615.2
2026-05-29 08:00:00,1.3168,1.3275,1.3069,1.3113,16227842.5
2026-05-29 12:00:00,1.3114,1.3339,1.2947,1.3227,31264532.3
2026-05-29 16:00:00,1.3228,1.333,1.3109,1.321,19493318.4
2026-05-29 20:00:00,1.321,1.3312,1.3144,1.33,9683957.5
2026-05-30 00:00:00,1.33,1.3661,1.3281,1.3504,28939263.2
2026-05-30 04:00:00,1.3504,1.3529,1.337,1.3428,15603472.8
2026-05-30 08:00:00,1.3429,1.3463,1.3371,1.3404,8903183.5
2026-05-30 12:00:00,1.3405,1.347,1.3374,1.3424,10285400.9
2026-05-30 16:00:00,1.3425,1.354,1.3413,1.3478,10611333.3
2026-05-30 20:00:00,1.3478,1.3519,1.3377,1.3408,6555259.4
2026-05-31 00:00:00,1.3409,1.3462,1.3363,1.3448,6200846.9
2026-05-31 04:00:00,1.3449,1.3468,1.333,1.3356,5050477.3
2026-05-31 08:00:00,1.3356,1.3432,1.3342,1.3419,6593057.1
2026-05-31 12:00:00,1.3418,1.3484,1.328,1.3307,10061139.0
2026-05-31 16:00:00,1.3307,1.3326,1.321,1.3266,8954766.7
2026-05-31 20:00:00,1.3266,1.3425,1.3266,1.333,7216213.3
2026-06-01 00:00:00,1.333,1.3412,1.3193,1.3308,12774170.5
2026-06-01 04:00:00,1.3309,1.3333,1.3032,1.3036,14926073.0
2026-06-01 08:00:00,1.3036,1.3098,1.2987,1.3036,12461271.9
2026-06-01 12:00:00,1.3035,1.3065,1.2797,1.2822,28037952.1
2026-06-01 16:00:00,1.2822,1.3053,1.2794,1.3,12527200.4
2026-06-01 20:00:00,1.2999,1.3013,1.2868,1.2972,10171668.9
2026-06-02 00:00:00,1.2972,1.2972,1.2682,1.2881,17700854.1
2026-06-02 04:00:00,1.288,1.2898,1.2587,1.268,19535287.5
2026-06-02 08:00:00,1.2681,1.2694,1.2572,1.261,13884862.5
2026-06-02 12:00:00,1.2611,1.2686,1.2171,1.222,48182954.9
2026-06-02 16:00:00,1.222,1.2438,1.207,1.2217,27372707.5
2026-06-02 20:00:00,1.2217,1.2324,1.1948,1.2117,35657983.0
2026-06-03 00:00:00,1.2118,1.2319,1.1898,1.1979,26469587.7
2026-06-03 04:00:00,1.198,1.2491,1.1977,1.2433,26032254.5
2026-06-03 08:00:00,1.2432,1.2457,1.2337,1.2369,15016316.1
2026-06-03 12:00:00,1.2369,1.2378,1.2207,1.2251,16977446.8
2026-06-03 16:00:00,1.2252,1.2287,1.202,1.2043,19216754.8
2026-06-03 20:00:00,1.2042,1.2205,1.1868,1.2012,20431561.9
2026-06-04 00:00:00,1.2012,1.2112,1.1407,1.209,64093941.7
2026-06-04 04:00:00,1.2091,1.212,1.1676,1.1678,24765837.5
2026-06-04 08:00:00,1.1677,1.1722,1.1418,1.1558,36730911.1
2026-06-04 12:00:00,1.1559,1.1836,1.1504,1.1689,29989546.3
2026-06-04 16:00:00,1.1689,1.185,1.1592,1.1752,15146018.7
2026-06-04 20:00:00,1.1751,1.1789,1.1548,1.1688,15365125.0
2026-06-05 00:00:00,1.1687,1.1751,1.133,1.1347,24993111.8
2026-06-05 04:00:00,1.1348,1.1492,1.09,1.1364,62582817.6
2026-06-05 08:00:00,1.1363,1.1461,1.1168,1.1189,30343206.1
2026-06-05 12:00:00,1.1189,1.1379,1.0917,1.0998,65245953.9
2026-06-05 16:00:00,1.0998,1.1234,1.0692,1.0988,62876871.1
2026-06-05 20:00:00,1.0987,1.1204,1.0856,1.0978,35727619.2
2026-06-06 00:00:00,1.0978,1.1144,1.0835,1.086,18155581.3
2026-06-06 04:00:00,1.0859,1.1009,1.0501,1.0921,49248023.5
2026-06-06 08:00:00,1.0922,1.1044,1.0727,1.0876,22937549.9
2026-06-06 12:00:00,1.0877,1.1099,1.0807,1.0962,26492196.2
2026-06-06 16:00:00,1.0963,1.1019,1.0791,1.0808,15795599.3
2026-06-06 20:00:00,1.0807,1.095,1.0776,1.0934,8730768.9
2026-06-07 00:00:00,1.0935,1.1246,1.0886,1.1185,17659120.9
2026-06-07 04:00:00,1.1184,1.1373,1.1104,1.1371,17320552.9
2026-06-07 08:00:00,1.1371,1.1702,1.1304,1.1403,27901945.9
2026-06-07 12:00:00,1.1403,1.1406,1.1185,1.1339,16269640.0
2026-06-07 16:00:00,1.1339,1.1512,1.1197,1.1247,14210801.8
2026-06-07 20:00:00,1.1246,1.1719,1.1217,1.1556,19025555.6
2026-06-08 00:00:00,1.1556,1.1677,1.1425,1.1517,18492397.8
2026-06-08 04:00:00,1.1518,1.1528,1.1319,1.1479,15424865.5
2026-06-08 08:00:00,1.1478,1.1653,1.1362,1.1578,18560331.6
2026-06-08 12:00:00,1.1578,1.1851,1.1465,1.1711,29963949.1
2026-06-08 16:00:00,1.171,1.1866,1.1581,1.1798,17767731.8
2026-06-08 20:00:00,1.1799,1.1865,1.1664,1.1683,14435516.4
2026-06-09 00:00:00,1.1683,1.1714,1.1433,1.1548,18808634.8
2026-06-09 04:00:00,1.1548,1.1769,1.1509,1.1714,17662850.4
2026-06-09 08:00:00,1.1714,1.1724,1.1528,1.1554,12080620.6
2026-06-09 12:00:00,1.1554,1.1666,1.127,1.1277,27990324.7
2026-06-09 16:00:00,1.1276,1.1474,1.1187,1.1402,20786489.4
2026-06-09 20:00:00,1.1403,1.1457,1.1338,1.1375,9617813.4
2026-06-10 00:00:00,1.1376,1.1412,1.1155,1.1191,17875493.3
2026-06-10 04:00:00,1.1192,1.1225,1.1066,1.1166,15941437.4
2026-06-10 08:00:00,1.1167,1.1169,1.0994,1.1043,16259044.9
2026-06-10 12:00:00,1.1043,1.1376,1.1022,1.1287,29934017.0
2026-06-10 16:00:00,1.1287,1.13,1.0958,1.0981,21238465.7
2026-06-10 20:00:00,1.0981,1.1038,1.0884,1.097,15431186.3
2026-06-11 00:00:00,1.0971,1.1236,1.0965,1.12,17074955.1
2026-06-11 04:00:00,1.1201,1.1217,1.1118,1.1151,12227202.0
2026-06-11 08:00:00,1.1151,1.1257,1.1148,1.1223,11948061.1
2026-06-11 12:00:00,1.1224,1.1224,1.1073,1.1128,16391989.1
2026-06-11 16:00:00,1.1129,1.15,1.1042,1.1434,25869377.8
2026-06-11 20:00:00,1.1435,1.1467,1.1321,1.1428,10712697.1
2026-06-12 00:00:00,1.1427,1.15,1.1359,1.1442,8691239.5
2026-06-12 04:00:00,1.1442,1.1509,1.1275,1.1336,9176575.0
2026-06-12 08:00:00,1.1337,1.1519,1.1337,1.1413,11526886.9
2026-06-12 12:00:00,1.1414,1.1577,1.1261,1.1288,24186450.7
2026-06-12 16:00:00,1.1287,1.139,1.1261,1.1314,13097814.1
2026-06-12 20:00:00,1.1314,1.1351,1.1283,1.1325,5903947.7
2026-06-13 00:00:00,1.1325,1.1409,1.1308,1.1337,5368100.8
2026-06-13 04:00:00,1.1337,1.1448,1.1299,1.1415,7292070.5
2026-06-13 08:00:00,1.1415,1.1496,1.1405,1.1485,7254041.8
2026-06-13 12:00:00,1.1486,1.161,1.147,1.1567,10163791.0
2026-06-13 16:00:00,1.1567,1.157,1.1428,1.1476,9412950.2
2026-06-13 20:00:00,1.1476,1.1568,1.1451,1.1507,5519052.9
2026-06-14 00:00:00,1.1507,1.1565,1.1483,1.1536,4125879.1
2026-06-14 04:00:00,1.1537,1.1544,1.1427,1.1463,6558579.7
2026-06-14 08:00:00,1.1464,1.1491,1.1412,1.1439,4932771.8
2026-06-14 12:00:00,1.144,1.1445,1.1268,1.135,9455532.1
2026-06-14 16:00:00,1.135,1.1393,1.1307,1.1331,3962243.5
2026-06-14 20:00:00,1.1332,1.1878,1.1317,1.1861,27383981.4
2026-06-15 00:00:00,1.186,1.1936,1.1778,1.187,19052530.6
2026-06-15 04:00:00,1.1869,1.1887,1.1801,1.1815,11216557.7
2026-06-15 08:00:00,1.1814,1.2333,1.1791,1.2324,33350227.0
2026-06-15 12:00:00,1.2325,1.2706,1.2263,1.2688,52168951.8
2026-06-15 16:00:00,1.2687,1.2935,1.19,1.2757,52750697.8
2026-06-15 20:00:00,1.2757,1.2785,1.2333,1.2382,27307051.3
2026-06-16 00:00:00,1.2382,1.243,1.2141,1.2273,17085718.3
2026-06-16 04:00:00,1.2273,1.239,1.2205,1.2353,14418789.4
2026-06-16 08:00:00,1.2353,1.2522,1.2331,1.238,17624733.4
2026-06-16 12:00:00,1.2381,1.256,1.2053,1.2098,24989212.0
2026-06-16 16:00:00,1.2098,1.2311,1.2086,1.2205,12192141.1
2026-06-16 20:00:00,1.2205,1.2259,1.2156,1.2173,8018615.5
2026-06-17 00:00:00,1.2174,1.2283,1.2083,1.2161,13506525.4
2026-06-17 04:00:00,1.2162,1.2227,1.2054,1.2095,16118808.6
2026-06-17 08:00:00,1.2095,1.2107,1.1883,1.1928,15485972.3
2026-06-17 12:00:00,1.1929,1.2137,1.1889,1.2136,17660310.1
2026-06-17 16:00:00,1.2136,1.2251,1.1774,1.1808,30451982.4
2026-06-17 20:00:00,1.1807,1.1911,1.1715,1.1868,14298516.5
2026-06-18 00:00:00,1.1868,1.1923,1.1782,1.1788,10061318.7
2026-06-18 04:00:00,1.1788,1.1815,1.1628,1.1787,16779766.7
2026-06-18 08:00:00,1.1788,1.1825,1.1615,1.1645,16585793.7
2026-06-18 12:00:00,1.1645,1.1726,1.1329,1.1379,32656335.3
2026-06-18 16:00:00,1.1379,1.149,1.1352,1.1436,19999072.6
2026-06-18 20:00:00,1.1437,1.1548,1.1419,1.1465,18096028.8
2026-06-19 00:00:00,1.1466,1.153,1.1366,1.1391,15187354.3
2026-06-19 04:00:00,1.139,1.1404,1.1214,1.1254,17839058.1
2026-06-19 08:00:00,1.1255,1.1311,1.1211,1.1274,10722769.2
2026-06-19 12:00:00,1.1274,1.144,1.1187,1.137,15082966.4
2026-06-19 16:00:00,1.1371,1.1391,1.1284,1.1315,8148825.3
2026-06-19 20:00:00,1.1316,1.1387,1.1275,1.1359,5683442.6
2026-06-20 00:00:00,1.1358,1.1428,1.1354,1.14,6905415.9
2026-06-20 04:00:00,1.1399,1.1551,1.1389,1.1473,9609253.2
2026-06-20 08:00:00,1.1474,1.153,1.1446,1.1472,5387461.8
2026-06-20 12:00:00,1.1473,1.156,1.1342,1.1508,11634127.7
2026-06-20 16:00:00,1.1509,1.151,1.139,1.1441,5607235.7
2026-06-20 20:00:00,1.1441,1.1555,1.1436,1.1499,6142173.7
2026-06-21 00:00:00,1.15,1.1516,1.1463,1.1495,3356043.4
2026-06-21 04:00:00,1.1495,1.1524,1.1431,1.1474,4014984.2
2026-06-21 08:00:00,1.1473,1.1535,1.1413,1.1427,7039721.4
2026-06-21 12:00:00,1.1428,1.1516,1.14,1.1497,6278054.2
2026-06-21 16:00:00,1.1497,1.1497,1.1389,1.1456,7165393.1
2026-06-21 20:00:00,1.1455,1.1473,1.1225,1.1248,19739858.0
2026-06-22 00:00:00,1.1249,1.1522,1.1249,1.1301,16093649.7
2026-06-22 04:00:00,1.1301,1.14,1.1292,1.1374,13457850.2
2026-06-22 08:00:00,1.1374,1.1502,1.1322,1.1479,11289051.2
2026-06-22 12:00:00,1.148,1.1639,1.1379,1.1401,19623287.0
2026-06-22 16:00:00,1.1401,1.1438,1.13,1.1344,11665210.3
2026-06-22 20:00:00,1.1344,1.1375,1.1216,1.1295,11192443.9
2026-06-23 00:00:00,1.1296,1.1339,1.1224,1.1274,9696845.2
2026-06-23 04:00:00,1.1274,1.1281,1.1076,1.1129,17246009.4
2026-06-23 08:00:00,1.1129,1.1155,1.0946,1.1093,17800010.4
2026-06-23 12:00:00,1.1094,1.1098,1.092,1.0993,16141820.3
2026-06-23 16:00:00,1.0993,1.1051,1.0959,1.102,8252195.8
2026-06-23 20:00:00,1.102,1.1127,1.1019,1.1103,6455145.7
2026-06-24 00:00:00,1.1102,1.1139,1.0991,1.104,11850769.8
2026-06-24 04:00:00,1.104,1.107,1.0945,1.0987,8213727.5
2026-06-24 08:00:00,1.0987,1.1036,1.0823,1.0958,18748462.5
2026-06-24 12:00:00,1.0958,1.0959,1.0566,1.0585,31239729.7
2026-06-24 16:00:00,1.0584,1.0708,1.0462,1.0575,34071153.9
2026-06-24 20:00:00,1.0575,1.081,1.0545,1.0736,14245528.7
2026-06-25 00:00:00,1.0736,1.0781,1.0689,1.0719,14620248.9
2026-06-25 04:00:00,1.072,1.0899,1.07,1.087,13142849.3
2026-06-25 08:00:00,1.0869,1.087,1.068,1.0721,9495270.0
2026-06-25 12:00:00,1.0721,1.0799,1.0122,1.0351,64752203.4
2026-06-25 16:00:00,1.0352,1.048,1.0266,1.0344,22250333.8
2026-06-25 20:00:00,1.0344,1.0486,1.0315,1.0435,11936794.5
2026-06-26 00:00:00,1.0436,1.0463,1.0092,1.0345,32153634.7
2026-06-26 04:00:00,1.0345,1.0529,1.0269,1.0499,19201237.8
2026-06-26 08:00:00,1.0498,1.0508,1.0199,1.0227,15103242.1
2026-06-26 12:00:00,1.0227,1.0496,1.0113,1.0451,48378987.7
2026-06-26 16:00:00,1.0452,1.0537,1.0393,1.0478,19233137.6
2026-06-26 20:00:00,1.0479,1.0558,1.0382,1.049,11086340.5
2026-06-27 00:00:00,1.049,1.0671,1.0441,1.0591,12918591.2
2026-06-27 04:00:00,1.0591,1.0641,1.053,1.0602,9582480.7
2026-06-27 08:00:00,1.0603,1.0605,1.0543,1.0594,5550630.3
2026-06-27 12:00:00,1.0593,1.0763,1.0576,1.0752,12269783.9
2026-06-27 16:00:00,1.0753,1.0777,1.0525,1.0544,12420783.8
2026-06-27 20:00:00,1.0545,1.0579,1.0455,1.0475,8360446.5
2026-06-28 00:00:00,1.0474,1.0535,1.0455,1.0499,5665865.4
2026-06-28 04:00:00,1.05,1.0515,1.0419,1.0512,5139545.2
2026-06-28 08:00:00,1.0512,1.0591,1.046,1.0527,7063463.4
2026-06-28 12:00:00,1.0528,1.0576,1.0462,1.0526,7265414.8
2026-06-28 16:00:00,1.0526,1.0535,1.0391,1.0446,7093936.9
2026-06-28 20:00:00,1.0445,1.0524,1.0333,1.0485,13315610.0
2026-06-29 00:00:00,1.0485,1.056,1.0322,1.0508,18851830.3
2026-06-29 04:00:00,1.0509,1.0549,1.0361,1.0493,11956290.1
2026-06-29 08:00:00,1.0492,1.0612,1.0421,1.0536,12634002.2
2026-06-29 12:00:00,1.0535,1.0663,1.0402,1.0494,24900019.0
2026-06-29 16:00:00,1.0495,1.0768,1.0431,1.0753,17709687.8
2026-06-29 20:00:00,1.0753,1.0755,1.0556,1.059,8707586.2
2026-06-30 00:00:00,1.0589,1.0595,1.0441,1.0455,11340586.5
2026-06-30 04:00:00,1.0455,1.0514,1.0428,1.0474,6408160.7
2026-06-30 08:00:00,1.0474,1.0483,1.0371,1.0389,10393871.2
2026-06-30 12:00:00,1.0389,1.0453,1.0274,1.034,20808461.0
2026-06-30 16:00:00,1.034,1.05,1.0318,1.0449,10554038.6
2026-06-30 20:00:00,1.0448,1.0468,1.0382,1.0401,6847667.9
2026-07-01 00:00:00,1.0401,1.0531,1.022,1.0509,21007761.6
2026-07-01 04:00:00,1.051,1.0544,1.0392,1.0441,11256072.5
2026-07-01 08:00:00,1.044,1.0492,1.0367,1.0386,10652125.9
2026-07-01 12:00:00,1.0386,1.0654,1.0345,1.0606,21223760.2
2026-07-01 16:00:00,1.0606,1.0656,1.0547,1.0614,9737950.8
2026-07-01 20:00:00,1.0614,1.0738,1.0521,1.053,14091004.1
2026-07-02 00:00:00,1.0531,1.0703,1.0451,1.0678,10786242.0
2026-07-02 04:00:00,1.0679,1.0682,1.0557,1.0587,7363879.6
2026-07-02 08:00:00,1.0587,1.0862,1.0585,1.0841,24020073.7
2026-07-02 12:00:00,1.084,1.1125,1.0834,1.0938,30781001.0
2026-07-02 16:00:00,1.0939,1.0965,1.0837,1.0854,9375593.1
2026-07-02 20:00:00,1.0854,1.0883,1.0789,1.0881,7569520.3
2026-07-03 00:00:00,1.0882,1.0959,1.0828,1.0907,6920487.7
2026-07-03 04:00:00,1.0907,1.1068,1.0887,1.1025,9874902.8
2026-07-03 08:00:00,1.1026,1.1129,1.0981,1.11,12557106.7
2026-07-03 12:00:00,1.1101,1.1238,1.1037,1.1201,18516477.1
2026-07-03 16:00:00,1.1201,1.1453,1.114,1.1319,22005026.4
2026-07-03 20:00:00,1.1319,1.1441,1.1274,1.1348,14233374.5
2026-07-04 00:00:00,1.1348,1.1434,1.1315,1.138,9988188.7
2026-07-04 04:00:00,1.138,1.1496,1.1332,1.1396,13428380.2
2026-07-04 08:00:00,1.1395,1.149,1.135,1.1401,11733377.3
2026-07-04 12:00:00,1.1401,1.1804,1.1401,1.1724,28462128.0
2026-07-04 16:00:00,1.1724,1.1843,1.1637,1.1684,16667524.3
2026-07-04 20:00:00,1.1684,1.1698,1.1541,1.1574,10442490.1
2026-07-05 00:00:00,1.1573,1.1574,1.1335,1.1384,13564113.7
2026-07-05 04:00:00,1.1385,1.1424,1.1329,1.1404,6248532.5
2026-07-05 08:00:00,1.1403,1.1417,1.1248,1.132,9117879.5
2026-07-05 12:00:00,1.132,1.1414,1.1288,1.137,6051069.6
2026-07-05 16:00:00,1.1371,1.1403,1.1319,1.1352,5428261.7
2026-07-05 20:00:00,1.1352,1.1696,1.1346,1.1572,15646246.3
2026-07-06 00:00:00,1.1572,1.1614,1.1416,1.1475,8540127.1
2026-07-06 04:00:00,1.1474,1.149,1.1366,1.146,6141053.1
2026-07-06 08:00:00,1.1461,1.1514,1.1342,1.1352,6810623.5
2026-07-06 12:00:00,1.1352,1.1454,1.1095,1.1446,26750971.1
2026-07-06 16:00:00,1.1447,1.1593,1.1397,1.149,21205712.5
2026-07-06 20:00:00,1.1489,1.165,1.1422,1.145,14281947.2
2026-07-07 00:00:00,1.145,1.1514,1.1274,1.1294,12097952.0
2026-07-07 04:00:00,1.1293,1.1353,1.1212,1.1267,9930898.8
2026-07-07 08:00:00,1.1268,1.1303,1.12,1.1251,7567931.9
2026-07-07 12:00:00,1.1252,1.133,1.1084,1.1305,16361899.1
2026-07-07 16:00:00,1.1304,1.1354,1.1134,1.1228,12561603.0
2026-07-07 20:00:00,1.1229,1.1232,1.1065,1.112,10695086.0
2026-07-08 00:00:00,1.112,1.1165,1.0887,1.0955,19600790.6
2026-07-08 04:00:00,1.0955,1.0975,1.0866,1.094,10226953.9
2026-07-08 08:00:00,1.094,1.0953,1.0751,1.0867,18452190.2
2026-07-08 12:00:00,1.0867,1.0887,1.0694,1.0736,19445892.7
2026-07-08 16:00:00,1.0736,1.096,1.0732,1.0912,15040274.7
2026-07-08 20:00:00,1.0913,1.0931,1.0842,1.0908,5775648.3
2026-07-09 00:00:00,1.0907,1.0988,1.0826,1.0876,7494262.9
2026-07-09 04:00:00,1.0877,1.1029,1.0848,1.0982,9047727.0
2026-07-09 08:00:00,1.0981,1.0993,1.0902,1.0936,6633649.5
2026-07-09 12:00:00,1.0935,1.1018,1.0893,1.0899,12913593.4
2026-07-09 16:00:00,1.09,1.1005,1.0864,1.0976,6643518.6
2026-07-09 20:00:00,1.0976,1.0998,1.0924,1.0932,2669814.1
2026-07-10 00:00:00,1.0933,1.1097,1.0891,1.107,8156459.3
2026-07-10 04:00:00,1.107,1.1123,1.1035,1.1055,6033619.0
2026-07-10 08:00:00,1.1056,1.1183,1.1046,1.1125,11399063.5
2026-07-10 12:00:00,1.1125,1.1146,1.0964,1.1037,18407507.1
2026-07-10 16:00:00,1.1037,1.1067,1.0972,1.1051,10327166.6
2026-07-10 20:00:00,1.1052,1.1067,1.1026,1.1046,3702237.1
2026-07-11 00:00:00,1.1047,1.1097,1.1016,1.1077,3435810.5
2026-07-11 04:00:00,1.1076,1.1093,1.1037,1.1077,3355998.8
2026-07-11 08:00:00,1.1076,1.111,1.1058,1.1086,3903614.5
2026-07-11 12:00:00,1.1085,1.1184,1.1077,1.1133,8601752.3
2026-07-11 16:00:00,1.1133,1.1193,1.111,1.1155,4802247.0
2026-07-11 20:00:00,1.1155,1.1168,1.0961,1.0967,8607900.3
2026-07-12 00:00:00,1.0967,1.0998,1.0894,1.0998,10348943.8
2026-07-12 04:00:00,1.0998,1.1001,1.0868,1.0913,6521868.3
2026-07-12 08:00:00,1.0914,1.0985,1.0906,1.0964,3959385.7
2026-07-12 12:00:00,1.0963,1.1043,1.0958,1.102,4731131.3
2026-07-12 16:00:00,1.1021,1.104,1.0973,1.1004,3300576.5
2026-07-12 20:00:00,1.1004,1.1012,1.0811,1.0858,9516586.4
2026-07-13 00:00:00,1.0859,1.103,1.0674,1.0723,20465124.5
2026-07-13 04:00:00,1.0724,1.0817,1.0702,1.0796,7893685.4
2026-07-13 08:00:00,1.0797,1.0832,1.076,1.0774,6096758.1
2026-07-13 12:00:00,1.0774,1.0803,1.0656,1.0725,14752629.2
2026-07-13 16:00:00,1.0725,1.0745,1.0567,1.0674,13598833.7
2026-07-13 20:00:00,1.0674,1.0683,1.0535,1.0675,8434814.3
2026-07-14 00:00:00,1.0675,1.071,1.061,1.0662,6573253.1
2026-07-14 04:00:00,1.0661,1.0732,1.0643,1.0689,7273870.6
2026-07-14 08:00:00,1.0689,1.073,1.0674,1.0725,6393488.7
2026-07-14 12:00:00,1.0726,1.1108,1.0705,1.1047,32458162.6
2026-07-14 16:00:00,1.1047,1.121,1.0981,1.1153,16748407.6
2026-07-14 20:00:00,1.1152,1.1158,1.105,1.1117,8877729.0
2026-07-15 00:00:00,1.1118,1.1123,1.099,1.1042,8528747.6
2026-07-15 04:00:00,1.1042,1.1139,1.0997,1.1038,7758523.1
2026-07-15 08:00:00,1.1039,1.1125,1.1032,1.1083,6195878.5
2026-07-15 12:00:00,1.1084,1.1302,1.1055,1.1263,24002098.8
2026-07-15 16:00:00,1.1263,1.1272,1.1079,1.1099,12440285.7
2026-07-15 20:00:00,1.1099,1.1192,1.1082,1.1133,6553550.9
2026-07-16 00:00:00,1.1132,1.1178,1.1058,1.1129,7284036.4
2026-07-16 04:00:00,1.1129,1.1182,1.1036,1.1062,9188496.6
2026-07-16 08:00:00,1.1063,1.1101,1.0996,1.1085,10466662.7
2026-07-16 12:00:00,1.1085,1.1182,1.1,1.1148,14527072.2
2026-07-16 16:00:00,1.1148,1.1151,1.0882,1.0973,14052419.7
2026-07-16 20:00:00,1.0972,1.0991,1.0853,1.0871,7429100.7
2026-07-17 00:00:00,1.087,1.0956,1.0829,1.0925,9602926.1
2026-07-17 04:00:00,1.0924,1.0927,1.0793,1.0837,7181540.7
2026-07-17 08:00:00,1.0838,1.0885,1.0793,1.0847,8620866.5
2026-07-17 12:00:00,1.0846,1.0867,1.0698,1.0831,17561750.7
2026-07-17 16:00:00,1.0832,1.0958,1.0811,1.0913,8865644.1
2026-07-17 20:00:00,1.0913,1.0914,1.0867,1.089,3518415.1
2026-07-18 00:00:00,1.0891,1.0915,1.0872,1.0901,2369569.2
2026-07-18 04:00:00,1.0902,1.0907,1.0869,1.0889,2372352.0
2026-07-18 08:00:00,1.0889,1.0918,1.0838,1.0888,3689913.5
2026-07-18 12:00:00,1.0888,1.0911,1.0836,1.0864,3859745.5
2026-07-18 16:00:00,1.0865,1.0961,1.0865,1.0935,5526258.5
2026-07-18 20:00:00,1.0936,1.0984,1.0914,1.0929,4116077.1
2026-07-19 00:00:00,1.0929,1.0999,1.0919,1.095,3873724.0
2026-07-19 04:00:00,1.095,1.0984,1.0933,1.0954,4701729.2
2026-07-19 08:00:00,1.0955,1.0997,1.094,1.097,3665617.5
2026-07-19 12:00:00,1.0971,1.1018,1.0909,1.0978,5017620.7
2026-07-19 16:00:00,1.0979,1.0983,1.0893,1.0949,4922863.4
2026-07-19 20:00:00,1.0949,1.1017,1.0918,1.0978,4668639.1
2026-07-20 00:00:00,1.0978,1.1083,1.0933,1.0999,9418511.5
2026-07-20 04:00:00,1.1,1.1004,1.0831,1.0902,6668061.0
2026-07-20 08:00:00,1.0903,1.107,1.0862,1.1059,8469416.0
2026-07-20 12:00:00,1.1058,1.1141,1.0864,1.1126,15834260.6
2026-07-20 16:00:00,1.1126,1.1207,1.1101,1.1167,17005869.3
2026-07-20 20:00:00,1.1168,1.1186,1.1083,1.1124,7152700.8
2026-07-21 00:00:00,1.1124,1.1258,1.1111,1.1244,6768675.9
2026-07-21 04:00:00,1.1244,1.1385,1.1216,1.1362,16456741.1
2026-07-21 08:00:00,1.1362,1.1379,1.1296,1.1363,10474419.9
2026-07-21 12:00:00,1.1364,1.1569,1.1345,1.1548,19739643.7
2026-07-21 16:00:00,1.1548,1.1646,1.1482,1.157,20302817.9
2026-07-21 20:00:00,1.1571,1.1577,1.1383,1.1436,10689589.5
2026-07-22 00:00:00,1.1437,1.1478,1.1384,1.1391,7439059.8
2026-07-22 04:00:00,1.139,1.1423,1.1288,1.1309,6667155.5
2026-07-22 08:00:00,1.1309,1.1405,1.1308,1.1387,8293815.9
2026-07-22 12:00:00,1.1387,1.156,1.1334,1.1513,15054309.0
2026-07-22 16:00:00,1.1514,1.1574,1.1361,1.1373,8774291.2
2026-07-22 20:00:00,1.1373,1.143,1.1342,1.1421,4852769.8
2026-07-23 00:00:00,1.1422,1.1452,1.1334,1.1338,4870516.4
2026-07-23 04:00:00,1.1337,1.1379,1.1296,1.1338,4694672.5
2026-07-23 08:00:00,1.1337,1.1373,1.1315,1.1324,4319662.4
2026-07-23 12:00:00,1.1324,1.1338,1.1038,1.1128,22332037.6
2026-07-23 16:00:00,1.1128,1.1128,1.1006,1.1046,9673970.6
2026-07-23 20:00:00,1.1045,1.1145,1.1045,1.1077,6386296.5
2026-07-24 00:00:00,1.1078,1.1124,1.1038,1.1113,5075957.4
2026-07-24 04:00:00,1.1113,1.1215,1.1061,1.1139,5587534.0
2026-07-24 08:00:00,1.114,1.1148,1.1017,1.104,8905464.2
2026-07-24 12:00:00,1.1039,1.1053,1.0868,1.0911,18258091.0
2026-07-24 16:00:00,1.0912,1.0921,1.085,1.0894,9025776.9
2026-07-24 20:00:00,1.0894,1.0935,1.0885,1.0919,3696535.0
2026-07-25 00:00:00,1.0919,1.0965,1.0909,1.0916,5569881.0
2026-07-25 04:00:00,1.0915,1.0944,1.0858,1.088,4486209.4
2026-07-25 08:00:00,1.088,1.0917,1.0855,1.09,3731305.8
2026-07-25 12:00:00,1.09,1.1006,1.0892,1.0985,5656166.2
2026-07-25 16:00:00,1.0986,1.108,1.0973,1.1007,4863426.9
2026-07-25 20:00:00,1.1006,1.1012,1.0973,1.0977,3270573.4
2026-07-26 00:00:00,1.0977,1.1023,1.0971,1.1016,2634908.9
2026-07-26 04:00:00,1.1016,1.1045,1.0955,1.0989,3643019.7
2026-07-26 08:00:00,1.0988,1.1016,1.0985,1.1005,2541692.4
2026-07-26 12:00:00,1.1004,1.1053,1.0961,1.1047,5262614.8
2026-07-26 16:00:00,1.1047,1.1069,1.1008,1.1023,2942053.8
2026-07-26 20:00:00,1.1024,1.1167,1.1001,1.1131,7312959.9
2026-07-27 00:00:00,1.1131,1.1134,1.1025,1.1074,5125707.9
2026-07-27 04:00:00,1.1074,1.1153,1.1057,1.1077,5787931.2
2026-07-27 08:00:00,1.1077,1.11,1.1039,1.1053,6104214.2
2026-07-27 12:00:00,1.1052,1.1141,1.0856,1.0865,15640099.7
2026-07-27 16:00:00,1.0865,1.096,1.0858,1.0924,10800136.5
2026-07-27 20:00:00,1.0924,1.0939,1.0628,1.0661,16752293.9
2026-07-28 00:00:00,1.0661,1.0664,1.0548,1.0585,10166828.0
2026-07-28 04:00:00,1.0585,1.061,1.0545,1.0562,7277959.2
2026-07-28 08:00:00,1.0561,1.0602,1.0486,1.0494,11139384.6
2026-07-28 12:00:00,1.0493,1.0679,1.045,1.0652,15587926.7
2026-07-28 16:00:00,1.0653,1.0666,1.0554,1.0612,6204615.8
2026-07-28 20:00:00,1.0613,1.0706,1.0592,1.069,7986796.2
2026-07-29 00:00:00,1.0691,1.0825,1.0691,1.0714,19304730.3
2026-07-29 04:00:00,1.0714,1.0911,1.068,1.0903,14613504.0
2026-07-29 08:00:00,1.0903,1.0937,1.084,1.0841,10089119.4
2026-07-29 12:00:00,1.0841,1.0843,1.0669,1.0683,11767630.0
2026-07-29 16:00:00,1.0683,1.0912,1.0662,1.0696,17622311.3
2026-07-29 20:00:00,1.0696,1.0795,1.0622,1.0737,10523221.8
2026-07-30 00:00:00,1.0737,1.0811,1.0685,1.0753,9077674.3
2026-07-30 04:00:00,1.0753,1.08,1.0722,1.0769,6027904.0
2026-07-30 08:00:00,1.0769,1.085,1.0751,1.0838,6825921.2
2026-07-30 12:00:00,1.0839,1.095,1.0795,1.0922,15402916.9
2026-07-30 16:00:00,1.0923,1.094,1.0848,1.0898,8199958.7
2026-07-30 20:00:00,1.0898,1.0922,1.0824,1.0829,5631260.2
2026-07-31 00:00:00,1.083,1.09,1.0782,1.0817,7094686.4
2026-07-31 04:00:00,1.0817,1.0843,1.074,1.0797,5965386.2
2026-07-31 08:00:00,1.0796,1.0803,1.0709,1.0724,7225345.2
2026-07-31 12:00:00,1.0725,1.0742,1.0571,1.0606,19260854.2
2026-07-31 16:00:00,1.0606,1.0712,1.0601,1.0618,9625241.1
2026-07-31 20:00:00,1.0618,1.0653,1.0594,1.0619,4977173.1
2026-08-01 00:00:00,1.0619,1.0668,1.0619,1.066,2858487.2
2026-08-01 04:00:00,1.0661,1.0674,1.0615,1.062,4038551.6
2026-08-01 08:00:00,1.062,1.0639,1.06,1.0638,2843356.6
2026-08-01 12:00:00,1.0638,1.0663,1.0629,1.0629,2672756.2
2026-08-01 16:00:00,1.0628,1.0646,1.0473,1.0525,7588735.8
2026-08-01 20:00:00,1.0525,1.0622,1.0517,1.0604,4919727.8
2026-08-02 00:00:00,1.0605,1.0804,1.0605,1.0774,6350130.6
2026-08-02 04:00:00,1.0775,1.0859,1.077,1.0836,6660990.1
2026-08-02 08:00:00,1.0837,1.0846,1.0765,1.0794,7224203.9
2026-08-02 12:00:00,1.0795,1.0832,1.0773,1.0801,4336174.5
2026-08-02 16:00:00,1.0802,1.087,1.0776,1.082,3673802.4
2026-08-02 20:00:00,1.082,1.0933,1.0802,1.0869,5297854.3
2026-08-03 00:00:00,1.0869,1.0878,1.0684,1.0713,6394972.7
2026-08-03 04:00:00,1.0712,1.0736,1.0663,1.0682,6831450.8
2026-08-03 08:00:00,1.0682,1.0724,1.0628,1.0644,10384597.1
2026-08-03 12:00:00,1.0645,1.0873,1.0642,1.0839,12032644.1
2026-08-03 16:00:00,1.0839,1.0852,1.0791,1.0801,5904638.2
2026-08-03 20:00:00,1.0802,1.0842,1.0732,1.0758,5313590.9
2026-08-04 00:00:00,1.0758,1.0809,1.07,1.0774,7003431.4
2026-08-04 04:00:00,1.0774,1.082,1.0718,1.0788,5470891.5
2026-08-04 08:00:00,1.0788,1.0797,1.0703,1.0793,5890049.1
2026-08-04 12:00:00,1.0792,1.0805,1.071,1.0775,9574463.3
2026-08-04 16:00:00,1.0774,1.0828,1.0727,1.0802,6803147.2
2026-08-04 20:00:00,1.0801,1.0803,1.0735,1.0739,5000799.5
2026-08-05 00:00:00,1.0738,1.077,1.066,1.0677,9488516.1
2026-08-05 04:00:00,1.0677,1.073,1.0641,1.0673,5097159.9
2026-08-05 08:00:00,1.0673,1.068,1.0603,1.061,8189064.2
2026-08-05 12:00:00,1.061,1.0688,1.055,1.0607,15053270.5
2026-08-05 16:00:00,1.0608,1.0733,1.0607,1.07,9166010.7
2026-08-05 20:00:00,1.07,1.0727,1.0607,1.0623,6325968.3
2026-08-06 00:00:00,1.0623,1.0638,1.0415,1.0435,18240126.5
2026-08-06 04:00:00,1.0434,1.0524,1.04,1.0493,12563666.4
2026-08-06 08:00:00,1.0492,1.0584,1.0418,1.0504,12568079.3
2026-08-06 12:00:00,1.0504,1.0543,1.0425,1.0492,10998452.9
2026-08-06 16:00:00,1.0493,1.0509,1.0327,1.0352,15545089.9
2026-08-06 20:00:00,1.0352,1.0376,1.03,1.0351,8665147.1
2026-08-07 00:00:00,1.035,1.0394,1.0194,1.021,15539065.9
2026-08-07 04:00:00,1.021,1.0297,1.015,1.0287,17193439.6
2026-08-07 08:00:00,1.0286,1.0376,1.0272,1.0338,11575295.4
2026-08-07 12:00:00,1.0339,1.0432,1.0257,1.0279,16751878.9
2026-08-07 16:00:00,1.0279,1.0306,1.0128,1.0237,15730796.8
2026-08-07 20:00:00,1.0236,1.0278,1.0188,1.021,5211509.9
2026-08-08 00:00:00,1.021,1.0388,1.0202,1.0373,5705438.1
2026-08-08 04:00:00,1.0373,1.0395,1.0317,1.0347,6140941.6
2026-08-08 08:00:00,1.0347,1.0403,1.0334,1.0378,5775436.4
2026-08-08 12:00:00,1.0379,1.0468,1.0371,1.0453,7547288.3
2026-08-08 16:00:00,1.0453,1.0488,1.0402,1.0426,5901676.9
2026-08-08 20:00:00,1.0425,1.0439,1.0372,1.0397,3181932.3
2026-08-09 00:00:00,1.0396,1.0408,1.0342,1.037,3621701.3
2026-08-09 04:00:00,1.037,1.0416,1.0345,1.0372,5223724.3
2026-08-09 08:00:00,1.0371,1.0391,1.031,1.0369,4601999.5
2026-08-09 12:00:00,1.0368,1.044,1.0352,1.0432,3872135.4
2026-08-09 16:00:00,1.0432,1.0458,1.0392,1.0419,4337187.2
2026-08-09 20:00:00,1.0419,1.0478,1.0279,1.0299,8127734.8
2026-08-10 00:00:00,1.0299,1.041,1.0279,1.0314,9104236.9
2026-08-10 04:00:00,1.0314,1.0403,1.0293,1.0374,4516973.8
2026-08-10 08:00:00,1.0374,1.0387,1.03,1.0345,10144587.9
2026-08-10 12:00:00,1.0345,1.0357,1.0211,1.0232,13768412.2
2026-08-10 16:00:00,1.0232,1.0254,1.016,1.0205,11703952.0
2026-08-10 20:00:00,1.0206,1.0219,1.0051,1.0123,12798986.7
2026-08-11 00:00:00,1.0123,1.0168,1.0101,1.0147,7660793.6
2026-08-11 04:00:00,1.0147,1.0155,1.0021,1.0048,10662958.9
2026-08-11 08:00:00,1.0049,1.0101,1.0017,1.0081,8915749.0
2026-08-11 12:00:00,1.0082,1.0112,0.9915,1.0039,25607061.9
2026-08-11 16:00:00,1.0039,1.0193,1.0023,1.0154,15038492.1
2026-08-11 20:00:00,1.0154,1.0267,1.0154,1.0229,12000458.6
2026-08-12 00:00:00,1.0228,1.0253,1.0194,1.0202,8175653.0
2026-08-12 04:00:00,1.0201,1.0232,1.0178,1.0208,7914040.5
2026-08-12 08:00:00,1.0207,1.0257,1.017,1.0227,9483924.5
2026-08-12 12:00:00,1.0227,1.0262,1.0081,1.0127,15669006.6
2026-08-12 16:00:00,1.0127,1.0131,1.0066,1.0073,7850944.8
2026-08-12 20:00:00,1.0073,1.0107,1.0009,1.0055,7030149.8
2026-08-13 00:00:00,1.0055,1.0128,1.0019,1.0108,8517529.1
2026-08-13 04:00:00,1.0109,1.0154,1.0094,1.0131,5264948.0
2026-08-13 08:00:00,1.0132,1.0135,1.0031,1.0042,7536014.2
2026-08-13 12:00:00,1.0042,1.0117,1.003,1.0031,9793991.6
2026-08-13 16:00:00,1.0031,1.0106,0.9982,1.0104,9407417.5
2026-08-13 20:00:00,1.0103,1.0121,1.0077,1.0094,3421347.4
2026-08-14 00:00:00,1.0095,1.0142,1.0091,1.0098,3852225.4
2026-08-14 04:00:00,1.0098,1.0128,1.0035,1.0045,5535200.0
2026-08-14 08:00:00,1.0045,1.0071,1.0011,1.0024,10653331.2
2026-08-14 12:00:00,1.0025,1.0093,1.0,1.0066,14251093.7
2026-08-14 16:00:00,1.0066,1.0074,0.9985,0.9989,14210952.4
2026-08-14 20:00:00,0.999,1.0,0.9862,0.9996,17423952.9
2026-08-15 00:00:00,0.9996,1.0079,0.9982,1.0046,6276280.2
2026-08-15 04:00:00,1.0047,1.0067,1.0024,1.0028,3580489.6
2026-08-15 08:00:00,1.0028,1.0041,1.0008,1.0024,2851695.4
2026-08-15 12:00:00,1.0025,1.003,0.9999,1.0022,2862666.8
2026-08-15 16:00:00,1.0022,1.0041,1.0004,1.004,2288730.4
2026-08-15 20:00:00,1.004,1.0068,1.0012,1.0028,3009949.6
2026-08-16 00:00:00,1.0028,1.0035,1.0,1.0021,2019976.5
2026-08-16 04:00:00,1.0021,1.0027,0.9995,1.0024,2427439.9
2026-08-16 08:00:00,1.0024,1.0027,0.9972,0.9999,3836262.1
2026-08-16 12:00:00,0.9999,1.0025,0.9993,1.0019,2598722.9
2026-08-16 16:00:00,1.002,1.0037,0.9979,1.001,6926876.8
2026-08-16 20:00:00,1.001,1.0018,0.9902,0.9936,7442092.2
2026-08-17 00:00:00,0.9935,1.0049,0.9882,1.0026,10154910.3
2026-08-17 04:00:00,1.0026,1.0074,1.0009,1.0031,8980351.5
2026-08-17 08:00:00,1.0031,1.0034,0.9965,1.0004,6795829.9
2026-08-17 12:00:00,1.0004,1.0086,0.9969,1.0068,11551655.9
2026-08-17 16:00:00,1.0068,1.007,0.9994,1.0015,6764396.6
2026-08-17 20:00:00,1.0014,1.005,0.9997,1.003,3990324.2
2026-08-18 00:00:00,1.0031,1.0048,0.9888,0.9911,12263056.9
2026-08-18 04:00:00,0.9911,1.0006,0.99,0.9965,8218215.8
2026-08-18 08:00:00,0.9964,1.0022,0.9923,0.9987,5796820.1
2026-08-18 12:00:00,0.9987,1.0067,0.9959,1.0039,8743965.8
2026-08-18 16:00:00,1.004,1.0044,1.0003,1.0028,3773146.7
2026-08-18 20:00:00,1.0027,1.0036,0.9988,1.0019,6445780.7
2026-08-19 00:00:00,1.0019,1.0021,0.9959,1.0002,9184046.9
2026-08-19 04:00:00,1.0001,1.0063,0.9991,1.0035,7192180.1
2026-08-19 08:00:00,1.0036,1.0095,1.0032,1.0057,8046741.0
2026-08-19 12:00:00,1.0058,1.0745,1.0057,1.0678,53305963.5
2026-08-19 16:00:00,1.0678,1.071,1.052,1.0676,33089213.3
2026-08-19 20:00:00,1.0677,1.1363,1.0675,1.106,74198696.0
2026-08-20 00:00:00,1.1059,1.1158,1.0879,1.0938,20535844.5
2026-08-20 04:00:00,1.0939,1.1135,1.0932,1.1122,12704128.7
2026-08-20 08:00:00,1.1121,1.1962,1.1113,1.1907,58967775.3
2026-08-20 12:00:00,1.1908,1.2647,1.1776,1.2613,104856627.8
2026-08-20 16:00:00,1.2612,1.3441,1.2202,1.2324,135285718.6
2026-08-20 20:00:00,1.2324,1.2753,1.2303,1.2681,48201621.6
2026-08-21 00:00:00,1.2681,1.3194,1.2588,1.3088,54590168.4
2026-08-21 04:00:00,1.3088,1.3219,1.2965,1.3143,41946140.1
2026-08-21 08:00:00,1.3143,1.43,1.3128,1.3573,126110077.0
2026-08-21 12:00:00,1.3573,1.4245,1.3471,1.4036,78385952.3
2026-08-21 16:00:00,1.4037,1.4138,1.3622,1.3725,60273268.8
2026-08-21 20:00:00,1.3726,1.4756,1.3666,1.4544,80907991.6
2026-08-22 00:00:00,1.4543,1.5985,1.4229,1.5637,116147905.2
2026-08-22 04:00:00,1.5638,1.6999,1.378,1.5638,235928747.0
2026-08-22 08:00:00,1.5638,1.5675,1.4224,1.4884,93036051.0
2026-08-22 12:00:00,1.4884,1.5297,1.42,1.4391,67922958.4
2026-08-22 16:00:00,1.4392,1.5061,1.4343,1.5011,42014450.2
2026-08-22 20:00:00,1.5012,1.516,1.4463,1.4619,33253394.7
2026-08-23 00:00:00,1.4619,1.5196,1.4618,1.4749,44138785.1
2026-08-23 04:00:00,1.4749,1.4897,1.4342,1.4618,47405251.5
2026-08-23 08:00:00,1.4617,1.5035,1.4575,1.4945,36237902.9
2026-08-23 12:00:00,1.4944,1.5507,1.4573,1.4968,63031641.1
2026-08-23 16:00:00,1.4969,1.5244,1.4885,1.4979,27850806.3
2026-08-23 20:00:00,1.498,1.5466,1.4911,1.5204,35888481.0
2026-08-24 00:00:00,1.5205,1.5238,1.4624,1.4652,42194632.8
2026-08-24 04:00:00,1.4651,1.5033,1.4642,1.4758,41323817.6
2026-08-24 08:00:00,1.4759,1.509,1.4532,1.4974,45162703.4
2026-08-24 12:00:00,1.4973,1.5304,1.4781,1.5013,62104040.1
2026-08-24 16:00:00,1.5013,1.5238,1.4629,1.4831,49998621.6
2026-08-24 20:00:00,1.483,1.4892,1.4669,1.4817,23265016.3
2026-08-25 00:00:00,1.4818,1.5505,1.4749,1.5135,57747472.6
2026-08-25 04:00:00,1.5134,1.5275,1.474,1.4861,35290392.1
2026-08-25 08:00:00,1.486,1.4976,1.47,1.4808,25140365.7
2026-08-25 12:00:00,1.4808,1.4834,1.4438,1.4788,50660514.6
2026-08-25 16:00:00,1.4787,1.4836,1.4615,1.4719,15492149.3
2026-08-25 20:00:00,1.472,1.4737,1.4043,1.4343,42146898.8
2026-08-26 00:00:00,1.4344,1.4509,1.4235,1.4395,17888439.7
2026-08-26 04:00:00,1.4395,1.4513,1.425,1.4328,20925604.3
2026-08-26 08:00:00,1.4329,1.4408,1.4039,1.4119,28237454.6
2026-08-26 12:00:00,1.4119,1.4243,1.3574,1.3729,53920539.4
2026-08-26 16:00:00,1.3729,1.3967,1.3674,1.3781,23375272.4
2026-08-26 20:00:00,1.3781,1.4273,1.3645,1.4229,25448300.5
2026-08-27 00:00:00,1.4228,1.4228,1.3972,1.407,16539503.2
2026-08-27 04:00:00,1.407,1.4139,1.3926,1.412,12117890.8
2026-08-27 08:00:00,1.4121,1.4541,1.4103,1.4255,43642556.8
2026-08-27 12:00:00,1.4255,1.4707,1.4195,1.4659,38917849.1
2026-08-27 16:00:00,1.4659,1.474,1.4355,1.4571,29505804.7
2026-08-27 20:00:00,1.4571,1.4616,1.4453,1.4534,16269206.3
2026-08-28 00:00:00,1.4534,1.4726,1.4247,1.4309,27527463.6
2026-08-28 04:00:00,1.4309,1.4338,1.4169,1.4204,14151061.3
2026-08-28 08:00:00,1.4204,1.4316,1.4017,1.4195,16992441.8
2026-08-28 12:00:00,1.4196,1.442,1.3866,1.4034,51252968.6
2026-08-28 16:00:00,1.4034,1.4125,1.3633,1.3785,34075946.7
2026-08-28 20:00:00,1.3786,1.3868,1.3698,1.3838,11916773.1
2026-08-29 00:00:00,1.3838,1.3894,1.3768,1.3795,9062357.1
2026-08-29 04:00:00,1.3795,1.3928,1.377,1.3828,7843970.9
2026-08-29 08:00:00,1.3827,1.3893,1.3785,1.3833,5717755.0
2026-08-29 12:00:00,1.3833,1.4032,1.381,1.3932,8564682.7
2026-08-29 16:00:00,1.3932,1.4002,1.3853,1.3978,11890008.0
2026-08-29 20:00:00,1.3978,1.402,1.3907,1.3964,7300409.4
2026-08-30 00:00:00,1.3964,1.3994,1.3891,1.3925,8670329.7
2026-08-30 04:00:00,1.3926,1.4039,1.3873,1.3917,8127148.4
2026-08-30 08:00:00,1.3917,1.3944,1.3817,1.3924,9065568.0
2026-08-30 12:00:00,1.3923,1.4109,1.3916,1.3983,14127678.9
2026-08-30 16:00:00,1.3983,1.4335,1.3964,1.4112,20886746.1
2026-08-30 20:00:00,1.4113,1.4143,1.3352,1.3575,34120547.5
2026-08-31 00:00:00,1.3575,1.3707,1.3394,1.3546,22185390.3
2026-08-31 04:00:00,1.3546,1.3734,1.3453,1.373,17987046.8
2026-08-31 08:00:00,1.3729,1.3838,1.3655,1.3713,14486602.8
2026-08-31 12:00:00,1.3713,1.3814,1.3574,1.3727,19143421.3
2026-08-31 16:00:00,1.3728,1.3963,1.3681,1.3875,12695087.3
2026-08-31 20:00:00,1.3876,1.3949,1.3754,1.3798,9254646.3
2026-09-01 00:00:00,1.3798,1.3918,1.3694,1.3868,13409826.3
2026-09-01 04:00:00,1.3867,1.3967,1.3777,1.3799,15096285.1
2026-09-01 08:00:00,1.38,1.3875,1.3616,1.3821,19085866.8
2026-09-01 12:00:00,1.3821,1.3839,1.3571,1.3782,20905583.7
2026-09-01 16:00:00,1.3783,1.379,1.3387,1.3547,24856632.8
2026-09-01 20:00:00,1.3548,1.3568,1.3382,1.3518,16409687.4
2026-09-02 00:00:00,1.3519,1.3578,1.3272,1.3517,21333966.0
2026-09-02 04:00:00,1.3518,1.3538,1.3418,1.3452,14928499.0
2026-09-02 08:00:00,1.3452,1.3484,1.3098,1.3253,29565559.5
2026-09-02 12:00:00,1.3252,1.3465,1.3178,1.3368,21888511.4
2026-09-02 16:00:00,1.3369,1.3487,1.327,1.3441,14466182.3
2026-09-02 20:00:00,1.3442,1.3558,1.342,1.3511,14331968.0
2026-09-03 00:00:00,1.3512,1.3745,1.3401,1.3668,25804952.1
2026-09-03 04:00:00,1.3669,1.3763,1.3515,1.3658,22489776.3
2026-09-03 08:00:00,1.3659,1.3795,1.3589,1.3733,18631096.3
2026-09-03 12:00:00,1.3733,1.4678,1.3691,1.4646,72129160.2
2026-09-03 16:00:00,1.4647,1.4757,1.4419,1.4714,40131256.9
2026-09-03 20:00:00,1.4714,1.4835,1.4415,1.4512,33611104.4
2026-09-04 00:00:00,1.4512,1.459,1.4342,1.4467,19151822.0
2026-09-04 04:00:00,1.4468,1.4569,1.4391,1.4439,20421031.5
2026-09-04 08:00:00,1.4439,1.4625,1.4384,1.4507,25994035.6
2026-09-04 12:00:00,1.4508,1.4564,1.3836,1.3989,70308706.6
2026-09-04 16:00:00,1.3989,1.4086,1.3907,1.3991,15053348.0
2026-09-04 20:00:00,1.3992,1.4026,1.3932,1.3985,10044912.7
2026-09-05 00:00:00,1.3986,1.4024,1.394,1.3975,8829040.6
2026-09-05 04:00:00,1.3974,1.406,1.3954,1.4047,9239039.4
2026-09-05 08:00:00,1.4047,1.4119,1.4002,1.4042,11486137.8
2026-09-05 12:00:00,1.4042,1.4205,1.4038,1.4124,16281497.8
2026-09-05 16:00:00,1.4125,1.4279,1.4115,1.4162,15501269.0
2026-09-05 20:00:00,1.4161,1.4227,1.4012,1.4124,12783263.3
2026-09-06 00:00:00,1.4123,1.4327,1.4112,1.4243,12140341.1
2026-09-06 04:00:00,1.4243,1.4291,1.4083,1.4167,12032596.5
2026-09-06 08:00:00,1.4166,1.425,1.4138,1.4208,10314440.1
2026-09-06 12:00:00,1.4207,1.4269,1.398,1.4113,16340889.3
2026-09-06 16:00:00,1.4112,1.4156,1.4023,1.41,7011349.6
2026-09-06 20:00:00,1.41,1.4271,1.4091,1.4235,12934064.4
2026-09-07 00:00:00,1.4235,1.4316,1.4007,1.4065,26218006.9
2026-09-07 04:00:00,1.4065,1.4171,1.388,1.399,20876272.8
2026-09-07 08:00:00,1.399,1.4083,1.3948,1.3991,17239756.2
2026-09-07 12:00:00,1.399,1.4138,1.3781,1.3837,28741477.4
2026-09-07 16:00:00,1.3838,1.4032,1.3832,1.4021,9991705.6
2026-09-07 20:00:00,1.4021,1.403,1.3828,1.3967,13468156.0
2026-09-08 00:00:00,1.3967,1.4068,1.3889,1.3949,15355640.9
2026-09-08 04:00:00,1.3949,1.3971,1.3812,1.3881,16300227.7
2026-09-08 08:00:00,1.388,1.4034,1.3838,1.3946,15078768.1
2026-09-08 12:00:00,1.3946,1.4349,1.3835,1.4347,32917203.3
2026-09-08 16:00:00,1.4348,1.4507,1.4168,1.4235,35696506.2
2026-09-08 20:00:00,1.4234,1.4274,1.4136,1.4171,16842108.0
2026-09-09 00:00:00,1.4172,1.4252,1.4105,1.4168,18212198.0
2026-09-09 04:00:00,1.4169,1.4428,1.4168,1.4412,22362443.4
2026-09-09 08:00:00,1.4412,1.4458,1.4168,1.4272,22182306.3
2026-09-09 12:00:00,1.4273,1.4397,1.4056,1.4173,33182062.8
2026-09-09 16:00:00,1.4174,1.4247,1.3994,1.4019,19788040.3
2026-09-09 20:00:00,1.4019,1.4073,1.3781,1.395,25773413.5
2026-09-10 00:00:00,1.3951,1.3966,1.377,1.3907,21739483.3
2026-09-10 04:00:00,1.3907,1.3937,1.377,1.3827,16945372.5
2026-09-10 08:00:00,1.3826,1.3846,1.3709,1.3765,23976542.1
2026-09-10 12:00:00,1.3765,1.382,1.3421,1.3569,41969331.0
2026-09-10 16:00:00,1.3569,1.3649,1.3425,1.3508,25119638.5
2026-09-10 20:00:00,1.3508,1.3576,1.3294,1.3346,12724013.0
2026-09-11 00:00:00,1.3346,1.3466,1.3337,1.3429,15024842.9
2026-09-11 04:00:00,1.343,1.3599,1.3417,1.3515,15144767.6
2026-09-11 08:00:00,1.3514,1.357,1.3206,1.3289,23535934.1
2026-09-11 12:00:00,1.3289,1.4336,1.315,1.3745,82434205.8
2026-09-11 16:00:00,1.3746,1.3845,1.3467,1.3615,24682966.3
2026-09-11 20:00:00,1.3615,1.3683,1.3463,1.3564,13363988.0
2026-09-12 00:00:00,1.3563,1.3661,1.3544,1.3641,8358878.5
2026-09-12 04:00:00,1.3641,1.3701,1.3614,1.3692,9400281.4
2026-09-12 08:00:00,1.3692,1.3747,1.3649,1.3723,9676819.3
2026-09-12 12:00:00,1.3723,1.3745,1.366,1.3726,9021890.2
2026-09-12 16:00:00,1.3726,1.3731,1.3611,1.3628,7428741.8
2026-09-12 20:00:00,1.3628,1.3673,1.3616,1.3663,4659054.8
2026-09-13 00:00:00,1.3664,1.3701,1.3624,1.3635,6767364.0
2026-09-13 04:00:00,1.3635,1.3685,1.3573,1.3577,5578416.2
2026-09-13 08:00:00,1.3576,1.3595,1.3379,1.3434,13623851.4
2026-09-13 12:00:00,1.3435,1.3544,1.3325,1.3435,10648627.3
2026-09-13 16:00:00,1.3436,1.3604,1.3434,1.3549,6895926.0
2026-09-13 20:00:00,1.355,1.3654,1.334,1.3412,16064683.8
2026-09-14 00:00:00,1.3413,1.3809,1.335,1.3727,22938968.4
2026-09-14 04:00:00,1.3726,1.3909,1.3712,1.3908,25629953.5
2026-09-14 08:00:00,1.3908,1.4096,1.3808,1.3987,36418875.6
2026-09-14 12:00:00,1.3987,1.4075,1.3826,1.4033,35232520.6
2026-09-14 16:00:00,1.4033,1.4805,1.4015,1.464,66369514.9
2026-09-14 20:00:00,1.464,1.4961,1.4185,1.4231,48771201.4
2026-09-15 00:00:00,1.4231,1.4303,1.4117,1.4159,22640537.6
2026-09-15 04:00:00,1.4158,1.4184,1.3916,1.394,24550580.7
2026-09-15 08:00:00,1.3939,1.407,1.386,1.4012,21611431.1
2026-09-15 12:00:00,1.4011,1.4598,1.3722,1.3896,69176083.0
2026-09-15 16:00:00,1.3897,1.4135,1.2889,1.2961,121645942.3
2026-09-15 20:00:00,1.2962,1.3027,1.2651,1.2833,49522123.9
2026-09-16 00:00:00,1.2833,1.3003,1.2747,1.2974,30817376.1
2026-09-16 04:00:00,1.2974,1.3128,1.2844,1.2853,23021695.5
2026-09-16 08:00:00,1.2852,1.2985,1.276,1.2961,19177382.5
2026-09-16 12:00:00,1.2961,1.297,1.2601,1.2662,30689083.6
2026-09-16 16:00:00,1.2663,1.305,1.2468,1.3008,62318207.3
2026-09-16 20:00:00,1.3009,1.3184,1.2801,1.2995,28931641.0
2026-09-17 00:00:00,1.2996,1.3104,1.2911,1.303,22516067.5
2026-09-17 04:00:00,1.303,1.3069,1.2934,1.3023,20396858.5
2026-09-17 08:00:00,1.3023,1.3094,1.2919,1.2993,19876249.0
2026-09-17 12:00:00,1.2993,1.3201,1.29,1.3078,28785628.8
2026-09-17 16:00:00,1.3079,1.3094,1.2926,1.2956,15748349.8
2026-09-17 20:00:00,1.2956,1.3008,1.2877,1.2964,13695839.6
2026-09-18 00:00:00,1.2964,1.3292,1.2919,1.3266,20620242.3
2026-09-18 04:00:00,1.3266,1.331,1.3142,1.3289,29419030.8
2026-09-18 08:00:00,1.329,1.3413,1.3163,1.3238,28666570.5
2026-09-18 12:00:00,1.3238,1.4028,1.3189,1.3853,69396137.5
2026-09-18 16:00:00,1.3853,1.413,1.3742,1.4121,35331115.4
2026-09-18 20:00:00,1.412,1.4147,1.3928,1.3963,28330557.9
2026-09-19 00:00:00,1.3964,1.4273,1.3932,1.4181,33660037.5
2026-09-19 04:00:00,1.418,1.4391,1.408,1.4107,30270942.8
2026-09-19 08:00:00,1.4107,1.4384,1.4088,1.4343,24243183.7
2026-09-19 12:00:00,1.4343,1.4538,1.4263,1.4308,43424199.4
2026-09-19 16:00:00,1.4309,1.4454,1.4211,1.4278,25807466.5
2026-09-19 20:00:00,1.4278,1.4354,1.397,1.4104,25531562.9
2026-09-20 00:00:00,1.4104,1.4109,1.368,1.3823,27961621.7
2026-09-20 04:00:00,1.3823,1.3856,1.3773,1.3798,16088496.8
2026-09-20 08:00:00,1.3798,1.3902,1.3739,1.3804,17509724.6
2026-09-20 12:00:00,1.3804,1.3915,1.3735,1.391,21214613.4
2026-09-20 16:00:00,1.3911,1.4174,1.3876,1.4093,22887640.5
2026-09-20 20:00:00,1.4092,1.4161,1.392,1.4105,20276495.2
2026-09-21 00:00:00,1.4104,1.4388,1.4035,1.4229,32384905.7
2026-09-21 04:00:00,1.4229,1.4454,1.4142,1.4387,34202122.1
2026-09-21 08:00:00,1.4386,1.4982,1.438,1.4856,82464821.5
2026-09-21 12:00:00,1.4856,1.5094,1.4716,1.495,60978569.2
2026-09-21 16:00:00,1.4951,1.5148,1.4804,1.5074,46171136.1
2026-09-21 20:00:00,1.5075,1.5743,1.5032,1.5363,77743561.1
2026-09-22 00:00:00,1.5363,1.5407,1.5035,1.5156,42976958.8
2026-09-22 04:00:00,1.5157,1.5263,1.4934,1.5181,43353739.1
